"CONFIDENCE_CATEGORY","COUNT","AVG_CONFIDENCE","AVG_WIN_RATE","AVG_RETURN","AVG_RISK_ADJUSTED","STRONG_BUY_COUNT","BUY_COUNT","SELL_COUNT","STRONG_SELL_COUNT"
"Very High",19,0.868947368421053,0.895157894736842,0.183042105263158,0.81346266531611,2,17,0,0
"High",15,0.73968,0.791744,0.118106666666667,0.357940737193456,0,13,2,0
"Medium",672,0.491317857142857,0.593054285714286,-0.0736976785714286,-0.123202335900907,0,0,672,0
"Low",556,0.328184892086331,0.462547913669065,-0.0492277338129496,-0.0649805221156952,0,0,556,0
