"CONFIDENCE_CATEGORY","COUNT","AVG_CONFIDENCE","AVG_WIN_RATE","AVG_RETURN","AVG_RISK_ADJUSTED"
"High",225,0.751893333333333,0.5006481883352,-0.0085116502049379,-0.00469583988347587
"Low",954,0.384586163522013,0.350140048368918,-0.124449220536298,-0.191994787951312
"Medium",679,0.588551399116348,0.413436131446865,-0.0646072849440999,-0.102580890384619
"Very High",93,0.828077419354839,0.599115210577285,0.0571377956337966,0.215069580255687
