symbol,period_label,period_end,period_type,equity_capital,reserves,borrowings,other_liabilities,total_liabilities,fixed_assets,cwip,investments,other_assets,total_assets,net_debt,source
20MICRONS,Mar 2022,2022-03-31,annual,18.0,234.0,123.0,140.0,514.0,207.0,5.0,9.0,293.0,514.0,114.0,screener
20MICRONS,Mar 2023,2023-03-31,annual,18.0,276.0,108.0,121.0,523.0,213.0,8.0,9.0,293.0,523.0,99.0,screener
20MICRONS,Mar 2024,2024-03-31,annual,18.0,335.0,121.0,114.0,588.0,212.0,12.0,17.0,347.0,588.0,104.0,screener
20MICRONS,Mar 2025,2025-03-31,annual,18.0,412.0,165.0,120.0,715.0,284.0,9.0,25.0,396.0,715.0,140.0,screener
20MICRONS,Mar 2026,2026-03-31,annual,18.0,466.0,156.0,117.0,756.0,296.0,12.0,19.0,428.0,756.0,137.0,screener
360ONE,Mar 2022,2022-03-31,annual,18.0,3006.0,5808.0,1903.0,10734.0,816.0,0.0,4072.0,5846.0,10734.0,1736.0,screener
360ONE,Mar 2023,2023-03-31,annual,36.0,3086.0,6784.0,1285.0,11191.0,880.0,39.0,3609.0,6663.0,11191.0,3175.0,screener
360ONE,Mar 2024,2024-03-31,annual,36.0,3414.0,9472.0,2193.0,15114.0,940.0,64.0,5948.0,8163.0,15114.0,3524.0,screener
360ONE,Mar 2025,2025-03-31,annual,39.0,7026.0,11160.0,1543.0,19768.0,1281.0,88.0,7608.0,10791.0,19768.0,3552.0,screener
360ONE,Mar 2026,2026-03-31,annual,41.0,9795.0,15931.0,1434.0,27201.0,3969.0,0.0,8842.0,14389.0,27201.0,7089.0,screener
3MINDIA,Mar 2020,2020-03-31,annual,11.0,1740.0,42.0,578.0,2371.0,306.0,7.0,0.0,2058.0,2371.0,42.0,screener
3MINDIA,Mar 2021,2021-03-31,annual,11.0,1899.0,23.0,718.0,2652.0,266.0,24.0,0.0,2362.0,2652.0,23.0,screener
3MINDIA,Mar 2022,2022-03-31,annual,11.0,2172.0,25.0,798.0,3006.0,307.0,23.0,0.0,2676.0,3006.0,25.0,screener
3MINDIA,Mar 2023,2023-03-31,annual,11.0,1666.0,27.0,1010.0,2714.0,338.0,25.0,0.0,2352.0,2714.0,27.0,screener
3MINDIA,Mar 2024,2024-03-31,annual,11.0,2136.0,18.0,1083.0,3248.0,332.0,12.0,0.0,2903.0,3248.0,18.0,screener
5PAISA,Mar 2022,2022-03-31,annual,29.0,345.0,279.0,956.0,1609.0,11.0,0.0,14.0,1583.0,1609.0,265.0,screener
5PAISA,Mar 2023,2023-03-31,annual,31.0,433.0,169.0,1009.0,1642.0,16.0,0.0,8.0,1618.0,1642.0,161.0,screener
5PAISA,Mar 2024,2024-03-31,annual,31.0,509.0,336.0,1172.0,2048.0,24.0,0.0,2.0,2021.0,2048.0,334.0,screener
5PAISA,Mar 2025,2025-03-31,annual,31.0,572.0,217.0,846.0,1667.0,20.0,0.0,2.0,1645.0,1667.0,215.0,screener
5PAISA,Mar 2026,2026-03-31,annual,31.0,618.0,379.0,879.0,1907.0,18.0,0.0,2.0,1887.0,1907.0,377.0,screener
63MOONS,Mar 2022,2022-03-31,annual,9.0,3087.0,0.0,272.0,3368.0,382.0,0.0,796.0,2190.0,3368.0,-796.0,screener
63MOONS,Mar 2023,2023-03-31,annual,9.0,3106.0,4.0,347.0,3466.0,387.0,0.0,658.0,2421.0,3466.0,-654.0,screener
63MOONS,Mar 2024,2024-03-31,annual,9.0,3338.0,5.0,294.0,3647.0,369.0,1.0,642.0,2635.0,3647.0,-637.0,screener
63MOONS,Mar 2025,2025-03-31,annual,9.0,3405.0,3.0,259.0,3677.0,350.0,0.0,540.0,2787.0,3677.0,-537.0,screener
63MOONS,Mar 2026,2026-03-31,annual,9.0,3543.0,3.0,332.0,3887.0,357.0,7.0,583.0,2940.0,3887.0,-580.0,screener
AADHARHFC,Mar 2022,2022-03-31,annual,395.0,2752.0,,554.0,14376.0,55.0,0.0,338.0,13982.0,14376.0,,screener
AADHARHFC,Mar 2023,2023-03-31,annual,395.0,3303.0,,766.0,16618.0,63.0,0.0,459.0,16095.0,16618.0,,screener
AADHARHFC,Mar 2024,2024-03-31,annual,395.0,4055.0,,683.0,19093.0,80.0,0.0,462.0,18551.0,19093.0,,screener
AADHARHFC,Mar 2025,2025-03-31,annual,431.0,5941.0,,529.0,23224.0,92.0,0.0,513.0,22618.0,23224.0,,screener
AADHARHFC,Mar 2026,2026-03-31,annual,436.0,7105.0,,1114.0,27399.0,138.0,0.0,637.0,26624.0,27399.0,,screener
AARTIDRUGS,Mar 2022,2022-03-31,annual,93.0,944.0,543.0,629.0,2208.0,690.0,77.0,19.0,1422.0,2208.0,524.0,screener
AARTIDRUGS,Mar 2023,2023-03-31,annual,93.0,1100.0,609.0,620.0,2421.0,676.0,210.0,19.0,1516.0,2421.0,590.0,screener
AARTIDRUGS,Mar 2024,2024-03-31,annual,92.0,1190.0,564.0,587.0,2432.0,811.0,261.0,20.0,1340.0,2432.0,544.0,screener
AARTIDRUGS,Mar 2025,2025-03-31,annual,91.0,1278.0,615.0,591.0,2575.0,866.0,330.0,22.0,1356.0,2575.0,593.0,screener
AARTIDRUGS,Mar 2026,2026-03-31,annual,91.0,1458.0,577.0,690.0,2815.0,1086.0,214.0,27.0,1488.0,2815.0,550.0,screener
AARTIIND,Mar 2022,2022-03-31,annual,181.0,4335.0,2587.0,748.0,7851.0,3595.0,1346.0,28.0,2882.0,7851.0,2559.0,screener
AARTIIND,Mar 2023,2023-03-31,annual,181.0,4739.0,2907.0,754.0,8581.0,4861.0,1096.0,17.0,2607.0,8581.0,2890.0,screener
AARTIIND,Mar 2024,2024-03-31,annual,181.0,5109.0,3623.0,1203.0,10115.0,5649.0,1229.0,23.0,3214.0,10115.0,3600.0,screener
AARTIIND,Mar 2025,2025-03-31,annual,181.0,5424.0,3848.0,1661.0,11114.0,6377.0,1454.0,48.0,3235.0,11114.0,3800.0,screener
AARTIIND,Mar 2026,2026-03-31,annual,181.0,5774.0,4966.0,2378.0,13299.0,6556.0,2030.0,132.0,4581.0,13299.0,4834.0,screener
AARTIPHARM,Mar 2022,2022-03-31,annual,0.25,1386.0,338.0,315.0,2040.0,782.0,187.0,32.0,1038.0,2040.0,306.0,screener
AARTIPHARM,Mar 2023,2023-03-31,annual,45.0,1513.0,215.0,470.0,2244.0,926.0,102.0,87.0,1130.0,2244.0,128.0,screener
AARTIPHARM,Mar 2024,2024-03-31,annual,45.0,1712.0,285.0,540.0,2582.0,1033.0,137.0,107.0,1305.0,2582.0,178.0,screener
AARTIPHARM,Mar 2025,2025-03-31,annual,45.0,1945.0,413.0,503.0,2906.0,1137.0,374.0,77.0,1319.0,2906.0,336.0,screener
AARTIPHARM,Mar 2026,2026-03-31,annual,45.0,2079.0,754.0,603.0,3482.0,1525.0,305.0,194.0,1457.0,3482.0,560.0,screener
AARTISURF,Mar 2022,2022-03-31,annual,8.0,128.0,162.0,105.0,402.0,173.0,52.0,0.0,178.0,402.0,162.0,screener
AARTISURF,Mar 2023,2023-03-31,annual,8.0,160.0,149.0,86.0,404.0,207.0,8.0,0.0,188.0,404.0,149.0,screener
AARTISURF,Mar 2024,2024-03-31,annual,8.0,210.0,99.0,105.0,422.0,208.0,8.0,0.0,206.0,422.0,99.0,screener
AARTISURF,Mar 2025,2025-03-31,annual,8.0,224.0,110.0,134.0,477.0,204.0,15.0,0.0,259.0,477.0,110.0,screener
AARTISURF,Mar 2026,2026-03-31,annual,8.0,236.0,104.0,168.0,517.0,204.0,41.0,0.0,272.0,517.0,104.0,screener
AARVI,Mar 2022,2022-03-31,annual,15.0,80.0,6.0,48.0,149.0,10.0,0.0,0.0,138.0,149.0,6.0,screener
AARVI,Mar 2023,2023-03-31,annual,15.0,93.0,3.0,47.0,158.0,10.0,0.0,0.0,148.0,158.0,3.0,screener
AARVI,Mar 2024,2024-03-31,annual,15.0,102.0,10.0,44.0,171.0,10.0,0.0,0.0,161.0,171.0,10.0,screener
AARVI,Mar 2025,2025-03-31,annual,15.0,111.0,27.0,61.0,213.0,18.0,0.0,6.0,190.0,213.0,21.0,screener
AARVI,Mar 2026,2026-03-31,annual,15.0,127.0,27.0,68.0,237.0,17.0,0.0,5.0,215.0,237.0,22.0,screener
AAVAS,Mar 2020,2020-03-31,annual,78.0,2020.0,,177.0,7657.0,60.0,1.0,0.0,7596.0,7657.0,,screener
AAVAS,Mar 2021,2021-03-31,annual,78.0,2322.0,,181.0,8959.0,58.0,0.0,0.0,8901.0,8959.0,,screener
AAVAS,Mar 2022,2022-03-31,annual,79.0,2728.0,,199.0,11017.0,66.0,2.0,53.0,10897.0,11017.0,,screener
AAVAS,Mar 2023,2023-03-31,annual,79.0,3191.0,,253.0,13410.0,78.0,20.0,111.0,13200.0,13410.0,,screener
AAVAS,Mar 2024,2024-03-31,annual,79.0,3694.0,,348.0,16519.0,116.0,11.0,182.0,16210.0,16519.0,,screener
ABB,Dec 2011,2011-12-31,annual,42.0,2492.0,0.0,3784.0,6319.0,1195.0,74.0,17.0,5033.0,6319.0,-17.0,screener
ABB,Dec 2012,2012-12-31,annual,42.0,2559.0,328.0,3575.0,6504.0,1234.0,117.0,17.0,5137.0,6504.0,311.0,screener
ABB,Dec 2024,2024-12-31,annual,42.0,7033.0,52.0,5264.0,12391.0,1062.0,95.0,2.0,11233.0,12391.0,50.0,screener
ABB,Dec 2025,2025-12-31,annual,42.0,7794.0,85.0,5718.0,13638.0,1195.0,116.0,2.0,12326.0,13638.0,83.0,screener
ABB,Jun 2026,2026-06-30,annual,42.0,9297.0,145.0,6252.0,15736.0,1249.0,180.0,2.0,14306.0,15736.0,143.0,screener
ABCAPITAL,Mar 2022,2022-03-31,annual,2416.0,13076.0,,66897.0,140815.0,1305.0,45.0,67355.0,72110.0,140815.0,,screener
ABCAPITAL,Mar 2023,2023-03-31,annual,2418.0,17893.0,,75304.0,180353.0,1279.0,44.0,80383.0,98647.0,180353.0,,screener
ABCAPITAL,Mar 2024,2024-03-31,annual,2600.0,24217.0,,94667.0,231623.0,1652.0,94.0,99539.0,130338.0,231623.0,,screener
ABCAPITAL,Mar 2025,2025-03-31,annual,2607.0,27782.0,,108245.0,278643.0,1929.0,122.0,112953.0,163639.0,278643.0,,screener
ABCAPITAL,Mar 2026,2026-03-31,annual,2620.0,31804.0,,121005.0,334966.0,1998.0,114.0,125116.0,207738.0,334966.0,,screener
ABDL,Mar 2022,2022-03-31,annual,47.0,357.0,863.0,988.0,2255.0,692.0,15.0,0.0,1548.0,2255.0,863.0,screener
ABDL,Mar 2023,2023-03-31,annual,49.0,357.0,793.0,1301.0,2500.0,575.0,14.0,0.0,1910.0,2500.0,793.0,screener
ABDL,Mar 2024,2024-03-31,annual,49.0,358.0,835.0,1403.0,2645.0,635.0,16.0,0.0,1995.0,2645.0,835.0,screener
ABDL,Mar 2025,2025-03-31,annual,56.0,1487.0,905.0,1086.0,3534.0,749.0,19.0,0.0,2765.0,3534.0,905.0,screener
ABDL,Mar 2026,2026-03-31,annual,56.0,1607.0,1151.0,1350.0,4163.0,889.0,110.0,0.0,3164.0,4163.0,1151.0,screener
ABLBL,Mar 2025,2025-03-31,annual,0.05,1276.0,2932.0,4070.0,8279.0,3280.0,13.0,117.0,4869.0,8279.0,2815.0,screener
ABLBL,Mar 2026,2026-03-31,annual,1221.0,192.0,3018.0,4290.0,8720.0,3609.0,46.0,16.0,5049.0,8720.0,3002.0,screener
ABREL,Mar 2022,2022-03-31,annual,112.0,3607.0,1336.0,2684.0,7739.0,4059.0,211.0,409.0,3060.0,7739.0,927.0,screener
ABREL,Mar 2023,2023-03-31,annual,112.0,3775.0,1059.0,3465.0,8411.0,3952.0,190.0,228.0,4041.0,8411.0,831.0,screener
ABREL,Mar 2024,2024-03-31,annual,112.0,3867.0,2502.0,4018.0,10499.0,3734.0,58.0,692.0,6015.0,10499.0,1810.0,screener
ABREL,Mar 2025,2025-03-31,annual,112.0,3729.0,4997.0,7646.0,16483.0,1437.0,26.0,1085.0,13935.0,16483.0,3912.0,screener
ABREL,Mar 2026,2026-03-31,annual,112.0,3589.0,5636.0,10895.0,20233.0,1366.0,19.0,1512.0,17336.0,20233.0,4124.0,screener
ABSLAMC,Mar 2022,2022-03-31,annual,144.0,2052.0,54.0,184.0,2435.0,72.0,3.0,2121.0,239.0,2435.0,-2067.0,screener
ABSLAMC,Mar 2023,2023-03-31,annual,144.0,2373.0,48.0,223.0,2788.0,70.0,2.0,2359.0,357.0,2788.0,-2311.0,screener
ABSLAMC,Mar 2024,2024-03-31,annual,144.0,3025.0,79.0,254.0,3502.0,111.0,2.0,3122.0,267.0,3502.0,-3043.0,screener
ABSLAMC,Mar 2025,2025-03-31,annual,144.0,3583.0,68.0,320.0,4114.0,107.0,1.0,3692.0,315.0,4114.0,-3624.0,screener
ABSLAMC,Mar 2026,2026-03-31,annual,144.0,3897.0,64.0,310.0,4415.0,119.0,2.0,3946.0,348.0,4415.0,-3882.0,screener
ACC,Dec 2021,2021-12-31,annual,188.0,14121.0,126.0,6604.0,21039.0,6750.0,1216.0,150.0,12923.0,21039.0,-24.0,screener
ACC,Mar 2023,2023-03-31,annual,188.0,13950.0,153.0,6252.0,20544.0,7512.0,1684.0,163.0,11185.0,20544.0,-10.0,screener
ACC,Mar 2024,2024-03-31,annual,188.0,16140.0,355.0,6685.0,23368.0,10007.0,986.0,811.0,11564.0,23368.0,-456.0,screener
ACC,Mar 2025,2025-03-31,annual,188.0,18367.0,430.0,6428.0,25413.0,10829.0,2061.0,1509.0,11013.0,25413.0,-1079.0,screener
ACC,Mar 2026,2026-03-31,annual,188.0,20363.0,429.0,6546.0,27525.0,11256.0,2227.0,55.0,13987.0,27525.0,374.0,screener
ACE,Mar 2022,2022-03-31,annual,24.0,730.0,31.0,497.0,1282.0,452.0,24.0,179.0,627.0,1282.0,-148.0,screener
ACE,Mar 2023,2023-03-31,annual,24.0,895.0,7.0,674.0,1600.0,487.0,24.0,349.0,739.0,1600.0,-342.0,screener
ACE,Mar 2024,2024-03-31,annual,24.0,1206.0,4.0,934.0,2169.0,580.0,44.0,594.0,951.0,2169.0,-590.0,screener
ACE,Mar 2025,2025-03-31,annual,24.0,1591.0,16.0,1079.0,2710.0,716.0,29.0,918.0,1048.0,2710.0,-902.0,screener
ACE,Mar 2026,2026-03-31,annual,24.0,1987.0,8.0,1233.0,3252.0,782.0,48.0,1283.0,1138.0,3252.0,-1275.0,screener
ACI,Mar 2022,2022-03-31,annual,19.0,243.0,897.0,372.0,1531.0,1086.0,17.0,11.0,417.0,1531.0,886.0,screener
ACI,Mar 2023,2023-03-31,annual,25.0,1406.0,69.0,255.0,1755.0,1110.0,36.0,210.0,399.0,1755.0,-141.0,screener
ACI,Mar 2024,2024-03-31,annual,25.0,1677.0,98.0,255.0,2055.0,1160.0,48.0,350.0,497.0,2055.0,-252.0,screener
ACI,Mar 2025,2025-03-31,annual,25.0,1839.0,235.0,290.0,2389.0,1378.0,69.0,339.0,603.0,2389.0,-104.0,screener
ACI,Mar 2026,2026-03-31,annual,25.0,1910.0,466.0,264.0,2665.0,1383.0,182.0,257.0,843.0,2665.0,209.0,screener
ACMESOLAR,Mar 2022,2022-03-31,annual,104.0,1804.0,7915.0,973.0,10797.0,6177.0,1273.0,25.0,3322.0,10797.0,7890.0,screener
ACMESOLAR,Mar 2023,2023-03-31,annual,104.0,1796.0,9014.0,1113.0,12027.0,6631.0,2147.0,23.0,3226.0,12027.0,8991.0,screener
ACMESOLAR,Mar 2024,2024-03-31,annual,104.0,2486.0,8536.0,2080.0,13207.0,6758.0,2828.0,150.0,3471.0,13207.0,8386.0,screener
ACMESOLAR,Mar 2025,2025-03-31,annual,121.0,4390.0,10976.0,2654.0,18140.0,12315.0,1362.0,275.0,4188.0,18140.0,10701.0,screener
ACMESOLAR,Mar 2026,2026-03-31,annual,121.0,4940.0,19896.0,3583.0,28540.0,15732.0,4358.0,275.0,8176.0,28540.0,19621.0,screener
ACUTAAS,Mar 2022,2022-03-31,annual,36.0,486.0,1.0,136.0,659.0,205.0,3.0,2.0,450.0,659.0,-1.0,screener
ACUTAAS,Mar 2023,2023-03-31,annual,36.0,558.0,4.0,169.0,767.0,259.0,30.0,2.0,477.0,767.0,2.0,screener
ACUTAAS,Mar 2024,2024-03-31,annual,37.0,637.0,217.0,205.0,1096.0,427.0,125.0,0.0,543.0,1096.0,217.0,screener
ACUTAAS,Mar 2025,2025-03-31,annual,41.0,1269.0,13.0,227.0,1549.0,570.0,130.0,0.0,848.0,1549.0,13.0,screener
ACUTAAS,Mar 2026,2026-03-31,annual,41.0,1613.0,36.0,295.0,1984.0,745.0,332.0,0.0,907.0,1984.0,36.0,screener
ADANIENSOL,Mar 2022,2022-03-31,annual,1100.0,8813.0,29902.0,7650.0,47464.0,30272.0,5060.0,561.0,11572.0,47464.0,29341.0,screener
ADANIENSOL,Mar 2023,2023-03-31,annual,1115.0,10634.0,34270.0,7913.0,53932.0,32645.0,6200.0,1370.0,13716.0,53932.0,32900.0,screener
ADANIENSOL,Mar 2024,2024-03-31,annual,1115.0,11526.0,37070.0,8827.0,58538.0,38920.0,3003.0,766.0,15849.0,58538.0,36304.0,screener
ADANIENSOL,Mar 2025,2025-03-31,annual,1201.0,20867.0,39926.0,11908.0,73902.0,39555.0,5702.0,2638.0,26007.0,73902.0,37288.0,screener
ADANIENSOL,Mar 2026,2026-03-31,annual,1201.0,24226.0,49176.0,18153.0,92757.0,46804.0,2054.0,2644.0,41256.0,92757.0,46532.0,screener
ADANIENT,Mar 2022,2022-03-31,annual,110.0,22147.0,41604.0,37726.0,101586.0,30123.0,23544.0,4292.0,43627.0,101586.0,37312.0,screener
ADANIENT,Mar 2023,2023-03-31,annual,114.0,32937.0,53200.0,55027.0,141278.0,56881.0,24025.0,6310.0,54062.0,141278.0,46890.0,screener
ADANIENT,Mar 2024,2024-03-31,annual,114.0,38962.0,65310.0,56200.0,160586.0,65978.0,35180.0,8701.0,50728.0,160586.0,56609.0,screener
ADANIENT,Mar 2025,2025-03-31,annual,115.0,50199.0,91473.0,56056.0,197843.0,77260.0,51516.0,9887.0,59180.0,197843.0,81586.0,screener
ADANIENT,Mar 2026,2026-03-31,annual,129.0,80797.0,106622.0,73321.0,260868.0,115174.0,51753.0,9428.0,84513.0,260868.0,97194.0,screener
ADANIGREEN,Mar 2022,2022-03-31,annual,1564.0,1050.0,52832.0,3508.0,58954.0,28452.0,19899.0,574.0,10029.0,58954.0,52258.0,screener
ADANIGREEN,Mar 2023,2023-03-31,annual,1584.0,5720.0,54223.0,5382.0,66909.0,48336.0,5291.0,1149.0,12133.0,66909.0,53074.0,screener
ADANIGREEN,Mar 2024,2024-03-31,annual,1584.0,9058.0,64858.0,12586.0,88086.0,62284.0,6427.0,1515.0,17860.0,88086.0,63343.0,screener
ADANIGREEN,Mar 2025,2025-03-31,annual,1584.0,10553.0,80040.0,18587.0,110764.0,79914.0,14480.0,2743.0,13627.0,110764.0,77297.0,screener
ADANIGREEN,Mar 2026,2026-03-31,annual,1647.0,18318.0,103545.0,19478.0,142988.0,102138.0,19031.0,2983.0,18836.0,142988.0,100562.0,screener
ADANIPORTS,Mar 2022,2022-03-31,annual,422.0,41399.0,47935.0,8572.0,98328.0,62553.0,4023.0,3161.0,28591.0,98328.0,44774.0,screener
ADANIPORTS,Mar 2023,2023-03-31,annual,432.0,44957.0,53434.0,13740.0,112563.0,72224.0,6637.0,7432.0,26271.0,112563.0,46002.0,screener
ADANIPORTS,Mar 2024,2024-03-31,annual,432.0,52346.0,49470.0,14751.0,116999.0,75148.0,10936.0,4289.0,26627.0,116999.0,45181.0,screener
ADANIPORTS,Mar 2025,2025-03-31,annual,432.0,61837.0,51621.0,19553.0,133443.0,89616.0,11706.0,4659.0,27461.0,133443.0,46962.0,screener
ADANIPORTS,Mar 2026,2026-03-31,annual,461.0,95498.0,63566.0,23574.0,183099.0,131652.0,12689.0,5449.0,33308.0,183099.0,58117.0,screener
ADANIPOWER,Mar 2022,2022-03-31,annual,3857.0,14600.0,49145.0,14379.0,81981.0,53274.0,10270.0,183.0,18254.0,81981.0,48962.0,screener
ADANIPOWER,Mar 2023,2023-03-31,annual,3857.0,25772.0,42596.0,13596.0,85821.0,51451.0,12880.0,654.0,20836.0,85821.0,41942.0,screener
ADANIPOWER,Mar 2024,2024-03-31,annual,3857.0,39042.0,34862.0,14248.0,92009.0,63016.0,925.0,374.0,27694.0,92009.0,34488.0,screener
ADANIPOWER,Mar 2025,2025-03-31,annual,3857.0,52490.0,39495.0,17076.0,112918.0,69297.0,12104.0,1097.0,30418.0,112918.0,38398.0,screener
ADANIPOWER,Mar 2026,2026-03-31,annual,3857.0,61080.0,54670.0,21861.0,141469.0,69401.0,35053.0,1516.0,35498.0,141469.0,53154.0,screener
ADFFOODS,Mar 2022,2022-03-31,annual,21.0,322.0,70.0,55.0,468.0,160.0,0.0,39.0,268.0,468.0,31.0,screener
ADFFOODS,Mar 2023,2023-03-31,annual,22.0,397.0,55.0,46.0,520.0,175.0,7.0,80.0,259.0,520.0,-25.0,screener
ADFFOODS,Mar 2024,2024-03-31,annual,22.0,419.0,56.0,53.0,550.0,182.0,5.0,77.0,285.0,550.0,-21.0,screener
ADFFOODS,Mar 2025,2025-03-31,annual,22.0,470.0,59.0,66.0,618.0,186.0,19.0,61.0,353.0,618.0,-2.0,screener
ADFFOODS,Mar 2026,2026-03-31,annual,22.0,550.0,12.0,170.0,755.0,258.0,27.0,15.0,455.0,755.0,-3.0,screener
ADOR,Mar 2021,2021-03-31,annual,14.0,224.0,29.0,108.0,375.0,117.0,3.0,11.0,244.0,375.0,18.0,screener
ADOR,Mar 2022,2022-03-31,annual,14.0,268.0,2.0,109.0,393.0,117.0,7.0,20.0,248.0,393.0,-18.0,screener
ADOR,Mar 2024,2024-03-31,annual,14.0,459.0,45.0,163.0,681.0,157.0,25.0,39.0,459.0,681.0,6.0,screener
ADOR,Mar 2025,2025-03-31,annual,17.0,490.0,2.0,184.0,694.0,197.0,4.0,32.0,461.0,694.0,-30.0,screener
ADOR,Mar 2026,2026-03-31,annual,17.0,537.0,3.0,274.0,832.0,204.0,3.0,47.0,577.0,832.0,-44.0,screener
ADROITINFO,Mar 2022,2022-03-31,annual,18.27,-11.34,6.6,3.98,17.51,8.93,0.0,0.0,8.58,17.51,6.6,screener
ADROITINFO,Mar 2023,2023-03-31,annual,20.27,-0.41,3.46,10.74,34.06,19.94,1.08,0.0,13.04,34.06,3.46,screener
ADROITINFO,Mar 2024,2024-03-31,annual,29.79,5.56,3.45,8.46,47.26,20.39,0.0,0.0,26.87,47.26,3.45,screener
ADROITINFO,Mar 2025,2025-03-31,annual,54.18,20.5,16.22,5.42,96.32,21.39,6.42,15.18,53.33,96.32,1.04,screener
ADROITINFO,Mar 2026,2026-03-31,annual,54.18,23.38,26.45,10.46,114.47,24.16,5.44,21.46,63.41,114.47,4.99,screener
ADSL,Mar 2022,2022-03-31,annual,27.0,504.0,43.0,119.0,693.0,250.0,0.0,9.0,434.0,693.0,34.0,screener
ADSL,Mar 2023,2023-03-31,annual,27.0,509.0,51.0,108.0,695.0,265.0,0.0,6.0,424.0,695.0,45.0,screener
ADSL,Mar 2024,2024-03-31,annual,28.0,551.0,75.0,125.0,778.0,279.0,0.0,6.0,493.0,778.0,69.0,screener
ADSL,Mar 2025,2025-03-31,annual,28.0,574.0,95.0,227.0,924.0,270.0,1.0,8.0,645.0,924.0,87.0,screener
ADSL,Mar 2026,2026-03-31,annual,28.0,585.0,136.0,309.0,1058.0,257.0,0.0,9.0,792.0,1058.0,127.0,screener
ADVAIT,Mar 2022,2022-03-31,annual,5.0,30.0,9.0,37.0,81.0,15.0,13.0,0.0,53.0,81.0,9.0,screener
ADVAIT,Mar 2023,2023-03-31,annual,10.0,36.0,15.0,55.0,116.0,35.0,1.0,0.0,80.0,116.0,15.0,screener
ADVAIT,Mar 2024,2024-03-31,annual,10.0,63.0,59.0,67.0,199.0,42.0,1.0,1.0,155.0,199.0,58.0,screener
ADVAIT,Mar 2025,2025-03-31,annual,11.0,192.0,72.0,218.0,492.0,50.0,2.0,86.0,355.0,492.0,-14.0,screener
ADVAIT,Mar 2026,2026-03-31,annual,11.0,267.0,95.0,294.0,667.0,85.0,59.0,24.0,499.0,667.0,71.0,screener
ADVANCE,Mar 2024,2024-03-31,annual,4.0,71.0,45.0,139.0,260.0,40.0,9.0,0.0,210.0,260.0,45.0,screener
ADVANCE,Mar 2025,2025-03-31,annual,45.0,56.0,80.0,170.0,351.0,66.0,11.0,0.0,275.0,351.0,80.0,screener
ADVENTHTL,Mar 2024,2024-03-31,annual,0.02,2549.0,594.0,620.0,3763.0,2337.0,160.0,608.0,658.0,3763.0,-14.0,screener
ADVENTHTL,Mar 2025,2025-03-31,annual,0.02,871.0,620.0,2499.0,3990.0,2317.0,163.0,608.0,903.0,3990.0,12.0,screener
ADVENTHTL,Mar 2026,2026-03-31,annual,54.0,850.0,799.0,2290.0,3993.0,2029.0,211.0,0.0,1752.0,3993.0,799.0,screener
ADVENZYMES,Mar 2022,2022-03-31,annual,22.0,1066.0,35.0,137.0,1260.0,619.0,15.0,102.0,524.0,1260.0,-67.0,screener
ADVENZYMES,Mar 2023,2023-03-31,annual,22.0,1213.0,34.0,142.0,1411.0,649.0,22.0,360.0,380.0,1411.0,-326.0,screener
ADVENZYMES,Mar 2024,2024-03-31,annual,22.0,1302.0,47.0,150.0,1521.0,650.0,41.0,403.0,427.0,1521.0,-356.0,screener
ADVENZYMES,Mar 2025,2025-03-31,annual,22.0,1398.0,39.0,151.0,1611.0,679.0,22.0,480.0,430.0,1611.0,-441.0,screener
ADVENZYMES,Mar 2026,2026-03-31,annual,22.0,1610.0,32.0,175.0,1839.0,692.0,51.0,584.0,511.0,1839.0,-552.0,screener
AEGISLOG,Mar 2022,2022-03-31,annual,35.0,2145.0,835.0,946.0,3961.0,2376.0,253.0,0.0,1333.0,3961.0,835.0,screener
AEGISLOG,Mar 2023,2023-03-31,annual,35.0,3497.0,1924.0,1613.0,7069.0,3661.0,412.0,204.0,2792.0,7069.0,1720.0,screener
AEGISLOG,Mar 2024,2024-03-31,annual,35.0,3859.0,2665.0,1369.0,7929.0,4139.0,697.0,194.0,2899.0,7929.0,2471.0,screener
AEGISLOG,Mar 2025,2025-03-31,annual,35.0,4596.0,4606.0,1843.0,11080.0,5086.0,1308.0,0.0,4686.0,11080.0,4606.0,screener
AEGISLOG,Mar 2026,2026-03-31,annual,35.0,6020.0,4150.0,4064.0,14269.0,6363.0,764.0,1745.0,5398.0,14269.0,2405.0,screener
AEGISVOPAK,Mar 2022,2022-03-31,annual,0.51,1.0,98.0,2.0,103.0,20.0,8.0,0.0,75.0,103.0,98.0,screener
AEGISVOPAK,Mar 2023,2023-03-31,annual,1.0,952.0,2374.0,152.0,3479.0,3030.0,152.0,0.0,297.0,3479.0,2374.0,screener
AEGISVOPAK,Mar 2024,2024-03-31,annual,1.0,996.0,3273.0,253.0,4523.0,3491.0,53.0,0.0,980.0,4523.0,3273.0,screener
AEGISVOPAK,Mar 2025,2025-03-31,annual,989.0,354.0,4018.0,1387.0,6747.0,5046.0,167.0,0.0,1534.0,6747.0,4018.0,screener
AEGISVOPAK,Mar 2026,2026-03-31,annual,1108.0,3183.0,3731.0,400.0,8421.0,6650.0,210.0,0.0,1560.0,8421.0,3731.0,screener
AEQUS,Mar 2023,2023-03-31,annual,425.0,-146.0,664.0,410.0,1352.0,686.0,0.0,58.0,609.0,1352.0,606.0,screener
AEQUS,Mar 2024,2024-03-31,annual,425.0,-15.0,1106.0,337.0,1852.0,660.0,175.0,92.0,924.0,1852.0,1014.0,screener
AEQUS,Mar 2025,2025-03-31,annual,582.0,135.0,785.0,401.0,1903.0,525.0,395.0,77.0,906.0,1903.0,708.0,screener
AEQUS,Mar 2026,2026-03-31,annual,671.0,816.0,701.0,503.0,2690.0,1070.0,79.0,106.0,1436.0,2690.0,595.0,screener
AEROENTER,Mar 2022,2022-03-31,annual,23.0,180.0,91.0,85.0,379.0,80.0,13.0,10.0,275.0,379.0,81.0,screener
AEROENTER,Mar 2023,2023-03-31,annual,23.0,239.0,105.0,124.0,490.0,112.0,2.0,13.0,363.0,490.0,92.0,screener
AEROENTER,Mar 2024,2024-03-31,annual,23.0,626.0,63.0,182.0,893.0,144.0,6.0,20.0,723.0,893.0,43.0,screener
AEROENTER,Mar 2025,2025-03-31,annual,23.0,678.0,31.0,243.0,975.0,271.0,10.0,22.0,672.0,975.0,9.0,screener
AEROENTER,Mar 2026,2026-03-31,annual,23.0,804.0,41.0,288.0,1156.0,345.0,23.0,27.0,761.0,1156.0,14.0,screener
AEROFLEX,Mar 2022,2022-03-31,annual,23.0,63.0,39.0,58.0,183.0,46.0,7.0,0.0,131.0,183.0,39.0,screener
AEROFLEX,Mar 2023,2023-03-31,annual,23.0,91.0,45.0,55.0,214.0,56.0,1.0,0.0,157.0,214.0,45.0,screener
AEROFLEX,Mar 2024,2024-03-31,annual,26.0,267.0,0.0,82.0,375.0,83.0,5.0,0.0,287.0,375.0,0.0,screener
AEROFLEX,Mar 2025,2025-03-31,annual,26.0,317.0,1.0,84.0,427.0,172.0,10.0,0.0,245.0,427.0,1.0,screener
AEROFLEX,Mar 2026,2026-03-31,annual,26.0,421.0,9.0,109.0,565.0,213.0,23.0,0.0,329.0,565.0,9.0,screener
AERONEU,Mar 2022,2022-03-31,annual,16.0,8.0,30.0,14.0,69.0,19.0,7.0,0.0,43.0,69.0,30.0,screener
AERONEU,Mar 2023,2023-03-31,annual,26.0,59.0,25.0,16.0,126.0,47.0,1.0,0.0,78.0,126.0,25.0,screener
AERONEU,Mar 2024,2024-03-31,annual,26.0,58.0,31.0,17.0,132.0,51.0,1.0,0.0,80.0,132.0,31.0,screener
AERONEU,Mar 2025,2025-03-31,annual,26.0,58.0,28.0,15.0,128.0,55.0,0.0,0.0,73.0,128.0,28.0,screener
AERONEU,Mar 2026,2026-03-31,annual,26.0,79.0,24.0,15.0,145.0,53.0,0.0,0.0,92.0,145.0,24.0,screener
AETHER,Mar 2022,2022-03-31,annual,113.0,274.0,291.0,92.0,770.0,257.0,58.0,17.0,438.0,770.0,274.0,screener
AETHER,Mar 2023,2023-03-31,annual,125.0,1120.0,16.0,120.0,1380.0,646.0,37.0,1.0,695.0,1380.0,15.0,screener
AETHER,Mar 2024,2024-03-31,annual,133.0,1931.0,183.0,154.0,2401.0,853.0,232.0,0.0,1315.0,2401.0,183.0,screener
AETHER,Mar 2025,2025-03-31,annual,133.0,2093.0,200.0,218.0,2644.0,1117.0,363.0,0.0,1163.0,2644.0,200.0,screener
AETHER,Mar 2026,2026-03-31,annual,133.0,2323.0,458.0,288.0,3201.0,1506.0,506.0,0.0,1189.0,3201.0,458.0,screener
AFCONS,Mar 2022,2022-03-31,annual,72.0,2190.0,2073.0,8638.0,12974.0,2318.0,18.0,1.0,10638.0,12974.0,2072.0,screener
AFCONS,Mar 2023,2023-03-31,annual,72.0,2654.0,2062.0,9513.0,14301.0,2498.0,184.0,0.0,11619.0,14301.0,2062.0,screener
AFCONS,Mar 2024,2024-03-31,annual,341.0,3255.0,2523.0,10114.0,16234.0,2784.0,43.0,1.0,13406.0,16234.0,2522.0,screener
AFCONS,Mar 2025,2025-03-31,annual,368.0,4893.0,2343.0,9515.0,17119.0,2738.0,33.0,1.0,14348.0,17119.0,2342.0,screener
AFCONS,Mar 2026,2026-03-31,annual,368.0,5082.0,3627.0,10054.0,19131.0,2499.0,901.0,1.0,15730.0,19131.0,3626.0,screener
AFFLE,Mar 2022,2022-03-31,annual,27.0,1151.0,149.0,497.0,1824.0,699.0,42.0,135.0,948.0,1824.0,14.0,screener
AFFLE,Mar 2023,2023-03-31,annual,27.0,1438.0,106.0,437.0,2008.0,786.0,49.0,0.0,1174.0,2008.0,106.0,screener
AFFLE,Mar 2024,2024-03-31,annual,28.0,2470.0,183.0,592.0,3273.0,1144.0,98.0,37.0,1993.0,3273.0,146.0,screener
AFFLE,Mar 2025,2025-03-31,annual,28.0,2918.0,82.0,583.0,3612.0,1221.0,111.0,63.0,2216.0,3612.0,19.0,screener
AFFLE,Mar 2026,2026-03-31,annual,28.0,3624.0,15.0,754.0,4421.0,1525.0,0.0,114.0,2783.0,4421.0,-99.0,screener
AGARIND,Mar 2022,2022-03-31,annual,13.0,281.0,171.0,78.0,543.0,219.0,3.0,12.0,309.0,543.0,159.0,screener
AGARIND,Mar 2023,2023-03-31,annual,15.0,389.0,158.0,188.0,750.0,341.0,7.0,26.0,376.0,750.0,132.0,screener
AGARIND,Mar 2024,2024-03-31,annual,15.0,496.0,361.0,248.0,1120.0,589.0,0.0,36.0,495.0,1120.0,325.0,screener
AGARIND,Mar 2025,2025-03-31,annual,15.0,612.0,435.0,283.0,1345.0,691.0,16.0,34.0,605.0,1345.0,401.0,screener
AGARIND,Mar 2026,2026-03-31,annual,15.0,674.0,341.0,172.0,1202.0,718.0,31.0,38.0,415.0,1202.0,303.0,screener
AGARWALEYE,Mar 2022,2022-03-31,annual,7.0,206.0,633.0,179.0,1025.0,701.0,28.0,0.0,295.0,1025.0,633.0,screener
AGARWALEYE,Mar 2023,2023-03-31,annual,8.0,622.0,857.0,336.0,1823.0,1293.0,99.0,34.0,397.0,1823.0,823.0,screener
AGARWALEYE,Mar 2024,2024-03-31,annual,9.0,1330.0,966.0,445.0,2751.0,1746.0,118.0,471.0,416.0,2751.0,495.0,screener
AGARWALEYE,Mar 2025,2025-03-31,annual,32.0,1835.0,961.0,837.0,3665.0,2523.0,153.0,264.0,724.0,3665.0,697.0,screener
AGARWALEYE,Mar 2026,2026-03-31,annual,32.0,1994.0,1066.0,850.0,3942.0,2879.0,234.0,152.0,676.0,3942.0,914.0,screener
AGI,Mar 2017,2017-03-31,annual,14.0,1432.0,911.0,727.0,3085.0,1524.0,152.0,136.0,1274.0,3085.0,775.0,screener
AGI,Mar 2018,2018-03-31,annual,14.0,1473.0,1230.0,756.0,3474.0,1681.0,209.0,33.0,1550.0,3474.0,1197.0,screener
AGI,Mar 2019,2019-03-31,annual,14.0,1498.0,1178.0,870.0,3560.0,1950.0,121.0,20.0,1469.0,3560.0,1158.0,screener
AGI,Mar 2025,2025-03-31,annual,13.0,2085.0,553.0,846.0,3496.0,2032.0,103.0,35.0,1325.0,3496.0,518.0,screener
AGI,Mar 2026,2026-03-31,annual,13.0,2394.0,241.0,904.0,3552.0,2023.0,195.0,98.0,1236.0,3552.0,143.0,screener
AGIIL,Mar 2022,2022-03-31,annual,12.0,114.0,42.0,442.0,610.0,121.0,0.0,0.0,488.0,610.0,42.0,screener
AGIIL,Mar 2023,2023-03-31,annual,12.0,160.0,49.0,538.0,759.0,171.0,0.0,0.0,589.0,759.0,49.0,screener
AGIIL,Mar 2024,2024-03-31,annual,12.0,212.0,138.0,717.0,1080.0,251.0,0.0,0.0,828.0,1080.0,138.0,screener
AGIIL,Mar 2025,2025-03-31,annual,12.0,283.0,137.0,764.0,1196.0,275.0,0.0,0.0,921.0,1196.0,137.0,screener
AGIIL,Mar 2026,2026-03-31,annual,12.0,452.0,186.0,928.0,1578.0,280.0,0.0,0.0,1298.0,1578.0,186.0,screener
AHLEAST,Mar 2022,2022-03-31,annual,12.0,675.0,141.0,88.0,916.0,710.0,5.0,91.0,110.0,916.0,50.0,screener
AHLEAST,Mar 2023,2023-03-31,annual,17.0,186.0,0.0,38.0,241.0,179.0,3.0,0.0,60.0,241.0,0.0,screener
AHLEAST,Mar 2024,2024-03-31,annual,17.0,213.0,334.0,41.0,605.0,178.0,3.0,0.0,424.0,605.0,334.0,screener
AHLEAST,Mar 2025,2025-03-31,annual,17.0,226.0,330.0,96.0,669.0,179.0,3.0,3.0,484.0,669.0,327.0,screener
AHLEAST,Sep 2025,2025-09-30,annual,17.0,211.0,353.0,119.0,701.0,181.0,13.0,0.0,506.0,701.0,353.0,screener
AHLUCONT,Mar 2022,2022-03-31,annual,13.0,1022.0,54.0,957.0,2046.0,228.0,0.0,0.0,1818.0,2046.0,54.0,screener
AHLUCONT,Mar 2023,2023-03-31,annual,13.0,1215.0,58.0,1207.0,2493.0,293.0,1.0,0.0,2199.0,2493.0,58.0,screener
AHLUCONT,Mar 2024,2024-03-31,annual,13.0,1587.0,105.0,1490.0,3195.0,337.0,7.0,0.0,2851.0,3195.0,105.0,screener
AHLUCONT,Mar 2025,2025-03-31,annual,13.0,1785.0,76.0,1831.0,3706.0,456.0,12.0,0.0,3238.0,3706.0,76.0,screener
AHLUCONT,Mar 2026,2026-03-31,annual,13.0,2046.0,73.0,2133.0,4265.0,634.0,6.0,0.0,3625.0,4265.0,73.0,screener
AIAENG,Mar 2022,2022-03-31,annual,19.0,4736.0,10.0,361.0,5125.0,790.0,210.0,1055.0,3070.0,5125.0,-1045.0,screener
AIAENG,Mar 2023,2023-03-31,annual,19.0,5672.0,503.0,437.0,6630.0,1003.0,107.0,2254.0,3266.0,6630.0,-1751.0,screener
AIAENG,Mar 2024,2024-03-31,annual,19.0,6639.0,461.0,375.0,7494.0,1110.0,92.0,3043.0,3249.0,7494.0,-2582.0,screener
AIAENG,Mar 2025,2025-03-31,annual,19.0,6908.0,491.0,416.0,7833.0,1175.0,77.0,3919.0,2663.0,7833.0,-3428.0,screener
AIAENG,Mar 2026,2026-03-31,annual,19.0,8007.0,10.0,502.0,8538.0,1233.0,16.0,4302.0,2987.0,8538.0,-4292.0,screener
AIFL,Mar 2014,2014-03-31,annual,19.0,28.0,90.0,54.0,192.0,17.0,0.0,0.0,174.0,192.0,90.0,screener
AIFL,Mar 2015,2015-03-31,annual,19.0,40.0,92.0,101.0,253.0,18.0,0.0,0.0,234.0,253.0,92.0,screener
AIFL,Mar 2016,2016-03-31,annual,19.0,57.0,80.0,87.0,243.0,22.0,0.0,0.0,222.0,243.0,80.0,screener
AIIL,Mar 2023,2023-03-31,annual,17.0,3399.0,,1779.0,6900.0,317.0,0.0,3543.0,3039.0,6900.0,,screener
AIIL,Mar 2024,2024-03-31,annual,17.0,10328.0,,148.0,11621.0,355.0,2.0,8940.0,2324.0,11621.0,,screener
AIIL,Mar 2025,2025-03-31,annual,17.0,14672.0,,344.0,16087.0,414.0,6.0,12739.0,2928.0,16087.0,,screener
AIIL,Mar 2026,2026-03-31,annual,85.0,14643.0,,1147.0,19211.0,789.0,0.0,15473.0,2949.0,19211.0,,screener
AIROLAM,Mar 2022,2022-03-31,annual,15.0,41.0,51.0,53.0,159.0,37.0,0.0,0.0,122.0,159.0,51.0,screener
AIROLAM,Mar 2023,2023-03-31,annual,15.0,49.0,63.0,35.0,162.0,36.0,0.0,1.0,126.0,162.0,62.0,screener
AIROLAM,Mar 2024,2024-03-31,annual,15.0,55.0,79.0,42.0,192.0,45.0,0.0,0.0,147.0,192.0,79.0,screener
AIROLAM,Mar 2025,2025-03-31,annual,15.0,58.0,90.0,53.0,216.0,58.0,0.0,0.0,158.0,216.0,90.0,screener
AIROLAM,Mar 2026,2026-03-31,annual,15.0,64.0,82.0,66.0,226.0,55.0,0.0,0.0,171.0,226.0,82.0,screener
AJANTPHARM,Mar 2022,2022-03-31,annual,17.0,3247.0,25.0,711.0,4000.0,1512.0,153.0,147.0,2188.0,4000.0,-122.0,screener
AJANTPHARM,Mar 2023,2023-03-31,annual,25.0,3363.0,36.0,1159.0,4582.0,1496.0,209.0,535.0,2341.0,4582.0,-499.0,screener
AJANTPHARM,Mar 2024,2024-03-31,annual,25.0,3542.0,35.0,927.0,4530.0,1479.0,256.0,349.0,2446.0,4530.0,-314.0,screener
AJANTPHARM,Mar 2025,2025-03-31,annual,25.0,3765.0,47.0,1067.0,4904.0,1762.0,176.0,464.0,2502.0,4904.0,-417.0,screener
AJANTPHARM,Mar 2026,2026-03-31,annual,25.0,4502.0,260.0,1250.0,6037.0,1867.0,258.0,588.0,3324.0,6037.0,-328.0,screener
AJMERA,Mar 2022,2022-03-31,annual,35.0,674.0,868.0,441.0,2018.0,66.0,0.0,25.0,1928.0,2018.0,843.0,screener
AJMERA,Mar 2023,2023-03-31,annual,35.0,738.0,843.0,305.0,1922.0,69.0,0.0,66.0,1787.0,1922.0,777.0,screener
AJMERA,Mar 2024,2024-03-31,annual,35.0,830.0,808.0,290.0,1963.0,71.0,0.0,110.0,1782.0,1963.0,698.0,screener
AJMERA,Mar 2025,2025-03-31,annual,39.0,1167.0,676.0,372.0,2254.0,77.0,0.0,124.0,2053.0,2254.0,552.0,screener
AJMERA,Mar 2026,2026-03-31,annual,39.0,1359.0,711.0,484.0,2594.0,106.0,0.0,120.0,2368.0,2594.0,591.0,screener
AKANKSHA,Mar 2023,2023-03-31,annual,1.82,14.14,15.27,16.4,47.63,8.47,2.77,2.9,33.49,47.63,12.37,screener
AKANKSHA,Mar 2024,2024-03-31,annual,18.52,26.72,14.47,17.91,77.62,14.06,0.86,15.25,47.45,77.62,-0.78,screener
AKANKSHA,Mar 2025,2025-03-31,annual,19.58,46.65,26.76,23.24,116.23,15.54,4.11,23.89,72.69,116.23,2.87,screener
AKANKSHA,Mar 2026,2026-03-31,annual,19.58,52.11,43.08,26.49,141.26,45.6,4.3,23.05,68.31,141.26,20.03,screener
AKG,Mar 2022,2022-03-31,annual,10.59,12.51,12.7,9.2,45.0,0.58,1.8,0.0,42.62,45.0,12.7,screener
AKG,Mar 2023,2023-03-31,annual,31.78,19.31,12.38,9.11,72.58,0.71,1.97,0.0,69.9,72.58,12.38,screener
AKG,Mar 2024,2024-03-31,annual,31.78,20.8,14.17,12.12,78.87,2.35,2.0,0.0,74.52,78.87,14.17,screener
AKG,Mar 2025,2025-03-31,annual,31.78,21.13,11.33,14.6,78.84,2.19,0.0,0.0,76.65,78.84,11.33,screener
AKG,Mar 2026,2026-03-31,annual,31.78,21.72,5.79,2.58,61.87,0.93,0.0,0.0,60.94,61.87,5.79,screener
AKSHARCHEM,Mar 2015,2015-03-31,annual,7.0,64.0,24.0,51.0,146.0,55.0,2.0,18.0,71.0,146.0,6.0,screener
AKSHARCHEM,Mar 2016,2016-03-31,annual,7.0,78.0,31.0,39.0,155.0,56.0,4.0,22.0,72.0,155.0,9.0,screener
AKUMS,Mar 2022,2022-03-31,annual,14.0,608.0,395.0,2033.0,3050.0,1021.0,31.0,0.0,1998.0,3050.0,395.0,screener
AKUMS,Mar 2023,2023-03-31,annual,29.0,689.0,619.0,1905.0,3241.0,1097.0,103.0,0.0,2041.0,3241.0,619.0,screener
AKUMS,Mar 2024,2024-03-31,annual,29.0,681.0,565.0,2229.0,3504.0,1191.0,195.0,0.0,2118.0,3504.0,565.0,screener
AKUMS,Mar 2025,2025-03-31,annual,31.0,3016.0,88.0,960.0,4095.0,1397.0,163.0,0.0,2535.0,4095.0,88.0,screener
AKUMS,Mar 2026,2026-03-31,annual,31.0,3283.0,157.0,1958.0,5429.0,1456.0,177.0,0.0,3796.0,5429.0,157.0,screener
ALICON,Mar 2022,2022-03-31,annual,8.0,441.0,265.0,295.0,1008.0,388.0,26.0,0.0,594.0,1008.0,265.0,screener
ALICON,Mar 2023,2023-03-31,annual,8.0,480.0,301.0,299.0,1088.0,408.0,25.0,3.0,652.0,1088.0,298.0,screener
ALICON,Mar 2024,2024-03-31,annual,8.0,547.0,331.0,344.0,1230.0,475.0,22.0,3.0,731.0,1230.0,328.0,screener
ALICON,Mar 2025,2025-03-31,annual,8.0,585.0,366.0,336.0,1295.0,525.0,64.0,5.0,702.0,1295.0,361.0,screener
ALICON,Mar 2026,2026-03-31,annual,8.0,620.0,354.0,459.0,1442.0,589.0,58.0,5.0,790.0,1442.0,349.0,screener
ALKEM,Mar 2022,2022-03-31,annual,24.0,8614.0,2668.0,2763.0,14069.0,2902.0,339.0,371.0,10457.0,14069.0,2297.0,screener
ALKEM,Mar 2023,2023-03-31,annual,24.0,9021.0,1397.0,3315.0,13757.0,2683.0,323.0,622.0,10129.0,13757.0,775.0,screener
ALKEM,Mar 2024,2024-03-31,annual,24.0,10288.0,1418.0,3844.0,15575.0,2873.0,159.0,484.0,12060.0,15575.0,934.0,screener
ALKEM,Mar 2025,2025-03-31,annual,24.0,11961.0,1381.0,4325.0,17691.0,2852.0,548.0,1846.0,12445.0,17691.0,-465.0,screener
ALKEM,Mar 2026,2026-03-31,annual,24.0,13796.0,2047.0,4991.0,20858.0,3871.0,282.0,1869.0,14836.0,20858.0,178.0,screener
ALKYLAMINE,Mar 2016,2016-03-31,annual,10.0,199.0,111.0,95.0,416.0,187.0,16.0,10.0,203.0,416.0,101.0,screener
ALKYLAMINE,Mar 2017,2017-03-31,annual,10.0,246.0,120.0,147.0,522.0,220.0,35.0,12.0,256.0,522.0,108.0,screener
ALKYLAMINE,Mar 2018,2018-03-31,annual,10.0,299.0,181.0,159.0,649.0,355.0,18.0,13.0,262.0,649.0,168.0,screener
ALKYLAMINE,Mar 2019,2019-03-31,annual,10.0,369.0,165.0,218.0,763.0,376.0,43.0,16.0,328.0,763.0,149.0,screener
ALKYLAMINE,Mar 2020,2020-03-31,annual,10.0,526.0,87.0,160.0,783.0,423.0,45.0,0.0,315.0,783.0,87.0,screener
ALLTIME,Mar 2025,2025-03-31,annual,10.0,238.0,223.0,91.0,562.0,338.0,22.0,0.0,202.0,562.0,223.0,screener
ALLTIME,Mar 2026,2026-03-31,annual,13.0,600.0,86.0,84.0,784.0,410.0,42.0,20.0,313.0,784.0,66.0,screener
ALPA,Mar 2022,2022-03-31,annual,21.0,101.0,6.0,28.0,155.0,9.0,0.0,75.0,71.0,155.0,-69.0,screener
ALPA,Mar 2023,2023-03-31,annual,21.0,114.0,2.0,30.0,167.0,7.0,0.0,78.0,82.0,167.0,-76.0,screener
ALPA,Mar 2024,2024-03-31,annual,21.0,131.0,5.0,25.0,182.0,11.0,0.0,98.0,73.0,182.0,-93.0,screener
ALPA,Mar 2025,2025-03-31,annual,21.0,150.0,0.0,51.0,223.0,21.0,0.0,118.0,84.0,223.0,-118.0,screener
ALPA,Mar 2026,2026-03-31,annual,21.0,165.0,3.0,53.0,242.0,20.0,0.0,142.0,80.0,242.0,-139.0,screener
ALPHAGEO,Mar 2022,2022-03-31,annual,6.0,265.0,0.0,38.0,310.0,65.0,1.0,26.0,218.0,310.0,-26.0,screener
ALPHAGEO,Mar 2023,2023-03-31,annual,6.0,277.0,0.0,7.0,291.0,65.0,2.0,55.0,168.0,291.0,-55.0,screener
ALPHAGEO,Mar 2024,2024-03-31,annual,6.0,272.0,0.0,16.0,295.0,59.0,2.0,30.0,203.0,295.0,-30.0,screener
ALPHAGEO,Mar 2025,2025-03-31,annual,6.0,262.0,0.0,44.0,312.0,74.0,2.0,22.0,215.0,312.0,-22.0,screener
ALPHAGEO,Mar 2026,2026-03-31,annual,6.0,247.0,8.0,34.0,296.0,60.0,2.0,26.0,208.0,296.0,-18.0,screener
ALPSINDUS,Mar 2022,2022-03-31,annual,39.0,-752.0,715.0,44.0,45.0,2.0,0.0,1.0,42.0,45.0,714.0,screener
ALPSINDUS,Mar 2023,2023-03-31,annual,39.0,-812.0,769.0,11.0,7.0,2.0,0.0,1.0,3.0,7.0,768.0,screener
ALPSINDUS,Mar 2024,2024-03-31,annual,39.0,-869.0,828.0,6.0,5.0,2.0,0.0,1.0,1.0,5.0,827.0,screener
ALPSINDUS,Mar 2025,2025-03-31,annual,39.0,-932.0,892.0,16.0,14.0,2.0,0.0,1.0,11.0,14.0,891.0,screener
ALPSINDUS,Mar 2026,2026-03-31,annual,8.0,-15.0,11.0,0.0,3.0,0.0,0.0,1.0,2.0,3.0,10.0,screener
AMAGI,Mar 2022,2022-03-31,annual,0.51,322.0,0.0,620.0,942.0,7.0,0.0,0.0,935.0,942.0,0.0,screener
AMAGI,Mar 2023,2023-03-31,annual,0.47,644.0,0.0,772.0,1416.0,38.0,8.0,264.0,1106.0,1416.0,-264.0,screener
AMAGI,Mar 2024,2024-03-31,annual,0.48,-378.0,906.0,780.0,1308.0,52.0,0.0,63.0,1193.0,1308.0,843.0,screener
AMAGI,Mar 2025,2025-03-31,annual,17.0,-382.0,911.0,879.0,1425.0,92.0,0.0,266.0,1068.0,1425.0,645.0,screener
AMAGI,Mar 2026,2026-03-31,annual,108.0,1649.0,31.0,565.0,2353.0,94.0,0.0,229.0,2030.0,2353.0,-198.0,screener
AMBANIORGO,Mar 2022,2022-03-31,annual,6.0,24.0,53.0,29.0,112.0,22.0,9.0,0.0,80.0,112.0,53.0,screener
AMBANIORGO,Mar 2023,2023-03-31,annual,6.0,26.0,52.0,54.0,137.0,21.0,47.0,0.0,69.0,137.0,52.0,screener
AMBANIORGO,Mar 2024,2024-03-31,annual,7.0,39.0,61.0,68.0,176.0,59.0,8.0,0.0,109.0,176.0,61.0,screener
AMBANIORGO,Mar 2025,2025-03-31,annual,8.0,44.0,60.0,97.0,208.0,77.0,7.0,0.0,124.0,208.0,60.0,screener
AMBANIORGO,Mar 2026,2026-03-31,annual,12.0,44.0,72.0,96.0,223.0,89.0,0.0,0.0,134.0,223.0,72.0,screener
AMBER,Mar 2022,2022-03-31,annual,34.0,1701.0,1069.0,2107.0,4910.0,1505.0,128.0,225.0,3051.0,4910.0,844.0,screener
AMBER,Mar 2023,2023-03-31,annual,34.0,1875.0,1455.0,2876.0,6240.0,2222.0,50.0,193.0,3775.0,6240.0,1262.0,screener
AMBER,Mar 2024,2024-03-31,annual,34.0,2031.0,1539.0,2987.0,6590.0,2825.0,91.0,217.0,3457.0,6590.0,1322.0,screener
AMBER,Mar 2025,2025-03-31,annual,34.0,2252.0,2059.0,4082.0,8426.0,3040.0,198.0,236.0,4953.0,8426.0,1823.0,screener
AMBER,Mar 2026,2026-03-31,annual,35.0,4337.0,2702.0,6693.0,13767.0,5879.0,500.0,38.0,7350.0,13767.0,2664.0,screener
AMBUJACEM,Dec 2021,2021-12-31,annual,397.0,24957.0,477.0,19374.0,45205.0,22254.0,2168.0,198.0,20585.0,45205.0,279.0,screener
AMBUJACEM,Mar 2023,2023-03-31,annual,397.0,31301.0,523.0,19501.0,51721.0,23551.0,2526.0,214.0,25430.0,51721.0,309.0,screener
AMBUJACEM,Mar 2024,2024-03-31,annual,440.0,41012.0,699.0,22916.0,65067.0,32194.0,2658.0,849.0,29365.0,65067.0,-150.0,screener
AMBUJACEM,Mar 2025,2025-03-31,annual,493.0,53086.0,788.0,26735.0,81102.0,42766.0,9858.0,1912.0,26566.0,81102.0,-1124.0,screener
AMBUJACEM,Mar 2026,2026-03-31,annual,494.0,58853.0,866.0,29361.0,89574.0,58263.0,9121.0,113.0,22077.0,89574.0,753.0,screener
AMIRCHAND,Mar 2022,2022-03-31,annual,5.0,266.0,668.0,147.0,1087.0,110.0,2.0,0.0,975.0,1087.0,668.0,screener
AMIRCHAND,Mar 2023,2023-03-31,annual,5.0,275.0,668.0,141.0,1089.0,105.0,2.0,1.0,982.0,1089.0,667.0,screener
AMIRCHAND,Mar 2024,2024-03-31,annual,5.0,306.0,778.0,194.0,1284.0,101.0,2.0,2.0,1179.0,1284.0,776.0,screener
AMIRCHAND,Mar 2025,2025-03-31,annual,82.0,297.0,784.0,386.0,1549.0,95.0,2.0,1.0,1451.0,1549.0,783.0,screener
AMIRCHAND,Mar 2026,2026-03-31,annual,104.0,821.0,758.0,439.0,2121.0,90.0,2.0,1.0,2028.0,2121.0,757.0,screener
AMJLAND,Mar 2022,2022-03-31,annual,8.0,133.0,7.0,29.0,177.0,30.0,0.0,55.0,93.0,177.0,-48.0,screener
AMJLAND,Mar 2023,2023-03-31,annual,8.0,137.0,5.0,30.0,180.0,29.0,0.0,67.0,84.0,180.0,-62.0,screener
AMJLAND,Mar 2024,2024-03-31,annual,8.0,171.0,15.0,36.0,230.0,27.0,0.0,118.0,84.0,230.0,-103.0,screener
AMJLAND,Mar 2025,2025-03-31,annual,8.0,219.0,0.0,42.0,269.0,26.0,0.0,163.0,80.0,269.0,-163.0,screener
AMJLAND,Mar 2026,2026-03-31,annual,8.0,205.0,0.0,37.0,250.0,24.0,0.0,181.0,45.0,250.0,-181.0,screener
AMNPLST,Mar 2022,2022-03-31,annual,11.0,151.0,72.0,76.0,310.0,84.0,3.0,0.0,223.0,310.0,72.0,screener
AMNPLST,Mar 2023,2023-03-31,annual,11.0,172.0,85.0,77.0,344.0,80.0,5.0,1.0,258.0,344.0,84.0,screener
AMNPLST,Mar 2024,2024-03-31,annual,11.0,209.0,85.0,84.0,389.0,80.0,3.0,1.0,305.0,389.0,84.0,screener
AMNPLST,Mar 2025,2025-03-31,annual,11.0,248.0,77.0,81.0,416.0,80.0,0.0,1.0,335.0,416.0,76.0,screener
AMNPLST,Mar 2026,2026-03-31,annual,11.0,281.0,27.0,103.0,422.0,76.0,0.0,2.0,344.0,422.0,25.0,screener
AMRUTANJAN,Mar 2012,2012-03-31,annual,3.0,74.0,22.0,25.0,124.0,33.0,1.0,29.0,62.0,124.0,-7.0,screener
AMRUTANJAN,Mar 2013,2013-03-31,annual,3.0,79.0,15.0,27.0,124.0,30.0,1.0,25.0,69.0,124.0,-10.0,screener
AMRUTANJAN,Mar 2014,2014-03-31,annual,3.0,86.0,8.0,23.0,120.0,27.0,1.0,9.0,83.0,120.0,-1.0,screener
AMRUTANJAN,Mar 2015,2015-03-31,annual,3.0,92.0,2.0,26.0,124.0,24.0,4.0,9.0,87.0,124.0,-7.0,screener
AMRUTANJAN,Mar 2016,2016-03-31,annual,3.0,106.0,2.0,29.0,140.0,29.0,1.0,9.0,102.0,140.0,-7.0,screener
ANANDRATHI,Mar 2022,2022-03-31,annual,21.0,323.0,39.0,97.0,480.0,124.0,0.0,104.0,253.0,480.0,-65.0,screener
ANANDRATHI,Mar 2023,2023-03-31,annual,21.0,447.0,37.0,119.0,624.0,136.0,0.0,106.0,383.0,624.0,-69.0,screener
ANANDRATHI,Mar 2024,2024-03-31,annual,21.0,628.0,52.0,179.0,880.0,152.0,1.0,112.0,614.0,880.0,-60.0,screener
ANANDRATHI,Mar 2025,2025-03-31,annual,42.0,632.0,79.0,208.0,961.0,188.0,0.0,244.0,530.0,961.0,-165.0,screener
ANANDRATHI,Mar 2026,2026-03-31,annual,42.0,957.0,83.0,247.0,1329.0,191.0,0.0,265.0,873.0,1329.0,-182.0,screener
ANANTRAJ,Mar 2022,2022-03-31,annual,59.0,2580.0,1283.0,463.0,4385.0,1310.0,48.0,460.0,2567.0,4385.0,823.0,screener
ANANTRAJ,Mar 2023,2023-03-31,annual,65.0,2760.0,1079.0,452.0,4357.0,1305.0,18.0,460.0,2573.0,4357.0,619.0,screener
ANANTRAJ,Mar 2024,2024-03-31,annual,68.0,3588.0,627.0,585.0,4868.0,1314.0,22.0,302.0,3231.0,4868.0,325.0,screener
ANANTRAJ,Mar 2025,2025-03-31,annual,69.0,4092.0,482.0,592.0,5235.0,1367.0,36.0,311.0,3520.0,5235.0,171.0,screener
ANANTRAJ,Mar 2026,2026-03-31,annual,72.0,5717.0,681.0,399.0,6869.0,1793.0,39.0,183.0,4853.0,6869.0,498.0,screener
ANDHRSUGAR,Mar 2022,2022-03-31,annual,27.0,1491.0,55.0,466.0,2039.0,712.0,71.0,409.0,848.0,2039.0,-354.0,screener
ANDHRSUGAR,Mar 2023,2023-03-31,annual,27.0,1514.0,24.0,470.0,2035.0,806.0,125.0,307.0,797.0,2035.0,-283.0,screener
ANDHRSUGAR,Mar 2024,2024-03-31,annual,27.0,1556.0,31.0,461.0,2075.0,813.0,181.0,317.0,764.0,2075.0,-286.0,screener
ANDHRSUGAR,Mar 2025,2025-03-31,annual,27.0,1565.0,13.0,502.0,2108.0,952.0,57.0,322.0,776.0,2108.0,-309.0,screener
ANDHRSUGAR,Mar 2026,2026-03-31,annual,27.0,1644.0,1.0,502.0,2174.0,931.0,42.0,529.0,672.0,2174.0,-528.0,screener
ANGELONE,Mar 2022,2022-03-31,annual,83.0,1502.0,1258.0,4378.0,7220.0,152.0,12.0,19.0,7037.0,7220.0,1239.0,screener
ANGELONE,Mar 2023,2023-03-31,annual,83.0,2078.0,788.0,4528.0,7478.0,187.0,62.0,109.0,7120.0,7478.0,679.0,screener
ANGELONE,Mar 2024,2024-03-31,annual,84.0,2955.0,2541.0,7674.0,13254.0,409.0,1.0,0.0,12844.0,13254.0,2541.0,screener
ANGELONE,Mar 2025,2025-03-31,annual,90.0,5531.0,3414.0,7853.0,16889.0,499.0,4.0,202.0,16184.0,16889.0,3212.0,screener
ANGELONE,Mar 2026,2026-03-31,annual,91.0,6027.0,7951.0,9835.0,23904.0,505.0,10.0,257.0,23132.0,23904.0,7694.0,screener
ANIKINDS,Mar 2022,2022-03-31,annual,28.0,351.0,87.0,303.0,769.0,148.0,6.0,46.0,568.0,769.0,41.0,screener
ANIKINDS,Mar 2023,2023-03-31,annual,28.0,356.0,30.0,45.0,459.0,147.0,7.0,0.0,305.0,459.0,30.0,screener
ANIKINDS,Mar 2024,2024-03-31,annual,28.0,356.0,7.0,45.0,436.0,146.0,11.0,0.0,279.0,436.0,7.0,screener
ANIKINDS,Mar 2025,2025-03-31,annual,28.0,359.0,4.0,58.0,449.0,99.0,0.0,0.0,350.0,449.0,4.0,screener
ANIKINDS,Mar 2026,2026-03-31,annual,28.0,358.0,31.0,61.0,478.0,98.0,0.0,0.0,379.0,478.0,31.0,screener
ANSALAPI,Mar 2021,2021-03-31,annual,79.0,-255.0,847.0,6572.0,7243.0,562.0,96.0,49.0,6537.0,7243.0,798.0,screener
ANSALAPI,Mar 2022,2022-03-31,annual,79.0,-336.0,770.0,6512.0,7024.0,676.0,101.0,49.0,6198.0,7024.0,721.0,screener
ANSALAPI,Mar 2023,2023-03-31,annual,79.0,-686.0,541.0,6385.0,6319.0,729.0,11.0,47.0,5533.0,6319.0,494.0,screener
ANSALAPI,Mar 2024,2024-03-31,annual,79.0,-731.0,476.0,6091.0,5914.0,696.0,11.0,47.0,5160.0,5914.0,429.0,screener
ANSALAPI,Sep 2024,2024-09-30,annual,79.0,-882.0,476.0,6064.0,5737.0,678.0,11.0,47.0,5001.0,5737.0,429.0,screener
ANTHEM,Mar 2022,2022-03-31,annual,9.0,1346.0,35.0,228.0,1619.0,329.0,154.0,273.0,863.0,1619.0,-238.0,screener
ANTHEM,Mar 2023,2023-03-31,annual,114.0,1627.0,126.0,148.0,2014.0,449.0,164.0,499.0,902.0,2014.0,-373.0,screener
ANTHEM,Mar 2024,2024-03-31,annual,112.0,1813.0,239.0,235.0,2398.0,483.0,345.0,472.0,1099.0,2398.0,-233.0,screener
ANTHEM,Mar 2025,2025-03-31,annual,112.0,2298.0,113.0,284.0,2808.0,705.0,297.0,433.0,1373.0,2808.0,-320.0,screener
ANTHEM,Mar 2026,2026-03-31,annual,112.0,2930.0,54.0,333.0,3429.0,783.0,264.0,1007.0,1374.0,3429.0,-953.0,screener
ANUP,Mar 2021,2021-03-31,annual,10.0,327.0,0.0,94.0,431.0,212.0,2.0,0.0,217.0,431.0,0.0,screener
ANUP,Mar 2022,2022-03-31,annual,10.0,384.0,0.0,132.0,525.0,203.0,31.0,0.0,292.0,525.0,0.0,screener
ANUP,Mar 2023,2023-03-31,annual,10.0,428.0,34.0,171.0,643.0,217.0,87.0,0.0,338.0,643.0,34.0,screener
ANUP,Mar 2025,2025-03-31,annual,20.0,592.0,32.0,282.0,926.0,363.0,10.0,11.0,543.0,926.0,21.0,screener
ANUP,Mar 2026,2026-03-31,annual,20.0,671.0,110.0,170.0,971.0,398.0,2.0,0.0,571.0,971.0,110.0,screener
ANURAS,Mar 2022,2022-03-31,annual,100.0,1627.0,836.0,327.0,2891.0,1202.0,44.0,149.0,1496.0,2891.0,687.0,screener
ANURAS,Mar 2023,2023-03-31,annual,107.0,2265.0,822.0,584.0,3778.0,1417.0,120.0,67.0,2173.0,3778.0,755.0,screener
ANURAS,Mar 2024,2024-03-31,annual,110.0,2651.0,1069.0,772.0,4602.0,1501.0,609.0,67.0,2424.0,4602.0,1002.0,screener
ANURAS,Mar 2025,2025-03-31,annual,110.0,2740.0,1373.0,1045.0,5269.0,2185.0,216.0,9.0,2860.0,5269.0,1364.0,screener
ANURAS,Mar 2026,2026-03-31,annual,146.0,3188.0,1867.0,2811.0,8013.0,3713.0,114.0,19.0,4167.0,8013.0,1848.0,screener
APARINDS,Mar 2022,2022-03-31,annual,38.0,1677.0,359.0,4533.0,6608.0,881.0,38.0,31.0,5657.0,6608.0,328.0,screener
APARINDS,Mar 2023,2023-03-31,annual,38.0,2198.0,376.0,5605.0,8218.0,950.0,99.0,54.0,7114.0,8218.0,322.0,screener
APARINDS,Mar 2024,2024-03-31,annual,40.0,3836.0,476.0,5264.0,9616.0,1193.0,122.0,11.0,8290.0,9616.0,465.0,screener
APARINDS,Mar 2025,2025-03-31,annual,40.0,4463.0,585.0,6175.0,11264.0,1540.0,130.0,219.0,9373.0,11264.0,366.0,screener
APARINDS,Mar 2026,2026-03-31,annual,40.0,5353.0,956.0,7362.0,13711.0,1717.0,539.0,59.0,11396.0,13711.0,897.0,screener
APCOTEXIND,Mar 2015,2015-03-31,annual,5.0,95.0,31.0,50.0,181.0,63.0,2.0,31.0,85.0,181.0,0.0,screener
APCOTEXIND,Mar 2016,2016-03-31,annual,10.0,177.0,25.0,75.0,288.0,90.0,5.0,18.0,176.0,288.0,7.0,screener
APCOTEXIND,Sep 2016,2016-09-30,annual,10.0,187.0,32.0,59.0,289.0,94.0,0.0,20.0,174.0,289.0,12.0,screener
APLAPOLLO,Mar 2022,2022-03-31,annual,50.0,2414.0,581.0,1407.0,4452.0,1837.0,504.0,91.0,2020.0,4452.0,490.0,screener
APLAPOLLO,Mar 2023,2023-03-31,annual,55.0,2950.0,873.0,1973.0,5852.0,2580.0,374.0,96.0,2801.0,5852.0,777.0,screener
APLAPOLLO,Mar 2024,2024-03-31,annual,56.0,3549.0,1144.0,2438.0,7187.0,3281.0,203.0,103.0,3600.0,7187.0,1041.0,screener
APLAPOLLO,Mar 2025,2025-03-31,annual,56.0,4153.0,634.0,2753.0,7596.0,3668.0,336.0,126.0,3467.0,7596.0,508.0,screener
APLAPOLLO,Mar 2026,2026-03-31,annual,56.0,5241.0,498.0,3039.0,8833.0,4060.0,328.0,48.0,4396.0,8833.0,450.0,screener
APLLTD,Mar 2022,2022-03-31,annual,39.0,5198.0,717.0,1167.0,7122.0,1798.0,2304.0,118.0,2902.0,7122.0,599.0,screener
APLLTD,Mar 2023,2023-03-31,annual,39.0,4331.0,722.0,1090.0,6183.0,2398.0,601.0,96.0,3087.0,6183.0,626.0,screener
APLLTD,Mar 2024,2024-03-31,annual,39.0,4779.0,513.0,1114.0,6446.0,2547.0,524.0,93.0,3281.0,6446.0,420.0,screener
APLLTD,Mar 2025,2025-03-31,annual,39.0,5152.0,1258.0,1324.0,7773.0,2524.0,837.0,127.0,4285.0,7773.0,1131.0,screener
APLLTD,Mar 2026,2026-03-31,annual,39.0,5636.0,1430.0,1658.0,8763.0,3130.0,634.0,141.0,4858.0,8763.0,1289.0,screener
APOLLO,Mar 2022,2022-03-31,annual,21.0,299.0,116.0,164.0,599.0,86.0,30.0,0.0,484.0,599.0,116.0,screener
APOLLO,Mar 2023,2023-03-31,annual,21.0,363.0,144.0,165.0,693.0,106.0,32.0,0.0,555.0,693.0,144.0,screener
APOLLO,Mar 2024,2024-03-31,annual,28.0,490.0,208.0,230.0,956.0,144.0,35.0,0.0,777.0,956.0,208.0,screener
APOLLO,Mar 2025,2025-03-31,annual,31.0,576.0,335.0,357.0,1299.0,182.0,72.0,0.0,1045.0,1299.0,335.0,screener
APOLLO,Mar 2026,2026-03-31,annual,36.0,1277.0,543.0,512.0,2369.0,477.0,196.0,0.0,1695.0,2369.0,543.0,screener
APOLLOHOSP,Mar 2022,2022-03-31,annual,72.0,5551.0,4068.0,3570.0,13261.0,8296.0,46.0,816.0,4104.0,13261.0,3252.0,screener
APOLLOHOSP,Mar 2023,2023-03-31,annual,72.0,6126.0,4332.0,3886.0,14416.0,8520.0,610.0,574.0,4712.0,14416.0,3758.0,screener
APOLLOHOSP,Mar 2024,2024-03-31,annual,72.0,6864.0,5333.0,4474.0,16742.0,9664.0,873.0,986.0,5219.0,16742.0,4347.0,screener
APOLLOHOSP,Mar 2025,2025-03-31,annual,72.0,8140.0,7864.0,4568.0,20644.0,10988.0,921.0,2487.0,6248.0,20644.0,5377.0,screener
APOLLOHOSP,Mar 2026,2026-03-31,annual,72.0,9408.0,8493.0,4224.0,22197.0,12312.0,992.0,2179.0,6714.0,22197.0,6314.0,screener
APOLLOPIPE,Mar 2016,2016-03-31,annual,5.0,24.0,34.0,43.0,106.0,45.0,0.0,0.0,60.0,106.0,34.0,screener
APOLLOPIPE,Mar 2017,2017-03-31,annual,5.0,32.0,20.0,64.0,121.0,49.0,0.0,0.0,71.0,121.0,20.0,screener
APOLLOPIPE,Mar 2024,2024-03-31,annual,39.0,535.0,69.0,357.0,1000.0,497.0,8.0,52.0,443.0,1000.0,17.0,screener
APOLLOPIPE,Mar 2025,2025-03-31,annual,44.0,749.0,93.0,331.0,1217.0,555.0,37.0,65.0,560.0,1217.0,28.0,screener
APOLLOPIPE,Mar 2026,2026-03-31,annual,44.0,775.0,124.0,343.0,1286.0,571.0,90.0,68.0,556.0,1286.0,56.0,screener
APOLLOTYRE,Mar 2022,2022-03-31,annual,64.0,11689.0,7061.0,8228.0,27041.0,17591.0,618.0,481.0,8350.0,27041.0,6580.0,screener
APOLLOTYRE,Mar 2023,2023-03-31,annual,64.0,12515.0,6421.0,8282.0,27281.0,17653.0,253.0,436.0,8940.0,27281.0,5985.0,screener
APOLLOTYRE,Mar 2024,2024-03-31,annual,64.0,13839.0,4905.0,8068.0,26875.0,17006.0,348.0,532.0,8989.0,26875.0,4373.0,screener
APOLLOTYRE,Mar 2025,2025-03-31,annual,64.0,14702.0,4410.0,8051.0,27227.0,16411.0,435.0,45.0,10335.0,27227.0,4365.0,screener
APOLLOTYRE,Mar 2026,2026-03-31,annual,64.0,16652.0,3675.0,8643.0,29034.0,16487.0,1077.0,62.0,11408.0,29034.0,3613.0,screener
APTECHT,Mar 2022,2022-03-31,annual,41.0,169.0,0.0,101.0,311.0,19.0,1.0,23.0,269.0,311.0,-23.0,screener
APTECHT,Mar 2023,2023-03-31,annual,41.0,215.0,7.0,218.0,481.0,23.0,3.0,23.0,433.0,481.0,-16.0,screener
APTECHT,Mar 2024,2024-03-31,annual,58.0,202.0,8.0,140.0,409.0,28.0,4.0,23.0,354.0,409.0,-15.0,screener
APTECHT,Mar 2025,2025-03-31,annual,58.0,193.0,7.0,132.0,390.0,22.0,8.0,3.0,358.0,390.0,4.0,screener
APTECHT,Mar 2026,2026-03-31,annual,58.0,191.0,13.0,167.0,428.0,34.0,0.0,2.0,391.0,428.0,11.0,screener
APTUS,Mar 2022,2022-03-31,annual,99.0,2817.0,,39.0,5684.0,12.0,0.0,102.0,5570.0,5684.0,,screener
APTUS,Mar 2023,2023-03-31,annual,100.0,3240.0,,41.0,7176.0,15.0,0.0,51.0,7110.0,7176.0,,screener
APTUS,Mar 2024,2024-03-31,annual,100.0,3668.0,,37.0,9005.0,22.0,0.0,51.0,8931.0,9005.0,,screener
APTUS,Mar 2025,2025-03-31,annual,100.0,4217.0,,54.0,11243.0,35.0,0.0,53.0,11156.0,11243.0,,screener
APTUS,Mar 2026,2026-03-31,annual,100.0,4960.0,,84.0,13048.0,39.0,0.0,240.0,12768.0,13048.0,,screener
ARCHIES,Mar 2006,2006-03-31,annual,7.0,53.0,5.0,35.0,99.0,23.0,2.0,0.0,75.0,99.0,5.0,screener
ARCHIES,Mar 2007,2007-03-31,annual,7.0,61.0,13.0,32.0,113.0,30.0,5.0,0.0,78.0,113.0,13.0,screener
ARCHIES,Mar 2008,2008-03-31,annual,7.0,75.0,19.0,31.0,131.0,33.0,11.0,5.0,82.0,131.0,14.0,screener
ARE&M,Mar 2022,2022-03-31,annual,17.0,4535.0,126.0,1698.0,6376.0,2492.0,830.0,77.0,2977.0,6376.0,49.0,screener
ARE&M,Mar 2023,2023-03-31,annual,17.0,5990.0,201.0,1753.0,7961.0,3747.0,249.0,427.0,3538.0,7961.0,-226.0,screener
ARE&M,Mar 2024,2024-03-31,annual,18.0,6780.0,157.0,2021.0,8976.0,3807.0,641.0,714.0,3814.0,8976.0,-557.0,screener
ARE&M,Mar 2025,2025-03-31,annual,18.0,7371.0,261.0,2511.0,10161.0,4014.0,1298.0,682.0,4167.0,10161.0,-421.0,screener
ARE&M,Mar 2026,2026-03-31,annual,18.0,8081.0,406.0,2952.0,11457.0,4730.0,1585.0,464.0,4678.0,11457.0,-58.0,screener
ARHAM,Mar 2024,2024-03-31,annual,8.0,15.0,18.0,6.0,48.0,10.0,1.0,0.0,38.0,48.0,18.0,screener
ARHAM,Mar 2025,2025-03-31,annual,17.0,14.0,27.0,11.0,70.0,9.0,0.0,0.0,61.0,70.0,27.0,screener
ARHAM,Mar 2026,2026-03-31,annual,22.0,77.0,26.0,39.0,163.0,35.0,0.0,4.0,124.0,163.0,22.0,screener
ARIES,Mar 2022,2022-03-31,annual,13.0,211.0,112.0,173.0,509.0,68.0,0.0,57.0,384.0,509.0,55.0,screener
ARIES,Mar 2023,2023-03-31,annual,13.0,230.0,100.0,177.0,520.0,75.0,0.0,62.0,382.0,520.0,38.0,screener
ARIES,Mar 2024,2024-03-31,annual,13.0,247.0,74.0,184.0,518.0,96.0,2.0,63.0,357.0,518.0,11.0,screener
ARIES,Mar 2025,2025-03-31,annual,13.0,277.0,49.0,243.0,581.0,110.0,10.0,67.0,395.0,581.0,-18.0,screener
ARIES,Mar 2026,2026-03-31,annual,13.0,321.0,56.0,249.0,639.0,116.0,40.0,84.0,398.0,639.0,-28.0,screener
ARIS,Mar 2022,2022-03-31,annual,1.0,139.0,156.0,38.0,334.0,3.0,0.0,0.0,331.0,334.0,156.0,screener
ARIS,Mar 2023,2023-03-31,annual,1.0,104.0,224.0,66.0,395.0,6.0,9.0,0.0,380.0,395.0,224.0,screener
ARIS,Mar 2024,2024-03-31,annual,1.0,140.0,276.0,76.0,493.0,4.0,25.0,0.0,464.0,493.0,276.0,screener
ARIS,Mar 2025,2025-03-31,annual,12.0,219.0,343.0,122.0,697.0,6.0,41.0,0.0,650.0,697.0,343.0,screener
ARIS,Mar 2026,2026-03-31,annual,16.0,723.0,70.0,232.0,1041.0,79.0,1.0,0.0,961.0,1041.0,70.0,screener
ARKADE,Mar 2022,2022-03-31,annual,2.0,148.0,64.0,156.0,370.0,2.0,0.0,40.0,329.0,370.0,24.0,screener
ARKADE,Mar 2023,2023-03-31,annual,2.0,198.0,149.0,206.0,555.0,2.0,0.0,17.0,536.0,555.0,132.0,screener
ARKADE,Mar 2024,2024-03-31,annual,152.0,171.0,71.0,180.0,575.0,14.0,0.0,18.0,543.0,575.0,53.0,screener
ARKADE,Mar 2025,2025-03-31,annual,186.0,698.0,115.0,252.0,1251.0,19.0,0.0,138.0,1093.0,1251.0,-23.0,screener
ARKADE,Mar 2026,2026-03-31,annual,186.0,696.0,99.0,146.0,1127.0,41.0,5.0,74.0,1008.0,1127.0,25.0,screener
ARMANFIN,Mar 2022,2022-03-31,annual,8.0,204.0,,39.0,1241.0,5.0,0.0,6.0,1231.0,1241.0,,screener
ARMANFIN,Mar 2023,2023-03-31,annual,8.0,355.0,,68.0,2038.0,6.0,0.0,19.0,2013.0,2038.0,,screener
ARMANFIN,Mar 2024,2024-03-31,annual,10.0,802.0,,97.0,2635.0,8.0,0.0,7.0,2620.0,2635.0,,screener
ARMANFIN,Mar 2025,2025-03-31,annual,10.0,864.0,,121.0,2227.0,31.0,0.0,39.0,2157.0,2227.0,,screener
ARMANFIN,Mar 2026,2026-03-31,annual,11.0,923.0,,89.0,2798.0,32.0,3.0,92.0,2671.0,2798.0,,screener
ARSHIYA,Mar 2020,2020-03-31,annual,52.0,71.0,2037.0,947.0,3106.0,2635.0,1.0,0.0,470.0,3106.0,2037.0,screener
ARSHIYA,Mar 2021,2021-03-31,annual,52.0,-168.0,1265.0,793.0,1943.0,1439.0,2.0,0.0,502.0,1943.0,1265.0,screener
ARSHIYA,Mar 2022,2022-03-31,annual,52.0,260.0,1083.0,509.0,1904.0,1484.0,2.0,0.0,417.0,1904.0,1083.0,screener
ARSHIYA,Mar 2023,2023-03-31,annual,53.0,105.0,1049.0,603.0,1809.0,1308.0,2.0,0.0,499.0,1809.0,1049.0,screener
ARSHIYA,Mar 2024,2024-03-31,annual,53.0,-3217.0,1848.0,3889.0,2573.0,2093.0,2.0,0.0,478.0,2573.0,1848.0,screener
ARSSBL,Mar 2023,2023-03-31,annual,20.0,245.0,432.0,931.0,1629.0,56.0,0.0,9.0,1563.0,1629.0,423.0,screener
ARSSBL,Mar 2024,2024-03-31,annual,22.0,370.0,888.0,1305.0,2585.0,74.0,0.0,3.0,2508.0,2585.0,885.0,screener
ARSSBL,Mar 2025,2025-03-31,annual,22.0,482.0,914.0,1947.0,3365.0,84.0,0.0,6.0,3274.0,3365.0,908.0,screener
ARSSBL,Mar 2026,2026-03-31,annual,31.0,1317.0,840.0,4911.0,7099.0,78.0,0.0,33.0,6989.0,7099.0,807.0,screener
ARTEMISMED,Mar 2022,2022-03-31,annual,13.0,346.0,201.0,149.0,710.0,489.0,64.0,0.0,157.0,710.0,201.0,screener
ARTEMISMED,Mar 2023,2023-03-31,annual,13.0,390.0,286.0,216.0,905.0,605.0,95.0,0.0,205.0,905.0,286.0,screener
ARTEMISMED,Mar 2024,2024-03-31,annual,14.0,435.0,320.0,203.0,972.0,719.0,33.0,0.0,219.0,972.0,320.0,screener
ARTEMISMED,Mar 2025,2025-03-31,annual,14.0,824.0,290.0,229.0,1357.0,745.0,40.0,0.0,572.0,1357.0,290.0,screener
ARTEMISMED,Mar 2026,2026-03-31,annual,16.0,919.0,262.0,232.0,1429.0,805.0,28.0,0.0,596.0,1429.0,262.0,screener
ARVIND,Mar 2022,2022-03-31,annual,261.0,2690.0,1865.0,2881.0,7697.0,3481.0,46.0,66.0,4104.0,7697.0,1799.0,screener
ARVIND,Mar 2023,2023-03-31,annual,262.0,3084.0,1517.0,2035.0,6898.0,3427.0,80.0,211.0,3180.0,6898.0,1306.0,screener
ARVIND,Mar 2024,2024-03-31,annual,262.0,3281.0,1448.0,2254.0,7245.0,3421.0,117.0,167.0,3539.0,7245.0,1281.0,screener
ARVIND,Mar 2025,2025-03-31,annual,262.0,3524.0,1562.0,2684.0,8032.0,3578.0,409.0,150.0,3895.0,8032.0,1412.0,screener
ARVIND,Mar 2026,2026-03-31,annual,262.0,3782.0,1660.0,3133.0,8836.0,3995.0,119.0,269.0,4453.0,8836.0,1391.0,screener
ARVINDFASN,Mar 2022,2022-03-31,annual,53.0,697.0,958.0,1558.0,3267.0,661.0,0.0,0.0,2605.0,3267.0,958.0,screener
ARVINDFASN,Mar 2023,2023-03-31,annual,53.0,857.0,1265.0,1497.0,3672.0,865.0,2.0,0.0,2805.0,3672.0,1265.0,screener
ARVINDFASN,Mar 2024,2024-03-31,annual,53.0,950.0,1148.0,1456.0,3607.0,896.0,4.0,0.0,2707.0,3607.0,1148.0,screener
ARVINDFASN,Mar 2025,2025-03-31,annual,53.0,904.0,1157.0,1695.0,3809.0,1008.0,3.0,0.0,2798.0,3809.0,1157.0,screener
ARVINDFASN,Mar 2026,2026-03-31,annual,53.0,890.0,1336.0,1936.0,4216.0,1080.0,4.0,0.0,3132.0,4216.0,1336.0,screener
ARVINDPORT,Mar 2025,2025-03-31,annual,17.8,62.86,8.01,14.03,102.7,70.96,0.93,9.34,21.47,102.7,-1.33,screener
ARVINDPORT,Mar 2026,2026-03-31,annual,17.8,63.92,3.87,11.92,97.51,64.77,2.25,6.59,23.9,97.51,-2.72,screener
ARVSMART,Mar 2022,2022-03-31,annual,42.0,397.0,30.0,667.0,1136.0,43.0,13.0,0.0,1080.0,1136.0,30.0,screener
ARVSMART,Mar 2023,2023-03-31,annual,45.0,421.0,146.0,898.0,1511.0,46.0,17.0,83.0,1364.0,1511.0,63.0,screener
ARVSMART,Mar 2024,2024-03-31,annual,45.0,449.0,110.0,1497.0,2102.0,53.0,19.0,103.0,1927.0,2102.0,7.0,screener
ARVSMART,Mar 2025,2025-03-31,annual,46.0,552.0,285.0,1783.0,2666.0,58.0,25.0,186.0,2397.0,2666.0,99.0,screener
ARVSMART,Mar 2026,2026-03-31,annual,46.0,603.0,583.0,2361.0,3594.0,60.0,62.0,121.0,3350.0,3594.0,462.0,screener
ASAHIINDIA,Mar 2022,2022-03-31,annual,24.0,1738.0,1238.0,776.0,3777.0,2323.0,91.0,85.0,1278.0,3777.0,1153.0,screener
ASAHIINDIA,Mar 2023,2023-03-31,annual,24.0,2050.0,1401.0,1104.0,4580.0,2395.0,235.0,112.0,1839.0,4580.0,1289.0,screener
ASAHIINDIA,Mar 2024,2024-03-31,annual,24.0,2329.0,1968.0,1179.0,5500.0,2616.0,826.0,85.0,1972.0,5500.0,1883.0,screener
ASAHIINDIA,Mar 2025,2025-03-31,annual,24.0,2645.0,2696.0,1425.0,6790.0,4046.0,562.0,50.0,2132.0,6790.0,2646.0,screener
ASAHIINDIA,Mar 2026,2026-03-31,annual,25.0,3907.0,2198.0,1642.0,7772.0,4532.0,445.0,78.0,2718.0,7772.0,2120.0,screener
ASAHISONG,Mar 2022,2022-03-31,annual,12.0,230.0,87.0,138.0,468.0,235.0,0.0,1.0,231.0,468.0,86.0,screener
ASAHISONG,Mar 2023,2023-03-31,annual,12.0,207.0,180.0,147.0,545.0,275.0,25.0,1.0,244.0,545.0,179.0,screener
ASAHISONG,Mar 2024,2024-03-31,annual,12.0,224.0,197.0,138.0,570.0,306.0,11.0,1.0,253.0,570.0,196.0,screener
ASAHISONG,Mar 2025,2025-03-31,annual,12.0,243.0,167.0,162.0,584.0,305.0,0.0,0.0,278.0,584.0,167.0,screener
ASAHISONG,Mar 2026,2026-03-31,annual,12.0,260.0,143.0,188.0,603.0,287.0,0.0,2.0,314.0,603.0,141.0,screener
ASHALOG,Mar 2022,2022-03-31,annual,0.37,38.0,43.0,34.0,116.0,32.0,0.0,0.0,83.0,116.0,43.0,screener
ASHALOG,Mar 2023,2023-03-31,annual,0.37,48.0,35.0,22.0,105.0,29.0,0.0,0.0,76.0,105.0,35.0,screener
ASHALOG,Mar 2024,2024-03-31,annual,10.0,55.0,41.0,20.0,126.0,32.0,0.0,0.0,94.0,126.0,41.0,screener
ASHALOG,Mar 2025,2025-03-31,annual,14.0,117.0,62.0,21.0,213.0,57.0,6.0,5.0,146.0,213.0,57.0,screener
ASHALOG,Mar 2026,2026-03-31,annual,14.0,126.0,79.0,35.0,253.0,64.0,27.0,0.0,162.0,253.0,79.0,screener
ASHAPURMIN,Mar 2022,2022-03-31,annual,18.0,503.0,639.0,1264.0,2424.0,539.0,254.0,268.0,1363.0,2424.0,371.0,screener
ASHAPURMIN,Mar 2023,2023-03-31,annual,18.0,646.0,758.0,1627.0,3050.0,584.0,262.0,288.0,1915.0,3050.0,470.0,screener
ASHAPURMIN,Mar 2024,2024-03-31,annual,18.0,912.0,984.0,1397.0,3311.0,577.0,504.0,321.0,1909.0,3311.0,663.0,screener
ASHAPURMIN,Mar 2025,2025-03-31,annual,19.0,1223.0,1163.0,1526.0,3931.0,1349.0,55.0,344.0,2181.0,3931.0,819.0,screener
ASHAPURMIN,Mar 2026,2026-03-31,annual,19.0,1630.0,1444.0,1605.0,4698.0,1499.0,51.0,371.0,2778.0,4698.0,1073.0,screener
ASHIANA,Mar 2022,2022-03-31,annual,20.0,716.0,174.0,954.0,1864.0,93.0,0.0,138.0,1633.0,1864.0,36.0,screener
ASHIANA,Mar 2023,2023-03-31,annual,20.0,739.0,184.0,1256.0,2200.0,74.0,3.0,101.0,2022.0,2200.0,83.0,screener
ASHIANA,Mar 2024,2024-03-31,annual,20.0,750.0,148.0,1484.0,2402.0,101.0,0.0,108.0,2192.0,2402.0,40.0,screener
ASHIANA,Mar 2025,2025-03-31,annual,20.0,744.0,276.0,2448.0,3488.0,128.0,0.0,206.0,3153.0,3488.0,70.0,screener
ASHIANA,Mar 2026,2026-03-31,annual,20.0,839.0,323.0,3101.0,4284.0,110.0,0.0,286.0,3887.0,4284.0,37.0,screener
ASHIKA,Mar 2007,2007-03-31,annual,5.0,5.0,,1.0,23.0,3.0,0.0,1.0,19.0,23.0,,screener
ASHIKA,Mar 2008,2008-03-31,annual,5.0,5.0,,7.0,18.0,1.0,0.0,1.0,16.0,18.0,,screener
ASHIKA,Mar 2024,2024-03-31,annual,12.0,56.0,,2.0,95.0,0.0,0.0,94.0,1.0,95.0,,screener
ASHIKA,Mar 2025,2025-03-31,annual,33.0,407.0,,2.0,443.0,1.0,0.0,341.0,102.0,443.0,,screener
ASHIKA,Mar 2026,2026-03-31,annual,45.0,1124.0,,432.0,1862.0,186.0,0.0,723.0,953.0,1862.0,,screener
ASHOKA,Mar 2022,2022-03-31,annual,140.0,1240.0,3635.0,10389.0,15405.0,1309.0,73.0,65.0,13959.0,15405.0,3570.0,screener
ASHOKA,Mar 2023,2023-03-31,annual,140.0,1535.0,5509.0,9860.0,17045.0,6927.0,62.0,73.0,9982.0,17045.0,5436.0,screener
ASHOKA,Mar 2024,2024-03-31,annual,140.0,2080.0,5450.0,11338.0,19009.0,6689.0,39.0,112.0,12169.0,19009.0,5338.0,screener
ASHOKA,Mar 2025,2025-03-31,annual,140.0,3775.0,1988.0,14670.0,20573.0,1124.0,53.0,221.0,19175.0,20573.0,1767.0,screener
ASHOKA,Mar 2026,2026-03-31,annual,140.0,6439.0,1608.0,4862.0,13050.0,1162.0,54.0,440.0,11394.0,13050.0,1168.0,screener
ASHOKLEY,Mar 2022,2022-03-31,annual,294.0,7010.0,24145.0,12125.0,43574.0,7895.0,240.0,2652.0,32787.0,43574.0,21493.0,screener
ASHOKLEY,Mar 2023,2023-03-31,annual,294.0,8260.0,31161.0,14965.0,54679.0,8129.0,268.0,4852.0,41430.0,54679.0,26309.0,screener
ASHOKLEY,Mar 2024,2024-03-31,annual,294.0,8711.0,40802.0,17788.0,67595.0,8157.0,415.0,2329.0,56695.0,67595.0,38473.0,screener
ASHOKLEY,Mar 2025,2025-03-31,annual,294.0,11938.0,49962.0,19352.0,81546.0,8837.0,577.0,6610.0,65523.0,81546.0,43352.0,screener
ASHOKLEY,Mar 2026,2026-03-31,annual,587.0,13654.0,63936.0,22527.0,100704.0,10435.0,940.0,7467.0,81862.0,100704.0,56469.0,screener
ASIANENE,Mar 2022,2022-03-31,annual,38.0,204.0,8.0,88.0,338.0,112.0,0.0,6.0,220.0,338.0,2.0,screener
ASIANENE,Mar 2023,2023-03-31,annual,38.0,162.0,21.0,76.0,297.0,96.0,0.0,20.0,181.0,297.0,1.0,screener
ASIANENE,Mar 2024,2024-03-31,annual,41.0,237.0,22.0,84.0,384.0,112.0,1.0,12.0,259.0,384.0,10.0,screener
ASIANENE,Mar 2025,2025-03-31,annual,45.0,354.0,24.0,170.0,592.0,115.0,3.0,33.0,441.0,592.0,-9.0,screener
ASIANENE,Mar 2026,2026-03-31,annual,45.0,449.0,159.0,266.0,918.0,115.0,46.0,12.0,746.0,918.0,147.0,screener
ASIANHOTNR,Mar 2020,2020-03-31,annual,19.0,611.0,1212.0,291.0,2133.0,1727.0,279.0,1.0,126.0,2133.0,1211.0,screener
ASIANHOTNR,Mar 2021,2021-03-31,annual,19.0,409.0,1265.0,310.0,2003.0,1626.0,297.0,1.0,78.0,2003.0,1264.0,screener
ASIANHOTNR,Mar 2022,2022-03-31,annual,19.0,218.0,1079.0,239.0,1556.0,1479.0,1.0,0.0,76.0,1556.0,1079.0,screener
ASIANHOTNR,Mar 2025,2025-03-31,annual,19.0,243.0,550.0,732.0,1544.0,1418.0,1.0,0.0,125.0,1544.0,550.0,screener
ASIANHOTNR,Mar 2026,2026-03-31,annual,43.0,878.0,334.0,438.0,1692.0,1384.0,0.0,0.0,309.0,1692.0,334.0,screener
ASIANPAINT,Mar 2022,2022-03-31,annual,96.0,13716.0,1587.0,7560.0,22958.0,5519.0,426.0,3248.0,13765.0,22958.0,-1661.0,screener
ASIANPAINT,Mar 2023,2023-03-31,annual,96.0,15896.0,1933.0,7854.0,25779.0,5770.0,1020.0,4262.0,14728.0,25779.0,-2329.0,screener
ASIANPAINT,Mar 2024,2024-03-31,annual,96.0,18632.0,2474.0,8698.0,29901.0,7147.0,2698.0,4588.0,15468.0,29901.0,-2114.0,screener
ASIANPAINT,Mar 2025,2025-03-31,annual,96.0,19304.0,2290.0,8665.0,30355.0,9220.0,1254.0,4725.0,15156.0,30355.0,-2435.0,screener
ASIANPAINT,Mar 2026,2026-03-31,annual,96.0,21276.0,3929.0,9218.0,34519.0,9640.0,1849.0,7062.0,15968.0,34519.0,-3133.0,screener
ASKAUTOLTD,Mar 2022,2022-03-31,annual,40.0,592.0,175.0,298.0,1106.0,738.0,3.0,0.0,365.0,1106.0,175.0,screener
ASKAUTOLTD,Mar 2023,2023-03-31,annual,39.0,604.0,328.0,310.0,1281.0,726.0,118.0,4.0,433.0,1281.0,324.0,screener
ASKAUTOLTD,Mar 2024,2024-03-31,annual,39.0,777.0,346.0,402.0,1565.0,992.0,64.0,20.0,488.0,1565.0,326.0,screener
ASKAUTOLTD,Mar 2025,2025-03-31,annual,39.0,1004.0,412.0,469.0,1924.0,1267.0,65.0,37.0,555.0,1924.0,375.0,screener
ASKAUTOLTD,Mar 2026,2026-03-31,annual,39.0,1272.0,679.0,567.0,2557.0,1566.0,152.0,45.0,794.0,2557.0,634.0,screener
ASTEC,Mar 2022,2022-03-31,annual,20.0,377.0,279.0,221.0,897.0,340.0,23.0,0.0,534.0,897.0,279.0,screener
ASTEC,Mar 2023,2023-03-31,annual,20.0,400.0,341.0,219.0,979.0,318.0,127.0,0.0,534.0,979.0,341.0,screener
ASTEC,Mar 2024,2024-03-31,annual,20.0,350.0,494.0,112.0,975.0,386.0,165.0,0.0,424.0,975.0,494.0,screener
ASTEC,Mar 2025,2025-03-31,annual,20.0,215.0,555.0,92.0,881.0,499.0,21.0,0.0,361.0,881.0,555.0,screener
ASTEC,Mar 2026,2026-03-31,annual,22.0,368.0,449.0,102.0,942.0,459.0,20.0,0.0,463.0,942.0,449.0,screener
ASTERDM,Mar 2022,2022-03-31,annual,500.0,3080.0,5282.0,3661.0,12521.0,7009.0,998.0,45.0,4470.0,12521.0,5237.0,screener
ASTERDM,Mar 2023,2023-03-31,annual,500.0,3574.0,6075.0,4687.0,14836.0,9052.0,279.0,80.0,5425.0,14836.0,5995.0,screener
ASTERDM,Mar 2024,2024-03-31,annual,500.0,3686.0,1758.0,12039.0,17983.0,3175.0,170.0,17.0,14620.0,17983.0,1741.0,screener
ASTERDM,Mar 2025,2025-03-31,annual,500.0,2554.0,2392.0,1154.0,6600.0,3920.0,293.0,245.0,2142.0,6600.0,2147.0,screener
ASTERDM,Mar 2026,2026-03-31,annual,518.0,4058.0,2220.0,1316.0,8112.0,4249.0,413.0,1167.0,2284.0,8112.0,1053.0,screener
ASTRAL,Mar 2022,2022-03-31,annual,20.0,2316.0,98.0,952.0,3387.0,1496.0,123.0,0.0,1768.0,3387.0,98.0,screener
ASTRAL,Mar 2023,2023-03-31,annual,27.0,2684.0,87.0,1564.0,4362.0,1950.0,126.0,0.0,2286.0,4362.0,87.0,screener
ASTRAL,Mar 2024,2024-03-31,annual,27.0,3161.0,119.0,1188.0,4496.0,2299.0,151.0,0.0,2046.0,4496.0,119.0,screener
ASTRAL,Mar 2025,2025-03-31,annual,27.0,3590.0,233.0,1198.0,5048.0,2712.0,116.0,0.0,2220.0,5048.0,233.0,screener
ASTRAL,Mar 2026,2026-03-31,annual,27.0,4031.0,250.0,1481.0,5789.0,2939.0,94.0,0.0,2755.0,5789.0,250.0,screener
ASTRAMICRO,Mar 2022,2022-03-31,annual,17.0,568.0,70.0,313.0,969.0,160.0,0.0,14.0,795.0,969.0,56.0,screener
ASTRAMICRO,Mar 2023,2023-03-31,annual,17.0,625.0,186.0,228.0,1057.0,167.0,2.0,11.0,877.0,1057.0,175.0,screener
ASTRAMICRO,Mar 2024,2024-03-31,annual,19.0,947.0,238.0,270.0,1474.0,170.0,13.0,24.0,1267.0,1474.0,214.0,screener
ASTRAMICRO,Mar 2025,2025-03-31,annual,19.0,1079.0,424.0,329.0,1851.0,229.0,3.0,32.0,1587.0,1851.0,392.0,screener
ASTRAMICRO,Mar 2026,2026-03-31,annual,19.0,1296.0,288.0,386.0,1988.0,267.0,9.0,50.0,1662.0,1988.0,238.0,screener
ASTRON,Mar 2022,2022-03-31,annual,46.0,137.0,76.0,90.0,350.0,144.0,8.0,2.0,197.0,350.0,74.0,screener
ASTRON,Mar 2023,2023-03-31,annual,46.0,113.0,84.0,68.0,312.0,155.0,0.0,1.0,155.0,312.0,83.0,screener
ASTRON,Mar 2024,2024-03-31,annual,46.0,102.0,83.0,63.0,294.0,150.0,0.0,1.0,143.0,294.0,82.0,screener
ASTRON,Mar 2025,2025-03-31,annual,46.0,45.0,78.0,48.0,217.0,142.0,0.0,1.0,74.0,217.0,77.0,screener
ASTRON,Mar 2026,2026-03-31,annual,46.0,22.0,77.0,58.0,203.0,135.0,0.0,1.0,67.0,203.0,76.0,screener
ATGL,Mar 2022,2022-03-31,annual,110.0,2306.0,1035.0,964.0,4415.0,1733.0,1171.0,634.0,878.0,4415.0,401.0,screener
ATGL,Mar 2023,2023-03-31,annual,110.0,2831.0,1422.0,1282.0,5645.0,2335.0,1619.0,682.0,1010.0,5645.0,740.0,screener
ATGL,Mar 2024,2024-03-31,annual,110.0,3470.0,1557.0,1454.0,6592.0,3174.0,1502.0,706.0,1209.0,6592.0,851.0,screener
ATGL,Mar 2025,2025-03-31,annual,110.0,4097.0,1834.0,1624.0,7665.0,3651.0,1872.0,811.0,1331.0,7665.0,1023.0,screener
ATGL,Mar 2026,2026-03-31,annual,110.0,4755.0,2255.0,2428.0,9549.0,4314.0,2001.0,1690.0,1544.0,9549.0,565.0,screener
ATLANTAELE,Mar 2022,2022-03-31,annual,14.0,90.0,76.0,256.0,436.0,47.0,0.0,0.0,389.0,436.0,76.0,screener
ATLANTAELE,Mar 2023,2023-03-31,annual,14.0,151.0,74.0,322.0,561.0,47.0,3.0,1.0,510.0,561.0,73.0,screener
ATLANTAELE,Mar 2024,2024-03-31,annual,14.0,214.0,49.0,282.0,559.0,65.0,12.0,1.0,482.0,559.0,48.0,screener
ATLANTAELE,Mar 2025,2025-03-31,annual,14.0,336.0,146.0,370.0,866.0,76.0,113.0,1.0,676.0,866.0,145.0,screener
ATLANTAELE,Mar 2026,2026-03-31,annual,15.0,914.0,51.0,529.0,1509.0,507.0,30.0,13.0,959.0,1509.0,38.0,screener
ATUL,Mar 2022,2022-03-31,annual,30.0,4399.0,144.0,1117.0,5690.0,1634.0,420.0,1339.0,2297.0,5690.0,-1195.0,screener
ATUL,Mar 2023,2023-03-31,annual,30.0,4642.0,52.0,1028.0,5752.0,1770.0,1033.0,881.0,2068.0,5752.0,-829.0,screener
ATUL,Mar 2024,2024-03-31,annual,29.0,5085.0,237.0,1104.0,6455.0,2792.0,281.0,1392.0,1990.0,6455.0,-1155.0,screener
ATUL,Mar 2025,2025-03-31,annual,29.0,5569.0,202.0,1179.0,6980.0,2847.0,124.0,1766.0,2242.0,6980.0,-1564.0,screener
ATUL,Mar 2026,2026-03-31,annual,29.0,6192.0,183.0,1465.0,7870.0,2676.0,110.0,2592.0,2492.0,7870.0,-2409.0,screener
ATULAUTO,Mar 2022,2022-03-31,annual,11.0,266.0,188.0,81.0,545.0,199.0,60.0,0.0,285.0,545.0,188.0,screener
ATULAUTO,Mar 2023,2023-03-31,annual,12.0,336.0,171.0,90.0,609.0,258.0,1.0,17.0,332.0,609.0,154.0,screener
ATULAUTO,Mar 2024,2024-03-31,annual,14.0,406.0,144.0,91.0,655.0,250.0,0.0,23.0,382.0,655.0,121.0,screener
ATULAUTO,Mar 2025,2025-03-31,annual,14.0,427.0,110.0,120.0,671.0,246.0,1.0,0.0,424.0,671.0,110.0,screener
ATULAUTO,Mar 2026,2026-03-31,annual,14.0,470.0,145.0,141.0,769.0,237.0,3.0,57.0,473.0,769.0,88.0,screener
AUBANK,Mar 2014,2014-03-31,annual,43.0,606.0,,249.0,3377.0,23.0,0.0,65.0,3289.0,3377.0,,screener
AUBANK,Mar 2015,2015-03-31,annual,44.0,794.0,,397.0,4823.0,24.0,0.0,65.0,4733.0,4823.0,,screener
AUBANK,Mar 2016,2016-03-31,annual,44.0,1022.0,,634.0,7933.0,30.0,0.0,89.0,7813.0,7933.0,,screener
AUBANK,Mar 2017,2017-03-31,annual,284.0,1703.0,,753.0,9812.0,36.0,240.0,2150.0,7386.0,9812.0,,screener
AURIONPRO,Mar 2022,2022-03-31,annual,23.0,374.0,61.0,189.0,647.0,144.0,14.0,40.0,448.0,647.0,21.0,screener
AURIONPRO,Mar 2023,2023-03-31,annual,23.0,475.0,88.0,263.0,849.0,213.0,6.0,36.0,594.0,849.0,52.0,screener
AURIONPRO,Mar 2024,2024-03-31,annual,25.0,905.0,81.0,386.0,1398.0,449.0,23.0,0.0,926.0,1398.0,81.0,screener
AURIONPRO,Mar 2025,2025-03-31,annual,54.0,1450.0,31.0,414.0,1948.0,732.0,20.0,0.0,1196.0,1948.0,31.0,screener
AURIONPRO,Mar 2026,2026-03-31,annual,54.0,1684.0,61.0,536.0,2335.0,892.0,0.0,0.0,1443.0,2335.0,61.0,screener
AUROPHARMA,Mar 2022,2022-03-31,annual,59.0,24517.0,2851.0,6211.0,33638.0,10532.0,3747.0,997.0,18362.0,33638.0,1854.0,screener
AUROPHARMA,Mar 2023,2023-03-31,annual,59.0,26781.0,5286.0,7379.0,39505.0,11024.0,5390.0,543.0,22549.0,39505.0,4743.0,screener
AUROPHARMA,Mar 2024,2024-03-31,annual,59.0,29784.0,6648.0,8227.0,44717.0,14493.0,3869.0,372.0,25983.0,44717.0,6276.0,screener
AUROPHARMA,Mar 2025,2025-03-31,annual,58.0,32595.0,8263.0,8566.0,49482.0,14794.0,4900.0,252.0,29536.0,49482.0,8011.0,screener
AUROPHARMA,Mar 2026,2026-03-31,annual,58.0,37833.0,8073.0,12232.0,58196.0,17407.0,5214.0,1051.0,34525.0,58196.0,7022.0,screener
AURUM,Mar 2022,2022-03-31,annual,14.0,154.0,8.0,45.0,221.0,67.0,3.0,47.0,104.0,221.0,-39.0,screener
AURUM,Mar 2023,2023-03-31,annual,20.0,203.0,99.0,71.0,392.0,235.0,2.0,28.0,127.0,392.0,71.0,screener
AURUM,Mar 2024,2024-03-31,annual,20.0,160.0,323.0,141.0,644.0,457.0,16.0,25.0,146.0,644.0,298.0,screener
AURUM,Mar 2025,2025-03-31,annual,28.0,247.0,273.0,127.0,675.0,446.0,12.0,50.0,167.0,675.0,223.0,screener
AURUM,Mar 2026,2026-03-31,annual,38.0,468.0,225.0,217.0,948.0,518.0,1.0,79.0,350.0,948.0,146.0,screener
AVALON,Mar 2022,2022-03-31,annual,2.0,87.0,318.0,183.0,589.0,114.0,2.0,0.0,473.0,589.0,318.0,screener
AVALON,Mar 2023,2023-03-31,annual,12.0,525.0,342.0,301.0,1180.0,128.0,15.0,0.0,1038.0,1180.0,342.0,screener
AVALON,Mar 2024,2024-03-31,annual,13.0,534.0,209.0,168.0,923.0,147.0,20.0,75.0,681.0,923.0,134.0,screener
AVALON,Mar 2025,2025-03-31,annual,13.0,598.0,180.0,246.0,1038.0,185.0,10.0,35.0,808.0,1038.0,145.0,screener
AVALON,Mar 2026,2026-03-31,annual,13.0,708.0,213.0,330.0,1264.0,192.0,24.0,81.0,967.0,1264.0,132.0,screener
AVANTEL,Mar 2022,2022-03-31,annual,4.0,78.0,16.0,11.0,109.0,27.0,7.0,0.0,75.0,109.0,16.0,screener
AVANTEL,Mar 2023,2023-03-31,annual,16.0,91.0,30.0,12.0,149.0,31.0,9.0,0.0,110.0,149.0,30.0,screener
AVANTEL,Mar 2024,2024-03-31,annual,49.0,115.0,18.0,34.0,216.0,48.0,18.0,0.0,149.0,216.0,18.0,screener
AVANTEL,Mar 2025,2025-03-31,annual,49.0,188.0,26.0,26.0,290.0,115.0,5.0,0.0,171.0,290.0,26.0,screener
AVANTEL,Mar 2026,2026-03-31,annual,53.0,285.0,34.0,37.0,410.0,181.0,6.0,0.0,223.0,410.0,34.0,screener
AVANTIFEED,Mar 2022,2022-03-31,annual,14.0,1882.0,4.0,617.0,2516.0,273.0,40.0,931.0,1272.0,2516.0,-927.0,screener
AVANTIFEED,Mar 2023,2023-03-31,annual,14.0,2082.0,3.0,636.0,2735.0,398.0,34.0,1005.0,1298.0,2735.0,-1002.0,screener
AVANTIFEED,Mar 2024,2024-03-31,annual,14.0,2352.0,17.0,716.0,3098.0,497.0,9.0,746.0,1847.0,3098.0,-729.0,screener
AVANTIFEED,Mar 2025,2025-03-31,annual,14.0,2787.0,15.0,867.0,3683.0,564.0,30.0,1100.0,1988.0,3683.0,-1085.0,screener
AVANTIFEED,Mar 2026,2026-03-31,annual,14.0,3272.0,13.0,961.0,4260.0,592.0,20.0,1262.0,2386.0,4260.0,-1249.0,screener
AVG,Mar 2022,2022-03-31,annual,12.0,70.0,287.0,55.0,424.0,238.0,0.0,10.0,176.0,424.0,277.0,screener
AVG,Mar 2023,2023-03-31,annual,12.0,78.0,266.0,52.0,408.0,216.0,2.0,10.0,179.0,408.0,256.0,screener
AVG,Mar 2024,2024-03-31,annual,14.0,186.0,220.0,28.0,449.0,230.0,0.0,10.0,208.0,449.0,210.0,screener
AVG,Mar 2025,2025-03-31,annual,15.0,232.0,219.0,34.0,499.0,216.0,8.0,11.0,264.0,499.0,208.0,screener
AVG,Sep 2025,2025-09-30,annual,15.0,242.0,280.0,38.0,574.0,219.0,14.0,12.0,330.0,574.0,268.0,screener
AVG,Mar 2026,2026-03-31,annual,15.0,256.0,220.0,58.0,548.0,193.0,20.0,12.0,323.0,548.0,208.0,screener
AWFIS,Mar 2022,2022-03-31,annual,30.0,-75.0,437.0,167.0,560.0,340.0,9.0,16.0,194.0,560.0,421.0,screener
AWFIS,Mar 2023,2023-03-31,annual,30.0,-56.0,695.0,261.0,931.0,653.0,1.0,0.0,277.0,931.0,695.0,screener
AWFIS,Mar 2024,2024-03-31,annual,19.0,-113.0,1079.0,413.0,1398.0,916.0,9.0,0.0,473.0,1398.0,1079.0,screener
AWFIS,Mar 2025,2025-03-31,annual,71.0,388.0,1413.0,635.0,2507.0,1580.0,18.0,0.0,909.0,2507.0,1413.0,screener
AWFIS,Mar 2026,2026-03-31,annual,72.0,481.0,1501.0,857.0,2910.0,1701.0,12.0,0.0,1196.0,2910.0,1501.0,screener
AWHCL,Mar 2022,2022-03-31,annual,14.0,403.0,175.0,352.0,944.0,238.0,61.0,0.0,645.0,944.0,175.0,screener
AWHCL,Mar 2023,2023-03-31,annual,14.0,472.0,355.0,397.0,1238.0,309.0,250.0,0.0,680.0,1238.0,355.0,screener
AWHCL,Mar 2024,2024-03-31,annual,14.0,560.0,447.0,429.0,1450.0,662.0,41.0,0.0,747.0,1450.0,447.0,screener
AWHCL,Mar 2025,2025-03-31,annual,14.0,645.0,505.0,476.0,1641.0,721.0,56.0,0.0,865.0,1641.0,505.0,screener
AWHCL,Mar 2026,2026-03-31,annual,14.0,725.0,459.0,541.0,1739.0,742.0,29.0,0.0,968.0,1739.0,459.0,screener
AWL,Mar 2022,2022-03-31,annual,130.0,7476.0,2701.0,11010.0,21317.0,4601.0,275.0,362.0,16079.0,21317.0,2339.0,screener
AWL,Mar 2023,2023-03-31,annual,130.0,8036.0,2396.0,10417.0,20979.0,4793.0,324.0,392.0,15469.0,20979.0,2004.0,screener
AWL,Mar 2024,2024-03-31,annual,130.0,8186.0,2628.0,8833.0,19777.0,4921.0,879.0,312.0,13665.0,19777.0,2316.0,screener
AWL,Mar 2025,2025-03-31,annual,130.0,9294.0,1937.0,11051.0,22412.0,5481.0,1060.0,624.0,15248.0,22412.0,1313.0,screener
AWL,Mar 2026,2026-03-31,annual,129.0,10311.0,1109.0,13186.0,24736.0,7143.0,443.0,1082.0,16069.0,24736.0,27.0,screener
AXISBANK,Mar 2022,2022-03-31,annual,614.0,117647.0,,56576.0,1195779.0,4753.0,215.0,274608.0,916203.0,1195779.0,,screener
AXISBANK,Mar 2023,2023-03-31,annual,615.0,129166.0,,62598.0,1344418.0,5000.0,142.0,288095.0,1051181.0,1344418.0,,screener
AXISBANK,Mar 2024,2024-03-31,annual,617.0,156406.0,,65913.0,1518239.0,5860.0,267.0,332354.0,1179758.0,1518239.0,,screener
AXISBANK,Mar 2025,2025-03-31,annual,619.0,186616.0,,78119.0,1656963.0,6661.0,121.0,396685.0,1253496.0,1656963.0,,screener
AXISBANK,Mar 2026,2026-03-31,annual,622.0,212957.0,,118169.0,1946050.0,6756.0,0.0,446422.0,1492872.0,1946050.0,,screener
AXISCADES,Mar 2022,2022-03-31,annual,19.0,312.0,72.0,392.0,796.0,286.0,0.0,19.0,491.0,796.0,53.0,screener
AXISCADES,Mar 2023,2023-03-31,annual,19.0,319.0,346.0,222.0,906.0,312.0,0.0,33.0,560.0,906.0,313.0,screener
AXISCADES,Mar 2024,2024-03-31,annual,21.0,564.0,319.0,231.0,1135.0,414.0,0.0,37.0,685.0,1135.0,282.0,screener
AXISCADES,Mar 2025,2025-03-31,annual,21.0,628.0,258.0,216.0,1123.0,398.0,8.0,60.0,658.0,1123.0,198.0,screener
AXISCADES,Mar 2026,2026-03-31,annual,21.0,706.0,388.0,351.0,1466.0,468.0,44.0,17.0,936.0,1466.0,371.0,screener
AYMSYNTEX,Mar 2008,2008-03-31,annual,24.0,28.0,100.0,57.0,208.0,107.0,1.0,22.0,78.0,208.0,78.0,screener
AYMSYNTEX,Mar 2023,2023-03-31,annual,50.0,370.0,276.0,224.0,920.0,448.0,31.0,0.0,441.0,920.0,276.0,screener
AYMSYNTEX,Mar 2024,2024-03-31,annual,51.0,373.0,324.0,277.0,1025.0,480.0,20.0,0.0,524.0,1025.0,324.0,screener
AYMSYNTEX,Mar 2025,2025-03-31,annual,58.0,519.0,202.0,251.0,1031.0,482.0,11.0,0.0,538.0,1031.0,202.0,screener
AYMSYNTEX,Mar 2026,2026-03-31,annual,59.0,530.0,188.0,295.0,1072.0,525.0,42.0,0.0,505.0,1072.0,188.0,screener
AZAD,Mar 2022,2022-03-31,annual,2.0,118.0,197.0,87.0,404.0,144.0,24.0,0.0,236.0,404.0,197.0,screener
AZAD,Mar 2023,2023-03-31,annual,2.0,202.0,301.0,85.0,589.0,217.0,38.0,0.0,335.0,589.0,301.0,screener
AZAD,Mar 2024,2024-03-31,annual,12.0,633.0,39.0,113.0,797.0,257.0,45.0,0.0,494.0,797.0,39.0,screener
AZAD,Mar 2025,2025-03-31,annual,13.0,1381.0,263.0,204.0,1861.0,436.0,80.0,0.0,1345.0,1861.0,263.0,screener
AZAD,Mar 2026,2026-03-31,annual,13.0,1516.0,474.0,197.0,2200.0,779.0,257.0,0.0,1164.0,2200.0,474.0,screener
BAJAJ-AUTO,Mar 2022,2022-03-31,annual,289.0,29570.0,123.0,5129.0,35111.0,1836.0,77.0,26634.0,6564.0,35111.0,-26511.0,screener
BAJAJ-AUTO,Mar 2023,2023-03-31,annual,283.0,29079.0,124.0,5651.0,35136.0,2842.0,85.0,26183.0,6026.0,35136.0,-26059.0,screener
BAJAJ-AUTO,Mar 2024,2024-03-31,annual,279.0,28683.0,1912.0,8470.0,39344.0,3217.0,35.0,28087.0,8005.0,39344.0,-26175.0,screener
BAJAJ-AUTO,Mar 2025,2025-03-31,annual,279.0,34909.0,9364.0,9557.0,54110.0,3677.0,61.0,28914.0,21459.0,54110.0,-19550.0,screener
BAJAJ-AUTO,Mar 2026,2026-03-31,annual,280.0,38552.0,22713.0,15369.0,76914.0,11961.0,1521.0,24642.0,38790.0,76914.0,-1929.0,screener
BAJAJCON,Mar 2022,2022-03-31,annual,15.0,795.0,0.0,122.0,931.0,152.0,28.0,612.0,140.0,931.0,-612.0,screener
BAJAJCON,Mar 2023,2023-03-31,annual,14.0,775.0,9.0,125.0,924.0,160.0,28.0,575.0,161.0,924.0,-566.0,screener
BAJAJCON,Mar 2024,2024-03-31,annual,14.0,816.0,9.0,144.0,984.0,158.0,28.0,586.0,212.0,984.0,-577.0,screener
BAJAJCON,Mar 2025,2025-03-31,annual,14.0,734.0,4.0,149.0,901.0,154.0,28.0,401.0,318.0,901.0,-397.0,screener
BAJAJCON,Mar 2026,2026-03-31,annual,13.0,742.0,16.0,174.0,945.0,298.0,27.0,367.0,253.0,945.0,-351.0,screener
BAJAJELEC,Mar 2022,2022-03-31,annual,23.0,1709.0,91.0,2169.0,3992.0,754.0,44.0,5.0,3189.0,3992.0,86.0,screener
BAJAJELEC,Mar 2023,2023-03-31,annual,23.0,1884.0,101.0,2985.0,4993.0,770.0,42.0,47.0,4134.0,4993.0,54.0,screener
BAJAJELEC,Mar 2024,2024-03-31,annual,23.0,1418.0,215.0,2177.0,3833.0,916.0,63.0,35.0,2819.0,3833.0,180.0,screener
BAJAJELEC,Mar 2025,2025-03-31,annual,23.0,1702.0,243.0,2251.0,4219.0,950.0,13.0,233.0,3023.0,4219.0,10.0,screener
BAJAJELEC,Mar 2026,2026-03-31,annual,23.0,1571.0,159.0,2507.0,4260.0,909.0,1.0,402.0,2948.0,4260.0,-243.0,screener
BAJAJFINSV,Mar 2022,2022-03-31,annual,80.0,40167.0,161179.0,131987.0,333413.0,3586.0,113.0,119222.0,210493.0,333413.0,41957.0,screener
BAJAJFINSV,Mar 2023,2023-03-31,annual,159.0,46248.0,212265.0,146729.0,405401.0,4336.0,191.0,136176.0,264698.0,405401.0,76089.0,screener
BAJAJFINSV,Mar 2024,2024-03-31,annual,159.0,60169.0,288933.0,188154.0,537415.0,5455.0,220.0,170127.0,361613.0,537415.0,118806.0,screener
BAJAJFINSV,Mar 2025,2025-03-31,annual,160.0,72236.0,355855.0,223269.0,651519.0,6297.0,314.0,190130.0,454778.0,651519.0,165725.0,screener
BAJAJFINSV,Mar 2026,2026-03-31,annual,160.0,77755.0,429914.0,250669.0,758498.0,6800.0,250.0,194414.0,557034.0,758498.0,235500.0,screener
BAJAJHLDNG,Mar 2022,2022-03-31,annual,111.0,42731.0,114.0,10632.0,53588.0,310.0,0.0,52964.0,314.0,53588.0,-52850.0,screener
BAJAJHLDNG,Mar 2023,2023-03-31,annual,111.0,44071.0,93.0,8913.0,53188.0,278.0,0.0,52555.0,355.0,53188.0,-52462.0,screener
BAJAJHLDNG,Mar 2024,2024-03-31,annual,111.0,54136.0,63.0,10851.0,65161.0,244.0,0.0,64715.0,203.0,65161.0,-64652.0,screener
BAJAJHLDNG,Mar 2025,2025-03-31,annual,111.0,62576.0,31.0,12547.0,75266.0,203.0,0.0,73808.0,1254.0,75266.0,-73777.0,screener
BAJAJHLDNG,Mar 2026,2026-03-31,annual,111.0,73039.0,10.0,12027.0,85187.0,181.0,0.0,84865.0,142.0,85187.0,-84855.0,screener
BAJAJINDEF,Mar 2025,2025-03-31,annual,3.0,250.0,4.0,45.0,301.0,35.0,2.0,199.0,66.0,301.0,-195.0,screener
BAJAJINDEF,Mar 2026,2026-03-31,annual,3.0,267.0,3.0,60.0,332.0,46.0,0.0,210.0,77.0,332.0,-207.0,screener
BAJEL,Mar 2024,2024-03-31,annual,23.0,543.0,15.0,762.0,1343.0,69.0,0.0,3.0,1271.0,1343.0,12.0,screener
BAJEL,Mar 2025,2025-03-31,annual,23.0,643.0,140.0,1269.0,2075.0,98.0,0.0,82.0,1895.0,2075.0,58.0,screener
BAJEL,Mar 2026,2026-03-31,annual,23.0,724.0,367.0,1424.0,2538.0,108.0,7.0,66.0,2357.0,2538.0,301.0,screener
BAJFINANCE,Mar 2022,2022-03-31,annual,121.0,43592.0,,3561.0,212505.0,1716.0,34.0,12246.0,198509.0,212505.0,,screener
BAJFINANCE,Mar 2023,2023-03-31,annual,121.0,54251.0,,4164.0,275226.0,2308.0,80.0,22752.0,250087.0,275226.0,,screener
BAJFINANCE,Mar 2024,2024-03-31,annual,124.0,76572.0,,5700.0,375742.0,3250.0,43.0,30881.0,341568.0,375742.0,,screener
BAJFINANCE,Mar 2025,2025-03-31,annual,124.0,96569.0,,8185.0,466127.0,3780.0,41.0,34441.0,427865.0,466127.0,,screener
BAJFINANCE,Mar 2026,2026-03-31,annual,622.0,113377.0,,10841.0,559952.0,4004.0,62.0,30578.0,525309.0,559952.0,,screener
BALAMINES,Mar 2022,2022-03-31,annual,6.0,1243.0,101.0,395.0,1745.0,681.0,141.0,0.0,923.0,1745.0,101.0,screener
BALAMINES,Mar 2023,2023-03-31,annual,6.0,1548.0,58.0,351.0,1963.0,780.0,113.0,73.0,996.0,1963.0,-15.0,screener
BALAMINES,Mar 2024,2024-03-31,annual,6.0,1715.0,20.0,405.0,2146.0,896.0,205.0,0.0,1046.0,2146.0,20.0,screener
BALAMINES,Mar 2025,2025-03-31,annual,6.0,1839.0,11.0,396.0,2252.0,1003.0,238.0,0.0,1011.0,2252.0,11.0,screener
BALAMINES,Mar 2026,2026-03-31,annual,6.0,1970.0,133.0,633.0,2743.0,1043.0,512.0,0.0,1188.0,2743.0,133.0,screener
BALKRISIND,Mar 2022,2022-03-31,annual,39.0,6894.0,2529.0,1517.0,10979.0,4019.0,1258.0,1897.0,3805.0,10979.0,632.0,screener
BALKRISIND,Mar 2023,2023-03-31,annual,39.0,7518.0,3347.0,1444.0,12348.0,5384.0,1392.0,2037.0,3535.0,12348.0,1310.0,screener
BALKRISIND,Mar 2024,2024-03-31,annual,39.0,8815.0,3099.0,1731.0,13685.0,6317.0,944.0,2686.0,3737.0,13685.0,413.0,screener
BALKRISIND,Mar 2025,2025-03-31,annual,39.0,10349.0,3267.0,1980.0,15635.0,6941.0,986.0,3264.0,4443.0,15635.0,3.0,screener
BALKRISIND,Mar 2026,2026-03-31,annual,39.0,10917.0,4111.0,2700.0,17766.0,7409.0,2472.0,3124.0,4761.0,17766.0,987.0,screener
BALLARPUR,Mar 2022,2022-03-31,annual,259.0,-3915.0,3943.0,7642.0,7929.0,1237.0,0.0,3935.0,2758.0,7929.0,8.0,screener
BALLARPUR,Mar 2023,2023-03-31,annual,259.0,575.0,1854.0,4470.0,7157.0,610.0,0.0,4498.0,2050.0,7157.0,-2644.0,screener
BALLARPUR,Mar 2024,2024-03-31,annual,55.0,295.0,1960.0,4781.0,7091.0,598.0,0.0,4580.0,1913.0,7091.0,-2620.0,screener
BALLARPUR,Mar 2025,2025-03-31,annual,55.0,-174.0,2054.0,5292.0,7227.0,589.0,83.0,4642.0,1913.0,7227.0,-2588.0,screener
BALLARPUR,Mar 2026,2026-03-31,annual,55.0,-766.0,2262.0,6171.0,7722.0,747.0,0.0,5021.0,1955.0,7722.0,-2759.0,screener
BALMLAWRIE,Mar 2022,2022-03-31,annual,171.0,1416.0,122.0,736.0,2445.0,767.0,11.0,436.0,1231.0,2445.0,-314.0,screener
BALMLAWRIE,Mar 2023,2023-03-31,annual,171.0,1510.0,121.0,860.0,2662.0,760.0,28.0,518.0,1356.0,2662.0,-397.0,screener
BALMLAWRIE,Mar 2024,2024-03-31,annual,171.0,1650.0,113.0,939.0,2873.0,751.0,52.0,565.0,1505.0,2873.0,-452.0,screener
BALMLAWRIE,Mar 2025,2025-03-31,annual,171.0,1798.0,106.0,966.0,3040.0,737.0,67.0,632.0,1604.0,3040.0,-526.0,screener
BALMLAWRIE,Mar 2026,2026-03-31,annual,171.0,1898.0,220.0,1061.0,3349.0,883.0,34.0,730.0,1702.0,3349.0,-510.0,screener
BALRAMCHIN,Mar 2022,2022-03-31,annual,20.0,2749.0,1211.0,512.0,4492.0,1634.0,204.0,173.0,2482.0,4492.0,1038.0,screener_yfinance_fallback_normalized
BALRAMCHIN,Mar 2023,2023-03-31,annual,20.0,2875.0,1880.0,653.0,5429.0,2599.0,24.0,263.0,2543.0,5429.0,1617.0,screener_yfinance_fallback_normalized
BALRAMCHIN,Mar 2024,2024-03-31,annual,20.0,3381.0,2009.0,678.0,6088.0,2639.0,46.0,339.0,3064.0,6088.0,1670.0,screener_yfinance_fallback_normalized
BALRAMCHIN,Mar 2025,2025-03-31,annual,20.0,3775.0,2627.0,707.0,7129.0,2645.0,106.0,431.0,3947.0,7129.0,2196.0,screener_yfinance_fallback_normalized
BALRAMCHIN,Mar 2026,2026-03-31,annual,20.0,4118.0,3170.0,1098.0,8406.0,2604.0,1747.0,468.0,3587.0,8406.0,2702.0,screener_yfinance_fallback_normalized
BALUFORGE,Mar 2022,2022-03-31,annual,82.0,76.0,47.0,78.0,284.0,42.0,7.0,0.0,235.0,284.0,47.0,screener
BALUFORGE,Mar 2023,2023-03-31,annual,83.0,114.0,52.0,121.0,371.0,48.0,7.0,0.0,316.0,371.0,52.0,screener
BALUFORGE,Mar 2024,2024-03-31,annual,103.0,450.0,49.0,111.0,712.0,57.0,130.0,0.0,525.0,712.0,49.0,screener
BALUFORGE,Mar 2025,2025-03-31,annual,111.0,942.0,40.0,159.0,1252.0,183.0,417.0,0.0,652.0,1252.0,40.0,screener
BALUFORGE,Mar 2026,2026-03-31,annual,121.0,1473.0,152.0,104.0,1851.0,547.0,277.0,0.0,1027.0,1851.0,152.0,screener
BANCOINDIA,Mar 2022,2022-03-31,annual,14.0,967.0,115.0,405.0,1502.0,297.0,15.0,1.0,1190.0,1502.0,114.0,screener
BANCOINDIA,Mar 2023,2023-03-31,annual,14.0,987.0,418.0,435.0,1855.0,359.0,18.0,0.0,1477.0,1855.0,418.0,screener
BANCOINDIA,Mar 2024,2024-03-31,annual,14.0,1037.0,423.0,508.0,1982.0,454.0,10.0,0.0,1518.0,1982.0,423.0,screener
BANCOINDIA,Mar 2025,2025-03-31,annual,29.0,1274.0,573.0,868.0,2744.0,516.0,5.0,38.0,2185.0,2744.0,535.0,screener
BANCOINDIA,Mar 2026,2026-03-31,annual,29.0,1656.0,614.0,760.0,3058.0,472.0,11.0,79.0,2496.0,3058.0,535.0,screener
BANKBARODA,Mar 2022,2022-03-31,annual,1036.0,90833.0,,62922.0,1340121.0,11098.0,1.0,347587.0,981435.0,1340121.0,,screener
BANKBARODA,Mar 2023,2023-03-31,annual,1036.0,104019.0,,78224.0,1525871.0,9865.0,3.0,397487.0,1118516.0,1525871.0,,screener
BANKBARODA,Mar 2024,2024-03-31,annual,1036.0,118677.0,,73123.0,1654775.0,9054.0,6.0,407136.0,1238580.0,1654775.0,,screener
BANKBARODA,Mar 2025,2025-03-31,annual,1036.0,145467.0,,82762.0,1861766.0,13544.0,1.0,427380.0,1420842.0,1861766.0,,screener
BANKBARODA,Mar 2026,2026-03-31,annual,1036.0,164833.0,,89425.0,2101485.0,13107.0,1.0,435778.0,1652599.0,2101485.0,,screener
BANKINDIA,Mar 2022,2022-03-31,annual,4104.0,52418.0,,29807.0,743131.0,9570.0,286.0,180274.0,553001.0,743131.0,,screener
BANKINDIA,Mar 2023,2023-03-31,annual,4104.0,56329.0,,28393.0,826036.0,9950.0,110.0,211324.0,604652.0,826036.0,,screener
BANKINDIA,Mar 2024,2024-03-31,annual,4553.0,66028.0,,32127.0,924280.0,10178.0,150.0,234592.0,679361.0,924280.0,,screener
BANKINDIA,Mar 2025,2025-03-31,annual,4553.0,76172.0,,32024.0,1056425.0,11865.0,182.0,268002.0,776376.0,1056425.0,,screener
BANKINDIA,Mar 2026,2026-03-31,annual,4553.0,85405.0,,39980.0,1179538.0,11670.0,207.0,279084.0,888577.0,1179538.0,,screener
BANSALWIRE,Mar 2022,2022-03-31,annual,9.0,214.0,413.0,59.0,695.0,116.0,0.0,23.0,557.0,695.0,390.0,screener
BANSALWIRE,Mar 2023,2023-03-31,annual,9.0,273.0,422.0,44.0,749.0,116.0,38.0,23.0,573.0,749.0,399.0,screener
BANSALWIRE,Mar 2024,2024-03-31,annual,64.0,359.0,681.0,160.0,1264.0,229.0,212.0,1.0,821.0,1264.0,680.0,screener
BANSALWIRE,Mar 2025,2025-03-31,annual,78.0,1191.0,608.0,291.0,2168.0,693.0,178.0,1.0,1296.0,2168.0,607.0,screener
BANSALWIRE,Mar 2026,2026-03-31,annual,78.0,1352.0,555.0,532.0,2517.0,831.0,214.0,1.0,1471.0,2517.0,554.0,screener
BANSWRAS,Mar 2022,2022-03-31,annual,17.0,382.0,262.0,222.0,882.0,314.0,29.0,3.0,536.0,882.0,259.0,screener
BANSWRAS,Mar 2023,2023-03-31,annual,17.0,492.0,373.0,186.0,1069.0,370.0,22.0,6.0,671.0,1069.0,367.0,screener
BANSWRAS,Mar 2024,2024-03-31,annual,17.0,518.0,355.0,180.0,1070.0,424.0,20.0,8.0,618.0,1070.0,347.0,screener
BANSWRAS,Mar 2025,2025-03-31,annual,17.0,542.0,454.0,183.0,1197.0,521.0,20.0,10.0,646.0,1197.0,444.0,screener
BANSWRAS,Mar 2026,2026-03-31,annual,17.0,568.0,475.0,212.0,1272.0,555.0,30.0,14.0,673.0,1272.0,461.0,screener
BASF,Mar 2010,2010-03-31,annual,41.0,802.0,0.0,465.0,1308.0,254.0,10.0,0.0,1043.0,1308.0,0.0,screener
BASF,Mar 2024,2024-03-31,annual,43.0,3180.0,156.0,3853.0,7233.0,759.0,61.0,0.0,6413.0,7233.0,156.0,screener
BASF,Mar 2025,2025-03-31,annual,43.0,3591.0,190.0,4638.0,8462.0,777.0,97.0,2.0,7587.0,8462.0,188.0,screener
BASF,Mar 2026,2026-03-31,annual,43.0,3914.0,133.0,4346.0,8436.0,725.0,160.0,8.0,7542.0,8436.0,125.0,screener
BASML,Mar 2022,2022-03-31,annual,32.0,420.0,520.0,263.0,1235.0,599.0,30.0,2.0,604.0,1235.0,518.0,screener
BASML,Mar 2023,2023-03-31,annual,32.0,388.0,621.0,243.0,1284.0,638.0,6.0,7.0,633.0,1284.0,614.0,screener
BASML,Mar 2024,2024-03-31,annual,32.0,367.0,507.0,322.0,1228.0,482.0,10.0,4.0,732.0,1228.0,503.0,screener
BASML,Mar 2025,2025-03-31,annual,32.0,383.0,467.0,123.0,1005.0,478.0,15.0,4.0,509.0,1005.0,463.0,screener
BASML,Mar 2026,2026-03-31,annual,40.0,434.0,397.0,114.0,984.0,522.0,11.0,6.0,445.0,984.0,391.0,screener
BATAINDIA,Mar 2022,2022-03-31,annual,64.0,1750.0,1094.0,616.0,3525.0,1226.0,5.0,0.0,2294.0,3525.0,1094.0,screener
BATAINDIA,Mar 2023,2023-03-31,annual,64.0,1374.0,1246.0,587.0,3272.0,1392.0,4.0,0.0,1876.0,3272.0,1246.0,screener
BATAINDIA,Mar 2024,2024-03-31,annual,64.0,1463.0,1357.0,466.0,3350.0,1509.0,4.0,0.0,1837.0,3350.0,1357.0,screener
BATAINDIA,Mar 2025,2025-03-31,annual,64.0,1511.0,1446.0,801.0,3823.0,1800.0,14.0,1.0,2008.0,3823.0,1445.0,screener
BATAINDIA,Mar 2026,2026-03-31,annual,64.0,1531.0,1387.0,796.0,3778.0,1651.0,4.0,36.0,2087.0,3778.0,1351.0,screener
BATLIBOI,Mar 2022,2022-03-31,annual,14.0,111.0,75.0,87.0,287.0,194.0,2.0,0.0,91.0,287.0,75.0,screener
BATLIBOI,Mar 2023,2023-03-31,annual,14.0,122.0,75.0,77.0,289.0,193.0,0.0,0.0,96.0,289.0,75.0,screener
BATLIBOI,Mar 2024,2024-03-31,annual,21.0,134.0,93.0,145.0,393.0,196.0,1.0,0.0,196.0,393.0,93.0,screener
BATLIBOI,Mar 2025,2025-03-31,annual,24.0,173.0,82.0,106.0,384.0,200.0,4.0,29.0,152.0,384.0,53.0,screener
BATLIBOI,Mar 2026,2026-03-31,annual,24.0,167.0,80.0,115.0,385.0,212.0,1.0,14.0,158.0,385.0,66.0,screener
BAYERCROP,Dec 2005,2005-12-31,annual,40.0,250.0,120.0,436.0,846.0,161.0,8.0,4.0,674.0,846.0,116.0,screener
BAYERCROP,Dec 2006,2006-12-31,annual,40.0,294.0,112.0,468.0,914.0,153.0,4.0,4.0,754.0,914.0,108.0,screener
BBOX,Mar 2022,2022-03-31,annual,33.0,228.0,481.0,1911.0,2652.0,732.0,0.0,0.0,1920.0,2652.0,481.0,screener
BBOX,Mar 2023,2023-03-31,annual,34.0,262.0,628.0,2078.0,3002.0,794.0,2.0,30.0,2175.0,3002.0,598.0,screener
BBOX,Mar 2024,2024-03-31,annual,34.0,447.0,712.0,1607.0,2800.0,808.0,0.0,32.0,1960.0,2800.0,680.0,screener
BBOX,Mar 2025,2025-03-31,annual,34.0,725.0,942.0,1371.0,3072.0,769.0,0.0,33.0,2271.0,3072.0,909.0,screener
BBOX,Mar 2026,2026-03-31,annual,36.0,1251.0,1153.0,1854.0,4294.0,883.0,0.0,0.0,3410.0,4294.0,1153.0,screener
BBTC,Mar 2022,2022-03-31,annual,14.0,5483.0,5880.0,3874.0,15251.0,2763.0,561.0,3818.0,8109.0,15251.0,2062.0,screener
BBTC,Mar 2023,2023-03-31,annual,14.0,4018.0,6542.0,5103.0,15677.0,3638.0,108.0,4795.0,7136.0,15677.0,1747.0,screener
BBTC,Mar 2024,2024-03-31,annual,14.0,4614.0,2161.0,5121.0,11911.0,3751.0,189.0,4281.0,3690.0,11911.0,-2120.0,screener
BBTC,Mar 2025,2025-03-31,annual,14.0,5618.0,1574.0,5515.0,12721.0,3880.0,90.0,5332.0,3419.0,12721.0,-3758.0,screener
BBTC,Mar 2026,2026-03-31,annual,14.0,7028.0,1590.0,5906.0,14539.0,3814.0,42.0,6751.0,3931.0,14539.0,-5161.0,screener
BBTCL,Mar 2022,2022-03-31,annual,21.0,68.0,59.0,33.0,180.0,55.0,7.0,0.0,118.0,180.0,59.0,screener
BBTCL,Mar 2023,2023-03-31,annual,21.0,84.0,131.0,39.0,274.0,59.0,60.0,0.0,155.0,274.0,131.0,screener
BBTCL,Mar 2024,2024-03-31,annual,21.0,99.0,189.0,56.0,364.0,67.0,150.0,0.0,148.0,364.0,189.0,screener
BBTCL,Mar 2025,2025-03-31,annual,21.0,91.0,240.0,72.0,423.0,239.0,0.0,0.0,184.0,423.0,240.0,screener
BBTCL,Mar 2026,2026-03-31,annual,21.0,112.0,235.0,72.0,439.0,212.0,4.0,1.0,223.0,439.0,234.0,screener
BECTORFOOD,Mar 2022,2022-03-31,annual,59.0,410.0,136.0,117.0,722.0,411.0,12.0,11.0,288.0,722.0,125.0,screener
BECTORFOOD,Mar 2023,2023-03-31,annual,59.0,486.0,127.0,160.0,831.0,426.0,49.0,11.0,345.0,831.0,116.0,screener
BECTORFOOD,Mar 2024,2024-03-31,annual,59.0,604.0,245.0,192.0,1100.0,524.0,94.0,4.0,478.0,1100.0,241.0,screener
BECTORFOOD,Mar 2025,2025-03-31,annual,61.0,1104.0,184.0,216.0,1565.0,623.0,238.0,4.0,700.0,1565.0,180.0,screener
BECTORFOOD,Mar 2026,2026-03-31,annual,61.0,1210.0,191.0,226.0,1687.0,931.0,90.0,7.0,660.0,1687.0,184.0,screener
BEL,Mar 2022,2022-03-31,annual,244.0,12042.0,53.0,21574.0,33912.0,2675.0,1006.0,1572.0,28659.0,33912.0,-1519.0,screener
BEL,Mar 2023,2023-03-31,annual,731.0,13131.0,61.0,21567.0,35490.0,2963.0,855.0,650.0,31022.0,35490.0,-589.0,screener
BEL,Mar 2024,2024-03-31,annual,731.0,15595.0,63.0,23136.0,39524.0,3035.0,894.0,682.0,34913.0,39524.0,-619.0,screener
BEL,Mar 2025,2025-03-31,annual,731.0,19243.0,61.0,20788.0,40824.0,3419.0,1052.0,743.0,35610.0,40824.0,-682.0,screener
BEL,Mar 2026,2026-03-31,annual,731.0,23257.0,65.0,20473.0,44527.0,4121.0,731.0,800.0,38876.0,44527.0,-735.0,screener
BELRISE,Mar 2022,2022-03-31,annual,20.0,1715.0,2466.0,770.0,4972.0,0.0,0.0,59.0,4913.0,4972.0,2407.0,screener
BELRISE,Mar 2023,2023-03-31,annual,20.0,2024.0,2353.0,1281.0,5679.0,2429.0,80.0,41.0,3130.0,5679.0,2312.0,screener
BELRISE,Mar 2024,2024-03-31,annual,326.0,2015.0,2504.0,1197.0,6042.0,2460.0,179.0,9.0,3393.0,6042.0,2495.0,screener
BELRISE,Mar 2025,2025-03-31,annual,326.0,2371.0,2964.0,1565.0,7225.0,2900.0,263.0,109.0,3954.0,7225.0,2855.0,screener
BELRISE,Mar 2026,2026-03-31,annual,445.0,4781.0,1521.0,1803.0,8550.0,3104.0,240.0,113.0,5093.0,8550.0,1408.0,screener
BEML,Mar 2022,2022-03-31,annual,42.0,2315.0,832.0,2624.0,5813.0,621.0,14.0,0.0,5178.0,5813.0,832.0,screener
BEML,Mar 2023,2023-03-31,annual,42.0,2380.0,381.0,2304.0,5107.0,505.0,23.0,0.0,4579.0,5107.0,381.0,screener
BEML,Mar 2024,2024-03-31,annual,42.0,2626.0,71.0,2852.0,5591.0,528.0,37.0,0.0,5026.0,5591.0,71.0,screener
BEML,Mar 2025,2025-03-31,annual,42.0,2846.0,229.0,2928.0,6044.0,580.0,107.0,6.0,5351.0,6044.0,223.0,screener
BEML,Mar 2026,2026-03-31,annual,42.0,2892.0,309.0,3768.0,7011.0,705.0,276.0,8.0,6022.0,7011.0,301.0,screener
BEPL,Mar 2022,2022-03-31,annual,17.0,965.0,0.0,127.0,1108.0,145.0,0.0,2.0,962.0,1108.0,-2.0,screener
BEPL,Mar 2023,2023-03-31,annual,17.0,1051.0,0.0,99.0,1167.0,140.0,0.0,3.0,1024.0,1167.0,-3.0,screener
BEPL,Mar 2024,2024-03-31,annual,25.0,898.0,0.0,133.0,1056.0,133.0,19.0,3.0,902.0,1056.0,-3.0,screener
BEPL,Mar 2025,2025-03-31,annual,25.0,977.0,0.0,102.0,1104.0,137.0,11.0,3.0,953.0,1104.0,-3.0,screener
BEPL,Mar 2026,2026-03-31,annual,25.0,1058.0,0.0,202.0,1285.0,133.0,31.0,2.0,1119.0,1285.0,-2.0,screener
BERGEPAINT,Mar 2022,2022-03-31,annual,97.0,3830.0,1014.0,2271.0,7211.0,2187.0,606.0,234.0,4185.0,7211.0,780.0,screener
BERGEPAINT,Mar 2023,2023-03-31,annual,97.0,4397.0,1189.0,2283.0,7966.0,3332.0,111.0,183.0,4341.0,7966.0,1006.0,screener
BERGEPAINT,Mar 2024,2024-03-31,annual,117.0,5262.0,753.0,2236.0,8368.0,3500.0,189.0,255.0,4424.0,8368.0,498.0,screener
BERGEPAINT,Mar 2025,2025-03-31,annual,117.0,6038.0,670.0,2300.0,9125.0,3677.0,125.0,533.0,4790.0,9125.0,137.0,screener
BERGEPAINT,Mar 2026,2026-03-31,annual,117.0,6800.0,635.0,2484.0,10035.0,3841.0,316.0,1189.0,4689.0,10035.0,-554.0,screener
BETA,Mar 2022,2022-03-31,annual,10.0,83.0,21.0,45.0,158.0,55.0,0.0,1.0,102.0,158.0,20.0,screener
BETA,Mar 2023,2023-03-31,annual,10.0,113.0,20.0,55.0,198.0,63.0,0.0,1.0,135.0,198.0,19.0,screener
BETA,Mar 2024,2024-03-31,annual,10.0,148.0,15.0,82.0,254.0,65.0,0.0,0.0,190.0,254.0,15.0,screener
BETA,Mar 2025,2025-03-31,annual,10.0,187.0,138.0,101.0,436.0,89.0,0.0,0.0,347.0,436.0,138.0,screener
BETA,Mar 2026,2026-03-31,annual,10.0,235.0,148.0,103.0,496.0,125.0,0.0,0.0,371.0,496.0,148.0,screener
BFINVEST,Mar 2022,2022-03-31,annual,19.0,4019.0,0.0,345.0,4382.0,16.0,0.0,4177.0,189.0,4382.0,-4177.0,screener
BFINVEST,Mar 2023,2023-03-31,annual,19.0,4671.0,0.0,418.0,5108.0,15.0,0.0,4838.0,255.0,5108.0,-4838.0,screener
BFINVEST,Mar 2024,2024-03-31,annual,19.0,6182.0,0.0,612.0,6814.0,15.0,0.0,6459.0,340.0,6814.0,-6459.0,screener
BFINVEST,Mar 2025,2025-03-31,annual,19.0,6881.0,0.0,700.0,7600.0,14.0,0.0,7128.0,457.0,7600.0,-7128.0,screener
BFINVEST,Mar 2026,2026-03-31,annual,19.0,8520.0,0.0,855.0,9394.0,14.0,0.0,8764.0,616.0,9394.0,-8764.0,screener
BFUTILITIE,Mar 2021,2021-03-31,annual,19.0,-242.0,1715.0,656.0,2147.0,1108.0,44.0,226.0,769.0,2147.0,1489.0,screener
BFUTILITIE,Mar 2022,2022-03-31,annual,19.0,-190.0,1631.0,690.0,2150.0,1124.0,53.0,161.0,813.0,2150.0,1470.0,screener
BFUTILITIE,Mar 2023,2023-03-31,annual,19.0,-111.0,1482.0,841.0,2232.0,1098.0,133.0,55.0,946.0,2232.0,1427.0,screener
BFUTILITIE,Mar 2024,2024-03-31,annual,19.0,37.0,1298.0,1070.0,2423.0,1354.0,54.0,62.0,953.0,2423.0,1236.0,screener
BFUTILITIE,Mar 2025,2025-03-31,annual,19.0,183.0,932.0,1294.0,2427.0,1291.0,78.0,66.0,991.0,2427.0,866.0,screener
BGLOBAL,Mar 2022,2022-03-31,annual,15.84,74.97,4.47,34.88,130.16,25.33,32.19,0.05,72.59,130.16,4.42,screener
BGLOBAL,Mar 2023,2023-03-31,annual,15.84,72.25,4.05,28.88,121.02,24.53,32.19,0.05,64.25,121.02,4.0,screener
BGLOBAL,Mar 2024,2024-03-31,annual,15.84,69.75,2.53,29.91,118.03,18.3,32.19,0.09,67.45,118.03,2.44,screener
BGLOBAL,Mar 2025,2025-03-31,annual,15.84,65.32,2.48,31.76,115.4,49.7,0.0,0.11,65.59,115.4,2.37,screener
BGLOBAL,Mar 2026,2026-03-31,annual,15.84,68.16,4.72,19.49,108.21,49.22,0.0,0.14,58.85,108.21,4.58,screener
BHAGCHEM,Mar 2022,2022-03-31,annual,8.0,182.0,81.0,71.0,342.0,157.0,5.0,0.0,181.0,342.0,81.0,screener
BHAGCHEM,Mar 2023,2023-03-31,annual,10.0,303.0,50.0,83.0,447.0,173.0,28.0,0.0,246.0,447.0,50.0,screener
BHAGCHEM,Mar 2024,2024-03-31,annual,10.0,403.0,62.0,101.0,576.0,214.0,68.0,38.0,256.0,576.0,24.0,screener
BHAGCHEM,Mar 2025,2025-03-31,annual,13.0,669.0,89.0,162.0,933.0,245.0,289.0,0.0,399.0,933.0,89.0,screener
BHAGCHEM,Mar 2026,2026-03-31,annual,13.0,685.0,235.0,187.0,1120.0,581.0,94.0,0.0,445.0,1120.0,235.0,screener
BHAGYANGR,Mar 2022,2022-03-31,annual,6.0,131.0,179.0,35.0,351.0,77.0,0.0,0.0,275.0,351.0,179.0,screener
BHAGYANGR,Mar 2023,2023-03-31,annual,6.0,141.0,220.0,56.0,424.0,80.0,0.0,0.0,344.0,424.0,220.0,screener
BHAGYANGR,Mar 2024,2024-03-31,annual,6.0,187.0,101.0,39.0,334.0,77.0,0.0,0.0,256.0,334.0,101.0,screener
BHAGYANGR,Mar 2025,2025-03-31,annual,6.0,201.0,275.0,38.0,521.0,80.0,0.0,0.0,440.0,521.0,275.0,screener
BHAGYANGR,Mar 2026,2026-03-31,annual,6.0,251.0,259.0,118.0,635.0,84.0,0.0,0.0,551.0,635.0,259.0,screener
BHANDARI,Mar 2003,2003-03-31,annual,4.56,7.23,3.06,3.73,18.58,6.76,0.0,3.75,8.07,18.58,-0.69,screener
BHANDARI,Mar 2004,2004-03-31,annual,4.56,3.9,3.09,4.35,15.9,6.5,0.0,0.0,9.4,15.9,3.09,screener
BHARATFORG,Mar 2022,2022-03-31,annual,93.0,6478.0,5972.0,2950.0,15492.0,4870.0,1125.0,2604.0,6893.0,15492.0,3368.0,screener
BHARATFORG,Mar 2023,2023-03-31,annual,93.0,6612.0,7313.0,4216.0,18235.0,6161.0,701.0,2569.0,8804.0,18235.0,4744.0,screener
BHARATFORG,Mar 2024,2024-03-31,annual,93.0,7077.0,7948.0,4066.0,19184.0,6309.0,991.0,1849.0,10034.0,19184.0,6099.0,screener
BHARATFORG,Mar 2025,2025-03-31,annual,96.0,9158.0,6698.0,4017.0,19968.0,6627.0,1732.0,2063.0,9547.0,19968.0,4635.0,screener
BHARATFORG,Mar 2026,2026-03-31,annual,96.0,9484.0,7309.0,5350.0,22238.0,8215.0,1298.0,1738.0,10987.0,22238.0,5571.0,screener
BHARATIDIL,Mar 2012,2012-03-31,annual,32.0,1013.0,4350.0,2233.0,7628.0,1128.0,767.0,976.0,4758.0,7628.0,3374.0,screener
BHARATIDIL,Mar 2013,2013-03-31,annual,38.0,841.0,5475.0,2872.0,9225.0,1315.0,536.0,953.0,6421.0,9225.0,4522.0,screener
BHARATIDIL,Mar 2014,2014-03-31,annual,50.0,-216.0,5610.0,3096.0,8540.0,1212.0,244.0,920.0,6164.0,8540.0,4690.0,screener
BHARATIDIL,Mar 2015,2015-03-31,annual,50.0,-1231.0,6098.0,2835.0,7752.0,1132.0,257.0,831.0,5532.0,7752.0,5267.0,screener
BHARATIDIL,Mar 2016,2016-03-31,annual,50.0,-3437.0,7825.0,2536.0,6974.0,1054.0,192.0,507.0,5220.0,6974.0,7318.0,screener
BHARATWIRE,Mar 2022,2022-03-31,annual,64.0,5.0,652.0,53.0,774.0,492.0,0.0,0.0,282.0,774.0,652.0,screener
BHARATWIRE,Mar 2023,2023-03-31,annual,68.0,110.0,564.0,39.0,781.0,481.0,3.0,2.0,294.0,781.0,562.0,screener
BHARATWIRE,Mar 2024,2024-03-31,annual,68.0,210.0,515.0,42.0,835.0,475.0,13.0,2.0,345.0,835.0,513.0,screener
BHARTIARTL,Mar 2022,2022-03-31,annual,2795.0,63759.0,169678.0,124975.0,361207.0,244083.0,5955.0,29349.0,81820.0,361207.0,140329.0,screener
BHARTIARTL,Mar 2023,2023-03-31,annual,2837.0,74726.0,226020.0,140974.0,444557.0,277394.0,49425.0,32954.0,84784.0,444557.0,193066.0,screener
BHARTIARTL,Mar 2024,2024-03-31,annual,2877.0,79142.0,215592.0,144408.0,442019.0,303303.0,16904.0,31602.0,90210.0,442019.0,183990.0,screener
BHARTIARTL,Mar 2025,2025-03-31,annual,2900.0,110772.0,213642.0,177692.0,505006.0,388468.0,10999.0,5838.0,99700.0,505006.0,207804.0,screener
BHARTIARTL,Mar 2026,2026-03-31,annual,3047.0,146010.0,195412.0,207683.0,552152.0,406662.0,12613.0,18901.0,113976.0,552152.0,176511.0,screener
BHEL,Mar 2022,2022-03-31,annual,696.0,25810.0,4830.0,25654.0,56991.0,2398.0,431.0,205.0,53956.0,56991.0,4625.0,screener
BHEL,Mar 2023,2023-03-31,annual,696.0,23682.0,5454.0,27832.0,57664.0,2476.0,354.0,235.0,54599.0,57664.0,5219.0,screener
BHEL,Mar 2024,2024-03-31,annual,696.0,23742.0,8856.0,26489.0,59784.0,2574.0,308.0,256.0,56646.0,59784.0,8600.0,screener
BHEL,Mar 2025,2025-03-31,annual,696.0,24026.0,9015.0,35112.0,68849.0,2947.0,195.0,276.0,65431.0,68849.0,8739.0,screener
BHEL,Mar 2026,2026-03-31,annual,696.0,25450.0,8187.0,41852.0,76186.0,3094.0,399.0,302.0,72390.0,76186.0,7885.0,screener
BIKAJI,Mar 2022,2022-03-31,annual,25.0,796.0,160.0,122.0,1102.0,511.0,49.0,126.0,416.0,1102.0,34.0,screener
BIKAJI,Mar 2023,2023-03-31,annual,25.0,931.0,170.0,146.0,1271.0,661.0,70.0,20.0,520.0,1271.0,150.0,screener
BIKAJI,Mar 2024,2024-03-31,annual,25.0,1193.0,166.0,145.0,1530.0,812.0,12.0,31.0,674.0,1530.0,135.0,screener
BIKAJI,Mar 2025,2025-03-31,annual,25.0,1358.0,231.0,313.0,1927.0,986.0,98.0,56.0,787.0,1927.0,175.0,screener
BIKAJI,Mar 2026,2026-03-31,annual,25.0,1582.0,299.0,333.0,2240.0,1034.0,150.0,44.0,1011.0,2240.0,255.0,screener
BILVYAPAR,Mar 2022,2022-03-31,annual,31.38,-163.36,187.78,38.17,93.97,3.57,0.0,0.0,90.4,93.97,187.78,screener
BILVYAPAR,Mar 2023,2023-03-31,annual,31.38,-218.43,173.52,33.09,19.56,0.0,0.0,0.0,19.56,19.56,173.52,screener
BILVYAPAR,Mar 2024,2024-03-31,annual,31.38,-224.46,172.03,36.79,15.74,0.0,0.0,0.0,15.74,15.74,172.03,screener
BILVYAPAR,Mar 2025,2025-03-31,annual,31.38,-217.63,173.46,28.1,15.31,0.0,0.0,0.0,15.31,15.31,173.46,screener
BILVYAPAR,Mar 2026,2026-03-31,annual,31.38,-217.66,174.75,36.77,25.24,0.0,0.0,0.0,25.24,25.24,174.75,screener
BIOCON,Mar 2022,2022-03-31,annual,600.0,7832.0,5147.0,6763.0,20342.0,6569.0,4110.0,1588.0,8074.0,20342.0,3559.0,screener
BIOCON,Mar 2023,2023-03-31,annual,600.0,17267.0,18019.0,15856.0,51742.0,29468.0,7317.0,2069.0,12888.0,51742.0,15950.0,screener
BIOCON,Mar 2024,2024-03-31,annual,600.0,19183.0,16277.0,19693.0,55753.0,30644.0,7993.0,1000.0,16117.0,55753.0,15277.0,screener
BIOCON,Mar 2025,2025-03-31,annual,600.0,21044.0,18362.0,18534.0,58540.0,31963.0,8508.0,1127.0,16941.0,58540.0,17235.0,screener
BIOCON,Mar 2026,2026-03-31,annual,810.0,33221.0,15434.0,13943.0,63409.0,36486.0,6987.0,1779.0,18157.0,63409.0,13655.0,screener
BIRLACORPN,Mar 2022,2022-03-31,annual,77.0,5972.0,4326.0,3488.0,13863.0,7577.0,2551.0,1009.0,2726.0,13863.0,3317.0,screener
BIRLACORPN,Mar 2023,2023-03-31,annual,77.0,5904.0,4462.0,3646.0,14089.0,9843.0,358.0,867.0,3021.0,14089.0,3595.0,screener
BIRLACORPN,Mar 2024,2024-03-31,annual,77.0,6597.0,3903.0,3880.0,14458.0,9790.0,481.0,1287.0,2900.0,14458.0,2616.0,screener
BIRLACORPN,Mar 2025,2025-03-31,annual,77.0,6938.0,3489.0,3858.0,14361.0,9535.0,560.0,1452.0,2814.0,14361.0,2037.0,screener
BIRLACORPN,Mar 2026,2026-03-31,annual,77.0,7288.0,3391.0,3755.0,14510.0,9558.0,471.0,1646.0,2835.0,14510.0,1745.0,screener
BIRLAMONEY,Mar 2015,2015-03-31,annual,6.0,16.0,79.0,128.0,228.0,8.0,0.0,0.0,220.0,228.0,79.0,screener
BIRLAMONEY,Mar 2016,2016-03-31,annual,6.0,19.0,85.0,145.0,255.0,7.0,0.0,0.0,248.0,255.0,85.0,screener
BIRLAMONEY,Mar 2017,2017-03-31,annual,6.0,27.0,45.0,209.0,286.0,7.0,0.0,0.0,278.0,286.0,45.0,screener
BIRLAMONEY,Mar 2018,2018-03-31,annual,6.0,39.0,232.0,258.0,535.0,6.0,1.0,24.0,504.0,535.0,208.0,screener
BIRLAMONEY,Sep 2018,2018-09-30,annual,6.0,11.0,269.0,209.0,495.0,6.0,0.0,0.0,488.0,495.0,269.0,screener
BIRLANU,Mar 2022,2022-03-31,annual,8.0,1159.0,313.0,744.0,2223.0,1131.0,26.0,3.0,1062.0,2223.0,310.0,screener
BIRLANU,Mar 2023,2023-03-31,annual,8.0,1236.0,432.0,689.0,2364.0,1218.0,33.0,2.0,1112.0,2364.0,430.0,screener
BIRLANU,Mar 2024,2024-03-31,annual,8.0,1245.0,776.0,714.0,2743.0,1410.0,47.0,104.0,1182.0,2743.0,672.0,screener
BIRLANU,Mar 2025,2025-03-31,annual,8.0,1204.0,959.0,749.0,2920.0,1684.0,57.0,0.0,1178.0,2920.0,959.0,screener
BIRLANU,Mar 2026,2026-03-31,annual,8.0,1103.0,1112.0,848.0,3071.0,1831.0,40.0,0.0,1199.0,3071.0,1112.0,screener
BLACKBUCK,Mar 2022,2022-03-31,annual,0.01,585.0,201.0,113.0,900.0,21.0,0.0,236.0,642.0,900.0,-35.0,screener
BLACKBUCK,Mar 2023,2023-03-31,annual,0.01,353.0,178.0,124.0,654.0,31.0,0.0,211.0,413.0,654.0,-33.0,screener
BLACKBUCK,Mar 2024,2024-03-31,annual,0.01,311.0,184.0,159.0,654.0,39.0,0.0,60.0,555.0,654.0,124.0,screener
BLACKBUCK,Mar 2025,2025-03-31,annual,18.0,1220.0,38.0,157.0,1433.0,45.0,0.0,57.0,1331.0,1433.0,-19.0,screener
BLACKBUCK,Mar 2026,2026-03-31,annual,18.0,1404.0,59.0,255.0,1736.0,116.0,2.0,50.0,1567.0,1736.0,9.0,screener
BLISSGVS,Mar 2022,2022-03-31,annual,10.0,808.0,109.0,181.0,1109.0,281.0,22.0,2.0,803.0,1109.0,107.0,screener
BLISSGVS,Mar 2023,2023-03-31,annual,10.0,873.0,102.0,171.0,1157.0,379.0,3.0,8.0,768.0,1157.0,94.0,screener
BLISSGVS,Mar 2024,2024-03-31,annual,10.0,957.0,100.0,145.0,1212.0,370.0,8.0,4.0,830.0,1212.0,96.0,screener
BLISSGVS,Mar 2025,2025-03-31,annual,11.0,1040.0,88.0,162.0,1301.0,406.0,21.0,4.0,870.0,1301.0,84.0,screener
BLISSGVS,Mar 2026,2026-03-31,annual,11.0,1182.0,22.0,278.0,1492.0,459.0,6.0,5.0,1022.0,1492.0,17.0,screener
BLS,Mar 2022,2022-03-31,annual,10.0,560.0,11.0,52.0,633.0,112.0,0.0,70.0,451.0,633.0,-59.0,screener
BLS,Mar 2023,2023-03-31,annual,41.0,762.0,7.0,136.0,945.0,234.0,0.0,88.0,623.0,945.0,-81.0,screener
BLS,Mar 2024,2024-03-31,annual,41.0,1166.0,31.0,378.0,1616.0,296.0,0.0,116.0,1205.0,1616.0,-85.0,screener
BLS,Mar 2025,2025-03-31,annual,41.0,1690.0,359.0,714.0,2804.0,1363.0,11.0,220.0,1210.0,2804.0,139.0,screener
BLS,Mar 2026,2026-03-31,annual,41.0,2422.0,431.0,876.0,3770.0,1721.0,2.0,352.0,1696.0,3770.0,79.0,screener
BLSE,Mar 2022,2022-03-31,annual,0.01,15.0,15.0,26.0,56.0,15.0,0.0,0.0,41.0,56.0,15.0,screener
BLSE,Mar 2023,2023-03-31,annual,67.0,40.0,5.0,67.0,179.0,88.0,0.0,0.0,92.0,179.0,5.0,screener
BLSE,Mar 2024,2024-03-31,annual,91.0,340.0,7.0,71.0,510.0,93.0,0.0,15.0,402.0,510.0,-8.0,screener
BLSE,Mar 2025,2025-03-31,annual,91.0,392.0,7.0,183.0,672.0,148.0,11.0,110.0,404.0,672.0,-103.0,screener
BLSE,Mar 2026,2026-03-31,annual,91.0,432.0,6.0,233.0,762.0,180.0,15.0,126.0,441.0,762.0,-120.0,screener
BLUEBLENDS,Mar 2020,2020-03-31,annual,22.0,-56.0,91.0,21.0,78.0,24.0,0.0,1.0,52.0,78.0,90.0,screener
BLUEBLENDS,Mar 2021,2021-03-31,annual,22.0,-66.0,70.0,21.0,46.0,22.0,0.0,1.0,23.0,46.0,69.0,screener
BLUEBLENDS,Mar 2024,2024-03-31,annual,22.0,-135.0,108.0,32.0,27.0,12.0,0.0,1.0,14.0,27.0,107.0,screener
BLUEBLENDS,Mar 2025,2025-03-31,annual,22.0,-15.0,0.0,18.0,25.0,11.0,0.0,1.0,13.0,25.0,-1.0,screener
BLUEBLENDS,Mar 2026,2026-03-31,annual,22.0,-16.0,0.0,27.0,33.0,10.0,0.0,1.0,22.0,33.0,-1.0,screener
BLUEDART,Mar 2022,2022-03-31,annual,24.0,848.0,1066.0,891.0,2829.0,1437.0,69.0,207.0,1115.0,2829.0,859.0,screener
BLUEDART,Mar 2023,2023-03-31,annual,24.0,1156.0,1120.0,923.0,3223.0,1437.0,439.0,171.0,1176.0,3223.0,949.0,screener
BLUEDART,Mar 2024,2024-03-31,annual,24.0,1344.0,1073.0,1021.0,3461.0,1823.0,74.0,307.0,1257.0,3461.0,766.0,screener
BLUEDART,Mar 2025,2025-03-31,annual,24.0,1535.0,1007.0,1097.0,3663.0,1814.0,77.0,386.0,1386.0,3663.0,621.0,screener
BLUEDART,Mar 2026,2026-03-31,annual,24.0,1753.0,1142.0,1208.0,4127.0,2035.0,27.0,413.0,1652.0,4127.0,729.0,screener
BLUEJET,Mar 2020,2020-03-31,annual,0.6,201.0,79.0,95.0,375.0,107.0,2.0,34.0,232.0,375.0,45.0,screener
BLUEJET,Mar 2021,2021-03-31,annual,10.0,330.0,53.0,143.0,536.0,139.0,3.0,37.0,358.0,536.0,16.0,screener
BLUESTARCO,Mar 2022,2022-03-31,annual,19.0,998.0,554.0,2741.0,4313.0,433.0,152.0,162.0,3565.0,4313.0,392.0,screener
BLUESTARCO,Mar 2023,2023-03-31,annual,19.0,1311.0,662.0,3455.0,5447.0,859.0,83.0,148.0,4357.0,5447.0,514.0,screener
BLUESTARCO,Mar 2024,2024-03-31,annual,41.0,2569.0,243.0,3758.0,6611.0,1165.0,127.0,267.0,5053.0,6611.0,-24.0,screener
BLUESTARCO,Mar 2025,2025-03-31,annual,41.0,3024.0,381.0,4803.0,8249.0,1536.0,123.0,432.0,6158.0,8249.0,-51.0,screener
BLUESTARCO,Mar 2026,2026-03-31,annual,41.0,3390.0,810.0,4325.0,8567.0,1697.0,137.0,457.0,6276.0,8567.0,353.0,screener
BLUESTONE,Mar 2025,2025-03-31,annual,30.0,877.0,1915.0,711.0,3532.0,1013.0,5.0,59.0,2455.0,3532.0,1856.0,screener
BLUESTONE,Mar 2026,2026-03-31,annual,15.0,1785.0,1699.0,1461.0,4961.0,1134.0,3.0,47.0,3777.0,4961.0,1652.0,screener
BLUSPRING,Mar 2024,2024-03-31,annual,0.0,569.0,160.0,803.0,1532.0,495.0,7.0,35.0,995.0,1532.0,125.0,screener
BLUSPRING,Dec 2024,2024-12-31,annual,149.0,569.0,160.0,654.0,1532.0,495.0,7.0,35.0,995.0,1532.0,125.0,screener
BLUSPRING,Mar 2025,2025-03-31,annual,149.0,546.0,140.0,695.0,1530.0,502.0,7.0,35.0,986.0,1530.0,105.0,screener
BLUSPRING,Mar 2026,2026-03-31,annual,149.0,519.0,136.0,886.0,1690.0,521.0,0.0,35.0,1135.0,1690.0,101.0,screener
BOMDYEING,Mar 2022,2022-03-31,annual,41.0,-772.0,4442.0,520.0,4231.0,466.0,0.0,367.0,3397.0,4231.0,4075.0,screener
BOMDYEING,Mar 2023,2023-03-31,annual,41.0,-1287.0,3642.0,598.0,2994.0,442.0,0.0,194.0,2357.0,2994.0,3448.0,screener
BOMDYEING,Mar 2024,2024-03-31,annual,41.0,1833.0,3.0,684.0,2560.0,575.0,14.0,747.0,1225.0,2560.0,-744.0,screener
BOMDYEING,Mar 2025,2025-03-31,annual,41.0,2330.0,3.0,622.0,2995.0,583.0,27.0,1467.0,919.0,2995.0,-1464.0,screener
BOMDYEING,Mar 2026,2026-03-31,annual,41.0,2244.0,3.0,675.0,2963.0,600.0,61.0,1303.0,999.0,2963.0,-1300.0,screener
BOROLTD,Mar 2022,2022-03-31,annual,11.0,756.0,1.0,186.0,955.0,276.0,25.0,197.0,457.0,955.0,-196.0,screener
BOROLTD,Mar 2023,2023-03-31,annual,11.0,499.0,95.0,245.0,850.0,353.0,41.0,146.0,309.0,850.0,-51.0,screener
BOROLTD,Mar 2024,2024-03-31,annual,11.0,569.0,165.0,335.0,1080.0,548.0,26.0,85.0,421.0,1080.0,80.0,screener
BOROLTD,Mar 2025,2025-03-31,annual,12.0,796.0,93.0,230.0,1131.0,583.0,18.0,50.0,480.0,1131.0,43.0,screener
BOROLTD,Mar 2026,2026-03-31,annual,12.0,875.0,148.0,247.0,1282.0,531.0,105.0,83.0,561.0,1282.0,65.0,screener
BORORENEW,Mar 2019,2019-03-31,annual,9.0,839.0,114.0,227.0,1189.0,377.0,137.0,230.0,444.0,1189.0,-116.0,screener
BORORENEW,Mar 2023,2023-03-31,annual,13.0,906.0,421.0,292.0,1632.0,977.0,70.0,11.0,574.0,1632.0,410.0,screener
BORORENEW,Mar 2024,2024-03-31,annual,13.0,860.0,576.0,235.0,1684.0,928.0,126.0,12.0,618.0,1684.0,564.0,screener
BORORENEW,Mar 2025,2025-03-31,annual,13.0,984.0,252.0,205.0,1454.0,777.0,135.0,50.0,493.0,1454.0,202.0,screener
BORORENEW,Mar 2026,2026-03-31,annual,14.0,1497.0,162.0,152.0,1825.0,614.0,108.0,606.0,497.0,1825.0,-444.0,screener
BOROSCI,Mar 2024,2024-03-31,annual,9.0,367.0,18.0,95.0,488.0,192.0,1.0,0.0,295.0,488.0,18.0,screener
BOROSCI,Mar 2025,2025-03-31,annual,9.0,395.0,14.0,86.0,504.0,187.0,1.0,105.0,210.0,504.0,-91.0,screener
BOROSCI,Mar 2026,2026-03-31,annual,9.0,432.0,9.0,99.0,549.0,189.0,9.0,122.0,229.0,549.0,-113.0,screener
BOSCHLTD,Mar 2022,2022-03-31,annual,30.0,10650.0,73.0,4650.0,15402.0,1212.0,605.0,5521.0,8064.0,15402.0,-5448.0,screener
BOSCHLTD,Mar 2023,2023-03-31,annual,30.0,10976.0,53.0,5194.0,16252.0,1731.0,366.0,5018.0,9138.0,16252.0,-4965.0,screener
BOSCHLTD,Mar 2024,2024-03-31,annual,30.0,12027.0,39.0,5252.0,17348.0,1770.0,224.0,5121.0,10234.0,17348.0,-5082.0,screener
BOSCHLTD,Mar 2025,2025-03-31,annual,30.0,13784.0,118.0,6310.0,20241.0,1622.0,396.0,7160.0,11062.0,20241.0,-7042.0,screener
BOSCHLTD,Mar 2026,2026-03-31,annual,30.0,14816.0,119.0,6716.0,21680.0,1654.0,358.0,8020.0,11648.0,21680.0,-7901.0,screener
BPCL,Mar 2022,2022-03-31,annual,2129.0,49776.0,64534.0,71089.0,187529.0,83901.0,15433.0,23616.0,64578.0,187529.0,40918.0,screener
BPCL,Mar 2023,2023-03-31,annual,2129.0,51393.0,69376.0,65240.0,188138.0,86675.0,16249.0,26778.0,58436.0,188138.0,42598.0,screener
BPCL,Mar 2024,2024-03-31,annual,2136.0,73499.0,54599.0,72184.0,202418.0,86798.0,20204.0,26631.0,68785.0,202418.0,27968.0,screener
BPCL,Mar 2025,2025-03-31,annual,4273.0,77112.0,61101.0,75898.0,218382.0,88628.0,26387.0,26531.0,76837.0,218382.0,34570.0,screener
BPCL,Mar 2026,2026-03-31,annual,4273.0,95898.0,54424.0,94021.0,248616.0,93624.0,32911.0,30136.0,91945.0,248616.0,24288.0,screener
BRIGADE,Mar 2022,2022-03-31,annual,230.0,2680.0,4906.0,7285.0,15101.0,4905.0,541.0,509.0,9147.0,15101.0,4397.0,screener
BRIGADE,Mar 2023,2023-03-31,annual,231.0,3014.0,4634.0,8486.0,16365.0,4681.0,740.0,62.0,10882.0,16365.0,4572.0,screener
BRIGADE,Mar 2024,2024-03-31,annual,231.0,3418.0,5470.0,8740.0,17860.0,4593.0,1232.0,50.0,11985.0,17860.0,5420.0,screener
BRIGADE,Mar 2025,2025-03-31,annual,244.0,5394.0,5464.0,10973.0,22076.0,6899.0,138.0,43.0,14995.0,22076.0,5421.0,screener
BRIGADE,Mar 2026,2026-03-31,annual,245.0,6576.0,6344.0,13089.0,26253.0,8545.0,216.0,60.0,17433.0,26253.0,6284.0,screener
BRITANNIA,Mar 2022,2022-03-31,annual,24.0,2534.0,2481.0,2487.0,7527.0,1753.0,536.0,1762.0,3475.0,7527.0,719.0,screener
BRITANNIA,Mar 2023,2023-03-31,annual,24.0,3510.0,2997.0,2819.0,9351.0,2655.0,105.0,3324.0,3266.0,9351.0,-327.0,screener
BRITANNIA,Mar 2024,2024-03-31,annual,24.0,3917.0,2065.0,3065.0,9072.0,2771.0,188.0,2767.0,3346.0,9072.0,-702.0,screener
BRITANNIA,Mar 2025,2025-03-31,annual,24.0,4332.0,1247.0,3235.0,8837.0,2904.0,89.0,2865.0,2978.0,8837.0,-1618.0,screener
BRITANNIA,Mar 2026,2026-03-31,annual,24.0,5082.0,1380.0,3245.0,9732.0,2850.0,39.0,3610.0,3233.0,9732.0,-2230.0,screener
BSE,Mar 2022,2022-03-31,annual,27.0,2627.0,0.0,3531.0,6185.0,161.0,10.0,1968.0,4046.0,6185.0,-1968.0,screener
BSE,Mar 2023,2023-03-31,annual,27.0,2674.0,0.0,3293.0,5994.0,252.0,2.0,1453.0,4286.0,5994.0,-1453.0,screener
BSE,Mar 2024,2024-03-31,annual,27.0,3275.0,0.0,6148.0,9450.0,285.0,15.0,2390.0,6761.0,9450.0,-2390.0,screener
BSE,Mar 2025,2025-03-31,annual,27.0,4397.0,0.0,5918.0,10342.0,300.0,54.0,2845.0,7142.0,10342.0,-2845.0,screener
BSE,Mar 2026,2026-03-31,annual,82.0,6591.0,0.0,6773.0,13446.0,642.0,77.0,3837.0,8890.0,13446.0,-3837.0,screener
BSOFT,Mar 2022,2022-03-31,annual,56.0,2527.0,123.0,677.0,3383.0,725.0,3.0,840.0,1816.0,3383.0,-717.0,screener
BSOFT,Mar 2023,2023-03-31,annual,55.0,2393.0,102.0,637.0,3187.0,736.0,6.0,563.0,1882.0,3187.0,-461.0,screener
BSOFT,Mar 2024,2024-03-31,annual,55.0,2989.0,93.0,788.0,3926.0,697.0,12.0,1320.0,1897.0,3926.0,-1227.0,screener
BSOFT,Mar 2025,2025-03-31,annual,56.0,3423.0,151.0,833.0,4462.0,744.0,23.0,1754.0,1942.0,4462.0,-1603.0,screener
BSOFT,Mar 2026,2026-03-31,annual,56.0,4057.0,141.0,1012.0,5266.0,834.0,2.0,2171.0,2259.0,5266.0,-2030.0,screener
BUILDPRO,Mar 2023,2023-03-31,annual,23.0,620.0,88.0,561.0,1292.0,281.0,4.0,0.0,1007.0,1292.0,88.0,screener
BUILDPRO,Mar 2024,2024-03-31,annual,24.0,773.0,87.0,701.0,1586.0,293.0,3.0,0.0,1290.0,1586.0,87.0,screener
BUILDPRO,Mar 2025,2025-03-31,annual,0.01,457.0,57.0,740.0,1254.0,41.0,5.0,0.0,1208.0,1254.0,57.0,screener
BUILDPRO,Mar 2026,2026-03-31,annual,24.0,521.0,61.0,999.0,1605.0,46.0,1.0,0.0,1559.0,1605.0,61.0,screener
BURNPUR,Mar 2009,2009-03-31,annual,43.0,18.33,21.11,3.87,86.31,14.88,17.25,1.83,52.35,86.31,19.28,screener
BURNPUR,Mar 2012,2012-03-31,annual,60.1,26.26,31.33,10.25,127.94,22.63,27.49,0.0,77.82,127.94,31.33,screener
BURNPUR,Mar 2013,2013-03-31,annual,63.0,30.74,66.56,22.04,182.34,26.07,52.05,0.01,104.21,182.34,66.55,screener
BURNPUR,Mar 2014,2014-03-31,annual,65.14,39.74,130.23,32.49,267.6,36.25,133.26,0.01,98.08,267.6,130.22,screener
BURNPUR,Mar 2015,2015-03-31,annual,82.55,29.68,171.66,39.24,323.13,36.18,195.19,0.01,91.75,323.13,171.65,screener
CAMLINFINE,Mar 2022,2022-03-31,annual,16.0,732.0,646.0,396.0,1790.0,601.0,215.0,7.0,966.0,1790.0,639.0,screener
CAMLINFINE,Mar 2023,2023-03-31,annual,16.0,804.0,801.0,425.0,2045.0,858.0,43.0,8.0,1136.0,2045.0,793.0,screener
CAMLINFINE,Mar 2024,2024-03-31,annual,17.0,848.0,683.0,424.0,1972.0,816.0,46.0,8.0,1102.0,1972.0,675.0,screener
CAMLINFINE,Mar 2025,2025-03-31,annual,19.0,883.0,681.0,454.0,2037.0,704.0,10.0,61.0,1262.0,2037.0,620.0,screener
CAMLINFINE,Mar 2026,2026-03-31,annual,19.0,1022.0,720.0,563.0,2324.0,887.0,33.0,30.0,1373.0,2324.0,690.0,screener
CAMPUS,Mar 2018,2018-03-31,annual,0.1,298.0,174.0,134.0,606.0,282.0,13.0,0.0,310.0,606.0,174.0,screener
CAMPUS,Mar 2019,2019-03-31,annual,0.1,202.0,199.0,106.0,506.0,100.0,25.0,0.0,381.0,506.0,199.0,screener
CAMPUS,Mar 2020,2020-03-31,annual,152.0,133.0,276.0,162.0,722.0,169.0,35.0,0.0,518.0,722.0,276.0,screener
CAMPUS,Mar 2021,2021-03-31,annual,152.0,161.0,177.0,199.0,689.0,256.0,0.0,0.0,433.0,689.0,177.0,screener
CAMPUS,Mar 2022,2022-03-31,annual,152.0,275.0,289.0,247.0,964.0,322.0,2.0,0.0,639.0,964.0,289.0,screener
CAMS,Mar 2022,2022-03-31,annual,49.0,599.0,82.0,227.0,957.0,314.0,0.0,317.0,326.0,957.0,-235.0,screener
CAMS,Mar 2023,2023-03-31,annual,49.0,733.0,93.0,221.0,1096.0,333.0,9.0,330.0,425.0,1096.0,-237.0,screener
CAMS,Mar 2024,2024-03-31,annual,49.0,865.0,96.0,403.0,1413.0,376.0,13.0,407.0,618.0,1413.0,-311.0,screener
CAMS,Mar 2025,2025-03-31,annual,49.0,1069.0,89.0,389.0,1596.0,406.0,44.0,425.0,722.0,1596.0,-336.0,screener
CAMS,Mar 2026,2026-03-31,annual,50.0,1271.0,64.0,425.0,1810.0,493.0,1.0,446.0,871.0,1810.0,-382.0,screener
CANBK,Mar 2022,2022-03-31,annual,1814.0,68147.0,,56202.0,1258789.0,11447.0,2.0,311347.0,935992.0,1258789.0,,screener
CANBK,Mar 2023,2023-03-31,annual,1814.0,76240.0,,65816.0,1381030.0,10334.0,0.0,352893.0,1017803.0,1381030.0,,screener
CANBK,Mar 2024,2024-03-31,annual,1814.0,90319.0,,73104.0,1535018.0,12184.0,147.0,399207.0,1123480.0,1535018.0,,screener
CANBK,Mar 2025,2025-03-31,annual,1814.0,103603.0,,80950.0,1732527.0,10302.0,0.0,428024.0,1294201.0,1732527.0,,screener
CANBK,Mar 2026,2026-03-31,annual,1814.0,115891.0,,45999.0,1887325.0,10595.0,0.0,407389.0,1469341.0,1887325.0,,screener
CAPACITE,Mar 2022,2022-03-31,annual,68.0,897.0,335.0,1081.0,2381.0,694.0,14.0,1.0,1673.0,2381.0,334.0,screener
CAPACITE,Mar 2023,2023-03-31,annual,68.0,1006.0,374.0,1165.0,2612.0,659.0,21.0,1.0,1931.0,2612.0,373.0,screener
CAPACITE,Mar 2024,2024-03-31,annual,85.0,1432.0,329.0,1303.0,3149.0,593.0,9.0,3.0,2544.0,3149.0,326.0,screener
CAPACITE,Mar 2025,2025-03-31,annual,85.0,1634.0,426.0,1356.0,3500.0,584.0,3.0,22.0,2891.0,3500.0,404.0,screener
CAPACITE,Mar 2026,2026-03-31,annual,85.0,1824.0,483.0,1530.0,3922.0,655.0,32.0,32.0,3203.0,3922.0,451.0,screener
CAPILLARY,Mar 2022,2022-03-31,annual,10.0,106.0,83.0,149.0,347.0,215.0,0.0,0.0,132.0,347.0,83.0,screener
CAPILLARY,Mar 2023,2023-03-31,annual,11.0,156.0,149.0,130.0,446.0,203.0,6.0,0.0,237.0,446.0,149.0,screener
CAPILLARY,Mar 2024,2024-03-31,annual,15.0,524.0,77.0,254.0,870.0,298.0,3.0,70.0,499.0,870.0,7.0,screener
CAPILLARY,Mar 2025,2025-03-31,annual,15.0,554.0,106.0,163.0,838.0,301.0,0.0,0.0,537.0,838.0,106.0,screener
CAPILLARY,Mar 2026,2026-03-31,annual,16.0,1008.0,54.0,222.0,1299.0,460.0,0.0,136.0,702.0,1299.0,-82.0,screener
CAPLIPOINT,Mar 2022,2022-03-31,annual,15.0,1252.0,219.0,250.0,1736.0,287.0,18.0,89.0,1343.0,1736.0,130.0,screener
CAPLIPOINT,Mar 2023,2023-03-31,annual,15.0,1649.0,222.0,305.0,2191.0,280.0,221.0,281.0,1410.0,2191.0,-59.0,screener
CAPLIPOINT,Mar 2024,2024-03-31,annual,15.0,2084.0,219.0,380.0,2698.0,453.0,117.0,376.0,1753.0,2698.0,-157.0,screener
CAPLIPOINT,Mar 2025,2025-03-31,annual,15.0,2619.0,222.0,352.0,3208.0,546.0,144.0,590.0,1928.0,3208.0,-368.0,screener
CAPLIPOINT,Mar 2026,2026-03-31,annual,15.0,3571.0,5.0,454.0,4045.0,605.0,209.0,859.0,2373.0,4045.0,-854.0,screener
CARBORUNIV,Mar 2022,2022-03-31,annual,19.0,2345.0,240.0,692.0,3296.0,1006.0,58.0,138.0,2094.0,3296.0,102.0,screener
CARBORUNIV,Mar 2023,2023-03-31,annual,19.0,2802.0,277.0,774.0,3872.0,1527.0,87.0,161.0,2096.0,3872.0,116.0,screener
CARBORUNIV,Mar 2024,2024-03-31,annual,19.0,3107.0,172.0,793.0,4091.0,1555.0,84.0,172.0,2280.0,4091.0,0.0,screener
CARBORUNIV,Mar 2025,2025-03-31,annual,19.0,3510.0,216.0,835.0,4580.0,1716.0,118.0,201.0,2544.0,4580.0,15.0,screener
CARBORUNIV,Mar 2026,2026-03-31,annual,19.0,3881.0,413.0,959.0,5271.0,1906.0,141.0,199.0,3025.0,5271.0,214.0,screener
CARERATING,Mar 2022,2022-03-31,annual,30.0,618.0,9.0,69.0,725.0,96.0,8.0,44.0,577.0,725.0,-35.0,screener
CARERATING,Mar 2023,2023-03-31,annual,30.0,643.0,17.0,80.0,770.0,107.0,4.0,44.0,614.0,770.0,-27.0,screener
CARERATING,Mar 2024,2024-03-31,annual,30.0,687.0,20.0,105.0,842.0,109.0,6.0,44.0,683.0,842.0,-24.0,screener
CARERATING,Mar 2025,2025-03-31,annual,30.0,776.0,24.0,128.0,958.0,119.0,3.0,134.0,702.0,958.0,-110.0,screener
CARERATING,Mar 2026,2026-03-31,annual,30.0,902.0,26.0,146.0,1105.0,122.0,5.0,87.0,890.0,1105.0,-61.0,screener
CARRARO,Mar 2022,2022-03-31,annual,57.0,236.0,182.0,537.0,1012.0,281.0,10.0,0.0,720.0,1012.0,182.0,screener
CARRARO,Mar 2023,2023-03-31,annual,57.0,281.0,192.0,543.0,1072.0,307.0,9.0,0.0,757.0,1072.0,192.0,screener
CARRARO,Mar 2024,2024-03-31,annual,57.0,313.0,216.0,487.0,1073.0,354.0,0.0,0.0,718.0,1073.0,216.0,screener
CARRARO,Mar 2025,2025-03-31,annual,57.0,401.0,191.0,459.0,1107.0,380.0,0.0,0.0,728.0,1107.0,191.0,screener
CARRARO,Mar 2026,2026-03-31,annual,57.0,508.0,155.0,549.0,1269.0,376.0,0.0,0.0,893.0,1269.0,155.0,screener
CARTRADE,Mar 2022,2022-03-31,annual,47.0,1933.0,77.0,220.0,2276.0,1041.0,0.0,884.0,351.0,2276.0,-807.0,screener
CARTRADE,Mar 2023,2023-03-31,annual,47.0,1997.0,86.0,210.0,2340.0,1042.0,0.0,985.0,312.0,2340.0,-899.0,screener
CARTRADE,Mar 2024,2024-03-31,annual,47.0,2023.0,112.0,326.0,2508.0,1489.0,0.0,510.0,509.0,2508.0,-398.0,screener
CARTRADE,Mar 2025,2025-03-31,annual,47.0,2173.0,131.0,353.0,2705.0,1497.0,0.0,614.0,594.0,2705.0,-483.0,screener
CARTRADE,Mar 2026,2026-03-31,annual,48.0,2436.0,140.0,385.0,3009.0,1522.0,1.0,910.0,576.0,3009.0,-770.0,screener
CARYSIL,Mar 2022,2022-03-31,annual,5.0,248.0,150.0,150.0,553.0,206.0,21.0,0.0,326.0,553.0,150.0,screener
CARYSIL,Mar 2023,2023-03-31,annual,5.0,298.0,235.0,174.0,712.0,328.0,14.0,0.0,371.0,712.0,235.0,screener
CARYSIL,Mar 2024,2024-03-31,annual,5.0,349.0,312.0,178.0,845.0,404.0,10.0,0.0,430.0,845.0,312.0,screener
CARYSIL,Mar 2025,2025-03-31,annual,6.0,521.0,276.0,182.0,985.0,414.0,12.0,0.0,560.0,985.0,276.0,screener
CARYSIL,Mar 2026,2026-03-31,annual,6.0,603.0,274.0,160.0,1042.0,479.0,25.0,0.0,538.0,1042.0,274.0,screener
CCL,Mar 2022,2022-03-31,annual,27.0,1224.0,655.0,164.0,2070.0,882.0,160.0,0.0,1028.0,2070.0,655.0,screener
CCL,Mar 2023,2023-03-31,annual,27.0,1471.0,920.0,180.0,2597.0,1257.0,54.0,0.0,1286.0,2597.0,920.0,screener
CCL,Mar 2024,2024-03-31,annual,27.0,1647.0,1622.0,240.0,3536.0,1252.0,501.0,0.0,1783.0,3536.0,1622.0,screener
CCL,Mar 2025,2025-03-31,annual,27.0,1941.0,1815.0,459.0,4241.0,1622.0,450.0,0.0,2169.0,4241.0,1815.0,screener
CCL,Mar 2026,2026-03-31,annual,27.0,2318.0,1324.0,657.0,4326.0,2027.0,3.0,3.0,2293.0,4326.0,1321.0,screener
CDSL,Mar 2022,2022-03-31,annual,104.0,988.0,0.0,232.0,1326.0,106.0,4.0,925.0,290.0,1326.0,-925.0,screener
CDSL,Mar 2023,2023-03-31,annual,104.0,1109.0,2.0,241.0,1457.0,125.0,174.0,937.0,221.0,1457.0,-935.0,screener
CDSL,Mar 2024,2024-03-31,annual,104.0,1359.0,1.0,317.0,1781.0,342.0,4.0,1149.0,287.0,1781.0,-1148.0,screener
CDSL,Mar 2025,2025-03-31,annual,209.0,1551.0,3.0,399.0,2162.0,446.0,7.0,1351.0,357.0,2162.0,-1348.0,screener
CDSL,Mar 2026,2026-03-31,annual,209.0,1751.0,2.0,457.0,2419.0,502.0,6.0,1487.0,424.0,2419.0,-1485.0,screener
CEATLTD,Mar 2022,2022-03-31,annual,40.0,3232.0,2229.0,3658.0,9160.0,5329.0,876.0,179.0,2775.0,9160.0,2050.0,screener
CEATLTD,Mar 2023,2023-03-31,annual,40.0,3399.0,2295.0,3891.0,9627.0,6096.0,596.0,170.0,2765.0,9627.0,2125.0,screener
CEATLTD,Mar 2024,2024-03-31,annual,40.0,4002.0,1792.0,4160.0,9994.0,6271.0,684.0,182.0,2858.0,9994.0,1610.0,screener
CEATLTD,Mar 2025,2025-03-31,annual,40.0,4328.0,2136.0,4707.0,11212.0,6984.0,538.0,190.0,3501.0,11212.0,1946.0,screener
CEATLTD,Mar 2026,2026-03-31,annual,40.0,5006.0,3272.0,5584.0,13902.0,8478.0,598.0,222.0,4604.0,13902.0,3050.0,screener
CEIGALL,Mar 2022,2022-03-31,annual,39.0,392.0,316.0,212.0,959.0,126.0,4.0,71.0,759.0,959.0,245.0,screener
CEIGALL,Mar 2023,2023-03-31,annual,39.0,554.0,703.0,532.0,1828.0,249.0,2.0,23.0,1555.0,1828.0,680.0,screener
CEIGALL,Mar 2024,2024-03-31,annual,79.0,809.0,1066.0,638.0,2592.0,301.0,2.0,2.0,2287.0,2592.0,1064.0,screener
CEIGALL,Mar 2025,2025-03-31,annual,87.0,1745.0,1397.0,1018.0,4248.0,339.0,23.0,6.0,3880.0,4248.0,1391.0,screener
CEIGALL,Mar 2026,2026-03-31,annual,87.0,2051.0,1311.0,2074.0,5523.0,341.0,4.0,10.0,5169.0,5523.0,1301.0,screener
CEINSYS,Mar 2022,2022-03-31,annual,15.0,147.0,63.0,75.0,300.0,45.0,0.0,19.0,237.0,300.0,44.0,screener
CEINSYS,Mar 2023,2023-03-31,annual,15.0,183.0,57.0,58.0,313.0,40.0,0.0,26.0,246.0,313.0,31.0,screener
CEINSYS,Mar 2024,2024-03-31,annual,16.0,218.0,9.0,83.0,326.0,44.0,0.0,44.0,239.0,326.0,-35.0,screener
CEINSYS,Mar 2025,2025-03-31,annual,17.0,394.0,49.0,117.0,578.0,80.0,3.0,22.0,473.0,578.0,27.0,screener
CEINSYS,Mar 2026,2026-03-31,annual,21.0,652.0,57.0,200.0,930.0,86.0,0.0,23.0,821.0,930.0,34.0,screener
CELLO,Mar 2022,2022-03-31,annual,0.01,88.0,463.0,780.0,1331.0,259.0,15.0,150.0,908.0,1331.0,313.0,screener
CELLO,Mar 2023,2023-03-31,annual,98.0,239.0,335.0,875.0,1547.0,272.0,26.0,177.0,1073.0,1547.0,158.0,screener
CELLO,Mar 2024,2024-03-31,annual,106.0,1043.0,371.0,450.0,1970.0,362.0,180.0,170.0,1258.0,1970.0,201.0,screener
CELLO,Mar 2025,2025-03-31,annual,110.0,2298.0,5.0,226.0,2640.0,616.0,19.0,600.0,1406.0,2640.0,-595.0,screener
CELLO,Mar 2026,2026-03-31,annual,110.0,2591.0,38.0,263.0,3002.0,711.0,66.0,620.0,1606.0,3002.0,-582.0,screener
CEMPRO,Mar 2022,2022-03-31,annual,17.0,1114.0,560.0,1925.0,3616.0,655.0,2.0,113.0,2847.0,3616.0,447.0,screener
CEMPRO,Mar 2023,2023-03-31,annual,17.0,1220.0,766.0,3013.0,5017.0,847.0,117.0,45.0,4007.0,5017.0,721.0,screener
CEMPRO,Mar 2024,2024-03-31,annual,17.0,1477.0,889.0,3534.0,5917.0,1081.0,10.0,5.0,4821.0,5917.0,884.0,screener
CEMPRO,Mar 2025,2025-03-31,annual,17.0,1816.0,993.0,3026.0,5852.0,1077.0,21.0,0.0,4753.0,5852.0,993.0,screener
CEMPRO,Mar 2026,2026-03-31,annual,17.0,2382.0,1001.0,3686.0,7086.0,1168.0,22.0,0.0,5897.0,7086.0,1001.0,screener
CENTENKA,Mar 2023,2023-03-31,annual,22.0,1300.0,68.0,233.0,1623.0,645.0,106.0,344.0,528.0,1623.0,-276.0,screener
CENTENKA,Mar 2024,2024-03-31,annual,22.0,1343.0,52.0,268.0,1684.0,806.0,4.0,342.0,533.0,1684.0,-290.0,screener
CENTENKA,Mar 2025,2025-03-31,annual,22.0,1396.0,37.0,327.0,1782.0,788.0,13.0,409.0,571.0,1782.0,-372.0,screener
CENTENKA,Mar 2026,2026-03-31,annual,22.0,1474.0,22.0,333.0,1851.0,762.0,13.0,489.0,588.0,1851.0,-467.0,screener
CENTURYPLY,Mar 2022,2022-03-31,annual,22.0,1535.0,236.0,437.0,2230.0,776.0,177.0,0.0,1277.0,2230.0,236.0,screener
CENTURYPLY,Mar 2023,2023-03-31,annual,22.0,1892.0,327.0,475.0,2716.0,1069.0,236.0,0.0,1411.0,2716.0,327.0,screener
CENTURYPLY,Mar 2024,2024-03-31,annual,22.0,2189.0,771.0,569.0,3552.0,1913.0,267.0,3.0,1369.0,3552.0,768.0,screener
CENTURYPLY,Mar 2025,2025-03-31,annual,22.0,2343.0,1586.0,617.0,4568.0,2042.0,730.0,3.0,1793.0,4568.0,1583.0,screener
CENTURYPLY,Mar 2026,2026-03-31,annual,22.0,2588.0,1765.0,729.0,5104.0,2813.0,180.0,6.0,2106.0,5104.0,1759.0,screener
CESC,Mar 2022,2022-03-31,annual,133.0,10263.0,14961.0,12136.0,37493.0,23216.0,102.0,460.0,13716.0,37493.0,14501.0,screener
CESC,Mar 2023,2023-03-31,annual,133.0,10777.0,14263.0,12539.0,37712.0,22826.0,140.0,77.0,14669.0,37712.0,14186.0,screener
CESC,Mar 2024,2024-03-31,annual,133.0,11312.0,14544.0,11179.0,37168.0,22131.0,175.0,57.0,14806.0,37168.0,14487.0,screener
CESC,Mar 2025,2025-03-31,annual,133.0,11876.0,17978.0,10994.0,40981.0,22766.0,427.0,59.0,17728.0,40981.0,17919.0,screener
CESC,Mar 2026,2026-03-31,annual,133.0,12397.0,21671.0,12269.0,46470.0,22839.0,2905.0,154.0,20572.0,46470.0,21517.0,screener
CEWATER,Mar 2022,2022-03-31,annual,0.43,268.0,171.0,97.0,537.0,149.0,0.0,22.0,366.0,537.0,149.0,screener
CEWATER,Mar 2023,2023-03-31,annual,9.0,272.0,170.0,141.0,592.0,139.0,0.0,56.0,397.0,592.0,114.0,screener
CEWATER,Mar 2024,2024-03-31,annual,9.0,313.0,159.0,146.0,628.0,104.0,2.0,60.0,462.0,628.0,99.0,screener
CEWATER,Mar 2025,2025-03-31,annual,10.0,523.0,134.0,181.0,849.0,107.0,7.0,66.0,669.0,849.0,68.0,screener
CEWATER,Mar 2026,2026-03-31,annual,10.0,561.0,167.0,213.0,952.0,137.0,3.0,93.0,719.0,952.0,74.0,screener
CGCL,Mar 2022,2022-03-31,annual,35.0,1887.0,,422.0,7153.0,34.0,2.0,377.0,6739.0,7153.0,,screener
CGCL,Mar 2023,2023-03-31,annual,41.0,3524.0,,725.0,11801.0,291.0,17.0,216.0,11278.0,11801.0,,screener
CGCL,Mar 2024,2024-03-31,annual,82.0,3754.0,,907.0,15150.0,350.0,19.0,216.0,14565.0,15150.0,,screener
CGCL,Mar 2025,2025-03-31,annual,83.0,4222.0,,950.0,20831.0,341.0,3.0,160.0,20326.0,20831.0,,screener
CGCL,Mar 2026,2026-03-31,annual,96.0,7107.0,,1360.0,32676.0,364.0,0.0,1236.0,31076.0,32676.0,,screener
CGPOWER,Mar 2022,2022-03-31,annual,288.0,715.0,367.0,2852.0,4222.0,1081.0,35.0,41.0,3064.0,4222.0,326.0,screener
CGPOWER,Mar 2023,2023-03-31,annual,305.0,1485.0,16.0,2861.0,4668.0,971.0,38.0,1.0,3658.0,4668.0,15.0,screener
CGPOWER,Mar 2024,2024-03-31,annual,305.0,2712.0,17.0,2590.0,5625.0,1059.0,94.0,588.0,3884.0,5625.0,-571.0,screener
CGPOWER,Mar 2025,2025-03-31,annual,306.0,3538.0,41.0,3528.0,7413.0,1479.0,386.0,438.0,5110.0,7413.0,-397.0,screener
CGPOWER,Mar 2026,2026-03-31,annual,315.0,7655.0,118.0,4579.0,12668.0,2086.0,647.0,453.0,9481.0,12668.0,-335.0,screener
CHALET,Mar 2022,2022-03-31,annual,205.0,1136.0,2597.0,527.0,4465.0,3413.0,32.0,6.0,1013.0,4465.0,2591.0,screener
CHALET,Mar 2023,2023-03-31,annual,205.0,1337.0,2853.0,562.0,4957.0,3854.0,98.0,7.0,999.0,4957.0,2846.0,screener
CHALET,Mar 2024,2024-03-31,annual,205.0,1646.0,3005.0,922.0,5778.0,4406.0,37.0,10.0,1325.0,5778.0,2995.0,screener
CHALET,Mar 2025,2025-03-31,annual,218.0,2828.0,2604.0,1427.0,7077.0,5210.0,183.0,108.0,1575.0,7077.0,2496.0,screener
CHALET,Mar 2026,2026-03-31,annual,219.0,3479.0,2368.0,1243.0,7309.0,5693.0,132.0,29.0,1453.0,7309.0,2339.0,screener
CHAMBLFERT,Mar 2022,2022-03-31,annual,416.0,5983.0,4337.0,2553.0,13289.0,6358.0,157.0,559.0,6215.0,13289.0,3778.0,screener
CHAMBLFERT,Mar 2023,2023-03-31,annual,416.0,6652.0,3358.0,2344.0,12770.0,6262.0,103.0,2377.0,4028.0,12770.0,981.0,screener
CHAMBLFERT,Mar 2024,2024-03-31,annual,401.0,6873.0,1874.0,2361.0,11509.0,6423.0,184.0,2431.0,2471.0,11509.0,-557.0,screener
CHAMBLFERT,Mar 2025,2025-03-31,annual,401.0,8327.0,99.0,2580.0,11407.0,6221.0,650.0,1372.0,3164.0,11407.0,-1273.0,screener
CHAMBLFERT,Mar 2026,2026-03-31,annual,401.0,10007.0,1068.0,2927.0,14402.0,6110.0,1389.0,1081.0,5823.0,14402.0,-13.0,screener
CHANDAN,Mar 2022,2022-03-31,annual,20.0,4.0,17.0,41.0,82.0,29.0,0.0,6.0,46.0,82.0,11.0,screener
CHANDAN,Mar 2023,2023-03-31,annual,20.0,7.0,21.0,49.0,98.0,33.0,0.0,7.0,58.0,98.0,14.0,screener
CHANDAN,Mar 2024,2024-03-31,annual,20.0,21.0,36.0,41.0,118.0,48.0,0.0,3.0,66.0,118.0,33.0,screener
CHANDAN,Mar 2025,2025-03-31,annual,24.0,98.0,48.0,40.0,211.0,76.0,4.0,1.0,129.0,211.0,47.0,screener
CHANDAN,Mar 2026,2026-03-31,annual,24.0,147.0,54.0,65.0,290.0,101.0,12.0,20.0,156.0,290.0,34.0,screener
CHEMPLASTS,Mar 2022,2022-03-31,annual,79.0,1626.0,882.0,3015.0,5602.0,3259.0,34.0,0.0,2309.0,5602.0,882.0,screener
CHEMPLASTS,Mar 2023,2023-03-31,annual,79.0,1779.0,1019.0,2959.0,5837.0,3186.0,402.0,0.0,2249.0,5837.0,1019.0,screener
CHEMPLASTS,Mar 2024,2024-03-31,annual,79.0,1622.0,1548.0,2782.0,6030.0,3907.0,190.0,0.0,1934.0,6030.0,1548.0,screener
CHEMPLASTS,Mar 2025,2025-03-31,annual,79.0,1989.0,1842.0,2593.0,6503.0,4499.0,137.0,0.0,1866.0,6503.0,1842.0,screener
CHEMPLASTS,Mar 2026,2026-03-31,annual,79.0,1676.0,1952.0,2609.0,6315.0,4386.0,341.0,8.0,1580.0,6315.0,1944.0,screener
CHENNPETRO,Mar 2022,2022-03-31,annual,149.0,2838.0,9238.0,5298.0,17523.0,6967.0,1210.0,208.0,9139.0,17523.0,9030.0,screener
CHENNPETRO,Mar 2023,2023-03-31,annual,149.0,6326.0,4260.0,5345.0,16079.0,7637.0,331.0,206.0,7905.0,16079.0,4054.0,screener
CHENNPETRO,Mar 2024,2024-03-31,annual,149.0,8672.0,2786.0,6768.0,18375.0,7506.0,210.0,240.0,10419.0,18375.0,2546.0,screener
CHENNPETRO,Mar 2025,2025-03-31,annual,149.0,8058.0,3117.0,5785.0,17109.0,7325.0,208.0,280.0,9296.0,17109.0,2837.0,screener
CHENNPETRO,Mar 2026,2026-03-31,annual,149.0,10960.0,1964.0,6961.0,20035.0,7182.0,346.0,491.0,12016.0,20035.0,1473.0,screener
CHEVIOT,Mar 2002,2002-03-31,annual,3.0,114.0,4.0,15.0,137.0,81.0,2.0,6.0,48.0,137.0,-2.0,screener
CHOICEIN,Mar 2022,2022-03-31,annual,50.0,360.0,219.0,347.0,976.0,88.0,0.0,11.0,877.0,976.0,208.0,screener
CHOICEIN,Mar 2023,2023-03-31,annual,100.0,378.0,206.0,424.0,1107.0,126.0,5.0,11.0,965.0,1107.0,195.0,screener
CHOICEIN,Mar 2024,2024-03-31,annual,199.0,432.0,455.0,718.0,1805.0,134.0,7.0,23.0,1641.0,1805.0,432.0,screener
CHOICEIN,Mar 2025,2025-03-31,annual,200.0,828.0,679.0,909.0,2615.0,260.0,5.0,59.0,2292.0,2615.0,620.0,screener
CHOICEIN,Mar 2026,2026-03-31,annual,223.0,1449.0,908.0,987.0,3566.0,393.0,10.0,178.0,2985.0,3566.0,730.0,screener
CHOLAFIN,Mar 2022,2022-03-31,annual,164.0,11605.0,,1536.0,82478.0,259.0,37.0,2055.0,80127.0,82478.0,,screener
CHOLAFIN,Mar 2023,2023-03-31,annual,164.0,14182.0,,1923.0,113627.0,403.0,60.0,3562.0,109602.0,113627.0,,screener
CHOLAFIN,Mar 2024,2024-03-31,annual,168.0,19425.0,,2618.0,156686.0,1563.0,13.0,4036.0,151075.0,156686.0,,screener
CHOLAFIN,Mar 2025,2025-03-31,annual,168.0,23500.0,,3182.0,201887.0,1780.0,11.0,6367.0,193729.0,201887.0,,screener
CHOLAFIN,Mar 2026,2026-03-31,annual,170.0,30288.0,,3920.0,245448.0,1883.0,28.0,6646.0,236892.0,245448.0,,screener
CHOLAHLDNG,Mar 2022,2022-03-31,annual,19.0,6427.0,,22097.0,97771.0,464.0,40.0,13282.0,83984.0,97771.0,,screener
CHOLAHLDNG,Mar 2023,2023-03-31,annual,19.0,7642.0,,26181.0,131033.0,623.0,60.0,17536.0,112813.0,131033.0,,screener
CHOLAHLDNG,Mar 2024,2024-03-31,annual,19.0,10223.0,,32662.0,176917.0,1784.0,35.0,20058.0,155041.0,176917.0,,screener
CHOLAHLDNG,Mar 2025,2025-03-31,annual,19.0,12496.0,,37733.0,224615.0,2029.0,54.0,24271.0,198261.0,224615.0,,screener
CHOLAHLDNG,Mar 2026,2026-03-31,annual,19.0,15435.0,,42479.0,268333.0,2278.0,28.0,24968.0,241059.0,268333.0,,screener
CIEINDIA,Dec 2021,2021-12-31,annual,379.0,4818.0,1487.0,3137.0,9821.0,6587.0,125.0,438.0,2671.0,9821.0,1049.0,screener
CIEINDIA,Dec 2022,2022-12-31,annual,379.0,4719.0,985.0,3837.0,9920.0,5547.0,119.0,576.0,3678.0,9920.0,409.0,screener
CIEINDIA,Dec 2023,2023-12-31,annual,379.0,5609.0,855.0,2909.0,9753.0,5810.0,54.0,821.0,3068.0,9753.0,34.0,screener
CIEINDIA,Dec 2024,2024-12-31,annual,379.0,6197.0,570.0,2602.0,9749.0,5857.0,66.0,1038.0,2787.0,9749.0,-468.0,screener
CIEINDIA,Dec 2025,2025-12-31,annual,379.0,7080.0,426.0,2850.0,10736.0,6200.0,130.0,1459.0,2947.0,10736.0,-1033.0,screener
CIEINDIA,Jun 2026,2026-06-30,annual,379.0,7364.0,513.0,3055.0,11313.0,6257.0,167.0,771.0,4118.0,11313.0,-258.0,screener
CIPLA,Mar 2022,2022-03-31,annual,161.0,20680.0,1056.0,4960.0,26857.0,9683.0,766.0,2551.0,13857.0,26857.0,-1495.0,screener
CIPLA,Mar 2023,2023-03-31,annual,161.0,23246.0,803.0,5089.0,29300.0,9160.0,1093.0,3662.0,15384.0,29300.0,-2859.0,screener
CIPLA,Mar 2024,2024-03-31,annual,161.0,26545.0,559.0,5267.0,32533.0,9607.0,1153.0,5449.0,16323.0,32533.0,-4890.0,screener
CIPLA,Mar 2025,2025-03-31,annual,162.0,31032.0,438.0,5702.0,37334.0,10006.0,1566.0,7933.0,17828.0,37334.0,-7495.0,screener
CIPLA,Mar 2026,2026-03-31,annual,162.0,34270.0,614.0,7297.0,42343.0,12434.0,2042.0,8223.0,19643.0,42343.0,-7609.0,screener
CLCIND,Mar 2016,2016-03-31,annual,90.0,-476.0,877.0,251.0,741.0,222.0,0.0,260.0,259.0,741.0,617.0,screener
CLCIND,Mar 2017,2017-03-31,annual,90.0,-780.0,570.0,537.0,417.0,208.0,0.0,20.0,189.0,417.0,550.0,screener
CLCIND,Mar 2018,2018-03-31,annual,90.0,-877.0,808.0,233.0,254.0,163.0,0.0,0.0,91.0,254.0,808.0,screener
CLCIND,Mar 2019,2019-03-31,annual,90.0,-944.0,821.0,278.0,244.0,153.0,0.0,0.0,91.0,244.0,821.0,screener
CLCIND,Sep 2019,2019-09-30,annual,90.0,-987.0,314.0,814.0,230.0,148.0,0.0,0.0,82.0,230.0,314.0,screener
CLEAN,Mar 2022,2022-03-31,annual,11.0,758.0,0.0,156.0,925.0,296.0,44.0,191.0,394.0,925.0,-191.0,screener
CLEAN,Mar 2023,2023-03-31,annual,11.0,999.0,2.0,140.0,1152.0,460.0,20.0,353.0,318.0,1152.0,-351.0,screener
CLEAN,Mar 2024,2024-03-31,annual,11.0,1193.0,2.0,191.0,1396.0,636.0,57.0,339.0,364.0,1396.0,-337.0,screener
CLEAN,Mar 2025,2025-03-31,annual,11.0,1406.0,2.0,181.0,1600.0,715.0,30.0,381.0,474.0,1600.0,-379.0,screener
CLEAN,Mar 2026,2026-03-31,annual,11.0,1573.0,2.0,197.0,1783.0,760.0,118.0,405.0,500.0,1783.0,-403.0,screener
CLEANMAX,Mar 2022,2022-03-31,annual,4.0,1257.0,1605.0,862.0,3728.0,2149.0,603.0,42.0,934.0,3728.0,1563.0,screener
CLEANMAX,Mar 2023,2023-03-31,annual,4.0,1207.0,3971.0,1691.0,6873.0,2929.0,2683.0,49.0,1212.0,6873.0,3922.0,screener
CLEANMAX,Mar 2024,2024-03-31,annual,4.0,1829.0,5570.0,1465.0,8869.0,6649.0,680.0,93.0,1447.0,8869.0,5477.0,screener
CLEANMAX,Mar 2025,2025-03-31,annual,5.0,2558.0,8087.0,2374.0,13025.0,8060.0,1913.0,76.0,2976.0,13025.0,8011.0,screener
CLEANMAX,Mar 2026,2026-03-31,annual,12.0,4627.0,12684.0,5776.0,23098.0,11992.0,5339.0,102.0,5665.0,23098.0,12582.0,screener
CMICABLES,Mar 2015,2015-03-31,annual,11.0,26.0,33.0,25.0,95.0,8.0,0.0,0.0,87.0,95.0,33.0,screener
CMICABLES,Mar 2016,2016-03-31,annual,14.0,161.0,98.0,48.0,322.0,166.0,7.0,0.0,149.0,322.0,98.0,screener
CMICABLES,Mar 2017,2017-03-31,annual,15.0,192.0,158.0,131.0,496.0,164.0,5.0,0.0,328.0,496.0,158.0,screener
CMICABLES,Mar 2018,2018-03-31,annual,15.0,223.0,218.0,137.0,593.0,160.0,4.0,0.0,428.0,593.0,218.0,screener
CMICABLES,Sep 2018,2018-09-30,annual,15.0,235.0,243.0,158.0,652.0,157.0,3.0,0.0,492.0,652.0,243.0,screener
CMSINFO,Mar 2022,2022-03-31,annual,153.0,1103.0,0.0,600.0,1856.0,750.0,44.0,124.0,938.0,1856.0,-124.0,screener
CMSINFO,Mar 2023,2023-03-31,annual,154.0,1408.0,0.0,539.0,2101.0,869.0,20.0,279.0,932.0,2101.0,-279.0,screener
CMSINFO,Mar 2024,2024-03-31,annual,163.0,1784.0,0.0,712.0,2659.0,836.0,18.0,485.0,1319.0,2659.0,-485.0,screener
CMSINFO,Mar 2025,2025-03-31,annual,164.0,2102.0,0.0,853.0,3120.0,857.0,164.0,616.0,1482.0,3120.0,-616.0,screener
CMSINFO,Mar 2026,2026-03-31,annual,165.0,2268.0,221.0,584.0,3238.0,1155.0,113.0,374.0,1596.0,3238.0,-153.0,screener
CNL,Mar 2022,2022-03-31,annual,12.0,70.0,64.0,107.0,253.0,11.0,0.0,0.0,243.0,253.0,64.0,screener
CNL,Mar 2023,2023-03-31,annual,13.0,105.0,89.0,82.0,288.0,10.0,0.0,0.0,278.0,288.0,89.0,screener
CNL,Mar 2024,2024-03-31,annual,14.0,202.0,74.0,72.0,361.0,9.0,0.0,0.0,353.0,361.0,74.0,screener
CNL,Mar 2025,2025-03-31,annual,15.0,279.0,72.0,166.0,532.0,8.0,2.0,3.0,518.0,532.0,69.0,screener
CNL,Mar 2026,2026-03-31,annual,15.0,349.0,324.0,249.0,937.0,12.0,0.0,3.0,922.0,937.0,321.0,screener
COALINDIA,Mar 2022,2022-03-31,annual,6163.0,36980.0,3514.0,132780.0,179436.0,46677.0,12897.0,8921.0,110942.0,179436.0,-5407.0,screener
COALINDIA,Mar 2023,2023-03-31,annual,6163.0,54680.0,4331.0,156222.0,221396.0,64547.0,17622.0,7139.0,132087.0,221396.0,-2808.0,screener
COALINDIA,Mar 2024,2024-03-31,annual,6163.0,76567.0,6523.0,147217.0,236470.0,75668.0,18960.0,7110.0,134731.0,236470.0,-587.0,screener
COALINDIA,Mar 2025,2025-03-31,annual,6163.0,92942.0,9146.0,150735.0,258985.0,82865.0,22385.0,7591.0,146144.0,258985.0,1555.0,screener
COALINDIA,Mar 2026,2026-03-31,annual,6163.0,112939.0,14072.0,152487.0,285660.0,91846.0,15834.0,10226.0,167754.0,285660.0,3846.0,screener
COCHINSHIP,Mar 2022,2022-03-31,annual,132.0,4262.0,554.0,3467.0,8414.0,970.0,1264.0,0.0,6180.0,8414.0,554.0,screener
COCHINSHIP,Mar 2023,2023-03-31,annual,132.0,4296.0,587.0,5006.0,10021.0,953.0,1619.0,0.0,7449.0,10021.0,587.0,screener
COCHINSHIP,Mar 2024,2024-03-31,annual,132.0,4872.0,502.0,6531.0,12037.0,968.0,2196.0,0.0,8873.0,12037.0,502.0,screener
COCHINSHIP,Mar 2025,2025-03-31,annual,132.0,5448.0,560.0,7253.0,13393.0,3047.0,516.0,0.0,9830.0,13393.0,560.0,screener
COCHINSHIP,Mar 2026,2026-03-31,annual,132.0,5741.0,1672.0,6986.0,14531.0,3164.0,586.0,113.0,10667.0,14531.0,1559.0,screener
COFORGE,Mar 2022,2022-03-31,annual,61.0,2672.0,490.0,1655.0,4878.0,2067.0,17.0,0.0,2794.0,4878.0,490.0,screener
COFORGE,Mar 2023,2023-03-31,annual,61.0,3021.0,562.0,1980.0,5625.0,2312.0,5.0,0.0,3309.0,5625.0,562.0,screener
COFORGE,Mar 2024,2024-03-31,annual,62.0,3565.0,726.0,1708.0,6061.0,2353.0,23.0,0.0,3685.0,6061.0,726.0,screener
COFORGE,Mar 2025,2025-03-31,annual,67.0,6312.0,1070.0,4823.0,12272.0,6096.0,2.0,146.0,6028.0,12272.0,924.0,screener
COFORGE,Mar 2026,2026-03-31,annual,67.0,9470.0,728.0,4581.0,14846.0,6760.0,3.0,0.0,8083.0,14846.0,728.0,screener
COHANCE,Mar 2022,2022-03-31,annual,25.0,1502.0,97.0,205.0,1830.0,534.0,30.0,598.0,667.0,1830.0,-501.0,screener
COHANCE,Mar 2023,2023-03-31,annual,25.0,1710.0,70.0,160.0,1966.0,663.0,165.0,536.0,601.0,1966.0,-466.0,screener
COHANCE,Mar 2024,2024-03-31,annual,25.0,2025.0,65.0,138.0,2254.0,670.0,179.0,904.0,501.0,2254.0,-839.0,screener
COHANCE,Mar 2025,2025-03-31,annual,25.0,1671.0,279.0,1056.0,3031.0,1713.0,256.0,337.0,725.0,3031.0,-58.0,screener
COHANCE,Mar 2026,2026-03-31,annual,38.0,3873.0,400.0,1418.0,5730.0,3373.0,173.0,529.0,1655.0,5730.0,-129.0,screener
COLPAL,Mar 2006,2006-03-31,annual,136.0,145.0,4.0,353.0,638.0,164.0,9.0,145.0,319.0,638.0,-141.0,screener
COLPAL,Mar 2007,2007-03-31,annual,136.0,142.0,4.0,423.0,706.0,168.0,24.0,130.0,383.0,706.0,-126.0,screener
COLPAL,Mar 2008,2008-03-31,annual,14.0,154.0,5.0,557.0,729.0,210.0,31.0,65.0,424.0,729.0,-60.0,screener
COLPAL,Mar 2009,2009-03-31,annual,14.0,202.0,5.0,579.0,799.0,249.0,8.0,35.0,507.0,799.0,-30.0,screener
COLPAL,Mar 2010,2010-03-31,annual,14.0,317.0,5.0,550.0,885.0,254.0,6.0,20.0,604.0,885.0,-15.0,screener
COMPUSOFT,Mar 2022,2022-03-31,annual,15.83,121.68,6.01,21.88,165.4,34.51,13.64,3.15,114.1,165.4,2.86,screener
COMPUSOFT,Mar 2023,2023-03-31,annual,15.83,123.74,1.04,31.87,172.48,29.03,16.19,0.22,127.04,172.48,0.82,screener
COMPUSOFT,Mar 2024,2024-03-31,annual,15.83,126.28,38.64,22.38,203.13,26.62,16.76,0.04,159.71,203.13,38.6,screener
COMPUSOFT,Mar 2025,2025-03-31,annual,15.83,124.71,29.61,20.57,190.72,20.3,22.94,0.05,147.43,190.72,29.56,screener
COMPUSOFT,Mar 2026,2026-03-31,annual,15.83,126.32,48.58,12.44,203.17,45.1,14.54,0.01,143.52,203.17,48.57,screener
COMSYN,Mar 2022,2022-03-31,annual,12.0,93.0,84.0,32.0,222.0,94.0,0.0,0.0,128.0,222.0,84.0,screener
COMSYN,Mar 2023,2023-03-31,annual,40.0,81.0,76.0,31.0,227.0,99.0,13.0,0.0,116.0,227.0,76.0,screener
COMSYN,Mar 2024,2024-03-31,annual,40.0,89.0,109.0,36.0,273.0,108.0,0.0,22.0,143.0,273.0,87.0,screener
COMSYN,Mar 2025,2025-03-31,annual,40.0,110.0,115.0,43.0,308.0,100.0,2.0,23.0,183.0,308.0,92.0,screener
COMSYN,Mar 2026,2026-03-31,annual,40.0,137.0,129.0,52.0,358.0,106.0,26.0,24.0,202.0,358.0,105.0,screener
CONCOR,Mar 2022,2022-03-31,annual,305.0,10451.0,735.0,1511.0,13002.0,5723.0,755.0,1207.0,5317.0,13002.0,-472.0,screener
CONCOR,Mar 2023,2023-03-31,annual,305.0,10921.0,779.0,1460.0,13465.0,5621.0,837.0,1213.0,5794.0,13465.0,-434.0,screener
CONCOR,Mar 2024,2024-03-31,annual,305.0,11519.0,939.0,1276.0,14038.0,6015.0,893.0,1107.0,6024.0,14038.0,-168.0,screener
CONCOR,Mar 2025,2025-03-31,annual,305.0,12076.0,861.0,1234.0,14476.0,6578.0,854.0,1119.0,5924.0,14476.0,-258.0,screener
CONCOR,Mar 2026,2026-03-31,annual,381.0,12562.0,965.0,1269.0,15176.0,7177.0,901.0,1069.0,6028.0,15176.0,-104.0,screener
CONCORDBIO,Mar 2022,2022-03-31,annual,10.0,1094.0,62.0,147.0,1313.0,573.0,74.0,74.0,592.0,1313.0,-12.0,screener
CONCORDBIO,Mar 2023,2023-03-31,annual,10.0,1280.0,32.0,192.0,1514.0,593.0,173.0,137.0,611.0,1514.0,-105.0,screener
CONCORDBIO,Mar 2024,2024-03-31,annual,10.0,1516.0,10.0,164.0,1701.0,575.0,211.0,246.0,668.0,1701.0,-236.0,screener
CONCORDBIO,Mar 2025,2025-03-31,annual,10.0,1802.0,3.0,219.0,2034.0,795.0,51.0,335.0,854.0,2034.0,-332.0,screener
CONCORDBIO,Mar 2026,2026-03-31,annual,10.0,2007.0,2.0,212.0,2232.0,789.0,79.0,491.0,873.0,2232.0,-489.0,screener
CONSOFINVT,Mar 2018,2018-03-31,annual,32.0,1365.0,,49.0,1447.0,135.0,0.0,1257.0,54.0,1447.0,,screener
CONSOFINVT,Mar 2019,2019-03-31,annual,32.0,1048.0,,45.0,1126.0,1.0,0.0,1032.0,93.0,1126.0,,screener
CONSOFINVT,Mar 2020,2020-03-31,annual,32.0,1058.0,,35.0,1126.0,1.0,0.0,1032.0,93.0,1126.0,,screener
CONSOFINVT,Mar 2021,2021-03-31,annual,32.0,1406.0,,56.0,1494.0,1.0,0.0,1181.0,311.0,1494.0,,screener
CONSOFINVT,Sep 2021,2021-09-30,annual,32.0,1543.0,,55.0,1631.0,1.0,0.0,1391.0,239.0,1631.0,,screener
CONTROLPR,Mar 2022,2022-03-31,annual,16.0,241.0,4.0,63.0,324.0,110.0,3.0,47.0,163.0,324.0,-43.0,screener
CONTROLPR,Mar 2023,2023-03-31,annual,16.0,278.0,6.0,75.0,374.0,120.0,8.0,53.0,193.0,374.0,-47.0,screener
CONTROLPR,Mar 2024,2024-03-31,annual,16.0,318.0,7.0,93.0,434.0,150.0,8.0,40.0,236.0,434.0,-33.0,screener
CONTROLPR,Mar 2025,2025-03-31,annual,16.0,397.0,8.0,88.0,508.0,159.0,11.0,47.0,292.0,508.0,-39.0,screener
CONTROLPR,Mar 2026,2026-03-31,annual,16.0,437.0,7.0,121.0,581.0,173.0,4.0,41.0,362.0,581.0,-34.0,screener
CORDELIA,Mar 2024,2024-03-31,annual,65.0,-183.0,293.0,224.0,399.0,318.0,0.0,0.0,82.0,399.0,293.0,screener
CORDELIA,Mar 2025,2025-03-31,annual,65.0,-32.0,56.0,159.0,247.0,91.0,2.0,0.0,154.0,247.0,56.0,screener
CORDELIA,Mar 2026,2026-03-31,annual,65.0,15.0,118.0,144.0,342.0,75.0,0.0,0.0,266.0,342.0,118.0,screener
COROMANDEL,Mar 2022,2022-03-31,annual,29.0,6329.0,395.0,4532.0,11285.0,2092.0,141.0,243.0,8809.0,11285.0,152.0,screener
COROMANDEL,Mar 2023,2023-03-31,annual,29.0,7878.0,393.0,5934.0,14235.0,2200.0,399.0,287.0,11348.0,14235.0,106.0,screener
COROMANDEL,Mar 2024,2024-03-31,annual,29.0,9390.0,492.0,5933.0,15845.0,3112.0,235.0,854.0,11644.0,15845.0,-362.0,screener
COROMANDEL,Mar 2025,2025-03-31,annual,29.0,11058.0,780.0,7049.0,18917.0,4139.0,396.0,1031.0,13351.0,18917.0,-251.0,screener
COROMANDEL,Mar 2026,2026-03-31,annual,30.0,12528.0,1506.0,10397.0,24461.0,6737.0,348.0,2044.0,15331.0,24461.0,-538.0,screener
CORONA,Mar 2023,2023-03-31,annual,61.0,347.0,28.0,159.0,595.0,185.0,65.0,32.0,314.0,595.0,-4.0,screener
CORONA,Mar 2024,2024-03-31,annual,61.0,419.0,159.0,191.0,831.0,384.0,121.0,26.0,301.0,831.0,133.0,screener
CORONA,Mar 2025,2025-03-31,annual,61.0,545.0,86.0,237.0,930.0,370.0,186.0,26.0,348.0,930.0,60.0,screener
CORONA,Mar 2026,2026-03-31,annual,61.0,686.0,165.0,293.0,1205.0,554.0,143.0,26.0,482.0,1205.0,139.0,screener
COSMOFIRST,Mar 2022,2022-03-31,annual,18.0,1173.0,818.0,744.0,2753.0,1003.0,270.0,446.0,1033.0,2753.0,372.0,screener
COSMOFIRST,Mar 2023,2023-03-31,annual,26.0,1272.0,932.0,880.0,3110.0,1427.0,185.0,418.0,1080.0,3110.0,514.0,screener
COSMOFIRST,Mar 2024,2024-03-31,annual,26.0,1321.0,1048.0,1117.0,3512.0,1589.0,357.0,406.0,1160.0,3512.0,642.0,screener
COSMOFIRST,Mar 2025,2025-03-31,annual,26.0,1440.0,1438.0,1199.0,4103.0,1820.0,589.0,390.0,1305.0,4103.0,1048.0,screener
COSMOFIRST,Mar 2026,2026-03-31,annual,26.0,1590.0,1680.0,1383.0,4680.0,2478.0,189.0,394.0,1619.0,4680.0,1286.0,screener
CPCAP,Mar 2022,2022-03-31,annual,18.0,453.0,,23.0,520.0,204.0,4.0,4.0,307.0,520.0,,screener
CPCAP,Mar 2023,2023-03-31,annual,18.0,461.0,,61.0,562.0,207.0,0.0,1.0,353.0,562.0,,screener
CPCAP,Mar 2024,2024-03-31,annual,18.0,480.0,,29.0,581.0,194.0,0.0,1.0,385.0,581.0,,screener
CPCAP,Mar 2025,2025-03-31,annual,18.0,527.0,,37.0,625.0,190.0,0.0,1.0,433.0,625.0,,screener
CPCAP,Mar 2026,2026-03-31,annual,18.0,555.0,,12.0,663.0,190.0,0.0,14.0,458.0,663.0,,screener
CPEDU,Mar 2024,2024-03-31,annual,18.0,20.0,0.0,7.0,46.0,4.0,0.0,0.0,42.0,46.0,0.0,screener
CPEDU,Mar 2025,2025-03-31,annual,18.0,39.0,0.0,9.0,66.0,3.0,0.0,0.0,63.0,66.0,0.0,screener
CPEDU,Mar 2026,2026-03-31,annual,18.0,57.0,1.0,10.0,86.0,3.0,0.0,0.0,83.0,86.0,1.0,screener
CPPLUS,Mar 2022,2022-03-31,annual,2.0,284.0,190.0,738.0,1214.0,55.0,4.0,30.0,1126.0,1214.0,160.0,screener_yfinance_fallback_normalized
CPPLUS,Mar 2023,2023-03-31,annual,2.0,310.0,427.0,970.0,1709.0,65.0,7.0,30.0,1607.0,1709.0,397.0,screener_yfinance_fallback_normalized
CPPLUS,Mar 2024,2024-03-31,annual,2.0,422.0,436.0,784.0,1644.0,70.0,16.0,1.0,1558.0,1644.0,435.0,screener_yfinance_fallback_normalized
CPPLUS,Mar 2025,2025-03-31,annual,11.0,1007.0,509.0,1648.0,3175.0,740.0,30.0,1.0,2404.0,3175.0,508.0,screener_yfinance_fallback_normalized
CPPLUS,Mar 2026,2026-03-31,annual,12.0,1865.0,256.0,1858.0,3991.0,813.0,84.0,1.0,3093.0,3991.0,255.0,screener_yfinance_fallback_normalized
CRAFTSMAN,Mar 2022,2022-03-31,annual,11.0,1125.0,800.0,739.0,2675.0,1544.0,42.0,3.0,1086.0,2675.0,797.0,screener
CRAFTSMAN,Mar 2023,2023-03-31,annual,11.0,1366.0,1240.0,1190.0,3807.0,2124.0,97.0,3.0,1583.0,3807.0,1237.0,screener
CRAFTSMAN,Mar 2024,2024-03-31,annual,11.0,1647.0,1755.0,1293.0,4706.0,2567.0,179.0,4.0,1956.0,4706.0,1751.0,screener
CRAFTSMAN,Mar 2025,2025-03-31,annual,12.0,2845.0,2358.0,1902.0,7116.0,3670.0,345.0,11.0,3090.0,7116.0,2347.0,screener
CRAFTSMAN,Mar 2026,2026-03-31,annual,12.0,3252.0,3623.0,2091.0,8978.0,4676.0,382.0,14.0,3906.0,8978.0,3609.0,screener
CREDITACC,Mar 2022,2022-03-31,annual,156.0,4011.0,,394.0,17482.0,629.0,3.0,1.0,16849.0,17482.0,,screener
CREDITACC,Mar 2023,2023-03-31,annual,159.0,4948.0,,439.0,21858.0,599.0,4.0,455.0,20801.0,21858.0,,screener
CREDITACC,Mar 2024,2024-03-31,annual,159.0,6411.0,,460.0,28871.0,609.0,5.0,1439.0,26818.0,28871.0,,screener
CREDITACC,Mar 2025,2025-03-31,annual,160.0,6796.0,,401.0,27802.0,604.0,4.0,893.0,26302.0,27802.0,,screener
CREDITACC,Mar 2026,2026-03-31,annual,160.0,7682.0,,447.0,31930.0,588.0,0.0,1075.0,30267.0,31930.0,,screener
CRISIL,Dec 2021,2021-12-31,annual,7.0,1571.0,132.0,793.0,2504.0,661.0,5.0,645.0,1193.0,2504.0,-513.0,screener
CRISIL,Dec 2022,2022-12-31,annual,7.0,1785.0,83.0,956.0,2831.0,619.0,14.0,683.0,1515.0,2831.0,-600.0,screener
CRISIL,Dec 2023,2023-12-31,annual,7.0,2182.0,47.0,1061.0,3297.0,635.0,31.0,1056.0,1576.0,3297.0,-1009.0,screener
CRISIL,Dec 2024,2024-12-31,annual,7.0,2558.0,250.0,1127.0,3942.0,976.0,55.0,1454.0,1457.0,3942.0,-1204.0,screener
CRISIL,Dec 2025,2025-12-31,annual,7.0,3026.0,297.0,1252.0,4582.0,1440.0,30.0,1180.0,1932.0,4582.0,-883.0,screener
CRISIL,Jun 2026,2026-06-30,annual,7.0,3264.0,335.0,1418.0,5024.0,1515.0,0.0,1000.0,2508.0,5024.0,-665.0,screener
CRIZAC,Mar 2022,2022-03-31,annual,10.0,98.0,0.0,65.0,172.0,27.0,0.0,67.0,79.0,172.0,-67.0,screener
CRIZAC,Mar 2023,2023-03-31,annual,10.0,213.0,0.0,83.0,307.0,26.0,0.0,106.0,175.0,307.0,-106.0,screener
CRIZAC,Mar 2024,2024-03-31,annual,35.0,302.0,0.0,251.0,588.0,128.0,0.0,143.0,317.0,588.0,-143.0,screener
CRIZAC,Mar 2025,2025-03-31,annual,35.0,468.0,0.0,374.0,878.0,93.0,0.0,38.0,747.0,878.0,-38.0,screener
CRIZAC,Mar 2026,2026-03-31,annual,35.0,550.0,2.0,289.0,876.0,120.0,0.0,31.0,724.0,876.0,-29.0,screener
CROMPTON,Mar 2022,2022-03-31,annual,127.0,2326.0,1686.0,2310.0,6449.0,3273.0,13.0,624.0,2538.0,6449.0,1062.0,screener
CROMPTON,Mar 2023,2023-03-31,annual,127.0,2533.0,1005.0,1989.0,5654.0,3250.0,27.0,548.0,1830.0,5654.0,457.0,screener
CROMPTON,Mar 2024,2024-03-31,annual,129.0,2871.0,683.0,2399.0,6082.0,3197.0,58.0,689.0,2137.0,6082.0,-6.0,screener
CROMPTON,Mar 2025,2025-03-31,annual,129.0,3261.0,479.0,2472.0,6341.0,3295.0,34.0,721.0,2291.0,6341.0,-242.0,screener
CROMPTON,Mar 2026,2026-03-31,annual,129.0,2838.0,199.0,2913.0,6078.0,2557.0,30.0,971.0,2520.0,6078.0,-772.0,screener
CUMMINSIND,Mar 2022,2022-03-31,annual,55.0,5090.0,418.0,1549.0,7112.0,2209.0,61.0,892.0,3951.0,7112.0,-474.0,screener
CUMMINSIND,Mar 2023,2023-03-31,annual,55.0,5703.0,376.0,1784.0,7919.0,2226.0,41.0,1457.0,4194.0,7919.0,-1081.0,screener
CUMMINSIND,Mar 2024,2024-03-31,annual,55.0,6557.0,127.0,2231.0,8971.0,2302.0,97.0,1642.0,4930.0,8971.0,-1515.0,screener
CUMMINSIND,Mar 2025,2025-03-31,annual,55.0,7506.0,30.0,2577.0,10168.0,2364.0,85.0,1482.0,6238.0,10168.0,-1452.0,screener
CUMMINSIND,Mar 2026,2026-03-31,annual,55.0,8420.0,37.0,2793.0,11304.0,2383.0,98.0,2153.0,6670.0,11304.0,-2116.0,screener
CUPID,Mar 2021,2021-03-31,annual,13.0,118.0,0.0,22.0,152.0,29.0,1.0,48.0,74.0,152.0,-48.0,screener
CUPID,Mar 2024,2024-03-31,annual,13.0,288.0,12.0,7.0,320.0,58.0,0.0,147.0,114.0,320.0,-135.0,screener
CUPID,Mar 2025,2025-03-31,annual,27.0,315.0,19.0,11.0,372.0,67.0,6.0,103.0,196.0,372.0,-84.0,screener
CUPID,Mar 2026,2026-03-31,annual,134.0,316.0,56.0,46.0,553.0,67.0,25.0,75.0,386.0,553.0,-19.0,screener
CYIENT,Mar 2022,2022-03-31,annual,55.0,3061.0,573.0,1072.0,4762.0,1345.0,13.0,445.0,2959.0,4762.0,128.0,screener
CYIENT,Mar 2023,2023-03-31,annual,55.0,3411.0,1218.0,1815.0,6500.0,2825.0,44.0,518.0,3113.0,6500.0,700.0,screener
CYIENT,Mar 2024,2024-03-31,annual,56.0,4203.0,788.0,1883.0,6928.0,2826.0,57.0,436.0,3609.0,6928.0,352.0,screener
CYIENT,Mar 2025,2025-03-31,annual,56.0,5254.0,513.0,1798.0,7621.0,2929.0,79.0,502.0,4112.0,7621.0,11.0,screener
CYIENT,Mar 2026,2026-03-31,annual,56.0,5626.0,431.0,2137.0,8250.0,3084.0,5.0,457.0,4704.0,8250.0,-26.0,screener
CYIENTDLM,Mar 2023,2023-03-31,annual,53.0,145.0,356.0,551.0,1105.0,161.0,1.0,90.0,853.0,1105.0,266.0,screener
CYIENTDLM,Mar 2024,2024-03-31,annual,79.0,830.0,192.0,502.0,1603.0,192.0,1.0,66.0,1344.0,1603.0,126.0,screener
CYIENTDLM,Mar 2025,2025-03-31,annual,79.0,870.0,301.0,443.0,1694.0,346.0,6.0,31.0,1311.0,1694.0,270.0,screener
CYIENTDLM,Mar 2026,2026-03-31,annual,79.0,933.0,172.0,458.0,1642.0,355.0,2.0,30.0,1255.0,1642.0,142.0,screener
DABUR,Mar 2022,2022-03-31,annual,177.0,8205.0,1030.0,2872.0,12284.0,2308.0,168.0,6220.0,3589.0,12284.0,-5190.0,screener
DABUR,Mar 2023,2023-03-31,annual,177.0,8796.0,1174.0,3505.0,13652.0,3579.0,175.0,6265.0,3633.0,13652.0,-5091.0,screener
DABUR,Mar 2024,2024-03-31,annual,177.0,9689.0,1365.0,3885.0,15116.0,3815.0,232.0,6933.0,4136.0,15116.0,-5568.0,screener
DABUR,Mar 2025,2025-03-31,annual,177.0,10623.0,950.0,4479.0,16230.0,3990.0,169.0,7468.0,4603.0,16230.0,-6518.0,screener
DABUR,Mar 2026,2026-03-31,annual,177.0,11242.0,1287.0,4773.0,17480.0,3938.0,139.0,8947.0,4456.0,17480.0,-7660.0,screener
DALBHARAT,Mar 2022,2022-03-31,annual,37.0,16024.0,3176.0,5431.0,24668.0,14147.0,1034.0,5704.0,3783.0,24668.0,-2528.0,screener
DALBHARAT,Mar 2023,2023-03-31,annual,37.0,15591.0,3855.0,6036.0,25519.0,14784.0,1871.0,3524.0,5340.0,25519.0,331.0,screener
DALBHARAT,Mar 2024,2024-03-31,annual,38.0,16359.0,4805.0,6510.0,27712.0,15732.0,2395.0,4462.0,5123.0,27712.0,343.0,screener
DALBHARAT,Mar 2025,2025-03-31,annual,38.0,17336.0,5702.0,7095.0,30171.0,17306.0,2616.0,5119.0,5130.0,30171.0,583.0,screener
DALBHARAT,Mar 2026,2026-03-31,annual,38.0,17941.0,7406.0,7874.0,33259.0,19371.0,2726.0,5878.0,5284.0,33259.0,1528.0,screener
DALMIASUG,Mar 2022,2022-03-31,annual,16.0,2343.0,819.0,645.0,3822.0,1531.0,59.0,594.0,1639.0,3822.0,225.0,screener
DALMIASUG,Mar 2023,2023-03-31,annual,16.0,2689.0,454.0,644.0,3803.0,1652.0,21.0,736.0,1393.0,3803.0,-282.0,screener
DALMIASUG,Mar 2024,2024-03-31,annual,16.0,2916.0,1430.0,800.0,5162.0,1847.0,133.0,629.0,2554.0,5162.0,801.0,screener
DALMIASUG,Mar 2025,2025-03-31,annual,16.0,3047.0,1044.0,541.0,4648.0,1657.0,186.0,583.0,2223.0,4648.0,461.0,screener
DALMIASUG,Mar 2026,2026-03-31,annual,16.0,3226.0,1803.0,475.0,5521.0,1784.0,47.0,1339.0,2352.0,5521.0,464.0,screener
DAMCAPITAL,Mar 2022,2022-03-31,annual,14.0,74.0,1.0,77.0,167.0,14.0,0.0,8.0,145.0,167.0,-7.0,screener
DAMCAPITAL,Mar 2023,2023-03-31,annual,14.0,81.0,3.0,1103.0,1201.0,11.0,1.0,6.0,1183.0,1201.0,-3.0,screener
DAMCAPITAL,Mar 2024,2024-03-31,annual,14.0,148.0,5.0,47.0,215.0,10.0,0.0,4.0,201.0,215.0,1.0,screener
DAMCAPITAL,Mar 2025,2025-03-31,annual,14.0,250.0,4.0,133.0,401.0,94.0,12.0,5.0,289.0,401.0,-1.0,screener
DAMCAPITAL,Mar 2026,2026-03-31,annual,14.0,318.0,0.0,121.0,453.0,97.0,0.0,6.0,350.0,453.0,-6.0,screener
DATAMATICS,Mar 2022,2022-03-31,annual,29.0,828.0,63.0,190.0,1110.0,209.0,3.0,273.0,624.0,1110.0,-210.0,screener
DATAMATICS,Mar 2023,2023-03-31,annual,29.0,1020.0,21.0,212.0,1283.0,218.0,0.0,354.0,710.0,1283.0,-333.0,screener
DATAMATICS,Mar 2024,2024-03-31,annual,30.0,1200.0,17.0,217.0,1463.0,219.0,0.0,546.0,698.0,1463.0,-529.0,screener
DATAMATICS,Mar 2025,2025-03-31,annual,30.0,1335.0,190.0,502.0,2056.0,839.0,0.0,355.0,862.0,2056.0,-165.0,screener
DATAMATICS,Mar 2026,2026-03-31,annual,30.0,1514.0,221.0,590.0,2355.0,851.0,9.0,639.0,856.0,2355.0,-418.0,screener
DBCORP,Mar 2022,2022-03-31,annual,177.0,1705.0,199.0,456.0,2537.0,1154.0,0.0,14.0,1369.0,2537.0,185.0,screener
DBCORP,Mar 2023,2023-03-31,annual,178.0,1770.0,213.0,418.0,2579.0,1073.0,1.0,66.0,1439.0,2579.0,147.0,screener
DBCORP,Mar 2024,2024-03-31,annual,178.0,2043.0,253.0,518.0,2993.0,1059.0,2.0,67.0,1864.0,2993.0,186.0,screener
DBCORP,Mar 2025,2025-03-31,annual,178.0,2046.0,283.0,547.0,3055.0,997.0,10.0,69.0,1980.0,3055.0,214.0,screener
DBCORP,Mar 2026,2026-03-31,annual,178.0,2251.0,262.0,506.0,3197.0,1104.0,3.0,67.0,2023.0,3197.0,195.0,screener
DBL,Mar 2022,2022-03-31,annual,146.0,3404.0,8783.0,4007.0,16341.0,1789.0,3385.0,0.0,11166.0,16341.0,8783.0,screener
DBL,Mar 2023,2023-03-31,annual,146.0,3855.0,6658.0,4780.0,15439.0,1529.0,2658.0,964.0,10288.0,15439.0,5694.0,screener
DBL,Mar 2024,2024-03-31,annual,146.0,4223.0,7240.0,5030.0,16640.0,1531.0,2832.0,857.0,11420.0,16640.0,6383.0,screener
DBL,Mar 2025,2025-03-31,annual,146.0,4918.0,9525.0,5120.0,19709.0,1427.0,3689.0,832.0,13761.0,19709.0,8693.0,screener
DBL,Mar 2026,2026-03-31,annual,162.0,6667.0,8041.0,4038.0,18908.0,1421.0,3362.0,1557.0,12569.0,18908.0,6484.0,screener
DBOL,Mar 2022,2022-03-31,annual,66.0,812.0,835.0,287.0,2000.0,690.0,78.0,0.0,1232.0,2000.0,835.0,screener
DBOL,Mar 2023,2023-03-31,annual,66.0,922.0,810.0,278.0,2077.0,909.0,36.0,0.0,1132.0,2077.0,810.0,screener
DBOL,Mar 2024,2024-03-31,annual,66.0,945.0,1057.0,244.0,2313.0,1036.0,13.0,0.0,1263.0,2313.0,1057.0,screener
DBOL,Mar 2025,2025-03-31,annual,66.0,945.0,1162.0,223.0,2398.0,1076.0,79.0,0.0,1242.0,2398.0,1162.0,screener
DBOL,Mar 2026,2026-03-31,annual,66.0,960.0,1060.0,235.0,2322.0,1131.0,1.0,2.0,1188.0,2322.0,1058.0,screener
DBREALTY,Mar 2022,2022-03-31,annual,259.0,1630.0,3721.0,3152.0,8761.0,75.0,0.0,1564.0,7123.0,8761.0,2157.0,screener
DBREALTY,Mar 2023,2023-03-31,annual,352.0,1785.0,2978.0,3332.0,8448.0,72.0,0.0,1728.0,6648.0,8448.0,1250.0,screener
DBREALTY,Mar 2024,2024-03-31,annual,538.0,4477.0,2223.0,1925.0,9163.0,2429.0,10.0,800.0,5925.0,9163.0,1423.0,screener
DBREALTY,Mar 2025,2025-03-31,annual,538.0,4355.0,1900.0,1754.0,8547.0,2427.0,6.0,1290.0,4825.0,8547.0,610.0,screener
DBREALTY,Mar 2026,2026-03-31,annual,542.0,3549.0,747.0,1520.0,6359.0,161.0,0.0,365.0,5833.0,6359.0,382.0,screener
DBSTOCKBRO,Mar 2022,2022-03-31,annual,7.0,43.74,2.2,44.15,97.09,1.24,0.0,10.09,85.76,97.09,-7.89,screener
DBSTOCKBRO,Mar 2023,2023-03-31,annual,7.0,50.2,7.13,40.66,104.99,4.93,0.0,1.67,98.39,104.99,5.46,screener
DBSTOCKBRO,Mar 2024,2024-03-31,annual,7.0,59.3,4.03,59.36,129.69,5.38,0.0,0.15,124.16,129.69,3.88,screener
DBSTOCKBRO,Mar 2025,2025-03-31,annual,7.0,65.02,2.93,35.55,110.5,4.6,0.0,0.62,105.28,110.5,2.31,screener
DBSTOCKBRO,Mar 2026,2026-03-31,annual,7.0,68.7,2.01,38.27,115.98,4.41,0.0,1.55,110.02,115.98,0.46,screener
DCAL,Mar 2022,2022-03-31,annual,31.0,5518.0,1830.0,1255.0,8634.0,5773.0,780.0,324.0,1758.0,8634.0,1506.0,screener
DCAL,Mar 2023,2023-03-31,annual,31.0,5778.0,2209.0,1421.0,9439.0,6188.0,1043.0,249.0,1959.0,9439.0,1960.0,screener
DCAL,Mar 2024,2024-03-31,annual,31.0,5596.0,2313.0,1631.0,9571.0,6724.0,646.0,102.0,2098.0,9571.0,2211.0,screener
DCAL,Mar 2025,2025-03-31,annual,31.0,5800.0,2389.0,1766.0,9987.0,7055.0,467.0,97.0,2368.0,9987.0,2292.0,screener
DCAL,Mar 2026,2026-03-31,annual,31.0,6646.0,3076.0,2170.0,11923.0,8371.0,275.0,91.0,3186.0,11923.0,2985.0,screener
DCI,Mar 2025,2025-03-31,annual,14.0,58.0,51.0,124.0,246.0,3.0,0.0,0.0,244.0,246.0,51.0,screener
DCI,Mar 2026,2026-03-31,annual,16.0,91.0,87.0,178.0,373.0,8.0,0.0,0.0,365.0,373.0,87.0,screener
DCMNVL,Mar 2022,2022-03-31,annual,19.0,288.0,156.0,42.0,505.0,132.0,16.0,0.0,357.0,505.0,156.0,screener
DCMNVL,Mar 2023,2023-03-31,annual,19.0,300.0,265.0,63.0,647.0,276.0,11.0,0.0,359.0,647.0,265.0,screener
DCMNVL,Mar 2024,2024-03-31,annual,19.0,297.0,372.0,75.0,763.0,324.0,0.0,0.0,439.0,763.0,372.0,screener
DCMNVL,Mar 2025,2025-03-31,annual,19.0,306.0,338.0,81.0,744.0,302.0,2.0,0.0,439.0,744.0,338.0,screener
DCMNVL,Mar 2026,2026-03-31,annual,19.0,310.0,328.0,78.0,734.0,281.0,2.0,7.0,444.0,734.0,321.0,screener
DCMSHRIRAM,Mar 2022,2022-03-31,annual,31.0,5470.0,1577.0,2290.0,9369.0,3408.0,494.0,3.0,5463.0,9369.0,1574.0,screener
DCMSHRIRAM,Mar 2023,2023-03-31,annual,31.0,6162.0,1707.0,2819.0,10720.0,4105.0,1630.0,12.0,4973.0,10720.0,1695.0,screener
DCMSHRIRAM,Mar 2024,2024-03-31,annual,31.0,6491.0,2152.0,2874.0,11547.0,4222.0,2615.0,54.0,4656.0,11547.0,2098.0,screener
DCMSHRIRAM,Mar 2025,2025-03-31,annual,31.0,6973.0,2529.0,3198.0,12731.0,6517.0,834.0,56.0,5324.0,12731.0,2473.0,screener
DCMSHRIRAM,Mar 2026,2026-03-31,annual,31.0,7681.0,2923.0,3502.0,14137.0,7557.0,532.0,136.0,5912.0,14137.0,2787.0,screener
DCXINDIA,Mar 2022,2022-03-31,annual,15.0,102.0,503.0,322.0,943.0,15.0,0.0,0.0,928.0,943.0,503.0,screener
DCXINDIA,Mar 2023,2023-03-31,annual,19.0,547.0,509.0,143.0,1219.0,15.0,5.0,0.0,1199.0,1219.0,509.0,screener
DCXINDIA,Mar 2024,2024-03-31,annual,22.0,1104.0,291.0,430.0,1847.0,60.0,0.0,0.0,1787.0,1847.0,291.0,screener
DCXINDIA,Mar 2025,2025-03-31,annual,22.0,1353.0,4.0,525.0,1904.0,347.0,0.0,0.0,1558.0,1904.0,4.0,screener
DCXINDIA,Mar 2026,2026-03-31,annual,22.0,1491.0,3.0,588.0,2103.0,484.0,0.0,0.0,1619.0,2103.0,3.0,screener
DECCANCE,Mar 2025,2025-03-31,annual,7.0,715.0,714.0,189.0,1625.0,402.0,805.0,0.0,417.0,1625.0,714.0,screener
DECCANCE,Mar 2026,2026-03-31,annual,7.0,744.0,753.0,208.0,1711.0,1352.0,3.0,0.0,357.0,1711.0,753.0,screener
DECCANTRAN,Mar 2022,2022-03-31,annual,2.0,10.0,10.0,17.0,39.0,14.0,0.0,1.0,23.0,39.0,9.0,screener
DECCANTRAN,Mar 2023,2023-03-31,annual,2.0,18.0,18.0,16.0,54.0,18.0,0.0,3.0,33.0,54.0,15.0,screener
DECCANTRAN,Mar 2024,2024-03-31,annual,17.0,15.0,23.0,22.0,77.0,23.0,1.0,4.0,50.0,77.0,19.0,screener
DECCANTRAN,Mar 2025,2025-03-31,annual,23.0,67.0,33.0,29.0,151.0,64.0,1.0,5.0,81.0,151.0,28.0,screener
DECCANTRAN,Mar 2026,2026-03-31,annual,23.0,75.0,120.0,55.0,272.0,179.0,0.0,7.0,86.0,272.0,113.0,screener
DECNGOLD,Mar 2022,2022-03-31,annual,9.0,33.0,0.0,3.0,45.0,0.0,40.0,0.0,5.0,45.0,0.0,screener
DECNGOLD,Mar 2023,2023-03-31,annual,13.0,142.0,3.0,7.0,166.0,0.0,41.0,116.0,10.0,166.0,-113.0,screener
DECNGOLD,Mar 2024,2024-03-31,annual,15.0,197.0,100.0,14.0,325.0,148.0,42.0,65.0,71.0,325.0,35.0,screener
DECNGOLD,Mar 2025,2025-03-31,annual,16.0,235.0,148.0,2.0,401.0,137.0,46.0,124.0,95.0,401.0,24.0,screener
DECNGOLD,Mar 2026,2026-03-31,annual,20.0,476.0,51.0,16.0,563.0,192.0,73.0,192.0,107.0,563.0,-141.0,screener
DEEDEV,Mar 2022,2022-03-31,annual,11.0,401.0,290.0,141.0,843.0,354.0,4.0,0.0,484.0,843.0,290.0,screener
DEEDEV,Mar 2023,2023-03-31,annual,11.0,413.0,364.0,176.0,963.0,381.0,3.0,0.0,579.0,963.0,364.0,screener
DEEDEV,Mar 2024,2024-03-31,annual,53.0,398.0,460.0,296.0,1208.0,414.0,66.0,0.0,727.0,1208.0,460.0,screener
DEEDEV,Mar 2025,2025-03-31,annual,69.0,732.0,431.0,362.0,1594.0,422.0,148.0,0.0,1024.0,1594.0,431.0,screener
DEEDEV,Mar 2026,2026-03-31,annual,69.0,821.0,705.0,328.0,1924.0,658.0,80.0,0.0,1186.0,1924.0,705.0,screener
DEEPAKFERT,Mar 2022,2022-03-31,annual,121.0,3764.0,2656.0,2204.0,8744.0,2644.0,2428.0,879.0,2794.0,8744.0,1777.0,screener
DEEPAKFERT,Mar 2023,2023-03-31,annual,126.0,4941.0,3699.0,2655.0,11421.0,2678.0,3528.0,600.0,4615.0,11421.0,3099.0,screener
DEEPAKFERT,Mar 2024,2024-03-31,annual,126.0,5416.0,4149.0,2226.0,11917.0,6258.0,754.0,261.0,4644.0,11917.0,3888.0,screener
DEEPAKFERT,Mar 2025,2025-03-31,annual,126.0,6110.0,4152.0,2516.0,12905.0,6292.0,1408.0,186.0,5018.0,12905.0,3966.0,screener
DEEPAKFERT,Mar 2026,2026-03-31,annual,126.0,6718.0,5670.0,3973.0,16488.0,6157.0,3046.0,133.0,7151.0,16488.0,5537.0,screener
DEEPAKNTR,Mar 2022,2022-03-31,annual,27.0,3311.0,315.0,779.0,4432.0,1963.0,122.0,439.0,1908.0,4432.0,-124.0,screener
DEEPAKNTR,Mar 2023,2023-03-31,annual,27.0,4063.0,73.0,967.0,5129.0,1942.0,301.0,379.0,2508.0,5129.0,-306.0,screener
DEEPAKNTR,Mar 2024,2024-03-31,annual,27.0,4769.0,286.0,1012.0,6095.0,2293.0,774.0,122.0,2907.0,6095.0,164.0,screener
DEEPAKNTR,Mar 2025,2025-03-31,annual,27.0,5361.0,1267.0,1053.0,7708.0,2457.0,1649.0,511.0,3091.0,7708.0,756.0,screener
DEEPAKNTR,Mar 2026,2026-03-31,annual,27.0,5810.0,1638.0,1180.0,8654.0,3270.0,1828.0,213.0,3343.0,8654.0,1425.0,screener
DEEPINDS,Mar 2022,2022-03-31,annual,32.0,1098.0,32.0,99.0,1260.0,868.0,5.0,73.0,314.0,1260.0,-41.0,screener
DEEPINDS,Mar 2023,2023-03-31,annual,32.0,1338.0,70.0,147.0,1587.0,1007.0,20.0,48.0,512.0,1587.0,22.0,screener
DEEPINDS,Mar 2024,2024-03-31,annual,32.0,1411.0,160.0,303.0,1906.0,979.0,220.0,142.0,566.0,1906.0,18.0,screener
DEEPINDS,Mar 2025,2025-03-31,annual,32.0,1788.0,205.0,361.0,2386.0,1081.0,258.0,152.0,895.0,2386.0,53.0,screener
DEEPINDS,Mar 2026,2026-03-31,annual,32.0,1967.0,203.0,393.0,2595.0,1472.0,56.0,142.0,925.0,2595.0,61.0,screener
DELHIVERY,Mar 2022,2022-03-31,annual,64.0,5893.0,1102.0,1192.0,8251.0,3052.0,60.0,2091.0,3048.0,8251.0,-989.0,screener
DELHIVERY,Mar 2023,2023-03-31,annual,73.0,9104.0,923.0,1090.0,11191.0,2995.0,23.0,2094.0,6078.0,11191.0,-1171.0,screener
DELHIVERY,Mar 2024,2024-03-31,annual,74.0,9071.0,1169.0,1139.0,11453.0,3354.0,29.0,2776.0,5295.0,11453.0,-1607.0,screener
DELHIVERY,Mar 2025,2025-03-31,annual,75.0,9358.0,1422.0,1209.0,12063.0,3887.0,33.0,3578.0,4565.0,12063.0,-2156.0,screener
DELHIVERY,Mar 2026,2026-03-31,annual,75.0,9612.0,1463.0,1627.0,12777.0,5432.0,1.0,2961.0,4383.0,12777.0,-1498.0,screener
DENEERS,Mar 2025,2025-03-31,annual,9.0,52.0,67.0,34.0,162.0,3.0,0.0,0.0,160.0,162.0,67.0,screener
DENEERS,Mar 2026,2026-03-31,annual,19.0,77.0,73.0,38.0,207.0,2.0,0.0,0.0,205.0,207.0,73.0,screener
DENTA,Mar 2022,2022-03-31,annual,5.0,50.0,0.0,6.0,61.0,10.0,0.0,0.0,51.0,61.0,0.0,screener
DENTA,Mar 2023,2023-03-31,annual,5.0,100.0,1.0,18.0,123.0,24.0,0.0,0.0,99.0,123.0,1.0,screener
DENTA,Mar 2024,2024-03-31,annual,19.0,145.0,1.0,55.0,220.0,25.0,0.0,0.0,195.0,220.0,1.0,screener
DENTA,Mar 2025,2025-03-31,annual,27.0,382.0,1.0,20.0,429.0,24.0,0.0,2.0,403.0,429.0,-1.0,screener
DENTA,Mar 2026,2026-03-31,annual,27.0,432.0,12.0,13.0,484.0,24.0,0.0,71.0,389.0,484.0,-59.0,screener
DEVYANI,Mar 2022,2022-03-31,annual,120.0,566.0,1254.0,322.0,2263.0,1756.0,7.0,0.0,500.0,2263.0,1254.0,screener
DEVYANI,Mar 2023,2023-03-31,annual,120.0,850.0,1565.0,450.0,2985.0,2427.0,15.0,0.0,543.0,2985.0,1565.0,screener
DEVYANI,Mar 2024,2024-03-31,annual,121.0,935.0,2906.0,971.0,4932.0,4216.0,11.0,0.0,705.0,4932.0,2906.0,screener
DEVYANI,Mar 2025,2025-03-31,annual,121.0,974.0,3188.0,1057.0,5339.0,4622.0,3.0,1.0,712.0,5339.0,3187.0,screener
DEVYANI,Mar 2026,2026-03-31,annual,123.0,1419.0,3833.0,1375.0,6750.0,5686.0,8.0,2.0,1054.0,6750.0,3831.0,screener
DHAMPURSUG,Mar 2022,2022-03-31,annual,66.0,819.0,886.0,394.0,2165.0,999.0,29.0,5.0,1132.0,2165.0,881.0,screener
DHAMPURSUG,Mar 2023,2023-03-31,annual,66.0,976.0,744.0,335.0,2122.0,1045.0,103.0,2.0,971.0,2122.0,742.0,screener
DHAMPURSUG,Mar 2024,2024-03-31,annual,65.0,1035.0,981.0,276.0,2357.0,1150.0,17.0,47.0,1143.0,2357.0,934.0,screener
DHAMPURSUG,Mar 2025,2025-03-31,annual,65.0,1087.0,936.0,299.0,2387.0,1132.0,9.0,27.0,1219.0,2387.0,909.0,screener
DHAMPURSUG,Mar 2026,2026-03-31,annual,64.0,1133.0,899.0,319.0,2415.0,1094.0,13.0,264.0,1045.0,2415.0,635.0,screener
DHANUKA,Mar 2021,2021-03-31,annual,9.0,787.0,48.0,286.0,1131.0,167.0,8.0,278.0,679.0,1131.0,-230.0,screener
DHANUKA,Mar 2022,2022-03-31,annual,9.0,951.0,32.0,320.0,1312.0,159.0,48.0,336.0,769.0,1312.0,-304.0,screener
DHANUKA,Mar 2023,2023-03-31,annual,9.0,1052.0,34.0,310.0,1405.0,165.0,153.0,255.0,833.0,1405.0,-221.0,screener
DHANUKA,Mar 2024,2024-03-31,annual,9.0,1247.0,27.0,296.0,1579.0,338.0,28.0,240.0,973.0,1579.0,-213.0,screener
DHANUKA,Mar 2025,2025-03-31,annual,9.0,1394.0,74.0,323.0,1800.0,504.0,9.0,230.0,1057.0,1800.0,-156.0,screener
DHARAN,Mar 2022,2022-03-31,annual,62.0,78.0,89.0,98.0,327.0,1.0,0.0,29.0,297.0,327.0,60.0,screener
DHARAN,Mar 2023,2023-03-31,annual,67.0,867.0,126.0,69.0,1128.0,1.0,0.0,683.0,444.0,1128.0,-557.0,screener
DHARAN,Mar 2024,2024-03-31,annual,110.0,800.0,76.0,107.0,1093.0,1.0,0.0,24.0,1068.0,1093.0,52.0,screener
DHARAN,Mar 2025,2025-03-31,annual,261.0,620.0,64.0,113.0,1059.0,1.0,0.0,16.0,1042.0,1059.0,48.0,screener
DHARAN,Sep 2025,2025-09-30,annual,261.0,685.0,68.0,196.0,1211.0,1.0,0.0,21.0,1189.0,1211.0,47.0,screener
DHARMAJ,Mar 2024,2024-03-31,annual,34.0,326.0,112.0,92.0,563.0,312.0,2.0,0.0,249.0,563.0,112.0,screener
DHARMAJ,Mar 2025,2025-03-31,annual,34.0,361.0,116.0,223.0,733.0,311.0,7.0,0.0,416.0,733.0,116.0,screener
DHARMAJ,Mar 2026,2026-03-31,annual,34.0,415.0,132.0,260.0,841.0,320.0,6.0,0.0,515.0,841.0,132.0,screener
DIACABS,Mar 2016,2016-03-31,annual,57.0,565.0,2207.0,544.0,3373.0,1339.0,133.0,17.0,1884.0,3373.0,2190.0,screener
DIACABS,Mar 2017,2017-03-31,annual,270.0,385.0,1606.0,194.0,2455.0,1246.0,137.0,7.0,1065.0,2455.0,1599.0,screener
DIACABS,Mar 2024,2024-03-31,annual,53.0,-1026.0,456.0,2035.0,1518.0,1057.0,198.0,0.0,263.0,1518.0,456.0,screener
DIACABS,Mar 2025,2025-03-31,annual,53.0,-931.0,463.0,2203.0,1787.0,1168.0,135.0,0.0,485.0,1787.0,463.0,screener
DIACABS,Mar 2026,2026-03-31,annual,53.0,-657.0,2536.0,471.0,2404.0,1201.0,152.0,0.0,1051.0,2404.0,2536.0,screener
DIAMINESQ,Mar 2022,2022-03-31,annual,10.0,90.0,0.0,10.0,111.0,38.0,2.0,13.0,58.0,111.0,-13.0,screener
DIAMINESQ,Mar 2023,2023-03-31,annual,10.0,125.0,0.0,17.0,151.0,40.0,21.0,13.0,76.0,151.0,-13.0,screener
DIAMINESQ,Mar 2024,2024-03-31,annual,10.0,138.0,0.0,15.0,163.0,65.0,1.0,16.0,81.0,163.0,-16.0,screener
DIAMINESQ,Mar 2025,2025-03-31,annual,10.0,151.0,0.0,17.0,178.0,64.0,2.0,16.0,96.0,178.0,-16.0,screener
DIAMINESQ,Mar 2026,2026-03-31,annual,10.0,147.0,8.0,9.0,174.0,65.0,19.0,10.0,80.0,174.0,-2.0,screener
DIAMONDYD,Mar 2019,2019-03-31,annual,12.0,550.0,18.0,246.0,826.0,526.0,7.0,0.0,293.0,826.0,18.0,screener
DIAMONDYD,Mar 2020,2020-03-31,annual,12.0,596.0,73.0,239.0,921.0,588.0,20.0,0.0,313.0,921.0,73.0,screener
DIAMONDYD,Mar 2021,2021-03-31,annual,12.0,611.0,57.0,205.0,886.0,558.0,21.0,0.0,307.0,886.0,57.0,screener
DIAMONDYD,Mar 2022,2022-03-31,annual,12.0,613.0,80.0,203.0,907.0,550.0,14.0,0.0,343.0,907.0,80.0,screener
DIAMONDYD,Mar 2023,2023-03-31,annual,12.0,665.0,60.0,176.0,912.0,581.0,15.0,0.0,316.0,912.0,60.0,screener
DICIND,Dec 2005,2005-12-31,annual,7.0,100.0,44.0,79.0,230.0,47.0,3.0,0.0,180.0,230.0,44.0,screener
DICIND,Dec 2006,2006-12-31,annual,7.0,112.0,68.0,83.0,269.0,54.0,4.0,0.0,211.0,269.0,68.0,screener
DICIND,Dec 2007,2007-12-31,annual,7.0,122.0,21.0,148.0,298.0,55.0,18.0,0.0,224.0,298.0,21.0,screener
DICIND,Dec 2008,2008-12-31,annual,9.0,186.0,49.0,98.0,342.0,75.0,6.0,0.0,261.0,342.0,49.0,screener
DICIND,Dec 2009,2009-12-31,annual,9.0,203.0,43.0,87.0,341.0,73.0,9.0,0.0,260.0,341.0,43.0,screener
DIFFNKG,Mar 2022,2022-03-31,annual,4.0,117.0,25.0,44.0,190.0,60.0,0.0,19.0,110.0,190.0,6.0,screener
DIFFNKG,Mar 2023,2023-03-31,annual,4.0,138.0,48.0,40.0,230.0,64.0,2.0,20.0,145.0,230.0,28.0,screener
DIFFNKG,Mar 2024,2024-03-31,annual,28.0,163.0,34.0,50.0,276.0,91.0,1.0,29.0,154.0,276.0,5.0,screener
DIFFNKG,Mar 2025,2025-03-31,annual,37.0,331.0,23.0,52.0,444.0,98.0,3.0,35.0,309.0,444.0,-12.0,screener
DIFFNKG,Mar 2026,2026-03-31,annual,37.0,368.0,29.0,77.0,510.0,110.0,23.0,43.0,334.0,510.0,-14.0,screener
DIGISPICE,Mar 2022,2022-03-31,annual,61.0,186.0,54.0,399.0,700.0,104.0,4.0,0.0,592.0,700.0,54.0,screener
DIGISPICE,Mar 2023,2023-03-31,annual,62.0,170.0,84.0,392.0,708.0,85.0,2.0,0.0,620.0,708.0,84.0,screener
DIGISPICE,Mar 2024,2024-03-31,annual,62.0,184.0,26.0,378.0,649.0,71.0,6.0,38.0,534.0,649.0,-12.0,screener
DIGISPICE,Mar 2025,2025-03-31,annual,62.0,150.0,79.0,421.0,713.0,81.0,1.0,0.0,631.0,713.0,79.0,screener
DIGISPICE,Mar 2026,2026-03-31,annual,63.0,172.0,84.0,488.0,806.0,78.0,16.0,0.0,712.0,806.0,84.0,screener
DIGITIDE,Mar 2025,2025-03-31,annual,0.0,832.0,354.0,536.0,1722.0,683.0,9.0,84.0,945.0,1722.0,270.0,screener
DIGITIDE,Mar 2026,2026-03-31,annual,149.0,689.0,531.0,667.0,2036.0,879.0,2.0,61.0,1095.0,2036.0,470.0,screener
DIRL,Mar 2022,2022-03-31,annual,7.04,0.02,12.64,3.0,22.7,2.41,0.0,0.0,20.29,22.7,12.64,screener
DIRL,Mar 2023,2023-03-31,annual,7.74,0.23,11.14,3.05,22.16,2.31,0.0,0.0,19.85,22.16,11.14,screener
DIRL,Mar 2024,2024-03-31,annual,7.74,1.25,9.33,2.25,20.57,2.22,0.0,0.0,18.35,20.57,9.33,screener
DIRL,Mar 2025,2025-03-31,annual,7.74,3.3,7.79,2.38,21.21,2.12,0.0,0.0,19.09,21.21,7.79,screener
DIRL,Mar 2026,2026-03-31,annual,9.54,7.07,1.82,1.51,19.94,2.15,0.0,0.0,17.79,19.94,1.82,screener
DIVISLAB,Mar 2022,2022-03-31,annual,53.0,11675.0,4.0,1628.0,13360.0,4325.0,470.0,72.0,8493.0,13360.0,-68.0,screener
DIVISLAB,Mar 2023,2023-03-31,annual,53.0,12714.0,3.0,1654.0,14425.0,4723.0,212.0,77.0,9413.0,14425.0,-74.0,screener
DIVISLAB,Mar 2024,2024-03-31,annual,53.0,13518.0,3.0,1886.0,15460.0,4739.0,778.0,82.0,9861.0,15460.0,-79.0,screener
DIVISLAB,Mar 2025,2025-03-31,annual,53.0,14916.0,4.0,1948.0,16921.0,5442.0,1022.0,65.0,10392.0,16921.0,-61.0,screener
DIVISLAB,Mar 2026,2026-03-31,annual,53.0,16708.0,7.0,3251.0,20019.0,6528.0,2113.0,69.0,11309.0,20019.0,-62.0,screener
DIXON,Mar 2022,2022-03-31,annual,12.0,985.0,667.0,2613.0,4277.0,1003.0,22.0,141.0,3111.0,4277.0,526.0,screener
DIXON,Mar 2023,2023-03-31,annual,12.0,1273.0,453.0,2941.0,4679.0,1244.0,120.0,44.0,3272.0,4679.0,409.0,screener
DIXON,Mar 2024,2024-03-31,annual,12.0,1683.0,489.0,4806.0,6990.0,1996.0,68.0,20.0,4905.0,6990.0,469.0,screener
DIXON,Mar 2025,2025-03-31,annual,12.0,2998.0,671.0,13077.0,16758.0,2774.0,257.0,536.0,13191.0,16758.0,135.0,screener
DIXON,Mar 2026,2026-03-31,annual,12.0,4665.0,994.0,13491.0,19162.0,4172.0,571.0,1007.0,13412.0,19162.0,-13.0,screener
DJML,Mar 2024,2024-03-31,annual,11.0,23.0,18.0,9.0,60.0,22.0,0.0,0.0,38.0,60.0,18.0,screener
DJML,Mar 2025,2025-03-31,annual,32.0,31.0,22.0,28.0,114.0,27.0,0.0,0.0,87.0,114.0,22.0,screener
DJML,Mar 2026,2026-03-31,annual,34.0,56.0,39.0,10.0,140.0,27.0,0.0,0.0,112.0,140.0,39.0,screener
DLF,Mar 2022,2022-03-31,annual,495.0,35867.0,4182.0,10623.0,51167.0,4862.0,81.0,19779.0,26444.0,51167.0,-15597.0,screener
DLF,Mar 2023,2023-03-31,annual,495.0,37192.0,3334.0,11551.0,52572.0,4785.0,61.0,19481.0,28245.0,52572.0,-16147.0,screener
DLF,Mar 2024,2024-03-31,annual,495.0,38936.0,4834.0,14804.0,59069.0,3880.0,71.0,20138.0,34981.0,59069.0,-15304.0,screener
DLF,Mar 2025,2025-03-31,annual,495.0,42055.0,4103.0,21819.0,68472.0,3502.0,86.0,21336.0,43549.0,68472.0,-17233.0,screener
DLF,Mar 2026,2026-03-31,annual,495.0,44978.0,306.0,29096.0,74875.0,4117.0,159.0,21692.0,48907.0,74875.0,-21386.0,screener
DLINKINDIA,Mar 2022,2022-03-31,annual,7.0,296.0,4.0,206.0,513.0,34.0,0.0,83.0,396.0,513.0,-79.0,screener
DLINKINDIA,Mar 2023,2023-03-31,annual,7.0,371.0,10.0,241.0,629.0,40.0,0.0,93.0,496.0,629.0,-83.0,screener
DLINKINDIA,Mar 2024,2024-03-31,annual,7.0,428.0,8.0,252.0,695.0,38.0,0.0,158.0,500.0,695.0,-150.0,screener
DLINKINDIA,Mar 2025,2025-03-31,annual,7.0,468.0,4.0,268.0,748.0,34.0,0.0,168.0,546.0,748.0,-164.0,screener
DLINKINDIA,Mar 2026,2026-03-31,annual,7.0,499.0,15.0,291.0,811.0,45.0,0.0,136.0,630.0,811.0,-121.0,screener
DMART,Mar 2022,2022-03-31,annual,648.0,13030.0,647.0,1146.0,15471.0,9260.0,1129.0,6.0,5076.0,15471.0,641.0,screener
DMART,Mar 2023,2023-03-31,annual,648.0,15430.0,643.0,1383.0,18105.0,11340.0,829.0,202.0,5733.0,18105.0,441.0,screener
DMART,Mar 2024,2024-03-31,annual,651.0,18047.0,592.0,1882.0,21172.0,13415.0,935.0,107.0,6716.0,21172.0,485.0,screener
DMART,Mar 2025,2025-03-31,annual,651.0,20777.0,820.0,2065.0,24313.0,16206.0,1099.0,3.0,7004.0,24313.0,817.0,screener
DMART,Mar 2026,2026-03-31,annual,652.0,23812.0,2425.0,2635.0,29524.0,20090.0,1300.0,4.0,8130.0,29524.0,2421.0,screener
DMCC,Mar 2022,2022-03-31,annual,25.0,169.0,93.0,97.0,384.0,174.0,63.0,0.0,147.0,384.0,93.0,screener
DMCC,Mar 2023,2023-03-31,annual,25.0,173.0,101.0,102.0,401.0,230.0,11.0,0.0,160.0,401.0,101.0,screener
DMCC,Mar 2024,2024-03-31,annual,25.0,185.0,88.0,80.0,377.0,238.0,6.0,0.0,133.0,377.0,88.0,screener
DMCC,Mar 2025,2025-03-31,annual,25.0,203.0,72.0,81.0,380.0,234.0,0.0,0.0,146.0,380.0,72.0,screener
DMCC,Mar 2026,2026-03-31,annual,25.0,223.0,87.0,111.0,446.0,220.0,5.0,1.0,220.0,446.0,86.0,screener
DODLA,Mar 2022,2022-03-31,annual,59.0,784.0,13.0,232.0,1088.0,566.0,4.0,184.0,334.0,1088.0,-171.0,screener
DODLA,Mar 2023,2023-03-31,annual,59.0,913.0,32.0,247.0,1251.0,624.0,58.0,260.0,310.0,1251.0,-228.0,screener
DODLA,Mar 2024,2024-03-31,annual,59.0,1079.0,46.0,293.0,1478.0,713.0,12.0,196.0,556.0,1478.0,-150.0,screener
DODLA,Mar 2025,2025-03-31,annual,60.0,1346.0,42.0,282.0,1731.0,750.0,12.0,644.0,324.0,1731.0,-602.0,screener
DODLA,Mar 2026,2026-03-31,annual,60.0,1614.0,57.0,355.0,2086.0,1056.0,109.0,411.0,509.0,2086.0,-354.0,screener
DOLLAR,Mar 2022,2022-03-31,annual,11.0,660.0,206.0,234.0,1111.0,91.0,52.0,5.0,963.0,1111.0,201.0,screener
DOLLAR,Mar 2023,2023-03-31,annual,11.0,696.0,175.0,191.0,1073.0,97.0,88.0,2.0,887.0,1073.0,173.0,screener
DOLLAR,Mar 2024,2024-03-31,annual,11.0,770.0,321.0,244.0,1347.0,230.0,17.0,0.0,1099.0,1347.0,321.0,screener
DOLLAR,Mar 2025,2025-03-31,annual,11.0,845.0,344.0,276.0,1476.0,274.0,1.0,2.0,1200.0,1476.0,342.0,screener
DOLLAR,Mar 2026,2026-03-31,annual,11.0,937.0,291.0,305.0,1545.0,268.0,6.0,4.0,1267.0,1545.0,287.0,screener
DOLPHIN,Mar 2022,2022-03-31,annual,17.0,25.0,131.0,165.0,338.0,66.0,0.0,20.0,253.0,338.0,111.0,screener
DOLPHIN,Mar 2023,2023-03-31,annual,3.0,174.0,18.0,6.0,201.0,58.0,0.0,0.0,143.0,201.0,18.0,screener
DOLPHIN,Mar 2024,2024-03-31,annual,4.0,217.0,1.0,5.0,227.0,3.0,47.0,15.0,164.0,227.0,-14.0,screener
DOLPHIN,Mar 2025,2025-03-31,annual,4.0,268.0,165.0,24.0,461.0,1.0,222.0,27.0,211.0,461.0,138.0,screener
DOLPHIN,Mar 2026,2026-03-31,annual,4.0,349.0,203.0,51.0,608.0,309.0,0.0,34.0,265.0,608.0,169.0,screener
DOMS,Mar 2022,2022-03-31,annual,0.37,247.0,123.0,127.0,497.0,227.0,4.0,0.0,267.0,497.0,123.0,screener
DOMS,Mar 2023,2023-03-31,annual,0.37,337.0,140.0,163.0,640.0,320.0,7.0,2.0,311.0,640.0,138.0,screener
DOMS,Mar 2024,2024-03-31,annual,61.0,754.0,172.0,204.0,1190.0,498.0,25.0,1.0,665.0,1190.0,171.0,screener
DOMS,Mar 2025,2025-03-31,annual,61.0,942.0,212.0,297.0,1511.0,690.0,60.0,1.0,759.0,1511.0,211.0,screener
DOMS,Mar 2026,2026-03-31,annual,61.0,1159.0,141.0,351.0,1712.0,793.0,162.0,2.0,756.0,1712.0,139.0,screener
DPABHUSHAN,Mar 2020,2020-03-31,annual,22.0,47.0,97.0,102.0,269.0,30.0,1.0,0.0,238.0,269.0,97.0,screener
DPABHUSHAN,Mar 2021,2021-03-31,annual,22.0,75.0,169.0,129.0,395.0,42.0,0.0,0.0,352.0,395.0,169.0,screener
DPABHUSHAN,Mar 2022,2022-03-31,annual,22.0,116.0,170.0,105.0,414.0,50.0,0.0,0.0,363.0,414.0,170.0,screener
DREAMFOLKS,Mar 2022,2022-03-31,annual,10.0,72.0,8.0,78.0,169.0,16.0,0.0,0.0,153.0,169.0,8.0,screener
DREAMFOLKS,Mar 2023,2023-03-31,annual,10.0,146.0,7.0,159.0,323.0,14.0,0.0,44.0,264.0,323.0,-37.0,screener
DREAMFOLKS,Mar 2024,2024-03-31,annual,11.0,226.0,6.0,176.0,419.0,12.0,0.0,44.0,363.0,419.0,-38.0,screener
DREAMFOLKS,Mar 2025,2025-03-31,annual,11.0,290.0,11.0,187.0,499.0,15.0,0.0,90.0,393.0,499.0,-79.0,screener
DREAMFOLKS,Mar 2026,2026-03-31,annual,11.0,303.0,12.0,58.0,384.0,31.0,0.0,103.0,250.0,384.0,-91.0,screener
DRREDDY,Mar 2022,2022-03-31,annual,83.0,19129.0,3384.0,7149.0,29746.0,8122.0,1293.0,2616.0,17715.0,29746.0,768.0,screener
DRREDDY,Mar 2023,2023-03-31,annual,83.0,23203.0,1347.0,7576.0,32209.0,9219.0,1030.0,4986.0,16974.0,32209.0,-3639.0,screener
DRREDDY,Mar 2024,2024-03-31,annual,83.0,28171.0,2002.0,8523.0,38780.0,10426.0,1419.0,4930.0,22004.0,38780.0,-2928.0,screener
DRREDDY,Mar 2025,2025-03-31,annual,83.0,33466.0,4677.0,9797.0,48023.0,18226.0,2466.0,4051.0,23280.0,48023.0,626.0,screener
DRREDDY,Mar 2026,2026-03-31,annual,84.0,37808.0,7734.0,10951.0,56577.0,22063.0,1460.0,5285.0,27768.0,56577.0,2449.0,screener
DSSL,Mar 2022,2022-03-31,annual,11.0,57.0,64.0,167.0,299.0,6.0,0.0,1.0,292.0,299.0,63.0,screener
DSSL,Mar 2023,2023-03-31,annual,13.0,92.0,69.0,229.0,403.0,7.0,0.0,0.0,395.0,403.0,69.0,screener
DSSL,Mar 2024,2024-03-31,annual,13.0,145.0,36.0,394.0,587.0,6.0,0.0,1.0,581.0,587.0,35.0,screener
DSSL,Mar 2025,2025-03-31,annual,13.0,218.0,139.0,407.0,777.0,9.0,24.0,1.0,743.0,777.0,138.0,screener
DSSL,Mar 2026,2026-03-31,annual,13.0,302.0,237.0,461.0,1013.0,158.0,3.0,1.0,852.0,1013.0,236.0,screener
DTL,Mar 2026,2026-03-31,annual,8.0,13.0,63.0,23.0,107.0,39.0,0.0,0.0,68.0,107.0,63.0,screener
DUCOL,Mar 2025,2025-03-31,annual,16.0,74.0,28.0,17.0,136.0,19.0,23.0,4.0,90.0,136.0,24.0,screener
DUCOL,Mar 2026,2026-03-31,annual,16.0,81.0,43.0,30.0,170.0,54.0,27.0,5.0,83.0,170.0,38.0,screener
DVL,Mar 2022,2022-03-31,annual,35.0,2027.0,115.0,281.0,2459.0,74.0,84.0,2079.0,220.0,2459.0,-1964.0,screener
DVL,Mar 2023,2023-03-31,annual,35.0,2602.0,365.0,528.0,3529.0,77.0,536.0,2513.0,404.0,3529.0,-2148.0,screener
DVL,Mar 2024,2024-03-31,annual,35.0,2924.0,377.0,592.0,3928.0,628.0,55.0,2772.0,473.0,3928.0,-2395.0,screener
DVL,Mar 2025,2025-03-31,annual,35.0,3154.0,388.0,593.0,4171.0,621.0,74.0,2996.0,480.0,4171.0,-2608.0,screener
DVL,Mar 2026,2026-03-31,annual,35.0,3253.0,952.0,639.0,4878.0,580.0,819.0,3097.0,382.0,4878.0,-2145.0,screener
EASTSILK,Mar 2007,2007-03-31,annual,15.0,310.0,128.0,173.0,626.0,145.0,7.0,15.0,459.0,626.0,113.0,screener
EBGNG,Mar 2022,2022-03-31,annual,0.04,79.0,100.0,11.0,190.0,7.0,0.0,0.0,183.0,190.0,100.0,screener
EBGNG,Mar 2023,2023-03-31,annual,0.04,111.0,149.0,16.0,277.0,8.0,1.0,0.0,268.0,277.0,149.0,screener
EBGNG,Mar 2024,2024-03-31,annual,0.04,163.0,332.0,91.0,586.0,41.0,0.0,7.0,538.0,586.0,325.0,screener
EBGNG,Mar 2025,2025-03-31,annual,19.0,207.0,454.0,39.0,719.0,41.0,0.0,0.0,678.0,719.0,454.0,screener
EBGNG,Mar 2026,2026-03-31,annual,23.0,735.0,433.0,63.0,1254.0,74.0,0.0,0.0,1180.0,1254.0,433.0,screener
ECLERX,Mar 2022,2022-03-31,annual,33.0,1534.0,163.0,324.0,2055.0,713.0,2.0,196.0,1145.0,2055.0,-33.0,screener
ECLERX,Mar 2023,2023-03-31,annual,48.0,1667.0,194.0,365.0,2274.0,773.0,21.0,275.0,1206.0,2274.0,-81.0,screener
ECLERX,Mar 2024,2024-03-31,annual,48.0,2199.0,266.0,406.0,2919.0,843.0,1.0,406.0,1669.0,2919.0,-140.0,screener
ECLERX,Mar 2025,2025-03-31,annual,47.0,2259.0,358.0,475.0,3139.0,974.0,0.0,309.0,1856.0,3139.0,49.0,screener
ECLERX,Mar 2026,2026-03-31,annual,92.0,2469.0,385.0,751.0,3697.0,1054.0,5.0,308.0,2330.0,3697.0,77.0,screener
ECOLINE,Mar 2022,2022-03-31,annual,1.0,29.0,41.0,20.0,91.0,16.0,0.0,3.0,73.0,91.0,38.0,screener
ECOLINE,Mar 2023,2023-03-31,annual,1.0,48.0,42.0,13.0,104.0,17.0,0.0,5.0,82.0,104.0,37.0,screener
ECOLINE,Mar 2024,2024-03-31,annual,1.0,71.0,45.0,12.0,129.0,15.0,0.0,19.0,95.0,129.0,26.0,screener
EDELWEISS,Mar 2022,2022-03-31,annual,90.0,6448.0,22768.0,13758.0,43063.0,1597.0,20.0,14139.0,27307.0,43063.0,8629.0,screener
EDELWEISS,Mar 2023,2023-03-31,annual,90.0,6654.0,21791.0,15346.0,43882.0,1367.0,25.0,17162.0,25327.0,43882.0,4629.0,screener
EDELWEISS,Mar 2024,2024-03-31,annual,90.0,4672.0,20358.0,17594.0,42714.0,1290.0,36.0,18491.0,22897.0,42714.0,1867.0,screener
EDELWEISS,Mar 2025,2025-03-31,annual,92.0,4333.0,18004.0,18853.0,41282.0,1271.0,18.0,17574.0,22419.0,41282.0,430.0,screener
EDELWEISS,Mar 2026,2026-03-31,annual,95.0,4528.0,18595.0,20523.0,43741.0,1162.0,1.0,19881.0,22697.0,43741.0,-1286.0,screener
EFCIL,Mar 2022,2022-03-31,annual,0.7,1.0,0.0,0.0,2.0,0.0,0.0,0.0,2.0,2.0,0.0,screener
EFCIL,Mar 2023,2023-03-31,annual,7.0,66.0,324.0,80.0,476.0,341.0,19.0,0.0,116.0,476.0,324.0,screener
EFCIL,Mar 2024,2024-03-31,annual,10.0,417.0,406.0,146.0,979.0,371.0,27.0,0.0,580.0,979.0,406.0,screener
EFCIL,Mar 2025,2025-03-31,annual,20.0,523.0,878.0,276.0,1697.0,702.0,0.0,5.0,990.0,1697.0,873.0,screener
EFCIL,Mar 2026,2026-03-31,annual,27.0,780.0,1406.0,462.0,2675.0,760.0,0.0,0.0,1915.0,2675.0,1406.0,screener
EICHERMOT,Mar 2022,2022-03-31,annual,27.0,12581.0,108.0,3424.0,16140.0,2424.0,505.0,7721.0,5490.0,16140.0,-7613.0,screener
EICHERMOT,Mar 2023,2023-03-31,annual,27.0,14963.0,288.0,3919.0,19198.0,2690.0,472.0,12321.0,3715.0,19198.0,-12033.0,screener
EICHERMOT,Mar 2024,2024-03-31,annual,27.0,18018.0,419.0,4650.0,23115.0,2914.0,555.0,13527.0,6119.0,23115.0,-13108.0,screener
EICHERMOT,Mar 2025,2025-03-31,annual,27.0,21269.0,458.0,5420.0,27174.0,3473.0,491.0,14791.0,8419.0,27174.0,-14333.0,screener
EICHERMOT,Mar 2026,2026-03-31,annual,27.0,25073.0,514.0,6549.0,32164.0,3852.0,736.0,17496.0,10080.0,32164.0,-16982.0,screener
EIDPARRY,Mar 2022,2022-03-31,annual,18.0,5308.0,1259.0,9358.0,15943.0,3763.0,160.0,563.0,11456.0,15943.0,696.0,screener
EIDPARRY,Mar 2023,2023-03-31,annual,18.0,6067.0,1618.0,11076.0,18778.0,3889.0,486.0,609.0,13794.0,18778.0,1009.0,screener
EIDPARRY,Mar 2024,2024-03-31,annual,18.0,7040.0,1740.0,12688.0,21487.0,4896.0,520.0,1275.0,14796.0,21487.0,465.0,screener
EIDPARRY,Mar 2025,2025-03-31,annual,18.0,7918.0,2704.0,13731.0,24371.0,6148.0,422.0,1453.0,16348.0,24371.0,1251.0,screener
EIDPARRY,Mar 2026,2026-03-31,annual,18.0,8748.0,3528.0,16917.0,29212.0,8240.0,357.0,2477.0,18138.0,29212.0,1051.0,screener
EIEL,Mar 2022,2022-03-31,annual,2.0,69.0,17.0,59.0,148.0,10.0,0.0,0.0,137.0,148.0,17.0,screener
EIEL,Mar 2023,2023-03-31,annual,26.0,101.0,65.0,157.0,348.0,18.0,0.0,0.0,329.0,348.0,65.0,screener
EIEL,Mar 2024,2024-03-31,annual,137.0,155.0,234.0,235.0,761.0,47.0,1.0,0.0,713.0,761.0,234.0,screener
EIEL,Mar 2025,2025-03-31,annual,176.0,819.0,234.0,270.0,1498.0,70.0,0.0,9.0,1419.0,1498.0,225.0,screener
EIEL,Mar 2026,2026-03-31,annual,176.0,1057.0,422.0,387.0,2042.0,255.0,114.0,67.0,1606.0,2042.0,355.0,screener
EIHOTEL,Mar 2022,2022-03-31,annual,125.0,2902.0,475.0,635.0,4137.0,2854.0,55.0,365.0,863.0,4137.0,110.0,screener
EIHOTEL,Mar 2023,2023-03-31,annual,125.0,3250.0,238.0,782.0,4395.0,2871.0,96.0,384.0,1044.0,4395.0,-146.0,screener
EIHOTEL,Mar 2024,2024-03-31,annual,125.0,3814.0,199.0,906.0,5045.0,2885.0,170.0,448.0,1542.0,5045.0,-249.0,screener
EIHOTEL,Mar 2025,2025-03-31,annual,125.0,4488.0,265.0,953.0,5831.0,3143.0,308.0,548.0,1833.0,5831.0,-283.0,screener
EIHOTEL,Mar 2026,2026-03-31,annual,125.0,5137.0,252.0,1041.0,6556.0,3881.0,218.0,656.0,1801.0,6556.0,-404.0,screener
EIMCOELECO,Mar 2020,2020-03-31,annual,6.0,313.0,3.0,32.0,353.0,78.0,11.0,156.0,109.0,353.0,-153.0,screener
EIMCOELECO,Mar 2021,2021-03-31,annual,6.0,322.0,2.0,41.0,370.0,87.0,0.0,158.0,125.0,370.0,-156.0,screener
EIMCOELECO,Mar 2022,2022-03-31,annual,6.0,327.0,0.0,32.0,366.0,81.0,0.0,157.0,128.0,366.0,-157.0,screener
EIMCOELECO,Mar 2023,2023-03-31,annual,6.0,345.0,1.0,37.0,389.0,76.0,1.0,166.0,146.0,389.0,-165.0,screener
EIMCOELECO,Mar 2024,2024-03-31,annual,6.0,380.0,0.0,64.0,450.0,73.0,0.0,180.0,197.0,450.0,-180.0,screener
EKC,Mar 2022,2022-03-31,annual,22.0,880.0,114.0,284.0,1301.0,334.0,38.0,3.0,926.0,1301.0,111.0,screener
EKC,Mar 2023,2023-03-31,annual,22.0,977.0,96.0,297.0,1392.0,392.0,64.0,3.0,932.0,1392.0,93.0,screener
EKC,Mar 2024,2024-03-31,annual,22.0,1078.0,41.0,293.0,1435.0,411.0,82.0,44.0,898.0,1435.0,-3.0,screener
EKC,Mar 2025,2025-03-31,annual,22.0,1184.0,143.0,295.0,1645.0,417.0,163.0,64.0,1001.0,1645.0,79.0,screener
EKC,Mar 2026,2026-03-31,annual,22.0,1377.0,267.0,227.0,1894.0,593.0,162.0,68.0,1071.0,1894.0,199.0,screener
ELDEHSG,Mar 2022,2022-03-31,annual,2.0,306.0,3.0,205.0,516.0,18.0,0.0,0.0,497.0,516.0,3.0,screener
ELDEHSG,Mar 2023,2023-03-31,annual,2.0,343.0,3.0,209.0,556.0,19.0,0.0,0.0,537.0,556.0,3.0,screener
ELDEHSG,Mar 2024,2024-03-31,annual,2.0,369.0,84.0,220.0,675.0,18.0,0.0,0.0,656.0,675.0,84.0,screener
ELDEHSG,Mar 2025,2025-03-31,annual,2.0,382.0,116.0,322.0,822.0,17.0,0.0,0.0,804.0,822.0,116.0,screener
ELDEHSG,Mar 2026,2026-03-31,annual,2.0,398.0,154.0,499.0,1053.0,17.0,0.0,0.0,1036.0,1053.0,154.0,screener
ELECON,Mar 2022,2022-03-31,annual,22.0,1028.0,151.0,513.0,1715.0,739.0,1.0,54.0,921.0,1715.0,97.0,screener
ELECON,Mar 2023,2023-03-31,annual,22.0,1257.0,52.0,399.0,1730.0,754.0,0.0,77.0,899.0,1730.0,-25.0,screener
ELECON,Mar 2024,2024-03-31,annual,22.0,1582.0,70.0,449.0,2123.0,769.0,1.0,286.0,1067.0,2123.0,-216.0,screener
ELECON,Mar 2025,2025-03-31,annual,22.0,1976.0,181.0,550.0,2729.0,914.0,7.0,496.0,1313.0,2729.0,-315.0,screener
ELECON,Mar 2026,2026-03-31,annual,22.0,2283.0,273.0,655.0,3234.0,930.0,23.0,743.0,1538.0,3234.0,-470.0,screener
ELECTHERM,Mar 2022,2022-03-31,annual,13.0,-1095.0,2087.0,741.0,1745.0,698.0,33.0,8.0,1007.0,1745.0,2079.0,screener
ELECTHERM,Mar 2023,2023-03-31,annual,13.0,-1109.0,1986.0,862.0,1752.0,638.0,26.0,8.0,1081.0,1752.0,1978.0,screener
ELECTHERM,Mar 2024,2024-03-31,annual,13.0,-794.0,1770.0,852.0,1841.0,613.0,44.0,8.0,1177.0,1841.0,1762.0,screener
ELECTHERM,Mar 2025,2025-03-31,annual,13.0,-172.0,1287.0,790.0,1918.0,601.0,98.0,8.0,1212.0,1918.0,1279.0,screener
ELECTHERM,Mar 2026,2026-03-31,annual,13.0,-167.0,1064.0,1103.0,2013.0,626.0,138.0,8.0,1240.0,2013.0,1056.0,screener
ELGIEQUIP,Mar 2022,2022-03-31,annual,32.0,1001.0,436.0,491.0,1959.0,553.0,7.0,31.0,1367.0,1959.0,405.0,screener
ELGIEQUIP,Mar 2023,2023-03-31,annual,32.0,1339.0,577.0,531.0,2479.0,587.0,3.0,37.0,1852.0,2479.0,540.0,screener
ELGIEQUIP,Mar 2024,2024-03-31,annual,32.0,1580.0,638.0,558.0,2807.0,587.0,10.0,41.0,2170.0,2807.0,597.0,screener
ELGIEQUIP,Mar 2025,2025-03-31,annual,32.0,1834.0,577.0,594.0,3037.0,592.0,53.0,81.0,2312.0,3037.0,496.0,screener
ELGIEQUIP,Mar 2026,2026-03-31,annual,32.0,2200.0,533.0,780.0,3546.0,699.0,136.0,261.0,2450.0,3546.0,272.0,screener
ELGNZ,Mar 2022,2022-03-31,annual,0.96,28.0,23.0,52.0,103.0,11.0,0.0,0.0,92.0,103.0,23.0,screener
ELGNZ,Mar 2023,2023-03-31,annual,0.96,38.0,28.0,49.0,116.0,12.0,0.0,0.0,104.0,116.0,28.0,screener
ELGNZ,Mar 2024,2024-03-31,annual,15.0,36.0,43.0,78.0,172.0,12.0,0.0,2.0,158.0,172.0,41.0,screener
ELGNZ,Mar 2025,2025-03-31,annual,23.0,130.0,6.0,72.0,230.0,13.0,0.0,2.0,214.0,230.0,4.0,screener
ELGNZ,Mar 2026,2026-03-31,annual,23.0,152.0,42.0,116.0,333.0,21.0,0.0,3.0,309.0,333.0,39.0,screener
ELIN,Mar 2022,2022-03-31,annual,20.0,283.0,103.0,127.0,533.0,188.0,0.0,1.0,343.0,533.0,102.0,screener
ELIN,Mar 2023,2023-03-31,annual,24.0,469.0,78.0,163.0,734.0,232.0,0.0,27.0,475.0,734.0,51.0,screener
ELIN,Mar 2024,2024-03-31,annual,24.0,479.0,12.0,154.0,669.0,224.0,12.0,63.0,370.0,669.0,-51.0,screener
ELIN,Mar 2025,2025-03-31,annual,24.0,510.0,24.0,170.0,728.0,246.0,3.0,69.0,410.0,728.0,-45.0,screener
ELIN,Mar 2026,2026-03-31,annual,24.0,532.0,17.0,193.0,766.0,253.0,28.0,82.0,403.0,766.0,-65.0,screener
ELPROINTL,Mar 2022,2022-03-31,annual,17.0,1215.0,56.0,92.0,1380.0,193.0,0.0,1077.0,110.0,1380.0,-1021.0,screener
ELPROINTL,Mar 2023,2023-03-31,annual,17.0,1247.0,128.0,122.0,1513.0,418.0,0.0,1012.0,83.0,1513.0,-884.0,screener
ELPROINTL,Mar 2024,2024-03-31,annual,17.0,1590.0,365.0,154.0,2127.0,456.0,0.0,1578.0,93.0,2127.0,-1213.0,screener
ELPROINTL,Mar 2025,2025-03-31,annual,17.0,2019.0,1010.0,355.0,3401.0,711.0,6.0,2539.0,145.0,3401.0,-1529.0,screener
ELPROINTL,Mar 2026,2026-03-31,annual,17.0,2014.0,1209.0,378.0,3618.0,914.0,31.0,2388.0,286.0,3618.0,-1179.0,screener
EMAMILTD,Mar 2022,2022-03-31,annual,44.0,2032.0,282.0,692.0,3050.0,1344.0,3.0,303.0,1400.0,3050.0,-21.0,screener
EMAMILTD,Mar 2023,2023-03-31,annual,44.0,2259.0,91.0,703.0,3096.0,1245.0,6.0,293.0,1551.0,3096.0,-202.0,screener
EMAMILTD,Mar 2024,2024-03-31,annual,44.0,2403.0,94.0,728.0,3269.0,1114.0,8.0,442.0,1706.0,3269.0,-348.0,screener
EMAMILTD,Mar 2025,2025-03-31,annual,44.0,2651.0,90.0,741.0,3525.0,984.0,15.0,676.0,1850.0,3525.0,-586.0,screener
EMAMILTD,Mar 2026,2026-03-31,annual,44.0,2880.0,162.0,751.0,3836.0,887.0,1.0,834.0,2114.0,3836.0,-672.0,screener
EMAPARTNER,Mar 2022,2022-03-31,annual,0.05,39.0,4.0,15.0,58.0,10.0,0.0,7.0,41.0,58.0,-3.0,screener
EMAPARTNER,Mar 2023,2023-03-31,annual,0.04,40.0,1.0,13.0,53.0,9.0,0.0,8.0,35.0,53.0,-7.0,screener
EMAPARTNER,Mar 2024,2024-03-31,annual,0.04,54.0,8.0,15.0,77.0,13.0,8.0,9.0,47.0,77.0,-1.0,screener
EMAPARTNER,Mar 2025,2025-03-31,annual,12.0,126.0,1.0,16.0,154.0,20.0,0.0,44.0,91.0,154.0,-43.0,screener
EMAPARTNER,Mar 2026,2026-03-31,annual,12.0,142.0,1.0,16.0,171.0,20.0,0.0,46.0,105.0,171.0,-45.0,screener
EMCURE,Mar 2022,2022-03-31,annual,181.0,1807.0,2217.0,1816.0,6021.0,2044.0,320.0,25.0,3632.0,6021.0,2192.0,screener
EMCURE,Mar 2023,2023-03-31,annual,181.0,2320.0,2334.0,1798.0,6634.0,2147.0,411.0,25.0,4050.0,6634.0,2309.0,screener
EMCURE,Mar 2024,2024-03-31,annual,181.0,2771.0,2335.0,2422.0,7709.0,3125.0,159.0,318.0,4108.0,7709.0,2017.0,screener
EMCURE,Mar 2025,2025-03-31,annual,189.0,4257.0,1023.0,2653.0,8122.0,3197.0,177.0,95.0,4652.0,8122.0,928.0,screener
EMCURE,Mar 2026,2026-03-31,annual,190.0,4760.0,1558.0,3104.0,9612.0,3420.0,172.0,20.0,6001.0,9612.0,1538.0,screener
EMIL,Mar 2022,2022-03-31,annual,300.0,297.0,1149.0,87.0,1832.0,785.0,24.0,0.0,1023.0,1832.0,1149.0,screener
EMIL,Mar 2023,2023-03-31,annual,385.0,800.0,1432.0,78.0,2694.0,1142.0,14.0,0.0,1538.0,2694.0,1432.0,screener
EMIL,Mar 2024,2024-03-31,annual,385.0,985.0,1570.0,120.0,3059.0,1356.0,45.0,0.0,1658.0,3059.0,1570.0,screener
EMIL,Mar 2025,2025-03-31,annual,385.0,1146.0,1976.0,190.0,3697.0,1758.0,30.0,0.0,1908.0,3697.0,1976.0,screener
EMIL,Mar 2026,2026-03-31,annual,385.0,1241.0,1997.0,174.0,3797.0,1932.0,19.0,0.0,1846.0,3797.0,1997.0,screener
EMKAY,Mar 2022,2022-03-31,annual,25.0,176.0,44.0,519.0,764.0,32.0,2.0,34.0,696.0,764.0,10.0,screener
EMKAY,Mar 2023,2023-03-31,annual,25.0,186.0,33.0,488.0,731.0,38.0,0.0,24.0,669.0,731.0,9.0,screener
EMKAY,Mar 2024,2024-03-31,annual,25.0,216.0,52.0,772.0,1065.0,43.0,0.0,26.0,996.0,1065.0,26.0,screener
EMKAY,Mar 2025,2025-03-31,annual,25.0,278.0,68.0,862.0,1233.0,41.0,0.0,32.0,1160.0,1233.0,36.0,screener
EMKAY,Mar 2026,2026-03-31,annual,26.0,354.0,110.0,1249.0,1740.0,40.0,0.0,38.0,1662.0,1740.0,72.0,screener
EMMBI,Mar 2025,2025-03-31,annual,18.0,168.0,159.0,66.0,412.0,183.0,0.0,0.0,228.0,412.0,159.0,screener
EMMBI,Mar 2026,2026-03-31,annual,19.0,180.0,176.0,85.0,460.0,181.0,1.0,0.0,278.0,460.0,176.0,screener
EMMVEE,Mar 2022,2022-03-31,annual,11.0,170.0,482.0,178.0,842.0,493.0,14.0,1.0,334.0,842.0,481.0,screener
EMMVEE,Mar 2023,2023-03-31,annual,11.0,130.0,524.0,173.0,838.0,323.0,93.0,0.0,421.0,838.0,524.0,screener
EMMVEE,Mar 2024,2024-03-31,annual,11.0,158.0,1447.0,558.0,2173.0,291.0,646.0,0.0,1237.0,2173.0,1447.0,screener
EMMVEE,Mar 2025,2025-03-31,annual,11.0,526.0,2065.0,1312.0,3914.0,2046.0,13.0,257.0,1598.0,3914.0,1808.0,screener
EMMVEE,Mar 2026,2026-03-31,annual,138.0,3556.0,360.0,1717.0,5772.0,2634.0,10.0,57.0,3072.0,5772.0,303.0,screener
EMSLIMITED,Mar 2022,2022-03-31,annual,12.0,368.0,4.0,119.0,503.0,51.0,0.0,1.0,451.0,503.0,3.0,screener
EMSLIMITED,Mar 2023,2023-03-31,annual,47.0,444.0,45.0,103.0,639.0,54.0,4.0,2.0,579.0,639.0,43.0,screener
EMSLIMITED,Mar 2024,2024-03-31,annual,56.0,743.0,71.0,101.0,970.0,94.0,0.0,10.0,866.0,970.0,61.0,screener
EMSLIMITED,Mar 2025,2025-03-31,annual,56.0,920.0,86.0,104.0,1165.0,96.0,0.0,18.0,1052.0,1165.0,68.0,screener
EMSLIMITED,Mar 2026,2026-03-31,annual,56.0,1000.0,154.0,121.0,1331.0,123.0,37.0,10.0,1160.0,1331.0,144.0,screener
EMUDHRA,Mar 2022,2022-03-31,annual,35.0,118.0,67.0,39.0,259.0,117.0,43.0,0.0,99.0,259.0,67.0,screener
EMUDHRA,Mar 2023,2023-03-31,annual,37.0,354.0,25.0,43.0,460.0,162.0,47.0,21.0,230.0,460.0,4.0,screener
EMUDHRA,Mar 2024,2024-03-31,annual,40.0,616.0,8.0,86.0,750.0,253.0,51.0,4.0,443.0,750.0,4.0,screener
EMUDHRA,Mar 2025,2025-03-31,annual,41.0,705.0,0.0,123.0,868.0,419.0,17.0,81.0,351.0,868.0,-81.0,screener
EMUDHRA,Mar 2026,2026-03-31,annual,41.0,870.0,29.0,274.0,1213.0,727.0,29.0,46.0,411.0,1213.0,-17.0,screener
ENDURANCE,Mar 2022,2022-03-31,annual,141.0,3779.0,430.0,1507.0,5857.0,2715.0,119.0,487.0,2536.0,5857.0,-57.0,screener
ENDURANCE,Mar 2023,2023-03-31,annual,141.0,4271.0,515.0,1875.0,6802.0,3143.0,171.0,672.0,2816.0,6802.0,-157.0,screener
ENDURANCE,Mar 2024,2024-03-31,annual,141.0,4837.0,765.0,2128.0,7871.0,3630.0,159.0,793.0,3289.0,7871.0,-28.0,screener
ENDURANCE,Mar 2025,2025-03-31,annual,141.0,5577.0,944.0,2465.0,9126.0,4058.0,293.0,804.0,3971.0,9126.0,140.0,screener
ENDURANCE,Mar 2026,2026-03-31,annual,141.0,6700.0,1327.0,3444.0,11611.0,5701.0,488.0,1031.0,4392.0,11611.0,296.0,screener
ENGINERSIN,Mar 2022,2022-03-31,annual,281.0,1489.0,4.0,2404.0,4177.0,263.0,7.0,1088.0,2821.0,4177.0,-1084.0,screener
ENGINERSIN,Mar 2023,2023-03-31,annual,281.0,1680.0,19.0,2408.0,4388.0,279.0,26.0,1179.0,2905.0,4388.0,-1160.0,screener
ENGINERSIN,Mar 2024,2024-03-31,annual,281.0,1965.0,33.0,2454.0,4733.0,298.0,36.0,1380.0,3020.0,4733.0,-1347.0,screener
ENGINERSIN,Mar 2025,2025-03-31,annual,281.0,2388.0,22.0,2574.0,5265.0,295.0,46.0,1395.0,3530.0,5265.0,-1373.0,screener
ENGINERSIN,Mar 2026,2026-03-31,annual,281.0,2865.0,17.0,2707.0,5869.0,338.0,31.0,1606.0,3895.0,5869.0,-1589.0,screener
ENIL,Mar 2022,2022-03-31,annual,48.0,713.0,235.0,110.0,1106.0,641.0,1.0,217.0,248.0,1106.0,18.0,screener
ENIL,Mar 2023,2023-03-31,annual,48.0,544.0,197.0,413.0,1201.0,546.0,1.0,283.0,372.0,1201.0,-86.0,screener
ENIL,Mar 2024,2024-03-31,annual,48.0,724.0,193.0,292.0,1256.0,497.0,1.0,308.0,450.0,1256.0,-115.0,screener
ENIL,Mar 2025,2025-03-31,annual,48.0,729.0,177.0,240.0,1193.0,440.0,5.0,355.0,393.0,1193.0,-178.0,screener
ENIL,Mar 2026,2026-03-31,annual,48.0,710.0,171.0,278.0,1206.0,387.0,0.0,387.0,432.0,1206.0,-216.0,screener
ENTERO,Mar 2022,2022-03-31,annual,4.0,-62.0,974.0,210.0,1125.0,262.0,1.0,0.0,863.0,1125.0,974.0,screener
ENTERO,Mar 2023,2023-03-31,annual,4.0,-73.0,1101.0,275.0,1308.0,268.0,0.0,0.0,1040.0,1308.0,1101.0,screener
ENTERO,Mar 2024,2024-03-31,annual,43.0,1595.0,338.0,369.0,2345.0,289.0,0.0,0.0,2056.0,2345.0,338.0,screener
ENTERO,Mar 2025,2025-03-31,annual,44.0,1681.0,385.0,593.0,2703.0,559.0,0.0,58.0,2085.0,2703.0,327.0,screener
ENTERO,Mar 2026,2026-03-31,annual,44.0,1645.0,677.0,1234.0,3600.0,960.0,0.0,130.0,2510.0,3600.0,547.0,screener
EPACK,Mar 2022,2022-03-31,annual,52.0,70.0,415.0,539.0,1077.0,327.0,8.0,3.0,738.0,1077.0,412.0,screener
EPACK,Mar 2023,2023-03-31,annual,52.0,262.0,525.0,626.0,1464.0,419.0,92.0,5.0,949.0,1464.0,520.0,screener
EPACK,Mar 2024,2024-03-31,annual,96.0,796.0,386.0,489.0,1768.0,678.0,27.0,9.0,1054.0,1768.0,377.0,screener
EPACK,Mar 2025,2025-03-31,annual,96.0,856.0,416.0,645.0,2013.0,691.0,58.0,20.0,1244.0,2013.0,396.0,screener
EPACK,Mar 2026,2026-03-31,annual,96.0,864.0,739.0,806.0,2506.0,909.0,89.0,12.0,1496.0,2506.0,727.0,screener
EPACKPEB,Mar 2022,2022-03-31,annual,4.0,98.0,76.0,127.0,306.0,147.0,1.0,0.0,158.0,306.0,76.0,screener
EPACKPEB,Mar 2023,2023-03-31,annual,4.0,122.0,109.0,197.0,432.0,153.0,2.0,2.0,275.0,432.0,107.0,screener
EPACKPEB,Mar 2024,2024-03-31,annual,4.0,165.0,150.0,295.0,614.0,238.0,0.0,2.0,374.0,614.0,148.0,screener
EPACKPEB,Mar 2025,2025-03-31,annual,16.0,337.0,216.0,362.0,931.0,251.0,56.0,2.0,622.0,931.0,214.0,screener
EPACKPEB,Mar 2026,2026-03-31,annual,20.0,714.0,115.0,578.0,1427.0,357.0,60.0,27.0,982.0,1427.0,88.0,screener
EPIGRAL,Mar 2022,2022-03-31,annual,42.0,684.0,993.0,405.0,2124.0,1068.0,589.0,0.0,467.0,2124.0,993.0,screener
EPIGRAL,Mar 2023,2023-03-31,annual,42.0,1028.0,879.0,484.0,2432.0,1804.0,158.0,21.0,450.0,2432.0,858.0,screener
EPIGRAL,Mar 2024,2024-03-31,annual,42.0,1213.0,964.0,576.0,2794.0,1767.0,483.0,21.0,524.0,2794.0,943.0,screener
EPIGRAL,Mar 2025,2025-03-31,annual,43.0,1861.0,593.0,655.0,3152.0,2238.0,64.0,98.0,752.0,3152.0,495.0,screener
EPIGRAL,Mar 2026,2026-03-31,annual,43.0,2178.0,572.0,712.0,3505.0,2117.0,451.0,23.0,915.0,3505.0,549.0,screener
EPL,Mar 2022,2022-03-31,annual,63.0,1761.0,769.0,670.0,3264.0,1473.0,147.0,7.0,1636.0,3264.0,762.0,screener
EPL,Mar 2023,2023-03-31,annual,64.0,1926.0,890.0,723.0,3601.0,1694.0,178.0,19.0,1711.0,3601.0,871.0,screener
EPL,Mar 2024,2024-03-31,annual,64.0,2028.0,912.0,767.0,3771.0,1912.0,72.0,8.0,1780.0,3771.0,904.0,screener
EPL,Mar 2025,2025-03-31,annual,64.0,2291.0,802.0,795.0,3952.0,1970.0,73.0,39.0,1870.0,3952.0,763.0,screener
EPL,Mar 2026,2026-03-31,annual,64.0,2794.0,962.0,1080.0,4900.0,2402.0,148.0,24.0,2326.0,4900.0,938.0,screener
ERIS,Mar 2022,2022-03-31,annual,14.0,1895.0,84.0,233.0,2226.0,918.0,27.0,520.0,761.0,2226.0,-436.0,screener
ERIS,Mar 2023,2023-03-31,annual,14.0,2182.0,877.0,337.0,3410.0,2568.0,22.0,37.0,783.0,3410.0,840.0,screener
ERIS,Mar 2024,2024-03-31,annual,14.0,2573.0,2781.0,1366.0,6734.0,4319.0,20.0,16.0,2379.0,6734.0,2765.0,screener
ERIS,Mar 2025,2025-03-31,annual,14.0,2841.0,2478.0,1412.0,6744.0,5306.0,67.0,67.0,1304.0,6744.0,2411.0,screener
ERIS,Mar 2026,2026-03-31,annual,14.0,3889.0,2359.0,1104.0,7366.0,5188.0,171.0,62.0,1945.0,7366.0,2297.0,screener
EROSMEDIA,Mar 2022,2022-03-31,annual,96.0,970.0,480.0,861.0,2407.0,559.0,172.0,0.0,1677.0,2407.0,480.0,screener
EROSMEDIA,Mar 2023,2023-03-31,annual,96.0,932.0,190.0,1041.0,2260.0,356.0,43.0,0.0,1860.0,2260.0,190.0,screener
EROSMEDIA,Mar 2024,2024-03-31,annual,96.0,532.0,192.0,954.0,1774.0,127.0,61.0,0.0,1586.0,1774.0,192.0,screener
EROSMEDIA,Mar 2025,2025-03-31,annual,96.0,670.0,111.0,866.0,1742.0,218.0,0.0,0.0,1524.0,1742.0,111.0,screener
EROSMEDIA,Mar 2026,2026-03-31,annual,96.0,648.0,114.0,939.0,1798.0,181.0,0.0,0.0,1617.0,1798.0,114.0,screener
ESCONET,Mar 2023,2023-03-31,annual,0.77,5.0,11.0,12.0,29.0,2.0,0.0,0.0,27.0,29.0,11.0,screener
ESCONET,Mar 2024,2024-03-31,annual,12.0,25.0,5.0,33.0,75.0,3.0,0.0,0.0,72.0,75.0,5.0,screener
ESCONET,Mar 2025,2025-03-31,annual,13.0,57.0,1.0,46.0,117.0,5.0,0.0,0.0,112.0,117.0,1.0,screener
ESCONET,Mar 2026,2026-03-31,annual,13.0,67.0,13.0,38.0,131.0,18.0,0.0,1.0,112.0,131.0,12.0,screener
ESCORTS,Mar 2022,2022-03-31,annual,132.0,7468.0,52.0,1456.0,9108.0,1841.0,88.0,4836.0,2343.0,9108.0,-4784.0,screener
ESCORTS,Mar 2023,2023-03-31,annual,132.0,8055.0,57.0,1841.0,10085.0,1891.0,114.0,4767.0,3313.0,10085.0,-4710.0,screener
ESCORTS,Mar 2024,2024-03-31,annual,110.0,9278.0,448.0,2563.0,12400.0,2165.0,161.0,5019.0,5054.0,12400.0,-4571.0,screener
ESCORTS,Mar 2025,2025-03-31,annual,112.0,10255.0,105.0,2623.0,13095.0,2053.0,153.0,5605.0,5284.0,13095.0,-5500.0,screener
ESCORTS,Mar 2026,2026-03-31,annual,112.0,12261.0,162.0,3257.0,15792.0,2146.0,200.0,8281.0,5165.0,15792.0,-8119.0,screener
ESSENTIA,Mar 2022,2022-03-31,annual,11.0,-40.0,29.0,17.0,17.0,0.0,0.0,0.0,17.0,17.0,29.0,screener
ESSENTIA,Mar 2023,2023-03-31,annual,46.0,30.0,28.0,57.0,161.0,40.0,0.0,20.0,101.0,161.0,8.0,screener
ESSENTIA,Mar 2024,2024-03-31,annual,91.0,26.0,7.0,77.0,202.0,38.0,0.0,36.0,128.0,202.0,-29.0,screener
ESSENTIA,Mar 2025,2025-03-31,annual,107.0,63.0,26.0,25.0,221.0,53.0,0.0,29.0,139.0,221.0,-3.0,screener
ESSENTIA,Mar 2026,2026-03-31,annual,107.0,63.0,44.0,36.0,250.0,18.0,0.0,11.0,221.0,250.0,33.0,screener
ESTER,Mar 2022,2022-03-31,annual,42.0,580.0,639.0,168.0,1428.0,390.0,435.0,0.0,604.0,1428.0,639.0,screener
ESTER,Mar 2023,2023-03-31,annual,42.0,702.0,816.0,155.0,1715.0,979.0,79.0,154.0,503.0,1715.0,662.0,screener
ESTER,Mar 2024,2024-03-31,annual,47.0,671.0,773.0,153.0,1643.0,989.0,83.0,69.0,502.0,1643.0,704.0,screener
ESTER,Mar 2025,2025-03-31,annual,47.0,726.0,660.0,140.0,1573.0,977.0,39.0,75.0,482.0,1573.0,585.0,screener
ESTER,Mar 2026,2026-03-31,annual,49.0,734.0,729.0,162.0,1674.0,978.0,36.0,78.0,581.0,1674.0,651.0,screener
ETERNAL,Mar 2022,2022-03-31,annual,764.0,15741.0,70.0,751.0,17327.0,1404.0,1.0,4718.0,11204.0,17327.0,-4648.0,screener
ETERNAL,Mar 2023,2023-03-31,annual,836.0,18624.0,507.0,1632.0,21599.0,6344.0,7.0,6765.0,8483.0,21599.0,-6258.0,screener
ETERNAL,Mar 2024,2024-03-31,annual,868.0,19545.0,749.0,2194.0,23356.0,6448.0,18.0,11645.0,5245.0,23356.0,-10896.0,screener
ETERNAL,Mar 2025,2025-03-31,annual,907.0,29410.0,2045.0,3261.0,35623.0,9532.0,51.0,13192.0,12848.0,35623.0,-11147.0,screener
ETERNAL,Mar 2026,2026-03-31,annual,919.0,30061.0,4592.0,5150.0,40722.0,12675.0,136.0,14833.0,13078.0,40722.0,-10241.0,screener
ETHOSLTD,Mar 2022,2022-03-31,annual,19.0,213.0,161.0,111.0,504.0,130.0,0.0,2.0,373.0,504.0,159.0,screener
ETHOSLTD,Mar 2023,2023-03-31,annual,23.0,608.0,121.0,127.0,880.0,197.0,4.0,2.0,677.0,880.0,119.0,screener
ETHOSLTD,Mar 2024,2024-03-31,annual,24.0,859.0,145.0,142.0,1171.0,230.0,9.0,25.0,907.0,1171.0,120.0,screener
ETHOSLTD,Mar 2025,2025-03-31,annual,24.0,958.0,289.0,139.0,1410.0,401.0,31.0,36.0,942.0,1410.0,253.0,screener
ETHOSLTD,Mar 2026,2026-03-31,annual,27.0,1461.0,322.0,387.0,2197.0,494.0,11.0,38.0,1654.0,2197.0,284.0,screener
EUREKAFORB,Mar 2022,2022-03-31,annual,193.0,3883.0,256.0,1794.0,6127.0,5505.0,0.0,62.0,560.0,6127.0,194.0,screener
EUREKAFORB,Mar 2023,2023-03-31,annual,193.0,3904.0,140.0,1792.0,6029.0,5481.0,2.0,76.0,470.0,6029.0,64.0,screener
EUREKAFORB,Mar 2024,2024-03-31,annual,193.0,4032.0,39.0,1864.0,6128.0,5463.0,1.0,55.0,609.0,6128.0,-16.0,screener
EUREKAFORB,Mar 2025,2025-03-31,annual,193.0,4215.0,26.0,1902.0,6337.0,5471.0,2.0,59.0,804.0,6337.0,-33.0,screener
EUREKAFORB,Mar 2026,2026-03-31,annual,193.0,4406.0,29.0,2107.0,6735.0,5519.0,0.0,63.0,1153.0,6735.0,-34.0,screener
EUROPRATIK,Mar 2024,2024-03-31,annual,2.0,154.0,13.0,5.0,174.0,25.0,0.0,34.0,115.0,174.0,-21.0,screener
EUROPRATIK,Mar 2025,2025-03-31,annual,10.0,224.0,19.0,20.0,274.0,30.0,0.0,8.0,236.0,274.0,11.0,screener
EUROPRATIK,Mar 2026,2026-03-31,annual,10.0,300.0,24.0,62.0,397.0,85.0,0.0,14.0,298.0,397.0,10.0,screener
EVEREADY,Mar 2022,2022-03-31,annual,36.0,254.0,396.0,253.0,939.0,305.0,4.0,0.0,630.0,939.0,396.0,screener
EVEREADY,Mar 2023,2023-03-31,annual,36.0,283.0,398.0,265.0,983.0,310.0,1.0,8.0,664.0,983.0,390.0,screener
EVEREADY,Mar 2024,2024-03-31,annual,36.0,350.0,307.0,270.0,963.0,293.0,8.0,8.0,654.0,963.0,299.0,screener
EVEREADY,Mar 2025,2025-03-31,annual,36.0,425.0,312.0,314.0,1088.0,304.0,81.0,8.0,695.0,1088.0,304.0,screener
EVEREADY,Mar 2026,2026-03-31,annual,36.0,587.0,202.0,389.0,1214.0,276.0,176.0,0.0,761.0,1214.0,202.0,screener
EVERESTIND,Mar 2022,2022-03-31,annual,16.0,527.0,55.0,461.0,1058.0,398.0,19.0,0.0,641.0,1058.0,55.0,screener
EVERESTIND,Mar 2023,2023-03-31,annual,16.0,566.0,113.0,437.0,1132.0,388.0,26.0,0.0,718.0,1132.0,113.0,screener
EVERESTIND,Mar 2024,2024-03-31,annual,16.0,582.0,96.0,506.0,1199.0,399.0,80.0,0.0,720.0,1199.0,96.0,screener
EVERESTIND,Mar 2025,2025-03-31,annual,16.0,581.0,265.0,449.0,1311.0,562.0,12.0,9.0,727.0,1311.0,256.0,screener
EVERESTIND,Mar 2026,2026-03-31,annual,16.0,479.0,227.0,489.0,1211.0,542.0,12.0,10.0,646.0,1211.0,217.0,screener
EXICOM,Mar 2022,2022-03-31,annual,7.0,214.0,128.0,254.0,603.0,101.0,18.0,1.0,484.0,603.0,127.0,screener
EXICOM,Mar 2023,2023-03-31,annual,7.0,225.0,133.0,340.0,705.0,79.0,5.0,1.0,620.0,705.0,132.0,screener
EXICOM,Mar 2024,2024-03-31,annual,121.0,601.0,46.0,245.0,1013.0,92.0,22.0,1.0,898.0,1013.0,45.0,screener
EXICOM,Mar 2025,2025-03-31,annual,121.0,493.0,707.0,347.0,1668.0,586.0,79.0,1.0,1002.0,1668.0,706.0,screener
EXICOM,Mar 2026,2026-03-31,annual,139.0,512.0,713.0,625.0,1989.0,868.0,0.0,1.0,1120.0,1989.0,712.0,screener
EXIDEIND,Mar 2022,2022-03-31,annual,85.0,10499.0,520.0,2799.0,13902.0,3361.0,341.0,5558.0,4642.0,13902.0,-5038.0,screener
EXIDEIND,Mar 2023,2023-03-31,annual,85.0,11047.0,588.0,3037.0,14758.0,3682.0,525.0,5106.0,5444.0,14758.0,-4518.0,screener
EXIDEIND,Mar 2024,2024-03-31,annual,85.0,12801.0,1123.0,4140.0,18149.0,3853.0,1352.0,5940.0,7004.0,18149.0,-4817.0,screener
EXIDEIND,Mar 2025,2025-03-31,annual,85.0,13828.0,2017.0,5459.0,21390.0,3935.0,3643.0,6468.0,7343.0,21390.0,-4451.0,screener
EXIDEIND,Mar 2026,2026-03-31,annual,85.0,13820.0,1575.0,5737.0,21218.0,4006.0,4198.0,6131.0,6882.0,21218.0,-4556.0,screener
EXPLEOSOL,Mar 2022,2022-03-31,annual,16.0,379.0,15.0,185.0,594.0,108.0,6.0,0.0,480.0,594.0,15.0,screener
EXPLEOSOL,Mar 2023,2023-03-31,annual,16.0,515.0,26.0,174.0,730.0,142.0,6.0,0.0,582.0,730.0,26.0,screener
EXPLEOSOL,Mar 2024,2024-03-31,annual,16.0,596.0,26.0,128.0,765.0,131.0,5.0,15.0,614.0,765.0,11.0,screener
EXPLEOSOL,Mar 2025,2025-03-31,annual,16.0,620.0,30.0,165.0,831.0,113.0,0.0,0.0,719.0,831.0,30.0,screener
EXPLEOSOL,Mar 2026,2026-03-31,annual,16.0,761.0,8.0,145.0,929.0,73.0,0.0,0.0,856.0,929.0,8.0,screener
FABTECH,Mar 2022,2022-03-31,annual,3.0,65.0,21.0,83.0,172.0,5.0,0.0,17.0,150.0,172.0,4.0,screener
FABTECH,Mar 2023,2023-03-31,annual,3.0,86.0,35.0,89.0,214.0,4.0,0.0,20.0,190.0,214.0,15.0,screener
FABTECH,Mar 2024,2024-03-31,annual,3.0,129.0,13.0,125.0,269.0,22.0,0.0,21.0,226.0,269.0,-8.0,screener
FABTECH,Mar 2025,2025-03-31,annual,32.0,141.0,84.0,170.0,427.0,94.0,0.0,15.0,318.0,427.0,69.0,screener
FABTECH,Mar 2026,2026-03-31,annual,44.0,375.0,70.0,164.0,654.0,78.0,0.0,26.0,550.0,654.0,44.0,screener
FACT,Mar 2022,2022-03-31,annual,647.0,15.0,1838.0,2276.0,4775.0,816.0,43.0,98.0,3819.0,4775.0,1740.0,screener
FACT,Mar 2023,2023-03-31,annual,647.0,627.0,1842.0,2379.0,5494.0,814.0,105.0,113.0,4463.0,5494.0,1729.0,screener
FACT,Mar 2024,2024-03-31,annual,647.0,711.0,1810.0,2682.0,5850.0,827.0,224.0,130.0,4669.0,5850.0,1680.0,screener
FACT,Mar 2025,2025-03-31,annual,647.0,724.0,1805.0,2860.0,6036.0,951.0,216.0,158.0,4710.0,6036.0,1647.0,screener
FACT,Sep 2025,2025-09-30,annual,647.0,728.0,3837.0,1466.0,6677.0,948.0,243.0,158.0,5328.0,6677.0,3679.0,screener
FAZE3Q,Mar 2022,2022-03-31,annual,24.0,254.0,167.0,42.0,488.0,161.0,4.0,10.0,312.0,488.0,157.0,screener
FAZE3Q,Mar 2023,2023-03-31,annual,24.0,310.0,174.0,38.0,547.0,216.0,4.0,12.0,314.0,547.0,162.0,screener
FAZE3Q,Mar 2024,2024-03-31,annual,24.0,356.0,170.0,43.0,593.0,252.0,7.0,14.0,321.0,593.0,156.0,screener
FAZE3Q,Mar 2025,2025-03-31,annual,24.0,396.0,192.0,74.0,686.0,306.0,9.0,11.0,362.0,686.0,181.0,screener
FAZE3Q,Mar 2026,2026-03-31,annual,24.0,428.0,275.0,91.0,819.0,359.0,12.0,18.0,430.0,819.0,257.0,screener
FDC,Mar 2022,2022-03-31,annual,17.0,1940.0,32.0,281.0,2270.0,705.0,105.0,886.0,575.0,2270.0,-854.0,screener
FDC,Mar 2023,2023-03-31,annual,17.0,1965.0,28.0,333.0,2343.0,699.0,198.0,806.0,640.0,2343.0,-778.0,screener
FDC,Mar 2024,2024-03-31,annual,16.0,2081.0,21.0,350.0,2468.0,680.0,261.0,843.0,684.0,2468.0,-822.0,screener
FDC,Mar 2025,2025-03-31,annual,16.0,2265.0,21.0,412.0,2714.0,852.0,137.0,1028.0,698.0,2714.0,-1007.0,screener
FDC,Mar 2026,2026-03-31,annual,16.0,2469.0,15.0,418.0,2919.0,1000.0,96.0,1048.0,775.0,2919.0,-1033.0,screener
FEDERALBNK,Mar 2022,2022-03-31,annual,421.0,18835.0,,5721.0,226241.0,643.0,29.0,39065.0,186504.0,226241.0,,screener
FEDERALBNK,Mar 2023,2023-03-31,annual,423.0,21699.0,,7031.0,268004.0,890.0,81.0,48702.0,218330.0,268004.0,,screener
FEDERALBNK,Mar 2024,2024-03-31,annual,487.0,29618.0,,10119.0,317839.0,996.0,67.0,61043.0,255733.0,317839.0,,screener
FEDERALBNK,Mar 2025,2025-03-31,annual,491.0,34047.0,,9534.0,360152.0,1456.0,72.0,66058.0,292567.0,360152.0,,screener
FEDERALBNK,Mar 2026,2026-03-31,annual,493.0,39550.0,,15354.0,402081.0,1420.0,108.0,76471.0,324081.0,402081.0,,screener
FERMENTA,Mar 2022,2022-03-31,annual,14.0,358.0,239.0,96.0,707.0,299.0,35.0,0.0,373.0,707.0,239.0,screener
FERMENTA,Mar 2023,2023-03-31,annual,14.0,301.0,220.0,102.0,637.0,267.0,45.0,3.0,321.0,637.0,217.0,screener
FERMENTA,Mar 2024,2024-03-31,annual,14.0,274.0,139.0,120.0,548.0,269.0,2.0,0.0,277.0,548.0,139.0,screener
FERMENTA,Mar 2025,2025-03-31,annual,15.0,348.0,115.0,137.0,614.0,227.0,16.0,0.0,372.0,614.0,115.0,screener
FERMENTA,Mar 2026,2026-03-31,annual,14.0,392.0,113.0,128.0,648.0,220.0,13.0,0.0,414.0,648.0,113.0,screener
FIEMIND,Mar 2022,2022-03-31,annual,13.0,629.0,46.0,361.0,1049.0,508.0,1.0,77.0,463.0,1049.0,-31.0,screener
FIEMIND,Mar 2023,2023-03-31,annual,13.0,748.0,24.0,268.0,1053.0,494.0,5.0,0.0,554.0,1053.0,24.0,screener
FIEMIND,Mar 2024,2024-03-31,annual,26.0,861.0,23.0,308.0,1218.0,496.0,5.0,0.0,717.0,1218.0,23.0,screener
FIEMIND,Mar 2025,2025-03-31,annual,26.0,1012.0,22.0,363.0,1424.0,553.0,20.0,0.0,850.0,1424.0,22.0,screener
FIEMIND,Mar 2026,2026-03-31,annual,26.0,1189.0,66.0,420.0,1701.0,604.0,15.0,0.0,1082.0,1701.0,66.0,screener
FINCABLES,Mar 2022,2022-03-31,annual,31.0,3891.0,9.0,563.0,4494.0,380.0,87.0,2014.0,2013.0,4494.0,-2005.0,screener
FINCABLES,Mar 2023,2023-03-31,annual,31.0,4340.0,14.0,596.0,4980.0,435.0,21.0,2610.0,1915.0,4980.0,-2596.0,screener
FINCABLES,Mar 2024,2024-03-31,annual,31.0,4915.0,18.0,671.0,5635.0,444.0,168.0,3584.0,1439.0,5635.0,-3566.0,screener
FINCABLES,Mar 2025,2025-03-31,annual,31.0,5465.0,20.0,771.0,6287.0,583.0,210.0,3986.0,1507.0,6287.0,-3966.0,screener
FINCABLES,Mar 2026,2026-03-31,annual,31.0,6055.0,19.0,885.0,6990.0,850.0,105.0,4195.0,1840.0,6990.0,-4176.0,screener
FINEORG,Mar 2022,2022-03-31,annual,15.0,944.0,59.0,219.0,1236.0,229.0,14.0,31.0,962.0,1236.0,28.0,screener
FINEORG,Mar 2023,2023-03-31,annual,15.0,1526.0,29.0,237.0,1807.0,214.0,40.0,39.0,1513.0,1807.0,-10.0,screener
FINEORG,Mar 2024,2024-03-31,annual,15.0,1906.0,4.0,182.0,2108.0,268.0,30.0,36.0,1774.0,2108.0,-32.0,screener
FINEORG,Mar 2025,2025-03-31,annual,15.0,2280.0,3.0,206.0,2504.0,363.0,27.0,35.0,2078.0,2504.0,-32.0,screener
FINEORG,Mar 2026,2026-03-31,annual,15.0,2649.0,68.0,266.0,2999.0,388.0,64.0,38.0,2508.0,2999.0,30.0,screener
FINPIPE,Mar 2022,2022-03-31,annual,124.0,3804.0,278.0,1140.0,5345.0,993.0,9.0,2718.0,1625.0,5345.0,-2440.0,screener
FINPIPE,Mar 2023,2023-03-31,annual,124.0,4779.0,541.0,841.0,6285.0,1055.0,44.0,3952.0,1234.0,6285.0,-3411.0,screener
FINPIPE,Mar 2024,2024-03-31,annual,124.0,5511.0,394.0,1030.0,7058.0,1055.0,19.0,4586.0,1398.0,7058.0,-4192.0,screener
FINPIPE,Mar 2025,2025-03-31,annual,124.0,5973.0,237.0,1048.0,7382.0,1008.0,73.0,4910.0,1391.0,7382.0,-4673.0,screener
FINPIPE,Mar 2026,2026-03-31,annual,124.0,6091.0,446.0,935.0,7596.0,1017.0,28.0,4969.0,1581.0,7596.0,-4523.0,screener
FIRSTCRY,Mar 2022,2022-03-31,annual,45.0,3447.0,446.0,2147.0,6084.0,2213.0,42.0,0.0,3830.0,6084.0,446.0,screener
FIRSTCRY,Mar 2023,2023-03-31,annual,81.0,3368.0,906.0,2602.0,6957.0,3533.0,26.0,0.0,3397.0,6957.0,906.0,screener
FIRSTCRY,Mar 2024,2024-03-31,annual,81.0,3082.0,1430.0,2727.0,7321.0,3868.0,1.0,5.0,3447.0,7321.0,1425.0,screener
FIRSTCRY,Mar 2025,2025-03-31,annual,96.0,4645.0,1570.0,2359.0,8670.0,3609.0,7.0,5.0,5049.0,8670.0,1565.0,screener
FIRSTCRY,Mar 2026,2026-03-31,annual,97.0,4730.0,1594.0,2608.0,9028.0,3591.0,20.0,5.0,5412.0,9028.0,1589.0,screener
FIVESTAR,Mar 2015,2015-03-31,annual,10.0,61.0,,6.0,165.0,1.0,0.0,0.0,164.0,165.0,,screener_yfinance_fallback_normalized
FIVESTAR,Mar 2016,2016-03-31,annual,11.0,81.0,,5.0,225.0,2.0,0.0,4.0,219.0,225.0,,screener_yfinance_fallback_normalized
FIVESTAR,Mar 2017,2017-03-31,annual,14.0,211.0,,14.0,694.0,5.0,2.0,4.0,683.0,694.0,,screener_yfinance_fallback_normalized
FIVESTAR,Mar 2018,2018-03-31,annual,19.0,573.0,,14.0,1152.0,6.0,0.0,0.0,1145.0,1152.0,,screener_yfinance_fallback_normalized
FIVESTAR,Mar 2019,2019-03-31,annual,24.0,1341.0,,30.0,2350.0,10.0,0.0,0.0,2340.0,2350.0,,screener_yfinance_fallback_normalized
FLAIR,Mar 2022,2022-03-31,annual,23.0,295.0,126.0,113.0,558.0,196.0,2.0,0.0,360.0,558.0,126.0,screener
FLAIR,Mar 2023,2023-03-31,annual,47.0,388.0,123.0,126.0,684.0,250.0,2.0,0.0,433.0,684.0,123.0,screener
FLAIR,Mar 2024,2024-03-31,annual,53.0,846.0,69.0,140.0,1108.0,327.0,20.0,0.0,760.0,1108.0,69.0,screener
FLAIR,Mar 2025,2025-03-31,annual,53.0,966.0,62.0,138.0,1218.0,427.0,23.0,31.0,737.0,1218.0,31.0,screener
FLAIR,Mar 2026,2026-03-31,annual,53.0,1089.0,66.0,159.0,1367.0,482.0,60.0,120.0,705.0,1367.0,-54.0,screener
FLUOROCHEM,Mar 2022,2022-03-31,annual,11.0,4244.0,1556.0,1067.0,6878.0,2514.0,680.0,20.0,3665.0,6878.0,1536.0,screener
FLUOROCHEM,Mar 2023,2023-03-31,annual,11.0,5510.0,1515.0,1335.0,8371.0,3111.0,1158.0,1.0,4101.0,8371.0,1514.0,screener
FLUOROCHEM,Mar 2024,2024-03-31,annual,11.0,5925.0,2096.0,1201.0,9233.0,4264.0,1128.0,1.0,3840.0,9233.0,2095.0,screener
FLUOROCHEM,Mar 2025,2025-03-31,annual,11.0,7242.0,2080.0,1270.0,10602.0,4285.0,1568.0,289.0,4460.0,10602.0,1791.0,screener
FLUOROCHEM,Mar 2026,2026-03-31,annual,11.0,7855.0,2290.0,1727.0,11883.0,4831.0,1890.0,278.0,4884.0,11883.0,2012.0,screener
FMGOETZE,Mar 2022,2022-03-31,annual,56.0,820.0,9.0,456.0,1340.0,528.0,48.0,2.0,762.0,1340.0,7.0,screener
FMGOETZE,Mar 2023,2023-03-31,annual,56.0,924.0,8.0,499.0,1487.0,508.0,85.0,2.0,893.0,1487.0,6.0,screener
FMGOETZE,Mar 2024,2024-03-31,annual,56.0,1055.0,8.0,472.0,1590.0,534.0,55.0,2.0,999.0,1590.0,6.0,screener
FMGOETZE,Mar 2025,2025-03-31,annual,56.0,1212.0,3.0,490.0,1761.0,516.0,24.0,2.0,1219.0,1761.0,1.0,screener
FMGOETZE,Mar 2026,2026-03-31,annual,56.0,1381.0,1.0,574.0,2012.0,474.0,72.0,10.0,1456.0,2012.0,-9.0,screener
FOCE,Mar 2022,2022-03-31,annual,5.0,35.0,2.0,11.0,53.0,4.0,0.0,9.0,40.0,53.0,-7.0,screener
FOCE,Mar 2023,2023-03-31,annual,5.0,44.0,18.0,20.0,86.0,58.0,0.0,0.0,29.0,86.0,18.0,screener
FOCE,Mar 2024,2024-03-31,annual,5.0,60.0,22.0,24.0,111.0,57.0,0.0,0.0,53.0,111.0,22.0,screener
FOCE,Mar 2025,2025-03-31,annual,5.0,74.0,30.0,40.0,149.0,73.0,0.0,1.0,76.0,149.0,29.0,screener
FOCE,Mar 2026,2026-03-31,annual,12.0,82.0,48.0,62.0,204.0,3.0,0.0,77.0,124.0,204.0,-29.0,screener
FORCEMOT,Mar 2022,2022-03-31,annual,13.0,1735.0,1069.0,844.0,3661.0,2033.0,302.0,111.0,1215.0,3661.0,958.0,screener
FORCEMOT,Mar 2023,2023-03-31,annual,13.0,1862.0,955.0,1184.0,4013.0,2094.0,154.0,97.0,1668.0,4013.0,858.0,screener
FORCEMOT,Mar 2024,2024-03-31,annual,13.0,2242.0,524.0,1635.0,4415.0,2031.0,171.0,91.0,2121.0,4415.0,433.0,screener
FORCEMOT,Mar 2025,2025-03-31,annual,13.0,3020.0,17.0,2083.0,5134.0,1969.0,287.0,103.0,2775.0,5134.0,-86.0,screener
FORCEMOT,Mar 2026,2026-03-31,annual,13.0,4181.0,0.0,2343.0,6538.0,2222.0,236.0,98.0,3981.0,6538.0,-98.0,screener
FORTIS,Mar 2022,2022-03-31,annual,755.0,5423.0,1255.0,4082.0,11516.0,9416.0,193.0,104.0,1803.0,11516.0,1151.0,screener
FORTIS,Mar 2023,2023-03-31,annual,755.0,6487.0,926.0,3921.0,12089.0,9426.0,228.0,210.0,2225.0,12089.0,716.0,screener
FORTIS,Mar 2024,2024-03-31,annual,755.0,6908.0,1155.0,4153.0,12971.0,9874.0,542.0,230.0,2326.0,12971.0,925.0,screener
FORTIS,Mar 2025,2025-03-31,annual,755.0,8162.0,2475.0,1985.0,13377.0,10424.0,407.0,169.0,2378.0,13377.0,2306.0,screener
FORTIS,Mar 2026,2026-03-31,annual,755.0,9141.0,3473.0,2465.0,15833.0,12230.0,434.0,243.0,2926.0,15833.0,3230.0,screener
FOSECOIND,Dec 2024,2024-12-31,annual,6.0,337.0,2.0,139.0,484.0,45.0,2.0,0.0,438.0,484.0,2.0,screener
FOSECOIND,Dec 2025,2025-12-31,annual,8.0,1029.0,3.0,329.0,1368.0,774.0,4.0,0.0,590.0,1368.0,3.0,screener
FRACTAL,Mar 2022,2022-03-31,annual,3.0,1100.0,301.0,441.0,1845.0,552.0,30.0,404.0,860.0,1845.0,-103.0,screener
FRACTAL,Mar 2023,2023-03-31,annual,3.0,1360.0,326.0,520.0,2209.0,558.0,449.0,292.0,910.0,2209.0,34.0,screener
FRACTAL,Mar 2024,2024-03-31,annual,3.0,1403.0,364.0,575.0,2344.0,626.0,6.0,879.0,833.0,2344.0,-515.0,screener
FRACTAL,Mar 2025,2025-03-31,annual,3.0,1750.0,430.0,619.0,2802.0,687.0,14.0,994.0,1107.0,2802.0,-564.0,screener
FRACTAL,Mar 2026,2026-03-31,annual,17.0,3168.0,418.0,804.0,4407.0,800.0,0.0,1238.0,2369.0,4407.0,-820.0,screener
FSL,Mar 2022,2022-03-31,annual,697.0,2336.0,1784.0,796.0,5613.0,3744.0,3.0,130.0,1736.0,5613.0,1654.0,screener
FSL,Mar 2023,2023-03-31,annual,697.0,2670.0,1393.0,785.0,5545.0,3716.0,3.0,71.0,1754.0,5545.0,1322.0,screener
FSL,Mar 2024,2024-03-31,annual,697.0,3003.0,1526.0,702.0,5929.0,3853.0,17.0,42.0,2017.0,5929.0,1484.0,screener
FSL,Mar 2025,2025-03-31,annual,697.0,3401.0,2569.0,1091.0,7758.0,4994.0,49.0,73.0,2642.0,7758.0,2496.0,screener
FSL,Mar 2026,2026-03-31,annual,697.0,3688.0,2922.0,1825.0,9131.0,5567.0,30.0,116.0,3419.0,9131.0,2806.0,screener
GABRIEL,Mar 2024,2024-03-31,annual,14.0,988.0,75.0,702.0,1779.0,543.0,56.0,103.0,1078.0,1779.0,-28.0,screener_yfinance_fallback_normalized
GABRIEL,Mar 2025,2025-03-31,annual,14.0,1169.0,69.0,770.0,2022.0,641.0,76.0,39.0,1267.0,2022.0,30.0,screener_yfinance_fallback_normalized
GABRIEL,Mar 2026,2026-03-31,annual,14.0,1354.0,148.0,911.0,2428.0,781.0,100.0,121.0,1427.0,2428.0,27.0,screener_yfinance_fallback_normalized
GAEL,Mar 2022,2022-03-31,annual,23.0,2095.0,281.0,354.0,2753.0,771.0,246.0,714.0,1022.0,2753.0,-433.0,screener
GAEL,Mar 2023,2023-03-31,annual,23.0,2411.0,229.0,289.0,2952.0,1042.0,87.0,650.0,1172.0,2952.0,-421.0,screener
GAEL,Mar 2024,2024-03-31,annual,46.0,2723.0,199.0,342.0,3310.0,1037.0,153.0,840.0,1280.0,3310.0,-641.0,screener
GAEL,Mar 2025,2025-03-31,annual,46.0,2956.0,231.0,353.0,3587.0,1179.0,235.0,938.0,1234.0,3587.0,-707.0,screener
GAEL,Mar 2026,2026-03-31,annual,46.0,3249.0,441.0,424.0,4160.0,1185.0,443.0,1061.0,1472.0,4160.0,-620.0,screener
GAIL,Mar 2022,2022-03-31,annual,4440.0,59674.0,9216.0,23254.0,96584.0,44572.0,15490.0,16408.0,20114.0,96584.0,-7192.0,screener
GAIL,Mar 2023,2023-03-31,annual,6575.0,58352.0,17816.0,25062.0,107805.0,49697.0,16646.0,17248.0,24214.0,107805.0,568.0,screener
GAIL,Mar 2024,2024-03-31,annual,6575.0,70422.0,21794.0,25944.0,124735.0,55188.0,23627.0,21910.0,24010.0,124735.0,-116.0,screener
GAIL,Mar 2025,2025-03-31,annual,6575.0,78422.0,21595.0,26583.0,133176.0,58836.0,27421.0,22765.0,24155.0,133176.0,-1170.0,screener
GAIL,Mar 2026,2026-03-31,annual,6575.0,82474.0,24831.0,26656.0,140537.0,68667.0,24072.0,26233.0,21564.0,140537.0,-1402.0,screener
GALAPREC,Mar 2022,2022-03-31,annual,3.0,57.0,57.0,29.0,146.0,56.0,3.0,0.0,86.0,146.0,57.0,screener
GALAPREC,Mar 2023,2023-03-31,annual,3.0,81.0,60.0,26.0,170.0,61.0,5.0,0.0,105.0,170.0,60.0,screener
GALAPREC,Mar 2024,2024-03-31,annual,10.0,95.0,57.0,27.0,189.0,64.0,7.0,0.0,118.0,189.0,57.0,screener
GALAPREC,Mar 2025,2025-03-31,annual,13.0,244.0,24.0,39.0,320.0,84.0,11.0,0.0,225.0,320.0,24.0,screener
GALAPREC,Mar 2026,2026-03-31,annual,13.0,280.0,38.0,43.0,374.0,104.0,19.0,0.0,252.0,374.0,38.0,screener
GALLANTT,Mar 2022,2022-03-31,annual,81.0,2002.0,387.0,219.0,2689.0,1452.0,359.0,1.0,876.0,2689.0,386.0,screener
GALLANTT,Mar 2023,2023-03-31,annual,241.0,1984.0,538.0,186.0,2949.0,1623.0,316.0,2.0,1009.0,2949.0,536.0,screener
GALLANTT,Mar 2024,2024-03-31,annual,241.0,2209.0,462.0,223.0,3136.0,1894.0,122.0,52.0,1068.0,3136.0,410.0,screener
GALLANTT,Mar 2025,2025-03-31,annual,241.0,2601.0,378.0,328.0,3548.0,1807.0,318.0,40.0,1383.0,3548.0,338.0,screener
GALLANTT,Mar 2026,2026-03-31,annual,241.0,3075.0,548.0,406.0,4270.0,1856.0,349.0,25.0,2040.0,4270.0,523.0,screener
GANDHAR,Mar 2022,2022-03-31,annual,16.0,525.0,191.0,586.0,1318.0,190.0,44.0,0.0,1084.0,1318.0,191.0,screener
GANDHAR,Mar 2023,2023-03-31,annual,16.0,727.0,220.0,668.0,1632.0,238.0,73.0,0.0,1321.0,1632.0,220.0,screener
GANDHAR,Mar 2024,2024-03-31,annual,20.0,1153.0,271.0,497.0,1940.0,361.0,9.0,0.0,1570.0,1940.0,271.0,screener
GANDHAR,Mar 2025,2025-03-31,annual,20.0,1217.0,305.0,418.0,1959.0,450.0,8.0,0.0,1501.0,1959.0,305.0,screener
GANDHAR,Mar 2026,2026-03-31,annual,20.0,1333.0,315.0,558.0,2225.0,498.0,29.0,3.0,1695.0,2225.0,312.0,screener
GANECOS,Mar 2022,2022-03-31,annual,22.0,552.0,358.0,163.0,1095.0,300.0,276.0,69.0,449.0,1095.0,289.0,screener
GANECOS,Mar 2023,2023-03-31,annual,22.0,616.0,505.0,179.0,1323.0,523.0,235.0,55.0,510.0,1323.0,450.0,screener
GANECOS,Mar 2024,2024-03-31,annual,25.0,1027.0,399.0,173.0,1624.0,780.0,71.0,33.0,739.0,1624.0,366.0,screener
GANECOS,Mar 2025,2025-03-31,annual,25.0,1125.0,556.0,227.0,1934.0,926.0,51.0,40.0,916.0,1934.0,516.0,screener
GANECOS,Mar 2026,2026-03-31,annual,27.0,1249.0,496.0,232.0,2003.0,925.0,193.0,26.0,860.0,2003.0,470.0,screener
GANESHBE,Mar 2022,2022-03-31,annual,6.0,274.0,26.0,91.0,398.0,233.0,20.0,16.0,129.0,398.0,10.0,screener
GANESHBE,Mar 2023,2023-03-31,annual,7.0,350.0,62.0,115.0,533.0,277.0,44.0,18.0,194.0,533.0,44.0,screener
GANESHBE,Mar 2024,2024-03-31,annual,7.0,494.0,57.0,118.0,677.0,335.0,46.0,20.0,276.0,677.0,37.0,screener
GANESHBE,Mar 2025,2025-03-31,annual,7.0,531.0,64.0,121.0,724.0,391.0,6.0,19.0,308.0,724.0,45.0,screener
GANESHBE,Mar 2026,2026-03-31,annual,7.0,604.0,76.0,163.0,850.0,421.0,21.0,24.0,384.0,850.0,52.0,screener
GANESHHOU,Mar 2022,2022-03-31,annual,83.0,706.0,142.0,248.0,1179.0,208.0,0.0,0.0,972.0,1179.0,142.0,screener
GANESHHOU,Mar 2023,2023-03-31,annual,83.0,805.0,240.0,290.0,1419.0,261.0,21.0,0.0,1136.0,1419.0,240.0,screener
GANESHHOU,Mar 2024,2024-03-31,annual,83.0,1246.0,247.0,193.0,1769.0,438.0,148.0,0.0,1183.0,1769.0,247.0,screener
GANESHHOU,Mar 2025,2025-03-31,annual,83.0,1752.0,248.0,254.0,2338.0,435.0,360.0,0.0,1543.0,2338.0,248.0,screener
GANESHHOU,Mar 2026,2026-03-31,annual,83.0,2248.0,305.0,190.0,2826.0,432.0,540.0,0.0,1854.0,2826.0,305.0,screener
GANGESSECU,Mar 2022,2022-03-31,annual,10.0,613.72,2.63,14.36,640.71,12.07,1.32,554.19,73.13,640.71,-551.56,screener
GANGESSECU,Mar 2023,2023-03-31,annual,10.0,441.15,0.0,6.14,457.29,12.28,2.27,383.4,59.34,457.29,-383.4,screener
GANGESSECU,Mar 2024,2024-03-31,annual,10.0,535.23,0.0,25.06,570.29,13.83,0.83,493.12,62.51,570.29,-493.12,screener
GANGESSECU,Mar 2025,2025-03-31,annual,10.0,666.25,0.0,55.26,731.51,13.9,1.21,667.27,49.13,731.51,-667.27,screener
GANGESSECU,Mar 2026,2026-03-31,annual,10.0,529.86,0.0,40.43,580.29,15.01,0.89,535.94,28.45,580.29,-535.94,screener
GARFIBRES,Mar 2022,2022-03-31,annual,21.0,950.0,80.0,365.0,1415.0,240.0,0.0,521.0,654.0,1415.0,-441.0,screener
GARFIBRES,Mar 2023,2023-03-31,annual,20.0,996.0,134.0,343.0,1493.0,246.0,0.0,617.0,630.0,1493.0,-483.0,screener
GARFIBRES,Mar 2024,2024-03-31,annual,20.0,1213.0,123.0,414.0,1771.0,262.0,0.0,689.0,820.0,1771.0,-566.0,screener
GARFIBRES,Mar 2025,2025-03-31,annual,99.0,1142.0,65.0,450.0,1757.0,277.0,0.0,703.0,777.0,1757.0,-638.0,screener
GARFIBRES,Mar 2026,2026-03-31,annual,99.0,1255.0,43.0,482.0,1879.0,419.0,1.0,496.0,963.0,1879.0,-453.0,screener
GARUDA,Mar 2025,2025-03-31,annual,47.0,285.0,0.0,75.0,407.0,11.0,2.0,0.0,394.0,407.0,0.0,screener
GARUDA,Mar 2026,2026-03-31,annual,47.0,408.0,12.0,178.0,644.0,125.0,2.0,0.0,517.0,644.0,12.0,screener
GAYAHWS,Mar 2022,2022-03-31,annual,47.93,-1043.31,2408.73,1072.05,2485.4,867.79,0.0,250.88,1366.73,2485.4,2157.85,screener
GAYAHWS,Mar 2023,2023-03-31,annual,47.93,-1361.62,2410.97,1340.19,2437.47,115.55,0.0,228.64,2093.28,2437.47,2182.33,screener
GAYAHWS,Mar 2024,2024-03-31,annual,47.93,-1802.7,2411.66,1317.57,1974.46,0.18,0.0,208.97,1765.31,1974.46,2202.69,screener
GAYAHWS,Mar 2025,2025-03-31,annual,47.93,-673.87,956.21,669.89,1000.16,0.12,0.0,91.43,908.61,1000.16,864.78,screener
GAYAHWS,Mar 2026,2026-03-31,annual,47.93,-675.05,403.91,1213.65,990.44,0.07,0.0,69.69,920.68,990.44,334.22,screener
GCSL,Mar 2022,2022-03-31,annual,1.0,12.0,2.0,4.0,20.0,9.0,0.0,8.0,2.0,20.0,-6.0,screener
GCSL,Mar 2023,2023-03-31,annual,10.0,28.0,0.0,10.0,48.0,10.0,0.0,33.0,5.0,48.0,-33.0,screener
GCSL,Mar 2024,2024-03-31,annual,12.0,97.0,4.0,63.0,177.0,41.0,0.0,50.0,86.0,177.0,-46.0,screener
GCSL,Mar 2025,2025-03-31,annual,12.0,181.0,11.0,66.0,270.0,41.0,0.0,129.0,100.0,270.0,-118.0,screener
GCSL,Mar 2026,2026-03-31,annual,24.0,146.0,15.0,79.0,263.0,30.0,0.0,59.0,174.0,263.0,-44.0,screener
GEMAROMA,Mar 2022,2022-03-31,annual,2.0,136.0,78.0,23.0,240.0,36.0,1.0,0.0,203.0,240.0,78.0,screener
GEMAROMA,Mar 2023,2023-03-31,annual,2.0,178.0,90.0,26.0,296.0,36.0,11.0,0.0,249.0,296.0,90.0,screener
GEMAROMA,Mar 2024,2024-03-31,annual,9.0,221.0,112.0,26.0,369.0,50.0,30.0,0.0,289.0,369.0,112.0,screener
GEMAROMA,Mar 2025,2025-03-31,annual,9.0,275.0,225.0,26.0,535.0,54.0,126.0,0.0,355.0,535.0,225.0,screener
GEMAROMA,Mar 2026,2026-03-31,annual,10.0,439.0,152.0,40.0,642.0,253.0,6.0,0.0,382.0,642.0,152.0,screener
GENCON,Mar 2024,2024-03-31,annual,27.0,236.0,68.0,133.0,463.0,91.0,5.0,0.0,368.0,463.0,68.0,screener
GENCON,Mar 2025,2025-03-31,annual,28.0,256.0,67.0,105.0,457.0,104.0,0.0,0.0,353.0,457.0,67.0,screener
GENCON,Sep 2025,2025-09-30,annual,28.0,260.0,68.0,122.0,478.0,97.0,13.0,0.0,368.0,478.0,68.0,screener
GENCON,Mar 2026,2026-03-31,annual,28.0,265.0,64.0,161.0,518.0,103.0,0.0,0.0,415.0,518.0,64.0,screener
GENESYS,Mar 2022,2022-03-31,annual,16.0,189.0,26.0,88.0,319.0,138.0,19.0,6.0,156.0,319.0,20.0,screener
GENESYS,Mar 2023,2023-03-31,annual,19.0,387.0,39.0,61.0,506.0,157.0,65.0,51.0,232.0,506.0,-12.0,screener
GENESYS,Mar 2024,2024-03-31,annual,20.0,469.0,60.0,86.0,635.0,156.0,113.0,0.0,366.0,635.0,60.0,screener
GENESYS,Mar 2025,2025-03-31,annual,20.0,536.0,122.0,100.0,778.0,128.0,156.0,0.0,495.0,778.0,122.0,screener
GENESYS,Mar 2026,2026-03-31,annual,21.0,683.0,173.0,96.0,972.0,287.0,1.0,0.0,684.0,972.0,173.0,screener
GENUSPOWER,Mar 2022,2022-03-31,annual,23.0,934.0,271.0,284.0,1512.0,156.0,2.0,314.0,1041.0,1512.0,-43.0,screener
GENUSPOWER,Mar 2023,2023-03-31,annual,23.0,957.0,347.0,334.0,1662.0,157.0,7.0,340.0,1159.0,1662.0,7.0,screener
GENUSPOWER,Mar 2024,2024-03-31,annual,28.0,1543.0,588.0,608.0,2767.0,193.0,15.0,209.0,2350.0,2767.0,379.0,screener
GENUSPOWER,Mar 2025,2025-03-31,annual,28.0,1840.0,1366.0,1112.0,4346.0,285.0,41.0,209.0,3812.0,4346.0,1157.0,screener
GENUSPOWER,Mar 2026,2026-03-31,annual,28.0,2190.0,2302.0,1823.0,6343.0,487.0,64.0,169.0,5623.0,6343.0,2133.0,screener
GENXAI,Mar 2023,2023-03-31,annual,0.19,2.0,1.0,4.0,7.0,1.0,0.0,0.0,5.0,7.0,1.0,screener
GENXAI,Mar 2024,2024-03-31,annual,0.19,4.0,4.0,3.0,11.0,2.0,0.0,2.0,8.0,11.0,2.0,screener
GENXAI,Mar 2025,2025-03-31,annual,0.19,11.0,7.0,5.0,24.0,6.0,3.0,1.0,14.0,24.0,6.0,screener
GENXAI,Mar 2026,2026-03-31,annual,13.0,23.0,16.0,29.0,81.0,16.0,0.0,3.0,62.0,81.0,13.0,screener
GEOJITFSL,Mar 2022,2022-03-31,annual,24.0,673.0,79.0,639.0,1416.0,85.0,0.0,12.0,1319.0,1416.0,67.0,screener
GEOJITFSL,Mar 2023,2023-03-31,annual,24.0,699.0,114.0,484.0,1321.0,99.0,5.0,11.0,1207.0,1321.0,103.0,screener
GEOJITFSL,Mar 2024,2024-03-31,annual,24.0,808.0,398.0,791.0,2020.0,112.0,4.0,14.0,1890.0,2020.0,384.0,screener
GEOJITFSL,Mar 2025,2025-03-31,annual,28.0,1131.0,156.0,722.0,2036.0,116.0,2.0,17.0,1901.0,2036.0,139.0,screener
GEOJITFSL,Mar 2026,2026-03-31,annual,28.0,1173.0,123.0,810.0,2134.0,152.0,9.0,117.0,1855.0,2134.0,6.0,screener
GESHIP,Mar 2022,2022-03-31,annual,143.0,7909.0,4655.0,1262.0,13969.0,8877.0,24.0,1157.0,3910.0,13969.0,3498.0,screener
GESHIP,Mar 2023,2023-03-31,annual,143.0,10133.0,3649.0,1284.0,15209.0,8450.0,35.0,1510.0,5215.0,15209.0,2139.0,screener
GESHIP,Mar 2024,2024-03-31,annual,143.0,12255.0,3048.0,1362.0,16808.0,8329.0,59.0,1970.0,6450.0,16808.0,1078.0,screener
GESHIP,Mar 2025,2025-03-31,annual,143.0,14116.0,2163.0,1233.0,17656.0,8247.0,21.0,2289.0,7099.0,17656.0,-126.0,screener
GESHIP,Mar 2026,2026-03-31,annual,143.0,16820.0,1087.0,1411.0,19460.0,9339.0,46.0,2392.0,7684.0,19460.0,-1305.0,screener
GFLLIMITED,Mar 2022,2022-03-31,annual,11.0,342.0,2948.0,733.0,4035.0,3087.0,26.0,167.0,755.0,4035.0,2781.0,screener
GFLLIMITED,Mar 2023,2023-03-31,annual,11.0,2591.0,0.0,139.0,2741.0,3.0,0.0,2705.0,34.0,2741.0,-2705.0,screener
GFLLIMITED,Mar 2024,2024-03-31,annual,11.0,2583.0,0.0,138.0,2732.0,2.0,0.0,2696.0,34.0,2732.0,-2696.0,screener
GFLLIMITED,Mar 2025,2025-03-31,annual,11.0,2510.0,0.0,165.0,2686.0,2.0,0.0,2650.0,33.0,2686.0,-2650.0,screener
GFLLIMITED,Mar 2026,2026-03-31,annual,11.0,2554.0,0.0,172.0,2737.0,2.0,0.0,2701.0,33.0,2737.0,-2701.0,screener
GHCL,Mar 2022,2022-03-31,annual,95.0,2852.0,788.0,1261.0,4995.0,2474.0,213.0,17.0,2292.0,4995.0,771.0,screener
GHCL,Mar 2023,2023-03-31,annual,96.0,3860.0,361.0,816.0,5133.0,1731.0,109.0,380.0,2914.0,5133.0,-19.0,screener
GHCL,Mar 2024,2024-03-31,annual,96.0,2883.0,210.0,581.0,3770.0,1842.0,55.0,420.0,1453.0,3770.0,-210.0,screener
GHCL,Mar 2025,2025-03-31,annual,96.0,3393.0,119.0,578.0,4185.0,1844.0,256.0,651.0,1435.0,4185.0,-532.0,screener
GHCL,Mar 2026,2026-03-31,annual,92.0,3460.0,83.0,665.0,4300.0,1821.0,450.0,1042.0,987.0,4300.0,-959.0,screener
GICHSGFIN,Mar 2022,2022-03-31,annual,54.0,1457.0,,53.0,11929.0,20.0,29.0,14.0,11865.0,11929.0,,screener
GICHSGFIN,Mar 2023,2023-03-31,annual,54.0,1645.0,,53.0,10920.0,52.0,9.0,229.0,10630.0,10920.0,,screener
GICHSGFIN,Mar 2024,2024-03-31,annual,54.0,1775.0,,57.0,10471.0,44.0,10.0,168.0,10248.0,10471.0,,screener
GICHSGFIN,Mar 2025,2025-03-31,annual,54.0,1911.0,,60.0,10775.0,27.0,11.0,254.0,10483.0,10775.0,,screener
GICHSGFIN,Mar 2026,2026-03-31,annual,54.0,2053.0,,74.0,11299.0,85.0,0.0,210.0,11004.0,11299.0,,screener
GICRE,Mar 2022,2022-03-31,annual,877.0,35131.0,0.0,115833.0,151841.0,200.0,0.0,104677.0,46963.0,151841.0,-104677.0,screener
GICRE,Mar 2023,2023-03-31,annual,877.0,44308.0,0.0,117546.0,162731.0,324.0,0.0,114738.0,47669.0,162731.0,-114738.0,screener
GICRE,Mar 2024,2024-03-31,annual,877.0,54379.0,0.0,129196.0,184452.0,318.0,0.0,135763.0,48372.0,184452.0,-135763.0,screener
GICRE,Mar 2025,2025-03-31,annual,877.0,60622.0,0.0,133268.0,194768.0,327.0,8.0,143280.0,51153.0,194768.0,-143280.0,screener
GICRE,Mar 2026,2026-03-31,annual,877.0,69604.0,0.0,135252.0,205733.0,332.0,0.0,148373.0,57028.0,205733.0,-148373.0,screener
GIPCL,Mar 2015,2015-03-31,annual,151.0,1685.0,606.0,559.0,3002.0,1890.0,99.0,207.0,806.0,3002.0,399.0,screener
GIPCL,Mar 2016,2016-03-31,annual,151.0,1882.0,475.0,639.0,3148.0,1977.0,35.0,250.0,886.0,3148.0,225.0,screener
GIPCL,Mar 2017,2017-03-31,annual,151.0,2085.0,417.0,761.0,3414.0,2522.0,24.0,280.0,588.0,3414.0,137.0,screener
GIPCL,Mar 2018,2018-03-31,annual,151.0,2229.0,617.0,710.0,3707.0,2680.0,6.0,249.0,773.0,3707.0,368.0,screener
GIPCL,Mar 2019,2019-03-31,annual,151.0,2419.0,573.0,688.0,3831.0,2632.0,167.0,90.0,942.0,3831.0,483.0,screener
GKENERGY,Mar 2024,2024-03-31,annual,1.0,55.0,62.0,96.0,214.0,11.0,0.0,0.0,203.0,214.0,62.0,screener
GKENERGY,Mar 2025,2025-03-31,annual,34.0,175.0,218.0,157.0,584.0,14.0,0.0,0.0,570.0,584.0,218.0,screener
GKENERGY,Mar 2026,2026-03-31,annual,41.0,847.0,206.0,212.0,1305.0,110.0,0.0,0.0,1196.0,1305.0,206.0,screener
GKSL,Mar 2023,2023-03-31,annual,0.2,0.0,0.0,4.0,4.0,0.0,0.0,0.0,4.0,4.0,0.0,screener
GKSL,Mar 2024,2024-03-31,annual,0.2,11.0,6.0,4.0,21.0,14.0,0.0,0.0,7.0,21.0,6.0,screener
GKSL,Mar 2025,2025-03-31,annual,11.0,15.0,8.0,21.0,55.0,31.0,0.0,0.0,24.0,55.0,8.0,screener
GKSL,Mar 2026,2026-03-31,annual,16.0,237.0,29.0,16.0,298.0,129.0,0.0,0.0,169.0,298.0,29.0,screener
GLAND,Mar 2022,2022-03-31,annual,16.0,7141.0,5.0,671.0,7834.0,1502.0,191.0,155.0,5986.0,7834.0,-150.0,screener
GLAND,Mar 2023,2023-03-31,annual,16.0,7942.0,4.0,814.0,8778.0,1571.0,177.0,0.0,7030.0,8778.0,4.0,screener
GLAND,Mar 2024,2024-03-31,annual,16.0,8707.0,372.0,1515.0,10611.0,3947.0,238.0,0.0,6426.0,10611.0,372.0,screener
GLAND,Mar 2025,2025-03-31,annual,16.0,9134.0,314.0,1708.0,11173.0,4147.0,151.0,0.0,6875.0,11173.0,314.0,screener
GLAND,Mar 2026,2026-03-31,annual,16.0,10341.0,284.0,1807.0,12449.0,4492.0,342.0,0.0,7614.0,12449.0,284.0,screener
GLAXO,Mar 2022,2022-03-31,annual,169.0,2494.0,20.0,1950.0,4633.0,331.0,30.0,366.0,3907.0,4633.0,-346.0,screener
GLAXO,Mar 2023,2023-03-31,annual,169.0,1572.0,16.0,1570.0,3327.0,330.0,20.0,518.0,2458.0,3327.0,-502.0,screener
GLAXO,Mar 2024,2024-03-31,annual,169.0,1608.0,19.0,1760.0,3557.0,321.0,14.0,813.0,2408.0,3557.0,-794.0,screener
GLAXO,Mar 2025,2025-03-31,annual,169.0,1782.0,10.0,2147.0,4108.0,284.0,14.0,1118.0,2692.0,4108.0,-1108.0,screener
GLAXO,Mar 2026,2026-03-31,annual,169.0,2098.0,33.0,2023.0,4324.0,281.0,33.0,1392.0,2618.0,4324.0,-1359.0,screener
GLENMARK,Mar 2022,2022-03-31,annual,28.0,9058.0,3962.0,4003.0,17052.0,5887.0,1010.0,50.0,10105.0,17052.0,3912.0,screener
GLENMARK,Mar 2023,2023-03-31,annual,28.0,9446.0,4608.0,5289.0,19371.0,5422.0,1190.0,45.0,12715.0,19371.0,4563.0,screener
GLENMARK,Mar 2024,2024-03-31,annual,28.0,7820.0,1231.0,5279.0,14358.0,4210.0,662.0,790.0,8697.0,14358.0,441.0,screener
GLENMARK,Mar 2025,2025-03-31,annual,28.0,8821.0,2473.0,4669.0,15991.0,4487.0,835.0,56.0,10613.0,15991.0,2417.0,screener
GLENMARK,Mar 2026,2026-03-31,annual,28.0,10484.0,594.0,8802.0,19908.0,6396.0,428.0,42.0,13042.0,19908.0,552.0,screener
GLOBAL,Mar 2022,2022-03-31,annual,10.0,37.0,0.0,6.0,52.0,16.0,0.0,0.0,36.0,52.0,0.0,screener
GLOBAL,Mar 2023,2023-03-31,annual,10.0,55.0,0.0,9.0,74.0,13.0,0.0,19.0,41.0,74.0,-19.0,screener
GLOBAL,Mar 2024,2024-03-31,annual,10.0,79.0,0.0,9.0,98.0,12.0,1.0,26.0,59.0,98.0,-26.0,screener
GLOBAL,Mar 2025,2025-03-31,annual,10.0,100.0,0.0,6.0,116.0,14.0,2.0,43.0,58.0,116.0,-43.0,screener
GLOBAL,Mar 2026,2026-03-31,annual,10.0,121.0,0.0,9.0,140.0,18.0,0.0,62.0,60.0,140.0,-62.0,screener
GLOBUSSPR,Mar 2021,2021-03-31,annual,29.0,557.0,187.0,221.0,993.0,579.0,48.0,0.0,366.0,993.0,187.0,screener
GLOBUSSPR,Mar 2023,2023-03-31,annual,29.0,858.0,291.0,413.0,1590.0,826.0,99.0,0.0,665.0,1590.0,291.0,screener
GLOBUSSPR,Mar 2024,2024-03-31,annual,29.0,943.0,329.0,465.0,1766.0,957.0,90.0,0.0,719.0,1766.0,329.0,screener
GLOBUSSPR,Mar 2025,2025-03-31,annual,29.0,964.0,527.0,574.0,2093.0,1019.0,150.0,0.0,925.0,2093.0,527.0,screener
GLOBUSSPR,Mar 2026,2026-03-31,annual,29.0,1062.0,527.0,630.0,2249.0,1249.0,37.0,6.0,956.0,2249.0,521.0,screener
GMBREW,Mar 2025,2025-03-31,annual,23.0,916.0,0.0,159.0,1098.0,291.0,0.0,590.0,217.0,1098.0,-590.0,screener
GMBREW,Mar 2026,2026-03-31,annual,23.0,1055.0,0.0,147.0,1225.0,257.0,47.0,570.0,351.0,1225.0,-570.0,screener
GMDCLTD,Mar 2022,2022-03-31,annual,64.0,4758.0,1.0,1064.0,5886.0,1510.0,23.0,596.0,3756.0,5886.0,-595.0,screener
GMDCLTD,Mar 2023,2023-03-31,annual,64.0,5722.0,2.0,1166.0,6953.0,1454.0,28.0,491.0,4979.0,6953.0,-489.0,screener
GMDCLTD,Mar 2024,2024-03-31,annual,64.0,6036.0,3.0,1266.0,7369.0,1551.0,292.0,566.0,4960.0,7369.0,-563.0,screener
GMDCLTD,Mar 2025,2025-03-31,annual,64.0,6348.0,126.0,1214.0,7752.0,1553.0,741.0,484.0,4974.0,7752.0,-358.0,screener
GMDCLTD,Mar 2026,2026-03-31,annual,64.0,7009.0,317.0,1594.0,8983.0,3039.0,215.0,464.0,5265.0,8983.0,-147.0,screener
GMMPFAUDLR,Mar 2022,2022-03-31,annual,3.0,524.0,636.0,1554.0,2717.0,1002.0,13.0,0.0,1703.0,2717.0,636.0,screener
GMMPFAUDLR,Mar 2023,2023-03-31,annual,9.0,795.0,973.0,1566.0,3343.0,1213.0,13.0,0.0,2116.0,3343.0,973.0,screener
GMMPFAUDLR,Mar 2024,2024-03-31,annual,9.0,955.0,906.0,1292.0,3162.0,1251.0,27.0,0.0,1884.0,3162.0,906.0,screener
GMMPFAUDLR,Mar 2025,2025-03-31,annual,9.0,1014.0,850.0,1217.0,3090.0,1165.0,12.0,0.0,1913.0,3090.0,850.0,screener
GMMPFAUDLR,Mar 2026,2026-03-31,annual,9.0,1196.0,1041.0,1743.0,3989.0,1497.0,20.0,3.0,2468.0,3989.0,1038.0,screener
GMRAIRPORT,Mar 2022,2022-03-31,annual,604.0,-1421.0,26633.0,11272.0,37087.0,10325.0,10176.0,3798.0,12788.0,37087.0,22835.0,screener
GMRAIRPORT,Mar 2023,2023-03-31,annual,604.0,-1396.0,32157.0,12557.0,43921.0,15157.0,11175.0,4478.0,13111.0,43921.0,27679.0,screener
GMRAIRPORT,Mar 2024,2024-03-31,annual,604.0,-2768.0,35905.0,14748.0,48489.0,28737.0,1674.0,4425.0,13653.0,48489.0,31480.0,screener
GMRAIRPORT,Mar 2025,2025-03-31,annual,1056.0,-3559.0,38218.0,12845.0,48559.0,28218.0,3808.0,4288.0,12246.0,48559.0,33930.0,screener
GMRAIRPORT,Mar 2026,2026-03-31,annual,1056.0,-3536.0,43283.0,13962.0,54764.0,29016.0,5433.0,5959.0,14357.0,54764.0,37324.0,screener
GMRP&UI,Mar 2022,2022-03-31,annual,302.0,-2466.0,10413.0,5824.0,14073.0,3013.0,0.0,4978.0,6082.0,14073.0,5435.0,screener
GMRP&UI,Mar 2023,2023-03-31,annual,302.0,-2923.0,8216.0,6208.0,11803.0,2912.0,0.0,2111.0,6779.0,11803.0,6105.0,screener
GMRP&UI,Mar 2024,2024-03-31,annual,302.0,-3219.0,13876.0,8508.0,19467.0,10938.0,358.0,650.0,7521.0,19467.0,13226.0,screener
GMRP&UI,Mar 2025,2025-03-31,annual,357.0,229.0,10259.0,6137.0,16983.0,8167.0,505.0,365.0,7946.0,16983.0,9894.0,screener
GMRP&UI,Mar 2026,2026-03-31,annual,391.0,1513.0,11594.0,3553.0,17050.0,7928.0,454.0,936.0,7732.0,17050.0,10658.0,screener
GNA,Mar 2022,2022-03-31,annual,21.0,574.0,222.0,225.0,1042.0,291.0,0.0,0.0,751.0,1042.0,222.0,screener
GNA,Mar 2023,2023-03-31,annual,21.0,693.0,203.0,253.0,1171.0,306.0,12.0,0.0,853.0,1171.0,203.0,screener
GNA,Mar 2024,2024-03-31,annual,43.0,759.0,213.0,204.0,1219.0,344.0,8.0,0.0,866.0,1219.0,213.0,screener
GNA,Mar 2025,2025-03-31,annual,43.0,857.0,259.0,206.0,1365.0,406.0,0.0,0.0,959.0,1365.0,259.0,screener
GNA,Mar 2026,2026-03-31,annual,43.0,961.0,218.0,298.0,1520.0,459.0,35.0,0.0,1027.0,1520.0,218.0,screener
GNFC,Mar 2022,2022-03-31,annual,155.0,7835.0,2.0,2764.0,10755.0,3578.0,138.0,1313.0,5727.0,10755.0,-1311.0,screener
GNFC,Mar 2023,2023-03-31,annual,155.0,8950.0,2.0,2613.0,11720.0,3381.0,187.0,3205.0,4946.0,11720.0,-3203.0,screener
GNFC,Mar 2024,2024-03-31,annual,147.0,8162.0,3.0,2405.0,10717.0,3238.0,289.0,3030.0,4160.0,10717.0,-3027.0,screener
GNFC,Mar 2025,2025-03-31,annual,147.0,8429.0,106.0,2366.0,11047.0,3094.0,382.0,2304.0,5268.0,11047.0,-2198.0,screener
GNFC,Mar 2026,2026-03-31,annual,147.0,8968.0,6.0,2238.0,11359.0,2881.0,900.0,1692.0,5886.0,11359.0,-1686.0,screener
GNRL,Mar 2022,2022-03-31,annual,80.25,37.71,20.22,17.65,155.83,38.43,38.66,0.0,78.74,155.83,20.22,screener
GNRL,Mar 2023,2023-03-31,annual,80.25,32.8,35.86,13.94,162.85,45.91,39.21,0.0,77.73,162.85,35.86,screener
GNRL,Mar 2024,2024-03-31,annual,80.25,28.85,40.74,9.67,159.51,55.94,20.98,0.0,82.59,159.51,40.74,screener
GNRL,Mar 2025,2025-03-31,annual,128.4,24.94,11.72,8.41,173.47,51.33,22.42,0.0,99.72,173.47,11.72,screener
GNRL,Mar 2026,2026-03-31,annual,153.4,54.9,13.28,22.58,244.16,57.33,67.55,0.0,119.28,244.16,13.28,screener
GOCLCORP,Mar 2022,2022-03-31,annual,10.0,1142.0,1595.0,491.0,3238.0,303.0,3.0,45.0,2886.0,3238.0,1550.0,screener
GOCLCORP,Mar 2023,2023-03-31,annual,10.0,1400.0,1767.0,321.0,3498.0,313.0,1.0,49.0,3135.0,3498.0,1718.0,screener
GOCLCORP,Mar 2024,2024-03-31,annual,10.0,1409.0,1188.0,286.0,2893.0,191.0,13.0,50.0,2639.0,2893.0,1138.0,screener
GOCLCORP,Mar 2025,2025-03-31,annual,10.0,1566.0,1115.0,413.0,3104.0,168.0,20.0,51.0,2866.0,3104.0,1064.0,screener
GOCLCORP,Mar 2026,2026-03-31,annual,10.0,3133.0,1.0,412.0,3555.0,88.0,1.0,56.0,3411.0,3555.0,-55.0,screener
GOCOLORS,Mar 2016,2016-03-31,annual,5.0,35.0,25.0,7.0,72.0,9.0,0.0,0.0,63.0,72.0,25.0,screener
GOCOLORS,Mar 2017,2017-03-31,annual,10.0,35.0,32.0,12.0,89.0,19.0,1.0,0.0,69.0,89.0,32.0,screener
GOCOLORS,Mar 2018,2018-03-31,annual,10.0,129.0,52.0,15.0,205.0,26.0,2.0,74.0,103.0,205.0,-22.0,screener
GODAVARIB,Mar 2022,2022-03-31,annual,42.0,431.0,636.0,625.0,1734.0,667.0,50.0,0.0,1016.0,1734.0,636.0,screener
GODAVARIB,Mar 2023,2023-03-31,annual,42.0,448.0,736.0,518.0,1744.0,866.0,17.0,0.0,860.0,1744.0,736.0,screener
GODAVARIB,Mar 2024,2024-03-31,annual,42.0,459.0,655.0,836.0,1992.0,850.0,29.0,0.0,1113.0,1992.0,655.0,screener
GODAVARIB,Mar 2025,2025-03-31,annual,51.0,731.0,490.0,683.0,1955.0,862.0,37.0,0.0,1055.0,1955.0,490.0,screener
GODAVARIB,Mar 2026,2026-03-31,annual,51.0,737.0,531.0,733.0,2052.0,885.0,129.0,0.0,1038.0,2052.0,531.0,screener
GODFRYPHLP,Mar 2022,2022-03-31,annual,10.0,2917.0,337.0,837.0,4102.0,983.0,42.0,1844.0,1234.0,4102.0,-1507.0,screener
GODFRYPHLP,Mar 2023,2023-03-31,annual,10.0,3538.0,355.0,1065.0,4968.0,932.0,22.0,2669.0,1346.0,4968.0,-2314.0,screener
GODFRYPHLP,Mar 2024,2024-03-31,annual,10.0,4222.0,345.0,1266.0,5843.0,893.0,10.0,3000.0,1940.0,5843.0,-2655.0,screener
GODFRYPHLP,Mar 2025,2025-03-31,annual,10.0,5235.0,179.0,1544.0,6969.0,732.0,23.0,3197.0,3017.0,6969.0,-3018.0,screener
GODFRYPHLP,Mar 2026,2026-03-31,annual,31.0,6181.0,234.0,1864.0,8310.0,812.0,168.0,3299.0,4031.0,8310.0,-3065.0,screener
GODREJAGRO,Mar 2022,2022-03-31,annual,192.0,2076.0,1599.0,1689.0,5556.0,2407.0,90.0,160.0,2900.0,5556.0,1439.0,screener
GODREJAGRO,Mar 2023,2023-03-31,annual,192.0,2145.0,1433.0,1673.0,5444.0,2568.0,204.0,158.0,2513.0,5444.0,1275.0,screener
GODREJAGRO,Mar 2024,2024-03-31,annual,192.0,2324.0,1416.0,1734.0,5667.0,2806.0,192.0,177.0,2492.0,5667.0,1239.0,screener
GODREJAGRO,Mar 2025,2025-03-31,annual,192.0,2189.0,1396.0,1729.0,5505.0,2912.0,64.0,139.0,2391.0,5505.0,1257.0,screener
GODREJAGRO,Mar 2026,2026-03-31,annual,192.0,1840.0,1574.0,2555.0,6161.0,2803.0,201.0,115.0,3042.0,6161.0,1459.0,screener
GODREJCP,Mar 2022,2022-03-31,annual,102.0,11454.0,1704.0,2822.0,16082.0,9219.0,116.0,1015.0,5731.0,16082.0,689.0,screener
GODREJCP,Mar 2023,2023-03-31,annual,102.0,13692.0,1130.0,2513.0,17437.0,9934.0,45.0,3029.0,4429.0,17437.0,-1899.0,screener
GODREJCP,Mar 2024,2024-03-31,annual,102.0,12496.0,3222.0,2571.0,18392.0,10440.0,83.0,3504.0,4365.0,18392.0,-282.0,screener
GODREJCP,Mar 2025,2025-03-31,annual,102.0,11897.0,4009.0,3289.0,19298.0,10676.0,464.0,3645.0,4513.0,19298.0,364.0,screener
GODREJCP,Mar 2026,2026-03-31,annual,102.0,12551.0,4416.0,4265.0,21334.0,12565.0,220.0,2767.0,5782.0,21334.0,1649.0,screener
GODREJIND,Mar 2022,2022-03-31,annual,34.0,7093.0,14506.0,12202.0,33835.0,4971.0,483.0,9609.0,18772.0,33835.0,4897.0,screener
GODREJIND,Mar 2023,2023-03-31,annual,34.0,7951.0,19642.0,16117.0,43744.0,5269.0,942.0,8009.0,29525.0,43744.0,11633.0,screener
GODREJIND,Mar 2024,2024-03-31,annual,34.0,7968.0,28996.0,24331.0,61329.0,6365.0,462.0,8669.0,45832.0,61329.0,20327.0,screener
GODREJIND,Mar 2025,2025-03-31,annual,34.0,10118.0,38088.0,39488.0,87728.0,6954.0,258.0,11165.0,69350.0,87728.0,26923.0,screener
GODREJIND,Mar 2026,2026-03-31,annual,34.0,11143.0,51564.0,63160.0,125901.0,7333.0,432.0,11247.0,106889.0,125901.0,40317.0,screener
GODREJPROP,Mar 2022,2022-03-31,annual,139.0,8536.0,5196.0,3932.0,17804.0,183.0,340.0,4883.0,12397.0,17804.0,313.0,screener
GODREJPROP,Mar 2023,2023-03-31,annual,139.0,9125.0,6431.0,7410.0,23105.0,218.0,653.0,2534.0,19700.0,23105.0,3897.0,screener
GODREJPROP,Mar 2024,2024-03-31,annual,139.0,9853.0,10679.0,15063.0,35735.0,997.0,250.0,3150.0,31337.0,35735.0,7529.0,screener
GODREJPROP,Mar 2025,2025-03-31,annual,151.0,17162.0,12641.0,25496.0,55450.0,1271.0,116.0,5951.0,48112.0,55450.0,6690.0,screener
GODREJPROP,Mar 2026,2026-03-31,annual,151.0,19005.0,15894.0,46540.0,81590.0,1708.0,172.0,5511.0,74199.0,81590.0,10383.0,screener
GOENKA,Mar 2022,2022-03-31,annual,31.7,209.52,180.88,369.15,791.25,7.09,0.0,0.0,784.16,791.25,180.88,screener
GOENKA,Mar 2023,2023-03-31,annual,31.7,206.96,181.24,375.57,795.47,6.97,0.0,0.0,788.5,795.47,181.24,screener
GOENKA,Mar 2024,2024-03-31,annual,31.7,204.41,181.2,376.49,793.8,6.46,0.0,0.0,787.34,793.8,181.2,screener
GOENKA,Mar 2025,2025-03-31,annual,31.7,202.28,181.21,377.01,792.2,6.0,0.0,0.0,786.2,792.2,181.21,screener
GOENKA,Mar 2026,2026-03-31,annual,31.7,200.66,181.59,377.69,791.64,5.58,0.0,0.0,786.06,791.64,181.59,screener
GOKEX,Mar 2022,2022-03-31,annual,29.0,679.0,193.0,310.0,1211.0,288.0,11.0,154.0,758.0,1211.0,39.0,screener_yfinance_fallback_normalized
GOKEX,Mar 2023,2023-03-31,annual,30.0,856.0,154.0,301.0,1342.0,280.0,108.0,344.0,610.0,1342.0,-190.0,screener_yfinance_fallback_normalized
GOKEX,Mar 2024,2024-03-31,annual,32.0,1260.0,805.0,645.0,2741.0,1136.0,128.0,159.0,1318.0,2741.0,646.0,screener_yfinance_fallback_normalized
GOKEX,Mar 2025,2025-03-31,annual,36.0,2045.0,845.0,611.0,3537.0,1399.0,17.0,497.0,1624.0,3537.0,348.0,screener_yfinance_fallback_normalized
GOKEX,Mar 2026,2026-03-31,annual,37.0,2124.0,1273.0,921.0,4354.0,1540.0,116.0,590.0,2108.0,4354.0,683.0,screener_yfinance_fallback_normalized
GOKULAGRO,Mar 2022,2022-03-31,annual,29.0,442.0,305.0,942.0,1717.0,264.0,17.0,1.0,1435.0,1717.0,304.0,screener
GOKULAGRO,Mar 2023,2023-03-31,annual,30.0,621.0,484.0,986.0,2121.0,355.0,106.0,3.0,1656.0,2121.0,481.0,screener
GOKULAGRO,Mar 2024,2024-03-31,annual,30.0,757.0,604.0,1817.0,3207.0,742.0,6.0,10.0,2449.0,3207.0,594.0,screener
GOKULAGRO,Mar 2025,2025-03-31,annual,30.0,1006.0,544.0,2500.0,4080.0,817.0,113.0,18.0,3132.0,4080.0,526.0,screener
GOKULAGRO,Mar 2026,2026-03-31,annual,30.0,1393.0,589.0,2916.0,4928.0,930.0,49.0,135.0,3815.0,4928.0,454.0,screener
GOLDIAM,Mar 2022,2022-03-31,annual,22.0,498.0,4.0,108.0,632.0,42.0,0.0,140.0,450.0,632.0,-136.0,screener
GOLDIAM,Mar 2023,2023-03-31,annual,22.0,564.0,3.0,114.0,702.0,45.0,0.0,138.0,519.0,702.0,-135.0,screener
GOLDIAM,Mar 2024,2024-03-31,annual,21.0,609.0,5.0,98.0,733.0,45.0,0.0,168.0,519.0,733.0,-163.0,screener
GOLDIAM,Mar 2025,2025-03-31,annual,21.0,719.0,27.0,126.0,893.0,60.0,0.0,106.0,727.0,893.0,-79.0,screener
GOLDIAM,Mar 2026,2026-03-31,annual,23.0,1083.0,77.0,180.0,1363.0,93.0,0.0,182.0,1087.0,1363.0,-105.0,screener
GOLDSTAR,Mar 2026,2026-03-31,annual,29.0,270.0,8.0,208.0,514.0,17.0,0.0,11.0,486.0,514.0,-3.0,screener
GOODLUCK,Mar 2022,2022-03-31,annual,5.0,461.0,590.0,197.0,1253.0,364.0,31.0,0.0,859.0,1253.0,590.0,screener
GOODLUCK,Mar 2023,2023-03-31,annual,5.0,615.0,598.0,253.0,1471.0,401.0,37.0,4.0,1029.0,1471.0,594.0,screener
GOODLUCK,Mar 2024,2024-03-31,annual,6.0,1113.0,612.0,301.0,2032.0,522.0,76.0,4.0,1431.0,2032.0,608.0,screener
GOODLUCK,Mar 2025,2025-03-31,annual,7.0,1304.0,882.0,337.0,2529.0,800.0,244.0,14.0,1472.0,2529.0,868.0,screener
GOODLUCK,Mar 2026,2026-03-31,annual,7.0,1484.0,1119.0,436.0,3046.0,1203.0,121.0,15.0,1707.0,3046.0,1104.0,screener
GPIL,Mar 2022,2022-03-31,annual,66.0,3246.0,428.0,1149.0,4890.0,1530.0,643.0,239.0,2478.0,4890.0,189.0,screener
GPIL,Mar 2023,2023-03-31,annual,65.0,3841.0,317.0,937.0,5159.0,2065.0,443.0,242.0,2410.0,5159.0,75.0,screener
GPIL,Mar 2024,2024-03-31,annual,62.0,4434.0,52.0,998.0,5545.0,2362.0,433.0,222.0,2528.0,5545.0,-170.0,screener
GPIL,Mar 2025,2025-03-31,annual,61.0,4845.0,309.0,942.0,6157.0,2730.0,432.0,471.0,2524.0,6157.0,-162.0,screener
GPIL,Mar 2026,2026-03-31,annual,62.0,5747.0,443.0,1045.0,7296.0,3424.0,470.0,391.0,3012.0,7296.0,52.0,screener
GPPL,Mar 2022,2022-03-31,annual,483.0,1760.0,47.0,442.0,2733.0,1408.0,49.0,294.0,981.0,2733.0,-247.0,screener
GPPL,Mar 2023,2023-03-31,annual,483.0,1827.0,79.0,479.0,2869.0,1363.0,95.0,315.0,1096.0,2869.0,-236.0,screener
GPPL,Mar 2024,2024-03-31,annual,483.0,1830.0,79.0,544.0,2936.0,1358.0,81.0,321.0,1177.0,2936.0,-242.0,screener
GPPL,Mar 2025,2025-03-31,annual,483.0,1854.0,63.0,535.0,2935.0,1329.0,83.0,338.0,1186.0,2935.0,-275.0,screener
GPPL,Mar 2026,2026-03-31,annual,483.0,1905.0,37.0,598.0,3024.0,1295.0,286.0,355.0,1088.0,3024.0,-318.0,screener
GPTHEALTH,Mar 2020,2020-03-31,annual,18.0,109.0,157.0,25.0,308.0,226.0,2.0,1.0,80.0,308.0,156.0,screener
GPTHEALTH,Mar 2021,2021-03-31,annual,18.0,116.0,166.0,18.0,317.0,220.0,0.0,1.0,97.0,317.0,165.0,screener
GPTHEALTH,Mar 2022,2022-03-31,annual,80.0,78.0,96.0,70.0,323.0,220.0,1.0,10.0,92.0,323.0,86.0,screener
GPTINFRA,Mar 2022,2022-03-31,annual,29.0,227.0,262.0,201.0,719.0,106.0,2.0,28.0,584.0,719.0,234.0,screener
GPTINFRA,Mar 2023,2023-03-31,annual,58.0,219.0,252.0,252.0,781.0,134.0,7.0,25.0,615.0,781.0,227.0,screener
GPTINFRA,Mar 2024,2024-03-31,annual,58.0,244.0,193.0,231.0,726.0,135.0,2.0,23.0,566.0,726.0,170.0,screener
GPTINFRA,Mar 2025,2025-03-31,annual,126.0,397.0,129.0,289.0,941.0,164.0,9.0,32.0,736.0,941.0,97.0,screener
GPTINFRA,Mar 2026,2026-03-31,annual,126.0,476.0,294.0,468.0,1365.0,332.0,3.0,39.0,992.0,1365.0,255.0,screener
GRANULES,Mar 2022,2022-03-31,annual,25.0,2562.0,1106.0,819.0,4512.0,1541.0,356.0,20.0,2594.0,4512.0,1086.0,screener
GRANULES,Mar 2023,2023-03-31,annual,24.0,2811.0,1136.0,932.0,4903.0,1911.0,239.0,21.0,2732.0,4903.0,1115.0,screener
GRANULES,Mar 2024,2024-03-31,annual,24.0,3201.0,1315.0,957.0,5498.0,2096.0,272.0,22.0,3109.0,5498.0,1293.0,screener
GRANULES,Mar 2025,2025-03-31,annual,24.0,3691.0,1455.0,1051.0,6221.0,2426.0,440.0,22.0,3333.0,6221.0,1433.0,screener
GRANULES,Mar 2026,2026-03-31,annual,25.0,5060.0,1512.0,1086.0,7683.0,3250.0,410.0,1.0,4022.0,7683.0,1511.0,screener
GRAPHITE,Mar 2022,2022-03-31,annual,39.0,4908.0,436.0,915.0,6297.0,691.0,142.0,2494.0,2971.0,6297.0,-2058.0,screener
GRAPHITE,Mar 2023,2023-03-31,annual,39.0,4925.0,432.0,1112.0,6508.0,789.0,127.0,2322.0,3270.0,6508.0,-1890.0,screener
GRAPHITE,Mar 2024,2024-03-31,annual,39.0,5572.0,177.0,1002.0,6790.0,948.0,145.0,3569.0,2128.0,6790.0,-3392.0,screener
GRAPHITE,Mar 2025,2025-03-31,annual,39.0,5827.0,173.0,1188.0,7227.0,1094.0,65.0,4024.0,2044.0,7227.0,-3851.0,screener
GRAPHITE,Mar 2026,2026-03-31,annual,39.0,5820.0,367.0,1354.0,7580.0,1153.0,61.0,4063.0,2303.0,7580.0,-3696.0,screener
GRASIM,Mar 2022,2022-03-31,annual,132.0,75567.0,74744.0,138706.0,289149.0,88996.0,6615.0,96766.0,96771.0,289149.0,-22022.0,screener
GRASIM,Mar 2023,2023-03-31,annual,132.0,78610.0,103039.0,155042.0,336823.0,94896.0,7778.0,105355.0,128793.0,336823.0,-2316.0,screener
GRASIM,Mar 2024,2024-03-31,annual,133.0,88520.0,137155.0,186309.0,412116.0,100494.0,18358.0,129306.0,163959.0,412116.0,7849.0,screener
GRASIM,Mar 2025,2025-03-31,annual,136.0,97373.0,186326.0,216206.0,500040.0,141148.0,14765.0,140496.0,203632.0,500040.0,45830.0,screener
GRASIM,Mar 2026,2026-03-31,annual,136.0,103334.0,227853.0,238232.0,569555.0,150040.0,15877.0,114564.0,289074.0,569555.0,113289.0,screener
GRAVITA,Mar 2022,2022-03-31,annual,14.0,373.0,392.0,219.0,998.0,191.0,42.0,0.0,764.0,998.0,392.0,screener
GRAVITA,Mar 2023,2023-03-31,annual,14.0,575.0,348.0,268.0,1205.0,273.0,46.0,1.0,885.0,1205.0,347.0,screener
GRAVITA,Mar 2024,2024-03-31,annual,14.0,824.0,548.0,217.0,1602.0,348.0,43.0,16.0,1194.0,1602.0,532.0,screener
GRAVITA,Mar 2025,2025-03-31,annual,15.0,2055.0,286.0,159.0,2515.0,436.0,39.0,528.0,1512.0,2515.0,-242.0,screener
GRAVITA,Mar 2026,2026-03-31,annual,15.0,2437.0,736.0,229.0,3417.0,939.0,48.0,413.0,2017.0,3417.0,323.0,screener
GREAVESCOT,Mar 2022,2022-03-31,annual,46.0,703.0,257.0,629.0,1635.0,364.0,82.0,16.0,1174.0,1635.0,241.0,screener
GREAVESCOT,Mar 2023,2023-03-31,annual,46.0,1540.0,28.0,1103.0,2718.0,369.0,83.0,123.0,2143.0,2718.0,-95.0,screener
GREAVESCOT,Mar 2024,2024-03-31,annual,46.0,1394.0,81.0,923.0,2444.0,825.0,63.0,157.0,1400.0,2444.0,-76.0,screener
GREAVESCOT,Mar 2025,2025-03-31,annual,46.0,1359.0,81.0,1044.0,2531.0,846.0,43.0,121.0,1521.0,2531.0,-40.0,screener
GREAVESCOT,Mar 2026,2026-03-31,annual,47.0,1384.0,394.0,1069.0,2894.0,909.0,30.0,67.0,1888.0,2894.0,327.0,screener
GREENLAM,Mar 2022,2022-03-31,annual,12.0,642.0,398.0,324.0,1376.0,468.0,9.0,161.0,739.0,1376.0,237.0,screener
GREENLAM,Mar 2023,2023-03-31,annual,13.0,945.0,628.0,449.0,2035.0,506.0,380.0,242.0,907.0,2035.0,386.0,screener
GREENLAM,Mar 2024,2024-03-31,annual,13.0,1064.0,1109.0,539.0,2726.0,986.0,611.0,147.0,981.0,2726.0,962.0,screener
GREENLAM,Mar 2025,2025-03-31,annual,26.0,1101.0,1199.0,576.0,2902.0,1749.0,28.0,56.0,1068.0,2902.0,1143.0,screener
GREENLAM,Mar 2026,2026-03-31,annual,26.0,1154.0,1160.0,664.0,3004.0,1710.0,9.0,52.0,1233.0,3004.0,1108.0,screener
GREENPANEL,Mar 2020,2020-03-31,annual,12.0,649.0,561.0,243.0,1466.0,1111.0,6.0,0.0,349.0,1466.0,561.0,screener
GREENPANEL,Mar 2021,2021-03-31,annual,12.0,718.0,447.0,278.0,1455.0,1074.0,4.0,0.0,377.0,1455.0,447.0,screener
GREENPANEL,Mar 2022,2022-03-31,annual,12.0,939.0,316.0,275.0,1542.0,1038.0,0.0,0.0,504.0,1542.0,316.0,screener
GREENPANEL,Mar 2023,2023-03-31,annual,12.0,1182.0,228.0,283.0,1705.0,992.0,5.0,0.0,708.0,1705.0,228.0,screener
GREENPANEL,Mar 2024,2024-03-31,annual,12.0,1305.0,296.0,278.0,1891.0,982.0,313.0,98.0,498.0,1891.0,198.0,screener
GREENPLY,Mar 2022,2022-03-31,annual,12.0,526.0,309.0,311.0,1159.0,353.0,110.0,26.0,671.0,1159.0,283.0,screener
GREENPLY,Mar 2023,2023-03-31,annual,12.0,632.0,695.0,341.0,1680.0,459.0,513.0,6.0,702.0,1680.0,689.0,screener
GREENPLY,Mar 2024,2024-03-31,annual,12.0,697.0,549.0,405.0,1663.0,865.0,12.0,43.0,742.0,1663.0,506.0,screener
GREENPLY,Mar 2025,2025-03-31,annual,12.0,796.0,515.0,627.0,1951.0,857.0,44.0,67.0,983.0,1951.0,448.0,screener
GREENPLY,Mar 2026,2026-03-31,annual,12.0,882.0,515.0,552.0,1962.0,907.0,50.0,55.0,950.0,1962.0,460.0,screener
GRINDWELL,Mar 2022,2022-03-31,annual,55.0,1513.0,15.0,532.0,2116.0,386.0,67.0,531.0,1133.0,2116.0,-516.0,screener
GRINDWELL,Mar 2023,2023-03-31,annual,55.0,1750.0,51.0,549.0,2406.0,586.0,124.0,642.0,1054.0,2406.0,-591.0,screener
GRINDWELL,Mar 2024,2024-03-31,annual,55.0,2000.0,83.0,628.0,2766.0,756.0,128.0,689.0,1193.0,2766.0,-606.0,screener
GRINDWELL,Mar 2025,2025-03-31,annual,55.0,2200.0,84.0,716.0,3055.0,886.0,26.0,892.0,1251.0,3055.0,-808.0,screener
GRINDWELL,Mar 2026,2026-03-31,annual,55.0,2479.0,61.0,842.0,3438.0,887.0,51.0,999.0,1500.0,3438.0,-938.0,screener
GRINFRA,Mar 2022,2022-03-31,annual,48.0,4763.0,5282.0,1567.0,11660.0,1485.0,59.0,3.0,10113.0,11660.0,5279.0,screener
GRINFRA,Mar 2023,2023-03-31,annual,48.0,6217.0,5697.0,1795.0,13757.0,1439.0,72.0,56.0,12190.0,13757.0,5641.0,screener
GRINFRA,Mar 2024,2024-03-31,annual,48.0,7543.0,3817.0,1524.0,12932.0,1309.0,76.0,2121.0,9425.0,12932.0,1696.0,screener
GRINFRA,Mar 2025,2025-03-31,annual,48.0,8443.0,4971.0,1463.0,14925.0,1088.0,150.0,2494.0,11193.0,14925.0,2477.0,screener
GRINFRA,Mar 2026,2026-03-31,annual,48.0,9331.0,4872.0,1797.0,16048.0,1106.0,106.0,2371.0,12465.0,16048.0,2501.0,screener
GROWW,Mar 2022,2022-03-31,annual,0.11,2706.0,0.0,1291.0,3997.0,286.0,0.0,280.0,3431.0,3997.0,-280.0,screener
GROWW,Mar 2023,2023-03-31,annual,21.0,3252.0,75.0,1460.0,4808.0,321.0,0.0,1252.0,3235.0,4808.0,-1177.0,screener
GROWW,Mar 2024,2024-03-31,annual,21.0,2478.0,91.0,5428.0,8018.0,396.0,0.0,1448.0,6174.0,8018.0,-1357.0,screener
GROWW,Mar 2025,2025-03-31,annual,366.0,4446.0,610.0,4654.0,10076.0,402.0,0.0,1907.0,7767.0,10076.0,-1297.0,screener
GROWW,Mar 2026,2026-03-31,annual,1248.0,8404.0,292.0,8597.0,18541.0,253.0,1239.0,2638.0,14412.0,18541.0,-2346.0,screener
GRWRHITECH,Mar 2022,2022-03-31,annual,23.0,1688.0,182.0,240.0,2133.0,1341.0,96.0,274.0,423.0,2133.0,-92.0,screener
GRWRHITECH,Mar 2023,2023-03-31,annual,23.0,1833.0,141.0,218.0,2214.0,1467.0,10.0,393.0,344.0,2214.0,-252.0,screener
GRWRHITECH,Mar 2024,2024-03-31,annual,23.0,2022.0,0.0,279.0,2324.0,1450.0,2.0,363.0,508.0,2324.0,-363.0,screener
GRWRHITECH,Mar 2025,2025-03-31,annual,23.0,2349.0,0.0,310.0,2682.0,1442.0,39.0,643.0,557.0,2682.0,-643.0,screener
GRWRHITECH,Mar 2026,2026-03-31,annual,23.0,2633.0,16.0,339.0,3011.0,1578.0,26.0,698.0,710.0,3011.0,-682.0,screener
GSFC,Mar 2022,2022-03-31,annual,80.0,11693.0,6.0,2347.0,14125.0,2680.0,158.0,6314.0,4973.0,14125.0,-6308.0,screener
GSFC,Mar 2023,2023-03-31,annual,80.0,11960.0,2.0,1867.0,13909.0,2580.0,200.0,5329.0,5801.0,13909.0,-5327.0,screener
GSFC,Mar 2024,2024-03-31,annual,80.0,12647.0,5.0,2319.0,15051.0,2549.0,236.0,6015.0,6251.0,15051.0,-6010.0,screener
GSFC,Mar 2025,2025-03-31,annual,80.0,12059.0,2.0,2229.0,14369.0,2504.0,690.0,5055.0,6119.0,14369.0,-5053.0,screener
GSFC,Mar 2026,2026-03-31,annual,80.0,12187.0,27.0,2096.0,14390.0,3331.0,192.0,4610.0,6257.0,14390.0,-4583.0,screener
GSPCROP,Mar 2022,2022-03-31,annual,29.0,439.0,321.0,426.0,1216.0,166.0,11.0,2.0,1037.0,1216.0,319.0,screener
GSPCROP,Mar 2023,2023-03-31,annual,27.0,336.0,324.0,444.0,1132.0,169.0,16.0,3.0,945.0,1132.0,321.0,screener
GSPCROP,Mar 2024,2024-03-31,annual,26.0,344.0,235.0,374.0,980.0,177.0,51.0,8.0,745.0,980.0,227.0,screener
GSPCROP,Mar 2025,2025-03-31,annual,39.0,411.0,296.0,483.0,1228.0,214.0,50.0,12.0,952.0,1228.0,284.0,screener
GSPCROP,Mar 2026,2026-03-31,annual,47.0,725.0,262.0,513.0,1547.0,247.0,48.0,16.0,1236.0,1547.0,246.0,screener
GUFICBIO,Mar 2024,2024-03-31,annual,10.0,523.0,333.0,227.0,1093.0,159.0,307.0,2.0,625.0,1093.0,331.0,screener
GUFICBIO,Mar 2025,2025-03-31,annual,10.0,591.0,336.0,232.0,1169.0,506.0,22.0,2.0,640.0,1169.0,334.0,screener
GUFICBIO,Mar 2026,2026-03-31,annual,10.0,655.0,405.0,273.0,1342.0,491.0,22.0,2.0,827.0,1342.0,403.0,screener
GUJALKALI,Mar 2022,2022-03-31,annual,73.0,5826.0,594.0,1484.0,7977.0,2702.0,1787.0,2110.0,1379.0,7977.0,-1516.0,screener
GUJALKALI,Mar 2023,2023-03-31,annual,73.0,6066.0,597.0,1599.0,8335.0,4250.0,544.0,1831.0,1710.0,8335.0,-1234.0,screener
GUJALKALI,Mar 2024,2024-03-31,annual,73.0,6002.0,544.0,1404.0,8023.0,4617.0,95.0,2093.0,1218.0,8023.0,-1549.0,screener
GUJALKALI,Mar 2025,2025-03-31,annual,73.0,5596.0,561.0,1756.0,7987.0,4584.0,79.0,1976.0,1348.0,7987.0,-1415.0,screener
GUJALKALI,Mar 2026,2026-03-31,annual,73.0,5117.0,575.0,1766.0,7533.0,4343.0,122.0,1633.0,1434.0,7533.0,-1058.0,screener
GUJGASLTD,Mar 2022,2022-03-31,annual,138.0,5492.0,629.0,3329.0,9587.0,6631.0,992.0,52.0,1912.0,9587.0,577.0,screener
GUJGASLTD,Mar 2023,2023-03-31,annual,138.0,6890.0,152.0,3747.0,10927.0,7338.0,983.0,63.0,2544.0,10927.0,89.0,screener
GUJGASLTD,Mar 2024,2024-03-31,annual,138.0,7585.0,150.0,3819.0,11692.0,7763.0,918.0,168.0,2842.0,11692.0,-18.0,screener
GUJGASLTD,Mar 2025,2025-03-31,annual,138.0,8352.0,150.0,4011.0,12651.0,8208.0,839.0,172.0,3433.0,12651.0,-22.0,screener
GUJGASLTD,Mar 2026,2026-03-31,annual,187.0,18251.0,3243.0,5864.0,27546.0,13651.0,836.0,1010.0,12049.0,27546.0,2233.0,screener
GULFOILLUB,Mar 2022,2022-03-31,annual,10.0,1033.0,390.0,399.0,1831.0,273.0,3.0,36.0,1519.0,1831.0,354.0,screener
GULFOILLUB,Mar 2023,2023-03-31,annual,10.0,1169.0,373.0,520.0,2072.0,277.0,3.0,88.0,1703.0,2072.0,285.0,screener
GULFOILLUB,Mar 2024,2024-03-31,annual,10.0,1285.0,365.0,749.0,2408.0,368.0,15.0,91.0,1935.0,2408.0,274.0,screener
GULFOILLUB,Mar 2025,2025-03-31,annual,10.0,1452.0,467.0,829.0,2758.0,390.0,19.0,89.0,2260.0,2758.0,378.0,screener
GULFOILLUB,Mar 2026,2026-03-31,annual,10.0,1526.0,567.0,912.0,3015.0,441.0,7.0,51.0,2515.0,3015.0,516.0,screener
GULPOLY,Mar 2022,2022-03-31,annual,5.0,530.0,117.0,122.0,774.0,240.0,91.0,26.0,417.0,774.0,91.0,screener
GULPOLY,Mar 2023,2023-03-31,annual,5.0,570.0,253.0,160.0,988.0,279.0,278.0,23.0,408.0,988.0,230.0,screener
GULPOLY,Mar 2024,2024-03-31,annual,6.0,584.0,349.0,217.0,1156.0,521.0,182.0,15.0,438.0,1156.0,334.0,screener
GULPOLY,Mar 2025,2025-03-31,annual,6.0,607.0,392.0,318.0,1323.0,718.0,4.0,17.0,584.0,1323.0,375.0,screener
GULPOLY,Sep 2025,2025-09-30,annual,6.0,634.0,453.0,197.0,1291.0,708.0,4.0,18.0,560.0,1291.0,435.0,screener
GVPIL,Mar 2022,2022-03-31,annual,67.0,609.0,388.0,2394.0,3458.0,133.0,2.0,10.0,3312.0,3458.0,378.0,screener
GVPIL,Mar 2023,2023-03-31,annual,67.0,165.0,359.0,2272.0,2864.0,110.0,1.0,13.0,2740.0,2864.0,346.0,screener
GVPIL,Mar 2024,2024-03-31,annual,67.0,2.0,163.0,2349.0,2581.0,98.0,4.0,19.0,2461.0,2581.0,144.0,screener
GVPIL,Mar 2025,2025-03-31,annual,67.0,249.0,29.0,1667.0,2012.0,63.0,4.0,30.0,1915.0,2012.0,-1.0,screener
GVPIL,Mar 2026,2026-03-31,annual,67.0,515.0,18.0,1538.0,2138.0,40.0,3.0,46.0,2049.0,2138.0,-28.0,screener
GVT&D,Dec 2010,2010-12-31,annual,48.0,955.0,896.0,2570.0,4468.0,872.0,22.0,0.0,3574.0,4468.0,896.0,screener
HAL,Mar 2022,2022-03-31,annual,334.0,18979.0,49.0,40892.0,60254.0,6766.0,2473.0,1363.0,49653.0,60254.0,-1314.0,screener
HAL,Mar 2023,2023-03-31,annual,334.0,23238.0,52.0,45652.0,69276.0,6834.0,1885.0,1458.0,59099.0,69276.0,-1406.0,screener
HAL,Mar 2024,2024-03-31,annual,334.0,28804.0,50.0,51723.0,80911.0,6737.0,2493.0,1591.0,70089.0,80911.0,-1541.0,screener
HAL,Mar 2025,2025-03-31,annual,334.0,34647.0,51.0,73665.0,108698.0,6671.0,3098.0,1754.0,97176.0,108698.0,-1703.0,screener
HAL,Mar 2026,2026-03-31,annual,334.0,40707.0,11.0,91362.0,132415.0,9581.0,1026.0,1914.0,119894.0,132415.0,-1903.0,screener
HAPPSTMNDS,Mar 2022,2022-03-31,annual,29.0,637.0,250.0,205.0,1120.0,158.0,0.0,472.0,491.0,1120.0,-222.0,screener
HAPPSTMNDS,Mar 2023,2023-03-31,annual,29.0,810.0,534.0,256.0,1628.0,432.0,3.0,13.0,1181.0,1628.0,521.0,screener
HAPPSTMNDS,Mar 2024,2024-03-31,annual,30.0,1450.0,512.0,242.0,2235.0,413.0,0.0,0.0,1822.0,2235.0,512.0,screener
HAPPSTMNDS,Mar 2025,2025-03-31,annual,30.0,1545.0,1244.0,505.0,3323.0,1211.0,0.0,350.0,1761.0,3323.0,894.0,screener
HAPPSTMNDS,Mar 2026,2026-03-31,annual,30.0,1659.0,1494.0,402.0,3586.0,1172.0,2.0,504.0,1909.0,3586.0,990.0,screener
HAPPYFORGE,Mar 2022,2022-03-31,annual,18.0,770.0,240.0,102.0,1130.0,456.0,212.0,0.0,461.0,1130.0,240.0,screener
HAPPYFORGE,Mar 2023,2023-03-31,annual,18.0,970.0,219.0,119.0,1326.0,678.0,75.0,0.0,573.0,1326.0,219.0,screener
HAPPYFORGE,Mar 2024,2024-03-31,annual,19.0,1594.0,143.0,130.0,1886.0,744.0,127.0,0.0,1016.0,1886.0,143.0,screener
HAPPYFORGE,Mar 2025,2025-03-31,annual,19.0,1831.0,228.0,138.0,2215.0,908.0,123.0,80.0,1105.0,2215.0,148.0,screener
HAPPYFORGE,Mar 2026,2026-03-31,annual,19.0,2109.0,330.0,175.0,2633.0,1108.0,237.0,237.0,1050.0,2633.0,93.0,screener
HARDWYN,Mar 2023,2023-03-31,annual,26.0,346.0,5.0,41.0,418.0,347.0,0.0,0.0,71.0,418.0,5.0,screener
HARDWYN,Mar 2024,2024-03-31,annual,35.0,348.0,9.0,54.0,445.0,351.0,0.0,0.0,94.0,445.0,9.0,screener
HARDWYN,Mar 2025,2025-03-31,annual,49.0,345.0,10.0,62.0,465.0,350.0,0.0,0.0,115.0,465.0,10.0,screener
HARDWYN,Mar 2026,2026-03-31,annual,49.0,357.0,6.0,53.0,466.0,351.0,0.0,0.0,115.0,466.0,6.0,screener
HARIOMPIPE,Mar 2024,2024-03-31,annual,29.0,435.0,372.0,44.0,880.0,366.0,13.0,0.0,501.0,880.0,372.0,screener
HARIOMPIPE,Mar 2025,2025-03-31,annual,31.0,542.0,401.0,223.0,1197.0,424.0,12.0,0.0,761.0,1197.0,401.0,screener
HARIOMPIPE,Mar 2026,2026-03-31,annual,31.0,616.0,378.0,196.0,1220.0,484.0,16.0,0.0,721.0,1220.0,378.0,screener
HARSHA,Mar 2022,2022-03-31,annual,77.0,445.0,385.0,252.0,1158.0,356.0,2.0,6.0,794.0,1158.0,379.0,screener
HARSHA,Mar 2023,2023-03-31,annual,91.0,981.0,182.0,191.0,1445.0,387.0,12.0,194.0,853.0,1445.0,-12.0,screener
HARSHA,Mar 2024,2024-03-31,annual,91.0,1084.0,177.0,215.0,1567.0,418.0,15.0,234.0,900.0,1567.0,-57.0,screener
HARSHA,Mar 2025,2025-03-31,annual,91.0,1163.0,200.0,236.0,1691.0,414.0,161.0,305.0,810.0,1691.0,-105.0,screener
HARSHA,Mar 2026,2026-03-31,annual,91.0,1311.0,372.0,293.0,2067.0,660.0,19.0,473.0,915.0,2067.0,-101.0,screener
HAVELLS,Mar 2022,2022-03-31,annual,63.0,5940.0,616.0,3904.0,10523.0,3434.0,57.0,426.0,6606.0,10523.0,190.0,screener
HAVELLS,Mar 2023,2023-03-31,annual,63.0,6563.0,223.0,4309.0,11157.0,3621.0,166.0,201.0,7170.0,11157.0,22.0,screener
HAVELLS,Mar 2024,2024-03-31,annual,63.0,7384.0,303.0,4683.0,12433.0,3988.0,299.0,20.0,8126.0,12433.0,283.0,screener
HAVELLS,Mar 2025,2025-03-31,annual,63.0,8261.0,319.0,5167.0,13809.0,4652.0,118.0,11.0,9028.0,13809.0,308.0,screener
HAVELLS,Mar 2026,2026-03-31,annual,63.0,9393.0,265.0,5026.0,14746.0,5343.0,443.0,888.0,8072.0,14746.0,-623.0,screener
HBLENGINE,Mar 2022,2022-03-31,annual,28.0,838.0,63.0,204.0,1133.0,265.0,81.0,8.0,779.0,1133.0,55.0,screener
HBLENGINE,Mar 2023,2023-03-31,annual,28.0,924.0,86.0,257.0,1294.0,320.0,50.0,9.0,915.0,1294.0,77.0,screener
HBLENGINE,Mar 2024,2024-03-31,annual,28.0,1193.0,67.0,366.0,1654.0,354.0,20.0,108.0,1171.0,1654.0,-41.0,screener
HBLENGINE,Mar 2025,2025-03-31,annual,28.0,1455.0,74.0,422.0,1980.0,397.0,68.0,290.0,1225.0,1980.0,-216.0,screener
HBLENGINE,Mar 2026,2026-03-31,annual,28.0,2187.0,67.0,661.0,2942.0,441.0,127.0,402.0,1972.0,2942.0,-335.0,screener
HCG,Mar 2022,2022-03-31,annual,139.0,731.0,915.0,433.0,2218.0,1547.0,22.0,9.0,641.0,2218.0,906.0,screener
HCG,Mar 2023,2023-03-31,annual,139.0,721.0,901.0,549.0,2311.0,1553.0,18.0,10.0,730.0,2311.0,891.0,screener
HCG,Mar 2024,2024-03-31,annual,139.0,686.0,1274.0,601.0,2701.0,1758.0,83.0,10.0,850.0,2701.0,1264.0,screener
HCG,Mar 2025,2025-03-31,annual,139.0,783.0,1837.0,780.0,3540.0,2442.0,25.0,11.0,1062.0,3540.0,1826.0,screener
HCG,Mar 2026,2026-03-31,annual,149.0,1183.0,1735.0,855.0,3923.0,2462.0,19.0,14.0,1428.0,3923.0,1721.0,screener
HCLTECH,Mar 2022,2022-03-31,annual,543.0,61371.0,6343.0,20664.0,88921.0,35077.0,129.0,6351.0,47364.0,88921.0,-8.0,screener
HCLTECH,Mar 2023,2023-03-31,annual,543.0,64862.0,4794.0,23051.0,93250.0,34619.0,40.0,5495.0,53096.0,93250.0,-701.0,screener
HCLTECH,Mar 2024,2024-03-31,annual,543.0,67720.0,5756.0,24987.0,99006.0,35063.0,108.0,7137.0,56698.0,99006.0,-1381.0,screener
HCLTECH,Mar 2025,2025-03-31,annual,543.0,69112.0,6276.0,28549.0,104480.0,36172.0,59.0,7564.0,60685.0,104480.0,-1288.0,screener
HCLTECH,Mar 2026,2026-03-31,annual,543.0,74622.0,5215.0,35878.0,116258.0,37379.0,60.0,7090.0,71729.0,116258.0,-1875.0,screener
HDBFS,Mar 2018,2018-03-31,annual,783.0,5257.0,,3653.0,45447.0,137.0,0.0,402.0,44908.0,45447.0,,screener
HDBFS,Mar 2019,2019-03-31,annual,786.0,6393.0,,4257.0,56540.0,123.0,0.0,568.0,55849.0,56540.0,,screener
HDBFS,Mar 2023,2023-03-31,annual,791.0,10646.0,,3748.0,70050.0,387.0,0.0,1243.0,68420.0,70050.0,,screener
HDBFS,Mar 2024,2024-03-31,annual,793.0,12950.0,,4483.0,92557.0,511.0,0.0,3380.0,88665.0,92557.0,,screener
HDBFS,Mar 2025,2025-03-31,annual,796.0,15024.0,,5446.0,108663.0,735.0,0.0,2060.0,105868.0,108663.0,,screener
HDFCAMC,Mar 2023,2023-03-31,annual,107.0,6001.0,0.0,428.0,6536.0,150.0,2.0,6076.0,307.0,6536.0,-6076.0,screener
HDFCAMC,Mar 2024,2024-03-31,annual,107.0,6968.0,0.0,479.0,7554.0,153.0,1.0,7156.0,244.0,7554.0,-7156.0,screener
HDFCAMC,Mar 2025,2025-03-31,annual,107.0,8023.0,0.0,621.0,8751.0,198.0,0.0,8255.0,297.0,8751.0,-8255.0,screener
HDFCAMC,Mar 2026,2026-03-31,annual,214.0,9015.0,0.0,763.0,9991.0,273.0,2.0,9362.0,355.0,9991.0,-9362.0,screener
HDFCBANK,Mar 2022,2022-03-31,annual,555.0,246772.0,,90639.0,2122934.0,6432.0,0.0,449264.0,1667238.0,2122934.0,,screener
HDFCBANK,Mar 2023,2023-03-31,annual,558.0,288880.0,,101783.0,2530432.0,8431.0,0.0,511582.0,2010419.0,2530432.0,,screener
HDFCBANK,Mar 2024,2024-03-31,annual,760.0,455636.0,,466296.0,4030194.0,12604.0,0.0,1005682.0,3011909.0,4030194.0,,screener
HDFCBANK,Mar 2025,2025-03-31,annual,765.0,521024.0,,524817.0,4392110.0,15258.0,0.0,1186473.0,3190379.0,4392110.0,,screener
HDFCBANK,Mar 2026,2026-03-31,annual,1539.0,579975.0,,638404.0,4908041.0,16492.0,0.0,1280216.0,3611333.0,4908041.0,,screener
HDFCLIFE,Mar 2022,2022-03-31,annual,2113.0,13501.0,600.0,214521.0,230734.0,6605.0,20.0,216551.0,7559.0,230734.0,-215951.0,screener
HDFCLIFE,Mar 2023,2023-03-31,annual,2149.0,10844.0,950.0,234126.0,248069.0,997.0,31.0,238197.0,8844.0,248069.0,-237247.0,screener
HDFCLIFE,Mar 2024,2024-03-31,annual,2151.0,12515.0,950.0,287071.0,302687.0,1549.0,28.0,291128.0,9982.0,302687.0,-290178.0,screener
HDFCLIFE,Mar 2025,2025-03-31,annual,2153.0,14002.0,2950.0,330307.0,349412.0,2143.0,109.0,334756.0,12404.0,349412.0,-331806.0,screener
HDFCLIFE,Mar 2026,2026-03-31,annual,2158.0,15592.0,3099.0,369654.0,390502.0,2716.0,139.0,373340.0,14308.0,390502.0,-370241.0,screener
HEG,Mar 2022,2022-03-31,annual,39.0,3875.0,665.0,730.0,5308.0,763.0,696.0,1171.0,2678.0,5308.0,-506.0,screener
HEG,Mar 2023,2023-03-31,annual,39.0,4242.0,743.0,668.0,5692.0,1363.0,472.0,859.0,2998.0,5692.0,-116.0,screener
HEG,Mar 2024,2024-03-31,annual,39.0,4387.0,623.0,653.0,5701.0,1816.0,212.0,1200.0,2474.0,5701.0,-577.0,screener
HEG,Mar 2025,2025-03-31,annual,39.0,4415.0,588.0,607.0,5648.0,1938.0,71.0,1400.0,2238.0,5648.0,-812.0,screener
HEG,Mar 2026,2026-03-31,annual,39.0,4719.0,796.0,612.0,6166.0,1788.0,224.0,1478.0,2676.0,6166.0,-682.0,screener
HERITGFOOD,Mar 2022,2022-03-31,annual,23.0,634.0,19.0,226.0,903.0,579.0,8.0,18.0,298.0,903.0,1.0,screener
HERITGFOOD,Mar 2023,2023-03-31,annual,46.0,679.0,168.0,231.0,1125.0,622.0,20.0,15.0,469.0,1125.0,153.0,screener
HERITGFOOD,Mar 2024,2024-03-31,annual,46.0,762.0,132.0,341.0,1281.0,704.0,20.0,140.0,416.0,1281.0,-8.0,screener
HERITGFOOD,Mar 2025,2025-03-31,annual,46.0,926.0,175.0,412.0,1558.0,748.0,68.0,196.0,547.0,1558.0,-21.0,screener
HERITGFOOD,Mar 2026,2026-03-31,annual,46.0,1057.0,361.0,485.0,1950.0,1168.0,47.0,186.0,550.0,1950.0,175.0,screener
HEROMOTOCO,Mar 2022,2022-03-31,annual,40.0,15807.0,605.0,6027.0,22478.0,6194.0,517.0,10528.0,5240.0,22478.0,-9923.0,screener
HEROMOTOCO,Mar 2023,2023-03-31,annual,40.0,16616.0,568.0,6694.0,23917.0,6159.0,454.0,10891.0,6413.0,23917.0,-10323.0,screener
HEROMOTOCO,Mar 2024,2024-03-31,annual,40.0,17659.0,606.0,7847.0,26153.0,6232.0,484.0,12751.0,6685.0,26153.0,-12145.0,screener
HEROMOTOCO,Mar 2025,2025-03-31,annual,40.0,19232.0,700.0,8418.0,28390.0,6283.0,487.0,14384.0,7236.0,28390.0,-13684.0,screener
HEROMOTOCO,Mar 2026,2026-03-31,annual,40.0,21571.0,779.0,11063.0,33453.0,6374.0,765.0,19286.0,7028.0,33453.0,-18507.0,screener
HEXT,Dec 2021,2021-12-31,annual,60.0,3728.0,374.0,1511.0,5674.0,2391.0,12.0,123.0,3147.0,5674.0,251.0,screener
HEXT,Dec 2022,2022-12-31,annual,60.0,4063.0,456.0,1934.0,6514.0,2588.0,6.0,0.0,3920.0,6514.0,456.0,screener
HEXT,Dec 2023,2023-12-31,annual,61.0,4574.0,394.0,2173.0,7202.0,2454.0,55.0,251.0,4442.0,7202.0,143.0,screener
HEXT,Dec 2024,2024-12-31,annual,61.0,5296.0,574.0,3063.0,8994.0,3760.0,131.0,0.0,5104.0,8994.0,574.0,screener
HEXT,Dec 2025,2025-12-31,annual,61.0,6255.0,681.0,3906.0,10902.0,5130.0,50.0,145.0,5577.0,10902.0,536.0,screener
HEXT,Jun 2026,2026-06-30,annual,61.0,6651.0,683.0,4181.0,11576.0,5473.0,52.0,0.0,6051.0,11576.0,683.0,screener
HFCL,Mar 2022,2022-03-31,annual,137.0,2661.0,783.0,1590.0,5171.0,528.0,108.0,55.0,4480.0,5171.0,728.0,screener
HFCL,Mar 2023,2023-03-31,annual,138.0,2970.0,936.0,1429.0,5473.0,548.0,268.0,70.0,4586.0,5473.0,866.0,screener
HFCL,Mar 2024,2024-03-31,annual,144.0,3812.0,991.0,1540.0,6487.0,652.0,469.0,194.0,5172.0,6487.0,797.0,screener
HFCL,Mar 2025,2025-03-31,annual,144.0,3935.0,1522.0,1945.0,7546.0,852.0,602.0,158.0,5935.0,7546.0,1364.0,screener
HFCL,Mar 2026,2026-03-31,annual,153.0,4738.0,1744.0,2232.0,8868.0,1617.0,85.0,135.0,7031.0,8868.0,1609.0,screener
HGINFRA,Mar 2022,2022-03-31,annual,65.0,1371.0,1184.0,660.0,3280.0,459.0,2.0,0.0,2819.0,3280.0,1184.0,screener
HGINFRA,Mar 2023,2023-03-31,annual,65.0,1857.0,1910.0,1074.0,4906.0,635.0,72.0,10.0,4189.0,4906.0,1900.0,screener
HGINFRA,Mar 2024,2024-03-31,annual,65.0,2390.0,1513.0,1435.0,5403.0,742.0,14.0,10.0,4637.0,5403.0,1503.0,screener
HGINFRA,Mar 2025,2025-03-31,annual,65.0,2884.0,4170.0,1570.0,8690.0,885.0,1349.0,12.0,6444.0,8690.0,4158.0,screener
HGINFRA,Mar 2026,2026-03-31,annual,65.0,3200.0,5029.0,2607.0,10901.0,2297.0,740.0,12.0,7852.0,10901.0,5017.0,screener
HIKAL,Mar 2022,2022-03-31,annual,25.0,1043.0,675.0,470.0,2213.0,879.0,295.0,11.0,1028.0,2213.0,664.0,screener
HIKAL,Mar 2023,2023-03-31,annual,25.0,1109.0,748.0,504.0,2385.0,948.0,412.0,5.0,1020.0,2385.0,743.0,screener
HIKAL,Mar 2024,2024-03-31,annual,25.0,1163.0,818.0,482.0,2487.0,1071.0,414.0,5.0,997.0,2487.0,813.0,screener
HIKAL,Mar 2025,2025-03-31,annual,25.0,1238.0,765.0,502.0,2529.0,1364.0,121.0,10.0,1034.0,2529.0,755.0,screener
HIKAL,Mar 2026,2026-03-31,annual,25.0,1174.0,684.0,483.0,2365.0,1333.0,94.0,10.0,928.0,2365.0,674.0,screener
HILINFRA,Mar 2022,2022-03-31,annual,10.0,53.0,43.0,35.0,140.0,30.0,0.0,1.0,109.0,140.0,42.0,screener
HILINFRA,Mar 2023,2023-03-31,annual,10.0,65.0,47.0,19.0,141.0,14.0,0.0,15.0,112.0,141.0,32.0,screener
HILINFRA,Mar 2024,2024-03-31,annual,10.0,84.0,70.0,39.0,203.0,28.0,0.0,0.0,175.0,203.0,70.0,screener
HILINFRA,Mar 2025,2025-03-31,annual,29.0,84.0,72.0,47.0,232.0,25.0,0.0,0.0,207.0,232.0,72.0,screener
HILINFRA,Mar 2026,2026-03-31,annual,36.0,192.0,104.0,45.0,377.0,83.0,1.0,0.0,293.0,377.0,104.0,screener
HINDALCO,Mar 2022,2022-03-31,annual,222.0,77969.0,64486.0,79178.0,221855.0,106874.0,4945.0,14119.0,95917.0,221855.0,50367.0,screener
HINDALCO,Mar 2023,2023-03-31,annual,222.0,94584.0,60291.0,68392.0,223489.0,110626.0,7700.0,14116.0,91047.0,223489.0,46175.0,screener
HINDALCO,Mar 2024,2024-03-31,annual,222.0,105924.0,56356.0,68221.0,230723.0,111810.0,14867.0,15444.0,88602.0,230723.0,40912.0,screener
HINDALCO,Mar 2025,2025-03-31,annual,222.0,123487.0,65642.0,74949.0,264300.0,116556.0,27397.0,24158.0,96189.0,264300.0,41484.0,screener
HINDALCO,Mar 2026,2026-03-31,annual,222.0,136361.0,99165.0,108933.0,344681.0,130251.0,49526.0,24958.0,139946.0,344681.0,74207.0,screener
HINDCOPPER,Mar 2022,2022-03-31,annual,484.0,1428.0,409.0,844.0,3164.0,282.0,683.0,1.0,2199.0,3164.0,408.0,screener
HINDCOPPER,Mar 2023,2023-03-31,annual,484.0,1599.0,156.0,956.0,3194.0,1326.0,731.0,10.0,1127.0,3194.0,146.0,screener
HINDCOPPER,Mar 2024,2024-03-31,annual,484.0,1802.0,223.0,971.0,3479.0,1430.0,917.0,29.0,1102.0,3479.0,194.0,screener
HINDCOPPER,Mar 2025,2025-03-31,annual,484.0,2177.0,167.0,880.0,3708.0,1731.0,766.0,27.0,1183.0,3708.0,140.0,screener
HINDCOPPER,Mar 2026,2026-03-31,annual,484.0,2859.0,111.0,963.0,4416.0,1922.0,741.0,25.0,1728.0,4416.0,86.0,screener
HINDOILEXP,Mar 2022,2022-03-31,annual,132.0,621.0,357.0,417.0,1527.0,510.0,782.0,19.0,216.0,1527.0,338.0,screener
HINDOILEXP,Mar 2023,2023-03-31,annual,132.0,815.0,364.0,539.0,1850.0,1246.0,32.0,133.0,439.0,1850.0,231.0,screener
HINDOILEXP,Mar 2024,2024-03-31,annual,132.0,1042.0,174.0,603.0,1951.0,1247.0,38.0,0.0,666.0,1951.0,174.0,screener
HINDOILEXP,Mar 2025,2025-03-31,annual,132.0,1189.0,121.0,521.0,1962.0,1191.0,48.0,0.0,723.0,1962.0,121.0,screener
HINDOILEXP,Mar 2026,2026-03-31,annual,132.0,1252.0,50.0,736.0,2171.0,1451.0,87.0,0.0,632.0,2171.0,50.0,screener
HINDPETRO,Mar 2022,2022-03-31,annual,1419.0,39985.0,48498.0,64774.0,154676.0,58126.0,28907.0,18867.0,48775.0,154676.0,29631.0,screener
HINDPETRO,Mar 2023,2023-03-31,annual,1419.0,30844.0,70671.0,58452.0,161387.0,68387.0,25607.0,23689.0,43703.0,161387.0,46982.0,screener
HINDPETRO,Mar 2024,2024-03-31,annual,1419.0,45502.0,66684.0,69188.0,182794.0,79763.0,20078.0,29540.0,53413.0,182794.0,37144.0,screener
HINDPETRO,Mar 2025,2025-03-31,annual,2128.0,49016.0,70558.0,73067.0,194770.0,86179.0,17967.0,27046.0,63577.0,194770.0,43512.0,screener
HINDPETRO,Mar 2026,2026-03-31,annual,2128.0,63428.0,55964.0,81544.0,203064.0,100430.0,8033.0,28012.0,66590.0,203064.0,27952.0,screener
HINDUNILVR,Mar 2022,2022-03-31,annual,235.0,48826.0,1043.0,20402.0,70506.0,51473.0,1313.0,3521.0,14199.0,70506.0,-2478.0,screener
HINDUNILVR,Mar 2023,2023-03-31,annual,235.0,50069.0,1219.0,21554.0,73077.0,52678.0,1132.0,2882.0,16385.0,73077.0,-1663.0,screener
HINDUNILVR,Mar 2024,2024-03-31,annual,235.0,50983.0,1484.0,25787.0,78489.0,53744.0,1025.0,4625.0,19095.0,78489.0,-3141.0,screener
HINDUNILVR,Mar 2025,2025-03-31,annual,235.0,49167.0,1648.0,28813.0,79863.0,54335.0,1009.0,3810.0,20709.0,79863.0,-2162.0,screener
HINDUNILVR,Mar 2026,2026-03-31,annual,235.0,48504.0,1478.0,29521.0,79738.0,57428.0,880.0,4359.0,17071.0,79738.0,-2881.0,screener
HINDWAREAP,Mar 2022,2022-03-31,annual,14.0,512.0,374.0,1245.0,2146.0,743.0,58.0,114.0,1230.0,2146.0,260.0,screener
HINDWAREAP,Mar 2023,2023-03-31,annual,14.0,561.0,958.0,769.0,2303.0,912.0,36.0,88.0,1267.0,2303.0,870.0,screener
HINDWAREAP,Mar 2024,2024-03-31,annual,14.0,583.0,1046.0,776.0,2420.0,918.0,55.0,104.0,1344.0,2420.0,942.0,screener
HINDWAREAP,Mar 2025,2025-03-31,annual,17.0,760.0,889.0,862.0,2528.0,875.0,209.0,73.0,1370.0,2528.0,816.0,screener
HINDWAREAP,Mar 2026,2026-03-31,annual,17.0,720.0,856.0,859.0,2452.0,999.0,94.0,39.0,1321.0,2452.0,817.0,screener
HINDZINC,Mar 2022,2022-03-31,annual,845.0,33436.0,2844.0,7545.0,44670.0,17396.0,2075.0,15052.0,10147.0,44670.0,-12208.0,screener
HINDZINC,Mar 2023,2023-03-31,annual,845.0,12087.0,11881.0,10654.0,35467.0,17622.0,2237.0,10107.0,5501.0,35467.0,1774.0,screener
HINDZINC,Mar 2024,2024-03-31,annual,845.0,14350.0,8722.0,9978.0,33895.0,18151.0,1696.0,10452.0,3596.0,33895.0,-1730.0,screener
HINDZINC,Mar 2025,2025-03-31,annual,845.0,12481.0,10967.0,10197.0,34490.0,18608.0,2606.0,9972.0,3304.0,34490.0,995.0,screener
HINDZINC,Mar 2026,2026-03-31,annual,845.0,21784.0,8728.0,11013.0,42370.0,19937.0,3409.0,14468.0,4556.0,42370.0,-5740.0,screener
HIRECT,Mar 2024,2024-03-31,annual,3.0,121.0,135.0,71.0,331.0,90.0,22.0,0.0,219.0,331.0,135.0,screener
HIRECT,Mar 2025,2025-03-31,annual,3.0,156.0,164.0,93.0,417.0,107.0,12.0,0.0,298.0,417.0,164.0,screener
HIRECT,Mar 2026,2026-03-31,annual,7.0,202.0,245.0,209.0,662.0,203.0,3.0,0.0,455.0,662.0,245.0,screener
HLEGLAS,Mar 2022,2022-03-31,annual,14.0,239.0,218.0,289.0,759.0,245.0,31.0,0.0,483.0,759.0,218.0,screener
HLEGLAS,Mar 2023,2023-03-31,annual,14.0,312.0,258.0,311.0,894.0,318.0,3.0,0.0,573.0,894.0,258.0,screener
HLEGLAS,Mar 2024,2024-03-31,annual,14.0,403.0,390.0,395.0,1202.0,541.0,19.0,0.0,641.0,1202.0,390.0,screener
HLEGLAS,Mar 2025,2025-03-31,annual,14.0,446.0,381.0,448.0,1288.0,593.0,5.0,0.0,690.0,1288.0,381.0,screener
HLEGLAS,Mar 2026,2026-03-31,annual,14.0,520.0,348.0,500.0,1382.0,627.0,4.0,0.0,751.0,1382.0,348.0,screener
HMVL,Mar 2022,2022-03-31,annual,74.0,1516.0,120.0,474.0,2184.0,323.0,20.0,1514.0,327.0,2184.0,-1394.0,screener
HMVL,Mar 2023,2023-03-31,annual,74.0,1402.0,107.0,604.0,2186.0,358.0,35.0,1423.0,370.0,2186.0,-1316.0,screener
HMVL,Mar 2024,2024-03-31,annual,74.0,1405.0,85.0,684.0,2248.0,368.0,3.0,1421.0,457.0,2248.0,-1336.0,screener
HMVL,Mar 2025,2025-03-31,annual,74.0,1461.0,40.0,711.0,2285.0,366.0,0.0,1513.0,406.0,2285.0,-1473.0,screener
HMVL,Mar 2026,2026-03-31,annual,74.0,1514.0,85.0,794.0,2466.0,414.0,0.0,1691.0,360.0,2466.0,-1606.0,screener
HNDFDS,Mar 2022,2022-03-31,annual,23.0,281.0,350.0,331.0,984.0,427.0,87.0,0.0,470.0,984.0,350.0,screener
HNDFDS,Mar 2023,2023-03-31,annual,23.0,352.0,516.0,445.0,1335.0,554.0,125.0,0.0,656.0,1335.0,516.0,screener
HNDFDS,Mar 2024,2024-03-31,annual,23.0,623.0,727.0,552.0,1924.0,908.0,9.0,0.0,1007.0,1924.0,727.0,screener
HNDFDS,Mar 2025,2025-03-31,annual,24.0,868.0,892.0,699.0,2483.0,1012.0,120.0,0.0,1351.0,2483.0,892.0,screener
HNDFDS,Mar 2026,2026-03-31,annual,24.0,1141.0,1088.0,920.0,3174.0,1302.0,150.0,5.0,1716.0,3174.0,1083.0,screener
HONASA,Mar 2022,2022-03-31,annual,0.01,-1087.0,1853.0,271.0,1036.0,342.0,2.0,339.0,354.0,1036.0,1514.0,screener
HONASA,Mar 2023,2023-03-31,annual,136.0,-1323.0,1885.0,278.0,976.0,252.0,0.0,260.0,464.0,976.0,1625.0,screener
HONASA,Mar 2024,2024-03-31,annual,324.0,771.0,131.0,413.0,1640.0,299.0,0.0,292.0,1049.0,1640.0,-161.0,screener
HONASA,Mar 2025,2025-03-31,annual,325.0,855.0,136.0,492.0,1808.0,302.0,0.0,305.0,1201.0,1808.0,-169.0,screener
HONASA,Mar 2026,2026-03-31,annual,325.0,1086.0,135.0,545.0,2092.0,489.0,0.0,272.0,1331.0,2092.0,-137.0,screener
HPL,Mar 2022,2022-03-31,annual,64.0,700.0,597.0,276.0,1638.0,447.0,10.0,0.0,1181.0,1638.0,597.0,screener
HPL,Mar 2023,2023-03-31,annual,64.0,729.0,600.0,307.0,1701.0,451.0,9.0,0.0,1241.0,1701.0,600.0,screener
HPL,Mar 2024,2024-03-31,annual,64.0,764.0,627.0,419.0,1874.0,461.0,10.0,0.0,1403.0,1874.0,627.0,screener
HPL,Mar 2025,2025-03-31,annual,64.0,851.0,639.0,540.0,2095.0,498.0,8.0,0.0,1589.0,2095.0,639.0,screener
HPL,Mar 2026,2026-03-31,annual,64.0,936.0,755.0,643.0,2398.0,614.0,41.0,10.0,1733.0,2398.0,745.0,screener
HSCL,Mar 2022,2022-03-31,annual,42.0,1826.0,587.0,999.0,3454.0,1546.0,77.0,113.0,1718.0,3454.0,474.0,screener
HSCL,Mar 2023,2023-03-31,annual,43.0,2237.0,842.0,555.0,3678.0,1515.0,94.0,132.0,1938.0,3678.0,710.0,screener
HSCL,Mar 2024,2024-03-31,annual,49.0,2996.0,605.0,798.0,4449.0,1534.0,67.0,478.0,2371.0,4449.0,127.0,screener
HSCL,Mar 2025,2025-03-31,annual,49.0,3672.0,313.0,621.0,4656.0,1605.0,185.0,582.0,2283.0,4656.0,-269.0,screener
HSCL,Mar 2026,2026-03-31,annual,50.0,4656.0,770.0,830.0,6306.0,1942.0,372.0,1060.0,2933.0,6306.0,-290.0,screener
HUBTOWN,Mar 2022,2022-03-31,annual,73.0,1216.0,680.0,2733.0,4702.0,69.0,17.0,1231.0,3385.0,4702.0,-551.0,screener
HUBTOWN,Mar 2023,2023-03-31,annual,76.0,1229.0,966.0,2232.0,4504.0,66.0,17.0,1124.0,3297.0,4504.0,-158.0,screener
HUBTOWN,Mar 2024,2024-03-31,annual,80.0,1178.0,1041.0,2610.0,4909.0,138.0,17.0,107.0,4648.0,4909.0,934.0,screener
HUBTOWN,Mar 2025,2025-03-31,annual,136.0,2273.0,793.0,2217.0,5417.0,135.0,17.0,98.0,5168.0,5417.0,695.0,screener
HUBTOWN,Mar 2026,2026-03-31,annual,142.0,2486.0,1197.0,2478.0,6302.0,142.0,17.0,81.0,6062.0,6302.0,1116.0,screener
HUDCO,Mar 2022,2022-03-31,annual,2002.0,12465.0,,2924.0,78894.0,93.0,25.0,257.0,78518.0,78894.0,,screener
HUDCO,Mar 2023,2023-03-31,annual,2002.0,13442.0,,2621.0,80969.0,90.0,19.0,630.0,80230.0,80969.0,,screener
HUDCO,Mar 2024,2024-03-31,annual,2002.0,14611.0,,2814.0,93422.0,88.0,15.0,297.0,93022.0,93422.0,,screener
HUDCO,Mar 2025,2025-03-31,annual,2002.0,15966.0,,3231.0,128496.0,88.0,16.0,1318.0,127074.0,128496.0,,screener
HUDCO,Mar 2026,2026-03-31,annual,2002.0,19974.0,,3186.0,166838.0,88.0,23.0,2227.0,164500.0,166838.0,,screener
HUHTAMAKI,Dec 2012,2012-12-31,annual,13.0,342.0,52.0,197.0,604.0,243.0,4.0,60.0,296.0,604.0,-8.0,screener
HUHTAMAKI,Dec 2013,2013-12-31,annual,13.0,378.0,46.0,225.0,662.0,232.0,11.0,55.0,365.0,662.0,-9.0,screener
HUHTAMAKI,Dec 2014,2014-12-31,annual,15.0,553.0,42.0,271.0,880.0,275.0,6.0,186.0,413.0,880.0,-144.0,screener
HUHTAMAKI,Dec 2015,2015-12-31,annual,15.0,604.0,529.0,502.0,1649.0,755.0,4.0,207.0,684.0,1649.0,322.0,screener
HUHTAMAKI,Dec 2016,2016-12-31,annual,15.0,662.0,408.0,569.0,1654.0,459.0,0.0,195.0,1000.0,1654.0,213.0,screener
HYUNDAI,Mar 2022,2022-03-31,annual,813.0,16044.0,1178.0,10324.0,28358.0,6671.0,529.0,0.0,21158.0,28358.0,1178.0,screener
HYUNDAI,Mar 2023,2023-03-31,annual,813.0,19242.0,1189.0,13329.0,34573.0,6150.0,1337.0,0.0,27086.0,34573.0,1189.0,screener
HYUNDAI,Mar 2024,2024-03-31,annual,813.0,9853.0,833.0,14850.0,26349.0,7614.0,653.0,0.0,18082.0,26349.0,833.0,screener
HYUNDAI,Mar 2025,2025-03-31,annual,813.0,15484.0,850.0,12951.0,30097.0,7105.0,4718.0,0.0,18274.0,30097.0,850.0,screener
HYUNDAI,Mar 2026,2026-03-31,annual,813.0,19202.0,1098.0,13292.0,34404.0,13070.0,725.0,7.0,20602.0,34404.0,1091.0,screener
ICDSLTD,Mar 2022,2022-03-31,annual,13.03,12.19,0.48,0.91,26.61,10.74,0.0,4.15,11.72,26.61,-3.67,screener
ICDSLTD,Mar 2023,2023-03-31,annual,13.03,12.49,0.3,1.01,26.83,10.38,0.0,4.34,12.11,26.83,-4.04,screener
ICDSLTD,Mar 2024,2024-03-31,annual,13.03,14.51,0.13,1.0,28.67,9.99,0.0,5.82,12.86,28.67,-5.69,screener
ICDSLTD,Mar 2025,2025-03-31,annual,13.03,15.92,0.26,2.98,32.19,9.73,0.0,5.81,16.65,32.19,-5.55,screener
ICDSLTD,Mar 2026,2026-03-31,annual,13.03,16.94,0.0,3.05,33.02,9.4,0.0,5.15,18.47,33.02,-5.15,screener
ICEMAKE,Mar 2022,2022-03-31,annual,16.0,46.0,11.0,52.0,125.0,32.0,0.0,0.0,93.0,125.0,11.0,screener
ICEMAKE,Mar 2023,2023-03-31,annual,16.0,65.0,5.0,73.0,159.0,32.0,0.0,5.0,122.0,159.0,0.0,screener
ICEMAKE,Mar 2024,2024-03-31,annual,16.0,88.0,27.0,80.0,211.0,50.0,12.0,0.0,149.0,211.0,27.0,screener
ICEMAKE,Mar 2025,2025-03-31,annual,16.0,108.0,86.0,158.0,368.0,133.0,6.0,0.0,229.0,368.0,86.0,screener
ICEMAKE,Mar 2026,2026-03-31,annual,16.0,117.0,158.0,212.0,504.0,140.0,25.0,0.0,338.0,504.0,158.0,screener
ICICIBANK,Mar 2022,2022-03-31,annual,1390.0,180663.0,,317616.0,1752637.0,10707.0,0.0,567098.0,1174833.0,1752637.0,,screener
ICICIBANK,Mar 2023,2023-03-31,annual,1397.0,213101.0,,344099.0,1958490.0,11070.0,0.0,639552.0,1307868.0,1958490.0,,screener
ICICIBANK,Mar 2024,2024-03-31,annual,1405.0,254739.0,,456911.0,2364063.0,15714.0,0.0,827163.0,1521186.0,2364063.0,,screener
ICICIBANK,Mar 2025,2025-03-31,annual,1425.0,312481.0,,467815.0,2642241.0,24272.0,0.0,886377.0,1731593.0,2642241.0,,screener
ICICIBANK,Mar 2026,2026-03-31,annual,1432.0,358946.0,,503835.0,2914498.0,17420.0,0.0,870720.0,2026358.0,2914498.0,,screener
ICICIPRULI,Mar 2022,2022-03-31,annual,1437.0,7721.0,1200.0,234079.0,244437.0,433.0,54.0,238101.0,5848.0,244437.0,-236901.0,screener
ICICIPRULI,Mar 2023,2023-03-31,annual,1439.0,8651.0,1200.0,244562.0,255851.0,479.0,117.0,248216.0,7039.0,255851.0,-247016.0,screener
ICICIPRULI,Mar 2024,2024-03-31,annual,1441.0,9564.0,1200.0,286796.0,299001.0,1168.0,49.0,289230.0,8553.0,299001.0,-288030.0,screener
ICICIPRULI,Mar 2025,2025-03-31,annual,1445.0,10488.0,2600.0,299705.0,314239.0,1315.0,36.0,303475.0,9412.0,314239.0,-300875.0,screener
ICICIPRULI,Mar 2026,2026-03-31,annual,1449.0,12182.0,2595.0,303509.0,319735.0,1378.0,43.0,307369.0,10944.0,319735.0,-304774.0,screener
ICIL,Mar 2022,2022-03-31,annual,39.0,1551.0,1319.0,352.0,3262.0,631.0,24.0,2.0,2606.0,3262.0,1317.0,screener
ICIL,Mar 2023,2023-03-31,annual,40.0,1753.0,876.0,379.0,3048.0,1110.0,183.0,143.0,1611.0,3048.0,733.0,screener
ICIL,Mar 2024,2024-03-31,annual,40.0,2049.0,956.0,524.0,3569.0,1355.0,35.0,133.0,2046.0,3569.0,823.0,screener
ICIL,Mar 2025,2025-03-31,annual,40.0,2242.0,1448.0,526.0,4255.0,1895.0,50.0,139.0,2171.0,4255.0,1309.0,screener
ICIL,Mar 2026,2026-03-31,annual,40.0,2316.0,1342.0,794.0,4491.0,2084.0,5.0,190.0,2212.0,4491.0,1152.0,screener
ICRA,Mar 2022,2022-03-31,annual,10.0,834.0,14.0,121.0,978.0,46.0,2.0,454.0,478.0,978.0,-440.0,screener
ICRA,Mar 2023,2023-03-31,annual,10.0,941.0,13.0,138.0,1101.0,47.0,1.0,689.0,364.0,1101.0,-676.0,screener
ICRA,Mar 2024,2024-03-31,annual,10.0,967.0,13.0,195.0,1184.0,91.0,1.0,813.0,278.0,1184.0,-800.0,screener
ICRA,Mar 2025,2025-03-31,annual,10.0,1044.0,13.0,225.0,1292.0,90.0,4.0,773.0,426.0,1292.0,-760.0,screener
ICRA,Mar 2026,2026-03-31,annual,10.0,1171.0,18.0,282.0,1481.0,313.0,2.0,730.0,436.0,1481.0,-712.0,screener
IDBI,Mar 2022,2022-03-31,annual,10752.0,31819.0,,12773.0,302540.0,9587.0,400.0,83475.0,209078.0,302540.0,,screener
IDBI,Mar 2023,2023-03-31,annual,10752.0,35567.0,,17227.0,331498.0,9303.0,477.0,100409.0,221309.0,331498.0,,screener
IDBI,Mar 2024,2024-03-31,annual,10752.0,40321.0,,19138.0,364659.0,9435.0,108.0,115719.0,239398.0,364659.0,,screener
IDBI,Mar 2025,2025-03-31,annual,10752.0,50868.0,,21562.0,413008.0,12120.0,80.0,118453.0,282355.0,413008.0,,screener
IDBI,Mar 2026,2026-03-31,annual,10752.0,57812.0,,23942.0,467386.0,9685.0,90.0,128440.0,329171.0,467386.0,,screener
IDEA,Mar 2022,2022-03-31,annual,32119.0,-94084.0,213761.0,42233.0,194029.0,156819.0,364.0,5.0,36841.0,194029.0,213756.0,screener
IDEA,Mar 2023,2023-03-31,annual,48680.0,-123039.0,237766.0,43836.0,207243.0,156255.0,17876.0,6.0,33105.0,207243.0,237760.0,screener
IDEA,Mar 2024,2024-03-31,annual,50120.0,-154287.0,243809.0,45355.0,184997.0,140125.0,18189.0,0.0,26683.0,184997.0,243809.0,screener
IDEA,Mar 2025,2025-03-31,annual,71393.0,-141713.0,233229.0,34946.0,197855.0,141320.0,18213.0,0.0,38322.0,197855.0,233229.0,screener
IDEA,Mar 2026,2026-03-31,annual,108343.0,-144101.0,192528.0,34860.0,191630.0,143086.0,15274.0,107.0,33163.0,191630.0,192421.0,screener
IDEAFORGE,Mar 2022,2022-03-31,annual,0.09,163.0,16.0,43.0,222.0,26.0,19.0,11.0,166.0,222.0,5.0,screener
IDEAFORGE,Mar 2023,2023-03-31,annual,21.0,303.0,101.0,63.0,488.0,49.0,25.0,125.0,289.0,488.0,-24.0,screener
IDEAFORGE,Mar 2024,2024-03-31,annual,43.0,618.0,14.0,67.0,743.0,67.0,54.0,88.0,533.0,743.0,-74.0,screener
IDEAFORGE,Mar 2025,2025-03-31,annual,43.0,566.0,16.0,47.0,672.0,97.0,100.0,120.0,355.0,672.0,-104.0,screener
IDEAFORGE,Mar 2026,2026-03-31,annual,43.0,556.0,84.0,116.0,799.0,138.0,110.0,105.0,446.0,799.0,-21.0,screener
IDFCFIRSTB,Mar 2022,2022-03-31,annual,6218.0,14864.0,,10561.0,190146.0,1448.0,79.0,45935.0,142684.0,190146.0,,screener
IDFCFIRSTB,Mar 2023,2023-03-31,annual,6618.0,19229.0,,12353.0,239882.0,2054.0,219.0,60913.0,176696.0,239882.0,,screener
IDFCFIRSTB,Mar 2024,2024-03-31,annual,7070.0,25204.0,,12430.0,296210.0,2720.0,95.0,74500.0,218895.0,296210.0,,screener
IDFCFIRSTB,Mar 2025,2025-03-31,annual,7322.0,30834.0,,14759.0,343909.0,2802.0,74.0,80505.0,260528.0,343909.0,,screener
IDFCFIRSTB,Mar 2026,2026-03-31,annual,8602.0,38802.0,,21426.0,399775.0,2653.0,113.0,85646.0,311363.0,399775.0,,screener
IEX,Mar 2022,2022-03-31,annual,90.0,614.0,10.0,983.0,1696.0,110.0,5.0,1248.0,333.0,1696.0,-1238.0,screener
IEX,Mar 2023,2023-03-31,annual,89.0,710.0,14.0,640.0,1453.0,110.0,4.0,1219.0,121.0,1453.0,-1205.0,screener
IEX,Mar 2024,2024-03-31,annual,89.0,883.0,10.0,791.0,1774.0,101.0,4.0,1331.0,337.0,1774.0,-1321.0,screener
IEX,Mar 2025,2025-03-31,annual,89.0,1047.0,6.0,1054.0,2196.0,87.0,4.0,1633.0,472.0,2196.0,-1627.0,screener
IEX,Mar 2026,2026-03-31,annual,89.0,1275.0,11.0,1060.0,2436.0,102.0,0.0,1993.0,341.0,2436.0,-1982.0,screener
IFBIND,Mar 2022,2022-03-31,annual,41.0,607.0,363.0,1019.0,2030.0,698.0,15.0,229.0,1088.0,2030.0,134.0,screener
IFBIND,Mar 2023,2023-03-31,annual,41.0,626.0,353.0,1086.0,2107.0,695.0,21.0,186.0,1205.0,2107.0,167.0,screener
IFBIND,Mar 2024,2024-03-31,annual,41.0,676.0,164.0,1298.0,2180.0,629.0,16.0,263.0,1271.0,2180.0,-99.0,screener
IFBIND,Mar 2025,2025-03-31,annual,41.0,801.0,250.0,1266.0,2358.0,695.0,14.0,254.0,1395.0,2358.0,-4.0,screener
IFBIND,Mar 2026,2026-03-31,annual,41.0,954.0,156.0,1333.0,2484.0,701.0,14.0,313.0,1456.0,2484.0,-157.0,screener
IFGLEXPOR,Mar 2022,2022-03-31,annual,36.0,898.0,99.0,253.0,1286.0,422.0,25.0,135.0,704.0,1286.0,-36.0,screener
IFGLEXPOR,Mar 2023,2023-03-31,annual,36.0,969.0,160.0,261.0,1426.0,500.0,46.0,132.0,748.0,1426.0,28.0,screener
IFGLEXPOR,Mar 2024,2024-03-31,annual,36.0,1036.0,174.0,244.0,1490.0,517.0,104.0,126.0,743.0,1490.0,48.0,screener
IFGLEXPOR,Mar 2025,2025-03-31,annual,36.0,1071.0,213.0,298.0,1618.0,593.0,27.0,105.0,893.0,1618.0,108.0,screener
IFGLEXPOR,Mar 2026,2026-03-31,annual,72.0,1103.0,209.0,289.0,1673.0,610.0,41.0,68.0,955.0,1673.0,141.0,screener
IGARASHI,Mar 2006,2006-03-31,annual,14.0,57.0,62.0,54.0,187.0,72.0,14.0,2.0,99.0,187.0,60.0,screener
IGIL,Dec 2022,2022-12-31,annual,0.4,339.0,27.0,43.0,409.0,110.0,0.0,0.0,299.0,409.0,27.0,screener
IGIL,Dec 2023,2023-12-31,annual,0.4,-605.0,151.0,1484.0,1031.0,384.0,20.0,0.0,627.0,1031.0,151.0,screener
IGIL,Dec 2024,2024-12-31,annual,86.0,976.0,145.0,296.0,1504.0,384.0,36.0,0.0,1084.0,1504.0,145.0,screener
IGIL,Jun 2025,2025-06-30,annual,86.0,1151.0,132.0,183.0,1552.0,389.0,45.0,0.0,1118.0,1552.0,132.0,screener
IGIL,Dec 2025,2025-12-31,annual,86.0,1323.0,143.0,203.0,1755.0,410.0,59.0,0.0,1286.0,1755.0,143.0,screener
IGIL,Mar 2026,2026-03-31,annual,86.0,1402.0,143.0,223.0,1853.0,539.0,62.0,0.0,1253.0,1853.0,143.0,screener
IGL,Mar 2022,2022-03-31,annual,140.0,7446.0,108.0,3413.0,11107.0,5002.0,1379.0,2626.0,2101.0,11107.0,-2518.0,screener
IGL,Mar 2023,2023-03-31,annual,140.0,7791.0,83.0,4614.0,12628.0,5734.0,1434.0,1522.0,3939.0,12628.0,-1439.0,screener
IGL,Mar 2024,2024-03-31,annual,140.0,9493.0,81.0,4510.0,14225.0,6603.0,1396.0,2222.0,4003.0,14225.0,-2141.0,screener
IGL,Mar 2025,2025-03-31,annual,280.0,10336.0,93.0,4880.0,15590.0,7192.0,1543.0,2926.0,3929.0,15590.0,-2833.0,screener
IGL,Mar 2026,2026-03-31,annual,280.0,11224.0,98.0,5426.0,17028.0,8069.0,1518.0,3175.0,4267.0,17028.0,-3077.0,screener
IGPL,Mar 2022,2022-03-31,annual,31.0,1031.0,173.0,416.0,1651.0,736.0,118.0,81.0,716.0,1651.0,92.0,screener
IGPL,Mar 2023,2023-03-31,annual,31.0,1204.0,254.0,503.0,1992.0,717.0,349.0,182.0,745.0,1992.0,72.0,screener
IGPL,Mar 2024,2024-03-31,annual,31.0,1216.0,368.0,520.0,2135.0,1030.0,158.0,144.0,803.0,2135.0,224.0,screener
IGPL,Mar 2025,2025-03-31,annual,31.0,1308.0,269.0,603.0,2211.0,1016.0,234.0,134.0,826.0,2211.0,135.0,screener
IGPL,Mar 2026,2026-03-31,annual,31.0,1302.0,362.0,606.0,2300.0,1182.0,173.0,88.0,858.0,2300.0,274.0,screener
IIFL,Mar 2022,2022-03-31,annual,76.0,6388.0,,3360.0,45910.0,775.0,6.0,1192.0,43937.0,45910.0,,screener
IIFL,Mar 2023,2023-03-31,annual,76.0,8916.0,,3993.0,53002.0,862.0,28.0,3511.0,48602.0,53002.0,,screener
IIFL,Mar 2024,2024-03-31,annual,76.0,10561.0,,4630.0,62403.0,905.0,52.0,4059.0,57387.0,62403.0,,screener
IIFL,Mar 2025,2025-03-31,annual,85.0,12327.0,,4164.0,67644.0,1487.0,23.0,4438.0,61696.0,67644.0,,screener
IIFL,Mar 2026,2026-03-31,annual,85.0,13835.0,,5891.0,88987.0,1514.0,6.0,6092.0,81375.0,88987.0,,screener
IIFLCAPS,Mar 2022,2022-03-31,annual,61.0,1121.0,607.0,4252.0,6041.0,482.0,3.0,228.0,5329.0,6041.0,379.0,screener
IIFLCAPS,Mar 2023,2023-03-31,annual,61.0,1289.0,486.0,3401.0,5237.0,440.0,1.0,90.0,4707.0,5237.0,396.0,screener
IIFLCAPS,Mar 2024,2024-03-31,annual,62.0,1725.0,1154.0,4934.0,7875.0,379.0,1.0,159.0,7335.0,7875.0,995.0,screener
IIFLCAPS,Mar 2025,2025-03-31,annual,62.0,2445.0,937.0,4511.0,7956.0,388.0,2.0,486.0,7080.0,7956.0,451.0,screener
IIFLCAPS,Mar 2026,2026-03-31,annual,62.0,3003.0,1821.0,4671.0,9558.0,295.0,1.0,390.0,8872.0,9558.0,1431.0,screener
IITL,Mar 2022,2022-03-31,annual,23.0,307.0,0.0,20.0,349.0,6.0,0.0,72.0,271.0,349.0,-72.0,screener
IITL,Mar 2023,2023-03-31,annual,23.0,352.0,0.0,9.0,383.0,4.0,0.0,343.0,36.0,383.0,-343.0,screener
IITL,Mar 2024,2024-03-31,annual,23.0,416.0,0.0,-3.0,436.0,6.0,0.0,354.0,76.0,436.0,-354.0,screener
IITL,Mar 2025,2025-03-31,annual,23.0,420.0,2.0,-6.0,440.0,7.0,0.0,219.0,214.0,440.0,-217.0,screener
IITL,Mar 2026,2026-03-31,annual,23.0,408.0,2.0,-6.0,426.0,5.0,0.0,217.0,204.0,426.0,-215.0,screener
IKIO,Mar 2022,2022-03-31,annual,25.0,84.0,116.0,40.0,265.0,60.0,9.0,0.0,195.0,265.0,116.0,screener
IKIO,Mar 2023,2023-03-31,annual,65.0,77.0,123.0,46.0,311.0,65.0,27.0,0.0,219.0,311.0,123.0,screener
IKIO,Mar 2024,2024-03-31,annual,77.0,476.0,70.0,35.0,658.0,106.0,72.0,0.0,480.0,658.0,70.0,screener
IKIO,Mar 2025,2025-03-31,annual,77.0,483.0,53.0,65.0,678.0,200.0,48.0,0.0,430.0,678.0,53.0,screener
IKIO,Mar 2026,2026-03-31,annual,77.0,525.0,70.0,95.0,767.0,204.0,96.0,0.0,468.0,767.0,70.0,screener
IKS,Mar 2022,2022-03-31,annual,17.0,630.0,65.0,75.0,788.0,76.0,0.0,16.0,695.0,788.0,49.0,screener
IKS,Mar 2023,2023-03-31,annual,17.0,812.0,52.0,107.0,988.0,59.0,0.0,32.0,898.0,988.0,20.0,screener
IKS,Mar 2024,2024-03-31,annual,17.0,1141.0,1311.0,411.0,2880.0,1833.0,3.0,195.0,849.0,2880.0,1116.0,screener
IKS,Mar 2025,2025-03-31,annual,17.0,1773.0,856.0,274.0,2919.0,1790.0,13.0,114.0,1003.0,2919.0,742.0,screener
IKS,Sep 2025,2025-09-30,annual,17.0,2224.0,766.0,600.0,3606.0,1863.0,2.0,361.0,1380.0,3606.0,405.0,screener
IMAGICAA,Mar 2022,2022-03-31,annual,88.0,-949.0,1078.0,656.0,873.0,731.0,0.0,0.0,142.0,873.0,1078.0,screener
IMAGICAA,Mar 2023,2023-03-31,annual,412.0,-416.0,1046.0,66.0,1107.0,788.0,11.0,6.0,302.0,1107.0,1040.0,screener
IMAGICAA,Mar 2024,2024-03-31,annual,482.0,258.0,340.0,114.0,1194.0,691.0,119.0,10.0,374.0,1194.0,330.0,screener
IMAGICAA,Mar 2025,2025-03-31,annual,566.0,687.0,167.0,468.0,1888.0,1448.0,32.0,66.0,342.0,1888.0,101.0,screener
IMAGICAA,Mar 2026,2026-03-31,annual,566.0,688.0,343.0,158.0,1754.0,1430.0,4.0,13.0,307.0,1754.0,330.0,screener
IMFA,Mar 2022,2022-03-31,annual,54.0,1661.0,490.0,616.0,2821.0,1111.0,267.0,155.0,1290.0,2821.0,335.0,screener
IMFA,Mar 2023,2023-03-31,annual,54.0,1819.0,341.0,440.0,2654.0,990.0,70.0,264.0,1330.0,2654.0,77.0,screener
IMFA,Mar 2024,2024-03-31,annual,54.0,2051.0,237.0,571.0,2913.0,997.0,78.0,372.0,1466.0,2913.0,-135.0,screener
IMFA,Mar 2025,2025-03-31,annual,54.0,2294.0,389.0,441.0,3177.0,1050.0,75.0,909.0,1144.0,3177.0,-520.0,screener
IMFA,Mar 2026,2026-03-31,annual,54.0,2664.0,958.0,641.0,4317.0,1574.0,792.0,383.0,1568.0,4317.0,575.0,screener
INA,Mar 2022,2022-03-31,annual,15.0,7.0,31.0,16.0,70.0,9.0,2.0,0.0,58.0,70.0,31.0,screener
INA,Mar 2023,2023-03-31,annual,21.0,32.0,68.0,38.0,159.0,38.0,0.0,0.0,121.0,159.0,68.0,screener
INA,Mar 2024,2024-03-31,annual,21.0,88.0,96.0,58.0,263.0,46.0,1.0,5.0,210.0,263.0,91.0,screener
INA,Mar 2025,2025-03-31,annual,22.0,594.0,108.0,123.0,847.0,77.0,46.0,50.0,674.0,847.0,58.0,screener
INA,Mar 2026,2026-03-31,annual,22.0,785.0,888.0,460.0,2155.0,525.0,73.0,36.0,1522.0,2155.0,852.0,screener
INDGN,Mar 2022,2022-03-31,annual,0.35,764.0,66.0,524.0,1353.0,138.0,0.0,120.0,1096.0,1353.0,-54.0,screener
INDGN,Mar 2023,2023-03-31,annual,44.0,1020.0,502.0,638.0,2204.0,664.0,0.0,614.0,926.0,2204.0,-112.0,screener
INDGN,Mar 2024,2024-03-31,annual,44.0,1385.0,490.0,627.0,2546.0,646.0,0.0,796.0,1103.0,2546.0,-306.0,screener
INDGN,Mar 2025,2025-03-31,annual,48.0,2568.0,102.0,609.0,3326.0,678.0,4.0,1290.0,1355.0,3326.0,-1188.0,screener
INDGN,Mar 2026,2026-03-31,annual,48.0,3091.0,144.0,1337.0,4620.0,1812.0,12.0,1100.0,1697.0,4620.0,-956.0,screener
INDHOTEL,Mar 2022,2022-03-31,annual,142.0,6920.0,3888.0,2052.0,13002.0,8415.0,194.0,1967.0,2426.0,13002.0,1921.0,screener
INDHOTEL,Mar 2023,2023-03-31,annual,142.0,7840.0,3139.0,2391.0,13512.0,8819.0,332.0,1891.0,2470.0,13512.0,1248.0,screener
INDHOTEL,Mar 2024,2024-03-31,annual,142.0,9314.0,2736.0,2541.0,14733.0,9311.0,256.0,2261.0,2905.0,14733.0,475.0,screener
INDHOTEL,Mar 2025,2025-03-31,annual,142.0,11018.0,3084.0,3371.0,17616.0,10918.0,633.0,2279.0,3786.0,17616.0,805.0,screener
INDHOTEL,Mar 2026,2026-03-31,annual,142.0,12910.0,2837.0,4332.0,20221.0,12210.0,787.0,3606.0,3617.0,20221.0,-769.0,screener
INDIACEM,Mar 2022,2022-03-31,annual,310.0,5637.0,3091.0,3005.0,12043.0,7101.0,386.0,408.0,4147.0,12043.0,2683.0,screener
INDIACEM,Mar 2023,2023-03-31,annual,310.0,5466.0,2945.0,2746.0,11467.0,6803.0,313.0,334.0,4016.0,11467.0,2611.0,screener
INDIACEM,Mar 2024,2024-03-31,annual,310.0,5265.0,2618.0,2508.0,10701.0,6874.0,190.0,319.0,3318.0,10701.0,2299.0,screener
INDIACEM,Mar 2025,2025-03-31,annual,310.0,9884.0,1165.0,2471.0,13830.0,11638.0,177.0,120.0,1895.0,13830.0,1045.0,screener
INDIACEM,Mar 2026,2026-03-31,annual,310.0,9814.0,1305.0,1974.0,13403.0,11187.0,344.0,83.0,1788.0,13403.0,1222.0,screener
INDIAGLYCO,Mar 2022,2022-03-31,annual,31.0,1761.0,1047.0,1792.0,4631.0,2318.0,243.0,336.0,1734.0,4631.0,711.0,screener
INDIAGLYCO,Mar 2023,2023-03-31,annual,31.0,1870.0,1112.0,1845.0,4858.0,2717.0,125.0,318.0,1698.0,4858.0,794.0,screener
INDIAGLYCO,Mar 2024,2024-03-31,annual,31.0,2020.0,1348.0,2218.0,5617.0,3205.0,84.0,335.0,1993.0,5617.0,1013.0,screener
INDIAGLYCO,Mar 2025,2025-03-31,annual,31.0,2225.0,1892.0,2029.0,6176.0,3829.0,98.0,381.0,1867.0,6176.0,1511.0,screener
INDIAGLYCO,Mar 2026,2026-03-31,annual,34.0,2899.0,1691.0,1900.0,6523.0,4554.0,37.0,389.0,1543.0,6523.0,1302.0,screener
INDIAMART,Mar 2022,2022-03-31,annual,31.0,1844.0,56.0,1019.0,2949.0,56.0,0.0,2722.0,171.0,2949.0,-2666.0,screener
INDIAMART,Mar 2023,2023-03-31,annual,31.0,2028.0,46.0,1338.0,3442.0,553.0,0.0,2784.0,106.0,3442.0,-2738.0,screener
INDIAMART,Mar 2024,2024-03-31,annual,60.0,1676.0,41.0,1672.0,3449.0,536.0,0.0,2746.0,166.0,3449.0,-2705.0,screener
INDIAMART,Mar 2025,2025-03-31,annual,60.0,2125.0,33.0,1912.0,4130.0,515.0,0.0,3453.0,161.0,4130.0,-3420.0,screener
INDIAMART,Mar 2026,2026-03-31,annual,60.0,2340.0,23.0,2201.0,4625.0,494.0,0.0,3792.0,338.0,4625.0,-3769.0,screener
INDIANB,Mar 2022,2022-03-31,annual,1245.0,43706.0,,18356.0,674096.0,7694.0,5.0,176502.0,489896.0,674096.0,,screener
INDIANB,Mar 2023,2023-03-31,annual,1245.0,48261.0,,20612.0,713334.0,7472.0,9.0,188366.0,517487.0,713334.0,,screener
INDIANB,Mar 2024,2024-03-31,annual,1347.0,58901.0,,24365.0,795709.0,7538.0,2.0,215242.0,572927.0,795709.0,,screener
INDIANB,Mar 2025,2025-03-31,annual,1347.0,70166.0,,26875.0,877039.0,8854.0,3.0,228421.0,639760.0,877039.0,,screener
INDIANB,Mar 2026,2026-03-31,annual,1347.0,78696.0,,37049.0,991553.0,8674.0,3.0,247682.0,735194.0,991553.0,,screener
INDIANCARD,Mar 2022,2022-03-31,annual,5.94,256.51,19.19,19.78,301.42,50.54,0.04,30.42,220.42,301.42,-11.23,screener
INDIANCARD,Mar 2023,2023-03-31,annual,5.94,232.53,20.87,21.99,281.33,48.54,0.56,149.82,82.41,281.33,-128.95,screener
INDIANCARD,Mar 2024,2024-03-31,annual,5.94,240.31,24.97,20.86,292.08,35.39,0.5,181.96,74.23,292.08,-156.99,screener
INDIANCARD,Mar 2025,2025-03-31,annual,5.94,332.31,16.88,21.44,376.57,33.61,0.59,249.79,92.58,376.57,-232.91,screener
INDIANCARD,Mar 2026,2026-03-31,annual,5.94,337.04,3.18,20.4,366.56,26.23,0.71,270.98,68.64,366.56,-267.8,screener
INDIASHLTR,Mar 2022,2022-03-31,annual,44.0,1032.0,,75.0,3221.0,17.0,0.0,175.0,3029.0,3221.0,,screener
INDIASHLTR,Mar 2023,2023-03-31,annual,44.0,1197.0,,66.0,4296.0,24.0,0.0,47.0,4224.0,4296.0,,screener
INDIASHLTR,Mar 2024,2024-03-31,annual,54.0,2245.0,,80.0,5794.0,30.0,0.0,158.0,5607.0,5794.0,,screener
INDIASHLTR,Mar 2025,2025-03-31,annual,54.0,2655.0,,70.0,7748.0,29.0,0.0,315.0,7403.0,7748.0,,screener
INDIASHLTR,Mar 2026,2026-03-31,annual,54.0,3144.0,,171.0,9615.0,29.0,0.0,395.0,9191.0,9615.0,,screener
INDIGO,Mar 2022,2022-03-31,annual,385.0,-6373.0,36878.0,15073.0,45963.0,21284.0,125.0,8106.0,16447.0,45963.0,28772.0,screener
INDIGO,Mar 2023,2023-03-31,annual,386.0,-6638.0,44860.0,20562.0,59170.0,27658.0,21.0,11558.0,19933.0,59170.0,33302.0,screener
INDIGO,Mar 2024,2024-03-31,annual,386.0,1610.0,51280.0,28948.0,82224.0,36154.0,1.0,16546.0,29524.0,82224.0,34734.0,screener
INDIGO,Mar 2025,2025-03-31,annual,386.0,8982.0,66810.0,39666.0,115844.0,51782.0,3.0,26093.0,37966.0,115844.0,40717.0,screener
INDIGO,Mar 2026,2026-03-31,annual,387.0,6584.0,77749.0,51282.0,136002.0,63178.0,39.0,27675.0,45111.0,136002.0,50074.0,screener
INDIGOPNTS,Mar 2023,2023-03-31,annual,48.0,729.0,12.0,274.0,1062.0,265.0,251.0,132.0,414.0,1062.0,-120.0,screener
INDIGOPNTS,Mar 2024,2024-03-31,annual,48.0,855.0,21.0,347.0,1270.0,591.0,17.0,167.0,495.0,1270.0,-146.0,screener
INDIGOPNTS,Mar 2025,2025-03-31,annual,48.0,983.0,27.0,352.0,1410.0,568.0,136.0,226.0,481.0,1410.0,-199.0,screener
INDIGOPNTS,Mar 2026,2026-03-31,annual,48.0,1106.0,21.0,454.0,1629.0,590.0,220.0,300.0,519.0,1629.0,-279.0,screener
INDNIPPON,Mar 2022,2022-03-31,annual,11.0,494.0,4.0,132.0,641.0,130.0,5.0,278.0,228.0,641.0,-274.0,screener
INDNIPPON,Mar 2023,2023-03-31,annual,11.0,549.0,4.0,154.0,718.0,134.0,13.0,355.0,215.0,718.0,-351.0,screener
INDNIPPON,Mar 2024,2024-03-31,annual,11.0,612.0,3.0,211.0,837.0,143.0,13.0,432.0,249.0,837.0,-429.0,screener
INDNIPPON,Mar 2025,2025-03-31,annual,11.0,700.0,2.0,226.0,939.0,154.0,4.0,472.0,308.0,939.0,-470.0,screener
INDNIPPON,Mar 2026,2026-03-31,annual,11.0,810.0,2.0,244.0,1067.0,173.0,7.0,532.0,355.0,1067.0,-530.0,screener
INDOAMIN,Mar 2022,2022-03-31,annual,35.0,152.0,207.0,160.0,554.0,182.0,22.0,0.0,350.0,554.0,207.0,screener
INDOAMIN,Mar 2023,2023-03-31,annual,35.0,190.0,232.0,140.0,597.0,198.0,20.0,0.0,379.0,597.0,232.0,screener
INDOAMIN,Mar 2024,2024-03-31,annual,36.0,228.0,217.0,153.0,635.0,209.0,23.0,2.0,401.0,635.0,215.0,screener
INDOAMIN,Mar 2025,2025-03-31,annual,36.0,281.0,284.0,177.0,779.0,265.0,35.0,3.0,476.0,779.0,281.0,screener
INDOAMIN,Mar 2026,2026-03-31,annual,36.0,356.0,311.0,194.0,897.0,325.0,31.0,3.0,539.0,897.0,308.0,screener
INDOBORAX,Mar 2022,2022-03-31,annual,3.0,204.0,0.0,14.0,222.0,91.0,1.0,4.0,126.0,222.0,-4.0,screener
INDOBORAX,Mar 2023,2023-03-31,annual,3.0,252.0,0.0,20.0,275.0,96.0,1.0,9.0,169.0,275.0,-9.0,screener
INDOBORAX,Mar 2024,2024-03-31,annual,3.0,290.0,0.0,18.0,311.0,99.0,1.0,43.0,169.0,311.0,-43.0,screener
INDOBORAX,Mar 2025,2025-03-31,annual,3.0,332.0,0.0,21.0,357.0,101.0,1.0,57.0,198.0,357.0,-57.0,screener
INDOBORAX,Mar 2026,2026-03-31,annual,3.0,383.0,1.0,17.0,405.0,48.0,1.0,209.0,147.0,405.0,-208.0,screener
INDOCO,Mar 2022,2022-03-31,annual,18.0,886.0,257.0,325.0,1486.0,555.0,122.0,0.0,809.0,1486.0,257.0,screener
INDOCO,Mar 2023,2023-03-31,annual,18.0,1010.0,333.0,297.0,1658.0,678.0,114.0,2.0,864.0,1658.0,331.0,screener
INDOCO,Mar 2024,2024-03-31,annual,18.0,1091.0,672.0,363.0,2145.0,954.0,125.0,9.0,1057.0,2145.0,663.0,screener
INDOCO,Mar 2025,2025-03-31,annual,18.0,1004.0,994.0,414.0,2430.0,997.0,321.0,1.0,1111.0,2430.0,993.0,screener
INDOCO,Mar 2026,2026-03-31,annual,18.0,921.0,1090.0,564.0,2593.0,1255.0,28.0,1.0,1309.0,2593.0,1089.0,screener
INDOFARM,Mar 2022,2022-03-31,annual,19.0,256.0,275.0,70.0,620.0,194.0,20.0,1.0,405.0,620.0,274.0,screener
INDOFARM,Mar 2023,2023-03-31,annual,19.0,272.0,281.0,52.0,623.0,206.0,8.0,0.0,408.0,623.0,281.0,screener
INDOFARM,Mar 2024,2024-03-31,annual,38.0,280.0,272.0,59.0,648.0,202.0,5.0,0.0,441.0,648.0,272.0,screener
INDOFARM,Mar 2025,2025-03-31,annual,48.0,483.0,173.0,57.0,762.0,214.0,9.0,0.0,539.0,762.0,173.0,screener
INDOFARM,Mar 2026,2026-03-31,annual,48.0,508.0,150.0,64.0,770.0,211.0,29.0,0.0,530.0,770.0,150.0,screener
INDOSTAR,Mar 2022,2022-03-31,annual,136.0,2793.0,,508.0,9661.0,386.0,0.0,548.0,8727.0,9661.0,,screener
INDOSTAR,Mar 2023,2023-03-31,annual,136.0,2976.0,,357.0,9116.0,377.0,0.0,1039.0,7700.0,9116.0,,screener
INDOSTAR,Mar 2024,2024-03-31,annual,136.0,3099.0,,300.0,11107.0,381.0,0.0,1118.0,9608.0,11107.0,,screener
INDOSTAR,Mar 2025,2025-03-31,annual,136.0,3499.0,,2704.0,13256.0,365.0,0.0,1818.0,11073.0,13256.0,,screener
INDOSTAR,Mar 2026,2026-03-31,annual,162.0,3621.0,,257.0,9517.0,355.0,0.0,982.0,8180.0,9517.0,,screener
INDOTHAI,Mar 2022,2022-03-31,annual,10.0,54.0,2.0,42.0,109.0,12.0,0.0,35.0,62.0,109.0,-33.0,screener
INDOTHAI,Mar 2023,2023-03-31,annual,10.0,49.0,4.0,45.0,107.0,11.0,0.0,21.0,75.0,107.0,-17.0,screener
INDOTHAI,Mar 2024,2024-03-31,annual,10.0,63.0,6.0,42.0,122.0,13.0,0.0,30.0,79.0,122.0,-24.0,screener
INDOTHAI,Mar 2025,2025-03-31,annual,12.0,168.0,4.0,45.0,228.0,13.0,0.0,58.0,158.0,228.0,-54.0,screener
INDOTHAI,Mar 2026,2026-03-31,annual,13.0,271.0,25.0,66.0,374.0,14.0,0.0,157.0,203.0,374.0,-132.0,screener
INDOWIND,Mar 2022,2022-03-31,annual,89.74,140.59,56.06,1.68,288.07,166.31,0.96,1.04,119.76,288.07,55.02,screener
INDOWIND,Mar 2023,2023-03-31,annual,107.33,122.77,60.06,23.12,313.28,159.45,0.96,0.04,152.83,313.28,60.02,screener
INDOWIND,Mar 2024,2024-03-31,annual,107.33,129.83,25.19,20.02,282.37,235.79,0.96,0.04,45.58,282.37,25.15,screener
INDOWIND,Mar 2025,2025-03-31,annual,128.8,150.11,6.97,19.52,305.4,248.47,0.96,0.04,55.93,305.4,6.93,screener
INDOWIND,Mar 2026,2026-03-31,annual,161.0,146.41,9.53,30.78,347.72,245.07,12.31,0.04,90.3,347.72,9.49,screener
INDSWFTLAB,Mar 2022,2022-03-31,annual,60.0,541.0,953.0,247.0,1801.0,630.0,10.0,29.0,1131.0,1801.0,924.0,screener
INDSWFTLAB,Mar 2023,2023-03-31,annual,60.0,622.0,862.0,280.0,1824.0,587.0,8.0,30.0,1199.0,1824.0,832.0,screener
INDSWFTLAB,Mar 2024,2024-03-31,annual,67.0,745.0,217.0,432.0,1460.0,192.0,51.0,112.0,1106.0,1460.0,105.0,screener
INDSWFTLAB,Mar 2025,2025-03-31,annual,69.0,1104.0,41.0,224.0,1438.0,273.0,0.0,213.0,952.0,1438.0,-172.0,screener
INDSWFTLAB,Mar 2026,2026-03-31,annual,87.0,1297.0,18.0,271.0,1673.0,306.0,10.0,248.0,1110.0,1673.0,-230.0,screener
INDUSFILA,Jun 2008,2008-06-30,annual,19.0,150.0,226.0,119.0,514.0,155.0,12.0,20.0,328.0,514.0,206.0,screener
INDUSFILA,Mar 2010,2010-03-31,annual,19.0,75.0,274.0,101.0,469.0,154.0,6.0,0.0,309.0,469.0,274.0,screener
INDUSFILA,Mar 2011,2011-03-31,annual,19.0,80.0,284.0,96.0,480.0,149.0,7.0,0.0,324.0,480.0,284.0,screener
INDUSFILA,Mar 2012,2012-03-31,annual,20.0,89.0,290.0,103.0,503.0,144.0,8.0,0.0,352.0,503.0,290.0,screener
INDUSFILA,Jun 2013,2013-06-30,annual,20.0,-50.0,317.0,168.0,455.0,133.0,7.0,0.0,315.0,455.0,317.0,screener
INDUSINDBK,Mar 2022,2022-03-31,annual,775.0,47252.0,,13268.0,401967.0,1834.0,95.0,70930.0,329109.0,401967.0,,screener
INDUSINDBK,Mar 2023,2023-03-31,annual,776.0,54229.0,,17701.0,457837.0,1944.0,135.0,83076.0,372682.0,457837.0,,screener
INDUSINDBK,Mar 2024,2024-03-31,annual,778.0,62429.0,,19689.0,515094.0,2127.0,197.0,106486.0,406283.0,515094.0,,screener
INDUSINDBK,Mar 2025,2025-03-31,annual,779.0,64057.0,,24706.0,554107.0,2309.0,188.0,114457.0,437154.0,554107.0,,screener
INDUSINDBK,Mar 2026,2026-03-31,annual,779.0,64961.0,,34934.0,543394.0,2420.0,126.0,125007.0,415841.0,543394.0,,screener
INDUSTOWER,Mar 2022,2022-03-31,annual,2695.0,19456.0,19726.0,6091.0,47968.0,31826.0,179.0,1652.0,14311.0,47968.0,18074.0,screener
INDUSTOWER,Mar 2023,2023-03-31,annual,2695.0,18415.0,19185.0,6278.0,46572.0,32384.0,355.0,276.0,13559.0,46572.0,18909.0,screener
INDUSTOWER,Mar 2024,2024-03-31,annual,2695.0,24344.0,20531.0,8298.0,55868.0,39300.0,422.0,3.0,16143.0,55868.0,20528.0,screener
INDUSTOWER,Mar 2025,2025-03-31,annual,2638.0,29860.0,21156.0,9514.0,63168.0,44380.0,567.0,1486.0,16735.0,63168.0,19670.0,screener
INDUSTOWER,Mar 2026,2026-03-31,annual,2638.0,37008.0,21127.0,10543.0,71315.0,49514.0,630.0,4316.0,16855.0,71315.0,16811.0,screener
INFOBEAN,Mar 2022,2022-03-31,annual,24.0,208.0,31.0,136.0,399.0,223.0,0.0,36.0,140.0,399.0,-5.0,screener
INFOBEAN,Mar 2023,2023-03-31,annual,24.0,247.0,36.0,98.0,406.0,217.0,0.0,70.0,120.0,406.0,-34.0,screener
INFOBEAN,Mar 2024,2024-03-31,annual,24.0,271.0,24.0,69.0,389.0,170.0,0.0,83.0,136.0,389.0,-59.0,screener
INFOBEAN,Mar 2025,2025-03-31,annual,24.0,308.0,20.0,49.0,401.0,126.0,3.0,114.0,157.0,401.0,-94.0,screener
INFOBEAN,Mar 2026,2026-03-31,annual,97.0,317.0,15.0,55.0,483.0,113.0,10.0,165.0,194.0,483.0,-150.0,screener
INFY,Mar 2022,2022-03-31,annual,2098.0,73252.0,5474.0,35905.0,116729.0,25800.0,416.0,20324.0,70189.0,116729.0,-14850.0,screener
INFY,Mar 2023,2023-03-31,annual,2069.0,73338.0,8299.0,40890.0,124596.0,29225.0,288.0,19478.0,75605.0,124596.0,-11179.0,screener
INFY,Mar 2024,2024-03-31,annual,2071.0,86045.0,8359.0,39545.0,136020.0,27622.0,293.0,24623.0,83482.0,136020.0,-16264.0,screener
INFY,Mar 2025,2025-03-31,annual,2073.0,93745.0,8227.0,43750.0,147795.0,30961.0,814.0,23541.0,92479.0,147795.0,-15314.0,screener
INFY,Mar 2026,2026-03-31,annual,2024.0,90828.0,9176.0,52260.0,154288.0,33770.0,526.0,21880.0,98112.0,154288.0,-12704.0,screener
INNOVACAP,Mar 2022,2022-03-31,annual,12.0,197.0,199.0,167.0,575.0,183.0,0.0,0.0,392.0,575.0,199.0,screener
INNOVACAP,Mar 2023,2023-03-31,annual,48.0,229.0,237.0,191.0,704.0,183.0,22.0,0.0,500.0,704.0,237.0,screener
INNOVACAP,Mar 2024,2024-03-31,annual,57.0,774.0,245.0,240.0,1316.0,358.0,341.0,0.0,617.0,1316.0,245.0,screener
INNOVACAP,Mar 2025,2025-03-31,annual,57.0,902.0,338.0,271.0,1568.0,830.0,23.0,0.0,716.0,1568.0,338.0,screener
INNOVACAP,Mar 2026,2026-03-31,annual,57.0,1034.0,344.0,401.0,1836.0,842.0,16.0,41.0,938.0,1836.0,303.0,screener
INNOVISION,Mar 2022,2022-03-31,annual,1.0,29.0,34.0,29.0,94.0,5.0,0.0,1.0,88.0,94.0,33.0,screener
INNOVISION,Mar 2023,2023-03-31,annual,1.0,39.0,34.0,34.0,108.0,6.0,0.0,0.0,102.0,108.0,34.0,screener
INNOVISION,Mar 2024,2024-03-31,annual,19.0,34.0,49.0,56.0,157.0,13.0,0.0,0.0,144.0,157.0,49.0,screener
INNOVISION,Mar 2025,2025-03-31,annual,19.0,63.0,79.0,59.0,220.0,12.0,0.0,0.0,208.0,220.0,79.0,screener
INNOVISION,Mar 2026,2026-03-31,annual,24.0,270.0,125.0,55.0,474.0,15.0,0.0,0.0,459.0,474.0,125.0,screener
INOXGREEN,Mar 2022,2022-03-31,annual,235.0,572.0,904.0,410.0,2121.0,953.0,133.0,33.0,1002.0,2121.0,871.0,screener
INOXGREEN,Mar 2023,2023-03-31,annual,292.0,835.0,595.0,433.0,2155.0,1095.0,7.0,0.0,1052.0,2155.0,595.0,screener
INOXGREEN,Mar 2024,2024-03-31,annual,294.0,1051.0,174.0,564.0,2083.0,755.0,7.0,0.0,1320.0,2083.0,174.0,screener
INOXGREEN,Mar 2025,2025-03-31,annual,367.0,1600.0,181.0,339.0,2487.0,704.0,7.0,446.0,1330.0,2487.0,-265.0,screener
INOXGREEN,Mar 2026,2026-03-31,annual,401.0,1306.0,88.0,317.0,2113.0,15.0,6.0,550.0,1542.0,2113.0,-462.0,screener
INOXINDIA,Mar 2022,2022-03-31,annual,18.0,484.0,55.0,340.0,897.0,134.0,2.0,312.0,449.0,897.0,-257.0,screener
INOXINDIA,Mar 2023,2023-03-31,annual,18.0,531.0,9.0,589.0,1148.0,164.0,0.0,249.0,734.0,1148.0,-240.0,screener
INOXINDIA,Mar 2024,2024-03-31,annual,18.0,631.0,16.0,558.0,1223.0,255.0,5.0,247.0,716.0,1223.0,-231.0,screener
INOXINDIA,Mar 2025,2025-03-31,annual,18.0,856.0,43.0,737.0,1654.0,359.0,4.0,267.0,1023.0,1654.0,-224.0,screener
INOXINDIA,Mar 2026,2026-03-31,annual,18.0,1099.0,81.0,813.0,2012.0,428.0,4.0,297.0,1282.0,2012.0,-216.0,screener
INOXWIND,Mar 2022,2022-03-31,annual,222.0,688.0,2637.0,2417.0,5965.0,1343.0,148.0,33.0,4440.0,5965.0,2604.0,screener
INOXWIND,Mar 2023,2023-03-31,annual,326.0,1410.0,2416.0,1930.0,6082.0,1619.0,123.0,1.0,4340.0,6082.0,2415.0,screener
INOXWIND,Mar 2024,2024-03-31,annual,391.0,2417.0,2078.0,1867.0,6754.0,1843.0,304.0,0.0,4607.0,6754.0,2078.0,screener
INOXWIND,Mar 2025,2025-03-31,annual,1624.0,3423.0,1500.0,2246.0,8792.0,2291.0,296.0,446.0,5760.0,8792.0,1054.0,screener
INOXWIND,Mar 2026,2026-03-31,annual,1728.0,4654.0,1587.0,4099.0,12068.0,2825.0,247.0,550.0,8445.0,12068.0,1037.0,screener
INTELLECT,Mar 2022,2022-03-31,annual,67.0,1741.0,20.0,764.0,2593.0,435.0,344.0,416.0,1398.0,2593.0,-396.0,screener
INTELLECT,Mar 2023,2023-03-31,annual,68.0,1990.0,27.0,802.0,2887.0,494.0,370.0,365.0,1657.0,2887.0,-338.0,screener
INTELLECT,Mar 2024,2024-03-31,annual,68.0,2370.0,44.0,895.0,3378.0,558.0,374.0,449.0,1997.0,3378.0,-405.0,screener
INTELLECT,Mar 2025,2025-03-31,annual,69.0,2716.0,72.0,985.0,3843.0,727.0,307.0,538.0,2270.0,3843.0,-466.0,screener
INTELLECT,Mar 2026,2026-03-31,annual,70.0,3100.0,159.0,1251.0,4580.0,1177.0,15.0,635.0,2753.0,4580.0,-476.0,screener
IOB,Mar 2022,2022-03-31,annual,18902.0,3695.0,,11148.0,299030.0,3366.0,0.0,97641.0,198023.0,299030.0,,screener
IOB,Mar 2023,2023-03-31,annual,18902.0,5974.0,,6785.0,313438.0,3711.0,0.0,93643.0,216085.0,313438.0,,screener
IOB,Mar 2024,2024-03-31,annual,18902.0,8659.0,,7799.0,351869.0,3726.0,14.0,99194.0,248935.0,351869.0,,screener
IOB,Mar 2025,2025-03-31,annual,19257.0,12977.0,,9045.0,394710.0,4581.0,74.0,110588.0,279467.0,394710.0,,screener
IOB,Mar 2026,2026-03-31,annual,19257.0,17734.0,,16011.0,472795.0,5007.0,67.0,119285.0,348436.0,472795.0,,screener
IOC,Mar 2022,2022-03-31,annual,9181.0,124354.0,132020.0,145327.0,410882.0,160514.0,47469.0,52352.0,150546.0,410882.0,79668.0,screener
IOC,Mar 2023,2023-03-31,annual,13772.0,125949.0,148977.0,153298.0,441995.0,180048.0,51133.0,52190.0,158624.0,441995.0,96787.0,screener
IOC,Mar 2024,2024-03-31,annual,13772.0,169645.0,132628.0,166639.0,482683.0,195998.0,61032.0,65542.0,160111.0,482683.0,67086.0,screener
IOC,Mar 2025,2025-03-31,annual,13772.0,172716.0,152271.0,168464.0,507222.0,201142.0,77921.0,67218.0,160940.0,507222.0,85053.0,screener
IOC,Mar 2026,2026-03-31,annual,13772.0,205746.0,131822.0,177615.0,528955.0,211722.0,82897.0,73298.0,161039.0,528955.0,58524.0,screener
IOLCP,Mar 2022,2022-03-31,annual,59.0,1334.0,44.0,526.0,1962.0,561.0,105.0,2.0,1294.0,1962.0,42.0,screener
IOLCP,Mar 2023,2023-03-31,annual,59.0,1449.0,80.0,435.0,2022.0,752.0,90.0,20.0,1161.0,2022.0,60.0,screener
IOLCP,Mar 2024,2024-03-31,annual,59.0,1553.0,33.0,600.0,2244.0,933.0,101.0,20.0,1190.0,2244.0,13.0,screener
IOLCP,Mar 2025,2025-03-31,annual,59.0,1629.0,117.0,577.0,2382.0,1171.0,22.0,21.0,1169.0,2382.0,96.0,screener
IOLCP,Mar 2026,2026-03-31,annual,59.0,1740.0,135.0,653.0,2587.0,1184.0,94.0,21.0,1289.0,2587.0,114.0,screener
IONEXCHANG,Mar 2022,2022-03-31,annual,14.0,641.0,55.0,914.0,1625.0,192.0,20.0,9.0,1404.0,1625.0,46.0,screener
IONEXCHANG,Mar 2023,2023-03-31,annual,14.0,819.0,59.0,1047.0,1939.0,215.0,42.0,10.0,1672.0,1939.0,49.0,screener
IONEXCHANG,Mar 2024,2024-03-31,annual,14.0,1004.0,152.0,1271.0,2441.0,367.0,61.0,12.0,2001.0,2441.0,140.0,screener
IONEXCHANG,Mar 2025,2025-03-31,annual,14.0,1194.0,323.0,1449.0,2979.0,392.0,323.0,13.0,2250.0,2979.0,310.0,screener
IONEXCHANG,Mar 2026,2026-03-31,annual,14.0,1325.0,482.0,1559.0,3380.0,754.0,175.0,16.0,2435.0,3380.0,466.0,screener
IPCALAB,Mar 2022,2022-03-31,annual,25.0,5467.0,807.0,1338.0,7637.0,2418.0,306.0,989.0,3924.0,7637.0,-182.0,screener
IPCALAB,Mar 2023,2023-03-31,annual,25.0,5817.0,1481.0,1300.0,8623.0,2751.0,140.0,626.0,5105.0,8623.0,855.0,screener
IPCALAB,Mar 2024,2024-03-31,annual,25.0,6307.0,1438.0,3326.0,11097.0,4554.0,343.0,862.0,5339.0,11097.0,576.0,screener
IPCALAB,Mar 2025,2025-03-31,annual,25.0,6923.0,1363.0,3432.0,11744.0,4267.0,622.0,980.0,5875.0,11744.0,383.0,screener
IPCALAB,Mar 2026,2026-03-31,annual,25.0,8038.0,809.0,3477.0,12350.0,4627.0,773.0,844.0,6106.0,12350.0,-35.0,screener
IPL,Mar 2022,2022-03-31,annual,12.0,626.0,23.0,131.0,792.0,174.0,44.0,17.0,557.0,792.0,6.0,screener
IPL,Mar 2023,2023-03-31,annual,12.0,762.0,13.0,135.0,921.0,248.0,27.0,12.0,633.0,921.0,1.0,screener
IPL,Mar 2024,2024-03-31,annual,12.0,813.0,26.0,151.0,1001.0,279.0,58.0,12.0,651.0,1001.0,14.0,screener
IPL,Mar 2025,2025-03-31,annual,12.0,887.0,60.0,183.0,1142.0,328.0,58.0,15.0,741.0,1142.0,45.0,screener
IPL,Mar 2026,2026-03-31,annual,12.0,998.0,109.0,218.0,1337.0,388.0,68.0,19.0,862.0,1337.0,90.0,screener
IRB,Mar 2022,2022-03-31,annual,604.0,11962.0,16697.0,13218.0,42481.0,27271.0,63.0,4904.0,10243.0,42481.0,11793.0,screener
IRB,Mar 2023,2023-03-31,annual,604.0,12775.0,16748.0,12575.0,42703.0,26480.0,8.0,5141.0,11074.0,42703.0,11607.0,screener
IRB,Mar 2024,2024-03-31,annual,604.0,13141.0,18653.0,12472.0,44870.0,25514.0,8.0,9642.0,9706.0,44870.0,9011.0,screener
IRB,Mar 2025,2025-03-31,annual,604.0,19223.0,20599.0,13423.0,53849.0,24616.0,1.0,17097.0,12135.0,53849.0,3502.0,screener
IRB,Mar 2026,2026-03-31,annual,604.0,20345.0,20027.0,13078.0,54054.0,23896.0,4.0,19328.0,10826.0,54054.0,699.0,screener
IRCON,Mar 2022,2022-03-31,annual,188.0,4478.0,1399.0,8382.0,14446.0,1845.0,36.0,971.0,11594.0,14446.0,428.0,screener
IRCON,Mar 2023,2023-03-31,annual,188.0,5023.0,1505.0,8821.0,15537.0,1825.0,19.0,1049.0,12644.0,15537.0,456.0,screener
IRCON,Mar 2024,2024-03-31,annual,188.0,5683.0,2570.0,9011.0,17452.0,1736.0,549.0,1553.0,13614.0,17452.0,1017.0,screener
IRCON,Mar 2025,2025-03-31,annual,188.0,6138.0,4299.0,8896.0,19521.0,2453.0,976.0,1296.0,14796.0,19521.0,3003.0,screener
IRCON,Mar 2026,2026-03-31,annual,188.0,6451.0,5726.0,8942.0,21307.0,3524.0,595.0,1432.0,15757.0,21307.0,4294.0,screener
IRCTC,Mar 2023,2023-03-31,annual,160.0,2318.0,84.0,2526.0,5089.0,351.0,34.0,0.0,4704.0,5089.0,84.0,screener
IRCTC,Mar 2024,2024-03-31,annual,160.0,3070.0,60.0,2801.0,6091.0,343.0,443.0,0.0,5306.0,6091.0,60.0,screener
IRCTC,Mar 2025,2025-03-31,annual,160.0,3503.0,90.0,3046.0,6799.0,813.0,27.0,0.0,5959.0,6799.0,90.0,screener
IRCTC,Mar 2026,2026-03-31,annual,160.0,4149.0,81.0,3190.0,7580.0,839.0,42.0,0.0,6699.0,7580.0,81.0,screener
IREDA,Mar 2020,2020-03-31,annual,785.0,1737.0,,3277.0,27652.0,282.0,0.0,1.0,27370.0,27652.0,,screener
IREDA,Mar 2021,2021-03-31,annual,785.0,2211.0,,3298.0,30293.0,266.0,0.0,1.0,30027.0,30293.0,,screener
IREDA,Mar 2024,2024-03-31,annual,2688.0,5872.0,,4354.0,62600.0,361.0,0.0,101.0,62138.0,62600.0,,screener
IREDA,Mar 2025,2025-03-31,annual,2688.0,7579.0,,4728.0,79735.0,349.0,0.0,600.0,78786.0,79735.0,,screener
IREDA,Mar 2026,2026-03-31,annual,2809.0,10976.0,,2177.0,93808.0,321.0,0.0,884.0,92603.0,93808.0,,screener
IRIS,Mar 2022,2022-03-31,annual,19.0,8.0,7.0,26.0,60.0,17.0,0.0,0.0,43.0,60.0,7.0,screener
IRIS,Mar 2023,2023-03-31,annual,19.0,12.0,6.0,33.0,70.0,14.0,2.0,0.0,55.0,70.0,6.0,screener
IRIS,Mar 2024,2024-03-31,annual,19.0,22.0,6.0,29.0,77.0,13.0,3.0,0.0,61.0,77.0,6.0,screener
IRIS,Mar 2025,2025-03-31,annual,21.0,55.0,4.0,45.0,125.0,17.0,4.0,21.0,83.0,125.0,-17.0,screener
IRIS,Mar 2026,2026-03-31,annual,21.0,180.0,2.0,50.0,253.0,24.0,0.0,60.0,169.0,253.0,-58.0,screener
IRMENERGY,Mar 2022,2022-03-31,annual,29.0,193.0,230.0,102.0,555.0,300.0,52.0,36.0,166.0,555.0,194.0,screener
IRMENERGY,Mar 2023,2023-03-31,annual,30.0,295.0,341.0,127.0,793.0,381.0,91.0,87.0,234.0,793.0,254.0,screener
IRMENERGY,Mar 2024,2024-03-31,annual,41.0,870.0,251.0,135.0,1297.0,557.0,87.0,42.0,611.0,1297.0,209.0,screener
IRMENERGY,Mar 2025,2025-03-31,annual,41.0,899.0,152.0,177.0,1270.0,649.0,88.0,63.0,469.0,1270.0,89.0,screener
IRMENERGY,Mar 2026,2026-03-31,annual,41.0,956.0,73.0,226.0,1296.0,788.0,99.0,47.0,362.0,1296.0,26.0,screener
ISGEC,Mar 2022,2022-03-31,annual,7.0,2114.0,1233.0,3387.0,6741.0,977.0,702.0,135.0,4928.0,6741.0,1098.0,screener
ISGEC,Mar 2023,2023-03-31,annual,7.0,2297.0,1235.0,3513.0,7053.0,947.0,805.0,33.0,5267.0,7053.0,1202.0,screener
ISGEC,Mar 2024,2024-03-31,annual,7.0,2515.0,814.0,4470.0,7807.0,956.0,959.0,29.0,5863.0,7807.0,785.0,screener
ISGEC,Mar 2025,2025-03-31,annual,7.0,2731.0,861.0,4410.0,8009.0,973.0,66.0,85.0,6884.0,8009.0,776.0,screener
ISGEC,Mar 2026,2026-03-31,annual,7.0,2729.0,951.0,4390.0,8077.0,1791.0,137.0,66.0,6083.0,8077.0,885.0,screener
ITC,Mar 2022,2022-03-31,annual,1232.0,61223.0,249.0,14491.0,77196.0,24232.0,3226.0,24841.0,24898.0,77196.0,-24592.0,screener
ITC,Mar 2023,2023-03-31,annual,1243.0,67912.0,306.0,16370.0,85831.0,25851.0,3003.0,29415.0,27561.0,85831.0,-29109.0,screener
ITC,Mar 2024,2024-03-31,annual,1248.0,73259.0,303.0,16944.0,91754.0,27820.0,2861.0,31114.0,29959.0,91754.0,-30811.0,screener
ITC,Mar 2025,2025-03-31,annual,1251.0,68779.0,285.0,17688.0,88003.0,21955.0,1091.0,34720.0,30237.0,88003.0,-34435.0,screener
ITC,Mar 2026,2026-03-31,annual,1253.0,71254.0,2399.0,18731.0,93637.0,22443.0,1602.0,38128.0,31464.0,93637.0,-35729.0,screener
ITCHOTELS,Mar 2024,2024-03-31,annual,83.0,8415.0,74.0,1617.0,10188.0,6436.0,1768.0,204.0,1780.0,10188.0,-130.0,screener
ITCHOTELS,Mar 2025,2025-03-31,annual,208.0,10484.0,73.0,1707.0,12472.0,8189.0,158.0,676.0,3449.0,12472.0,-603.0,screener
ITCHOTELS,Mar 2026,2026-03-31,annual,208.0,11450.0,74.0,1748.0,13480.0,8089.0,207.0,1956.0,3229.0,13480.0,-1882.0,screener
ITDC,Mar 2022,2022-03-31,annual,86.0,200.0,1.0,298.0,585.0,40.0,11.0,0.0,534.0,585.0,1.0,screener
ITDC,Mar 2023,2023-03-31,annual,86.0,252.0,1.0,595.0,934.0,46.0,3.0,0.0,885.0,934.0,1.0,screener
ITDC,Mar 2024,2024-03-31,annual,86.0,220.0,1.0,708.0,1015.0,40.0,4.0,0.0,970.0,1015.0,1.0,screener
ITDC,Mar 2025,2025-03-31,annual,86.0,278.0,1.0,382.0,746.0,42.0,6.0,0.0,699.0,746.0,1.0,screener
ITDC,Mar 2026,2026-03-31,annual,86.0,337.0,1.0,339.0,762.0,42.0,8.0,0.0,712.0,762.0,1.0,screener
ITI,Mar 2022,2022-03-31,annual,934.0,1687.0,1613.0,5384.0,9617.0,2727.0,154.0,35.0,6701.0,9617.0,1578.0,screener
ITI,Mar 2023,2023-03-31,annual,950.0,1425.0,1877.0,5280.0,9531.0,2752.0,139.0,35.0,6605.0,9531.0,1842.0,screener
ITI,Mar 2024,2024-03-31,annual,961.0,823.0,1801.0,6054.0,9639.0,2732.0,142.0,35.0,6730.0,9639.0,1766.0,screener
ITI,Mar 2025,2025-03-31,annual,961.0,664.0,1481.0,7340.0,10445.0,2710.0,19.0,54.0,7664.0,10445.0,1427.0,screener
ITI,Mar 2026,2026-03-31,annual,963.0,943.0,765.0,6676.0,9347.0,2370.0,16.0,54.0,6907.0,9347.0,711.0,screener
IVALUE,Mar 2022,2022-03-31,annual,4.0,235.0,20.0,360.0,619.0,8.0,0.0,45.0,565.0,619.0,-25.0,screener
IVALUE,Mar 2023,2023-03-31,annual,4.0,295.0,81.0,700.0,1080.0,44.0,0.0,11.0,1025.0,1080.0,70.0,screener
IVALUE,Mar 2024,2024-03-31,annual,4.0,366.0,78.0,556.0,1004.0,48.0,0.0,0.0,956.0,1004.0,78.0,screener
IVALUE,Mar 2025,2025-03-31,annual,8.0,454.0,71.0,629.0,1163.0,43.0,0.0,0.0,1120.0,1163.0,71.0,screener
IVALUE,Mar 2026,2026-03-31,annual,11.0,557.0,69.0,804.0,1441.0,36.0,0.0,153.0,1252.0,1441.0,-84.0,screener
IXIGO,Mar 2022,2022-03-31,annual,37.0,306.0,7.0,188.0,538.0,289.0,0.0,40.0,209.0,538.0,-33.0,screener
IXIGO,Mar 2023,2023-03-31,annual,37.0,337.0,10.0,200.0,583.0,292.0,8.0,48.0,236.0,583.0,-38.0,screener
IXIGO,Mar 2024,2024-03-31,annual,37.0,409.0,46.0,140.0,632.0,271.0,0.0,86.0,276.0,632.0,-40.0,screener
IXIGO,Mar 2025,2025-03-31,annual,39.0,595.0,40.0,231.0,904.0,286.0,0.0,119.0,498.0,904.0,-79.0,screener
IXIGO,Mar 2026,2026-03-31,annual,44.0,2003.0,44.0,451.0,2541.0,528.0,0.0,546.0,1468.0,2541.0,-502.0,screener
IZMO,Mar 2022,2022-03-31,annual,13.0,239.0,9.0,37.0,299.0,229.0,0.0,0.0,70.0,299.0,9.0,screener
IZMO,Mar 2023,2023-03-31,annual,13.0,260.0,11.0,39.0,323.0,247.0,0.0,0.0,76.0,323.0,11.0,screener
IZMO,Mar 2024,2024-03-31,annual,14.0,292.0,9.0,49.0,364.0,261.0,0.0,0.0,103.0,364.0,9.0,screener
IZMO,Mar 2025,2025-03-31,annual,15.0,344.0,12.0,67.0,438.0,276.0,0.0,0.0,162.0,438.0,12.0,screener
IZMO,Mar 2026,2026-03-31,annual,15.0,394.0,5.0,80.0,494.0,286.0,5.0,0.0,203.0,494.0,5.0,screener
J&KBANK,Mar 2022,2022-03-31,annual,93.0,7984.0,,5425.0,130576.0,1908.0,46.0,33785.0,94837.0,130576.0,,screener
J&KBANK,Mar 2023,2023-03-31,annual,103.0,9793.0,,11097.0,145913.0,2224.0,47.0,34780.0,108860.0,145913.0,,screener
J&KBANK,Mar 2024,2024-03-31,annual,110.0,12083.0,,4662.0,154505.0,2208.0,50.0,34900.0,117347.0,154505.0,,screener
J&KBANK,Mar 2025,2025-03-31,annual,110.0,14098.0,,4280.0,169424.0,2126.0,66.0,41122.0,126110.0,169424.0,,screener
J&KBANK,Mar 2026,2026-03-31,annual,110.0,16390.0,,3687.0,188960.0,2533.0,0.0,40520.0,145906.0,188960.0,,screener
JAICORPLTD,Mar 2022,2022-03-31,annual,18.0,1197.0,236.0,62.0,1512.0,224.0,0.0,722.0,567.0,1512.0,-486.0,screener
JAICORPLTD,Mar 2023,2023-03-31,annual,18.0,1178.0,239.0,53.0,1488.0,225.0,1.0,805.0,458.0,1488.0,-566.0,screener
JAICORPLTD,Mar 2024,2024-03-31,annual,18.0,1233.0,236.0,49.0,1535.0,213.0,1.0,882.0,440.0,1535.0,-646.0,screener
JAICORPLTD,Mar 2025,2025-03-31,annual,18.0,1152.0,236.0,44.0,1449.0,201.0,0.0,810.0,439.0,1449.0,-574.0,screener
JAICORPLTD,Mar 2026,2026-03-31,annual,18.0,1474.0,0.0,67.0,1559.0,209.0,0.0,860.0,490.0,1559.0,-860.0,screener
JAINREC,Mar 2023,2023-03-31,annual,40.0,159.0,739.0,178.0,1116.0,74.0,0.0,0.0,1042.0,1116.0,739.0,screener
JAINREC,Mar 2024,2024-03-31,annual,41.0,328.0,914.0,245.0,1529.0,79.0,0.0,16.0,1433.0,1529.0,898.0,screener
JAINREC,Mar 2025,2025-03-31,annual,65.0,661.0,928.0,182.0,1836.0,89.0,3.0,36.0,1708.0,1836.0,892.0,screener
JAINREC,Mar 2026,2026-03-31,annual,69.0,1492.0,1276.0,545.0,3382.0,114.0,45.0,149.0,3073.0,3382.0,1127.0,screener
JAMNAAUTO,Mar 2022,2022-03-31,annual,40.0,645.0,191.0,317.0,1193.0,436.0,53.0,0.0,703.0,1193.0,191.0,screener_yfinance_fallback_normalized
JAMNAAUTO,Mar 2023,2023-03-31,annual,40.0,744.0,30.0,226.0,1040.0,434.0,56.0,0.0,550.0,1040.0,30.0,screener_yfinance_fallback_normalized
JAMNAAUTO,Mar 2024,2024-03-31,annual,40.0,863.0,293.0,154.0,1350.0,468.0,121.0,0.0,761.0,1350.0,293.0,screener_yfinance_fallback_normalized
JAMNAAUTO,Mar 2025,2025-03-31,annual,40.0,953.0,358.0,174.0,1525.0,504.0,275.0,3.0,742.0,1525.0,355.0,screener_yfinance_fallback_normalized
JAMNAAUTO,Mar 2026,2026-03-31,annual,40.0,1107.0,12.0,489.0,1648.0,849.0,108.0,0.0,692.0,1648.0,12.0,screener_yfinance_fallback_normalized
JARO,Mar 2022,2022-03-31,annual,15.0,48.0,38.0,31.0,131.0,24.0,0.0,0.0,106.0,131.0,38.0,screener
JARO,Mar 2023,2023-03-31,annual,15.0,63.0,54.0,44.0,176.0,29.0,0.0,0.0,147.0,176.0,54.0,screener
JARO,Mar 2024,2024-03-31,annual,15.0,102.0,41.0,44.0,202.0,17.0,0.0,0.0,184.0,202.0,41.0,screener
JASH,Mar 2022,2022-03-31,annual,12.0,175.0,82.0,100.0,369.0,112.0,1.0,0.0,257.0,369.0,82.0,screener
JASH,Mar 2023,2023-03-31,annual,12.0,227.0,82.0,128.0,449.0,116.0,4.0,0.0,329.0,449.0,82.0,screener
JASH,Mar 2024,2024-03-31,annual,12.0,339.0,80.0,173.0,604.0,127.0,6.0,6.0,465.0,604.0,74.0,screener
JASH,Mar 2025,2025-03-31,annual,13.0,420.0,99.0,215.0,747.0,170.0,21.0,11.0,545.0,747.0,88.0,screener
JASH,Mar 2026,2026-03-31,annual,13.0,506.0,103.0,259.0,881.0,213.0,22.0,13.0,633.0,881.0,90.0,screener
JAYBARMARU,Mar 2022,2022-03-31,annual,22.0,453.0,380.0,473.0,1327.0,856.0,62.0,26.0,382.0,1327.0,354.0,screener
JAYBARMARU,Mar 2023,2023-03-31,annual,22.0,486.0,336.0,456.0,1299.0,881.0,23.0,27.0,368.0,1299.0,309.0,screener
JAYBARMARU,Mar 2024,2024-03-31,annual,22.0,517.0,440.0,577.0,1556.0,906.0,162.0,34.0,453.0,1556.0,406.0,screener
JAYBARMARU,Mar 2025,2025-03-31,annual,22.0,541.0,540.0,569.0,1672.0,922.0,308.0,38.0,404.0,1672.0,502.0,screener
JAYBARMARU,Mar 2026,2026-03-31,annual,22.0,674.0,531.0,604.0,1831.0,1173.0,110.0,41.0,507.0,1831.0,490.0,screener
JAYKAY,Mar 2022,2022-03-31,annual,5.0,113.0,6.0,9.0,132.0,10.0,7.0,54.0,60.0,132.0,-48.0,screener
JAYKAY,Mar 2023,2023-03-31,annual,5.0,141.0,26.0,33.0,205.0,31.0,1.0,62.0,112.0,205.0,-36.0,screener
JAYKAY,Mar 2024,2024-03-31,annual,6.0,173.0,63.0,56.0,298.0,98.0,7.0,59.0,135.0,298.0,4.0,screener
JAYKAY,Mar 2025,2025-03-31,annual,12.0,447.0,37.0,111.0,607.0,105.0,28.0,82.0,393.0,607.0,-45.0,screener
JAYKAY,Mar 2026,2026-03-31,annual,13.0,677.0,39.0,105.0,834.0,99.0,55.0,313.0,366.0,834.0,-274.0,screener
JAYNECOIND,Mar 2012,2012-03-31,annual,360.0,868.0,1716.0,664.0,3608.0,1166.0,635.0,0.0,1808.0,3608.0,1716.0,screener
JAYNECOIND,Mar 2013,2013-03-31,annual,497.0,1308.0,2422.0,701.0,4929.0,1268.0,1062.0,1.0,2597.0,4929.0,2421.0,screener
JAYNECOIND,Mar 2014,2014-03-31,annual,599.0,1523.0,3679.0,779.0,6580.0,1481.0,2058.0,1.0,3040.0,6580.0,3678.0,screener
JAYNECOIND,Mar 2015,2015-03-31,annual,639.0,1576.0,4055.0,958.0,7228.0,1410.0,3163.0,1.0,2654.0,7228.0,4054.0,screener
JAYNECOIND,Mar 2016,2016-03-31,annual,639.0,1482.0,4114.0,863.0,7098.0,2207.0,2852.0,1.0,2038.0,7098.0,4113.0,screener
JBCHEPHARM,Mar 2022,2022-03-31,annual,15.0,2119.0,55.0,412.0,2601.0,1277.0,19.0,13.0,1293.0,2601.0,42.0,screener
JBCHEPHARM,Mar 2023,2023-03-31,annual,15.0,2465.0,572.0,495.0,3547.0,1901.0,55.0,206.0,1385.0,3547.0,366.0,screener
JBCHEPHARM,Mar 2024,2024-03-31,annual,16.0,2908.0,378.0,687.0,3988.0,2004.0,76.0,388.0,1519.0,3988.0,-10.0,screener
JBCHEPHARM,Mar 2025,2025-03-31,annual,16.0,3418.0,28.0,804.0,4265.0,1968.0,63.0,345.0,1889.0,4265.0,-317.0,screener
JBCHEPHARM,Mar 2026,2026-03-31,annual,16.0,4143.0,4.0,799.0,4962.0,1885.0,74.0,765.0,2237.0,4962.0,-761.0,screener
JBMA,Mar 2022,2022-03-31,annual,24.0,873.0,1388.0,944.0,3229.0,1213.0,180.0,49.0,1788.0,3229.0,1339.0,screener
JBMA,Mar 2023,2023-03-31,annual,24.0,1006.0,1703.0,807.0,3540.0,1540.0,268.0,74.0,1657.0,3540.0,1629.0,screener
JBMA,Mar 2024,2024-03-31,annual,24.0,1144.0,2127.0,1570.0,4865.0,1729.0,131.0,79.0,2926.0,4865.0,2048.0,screener
JBMA,Mar 2025,2025-03-31,annual,24.0,1327.0,2630.0,1869.0,5850.0,1720.0,73.0,94.0,3962.0,5850.0,2536.0,screener
JBMA,Mar 2026,2026-03-31,annual,24.0,1515.0,3029.0,2802.0,7370.0,1620.0,158.0,409.0,5183.0,7370.0,2620.0,screener
JGCHEM,Mar 2022,2022-03-31,annual,1.0,151.0,94.0,18.0,264.0,22.0,7.0,8.0,226.0,264.0,86.0,screener
JGCHEM,Mar 2023,2023-03-31,annual,32.0,176.0,70.0,20.0,298.0,35.0,1.0,3.0,259.0,298.0,67.0,screener
JGCHEM,Mar 2024,2024-03-31,annual,39.0,359.0,14.0,37.0,449.0,42.0,0.0,43.0,364.0,449.0,-29.0,screener
JGCHEM,Mar 2025,2025-03-31,annual,39.0,426.0,0.0,33.0,498.0,39.0,1.0,51.0,407.0,498.0,-51.0,screener
JGCHEM,Mar 2026,2026-03-31,annual,39.0,489.0,6.0,34.0,569.0,67.0,8.0,136.0,358.0,569.0,-130.0,screener
JINDALPOLY,Mar 2022,2022-03-31,annual,44.0,3789.0,1206.0,1535.0,6574.0,2636.0,77.0,1318.0,2543.0,6574.0,-112.0,screener
JINDALPOLY,Mar 2023,2023-03-31,annual,44.0,4164.0,4085.0,1247.0,9539.0,3050.0,92.0,3640.0,2757.0,9539.0,445.0,screener
JINDALPOLY,Mar 2024,2024-03-31,annual,44.0,3951.0,4468.0,1938.0,10401.0,3223.0,203.0,3894.0,3080.0,10401.0,574.0,screener
JINDALPOLY,Mar 2025,2025-03-31,annual,44.0,4074.0,4420.0,2251.0,10789.0,3132.0,302.0,4093.0,3262.0,10789.0,327.0,screener
JINDALPOLY,Sep 2025,2025-09-30,annual,24.0,4059.0,3444.0,2966.0,10492.0,2357.0,336.0,3559.0,4242.0,10492.0,-115.0,screener
JINDALSAW,Mar 2022,2022-03-31,annual,64.0,7300.0,6031.0,3048.0,16443.0,7357.0,293.0,224.0,8570.0,16443.0,5807.0,screener
JINDALSAW,Mar 2023,2023-03-31,annual,64.0,7857.0,4961.0,5001.0,17883.0,7484.0,300.0,175.0,9924.0,17883.0,4786.0,screener
JINDALSAW,Mar 2024,2024-03-31,annual,64.0,10029.0,5761.0,4824.0,20679.0,8853.0,632.0,178.0,11016.0,20679.0,5583.0,screener
JINDALSAW,Mar 2025,2025-03-31,annual,64.0,11347.0,4859.0,4395.0,20665.0,9341.0,641.0,168.0,10516.0,20665.0,4691.0,screener
JINDALSAW,Mar 2026,2026-03-31,annual,64.0,12510.0,4691.0,4307.0,21572.0,10409.0,453.0,105.0,10606.0,21572.0,4586.0,screener
JINDALSTEL,Mar 2022,2022-03-31,annual,101.0,35524.0,13502.0,27517.0,76644.0,45488.0,2538.0,470.0,28147.0,76644.0,13032.0,screener
JINDALSTEL,Mar 2023,2023-03-31,annual,100.0,38606.0,13046.0,17674.0,69427.0,43542.0,7870.0,907.0,17108.0,69427.0,12139.0,screener
JINDALSTEL,Mar 2024,2024-03-31,annual,100.0,44216.0,16472.0,17888.0,78676.0,48384.0,9611.0,819.0,19862.0,78676.0,15653.0,screener
JINDALSTEL,Mar 2025,2025-03-31,annual,101.0,47084.0,18406.0,20175.0,85766.0,48989.0,16725.0,2201.0,17851.0,85766.0,16205.0,screener
JINDALSTEL,Mar 2026,2026-03-31,annual,102.0,50797.0,22610.0,24253.0,97762.0,65209.0,7265.0,3168.0,22120.0,97762.0,19442.0,screener
JINDRILL,Mar 2022,2022-03-31,annual,14.0,1180.0,220.0,276.0,1691.0,651.0,0.0,447.0,593.0,1691.0,-227.0,screener
JINDRILL,Mar 2023,2023-03-31,annual,14.0,1295.0,207.0,338.0,1854.0,602.0,0.0,495.0,757.0,1854.0,-288.0,screener
JINDRILL,Mar 2024,2024-03-31,annual,14.0,1348.0,294.0,384.0,2041.0,551.0,0.0,444.0,1045.0,2041.0,-150.0,screener
JINDRILL,Mar 2025,2025-03-31,annual,14.0,1574.0,164.0,1028.0,2780.0,1294.0,0.0,606.0,880.0,2780.0,-442.0,screener
JINDRILL,Mar 2026,2026-03-31,annual,14.0,1806.0,93.0,644.0,2557.0,1185.0,7.0,220.0,1146.0,2557.0,-127.0,screener
JIOFIN,Mar 2023,2023-03-31,annual,2.0,114118.0,743.0,66.0,114930.0,158.0,38.0,108141.0,6593.0,114930.0,-107398.0,screener
JIOFIN,Mar 2024,2024-03-31,annual,6353.0,132794.0,0.0,5715.0,144863.0,172.0,3.0,133292.0,11395.0,144863.0,-133292.0,screener
JIOFIN,Mar 2025,2025-03-31,annual,6353.0,117143.0,3970.0,6033.0,133500.0,180.0,14.0,118910.0,14395.0,133500.0,-114940.0,screener
JIOFIN,Mar 2026,2026-03-31,annual,6353.0,127500.0,21768.0,7845.0,163467.0,326.0,105.0,133089.0,29947.0,163467.0,-111321.0,screener
JKCEMENT,Mar 2022,2022-03-31,annual,77.0,4248.0,4115.0,2963.0,11403.0,6544.0,1032.0,216.0,3612.0,11403.0,3899.0,screener
JKCEMENT,Mar 2023,2023-03-31,annual,77.0,4607.0,5292.0,3331.0,13307.0,8467.0,592.0,92.0,4155.0,13307.0,5200.0,screener
JKCEMENT,Mar 2024,2024-03-31,annual,77.0,5290.0,5552.0,3883.0,14802.0,9298.0,464.0,377.0,4662.0,14802.0,5175.0,screener
JKCEMENT,Mar 2025,2025-03-31,annual,77.0,6012.0,6028.0,4564.0,16682.0,9519.0,1317.0,601.0,5244.0,16682.0,5427.0,screener
JKCEMENT,Mar 2026,2026-03-31,annual,77.0,6960.0,6183.0,5280.0,18500.0,11586.0,1055.0,447.0,5412.0,18500.0,5736.0,screener
JKIL,Mar 2017,2017-03-31,annual,38.0,1351.0,437.0,943.0,2769.0,511.0,71.0,17.0,2169.0,2769.0,420.0,screener
JKIL,Mar 2023,2023-03-31,annual,38.0,2302.0,547.0,1469.0,4356.0,925.0,107.0,1.0,3323.0,4356.0,546.0,screener
JKIL,Mar 2024,2024-03-31,annual,38.0,2606.0,593.0,1473.0,4710.0,971.0,111.0,4.0,3625.0,4710.0,589.0,screener
JKIL,Mar 2025,2025-03-31,annual,38.0,2970.0,704.0,1953.0,5665.0,1184.0,98.0,5.0,4378.0,5665.0,699.0,screener
JKIL,Mar 2026,2026-03-31,annual,38.0,3331.0,621.0,2207.0,6197.0,1270.0,295.0,318.0,4313.0,6197.0,303.0,screener
JKLAKSHMI,Mar 2022,2022-03-31,annual,59.0,2446.0,1887.0,1534.0,5926.0,3536.0,251.0,652.0,1487.0,5926.0,1235.0,screener
JKLAKSHMI,Mar 2023,2023-03-31,annual,59.0,2745.0,1880.0,1857.0,6541.0,3527.0,890.0,527.0,1597.0,6541.0,1353.0,screener
JKLAKSHMI,Mar 2024,2024-03-31,annual,59.0,3226.0,2084.0,2209.0,7578.0,5076.0,383.0,407.0,1712.0,7578.0,1677.0,screener
JKLAKSHMI,Mar 2025,2025-03-31,annual,59.0,3495.0,2614.0,2277.0,8445.0,5554.0,278.0,633.0,1979.0,8445.0,1981.0,screener
JKLAKSHMI,Mar 2026,2026-03-31,annual,62.0,3824.0,2586.0,2077.0,8548.0,5361.0,277.0,746.0,2164.0,8548.0,1840.0,screener
JKPAPER,Mar 2022,2022-03-31,annual,169.0,2827.0,3137.0,1492.0,7625.0,5280.0,46.0,724.0,1574.0,7625.0,2413.0,screener
JKPAPER,Mar 2023,2023-03-31,annual,169.0,3865.0,2803.0,2083.0,8920.0,5756.0,124.0,931.0,2110.0,8920.0,1872.0,screener
JKPAPER,Mar 2024,2024-03-31,annual,169.0,4900.0,2204.0,2053.0,9326.0,5846.0,66.0,1158.0,2256.0,9326.0,1046.0,screener
JKPAPER,Mar 2025,2025-03-31,annual,169.0,5238.0,1885.0,2249.0,9542.0,6257.0,99.0,610.0,2576.0,9542.0,1275.0,screener
JKPAPER,Mar 2026,2026-03-31,annual,181.0,5339.0,2578.0,2440.0,10538.0,6512.0,420.0,537.0,3069.0,10538.0,2041.0,screener
JKTYRE,Mar 2022,2022-03-31,annual,49.0,2799.0,5220.0,4092.0,12161.0,6429.0,106.0,133.0,5493.0,12161.0,5087.0,screener
JKTYRE,Mar 2023,2023-03-31,annual,49.0,3347.0,4882.0,4061.0,12339.0,6467.0,195.0,144.0,5533.0,12339.0,4738.0,screener
JKTYRE,Mar 2024,2024-03-31,annual,52.0,4435.0,4609.0,4915.0,14012.0,6829.0,367.0,138.0,6677.0,14012.0,4471.0,screener
JKTYRE,Mar 2025,2025-03-31,annual,55.0,4929.0,4911.0,4539.0,14435.0,6752.0,418.0,123.0,7142.0,14435.0,4788.0,screener
JKTYRE,Mar 2026,2026-03-31,annual,58.0,6003.0,4882.0,4971.0,15914.0,7183.0,1100.0,121.0,7510.0,15914.0,4761.0,screener
JLHL,Mar 2022,2022-03-31,annual,51.0,243.0,495.0,120.0,909.0,684.0,27.0,3.0,195.0,909.0,492.0,screener
JLHL,Mar 2023,2023-03-31,annual,57.0,309.0,469.0,151.0,986.0,720.0,29.0,2.0,235.0,986.0,467.0,screener
JLHL,Mar 2024,2024-03-31,annual,66.0,1103.0,0.0,112.0,1281.0,718.0,74.0,17.0,473.0,1281.0,-17.0,screener
JLHL,Mar 2025,2025-03-31,annual,66.0,1291.0,393.0,168.0,1917.0,978.0,185.0,507.0,247.0,1917.0,-114.0,screener
JLHL,Mar 2026,2026-03-31,annual,66.0,1479.0,584.0,235.0,2363.0,1384.0,129.0,486.0,364.0,2363.0,98.0,screener
JMFINANCIL,Mar 2022,2022-03-31,annual,95.0,7591.0,13498.0,4477.0,25661.0,414.0,3.0,3639.0,21605.0,25661.0,9859.0,screener
JMFINANCIL,Mar 2023,2023-03-31,annual,95.0,8041.0,15939.0,5137.0,29213.0,505.0,7.0,3584.0,25116.0,29213.0,12355.0,screener
JMFINANCIL,Mar 2024,2024-03-31,annual,96.0,8395.0,16228.0,4874.0,29592.0,572.0,4.0,4724.0,24292.0,29592.0,11504.0,screener
JMFINANCIL,Mar 2025,2025-03-31,annual,96.0,9632.0,11507.0,3112.0,24347.0,579.0,10.0,5464.0,18294.0,24347.0,6043.0,screener
JMFINANCIL,Mar 2026,2026-03-31,annual,96.0,10562.0,11635.0,4245.0,26537.0,625.0,160.0,6209.0,19543.0,26537.0,5426.0,screener
JNKINDIA,Mar 2022,2022-03-31,annual,10.0,63.0,15.0,181.0,268.0,20.0,0.0,11.0,237.0,268.0,4.0,screener
JNKINDIA,Mar 2023,2023-03-31,annual,10.0,113.0,44.0,172.0,338.0,21.0,0.0,0.0,317.0,338.0,44.0,screener
JNKINDIA,Mar 2024,2024-03-31,annual,10.0,186.0,66.0,267.0,528.0,23.0,3.0,0.0,501.0,528.0,66.0,screener
JNKINDIA,Mar 2025,2025-03-31,annual,11.0,493.0,19.0,266.0,789.0,29.0,6.0,0.0,755.0,789.0,19.0,screener
JNKINDIA,Mar 2026,2026-03-31,annual,11.0,556.0,91.0,403.0,1062.0,48.0,8.0,14.0,991.0,1062.0,77.0,screener
JSL,Mar 2022,2022-03-31,annual,105.0,9718.0,4007.0,8746.0,22576.0,8646.0,525.0,626.0,12779.0,22576.0,3381.0,screener
JSL,Mar 2023,2023-03-31,annual,165.0,11766.0,3958.0,11226.0,27115.0,9961.0,773.0,970.0,15411.0,27115.0,2988.0,screener
JSL,Mar 2024,2024-03-31,annual,165.0,14193.0,6052.0,10355.0,30765.0,13254.0,1112.0,1246.0,15152.0,30765.0,4806.0,screener
JSL,Mar 2025,2025-03-31,annual,165.0,16523.0,6402.0,12827.0,35917.0,14800.0,1783.0,1646.0,17688.0,35917.0,4756.0,screener
JSL,Mar 2026,2026-03-31,annual,165.0,19626.0,7460.0,13189.0,40441.0,18217.0,1806.0,1547.0,18871.0,40441.0,5913.0,screener
JSLL,Mar 2022,2022-03-31,annual,10.0,26.0,7.0,18.0,62.0,29.0,5.0,0.0,28.0,62.0,7.0,screener
JSLL,Mar 2023,2023-03-31,annual,14.0,112.0,1.0,24.0,151.0,60.0,1.0,5.0,86.0,151.0,-4.0,screener
JSLL,Mar 2025,2025-03-31,annual,25.0,231.0,117.0,46.0,419.0,255.0,11.0,4.0,149.0,419.0,113.0,screener
JSLL,Mar 2026,2026-03-31,annual,25.0,442.0,127.0,80.0,674.0,294.0,2.0,110.0,269.0,674.0,17.0,screener
JSWCEMENT,Mar 2022,2022-03-31,annual,986.0,1144.0,4622.0,2468.0,9221.0,4573.0,876.0,484.0,3288.0,9221.0,4138.0,screener
JSWCEMENT,Mar 2023,2023-03-31,annual,986.0,1306.0,5641.0,2203.0,10136.0,4645.0,1591.0,714.0,3186.0,10136.0,4927.0,screener
JSWCEMENT,Mar 2024,2024-03-31,annual,986.0,1478.0,6254.0,2498.0,11216.0,6189.0,770.0,759.0,3498.0,11216.0,5495.0,screener
JSWCEMENT,Mar 2025,2025-03-31,annual,986.0,1366.0,6563.0,2966.0,11881.0,6785.0,1038.0,345.0,3714.0,11881.0,6218.0,screener
JSWCEMENT,Mar 2026,2026-03-31,annual,1341.0,5209.0,4464.0,3370.0,14385.0,8480.0,976.0,290.0,4639.0,14385.0,4174.0,screener
JSWENERGY,Mar 2022,2022-03-31,annual,1640.0,15775.0,8943.0,4157.0,30514.0,14831.0,2091.0,6623.0,6970.0,30514.0,2320.0,screener
JSWENERGY,Mar 2023,2023-03-31,annual,1641.0,16988.0,25051.0,4737.0,48417.0,25020.0,4788.0,6033.0,12576.0,48417.0,19018.0,screener
JSWENERGY,Mar 2024,2024-03-31,annual,1641.0,19191.0,31573.0,5362.0,57767.0,28946.0,10285.0,7035.0,11501.0,57767.0,24538.0,screener
JSWENERGY,Mar 2025,2025-03-31,annual,1745.0,25616.0,50185.0,11909.0,89455.0,54155.0,10281.0,9755.0,15264.0,89455.0,40430.0,screener
JSWENERGY,Mar 2026,2026-03-31,annual,1756.0,28995.0,76946.0,16110.0,123807.0,74523.0,17465.0,11379.0,20441.0,123807.0,65567.0,screener
JSWINFRA,Mar 2022,2022-03-31,annual,60.0,3212.0,4740.0,1165.0,9177.0,6134.0,80.0,283.0,2681.0,9177.0,4457.0,screener
JSWINFRA,Mar 2023,2023-03-31,annual,360.0,3635.0,4568.0,750.0,9312.0,5975.0,46.0,307.0,2985.0,9312.0,4261.0,screener
JSWINFRA,Mar 2024,2024-03-31,annual,410.0,7616.0,4758.0,909.0,13694.0,7757.0,132.0,244.0,5560.0,13694.0,4514.0,screener
JSWINFRA,Mar 2025,2025-03-31,annual,415.0,9282.0,5042.0,2068.0,16807.0,9523.0,2020.0,183.0,5081.0,16807.0,4859.0,screener
JSWINFRA,Mar 2026,2026-03-31,annual,417.0,10460.0,6899.0,2439.0,20215.0,10527.0,3188.0,25.0,6474.0,20215.0,6874.0,screener
JSWSTEEL,Mar 2022,2022-03-31,annual,301.0,66996.0,72237.0,56951.0,196485.0,99880.0,16905.0,4940.0,74760.0,196485.0,67297.0,screener
JSWSTEEL,Mar 2023,2023-03-31,annual,301.0,65394.0,80853.0,63991.0,210539.0,104452.0,22166.0,4806.0,79115.0,210539.0,76047.0,screener
JSWSTEEL,Mar 2024,2024-03-31,annual,305.0,77364.0,87984.0,62245.0,227898.0,112461.0,29676.0,7246.0,78515.0,227898.0,80738.0,screener
JSWSTEEL,Mar 2025,2025-03-31,annual,305.0,79191.0,98752.0,62197.0,240445.0,124466.0,21007.0,15217.0,79755.0,240445.0,83535.0,screener
JSWSTEEL,Mar 2026,2026-03-31,annual,305.0,99748.0,99310.0,70295.0,269658.0,117129.0,22315.0,10218.0,119996.0,269658.0,89092.0,screener
JTEKTINDIA,Mar 2020,2020-03-31,annual,24.0,571.0,78.0,217.0,890.0,487.0,3.0,0.0,401.0,890.0,78.0,screener
JTEKTINDIA,Mar 2021,2021-03-31,annual,24.0,574.0,49.0,286.0,933.0,425.0,10.0,0.0,498.0,933.0,49.0,screener
JTEKTINDIA,Mar 2022,2022-03-31,annual,24.0,607.0,71.0,297.0,1000.0,399.0,97.0,0.0,505.0,1000.0,71.0,screener
JTEKTINDIA,Mar 2023,2023-03-31,annual,24.0,678.0,62.0,315.0,1080.0,481.0,25.0,0.0,574.0,1080.0,62.0,screener
JTEKTINDIA,Sep 2023,2023-09-30,annual,24.0,710.0,69.0,374.0,1177.0,499.0,42.0,0.0,636.0,1177.0,69.0,screener
JUBLCPL,Mar 2024,2024-03-31,annual,15.0,220.0,163.0,346.0,745.0,171.0,5.0,0.0,569.0,745.0,163.0,screener
JUBLCPL,Mar 2025,2025-03-31,annual,15.0,310.0,77.0,332.0,735.0,180.0,21.0,0.0,534.0,735.0,77.0,screener
JUBLCPL,Mar 2026,2026-03-31,annual,15.0,445.0,51.0,424.0,935.0,201.0,27.0,0.0,707.0,935.0,51.0,screener
JUBLFOOD,Mar 2022,2022-03-31,annual,132.0,1813.0,2106.0,731.0,4782.0,2737.0,47.0,927.0,1072.0,4782.0,1179.0,screener
JUBLFOOD,Mar 2023,2023-03-31,annual,132.0,1906.0,2554.0,791.0,5382.0,3488.0,184.0,822.0,888.0,5382.0,1732.0,screener
JUBLFOOD,Mar 2024,2024-03-31,annual,132.0,2039.0,4207.0,1660.0,8038.0,6184.0,118.0,308.0,1428.0,8038.0,3899.0,screener
JUBLFOOD,Mar 2025,2025-03-31,annual,132.0,1971.0,4372.0,1929.0,8404.0,6434.0,255.0,176.0,1538.0,8404.0,4196.0,screener
JUBLFOOD,Mar 2026,2026-03-31,annual,132.0,2160.0,4902.0,2172.0,9367.0,7353.0,160.0,199.0,1654.0,9367.0,4703.0,screener
JUBLINGREA,Mar 2022,2022-03-31,annual,16.0,2417.0,238.0,1111.0,3782.0,1798.0,174.0,6.0,1804.0,3782.0,232.0,screener
JUBLINGREA,Mar 2023,2023-03-31,annual,16.0,2650.0,407.0,1176.0,4249.0,1846.0,525.0,8.0,1870.0,4249.0,399.0,screener
JUBLINGREA,Mar 2024,2024-03-31,annual,16.0,2722.0,740.0,1241.0,4719.0,2539.0,331.0,15.0,1834.0,4719.0,725.0,screener
JUBLINGREA,Mar 2025,2025-03-31,annual,16.0,2911.0,764.0,1324.0,5015.0,2581.0,525.0,37.0,1872.0,5015.0,727.0,screener
JUBLINGREA,Mar 2026,2026-03-31,annual,16.0,3110.0,792.0,1551.0,5470.0,3183.0,154.0,33.0,2099.0,5470.0,759.0,screener
JUBLPHARMA,Mar 2022,2022-03-31,annual,16.0,5303.0,3192.0,1319.0,9830.0,4871.0,1090.0,239.0,3631.0,9830.0,2953.0,screener
JUBLPHARMA,Mar 2023,2023-03-31,annual,16.0,5383.0,3677.0,1853.0,10929.0,5183.0,1562.0,256.0,3928.0,10929.0,3421.0,screener
JUBLPHARMA,Mar 2024,2024-03-31,annual,16.0,5418.0,3664.0,2240.0,11338.0,5091.0,2103.0,42.0,4101.0,11338.0,3622.0,screener
JUBLPHARMA,Mar 2025,2025-03-31,annual,16.0,6239.0,2731.0,3598.0,12584.0,5176.0,3630.0,44.0,3735.0,12584.0,2687.0,screener
JUBLPHARMA,Mar 2026,2026-03-31,annual,16.0,7077.0,3615.0,4815.0,15523.0,8044.0,2962.0,61.0,4455.0,15523.0,3554.0,screener
JUNIPER,Mar 2022,2022-03-31,annual,144.0,213.0,2504.0,205.0,3066.0,2830.0,44.0,1.0,191.0,3066.0,2503.0,screener
JUNIPER,Mar 2023,2023-03-31,annual,144.0,211.0,2444.0,217.0,3016.0,2739.0,49.0,2.0,226.0,3016.0,2442.0,screener
JUNIPER,Mar 2024,2024-03-31,annual,222.0,2433.0,1332.0,287.0,4274.0,3467.0,54.0,1.0,751.0,4274.0,1331.0,screener
JUNIPER,Mar 2025,2025-03-31,annual,222.0,2504.0,1457.0,209.0,4393.0,3633.0,256.0,2.0,502.0,4393.0,1455.0,screener
JUNIPER,Mar 2026,2026-03-31,annual,222.0,2646.0,1194.0,230.0,4292.0,3584.0,344.0,74.0,290.0,4292.0,1120.0,screener
JUSTDIAL,Mar 2020,2020-03-31,annual,65.0,1223.0,76.0,468.0,1832.0,172.0,0.0,1552.0,108.0,1832.0,-1476.0,screener
JUSTDIAL,Mar 2021,2021-03-31,annual,62.0,1202.0,63.0,459.0,1786.0,138.0,0.0,1511.0,137.0,1786.0,-1448.0,screener
JUSTDIAL,Mar 2022,2022-03-31,annual,84.0,3403.0,55.0,491.0,4033.0,134.0,0.0,3798.0,102.0,4033.0,-3743.0,screener
JUSTDIAL,Mar 2023,2023-03-31,annual,84.0,3583.0,68.0,601.0,4337.0,152.0,30.0,4051.0,103.0,4337.0,-3983.0,screener
JUSTDIAL,Mar 2024,2024-03-31,annual,85.0,3938.0,85.0,752.0,4861.0,147.0,0.0,4608.0,107.0,4861.0,-4523.0,screener
JWL,Mar 2022,2022-03-31,annual,387.0,295.0,139.0,250.0,1072.0,428.0,22.0,8.0,615.0,1072.0,131.0,screener
JWL,Mar 2023,2023-03-31,annual,387.0,416.0,288.0,543.0,1634.0,464.0,27.0,11.0,1131.0,1634.0,277.0,screener
JWL,Mar 2024,2024-03-31,annual,412.0,1204.0,349.0,975.0,2940.0,831.0,54.0,93.0,1962.0,2940.0,256.0,screener
JWL,Mar 2025,2025-03-31,annual,424.0,2330.0,502.0,743.0,3999.0,972.0,66.0,164.0,2797.0,3999.0,338.0,screener
JWL,Mar 2026,2026-03-31,annual,427.0,2551.0,996.0,738.0,4712.0,1119.0,266.0,236.0,3092.0,4712.0,760.0,screener
JYOTHYLAB,Mar 2021,2021-03-31,annual,37.0,1392.0,117.0,410.0,1956.0,1147.0,10.0,0.0,799.0,1956.0,117.0,screener
JYOTHYLAB,Mar 2022,2022-03-31,annual,37.0,1407.0,171.0,408.0,2023.0,1122.0,8.0,0.0,893.0,2023.0,171.0,screener
JYOTHYLAB,Mar 2023,2023-03-31,annual,37.0,1512.0,47.0,466.0,2062.0,1116.0,15.0,0.0,930.0,2062.0,47.0,screener
JYOTHYLAB,Mar 2024,2024-03-31,annual,37.0,1772.0,51.0,542.0,2401.0,1125.0,13.0,192.0,1071.0,2401.0,-141.0,screener
JYOTHYLAB,Mar 2025,2025-03-31,annual,37.0,2013.0,61.0,580.0,2691.0,1141.0,22.0,456.0,1071.0,2691.0,-395.0,screener
JYOTICNC,Mar 2022,2022-03-31,annual,29.0,12.0,792.0,453.0,1286.0,292.0,5.0,2.0,986.0,1286.0,790.0,screener
JYOTICNC,Mar 2023,2023-03-31,annual,33.0,49.0,835.0,598.0,1515.0,283.0,15.0,3.0,1214.0,1515.0,832.0,screener
JYOTICNC,Mar 2024,2024-03-31,annual,45.0,1319.0,304.0,510.0,2178.0,322.0,58.0,4.0,1795.0,2178.0,300.0,screener
JYOTICNC,Mar 2025,2025-03-31,annual,45.0,1641.0,497.0,609.0,2792.0,469.0,184.0,0.0,2139.0,2792.0,497.0,screener
JYOTICNC,Mar 2026,2026-03-31,annual,45.0,1956.0,853.0,761.0,3615.0,746.0,89.0,16.0,2764.0,3615.0,837.0,screener
KABRAEXTRU,Mar 2022,2022-03-31,annual,16.0,313.0,58.0,181.0,569.0,157.0,0.0,55.0,356.0,569.0,3.0,screener
KABRAEXTRU,Mar 2023,2023-03-31,annual,17.0,367.0,74.0,177.0,635.0,169.0,7.0,43.0,415.0,635.0,31.0,screener
KABRAEXTRU,Mar 2024,2024-03-31,annual,17.0,434.0,86.0,179.0,716.0,185.0,24.0,72.0,435.0,716.0,14.0,screener
KABRAEXTRU,Mar 2025,2025-03-31,annual,17.0,445.0,128.0,196.0,787.0,204.0,50.0,80.0,453.0,787.0,48.0,screener
KABRAEXTRU,Mar 2026,2026-03-31,annual,17.0,424.0,145.0,181.0,767.0,246.0,12.0,40.0,469.0,767.0,105.0,screener
KAJARIACER,Mar 2022,2022-03-31,annual,16.0,2106.0,165.0,699.0,2986.0,1150.0,263.0,0.0,1573.0,2986.0,165.0,screener
KAJARIACER,Mar 2023,2023-03-31,annual,16.0,2311.0,250.0,751.0,3328.0,1447.0,82.0,2.0,1798.0,3328.0,248.0,screener
KAJARIACER,Mar 2024,2024-03-31,annual,16.0,2601.0,239.0,684.0,3539.0,1638.0,68.0,18.0,1815.0,3539.0,221.0,screener
KAJARIACER,Mar 2025,2025-03-31,annual,16.0,2728.0,274.0,737.0,3755.0,1717.0,109.0,34.0,1895.0,3755.0,240.0,screener
KAJARIACER,Mar 2026,2026-03-31,annual,16.0,3050.0,229.0,735.0,4029.0,1675.0,119.0,39.0,2196.0,4029.0,190.0,screener
KALPATARU,Mar 2022,2022-03-31,annual,140.0,1294.0,10366.0,1616.0,13415.0,699.0,121.0,77.0,12519.0,13415.0,10289.0,screener
KALPATARU,Mar 2023,2023-03-31,annual,140.0,1076.0,9680.0,1639.0,12534.0,682.0,131.0,86.0,11636.0,12534.0,9594.0,screener
KALPATARU,Mar 2024,2024-03-31,annual,140.0,880.0,10688.0,2163.0,13871.0,639.0,146.0,93.0,12993.0,13871.0,10595.0,screener
KALPATARU,Mar 2025,2025-03-31,annual,167.0,2314.0,10172.0,3722.0,16375.0,767.0,105.0,116.0,15387.0,16375.0,10056.0,screener
KALPATARU,Mar 2026,2026-03-31,annual,206.0,3911.0,9168.0,4398.0,17682.0,702.0,109.0,187.0,16685.0,17682.0,8981.0,screener
KALYANI,Mar 2018,2018-03-31,annual,1.0,6.0,174.0,13.0,194.0,9.0,4.0,0.0,180.0,194.0,174.0,screener
KALYANI,Mar 2019,2019-03-31,annual,1.0,7.0,158.0,30.0,197.0,13.0,0.0,0.0,183.0,197.0,158.0,screener
KALYANI,Mar 2020,2020-03-31,annual,1.0,8.0,21.0,4.0,34.0,6.0,0.0,4.0,24.0,34.0,17.0,screener
KALYANI,Mar 2021,2021-03-31,annual,1.0,10.0,32.0,52.0,95.0,4.0,0.0,6.0,85.0,95.0,26.0,screener
KALYANI,Mar 2022,2022-03-31,annual,1.0,12.0,23.0,35.0,71.0,4.0,0.0,3.0,64.0,71.0,20.0,screener
KALYANKJIL,Mar 2022,2022-03-31,annual,1030.0,2107.0,4029.0,1779.0,8945.0,1921.0,2.0,1.0,7021.0,8945.0,4028.0,screener
KALYANKJIL,Mar 2023,2023-03-31,annual,1030.0,2605.0,4295.0,2783.0,10713.0,1903.0,20.0,4.0,8785.0,10713.0,4291.0,screener
KALYANKJIL,Mar 2024,2024-03-31,annual,1030.0,3159.0,4495.0,4134.0,12818.0,2299.0,49.0,4.0,10465.0,12818.0,4491.0,screener
KALYANKJIL,Mar 2025,2025-03-31,annual,1031.0,3772.0,4959.0,5363.0,15126.0,2846.0,8.0,5.0,12267.0,15126.0,4954.0,screener
KALYANKJIL,Mar 2026,2026-03-31,annual,1033.0,5276.0,6117.0,8291.0,20717.0,3312.0,18.0,6.0,17382.0,20717.0,6111.0,screener
KAMATHOTEL,Mar 2022,2022-03-31,annual,24.0,-205.0,460.0,188.0,467.0,348.0,1.0,0.0,117.0,467.0,460.0,screener
KAMATHOTEL,Mar 2023,2023-03-31,annual,25.0,129.0,346.0,109.0,609.0,363.0,2.0,3.0,241.0,609.0,343.0,screener
KAMATHOTEL,Mar 2024,2024-03-31,annual,26.0,179.0,265.0,144.0,615.0,394.0,4.0,4.0,214.0,615.0,261.0,screener
KAMATHOTEL,Mar 2025,2025-03-31,annual,30.0,248.0,204.0,107.0,589.0,402.0,8.0,4.0,175.0,589.0,200.0,screener
KAMATHOTEL,Mar 2026,2026-03-31,annual,30.0,286.0,233.0,131.0,680.0,479.0,5.0,0.0,197.0,680.0,233.0,screener
KANPRPLA,Mar 2022,2022-03-31,annual,21.0,158.0,183.0,59.0,420.0,214.0,2.0,3.0,201.0,420.0,180.0,screener
KANPRPLA,Mar 2023,2023-03-31,annual,21.0,159.0,166.0,61.0,407.0,208.0,36.0,3.0,159.0,407.0,163.0,screener
KANPRPLA,Mar 2024,2024-03-31,annual,21.0,159.0,224.0,72.0,476.0,278.0,2.0,3.0,193.0,476.0,221.0,screener
KANPRPLA,Mar 2025,2025-03-31,annual,22.0,183.0,145.0,137.0,488.0,208.0,1.0,3.0,276.0,488.0,142.0,screener
KANPRPLA,Mar 2026,2026-03-31,annual,24.0,244.0,112.0,89.0,470.0,207.0,9.0,5.0,250.0,470.0,107.0,screener
KANSAINER,Mar 2022,2022-03-31,annual,54.0,4078.0,203.0,1374.0,5709.0,1996.0,225.0,211.0,3278.0,5709.0,-8.0,screener
KANSAINER,Mar 2023,2023-03-31,annual,54.0,4480.0,160.0,1613.0,6306.0,2108.0,113.0,501.0,3584.0,6306.0,-341.0,screener
KANSAINER,Mar 2024,2024-03-31,annual,81.0,5502.0,276.0,1551.0,7410.0,2182.0,153.0,1327.0,3748.0,7410.0,-1051.0,screener
KANSAINER,Mar 2025,2025-03-31,annual,81.0,6342.0,296.0,1497.0,8217.0,2246.0,226.0,1850.0,3895.0,8217.0,-1554.0,screener
KANSAINER,Mar 2026,2026-03-31,annual,81.0,6633.0,303.0,1695.0,8711.0,2404.0,175.0,2365.0,3767.0,8711.0,-2062.0,screener
KAPSTON,Mar 2024,2024-03-31,annual,10.0,61.0,102.0,33.0,207.0,18.0,0.0,0.0,189.0,207.0,102.0,screener
KAPSTON,Mar 2025,2025-03-31,annual,10.0,79.0,169.0,41.0,299.0,60.0,0.0,0.0,239.0,299.0,169.0,screener
KAPSTON,Mar 2026,2026-03-31,annual,15.0,101.0,184.0,48.0,349.0,64.0,0.0,0.0,285.0,349.0,184.0,screener
KARNIKA,Mar 2026,2026-03-31,annual,62.0,34.0,76.0,43.0,215.0,6.0,1.0,20.0,188.0,215.0,56.0,screener
KAYA,Mar 2022,2022-03-31,annual,13.0,-15.0,204.0,159.0,361.0,240.0,2.0,26.0,93.0,361.0,178.0,screener
KAYA,Mar 2023,2023-03-31,annual,13.0,-117.0,249.0,225.0,370.0,217.0,2.0,21.0,130.0,370.0,228.0,screener
KAYA,Mar 2024,2024-03-31,annual,13.0,-240.0,301.0,221.0,295.0,174.0,1.0,29.0,91.0,295.0,272.0,screener
KAYA,Mar 2025,2025-03-31,annual,13.0,-153.0,256.0,120.0,237.0,158.0,1.0,4.0,74.0,237.0,252.0,screener
KAYA,Mar 2026,2026-03-31,annual,15.0,-168.0,296.0,135.0,278.0,193.0,0.0,39.0,46.0,278.0,257.0,screener
KAYNES,Mar 2022,2022-03-31,annual,46.0,156.0,189.0,231.0,622.0,113.0,8.0,2.0,499.0,622.0,187.0,screener
KAYNES,Mar 2023,2023-03-31,annual,58.0,901.0,155.0,304.0,1418.0,132.0,29.0,3.0,1254.0,1418.0,152.0,screener
KAYNES,Mar 2024,2024-03-31,annual,64.0,2423.0,323.0,456.0,3265.0,319.0,105.0,132.0,2709.0,3265.0,191.0,screener
KAYNES,Mar 2025,2025-03-31,annual,64.0,2776.0,903.0,898.0,4641.0,845.0,391.0,132.0,3273.0,4641.0,771.0,screener
KAYNES,Mar 2026,2026-03-31,annual,67.0,4681.0,913.0,1233.0,6894.0,1732.0,372.0,257.0,4532.0,6894.0,656.0,screener
KCP,Mar 2022,2022-03-31,annual,13.0,1164.0,437.0,768.0,2382.0,1058.0,8.0,11.0,1304.0,2382.0,426.0,screener
KCP,Mar 2023,2023-03-31,annual,13.0,1212.0,558.0,835.0,2618.0,998.0,10.0,10.0,1599.0,2618.0,548.0,screener
KCP,Mar 2024,2024-03-31,annual,13.0,1397.0,480.0,938.0,2829.0,936.0,14.0,15.0,1863.0,2829.0,465.0,screener
KCP,Mar 2025,2025-03-31,annual,13.0,1520.0,542.0,1024.0,3099.0,905.0,169.0,12.0,2012.0,3099.0,530.0,screener
KCP,Mar 2026,2026-03-31,annual,13.0,1769.0,664.0,1136.0,3582.0,877.0,401.0,24.0,2280.0,3582.0,640.0,screener
KDDL,Mar 2022,2022-03-31,annual,13.0,240.0,265.0,217.0,734.0,267.0,2.0,2.0,463.0,734.0,263.0,screener
KDDL,Mar 2023,2023-03-31,annual,13.0,444.0,246.0,453.0,1156.0,305.0,13.0,3.0,835.0,1156.0,243.0,screener
KDDL,Mar 2024,2024-03-31,annual,13.0,721.0,250.0,652.0,1636.0,350.0,47.0,6.0,1234.0,1636.0,244.0,screener
KDDL,Mar 2025,2025-03-31,annual,12.0,903.0,453.0,722.0,2090.0,603.0,48.0,6.0,1433.0,2090.0,447.0,screener
KDDL,Mar 2026,2026-03-31,annual,12.0,1068.0,512.0,1163.0,2755.0,730.0,22.0,6.0,1997.0,2755.0,506.0,screener
KEC,Mar 2022,2022-03-31,annual,51.0,3569.0,3065.0,9613.0,16298.0,1538.0,2.0,13.0,14745.0,16298.0,3052.0,screener
KEC,Mar 2023,2023-03-31,annual,51.0,3720.0,3383.0,10117.0,17271.0,1583.0,11.0,0.0,15677.0,17271.0,3383.0,screener
KEC,Mar 2024,2024-03-31,annual,51.0,4044.0,3961.0,10975.0,19031.0,1628.0,14.0,0.0,17389.0,19031.0,3961.0,screener
KEC,Mar 2025,2025-03-31,annual,53.0,5294.0,3957.0,12859.0,22164.0,1647.0,39.0,0.0,20479.0,22164.0,3957.0,screener
KEC,Mar 2026,2026-03-31,annual,53.0,6106.0,5378.0,13596.0,25133.0,1773.0,114.0,0.0,23246.0,25133.0,5378.0,screener
KECL,Mar 2022,2022-03-31,annual,66.0,10.0,142.0,397.0,616.0,442.0,1.0,2.0,171.0,616.0,140.0,screener
KECL,Mar 2023,2023-03-31,annual,66.0,25.0,133.0,388.0,614.0,439.0,1.0,2.0,172.0,614.0,131.0,screener
KECL,Mar 2024,2024-03-31,annual,66.0,16.0,126.0,433.0,641.0,438.0,1.0,2.0,201.0,641.0,124.0,screener
KECL,Mar 2025,2025-03-31,annual,66.0,59.0,116.0,372.0,613.0,446.0,0.0,2.0,165.0,613.0,114.0,screener
KECL,Mar 2026,2026-03-31,annual,66.0,65.0,100.0,402.0,634.0,437.0,0.0,2.0,196.0,634.0,98.0,screener
KEI,Mar 2022,2022-03-31,annual,18.0,2118.0,355.0,1036.0,3527.0,531.0,17.0,2.0,2978.0,3527.0,353.0,screener
KEI,Mar 2023,2023-03-31,annual,18.0,2571.0,162.0,1019.0,3770.0,567.0,15.0,1.0,3187.0,3770.0,161.0,screener
KEI,Mar 2024,2024-03-31,annual,18.0,3130.0,166.0,1342.0,4656.0,770.0,121.0,2.0,3764.0,4656.0,164.0,screener
KEI,Mar 2025,2025-03-31,annual,19.0,5767.0,217.0,1232.0,7235.0,993.0,385.0,2.0,5854.0,7235.0,215.0,screener
KEI,Mar 2026,2026-03-31,annual,19.0,6646.0,253.0,2038.0,8956.0,1686.0,1002.0,2.0,6266.0,8956.0,251.0,screener
KELLTONTEC,Mar 2022,2022-03-31,annual,48.0,430.0,122.0,71.0,672.0,199.0,0.0,0.0,473.0,672.0,122.0,screener
KELLTONTEC,Mar 2023,2023-03-31,annual,48.0,325.0,162.0,61.0,596.0,64.0,0.0,0.0,533.0,596.0,162.0,screener
KELLTONTEC,Mar 2024,2024-03-31,annual,49.0,395.0,156.0,61.0,660.0,69.0,18.0,0.0,573.0,660.0,156.0,screener
KELLTONTEC,Mar 2025,2025-03-31,annual,49.0,487.0,183.0,70.0,789.0,63.0,32.0,0.0,694.0,789.0,183.0,screener
KELLTONTEC,Mar 2026,2026-03-31,annual,53.0,754.0,191.0,131.0,1129.0,116.0,165.0,0.0,848.0,1129.0,191.0,screener
KENNAMET,Jun 2019,2019-06-30,annual,22.0,501.0,10.0,233.0,766.0,184.0,67.0,0.0,515.0,766.0,10.0,screener
KENNAMET,Jun 2020,2020-06-30,annual,22.0,534.0,13.0,130.0,699.0,247.0,32.0,0.0,420.0,699.0,13.0,screener
KENNAMET,Jun 2021,2021-06-30,annual,22.0,564.0,0.0,192.0,777.0,225.0,52.0,0.0,500.0,777.0,0.0,screener
KENNAMET,Jun 2022,2022-06-30,annual,22.0,624.0,0.0,184.0,830.0,215.0,77.0,0.0,538.0,830.0,0.0,screener
KERNEX,Mar 2022,2022-03-31,annual,12.0,36.0,18.0,14.0,80.0,25.0,0.0,0.0,55.0,80.0,18.0,screener
KERNEX,Mar 2023,2023-03-31,annual,15.0,67.0,11.0,11.0,104.0,24.0,3.0,0.0,78.0,104.0,11.0,screener
KERNEX,Mar 2024,2024-03-31,annual,17.0,90.0,28.0,27.0,161.0,24.0,2.0,0.0,135.0,161.0,28.0,screener
KERNEX,Mar 2025,2025-03-31,annual,17.0,141.0,40.0,42.0,240.0,25.0,7.0,0.0,208.0,240.0,40.0,screener
KERNEX,Mar 2026,2026-03-31,annual,17.0,231.0,162.0,509.0,919.0,34.0,0.0,0.0,885.0,919.0,162.0,screener
KFINTECH,Mar 2022,2022-03-31,annual,168.0,477.0,160.0,222.0,1026.0,669.0,35.0,93.0,230.0,1026.0,67.0,screener
KFINTECH,Mar 2023,2023-03-31,annual,169.0,701.0,160.0,220.0,1250.0,691.0,40.0,229.0,291.0,1250.0,-69.0,screener
KFINTECH,Mar 2024,2024-03-31,annual,171.0,970.0,49.0,229.0,1418.0,764.0,37.0,150.0,467.0,1418.0,-101.0,screener
KFINTECH,Mar 2025,2025-03-31,annual,172.0,1236.0,47.0,296.0,1750.0,803.0,29.0,462.0,456.0,1750.0,-415.0,screener
KFINTECH,Mar 2026,2026-03-31,annual,173.0,1501.0,55.0,1045.0,2774.0,1834.0,5.0,239.0,695.0,2774.0,-184.0,screener
KHAITANLTD,Mar 2026,2026-03-31,annual,5.0,29.0,5.0,39.0,78.0,47.0,0.0,5.0,26.0,78.0,0.0,screener
KHANDSE,Mar 2022,2022-03-31,annual,11.94,8.16,6.47,20.7,47.27,7.79,0.0,0.61,38.87,47.27,5.86,screener
KHANDSE,Mar 2023,2023-03-31,annual,15.25,14.24,2.64,11.45,43.58,8.09,0.0,2.04,33.45,43.58,0.6,screener
KHANDSE,Mar 2024,2024-03-31,annual,15.25,14.43,1.55,16.37,47.6,8.14,0.0,3.07,36.39,47.6,-1.52,screener
KHANDSE,Mar 2025,2025-03-31,annual,15.25,13.64,1.5,12.92,43.31,4.25,0.0,11.62,27.44,43.31,-10.12,screener
KHANDSE,Mar 2026,2026-03-31,annual,15.25,12.49,2.88,9.97,40.59,4.18,0.0,1.17,35.24,40.59,1.71,screener
KILITCH,Mar 2022,2022-03-31,annual,16.0,124.0,20.0,50.0,210.0,65.0,3.0,71.0,71.0,210.0,-51.0,screener
KILITCH,Mar 2023,2023-03-31,annual,16.0,136.0,22.0,46.0,220.0,64.0,4.0,62.0,90.0,220.0,-40.0,screener
KILITCH,Mar 2024,2024-03-31,annual,16.0,160.0,32.0,32.0,240.0,62.0,6.0,72.0,100.0,240.0,-40.0,screener
KILITCH,Mar 2025,2025-03-31,annual,16.0,186.0,49.0,61.0,313.0,64.0,47.0,72.0,129.0,313.0,-23.0,screener
KILITCH,Mar 2026,2026-03-31,annual,35.0,245.0,89.0,89.0,458.0,67.0,140.0,75.0,176.0,458.0,14.0,screener
KIMS,Mar 2022,2022-03-31,annual,80.0,1307.0,257.0,260.0,1904.0,1005.0,21.0,332.0,546.0,1904.0,-75.0,screener
KIMS,Mar 2023,2023-03-31,annual,80.0,1590.0,678.0,553.0,2901.0,1766.0,477.0,68.0,590.0,2901.0,610.0,screener
KIMS,Mar 2024,2024-03-31,annual,80.0,1748.0,1355.0,636.0,3820.0,2434.0,600.0,157.0,629.0,3820.0,1198.0,screener
KIMS,Mar 2025,2025-03-31,annual,80.0,2058.0,2562.0,990.0,5689.0,3348.0,1214.0,99.0,1028.0,5689.0,2463.0,screener
KIMS,Mar 2026,2026-03-31,annual,80.0,2167.0,4253.0,1190.0,7691.0,5710.0,606.0,103.0,1271.0,7691.0,4150.0,screener
KIRIINDUS,Mar 2022,2022-03-31,annual,52.0,2521.0,96.0,406.0,3074.0,546.0,63.0,1781.0,685.0,3074.0,-1685.0,screener
KIRIINDUS,Mar 2023,2023-03-31,annual,52.0,2627.0,45.0,477.0,3201.0,510.0,72.0,1992.0,627.0,3201.0,-1947.0,screener
KIRIINDUS,Mar 2024,2024-03-31,annual,52.0,2732.0,122.0,460.0,3365.0,437.0,68.0,2528.0,332.0,3365.0,-2406.0,screener
KIRIINDUS,Mar 2025,2025-03-31,annual,56.0,3191.0,1124.0,355.0,4725.0,806.0,63.0,3152.0,705.0,4725.0,-2028.0,screener
KIRIINDUS,Mar 2026,2026-03-31,annual,60.0,6376.0,42.0,561.0,7039.0,1067.0,42.0,3341.0,2589.0,7039.0,-3299.0,screener
KIRLFER,Mar 2022,2022-03-31,annual,69.0,1696.0,1208.0,2341.0,5314.0,2734.0,222.0,4.0,2353.0,5314.0,1204.0,screener
KIRLFER,Mar 2023,2023-03-31,annual,69.0,2939.0,971.0,1502.0,5482.0,3067.0,205.0,1.0,2208.0,5482.0,970.0,screener
KIRLFER,Mar 2024,2024-03-31,annual,70.0,3162.0,1224.0,1452.0,5907.0,3219.0,497.0,1.0,2190.0,5907.0,1223.0,screener
KIRLFER,Mar 2025,2025-03-31,annual,82.0,3353.0,1278.0,1635.0,6349.0,3513.0,339.0,1.0,2496.0,6349.0,1277.0,screener
KIRLFER,Mar 2026,2026-03-31,annual,82.0,3780.0,1036.0,1690.0,6589.0,3610.0,332.0,1.0,2645.0,6589.0,1035.0,screener
KIRLOSBROS,Mar 2022,2022-03-31,annual,16.0,1162.0,396.0,1289.0,2862.0,532.0,27.0,333.0,1970.0,2862.0,63.0,screener_yfinance_fallback_normalized
KIRLOSBROS,Mar 2023,2023-03-31,annual,16.0,1388.0,286.0,1326.0,3016.0,532.0,82.0,317.0,2085.0,3016.0,-31.0,screener_yfinance_fallback_normalized
KIRLOSBROS,Mar 2024,2024-03-31,annual,16.0,1703.0,192.0,1413.0,3325.0,634.0,32.0,410.0,2249.0,3325.0,-218.0,screener_yfinance_fallback_normalized
KIRLOSBROS,Mar 2025,2025-03-31,annual,16.0,2077.0,182.0,1391.0,3666.0,655.0,34.0,619.0,2358.0,3666.0,-437.0,screener_yfinance_fallback_normalized
KIRLOSBROS,Mar 2026,2026-03-31,annual,16.0,2448.0,250.0,1693.0,4407.0,702.0,58.0,758.0,2888.0,4407.0,-508.0,screener_yfinance_fallback_normalized
KIRLOSENG,Mar 2022,2022-03-31,annual,29.0,2053.0,1965.0,975.0,5021.0,721.0,43.0,738.0,3519.0,5021.0,1227.0,screener
KIRLOSENG,Mar 2023,2023-03-31,annual,29.0,2275.0,3244.0,1169.0,6717.0,689.0,69.0,658.0,5302.0,6717.0,2586.0,screener
KIRLOSENG,Mar 2024,2024-03-31,annual,29.0,2647.0,4142.0,1450.0,8268.0,769.0,293.0,489.0,6718.0,8268.0,3653.0,screener
KIRLOSENG,Mar 2025,2025-03-31,annual,29.0,3057.0,5819.0,1571.0,10476.0,1183.0,98.0,601.0,8595.0,10476.0,5218.0,screener
KIRLOSENG,Mar 2026,2026-03-31,annual,29.0,3591.0,5374.0,1858.0,10852.0,1415.0,61.0,440.0,8937.0,10852.0,4934.0,screener
KIRLOSIND,Mar 2022,2022-03-31,annual,10.0,2319.0,1216.0,3241.0,6786.0,2780.0,418.0,1190.0,2398.0,6786.0,26.0,screener
KIRLOSIND,Mar 2023,2023-03-31,annual,10.0,3243.0,979.0,3301.0,7534.0,3107.0,423.0,1575.0,2429.0,7534.0,-596.0,screener
KIRLOSIND,Mar 2024,2024-03-31,annual,10.0,4982.0,1236.0,3534.0,9761.0,3259.0,768.0,3392.0,2342.0,9761.0,-2156.0,screener
KIRLOSIND,Mar 2025,2025-03-31,annual,10.0,6284.0,1283.0,4073.0,11651.0,3597.0,653.0,4730.0,2672.0,11651.0,-3447.0,screener
KIRLOSIND,Mar 2026,2026-03-31,annual,11.0,6170.0,1113.0,4367.0,11660.0,3689.0,733.0,4399.0,2839.0,11660.0,-3286.0,screener
KIRLPNU,Mar 2014,2014-03-31,annual,13.0,280.0,0.0,187.0,480.0,114.0,27.0,134.0,205.0,480.0,-134.0,screener
KIRLPNU,Mar 2015,2015-03-31,annual,13.0,290.0,0.0,200.0,503.0,97.0,30.0,121.0,255.0,503.0,-121.0,screener
KIRLPNU,Mar 2016,2016-03-31,annual,13.0,316.0,0.0,181.0,510.0,82.0,30.0,161.0,237.0,510.0,-161.0,screener
KIRLPNU,Mar 2025,2025-03-31,annual,13.0,1083.0,11.0,540.0,1647.0,315.0,21.0,445.0,866.0,1647.0,-434.0,screener
KIRLPNU,Mar 2026,2026-03-31,annual,13.0,1236.0,3.0,505.0,1757.0,360.0,7.0,463.0,928.0,1757.0,-460.0,screener
KISSHT,Mar 2022,2022-03-31,annual,2.0,233.0,144.0,162.0,541.0,12.0,0.0,0.0,529.0,541.0,144.0,screener
KISSHT,Mar 2023,2023-03-31,annual,5.0,556.0,449.0,267.0,1276.0,66.0,0.0,0.0,1210.0,1276.0,449.0,screener
KISSHT,Mar 2024,2024-03-31,annual,5.0,794.0,841.0,156.0,1797.0,57.0,0.0,0.0,1739.0,1797.0,841.0,screener
KISSHT,Mar 2025,2025-03-31,annual,5.0,995.0,1562.0,139.0,2701.0,53.0,5.0,0.0,2643.0,2701.0,1562.0,screener
KISSHT,Mar 2026,2026-03-31,annual,12.0,1331.0,1928.0,718.0,3989.0,49.0,0.0,8.0,3931.0,3989.0,1920.0,screener
KITEX,Mar 2022,2022-03-31,annual,7.0,806.0,73.0,108.0,994.0,243.0,12.0,0.0,739.0,994.0,73.0,screener
KITEX,Mar 2023,2023-03-31,annual,7.0,852.0,25.0,251.0,1134.0,264.0,292.0,0.0,578.0,1134.0,25.0,screener
KITEX,Mar 2024,2024-03-31,annual,7.0,898.0,681.0,339.0,1925.0,244.0,886.0,0.0,795.0,1925.0,681.0,screener
KITEX,Mar 2025,2025-03-31,annual,20.0,1013.0,1082.0,471.0,2587.0,232.0,1391.0,0.0,964.0,2587.0,1082.0,screener
KITEX,Mar 2026,2026-03-31,annual,20.0,1010.0,1199.0,813.0,3042.0,1142.0,946.0,0.0,954.0,3042.0,1199.0,screener
KKCL,Mar 2022,2022-03-31,annual,62.0,416.0,82.0,183.0,743.0,86.0,1.0,140.0,516.0,743.0,-58.0,screener
KKCL,Mar 2023,2023-03-31,annual,62.0,485.0,66.0,204.0,817.0,109.0,1.0,152.0,554.0,817.0,-86.0,screener
KKCL,Mar 2024,2024-03-31,annual,62.0,614.0,20.0,142.0,837.0,117.0,0.0,177.0,543.0,837.0,-157.0,screener
KKCL,Mar 2025,2025-03-31,annual,62.0,758.0,164.0,442.0,1426.0,486.0,0.0,174.0,766.0,1426.0,-10.0,screener
KKCL,Mar 2026,2026-03-31,annual,62.0,877.0,128.0,430.0,1497.0,486.0,11.0,165.0,834.0,1497.0,-37.0,screener
KLBRENG-B,Mar 2024,2024-03-31,annual,42.0,213.0,85.0,146.0,486.0,159.0,5.0,9.0,312.0,486.0,76.0,screener
KLBRENG-B,Mar 2025,2025-03-31,annual,47.0,425.0,88.0,171.0,731.0,284.0,5.0,8.0,434.0,731.0,80.0,screener
KLBRENG-B,Mar 2026,2026-03-31,annual,53.0,601.0,90.0,150.0,894.0,292.0,5.0,7.0,591.0,894.0,83.0,screener
KMEW,Mar 2022,2022-03-31,annual,10.0,37.0,26.0,20.0,94.0,53.0,2.0,3.0,36.0,94.0,23.0,screener
KMEW,Mar 2023,2023-03-31,annual,11.0,123.0,25.0,50.0,209.0,59.0,8.0,11.0,131.0,209.0,14.0,screener
KMEW,Mar 2024,2024-03-31,annual,11.0,157.0,60.0,32.0,259.0,108.0,12.0,29.0,110.0,259.0,31.0,screener
KMEW,Mar 2025,2025-03-31,annual,11.0,207.0,133.0,48.0,399.0,159.0,50.0,60.0,129.0,399.0,73.0,screener
KMEW,Mar 2026,2026-03-31,annual,12.0,558.0,222.0,28.0,820.0,211.0,99.0,0.0,510.0,820.0,222.0,screener
KNRCON,Mar 2022,2022-03-31,annual,56.0,2271.0,1464.0,1479.0,5270.0,890.0,21.0,73.0,4287.0,5270.0,1391.0,screener
KNRCON,Mar 2023,2023-03-31,annual,56.0,2723.0,652.0,911.0,4342.0,890.0,3.0,72.0,3377.0,4342.0,580.0,screener
KNRCON,Mar 2024,2024-03-31,annual,56.0,3498.0,1262.0,987.0,5804.0,806.0,2.0,115.0,4880.0,5804.0,1147.0,screener
KNRCON,Mar 2025,2025-03-31,annual,56.0,4485.0,1849.0,741.0,7131.0,482.0,0.0,116.0,6533.0,7131.0,1733.0,screener
KNRCON,Mar 2026,2026-03-31,annual,56.0,4916.0,2444.0,705.0,8122.0,429.0,0.0,319.0,7373.0,8122.0,2125.0,screener
KODYTECH,Mar 2025,2025-03-31,annual,13.0,66.0,13.0,20.0,112.0,10.0,5.0,28.0,69.0,112.0,-15.0,screener
KODYTECH,Mar 2026,2026-03-31,annual,14.0,201.0,8.0,43.0,266.0,68.0,0.0,36.0,162.0,266.0,-28.0,screener
KOHINOOR,Mar 2022,2022-03-31,annual,37.0,-550.0,710.0,18.0,215.0,165.0,0.0,0.0,50.0,215.0,710.0,screener
KOHINOOR,Mar 2023,2023-03-31,annual,37.0,-555.0,707.0,23.0,213.0,159.0,0.0,0.0,54.0,213.0,707.0,screener
KOHINOOR,Mar 2024,2024-03-31,annual,37.0,-559.0,701.0,47.0,226.0,158.0,0.0,0.0,68.0,226.0,701.0,screener
KOHINOOR,Mar 2025,2025-03-31,annual,37.0,-201.0,277.0,96.0,209.0,154.0,0.0,0.0,55.0,209.0,277.0,screener
KOHINOOR,Mar 2026,2026-03-31,annual,37.0,-131.0,147.0,39.0,92.0,43.0,0.0,0.0,49.0,92.0,147.0,screener
KOLTEPATIL,Mar 2022,2022-03-31,annual,76.0,883.0,541.0,2470.0,3970.0,286.0,0.0,61.0,3623.0,3970.0,480.0,screener
KOLTEPATIL,Mar 2023,2023-03-31,annual,76.0,791.0,561.0,2603.0,4032.0,109.0,10.0,46.0,3866.0,4032.0,515.0,screener
KOLTEPATIL,Mar 2024,2024-03-31,annual,76.0,677.0,1117.0,3071.0,4941.0,136.0,0.0,125.0,4680.0,4941.0,992.0,screener
KOLTEPATIL,Mar 2025,2025-03-31,annual,76.0,754.0,1139.0,3322.0,5291.0,168.0,0.0,60.0,5063.0,5291.0,1079.0,screener
KOLTEPATIL,Mar 2026,2026-03-31,annual,89.0,1118.0,1183.0,5167.0,7557.0,261.0,4.0,476.0,6816.0,7557.0,707.0,screener
KOTAKBANK,Mar 2022,2022-03-31,annual,992.0,95673.0,,84097.0,546498.0,2723.0,0.0,164529.0,379245.0,546498.0,,screener
KOTAKBANK,Mar 2023,2023-03-31,annual,993.0,110821.0,,89809.0,620430.0,3075.0,0.0,195338.0,422017.0,620430.0,,screener
KOTAKBANK,Mar 2024,2024-03-31,annual,994.0,128978.0,,117321.0,767667.0,3510.0,0.0,246446.0,517711.0,767667.0,,screener
KOTAKBANK,Mar 2025,2025-03-31,annual,994.0,156495.0,,129995.0,879814.0,3759.0,0.0,284255.0,591801.0,879814.0,,screener
KOTAKBANK,Mar 2026,2026-03-31,annual,995.0,180231.0,,159793.0,1003353.0,3801.0,0.0,290633.0,708919.0,1003353.0,,screener
KOTHARIPET,Mar 2013,2013-03-31,annual,59.0,1.0,8.0,28.0,97.0,48.0,0.0,3.0,45.0,97.0,5.0,screener
KOTHARIPET,Mar 2014,2014-03-31,annual,59.0,2.0,18.0,31.0,111.0,47.0,6.0,6.0,52.0,111.0,12.0,screener
KOTHARIPET,Mar 2015,2015-03-31,annual,59.0,6.0,23.0,31.0,119.0,52.0,2.0,11.0,54.0,119.0,12.0,screener
KOTHARIPET,Mar 2016,2016-03-31,annual,59.0,9.0,18.0,26.0,112.0,53.0,2.0,5.0,52.0,112.0,13.0,screener
KOTIC,Mar 2022,2022-03-31,annual,10.0,-37.0,63.0,11.0,46.0,27.0,0.0,0.0,19.0,46.0,63.0,screener
KOTIC,Mar 2023,2023-03-31,annual,10.0,-57.0,73.0,23.0,48.0,28.0,0.0,0.0,20.0,48.0,73.0,screener
KOTIC,Mar 2024,2024-03-31,annual,6.0,2.0,33.0,10.0,52.0,30.0,0.0,0.0,22.0,52.0,33.0,screener
KOTIC,Mar 2025,2025-03-31,annual,46.0,134.0,5.0,15.0,200.0,39.0,0.0,0.0,161.0,200.0,5.0,screener
KOTIC,Mar 2026,2026-03-31,annual,54.0,177.0,58.0,22.0,311.0,70.0,0.0,98.0,144.0,311.0,-40.0,screener
KPEL,Mar 2022,2022-03-31,annual,11.0,76.0,28.0,226.0,342.0,135.0,11.0,5.0,191.0,342.0,23.0,screener
KPEL,Mar 2023,2023-03-31,annual,11.0,117.0,49.0,168.0,346.0,144.0,1.0,23.0,177.0,346.0,26.0,screener
KPEL,Mar 2024,2024-03-31,annual,33.0,152.0,116.0,324.0,626.0,174.0,1.0,22.0,429.0,626.0,94.0,screener
KPEL,Mar 2025,2025-03-31,annual,33.0,280.0,252.0,604.0,1169.0,420.0,0.0,10.0,738.0,1169.0,242.0,screener
KPEL,Mar 2026,2026-03-31,annual,34.0,490.0,442.0,1726.0,2691.0,542.0,0.0,10.0,2139.0,2691.0,432.0,screener
KPIGREEN,Mar 2022,2022-03-31,annual,18.0,136.0,446.0,177.0,777.0,482.0,31.0,0.0,264.0,777.0,446.0,screener
KPIGREEN,Mar 2023,2023-03-31,annual,36.0,222.0,676.0,322.0,1255.0,801.0,0.0,2.0,453.0,1255.0,674.0,screener
KPIGREEN,Mar 2024,2024-03-31,annual,60.0,775.0,1036.0,564.0,2436.0,979.0,101.0,0.0,1355.0,2436.0,1036.0,screener
KPIGREEN,Mar 2025,2025-03-31,annual,98.0,2325.0,1475.0,894.0,4792.0,2361.0,163.0,4.0,2264.0,4792.0,1471.0,screener
KPIGREEN,Mar 2026,2026-03-31,annual,99.0,2935.0,5197.0,1651.0,9882.0,4508.0,918.0,199.0,4257.0,9882.0,4998.0,screener
KPIL,Mar 2022,2022-03-31,annual,30.0,4249.0,3838.0,8999.0,17116.0,3559.0,25.0,5.0,13528.0,17116.0,3833.0,screener
KPIL,Mar 2023,2023-03-31,annual,32.0,4688.0,3786.0,11014.0,19521.0,3124.0,52.0,5.0,16339.0,19521.0,3781.0,screener
KPIL,Mar 2024,2024-03-31,annual,32.0,5106.0,4008.0,12868.0,22014.0,3073.0,33.0,0.0,18908.0,22014.0,4008.0,screener
KPIL,Mar 2025,2025-03-31,annual,34.0,6479.0,4314.0,14746.0,25573.0,3252.0,29.0,150.0,22142.0,25573.0,4164.0,screener
KPIL,Mar 2026,2026-03-31,annual,34.0,7742.0,3543.0,16383.0,27702.0,3148.0,64.0,2.0,24488.0,27702.0,3541.0,screener
KPITTECH,Mar 2022,2022-03-31,annual,270.0,1040.0,227.0,799.0,2336.0,641.0,0.0,129.0,1566.0,2336.0,98.0,screener
KPITTECH,Mar 2023,2023-03-31,annual,270.0,1381.0,287.0,1402.0,3341.0,1684.0,33.0,64.0,1559.0,3341.0,223.0,screener
KPITTECH,Mar 2024,2024-03-31,annual,271.0,1875.0,329.0,1624.0,4098.0,1915.0,58.0,94.0,2030.0,4098.0,235.0,screener
KPITTECH,Mar 2025,2025-03-31,annual,272.0,2640.0,345.0,1707.0,4964.0,1972.0,10.0,432.0,2551.0,4964.0,-87.0,screener
KPITTECH,Mar 2026,2026-03-31,annual,272.0,3269.0,838.0,2742.0,7121.0,3985.0,6.0,172.0,2958.0,7121.0,666.0,screener
KPL,Mar 2022,2022-03-31,annual,10.0,171.0,54.0,105.0,341.0,92.0,12.0,0.0,237.0,341.0,54.0,screener
KPL,Mar 2023,2023-03-31,annual,10.0,190.0,90.0,70.0,361.0,120.0,14.0,0.0,226.0,361.0,90.0,screener
KPL,Mar 2024,2024-03-31,annual,10.0,214.0,98.0,72.0,394.0,139.0,0.0,0.0,255.0,394.0,98.0,screener
KPL,Mar 2025,2025-03-31,annual,10.0,254.0,112.0,71.0,447.0,146.0,0.0,0.0,302.0,447.0,112.0,screener
KPL,Mar 2026,2026-03-31,annual,10.0,321.0,130.0,130.0,592.0,156.0,17.0,0.0,420.0,592.0,130.0,screener
KPRMILL,Mar 2022,2022-03-31,annual,34.0,3152.0,1185.0,486.0,4858.0,1940.0,115.0,311.0,2492.0,4858.0,874.0,screener
KPRMILL,Mar 2023,2023-03-31,annual,34.0,3673.0,1348.0,543.0,5598.0,2306.0,87.0,129.0,3076.0,5598.0,1219.0,screener
KPRMILL,Mar 2024,2024-03-31,annual,34.0,4324.0,1158.0,347.0,5864.0,2429.0,118.0,34.0,3284.0,5864.0,1124.0,screener
KPRMILL,Mar 2025,2025-03-31,annual,34.0,4968.0,466.0,494.0,5962.0,2461.0,40.0,264.0,3196.0,5962.0,202.0,screener
KPRMILL,Mar 2026,2026-03-31,annual,34.0,5663.0,596.0,539.0,6833.0,2403.0,63.0,64.0,4303.0,6833.0,532.0,screener
KRBL,Mar 2022,2022-03-31,annual,24.0,4047.0,145.0,533.0,4748.0,924.0,2.0,21.0,3801.0,4748.0,124.0,screener
KRBL,Mar 2023,2023-03-31,annual,24.0,4669.0,250.0,648.0,5591.0,899.0,16.0,31.0,4645.0,5591.0,219.0,screener
KRBL,Mar 2024,2024-03-31,annual,23.0,4835.0,545.0,525.0,5927.0,903.0,13.0,115.0,4896.0,5927.0,430.0,screener
KRBL,Mar 2025,2025-03-31,annual,23.0,5217.0,407.0,579.0,6226.0,922.0,21.0,351.0,4932.0,6226.0,56.0,screener
KRBL,Mar 2026,2026-03-31,annual,23.0,5784.0,170.0,622.0,6598.0,1333.0,14.0,860.0,4391.0,6598.0,-690.0,screener
KRISHCA,Mar 2024,2024-03-31,annual,12.0,27.0,20.0,18.0,78.0,5.0,20.0,0.0,52.0,78.0,20.0,screener
KRISHCA,Mar 2025,2025-03-31,annual,14.0,88.0,33.0,25.0,160.0,29.0,6.0,0.0,125.0,160.0,33.0,screener
KRISHCA,Mar 2026,2026-03-31,annual,15.0,111.0,79.0,67.0,271.0,49.0,88.0,2.0,131.0,271.0,77.0,screener
KRISHIVAL,Mar 2022,2022-03-31,annual,20.0,22.0,11.0,1.0,54.0,13.0,0.0,1.0,40.0,54.0,10.0,screener
KRISHIVAL,Mar 2023,2023-03-31,annual,20.0,45.0,10.0,2.0,76.0,15.0,0.0,1.0,61.0,76.0,9.0,screener
KRISHIVAL,Mar 2024,2024-03-31,annual,22.0,100.0,7.0,4.0,132.0,23.0,0.0,1.0,109.0,132.0,6.0,screener
KRISHIVAL,Mar 2025,2025-03-31,annual,22.0,113.0,13.0,25.0,173.0,34.0,2.0,1.0,136.0,173.0,12.0,screener
KRISHIVAL,Mar 2026,2026-03-31,annual,23.0,169.0,36.0,21.0,250.0,55.0,11.0,1.0,184.0,250.0,35.0,screener
KRISHNADEF,Mar 2023,2023-03-31,annual,11.0,29.0,19.0,25.0,85.0,12.0,2.0,0.0,70.0,85.0,19.0,screener
KRISHNADEF,Mar 2024,2024-03-31,annual,14.0,93.0,9.0,18.0,133.0,15.0,0.0,0.0,119.0,133.0,9.0,screener
KRISHNADEF,Mar 2025,2025-03-31,annual,14.0,117.0,10.0,22.0,164.0,23.0,2.0,6.0,134.0,164.0,4.0,screener
KRISHNADEF,Mar 2026,2026-03-31,annual,15.0,179.0,2.0,21.0,217.0,34.0,3.0,10.0,170.0,217.0,-8.0,screener
KRN,Mar 2024,2024-03-31,annual,46.0,84.0,87.0,40.0,257.0,82.0,4.0,0.0,171.0,257.0,87.0,screener
KRN,Mar 2025,2025-03-31,annual,62.0,436.0,33.0,63.0,595.0,85.0,82.0,0.0,428.0,595.0,33.0,screener
KRN,Mar 2026,2026-03-31,annual,62.0,512.0,187.0,171.0,932.0,314.0,33.0,0.0,585.0,932.0,187.0,screener
KRSNAA,Mar 2022,2022-03-31,annual,16.0,669.0,41.0,150.0,875.0,386.0,28.0,0.0,461.0,875.0,41.0,screener
KRSNAA,Mar 2023,2023-03-31,annual,16.0,723.0,32.0,137.0,908.0,471.0,25.0,0.0,412.0,908.0,32.0,screener
KRSNAA,Mar 2024,2024-03-31,annual,16.0,794.0,160.0,201.0,1170.0,647.0,10.0,0.0,513.0,1170.0,160.0,screener
KRSNAA,Mar 2025,2025-03-31,annual,16.0,867.0,204.0,192.0,1278.0,670.0,3.0,32.0,573.0,1278.0,172.0,screener
KRSNAA,Mar 2026,2026-03-31,annual,16.0,964.0,534.0,309.0,1824.0,656.0,208.0,57.0,902.0,1824.0,477.0,screener
KRYSTAL,Mar 2022,2022-03-31,annual,6.0,158.0,74.0,167.0,404.0,11.0,60.0,2.0,331.0,404.0,72.0,screener
KRYSTAL,Mar 2023,2023-03-31,annual,6.0,158.0,51.0,130.0,343.0,81.0,0.0,3.0,260.0,343.0,48.0,screener
KRYSTAL,Mar 2024,2024-03-31,annual,14.0,362.0,88.0,183.0,647.0,83.0,0.0,3.0,561.0,647.0,85.0,screener
KRYSTAL,Mar 2025,2025-03-31,annual,14.0,423.0,91.0,232.0,761.0,101.0,0.0,9.0,650.0,761.0,82.0,screener
KRYSTAL,Mar 2026,2026-03-31,annual,14.0,485.0,120.0,223.0,842.0,105.0,0.0,8.0,728.0,842.0,112.0,screener
KSB,Dec 2021,2021-12-31,annual,35.0,976.0,3.0,596.0,1609.0,311.0,39.0,70.0,1190.0,1609.0,-67.0,screener
KSB,Dec 2022,2022-12-31,annual,35.0,1108.0,3.0,679.0,1825.0,350.0,25.0,74.0,1375.0,1825.0,-71.0,screener
KSB,Dec 2023,2023-12-31,annual,35.0,1267.0,3.0,761.0,2066.0,419.0,32.0,80.0,1535.0,2066.0,-77.0,screener
KSB,Dec 2024,2024-12-31,annual,35.0,1451.0,3.0,859.0,2348.0,438.0,55.0,88.0,1767.0,2348.0,-85.0,screener
KSB,Dec 2025,2025-12-31,annual,35.0,1644.0,5.0,1109.0,2793.0,462.0,92.0,97.0,2143.0,2793.0,-92.0,screener
KSB,Jun 2026,2026-06-30,annual,35.0,1663.0,6.0,1113.0,2817.0,459.0,102.0,96.0,2160.0,2817.0,-90.0,screener
KSCL,Mar 2022,2022-03-31,annual,12.0,1269.0,1.0,596.0,1877.0,242.0,43.0,517.0,1075.0,1877.0,-516.0,screener
KSCL,Mar 2023,2023-03-31,annual,11.0,1354.0,1.0,683.0,2048.0,261.0,133.0,562.0,1092.0,2048.0,-561.0,screener
KSCL,Mar 2024,2024-03-31,annual,10.0,1222.0,0.0,815.0,2048.0,297.0,134.0,476.0,1140.0,2048.0,-476.0,screener
KSCL,Mar 2025,2025-03-31,annual,10.0,1489.0,0.0,1150.0,2649.0,417.0,90.0,613.0,1529.0,2649.0,-613.0,screener
KSCL,Mar 2026,2026-03-31,annual,10.0,1746.0,0.0,1002.0,2759.0,432.0,130.0,401.0,1796.0,2759.0,-401.0,screener
KSHITIJPOL,Mar 2022,2022-03-31,annual,10.13,8.28,17.27,4.91,40.59,11.16,0.0,0.0,29.43,40.59,17.27,screener
KSHITIJPOL,Mar 2023,2023-03-31,annual,10.13,12.26,21.85,5.0,49.24,11.3,0.0,0.0,37.94,49.24,21.85,screener
KSHITIJPOL,Mar 2024,2024-03-31,annual,10.13,10.16,45.82,8.25,74.36,21.89,1.0,0.0,51.47,74.36,45.82,screener
KSHITIJPOL,Mar 2025,2025-03-31,annual,17.8,18.92,15.06,4.91,56.69,10.28,0.0,5.46,40.95,56.69,9.6,screener
KSHITIJPOL,Mar 2026,2026-03-31,annual,30.85,32.2,18.78,7.11,88.94,16.99,0.0,2.49,69.46,88.94,16.29,screener
KSL,Mar 2021,2021-03-31,annual,22.0,1131.0,173.0,324.0,1650.0,382.0,11.0,144.0,1113.0,1650.0,29.0,screener
KSL,Mar 2022,2022-03-31,annual,22.0,1346.0,340.0,551.0,2258.0,358.0,154.0,147.0,1597.0,2258.0,193.0,screener
KSL,Mar 2024,2024-03-31,annual,22.0,1658.0,596.0,297.0,2573.0,734.0,381.0,41.0,1418.0,2573.0,555.0,screener
KSL,Mar 2025,2025-03-31,annual,22.0,1870.0,438.0,403.0,2732.0,678.0,429.0,3.0,1622.0,2732.0,435.0,screener
KSL,Mar 2026,2026-03-31,annual,22.0,2083.0,475.0,416.0,2996.0,627.0,560.0,11.0,1798.0,2996.0,464.0,screener
KSOLVES,Mar 2022,2022-03-31,annual,12.0,5.0,0.0,7.0,24.0,1.0,0.0,0.0,23.0,24.0,0.0,screener
KSOLVES,Mar 2023,2023-03-31,annual,12.0,11.0,0.0,12.0,34.0,1.0,0.0,0.0,33.0,34.0,0.0,screener
KSOLVES,Mar 2024,2024-03-31,annual,12.0,12.0,0.0,16.0,40.0,2.0,0.0,0.0,37.0,40.0,0.0,screener
KSOLVES,Mar 2025,2025-03-31,annual,12.0,9.0,14.0,21.0,56.0,7.0,0.0,0.0,49.0,56.0,14.0,screener
KSOLVES,Mar 2026,2026-03-31,annual,12.0,18.0,6.0,27.0,62.0,6.0,0.0,0.0,56.0,62.0,6.0,screener
KTKBANK,Mar 2022,2022-03-31,annual,311.0,6783.0,,2245.0,92040.0,805.0,13.0,22040.0,69182.0,92040.0,,screener
KTKBANK,Mar 2023,2023-03-31,annual,312.0,7900.0,,1914.0,99057.0,846.0,29.0,23325.0,74857.0,99057.0,,screener
KTKBANK,Mar 2024,2024-03-31,annual,377.0,10470.0,,2849.0,116083.0,915.0,13.0,24300.0,90855.0,116083.0,,screener
KTKBANK,Mar 2025,2025-03-31,annual,378.0,11707.0,,2129.0,120960.0,976.0,14.0,24535.0,95435.0,120960.0,,screener
KTKBANK,Mar 2026,2026-03-31,annual,378.0,12846.0,,2025.0,129355.0,1060.0,0.0,26737.0,101558.0,129355.0,,screener
LALPATHLAB,Mar 2022,2022-03-31,annual,83.0,1418.0,533.0,309.0,2343.0,1369.0,15.0,65.0,893.0,2343.0,468.0,screener
LALPATHLAB,Mar 2023,2023-03-31,annual,83.0,1583.0,420.0,297.0,2383.0,1305.0,5.0,150.0,923.0,2383.0,270.0,screener
LALPATHLAB,Mar 2024,2024-03-31,annual,83.0,1766.0,247.0,357.0,2454.0,1228.0,6.0,114.0,1107.0,2454.0,133.0,screener
LALPATHLAB,Mar 2025,2025-03-31,annual,84.0,2089.0,157.0,383.0,2713.0,1168.0,3.0,327.0,1215.0,2713.0,-170.0,screener
LALPATHLAB,Mar 2026,2026-03-31,annual,168.0,2341.0,199.0,433.0,3140.0,1256.0,7.0,423.0,1454.0,3140.0,-224.0,screener
LANDMARK,Mar 2022,2022-03-31,annual,18.0,229.0,476.0,362.0,1085.0,497.0,5.0,17.0,566.0,1085.0,459.0,screener
LANDMARK,Mar 2023,2023-03-31,annual,20.0,450.0,430.0,361.0,1261.0,509.0,6.0,16.0,730.0,1261.0,414.0,screener
LANDMARK,Mar 2024,2024-03-31,annual,21.0,518.0,627.0,383.0,1549.0,594.0,2.0,16.0,937.0,1549.0,611.0,screener
LANDMARK,Mar 2025,2025-03-31,annual,21.0,533.0,870.0,463.0,1887.0,762.0,3.0,16.0,1106.0,1887.0,854.0,screener
LANDMARK,Mar 2026,2026-03-31,annual,21.0,564.0,876.0,519.0,1979.0,778.0,2.0,16.0,1182.0,1979.0,860.0,screener
LATENTVIEW,Mar 2022,2022-03-31,annual,20.0,1006.0,26.0,48.0,1100.0,29.0,0.0,194.0,878.0,1100.0,-168.0,screener
LATENTVIEW,Mar 2023,2023-03-31,annual,20.0,1187.0,21.0,34.0,1263.0,23.0,0.0,501.0,739.0,1263.0,-480.0,screener
LATENTVIEW,Mar 2024,2024-03-31,annual,21.0,1354.0,24.0,57.0,1456.0,28.0,0.0,676.0,753.0,1456.0,-652.0,screener
LATENTVIEW,Mar 2025,2025-03-31,annual,21.0,1479.0,29.0,260.0,1789.0,401.0,9.0,848.0,531.0,1789.0,-819.0,screener
LATENTVIEW,Mar 2026,2026-03-31,annual,21.0,1735.0,33.0,306.0,2094.0,397.0,0.0,917.0,781.0,2094.0,-884.0,screener
LATTEYS,Mar 2023,2023-03-31,annual,12.0,5.0,12.0,15.0,44.0,7.0,0.0,0.0,37.0,44.0,12.0,screener
LATTEYS,Mar 2024,2024-03-31,annual,12.0,7.0,17.0,13.0,49.0,9.0,0.0,0.0,40.0,49.0,17.0,screener
LATTEYS,Mar 2025,2025-03-31,annual,12.0,9.0,9.0,17.0,46.0,9.0,0.0,0.0,37.0,46.0,9.0,screener
LATTEYS,Mar 2026,2026-03-31,annual,12.0,12.0,22.0,37.0,83.0,9.0,0.0,0.0,74.0,83.0,22.0,screener
LAURUSLABS,Mar 2022,2022-03-31,annual,107.0,3244.0,1777.0,1840.0,6968.0,2652.0,813.0,31.0,3472.0,6968.0,1746.0,screener
LAURUSLABS,Mar 2023,2023-03-31,annual,108.0,3930.0,2015.0,1608.0,7660.0,3409.0,551.0,50.0,3651.0,7660.0,1965.0,screener
LAURUSLABS,Mar 2024,2024-03-31,annual,108.0,4003.0,2577.0,1699.0,8387.0,3890.0,423.0,124.0,3950.0,8387.0,2453.0,screener
LAURUSLABS,Mar 2025,2025-03-31,annual,108.0,4365.0,2764.0,2099.0,9336.0,4123.0,458.0,233.0,4521.0,9336.0,2531.0,screener
LAURUSLABS,Mar 2026,2026-03-31,annual,108.0,5192.0,2518.0,2693.0,10511.0,4371.0,773.0,309.0,5058.0,10511.0,2209.0,screener
LAXMIDENTL,Mar 2022,2022-03-31,annual,0.31,9.0,50.0,43.0,103.0,40.0,0.0,0.0,63.0,103.0,50.0,screener
LAXMIDENTL,Mar 2023,2023-03-31,annual,0.31,6.0,50.0,40.0,97.0,40.0,0.0,0.0,56.0,97.0,50.0,screener
LAXMIDENTL,Mar 2024,2024-03-31,annual,0.31,31.0,61.0,46.0,139.0,46.0,0.0,6.0,87.0,139.0,55.0,screener
LAXMIDENTL,Mar 2025,2025-03-31,annual,11.0,198.0,20.0,60.0,288.0,51.0,0.0,10.0,227.0,288.0,10.0,screener
LAXMIDENTL,Mar 2026,2026-03-31,annual,11.0,232.0,13.0,38.0,294.0,63.0,0.0,27.0,204.0,294.0,-14.0,screener
LEMONTREE,Mar 2022,2022-03-31,annual,791.0,40.0,2128.0,674.0,3633.0,3051.0,297.0,10.0,276.0,3633.0,2118.0,screener
LEMONTREE,Mar 2023,2023-03-31,annual,792.0,62.0,2177.0,698.0,3729.0,2957.0,482.0,6.0,284.0,3729.0,2171.0,screener
LEMONTREE,Mar 2024,2024-03-31,annual,792.0,175.0,2336.0,725.0,4028.0,3641.0,25.0,13.0,348.0,4028.0,2323.0,screener
LEMONTREE,Mar 2025,2025-03-31,annual,792.0,372.0,2148.0,763.0,4075.0,3556.0,59.0,45.0,415.0,4075.0,2103.0,screener
LEMONTREE,Mar 2026,2026-03-31,annual,792.0,600.0,2004.0,889.0,4285.0,3563.0,108.0,73.0,540.0,4285.0,1931.0,screener
LENSKART,Mar 2022,2022-03-31,annual,15.0,2918.0,34.0,733.0,3700.0,649.0,133.0,1048.0,1869.0,3700.0,-1014.0,screener
LENSKART,Mar 2023,2023-03-31,annual,15.0,5441.0,934.0,3071.0,9462.0,5067.0,134.0,787.0,3474.0,9462.0,147.0,screener
LENSKART,Mar 2024,2024-03-31,annual,15.0,5467.0,2343.0,1661.0,9487.0,5501.0,71.0,1003.0,2912.0,9487.0,1340.0,screener
LENSKART,Mar 2025,2025-03-31,annual,154.0,5777.0,2740.0,1718.0,10390.0,6231.0,107.0,1038.0,3014.0,10390.0,1702.0,screener
LENSKART,Mar 2026,2026-03-31,annual,347.0,8391.0,3097.0,2578.0,14413.0,7798.0,112.0,513.0,5991.0,14413.0,2584.0,screener
LIBAS,Mar 2022,2022-03-31,annual,17.64,28.76,9.68,16.11,72.19,1.49,0.0,0.35,70.35,72.19,9.33,screener
LIBAS,Mar 2023,2023-03-31,annual,26.34,46.55,9.88,11.37,94.14,1.34,0.0,0.44,92.36,94.14,9.44,screener
LIBAS,Mar 2024,2024-03-31,annual,26.34,52.11,14.74,5.65,98.84,1.15,0.0,0.35,97.34,98.84,14.39,screener
LIBAS,Mar 2025,2025-03-31,annual,26.34,55.36,13.81,15.73,111.24,1.05,0.0,0.01,110.18,111.24,13.8,screener
LIBAS,Mar 2026,2026-03-31,annual,26.34,58.78,13.22,15.52,113.86,0.93,0.0,0.01,112.92,113.86,13.21,screener
LIBERTSHOE,Mar 2013,2013-03-31,annual,17.0,120.0,115.0,100.0,352.0,110.0,0.0,0.0,241.0,352.0,115.0,screener
LIBERTSHOE,Mar 2014,2014-03-31,annual,17.0,121.0,117.0,114.0,369.0,99.0,0.0,0.0,270.0,369.0,117.0,screener
LIBERTSHOE,Mar 2015,2015-03-31,annual,17.0,129.0,139.0,121.0,406.0,97.0,1.0,0.0,308.0,406.0,139.0,screener
LIBERTSHOE,Mar 2016,2016-03-31,annual,17.0,139.0,135.0,100.0,391.0,98.0,1.0,0.0,291.0,391.0,135.0,screener
LIBERTSHOE,Mar 2017,2017-03-31,annual,17.0,145.0,143.0,121.0,426.0,93.0,1.0,0.0,332.0,426.0,143.0,screener
LICHSGFIN,Mar 2022,2022-03-31,annual,110.0,24641.0,,6179.0,254687.0,315.0,4.0,6279.0,248088.0,254687.0,,screener
LICHSGFIN,Mar 2023,2023-03-31,annual,110.0,27075.0,,6461.0,278559.0,388.0,1.0,7050.0,271120.0,278559.0,,screener
LICHSGFIN,Mar 2024,2024-03-31,annual,110.0,31367.0,,7198.0,291293.0,389.0,0.0,6337.0,284567.0,291293.0,,screener
LICHSGFIN,Mar 2025,2025-03-31,annual,110.0,36242.0,,6940.0,314018.0,377.0,52.0,6941.0,306647.0,314018.0,,screener
LICHSGFIN,Mar 2026,2026-03-31,annual,110.0,41319.0,,6245.0,325213.0,416.0,0.0,5132.0,319664.0,325213.0,,screener
LICI,Mar 2022,2022-03-31,annual,6325.0,5012.0,1.0,4242719.0,4254058.0,17770.0,199.0,3926211.0,309878.0,4254058.0,-3926210.0,screener
LICI,Mar 2023,2023-03-31,annual,6325.0,39908.0,0.0,4532258.0,4578491.0,20473.0,331.0,4243008.0,314678.0,4578491.0,-4243008.0,screener
LICI,Mar 2024,2024-03-31,annual,6325.0,76422.0,0.0,5233300.0,5316047.0,20667.0,403.0,4976133.0,318844.0,5316047.0,-4976133.0,screener
LICI,Mar 2025,2025-03-31,annual,6325.0,120901.0,0.0,5533342.0,5660568.0,21330.0,326.0,5298429.0,340483.0,5660568.0,-5298429.0,screener
LICI,Mar 2026,2026-03-31,annual,6325.0,170280.0,0.0,5771951.0,5948556.0,28335.0,419.0,5556359.0,363444.0,5948556.0,-5556359.0,screener
LINC,Mar 2024,2024-03-31,annual,15.0,190.0,26.0,77.0,307.0,115.0,9.0,0.0,183.0,307.0,26.0,screener
LINC,Mar 2025,2025-03-31,annual,30.0,205.0,27.0,78.0,339.0,113.0,15.0,10.0,201.0,339.0,17.0,screener
LINC,Mar 2026,2026-03-31,annual,30.0,228.0,27.0,75.0,359.0,107.0,34.0,10.0,209.0,359.0,17.0,screener
LINCOLN,Mar 2022,2022-03-31,annual,20.0,413.0,2.0,99.0,534.0,132.0,16.0,97.0,290.0,534.0,-95.0,screener
LINCOLN,Mar 2023,2023-03-31,annual,20.0,482.0,2.0,83.0,587.0,151.0,7.0,91.0,339.0,587.0,-89.0,screener
LINCOLN,Mar 2024,2024-03-31,annual,20.0,573.0,1.0,106.0,700.0,179.0,3.0,139.0,379.0,700.0,-138.0,screener
LINCOLN,Mar 2025,2025-03-31,annual,20.0,652.0,0.0,125.0,797.0,182.0,4.0,174.0,437.0,797.0,-174.0,screener
LINCOLN,Mar 2026,2026-03-31,annual,20.0,738.0,4.0,128.0,890.0,191.0,5.0,209.0,486.0,890.0,-205.0,screener
LINDEINDIA,Dec 2021,2021-12-31,annual,85.0,2630.0,24.0,1277.0,4017.0,1869.0,68.0,9.0,2071.0,4017.0,15.0,screener
LINDEINDIA,Mar 2023,2023-03-31,annual,85.0,3055.0,22.0,1238.0,4400.0,1762.0,225.0,32.0,2380.0,4400.0,-10.0,screener
LINDEINDIA,Mar 2024,2024-03-31,annual,85.0,3383.0,21.0,1316.0,4805.0,1822.0,483.0,50.0,2450.0,4805.0,-29.0,screener
LINDEINDIA,Mar 2025,2025-03-31,annual,85.0,3735.0,42.0,1280.0,5143.0,1925.0,975.0,74.0,2168.0,5143.0,-32.0,screener
LINDEINDIA,Mar 2026,2026-03-31,annual,85.0,4181.0,79.0,1463.0,5808.0,2093.0,1343.0,82.0,2291.0,5808.0,-3.0,screener
LLOYDSME,Mar 2022,2022-03-31,annual,37.0,445.0,96.0,246.0,824.0,400.0,86.0,0.0,338.0,824.0,96.0,screener
LLOYDSME,Mar 2023,2023-03-31,annual,50.0,1478.0,4.0,493.0,2026.0,532.0,298.0,37.0,1159.0,2026.0,-33.0,screener
LLOYDSME,Mar 2024,2024-03-31,annual,51.0,2760.0,33.0,1094.0,3938.0,1235.0,1268.0,29.0,1406.0,3938.0,4.0,screener
LLOYDSME,Mar 2025,2025-03-31,annual,52.0,6408.0,1073.0,1377.0,8911.0,1691.0,4267.0,75.0,2878.0,8911.0,998.0,screener
LLOYDSME,Mar 2026,2026-03-31,annual,56.0,13815.0,20716.0,7063.0,41650.0,13169.0,13946.0,666.0,13869.0,41650.0,20050.0,screener
LODHA,Mar 2022,2022-03-31,annual,482.0,11624.0,11537.0,14763.0,38404.0,1923.0,0.0,574.0,35908.0,38404.0,10963.0,screener
LODHA,Mar 2023,2023-03-31,annual,482.0,12181.0,9060.0,17399.0,39122.0,1828.0,0.0,246.0,37048.0,39122.0,8814.0,screener
LODHA,Mar 2024,2024-03-31,annual,994.0,16475.0,7698.0,22031.0,47198.0,1169.0,4.0,2500.0,43524.0,47198.0,5198.0,screener
LODHA,Mar 2025,2025-03-31,annual,998.0,19180.0,7094.0,22325.0,49597.0,1368.0,4.0,1250.0,46976.0,49597.0,5844.0,screener
LODHA,Mar 2026,2026-03-31,annual,999.0,22287.0,9896.0,25497.0,58680.0,2641.0,10.0,1454.0,54575.0,58680.0,8442.0,screener
LOTUSDEV,Mar 2022,2022-03-31,annual,20.0,6.0,324.0,21.0,370.0,2.0,0.0,0.0,368.0,370.0,324.0,screener
LOTUSDEV,Mar 2023,2023-03-31,annual,20.0,28.0,330.0,106.0,484.0,4.0,0.0,2.0,479.0,484.0,328.0,screener
LOTUSDEV,Mar 2024,2024-03-31,annual,20.0,150.0,429.0,138.0,736.0,4.0,0.0,0.0,732.0,736.0,429.0,screener
LOTUSDEV,Mar 2025,2025-03-31,annual,44.0,889.0,124.0,162.0,1219.0,5.0,0.0,0.0,1213.0,1219.0,124.0,screener
LOTUSDEV,Mar 2026,2026-03-31,annual,49.0,1862.0,131.0,309.0,2351.0,4.0,0.0,0.0,2347.0,2351.0,131.0,screener
LT,Mar 2022,2022-03-31,annual,281.0,82127.0,125508.0,111112.0,319028.0,42945.0,1250.0,39395.0,235438.0,319028.0,86113.0,screener
LT,Mar 2023,2023-03-31,annual,281.0,89045.0,120650.0,119745.0,329722.0,42641.0,3066.0,44798.0,239217.0,329722.0,75852.0,screener
LT,Mar 2024,2024-03-31,annual,275.0,86084.0,116322.0,136921.0,339602.0,42964.0,3045.0,45648.0,247946.0,339602.0,70674.0,screener
LT,Mar 2025,2025-03-31,annual,275.0,97381.0,132409.0,149050.0,379114.0,44055.0,2589.0,54805.0,277665.0,379114.0,77604.0,screener
LT,Mar 2026,2026-03-31,annual,275.0,109015.0,125497.0,217596.0,452383.0,30867.0,3311.0,68377.0,349828.0,452383.0,57120.0,screener
LTF,Mar 2022,2022-03-31,annual,2474.0,17474.0,,1696.0,106880.0,509.0,22.0,11917.0,94433.0,106880.0,,screener
LTF,Mar 2023,2023-03-31,annual,2480.0,19049.0,,1706.0,106339.0,553.0,5.0,14366.0,91415.0,106339.0,,screener
LTF,Mar 2024,2024-03-31,annual,2489.0,20950.0,,2652.0,102694.0,519.0,36.0,12385.0,89754.0,102694.0,,screener
LTF,Mar 2025,2025-03-31,annual,2495.0,23069.0,,2447.0,120384.0,641.0,45.0,11876.0,107822.0,120384.0,,screener
LTF,Mar 2026,2026-03-31,annual,2504.0,25479.0,,3903.0,142184.0,1308.0,62.0,10564.0,130250.0,142184.0,,screener
LTFOODS,Mar 2022,2022-03-31,annual,32.0,1966.0,1320.0,1042.0,4359.0,905.0,35.0,25.0,3394.0,4359.0,1295.0,screener
LTFOODS,Mar 2023,2023-03-31,annual,35.0,2722.0,1221.0,1341.0,5319.0,995.0,27.0,127.0,4170.0,5319.0,1094.0,screener
LTFOODS,Mar 2024,2024-03-31,annual,35.0,3337.0,917.0,1753.0,6042.0,1160.0,41.0,183.0,4657.0,6042.0,734.0,screener
LTFOODS,Mar 2025,2025-03-31,annual,35.0,3819.0,1261.0,2298.0,7413.0,1404.0,45.0,223.0,5741.0,7413.0,1038.0,screener
LTFOODS,Mar 2026,2026-03-31,annual,35.0,4486.0,1610.0,2934.0,9064.0,1852.0,67.0,48.0,7097.0,9064.0,1562.0,screener
LTM,Mar 2022,2022-03-31,annual,30.0,14258.0,258.0,6027.0,20572.0,3473.0,503.0,6048.0,10548.0,20572.0,-5790.0,screener
LTM,Mar 2023,2023-03-31,annual,30.0,16562.0,354.0,6535.0,23481.0,3679.0,902.0,5458.0,13442.0,23481.0,-5104.0,screener
LTM,Mar 2024,2024-03-31,annual,30.0,19988.0,2071.0,5456.0,27544.0,4981.0,551.0,8744.0,13269.0,27544.0,-6673.0,screener
LTM,Mar 2025,2025-03-31,annual,30.0,22669.0,2187.0,5712.0,30598.0,5285.0,681.0,9845.0,14787.0,30598.0,-7658.0,screener
LTM,Mar 2026,2026-03-31,annual,30.0,23995.0,2310.0,10814.0,37148.0,5626.0,922.0,12568.0,18033.0,37148.0,-10258.0,screener
LTTS,Mar 2022,2022-03-31,annual,21.0,4141.0,477.0,1438.0,6077.0,1283.0,10.0,1478.0,3307.0,6077.0,-1001.0,screener
LTTS,Mar 2023,2023-03-31,annual,21.0,4930.0,454.0,1498.0,6904.0,1294.0,6.0,2284.0,3319.0,6904.0,-1830.0,screener
LTTS,Mar 2024,2024-03-31,annual,21.0,5306.0,659.0,2497.0,8483.0,1613.0,13.0,1493.0,5365.0,8483.0,-834.0,screener
LTTS,Mar 2025,2025-03-31,annual,21.0,6059.0,578.0,2970.0,9627.0,2245.0,28.0,1310.0,6045.0,9627.0,-732.0,screener
LTTS,Mar 2026,2026-03-31,annual,21.0,6452.0,578.0,3438.0,10489.0,2250.0,12.0,1896.0,6330.0,10489.0,-1318.0,screener
LUMAXIND,Mar 2022,2022-03-31,annual,9.0,482.0,401.0,654.0,1546.0,711.0,48.0,102.0,685.0,1546.0,299.0,screener
LUMAXIND,Mar 2023,2023-03-31,annual,9.0,574.0,431.0,852.0,1866.0,749.0,43.0,147.0,927.0,1866.0,284.0,screener
LUMAXIND,Mar 2024,2024-03-31,annual,9.0,662.0,723.0,1207.0,2601.0,968.0,178.0,179.0,1276.0,2601.0,544.0,screener
LUMAXIND,Mar 2025,2025-03-31,annual,9.0,765.0,888.0,1199.0,2861.0,1106.0,212.0,246.0,1297.0,2861.0,642.0,screener
LUMAXIND,Mar 2026,2026-03-31,annual,9.0,908.0,973.0,1544.0,3435.0,1434.0,105.0,278.0,1619.0,3435.0,695.0,screener
LUMAXTECH,Mar 2022,2022-03-31,annual,14.0,530.0,165.0,430.0,1139.0,409.0,12.0,122.0,595.0,1139.0,43.0,screener
LUMAXTECH,Mar 2023,2023-03-31,annual,14.0,648.0,664.0,853.0,2179.0,1028.0,13.0,201.0,937.0,2179.0,463.0,screener
LUMAXTECH,Mar 2024,2024-03-31,annual,14.0,776.0,810.0,990.0,2589.0,1014.0,36.0,405.0,1135.0,2589.0,405.0,screener
LUMAXTECH,Mar 2025,2025-03-31,annual,14.0,921.0,902.0,1398.0,3235.0,1316.0,69.0,390.0,1461.0,3235.0,512.0,screener
LUMAXTECH,Mar 2026,2026-03-31,annual,14.0,1197.0,1231.0,1506.0,3947.0,1516.0,65.0,565.0,1801.0,3947.0,666.0,screener
LUPIN,Mar 2022,2022-03-31,annual,91.0,12062.0,4158.0,5340.0,21651.0,7382.0,1146.0,900.0,12224.0,21651.0,3258.0,screener
LUPIN,Mar 2023,2023-03-31,annual,91.0,12374.0,4542.0,5794.0,22800.0,8355.0,1238.0,517.0,12690.0,22800.0,4025.0,screener
LUPIN,Mar 2024,2024-03-31,annual,91.0,14199.0,2922.0,6539.0,23751.0,8878.0,773.0,1075.0,13026.0,23751.0,1847.0,screener
LUPIN,Mar 2025,2025-03-31,annual,91.0,17112.0,5448.0,6327.0,28978.0,9719.0,517.0,1146.0,17596.0,28978.0,4302.0,screener
LUPIN,Mar 2026,2026-03-31,annual,91.0,22357.0,6616.0,9300.0,38365.0,11315.0,695.0,3670.0,22685.0,38365.0,2946.0,screener
LUXIND,Mar 2022,2022-03-31,annual,6.0,1303.0,350.0,353.0,2012.0,236.0,34.0,62.0,1681.0,2012.0,288.0,screener
LUXIND,Mar 2023,2023-03-31,annual,6.0,1446.0,268.0,399.0,2119.0,288.0,50.0,103.0,1678.0,2119.0,165.0,screener
LUXIND,Mar 2024,2024-03-31,annual,6.0,1560.0,211.0,412.0,2189.0,343.0,3.0,206.0,1637.0,2189.0,5.0,screener
LUXIND,Mar 2025,2025-03-31,annual,6.0,1724.0,317.0,517.0,2564.0,362.0,9.0,175.0,2017.0,2564.0,142.0,screener
LUXIND,Mar 2026,2026-03-31,annual,6.0,1828.0,618.0,636.0,3089.0,391.0,17.0,155.0,2526.0,3089.0,463.0,screener
LXCHEM,Mar 2022,2022-03-31,annual,53.0,1248.0,139.0,825.0,2265.0,394.0,374.0,5.0,1492.0,2265.0,134.0,screener
LXCHEM,Mar 2023,2023-03-31,annual,53.0,1359.0,406.0,595.0,2412.0,715.0,447.0,23.0,1228.0,2412.0,383.0,screener
LXCHEM,Mar 2024,2024-03-31,annual,55.0,1742.0,143.0,887.0,2827.0,879.0,444.0,126.0,1378.0,2827.0,17.0,screener
LXCHEM,Mar 2025,2025-03-31,annual,55.0,1851.0,258.0,880.0,3045.0,1166.0,398.0,148.0,1332.0,3045.0,110.0,screener
LXCHEM,Mar 2026,2026-03-31,annual,55.0,1930.0,543.0,917.0,3446.0,1481.0,652.0,37.0,1276.0,3446.0,506.0,screener
M&M,Mar 2022,2022-03-31,annual,556.0,46567.0,77605.0,47661.0,172388.0,26018.0,6703.0,30060.0,109607.0,172388.0,47545.0,screener
M&M,Mar 2023,2023-03-31,annual,557.0,55809.0,92647.0,55270.0,204283.0,27140.0,3969.0,35272.0,137902.0,204283.0,57375.0,screener
M&M,Mar 2024,2024-03-31,annual,557.0,65633.0,108647.0,59884.0,234722.0,28129.0,8039.0,35208.0,163345.0,234722.0,73439.0,screener
M&M,Mar 2025,2025-03-31,annual,558.0,76481.0,129025.0,69950.0,276013.0,34636.0,8298.0,41309.0,191771.0,276013.0,87716.0,screener
M&M,Mar 2026,2026-03-31,annual,559.0,92538.0,133963.0,90575.0,317635.0,43831.0,2368.0,40324.0,231112.0,317635.0,93639.0,screener
M&MFIN,Mar 2022,2022-03-31,annual,247.0,16650.0,,4787.0,83809.0,515.0,2.0,8654.0,74637.0,83809.0,,screener
M&MFIN,Mar 2023,2023-03-31,annual,247.0,18313.0,,5096.0,105085.0,871.0,3.0,10063.0,94148.0,105085.0,,screener
M&MFIN,Mar 2024,2024-03-31,annual,247.0,19686.0,,5463.0,123716.0,1008.0,105.0,9598.0,113004.0,123716.0,,screener
M&MFIN,Mar 2025,2025-03-31,annual,247.0,21282.0,,3483.0,144105.0,1207.0,66.0,10590.0,132242.0,144105.0,,screener
M&MFIN,Mar 2026,2026-03-31,annual,278.0,26361.0,,3635.0,158644.0,1328.0,7.0,7407.0,149902.0,158644.0,,screener
MAANALU,Mar 2009,2009-03-31,annual,3.38,22.8,1.62,1.78,29.58,11.05,0.0,2.42,16.11,29.58,-0.8,screener
MAFATIND,Mar 2022,2022-03-31,annual,14.0,672.0,113.0,424.0,1223.0,98.0,0.0,633.0,493.0,1223.0,-520.0,screener
MAFATIND,Mar 2023,2023-03-31,annual,14.0,600.0,94.0,466.0,1175.0,95.0,0.0,523.0,557.0,1175.0,-429.0,screener
MAFATIND,Mar 2024,2024-03-31,annual,14.0,800.0,82.0,910.0,1806.0,86.0,0.0,631.0,1089.0,1806.0,-549.0,screener
MAFATIND,Mar 2025,2025-03-31,annual,14.0,727.0,70.0,579.0,1390.0,85.0,0.0,443.0,862.0,1390.0,-373.0,screener
MAFATIND,Mar 2026,2026-03-31,annual,14.0,757.0,64.0,915.0,1750.0,86.0,10.0,389.0,1265.0,1750.0,-325.0,screener
MAHABANK,Mar 2022,2022-03-31,annual,6730.0,7331.0,,6700.0,230783.0,2036.0,205.0,68762.0,159780.0,230783.0,,screener
MAHABANK,Mar 2023,2023-03-31,annual,6730.0,9060.0,,7207.0,267827.0,2149.0,8.0,69042.0,196628.0,267827.0,,screener
MAHABANK,Mar 2024,2024-03-31,annual,7081.0,12789.0,,9013.0,307329.0,2200.0,10.0,68465.0,236655.0,307329.0,,screener
MAHABANK,Mar 2025,2025-03-31,annual,7692.0,21016.0,,9673.0,369354.0,2911.0,4.0,82216.0,284222.0,369354.0,,screener
MAHABANK,Mar 2026,2026-03-31,annual,7692.0,25533.0,,8475.0,427471.0,2954.0,8.0,101588.0,322922.0,427471.0,,screener
MAHEPC,Mar 2022,2022-03-31,annual,28.0,148.0,25.0,79.0,280.0,23.0,0.0,1.0,256.0,280.0,24.0,screener
MAHEPC,Mar 2023,2023-03-31,annual,28.0,136.0,15.0,75.0,253.0,22.0,0.0,0.0,231.0,253.0,15.0,screener
MAHEPC,Mar 2024,2024-03-31,annual,28.0,137.0,16.0,76.0,257.0,21.0,0.0,0.0,236.0,257.0,16.0,screener
MAHEPC,Mar 2025,2025-03-31,annual,28.0,145.0,25.0,94.0,292.0,20.0,0.0,0.0,271.0,292.0,25.0,screener
MAHEPC,Mar 2026,2026-03-31,annual,28.0,157.0,45.0,121.0,352.0,19.0,0.0,0.0,332.0,352.0,45.0,screener
MAHLIFE,Mar 2022,2022-03-31,annual,155.0,1634.0,286.0,963.0,3037.0,103.0,3.0,622.0,2308.0,3037.0,-336.0,screener
MAHLIFE,Mar 2023,2023-03-31,annual,155.0,1651.0,268.0,1537.0,3611.0,37.0,5.0,905.0,2664.0,3611.0,-637.0,screener
MAHLIFE,Mar 2024,2024-03-31,annual,155.0,1718.0,877.0,2199.0,4949.0,24.0,5.0,914.0,4006.0,4949.0,-37.0,screener
MAHLIFE,Mar 2025,2025-03-31,annual,155.0,1741.0,1439.0,3085.0,6421.0,26.0,5.0,904.0,5486.0,6421.0,535.0,screener
MAHLIFE,Mar 2026,2026-03-31,annual,213.0,3414.0,662.0,4006.0,8295.0,27.0,10.0,1269.0,6988.0,8295.0,-607.0,screener
MAHLOG,Mar 2022,2022-03-31,annual,72.0,475.0,402.0,1027.0,1975.0,501.0,14.0,118.0,1343.0,1975.0,284.0,screener
MAHLOG,Mar 2023,2023-03-31,annual,72.0,490.0,834.0,1157.0,2553.0,830.0,4.0,100.0,1620.0,2553.0,734.0,screener
MAHLOG,Mar 2024,2024-03-31,annual,72.0,420.0,739.0,1245.0,2477.0,836.0,16.0,6.0,1619.0,2477.0,733.0,screener
MAHLOG,Mar 2025,2025-03-31,annual,72.0,366.0,869.0,1272.0,2579.0,930.0,46.0,23.0,1581.0,2579.0,846.0,screener
MAHLOG,Mar 2026,2026-03-31,annual,99.0,1076.0,650.0,1280.0,3105.0,1147.0,24.0,125.0,1808.0,3105.0,525.0,screener
MAHSEAMLES,Mar 2022,2022-03-31,annual,34.0,3951.0,709.0,695.0,5388.0,2135.0,13.0,646.0,2593.0,5388.0,63.0,screener
MAHSEAMLES,Mar 2023,2023-03-31,annual,67.0,4707.0,244.0,841.0,5859.0,2016.0,14.0,1177.0,2651.0,5859.0,-933.0,screener
MAHSEAMLES,Mar 2024,2024-03-31,annual,67.0,5664.0,0.0,852.0,6583.0,1950.0,3.0,2098.0,2533.0,6583.0,-2098.0,screener
MAHSEAMLES,Mar 2025,2025-03-31,annual,67.0,6273.0,0.0,693.0,7033.0,1864.0,14.0,2892.0,2263.0,7033.0,-2892.0,screener
MAHSEAMLES,Mar 2026,2026-03-31,annual,67.0,6809.0,13.0,849.0,7739.0,1863.0,72.0,3821.0,1983.0,7739.0,-3808.0,screener
MAITHANALL,Mar 2022,2022-03-31,annual,29.0,2294.0,5.0,422.0,2751.0,276.0,0.0,824.0,1651.0,2751.0,-819.0,screener
MAITHANALL,Mar 2023,2023-03-31,annual,29.0,2775.0,20.0,316.0,3140.0,267.0,2.0,870.0,2000.0,3140.0,-850.0,screener
MAITHANALL,Mar 2024,2024-03-31,annual,29.0,3113.0,30.0,296.0,3468.0,253.0,54.0,1788.0,1373.0,3468.0,-1758.0,screener
MAITHANALL,Mar 2025,2025-03-31,annual,29.0,3717.0,588.0,514.0,4849.0,312.0,1.0,3056.0,1479.0,4849.0,-2468.0,screener
MAITHANALL,Mar 2026,2026-03-31,annual,29.0,4117.0,237.0,510.0,4894.0,304.0,1.0,2840.0,1747.0,4894.0,-2603.0,screener
MALLCOM,Mar 2022,2022-03-31,annual,6.0,162.0,53.0,54.0,275.0,63.0,15.0,0.0,197.0,275.0,53.0,screener
MALLCOM,Mar 2023,2023-03-31,annual,6.0,197.0,91.0,60.0,354.0,107.0,8.0,27.0,212.0,354.0,64.0,screener
MALLCOM,Mar 2024,2024-03-31,annual,6.0,231.0,93.0,58.0,388.0,124.0,10.0,15.0,239.0,388.0,78.0,screener
MALLCOM,Mar 2025,2025-03-31,annual,6.0,292.0,116.0,78.0,493.0,129.0,74.0,13.0,277.0,493.0,103.0,screener
MALLCOM,Mar 2026,2026-03-31,annual,6.0,312.0,120.0,74.0,512.0,224.0,0.0,6.0,282.0,512.0,114.0,screener
MAMATA,Mar 2022,2022-03-31,annual,3.0,101.0,23.0,89.0,216.0,61.0,0.0,7.0,147.0,216.0,16.0,screener
MAMATA,Mar 2023,2023-03-31,annual,3.0,125.0,20.0,80.0,228.0,63.0,0.0,0.0,165.0,228.0,20.0,screener
MAMATA,Mar 2024,2024-03-31,annual,3.0,129.0,13.0,92.0,237.0,63.0,0.0,0.0,173.0,237.0,13.0,screener
MAMATA,Mar 2025,2025-03-31,annual,25.0,147.0,5.0,82.0,258.0,63.0,0.0,0.0,195.0,258.0,5.0,screener
MAMATA,Mar 2026,2026-03-31,annual,25.0,160.0,8.0,74.0,268.0,65.0,0.0,0.0,202.0,268.0,8.0,screener
MANAKCOAT,Mar 2022,2022-03-31,annual,7.0,102.0,178.0,198.0,484.0,130.0,40.0,0.0,313.0,484.0,178.0,screener
MANAKCOAT,Mar 2023,2023-03-31,annual,7.0,113.0,190.0,239.0,548.0,122.0,49.0,0.0,377.0,548.0,190.0,screener
MANAKCOAT,Mar 2024,2024-03-31,annual,7.0,145.0,178.0,207.0,537.0,119.0,49.0,0.0,369.0,537.0,178.0,screener
MANAKCOAT,Mar 2025,2025-03-31,annual,8.0,219.0,145.0,275.0,646.0,112.0,68.0,0.0,465.0,646.0,145.0,screener
MANAKCOAT,Mar 2026,2026-03-31,annual,11.0,338.0,115.0,290.0,755.0,168.0,31.0,0.0,556.0,755.0,115.0,screener
MANAPPURAM,Mar 2022,2022-03-31,annual,169.0,8199.0,,623.0,33808.0,1052.0,13.0,421.0,32322.0,33808.0,,screener
MANAPPURAM,Mar 2023,2023-03-31,annual,169.0,9476.0,,693.0,39504.0,1094.0,17.0,534.0,37860.0,39504.0,,screener
MANAPPURAM,Mar 2024,2024-03-31,annual,169.0,11379.0,,880.0,46748.0,1070.0,33.0,726.0,44918.0,46748.0,,screener
MANAPPURAM,Mar 2025,2025-03-31,annual,169.0,12263.0,,695.0,49205.0,1134.0,11.0,790.0,47269.0,49205.0,,screener
MANAPPURAM,Mar 2026,2026-03-31,annual,188.0,15863.0,,672.0,74559.0,1057.0,27.0,2051.0,71424.0,74559.0,,screener
MANCREDIT,Mar 2016,2016-03-31,annual,16.0,51.0,,64.0,199.0,22.0,0.0,2.0,174.0,199.0,,screener
MANCREDIT,Mar 2017,2017-03-31,annual,16.0,56.0,,71.0,221.0,29.0,0.0,0.0,192.0,221.0,,screener
MANCREDIT,Mar 2018,2018-03-31,annual,19.0,72.0,,71.0,229.0,28.0,0.0,15.0,186.0,229.0,,screener
MANCREDIT,Mar 2019,2019-03-31,annual,19.0,74.0,,39.0,205.0,23.0,7.0,15.0,160.0,205.0,,screener
MANCREDIT,Sep 2019,2019-09-30,annual,19.0,76.0,,24.0,178.0,24.0,0.0,16.0,138.0,178.0,,screener
MANINDS,Mar 2022,2022-03-31,annual,30.0,913.0,57.0,821.0,1820.0,318.0,20.0,102.0,1379.0,1820.0,-45.0,screener
MANINDS,Mar 2023,2023-03-31,annual,30.0,1102.0,301.0,427.0,1860.0,553.0,14.0,0.0,1293.0,1860.0,301.0,screener
MANINDS,Mar 2024,2024-03-31,annual,32.0,1372.0,326.0,684.0,2415.0,605.0,31.0,228.0,1552.0,2415.0,98.0,screener
MANINDS,Mar 2025,2025-03-31,annual,32.0,1575.0,476.0,1696.0,3779.0,643.0,133.0,26.0,2977.0,3779.0,450.0,screener
MANINDS,Mar 2026,2026-03-31,annual,38.0,2049.0,628.0,2306.0,5021.0,864.0,326.0,71.0,3760.0,5021.0,557.0,screener
MANINFRA,Mar 2022,2022-03-31,annual,74.0,785.0,557.0,300.0,1716.0,60.0,2.0,150.0,1504.0,1716.0,407.0,screener
MANINFRA,Mar 2023,2023-03-31,annual,74.0,1015.0,206.0,486.0,1781.0,61.0,0.0,113.0,1607.0,1781.0,93.0,screener
MANINFRA,Mar 2024,2024-03-31,annual,74.0,1389.0,131.0,560.0,2154.0,53.0,0.0,277.0,1824.0,2154.0,-146.0,screener
MANINFRA,Mar 2025,2025-03-31,annual,75.0,1688.0,36.0,378.0,2177.0,49.0,0.0,272.0,1856.0,2177.0,-236.0,screener
MANINFRA,Mar 2026,2026-03-31,annual,81.0,2186.0,64.0,443.0,2773.0,61.0,0.0,530.0,2182.0,2773.0,-466.0,screener
MANKIND,Mar 2022,2022-03-31,annual,40.0,6115.0,873.0,2080.0,9108.0,3588.0,701.0,1109.0,3709.0,9108.0,-236.0,screener
MANKIND,Mar 2023,2023-03-31,annual,40.0,7395.0,170.0,2080.0,9686.0,4251.0,550.0,1346.0,3538.0,9686.0,-1176.0,screener
MANKIND,Mar 2024,2024-03-31,annual,40.0,9323.0,207.0,2313.0,11883.0,4545.0,282.0,2568.0,4488.0,11883.0,-2361.0,screener
MANKIND,Mar 2025,2025-03-31,annual,41.0,14291.0,8511.0,4808.0,27652.0,19005.0,826.0,2042.0,5780.0,27652.0,6469.0,screener
MANKIND,Mar 2026,2026-03-31,annual,41.0,16259.0,6312.0,5143.0,27755.0,18620.0,1128.0,1985.0,6022.0,27755.0,4327.0,screener
MANORAMA,Mar 2025,2025-03-31,annual,12.0,448.0,482.0,41.0,983.0,176.0,5.0,0.0,802.0,983.0,482.0,screener
MANORAMA,Mar 2026,2026-03-31,annual,12.0,670.0,356.0,162.0,1200.0,196.0,18.0,0.0,985.0,1200.0,356.0,screener
MANUGRAPH,Mar 2019,2019-03-31,annual,6.0,184.0,0.0,66.0,256.0,97.0,0.0,11.0,148.0,256.0,-11.0,screener
MANUGRAPH,Mar 2020,2020-03-31,annual,6.0,146.0,9.0,66.0,227.0,95.0,0.0,0.0,131.0,227.0,9.0,screener
MANUGRAPH,Mar 2021,2021-03-31,annual,6.0,117.0,19.0,41.0,183.0,93.0,0.0,0.0,90.0,183.0,19.0,screener
MANUGRAPH,Mar 2022,2022-03-31,annual,6.0,104.0,18.0,43.0,170.0,92.0,0.0,0.0,78.0,170.0,18.0,screener
MANUGRAPH,Mar 2023,2023-03-31,annual,6.0,93.0,11.0,62.0,172.0,90.0,0.0,0.0,82.0,172.0,11.0,screener
MANYAVAR,Mar 2021,2021-03-31,annual,25.0,1067.0,292.0,241.0,1624.0,459.0,0.0,536.0,629.0,1624.0,-244.0,screener
MANYAVAR,Mar 2022,2022-03-31,annual,24.0,1058.0,279.0,407.0,1768.0,515.0,0.0,512.0,741.0,1768.0,-233.0,screener
MANYAVAR,Mar 2023,2023-03-31,annual,24.0,1376.0,293.0,472.0,2165.0,520.0,2.0,787.0,856.0,2165.0,-494.0,screener
MANYAVAR,Mar 2024,2024-03-31,annual,24.0,1578.0,444.0,462.0,2508.0,663.0,0.0,959.0,886.0,2508.0,-515.0,screener
MANYAVAR,Sep 2024,2024-09-30,annual,24.0,1503.0,463.0,472.0,2463.0,677.0,0.0,765.0,1020.0,2463.0,-302.0,screener
MAPMYINDIA,Mar 2022,2022-03-31,annual,11.0,435.0,19.0,53.0,518.0,43.0,0.0,296.0,178.0,518.0,-277.0,screener
MAPMYINDIA,Mar 2023,2023-03-31,annual,11.0,531.0,29.0,101.0,673.0,49.0,7.0,362.0,254.0,673.0,-333.0,screener
MAPMYINDIA,Mar 2024,2024-03-31,annual,11.0,648.0,26.0,109.0,794.0,61.0,10.0,409.0,313.0,794.0,-383.0,screener
MAPMYINDIA,Mar 2025,2025-03-31,annual,11.0,780.0,30.0,123.0,944.0,90.0,1.0,489.0,364.0,944.0,-459.0,screener
MAPMYINDIA,Mar 2026,2026-03-31,annual,11.0,894.0,7.0,124.0,1036.0,105.0,0.0,517.0,414.0,1036.0,-510.0,screener
MARATHON,Mar 2022,2022-03-31,annual,23.0,626.0,1087.0,402.0,2139.0,286.0,0.0,271.0,1582.0,2139.0,816.0,screener
MARATHON,Mar 2023,2023-03-31,annual,23.0,762.0,869.0,499.0,2153.0,283.0,0.0,49.0,1821.0,2153.0,820.0,screener
MARATHON,Mar 2024,2024-03-31,annual,26.0,980.0,761.0,482.0,2248.0,286.0,0.0,81.0,1881.0,2248.0,680.0,screener
MARATHON,Mar 2025,2025-03-31,annual,26.0,1161.0,560.0,350.0,2097.0,237.0,0.0,110.0,1750.0,2097.0,450.0,screener
MARATHON,Mar 2026,2026-03-31,annual,34.0,2241.0,99.0,385.0,2760.0,173.0,0.0,399.0,2188.0,2760.0,-300.0,screener
MARICO,Mar 2022,2022-03-31,annual,129.0,3219.0,479.0,1850.0,5677.0,1760.0,39.0,828.0,3050.0,5677.0,-349.0,screener
MARICO,Mar 2023,2023-03-31,annual,129.0,3670.0,608.0,2393.0,6800.0,2246.0,67.0,1096.0,3391.0,6800.0,-488.0,screener
MARICO,Mar 2024,2024-03-31,annual,129.0,3703.0,528.0,2993.0,7353.0,2724.0,44.0,602.0,3983.0,7353.0,-74.0,screener
MARICO,Mar 2025,2025-03-31,annual,129.0,3846.0,554.0,3746.0,8275.0,2758.0,40.0,1590.0,3887.0,8275.0,-1036.0,screener
MARICO,Mar 2026,2026-03-31,annual,130.0,4080.0,557.0,5183.0,9950.0,3633.0,85.0,2083.0,4149.0,9950.0,-1526.0,screener
MARINE,Mar 2022,2022-03-31,annual,25.0,150.0,37.0,162.0,373.0,49.0,2.0,3.0,319.0,373.0,34.0,screener
MARINE,Mar 2023,2023-03-31,annual,25.0,183.0,66.0,192.0,466.0,66.0,0.0,3.0,396.0,466.0,63.0,screener
MARINE,Mar 2024,2024-03-31,annual,27.0,224.0,97.0,268.0,616.0,75.0,6.0,6.0,529.0,616.0,91.0,screener
MARINE,Mar 2025,2025-03-31,annual,28.0,376.0,55.0,266.0,725.0,75.0,16.0,6.0,627.0,725.0,49.0,screener
MARINE,Mar 2026,2026-03-31,annual,28.0,465.0,89.0,309.0,890.0,99.0,14.0,3.0,775.0,890.0,86.0,screener
MARKOLINES,Mar 2022,2022-03-31,annual,19.0,52.0,27.0,38.0,136.0,9.0,0.0,0.0,127.0,136.0,27.0,screener
MARKOLINES,Mar 2023,2023-03-31,annual,19.0,67.0,31.0,72.0,188.0,21.0,0.0,8.0,158.0,188.0,23.0,screener
MARKOLINES,Mar 2024,2024-03-31,annual,19.0,83.0,59.0,80.0,240.0,29.0,1.0,10.0,200.0,240.0,49.0,screener
MARKOLINES,Mar 2025,2025-03-31,annual,22.0,155.0,63.0,76.0,316.0,32.0,1.0,19.0,264.0,316.0,44.0,screener
MARKOLINES,Mar 2026,2026-03-31,annual,22.0,180.0,86.0,50.0,339.0,31.0,0.0,33.0,274.0,339.0,53.0,screener
MARKSANS,Mar 2022,2022-03-31,annual,41.0,1161.0,111.0,323.0,1636.0,428.0,3.0,0.0,1205.0,1636.0,111.0,screener
MARKSANS,Mar 2023,2023-03-31,annual,45.0,1700.0,123.0,322.0,2190.0,486.0,10.0,1.0,1694.0,2190.0,122.0,screener
MARKSANS,Mar 2024,2024-03-31,annual,45.0,2020.0,244.0,372.0,2681.0,776.0,9.0,27.0,1869.0,2681.0,217.0,screener
MARKSANS,Mar 2025,2025-03-31,annual,45.0,2422.0,322.0,451.0,3240.0,982.0,27.0,1.0,2230.0,3240.0,321.0,screener
MARKSANS,Mar 2026,2026-03-31,annual,45.0,2978.0,343.0,489.0,3856.0,1044.0,59.0,0.0,2753.0,3856.0,343.0,screener
MARSONS,Mar 2018,2018-03-31,annual,25.0,-74.0,86.0,36.0,73.0,24.0,0.0,0.0,49.0,73.0,86.0,screener
MARSONS,Mar 2019,2019-03-31,annual,25.0,-94.0,84.0,23.0,38.0,21.0,0.0,0.0,17.0,38.0,84.0,screener
MARSONS,Mar 2024,2024-03-31,annual,14.0,0.0,9.0,6.0,30.0,13.0,0.0,0.0,17.0,30.0,9.0,screener
MARSONS,Mar 2025,2025-03-31,annual,17.0,105.0,3.0,27.0,152.0,14.0,0.0,37.0,101.0,152.0,-34.0,screener
MARSONS,Mar 2026,2026-03-31,annual,17.0,200.0,1.0,72.0,291.0,65.0,25.0,0.0,200.0,291.0,1.0,screener
MARUTI,Mar 2022,2022-03-31,annual,151.0,55182.0,426.0,18896.0,74656.0,13747.0,2936.0,42035.0,15937.0,74656.0,-41609.0,screener
MARUTI,Mar 2023,2023-03-31,annual,151.0,61640.0,1247.0,21558.0,84597.0,17830.0,2904.0,49184.0,14678.0,84597.0,-47937.0,screener
MARUTI,Mar 2024,2024-03-31,annual,157.0,85479.0,119.0,29550.0,115304.0,27865.0,7735.0,57296.0,22408.0,115304.0,-57177.0,screener
MARUTI,Mar 2025,2025-03-31,annual,157.0,96083.0,87.0,35644.0,131971.0,32983.0,7929.0,66265.0,24794.0,131971.0,-66178.0,screener
MARUTI,Mar 2026,2026-03-31,annual,157.0,106999.0,102.0,41622.0,148881.0,34955.0,9406.0,76838.0,27681.0,148881.0,-76736.0,screener
MASFIN,Mar 2022,2022-03-31,annual,55.0,1295.0,,519.0,6309.0,14.0,52.0,493.0,5750.0,6309.0,,screener
MASFIN,Mar 2023,2023-03-31,annual,55.0,1464.0,,369.0,8015.0,17.0,58.0,791.0,7149.0,8015.0,,screener
MASFIN,Mar 2024,2024-03-31,annual,164.0,1619.0,,339.0,9547.0,25.0,70.0,726.0,8726.0,9547.0,,screener
MASFIN,Mar 2025,2025-03-31,annual,181.0,2427.0,,434.0,12199.0,27.0,92.0,1526.0,10554.0,12199.0,,screener
MASFIN,Mar 2026,2026-03-31,annual,181.0,2793.0,,455.0,13747.0,76.0,126.0,972.0,12573.0,13747.0,,screener
MASTEK,Mar 2022,2022-03-31,annual,15.0,1056.0,203.0,1193.0,2467.0,841.0,4.0,66.0,1556.0,2467.0,137.0,screener
MASTEK,Mar 2023,2023-03-31,annual,15.0,1668.0,404.0,1024.0,3111.0,1740.0,7.0,69.0,1296.0,3111.0,335.0,screener
MASTEK,Mar 2024,2024-03-31,annual,15.0,2072.0,519.0,1045.0,3652.0,1950.0,1.0,94.0,1607.0,3652.0,425.0,screener
MASTEK,Mar 2025,2025-03-31,annual,15.0,2447.0,583.0,803.0,3848.0,1818.0,2.0,178.0,1851.0,3848.0,405.0,screener
MASTEK,Mar 2026,2026-03-31,annual,16.0,2976.0,438.0,879.0,4309.0,1939.0,2.0,234.0,2135.0,4309.0,204.0,screener
MASTERTR,Mar 2022,2022-03-31,annual,11.0,289.0,97.0,631.0,1028.0,21.0,0.0,7.0,1000.0,1028.0,90.0,screener
MASTERTR,Mar 2023,2023-03-31,annual,11.0,354.0,162.0,706.0,1233.0,22.0,0.0,6.0,1204.0,1233.0,156.0,screener
MASTERTR,Mar 2024,2024-03-31,annual,11.0,493.0,187.0,1174.0,1866.0,22.0,0.0,15.0,1829.0,1866.0,172.0,screener
MASTERTR,Mar 2025,2025-03-31,annual,11.0,627.0,258.0,1057.0,1953.0,21.0,0.0,19.0,1913.0,1953.0,239.0,screener
MASTERTR,Mar 2026,2026-03-31,annual,12.0,805.0,228.0,1200.0,2244.0,20.0,0.0,33.0,2191.0,2244.0,195.0,screener
MATRIMONY,Mar 2022,2022-03-31,annual,11.0,299.0,69.0,142.0,521.0,100.0,0.0,110.0,311.0,521.0,-41.0,screener
MATRIMONY,Mar 2023,2023-03-31,annual,11.0,242.0,68.0,144.0,465.0,93.0,0.0,105.0,267.0,465.0,-37.0,screener
MATRIMONY,Mar 2024,2024-03-31,annual,11.0,280.0,58.0,152.0,502.0,89.0,0.0,140.0,272.0,502.0,-82.0,screener
MATRIMONY,Mar 2025,2025-03-31,annual,11.0,231.0,53.0,165.0,460.0,85.0,0.0,122.0,253.0,460.0,-69.0,screener
MATRIMONY,Mar 2026,2026-03-31,annual,10.0,196.0,49.0,185.0,440.0,79.0,0.0,195.0,166.0,440.0,-146.0,screener
MAWANASUG,Mar 2022,2022-03-31,annual,39.0,345.0,417.0,250.0,1051.0,212.0,3.0,4.0,832.0,1051.0,413.0,screener
MAWANASUG,Mar 2023,2023-03-31,annual,39.0,345.0,383.0,266.0,1033.0,197.0,16.0,3.0,817.0,1033.0,380.0,screener
MAWANASUG,Mar 2024,2024-03-31,annual,39.0,371.0,568.0,200.0,1179.0,204.0,1.0,3.0,972.0,1179.0,565.0,screener
MAWANASUG,Mar 2025,2025-03-31,annual,39.0,453.0,419.0,185.0,1096.0,198.0,0.0,0.0,897.0,1096.0,419.0,screener
MAWANASUG,Mar 2026,2026-03-31,annual,39.0,486.0,420.0,177.0,1123.0,188.0,1.0,0.0,934.0,1123.0,420.0,screener
MAXESTATES,Mar 2022,2022-03-31,annual,78.0,531.0,315.0,101.0,1025.0,898.0,0.0,13.0,114.0,1025.0,302.0,screener
MAXESTATES,Mar 2023,2023-03-31,annual,0.0,1211.0,862.0,144.0,2216.0,1427.0,0.0,160.0,629.0,2216.0,702.0,screener
MAXESTATES,Mar 2024,2024-03-31,annual,147.0,1024.0,962.0,961.0,3094.0,1826.0,0.0,93.0,1175.0,3094.0,869.0,screener
MAXESTATES,Mar 2025,2025-03-31,annual,161.0,2117.0,1656.0,3295.0,7229.0,2047.0,0.0,587.0,4596.0,7229.0,1069.0,screener
MAXESTATES,Mar 2026,2026-03-31,annual,163.0,2256.0,2412.0,7605.0,12437.0,2523.0,0.0,385.0,9529.0,12437.0,2027.0,screener
MAXHEALTH,Mar 2022,2022-03-31,annual,970.0,5313.0,913.0,1993.0,9189.0,7018.0,151.0,1.0,2020.0,9189.0,912.0,screener
MAXHEALTH,Mar 2023,2023-03-31,annual,971.0,6439.0,689.0,2003.0,10102.0,7039.0,252.0,1.0,2810.0,10102.0,688.0,screener
MAXHEALTH,Mar 2024,2024-03-31,annual,972.0,7436.0,1299.0,2293.0,12000.0,8784.0,553.0,2.0,2661.0,12000.0,1297.0,screener
MAXHEALTH,Mar 2025,2025-03-31,annual,972.0,8409.0,3010.0,2795.0,15186.0,11502.0,901.0,3.0,2781.0,15186.0,3007.0,screener
MAXHEALTH,Mar 2026,2026-03-31,annual,973.0,9774.0,3478.0,3006.0,17231.0,12992.0,592.0,5.0,3641.0,17231.0,3473.0,screener
MAXIND,Mar 2022,2022-03-31,annual,54.0,588.0,61.0,156.0,858.0,159.0,0.0,178.0,522.0,858.0,-117.0,screener
MAXIND,Mar 2023,2023-03-31,annual,43.0,499.0,45.0,166.0,753.0,159.0,0.0,83.0,511.0,753.0,-38.0,screener
MAXIND,Mar 2024,2024-03-31,annual,43.0,449.0,44.0,148.0,684.0,193.0,10.0,63.0,418.0,684.0,-19.0,screener
MAXIND,Mar 2025,2025-03-31,annual,44.0,315.0,102.0,172.0,633.0,170.0,21.0,53.0,389.0,633.0,49.0,screener
MAXIND,Mar 2026,2026-03-31,annual,53.0,356.0,97.0,164.0,669.0,194.0,2.0,34.0,438.0,669.0,63.0,screener
MAYURUNIQ,Mar 2022,2022-03-31,annual,22.0,685.0,31.0,84.0,822.0,220.0,12.0,154.0,437.0,822.0,-123.0,screener
MAYURUNIQ,Mar 2023,2023-03-31,annual,22.0,732.0,25.0,92.0,871.0,242.0,1.0,132.0,496.0,871.0,-107.0,screener
MAYURUNIQ,Mar 2024,2024-03-31,annual,22.0,845.0,15.0,80.0,963.0,232.0,1.0,186.0,544.0,963.0,-171.0,screener
MAYURUNIQ,Mar 2025,2025-03-31,annual,22.0,934.0,9.0,90.0,1055.0,222.0,1.0,212.0,620.0,1055.0,-203.0,screener
MAYURUNIQ,Mar 2026,2026-03-31,annual,22.0,1111.0,8.0,122.0,1262.0,213.0,3.0,285.0,762.0,1262.0,-277.0,screener
MAZDOCK,Mar 2022,2022-03-31,annual,202.0,3656.0,12.0,25904.0,29773.0,965.0,87.0,542.0,28179.0,29773.0,-530.0,screener
MAZDOCK,Mar 2023,2023-03-31,annual,202.0,4558.0,6.0,24709.0,29476.0,1024.0,62.0,589.0,27801.0,29476.0,-583.0,screener
MAZDOCK,Mar 2024,2024-03-31,annual,202.0,6042.0,1.0,23219.0,29463.0,838.0,72.0,679.0,27875.0,29463.0,-678.0,screener
MAZDOCK,Mar 2025,2025-03-31,annual,202.0,7738.0,20.0,20844.0,28804.0,1466.0,133.0,765.0,26440.0,28804.0,-745.0,screener
MAZDOCK,Mar 2026,2026-03-31,annual,202.0,9553.0,447.0,17255.0,27458.0,2069.0,245.0,915.0,24229.0,27458.0,-468.0,screener
MBEL,Mar 2022,2022-03-31,annual,20.0,125.0,100.0,300.0,544.0,69.0,2.0,4.0,470.0,544.0,96.0,screener
MBEL,Mar 2023,2023-03-31,annual,20.0,161.0,149.0,229.0,559.0,79.0,2.0,5.0,473.0,559.0,144.0,screener
MBEL,Mar 2024,2024-03-31,annual,50.0,183.0,205.0,195.0,633.0,77.0,66.0,7.0,483.0,633.0,198.0,screener
MBEL,Mar 2025,2025-03-31,annual,50.0,257.0,191.0,352.0,849.0,176.0,2.0,5.0,666.0,849.0,186.0,screener
MBEL,Mar 2026,2026-03-31,annual,57.0,600.0,84.0,420.0,1161.0,180.0,14.0,4.0,962.0,1161.0,80.0,screener
MCLOUD,Mar 2022,2022-03-31,annual,25.0,52.0,91.0,27.0,195.0,72.0,0.0,0.0,123.0,195.0,91.0,screener
MCLOUD,Mar 2023,2023-03-31,annual,117.0,180.0,216.0,207.0,720.0,429.0,1.0,0.0,289.0,720.0,216.0,screener
MCLOUD,Mar 2024,2024-03-31,annual,117.0,290.0,279.0,114.0,799.0,440.0,22.0,0.0,337.0,799.0,279.0,screener
MCLOUD,Mar 2025,2025-03-31,annual,117.0,401.0,257.0,115.0,889.0,444.0,42.0,5.0,398.0,889.0,252.0,screener
MCLOUD,Mar 2026,2026-03-31,annual,118.0,569.0,292.0,175.0,1153.0,537.0,5.0,47.0,563.0,1153.0,245.0,screener
MCX,Mar 2022,2022-03-31,annual,51.0,1367.0,1.0,1382.0,2801.0,156.0,95.0,1157.0,1392.0,2801.0,-1156.0,screener
MCX,Mar 2023,2023-03-31,annual,51.0,1428.0,2.0,1542.0,3023.0,150.0,169.0,1047.0,1658.0,3023.0,-1045.0,screener
MCX,Mar 2024,2024-03-31,annual,51.0,1327.0,2.0,2029.0,3409.0,379.0,16.0,914.0,2100.0,3409.0,-912.0,screener
MCX,Mar 2025,2025-03-31,annual,51.0,1833.0,1.0,2440.0,4325.0,412.0,18.0,1401.0,2494.0,4325.0,-1400.0,screener
MCX,Mar 2026,2026-03-31,annual,51.0,2797.0,5.0,4648.0,7501.0,419.0,28.0,2949.0,4104.0,7501.0,-2944.0,screener
MEDANTA,Mar 2022,2022-03-31,annual,51.0,1565.0,1109.0,421.0,3146.0,1776.0,439.0,0.0,930.0,3146.0,1109.0,screener
MEDANTA,Mar 2023,2023-03-31,annual,54.0,2375.0,1122.0,547.0,4097.0,2050.0,327.0,0.0,1720.0,4097.0,1122.0,screener
MEDANTA,Mar 2024,2024-03-31,annual,54.0,2852.0,802.0,572.0,4280.0,2236.0,388.0,0.0,1656.0,4280.0,802.0,screener
MEDANTA,Mar 2025,2025-03-31,annual,54.0,3333.0,718.0,662.0,4766.0,2514.0,533.0,3.0,1716.0,4766.0,715.0,screener
MEDANTA,Mar 2026,2026-03-31,annual,54.0,3908.0,1190.0,753.0,5905.0,3795.0,132.0,3.0,1975.0,5905.0,1187.0,screener
MEDIASSIST,Mar 2022,2022-03-31,annual,34.0,303.0,27.0,238.0,602.0,99.0,6.0,201.0,296.0,602.0,-174.0,screener
MEDIASSIST,Mar 2023,2023-03-31,annual,34.0,342.0,31.0,295.0,702.0,171.0,0.0,44.0,487.0,702.0,-13.0,screener
MEDIASSIST,Mar 2024,2024-03-31,annual,35.0,437.0,26.0,344.0,842.0,246.0,3.0,77.0,516.0,842.0,-51.0,screener
MEDIASSIST,Mar 2025,2025-03-31,annual,35.0,506.0,204.0,412.0,1158.0,306.0,4.0,274.0,574.0,1158.0,-70.0,screener
MEDIASSIST,Mar 2026,2026-03-31,annual,37.0,802.0,54.0,479.0,1372.0,659.0,0.0,158.0,556.0,1372.0,-104.0,screener
MEDPLUS,Mar 2022,2022-03-31,annual,24.0,1394.0,815.0,361.0,2594.0,799.0,20.0,0.0,1775.0,2594.0,815.0,screener
MEDPLUS,Mar 2023,2023-03-31,annual,24.0,1467.0,900.0,406.0,2797.0,1138.0,25.0,0.0,1633.0,2797.0,900.0,screener
MEDPLUS,Mar 2024,2024-03-31,annual,24.0,1554.0,1010.0,417.0,3005.0,1242.0,11.0,0.0,1752.0,3005.0,1010.0,screener
MEDPLUS,Mar 2025,2025-03-31,annual,24.0,1717.0,1120.0,500.0,3360.0,1296.0,16.0,0.0,2047.0,3360.0,1120.0,screener
MEDPLUS,Mar 2026,2026-03-31,annual,24.0,1951.0,1424.0,533.0,3933.0,1595.0,32.0,0.0,2306.0,3933.0,1424.0,screener
MEESHO,Mar 2023,2023-03-31,annual,8.0,2169.0,0.0,1376.0,3553.0,56.0,2.0,2053.0,1442.0,3553.0,-2053.0,screener
MEESHO,Mar 2024,2024-03-31,annual,0.0,2230.0,72.0,1859.0,4161.0,112.0,0.0,744.0,3305.0,4161.0,-672.0,screener
MEESHO,Mar 2025,2025-03-31,annual,0.27,1445.0,58.0,5722.0,7226.0,96.0,0.0,4983.0,2147.0,7226.0,-4925.0,screener
MEESHO,Mar 2026,2026-03-31,annual,456.0,3930.0,63.0,3458.0,7907.0,195.0,0.0,1210.0,6502.0,7907.0,-1147.0,screener
MENONBE,Mar 2008,2008-03-31,annual,5.0,10.0,27.0,21.0,63.0,23.0,1.0,0.0,38.0,63.0,27.0,screener
MENONBE,Mar 2023,2023-03-31,annual,6.0,128.0,15.0,26.0,174.0,76.0,8.0,1.0,87.0,174.0,14.0,screener
MENONBE,Mar 2024,2024-03-31,annual,6.0,139.0,34.0,28.0,207.0,80.0,14.0,4.0,109.0,207.0,30.0,screener
MENONBE,Mar 2025,2025-03-31,annual,6.0,153.0,43.0,29.0,231.0,102.0,9.0,5.0,114.0,231.0,38.0,screener
MENONBE,Mar 2026,2026-03-31,annual,6.0,180.0,47.0,36.0,268.0,119.0,0.0,6.0,142.0,268.0,41.0,screener
METROBRAND,Mar 2022,2022-03-31,annual,136.0,1129.0,692.0,348.0,2305.0,848.0,6.0,401.0,1050.0,2305.0,291.0,screener
METROBRAND,Mar 2023,2023-03-31,annual,136.0,1412.0,943.0,416.0,2906.0,1302.0,18.0,478.0,1109.0,2906.0,465.0,screener
METROBRAND,Mar 2024,2024-03-31,annual,136.0,1728.0,1098.0,391.0,3353.0,1482.0,9.0,750.0,1111.0,3353.0,348.0,screener
METROBRAND,Mar 2025,2025-03-31,annual,136.0,1573.0,1227.0,398.0,3334.0,1602.0,9.0,550.0,1173.0,3334.0,677.0,screener
METROBRAND,Mar 2026,2026-03-31,annual,136.0,1857.0,1570.0,452.0,4015.0,1989.0,14.0,673.0,1340.0,4015.0,897.0,screener
METROPOLIS,Mar 2022,2022-03-31,annual,10.0,876.0,379.0,256.0,1521.0,1059.0,6.0,16.0,440.0,1521.0,363.0,screener
METROPOLIS,Mar 2023,2023-03-31,annual,10.0,978.0,266.0,240.0,1495.0,1121.0,20.0,15.0,340.0,1495.0,251.0,screener
METROPOLIS,Mar 2024,2024-03-31,annual,10.0,1086.0,197.0,254.0,1547.0,1177.0,0.0,55.0,316.0,1547.0,142.0,screener
METROPOLIS,Mar 2025,2025-03-31,annual,10.0,1321.0,204.0,324.0,1859.0,1447.0,0.0,71.0,341.0,1859.0,133.0,screener
METROPOLIS,Mar 2026,2026-03-31,annual,41.0,1472.0,232.0,393.0,2138.0,1601.0,0.0,142.0,395.0,2138.0,90.0,screener
MFML,Mar 2023,2023-03-31,annual,11.0,78.0,30.0,37.0,155.0,86.0,0.0,0.0,69.0,155.0,30.0,screener
MFML,Mar 2024,2024-03-31,annual,11.0,79.0,36.0,43.0,169.0,90.0,2.0,0.0,76.0,169.0,36.0,screener
MFML,Mar 2025,2025-03-31,annual,11.0,87.0,44.0,51.0,193.0,78.0,19.0,0.0,95.0,193.0,44.0,screener
MFML,Mar 2026,2026-03-31,annual,11.0,87.0,77.0,25.0,200.0,103.0,36.0,0.0,61.0,200.0,77.0,screener
MFSL,Mar 2022,2022-03-31,annual,69.0,3866.0,522.0,113291.0,117747.0,616.0,0.0,109794.0,7337.0,117747.0,-109272.0,screener
MFSL,Mar 2023,2023-03-31,annual,69.0,3450.0,523.0,127783.0,131824.0,614.0,0.0,123355.0,7854.0,131824.0,-122832.0,screener
MFSL,Mar 2024,2024-03-31,annual,69.0,3797.0,523.0,158383.0,162771.0,612.0,0.0,152959.0,9201.0,162771.0,-152436.0,screener
MFSL,Mar 2025,2025-03-31,annual,69.0,5206.0,1026.0,183879.0,190180.0,610.0,0.0,179841.0,9729.0,190180.0,-178815.0,screener
MFSL,Mar 2026,2026-03-31,annual,69.0,5213.0,1859.0,191795.0,198936.0,607.0,0.0,186014.0,12314.0,198936.0,-184155.0,screener
MGL,Mar 2023,2023-03-31,annual,99.0,4035.0,115.0,1783.0,6032.0,3026.0,709.0,1310.0,988.0,6032.0,-1195.0,screener
MGL,Mar 2024,2024-03-31,annual,99.0,5040.0,141.0,1974.0,7253.0,4235.0,823.0,1069.0,1126.0,7253.0,-928.0,screener
MGL,Mar 2025,2025-03-31,annual,99.0,5779.0,201.0,2223.0,8302.0,4854.0,1068.0,1162.0,1218.0,8302.0,-961.0,screener
MGL,Mar 2026,2026-03-31,annual,99.0,6329.0,223.0,2331.0,8981.0,5392.0,1270.0,1148.0,1171.0,8981.0,-925.0,screener
MHLXMIRU,Mar 2020,2020-03-31,annual,13.0,75.0,33.0,55.0,176.0,62.0,11.0,0.0,104.0,176.0,33.0,screener
MHLXMIRU,Mar 2021,2021-03-31,annual,13.0,81.0,38.0,41.0,173.0,68.0,1.0,0.0,103.0,173.0,38.0,screener
MHLXMIRU,Mar 2022,2022-03-31,annual,11.0,68.0,55.0,59.0,192.0,67.0,1.0,0.0,124.0,192.0,55.0,screener
MHLXMIRU,Mar 2023,2023-03-31,annual,11.0,77.0,56.0,67.0,210.0,64.0,0.0,0.0,146.0,210.0,56.0,screener
MHLXMIRU,Sep 2023,2023-09-30,annual,11.0,81.0,52.0,70.0,214.0,62.0,1.0,0.0,150.0,214.0,52.0,screener
MHRIL,Mar 2022,2022-03-31,annual,200.0,50.0,2567.0,5805.0,8621.0,4186.0,122.0,306.0,4007.0,8621.0,2261.0,screener
MHRIL,Mar 2023,2023-03-31,annual,201.0,189.0,2623.0,6085.0,9098.0,4418.0,182.0,573.0,3924.0,9098.0,2050.0,screener
MHRIL,Mar 2024,2024-03-31,annual,202.0,323.0,2738.0,6367.0,9629.0,4589.0,244.0,675.0,4122.0,9629.0,2063.0,screener
MHRIL,Mar 2025,2025-03-31,annual,202.0,500.0,3131.0,6562.0,10394.0,5003.0,407.0,753.0,4231.0,10394.0,2378.0,screener
MHRIL,Mar 2026,2026-03-31,annual,202.0,576.0,3829.0,6586.0,11193.0,5741.0,361.0,695.0,4398.0,11193.0,3134.0,screener
MIDHANI,Mar 2022,2022-03-31,annual,187.0,1002.0,268.0,1322.0,2779.0,938.0,132.0,21.0,1688.0,2779.0,247.0,screener
MIDHANI,Mar 2023,2023-03-31,annual,187.0,1098.0,489.0,1089.0,2863.0,1016.0,80.0,21.0,1746.0,2863.0,468.0,screener
MIDHANI,Mar 2024,2024-03-31,annual,187.0,1132.0,433.0,1154.0,2905.0,1032.0,83.0,22.0,1769.0,2905.0,411.0,screener
MIDHANI,Mar 2025,2025-03-31,annual,187.0,1228.0,350.0,1150.0,2915.0,1074.0,25.0,25.0,1790.0,2915.0,325.0,screener
MIDHANI,Mar 2026,2026-03-31,annual,187.0,1345.0,407.0,1282.0,3221.0,1066.0,16.0,24.0,2115.0,3221.0,383.0,screener
MINDACORP,Mar 2022,2022-03-31,annual,48.0,1278.0,511.0,731.0,2567.0,887.0,32.0,64.0,1583.0,2567.0,447.0,screener_yfinance_fallback_normalized
MINDACORP,Mar 2023,2023-03-31,annual,48.0,1538.0,718.0,905.0,3209.0,1026.0,85.0,451.0,1647.0,3209.0,267.0,screener_yfinance_fallback_normalized
MINDACORP,Mar 2024,2024-03-31,annual,48.0,1928.0,540.0,911.0,3427.0,1207.0,63.0,348.0,1809.0,3427.0,192.0,screener_yfinance_fallback_normalized
MINDACORP,Mar 2025,2025-03-31,annual,48.0,2150.0,1614.0,1062.0,4874.0,1507.0,85.0,1476.0,1806.0,4874.0,138.0,screener_yfinance_fallback_normalized
MINDACORP,Mar 2026,2026-03-31,annual,48.0,2591.0,1476.0,1372.0,5487.0,1602.0,158.0,1558.0,2169.0,5487.0,-82.0,screener_yfinance_fallback_normalized
MINDTECK,Mar 2022,2022-03-31,annual,25.0,150.0,8.0,46.0,229.0,38.0,0.0,0.0,191.0,229.0,8.0,screener
MINDTECK,Mar 2023,2023-03-31,annual,25.0,166.0,6.0,46.0,243.0,36.0,0.0,0.0,207.0,243.0,6.0,screener
MINDTECK,Mar 2024,2024-03-31,annual,25.0,196.0,2.0,52.0,276.0,33.0,0.0,0.0,243.0,276.0,2.0,screener
MINDTECK,Mar 2025,2025-03-31,annual,32.0,228.0,7.0,54.0,322.0,38.0,0.0,0.0,284.0,322.0,7.0,screener
MINDTECK,Mar 2026,2026-03-31,annual,32.0,272.0,4.0,62.0,370.0,33.0,0.0,56.0,280.0,370.0,-52.0,screener
MMFL,Mar 2022,2022-03-31,annual,24.0,535.0,685.0,170.0,1414.0,708.0,36.0,22.0,647.0,1414.0,663.0,screener
MMFL,Mar 2023,2023-03-31,annual,24.0,649.0,756.0,232.0,1661.0,804.0,63.0,22.0,772.0,1661.0,734.0,screener
MMFL,Mar 2024,2024-03-31,annual,24.0,765.0,931.0,249.0,1969.0,914.0,124.0,23.0,908.0,1969.0,908.0,screener
MMFL,Mar 2025,2025-03-31,annual,48.0,843.0,1185.0,272.0,2349.0,964.0,383.0,4.0,997.0,2349.0,1181.0,screener
MMFL,Mar 2026,2026-03-31,annual,48.0,929.0,1074.0,473.0,2524.0,1101.0,337.0,10.0,1077.0,2524.0,1064.0,screener
MMP,Mar 2022,2022-03-31,annual,25.0,213.0,52.0,45.0,335.0,147.0,4.0,29.0,155.0,335.0,23.0,screener
MMP,Mar 2023,2023-03-31,annual,25.0,232.0,58.0,43.0,358.0,160.0,15.0,32.0,151.0,358.0,26.0,screener
MMP,Mar 2024,2024-03-31,annual,25.0,264.0,93.0,53.0,435.0,183.0,27.0,42.0,182.0,435.0,51.0,screener
MMP,Mar 2025,2025-03-31,annual,25.0,298.0,156.0,69.0,549.0,223.0,28.0,48.0,250.0,549.0,108.0,screener
MMP,Mar 2026,2026-03-31,annual,25.0,321.0,185.0,94.0,625.0,250.0,38.0,54.0,282.0,625.0,131.0,screener
MMTC,Mar 2022,2022-03-31,annual,150.0,-298.0,2626.0,2306.0,4783.0,38.0,0.0,102.0,4643.0,4783.0,2524.0,screener
MMTC,Mar 2023,2023-03-31,annual,150.0,1262.0,203.0,2064.0,3678.0,34.0,0.0,127.0,3517.0,3678.0,76.0,screener
MMTC,Mar 2024,2024-03-31,annual,150.0,1476.0,159.0,1902.0,3687.0,29.0,0.0,276.0,3382.0,3687.0,-117.0,screener
MMTC,Mar 2025,2025-03-31,annual,150.0,1552.0,2.0,1774.0,3478.0,24.0,0.0,328.0,3126.0,3478.0,-326.0,screener
MMTC,Mar 2026,2026-03-31,annual,150.0,1971.0,0.0,675.0,2796.0,19.0,0.0,533.0,2244.0,2796.0,-533.0,screener
MOBIKWIK,Mar 2022,2022-03-31,annual,11.0,205.0,158.0,462.0,836.0,9.0,0.0,1.0,826.0,836.0,157.0,screener
MOBIKWIK,Mar 2023,2023-03-31,annual,11.0,131.0,206.0,366.0,714.0,15.0,0.0,2.0,698.0,714.0,204.0,screener
MOBIKWIK,Mar 2024,2024-03-31,annual,11.0,151.0,223.0,469.0,855.0,16.0,0.0,5.0,834.0,855.0,218.0,screener
MOBIKWIK,Mar 2025,2025-03-31,annual,16.0,573.0,292.0,480.0,1360.0,25.0,0.0,6.0,1329.0,1360.0,286.0,screener
MOBIKWIK,Mar 2026,2026-03-31,annual,16.0,523.0,276.0,594.0,1409.0,23.0,0.0,9.0,1376.0,1409.0,267.0,screener
MODIS,Mar 2022,2022-03-31,annual,3.0,1.0,20.0,8.0,31.0,0.0,0.0,0.0,31.0,31.0,20.0,screener
MODIS,Mar 2023,2023-03-31,annual,17.0,15.0,7.0,20.0,59.0,0.0,0.0,1.0,59.0,59.0,6.0,screener
MODIS,Mar 2024,2024-03-31,annual,19.0,56.0,5.0,15.0,96.0,0.0,0.0,11.0,85.0,96.0,-6.0,screener
MODIS,Mar 2025,2025-03-31,annual,20.0,71.0,3.0,45.0,139.0,0.0,0.0,5.0,135.0,139.0,-2.0,screener
MODIS,Mar 2026,2026-03-31,annual,20.0,137.0,6.0,142.0,305.0,1.0,0.0,1.0,303.0,305.0,5.0,screener
MOIL,Mar 2017,2017-03-31,annual,133.0,2672.0,0.0,285.0,3090.0,326.0,116.0,0.0,2648.0,3090.0,0.0,screener
MOIL,Mar 2018,2018-03-31,annual,258.0,2537.0,0.0,442.0,3236.0,348.0,238.0,23.0,2627.0,3236.0,-23.0,screener
MOIL,Mar 2019,2019-03-31,annual,258.0,2825.0,0.0,522.0,3605.0,430.0,297.0,115.0,2763.0,3605.0,-115.0,screener
MOIL,Mar 2020,2020-03-31,annual,237.0,2526.0,0.0,534.0,3298.0,587.0,242.0,7.0,2461.0,3298.0,-7.0,screener
MOIL,Sep 2020,2020-09-30,annual,237.0,2468.0,0.0,560.0,3266.0,585.0,257.0,194.0,2230.0,3266.0,-194.0,screener
MOLDTECH,Mar 2022,2022-03-31,annual,6.0,67.0,6.0,12.0,90.0,25.0,0.0,12.0,54.0,90.0,-6.0,screener
MOLDTECH,Mar 2023,2023-03-31,annual,6.0,98.0,7.0,18.0,129.0,35.0,0.0,15.0,80.0,129.0,-8.0,screener
MOLDTECH,Mar 2024,2024-03-31,annual,6.0,116.0,10.0,14.0,146.0,38.0,0.0,13.0,94.0,146.0,-3.0,screener
MOLDTECH,Mar 2025,2025-03-31,annual,6.0,112.0,7.0,13.0,137.0,34.0,0.0,52.0,50.0,137.0,-45.0,screener
MOLDTECH,Mar 2026,2026-03-31,annual,6.0,122.0,5.0,39.0,172.0,53.0,0.0,27.0,92.0,172.0,-22.0,screener
MOLDTKPAC,Mar 2018,2018-03-31,annual,14.0,160.0,98.0,41.0,314.0,133.0,15.0,10.0,156.0,314.0,88.0,screener
MOLDTKPAC,Mar 2019,2019-03-31,annual,14.0,178.0,112.0,51.0,355.0,191.0,16.0,10.0,138.0,355.0,102.0,screener
MOLDTKPAC,Mar 2020,2020-03-31,annual,14.0,184.0,118.0,48.0,363.0,202.0,12.0,7.0,142.0,363.0,111.0,screener
MOLDTKPAC,Mar 2021,2021-03-31,annual,14.0,242.0,108.0,72.0,436.0,239.0,12.0,9.0,177.0,436.0,99.0,screener
MOLDTKPAC,Mar 2022,2022-03-31,annual,16.0,441.0,44.0,73.0,574.0,262.0,15.0,17.0,281.0,574.0,27.0,screener
MONARCH,Mar 2022,2022-03-31,annual,31.0,137.0,17.0,462.0,647.0,5.0,0.0,11.0,631.0,647.0,6.0,screener
MONARCH,Mar 2023,2023-03-31,annual,34.0,188.0,3.0,383.0,608.0,8.0,0.0,21.0,579.0,608.0,-18.0,screener
MONARCH,Mar 2024,2024-03-31,annual,34.0,312.0,113.0,349.0,808.0,13.0,0.0,27.0,768.0,808.0,86.0,screener
MONARCH,Mar 2025,2025-03-31,annual,78.0,718.0,9.0,430.0,1236.0,21.0,0.0,120.0,1094.0,1236.0,-111.0,screener
MONARCH,Mar 2026,2026-03-31,annual,79.0,892.0,37.0,564.0,1572.0,21.0,0.0,218.0,1333.0,1572.0,-181.0,screener
MONTECARLO,Mar 2022,2022-03-31,annual,21.0,667.0,156.0,274.0,1117.0,232.0,3.0,217.0,664.0,1117.0,-61.0,screener
MONTECARLO,Mar 2023,2023-03-31,annual,21.0,756.0,331.0,389.0,1496.0,281.0,19.0,234.0,962.0,1496.0,97.0,screener
MONTECARLO,Mar 2024,2024-03-31,annual,21.0,774.0,382.0,339.0,1516.0,332.0,0.0,225.0,959.0,1516.0,157.0,screener
MONTECARLO,Mar 2025,2025-03-31,annual,21.0,813.0,514.0,367.0,1716.0,390.0,0.0,246.0,1080.0,1716.0,268.0,screener
MONTECARLO,Mar 2026,2026-03-31,annual,21.0,885.0,580.0,435.0,1920.0,389.0,24.0,252.0,1255.0,1920.0,328.0,screener
MOSCHIP,Mar 2022,2022-03-31,annual,32.0,33.0,68.0,29.0,162.0,94.0,0.0,0.0,68.0,162.0,68.0,screener
MOSCHIP,Mar 2023,2023-03-31,annual,33.0,80.0,72.0,30.0,215.0,110.0,0.0,0.0,105.0,215.0,72.0,screener
MOSCHIP,Mar 2024,2024-03-31,annual,38.0,232.0,69.0,44.0,382.0,236.0,9.0,0.0,138.0,382.0,69.0,screener
MOSCHIP,Mar 2025,2025-03-31,annual,38.0,290.0,21.0,94.0,444.0,229.0,22.0,0.0,193.0,444.0,21.0,screener
MOSCHIP,Mar 2026,2026-03-31,annual,39.0,370.0,88.0,246.0,743.0,313.0,0.0,0.0,430.0,743.0,88.0,screener
MOTHERSON,Mar 2022,2022-03-31,annual,452.0,20136.0,14130.0,21008.0,55726.0,21411.0,1310.0,6462.0,26543.0,55726.0,7668.0,screener
MOTHERSON,Mar 2023,2023-03-31,annual,678.0,21774.0,13792.0,25086.0,61330.0,23147.0,1478.0,6290.0,30415.0,61330.0,7502.0,screener
MOTHERSON,Mar 2024,2024-03-31,annual,678.0,25477.0,19922.0,38101.0,84178.0,30122.0,2498.0,6521.0,45037.0,84178.0,13401.0,screener
MOTHERSON,Mar 2025,2025-03-31,annual,704.0,34177.0,17222.0,39768.0,91870.0,33181.0,2646.0,6600.0,49444.0,91870.0,10622.0,screener
MOTHERSON,Mar 2026,2026-03-31,annual,1055.0,39924.0,19170.0,50346.0,110495.0,38576.0,4016.0,7238.0,60666.0,110495.0,11932.0,screener
MOTILALOFS,Mar 2022,2022-03-31,annual,15.0,5659.0,6152.0,5033.0,16860.0,357.0,0.0,4685.0,11818.0,16860.0,1467.0,screener
MOTILALOFS,Mar 2023,2023-03-31,annual,15.0,6237.0,10278.0,6419.0,22949.0,466.0,0.0,4787.0,17696.0,22949.0,5491.0,screener
MOTILALOFS,Mar 2024,2024-03-31,annual,15.0,8717.0,13787.0,9252.0,31771.0,603.0,0.0,6501.0,24667.0,31771.0,7286.0,screener
MOTILALOFS,Mar 2025,2025-03-31,annual,60.0,11019.0,14732.0,8106.0,33916.0,754.0,115.0,8851.0,24197.0,33916.0,5881.0,screener
MOTILALOFS,Mar 2026,2026-03-31,annual,60.0,12828.0,21255.0,9258.0,43401.0,769.0,115.0,10299.0,32218.0,43401.0,10956.0,screener
MPHASIS,Mar 2022,2022-03-31,annual,188.0,6755.0,527.0,3214.0,10684.0,3774.0,11.0,1813.0,5087.0,10684.0,-1286.0,screener
MPHASIS,Mar 2023,2023-03-31,annual,188.0,7746.0,198.0,3373.0,11506.0,4060.0,32.0,1753.0,5662.0,11506.0,-1555.0,screener
MPHASIS,Mar 2024,2024-03-31,annual,189.0,8606.0,1544.0,3662.0,14000.0,5533.0,61.0,3090.0,5316.0,14000.0,-1546.0,screener
MPHASIS,Mar 2025,2025-03-31,annual,190.0,9438.0,1888.0,3228.0,14744.0,5781.0,0.0,2208.0,6754.0,14744.0,-320.0,screener
MPHASIS,Mar 2026,2026-03-31,annual,191.0,10553.0,2620.0,4246.0,17609.0,6435.0,0.0,1769.0,9404.0,17609.0,851.0,screener
MPSLTD,Mar 2022,2022-03-31,annual,17.0,350.0,12.0,118.0,497.0,144.0,0.0,6.0,347.0,497.0,6.0,screener
MPSLTD,Mar 2023,2023-03-31,annual,17.0,407.0,8.0,119.0,551.0,173.0,0.0,28.0,350.0,551.0,-20.0,screener
MPSLTD,Mar 2024,2024-03-31,annual,17.0,443.0,5.0,271.0,736.0,388.0,1.0,30.0,316.0,736.0,-25.0,screener
MPSLTD,Mar 2025,2025-03-31,annual,17.0,461.0,4.0,188.0,670.0,343.0,3.0,21.0,303.0,670.0,-17.0,screener
MPSLTD,Mar 2026,2026-03-31,annual,17.0,579.0,61.0,285.0,942.0,540.0,0.0,25.0,377.0,942.0,36.0,screener
MRPL,Mar 2022,2022-03-31,annual,1753.0,5457.0,21310.0,11561.0,40081.0,21384.0,170.0,29.0,18499.0,40081.0,21281.0,screener
MRPL,Mar 2023,2023-03-31,annual,1753.0,8112.0,16939.0,8410.0,35214.0,20396.0,475.0,46.0,14297.0,35214.0,16893.0,screener
MRPL,Mar 2024,2024-03-31,annual,1753.0,11530.0,12687.0,9467.0,35437.0,20410.0,744.0,48.0,14234.0,35437.0,12639.0,screener
MRPL,Mar 2025,2025-03-31,annual,1753.0,11217.0,13143.0,8329.0,34442.0,20095.0,729.0,55.0,13562.0,34442.0,13088.0,screener
MRPL,Mar 2026,2026-03-31,annual,1753.0,12444.0,15341.0,14943.0,44481.0,20520.0,826.0,45.0,23091.0,44481.0,15296.0,screener
MSTCLTD,Mar 2022,2022-03-31,annual,70.0,584.0,150.0,1211.0,2015.0,142.0,0.0,21.0,1853.0,2015.0,129.0,screener
MSTCLTD,Mar 2023,2023-03-31,annual,70.0,716.0,145.0,1758.0,2690.0,141.0,0.0,19.0,2529.0,2690.0,126.0,screener
MSTCLTD,Mar 2024,2024-03-31,annual,70.0,577.0,145.0,1030.0,1822.0,68.0,0.0,28.0,1725.0,1822.0,117.0,screener
MSTCLTD,Mar 2025,2025-03-31,annual,70.0,668.0,145.0,1235.0,2118.0,65.0,0.0,12.0,2042.0,2118.0,133.0,screener
MSTCLTD,Mar 2026,2026-03-31,annual,70.0,834.0,145.0,962.0,2011.0,206.0,0.0,12.0,1792.0,2011.0,133.0,screener
MTARTECH,Mar 2022,2022-03-31,annual,31.0,489.0,96.0,112.0,728.0,196.0,44.0,62.0,425.0,728.0,34.0,screener
MTARTECH,Mar 2023,2023-03-31,annual,31.0,589.0,143.0,300.0,1063.0,291.0,64.0,27.0,680.0,1063.0,116.0,screener
MTARTECH,Mar 2024,2024-03-31,annual,31.0,646.0,191.0,140.0,1008.0,341.0,73.0,0.0,594.0,1008.0,191.0,screener
MTARTECH,Mar 2025,2025-03-31,annual,31.0,698.0,177.0,224.0,1130.0,439.0,53.0,0.0,638.0,1130.0,177.0,screener
MTARTECH,Mar 2026,2026-03-31,annual,31.0,792.0,377.0,544.0,1743.0,514.0,34.0,215.0,979.0,1743.0,162.0,screener
MUFIN,Mar 2024,2024-03-31,annual,16.0,228.0,,41.0,926.0,9.0,0.0,5.0,912.0,926.0,,screener
MUFIN,Mar 2025,2025-03-31,annual,16.0,253.0,,50.0,1033.0,6.0,0.0,5.0,1022.0,1033.0,,screener
MUFIN,Mar 2026,2026-03-31,annual,20.0,555.0,,55.0,2028.0,7.0,0.0,165.0,1855.0,2028.0,,screener
MUKANDLTD,Mar 2022,2022-03-31,annual,145.0,522.0,2036.0,822.0,3524.0,484.0,32.0,128.0,2880.0,3524.0,1908.0,screener
MUKANDLTD,Mar 2023,2023-03-31,annual,145.0,709.0,1505.0,819.0,3178.0,488.0,30.0,159.0,2501.0,3178.0,1346.0,screener
MUKANDLTD,Mar 2024,2024-03-31,annual,145.0,760.0,1489.0,636.0,3030.0,452.0,34.0,10.0,2534.0,3030.0,1479.0,screener
MUKANDLTD,Mar 2025,2025-03-31,annual,145.0,805.0,1559.0,1033.0,3542.0,539.0,140.0,29.0,2833.0,3542.0,1530.0,screener
MUKANDLTD,Mar 2026,2026-03-31,annual,145.0,1378.0,1697.0,858.0,4077.0,632.0,93.0,40.0,3312.0,4077.0,1657.0,screener
MUNJALAU,Mar 2022,2022-03-31,annual,20.0,317.0,116.0,508.0,961.0,263.0,4.0,118.0,576.0,961.0,-2.0,screener
MUNJALAU,Mar 2023,2023-03-31,annual,20.0,364.0,282.0,602.0,1268.0,416.0,8.0,104.0,740.0,1268.0,178.0,screener
MUNJALAU,Mar 2024,2024-03-31,annual,20.0,381.0,276.0,527.0,1205.0,399.0,9.0,171.0,626.0,1205.0,105.0,screener
MUNJALAU,Mar 2025,2025-03-31,annual,20.0,396.0,350.0,454.0,1219.0,440.0,18.0,129.0,633.0,1219.0,221.0,screener
MUNJALAU,Mar 2026,2026-03-31,annual,20.0,428.0,423.0,584.0,1455.0,317.0,157.0,116.0,865.0,1455.0,307.0,screener
MUTHOOTFIN,Mar 2022,2022-03-31,annual,401.0,18384.0,,2946.0,76300.0,342.0,52.0,523.0,75382.0,76300.0,,screener
MUTHOOTFIN,Mar 2023,2023-03-31,annual,401.0,21264.0,,2664.0,80134.0,386.0,67.0,546.0,79135.0,80134.0,,screener
MUTHOOTFIN,Mar 2024,2024-03-31,annual,401.0,24706.0,,3221.0,96453.0,482.0,89.0,712.0,95170.0,96453.0,,screener
MUTHOOTFIN,Mar 2025,2025-03-31,annual,401.0,28965.0,,4085.0,132835.0,682.0,13.0,2401.0,129739.0,132835.0,,screener
MUTHOOTFIN,Mar 2026,2026-03-31,annual,401.0,38729.0,,4784.0,195721.0,721.0,11.0,550.0,194439.0,195721.0,,screener
MWL,Mar 2022,2022-03-31,annual,18.0,27.0,47.0,30.0,123.0,51.0,0.0,4.0,68.0,123.0,43.0,screener
MWL,Mar 2023,2023-03-31,annual,24.0,111.0,85.0,39.0,259.0,92.0,0.0,3.0,164.0,259.0,82.0,screener
MWL,Mar 2024,2024-03-31,annual,26.0,154.0,103.0,131.0,414.0,103.0,2.0,3.0,306.0,414.0,100.0,screener
MWL,Mar 2025,2025-03-31,annual,30.0,226.0,192.0,189.0,636.0,99.0,0.0,32.0,506.0,636.0,160.0,screener
MWL,Mar 2026,2026-03-31,annual,30.0,270.0,236.0,393.0,929.0,91.0,16.0,33.0,788.0,929.0,203.0,screener
NACLIND,Mar 2022,2022-03-31,annual,20.0,469.0,531.0,496.0,1516.0,238.0,116.0,13.0,1148.0,1516.0,518.0,screener
NACLIND,Mar 2023,2023-03-31,annual,20.0,554.0,724.0,616.0,1914.0,402.0,71.0,14.0,1427.0,1914.0,710.0,screener
NACLIND,Mar 2024,2024-03-31,annual,20.0,491.0,789.0,518.0,1818.0,439.0,47.0,15.0,1318.0,1818.0,774.0,screener
NACLIND,Mar 2025,2025-03-31,annual,20.0,407.0,399.0,397.0,1223.0,439.0,43.0,16.0,726.0,1223.0,383.0,screener
NACLIND,Mar 2026,2026-03-31,annual,23.0,660.0,312.0,369.0,1364.0,459.0,18.0,8.0,879.0,1364.0,304.0,screener
NAHARINDUS,Mar 2022,2022-03-31,annual,40.0,857.0,704.0,228.0,1829.0,530.0,5.0,94.0,1201.0,1829.0,610.0,screener
NAHARINDUS,Mar 2023,2023-03-31,annual,43.0,916.0,276.0,124.0,1361.0,533.0,34.0,83.0,711.0,1361.0,193.0,screener
NAHARINDUS,Mar 2024,2024-03-31,annual,43.0,927.0,532.0,155.0,1658.0,599.0,56.0,121.0,880.0,1658.0,411.0,screener
NAHARINDUS,Mar 2025,2025-03-31,annual,43.0,947.0,622.0,181.0,1793.0,746.0,42.0,113.0,892.0,1793.0,509.0,screener
NAHARINDUS,Mar 2026,2026-03-31,annual,43.0,1000.0,682.0,175.0,1900.0,804.0,66.0,112.0,918.0,1900.0,570.0,screener
NAHARPOLY,Mar 2022,2022-03-31,annual,13.0,900.0,173.0,58.0,1144.0,293.0,2.0,715.0,135.0,1144.0,-542.0,screener
NAHARPOLY,Mar 2023,2023-03-31,annual,13.0,767.0,163.0,36.0,979.0,269.0,0.0,568.0,142.0,979.0,-405.0,screener
NAHARPOLY,Mar 2024,2024-03-31,annual,13.0,786.0,126.0,34.0,959.0,237.0,0.0,623.0,98.0,959.0,-497.0,screener
NAHARPOLY,Mar 2025,2025-03-31,annual,13.0,789.0,96.0,51.0,948.0,210.0,0.0,588.0,150.0,948.0,-492.0,screener
NAHARPOLY,Mar 2026,2026-03-31,annual,13.0,854.0,79.0,54.0,1000.0,180.0,22.0,611.0,186.0,1000.0,-532.0,screener
NAM-INDIA,Mar 2022,2022-03-31,annual,622.0,2857.0,0.0,318.0,3797.0,296.0,0.0,2942.0,559.0,3797.0,-2942.0,screener
NAM-INDIA,Mar 2023,2023-03-31,annual,623.0,2892.0,0.0,345.0,3861.0,305.0,2.0,3023.0,530.0,3861.0,-3023.0,screener
NAM-INDIA,Mar 2024,2024-03-31,annual,630.0,3352.0,79.0,314.0,4375.0,331.0,2.0,3513.0,530.0,4375.0,-3434.0,screener
NAM-INDIA,Mar 2025,2025-03-31,annual,635.0,3578.0,88.0,369.0,4670.0,868.0,4.0,3324.0,475.0,4670.0,-3236.0,screener
NAM-INDIA,Mar 2026,2026-03-31,annual,638.0,4021.0,75.0,458.0,5192.0,916.0,2.0,3767.0,507.0,5192.0,-3692.0,screener
NATCAPSUQ,Mar 2022,2022-03-31,annual,7.0,76.0,53.0,29.0,165.0,66.0,20.0,0.0,79.0,165.0,53.0,screener
NATCAPSUQ,Mar 2023,2023-03-31,annual,9.0,114.0,97.0,70.0,290.0,97.0,88.0,0.0,105.0,290.0,97.0,screener
NATCAPSUQ,Mar 2024,2024-03-31,annual,9.0,194.0,109.0,64.0,377.0,103.0,144.0,3.0,127.0,377.0,106.0,screener
NATCAPSUQ,Mar 2025,2025-03-31,annual,10.0,176.0,152.0,81.0,419.0,284.0,0.0,3.0,133.0,419.0,149.0,screener
NATCAPSUQ,Mar 2026,2026-03-31,annual,10.0,165.0,162.0,87.0,424.0,274.0,4.0,3.0,143.0,424.0,159.0,screener
NATCOPHARM,Mar 2022,2022-03-31,annual,36.0,4227.0,416.0,430.0,5109.0,2312.0,130.0,308.0,2360.0,5109.0,108.0,screener
NATCOPHARM,Mar 2023,2023-03-31,annual,36.0,4837.0,167.0,617.0,5657.0,2427.0,64.0,392.0,2774.0,5657.0,-225.0,screener
NATCOPHARM,Mar 2024,2024-03-31,annual,36.0,5817.0,371.0,682.0,6906.0,2491.0,137.0,539.0,3739.0,6906.0,-168.0,screener
NATCOPHARM,Mar 2025,2025-03-31,annual,36.0,7571.0,279.0,744.0,8631.0,2698.0,225.0,474.0,5234.0,8631.0,-195.0,screener
NATCOPHARM,Mar 2026,2026-03-31,annual,36.0,9185.0,714.0,1139.0,11074.0,2803.0,294.0,3127.0,4850.0,11074.0,-2413.0,screener
NATIONALUM,Mar 2022,2022-03-31,annual,918.0,11634.0,77.0,4646.0,17276.0,7343.0,2235.0,375.0,7322.0,17276.0,-298.0,screener
NATIONALUM,Mar 2023,2023-03-31,annual,918.0,12208.0,105.0,4396.0,17627.0,7303.0,3269.0,359.0,6696.0,17627.0,-254.0,screener
NATIONALUM,Mar 2024,2024-03-31,annual,918.0,13470.0,96.0,4751.0,19235.0,7383.0,4573.0,342.0,6938.0,19235.0,-246.0,screener
NATIONALUM,Mar 2025,2025-03-31,annual,918.0,16887.0,182.0,4895.0,22882.0,7748.0,4936.0,774.0,9424.0,22882.0,-592.0,screener
NATIONALUM,Mar 2026,2026-03-31,annual,918.0,20685.0,60.0,4881.0,26544.0,7650.0,6296.0,533.0,12065.0,26544.0,-473.0,screener
NAUKRI,Mar 2022,2022-03-31,annual,129.0,17113.0,64.0,3177.0,20483.0,1033.0,0.0,15614.0,3836.0,20483.0,-15550.0,screener
NAUKRI,Mar 2023,2023-03-31,annual,129.0,13269.0,108.0,3153.0,16658.0,801.0,4.0,12403.0,3450.0,16658.0,-12295.0,screener
NAUKRI,Mar 2024,2024-03-31,annual,129.0,30133.0,246.0,5581.0,36089.0,810.0,0.0,31203.0,4077.0,36089.0,-30957.0,screener
NAUKRI,Mar 2025,2025-03-31,annual,129.0,34774.0,267.0,7600.0,42771.0,785.0,3.0,37661.0,4322.0,42771.0,-37394.0,screener
NAUKRI,Mar 2026,2026-03-31,annual,130.0,37784.0,259.0,9388.0,47559.0,750.0,18.0,42299.0,4492.0,47559.0,-42040.0,screener
NAVA,Mar 2022,2022-03-31,annual,29.0,4924.0,3587.0,2161.0,10701.0,5546.0,17.0,529.0,4609.0,10701.0,3058.0,screener
NAVA,Mar 2023,2023-03-31,annual,29.0,5996.0,3074.0,2014.0,11114.0,5664.0,47.0,450.0,4953.0,11114.0,2624.0,screener
NAVA,Mar 2024,2024-03-31,annual,29.0,6880.0,414.0,2346.0,9668.0,5559.0,50.0,514.0,3546.0,9668.0,-100.0,screener
NAVA,Mar 2025,2025-03-31,annual,28.0,7583.0,893.0,2758.0,11262.0,5528.0,575.0,1042.0,4118.0,11262.0,-149.0,screener
NAVA,Mar 2026,2026-03-31,annual,28.0,8717.0,2226.0,3401.0,14372.0,5753.0,2185.0,1408.0,5027.0,14372.0,818.0,screener
NAVINFLUOR,Mar 2022,2022-03-31,annual,10.0,1834.0,121.0,420.0,2385.0,556.0,742.0,118.0,969.0,2385.0,3.0,screener
NAVINFLUOR,Mar 2023,2023-03-31,annual,10.0,2175.0,861.0,484.0,3529.0,1646.0,279.0,44.0,1561.0,3529.0,817.0,screener
NAVINFLUOR,Mar 2024,2024-03-31,annual,10.0,2373.0,1368.0,626.0,4377.0,1875.0,711.0,495.0,1296.0,4377.0,873.0,screener
NAVINFLUOR,Mar 2025,2025-03-31,annual,10.0,2616.0,1466.0,738.0,4830.0,2736.0,355.0,480.0,1259.0,4830.0,986.0,screener
NAVINFLUOR,Mar 2026,2026-03-31,annual,10.0,3964.0,1272.0,1133.0,6379.0,3324.0,143.0,1229.0,1683.0,6379.0,43.0,screener
NAVKARCORP,Mar 2014,2014-03-31,annual,18.0,413.0,439.0,47.0,917.0,656.0,44.0,20.0,198.0,917.0,419.0,screener
NAVKARCORP,Mar 2015,2015-03-31,annual,110.0,632.0,558.0,60.0,1359.0,1073.0,27.0,5.0,253.0,1359.0,553.0,screener
NAVKARCORP,Mar 2016,2016-03-31,annual,143.0,1221.0,503.0,130.0,1996.0,1171.0,275.0,46.0,505.0,1996.0,457.0,screener
NAVKARCORP,Mar 2017,2017-03-31,annual,143.0,1306.0,505.0,135.0,2089.0,1194.0,517.0,46.0,332.0,2089.0,459.0,screener
NAVKARCORP,Sep 2017,2017-09-30,annual,143.0,1352.0,413.0,204.0,2112.0,1235.0,585.0,0.0,292.0,2112.0,413.0,screener
NAVNETEDUL,Mar 2022,2022-03-31,annual,45.0,903.0,135.0,186.0,1269.0,249.0,4.0,167.0,850.0,1269.0,-32.0,screener
NAVNETEDUL,Mar 2023,2023-03-31,annual,45.0,1105.0,288.0,218.0,1657.0,240.0,7.0,300.0,1109.0,1657.0,-12.0,screener
NAVNETEDUL,Mar 2024,2024-03-31,annual,45.0,1248.0,258.0,196.0,1747.0,250.0,6.0,285.0,1206.0,1747.0,-27.0,screener
NAVNETEDUL,Mar 2025,2025-03-31,annual,44.0,1790.0,200.0,320.0,2354.0,346.0,43.0,763.0,1201.0,2354.0,-563.0,screener
NAVNETEDUL,Mar 2026,2026-03-31,annual,44.0,1998.0,108.0,416.0,2566.0,396.0,38.0,975.0,1157.0,2566.0,-867.0,screener
NAZARA,Mar 2022,2022-03-31,annual,13.0,1028.0,4.0,358.0,1404.0,424.0,1.0,442.0,537.0,1404.0,-438.0,screener
NAZARA,Mar 2023,2023-03-31,annual,26.0,1078.0,38.0,555.0,1698.0,583.0,0.0,332.0,783.0,1698.0,-294.0,screener
NAZARA,Mar 2024,2024-03-31,annual,31.0,1968.0,28.0,727.0,2753.0,608.0,0.0,439.0,1706.0,2753.0,-411.0,screener
NAZARA,Mar 2025,2025-03-31,annual,35.0,2828.0,219.0,1336.0,4418.0,1731.0,14.0,1312.0,1362.0,4418.0,-1093.0,screener
NAZARA,Mar 2026,2026-03-31,annual,74.0,3399.0,215.0,683.0,4371.0,1473.0,1.0,2064.0,834.0,4371.0,-1849.0,screener
NBCC,Mar 2022,2022-03-31,annual,180.0,1588.0,0.0,11715.0,13483.0,175.0,2.0,18.0,13287.0,13483.0,-18.0,screener
NBCC,Mar 2023,2023-03-31,annual,180.0,1764.0,0.0,10968.0,12913.0,182.0,4.0,21.0,12705.0,12913.0,-21.0,screener
NBCC,Mar 2024,2024-03-31,annual,180.0,2046.0,1.0,10513.0,12739.0,185.0,12.0,276.0,12266.0,12739.0,-275.0,screener
NBCC,Mar 2025,2025-03-31,annual,270.0,2209.0,0.0,11208.0,13688.0,531.0,4.0,265.0,12887.0,13688.0,-265.0,screener
NBCC,Mar 2026,2026-03-31,annual,270.0,2747.0,0.0,13256.0,16274.0,614.0,38.0,19.0,15603.0,16274.0,-19.0,screener
NCC,Mar 2022,2022-03-31,annual,122.0,5481.0,1302.0,7553.0,14458.0,1443.0,7.0,346.0,12662.0,14458.0,956.0,screener
NCC,Mar 2023,2023-03-31,annual,126.0,6041.0,974.0,9409.0,16550.0,1503.0,22.0,352.0,14673.0,16550.0,622.0,screener
NCC,Mar 2024,2024-03-31,annual,126.0,6514.0,980.0,10475.0,18095.0,1565.0,41.0,155.0,16334.0,18095.0,825.0,screener
NCC,Mar 2025,2025-03-31,annual,126.0,7198.0,1594.0,12083.0,21000.0,1650.0,37.0,148.0,19165.0,21000.0,1446.0,screener
NCC,Mar 2026,2026-03-31,annual,126.0,7743.0,3457.0,14639.0,25965.0,2056.0,351.0,153.0,23405.0,25965.0,3304.0,screener
NCLIND,Mar 2022,2022-03-31,annual,45.0,696.0,404.0,326.0,1471.0,802.0,171.0,0.0,498.0,1471.0,404.0,screener
NCLIND,Mar 2023,2023-03-31,annual,45.0,725.0,292.0,444.0,1506.0,1006.0,28.0,5.0,467.0,1506.0,287.0,screener
NCLIND,Mar 2024,2024-03-31,annual,45.0,804.0,218.0,472.0,1539.0,1000.0,39.0,4.0,496.0,1539.0,214.0,screener
NCLIND,Mar 2025,2025-03-31,annual,45.0,813.0,252.0,524.0,1635.0,953.0,148.0,4.0,530.0,1635.0,248.0,screener
NCLIND,Mar 2026,2026-03-31,annual,45.0,895.0,239.0,395.0,1574.0,1121.0,2.0,0.0,451.0,1574.0,239.0,screener
NDLVENTURE,Mar 2019,2019-03-31,annual,21.0,517.0,1204.0,749.0,2491.0,768.0,22.0,1226.0,475.0,2491.0,-22.0,screener
NDLVENTURE,Mar 2020,2020-03-31,annual,21.0,103.0,1088.0,746.0,1957.0,1162.0,12.0,8.0,775.0,1957.0,1080.0,screener
NDLVENTURE,Mar 2021,2021-03-31,annual,24.0,59.0,1136.0,659.0,1878.0,1152.0,10.0,13.0,704.0,1878.0,1123.0,screener
NDLVENTURE,Mar 2022,2022-03-31,annual,34.0,314.0,1190.0,486.0,2024.0,1180.0,6.0,12.0,826.0,2024.0,1178.0,screener
NDLVENTURE,Sep 2022,2022-09-30,annual,34.0,214.0,1243.0,643.0,2134.0,1218.0,6.0,21.0,889.0,2134.0,1222.0,screener
NDRAUTO,Mar 2022,2022-03-31,annual,6.0,185.0,13.0,46.0,250.0,47.0,32.0,43.0,128.0,250.0,-30.0,screener
NDRAUTO,Mar 2023,2023-03-31,annual,6.0,212.0,34.0,92.0,344.0,133.0,13.0,51.0,146.0,344.0,-17.0,screener
NDRAUTO,Mar 2024,2024-03-31,annual,12.0,242.0,31.0,112.0,396.0,147.0,12.0,56.0,181.0,396.0,-25.0,screener
NDRAUTO,Mar 2025,2025-03-31,annual,24.0,279.0,32.0,151.0,486.0,153.0,28.0,63.0,242.0,486.0,-31.0,screener
NDRAUTO,Mar 2026,2026-03-31,annual,24.0,334.0,62.0,144.0,563.0,269.0,19.0,83.0,192.0,563.0,-21.0,screener
NELCAST,Mar 2022,2022-03-31,annual,17.0,424.0,280.0,242.0,963.0,467.0,13.0,0.0,482.0,963.0,280.0,screener
NELCAST,Mar 2023,2023-03-31,annual,17.0,451.0,304.0,256.0,1028.0,459.0,13.0,11.0,545.0,1028.0,293.0,screener
NELCAST,Mar 2024,2024-03-31,annual,17.0,502.0,329.0,284.0,1132.0,446.0,56.0,13.0,617.0,1132.0,316.0,screener
NELCAST,Mar 2025,2025-03-31,annual,17.0,535.0,294.0,317.0,1164.0,512.0,2.0,23.0,627.0,1164.0,271.0,screener
NELCAST,Mar 2026,2026-03-31,annual,17.0,579.0,257.0,345.0,1199.0,503.0,0.0,24.0,672.0,1199.0,233.0,screener
NELCO,Mar 2022,2022-03-31,annual,23.0,66.0,81.0,93.0,263.0,110.0,3.0,0.0,150.0,263.0,81.0,screener
NELCO,Mar 2023,2023-03-31,annual,23.0,82.0,63.0,95.0,262.0,95.0,1.0,0.0,165.0,262.0,63.0,screener
NELCO,Mar 2024,2024-03-31,annual,23.0,101.0,57.0,102.0,282.0,87.0,10.0,4.0,181.0,282.0,53.0,screener
NELCO,Mar 2025,2025-03-31,annual,23.0,105.0,53.0,107.0,287.0,78.0,9.0,4.0,197.0,287.0,49.0,screener
NELCO,Mar 2026,2026-03-31,annual,23.0,106.0,73.0,146.0,347.0,77.0,41.0,4.0,225.0,347.0,69.0,screener
NEOCHEM,Mar 2023,2023-03-31,annual,5.43,2.63,26.24,16.31,50.61,14.67,0.04,0.0,35.9,50.61,26.24,screener
NEOCHEM,Mar 2024,2024-03-31,annual,6.68,5.33,33.32,18.73,64.06,18.81,0.03,0.0,45.22,64.06,33.32,screener
NEOCHEM,Mar 2025,2025-03-31,annual,6.68,13.08,35.63,23.5,78.89,18.67,0.06,0.0,60.16,78.89,35.63,screener
NEOGEN,Mar 2022,2022-03-31,annual,25.0,414.0,229.0,131.0,799.0,285.0,11.0,82.0,422.0,799.0,147.0,screener
NEOGEN,Mar 2023,2023-03-31,annual,25.0,458.0,370.0,202.0,1054.0,347.0,36.0,77.0,594.0,1054.0,293.0,screener
NEOGEN,Mar 2024,2024-03-31,annual,26.0,734.0,409.0,292.0,1461.0,496.0,109.0,0.0,856.0,1461.0,409.0,screener
NEOGEN,Mar 2025,2025-03-31,annual,26.0,763.0,597.0,361.0,1747.0,404.0,156.0,0.0,1187.0,1747.0,597.0,screener
NEOGEN,Mar 2026,2026-03-31,annual,26.0,790.0,1395.0,691.0,2902.0,475.0,857.0,0.0,1570.0,2902.0,1395.0,screener
NEPHROCARE,Mar 2026,2026-03-31,annual,16.49,40.37,0.0,15.86,72.72,34.12,0.43,11.77,26.4,72.72,-11.77,screener
NEPHROPLUS,Mar 2022,2022-03-31,annual,2.0,391.0,119.0,59.0,571.0,205.0,43.0,0.0,322.0,571.0,119.0,screener
NEPHROPLUS,Mar 2023,2023-03-31,annual,2.0,384.0,200.0,81.0,666.0,239.0,34.0,0.0,393.0,666.0,200.0,screener
NEPHROPLUS,Mar 2024,2024-03-31,annual,2.0,409.0,271.0,124.0,806.0,356.0,1.0,0.0,449.0,806.0,271.0,screener
NEPHROPLUS,Mar 2025,2025-03-31,annual,2.0,579.0,261.0,153.0,994.0,396.0,6.0,51.0,542.0,994.0,210.0,screener
NEPHROPLUS,Mar 2026,2026-03-31,annual,20.0,1096.0,80.0,275.0,1471.0,517.0,6.0,178.0,771.0,1471.0,-98.0,screener
NESCO,Mar 2022,2022-03-31,annual,14.0,1684.0,1.0,273.0,1972.0,846.0,82.0,846.0,197.0,1972.0,-845.0,screener
NESCO,Mar 2023,2023-03-31,annual,14.0,1950.0,0.0,298.0,2263.0,804.0,86.0,1161.0,212.0,2263.0,-1161.0,screener
NESCO,Mar 2024,2024-03-31,annual,14.0,2282.0,0.0,354.0,2650.0,757.0,162.0,1494.0,237.0,2650.0,-1494.0,screener
NESCO,Mar 2025,2025-03-31,annual,14.0,2615.0,1.0,385.0,3016.0,916.0,753.0,1135.0,211.0,3016.0,-1134.0,screener
NESCO,Mar 2026,2026-03-31,annual,14.0,2982.0,272.0,421.0,3689.0,1175.0,763.0,1520.0,231.0,3689.0,-1248.0,screener
NESTLEIND,Mar 2024,2024-03-31,annual,96.0,3244.0,345.0,6838.0,10523.0,3460.0,1742.0,464.0,4857.0,10523.0,-119.0,screener
NESTLEIND,Mar 2025,2025-03-31,annual,96.0,3914.0,1167.0,7016.0,12193.0,5474.0,1173.0,575.0,4972.0,12193.0,592.0,screener
NESTLEIND,Mar 2026,2026-03-31,annual,193.0,4964.0,444.0,7581.0,13182.0,6290.0,507.0,531.0,5854.0,13182.0,-87.0,screener
NETWORK18,Mar 2022,2022-03-31,annual,518.0,237.0,2284.0,6101.0,9140.0,2876.0,259.0,869.0,5137.0,9140.0,1415.0,screener
NETWORK18,Mar 2023,2023-03-31,annual,518.0,157.0,6069.0,7236.0,13980.0,3055.0,916.0,958.0,9051.0,13980.0,5111.0,screener
NETWORK18,Mar 2024,2024-03-31,annual,518.0,14710.0,8156.0,16498.0,39881.0,3681.0,11627.0,4188.0,20385.0,39881.0,3968.0,screener
NETWORK18,Mar 2025,2025-03-31,annual,765.0,3977.0,2960.0,795.0,8498.0,1788.0,0.0,5682.0,1027.0,8498.0,-2722.0,screener
NETWORK18,Mar 2026,2026-03-31,annual,765.0,4153.0,3288.0,790.0,8996.0,1754.0,0.0,6123.0,1118.0,8996.0,-2835.0,screener
NEUEON,Mar 2022,2022-03-31,annual,57.0,-1338.0,2196.0,518.0,1432.0,1096.0,0.0,0.0,336.0,1432.0,2196.0,screener
NEUEON,Mar 2023,2023-03-31,annual,57.0,-1432.0,2196.0,512.0,1333.0,1002.0,0.0,0.0,331.0,1333.0,2196.0,screener
NEUEON,Mar 2024,2024-03-31,annual,57.0,-1504.0,2196.0,512.0,1260.0,908.0,0.0,0.0,352.0,1260.0,2196.0,screener
NEUEON,Mar 2025,2025-03-31,annual,6.0,941.0,53.0,184.0,1184.0,820.0,0.0,0.0,364.0,1184.0,53.0,screener
NEUEON,Mar 2026,2026-03-31,annual,57.0,164.0,42.0,4.0,266.0,80.0,0.0,0.0,186.0,266.0,42.0,screener
NEULANDLAB,Mar 2022,2022-03-31,annual,13.0,828.0,241.0,302.0,1383.0,767.0,20.0,4.0,592.0,1383.0,237.0,screener
NEULANDLAB,Mar 2023,2023-03-31,annual,13.0,981.0,128.0,457.0,1580.0,758.0,41.0,1.0,781.0,1580.0,127.0,screener
NEULANDLAB,Mar 2024,2024-03-31,annual,13.0,1270.0,95.0,454.0,1833.0,824.0,46.0,1.0,962.0,1833.0,94.0,screener
NEULANDLAB,Mar 2025,2025-03-31,annual,13.0,1512.0,157.0,498.0,2180.0,955.0,48.0,109.0,1068.0,2180.0,48.0,screener
NEULANDLAB,Mar 2026,2026-03-31,annual,13.0,1862.0,301.0,754.0,2930.0,1177.0,211.0,2.0,1541.0,2930.0,299.0,screener
NEWGEN,Mar 2022,2022-03-31,annual,70.0,742.0,28.0,264.0,1103.0,230.0,0.0,92.0,781.0,1103.0,-64.0,screener
NEWGEN,Mar 2023,2023-03-31,annual,70.0,907.0,43.0,319.0,1339.0,245.0,0.0,131.0,963.0,1339.0,-88.0,screener
NEWGEN,Mar 2024,2024-03-31,annual,140.0,1084.0,49.0,414.0,1686.0,248.0,3.0,365.0,1070.0,1686.0,-316.0,screener
NEWGEN,Mar 2025,2025-03-31,annual,140.0,1376.0,53.0,475.0,2045.0,259.0,0.0,508.0,1278.0,2045.0,-455.0,screener
NEWGEN,Mar 2026,2026-03-31,annual,141.0,1636.0,39.0,626.0,2442.0,239.0,1.0,703.0,1499.0,2442.0,-664.0,screener
NH,Mar 2022,2022-03-31,annual,204.0,1284.0,723.0,931.0,3143.0,1980.0,67.0,132.0,964.0,3143.0,591.0,screener
NH,Mar 2023,2023-03-31,annual,204.0,1927.0,884.0,1155.0,4170.0,2336.0,259.0,252.0,1323.0,4170.0,632.0,screener
NH,Mar 2024,2024-03-31,annual,204.0,2679.0,1627.0,1123.0,5633.0,2651.0,514.0,844.0,1624.0,5633.0,783.0,screener
NH,Mar 2025,2025-03-31,annual,204.0,3422.0,2428.0,1216.0,7271.0,4266.0,86.0,1084.0,1835.0,7271.0,1344.0,screener
NH,Mar 2026,2026-03-31,annual,204.0,4333.0,5858.0,2088.0,12482.0,7796.0,292.0,573.0,3822.0,12482.0,5285.0,screener
NHPC,Mar 2022,2022-03-31,annual,10045.0,24876.0,26096.0,16271.0,77288.0,21825.0,22522.0,2386.0,30554.0,77288.0,23710.0,screener
NHPC,Mar 2023,2023-03-31,annual,10045.0,26916.0,29540.0,19710.0,86211.0,22137.0,31357.0,499.0,32218.0,86211.0,29041.0,screener
NHPC,Mar 2024,2024-03-31,annual,10045.0,28624.0,32561.0,21037.0,92267.0,21474.0,39798.0,479.0,30516.0,92267.0,32082.0,screener
NHPC,Mar 2025,2025-03-31,annual,10045.0,29623.0,39557.0,23455.0,102680.0,22168.0,50601.0,444.0,29467.0,102680.0,39113.0,screener
NHPC,Mar 2026,2026-03-31,annual,10045.0,31392.0,52327.0,26243.0,120007.0,50290.0,34948.0,440.0,34329.0,120007.0,51887.0,screener
NIACL,Mar 2022,2022-03-31,annual,824.0,24981.0,0.0,70691.0,96496.0,563.0,18.0,71319.0,24597.0,96496.0,-71319.0,screener
NIACL,Mar 2023,2023-03-31,annual,824.0,25040.0,0.0,72359.0,98223.0,564.0,14.0,74360.0,23285.0,98223.0,-74360.0,screener
NIACL,Mar 2024,2024-03-31,annual,824.0,27472.0,0.0,79150.0,107446.0,471.0,20.0,82069.0,24886.0,107446.0,-82069.0,screener
NIACL,Mar 2025,2025-03-31,annual,824.0,28171.0,0.0,80776.0,109771.0,533.0,6.0,80942.0,28290.0,109771.0,-80942.0,screener
NIACL,Mar 2026,2026-03-31,annual,824.0,27707.0,0.0,81817.0,110349.0,520.0,13.0,78160.0,31657.0,110349.0,-78160.0,screener
NIBE,Mar 2023,2023-03-31,annual,12.0,63.0,49.0,30.0,153.0,35.0,10.0,1.0,107.0,153.0,48.0,screener
NIBE,Mar 2024,2024-03-31,annual,13.0,148.0,73.0,82.0,316.0,119.0,22.0,17.0,158.0,316.0,56.0,screener
NIBE,Mar 2025,2025-03-31,annual,14.0,218.0,77.0,133.0,442.0,138.0,33.0,10.0,261.0,442.0,67.0,screener
NIBE,Mar 2026,2026-03-31,annual,15.0,333.0,120.0,185.0,653.0,203.0,62.0,1.0,386.0,653.0,119.0,screener
NIITLTD,Mar 2022,2022-03-31,annual,27.0,1488.0,25.0,566.0,2107.0,371.0,6.0,722.0,1008.0,2107.0,-697.0,screener
NIITLTD,Mar 2023,2023-03-31,annual,27.0,969.0,13.0,131.0,1140.0,245.0,16.0,572.0,306.0,1140.0,-559.0,screener
NIITLTD,Mar 2024,2024-03-31,annual,27.0,1007.0,8.0,122.0,1163.0,260.0,16.0,586.0,302.0,1163.0,-578.0,screener
NIITLTD,Mar 2025,2025-03-31,annual,27.0,1052.0,6.0,118.0,1204.0,258.0,32.0,678.0,236.0,1204.0,-672.0,screener
NIITLTD,Mar 2026,2026-03-31,annual,27.0,1043.0,7.0,177.0,1254.0,373.0,0.0,656.0,225.0,1254.0,-649.0,screener
NIITMTS,Mar 2022,2022-03-31,annual,116.0,430.0,12.0,390.0,947.0,119.0,2.0,99.0,726.0,947.0,-87.0,screener
NIITMTS,Mar 2023,2023-03-31,annual,27.0,743.0,129.0,806.0,1705.0,597.0,12.0,283.0,814.0,1705.0,-154.0,screener
NIITMTS,Mar 2024,2024-03-31,annual,27.0,950.0,132.0,919.0,2029.0,613.0,26.0,378.0,1012.0,2029.0,-246.0,screener
NIITMTS,Mar 2025,2025-03-31,annual,27.0,1183.0,103.0,874.0,2186.0,629.0,10.0,425.0,1123.0,2186.0,-322.0,screener
NIITMTS,Mar 2026,2026-03-31,annual,28.0,1515.0,318.0,1199.0,3060.0,1108.0,0.0,531.0,1421.0,3060.0,-213.0,screener
NILKAMAL,Mar 2022,2022-03-31,annual,15.0,1187.0,354.0,397.0,1953.0,695.0,26.0,35.0,1197.0,1953.0,319.0,screener
NILKAMAL,Mar 2023,2023-03-31,annual,15.0,1299.0,351.0,410.0,2075.0,782.0,22.0,32.0,1239.0,2075.0,319.0,screener
NILKAMAL,Mar 2024,2024-03-31,annual,15.0,1395.0,406.0,405.0,2221.0,775.0,38.0,71.0,1338.0,2221.0,335.0,screener
NILKAMAL,Mar 2025,2025-03-31,annual,15.0,1472.0,531.0,527.0,2544.0,936.0,75.0,47.0,1487.0,2544.0,484.0,screener
NILKAMAL,Mar 2026,2026-03-31,annual,15.0,1562.0,418.0,522.0,2518.0,1031.0,22.0,74.0,1391.0,2518.0,344.0,screener
NIMBSPROJ,Mar 2022,2022-03-31,annual,11.0,-49.0,7.0,128.0,97.0,4.0,0.0,67.0,26.0,97.0,-60.0,screener
NIMBSPROJ,Mar 2023,2023-03-31,annual,11.0,-27.0,4.0,129.0,117.0,4.0,0.0,80.0,34.0,117.0,-76.0,screener
NIMBSPROJ,Mar 2024,2024-03-31,annual,11.0,285.0,21.0,115.0,432.0,57.0,0.0,307.0,68.0,432.0,-286.0,screener
NIMBSPROJ,Mar 2025,2025-03-31,annual,11.0,266.0,185.0,645.0,1106.0,49.0,0.0,321.0,736.0,1106.0,-136.0,screener
NIMBSPROJ,Mar 2026,2026-03-31,annual,19.0,259.0,271.0,669.0,1219.0,54.0,0.0,313.0,851.0,1219.0,-42.0,screener
NINSYS,Mar 2024,2024-03-31,annual,19.0,16.0,2.0,23.0,60.0,4.0,0.0,18.0,38.0,60.0,-16.0,screener
NINSYS,Mar 2025,2025-03-31,annual,19.0,43.0,2.0,50.0,113.0,7.0,0.0,20.0,86.0,113.0,-18.0,screener
NINSYS,Mar 2026,2026-03-31,annual,19.0,73.0,2.0,51.0,144.0,5.0,0.0,36.0,103.0,144.0,-34.0,screener
NITCO,Mar 2022,2022-03-31,annual,72.0,-270.0,812.0,258.0,871.0,368.0,4.0,0.0,499.0,871.0,812.0,screener
NITCO,Mar 2023,2023-03-31,annual,72.0,-421.0,882.0,285.0,818.0,341.0,4.0,0.0,472.0,818.0,882.0,screener
NITCO,Mar 2024,2024-03-31,annual,72.0,-584.0,973.0,269.0,730.0,314.0,4.0,0.0,412.0,730.0,973.0,screener
NITCO,Mar 2025,2025-03-31,annual,229.0,18.0,291.0,384.0,921.0,137.0,4.0,1.0,779.0,921.0,290.0,screener
NITCO,Mar 2026,2026-03-31,annual,241.0,124.0,314.0,411.0,1090.0,120.0,11.0,1.0,958.0,1090.0,313.0,screener
NITINFIRE,Mar 2022,2022-03-31,annual,58.0,-1132.0,590.0,525.0,42.0,19.0,0.0,4.0,18.0,42.0,586.0,screener
NITINFIRE,Mar 2023,2023-03-31,annual,58.0,-1136.0,603.0,516.0,41.0,14.0,0.0,4.0,23.0,41.0,599.0,screener
NITINFIRE,Mar 2024,2024-03-31,annual,58.0,-1143.0,601.0,519.0,36.0,10.0,0.0,4.0,22.0,36.0,597.0,screener
NITINFIRE,Mar 2025,2025-03-31,annual,58.0,-32.0,6.0,9.0,42.0,8.0,0.0,3.0,31.0,42.0,3.0,screener
NITINFIRE,Mar 2026,2026-03-31,annual,58.0,-20.0,4.0,32.0,74.0,10.0,0.0,3.0,60.0,74.0,1.0,screener
NLCINDIA,Mar 2022,2022-03-31,annual,1387.0,12803.0,22086.0,13542.0,49818.0,24875.0,13022.0,7.0,11914.0,49818.0,22079.0,screener
NLCINDIA,Mar 2023,2023-03-31,annual,1387.0,13782.0,22333.0,15605.0,53107.0,24058.0,14636.0,8.0,14405.0,53107.0,22325.0,screener
NLCINDIA,Mar 2024,2024-03-31,annual,1387.0,15144.0,22415.0,16043.0,54989.0,23391.0,17726.0,8.0,13864.0,54989.0,22407.0,screener
NLCINDIA,Mar 2025,2025-03-31,annual,1387.0,17336.0,22429.0,16752.0,57904.0,30699.0,15297.0,8.0,11899.0,57904.0,22421.0,screener
NLCINDIA,Mar 2026,2026-03-31,annual,1387.0,20138.0,27892.0,15786.0,65202.0,36596.0,14293.0,8.0,14305.0,65202.0,27884.0,screener
NMDC,Mar 2022,2022-03-31,annual,293.0,17725.0,1800.0,5094.0,24912.0,3662.0,1333.0,895.0,19022.0,24912.0,905.0,screener
NMDC,Mar 2023,2023-03-31,annual,293.0,22328.0,2128.0,5204.0,29953.0,3199.0,1998.0,940.0,23816.0,29953.0,1188.0,screener
NMDC,Mar 2024,2024-03-31,annual,293.0,25363.0,3359.0,6646.0,35661.0,3377.0,3235.0,956.0,28094.0,35661.0,2403.0,screener
NMDC,Mar 2025,2025-03-31,annual,879.0,28817.0,4276.0,7035.0,41007.0,5038.0,4737.0,978.0,30253.0,41007.0,3298.0,screener
NMDC,Mar 2026,2026-03-31,annual,879.0,33183.0,6407.0,7851.0,48320.0,5856.0,6749.0,1372.0,34344.0,48320.0,5035.0,screener
NOCIL,Mar 2022,2022-03-31,annual,167.0,1279.0,6.0,380.0,1830.0,909.0,8.0,53.0,859.0,1830.0,-47.0,screener
NOCIL,Mar 2023,2023-03-31,annual,167.0,1385.0,10.0,295.0,1857.0,888.0,9.0,218.0,742.0,1857.0,-208.0,screener
NOCIL,Mar 2024,2024-03-31,annual,167.0,1532.0,13.0,304.0,2015.0,870.0,16.0,399.0,730.0,2015.0,-386.0,screener
NOCIL,Mar 2025,2025-03-31,annual,167.0,1595.0,10.0,284.0,2057.0,855.0,60.0,366.0,776.0,2057.0,-356.0,screener
NOCIL,Mar 2026,2026-03-31,annual,167.0,1606.0,8.0,329.0,2111.0,831.0,221.0,415.0,645.0,2111.0,-407.0,screener
NORTHARC,Mar 2022,2022-03-31,annual,89.0,1568.0,,251.0,7973.0,24.0,0.0,1766.0,6183.0,7973.0,,screener
NORTHARC,Mar 2023,2023-03-31,annual,89.0,1784.0,,381.0,9371.0,51.0,1.0,1790.0,7529.0,9371.0,,screener
NORTHARC,Mar 2024,2024-03-31,annual,89.0,2142.0,,345.0,11707.0,57.0,2.0,1785.0,9863.0,11707.0,,screener
NORTHARC,Mar 2025,2025-03-31,annual,161.0,3273.0,,344.0,13638.0,76.0,6.0,2052.0,11504.0,13638.0,,screener
NORTHARC,Mar 2026,2026-03-31,annual,162.0,3734.0,,591.0,16745.0,81.0,0.0,2943.0,13720.0,16745.0,,screener
NPST,Mar 2022,2022-03-31,annual,6.0,16.0,0.0,8.0,30.0,4.0,6.0,0.0,20.0,30.0,0.0,screener
NPST,Mar 2023,2023-03-31,annual,6.0,22.0,0.0,10.0,39.0,9.0,4.0,0.0,26.0,39.0,0.0,screener
NPST,Mar 2024,2024-03-31,annual,19.0,38.0,3.0,19.0,80.0,9.0,0.0,0.0,70.0,80.0,3.0,screener
NPST,Mar 2025,2025-03-31,annual,19.0,84.0,10.0,33.0,146.0,13.0,1.0,0.0,132.0,146.0,10.0,screener
NPST,Mar 2026,2026-03-31,annual,21.0,420.0,14.0,54.0,508.0,55.0,0.0,1.0,452.0,508.0,13.0,screener
NRBBEARING,Mar 2022,2022-03-31,annual,19.0,569.0,302.0,183.0,1074.0,358.0,11.0,34.0,671.0,1074.0,268.0,screener
NRBBEARING,Mar 2023,2023-03-31,annual,19.0,648.0,329.0,215.0,1212.0,351.0,28.0,36.0,796.0,1212.0,293.0,screener
NRBBEARING,Mar 2024,2024-03-31,annual,19.0,841.0,178.0,201.0,1239.0,337.0,43.0,44.0,815.0,1239.0,134.0,screener
NRBBEARING,Mar 2025,2025-03-31,annual,19.0,899.0,187.0,201.0,1306.0,377.0,40.0,58.0,832.0,1306.0,129.0,screener
NRBBEARING,Mar 2026,2026-03-31,annual,19.0,943.0,154.0,239.0,1356.0,422.0,43.0,74.0,818.0,1356.0,80.0,screener
NRVANDANA,Mar 2022,2022-03-31,annual,3.0,16.0,41.0,68.0,127.0,6.0,0.0,4.0,118.0,127.0,37.0,screener
NRVANDANA,Mar 2023,2023-03-31,annual,3.0,18.0,65.0,82.0,168.0,7.0,0.0,4.0,157.0,168.0,61.0,screener
NRVANDANA,Mar 2024,2024-03-31,annual,3.0,25.0,69.0,86.0,184.0,6.0,0.0,4.0,173.0,184.0,65.0,screener
NRVANDANA,Mar 2025,2025-03-31,annual,17.0,20.0,69.0,97.0,203.0,6.0,0.0,4.0,193.0,203.0,65.0,screener
NRVANDANA,Sep 2025,2025-09-30,annual,23.0,44.0,80.0,89.0,236.0,6.0,0.0,5.0,226.0,236.0,75.0,screener
NTPC,Mar 2022,2022-03-31,annual,9697.0,125677.0,210707.0,69751.0,415831.0,224923.0,91126.0,10626.0,89156.0,415831.0,200081.0,screener
NTPC,Mar 2023,2023-03-31,annual,9697.0,137326.0,222913.0,77253.0,447189.0,240424.0,89179.0,13935.0,103651.0,447189.0,208978.0,screener
NTPC,Mar 2024,2024-03-31,annual,9697.0,151013.0,237131.0,81437.0,479278.0,258934.0,87664.0,15885.0,116795.0,479278.0,221246.0,screener
NTPC,Mar 2025,2025-03-31,annual,9697.0,174374.0,250096.0,89330.0,523497.0,271437.0,100859.0,19704.0,131498.0,523497.0,230392.0,screener
NTPC,Mar 2026,2026-03-31,annual,9697.0,193479.0,271005.0,84463.0,558644.0,318821.0,84833.0,24180.0,130810.0,558644.0,246825.0,screener
NTPCGREEN,Mar 2023,2023-03-31,annual,4720.0,168.0,6137.0,7407.0,18431.0,14758.0,1749.0,0.0,1924.0,18431.0,6137.0,screener
NTPCGREEN,Mar 2024,2024-03-31,annual,5720.0,513.0,13856.0,7119.0,27207.0,17573.0,7138.0,0.0,2495.0,27207.0,13856.0,screener
NTPCGREEN,Mar 2025,2025-03-31,annual,8426.0,10014.0,19441.0,7540.0,45421.0,21816.0,13983.0,3199.0,6423.0,45421.0,16242.0,screener
NTPCGREEN,Mar 2026,2026-03-31,annual,8426.0,10539.0,31716.0,9700.0,60382.0,39202.0,14193.0,3536.0,3451.0,60382.0,28180.0,screener
NUCLEUS,Mar 2022,2022-03-31,annual,27.0,467.0,2.0,241.0,737.0,59.0,0.0,480.0,198.0,737.0,-478.0,screener
NUCLEUS,Mar 2023,2023-03-31,annual,27.0,584.0,6.0,257.0,874.0,50.0,1.0,525.0,298.0,874.0,-519.0,screener
NUCLEUS,Mar 2024,2024-03-31,annual,27.0,751.0,5.0,332.0,1114.0,59.0,1.0,649.0,406.0,1114.0,-644.0,screener
NUCLEUS,Mar 2025,2025-03-31,annual,26.0,788.0,2.0,337.0,1153.0,61.0,0.0,641.0,451.0,1153.0,-639.0,screener
NUCLEUS,Mar 2026,2026-03-31,annual,26.0,881.0,9.0,350.0,1266.0,89.0,0.0,644.0,533.0,1266.0,-635.0,screener
NURECA,Mar 2022,2022-03-31,annual,10.0,193.0,4.0,12.0,219.0,10.0,0.0,33.0,175.0,219.0,-29.0,screener
NURECA,Mar 2023,2023-03-31,annual,10.0,185.0,3.0,8.0,207.0,9.0,0.0,59.0,139.0,207.0,-56.0,screener
NURECA,Mar 2024,2024-03-31,annual,10.0,183.0,3.0,10.0,205.0,7.0,0.0,94.0,104.0,205.0,-91.0,screener
NURECA,Mar 2025,2025-03-31,annual,10.0,184.0,5.0,11.0,210.0,9.0,0.0,1.0,200.0,210.0,4.0,screener
NURECA,Mar 2026,2026-03-31,annual,10.0,171.0,2.0,13.0,196.0,14.0,0.0,1.0,182.0,196.0,1.0,screener
NUVAMA,Mar 2022,2022-03-31,annual,35.0,1896.0,3549.0,5119.0,10598.0,219.0,18.0,70.0,10292.0,10598.0,3479.0,screener
NUVAMA,Mar 2023,2023-03-31,annual,35.0,2219.0,5413.0,5048.0,12716.0,284.0,25.0,170.0,12237.0,12716.0,5243.0,screener
NUVAMA,Mar 2024,2024-03-31,annual,35.0,2859.0,6746.0,10747.0,20387.0,290.0,8.0,170.0,19920.0,20387.0,6576.0,screener
NUVAMA,Mar 2025,2025-03-31,annual,36.0,3454.0,7839.0,17059.0,28388.0,312.0,5.0,221.0,27850.0,28388.0,7618.0,screener
NUVAMA,Mar 2026,2026-03-31,annual,36.0,4085.0,11544.0,18827.0,34491.0,289.0,0.0,358.0,33844.0,34491.0,11186.0,screener
NUVOCO,Mar 2022,2022-03-31,annual,357.0,8464.0,5575.0,5218.0,19615.0,15409.0,399.0,186.0,3621.0,19615.0,5389.0,screener
NUVOCO,Mar 2023,2023-03-31,annual,357.0,8482.0,4785.0,5364.0,18988.0,14962.0,596.0,0.0,3430.0,18988.0,4785.0,screener
NUVOCO,Mar 2024,2024-03-31,annual,357.0,8626.0,4404.0,5323.0,18710.0,15027.0,488.0,1.0,3194.0,18710.0,4403.0,screener
NUVOCO,Mar 2025,2025-03-31,annual,357.0,8645.0,4074.0,5082.0,18158.0,14702.0,387.0,1.0,3067.0,18158.0,4073.0,screener
NUVOCO,Mar 2026,2026-03-31,annual,357.0,9872.0,4916.0,5154.0,20299.0,14686.0,2474.0,1.0,3137.0,20299.0,4915.0,screener
NYKAA,Mar 2022,2022-03-31,annual,47.0,1292.0,593.0,714.0,2646.0,483.0,24.0,0.0,2138.0,2646.0,593.0,screener
NYKAA,Mar 2023,2023-03-31,annual,285.0,1093.0,798.0,773.0,2950.0,699.0,31.0,38.0,2182.0,2950.0,760.0,screener
NYKAA,Mar 2024,2024-03-31,annual,286.0,977.0,969.0,1169.0,3401.0,668.0,30.0,34.0,2668.0,3401.0,935.0,screener
NYKAA,Mar 2025,2025-03-31,annual,286.0,1015.0,1321.0,1358.0,3980.0,835.0,37.0,0.0,3108.0,3980.0,1321.0,screener
NYKAA,Mar 2026,2026-03-31,annual,286.0,1152.0,1238.0,1936.0,4611.0,1008.0,9.0,0.0,3594.0,4611.0,1238.0,screener
OAL,Mar 2022,2022-03-31,annual,17.0,588.0,140.0,120.0,865.0,265.0,25.0,0.0,574.0,865.0,140.0,screener
OAL,Mar 2023,2023-03-31,annual,17.0,608.0,231.0,130.0,986.0,273.0,53.0,0.0,661.0,986.0,231.0,screener
OAL,Mar 2024,2024-03-31,annual,17.0,616.0,206.0,157.0,995.0,270.0,173.0,0.0,551.0,995.0,206.0,screener
OAL,Mar 2025,2025-03-31,annual,17.0,646.0,353.0,129.0,1145.0,480.0,5.0,0.0,660.0,1145.0,353.0,screener
OAL,Mar 2026,2026-03-31,annual,17.0,648.0,403.0,127.0,1194.0,460.0,5.0,0.0,730.0,1194.0,403.0,screener
OBEROIRLTY,Mar 2022,2022-03-31,annual,364.0,10053.0,2855.0,2394.0,15666.0,980.0,3298.0,2679.0,8709.0,15666.0,176.0,screener
OBEROIRLTY,Mar 2023,2023-03-31,annual,364.0,11847.0,3944.0,2471.0,18626.0,949.0,4031.0,703.0,12943.0,18626.0,3241.0,screener
OBEROIRLTY,Mar 2024,2024-03-31,annual,364.0,13481.0,2495.0,3293.0,19633.0,3053.0,2705.0,818.0,13057.0,19633.0,1677.0,screener
OBEROIRLTY,Mar 2025,2025-03-31,annual,364.0,15341.0,3300.0,3710.0,22715.0,4685.0,1604.0,2535.0,13891.0,22715.0,765.0,screener
OBEROIRLTY,Mar 2026,2026-03-31,annual,364.0,17558.0,2825.0,4580.0,25327.0,4700.0,1752.0,1737.0,17138.0,25327.0,1088.0,screener
OFSS,Mar 2022,2022-03-31,annual,43.0,7057.0,83.0,1409.0,8592.0,871.0,4.0,0.0,7717.0,8592.0,83.0,screener
OFSS,Mar 2023,2023-03-31,annual,43.0,7416.0,69.0,1590.0,9119.0,847.0,1.0,0.0,8271.0,9119.0,69.0,screener
OFSS,Mar 2024,2024-03-31,annual,43.0,7816.0,43.0,1848.0,9749.0,805.0,3.0,0.0,8942.0,9749.0,43.0,screener
OFSS,Mar 2025,2025-03-31,annual,43.0,8319.0,46.0,1659.0,10067.0,796.0,9.0,0.0,9262.0,10067.0,46.0,screener
OFSS,Mar 2026,2026-03-31,annual,44.0,7783.0,32.0,2075.0,9934.0,782.0,16.0,0.0,9136.0,9934.0,32.0,screener
OIL,Mar 2022,2022-03-31,annual,1084.0,29478.0,16721.0,13846.0,61129.0,16805.0,5900.0,27099.0,11325.0,61129.0,-10378.0,screener
OIL,Mar 2023,2023-03-31,annual,1084.0,37397.0,18832.0,16866.0,74179.0,18098.0,11953.0,27924.0,16204.0,74179.0,-9092.0,screener
OIL,Mar 2024,2024-03-31,annual,1084.0,47255.0,24040.0,20114.0,92494.0,20520.0,20028.0,34450.0,17496.0,92494.0,-10410.0,screener
OIL,Mar 2025,2025-03-31,annual,1627.0,48141.0,30645.0,24410.0,104823.0,23649.0,29527.0,31613.0,20034.0,104823.0,-968.0,screener
OIL,Mar 2026,2026-03-31,annual,1627.0,56372.0,37478.0,28372.0,123848.0,28271.0,37644.0,36782.0,21151.0,123848.0,696.0,screener
OLECTRA,Mar 2022,2022-03-31,annual,33.0,744.0,67.0,346.0,1190.0,325.0,3.0,0.0,862.0,1190.0,67.0,screener
OLECTRA,Mar 2023,2023-03-31,annual,33.0,807.0,134.0,583.0,1557.0,356.0,4.0,2.0,1195.0,1557.0,132.0,screener
OLECTRA,Mar 2024,2024-03-31,annual,33.0,881.0,121.0,554.0,1589.0,330.0,72.0,11.0,1175.0,1589.0,110.0,screener
OLECTRA,Mar 2025,2025-03-31,annual,33.0,1016.0,255.0,867.0,2171.0,355.0,187.0,73.0,1557.0,2171.0,182.0,screener
OLECTRA,Mar 2026,2026-03-31,annual,33.0,1195.0,380.0,959.0,2567.0,574.0,82.0,94.0,1817.0,2567.0,286.0,screener
OMAXAUTO,Mar 2011,2011-03-31,annual,21.0,157.0,265.0,202.0,646.0,301.0,1.0,0.0,344.0,646.0,265.0,screener
OMAXAUTO,Mar 2012,2012-03-31,annual,21.0,181.0,211.0,228.0,640.0,328.0,9.0,0.0,303.0,640.0,211.0,screener
OMAXAUTO,Mar 2013,2013-03-31,annual,21.0,192.0,229.0,183.0,625.0,335.0,18.0,0.0,272.0,625.0,229.0,screener
OMAXAUTO,Mar 2014,2014-03-31,annual,21.0,182.0,290.0,214.0,707.0,416.0,21.0,0.0,270.0,707.0,290.0,screener
OMAXAUTO,Mar 2015,2015-03-31,annual,21.0,180.0,320.0,216.0,738.0,454.0,1.0,0.0,283.0,738.0,320.0,screener
OMFREIGHT,Mar 2023,2023-03-31,annual,0.11,139.0,9.0,158.0,306.0,28.0,0.0,12.0,266.0,306.0,-3.0,screener
OMFREIGHT,Mar 2024,2024-03-31,annual,0.11,151.0,26.0,91.0,269.0,72.0,0.0,14.0,183.0,269.0,12.0,screener
OMFREIGHT,Mar 2025,2025-03-31,annual,32.0,142.0,29.0,109.0,312.0,98.0,0.0,28.0,186.0,312.0,1.0,screener
OMFREIGHT,Mar 2026,2026-03-31,annual,34.0,174.0,50.0,126.0,384.0,118.0,0.0,13.0,253.0,384.0,37.0,screener
OMNI,Mar 2023,2023-03-31,annual,5.0,55.0,103.0,23.0,185.0,68.0,6.0,0.0,111.0,185.0,103.0,screener
OMNI,Mar 2024,2024-03-31,annual,50.0,29.0,262.0,46.0,387.0,219.0,0.0,2.0,165.0,387.0,260.0,screener
OMNI,Mar 2025,2025-03-31,annual,53.0,151.0,361.0,62.0,626.0,242.0,27.0,2.0,355.0,626.0,359.0,screener
OMNI,Mar 2026,2026-03-31,annual,62.0,618.0,435.0,140.0,1255.0,340.0,17.0,2.0,896.0,1255.0,433.0,screener
ONESOURCE,Mar 2022,2022-03-31,annual,3.0,1009.0,1154.0,276.0,2442.0,1231.0,490.0,0.0,722.0,2442.0,1154.0,screener
ONESOURCE,Mar 2023,2023-03-31,annual,4.0,781.0,864.0,365.0,2015.0,1361.0,334.0,4.0,314.0,2015.0,860.0,screener
ONESOURCE,Mar 2024,2024-03-31,annual,4.0,392.0,562.0,468.0,1426.0,863.0,188.0,20.0,356.0,1426.0,542.0,screener
ONESOURCE,Mar 2025,2025-03-31,annual,11.0,5869.0,772.0,1005.0,7657.0,6118.0,218.0,16.0,1305.0,7657.0,756.0,screener
ONESOURCE,Mar 2026,2026-03-31,annual,11.0,5820.0,1504.0,875.0,8210.0,6233.0,314.0,16.0,1648.0,8210.0,1488.0,screener
ONGC,Mar 2022,2022-03-31,annual,6290.0,253213.0,121986.0,201771.0,583260.0,254402.0,106719.0,66642.0,155496.0,583260.0,55344.0,screener
ONGC,Mar 2023,2023-03-31,annual,6290.0,274357.0,142255.0,190212.0,613115.0,250819.0,113945.0,78873.0,169478.0,613115.0,63382.0,screener
ONGC,Mar 2024,2024-03-31,annual,6290.0,332779.0,191195.0,206357.0,736621.0,317183.0,118729.0,100862.0,199847.0,736621.0,90333.0,screener
ONGC,Mar 2025,2025-03-31,annual,6290.0,337150.0,187817.0,221398.0,752656.0,336810.0,115724.0,95617.0,204504.0,752656.0,92200.0,screener
ONGC,Mar 2026,2026-03-31,annual,6290.0,365478.0,174316.0,245821.0,791905.0,369684.0,91478.0,101084.0,229659.0,791905.0,73232.0,screener
ONWARDTEC,Mar 2022,2022-03-31,annual,22.0,141.0,19.0,45.0,227.0,57.0,0.0,0.0,170.0,227.0,19.0,screener
ONWARDTEC,Mar 2023,2023-03-31,annual,22.0,152.0,17.0,50.0,240.0,54.0,0.0,0.0,187.0,240.0,17.0,screener
ONWARDTEC,Mar 2024,2024-03-31,annual,23.0,185.0,28.0,50.0,285.0,63.0,1.0,0.0,222.0,285.0,28.0,screener
ONWARDTEC,Mar 2025,2025-03-31,annual,23.0,202.0,32.0,54.0,311.0,65.0,2.0,0.0,244.0,311.0,32.0,screener
ONWARDTEC,Mar 2026,2026-03-31,annual,22.0,231.0,40.0,77.0,371.0,89.0,0.0,0.0,282.0,371.0,40.0,screener
OPTIEMUS,Mar 2022,2022-03-31,annual,86.0,244.0,43.0,193.0,566.0,113.0,2.0,42.0,409.0,566.0,1.0,screener
OPTIEMUS,Mar 2023,2023-03-31,annual,86.0,297.0,118.0,411.0,911.0,210.0,3.0,45.0,653.0,911.0,73.0,screener
OPTIEMUS,Mar 2024,2024-03-31,annual,86.0,341.0,164.0,757.0,1348.0,254.0,3.0,58.0,1033.0,1348.0,106.0,screener
OPTIEMUS,Mar 2025,2025-03-31,annual,87.0,578.0,198.0,684.0,1547.0,293.0,24.0,65.0,1165.0,1547.0,133.0,screener
OPTIEMUS,Mar 2026,2026-03-31,annual,89.0,688.0,373.0,689.0,1838.0,305.0,300.0,87.0,1146.0,1838.0,286.0,screener
ORBTEXP,Mar 2022,2022-03-31,annual,27.0,167.0,45.0,40.0,279.0,151.0,1.0,13.0,114.0,279.0,32.0,screener
ORBTEXP,Mar 2023,2023-03-31,annual,27.0,191.0,32.0,37.0,287.0,159.0,0.0,32.0,96.0,287.0,0.0,screener
ORBTEXP,Mar 2024,2024-03-31,annual,26.0,207.0,23.0,38.0,296.0,146.0,1.0,39.0,110.0,296.0,-16.0,screener
ORBTEXP,Mar 2025,2025-03-31,annual,26.0,247.0,15.0,42.0,331.0,134.0,3.0,81.0,112.0,331.0,-66.0,screener
ORBTEXP,Mar 2026,2026-03-31,annual,27.0,281.0,16.0,49.0,373.0,147.0,0.0,115.0,111.0,373.0,-99.0,screener
ORCHPHARMA,Mar 2022,2022-03-31,annual,41.0,607.0,268.0,195.0,1111.0,584.0,10.0,45.0,472.0,1111.0,223.0,screener
ORCHPHARMA,Mar 2023,2023-03-31,annual,41.0,648.0,331.0,205.0,1225.0,573.0,46.0,44.0,561.0,1225.0,287.0,screener
ORCHPHARMA,Mar 2024,2024-03-31,annual,51.0,1119.0,135.0,249.0,1554.0,620.0,31.0,46.0,857.0,1554.0,89.0,screener
ORCHPHARMA,Mar 2025,2025-03-31,annual,51.0,1217.0,175.0,246.0,1688.0,633.0,81.0,50.0,925.0,1688.0,125.0,screener
ORCHPHARMA,Mar 2026,2026-03-31,annual,51.0,1237.0,363.0,261.0,1911.0,692.0,341.0,53.0,826.0,1911.0,310.0,screener
ORIENTBELL,Mar 2022,2022-03-31,annual,14.0,270.0,16.0,155.0,455.0,207.0,1.0,9.0,239.0,455.0,7.0,screener
ORIENTBELL,Mar 2023,2023-03-31,annual,14.0,296.0,9.0,165.0,484.0,250.0,3.0,10.0,222.0,484.0,-1.0,screener
ORIENTBELL,Mar 2024,2024-03-31,annual,15.0,298.0,45.0,199.0,558.0,296.0,0.0,10.0,251.0,558.0,35.0,screener
ORIENTBELL,Mar 2025,2025-03-31,annual,15.0,301.0,46.0,170.0,532.0,278.0,1.0,13.0,240.0,532.0,33.0,screener
ORIENTBELL,Mar 2026,2026-03-31,annual,15.0,314.0,31.0,168.0,528.0,262.0,0.0,43.0,222.0,528.0,-12.0,screener
ORIENTCER,Mar 2022,2022-03-31,annual,12.0,236.0,38.0,56.0,341.0,147.0,1.0,0.0,193.0,341.0,38.0,screener
ORIENTCER,Mar 2023,2023-03-31,annual,12.0,248.0,15.0,52.0,327.0,149.0,2.0,0.0,176.0,327.0,15.0,screener
ORIENTCER,Mar 2024,2024-03-31,annual,12.0,264.0,58.0,73.0,406.0,160.0,5.0,0.0,241.0,406.0,58.0,screener
ORIENTCER,Mar 2025,2025-03-31,annual,12.0,271.0,72.0,63.0,418.0,150.0,26.0,0.0,242.0,418.0,72.0,screener
ORIENTCER,Mar 2026,2026-03-31,annual,12.0,290.0,40.0,74.0,416.0,152.0,9.0,0.0,255.0,416.0,40.0,screener
ORIENTHOT,Mar 2022,2022-03-31,annual,18.0,422.0,280.0,66.0,786.0,355.0,0.0,252.0,179.0,786.0,28.0,screener
ORIENTHOT,Mar 2023,2023-03-31,annual,18.0,521.0,215.0,74.0,828.0,380.0,4.0,296.0,148.0,828.0,-81.0,screener
ORIENTHOT,Mar 2024,2024-03-31,annual,18.0,601.0,202.0,70.0,890.0,388.0,54.0,334.0,114.0,890.0,-132.0,screener
ORIENTHOT,Mar 2025,2025-03-31,annual,18.0,664.0,183.0,85.0,950.0,481.0,1.0,366.0,101.0,950.0,-183.0,screener
ORIENTHOT,Mar 2026,2026-03-31,annual,18.0,744.0,131.0,89.0,981.0,478.0,1.0,397.0,105.0,981.0,-266.0,screener
ORIENTTECH,Mar 2026,2026-03-31,annual,46.0,291.0,62.0,171.0,570.0,97.0,0.0,3.0,470.0,570.0,59.0,screener
ORKLAINDIA,Mar 2022,2022-03-31,annual,12.0,1889.0,35.0,856.0,2793.0,2045.0,3.0,201.0,544.0,2793.0,-166.0,screener
ORKLAINDIA,Mar 2023,2023-03-31,annual,12.0,2227.0,95.0,767.0,3102.0,2013.0,74.0,255.0,760.0,3102.0,-160.0,screener
ORKLAINDIA,Mar 2024,2024-03-31,annual,13.0,2793.0,64.0,505.0,3375.0,2055.0,4.0,325.0,991.0,3375.0,-261.0,screener
ORKLAINDIA,Mar 2025,2025-03-31,annual,14.0,2446.0,54.0,657.0,3171.0,1981.0,8.0,175.0,1008.0,3171.0,-121.0,screener
ORKLAINDIA,Mar 2026,2026-03-31,annual,14.0,2736.0,63.0,589.0,3402.0,1968.0,4.0,573.0,857.0,3402.0,-510.0,screener
OSWALPUMPS,Mar 2022,2022-03-31,annual,6.0,38.0,90.0,88.0,222.0,71.0,0.0,4.0,147.0,222.0,86.0,screener
OSWALPUMPS,Mar 2023,2023-03-31,annual,6.0,73.0,62.0,111.0,252.0,81.0,3.0,0.0,168.0,252.0,62.0,screener
OSWALPUMPS,Mar 2024,2024-03-31,annual,6.0,173.0,78.0,254.0,511.0,97.0,1.0,0.0,413.0,511.0,78.0,screener
OSWALPUMPS,Mar 2025,2025-03-31,annual,10.0,452.0,332.0,276.0,1070.0,134.0,0.0,5.0,931.0,1070.0,327.0,screener
OSWALPUMPS,Mar 2026,2026-03-31,annual,11.0,1672.0,237.0,226.0,2146.0,162.0,44.0,8.0,1932.0,2146.0,229.0,screener
PACEDIGITK,Mar 2022,2022-03-31,annual,5.0,299.0,133.0,276.0,713.0,142.0,6.0,0.0,565.0,713.0,133.0,screener
PACEDIGITK,Mar 2023,2023-03-31,annual,5.0,313.0,192.0,330.0,840.0,139.0,10.0,0.0,692.0,840.0,192.0,screener
PACEDIGITK,Mar 2024,2024-03-31,annual,5.0,535.0,494.0,1221.0,2254.0,139.0,10.0,0.0,2105.0,2254.0,494.0,screener
PACEDIGITK,Mar 2025,2025-03-31,annual,36.0,1134.0,162.0,1318.0,2649.0,146.0,32.0,0.0,2470.0,2649.0,162.0,screener
PACEDIGITK,Mar 2026,2026-03-31,annual,43.0,2164.0,981.0,2126.0,5314.0,209.0,38.0,0.0,5067.0,5314.0,981.0,screener
PANACEABIO,Mar 2022,2022-03-31,annual,6.0,871.0,34.0,848.0,1759.0,622.0,17.0,5.0,1114.0,1759.0,29.0,screener
PANACEABIO,Mar 2023,2023-03-31,annual,6.0,837.0,20.0,407.0,1271.0,600.0,42.0,13.0,615.0,1271.0,7.0,screener
PANACEABIO,Mar 2024,2024-03-31,annual,6.0,836.0,21.0,378.0,1241.0,582.0,102.0,40.0,517.0,1241.0,-19.0,screener
PANACEABIO,Mar 2025,2025-03-31,annual,6.0,829.0,22.0,433.0,1290.0,567.0,128.0,3.0,592.0,1290.0,19.0,screener
PANACEABIO,Mar 2026,2026-03-31,annual,6.0,829.0,24.0,404.0,1262.0,620.0,100.0,10.0,532.0,1262.0,14.0,screener
PANAMAPET,Mar 2022,2022-03-31,annual,12.0,756.0,30.0,455.0,1253.0,230.0,5.0,5.0,1013.0,1253.0,25.0,screener
PANAMAPET,Mar 2023,2023-03-31,annual,12.0,940.0,0.0,282.0,1235.0,248.0,13.0,4.0,970.0,1235.0,-4.0,screener
PANAMAPET,Mar 2024,2024-03-31,annual,12.0,1091.0,26.0,281.0,1409.0,287.0,1.0,2.0,1120.0,1409.0,24.0,screener
PANAMAPET,Mar 2025,2025-03-31,annual,12.0,1243.0,33.0,236.0,1524.0,312.0,19.0,19.0,1174.0,1524.0,14.0,screener
PANAMAPET,Mar 2026,2026-03-31,annual,12.0,1457.0,111.0,339.0,1919.0,321.0,48.0,49.0,1501.0,1919.0,62.0,screener
PANSARI,Mar 2022,2022-03-31,annual,17.0,102.0,54.0,47.0,220.0,75.0,0.0,9.0,137.0,220.0,45.0,screener
PANSARI,Mar 2023,2023-03-31,annual,17.0,104.0,81.0,84.0,287.0,74.0,0.0,9.0,203.0,287.0,72.0,screener
PANSARI,Mar 2024,2024-03-31,annual,17.0,109.0,86.0,114.0,327.0,93.0,0.0,9.0,225.0,327.0,77.0,screener
PANSARI,Mar 2025,2025-03-31,annual,17.0,117.0,101.0,175.0,411.0,92.0,0.0,9.0,310.0,411.0,92.0,screener
PANSARI,Mar 2026,2026-03-31,annual,17.0,137.0,100.0,230.0,484.0,86.0,0.0,13.0,385.0,484.0,87.0,screener
PARADEEP,Mar 2022,2022-03-31,annual,575.0,1650.0,2954.0,2749.0,7928.0,1261.0,336.0,553.0,5778.0,7928.0,2401.0,screener
PARADEEP,Mar 2023,2023-03-31,annual,814.0,2690.0,4648.0,2504.0,10657.0,2872.0,697.0,3.0,7085.0,10657.0,4645.0,screener
PARADEEP,Mar 2024,2024-03-31,annual,815.0,2750.0,4014.0,2083.0,9661.0,3431.0,372.0,3.0,5855.0,9661.0,4011.0,screener
PARADEEP,Mar 2025,2025-03-31,annual,815.0,3262.0,4358.0,2711.0,11146.0,3349.0,553.0,272.0,6972.0,11146.0,4086.0,screener
PARADEEP,Mar 2026,2026-03-31,annual,1038.0,5745.0,6906.0,4247.0,17936.0,6026.0,424.0,25.0,11461.0,17936.0,6881.0,screener
PARAGMILK,Mar 2022,2022-03-31,annual,95.0,459.0,523.0,318.0,1395.0,459.0,10.0,0.0,926.0,1395.0,523.0,screener
PARAGMILK,Mar 2023,2023-03-31,annual,117.0,691.0,606.0,253.0,1668.0,436.0,45.0,5.0,1182.0,1668.0,601.0,screener
PARAGMILK,Mar 2024,2024-03-31,annual,119.0,793.0,616.0,358.0,1887.0,466.0,69.0,5.0,1348.0,1887.0,611.0,screener
PARAGMILK,Mar 2025,2025-03-31,annual,119.0,904.0,654.0,355.0,2033.0,578.0,19.0,5.0,1431.0,2033.0,649.0,screener
PARAGMILK,Mar 2026,2026-03-31,annual,125.0,1134.0,607.0,415.0,2281.0,643.0,37.0,5.0,1596.0,2281.0,602.0,screener
PARAMPARA,Mar 2019,2019-03-31,annual,1.75,5.36,9.12,1.23,17.46,4.17,0.0,0.0,13.29,17.46,9.12,screener
PARAMPARA,Mar 2020,2020-03-31,annual,7.01,0.18,9.27,2.53,18.99,4.01,0.0,0.0,14.98,18.99,9.27,screener
PARAMPARA,Mar 2021,2021-03-31,annual,10.5,0.29,6.73,1.22,18.74,4.16,0.0,0.0,14.58,18.74,6.73,screener
PARAMPARA,Mar 2022,2022-03-31,annual,10.5,0.01,6.64,1.01,18.16,4.05,0.0,2.0,12.11,18.16,4.64,screener
PARAMPARA,Mar 2023,2023-03-31,annual,10.5,-1.79,6.67,1.01,16.39,4.05,0.0,2.0,10.34,16.39,4.67,screener
PARAS,Mar 2022,2022-03-31,annual,39.0,339.0,31.0,48.0,458.0,154.0,0.0,4.0,300.0,458.0,27.0,screener
PARAS,Mar 2023,2023-03-31,annual,39.0,374.0,15.0,93.0,520.0,170.0,5.0,12.0,335.0,520.0,3.0,screener
PARAS,Mar 2024,2024-03-31,annual,39.0,406.0,66.0,129.0,640.0,186.0,4.0,22.0,427.0,640.0,44.0,screener
PARAS,Mar 2025,2025-03-31,annual,40.0,600.0,24.0,188.0,852.0,190.0,11.0,28.0,623.0,852.0,-4.0,screener
PARAS,Mar 2026,2026-03-31,annual,40.0,685.0,27.0,212.0,965.0,198.0,9.0,33.0,725.0,965.0,-6.0,screener
PARKHOSPS,Mar 2022,2022-03-31,annual,77.0,380.0,517.0,319.0,1293.0,458.0,29.0,0.0,806.0,1293.0,517.0,screener
PARKHOSPS,Mar 2023,2023-03-31,annual,77.0,610.0,576.0,331.0,1593.0,536.0,5.0,0.0,1052.0,1593.0,576.0,screener
PARKHOSPS,Mar 2024,2024-03-31,annual,77.0,806.0,687.0,343.0,1912.0,837.0,32.0,0.0,1043.0,1912.0,687.0,screener
PARKHOSPS,Mar 2025,2025-03-31,annual,77.0,993.0,682.0,382.0,2134.0,898.0,37.0,0.0,1199.0,2134.0,682.0,screener
PARKHOSPS,Mar 2026,2026-03-31,annual,86.0,1936.0,364.0,427.0,2813.0,1309.0,123.0,0.0,1381.0,2813.0,364.0,screener
PARKHOTELS,Mar 2022,2022-03-31,annual,17.0,491.0,654.0,113.0,1275.0,1142.0,29.0,0.0,104.0,1275.0,654.0,screener
PARKHOTELS,Mar 2023,2023-03-31,annual,17.0,538.0,617.0,189.0,1362.0,1192.0,35.0,0.0,135.0,1362.0,617.0,screener
PARKHOTELS,Mar 2024,2024-03-31,annual,21.0,1177.0,100.0,178.0,1476.0,1218.0,57.0,0.0,201.0,1476.0,100.0,screener
PARKHOTELS,Mar 2025,2025-03-31,annual,21.0,1263.0,168.0,219.0,1671.0,1254.0,75.0,56.0,286.0,1671.0,112.0,screener
PARKHOTELS,Mar 2026,2026-03-31,annual,21.0,1321.0,373.0,339.0,2054.0,1572.0,80.0,77.0,325.0,2054.0,296.0,screener
PARTYCRUS,Mar 2023,2023-03-31,annual,6.0,17.0,1.0,6.0,29.0,7.0,0.0,2.0,20.0,29.0,-1.0,screener
PARTYCRUS,Mar 2024,2024-03-31,annual,11.0,20.0,1.0,7.0,39.0,7.0,0.0,8.0,24.0,39.0,-7.0,screener
PARTYCRUS,Mar 2025,2025-03-31,annual,12.0,32.0,1.0,10.0,54.0,7.0,0.0,9.0,38.0,54.0,-8.0,screener
PARTYCRUS,Mar 2026,2026-03-31,annual,12.0,45.0,0.0,18.0,75.0,6.0,0.0,0.0,69.0,75.0,0.0,screener
PATANJALI,Mar 2017,2017-03-31,annual,65.0,857.0,5923.0,6678.0,13523.0,5537.0,29.0,50.0,7907.0,13523.0,5873.0,screener
PATANJALI,Mar 2018,2018-03-31,annual,65.0,-4772.0,8079.0,4421.0,7794.0,5389.0,28.0,44.0,2333.0,7794.0,8035.0,screener
PATANJALI,Mar 2019,2019-03-31,annual,65.0,-4784.0,8865.0,3818.0,7964.0,5241.0,27.0,31.0,2665.0,7964.0,8834.0,screener
PATANJALI,Mar 2025,2025-03-31,annual,72.0,11298.0,788.0,3359.0,15517.0,5553.0,95.0,158.0,9711.0,15517.0,630.0,screener
PATANJALI,Mar 2026,2026-03-31,annual,218.0,12879.0,2789.0,2917.0,18802.0,5366.0,51.0,24.0,13361.0,18802.0,2765.0,screener
PAYTM,Mar 2022,2022-03-31,annual,65.0,14087.0,222.0,3618.0,17991.0,914.0,12.0,1230.0,15836.0,17991.0,-1008.0,screener
PAYTM,Mar 2023,2023-03-31,annual,63.0,12952.0,223.0,4727.0,17966.0,1209.0,11.0,2697.0,14048.0,17966.0,-2474.0,screener
PAYTM,Mar 2024,2024-03-31,annual,64.0,13263.0,177.0,5190.0,18693.0,1247.0,14.0,4628.0,12804.0,18693.0,-4451.0,screener
PAYTM,Mar 2025,2025-03-31,annual,64.0,14963.0,160.0,6261.0,21448.0,890.0,16.0,4172.0,16370.0,21448.0,-4012.0,screener
PAYTM,Mar 2026,2026-03-31,annual,64.0,15962.0,194.0,7695.0,23915.0,910.0,7.0,4501.0,18497.0,23915.0,-4307.0,screener
PCBL,Mar 2022,2022-03-31,annual,38.0,2576.0,786.0,1385.0,4785.0,1934.0,175.0,588.0,2087.0,4785.0,198.0,screener
PCBL,Mar 2023,2023-03-31,annual,38.0,2792.0,1029.0,1573.0,5433.0,1968.0,1130.0,234.0,2101.0,5433.0,795.0,screener
PCBL,Mar 2024,2024-03-31,annual,38.0,3209.0,4983.0,3066.0,11295.0,6892.0,433.0,433.0,3537.0,11295.0,4550.0,screener
PCBL,Mar 2025,2025-03-31,annual,38.0,3660.0,5571.0,2453.0,11722.0,6595.0,732.0,516.0,3879.0,11722.0,5055.0,screener
PCBL,Mar 2026,2026-03-31,annual,39.0,3967.0,4989.0,2299.0,11295.0,7145.0,566.0,464.0,3119.0,11295.0,4525.0,screener
PDSL,Mar 2022,2022-03-31,annual,26.0,846.0,740.0,1782.0,3395.0,463.0,3.0,319.0,2609.0,3395.0,421.0,screener
PDSL,Mar 2023,2023-03-31,annual,26.0,1028.0,719.0,1336.0,3109.0,484.0,8.0,418.0,2199.0,3109.0,301.0,screener
PDSL,Mar 2024,2024-03-31,annual,26.0,1140.0,1054.0,1841.0,4062.0,504.0,115.0,457.0,2986.0,4062.0,597.0,screener
PDSL,Mar 2025,2025-03-31,annual,28.0,1622.0,1232.0,1856.0,4738.0,701.0,1.0,503.0,3533.0,4738.0,729.0,screener
PDSL,Mar 2026,2026-03-31,annual,28.0,1735.0,1264.0,2238.0,5266.0,858.0,0.0,524.0,3884.0,5266.0,740.0,screener
PENIND,Mar 2022,2022-03-31,annual,71.0,664.0,646.0,760.0,2141.0,644.0,76.0,45.0,1376.0,2141.0,601.0,screener
PENIND,Mar 2023,2023-03-31,annual,67.0,711.0,685.0,855.0,2318.0,721.0,18.0,27.0,1552.0,2318.0,658.0,screener
PENIND,Mar 2024,2024-03-31,annual,67.0,809.0,785.0,978.0,2640.0,697.0,218.0,22.0,1704.0,2640.0,763.0,screener
PENIND,Mar 2025,2025-03-31,annual,67.0,931.0,812.0,1143.0,2953.0,947.0,53.0,12.0,1941.0,2953.0,800.0,screener
PENIND,Mar 2026,2026-03-31,annual,67.0,1096.0,1162.0,1226.0,3551.0,1111.0,136.0,27.0,2277.0,3551.0,1135.0,screener
PERSISTENT,Mar 2022,2022-03-31,annual,76.0,3292.0,578.0,1473.0,5419.0,1534.0,107.0,822.0,2956.0,5419.0,-244.0,screener
PERSISTENT,Mar 2023,2023-03-31,annual,76.0,3889.0,655.0,1999.0,6619.0,2341.0,16.0,640.0,3622.0,6619.0,15.0,screener
PERSISTENT,Mar 2024,2024-03-31,annual,77.0,4881.0,451.0,1997.0,7405.0,2221.0,34.0,827.0,4324.0,7405.0,-376.0,screener
PERSISTENT,Mar 2025,2025-03-31,annual,78.0,6241.0,311.0,2092.0,8722.0,2541.0,77.0,980.0,5123.0,8722.0,-669.0,screener
PERSISTENT,Mar 2026,2026-03-31,annual,79.0,7759.0,477.0,3029.0,11344.0,2856.0,38.0,1615.0,6836.0,11344.0,-1138.0,screener
PETRONET,Mar 2022,2022-03-31,annual,1500.0,12168.0,3438.0,4258.0,21365.0,9557.0,193.0,1286.0,10329.0,21365.0,2152.0,screener
PETRONET,Mar 2023,2023-03-31,annual,1500.0,13765.0,3345.0,4210.0,22820.0,8790.0,1126.0,1368.0,11535.0,22820.0,1977.0,screener
PETRONET,Mar 2024,2024-03-31,annual,1500.0,15910.0,3008.0,5131.0,25549.0,8147.0,1552.0,617.0,15233.0,25549.0,2391.0,screener
PETRONET,Mar 2025,2025-03-31,annual,1500.0,18378.0,2657.0,4790.0,27324.0,8836.0,1642.0,1712.0,15135.0,27324.0,945.0,screener
PETRONET,Mar 2026,2026-03-31,annual,1500.0,20785.0,2341.0,2814.0,27440.0,9048.0,2497.0,742.0,15152.0,27440.0,1599.0,screener
PFC,Mar 2022,2022-03-31,annual,2640.0,69036.0,,58848.0,791000.0,719.0,53.0,3774.0,786454.0,791000.0,,screener
PFC,Mar 2023,2023-03-31,annual,2640.0,81518.0,,60796.0,896112.0,782.0,22.0,5973.0,889334.0,896112.0,,screener
PFC,Mar 2024,2024-03-31,annual,3300.0,97847.0,,75770.0,1038877.0,764.0,39.0,10971.0,1027102.0,1038877.0,,screener
PFC,Mar 2025,2025-03-31,annual,3300.0,114438.0,,88590.0,1178086.0,761.0,88.0,12792.0,1164445.0,1178086.0,,screener
PFC,Mar 2026,2026-03-31,annual,3300.0,129561.0,,99214.0,1244579.0,771.0,128.0,15549.0,1228131.0,1244579.0,,screener
PFIZER,Nov 2006,2006-11-30,annual,30.0,376.0,0.0,240.0,646.0,65.0,2.0,0.0,579.0,646.0,0.0,screener
PFIZER,Nov 2007,2007-11-30,annual,30.0,620.0,0.0,218.0,867.0,60.0,10.0,0.0,797.0,867.0,0.0,screener
PFIZER,Nov 2008,2008-11-30,annual,30.0,871.0,0.0,197.0,1098.0,51.0,32.0,0.0,1014.0,1098.0,0.0,screener
PFOCUS,Mar 2022,2022-03-31,annual,30.0,84.0,4102.0,1422.0,5638.0,2895.0,28.0,0.0,2715.0,5638.0,4102.0,screener
PFOCUS,Mar 2023,2023-03-31,annual,30.0,-5.0,4892.0,1826.0,6743.0,3067.0,152.0,131.0,3393.0,6743.0,4761.0,screener
PFOCUS,Mar 2024,2024-03-31,annual,30.0,486.0,4859.0,1744.0,7120.0,2990.0,260.0,153.0,3718.0,7120.0,4706.0,screener
PFOCUS,Mar 2025,2025-03-31,annual,30.0,729.0,4879.0,2838.0,8476.0,3984.0,194.0,158.0,4140.0,8476.0,4721.0,screener
PFOCUS,Mar 2026,2026-03-31,annual,78.0,2011.0,5717.0,2844.0,10649.0,4475.0,66.0,236.0,5872.0,10649.0,5481.0,screener
PGEL,Mar 2022,2022-03-31,annual,21.0,291.0,399.0,358.0,1069.0,441.0,5.0,1.0,623.0,1069.0,398.0,screener
PGEL,Mar 2023,2023-03-31,annual,23.0,373.0,577.0,536.0,1509.0,578.0,2.0,2.0,927.0,1509.0,575.0,screener
PGEL,Mar 2024,2024-03-31,annual,26.0,1012.0,435.0,837.0,2310.0,783.0,65.0,6.0,1456.0,2310.0,429.0,screener
PGEL,Mar 2025,2025-03-31,annual,28.0,2800.0,384.0,1910.0,5123.0,1136.0,76.0,8.0,3902.0,5123.0,376.0,screener
PGEL,Mar 2026,2026-03-31,annual,29.0,3020.0,597.0,2302.0,5947.0,1540.0,312.0,11.0,4083.0,5947.0,586.0,screener
PGIL,Mar 2022,2022-03-31,annual,22.0,577.0,645.0,538.0,1781.0,448.0,15.0,55.0,1263.0,1781.0,590.0,screener
PGIL,Mar 2023,2023-03-31,annual,22.0,701.0,558.0,501.0,1781.0,500.0,33.0,60.0,1188.0,1781.0,498.0,screener
PGIL,Mar 2024,2024-03-31,annual,22.0,780.0,588.0,595.0,1986.0,612.0,35.0,30.0,1309.0,1986.0,558.0,screener
PGIL,Mar 2025,2025-03-31,annual,23.0,1133.0,773.0,667.0,2595.0,727.0,44.0,24.0,1800.0,2595.0,749.0,screener
PGIL,Mar 2026,2026-03-31,annual,23.0,1437.0,943.0,842.0,3245.0,818.0,113.0,36.0,2278.0,3245.0,907.0,screener
PHOENIXLTD,Mar 2022,2022-03-31,annual,36.0,6547.0,3982.0,3765.0,14330.0,7508.0,2049.0,2317.0,2456.0,14330.0,1665.0,screener
PHOENIXLTD,Mar 2023,2023-03-31,annual,36.0,8344.0,4259.0,4787.0,17426.0,10964.0,2295.0,1282.0,2884.0,17426.0,2977.0,screener
PHOENIXLTD,Mar 2024,2024-03-31,annual,36.0,9422.0,4639.0,5003.0,19100.0,13137.0,1503.0,1725.0,2734.0,19100.0,2914.0,screener
PHOENIXLTD,Mar 2025,2025-03-31,annual,72.0,10377.0,4687.0,6292.0,21427.0,14466.0,3143.0,1465.0,2353.0,21427.0,3222.0,screener
PHOENIXLTD,Mar 2026,2026-03-31,annual,72.0,10917.0,5323.0,6541.0,22853.0,14772.0,3879.0,1490.0,2712.0,22853.0,3833.0,screener
PICCADIL,Mar 2022,2022-03-31,annual,95.0,112.0,135.0,187.0,529.0,144.0,52.0,59.0,273.0,529.0,76.0,screener
PICCADIL,Mar 2023,2023-03-31,annual,95.0,137.0,154.0,207.0,593.0,195.0,32.0,61.0,305.0,593.0,93.0,screener
PICCADIL,Mar 2024,2024-03-31,annual,94.0,245.0,172.0,228.0,739.0,218.0,42.0,61.0,419.0,739.0,111.0,screener
PICCADIL,Mar 2025,2025-03-31,annual,94.0,586.0,308.0,156.0,1144.0,282.0,201.0,60.0,601.0,1144.0,248.0,screener
PICCADIL,Mar 2026,2026-03-31,annual,99.0,802.0,531.0,208.0,1639.0,580.0,73.0,70.0,916.0,1639.0,461.0,screener
PIDILITIND,Mar 2022,2022-03-31,annual,51.0,6353.0,416.0,2675.0,9494.0,4703.0,225.0,459.0,4107.0,9494.0,-43.0,screener
PIDILITIND,Mar 2023,2023-03-31,annual,51.0,7161.0,391.0,2902.0,10505.0,4914.0,406.0,881.0,4304.0,10505.0,-490.0,screener
PIDILITIND,Mar 2024,2024-03-31,annual,51.0,8356.0,382.0,3286.0,12076.0,5451.0,148.0,2235.0,4242.0,12076.0,-1853.0,screener
PIDILITIND,Mar 2025,2025-03-31,annual,51.0,9704.0,454.0,3775.0,13984.0,5705.0,129.0,3551.0,4598.0,13984.0,-3097.0,screener
PIDILITIND,Mar 2026,2026-03-31,annual,102.0,10730.0,417.0,4149.0,15399.0,5774.0,329.0,4350.0,4947.0,15399.0,-3933.0,screener
PIGL,Mar 2022,2022-03-31,annual,9.0,28.0,29.0,32.0,97.0,1.0,0.0,0.0,95.0,97.0,29.0,screener
PIGL,Mar 2023,2023-03-31,annual,13.0,33.0,32.0,30.0,107.0,1.0,1.0,0.0,105.0,107.0,32.0,screener
PIGL,Mar 2024,2024-03-31,annual,13.0,39.0,15.0,42.0,107.0,1.0,1.0,0.0,106.0,107.0,15.0,screener
PIGL,Mar 2025,2025-03-31,annual,17.0,93.0,18.0,45.0,173.0,1.0,1.0,0.0,172.0,173.0,18.0,screener
PIGL,Mar 2026,2026-03-31,annual,21.0,131.0,14.0,68.0,234.0,45.0,2.0,0.0,187.0,234.0,14.0,screener
PIIND,Mar 2022,2022-03-31,annual,15.0,6105.0,316.0,1354.0,7791.0,2452.0,114.0,900.0,4325.0,7791.0,-584.0,screener
PIIND,Mar 2023,2023-03-31,annual,15.0,7183.0,46.0,1235.0,8480.0,2606.0,132.0,1016.0,4726.0,8480.0,-970.0,screener
PIIND,Mar 2024,2024-03-31,annual,15.0,8716.0,191.0,1822.0,10744.0,3528.0,278.0,1336.0,5601.0,10744.0,-1145.0,screener
PIIND,Mar 2025,2025-03-31,annual,15.0,10142.0,184.0,1908.0,12249.0,4209.0,550.0,1531.0,5959.0,12249.0,-1347.0,screener
PIIND,Mar 2026,2026-03-31,annual,15.0,11215.0,342.0,1832.0,13405.0,4620.0,1030.0,1360.0,6395.0,13405.0,-1018.0,screener
PINELABS,Mar 2022,2022-03-31,annual,14.0,1900.0,236.0,4111.0,6260.0,1019.0,122.0,50.0,5070.0,6260.0,186.0,screener
PINELABS,Mar 2023,2023-03-31,annual,0.02,3664.0,514.0,5141.0,9318.0,2103.0,269.0,18.0,6928.0,9318.0,496.0,screener
PINELABS,Mar 2024,2024-03-31,annual,0.1,3466.0,730.0,5422.0,9618.0,1920.0,222.0,21.0,7455.0,9618.0,709.0,screener
PINELABS,Mar 2025,2025-03-31,annual,0.1,3431.0,1046.0,6222.0,10698.0,1825.0,160.0,30.0,8683.0,10698.0,1016.0,screener
PINELABS,Mar 2026,2026-03-31,annual,115.0,5781.0,441.0,6961.0,13297.0,1963.0,41.0,28.0,11265.0,13297.0,413.0,screener
PIONRINV,Mar 2022,2022-03-31,annual,13.0,124.0,51.0,16.0,205.0,5.0,0.0,18.0,182.0,205.0,33.0,screener
PIONRINV,Mar 2023,2023-03-31,annual,13.0,126.0,84.0,24.0,248.0,4.0,0.0,18.0,226.0,248.0,66.0,screener
PIONRINV,Mar 2024,2024-03-31,annual,13.0,135.0,108.0,149.0,406.0,5.0,0.0,119.0,282.0,406.0,-11.0,screener
PIONRINV,Mar 2025,2025-03-31,annual,13.0,143.0,143.0,150.0,449.0,5.0,0.0,122.0,322.0,449.0,21.0,screener
PIONRINV,Mar 2026,2026-03-31,annual,13.0,159.0,109.0,136.0,417.0,8.0,0.0,127.0,282.0,417.0,-18.0,screener
PIRAMALFIN,Mar 2022,2022-03-31,annual,21365.0,823.0,46416.0,11036.0,79640.0,10820.0,12.0,13851.0,54956.0,79640.0,32565.0,screener
PIRAMALFIN,Mar 2023,2023-03-31,annual,21365.0,-6584.0,41233.0,6253.0,62266.0,1616.0,4.0,12966.0,47681.0,62266.0,28267.0,screener
PIRAMALFIN,Mar 2024,2024-03-31,annual,23365.0,-8470.0,45680.0,5283.0,65858.0,1768.0,10.0,8307.0,55773.0,65858.0,37373.0,screener
PIRAMALFIN,Mar 2025,2025-03-31,annual,45.0,27051.0,65577.0,2271.0,94943.0,3268.0,43.0,12539.0,79094.0,94943.0,53038.0,screener
PIRAMALFIN,Mar 2026,2026-03-31,annual,45.0,28103.0,79989.0,2409.0,110546.0,2352.0,116.0,9814.0,98264.0,110546.0,70175.0,screener
PITTIENG,Mar 2022,2022-03-31,annual,16.0,268.0,393.0,280.0,957.0,327.0,1.0,16.0,613.0,957.0,377.0,screener
PITTIENG,Mar 2023,2023-03-31,annual,16.0,318.0,356.0,287.0,978.0,364.0,24.0,15.0,574.0,978.0,341.0,screener
PITTIENG,Mar 2024,2024-03-31,annual,16.0,457.0,628.0,290.0,1391.0,465.0,122.0,0.0,804.0,1391.0,628.0,screener
PITTIENG,Mar 2025,2025-03-31,annual,19.0,880.0,690.0,416.0,2004.0,1027.0,63.0,0.0,914.0,2004.0,690.0,screener
PITTIENG,Mar 2026,2026-03-31,annual,19.0,968.0,811.0,340.0,2138.0,1153.0,50.0,0.0,935.0,2138.0,811.0,screener
PIXTRANS,Mar 2022,2022-03-31,annual,14.0,351.0,118.0,72.0,555.0,259.0,0.0,5.0,291.0,555.0,113.0,screener
PIXTRANS,Mar 2023,2023-03-31,annual,14.0,404.0,72.0,88.0,579.0,273.0,1.0,5.0,299.0,579.0,67.0,screener
PIXTRANS,Mar 2024,2024-03-31,annual,14.0,479.0,44.0,100.0,637.0,276.0,2.0,75.0,284.0,637.0,-31.0,screener
PIXTRANS,Mar 2025,2025-03-31,annual,14.0,582.0,35.0,99.0,730.0,267.0,2.0,128.0,334.0,730.0,-93.0,screener
PIXTRANS,Mar 2026,2026-03-31,annual,14.0,683.0,24.0,109.0,830.0,269.0,3.0,200.0,358.0,830.0,-176.0,screener
PLATIND,Mar 2022,2022-03-31,annual,1.0,21.0,26.0,36.0,84.0,7.0,0.0,0.0,78.0,84.0,26.0,screener
PLATIND,Mar 2023,2023-03-31,annual,40.0,22.0,22.0,37.0,121.0,34.0,3.0,0.0,84.0,121.0,22.0,screener
PLATIND,Mar 2024,2024-03-31,annual,55.0,276.0,11.0,53.0,395.0,40.0,8.0,0.0,347.0,395.0,11.0,screener
PLATIND,Mar 2025,2025-03-31,annual,55.0,329.0,18.0,66.0,468.0,81.0,44.0,21.0,322.0,468.0,-3.0,screener
PLATIND,Mar 2026,2026-03-31,annual,55.0,388.0,10.0,96.0,549.0,109.0,45.0,48.0,347.0,549.0,-38.0,screener
PNB,Mar 2022,2022-03-31,annual,2202.0,95380.0,,28113.0,1339301.0,10696.0,0.0,388586.0,940019.0,1339301.0,,screener
PNB,Mar 2023,2023-03-31,annual,2202.0,100678.0,,30273.0,1493649.0,12084.0,0.0,416914.0,1064651.0,1493649.0,,screener
PNB,Mar 2024,2024-03-31,annual,2202.0,108185.0,,36438.0,1598636.0,12348.0,0.0,446421.0,1139867.0,1598636.0,,screener
PNB,Mar 2025,2025-03-31,annual,2299.0,130839.0,,41579.0,1857544.0,13083.0,0.0,524840.0,1319620.0,1857544.0,,screener
PNB,Mar 2026,2026-03-31,annual,2299.0,147674.0,,51005.0,2033331.0,15625.0,0.0,523515.0,1494191.0,2033331.0,,screener
PNBHOUSING,Mar 2022,2022-03-31,annual,169.0,9703.0,,2897.0,65730.0,150.0,4.0,3483.0,62093.0,65730.0,,screener
PNBHOUSING,Mar 2023,2023-03-31,annual,169.0,10845.0,,2238.0,66874.0,146.0,3.0,3196.0,63528.0,66874.0,,screener
PNBHOUSING,Mar 2024,2024-03-31,annual,260.0,14715.0,,2414.0,72405.0,207.0,15.0,4346.0,67837.0,72405.0,,screener
PNBHOUSING,Mar 2025,2025-03-31,annual,260.0,16603.0,,3348.0,82520.0,239.0,16.0,3381.0,78884.0,82520.0,,screener
PNBHOUSING,Mar 2026,2026-03-31,annual,261.0,18959.0,,3094.0,93512.0,274.0,6.0,2779.0,90453.0,93512.0,,screener
PNCINFRA,Mar 2022,2022-03-31,annual,51.0,3577.0,4793.0,2224.0,10645.0,1482.0,0.0,424.0,8740.0,10645.0,4369.0,screener
PNCINFRA,Mar 2023,2023-03-31,annual,51.0,4234.0,6282.0,2066.0,12632.0,1291.0,0.0,312.0,11030.0,12632.0,5970.0,screener
PNCINFRA,Mar 2024,2024-03-31,annual,51.0,5134.0,8025.0,2400.0,15610.0,1159.0,0.0,511.0,13940.0,15610.0,7514.0,screener
PNCINFRA,Mar 2025,2025-03-31,annual,51.0,5938.0,9364.0,2705.0,18059.0,992.0,0.0,790.0,16276.0,18059.0,8574.0,screener
PNCINFRA,Mar 2026,2026-03-31,annual,51.0,6762.0,5170.0,1875.0,13858.0,692.0,4.0,788.0,12375.0,13858.0,4382.0,screener
PNGJL,Mar 2022,2022-03-31,annual,55.0,191.0,398.0,465.0,1110.0,234.0,4.0,1.0,872.0,1110.0,397.0,screener
PNGJL,Mar 2023,2023-03-31,annual,55.0,256.0,387.0,365.0,1063.0,208.0,4.0,1.0,850.0,1063.0,386.0,screener
PNGJL,Mar 2024,2024-03-31,annual,118.0,416.0,455.0,475.0,1465.0,242.0,4.0,1.0,1218.0,1465.0,454.0,screener
PNGJL,Mar 2025,2025-03-31,annual,136.0,1418.0,930.0,660.0,3144.0,322.0,4.0,9.0,2811.0,3144.0,921.0,screener
PNGJL,Mar 2026,2026-03-31,annual,136.0,1827.0,1737.0,1264.0,4964.0,410.0,0.0,8.0,4546.0,4964.0,1729.0,screener
POCL,Mar 2014,2014-03-31,annual,11.0,29.0,75.0,26.0,141.0,22.0,3.0,0.0,116.0,141.0,75.0,screener
POCL,Mar 2023,2023-03-31,annual,12.0,253.0,156.0,52.0,472.0,148.0,12.0,0.0,312.0,472.0,156.0,screener
POCL,Mar 2024,2024-03-31,annual,13.0,345.0,103.0,22.0,482.0,162.0,9.0,0.0,310.0,482.0,103.0,screener
POCL,Mar 2025,2025-03-31,annual,14.0,579.0,113.0,32.0,737.0,174.0,75.0,0.0,489.0,737.0,113.0,screener
POCL,Mar 2026,2026-03-31,annual,15.0,773.0,152.0,42.0,983.0,252.0,3.0,5.0,724.0,983.0,147.0,screener
POKARNA,Mar 2022,2022-03-31,annual,6.0,437.0,515.0,214.0,1172.0,758.0,1.0,0.0,412.0,1172.0,515.0,screener
POKARNA,Mar 2023,2023-03-31,annual,6.0,501.0,459.0,138.0,1104.0,733.0,1.0,0.0,371.0,1104.0,459.0,screener
POKARNA,Mar 2024,2024-03-31,annual,6.0,586.0,401.0,221.0,1215.0,710.0,65.0,0.0,440.0,1215.0,401.0,screener
POKARNA,Mar 2025,2025-03-31,annual,6.0,772.0,370.0,256.0,1403.0,793.0,41.0,0.0,569.0,1403.0,370.0,screener
POKARNA,Mar 2026,2026-03-31,annual,6.0,851.0,429.0,330.0,1616.0,787.0,386.0,0.0,443.0,1616.0,429.0,screener
POLICYBZR,Mar 2022,2022-03-31,annual,90.0,5322.0,159.0,344.0,5915.0,205.0,0.0,373.0,5338.0,5915.0,-214.0,screener
POLICYBZR,Mar 2023,2023-03-31,annual,90.0,5386.0,227.0,551.0,6254.0,313.0,0.0,622.0,5319.0,6254.0,-395.0,screener
POLICYBZR,Mar 2024,2024-03-31,annual,90.0,5781.0,253.0,604.0,6729.0,359.0,0.0,1358.0,5011.0,6729.0,-1105.0,screener
POLICYBZR,Mar 2025,2025-03-31,annual,92.0,6340.0,322.0,775.0,7529.0,418.0,0.0,2173.0,4938.0,7529.0,-1851.0,screener
POLICYBZR,Mar 2026,2026-03-31,annual,93.0,7219.0,360.0,1035.0,8707.0,441.0,0.0,3211.0,5054.0,8707.0,-2851.0,screener
POLYCAB,Mar 2022,2022-03-31,annual,149.0,5394.0,118.0,1750.0,7412.0,1675.0,375.0,773.0,4588.0,7412.0,-655.0,screener
POLYCAB,Mar 2023,2023-03-31,annual,150.0,6481.0,191.0,2602.0,9424.0,2067.0,251.0,1350.0,5756.0,9424.0,-1159.0,screener
POLYCAB,Mar 2024,2024-03-31,annual,150.0,8037.0,161.0,3718.0,12066.0,2338.0,578.0,1822.0,7328.0,12066.0,-1661.0,screener
POLYCAB,Mar 2025,2025-03-31,annual,150.0,9675.0,202.0,3721.0,13749.0,3011.0,708.0,1749.0,8280.0,13749.0,-1547.0,screener
POLYCAB,Mar 2026,2026-03-31,annual,151.0,11858.0,236.0,8220.0,20465.0,3740.0,1139.0,3405.0,12180.0,20465.0,-3169.0,screener
POLYMED,Mar 2022,2022-03-31,annual,48.0,1040.0,127.0,163.0,1377.0,488.0,43.0,346.0,499.0,1377.0,-219.0,screener
POLYMED,Mar 2023,2023-03-31,annual,48.0,1194.0,149.0,187.0,1577.0,635.0,78.0,126.0,738.0,1577.0,23.0,screener
POLYMED,Mar 2024,2024-03-31,annual,48.0,1422.0,174.0,215.0,1859.0,867.0,76.0,167.0,748.0,1859.0,7.0,screener
POLYMED,Mar 2025,2025-03-31,annual,51.0,2715.0,180.0,246.0,3192.0,1084.0,101.0,1077.0,930.0,3192.0,-897.0,screener
POLYMED,Mar 2026,2026-03-31,annual,51.0,3055.0,354.0,459.0,3919.0,1702.0,91.0,755.0,1371.0,3919.0,-401.0,screener
POLYPLEX,Mar 2022,2022-03-31,annual,32.0,3284.0,946.0,2954.0,7216.0,3152.0,126.0,276.0,3663.0,7216.0,670.0,screener
POLYPLEX,Mar 2023,2023-03-31,annual,32.0,3451.0,799.0,3091.0,7373.0,3252.0,196.0,275.0,3650.0,7373.0,524.0,screener
POLYPLEX,Mar 2024,2024-03-31,annual,32.0,3479.0,748.0,3124.0,7383.0,3002.0,628.0,374.0,3379.0,7383.0,374.0,screener
POLYPLEX,Mar 2025,2025-03-31,annual,32.0,3731.0,882.0,3309.0,7954.0,3944.0,36.0,340.0,3634.0,7954.0,542.0,screener
POLYPLEX,Mar 2026,2026-03-31,annual,32.0,4208.0,935.0,3739.0,8914.0,4226.0,70.0,348.0,4270.0,8914.0,587.0,screener
POONAWALLA,Mar 2022,2022-03-31,annual,153.0,5903.0,,413.0,16443.0,214.0,0.0,0.0,16228.0,16443.0,,screener
POONAWALLA,Mar 2023,2023-03-31,annual,154.0,6708.0,,5150.0,23221.0,222.0,5.0,311.0,22684.0,23221.0,,screener
POONAWALLA,Mar 2024,2024-03-31,annual,154.0,8013.0,,704.0,24087.0,194.0,0.0,878.0,23014.0,24087.0,,screener
POONAWALLA,Mar 2025,2025-03-31,annual,155.0,8020.0,,774.0,35030.0,244.0,10.0,1342.0,33434.0,35030.0,,screener
POONAWALLA,Mar 2026,2026-03-31,annual,162.0,10187.0,,1488.0,60272.0,420.0,7.0,2490.0,57354.0,60272.0,,screener
POWERGRID,Mar 2022,2022-03-31,annual,6975.0,69272.0,134696.0,40008.0,250950.0,191773.0,12854.0,3788.0,42536.0,250950.0,130908.0,screener
POWERGRID,Mar 2023,2023-03-31,annual,6975.0,76039.0,126661.0,40627.0,250303.0,185437.0,13772.0,3489.0,47604.0,250303.0,123172.0,screener
POWERGRID,Mar 2024,2024-03-31,annual,9301.0,77845.0,123516.0,40168.0,250829.0,177761.0,18197.0,4163.0,50708.0,250829.0,119353.0,screener
POWERGRID,Mar 2025,2025-03-31,annual,9301.0,83362.0,131030.0,42326.0,266019.0,172320.0,33585.0,3117.0,56998.0,266019.0,127913.0,screener
POWERGRID,Mar 2026,2026-03-31,annual,9301.0,91193.0,148071.0,46163.0,294727.0,176623.0,43654.0,2995.0,71455.0,294727.0,145076.0,screener
POWERICA,Mar 2022,2022-03-31,annual,17.0,674.0,386.0,1072.0,2149.0,863.0,320.0,242.0,724.0,2149.0,144.0,screener
POWERICA,Mar 2023,2023-03-31,annual,17.0,778.0,279.0,1052.0,2126.0,1091.0,4.0,394.0,636.0,2126.0,-115.0,screener
POWERICA,Mar 2024,2024-03-31,annual,14.0,899.0,182.0,990.0,2085.0,951.0,23.0,333.0,777.0,2085.0,-151.0,screener
POWERICA,Mar 2025,2025-03-31,annual,14.0,1071.0,312.0,1018.0,2415.0,865.0,352.0,395.0,802.0,2415.0,-83.0,screener
POWERICA,Mar 2026,2026-03-31,annual,63.0,1928.0,572.0,1368.0,3931.0,1211.0,179.0,403.0,2137.0,3931.0,169.0,screener
POWERMECH,Mar 2022,2022-03-31,annual,15.0,1029.0,531.0,1023.0,2597.0,180.0,2.0,39.0,2375.0,2597.0,492.0,screener
POWERMECH,Mar 2023,2023-03-31,annual,15.0,1260.0,477.0,1302.0,3054.0,189.0,3.0,36.0,2827.0,3054.0,441.0,screener
POWERMECH,Mar 2024,2024-03-31,annual,16.0,1822.0,396.0,1334.0,3568.0,231.0,11.0,37.0,3288.0,3568.0,359.0,screener
POWERMECH,Mar 2025,2025-03-31,annual,32.0,2128.0,735.0,1719.0,4614.0,323.0,28.0,36.0,4227.0,4614.0,699.0,screener
POWERMECH,Mar 2026,2026-03-31,annual,32.0,2487.0,664.0,2407.0,5589.0,429.0,182.0,34.0,4945.0,5589.0,630.0,screener
PPAP,Mar 2022,2022-03-31,annual,14.0,290.0,110.0,86.0,500.0,284.0,21.0,46.0,148.0,500.0,64.0,screener
PPAP,Mar 2023,2023-03-31,annual,14.0,281.0,152.0,102.0,548.0,319.0,11.0,42.0,177.0,548.0,110.0,screener
PPAP,Mar 2024,2024-03-31,annual,14.0,269.0,162.0,110.0,556.0,313.0,17.0,43.0,183.0,556.0,119.0,screener
PPAP,Mar 2025,2025-03-31,annual,14.0,274.0,175.0,105.0,568.0,316.0,27.0,44.0,181.0,568.0,131.0,screener
PPAP,Mar 2026,2026-03-31,annual,14.0,327.0,207.0,193.0,741.0,321.0,43.0,96.0,281.0,741.0,111.0,screener
PPLPHARMA,Mar 2022,2022-03-31,annual,1186.0,5511.0,4128.0,1781.0,12605.0,6879.0,1172.0,267.0,4286.0,12605.0,3861.0,screener
PPLPHARMA,Mar 2023,2023-03-31,annual,1193.0,5580.0,5637.0,1893.0,14303.0,7469.0,1419.0,639.0,4777.0,14303.0,4998.0,screener
PPLPHARMA,Mar 2024,2024-03-31,annual,1323.0,6588.0,4710.0,2461.0,15083.0,7990.0,1116.0,385.0,5592.0,15083.0,4325.0,screener
PPLPHARMA,Mar 2025,2025-03-31,annual,1324.0,6801.0,4856.0,2447.0,15429.0,8133.0,977.0,291.0,6028.0,15429.0,4565.0,screener
PPLPHARMA,Mar 2026,2026-03-31,annual,1327.0,6835.0,5675.0,3770.0,17607.0,8684.0,1100.0,437.0,7386.0,17607.0,5238.0,screener
PRABHA,Mar 2023,2023-03-31,annual,13.69,431.51,10.82,136.21,592.23,321.95,186.5,0.38,83.4,592.23,10.44,screener
PRABHA,Mar 2024,2024-03-31,annual,13.69,430.57,79.16,78.94,602.36,322.71,210.25,0.53,68.87,602.36,78.63,screener
PRABHA,Mar 2025,2025-03-31,annual,13.69,424.34,126.11,71.77,635.91,323.9,253.08,0.0,58.93,635.91,126.11,screener
PRABHA,Mar 2026,2026-03-31,annual,13.69,420.8,163.48,91.12,689.09,321.57,298.81,0.0,68.71,689.09,163.48,screener
PRAENG,Mar 2022,2022-03-31,annual,70.0,497.0,187.0,399.0,1153.0,132.0,275.0,57.0,689.0,1153.0,130.0,screener
PRAENG,Mar 2023,2023-03-31,annual,70.0,486.0,173.0,214.0,943.0,128.0,111.0,57.0,647.0,943.0,116.0,screener
PRAENG,Mar 2024,2024-03-31,annual,70.0,447.0,182.0,201.0,900.0,126.0,114.0,57.0,604.0,900.0,125.0,screener
PRAENG,Mar 2025,2025-03-31,annual,70.0,417.0,174.0,179.0,839.0,151.0,90.0,57.0,541.0,839.0,117.0,screener
PRAENG,Mar 2026,2026-03-31,annual,70.0,408.0,163.0,164.0,804.0,152.0,103.0,57.0,492.0,804.0,106.0,screener
PRAJIND,Mar 2022,2022-03-31,annual,37.0,879.0,21.0,1281.0,2218.0,286.0,2.0,463.0,1467.0,2218.0,-442.0,screener
PRAJIND,Mar 2023,2023-03-31,annual,37.0,1041.0,42.0,1499.0,2619.0,317.0,7.0,543.0,1752.0,2619.0,-501.0,screener
PRAJIND,Mar 2024,2024-03-31,annual,37.0,1238.0,169.0,1450.0,2894.0,474.0,43.0,497.0,1880.0,2894.0,-328.0,screener
PRAJIND,Mar 2025,2025-03-31,annual,37.0,1345.0,195.0,1581.0,3157.0,567.0,18.0,428.0,2144.0,3157.0,-233.0,screener
PRAJIND,Mar 2026,2026-03-31,annual,37.0,1272.0,173.0,1574.0,3056.0,560.0,6.0,418.0,2072.0,3056.0,-245.0,screener
PRAKASH,Mar 2018,2018-03-31,annual,157.0,2579.0,818.0,339.0,3893.0,2377.0,690.0,0.0,825.0,3893.0,818.0,screener
PRAVEG,Mar 2022,2022-03-31,annual,18.0,9.0,6.0,5.0,38.0,8.0,3.0,0.0,27.0,38.0,6.0,screener
PRAVEG,Mar 2023,2023-03-31,annual,21.0,92.0,2.0,11.0,126.0,34.0,8.0,0.0,83.0,126.0,2.0,screener
PRAVEG,Mar 2024,2024-03-31,annual,25.0,263.0,62.0,15.0,365.0,183.0,22.0,0.0,159.0,365.0,62.0,screener
PRAVEG,Mar 2025,2025-03-31,annual,26.0,437.0,77.0,69.0,609.0,304.0,165.0,0.0,141.0,609.0,77.0,screener
PRAVEG,Mar 2026,2026-03-31,annual,26.0,423.0,170.0,96.0,716.0,391.0,149.0,0.0,175.0,716.0,170.0,screener
PRECAM,Mar 2022,2022-03-31,annual,95.0,587.0,136.0,239.0,1057.0,360.0,34.0,194.0,469.0,1057.0,-58.0,screener
PRECAM,Mar 2023,2023-03-31,annual,95.0,622.0,105.0,281.0,1102.0,311.0,82.0,177.0,532.0,1102.0,-72.0,screener
PRECAM,Mar 2024,2024-03-31,annual,95.0,653.0,110.0,178.0,1037.0,325.0,28.0,225.0,459.0,1037.0,-115.0,screener
PRECAM,Mar 2025,2025-03-31,annual,95.0,698.0,120.0,164.0,1077.0,286.0,58.0,320.0,413.0,1077.0,-200.0,screener
PRECAM,Mar 2026,2026-03-31,annual,95.0,741.0,54.0,160.0,1050.0,307.0,65.0,357.0,321.0,1050.0,-303.0,screener
PRECOT,Mar 2022,2022-03-31,annual,12.0,432.0,360.0,129.0,933.0,433.0,32.0,12.0,456.0,933.0,348.0,screener
PRECOT,Mar 2023,2023-03-31,annual,12.0,394.0,379.0,122.0,907.0,447.0,3.0,9.0,447.0,907.0,370.0,screener
PRECOT,Mar 2024,2024-03-31,annual,12.0,406.0,373.0,163.0,954.0,449.0,56.0,15.0,434.0,954.0,358.0,screener
PRECOT,Mar 2025,2025-03-31,annual,12.0,436.0,329.0,161.0,939.0,513.0,4.0,11.0,411.0,939.0,318.0,screener
PRECOT,Mar 2026,2026-03-31,annual,12.0,469.0,347.0,104.0,932.0,549.0,5.0,13.0,364.0,932.0,334.0,screener
PRECWIRE,Mar 2015,2015-03-31,annual,12.0,175.0,38.0,133.0,358.0,87.0,3.0,0.0,268.0,358.0,38.0,screener
PRECWIRE,Mar 2016,2016-03-31,annual,12.0,183.0,28.0,134.0,357.0,80.0,12.0,2.0,263.0,357.0,26.0,screener
PREMEXPLN,Mar 2022,2022-03-31,annual,11.0,179.0,78.0,54.0,322.0,180.0,4.0,0.0,138.0,322.0,78.0,screener
PREMEXPLN,Mar 2023,2023-03-31,annual,11.0,184.0,83.0,78.0,356.0,189.0,2.0,0.0,165.0,356.0,83.0,screener
PREMEXPLN,Mar 2024,2024-03-31,annual,11.0,209.0,61.0,160.0,442.0,200.0,3.0,0.0,238.0,442.0,61.0,screener
PREMEXPLN,Mar 2025,2025-03-31,annual,11.0,235.0,41.0,242.0,528.0,200.0,3.0,0.0,326.0,528.0,41.0,screener
PREMEXPLN,Mar 2026,2026-03-31,annual,11.0,278.0,32.0,162.0,483.0,187.0,26.0,0.0,269.0,483.0,32.0,screener
PREMIERENE,Mar 2022,2022-03-31,annual,26.0,368.0,455.0,491.0,1340.0,479.0,114.0,55.0,693.0,1340.0,400.0,screener
PREMIERENE,Mar 2023,2023-03-31,annual,26.0,385.0,765.0,934.0,2110.0,592.0,349.0,59.0,1110.0,2110.0,706.0,screener
PREMIERENE,Mar 2024,2024-03-31,annual,26.0,620.0,1401.0,1489.0,3537.0,1203.0,20.0,9.0,2305.0,3537.0,1392.0,screener
PREMIERENE,Mar 2025,2025-03-31,annual,45.0,2777.0,1954.0,2065.0,6841.0,978.0,242.0,845.0,4775.0,6841.0,1109.0,screener
PREMIERENE,Mar 2026,2026-03-31,annual,45.0,4262.0,3707.0,2830.0,10845.0,1747.0,2144.0,670.0,6285.0,10845.0,3037.0,screener
PRESTIGE,Mar 2022,2022-03-31,annual,401.0,8694.0,7412.0,13664.0,30171.0,5858.0,1725.0,772.0,21816.0,30171.0,6640.0,screener
PRESTIGE,Mar 2023,2023-03-31,annual,401.0,9574.0,9420.0,16876.0,36271.0,6780.0,2399.0,1023.0,26069.0,36271.0,8397.0,screener
PRESTIGE,Mar 2024,2024-03-31,annual,401.0,10888.0,13458.0,23227.0,47974.0,8669.0,2137.0,1279.0,35889.0,47974.0,12179.0,screener
PRESTIGE,Mar 2025,2025-03-31,annual,431.0,14992.0,13180.0,29634.0,58237.0,10545.0,1424.0,1250.0,45018.0,58237.0,11930.0,screener
PRESTIGE,Mar 2026,2026-03-31,annual,431.0,15842.0,17659.0,39436.0,73368.0,11965.0,2207.0,2175.0,57021.0,73368.0,15484.0,screener
PRICOLLTD,Mar 2022,2022-03-31,annual,12.0,564.0,153.0,469.0,1198.0,612.0,8.0,2.0,576.0,1198.0,151.0,screener_yfinance_fallback_normalized
PRICOLLTD,Mar 2023,2023-03-31,annual,12.0,692.0,110.0,493.0,1307.0,597.0,15.0,5.0,691.0,1307.0,105.0,screener_yfinance_fallback_normalized
PRICOLLTD,Mar 2024,2024-03-31,annual,12.0,833.0,61.0,529.0,1435.0,632.0,38.0,6.0,759.0,1435.0,55.0,screener_yfinance_fallback_normalized
PRICOLLTD,Mar 2025,2025-03-31,annual,12.0,1004.0,279.0,654.0,1949.0,871.0,70.0,14.0,994.0,1949.0,265.0,screener_yfinance_fallback_normalized
PRICOLLTD,Mar 2026,2026-03-31,annual,12.0,1243.0,379.0,841.0,2475.0,1045.0,112.0,14.0,1304.0,2475.0,365.0,screener_yfinance_fallback_normalized
PRIMESECU,Mar 2022,2022-03-31,annual,16.0,96.0,5.0,14.0,131.0,3.0,1.0,44.0,83.0,131.0,-39.0,screener
PRIMESECU,Mar 2023,2023-03-31,annual,16.0,111.0,0.0,14.0,141.0,3.0,0.0,56.0,83.0,141.0,-56.0,screener
PRIMESECU,Mar 2024,2024-03-31,annual,17.0,141.0,0.0,19.0,177.0,2.0,0.0,109.0,66.0,177.0,-109.0,screener
PRIMESECU,Mar 2025,2025-03-31,annual,17.0,189.0,0.0,24.0,230.0,5.0,0.0,176.0,49.0,230.0,-176.0,screener
PRIMESECU,Mar 2026,2026-03-31,annual,17.0,239.0,2.0,30.0,288.0,12.0,0.0,214.0,62.0,288.0,-212.0,screener
PRIVISCL,Mar 2022,2022-03-31,annual,39.0,773.0,933.0,431.0,2176.0,704.0,373.0,12.0,1087.0,2176.0,921.0,screener
PRIVISCL,Mar 2023,2023-03-31,annual,39.0,790.0,1079.0,483.0,2391.0,1017.0,100.0,7.0,1268.0,2391.0,1072.0,screener
PRIVISCL,Mar 2024,2024-03-31,annual,39.0,885.0,1008.0,410.0,2343.0,1034.0,99.0,40.0,1169.0,2343.0,968.0,screener
PRIVISCL,Mar 2025,2025-03-31,annual,39.0,1064.0,1143.0,544.0,2791.0,1156.0,141.0,8.0,1485.0,2791.0,1135.0,screener
PRIVISCL,Mar 2026,2026-03-31,annual,39.0,1373.0,1021.0,736.0,3170.0,1185.0,298.0,54.0,1633.0,3170.0,967.0,screener
PROSTARM,Mar 2022,2022-03-31,annual,9.0,32.0,3.0,54.0,98.0,8.0,0.0,3.0,87.0,98.0,0.0,screener
PROSTARM,Mar 2023,2023-03-31,annual,43.0,18.0,25.0,70.0,155.0,10.0,9.0,0.0,137.0,155.0,25.0,screener
PROSTARM,Mar 2024,2024-03-31,annual,43.0,41.0,43.0,75.0,203.0,16.0,9.0,0.0,178.0,203.0,43.0,screener
PROSTARM,Mar 2025,2025-03-31,annual,43.0,61.0,67.0,66.0,238.0,25.0,0.0,0.0,212.0,238.0,67.0,screener
PROSTARM,Mar 2026,2026-03-31,annual,59.0,228.0,93.0,158.0,537.0,41.0,21.0,0.0,476.0,537.0,93.0,screener
PROTEAN,Mar 2022,2022-03-31,annual,40.0,748.0,12.0,188.0,988.0,65.0,4.0,364.0,555.0,988.0,-352.0,screener
PROTEAN,Mar 2023,2023-03-31,annual,40.0,817.0,8.0,239.0,1104.0,63.0,11.0,529.0,501.0,1104.0,-521.0,screener
PROTEAN,Mar 2024,2024-03-31,annual,40.0,886.0,21.0,238.0,1185.0,86.0,13.0,550.0,536.0,1185.0,-529.0,screener
PROTEAN,Mar 2025,2025-03-31,annual,41.0,958.0,69.0,239.0,1307.0,153.0,11.0,661.0,482.0,1307.0,-592.0,screener
PROTEAN,Mar 2026,2026-03-31,annual,41.0,1037.0,87.0,309.0,1474.0,184.0,2.0,638.0,650.0,1474.0,-551.0,screener
PRSMJOHNSN,Mar 2022,2022-03-31,annual,503.0,820.0,1744.0,3381.0,6448.0,2970.0,204.0,834.0,2439.0,6448.0,910.0,screener
PRSMJOHNSN,Mar 2023,2023-03-31,annual,503.0,703.0,2182.0,3158.0,6547.0,2947.0,240.0,911.0,2449.0,6547.0,1271.0,screener
PRSMJOHNSN,Mar 2024,2024-03-31,annual,503.0,886.0,2243.0,3449.0,7081.0,3260.0,141.0,980.0,2699.0,7081.0,1263.0,screener
PRSMJOHNSN,Mar 2025,2025-03-31,annual,503.0,975.0,1978.0,3853.0,7309.0,3285.0,141.0,1114.0,2769.0,7309.0,864.0,screener
PRSMJOHNSN,Mar 2026,2026-03-31,annual,503.0,1025.0,1421.0,4383.0,7333.0,3196.0,44.0,147.0,3945.0,7333.0,1274.0,screener
PRUDENT,Mar 2022,2022-03-31,annual,21.0,217.0,13.0,148.0,399.0,174.0,0.0,39.0,185.0,399.0,-26.0,screener
PRUDENT,Mar 2023,2023-03-31,annual,21.0,329.0,17.0,152.0,519.0,164.0,0.0,143.0,212.0,519.0,-126.0,screener
PRUDENT,Mar 2024,2024-03-31,annual,21.0,461.0,20.0,255.0,757.0,153.0,0.0,246.0,357.0,757.0,-226.0,screener
PRUDENT,Mar 2025,2025-03-31,annual,21.0,647.0,31.0,245.0,944.0,162.0,0.0,365.0,416.0,944.0,-334.0,screener
PRUDENT,Mar 2026,2026-03-31,annual,21.0,862.0,34.0,307.0,1223.0,257.0,1.0,580.0,385.0,1223.0,-546.0,screener
PSPPROJECT,Mar 2022,2022-03-31,annual,36.0,651.0,100.0,484.0,1270.0,207.0,0.0,1.0,1062.0,1270.0,99.0,screener
PSPPROJECT,Mar 2023,2023-03-31,annual,36.0,765.0,145.0,819.0,1765.0,240.0,18.0,1.0,1507.0,1765.0,144.0,screener
PSPPROJECT,Mar 2024,2024-03-31,annual,36.0,879.0,455.0,667.0,2037.0,322.0,3.0,1.0,1711.0,2037.0,454.0,screener
PSPPROJECT,Mar 2025,2025-03-31,annual,40.0,1169.0,272.0,873.0,2353.0,307.0,3.0,1.0,2042.0,2353.0,271.0,screener
PSPPROJECT,Mar 2026,2026-03-31,annual,40.0,1224.0,330.0,1495.0,3089.0,413.0,1.0,1.0,2674.0,3089.0,329.0,screener
PTC,Mar 2022,2022-03-31,annual,296.0,4427.0,9771.0,5387.0,19882.0,1693.0,0.0,768.0,17421.0,19882.0,9003.0,screener
PTC,Mar 2023,2023-03-31,annual,296.0,4723.0,6546.0,5065.0,16630.0,1617.0,0.0,326.0,14686.0,16630.0,6220.0,screener
PTC,Mar 2024,2024-03-31,annual,296.0,4846.0,4327.0,5654.0,15123.0,43.0,0.0,284.0,14796.0,15123.0,4043.0,screener
PTC,Mar 2025,2025-03-31,annual,296.0,5509.0,2962.0,4148.0,12916.0,38.0,0.0,377.0,12500.0,12916.0,2585.0,screener
PTC,Mar 2026,2026-03-31,annual,296.0,5685.0,1769.0,4881.0,12631.0,32.0,0.0,941.0,11658.0,12631.0,828.0,screener
PUNJABCHEM,Mar 2022,2022-03-31,annual,12.0,213.0,93.0,238.0,557.0,212.0,7.0,1.0,337.0,557.0,92.0,screener
PUNJABCHEM,Mar 2023,2023-03-31,annual,12.0,268.0,94.0,241.0,616.0,222.0,20.0,2.0,372.0,616.0,92.0,screener
PUNJABCHEM,Mar 2024,2024-03-31,annual,12.0,318.0,123.0,187.0,640.0,236.0,12.0,8.0,384.0,640.0,115.0,screener
PUNJABCHEM,Mar 2025,2025-03-31,annual,12.0,352.0,168.0,268.0,801.0,253.0,14.0,4.0,529.0,801.0,164.0,screener
PUNJABCHEM,Mar 2026,2026-03-31,annual,12.0,411.0,154.0,245.0,823.0,275.0,19.0,2.0,528.0,823.0,152.0,screener
PURVA,Mar 2022,2022-03-31,annual,119.0,1923.0,2627.0,3955.0,8623.0,96.0,3.0,82.0,8442.0,8623.0,2545.0,screener
PURVA,Mar 2023,2023-03-31,annual,119.0,1868.0,2944.0,5125.0,10055.0,107.0,1.0,104.0,9844.0,10055.0,2840.0,screener
PURVA,Mar 2024,2024-03-31,annual,119.0,1765.0,3325.0,6518.0,11727.0,163.0,2.0,36.0,11526.0,11727.0,3289.0,screener
PURVA,Mar 2025,2025-03-31,annual,119.0,1612.0,4332.0,8169.0,14232.0,232.0,0.0,40.0,13960.0,14232.0,4292.0,screener
PURVA,Mar 2026,2026-03-31,annual,119.0,1669.0,5595.0,9876.0,17258.0,1102.0,1.0,32.0,16124.0,17258.0,5563.0,screener
PVP,Mar 2022,2022-03-31,annual,243.96,-289.65,372.93,178.11,505.35,3.93,0.0,14.21,487.21,505.35,358.72,screener
PVP,Mar 2023,2023-03-31,annual,243.96,-95.88,119.2,71.39,338.67,3.88,0.0,9.48,325.31,338.67,109.72,screener
PVP,Mar 2024,2024-03-31,annual,260.4,-30.87,43.23,106.44,379.2,43.43,0.0,7.74,328.03,379.2,35.49,screener
PVP,Mar 2025,2025-03-31,annual,260.4,-38.41,23.25,129.63,374.87,36.62,0.0,2.17,336.08,374.87,21.08,screener
PVP,Mar 2026,2026-03-31,annual,260.4,-42.17,256.43,319.29,793.95,322.98,0.32,6.05,464.6,793.95,250.38,screener
PVRINOX,Mar 2022,2022-03-31,annual,61.0,1309.0,5196.0,757.0,7323.0,5407.0,64.0,0.0,1851.0,7323.0,5196.0,screener
PVRINOX,Mar 2023,2023-03-31,annual,98.0,7232.0,8052.0,1091.0,16474.0,14209.0,247.0,0.0,2017.0,16474.0,8052.0,screener
PVRINOX,Mar 2024,2024-03-31,annual,98.0,7225.0,8304.0,1191.0,16818.0,14478.0,246.0,16.0,2077.0,16818.0,8288.0,screener
PVRINOX,Mar 2025,2025-03-31,annual,98.0,6953.0,7775.0,1435.0,16261.0,13906.0,96.0,1.0,2258.0,16261.0,7774.0,screener
PVRINOX,Mar 2026,2026-03-31,annual,98.0,7280.0,6779.0,1454.0,15612.0,13373.0,32.0,2.0,2205.0,15612.0,6777.0,screener
PVSL,Mar 2022,2022-03-31,annual,13.0,267.0,756.0,232.0,1268.0,564.0,12.0,6.0,685.0,1268.0,750.0,screener
PVSL,Mar 2023,2023-03-31,annual,13.0,330.0,938.0,229.0,1510.0,671.0,8.0,6.0,825.0,1510.0,932.0,screener
PVSL,Mar 2024,2024-03-31,annual,14.0,639.0,925.0,381.0,1959.0,733.0,15.0,28.0,1183.0,1959.0,897.0,screener
PVSL,Mar 2025,2025-03-31,annual,14.0,625.0,922.0,348.0,1909.0,721.0,9.0,14.0,1166.0,1909.0,908.0,screener
PVSL,Mar 2026,2026-03-31,annual,14.0,614.0,1406.0,350.0,2383.0,1075.0,27.0,19.0,1263.0,2383.0,1387.0,screener
PWL,Mar 2022,2022-03-31,annual,6.0,100.0,0.0,67.0,173.0,27.0,6.0,24.0,116.0,173.0,-24.0,screener
PWL,Mar 2023,2023-03-31,annual,6.0,-189.0,956.0,1307.0,2080.0,1121.0,5.0,205.0,748.0,2080.0,751.0,screener
PWL,Mar 2024,2024-03-31,annual,6.0,-1252.0,2461.0,1270.0,2485.0,1464.0,0.0,173.0,848.0,2485.0,2288.0,screener
PWL,Mar 2025,2025-03-31,annual,218.0,472.0,1831.0,1647.0,4168.0,1586.0,9.0,1401.0,1172.0,4168.0,430.0,screener
PWL,Mar 2026,2026-03-31,annual,286.0,4234.0,1052.0,2104.0,7677.0,1833.0,5.0,2426.0,3413.0,7677.0,-1374.0,screener
QLINE,Mar 2023,2023-03-31,annual,2.0,126.0,74.0,51.0,252.0,23.0,12.0,16.0,201.0,252.0,58.0,screener
QLINE,Mar 2024,2024-03-31,annual,2.0,160.0,97.0,81.0,339.0,60.0,19.0,29.0,232.0,339.0,68.0,screener
QLINE,Mar 2025,2025-03-31,annual,2.0,188.0,166.0,99.0,455.0,92.0,63.0,0.0,301.0,455.0,166.0,screener
QLINE,Mar 2026,2026-03-31,annual,16.0,230.0,225.0,87.0,559.0,145.0,15.0,17.0,381.0,559.0,208.0,screener
QPOWER,Mar 2022,2022-03-31,annual,0.15,92.0,12.0,149.0,253.0,34.0,0.0,0.0,219.0,253.0,12.0,screener
QPOWER,Mar 2023,2023-03-31,annual,0.15,112.0,11.0,189.0,312.0,40.0,1.0,31.0,241.0,312.0,-20.0,screener
QPOWER,Mar 2024,2024-03-31,annual,72.0,81.0,38.0,167.0,359.0,66.0,2.0,48.0,243.0,359.0,-10.0,screener
QPOWER,Mar 2025,2025-03-31,annual,77.0,347.0,9.0,377.0,810.0,238.0,2.0,37.0,533.0,810.0,-28.0,screener
QPOWER,Mar 2026,2026-03-31,annual,77.0,465.0,40.0,530.0,1112.0,267.0,73.0,19.0,754.0,1112.0,21.0,screener
QUESS,Mar 2022,2022-03-31,annual,148.0,2290.0,915.0,2093.0,5445.0,1657.0,15.0,102.0,3671.0,5445.0,813.0,screener
QUESS,Mar 2023,2023-03-31,annual,148.0,2421.0,1011.0,2539.0,6119.0,1796.0,18.0,50.0,4255.0,6119.0,961.0,screener
QUESS,Mar 2024,2024-03-31,annual,149.0,2650.0,838.0,2618.0,6255.0,1695.0,33.0,93.0,4434.0,6255.0,745.0,screener
QUESS,Mar 2025,2025-03-31,annual,149.0,936.0,113.0,1614.0,2812.0,341.0,0.0,0.0,2471.0,2812.0,113.0,screener
QUESS,Mar 2026,2026-03-31,annual,149.0,1017.0,124.0,1748.0,3039.0,388.0,0.0,51.0,2600.0,3039.0,73.0,screener
QUICKHEAL,Mar 2022,2022-03-31,annual,58.0,570.0,0.0,88.0,716.0,137.0,0.0,318.0,261.0,716.0,-318.0,screener
QUICKHEAL,Mar 2023,2023-03-31,annual,53.0,367.0,0.0,74.0,493.0,124.0,0.0,198.0,171.0,493.0,-198.0,screener
QUICKHEAL,Mar 2024,2024-03-31,annual,54.0,383.0,0.0,76.0,513.0,117.0,3.0,190.0,203.0,513.0,-190.0,screener
QUICKHEAL,Mar 2025,2025-03-31,annual,54.0,387.0,0.0,83.0,525.0,119.0,0.0,179.0,226.0,525.0,-179.0,screener
QUICKHEAL,Mar 2026,2026-03-31,annual,54.0,382.0,0.0,110.0,547.0,122.0,0.0,213.0,212.0,547.0,-213.0,screener
RACLGEAR,Mar 2022,2022-03-31,annual,11.0,121.0,163.0,56.0,351.0,178.0,4.0,0.0,170.0,351.0,163.0,screener
RACLGEAR,Mar 2023,2023-03-31,annual,11.0,157.0,203.0,73.0,444.0,227.0,2.0,0.0,215.0,444.0,203.0,screener
RACLGEAR,Mar 2024,2024-03-31,annual,11.0,194.0,289.0,86.0,580.0,304.0,6.0,0.0,269.0,580.0,289.0,screener
RACLGEAR,Mar 2025,2025-03-31,annual,11.0,215.0,314.0,97.0,637.0,323.0,5.0,1.0,308.0,637.0,313.0,screener
RACLGEAR,Mar 2026,2026-03-31,annual,12.0,340.0,236.0,113.0,701.0,342.0,3.0,1.0,355.0,701.0,235.0,screener
RADAAN,Mar 2022,2022-03-31,annual,10.83,-20.97,29.39,7.26,26.51,0.59,16.51,0.72,8.69,26.51,28.67,screener
RADAAN,Mar 2023,2023-03-31,annual,10.83,-22.66,34.05,11.63,33.85,0.52,17.48,0.72,15.13,33.85,33.33,screener
RADAAN,Mar 2024,2024-03-31,annual,10.83,-22.58,33.89,16.39,38.53,0.5,18.44,0.0,19.59,38.53,33.89,screener
RADAAN,Mar 2025,2025-03-31,annual,10.83,-22.25,29.36,11.25,29.19,0.45,19.2,0.0,9.54,29.19,29.36,screener
RADAAN,Mar 2026,2026-03-31,annual,10.83,-27.05,14.65,9.22,7.65,0.41,0.0,0.0,7.24,7.65,14.65,screener
RADICO,Mar 2022,2022-03-31,annual,27.0,2000.0,202.0,555.0,2784.0,821.0,30.0,175.0,1757.0,2784.0,27.0,screener
RADICO,Mar 2023,2023-03-31,annual,27.0,2181.0,754.0,762.0,3724.0,1234.0,327.0,191.0,1971.0,3724.0,563.0,screener
RADICO,Mar 2024,2024-03-31,annual,27.0,2413.0,818.0,846.0,4104.0,1700.0,54.0,198.0,2152.0,4104.0,620.0,screener
RADICO,Mar 2025,2025-03-31,annual,27.0,2727.0,750.0,1163.0,4668.0,1811.0,23.0,198.0,2635.0,4668.0,552.0,screener
RADICO,Mar 2026,2026-03-31,annual,27.0,3289.0,498.0,1181.0,4995.0,1910.0,76.0,240.0,2769.0,4995.0,258.0,screener
RADIOCITY,Mar 2014,2014-03-31,annual,39.0,-29.0,128.0,28.0,167.0,32.0,0.0,1.0,134.0,167.0,127.0,screener
RADIOCITY,Mar 2015,2015-03-31,annual,39.0,18.0,293.0,43.0,393.0,19.0,0.0,1.0,374.0,393.0,292.0,screener
RAILTEL,Mar 2020,2020-03-31,annual,321.0,1048.0,43.0,986.0,2398.0,789.0,253.0,0.0,1356.0,2398.0,43.0,screener
RAILTEL,Mar 2021,2021-03-31,annual,321.0,1092.0,0.0,1297.0,2710.0,760.0,215.0,0.0,1735.0,2710.0,0.0,screener
RAILTEL,Mar 2022,2022-03-31,annual,321.0,1206.0,32.0,1300.0,2858.0,775.0,163.0,30.0,1890.0,2858.0,2.0,screener
RAILTEL,Mar 2023,2023-03-31,annual,321.0,1328.0,42.0,1648.0,3339.0,821.0,157.0,40.0,2321.0,3339.0,2.0,screener
RAILTEL,Sep 2023,2023-09-30,annual,321.0,1402.0,48.0,1779.0,3550.0,828.0,217.0,5.0,2500.0,3550.0,43.0,screener
RAIN,Dec 2021,2021-12-31,annual,67.0,6042.0,8489.0,3864.0,18463.0,10939.0,791.0,13.0,6719.0,18463.0,8476.0,screener
RAIN,Dec 2022,2022-12-31,annual,67.0,8360.0,9731.0,3787.0,21945.0,11977.0,467.0,14.0,9487.0,21945.0,9717.0,screener
RAIN,Dec 2023,2023-12-31,annual,67.0,7275.0,8690.0,3954.0,19987.0,11357.0,432.0,17.0,8181.0,19987.0,8673.0,screener
RAIN,Dec 2024,2024-12-31,annual,67.0,6570.0,8494.0,3803.0,18935.0,11184.0,473.0,26.0,7252.0,18935.0,8468.0,screener
RAIN,Dec 2025,2025-12-31,annual,67.0,7382.0,9824.0,3486.0,20759.0,12543.0,336.0,29.0,7852.0,20759.0,9795.0,screener
RAIN,Jun 2026,2026-06-30,annual,67.0,7927.0,10795.0,3976.0,22765.0,12630.0,389.0,30.0,9716.0,22765.0,10765.0,screener
RAINBOW,Mar 2022,2022-03-31,annual,94.0,498.0,592.0,112.0,1296.0,858.0,6.0,22.0,409.0,1296.0,570.0,screener
RAINBOW,Mar 2023,2023-03-31,annual,102.0,958.0,570.0,140.0,1771.0,931.0,23.0,58.0,759.0,1771.0,512.0,screener
RAINBOW,Mar 2024,2024-03-31,annual,102.0,1157.0,765.0,146.0,2170.0,1253.0,20.0,308.0,590.0,2170.0,457.0,screener
RAINBOW,Mar 2025,2025-03-31,annual,102.0,1367.0,764.0,145.0,2377.0,1398.0,28.0,571.0,380.0,2377.0,193.0,screener
RAINBOW,Mar 2026,2026-03-31,annual,102.0,1547.0,891.0,236.0,2775.0,1756.0,79.0,404.0,535.0,2775.0,487.0,screener
RAJESHEXPO,Mar 2022,2022-03-31,annual,30.0,12416.0,815.0,10655.0,23916.0,1449.0,6.0,1113.0,21348.0,23916.0,-298.0,screener
RAJESHEXPO,Mar 2023,2023-03-31,annual,30.0,14694.0,723.0,7428.0,22875.0,2038.0,38.0,1241.0,19557.0,22875.0,-518.0,screener
RAJESHEXPO,Mar 2024,2024-03-31,annual,30.0,15217.0,655.0,6170.0,22072.0,2071.0,9.0,1292.0,18700.0,22072.0,-637.0,screener
RAJESHEXPO,Mar 2025,2025-03-31,annual,30.0,15652.0,923.0,12768.0,29372.0,1340.0,10.0,10750.0,17273.0,29372.0,-9827.0,screener
RAJESHEXPO,Mar 2026,2026-03-31,annual,30.0,17239.0,1016.0,22608.0,40893.0,1382.0,4.0,11797.0,27710.0,40893.0,-10781.0,screener
RAJOOENG,Mar 2022,2022-03-31,annual,6.0,93.0,0.0,61.0,160.0,39.0,3.0,17.0,102.0,160.0,-17.0,screener
RAJOOENG,Mar 2023,2023-03-31,annual,6.0,103.0,2.0,70.0,180.0,37.0,3.0,17.0,124.0,180.0,-15.0,screener
RAJOOENG,Mar 2024,2024-03-31,annual,6.0,121.0,1.0,99.0,227.0,42.0,5.0,12.0,168.0,227.0,-11.0,screener
RAJOOENG,Mar 2025,2025-03-31,annual,16.0,147.0,0.0,161.0,324.0,55.0,1.0,16.0,253.0,324.0,-16.0,screener
RAJOOENG,Mar 2026,2026-03-31,annual,18.0,328.0,24.0,305.0,674.0,215.0,13.0,50.0,397.0,674.0,-26.0,screener
RAJRATAN,Mar 2022,2022-03-31,annual,10.0,331.0,137.0,139.0,617.0,281.0,30.0,0.0,306.0,617.0,137.0,screener
RAJRATAN,Mar 2023,2023-03-31,annual,10.0,429.0,171.0,128.0,739.0,325.0,140.0,0.0,274.0,739.0,171.0,screener
RAJRATAN,Mar 2024,2024-03-31,annual,10.0,482.0,191.0,143.0,826.0,364.0,191.0,0.0,271.0,826.0,191.0,screener
RAJRATAN,Mar 2025,2025-03-31,annual,10.0,549.0,237.0,163.0,960.0,532.0,72.0,0.0,355.0,960.0,237.0,screener
RAJRATAN,Mar 2026,2026-03-31,annual,10.0,640.0,324.0,185.0,1159.0,619.0,88.0,1.0,450.0,1159.0,323.0,screener
RAJSREESUG,Mar 2014,2014-03-31,annual,24.0,60.0,713.0,316.0,1113.0,621.0,3.0,0.0,490.0,1113.0,713.0,screener
RAJSREESUG,Mar 2015,2015-03-31,annual,24.0,-10.0,736.0,223.0,974.0,588.0,2.0,0.0,384.0,974.0,736.0,screener
RAJSREESUG,Mar 2016,2016-03-31,annual,25.0,-27.0,780.0,171.0,949.0,562.0,2.0,0.0,386.0,949.0,780.0,screener
RAJSREESUG,Mar 2017,2017-03-31,annual,28.0,77.0,615.0,393.0,1112.0,551.0,2.0,0.0,560.0,1112.0,615.0,screener
RAJSREESUG,Mar 2018,2018-03-31,annual,28.0,103.0,458.0,170.0,760.0,528.0,2.0,0.0,230.0,760.0,458.0,screener
RALLIS,Mar 2018,2018-03-31,annual,19.0,1171.0,25.0,763.0,1978.0,574.0,47.0,96.0,1261.0,1978.0,-71.0,screener
RALLIS,Mar 2019,2019-03-31,annual,19.0,1266.0,73.0,804.0,2163.0,581.0,51.0,109.0,1422.0,2163.0,-36.0,screener
RALLIS,Mar 2020,2020-03-31,annual,19.0,1390.0,94.0,945.0,2448.0,593.0,76.0,302.0,1477.0,2448.0,-208.0,screener
RALLIS,Mar 2021,2021-03-31,annual,19.0,1571.0,76.0,922.0,2589.0,631.0,164.0,283.0,1510.0,2589.0,-207.0,screener
RALLIS,Mar 2022,2022-03-31,annual,19.0,1677.0,93.0,1069.0,2858.0,771.0,130.0,212.0,1745.0,2858.0,-119.0,screener
RAMCOCEM,Mar 2022,2022-03-31,annual,24.0,6595.0,3950.0,2589.0,13157.0,7773.0,3034.0,297.0,2054.0,13157.0,3653.0,screener
RAMCOCEM,Mar 2023,2023-03-31,annual,24.0,6837.0,4507.0,3224.0,14592.0,10195.0,1987.0,273.0,2138.0,14592.0,4234.0,screener
RAMCOCEM,Mar 2024,2024-03-31,annual,24.0,7214.0,4936.0,4095.0,16270.0,12053.0,1378.0,319.0,2519.0,16270.0,4617.0,screener
RAMCOCEM,Mar 2025,2025-03-31,annual,24.0,7418.0,4675.0,4213.0,16329.0,12344.0,1386.0,90.0,2509.0,16329.0,4585.0,screener
RAMCOCEM,Mar 2026,2026-03-31,annual,24.0,8070.0,3871.0,4664.0,16629.0,12918.0,990.0,60.0,2661.0,16629.0,3811.0,screener
RAMCOIND,Mar 2022,2022-03-31,annual,9.0,3750.0,224.0,312.0,4294.0,523.0,19.0,3053.0,699.0,4294.0,-2829.0,screener
RAMCOIND,Mar 2023,2023-03-31,annual,9.0,3875.0,308.0,273.0,4465.0,563.0,12.0,3058.0,832.0,4465.0,-2750.0,screener
RAMCOIND,Mar 2024,2024-03-31,annual,9.0,4052.0,242.0,273.0,4575.0,565.0,6.0,3172.0,832.0,4575.0,-2930.0,screener
RAMCOIND,Mar 2025,2025-03-31,annual,9.0,4224.0,256.0,294.0,4783.0,559.0,5.0,3340.0,879.0,4783.0,-3084.0,screener
RAMCOIND,Mar 2026,2026-03-31,annual,9.0,4513.0,169.0,286.0,4977.0,557.0,17.0,3485.0,918.0,4977.0,-3316.0,screener
RAMCOSYS,Mar 2022,2022-03-31,annual,31.0,550.0,56.0,238.0,875.0,356.0,0.0,3.0,515.0,875.0,53.0,screener
RAMCOSYS,Mar 2023,2023-03-31,annual,35.0,498.0,106.0,294.0,933.0,420.0,0.0,12.0,502.0,933.0,94.0,screener
RAMCOSYS,Mar 2024,2024-03-31,annual,35.0,276.0,63.0,294.0,668.0,430.0,0.0,2.0,237.0,668.0,61.0,screener
RAMCOSYS,Mar 2025,2025-03-31,annual,37.0,278.0,54.0,299.0,669.0,413.0,0.0,29.0,227.0,669.0,25.0,screener
RAMCOSYS,Mar 2026,2026-03-31,annual,38.0,312.0,43.0,353.0,745.0,402.0,0.0,2.0,341.0,745.0,41.0,screener
RAMKY,Mar 2022,2022-03-31,annual,69.0,207.0,2124.0,2153.0,4552.0,265.0,28.0,7.0,4252.0,4552.0,2117.0,screener
RAMKY,Mar 2023,2023-03-31,annual,69.0,1342.0,1650.0,1579.0,4641.0,329.0,61.0,7.0,4244.0,4641.0,1643.0,screener
RAMKY,Mar 2024,2024-03-31,annual,69.0,1643.0,834.0,1709.0,4256.0,217.0,0.0,0.0,4039.0,4256.0,834.0,screener
RAMKY,Mar 2025,2025-03-31,annual,69.0,1835.0,570.0,1706.0,4181.0,206.0,0.0,0.0,3975.0,4181.0,570.0,screener
RAMKY,Mar 2026,2026-03-31,annual,69.0,2093.0,591.0,1370.0,4124.0,186.0,1.0,0.0,3937.0,4124.0,591.0,screener
RAMRAT,Mar 2022,2022-03-31,annual,11.0,260.0,270.0,174.0,715.0,151.0,7.0,66.0,492.0,715.0,204.0,screener
RAMRAT,Mar 2023,2023-03-31,annual,22.0,290.0,267.0,251.0,829.0,147.0,4.0,80.0,599.0,829.0,187.0,screener
RAMRAT,Mar 2024,2024-03-31,annual,22.0,404.0,249.0,277.0,952.0,214.0,29.0,43.0,666.0,952.0,206.0,screener
RAMRAT,Mar 2025,2025-03-31,annual,22.0,461.0,305.0,512.0,1300.0,404.0,113.0,19.0,763.0,1300.0,286.0,screener
RAMRAT,Mar 2026,2026-03-31,annual,47.0,533.0,657.0,757.0,1994.0,639.0,34.0,16.0,1305.0,1994.0,641.0,screener
RATEGAIN,Mar 2022,2022-03-31,annual,11.0,608.0,18.0,140.0,777.0,222.0,0.0,165.0,390.0,777.0,-147.0,screener
RATEGAIN,Mar 2023,2023-03-31,annual,11.0,699.0,18.0,208.0,936.0,396.0,1.0,140.0,399.0,936.0,-122.0,screener
RATEGAIN,Mar 2024,2024-03-31,annual,12.0,1439.0,17.0,255.0,1722.0,364.0,2.0,179.0,1177.0,1722.0,-162.0,screener
RATEGAIN,Mar 2025,2025-03-31,annual,12.0,1671.0,16.0,198.0,1897.0,348.0,0.0,319.0,1230.0,1897.0,-303.0,screener
RATEGAIN,Mar 2026,2026-03-31,annual,12.0,1994.0,949.0,605.0,3560.0,2403.0,0.0,25.0,1133.0,3560.0,924.0,screener
RATNAMANI,Mar 2022,2022-03-31,annual,9.0,2239.0,157.0,557.0,2962.0,875.0,107.0,109.0,1873.0,2962.0,48.0,screener
RATNAMANI,Mar 2023,2023-03-31,annual,14.0,2590.0,237.0,939.0,3780.0,1122.0,101.0,135.0,2422.0,3780.0,102.0,screener
RATNAMANI,Mar 2024,2024-03-31,annual,14.0,3127.0,153.0,726.0,4020.0,1164.0,167.0,89.0,2601.0,4020.0,64.0,screener
RATNAMANI,Mar 2025,2025-03-31,annual,14.0,3623.0,157.0,1108.0,4903.0,1348.0,190.0,180.0,3185.0,4903.0,-23.0,screener
RATNAMANI,Mar 2026,2026-03-31,annual,14.0,4097.0,318.0,957.0,5385.0,1611.0,302.0,644.0,2828.0,5385.0,-326.0,screener
RATNAVEER,Mar 2026,2026-03-31,annual,68.0,601.0,335.0,257.0,1262.0,242.0,82.0,0.0,937.0,1262.0,335.0,screener
RAYMOND,Mar 2022,2022-03-31,annual,67.0,2293.0,2353.0,2654.0,7366.0,1878.0,25.0,1100.0,4363.0,7366.0,1253.0,screener
RAYMOND,Mar 2023,2023-03-31,annual,67.0,2832.0,2529.0,2779.0,8207.0,1934.0,36.0,1639.0,4598.0,8207.0,890.0,screener
RAYMOND,Mar 2024,2024-03-31,annual,67.0,4551.0,4181.0,4203.0,13001.0,3475.0,99.0,2826.0,6601.0,13001.0,1355.0,screener
RAYMOND,Mar 2025,2025-03-31,annual,67.0,3650.0,740.0,3260.0,7716.0,1772.0,10.0,1120.0,4814.0,7716.0,-380.0,screener
RAYMOND,Mar 2026,2026-03-31,annual,67.0,2777.0,1055.0,839.0,4738.0,1525.0,38.0,1695.0,1480.0,4738.0,-640.0,screener
RAYMONDLSL,Mar 2024,2024-03-31,annual,2.0,9661.0,1539.0,1843.0,13044.0,7469.0,79.0,900.0,4596.0,13044.0,639.0,screener
RAYMONDLSL,Mar 2025,2025-03-31,annual,12.0,9575.0,2291.0,1939.0,13818.0,7727.0,158.0,966.0,4966.0,13818.0,1325.0,screener
RAYMONDLSL,Mar 2026,2026-03-31,annual,12.0,9624.0,2186.0,2162.0,13984.0,7685.0,141.0,1037.0,5121.0,13984.0,1149.0,screener
RAYMONDREL,Mar 2024,2024-03-31,annual,0.15,-1.0,231.0,531.0,762.0,1.0,1.0,4.0,756.0,762.0,227.0,screener
RAYMONDREL,Mar 2025,2025-03-31,annual,2.0,46.0,466.0,790.0,1304.0,2.0,0.0,10.0,1292.0,1304.0,456.0,screener
RAYMONDREL,Mar 2026,2026-03-31,annual,67.0,1501.0,1014.0,4481.0,7062.0,89.0,5.0,2.0,6966.0,7062.0,1012.0,screener
RBLBANK,Mar 2022,2022-03-31,annual,600.0,11931.0,,3528.0,106163.0,538.0,82.0,22129.0,83414.0,106163.0,,screener
RBLBANK,Mar 2023,2023-03-31,annual,600.0,12926.0,,4074.0,115806.0,594.0,45.0,28730.0,86436.0,115806.0,,screener
RBLBANK,Mar 2024,2024-03-31,annual,605.0,14232.0,,5961.0,138454.0,591.0,7.0,29478.0,108378.0,138454.0,,screener
RBLBANK,Mar 2025,2025-03-31,annual,608.0,15062.0,,6435.0,146772.0,638.0,7.0,32103.0,114025.0,146772.0,,screener
RBLBANK,Mar 2026,2026-03-31,annual,618.0,15931.0,,8442.0,180747.0,582.0,0.0,32059.0,148107.0,180747.0,,screener
RBMINFRA,Mar 2024,2024-03-31,annual,10.0,87.0,2.0,115.0,215.0,5.0,0.0,0.0,209.0,215.0,2.0,screener
RBMINFRA,Mar 2025,2025-03-31,annual,10.0,131.0,11.0,146.0,299.0,24.0,0.0,0.0,274.0,299.0,11.0,screener
RBMINFRA,Mar 2026,2026-03-31,annual,11.0,177.0,142.0,344.0,673.0,113.0,0.0,0.0,560.0,673.0,142.0,screener
RCF,Mar 2022,2022-03-31,annual,552.0,3330.0,2979.0,3698.0,10558.0,2134.0,513.0,935.0,6977.0,10558.0,2044.0,screener
RCF,Mar 2023,2023-03-31,annual,552.0,4038.0,1877.0,3267.0,9734.0,2543.0,211.0,994.0,5986.0,9734.0,883.0,screener
RCF,Mar 2024,2024-03-31,annual,552.0,4054.0,3297.0,3575.0,11477.0,2558.0,431.0,992.0,7497.0,11477.0,2305.0,screener
RCF,Mar 2025,2025-03-31,annual,552.0,4194.0,2762.0,3772.0,11280.0,2905.0,579.0,1095.0,6700.0,11280.0,1667.0,screener
RCF,Mar 2026,2026-03-31,annual,552.0,4570.0,4128.0,7452.0,16701.0,3294.0,810.0,1380.0,11216.0,16701.0,2748.0,screener
RECLTD,Mar 2022,2022-03-31,annual,1975.0,49339.0,,26503.0,410860.0,628.0,6.0,2190.0,408035.0,410860.0,,screener
RECLTD,Mar 2023,2023-03-31,annual,2633.0,55487.0,,26592.0,465503.0,641.0,3.0,3170.0,461689.0,465503.0,,screener
RECLTD,Mar 2024,2024-03-31,annual,2633.0,66717.0,,33273.0,548191.0,632.0,24.0,5352.0,542184.0,548191.0,,screener
RECLTD,Mar 2025,2025-03-31,annual,2633.0,75184.0,,39883.0,614502.0,629.0,76.0,6674.0,607123.0,614502.0,,screener
RECLTD,Mar 2026,2026-03-31,annual,2633.0,81863.0,,40378.0,640158.0,616.0,128.0,9831.0,629583.0,640158.0,,screener
REDINGTON,Mar 2022,2022-03-31,annual,156.0,5629.0,831.0,11792.0,18407.0,700.0,85.0,0.0,17622.0,18407.0,831.0,screener
REDINGTON,Mar 2023,2023-03-31,annual,156.0,6771.0,3321.0,13030.0,23278.0,877.0,12.0,34.0,22354.0,23278.0,3287.0,screener
REDINGTON,Mar 2024,2024-03-31,annual,156.0,7392.0,2958.0,13880.0,24387.0,861.0,6.0,0.0,23520.0,24387.0,2958.0,screener
REDINGTON,Mar 2025,2025-03-31,annual,156.0,8565.0,2809.0,16043.0,27573.0,858.0,15.0,0.0,26699.0,27573.0,2809.0,screener
REDINGTON,Mar 2026,2026-03-31,annual,156.0,10004.0,2842.0,20835.0,33837.0,666.0,75.0,0.0,33095.0,33837.0,2842.0,screener
REDTAPE,Mar 2022,2022-03-31,annual,0.01,336.0,28.0,461.0,826.0,304.0,17.0,1.0,504.0,826.0,27.0,screener
REDTAPE,Mar 2023,2023-03-31,annual,28.0,449.0,260.0,502.0,1239.0,368.0,71.0,1.0,799.0,1239.0,259.0,screener
REDTAPE,Mar 2024,2024-03-31,annual,28.0,621.0,480.0,460.0,1588.0,646.0,17.0,0.0,925.0,1588.0,480.0,screener
REDTAPE,Mar 2025,2025-03-31,annual,111.0,678.0,724.0,712.0,2224.0,717.0,46.0,0.0,1461.0,2224.0,724.0,screener
REDTAPE,Mar 2026,2026-03-31,annual,111.0,911.0,720.0,564.0,2306.0,750.0,25.0,0.0,1531.0,2306.0,720.0,screener
REFEX,Mar 2021,2021-03-31,annual,21.0,119.0,74.0,128.0,341.0,87.0,0.0,74.0,181.0,341.0,0.0,screener
REFEX,Mar 2023,2023-03-31,annual,22.0,292.0,149.0,288.0,752.0,147.0,3.0,74.0,529.0,752.0,75.0,screener
REFEX,Mar 2024,2024-03-31,annual,23.0,442.0,215.0,118.0,798.0,204.0,9.0,74.0,512.0,798.0,141.0,screener
REFEX,Mar 2025,2025-03-31,annual,26.0,1187.0,286.0,300.0,1799.0,345.0,17.0,31.0,1406.0,1799.0,255.0,screener
REFEX,Mar 2026,2026-03-31,annual,27.0,1477.0,225.0,1114.0,2843.0,220.0,10.0,0.0,2613.0,2843.0,225.0,screener
RELIANCE,Mar 2022,2022-03-31,annual,6765.0,772720.0,319158.0,399979.0,1498622.0,627798.0,172506.0,394264.0,304054.0,1498622.0,-75106.0,screener
RELIANCE,Mar 2023,2023-03-31,annual,6766.0,709106.0,451664.0,438346.0,1605882.0,724805.0,293752.0,235560.0,351765.0,1605882.0,216104.0,screener
RELIANCE,Mar 2024,2024-03-31,annual,6766.0,786715.0,350719.0,610848.0,1755048.0,779985.0,338855.0,225672.0,410536.0,1755048.0,125047.0,screener
RELIANCE,Mar 2025,2025-03-31,annual,13532.0,829668.0,374313.0,732200.0,1949713.0,999393.0,262358.0,242381.0,445581.0,1949713.0,131932.0,screener
RELIANCE,Mar 2026,2026-03-31,annual,13532.0,890498.0,402962.0,870554.0,2177546.0,1124795.0,237686.0,248332.0,566733.0,2177546.0,154630.0,screener
RELIGARE,Mar 2022,2022-03-31,annual,319.0,-1301.0,4878.0,5467.0,9362.0,127.0,2.0,3836.0,5397.0,9362.0,1042.0,screener
RELIGARE,Mar 2023,2023-03-31,annual,324.0,1734.0,841.0,5193.0,8092.0,196.0,5.0,5094.0,2797.0,8092.0,-4253.0,screener
RELIGARE,Mar 2024,2024-03-31,annual,330.0,2013.0,443.0,6686.0,9472.0,161.0,6.0,6718.0,2587.0,9472.0,-6275.0,screener
RELIGARE,Mar 2025,2025-03-31,annual,331.0,2185.0,233.0,8480.0,11229.0,145.0,8.0,8700.0,2376.0,11229.0,-8467.0,screener
RELIGARE,Mar 2026,2026-03-31,annual,333.0,2575.0,493.0,11104.0,14506.0,136.0,0.0,11203.0,3166.0,14506.0,-10710.0,screener
RELTD,Mar 2022,2022-03-31,annual,134.0,69.0,165.0,85.0,453.0,190.0,3.0,0.0,260.0,453.0,165.0,screener
RELTD,Mar 2023,2023-03-31,annual,138.0,55.0,117.0,145.0,455.0,187.0,31.0,0.0,237.0,455.0,117.0,screener
RELTD,Mar 2024,2024-03-31,annual,154.0,-7.0,159.0,97.0,404.0,257.0,24.0,0.0,123.0,404.0,159.0,screener
RELTD,Mar 2025,2025-03-31,annual,179.0,160.0,224.0,88.0,651.0,318.0,129.0,48.0,156.0,651.0,176.0,screener
RELTD,Mar 2026,2026-03-31,annual,179.0,244.0,502.0,206.0,1130.0,870.0,22.0,41.0,198.0,1130.0,461.0,screener
REPCOHOME,Mar 2022,2022-03-31,annual,63.0,2227.0,,70.0,12052.0,35.0,0.0,86.0,11930.0,12052.0,,screener
REPCOHOME,Mar 2023,2023-03-31,annual,63.0,2527.0,,83.0,12596.0,40.0,4.0,105.0,12448.0,12596.0,,screener
REPCOHOME,Mar 2024,2024-03-31,annual,63.0,2923.0,,110.0,13797.0,58.0,4.0,123.0,13612.0,13797.0,,screener
REPCOHOME,Mar 2025,2025-03-31,annual,63.0,3364.0,,150.0,14716.0,78.0,3.0,325.0,14310.0,14716.0,,screener
REPCOHOME,Mar 2026,2026-03-31,annual,63.0,3978.0,,198.0,16444.0,100.0,0.0,272.0,16072.0,16444.0,,screener
REPRO,Mar 2022,2022-03-31,annual,13.0,256.0,102.0,58.0,429.0,255.0,4.0,0.0,169.0,429.0,102.0,screener
REPRO,Mar 2023,2023-03-31,annual,13.0,284.0,96.0,70.0,463.0,250.0,11.0,1.0,201.0,463.0,95.0,screener
REPRO,Mar 2024,2024-03-31,annual,14.0,369.0,49.0,66.0,498.0,224.0,50.0,1.0,224.0,498.0,48.0,screener
REPRO,Mar 2025,2025-03-31,annual,14.0,368.0,99.0,66.0,547.0,275.0,49.0,2.0,221.0,547.0,97.0,screener
REPRO,Mar 2026,2026-03-31,annual,14.0,335.0,186.0,90.0,626.0,256.0,58.0,4.0,307.0,626.0,182.0,screener
RESPONIND,Mar 2022,2022-03-31,annual,26.0,942.0,236.0,174.0,1378.0,820.0,0.0,12.0,546.0,1378.0,224.0,screener
RESPONIND,Mar 2023,2023-03-31,annual,27.0,946.0,260.0,102.0,1334.0,691.0,0.0,13.0,630.0,1334.0,247.0,screener
RESPONIND,Mar 2024,2024-03-31,annual,27.0,1110.0,215.0,194.0,1546.0,815.0,0.0,11.0,720.0,1546.0,204.0,screener
RESPONIND,Mar 2025,2025-03-31,annual,27.0,1319.0,256.0,136.0,1738.0,797.0,0.0,71.0,870.0,1738.0,185.0,screener
RESPONIND,Mar 2026,2026-03-31,annual,27.0,1532.0,195.0,100.0,1853.0,740.0,0.0,76.0,1038.0,1853.0,119.0,screener
RGL,Mar 2022,2022-03-31,annual,19.0,905.0,706.0,372.0,2002.0,218.0,9.0,74.0,1700.0,2002.0,632.0,screener
RGL,Mar 2023,2023-03-31,annual,19.0,1007.0,611.0,283.0,1920.0,258.0,2.0,99.0,1562.0,1920.0,512.0,screener
RGL,Mar 2024,2024-03-31,annual,19.0,1129.0,655.0,222.0,2026.0,258.0,1.0,119.0,1647.0,2026.0,536.0,screener
RGL,Mar 2025,2025-03-31,annual,21.0,1370.0,661.0,288.0,2340.0,306.0,0.0,98.0,1936.0,2340.0,563.0,screener
RGL,Mar 2026,2026-03-31,annual,21.0,1487.0,641.0,262.0,2412.0,309.0,1.0,113.0,1989.0,2412.0,528.0,screener
RHIM,Mar 2022,2022-03-31,annual,16.0,1013.0,65.0,581.0,1674.0,282.0,34.0,0.0,1358.0,1674.0,65.0,screener
RHIM,Mar 2023,2023-03-31,annual,19.0,2872.0,1589.0,1400.0,5881.0,3258.0,39.0,0.0,2583.0,5881.0,1589.0,screener
RHIM,Mar 2024,2024-03-31,annual,21.0,3825.0,487.0,765.0,5097.0,2805.0,49.0,0.0,2244.0,5097.0,487.0,screener
RHIM,Mar 2025,2025-03-31,annual,21.0,3978.0,380.0,776.0,5155.0,2730.0,63.0,0.0,2362.0,5155.0,380.0,screener
RHIM,Mar 2026,2026-03-31,annual,21.0,3540.0,448.0,852.0,4861.0,2128.0,48.0,231.0,2454.0,4861.0,217.0,screener
RICOAUTO,Mar 2022,2022-03-31,annual,14.0,620.0,599.0,548.0,1781.0,825.0,88.0,2.0,865.0,1781.0,597.0,screener
RICOAUTO,Mar 2023,2023-03-31,annual,14.0,676.0,754.0,492.0,1936.0,1019.0,79.0,2.0,835.0,1936.0,752.0,screener
RICOAUTO,Mar 2024,2024-03-31,annual,14.0,707.0,688.0,479.0,1887.0,1070.0,89.0,4.0,725.0,1887.0,684.0,screener
RICOAUTO,Mar 2025,2025-03-31,annual,14.0,716.0,697.0,566.0,1993.0,1095.0,124.0,4.0,770.0,1993.0,693.0,screener
RICOAUTO,Mar 2026,2026-03-31,annual,14.0,766.0,728.0,635.0,2142.0,1217.0,162.0,6.0,757.0,2142.0,722.0,screener
RIIL,Mar 2022,2022-03-31,annual,15.0,420.0,0.0,35.0,470.0,43.0,2.0,392.0,34.0,470.0,-392.0,screener
RIIL,Mar 2023,2023-03-31,annual,15.0,416.0,0.0,45.0,476.0,37.0,0.0,268.0,172.0,476.0,-268.0,screener
RIIL,Mar 2024,2024-03-31,annual,15.0,456.0,0.0,62.0,534.0,29.0,0.0,321.0,184.0,534.0,-321.0,screener
RIIL,Mar 2025,2025-03-31,annual,15.0,447.0,0.0,75.0,537.0,27.0,0.0,308.0,202.0,537.0,-308.0,screener
RIIL,Mar 2026,2026-03-31,annual,15.0,459.0,0.0,56.0,530.0,26.0,0.0,322.0,182.0,530.0,-322.0,screener
RISHABH,Mar 2022,2022-03-31,annual,15.0,326.0,103.0,118.0,562.0,220.0,5.0,0.0,337.0,562.0,103.0,screener
RISHABH,Mar 2023,2023-03-31,annual,29.0,372.0,106.0,140.0,647.0,219.0,8.0,0.0,420.0,647.0,106.0,screener
RISHABH,Mar 2024,2024-03-31,annual,38.0,521.0,58.0,162.0,779.0,265.0,17.0,0.0,496.0,779.0,58.0,screener
RISHABH,Mar 2025,2025-03-31,annual,38.0,573.0,98.0,177.0,886.0,311.0,32.0,0.0,544.0,886.0,98.0,screener
RISHABH,Mar 2026,2026-03-31,annual,39.0,706.0,81.0,177.0,1003.0,382.0,41.0,0.0,580.0,1003.0,81.0,screener
RITCO,Mar 2023,2023-03-31,annual,24.0,124.0,207.0,9.0,365.0,38.0,0.0,0.0,327.0,365.0,207.0,screener
RITCO,Mar 2024,2024-03-31,annual,24.0,159.0,260.0,10.0,453.0,63.0,0.0,0.0,390.0,453.0,260.0,screener
RITCO,Mar 2025,2025-03-31,annual,28.0,294.0,316.0,14.0,652.0,147.0,0.0,1.0,504.0,652.0,315.0,screener
RITCO,Mar 2026,2026-03-31,annual,29.0,336.0,474.0,24.0,862.0,210.0,0.0,8.0,644.0,862.0,466.0,screener
RITES,Mar 2022,2022-03-31,annual,240.0,2248.0,28.0,3326.0,5842.0,560.0,58.0,205.0,5020.0,5842.0,-177.0,screener
RITES,Mar 2023,2023-03-31,annual,240.0,2363.0,5.0,3381.0,5991.0,552.0,101.0,130.0,5208.0,5991.0,-125.0,screener
RITES,Mar 2024,2024-03-31,annual,240.0,2369.0,8.0,3047.0,5664.0,535.0,174.0,109.0,4846.0,5664.0,-101.0,screener
RITES,Mar 2025,2025-03-31,annual,481.0,2160.0,9.0,3472.0,6121.0,884.0,48.0,117.0,5072.0,6121.0,-108.0,screener
RITES,Mar 2026,2026-03-31,annual,481.0,2201.0,7.0,3238.0,5926.0,868.0,88.0,104.0,4866.0,5926.0,-97.0,screener
RKFORGE,Mar 2022,2022-03-31,annual,32.0,1046.0,1618.0,785.0,3481.0,1473.0,129.0,55.0,1823.0,3481.0,1563.0,screener
RKFORGE,Mar 2023,2023-03-31,annual,32.0,1290.0,1333.0,1076.0,3731.0,1693.0,91.0,0.0,1947.0,3731.0,1333.0,screener
RKFORGE,Mar 2024,2024-03-31,annual,36.0,2598.0,1207.0,1422.0,5262.0,2428.0,216.0,125.0,2492.0,5262.0,1082.0,screener
RKFORGE,Mar 2025,2025-03-31,annual,36.0,3001.0,2126.0,1364.0,6528.0,2992.0,498.0,190.0,2848.0,6528.0,1936.0,screener
RKFORGE,Mar 2026,2026-03-31,annual,36.0,3254.0,2449.0,1423.0,7162.0,3762.0,337.0,241.0,2823.0,7162.0,2208.0,screener
RKSWAMY,Mar 2022,2022-03-31,annual,4.0,12.0,51.0,340.0,406.0,32.0,0.0,3.0,372.0,406.0,48.0,screener
RKSWAMY,Mar 2023,2023-03-31,annual,4.0,41.0,34.0,234.0,314.0,41.0,0.0,3.0,270.0,314.0,31.0,screener
RKSWAMY,Mar 2024,2024-03-31,annual,25.0,216.0,20.0,134.0,396.0,29.0,0.0,0.0,367.0,396.0,20.0,screener
RKSWAMY,Mar 2025,2025-03-31,annual,25.0,224.0,32.0,123.0,405.0,47.0,1.0,0.0,357.0,405.0,32.0,screener
RKSWAMY,Mar 2026,2026-03-31,annual,25.0,239.0,43.0,121.0,428.0,63.0,0.0,1.0,365.0,428.0,42.0,screener
RML,Mar 2022,2022-03-31,annual,16.0,212.0,585.0,417.0,1230.0,477.0,18.0,1.0,733.0,1230.0,584.0,screener
RML,Mar 2023,2023-03-31,annual,16.0,225.0,668.0,439.0,1349.0,490.0,29.0,1.0,829.0,1349.0,667.0,screener
RML,Mar 2024,2024-03-31,annual,16.0,642.0,851.0,613.0,2122.0,667.0,45.0,11.0,1398.0,2122.0,840.0,screener
RML,Mar 2025,2025-03-31,annual,16.0,655.0,813.0,785.0,2269.0,693.0,73.0,7.0,1496.0,2269.0,806.0,screener
RML,Mar 2026,2026-03-31,annual,28.0,723.0,752.0,1018.0,2521.0,739.0,95.0,8.0,1679.0,2521.0,744.0,screener
ROLTA,Mar 2022,2022-03-31,annual,166.0,-7980.0,9731.0,1901.0,3818.0,1370.0,0.0,0.0,2449.0,3818.0,9731.0,screener
ROLTA,Mar 2023,2023-03-31,annual,166.0,-9242.0,10696.0,2111.0,3731.0,1312.0,0.0,0.0,2419.0,3731.0,10696.0,screener
ROLTA,Mar 2024,2024-03-31,annual,166.0,-10321.0,10747.0,2153.0,2745.0,1279.0,0.0,0.0,1466.0,2745.0,10747.0,screener
ROLTA,Mar 2025,2025-03-31,annual,166.0,-10482.0,10846.0,2209.0,2738.0,1250.0,0.0,0.0,1489.0,2738.0,10846.0,screener
ROLTA,Sep 2025,2025-09-30,annual,166.0,-10685.0,10989.0,2283.0,2754.0,1236.0,0.0,0.0,1518.0,2754.0,10989.0,screener
ROSSARI,Mar 2022,2022-03-31,annual,11.0,794.0,8.0,442.0,1255.0,607.0,1.0,36.0,611.0,1255.0,-28.0,screener
ROSSARI,Mar 2023,2023-03-31,annual,11.0,904.0,74.0,375.0,1364.0,585.0,16.0,51.0,712.0,1364.0,23.0,screener
ROSSARI,Mar 2024,2024-03-31,annual,11.0,1037.0,119.0,401.0,1567.0,578.0,47.0,63.0,880.0,1567.0,56.0,screener
ROSSARI,Mar 2025,2025-03-31,annual,11.0,1174.0,218.0,482.0,1886.0,598.0,140.0,84.0,1063.0,1886.0,134.0,screener
ROSSARI,Mar 2026,2026-03-31,annual,11.0,1322.0,436.0,520.0,2289.0,811.0,173.0,35.0,1269.0,2289.0,401.0,screener
ROSSTECH,Mar 2024,2024-03-31,annual,8.0,119.0,168.0,67.0,361.0,103.0,10.0,0.0,247.0,361.0,168.0,screener
ROSSTECH,Mar 2025,2025-03-31,annual,8.0,126.0,240.0,49.0,423.0,114.0,3.0,0.0,306.0,423.0,240.0,screener
ROSSTECH,Mar 2026,2026-03-31,annual,8.0,147.0,409.0,67.0,631.0,124.0,2.0,0.0,505.0,631.0,409.0,screener
ROUTE,Mar 2022,2022-03-31,annual,63.0,1610.0,16.0,964.0,2653.0,952.0,0.0,13.0,1688.0,2653.0,3.0,screener
ROUTE,Mar 2023,2023-03-31,annual,62.0,1758.0,140.0,916.0,2877.0,953.0,15.0,20.0,1889.0,2877.0,120.0,screener
ROUTE,Mar 2024,2024-03-31,annual,63.0,2087.0,378.0,934.0,3462.0,898.0,26.0,15.0,2523.0,3462.0,363.0,screener
ROUTE,Mar 2025,2025-03-31,annual,63.0,2369.0,468.0,912.0,3812.0,818.0,32.0,16.0,2946.0,3812.0,452.0,screener
ROUTE,Mar 2026,2026-03-31,annual,63.0,2707.0,42.0,745.0,3556.0,896.0,2.0,17.0,2642.0,3556.0,25.0,screener
RPEL,Mar 2022,2022-03-31,annual,11.0,98.0,6.0,18.0,132.0,27.0,31.0,2.0,73.0,132.0,4.0,screener
RPEL,Mar 2023,2023-03-31,annual,11.0,122.0,10.0,18.0,161.0,27.0,59.0,6.0,69.0,161.0,4.0,screener
RPEL,Mar 2024,2024-03-31,annual,23.0,135.0,9.0,19.0,186.0,88.0,0.0,14.0,84.0,186.0,-5.0,screener
RPEL,Mar 2025,2025-03-31,annual,46.0,148.0,7.0,31.0,231.0,93.0,2.0,34.0,102.0,231.0,-27.0,screener
RPEL,Mar 2026,2026-03-31,annual,46.0,199.0,5.0,34.0,284.0,98.0,4.0,41.0,141.0,284.0,-36.0,screener
RPGLIFE,Mar 2025,2025-03-31,annual,13.0,517.0,0.0,127.0,658.0,172.0,16.0,127.0,343.0,658.0,-127.0,screener
RPGLIFE,Mar 2026,2026-03-31,annual,13.0,592.0,20.0,168.0,793.0,197.0,23.0,85.0,488.0,793.0,-65.0,screener
RPPINFRA,Mar 2022,2022-03-31,annual,37.0,300.0,94.0,331.0,762.0,62.0,3.0,0.0,697.0,762.0,94.0,screener
RPPINFRA,Mar 2023,2023-03-31,annual,37.0,328.0,79.0,336.0,780.0,67.0,2.0,0.0,710.0,780.0,79.0,screener
RPPINFRA,Mar 2024,2024-03-31,annual,38.0,388.0,41.0,366.0,833.0,65.0,2.0,0.0,766.0,833.0,41.0,screener
RPPINFRA,Mar 2025,2025-03-31,annual,50.0,480.0,44.0,380.0,953.0,105.0,0.0,7.0,841.0,953.0,37.0,screener
RPPINFRA,Mar 2026,2026-03-31,annual,50.0,485.0,105.0,395.0,1035.0,151.0,12.0,0.0,872.0,1035.0,105.0,screener
RPSGVENT,Mar 2022,2022-03-31,annual,27.0,2497.0,2810.0,7266.0,12599.0,9934.0,9.0,495.0,2161.0,12599.0,2315.0,screener
RPSGVENT,Mar 2023,2023-03-31,annual,30.0,2376.0,3414.0,7093.0,12913.0,9956.0,7.0,439.0,2511.0,12913.0,2975.0,screener
RPSGVENT,Mar 2024,2024-03-31,annual,33.0,2634.0,4211.0,6821.0,13699.0,10066.0,23.0,438.0,3172.0,13699.0,3773.0,screener
RPSGVENT,Mar 2025,2025-03-31,annual,33.0,2630.0,6152.0,7142.0,15957.0,11272.0,59.0,554.0,4072.0,15957.0,5598.0,screener
RPSGVENT,Mar 2026,2026-03-31,annual,33.0,2473.0,8243.0,8301.0,19049.0,12714.0,65.0,753.0,5519.0,19049.0,7490.0,screener
RPTECH,Mar 2022,2022-03-31,annual,21.0,554.0,882.0,1209.0,2666.0,70.0,0.0,7.0,2588.0,2666.0,875.0,screener
RPTECH,Mar 2023,2023-03-31,annual,21.0,679.0,1082.0,1010.0,2793.0,77.0,4.0,6.0,2706.0,2793.0,1076.0,screener
RPTECH,Mar 2024,2024-03-31,annual,33.0,1518.0,700.0,1569.0,3819.0,71.0,0.0,0.0,3748.0,3819.0,700.0,screener
RPTECH,Mar 2025,2025-03-31,annual,33.0,1709.0,910.0,1610.0,4262.0,63.0,0.0,0.0,4198.0,4262.0,910.0,screener
RPTECH,Mar 2026,2026-03-31,annual,33.0,1992.0,991.0,2312.0,5327.0,80.0,0.0,0.0,5247.0,5327.0,991.0,screener
RRKABEL,Mar 2022,2022-03-31,annual,24.0,1226.0,533.0,268.0,2051.0,398.0,43.0,268.0,1342.0,2051.0,265.0,screener
RRKABEL,Mar 2023,2023-03-31,annual,48.0,957.0,996.0,633.0,2634.0,517.0,44.0,363.0,1710.0,2634.0,633.0,screener
RRKABEL,Mar 2024,2024-03-31,annual,56.0,1772.0,360.0,681.0,2869.0,535.0,164.0,342.0,1830.0,2869.0,18.0,screener
RRKABEL,Mar 2025,2025-03-31,annual,57.0,2096.0,290.0,1074.0,3517.0,769.0,235.0,239.0,2274.0,3517.0,51.0,screener
RRKABEL,Mar 2026,2026-03-31,annual,57.0,2518.0,337.0,1710.0,4621.0,1173.0,72.0,255.0,3121.0,4621.0,82.0,screener
RSDFIN,Mar 2022,2022-03-31,annual,6.0,169.0,,43.0,252.0,54.0,0.0,161.0,37.0,252.0,,screener
RSDFIN,Mar 2023,2023-03-31,annual,6.0,177.0,,46.0,263.0,70.0,0.0,151.0,42.0,263.0,,screener
RSDFIN,Mar 2024,2024-03-31,annual,6.0,192.0,,50.0,275.0,63.0,0.0,170.0,43.0,275.0,,screener
RSDFIN,Mar 2025,2025-03-31,annual,6.0,205.0,,60.0,292.0,56.0,8.0,173.0,56.0,292.0,,screener
RSDFIN,Mar 2026,2026-03-31,annual,6.0,213.0,,46.0,267.0,18.0,0.0,218.0,32.0,267.0,,screener
RSWM,Mar 2022,2022-03-31,annual,24.0,1012.0,1103.0,435.0,2574.0,943.0,143.0,126.0,1361.0,2574.0,977.0,screener
RSWM,Mar 2023,2023-03-31,annual,47.0,1270.0,1157.0,416.0,2890.0,1115.0,183.0,124.0,1468.0,2890.0,1033.0,screener
RSWM,Mar 2024,2024-03-31,annual,47.0,1250.0,1890.0,506.0,3694.0,1574.0,32.0,246.0,1842.0,3694.0,1644.0,screener
RSWM,Mar 2025,2025-03-31,annual,47.0,1250.0,1716.0,597.0,3611.0,1546.0,31.0,283.0,1750.0,3611.0,1433.0,screener
RSWM,Mar 2026,2026-03-31,annual,47.0,1314.0,1688.0,569.0,3617.0,1526.0,68.0,351.0,1672.0,3617.0,1337.0,screener
RSYSTEMS,Dec 2021,2021-12-31,annual,12.0,448.0,1.0,231.0,692.0,127.0,0.0,13.0,552.0,692.0,-12.0,screener
RSYSTEMS,Dec 2022,2022-12-31,annual,12.0,534.0,77.0,210.0,833.0,156.0,3.0,14.0,661.0,833.0,63.0,screener
RSYSTEMS,Dec 2023,2023-12-31,annual,12.0,600.0,131.0,572.0,1315.0,627.0,0.0,0.0,688.0,1315.0,131.0,screener
RSYSTEMS,Dec 2024,2024-12-31,annual,12.0,612.0,73.0,519.0,1216.0,571.0,4.0,0.0,641.0,1216.0,73.0,screener
RSYSTEMS,Dec 2025,2025-12-31,annual,12.0,780.0,410.0,901.0,2102.0,1125.0,0.0,0.0,977.0,2102.0,410.0,screener
RUBICON,Mar 2022,2022-03-31,annual,5.0,300.0,175.0,79.0,560.0,193.0,3.0,0.0,364.0,560.0,175.0,screener
RUBICON,Mar 2023,2023-03-31,annual,5.0,281.0,320.0,144.0,750.0,199.0,25.0,0.0,526.0,750.0,320.0,screener
RUBICON,Mar 2024,2024-03-31,annual,15.0,370.0,425.0,300.0,1109.0,307.0,10.0,0.0,793.0,1109.0,425.0,screener
RUBICON,Mar 2025,2025-03-31,annual,15.0,526.0,418.0,493.0,1451.0,327.0,7.0,0.0,1118.0,1451.0,418.0,screener
RUBICON,Mar 2026,2026-03-31,annual,17.0,1272.0,311.0,727.0,2327.0,532.0,41.0,27.0,1728.0,2327.0,284.0,screener
RUPA,Mar 2022,2022-03-31,annual,8.0,874.0,370.0,325.0,1577.0,210.0,27.0,0.0,1340.0,1577.0,370.0,screener
RUPA,Mar 2023,2023-03-31,annual,8.0,904.0,258.0,218.0,1388.0,233.0,21.0,0.0,1134.0,1388.0,258.0,screener
RUPA,Mar 2024,2024-03-31,annual,8.0,950.0,235.0,253.0,1446.0,244.0,0.0,0.0,1202.0,1446.0,235.0,screener
RUPA,Mar 2025,2025-03-31,annual,8.0,1010.0,238.0,256.0,1512.0,241.0,0.0,27.0,1244.0,1512.0,211.0,screener
RUPA,Mar 2026,2026-03-31,annual,8.0,1058.0,258.0,290.0,1614.0,237.0,0.0,16.0,1361.0,1614.0,242.0,screener
RUSTOMJEE,Mar 2022,2022-03-31,annual,100.0,833.0,1563.0,1382.0,3877.0,33.0,0.0,575.0,3268.0,3877.0,988.0,screener
RUSTOMJEE,Mar 2023,2023-03-31,annual,114.0,1556.0,1030.0,1816.0,4515.0,39.0,0.0,642.0,3834.0,4515.0,388.0,screener
RUSTOMJEE,Mar 2024,2024-03-31,annual,114.0,1684.0,1101.0,3033.0,5932.0,355.0,0.0,456.0,5121.0,5932.0,645.0,screener
RUSTOMJEE,Mar 2025,2025-03-31,annual,126.0,2646.0,930.0,2894.0,6596.0,375.0,0.0,484.0,5737.0,6596.0,446.0,screener
RUSTOMJEE,Mar 2026,2026-03-31,annual,126.0,2737.0,1484.0,2375.0,6723.0,366.0,0.0,546.0,5811.0,6723.0,938.0,screener
RVHL,Mar 2022,2022-03-31,annual,6.0,262.0,2.0,52.0,322.0,51.0,0.0,28.0,243.0,322.0,-26.0,screener
RVHL,Mar 2023,2023-03-31,annual,6.0,239.0,2.0,46.0,294.0,44.0,0.0,34.0,215.0,294.0,-32.0,screener
RVHL,Mar 2024,2024-03-31,annual,6.0,237.0,1.0,45.0,289.0,43.0,0.0,38.0,208.0,289.0,-37.0,screener
RVHL,Mar 2025,2025-03-31,annual,6.0,235.0,1.0,43.0,286.0,41.0,0.0,35.0,209.0,286.0,-34.0,screener
RVHL,Mar 2026,2026-03-31,annual,6.0,356.0,0.0,4.0,367.0,26.0,0.0,339.0,2.0,367.0,-339.0,screener
RVNL,Mar 2022,2022-03-31,annual,2085.0,4240.0,6643.0,7097.0,20066.0,380.0,1.0,1810.0,17875.0,20066.0,4833.0,screener
RVNL,Mar 2023,2023-03-31,annual,2085.0,5161.0,6441.0,4656.0,18344.0,355.0,1.0,1904.0,16084.0,18344.0,4537.0,screener
RVNL,Mar 2024,2024-03-31,annual,2085.0,6637.0,6033.0,4822.0,19577.0,367.0,94.0,2381.0,16735.0,19577.0,3652.0,screener
RVNL,Mar 2025,2025-03-31,annual,2085.0,7482.0,5419.0,5492.0,20478.0,1027.0,0.0,2555.0,16896.0,20478.0,2864.0,screener
RVNL,Mar 2026,2026-03-31,annual,2085.0,7737.0,4818.0,7062.0,21702.0,1025.0,0.0,2645.0,18032.0,21702.0,2173.0,screener
RVTH,Mar 2021,2021-03-31,annual,3.0,180.0,35.0,93.0,310.0,70.0,0.0,35.0,205.0,310.0,0.0,screener
RVTH,Mar 2022,2022-03-31,annual,3.0,193.0,29.0,94.0,318.0,70.0,0.0,50.0,198.0,318.0,-21.0,screener
RVTH,Mar 2024,2024-03-31,annual,3.0,104.0,31.0,101.0,238.0,8.0,6.0,56.0,168.0,238.0,-25.0,screener
RVTH,Mar 2025,2025-03-31,annual,3.0,123.0,37.0,75.0,238.0,38.0,0.0,77.0,123.0,238.0,-40.0,screener
RVTH,Mar 2026,2026-03-31,annual,3.0,137.0,68.0,59.0,268.0,45.0,0.0,58.0,164.0,268.0,10.0,screener
S&SPOWER,Mar 2022,2022-03-31,annual,6.0,-18.0,49.0,73.0,110.0,41.0,0.0,0.0,69.0,110.0,49.0,screener
S&SPOWER,Mar 2023,2023-03-31,annual,6.0,-14.0,52.0,68.0,112.0,44.0,1.0,0.0,68.0,112.0,52.0,screener
S&SPOWER,Mar 2024,2024-03-31,annual,6.0,-12.0,59.0,83.0,137.0,45.0,0.0,0.0,92.0,137.0,59.0,screener
S&SPOWER,Mar 2025,2025-03-31,annual,12.0,57.0,29.0,122.0,220.0,77.0,0.0,0.0,142.0,220.0,29.0,screener
S&SPOWER,Mar 2026,2026-03-31,annual,12.0,77.0,39.0,145.0,273.0,85.0,0.0,0.0,188.0,273.0,39.0,screener
SAATVIKGL,Mar 2023,2023-03-31,annual,3.0,17.0,153.0,90.0,263.0,50.0,0.0,0.0,213.0,263.0,153.0,screener
SAATVIKGL,Mar 2024,2024-03-31,annual,3.0,117.0,280.0,288.0,688.0,117.0,33.0,10.0,528.0,688.0,270.0,screener
SAATVIKGL,Mar 2025,2025-03-31,annual,22.0,315.0,503.0,795.0,1636.0,320.0,2.0,0.0,1314.0,1636.0,503.0,screener
SAATVIKGL,Mar 2026,2026-03-31,annual,25.0,1336.0,939.0,814.0,3115.0,451.0,384.0,0.0,2280.0,3115.0,939.0,screener
SADBHAV,Mar 2022,2022-03-31,annual,17.0,784.0,6159.0,3968.0,10928.0,411.0,4.0,177.0,10336.0,10928.0,5982.0,screener
SADBHAV,Mar 2023,2023-03-31,annual,17.0,158.0,5151.0,4377.0,9704.0,318.0,4.0,122.0,9260.0,9704.0,5029.0,screener
SADBHAV,Mar 2024,2024-03-31,annual,17.0,-143.0,4133.0,3012.0,7020.0,198.0,4.0,1.0,6817.0,7020.0,4132.0,screener
SADBHAV,Mar 2025,2025-03-31,annual,17.0,-258.0,4176.0,2701.0,6636.0,137.0,4.0,1.0,6493.0,6636.0,4175.0,screener
SADBHAV,Mar 2026,2026-03-31,annual,17.0,-128.0,3264.0,2707.0,5860.0,91.0,0.0,1.0,5768.0,5860.0,3263.0,screener
SAFARI,Mar 2022,2022-03-31,annual,4.0,297.0,56.0,112.0,469.0,96.0,20.0,0.0,353.0,469.0,56.0,screener
SAFARI,Mar 2023,2023-03-31,annual,5.0,421.0,139.0,182.0,747.0,184.0,0.0,0.0,563.0,747.0,139.0,screener
SAFARI,Mar 2024,2024-03-31,annual,10.0,814.0,146.0,173.0,1143.0,293.0,1.0,149.0,700.0,1143.0,-3.0,screener
SAFARI,Mar 2025,2025-03-31,annual,10.0,944.0,125.0,238.0,1316.0,414.0,12.0,3.0,887.0,1316.0,122.0,screener
SAFARI,Mar 2026,2026-03-31,annual,10.0,1105.0,117.0,215.0,1446.0,457.0,0.0,13.0,976.0,1446.0,104.0,screener
SAFEENTP,Mar 2024,2024-03-31,annual,0.0,29.0,1.0,24.0,54.0,5.0,0.0,9.0,41.0,54.0,-8.0,screener
SAFEENTP,Mar 2025,2025-03-31,annual,17.0,55.0,0.0,30.0,102.0,10.0,0.0,2.0,90.0,102.0,-2.0,screener
SAFEENTP,Mar 2026,2026-03-31,annual,23.0,264.0,0.0,30.0,318.0,15.0,59.0,23.0,221.0,318.0,-23.0,screener
SAGARDEEP,Mar 2022,2022-03-31,annual,16.0,10.0,13.0,5.0,44.0,11.0,6.0,0.0,28.0,44.0,13.0,screener
SAGARDEEP,Mar 2023,2023-03-31,annual,16.0,10.0,6.0,2.0,35.0,10.0,6.0,0.0,19.0,35.0,6.0,screener
SAGARDEEP,Mar 2024,2024-03-31,annual,16.0,11.0,12.0,2.0,42.0,12.0,5.0,2.0,23.0,42.0,10.0,screener
SAGARDEEP,Mar 2025,2025-03-31,annual,16.0,14.0,6.0,4.0,40.0,10.0,5.0,0.0,25.0,40.0,6.0,screener
SAGARDEEP,Mar 2026,2026-03-31,annual,17.0,18.0,9.0,4.0,49.0,12.0,5.0,0.0,32.0,49.0,9.0,screener
SAGCEM,Mar 2022,2022-03-31,annual,24.0,1232.0,1510.0,583.0,3349.0,2048.0,100.0,315.0,886.0,3349.0,1195.0,screener
SAGCEM,Mar 2023,2023-03-31,annual,26.0,1611.0,1478.0,618.0,3733.0,2793.0,99.0,0.0,841.0,3733.0,1478.0,screener
SAGCEM,Mar 2024,2024-03-31,annual,26.0,1915.0,1444.0,863.0,4248.0,3250.0,15.0,0.0,983.0,4248.0,1444.0,screener
SAGCEM,Mar 2025,2025-03-31,annual,26.0,1697.0,1446.0,952.0,4121.0,3109.0,123.0,0.0,889.0,4121.0,1446.0,screener
SAGCEM,Mar 2026,2026-03-31,annual,26.0,1667.0,1708.0,1069.0,4471.0,3229.0,116.0,0.0,1126.0,4471.0,1708.0,screener
SAIL,Mar 2022,2022-03-31,annual,4131.0,50081.0,17284.0,48885.0,120381.0,73677.0,4710.0,3757.0,38237.0,120381.0,13527.0,screener
SAIL,Mar 2023,2023-03-31,annual,4131.0,50616.0,30773.0,45262.0,130782.0,73543.0,4891.0,4185.0,48163.0,130782.0,26588.0,screener
SAIL,Mar 2024,2024-03-31,annual,4131.0,52971.0,36323.0,47598.0,141022.0,72426.0,6141.0,4589.0,57867.0,141022.0,31734.0,screener
SAIL,Mar 2025,2025-03-31,annual,4131.0,54775.0,36934.0,40878.0,136718.0,73327.0,7206.0,4976.0,51209.0,136718.0,31958.0,screener
SAIL,Mar 2026,2026-03-31,annual,4131.0,56225.0,31928.0,43613.0,135896.0,75989.0,10552.0,4339.0,45016.0,135896.0,27589.0,screener
SAILIFE,Mar 2022,2022-03-31,annual,18.0,861.0,752.0,527.0,2157.0,751.0,410.0,0.0,997.0,2157.0,752.0,screener
SAILIFE,Mar 2023,2023-03-31,annual,18.0,870.0,933.0,358.0,2179.0,1037.0,151.0,2.0,989.0,2179.0,931.0,screener
SAILIFE,Mar 2024,2024-03-31,annual,18.0,957.0,928.0,359.0,2262.0,1180.0,107.0,2.0,973.0,2262.0,926.0,screener
SAILIFE,Mar 2025,2025-03-31,annual,21.0,2108.0,352.0,665.0,3146.0,1488.0,124.0,2.0,1531.0,3146.0,350.0,screener
SAILIFE,Mar 2026,2026-03-31,annual,21.0,2463.0,288.0,854.0,3626.0,1815.0,270.0,50.0,1490.0,3626.0,238.0,screener
SAIPARENT,Mar 2023,2023-03-31,annual,7.0,24.0,69.0,34.0,134.0,44.0,2.0,0.0,88.0,134.0,69.0,screener
SAIPARENT,Mar 2024,2024-03-31,annual,13.0,61.0,119.0,75.0,268.0,70.0,0.0,0.0,198.0,268.0,119.0,screener
SAIPARENT,Mar 2025,2025-03-31,annual,13.0,80.0,94.0,85.0,272.0,53.0,0.0,0.0,219.0,272.0,94.0,screener
SAIPARENT,Mar 2026,2026-03-31,annual,22.0,469.0,333.0,600.0,1424.0,364.0,212.0,0.0,848.0,1424.0,333.0,screener
SAKAR,Mar 2022,2022-03-31,annual,17.0,110.0,93.0,47.0,268.0,205.0,1.0,7.0,55.0,268.0,86.0,screener
SAKAR,Mar 2023,2023-03-31,annual,19.0,154.0,119.0,44.0,336.0,267.0,6.0,3.0,60.0,336.0,116.0,screener
SAKAR,Mar 2024,2024-03-31,annual,22.0,241.0,79.0,47.0,389.0,314.0,0.0,0.0,74.0,389.0,79.0,screener
SAKAR,Mar 2025,2025-03-31,annual,22.0,264.0,86.0,43.0,415.0,309.0,17.0,0.0,90.0,415.0,86.0,screener
SAKAR,Mar 2026,2026-03-31,annual,22.0,302.0,55.0,101.0,481.0,326.0,4.0,0.0,151.0,481.0,55.0,screener
SAKSOFT,Mar 2022,2022-03-31,annual,10.0,308.0,21.0,122.0,462.0,196.0,0.0,18.0,248.0,462.0,3.0,screener
SAKSOFT,Mar 2023,2023-03-31,annual,10.0,394.0,14.0,150.0,568.0,218.0,0.0,9.0,341.0,568.0,5.0,screener
SAKSOFT,Mar 2024,2024-03-31,annual,10.0,495.0,26.0,255.0,786.0,357.0,0.0,14.0,415.0,786.0,12.0,screener
SAKSOFT,Mar 2025,2025-03-31,annual,13.0,606.0,75.0,298.0,993.0,520.0,0.0,0.0,472.0,993.0,75.0,screener
SAKSOFT,Mar 2026,2026-03-31,annual,13.0,766.0,44.0,255.0,1077.0,543.0,0.0,0.0,534.0,1077.0,44.0,screener
SALASAR,Mar 2022,2022-03-31,annual,29.0,253.0,249.0,152.0,683.0,126.0,6.0,0.0,551.0,683.0,249.0,screener
SALASAR,Mar 2023,2023-03-31,annual,32.0,369.0,273.0,240.0,914.0,172.0,21.0,0.0,721.0,914.0,273.0,screener
SALASAR,Mar 2024,2024-03-31,annual,158.0,292.0,350.0,351.0,1151.0,239.0,0.0,0.0,912.0,1151.0,350.0,screener
SALASAR,Mar 2025,2025-03-31,annual,173.0,613.0,317.0,622.0,1725.0,394.0,2.0,0.0,1330.0,1725.0,317.0,screener
SALASAR,Mar 2026,2026-03-31,annual,175.0,659.0,422.0,898.0,2154.0,437.0,8.0,0.0,1709.0,2154.0,422.0,screener
SALZERELEC,Mar 2022,2022-03-31,annual,16.0,338.0,252.0,146.0,752.0,224.0,1.0,4.0,523.0,752.0,248.0,screener
SALZERELEC,Mar 2023,2023-03-31,annual,16.0,392.0,281.0,206.0,895.0,245.0,1.0,5.0,644.0,895.0,276.0,screener
SALZERELEC,Mar 2024,2024-03-31,annual,17.0,456.0,312.0,208.0,993.0,269.0,2.0,7.0,715.0,993.0,305.0,screener
SALZERELEC,Mar 2025,2025-03-31,annual,18.0,526.0,422.0,214.0,1180.0,309.0,3.0,20.0,848.0,1180.0,402.0,screener
SALZERELEC,Mar 2026,2026-03-31,annual,18.0,575.0,535.0,244.0,1372.0,340.0,7.0,23.0,1002.0,1372.0,512.0,screener
SAMBHV,Mar 2025,2025-03-31,annual,241.0,254.0,507.0,403.0,1405.0,750.0,86.0,0.0,569.0,1405.0,507.0,screener
SAMBHV,Mar 2026,2026-03-31,annual,295.0,759.0,373.0,639.0,2066.0,732.0,192.0,100.0,1042.0,2066.0,273.0,screener
SAMHI,Mar 2022,2022-03-31,annual,8.0,-663.0,2607.0,435.0,2387.0,2042.0,20.0,0.0,325.0,2387.0,2607.0,screener
SAMHI,Mar 2023,2023-03-31,annual,9.0,-816.0,2744.0,327.0,2263.0,1916.0,20.0,0.0,327.0,2263.0,2744.0,screener
SAMHI,Mar 2024,2024-03-31,annual,22.0,1017.0,2123.0,284.0,3445.0,2950.0,32.0,0.0,462.0,3445.0,2123.0,screener
SAMHI,Mar 2025,2025-03-31,annual,22.0,1120.0,2246.0,255.0,3643.0,3192.0,95.0,0.0,356.0,3643.0,2246.0,screener
SAMHI,Mar 2026,2026-03-31,annual,22.0,2160.0,1854.0,418.0,4454.0,3474.0,139.0,0.0,840.0,4454.0,1854.0,screener
SAMMAANCAP,Mar 2022,2022-03-31,annual,89.0,16585.0,,3940.0,81973.0,327.0,0.0,5546.0,76100.0,81973.0,,screener
SAMMAANCAP,Mar 2023,2023-03-31,annual,90.0,17272.0,,5180.0,74945.0,433.0,0.0,5370.0,69142.0,74945.0,,screener
SAMMAANCAP,Mar 2024,2024-03-31,annual,113.0,19679.0,,4774.0,73060.0,325.0,0.0,7456.0,65278.0,73060.0,,screener
SAMMAANCAP,Mar 2025,2025-03-31,annual,163.0,21660.0,,5633.0,70181.0,391.0,0.0,14219.0,55571.0,70181.0,,screener
SAMMAANCAP,Mar 2026,2026-03-31,annual,229.0,18763.0,,3399.0,74243.0,341.0,0.0,17518.0,56385.0,74243.0,,screener
SANATHAN,Mar 2022,2022-03-31,annual,72.0,915.0,378.0,428.0,1793.0,897.0,2.0,55.0,839.0,1793.0,323.0,screener
SANATHAN,Mar 2023,2023-03-31,annual,72.0,1068.0,281.0,486.0,1907.0,950.0,21.0,48.0,888.0,1907.0,233.0,screener
SANATHAN,Mar 2024,2024-03-31,annual,72.0,1203.0,380.0,549.0,2204.0,931.0,141.0,107.0,1025.0,2204.0,273.0,screener
SANATHAN,Mar 2025,2025-03-31,annual,84.0,1724.0,1084.0,636.0,3528.0,934.0,1587.0,0.0,1007.0,3528.0,1084.0,screener
SANATHAN,Mar 2026,2026-03-31,annual,84.0,1788.0,1512.0,1330.0,4714.0,2819.0,252.0,0.0,1642.0,4714.0,1512.0,screener
SANDESH,Mar 2022,2022-03-31,annual,8.0,943.0,0.0,64.0,1014.0,110.0,0.0,512.0,392.0,1014.0,-512.0,screener
SANDESH,Mar 2023,2023-03-31,annual,8.0,1047.0,0.0,62.0,1117.0,112.0,0.0,666.0,340.0,1117.0,-666.0,screener
SANDESH,Mar 2024,2024-03-31,annual,8.0,1254.0,0.0,87.0,1349.0,110.0,1.0,977.0,261.0,1349.0,-977.0,screener
SANDESH,Mar 2025,2025-03-31,annual,8.0,1346.0,0.0,89.0,1442.0,106.0,0.0,1136.0,199.0,1442.0,-1136.0,screener
SANDESH,Mar 2026,2026-03-31,annual,8.0,1420.0,0.0,99.0,1527.0,105.0,0.0,1003.0,418.0,1527.0,-1003.0,screener
SANDHAR,Mar 2022,2022-03-31,annual,60.0,799.0,614.0,503.0,1976.0,942.0,128.0,53.0,853.0,1976.0,561.0,screener
SANDHAR,Mar 2023,2023-03-31,annual,60.0,860.0,666.0,563.0,2150.0,1172.0,115.0,49.0,814.0,2150.0,617.0,screener
SANDHAR,Mar 2024,2024-03-31,annual,60.0,956.0,741.0,662.0,2420.0,1336.0,76.0,57.0,950.0,2420.0,684.0,screener
SANDHAR,Mar 2025,2025-03-31,annual,60.0,1079.0,924.0,727.0,2790.0,1343.0,69.0,61.0,1318.0,2790.0,863.0,screener
SANDHAR,Mar 2026,2026-03-31,annual,60.0,1273.0,1148.0,995.0,3476.0,1667.0,100.0,67.0,1642.0,3476.0,1081.0,screener
SANDUMA,Mar 2023,2023-03-31,annual,27.0,1907.0,206.0,392.0,2532.0,878.0,67.0,469.0,1118.0,2532.0,-263.0,screener
SANDUMA,Mar 2024,2024-03-31,annual,162.0,1996.0,133.0,302.0,2593.0,886.0,116.0,484.0,1106.0,2593.0,-351.0,screener
SANDUMA,Mar 2025,2025-03-31,annual,162.0,2451.0,1890.0,1146.0,5648.0,3111.0,373.0,227.0,1937.0,5648.0,1663.0,screener
SANDUMA,Mar 2026,2026-03-31,annual,486.0,2768.0,999.0,1274.0,5527.0,3300.0,142.0,281.0,1804.0,5527.0,718.0,screener
SANGAMIND,Mar 2022,2022-03-31,annual,43.0,673.0,610.0,498.0,1824.0,602.0,74.0,1.0,1147.0,1824.0,609.0,screener
SANGAMIND,Mar 2023,2023-03-31,annual,45.0,838.0,826.0,451.0,2161.0,725.0,223.0,8.0,1205.0,2161.0,818.0,screener
SANGAMIND,Mar 2024,2024-03-31,annual,50.0,934.0,1066.0,679.0,2729.0,1007.0,221.0,11.0,1489.0,2729.0,1055.0,screener
SANGAMIND,Mar 2025,2025-03-31,annual,50.0,957.0,1138.0,811.0,2955.0,1278.0,179.0,80.0,1419.0,2955.0,1058.0,screener
SANGAMIND,Mar 2026,2026-03-31,annual,50.0,1026.0,1278.0,961.0,3315.0,1509.0,84.0,154.0,1568.0,3315.0,1124.0,screener
SANGANI,Mar 2022,2022-03-31,annual,4.0,1.0,0.0,2.0,7.0,1.0,0.0,0.0,6.0,7.0,0.0,screener
SANGANI,Mar 2023,2023-03-31,annual,10.0,8.0,0.0,2.0,20.0,12.0,0.0,0.0,8.0,20.0,0.0,screener
SANGANI,Mar 2024,2024-03-31,annual,14.0,20.0,0.0,2.0,35.0,13.0,0.0,0.0,23.0,35.0,0.0,screener
SANGANI,Mar 2025,2025-03-31,annual,14.0,22.0,0.0,3.0,39.0,13.0,0.0,0.0,26.0,39.0,0.0,screener
SANGANI,Mar 2026,2026-03-31,annual,14.0,27.0,2.0,71.0,114.0,32.0,0.0,4.0,77.0,114.0,-2.0,screener
SANGHVIMOV,Mar 2022,2022-03-31,annual,9.0,725.0,167.0,64.0,964.0,769.0,0.0,30.0,165.0,964.0,137.0,screener
SANGHVIMOV,Mar 2023,2023-03-31,annual,9.0,833.0,183.0,96.0,1121.0,858.0,7.0,35.0,220.0,1121.0,148.0,screener
SANGHVIMOV,Mar 2025,2025-03-31,annual,9.0,1134.0,438.0,185.0,1765.0,1116.0,18.0,150.0,482.0,1765.0,288.0,screener
SANGHVIMOV,Mar 2026,2026-03-31,annual,9.0,1302.0,674.0,359.0,2343.0,1428.0,9.0,87.0,819.0,2343.0,587.0,screener
SANOFI,Dec 2023,2023-12-31,annual,23.0,992.0,19.0,681.0,1715.0,315.0,16.0,0.0,1384.0,1715.0,19.0,screener
SANOFI,Dec 2024,2024-12-31,annual,23.0,838.0,19.0,732.0,1612.0,312.0,18.0,0.0,1281.0,1612.0,19.0,screener
SANSERA,Mar 2022,2022-03-31,annual,10.0,1013.0,746.0,451.0,2221.0,1239.0,122.0,11.0,848.0,2221.0,735.0,screener_yfinance_fallback_normalized
SANSERA,Mar 2023,2023-03-31,annual,11.0,1157.0,804.0,491.0,2463.0,1394.0,76.0,11.0,982.0,2463.0,793.0,screener_yfinance_fallback_normalized
SANSERA,Mar 2024,2024-03-31,annual,11.0,1337.0,891.0,555.0,2793.0,1584.0,84.0,41.0,1084.0,2793.0,850.0,screener_yfinance_fallback_normalized
SANSERA,Mar 2025,2025-03-31,annual,12.0,2738.0,407.0,578.0,3736.0,1938.0,195.0,52.0,1552.0,3736.0,355.0,screener_yfinance_fallback_normalized
SANSERA,Mar 2026,2026-03-31,annual,12.0,3075.0,591.0,816.0,4495.0,2262.0,220.0,90.0,1924.0,4495.0,501.0,screener_yfinance_fallback_normalized
SANSTAR,Mar 2022,2022-03-31,annual,30.0,56.0,85.0,37.0,207.0,133.0,3.0,0.0,71.0,207.0,85.0,screener
SANSTAR,Mar 2023,2023-03-31,annual,28.0,159.0,112.0,70.0,368.0,196.0,1.0,0.0,172.0,368.0,112.0,screener
SANSTAR,Mar 2024,2024-03-31,annual,28.0,226.0,128.0,146.0,528.0,202.0,20.0,0.0,305.0,528.0,128.0,screener
SAPPHIRE,Mar 2022,2022-03-31,annual,64.0,944.0,789.0,368.0,2165.0,1390.0,33.0,153.0,590.0,2165.0,636.0,screener
SAPPHIRE,Mar 2023,2023-03-31,annual,64.0,1192.0,963.0,372.0,2591.0,1789.0,56.0,66.0,679.0,2591.0,897.0,screener
SAPPHIRE,Mar 2024,2024-03-31,annual,64.0,1275.0,1164.0,334.0,2837.0,2178.0,68.0,0.0,591.0,2837.0,1164.0,screener
SAPPHIRE,Mar 2025,2025-03-31,annual,64.0,1334.0,1292.0,350.0,3040.0,2338.0,57.0,144.0,501.0,3040.0,1148.0,screener
SAPPHIRE,Mar 2026,2026-03-31,annual,64.0,1326.0,1417.0,447.0,3255.0,2569.0,60.0,3.0,622.0,3255.0,1414.0,screener
SARDAEN,Mar 2022,2022-03-31,annual,36.0,2968.0,1581.0,714.0,5298.0,2853.0,133.0,500.0,1812.0,5298.0,1081.0,screener
SARDAEN,Mar 2023,2023-03-31,annual,35.0,3375.0,1407.0,664.0,5481.0,2907.0,132.0,422.0,2020.0,5481.0,985.0,screener
SARDAEN,Mar 2024,2024-03-31,annual,35.0,3853.0,1366.0,747.0,6002.0,2853.0,251.0,659.0,2239.0,6002.0,707.0,screener
SARDAEN,Mar 2025,2025-03-31,annual,35.0,6251.0,2861.0,977.0,10125.0,5845.0,621.0,792.0,2867.0,10125.0,2069.0,screener
SARDAEN,Mar 2026,2026-03-31,annual,35.0,7335.0,2632.0,1369.0,11371.0,6109.0,463.0,1645.0,3154.0,11371.0,987.0,screener
SAREGAMA,Mar 2022,2022-03-31,annual,19.0,1358.0,1.0,309.0,1688.0,278.0,2.0,676.0,732.0,1688.0,-675.0,screener
SAREGAMA,Mar 2023,2023-03-31,annual,19.0,1323.0,1.0,361.0,1704.0,338.0,4.0,239.0,1124.0,1704.0,-238.0,screener
SAREGAMA,Mar 2024,2024-03-31,annual,19.0,1450.0,5.0,559.0,2034.0,742.0,6.0,118.0,1168.0,2034.0,-113.0,screener
SAREGAMA,Mar 2025,2025-03-31,annual,19.0,1564.0,3.0,509.0,2095.0,835.0,0.0,111.0,1149.0,2095.0,-108.0,screener
SAREGAMA,Mar 2026,2026-03-31,annual,19.0,1673.0,73.0,557.0,2322.0,1031.0,0.0,379.0,912.0,2322.0,-306.0,screener
SARLAPOLY,Mar 2022,2022-03-31,annual,8.0,380.0,135.0,104.0,627.0,232.0,16.0,51.0,329.0,627.0,84.0,screener
SARLAPOLY,Mar 2023,2023-03-31,annual,8.0,387.0,109.0,77.0,580.0,259.0,0.0,125.0,196.0,580.0,-16.0,screener
SARLAPOLY,Mar 2024,2024-03-31,annual,8.0,420.0,137.0,85.0,651.0,240.0,0.0,194.0,216.0,651.0,-57.0,screener
SARLAPOLY,Mar 2025,2025-03-31,annual,8.0,482.0,181.0,82.0,753.0,239.0,0.0,286.0,228.0,753.0,-105.0,screener
SARLAPOLY,Mar 2026,2026-03-31,annual,8.0,506.0,198.0,118.0,831.0,218.0,4.0,368.0,241.0,831.0,-170.0,screener
SASKEN,Mar 2022,2022-03-31,annual,15.0,638.0,0.0,117.0,771.0,34.0,0.0,539.0,198.0,771.0,-539.0,screener
SASKEN,Mar 2023,2023-03-31,annual,15.0,704.0,3.0,100.0,823.0,39.0,0.0,582.0,202.0,823.0,-579.0,screener
SASKEN,Mar 2024,2024-03-31,annual,15.0,754.0,8.0,149.0,926.0,48.0,10.0,632.0,236.0,926.0,-624.0,screener
SASKEN,Mar 2025,2025-03-31,annual,15.0,773.0,26.0,145.0,958.0,66.0,11.0,591.0,290.0,958.0,-565.0,screener
SASKEN,Mar 2026,2026-03-31,annual,15.0,840.0,28.0,283.0,1166.0,353.0,0.0,277.0,536.0,1166.0,-249.0,screener
SATIN,Mar 2022,2022-03-31,annual,75.0,1507.0,,330.0,7655.0,126.0,0.0,49.0,7481.0,7655.0,,screener
SATIN,Mar 2023,2023-03-31,annual,85.0,1543.0,,310.0,7850.0,129.0,0.0,62.0,7659.0,7850.0,,screener
SATIN,Mar 2024,2024-03-31,annual,110.0,2291.0,,174.0,10485.0,133.0,0.0,51.0,10301.0,10485.0,,screener
SATIN,Mar 2025,2025-03-31,annual,110.0,2433.0,,253.0,11587.0,137.0,0.0,55.0,11395.0,11587.0,,screener
SATIN,Mar 2026,2026-03-31,annual,110.0,2753.0,,532.0,14387.0,159.0,7.0,151.0,14069.0,14387.0,,screener
SBCL,Mar 2022,2022-03-31,annual,8.0,184.0,58.0,58.0,308.0,79.0,8.0,17.0,205.0,308.0,41.0,screener
SBCL,Mar 2023,2023-03-31,annual,12.0,254.0,59.0,66.0,390.0,118.0,7.0,8.0,258.0,390.0,51.0,screener
SBCL,Mar 2024,2024-03-31,annual,12.0,330.0,42.0,59.0,443.0,120.0,14.0,11.0,298.0,443.0,31.0,screener
SBCL,Mar 2025,2025-03-31,annual,12.0,394.0,42.0,60.0,508.0,137.0,24.0,13.0,334.0,508.0,29.0,screener
SBCL,Mar 2026,2026-03-31,annual,12.0,470.0,61.0,94.0,636.0,151.0,34.0,16.0,435.0,636.0,45.0,screener
SBIN,Mar 2022,2022-03-31,annual,892.0,304696.0,,518719.0,5360878.0,41032.0,28.0,1776490.0,3543328.0,5360878.0,,screener
SBIN,Mar 2023,2023-03-31,annual,892.0,358039.0,,605796.0,5954415.0,45880.0,66.0,1913108.0,3995361.0,5954415.0,,screener
SBIN,Mar 2024,2024-03-31,annual,892.0,414047.0,,712669.0,6733756.0,46072.0,42.0,2110548.0,4577093.0,6733756.0,,screener
SBIN,Mar 2025,2025-03-31,annual,892.0,486144.0,,775938.0,7313730.0,47716.0,41.0,2205601.0,5060371.0,7313730.0,,screener
SBIN,Mar 2026,2026-03-31,annual,923.0,595208.0,,904646.0,8321176.0,59772.0,78.0,2359502.0,5901824.0,8321176.0,,screener
SCHAEFFLER,Dec 2022,2022-12-31,annual,31.0,4255.0,57.0,1383.0,5727.0,1123.0,249.0,0.0,4355.0,5727.0,57.0,screener
SCHAEFFLER,Dec 2023,2023-12-31,annual,31.0,4774.0,51.0,1410.0,6267.0,1441.0,491.0,0.0,4335.0,6267.0,51.0,screener
SCHAEFFLER,Dec 2024,2024-12-31,annual,31.0,5303.0,56.0,1493.0,6883.0,1970.0,449.0,0.0,4464.0,6883.0,56.0,screener
SCHAEFFLER,Dec 2025,2025-12-31,annual,31.0,6017.0,55.0,2110.0,8213.0,2195.0,334.0,0.0,5683.0,8213.0,55.0,screener
SCHAEFFLER,Jun 2026,2026-06-30,annual,31.0,6116.0,48.0,2317.0,8512.0,2096.0,445.0,0.0,5972.0,8512.0,48.0,screener
SCI,Mar 2022,2022-03-31,annual,466.0,8631.0,3200.0,1956.0,14253.0,7625.0,58.0,476.0,6094.0,14253.0,2724.0,screener
SCI,Mar 2023,2023-03-31,annual,466.0,6437.0,2605.0,1936.0,11443.0,7403.0,34.0,611.0,3395.0,11443.0,1994.0,screener
SCI,Mar 2024,2024-03-31,annual,466.0,7074.0,2914.0,1646.0,12100.0,7004.0,42.0,657.0,4397.0,12100.0,2257.0,screener
SCI,Mar 2025,2025-03-31,annual,466.0,7846.0,2228.0,1161.0,11701.0,6711.0,4.0,826.0,4159.0,11701.0,1402.0,screener
SCI,Mar 2026,2026-03-31,annual,466.0,8630.0,2679.0,1543.0,13318.0,7199.0,5.0,774.0,5341.0,13318.0,1905.0,screener
SEAMECLTD,Mar 2022,2022-03-31,annual,25.0,723.0,127.0,95.0,971.0,411.0,2.0,269.0,289.0,971.0,-142.0,screener
SEAMECLTD,Mar 2023,2023-03-31,annual,25.0,765.0,139.0,135.0,1064.0,585.0,0.0,131.0,348.0,1064.0,8.0,screener
SEAMECLTD,Mar 2024,2024-03-31,annual,25.0,886.0,327.0,169.0,1407.0,717.0,1.0,123.0,566.0,1407.0,204.0,screener
SEAMECLTD,Mar 2025,2025-03-31,annual,25.0,982.0,231.0,141.0,1379.0,655.0,0.0,333.0,391.0,1379.0,-102.0,screener
SEAMECLTD,Mar 2026,2026-03-31,annual,25.0,1276.0,353.0,206.0,1861.0,897.0,0.0,367.0,597.0,1861.0,-14.0,screener
SEIL,Mar 2023,2023-03-31,annual,16.1,44.21,2.2,4.5,67.01,18.15,0.0,9.32,39.54,67.01,-7.12,screener
SEIL,Mar 2024,2024-03-31,annual,16.1,47.62,1.53,4.15,69.4,19.19,0.11,9.43,40.67,69.4,-7.9,screener
SEIL,Mar 2025,2025-03-31,annual,16.1,54.66,7.96,12.65,91.37,22.45,0.0,9.36,59.56,91.37,-1.4,screener
SEIL,Mar 2026,2026-03-31,annual,16.1,60.51,5.94,18.5,101.05,22.68,0.05,9.55,68.77,101.05,-3.61,screener
SENCO,Mar 2022,2022-03-31,annual,53.0,673.0,1026.0,348.0,2100.0,223.0,7.0,0.0,1870.0,2100.0,1026.0,screener
SENCO,Mar 2023,2023-03-31,annual,56.0,876.0,1402.0,571.0,2905.0,280.0,13.0,0.0,2612.0,2905.0,1402.0,screener
SENCO,Mar 2024,2024-03-31,annual,78.0,1288.0,1761.0,596.0,3723.0,362.0,1.0,0.0,3359.0,3723.0,1761.0,screener
SENCO,Mar 2025,2025-03-31,annual,82.0,1888.0,2059.0,717.0,4746.0,405.0,2.0,0.0,4340.0,4746.0,2059.0,screener
SENCO,Mar 2026,2026-03-31,annual,82.0,2432.0,2699.0,1849.0,7062.0,475.0,2.0,0.0,6584.0,7062.0,2699.0,screener
SENORES,Mar 2022,2022-03-31,annual,9.0,28.0,15.0,8.0,59.0,7.0,8.0,15.0,29.0,59.0,0.0,screener
SENORES,Mar 2023,2023-03-31,annual,10.0,36.0,63.0,23.0,131.0,27.0,34.0,16.0,53.0,131.0,47.0,screener
SENORES,Mar 2024,2024-03-31,annual,31.0,174.0,258.0,160.0,622.0,235.0,97.0,0.0,289.0,622.0,258.0,screener
SENORES,Mar 2025,2025-03-31,annual,46.0,740.0,315.0,126.0,1227.0,301.0,172.0,0.0,754.0,1227.0,315.0,screener
SENORES,Mar 2026,2026-03-31,annual,46.0,888.0,342.0,328.0,1604.0,755.0,17.0,4.0,827.0,1604.0,338.0,screener
SEPC,Mar 2022,2022-03-31,annual,972.0,-234.0,981.0,505.0,2223.0,41.0,0.0,1.0,2182.0,2223.0,980.0,screener
SEPC,Mar 2023,2023-03-31,annual,1322.0,-235.0,409.0,506.0,2002.0,36.0,0.0,0.0,1965.0,2002.0,409.0,screener
SEPC,Mar 2024,2024-03-31,annual,1410.0,-200.0,455.0,544.0,2209.0,31.0,0.0,1.0,2178.0,2209.0,454.0,screener
SEPC,Mar 2025,2025-03-31,annual,1564.0,-58.0,358.0,523.0,2387.0,26.0,0.0,0.0,2361.0,2387.0,358.0,screener
SEPC,Mar 2026,2026-03-31,annual,1943.0,-24.0,354.0,820.0,3093.0,22.0,0.0,2.0,3069.0,3093.0,352.0,screener
SERVOTECH,Mar 2022,2022-03-31,annual,19.0,28.0,19.0,24.0,89.0,12.0,0.0,0.0,78.0,89.0,19.0,screener
SERVOTECH,Mar 2023,2023-03-31,annual,21.0,61.0,42.0,42.0,167.0,22.0,1.0,0.0,144.0,167.0,42.0,screener
SERVOTECH,Mar 2024,2024-03-31,annual,22.0,120.0,73.0,62.0,277.0,32.0,15.0,0.0,230.0,277.0,73.0,screener
SERVOTECH,Mar 2025,2025-03-31,annual,22.0,214.0,75.0,98.0,410.0,69.0,3.0,0.0,338.0,410.0,75.0,screener
SERVOTECH,Mar 2026,2026-03-31,annual,23.0,265.0,211.0,186.0,685.0,156.0,0.0,13.0,516.0,685.0,198.0,screener
SESHAPAPER,Mar 2022,2022-03-31,annual,12.0,1243.0,4.0,400.0,1660.0,828.0,14.0,178.0,640.0,1660.0,-174.0,screener
SESHAPAPER,Mar 2023,2023-03-31,annual,12.0,1623.0,0.0,443.0,2079.0,809.0,20.0,197.0,1054.0,2079.0,-197.0,screener
SESHAPAPER,Mar 2024,2024-03-31,annual,12.0,1899.0,21.0,459.0,2391.0,789.0,35.0,248.0,1319.0,2391.0,-227.0,screener
SESHAPAPER,Mar 2025,2025-03-31,annual,12.0,1976.0,82.0,452.0,2522.0,769.0,71.0,278.0,1404.0,2522.0,-196.0,screener
SESHAPAPER,Mar 2026,2026-03-31,annual,12.0,2030.0,0.0,460.0,2502.0,758.0,93.0,305.0,1346.0,2502.0,-305.0,screener
SETL,Mar 2022,2022-03-31,annual,15.0,54.0,70.0,159.0,298.0,52.0,1.0,0.0,245.0,298.0,70.0,screener
SETL,Mar 2023,2023-03-31,annual,16.0,140.0,82.0,110.0,348.0,75.0,3.0,0.0,269.0,348.0,82.0,screener
SETL,Mar 2024,2024-03-31,annual,18.0,389.0,129.0,129.0,665.0,96.0,4.0,0.0,565.0,665.0,129.0,screener
SETL,Mar 2025,2025-03-31,annual,199.0,507.0,68.0,184.0,958.0,136.0,8.0,0.0,814.0,958.0,68.0,screener
SETL,Mar 2026,2026-03-31,annual,199.0,589.0,83.0,382.0,1254.0,183.0,27.0,0.0,1045.0,1254.0,83.0,screener
SFL,Mar 2022,2022-03-31,annual,24.0,1368.0,466.0,496.0,2355.0,883.0,120.0,618.0,734.0,2355.0,-152.0,screener
SFL,Mar 2023,2023-03-31,annual,49.0,1549.0,571.0,533.0,2702.0,865.0,287.0,768.0,781.0,2702.0,-197.0,screener
SFL,Mar 2024,2024-03-31,annual,54.0,2866.0,1493.0,909.0,5322.0,3129.0,166.0,878.0,1150.0,5322.0,615.0,screener
SFL,Mar 2025,2025-03-31,annual,55.0,2962.0,1462.0,881.0,5360.0,3080.0,131.0,873.0,1276.0,5360.0,589.0,screener
SFL,Mar 2026,2026-03-31,annual,55.0,3197.0,908.0,949.0,5109.0,3198.0,32.0,588.0,1291.0,5109.0,320.0,screener
SGMART,Mar 2018,2018-03-31,annual,1.0,10.0,11.0,4.0,26.0,23.0,0.0,0.0,4.0,26.0,11.0,screener
SGMART,Mar 2019,2019-03-31,annual,1.0,11.0,0.0,0.0,12.0,1.0,0.0,3.0,8.0,12.0,-3.0,screener
SGMART,Mar 2024,2024-03-31,annual,11.0,1076.0,182.0,218.0,1487.0,39.0,17.0,0.0,1431.0,1487.0,182.0,screener
SGMART,Mar 2025,2025-03-31,annual,11.0,1197.0,722.0,368.0,2298.0,216.0,76.0,0.0,2006.0,2298.0,722.0,screener
SGMART,Mar 2026,2026-03-31,annual,13.0,1584.0,268.0,385.0,2250.0,385.0,20.0,0.0,1845.0,2250.0,268.0,screener
SHADOWFAX,Mar 2023,2023-03-31,annual,0.23,171.0,72.0,200.0,443.0,83.0,0.0,60.0,300.0,443.0,12.0,screener
SHADOWFAX,Mar 2024,2024-03-31,annual,0.24,172.0,289.0,324.0,786.0,118.0,0.0,312.0,356.0,786.0,-23.0,screener
SHADOWFAX,Mar 2025,2025-03-31,annual,152.0,248.0,393.0,467.0,1259.0,329.0,0.0,329.0,601.0,1259.0,64.0,screener
SHADOWFAX,Mar 2026,2026-03-31,annual,582.0,1163.0,247.0,842.0,2834.0,588.0,0.0,354.0,1892.0,2834.0,-107.0,screener
SHAILY,Mar 2022,2022-03-31,annual,9.0,358.0,175.0,135.0,677.0,333.0,29.0,0.0,316.0,677.0,175.0,screener
SHAILY,Mar 2023,2023-03-31,annual,9.0,392.0,188.0,103.0,693.0,367.0,68.0,0.0,257.0,693.0,188.0,screener
SHAILY,Mar 2024,2024-03-31,annual,9.0,450.0,209.0,114.0,782.0,473.0,20.0,0.0,289.0,782.0,209.0,screener
SHAILY,Mar 2025,2025-03-31,annual,9.0,538.0,188.0,197.0,933.0,501.0,18.0,0.0,414.0,933.0,188.0,screener
SHAILY,Mar 2026,2026-03-31,annual,9.0,707.0,177.0,253.0,1147.0,620.0,29.0,0.0,498.0,1147.0,177.0,screener
SHAKTIPUMP,Mar 2022,2022-03-31,annual,18.0,375.0,106.0,364.0,864.0,146.0,1.0,0.0,717.0,864.0,106.0,screener
SHAKTIPUMP,Mar 2023,2023-03-31,annual,18.0,400.0,75.0,232.0,725.0,147.0,2.0,0.0,577.0,725.0,75.0,screener
SHAKTIPUMP,Mar 2024,2024-03-31,annual,20.0,736.0,85.0,610.0,1450.0,149.0,39.0,0.0,1263.0,1450.0,85.0,screener
SHAKTIPUMP,Mar 2025,2025-03-31,annual,120.0,1041.0,170.0,642.0,1973.0,227.0,33.0,0.0,1714.0,1973.0,170.0,screener
SHAKTIPUMP,Mar 2026,2026-03-31,annual,123.0,1582.0,505.0,835.0,3046.0,315.0,12.0,0.0,2719.0,3046.0,505.0,screener
SHALBY,Mar 2022,2022-03-31,annual,108.0,768.0,155.0,162.0,1194.0,675.0,6.0,25.0,488.0,1194.0,130.0,screener
SHALBY,Mar 2023,2023-03-31,annual,107.0,820.0,180.0,173.0,1281.0,685.0,11.0,146.0,440.0,1281.0,34.0,screener
SHALBY,Mar 2024,2024-03-31,annual,107.0,893.0,378.0,231.0,1609.0,966.0,15.0,81.0,547.0,1609.0,297.0,screener
SHALBY,Mar 2025,2025-03-31,annual,107.0,885.0,476.0,241.0,1709.0,955.0,22.0,95.0,637.0,1709.0,381.0,screener
SHALBY,Mar 2026,2026-03-31,annual,108.0,898.0,595.0,239.0,1839.0,1064.0,0.0,62.0,712.0,1839.0,533.0,screener
SHANKARA,Mar 2022,2022-03-31,annual,23.0,533.0,133.0,352.0,1041.0,258.0,2.0,0.0,781.0,1041.0,133.0,screener
SHANKARA,Mar 2023,2023-03-31,annual,23.0,620.0,88.0,561.0,1292.0,281.0,4.0,0.0,1007.0,1292.0,88.0,screener
SHANKARA,Mar 2024,2024-03-31,annual,24.0,773.0,87.0,701.0,1586.0,293.0,3.0,0.0,1290.0,1586.0,87.0,screener
SHANKARA,Mar 2025,2025-03-31,annual,24.0,844.0,104.0,830.0,1802.0,297.0,6.0,0.0,1498.0,1802.0,104.0,screener
SHANKARA,Mar 2026,2026-03-31,annual,24.0,423.0,192.0,117.0,757.0,290.0,23.0,0.0,444.0,757.0,192.0,screener
SHARDACROP,Mar 2022,2022-03-31,annual,90.0,1822.0,47.0,1779.0,3738.0,592.0,212.0,134.0,2800.0,3738.0,-87.0,screener
SHARDACROP,Mar 2023,2023-03-31,annual,90.0,2142.0,3.0,2108.0,4343.0,668.0,204.0,32.0,3439.0,4343.0,-29.0,screener
SHARDACROP,Mar 2024,2024-03-31,annual,90.0,2147.0,18.0,1773.0,4028.0,708.0,283.0,159.0,2878.0,4028.0,-141.0,screener
SHARDACROP,Mar 2025,2025-03-31,annual,90.0,2410.0,8.0,2205.0,4713.0,750.0,291.0,294.0,3377.0,4713.0,-286.0,screener
SHARDACROP,Mar 2026,2026-03-31,annual,90.0,3046.0,0.0,2644.0,5780.0,1236.0,0.0,361.0,4183.0,5780.0,-361.0,screener
SHARDAMOTR,Mar 2022,2022-03-31,annual,6.0,567.0,12.0,480.0,1066.0,156.0,0.0,78.0,832.0,1066.0,-66.0,screener
SHARDAMOTR,Mar 2023,2023-03-31,annual,6.0,752.0,25.0,606.0,1389.0,221.0,0.0,30.0,1138.0,1389.0,-5.0,screener
SHARDAMOTR,Mar 2024,2024-03-31,annual,6.0,1000.0,24.0,598.0,1628.0,219.0,0.0,668.0,741.0,1628.0,-644.0,screener
SHARDAMOTR,Mar 2025,2025-03-31,annual,6.0,1056.0,52.0,643.0,1757.0,251.0,8.0,740.0,757.0,1757.0,-688.0,screener
SHARDAMOTR,Mar 2026,2026-03-31,annual,11.0,1302.0,49.0,853.0,2215.0,283.0,0.0,1136.0,796.0,2215.0,-1087.0,screener
SHAREINDIA,Mar 2022,2022-03-31,annual,32.0,415.0,199.0,784.0,1429.0,53.0,10.0,8.0,1358.0,1429.0,191.0,screener
SHAREINDIA,Mar 2023,2023-03-31,annual,33.0,973.0,202.0,632.0,1839.0,63.0,1.0,6.0,1769.0,1839.0,196.0,screener
SHAREINDIA,Mar 2024,2024-03-31,annual,38.0,1708.0,403.0,719.0,2868.0,76.0,1.0,149.0,2643.0,2868.0,254.0,screener
SHAREINDIA,Mar 2025,2025-03-31,annual,44.0,2290.0,513.0,933.0,3780.0,74.0,3.0,355.0,3350.0,3780.0,158.0,screener
SHAREINDIA,Mar 2026,2026-03-31,annual,44.0,2591.0,695.0,1260.0,4590.0,65.0,0.0,228.0,4296.0,4590.0,467.0,screener
SHEMAROO,Mar 2022,2022-03-31,annual,27.0,555.0,254.0,53.0,889.0,22.0,0.0,3.0,864.0,889.0,251.0,screener
SHEMAROO,Mar 2023,2023-03-31,annual,27.0,565.0,321.0,126.0,1038.0,36.0,1.0,3.0,999.0,1038.0,318.0,screener
SHEMAROO,Mar 2024,2024-03-31,annual,27.0,526.0,340.0,128.0,1022.0,44.0,0.0,3.0,975.0,1022.0,337.0,screener
SHEMAROO,Mar 2025,2025-03-31,annual,27.0,444.0,304.0,90.0,866.0,41.0,0.0,0.0,825.0,866.0,304.0,screener
SHEMAROO,Mar 2026,2026-03-31,annual,29.0,241.0,302.0,114.0,686.0,41.0,0.0,0.0,644.0,686.0,302.0,screener
SHILPAMED,Mar 2022,2022-03-31,annual,9.0,1814.0,683.0,370.0,2876.0,1342.0,506.0,34.0,993.0,2876.0,649.0,screener
SHILPAMED,Mar 2023,2023-03-31,annual,9.0,1775.0,798.0,323.0,2904.0,1368.0,655.0,43.0,838.0,2904.0,755.0,screener
SHILPAMED,Mar 2024,2024-03-31,annual,9.0,1800.0,937.0,347.0,3093.0,1385.0,719.0,40.0,950.0,3093.0,897.0,screener
SHILPAMED,Mar 2025,2025-03-31,annual,10.0,2362.0,588.0,351.0,3311.0,1418.0,822.0,35.0,1037.0,3311.0,553.0,screener
SHILPAMED,Mar 2026,2026-03-31,annual,20.0,2572.0,660.0,455.0,3706.0,2046.0,431.0,58.0,1170.0,3706.0,602.0,screener
SHINDL,Mar 2022,2022-03-31,annual,24.0,46.0,89.0,27.0,186.0,46.0,3.0,0.0,138.0,186.0,89.0,screener
SHINDL,Mar 2023,2023-03-31,annual,24.0,55.0,89.0,30.0,198.0,49.0,1.0,0.0,147.0,198.0,89.0,screener
SHINDL,Mar 2024,2024-03-31,annual,24.0,60.0,96.0,24.0,204.0,46.0,2.0,0.0,156.0,204.0,96.0,screener
SHINDL,Mar 2025,2025-03-31,annual,38.0,99.0,113.0,30.0,279.0,43.0,2.0,0.0,234.0,279.0,113.0,screener
SHINDL,Mar 2026,2026-03-31,annual,39.0,115.0,126.0,36.0,316.0,46.0,1.0,0.0,269.0,316.0,126.0,screener
SHIRPUR-G,Mar 2021,2021-03-31,annual,29.0,-52.0,510.0,130.0,617.0,189.0,0.0,0.0,428.0,617.0,510.0,screener
SHIRPUR-G,Mar 2022,2022-03-31,annual,29.0,-144.0,514.0,150.0,550.0,163.0,0.0,0.0,387.0,550.0,514.0,screener
SHIRPUR-G,Mar 2023,2023-03-31,annual,29.0,-166.0,546.0,161.0,571.0,163.0,0.0,0.0,408.0,571.0,546.0,screener
SHIRPUR-G,Mar 2024,2024-03-31,annual,29.0,-268.0,677.0,42.0,481.0,159.0,0.0,0.0,322.0,481.0,677.0,screener
SHIRPUR-G,Sep 2024,2024-09-30,annual,29.0,-319.0,687.0,51.0,449.0,157.0,0.0,0.0,292.0,449.0,687.0,screener
SHIVALIK,Mar 2022,2022-03-31,annual,7.0,280.0,38.0,163.0,488.0,221.0,3.0,0.0,264.0,488.0,38.0,screener
SHIVALIK,Mar 2023,2023-03-31,annual,7.0,412.0,58.0,101.0,578.0,218.0,57.0,0.0,303.0,578.0,58.0,screener
SHIVALIK,Mar 2024,2024-03-31,annual,8.0,500.0,76.0,109.0,692.0,214.0,117.0,0.0,362.0,692.0,76.0,screener
SHIVALIK,Mar 2025,2025-03-31,annual,8.0,528.0,94.0,104.0,734.0,337.0,0.0,0.0,398.0,734.0,94.0,screener
SHIVALIK,Mar 2026,2026-03-31,annual,8.0,591.0,114.0,106.0,819.0,335.0,0.0,0.0,484.0,819.0,114.0,screener
SHIVAUM,Mar 2023,2023-03-31,annual,14.0,82.0,59.0,8.0,163.0,6.0,0.0,6.0,152.0,163.0,53.0,screener
SHIVAUM,Mar 2024,2024-03-31,annual,14.0,93.0,69.0,8.0,183.0,4.0,0.0,9.0,170.0,183.0,60.0,screener
SHIVAUM,Mar 2025,2025-03-31,annual,14.0,102.0,94.0,7.0,217.0,4.0,0.0,12.0,201.0,217.0,82.0,screener
SHIVAUM,Mar 2026,2026-03-31,annual,14.0,107.0,97.0,6.0,224.0,4.0,0.0,15.0,206.0,224.0,82.0,screener
SHK,Mar 2022,2022-03-31,annual,138.0,875.0,698.0,568.0,2279.0,959.0,9.0,1.0,1309.0,2279.0,697.0,screener
SHK,Mar 2023,2023-03-31,annual,138.0,926.0,620.0,518.0,2202.0,914.0,26.0,23.0,1239.0,2202.0,597.0,screener
SHK,Mar 2024,2024-03-31,annual,138.0,1074.0,666.0,502.0,2381.0,933.0,13.0,10.0,1425.0,2381.0,656.0,screener
SHK,Mar 2025,2025-03-31,annual,138.0,1134.0,832.0,556.0,2660.0,953.0,46.0,11.0,1650.0,2660.0,821.0,screener
SHK,Mar 2026,2026-03-31,annual,138.0,1223.0,1029.0,522.0,2913.0,1188.0,90.0,11.0,1623.0,2913.0,1018.0,screener
SHOPERSTOP,Mar 2022,2022-03-31,annual,55.0,21.0,2115.0,1591.0,3783.0,1723.0,14.0,146.0,1899.0,3783.0,1969.0,screener
SHOPERSTOP,Mar 2023,2023-03-31,annual,55.0,151.0,2375.0,2023.0,4603.0,2097.0,34.0,48.0,2424.0,4603.0,2327.0,screener
SHOPERSTOP,Mar 2024,2024-03-31,annual,55.0,246.0,2785.0,2208.0,5294.0,2582.0,21.0,4.0,2688.0,5294.0,2781.0,screener
SHOPERSTOP,Mar 2025,2025-03-31,annual,55.0,266.0,3314.0,2459.0,6095.0,2971.0,13.0,3.0,3107.0,6095.0,3311.0,screener
SHOPERSTOP,Mar 2026,2026-03-31,annual,55.0,236.0,3317.0,2683.0,6291.0,3030.0,7.0,0.0,3254.0,6291.0,3317.0,screener
SHREECEM,Mar 2022,2022-03-31,annual,36.0,17424.0,2129.0,4159.0,23749.0,7282.0,1054.0,9033.0,6380.0,23749.0,-6904.0,screener
SHREECEM,Mar 2023,2023-03-31,annual,36.0,18600.0,2725.0,4973.0,26334.0,7481.0,2797.0,8683.0,7373.0,26334.0,-5958.0,screener
SHREECEM,Mar 2024,2024-03-31,annual,36.0,20667.0,1656.0,5566.0,27925.0,9591.0,1930.0,7556.0,8848.0,27925.0,-5900.0,screener
SHREECEM,Mar 2025,2025-03-31,annual,36.0,21502.0,1046.0,5880.0,28464.0,9315.0,3796.0,7849.0,7504.0,28464.0,-6803.0,screener
SHREECEM,Mar 2026,2026-03-31,annual,36.0,23231.0,1868.0,6312.0,31448.0,11207.0,1466.0,10272.0,8503.0,31448.0,-8404.0,screener
SHREEJISPG,Mar 2022,2022-03-31,annual,0.1,153.0,235.0,199.0,587.0,295.0,45.0,0.0,247.0,587.0,235.0,screener
SHREEJISPG,Mar 2023,2023-03-31,annual,0.1,256.0,175.0,198.0,629.0,361.0,3.0,0.0,266.0,629.0,175.0,screener
SHREEJISPG,Mar 2024,2024-03-31,annual,0.1,315.0,159.0,137.0,611.0,371.0,4.0,0.0,235.0,611.0,159.0,screener
SHREEJISPG,Mar 2025,2025-03-31,annual,147.0,197.0,256.0,159.0,759.0,366.0,31.0,0.0,362.0,759.0,256.0,screener
SHREEJISPG,Mar 2026,2026-03-31,annual,163.0,606.0,278.0,174.0,1221.0,448.0,15.0,0.0,758.0,1221.0,278.0,screener
SHREEPUSHK,Mar 2022,2022-03-31,annual,31.0,365.0,94.0,134.0,624.0,195.0,110.0,77.0,243.0,624.0,17.0,screener
SHREEPUSHK,Mar 2023,2023-03-31,annual,32.0,406.0,70.0,149.0,657.0,313.0,0.0,95.0,249.0,657.0,-25.0,screener
SHREEPUSHK,Mar 2024,2024-03-31,annual,32.0,442.0,108.0,128.0,710.0,295.0,42.0,118.0,254.0,710.0,-10.0,screener
SHREEPUSHK,Mar 2025,2025-03-31,annual,32.0,507.0,103.0,225.0,867.0,308.0,54.0,94.0,411.0,867.0,9.0,screener
SHREEPUSHK,Mar 2026,2026-03-31,annual,32.0,578.0,130.0,231.0,970.0,305.0,149.0,141.0,375.0,970.0,-11.0,screener
SHRIPISTON,Mar 2022,2022-03-31,annual,22.0,1233.0,157.0,438.0,1850.0,689.0,6.0,32.0,1124.0,1850.0,125.0,screener
SHRIPISTON,Mar 2023,2023-03-31,annual,22.0,1505.0,333.0,512.0,2373.0,733.0,5.0,72.0,1563.0,2373.0,261.0,screener
SHRIPISTON,Mar 2024,2024-03-31,annual,44.0,1882.0,487.0,723.0,3136.0,934.0,31.0,115.0,2056.0,3136.0,372.0,screener
SHRIPISTON,Mar 2025,2025-03-31,annual,44.0,2350.0,508.0,821.0,3723.0,1203.0,58.0,36.0,2425.0,3723.0,472.0,screener
SHRIPISTON,Mar 2026,2026-03-31,annual,44.0,2857.0,1968.0,1273.0,6142.0,2976.0,96.0,135.0,2935.0,6142.0,1833.0,screener
SHRIRAMFIN,Mar 2022,2022-03-31,annual,271.0,25824.0,,1328.0,142268.0,418.0,0.0,6971.0,134879.0,142268.0,,screener
SHRIRAMFIN,Mar 2023,2023-03-31,annual,374.0,43138.0,,2858.0,210573.0,3714.0,66.0,7430.0,199363.0,210573.0,,screener
SHRIRAMFIN,Mar 2024,2024-03-31,annual,376.0,48571.0,,3823.0,248266.0,3718.0,0.0,9472.0,235077.0,248266.0,,screener
SHRIRAMFIN,Mar 2025,2025-03-31,annual,376.0,56094.0,,3055.0,293722.0,2914.0,0.0,15788.0,275020.0,293722.0,,screener
SHRIRAMFIN,Mar 2026,2026-03-31,annual,376.0,65542.0,,4764.0,321375.0,2635.0,0.0,14993.0,303746.0,321375.0,,screener
SHYAMMETL,Mar 2022,2022-03-31,annual,255.0,5580.0,543.0,2047.0,8425.0,2455.0,768.0,1036.0,4166.0,8425.0,-493.0,screener
SHYAMMETL,Mar 2023,2023-03-31,annual,255.0,7021.0,1172.0,3147.0,11595.0,3311.0,2769.0,1474.0,4041.0,11595.0,-302.0,screener
SHYAMMETL,Mar 2024,2024-03-31,annual,278.0,9369.0,597.0,4150.0,14393.0,3995.0,3764.0,2262.0,4372.0,14393.0,-1665.0,screener
SHYAMMETL,Mar 2025,2025-03-31,annual,278.0,10275.0,789.0,4977.0,16320.0,6357.0,2708.0,2118.0,5137.0,16320.0,-1329.0,screener
SHYAMMETL,Mar 2026,2026-03-31,annual,278.0,11245.0,1005.0,7538.0,20066.0,8134.0,2792.0,1582.0,7558.0,20066.0,-577.0,screener
SIEMENS,Sep 2021,2021-09-30,annual,71.0,10276.0,4.0,7664.0,18015.0,3264.0,35.0,3.0,14713.0,18015.0,1.0,screener
SIEMENS,Sep 2022,2022-09-30,annual,71.0,11539.0,182.0,8317.0,20109.0,3107.0,52.0,1.0,16949.0,20109.0,181.0,screener
SIEMENS,Sep 2023,2023-09-30,annual,71.0,13016.0,175.0,8384.0,21646.0,3038.0,50.0,1.0,18556.0,21646.0,174.0,screener
SIEMENS,Sep 2024,2024-09-30,annual,71.0,15286.0,279.0,9663.0,25299.0,3112.0,103.0,1.0,22082.0,25299.0,278.0,screener
SIEMENS,Mar 2026,2026-03-31,annual,71.0,13769.0,310.0,7150.0,21301.0,2786.0,249.0,1.0,18264.0,21301.0,309.0,screener
SIGACHI,Mar 2022,2022-03-31,annual,31.0,197.0,35.0,24.0,287.0,53.0,10.0,0.0,224.0,287.0,35.0,screener
SIGACHI,Mar 2023,2023-03-31,annual,31.0,238.0,68.0,37.0,374.0,122.0,35.0,0.0,216.0,374.0,68.0,screener
SIGACHI,Mar 2024,2024-03-31,annual,33.0,397.0,151.0,113.0,694.0,254.0,97.0,0.0,342.0,694.0,151.0,screener
SIGACHI,Mar 2025,2025-03-31,annual,38.0,563.0,142.0,103.0,846.0,370.0,9.0,0.0,467.0,846.0,142.0,screener
SIGACHI,Mar 2026,2026-03-31,annual,38.0,484.0,139.0,180.0,841.0,325.0,31.0,0.0,485.0,841.0,139.0,screener
SIGMAADV,Mar 2022,2022-03-31,annual,74.0,111.0,29.0,73.0,286.0,204.0,0.0,0.0,82.0,286.0,29.0,screener
SIGMAADV,Mar 2023,2023-03-31,annual,74.0,120.0,146.0,38.0,377.0,179.0,0.0,133.0,65.0,377.0,13.0,screener
SIGMAADV,Mar 2024,2024-03-31,annual,74.0,107.0,147.0,38.0,366.0,187.0,0.0,112.0,66.0,366.0,35.0,screener
SIGMAADV,Mar 2025,2025-03-31,annual,74.0,70.0,139.0,82.0,364.0,200.0,0.0,67.0,97.0,364.0,72.0,screener
SIGMAADV,Mar 2026,2026-03-31,annual,176.0,292.0,332.0,259.0,1059.0,325.0,9.0,10.0,714.0,1059.0,322.0,screener
SIGNATURE,Mar 2022,2022-03-31,annual,11.0,-364.0,1170.0,3632.0,4449.0,169.0,0.0,5.0,4276.0,4449.0,1165.0,screener
SIGNATURE,Mar 2023,2023-03-31,annual,12.0,35.0,1724.0,4250.0,6022.0,136.0,0.0,0.0,5885.0,6022.0,1724.0,screener
SIGNATURE,Mar 2024,2024-03-31,annual,14.0,613.0,1933.0,5914.0,8474.0,104.0,15.0,0.0,8356.0,8474.0,1933.0,screener
SIGNATURE,Mar 2025,2025-03-31,annual,14.0,713.0,2394.0,9746.0,12866.0,146.0,0.0,0.0,12720.0,12866.0,2394.0,screener
SIGNATURE,Mar 2026,2026-03-31,annual,14.0,1836.0,2979.0,12427.0,17255.0,116.0,0.0,1294.0,15846.0,17255.0,1685.0,screener
SIGNPOST,Mar 2023,2023-03-31,annual,11.0,137.0,98.0,133.0,379.0,66.0,26.0,44.0,243.0,379.0,54.0,screener
SIGNPOST,Mar 2024,2024-03-31,annual,11.0,179.0,154.0,132.0,476.0,164.0,22.0,36.0,253.0,476.0,118.0,screener
SIGNPOST,Mar 2025,2025-03-31,annual,11.0,210.0,173.0,161.0,555.0,182.0,33.0,1.0,339.0,555.0,172.0,screener
SIGNPOST,Mar 2026,2026-03-31,annual,11.0,277.0,203.0,197.0,688.0,213.0,20.0,1.0,454.0,688.0,202.0,screener
SIKA,Mar 2022,2022-03-31,annual,4.0,74.0,0.0,20.0,98.0,36.0,0.0,9.0,53.0,98.0,-9.0,screener
SIKA,Mar 2023,2023-03-31,annual,4.0,81.0,0.0,18.0,103.0,36.0,0.0,20.0,48.0,103.0,-20.0,screener
SIKA,Mar 2024,2024-03-31,annual,4.0,99.0,0.0,19.0,122.0,43.0,0.0,30.0,48.0,122.0,-30.0,screener
SIKA,Mar 2025,2025-03-31,annual,4.0,120.0,0.0,29.0,153.0,45.0,0.0,38.0,70.0,153.0,-38.0,screener
SIKA,Mar 2026,2026-03-31,annual,4.0,151.0,0.0,20.0,175.0,44.0,0.0,82.0,49.0,175.0,-82.0,screener
SILVERTUC,Mar 2022,2022-03-31,annual,13.0,73.0,0.0,37.0,123.0,22.0,0.0,1.0,99.0,123.0,-1.0,screener
SILVERTUC,Mar 2023,2023-03-31,annual,13.0,82.0,11.0,42.0,148.0,31.0,7.0,1.0,109.0,148.0,10.0,screener
SILVERTUC,Mar 2024,2024-03-31,annual,13.0,100.0,11.0,49.0,173.0,29.0,15.0,1.0,128.0,173.0,10.0,screener
SILVERTUC,Mar 2025,2025-03-31,annual,13.0,121.0,43.0,66.0,243.0,54.0,7.0,1.0,181.0,243.0,42.0,screener
SILVERTUC,Mar 2026,2026-03-31,annual,25.0,144.0,33.0,94.0,296.0,51.0,0.0,1.0,244.0,296.0,32.0,screener
SIMPLEXINF,Mar 2022,2022-03-31,annual,11.0,738.0,5354.0,3765.0,9868.0,627.0,2.0,53.0,9185.0,9868.0,5301.0,screener
SIMPLEXINF,Mar 2023,2023-03-31,annual,11.0,289.0,5984.0,4088.0,10373.0,531.0,2.0,7.0,9832.0,10373.0,5977.0,screener
SIMPLEXINF,Mar 2024,2024-03-31,annual,11.0,220.0,7180.0,3002.0,10414.0,462.0,3.0,7.0,9942.0,10414.0,7173.0,screener
SIMPLEXINF,Mar 2025,2025-03-31,annual,13.0,510.0,2174.0,1641.0,4339.0,240.0,0.0,9.0,4091.0,4339.0,2165.0,screener
SIMPLEXINF,Mar 2026,2026-03-31,annual,16.0,960.0,1642.0,1264.0,3881.0,252.0,0.0,12.0,3617.0,3881.0,1630.0,screener
SIRCA,Mar 2022,2022-03-31,annual,27.0,198.0,0.0,37.0,262.0,53.0,1.0,0.0,208.0,262.0,0.0,screener
SIRCA,Mar 2023,2023-03-31,annual,27.0,238.0,0.0,47.0,312.0,54.0,5.0,0.0,252.0,312.0,0.0,screener
SIRCA,Mar 2024,2024-03-31,annual,55.0,254.0,0.0,42.0,351.0,58.0,6.0,44.0,243.0,351.0,-44.0,screener
SIRCA,Mar 2025,2025-03-31,annual,55.0,295.0,8.0,93.0,451.0,164.0,0.0,2.0,285.0,451.0,6.0,screener
SIRCA,Mar 2026,2026-03-31,annual,57.0,418.0,32.0,82.0,589.0,174.0,10.0,57.0,348.0,589.0,-25.0,screener
SIS,Mar 2022,2022-03-31,annual,74.0,1998.0,1451.0,1537.0,5059.0,1602.0,23.0,96.0,3338.0,5059.0,1355.0,screener
SIS,Mar 2023,2023-03-31,annual,73.0,2260.0,1647.0,1689.0,5670.0,1627.0,41.0,98.0,3903.0,5670.0,1549.0,screener
SIS,Mar 2024,2024-03-31,annual,72.0,2341.0,1658.0,1866.0,5938.0,1605.0,35.0,116.0,4182.0,5938.0,1542.0,screener
SIS,Mar 2025,2025-03-31,annual,72.0,2336.0,1645.0,2028.0,6081.0,1294.0,36.0,148.0,4604.0,6081.0,1497.0,screener
SIS,Mar 2026,2026-03-31,annual,71.0,2475.0,1789.0,3297.0,7632.0,2046.0,3.0,186.0,5398.0,7632.0,1603.0,screener
SITINET,Mar 2022,2022-03-31,annual,87.0,-584.0,983.0,1168.0,1654.0,1007.0,86.0,14.0,547.0,1654.0,969.0,screener
SITINET,Mar 2023,2023-03-31,annual,87.0,-863.0,919.0,1267.0,1410.0,732.0,61.0,2.0,615.0,1410.0,917.0,screener
SITINET,Mar 2024,2024-03-31,annual,87.0,-1047.0,773.0,1512.0,1326.0,513.0,69.0,80.0,663.0,1326.0,693.0,screener
SITINET,Mar 2025,2025-03-31,annual,87.0,-1256.0,772.0,1712.0,1315.0,425.0,78.0,102.0,710.0,1315.0,670.0,screener
SITINET,Sep 2025,2025-09-30,annual,87.0,-1332.0,767.0,1823.0,1346.0,409.0,60.0,120.0,756.0,1346.0,647.0,screener
SIYSIL,Mar 2022,2022-03-31,annual,9.0,925.0,223.0,356.0,1513.0,501.0,2.0,38.0,972.0,1513.0,185.0,screener
SIYSIL,Mar 2023,2023-03-31,annual,9.0,1128.0,163.0,337.0,1637.0,480.0,5.0,124.0,1027.0,1637.0,39.0,screener
SIYSIL,Mar 2024,2024-03-31,annual,9.0,1128.0,175.0,290.0,1602.0,477.0,19.0,30.0,1077.0,1602.0,145.0,screener
SIYSIL,Mar 2025,2025-03-31,annual,9.0,1274.0,262.0,343.0,1888.0,591.0,3.0,207.0,1088.0,1888.0,55.0,screener
SIYSIL,Mar 2026,2026-03-31,annual,9.0,1451.0,352.0,379.0,2192.0,593.0,14.0,273.0,1311.0,2192.0,79.0,screener
SJS,Mar 2022,2022-03-31,annual,30.0,330.0,29.0,66.0,456.0,207.0,0.0,78.0,170.0,456.0,-49.0,screener
SJS,Mar 2023,2023-03-31,annual,30.0,399.0,30.0,77.0,537.0,199.0,2.0,139.0,198.0,537.0,-109.0,screener
SJS,Mar 2024,2024-03-31,annual,31.0,520.0,84.0,151.0,785.0,475.0,2.0,40.0,269.0,785.0,44.0,screener
SJS,Mar 2025,2025-03-31,annual,31.0,646.0,37.0,153.0,868.0,434.0,6.0,90.0,337.0,868.0,-53.0,screener
SJS,Mar 2026,2026-03-31,annual,32.0,836.0,23.0,210.0,1101.0,404.0,60.0,229.0,409.0,1101.0,-206.0,screener
SJVN,Mar 2022,2022-03-31,annual,3930.0,9241.0,6906.0,3172.0,23248.0,7866.0,8369.0,275.0,6738.0,23248.0,6631.0,screener
SJVN,Mar 2023,2023-03-31,annual,3930.0,9930.0,14059.0,4392.0,32311.0,8489.0,15674.0,36.0,8112.0,32311.0,14023.0,screener
SJVN,Mar 2024,2024-03-31,annual,3930.0,10141.0,20323.0,4797.0,39191.0,10906.0,20033.0,37.0,8215.0,39191.0,20286.0,screener
SJVN,Mar 2025,2025-03-31,annual,3930.0,10249.0,27025.0,4859.0,46063.0,11610.0,26414.0,61.0,7978.0,46063.0,26964.0,screener
SJVN,Mar 2026,2026-03-31,annual,3930.0,10309.0,32278.0,5248.0,51766.0,23471.0,19143.0,52.0,9100.0,51766.0,32226.0,screener
SKFINDIA,Mar 2022,2022-03-31,annual,49.0,1836.0,16.0,713.0,2615.0,402.0,52.0,2.0,2158.0,2615.0,14.0,screener
SKFINDIA,Mar 2023,2023-03-31,annual,49.0,2292.0,14.0,822.0,3178.0,424.0,63.0,2.0,2688.0,3178.0,12.0,screener
SKFINDIA,Mar 2024,2024-03-31,annual,49.0,2633.0,12.0,957.0,3651.0,472.0,89.0,9.0,3081.0,3651.0,3.0,screener
SKFINDIA,Mar 2025,2025-03-31,annual,49.0,2549.0,7.0,959.0,3564.0,551.0,56.0,9.0,2948.0,3564.0,-2.0,screener
SKFINDIA,Mar 2026,2026-03-31,annual,49.0,1280.0,3.0,747.0,2079.0,440.0,28.0,9.0,1602.0,2079.0,-6.0,screener
SKIPPER,Mar 2022,2022-03-31,annual,10.0,722.0,575.0,777.0,2084.0,657.0,14.0,7.0,1406.0,2084.0,568.0,screener
SKIPPER,Mar 2023,2023-03-31,annual,10.0,757.0,494.0,961.0,2223.0,697.0,7.0,10.0,1508.0,2223.0,484.0,screener
SKIPPER,Mar 2024,2024-03-31,annual,11.0,887.0,592.0,1655.0,3145.0,749.0,16.0,17.0,2362.0,3145.0,575.0,screener
SKIPPER,Mar 2025,2025-03-31,annual,11.0,1182.0,740.0,1465.0,3397.0,901.0,134.0,20.0,2342.0,3397.0,720.0,screener
SKIPPER,Mar 2026,2026-03-31,annual,11.0,1480.0,948.0,2094.0,4533.0,1167.0,273.0,26.0,3067.0,4533.0,922.0,screener
SKMEGGPROD,Mar 2022,2022-03-31,annual,26.0,94.0,79.0,33.0,233.0,70.0,1.0,16.0,145.0,233.0,63.0,screener
SKMEGGPROD,Mar 2023,2023-03-31,annual,26.0,168.0,88.0,56.0,339.0,75.0,24.0,4.0,236.0,339.0,84.0,screener
SKMEGGPROD,Mar 2024,2024-03-31,annual,26.0,251.0,146.0,46.0,469.0,114.0,34.0,8.0,313.0,469.0,138.0,screener
SKMEGGPROD,Mar 2025,2025-03-31,annual,26.0,277.0,149.0,41.0,494.0,188.0,0.0,8.0,298.0,494.0,141.0,screener
SKMEGGPROD,Mar 2026,2026-03-31,annual,26.0,369.0,142.0,58.0,595.0,178.0,6.0,78.0,333.0,595.0,64.0,screener
SKYGOLD,Mar 2022,2022-03-31,annual,5.0,71.0,92.0,6.0,175.0,8.0,0.0,45.0,122.0,175.0,47.0,screener
SKYGOLD,Mar 2023,2023-03-31,annual,11.0,87.0,146.0,8.0,252.0,9.0,0.0,68.0,175.0,252.0,78.0,screener
SKYGOLD,Mar 2024,2024-03-31,annual,13.0,231.0,330.0,11.0,586.0,35.0,1.0,91.0,459.0,586.0,239.0,screener
SKYGOLD,Mar 2025,2025-03-31,annual,147.0,537.0,630.0,43.0,1357.0,106.0,1.0,77.0,1174.0,1357.0,553.0,screener
SKYGOLD,Mar 2026,2026-03-31,annual,155.0,1044.0,869.0,127.0,2195.0,376.0,0.0,44.0,1775.0,2195.0,825.0,screener
SMARTEN,Mar 2022,2022-03-31,annual,0.24,8.0,2.0,51.0,62.0,5.0,0.0,0.0,57.0,62.0,2.0,screener
SMARTEN,Mar 2023,2023-03-31,annual,1.0,13.0,4.0,57.0,76.0,5.0,0.0,0.0,71.0,76.0,4.0,screener
SMARTEN,Mar 2024,2024-03-31,annual,1.0,25.0,7.0,47.0,79.0,5.0,1.0,0.0,74.0,79.0,7.0,screener
SMARTEN,Mar 2025,2025-03-31,annual,15.0,24.0,17.0,42.0,97.0,5.0,5.0,0.0,88.0,97.0,17.0,screener
SMARTEN,Mar 2026,2026-03-31,annual,19.0,65.0,5.0,50.0,139.0,20.0,7.0,0.0,112.0,139.0,5.0,screener
SMARTWORKS,Mar 2022,2022-03-31,annual,77.0,37.0,2467.0,279.0,2860.0,2328.0,89.0,0.0,442.0,2860.0,2467.0,screener
SMARTWORKS,Mar 2023,2023-03-31,annual,78.0,-46.0,3913.0,529.0,4474.0,3724.0,52.0,0.0,697.0,4474.0,3913.0,screener
SMARTWORKS,Mar 2024,2024-03-31,annual,79.0,-29.0,3436.0,661.0,4147.0,3412.0,72.0,11.0,652.0,4147.0,3425.0,screener
SMARTWORKS,Mar 2025,2025-03-31,annual,103.0,5.0,3737.0,806.0,4651.0,3780.0,139.0,11.0,721.0,4651.0,3726.0,screener
SMARTWORKS,Mar 2026,2026-03-31,annual,114.0,416.0,4778.0,1155.0,6464.0,5238.0,56.0,2.0,1168.0,6464.0,4776.0,screener
SMSPHARMA,Mar 2022,2022-03-31,annual,8.0,462.0,263.0,126.0,860.0,438.0,11.0,22.0,389.0,860.0,241.0,screener
SMSPHARMA,Mar 2023,2023-03-31,annual,8.0,452.0,254.0,165.0,880.0,412.0,33.0,11.0,424.0,880.0,243.0,screener
SMSPHARMA,Mar 2024,2024-03-31,annual,8.0,528.0,281.0,217.0,1034.0,437.0,30.0,11.0,556.0,1034.0,270.0,screener
SMSPHARMA,Mar 2025,2025-03-31,annual,9.0,631.0,311.0,202.0,1153.0,533.0,35.0,12.0,573.0,1153.0,299.0,screener
SMSPHARMA,Mar 2026,2026-03-31,annual,9.0,776.0,365.0,212.0,1362.0,534.0,122.0,26.0,681.0,1362.0,339.0,screener
SMVD,Mar 2022,2022-03-31,annual,5.0,18.0,32.0,19.0,74.0,25.0,1.0,0.0,48.0,74.0,32.0,screener
SMVD,Mar 2023,2023-03-31,annual,10.0,13.0,33.0,23.0,79.0,25.0,0.0,0.0,53.0,79.0,33.0,screener
SMVD,Mar 2024,2024-03-31,annual,10.0,-40.0,28.0,12.0,10.0,3.0,0.0,0.0,6.0,10.0,28.0,screener
SMVD,Mar 2025,2025-03-31,annual,10.0,-30.0,18.0,7.0,5.0,3.0,0.0,0.0,2.0,5.0,18.0,screener
SMVD,Sep 2025,2025-09-30,annual,10.0,2.0,0.0,0.0,13.0,3.0,0.0,0.0,10.0,13.0,0.0,screener
SOBHA,Mar 2022,2022-03-31,annual,95.0,2328.0,2529.0,6578.0,11530.0,852.0,0.0,115.0,10564.0,11530.0,2414.0,screener
SOBHA,Mar 2023,2023-03-31,annual,95.0,2400.0,2027.0,8054.0,12576.0,899.0,2.0,115.0,11560.0,12576.0,1912.0,screener
SOBHA,Mar 2024,2024-03-31,annual,95.0,2419.0,1940.0,9228.0,13682.0,946.0,5.0,115.0,12615.0,13682.0,1825.0,screener
SOBHA,Mar 2025,2025-03-31,annual,107.0,4454.0,1183.0,11461.0,17205.0,981.0,24.0,115.0,16085.0,17205.0,1068.0,screener
SOBHA,Mar 2026,2026-03-31,annual,107.0,4613.0,1057.0,13721.0,19499.0,1076.0,27.0,120.0,18275.0,19499.0,937.0,screener
SOCL,Mar 2024,2024-03-31,annual,0.98,3.0,14.0,7.0,24.0,4.0,0.0,1.0,20.0,24.0,13.0,screener
SOCL,Mar 2025,2025-03-31,annual,10.0,6.0,17.0,6.0,38.0,4.0,0.0,4.0,30.0,38.0,13.0,screener
SOCL,Mar 2026,2026-03-31,annual,13.0,33.0,18.0,6.0,70.0,4.0,1.0,4.0,61.0,70.0,14.0,screener
SOFTTECH,Mar 2022,2022-03-31,annual,10.0,75.0,35.0,13.0,134.0,32.0,4.0,6.0,92.0,134.0,29.0,screener
SOFTTECH,Mar 2023,2023-03-31,annual,10.0,94.0,48.0,11.0,163.0,43.0,5.0,12.0,103.0,163.0,36.0,screener
SOFTTECH,Mar 2024,2024-03-31,annual,13.0,113.0,38.0,30.0,195.0,50.0,17.0,15.0,113.0,195.0,23.0,screener
SOFTTECH,Mar 2025,2025-03-31,annual,14.0,155.0,42.0,37.0,248.0,68.0,16.0,10.0,154.0,248.0,32.0,screener
SOFTTECH,Mar 2026,2026-03-31,annual,14.0,158.0,39.0,43.0,254.0,100.0,0.0,5.0,148.0,254.0,34.0,screener
SOLARA,Mar 2022,2022-03-31,annual,36.0,1489.0,1037.0,383.0,2945.0,1356.0,239.0,0.0,1350.0,2945.0,1037.0,screener
SOLARA,Mar 2023,2023-03-31,annual,36.0,1464.0,1013.0,386.0,2899.0,1364.0,238.0,2.0,1295.0,2899.0,1011.0,screener
SOLARA,Mar 2024,2024-03-31,annual,36.0,898.0,1012.0,406.0,2351.0,1268.0,256.0,2.0,825.0,2351.0,1010.0,screener
SOLARA,Mar 2025,2025-03-31,annual,40.0,1054.0,796.0,342.0,2232.0,1193.0,280.0,2.0,757.0,2232.0,794.0,screener
SOLARA,Mar 2026,2026-03-31,annual,45.0,1208.0,687.0,393.0,2333.0,1238.0,205.0,5.0,886.0,2333.0,682.0,screener
SOLARINDS,Mar 2022,2022-03-31,annual,18.0,1896.0,888.0,827.0,3629.0,1493.0,230.0,18.0,1888.0,3629.0,870.0,screener
SOLARINDS,Mar 2023,2023-03-31,annual,18.0,2592.0,1195.0,1104.0,4909.0,1702.0,282.0,99.0,2826.0,4909.0,1096.0,screener
SOLARINDS,Mar 2024,2024-03-31,annual,18.0,3288.0,1138.0,1134.0,5577.0,2028.0,490.0,370.0,2690.0,5577.0,768.0,screener
SOLARINDS,Mar 2025,2025-03-31,annual,18.0,4368.0,975.0,2744.0,8106.0,2692.0,707.0,676.0,4030.0,8106.0,299.0,screener
SOLARINDS,Mar 2026,2026-03-31,annual,18.0,6259.0,1524.0,3117.0,10918.0,4045.0,692.0,183.0,5999.0,10918.0,1341.0,screener
SOLARWORLD,Mar 2022,2022-03-31,annual,0.32,7.0,52.0,8.0,67.0,0.0,0.0,6.0,61.0,67.0,46.0,screener
SOLARWORLD,Mar 2023,2023-03-31,annual,0.32,22.0,65.0,34.0,120.0,1.0,0.0,7.0,112.0,120.0,58.0,screener
SOLARWORLD,Mar 2024,2024-03-31,annual,0.32,73.0,61.0,20.0,155.0,2.0,0.0,9.0,145.0,155.0,52.0,screener
SOLARWORLD,Mar 2025,2025-03-31,annual,37.0,272.0,115.0,174.0,598.0,37.0,88.0,7.0,465.0,598.0,108.0,screener
SOLARWORLD,Mar 2026,2026-03-31,annual,43.0,804.0,255.0,585.0,1688.0,151.0,43.0,0.0,1494.0,1688.0,255.0,screener
SOLEX,Mar 2024,2024-03-31,annual,8.0,38.0,96.0,70.0,212.0,54.0,0.0,14.0,143.0,212.0,82.0,screener
SOLEX,Mar 2025,2025-03-31,annual,11.0,150.0,148.0,172.0,480.0,110.0,2.0,2.0,366.0,480.0,146.0,screener
SOLEX,Mar 2026,2026-03-31,annual,11.0,242.0,339.0,590.0,1181.0,338.0,11.0,0.0,833.0,1181.0,339.0,screener
SOMANYCERA,Mar 2022,2022-03-31,annual,8.0,718.0,512.0,550.0,1788.0,752.0,227.0,60.0,749.0,1788.0,452.0,screener
SOMANYCERA,Mar 2023,2023-03-31,annual,8.0,778.0,534.0,682.0,2003.0,1015.0,47.0,32.0,908.0,2003.0,502.0,screener
SOMANYCERA,Mar 2024,2024-03-31,annual,8.0,712.0,378.0,878.0,1976.0,1121.0,10.0,15.0,831.0,1976.0,363.0,screener
SOMANYCERA,Mar 2025,2025-03-31,annual,8.0,763.0,360.0,825.0,1957.0,1063.0,16.0,16.0,861.0,1957.0,344.0,screener
SOMANYCERA,Mar 2026,2026-03-31,annual,8.0,834.0,374.0,784.0,2001.0,1091.0,19.0,16.0,874.0,2001.0,358.0,screener
SONACOMS,Mar 2022,2022-03-31,annual,584.0,1416.0,151.0,444.0,2596.0,1384.0,147.0,7.0,1058.0,2596.0,144.0,screener_yfinance_fallback_normalized
SONACOMS,Mar 2023,2023-03-31,annual,585.0,1705.0,295.0,474.0,3060.0,1588.0,91.0,233.0,1149.0,3060.0,62.0,screener_yfinance_fallback_normalized
SONACOMS,Mar 2024,2024-03-31,annual,586.0,2064.0,412.0,802.0,3865.0,1951.0,364.0,42.0,1509.0,3865.0,370.0,screener_yfinance_fallback_normalized
SONACOMS,Mar 2025,2025-03-31,annual,622.0,4873.0,202.0,840.0,6537.0,2127.0,419.0,864.0,3126.0,6537.0,-662.0,screener_yfinance_fallback_normalized
SONACOMS,Mar 2026,2026-03-31,annual,622.0,5361.0,442.0,1039.0,7464.0,3646.0,427.0,550.0,2841.0,7464.0,-108.0,screener_yfinance_fallback_normalized
SONATSOFTW,Mar 2022,2022-03-31,annual,10.0,1089.0,159.0,1301.0,2559.0,427.0,0.0,159.0,1974.0,2559.0,0.0,screener
SONATSOFTW,Mar 2023,2023-03-31,annual,14.0,1287.0,590.0,2466.0,4357.0,1732.0,1.0,220.0,2404.0,4357.0,370.0,screener
SONATSOFTW,Mar 2024,2024-03-31,annual,28.0,1379.0,765.0,2889.0,5061.0,1671.0,0.0,245.0,3145.0,5061.0,520.0,screener
SONATSOFTW,Mar 2025,2025-03-31,annual,28.0,1678.0,516.0,2448.0,4670.0,1603.0,26.0,249.0,2792.0,4670.0,267.0,screener
SONATSOFTW,Mar 2026,2026-03-31,annual,28.0,1877.0,723.0,2464.0,5091.0,1898.0,0.0,186.0,3007.0,5091.0,537.0,screener
SONUINFRA,Mar 2025,2025-03-31,annual,10.0,49.0,66.0,56.0,181.0,25.0,0.0,2.0,155.0,181.0,64.0,screener
SONUINFRA,Mar 2026,2026-03-31,annual,12.0,69.0,46.0,40.0,167.0,24.0,0.0,2.0,140.0,167.0,44.0,screener
SOTL,Mar 2022,2022-03-31,annual,14.0,1244.0,0.0,731.0,1989.0,184.0,5.0,468.0,1332.0,1989.0,-468.0,screener
SOTL,Mar 2023,2023-03-31,annual,14.0,1435.0,0.0,815.0,2264.0,180.0,20.0,326.0,1738.0,2264.0,-326.0,screener
SOTL,Mar 2024,2024-03-31,annual,14.0,1608.0,0.0,855.0,2477.0,249.0,20.0,279.0,1929.0,2477.0,-279.0,screener
SOTL,Mar 2025,2025-03-31,annual,14.0,1648.0,0.0,698.0,2359.0,264.0,19.0,336.0,1740.0,2359.0,-336.0,screener
SOTL,Mar 2026,2026-03-31,annual,14.0,1801.0,2.0,896.0,2712.0,265.0,24.0,373.0,2049.0,2712.0,-371.0,screener
SOUTHWEST,Mar 2022,2022-03-31,annual,28.0,77.0,51.0,35.0,191.0,56.0,4.0,2.0,128.0,191.0,49.0,screener
SOUTHWEST,Mar 2023,2023-03-31,annual,28.0,86.0,65.0,19.0,198.0,59.0,8.0,3.0,128.0,198.0,62.0,screener
SOUTHWEST,Mar 2024,2024-03-31,annual,28.0,94.0,93.0,21.0,235.0,77.0,11.0,4.0,143.0,235.0,89.0,screener
SOUTHWEST,Mar 2025,2025-03-31,annual,30.0,141.0,65.0,41.0,276.0,67.0,15.0,5.0,189.0,276.0,60.0,screener
SOUTHWEST,Mar 2026,2026-03-31,annual,30.0,174.0,80.0,48.0,332.0,115.0,0.0,9.0,208.0,332.0,71.0,screener
SPAL,Mar 2022,2022-03-31,annual,26.0,612.0,231.0,193.0,1062.0,450.0,8.0,3.0,602.0,1062.0,228.0,screener
SPAL,Mar 2023,2023-03-31,annual,25.0,649.0,245.0,179.0,1097.0,459.0,10.0,113.0,515.0,1097.0,132.0,screener
SPAL,Mar 2024,2024-03-31,annual,25.0,739.0,203.0,175.0,1142.0,454.0,19.0,51.0,618.0,1142.0,152.0,screener
SPAL,Mar 2025,2025-03-31,annual,25.0,831.0,381.0,219.0,1456.0,595.0,31.0,10.0,821.0,1456.0,371.0,screener
SPAL,Mar 2026,2026-03-31,annual,25.0,921.0,419.0,226.0,1591.0,686.0,4.0,58.0,843.0,1591.0,361.0,screener
SPANDANA,Mar 2022,2022-03-31,annual,69.0,3018.0,,217.0,7076.0,31.0,0.0,2.0,7043.0,7076.0,,screener
SPANDANA,Mar 2023,2023-03-31,annual,71.0,3028.0,,209.0,9383.0,47.0,0.0,189.0,9146.0,9383.0,,screener
SPANDANA,Mar 2024,2024-03-31,annual,71.0,3573.0,,313.0,13383.0,52.0,0.0,112.0,13218.0,13383.0,,screener
SPANDANA,Mar 2025,2025-03-31,annual,71.0,2562.0,,205.0,8494.0,52.0,0.0,110.0,8332.0,8494.0,,screener
SPANDANA,Mar 2026,2026-03-31,annual,80.0,2049.0,,174.0,6246.0,39.0,0.0,114.0,6094.0,6246.0,,screener
SPARC,Mar 2023,2023-03-31,annual,32.0,480.0,16.0,302.0,830.0,106.0,27.0,291.0,406.0,830.0,-275.0,screener
SPARC,Mar 2024,2024-03-31,annual,32.0,93.0,61.0,328.0,515.0,108.0,44.0,2.0,362.0,515.0,59.0,screener
SPARC,Mar 2025,2025-03-31,annual,32.0,-249.0,269.0,284.0,336.0,99.0,54.0,0.0,183.0,336.0,269.0,screener
SPARC,Mar 2026,2026-03-31,annual,32.0,1306.0,559.0,273.0,2171.0,157.0,0.0,0.0,2014.0,2171.0,559.0,screener
SPECIALITY,Mar 2022,2022-03-31,annual,47.0,98.0,139.0,53.0,337.0,136.0,28.0,103.0,69.0,337.0,36.0,screener
SPECIALITY,Mar 2023,2023-03-31,annual,47.0,230.0,142.0,55.0,473.0,156.0,28.0,170.0,120.0,473.0,-28.0,screener
SPECIALITY,Mar 2024,2024-03-31,annual,48.0,259.0,139.0,60.0,506.0,173.0,36.0,170.0,128.0,506.0,-31.0,screener
SPECIALITY,Mar 2025,2025-03-31,annual,48.0,279.0,154.0,58.0,539.0,216.0,32.0,161.0,130.0,539.0,-7.0,screener
SPECIALITY,Mar 2026,2026-03-31,annual,48.0,298.0,140.0,71.0,558.0,230.0,30.0,163.0,135.0,558.0,-23.0,screener
SPECTRUM,Mar 2022,2022-03-31,annual,15.0,68.0,79.0,56.0,218.0,80.0,9.0,12.0,116.0,218.0,67.0,screener
SPECTRUM,Mar 2023,2023-03-31,annual,15.0,77.0,99.0,64.0,255.0,79.0,15.0,13.0,149.0,255.0,86.0,screener
SPECTRUM,Mar 2024,2024-03-31,annual,16.0,154.0,89.0,59.0,317.0,82.0,23.0,34.0,179.0,317.0,55.0,screener
SPECTRUM,Mar 2025,2025-03-31,annual,16.0,175.0,185.0,69.0,445.0,139.0,38.0,1.0,268.0,445.0,184.0,screener
SPECTRUM,Mar 2026,2026-03-31,annual,16.0,229.0,249.0,174.0,668.0,146.0,172.0,1.0,349.0,668.0,248.0,screener
SPLPETRO,Jun 2007,2007-06-30,annual,98.0,78.0,143.0,211.0,529.0,247.0,19.0,0.0,263.0,529.0,143.0,screener
SPLPETRO,Jun 2008,2008-06-30,annual,98.0,91.0,140.0,280.0,608.0,230.0,37.0,0.0,340.0,608.0,140.0,screener
SPLPETRO,Jun 2009,2009-06-30,annual,97.0,100.0,138.0,299.0,633.0,251.0,33.0,0.0,349.0,633.0,138.0,screener
SPLPETRO,Jun 2010,2010-06-30,annual,97.0,140.0,155.0,394.0,785.0,256.0,29.0,0.0,500.0,785.0,155.0,screener
SPLPETRO,Mar 2026,2026-03-31,annual,38.0,2339.0,133.0,980.0,3490.0,1505.0,74.0,292.0,1619.0,3490.0,-159.0,screener
SPMLINFRA,Mar 2022,2022-03-31,annual,9.0,277.0,1846.0,667.0,2799.0,133.0,56.0,65.0,2545.0,2799.0,1781.0,screener
SPMLINFRA,Mar 2023,2023-03-31,annual,10.0,315.0,1771.0,696.0,2793.0,129.0,56.0,59.0,2549.0,2793.0,1712.0,screener
SPMLINFRA,Mar 2024,2024-03-31,annual,11.0,450.0,549.0,883.0,1892.0,42.0,0.0,38.0,1812.0,1892.0,511.0,screener
SPMLINFRA,Mar 2025,2025-03-31,annual,15.0,755.0,369.0,828.0,1967.0,6.0,0.0,39.0,1922.0,1967.0,330.0,screener
SPMLINFRA,Mar 2026,2026-03-31,annual,17.0,932.0,358.0,990.0,2296.0,43.0,64.0,36.0,2154.0,2296.0,322.0,screener
SRF,Mar 2022,2022-03-31,annual,297.0,8268.0,3655.0,3544.0,15765.0,8425.0,1672.0,321.0,5347.0,15765.0,3334.0,screener
SRF,Mar 2023,2023-03-31,annual,297.0,10030.0,4478.0,3931.0,18736.0,10050.0,2406.0,494.0,5786.0,18736.0,3984.0,screener
SRF,Mar 2024,2024-03-31,annual,297.0,11182.0,5031.0,3945.0,20454.0,13242.0,805.0,527.0,5881.0,20454.0,4504.0,screener
SRF,Mar 2025,2025-03-31,annual,297.0,12329.0,4726.0,4169.0,21521.0,13720.0,811.0,827.0,6163.0,21521.0,3899.0,screener
SRF,Mar 2026,2026-03-31,annual,297.0,13745.0,5083.0,4971.0,24097.0,13926.0,1889.0,687.0,7594.0,24097.0,4396.0,screener
SRM,Mar 2022,2022-03-31,annual,2.0,43.0,32.0,44.0,120.0,31.0,0.0,2.0,87.0,120.0,30.0,screener
SRM,Mar 2023,2023-03-31,annual,17.0,47.0,47.0,26.0,136.0,41.0,0.0,7.0,88.0,136.0,40.0,screener
SRM,Mar 2024,2024-03-31,annual,17.0,113.0,48.0,58.0,235.0,46.0,0.0,8.0,181.0,235.0,40.0,screener
SRM,Mar 2025,2025-03-31,annual,23.0,253.0,41.0,91.0,408.0,80.0,0.0,19.0,309.0,408.0,22.0,screener
SRM,Mar 2026,2026-03-31,annual,23.0,348.0,135.0,489.0,995.0,252.0,0.0,20.0,722.0,995.0,115.0,screener
SSWL,Mar 2022,2022-03-31,annual,16.0,936.0,778.0,972.0,2702.0,1360.0,97.0,0.0,1245.0,2702.0,778.0,screener
SSWL,Mar 2023,2023-03-31,annual,16.0,1119.0,639.0,1008.0,2781.0,1349.0,163.0,4.0,1265.0,2781.0,635.0,screener
SSWL,Mar 2024,2024-03-31,annual,16.0,1427.0,1048.0,802.0,3293.0,1628.0,363.0,4.0,1298.0,3293.0,1044.0,screener
SSWL,Mar 2025,2025-03-31,annual,16.0,1610.0,828.0,946.0,3399.0,1782.0,288.0,10.0,1318.0,3399.0,818.0,screener
SSWL,Mar 2026,2026-03-31,annual,16.0,1789.0,828.0,1198.0,3831.0,1971.0,154.0,10.0,1695.0,3831.0,818.0,screener
STANLEY,Mar 2022,2022-03-31,annual,7.0,192.0,130.0,93.0,422.0,165.0,1.0,0.0,256.0,422.0,130.0,screener
STANLEY,Mar 2023,2023-03-31,annual,7.0,209.0,151.0,90.0,458.0,202.0,2.0,0.0,254.0,458.0,151.0,screener
STANLEY,Mar 2024,2024-03-31,annual,10.0,237.0,204.0,113.0,564.0,247.0,40.0,0.0,278.0,564.0,204.0,screener
STANLEY,Mar 2025,2025-03-31,annual,11.0,453.0,189.0,92.0,745.0,258.0,38.0,0.0,449.0,745.0,189.0,screener
STANLEY,Mar 2026,2026-03-31,annual,11.0,455.0,309.0,116.0,891.0,435.0,24.0,20.0,411.0,891.0,289.0,screener
STAR,Mar 2022,2022-03-31,annual,90.0,2269.0,3025.0,1556.0,6940.0,2347.0,291.0,540.0,3762.0,6940.0,2485.0,screener
STAR,Mar 2023,2023-03-31,annual,90.0,2122.0,3030.0,1352.0,6594.0,2311.0,151.0,490.0,3642.0,6594.0,2540.0,screener
STAR,Mar 2024,2024-03-31,annual,92.0,2034.0,2517.0,1157.0,5799.0,1865.0,162.0,303.0,3470.0,5799.0,2214.0,screener
STAR,Mar 2025,2025-03-31,annual,92.0,2460.0,1880.0,1498.0,5929.0,1899.0,207.0,409.0,3414.0,5929.0,1471.0,screener
STAR,Mar 2026,2026-03-31,annual,92.0,3015.0,1758.0,2062.0,6927.0,2387.0,161.0,291.0,4088.0,6927.0,1467.0,screener
STARCEMENT,Mar 2022,2022-03-31,annual,40.0,2128.0,16.0,561.0,2745.0,923.0,109.0,167.0,1545.0,2745.0,-151.0,screener
STARCEMENT,Mar 2023,2023-03-31,annual,40.0,2376.0,35.0,680.0,3131.0,891.0,551.0,173.0,1517.0,3131.0,-138.0,screener
STARCEMENT,Mar 2024,2024-03-31,annual,40.0,2670.0,147.0,745.0,3602.0,1416.0,1022.0,2.0,1163.0,3602.0,145.0,screener
STARCEMENT,Mar 2025,2025-03-31,annual,40.0,2839.0,403.0,825.0,4107.0,2421.0,220.0,2.0,1464.0,4107.0,401.0,screener
STARCEMENT,Mar 2026,2026-03-31,annual,40.0,3151.0,603.0,852.0,4647.0,2612.0,95.0,258.0,1682.0,4647.0,345.0,screener
STARPAPER,Sep 2007,2007-09-30,annual,16.0,87.0,55.0,78.0,236.0,153.0,2.0,21.0,61.0,236.0,34.0,screener
STARPAPER,Mar 2009,2009-03-31,annual,16.0,100.0,35.0,86.0,236.0,140.0,2.0,21.0,73.0,236.0,14.0,screener
STCINDIA,Mar 2022,2022-03-31,annual,60.0,-4815.0,1987.0,5075.0,2307.0,0.0,0.0,0.0,2307.0,2307.0,1987.0,screener
STCINDIA,Mar 2023,2023-03-31,annual,60.0,-4762.0,1987.0,5063.0,2347.0,0.0,0.0,0.0,2347.0,2347.0,1987.0,screener
STCINDIA,Mar 2024,2024-03-31,annual,60.0,-4693.0,1981.0,5045.0,2393.0,0.0,0.0,0.0,2393.0,2393.0,1981.0,screener
STCINDIA,Mar 2025,2025-03-31,annual,60.0,-4663.0,1981.0,4983.0,2361.0,0.0,0.0,0.0,2361.0,2361.0,1981.0,screener
STCINDIA,Sep 2025,2025-09-30,annual,60.0,-4041.0,1177.0,4985.0,2181.0,0.0,0.0,0.0,2181.0,2181.0,1177.0,screener
STEELCITY,Mar 2022,2022-03-31,annual,15.0,90.0,0.0,77.0,182.0,9.0,7.0,6.0,159.0,182.0,-6.0,screener
STEELCITY,Mar 2023,2023-03-31,annual,15.0,96.0,1.0,71.0,183.0,26.0,4.0,6.0,147.0,183.0,-5.0,screener
STEELCITY,Mar 2024,2024-03-31,annual,15.0,103.0,5.0,86.0,209.0,25.0,4.0,7.0,174.0,209.0,-2.0,screener
STEELCITY,Mar 2025,2025-03-31,annual,15.0,114.0,4.0,80.0,214.0,24.0,6.0,7.0,176.0,214.0,-3.0,screener
STEELCITY,Mar 2026,2026-03-31,annual,15.0,123.0,10.0,90.0,237.0,24.0,9.0,6.0,199.0,237.0,4.0,screener
STEELXIND,Mar 2006,2006-03-31,annual,14.0,8.0,51.0,47.0,120.0,26.0,3.0,0.0,91.0,120.0,51.0,screener
STERTOOLS,Mar 2022,2022-03-31,annual,7.0,349.0,126.0,83.0,565.0,280.0,1.0,23.0,260.0,565.0,103.0,screener
STERTOOLS,Mar 2023,2023-03-31,annual,7.0,393.0,133.0,122.0,656.0,275.0,11.0,20.0,349.0,656.0,113.0,screener
STERTOOLS,Mar 2024,2024-03-31,annual,7.0,440.0,118.0,145.0,710.0,278.0,7.0,12.0,414.0,710.0,106.0,screener
STERTOOLS,Mar 2025,2025-03-31,annual,7.0,492.0,155.0,132.0,786.0,319.0,13.0,15.0,439.0,786.0,140.0,screener
STERTOOLS,Mar 2026,2026-03-31,annual,7.0,519.0,147.0,148.0,821.0,326.0,22.0,0.0,473.0,821.0,147.0,screener
STOVEKRAFT,Mar 2017,2017-03-31,annual,19.0,-185.0,372.0,148.0,353.0,191.0,0.0,0.0,162.0,353.0,372.0,screener
STOVEKRAFT,Mar 2018,2018-03-31,annual,19.0,-198.0,396.0,178.0,395.0,184.0,1.0,0.0,210.0,395.0,396.0,screener
STOVEKRAFT,Mar 2019,2019-03-31,annual,25.0,-89.0,321.0,169.0,426.0,179.0,2.0,0.0,245.0,426.0,321.0,screener
STOVEKRAFT,Mar 2020,2020-03-31,annual,25.0,-85.0,338.0,193.0,471.0,193.0,8.0,0.0,271.0,471.0,338.0,screener
STOVEKRAFT,Mar 2021,2021-03-31,annual,33.0,269.0,52.0,216.0,570.0,220.0,19.0,0.0,331.0,570.0,52.0,screener
STUDDS,Mar 2022,2022-03-31,annual,10.0,301.0,46.0,98.0,455.0,310.0,13.0,0.0,133.0,455.0,46.0,screener
STUDDS,Mar 2023,2023-03-31,annual,10.0,328.0,32.0,91.0,461.0,311.0,12.0,0.0,138.0,461.0,32.0,screener
STUDDS,Mar 2024,2024-03-31,annual,10.0,378.0,9.0,89.0,486.0,331.0,12.0,0.0,142.0,486.0,9.0,screener
STUDDS,Mar 2025,2025-03-31,annual,20.0,430.0,9.0,98.0,557.0,338.0,29.0,0.0,189.0,557.0,9.0,screener
STUDDS,Mar 2026,2026-03-31,annual,20.0,503.0,8.0,106.0,638.0,343.0,53.0,0.0,242.0,638.0,8.0,screener
STYL,Mar 2024,2024-03-31,annual,148.0,286.0,350.0,174.0,958.0,371.0,3.0,0.0,584.0,958.0,350.0,screener
STYL,Mar 2025,2025-03-31,annual,148.0,491.0,379.0,144.0,1160.0,447.0,10.0,0.0,704.0,1160.0,379.0,screener
STYL,Mar 2026,2026-03-31,annual,162.0,1264.0,84.0,157.0,1667.0,530.0,50.0,14.0,1074.0,1667.0,70.0,screener
STYLAMIND,Mar 2022,2022-03-31,annual,8.0,308.0,79.0,93.0,489.0,179.0,0.0,1.0,309.0,489.0,78.0,screener
STYLAMIND,Mar 2023,2023-03-31,annual,8.0,404.0,47.0,79.0,538.0,172.0,13.0,1.0,352.0,538.0,46.0,screener
STYLAMIND,Mar 2024,2024-03-31,annual,8.0,528.0,0.0,69.0,606.0,175.0,2.0,0.0,429.0,606.0,0.0,screener
STYLAMIND,Mar 2025,2025-03-31,annual,8.0,649.0,36.0,85.0,778.0,177.0,83.0,0.0,518.0,778.0,36.0,screener
STYLAMIND,Mar 2026,2026-03-31,annual,8.0,798.0,29.0,143.0,979.0,201.0,221.0,0.0,557.0,979.0,29.0,screener
STYLEBAAZA,Mar 2023,2023-03-31,annual,35.0,159.0,490.0,183.0,867.0,468.0,2.0,0.0,397.0,867.0,490.0,screener
STYLEBAAZA,Mar 2024,2024-03-31,annual,35.0,180.0,657.0,293.0,1166.0,620.0,7.0,0.0,539.0,1166.0,657.0,screener
STYLEBAAZA,Mar 2025,2025-03-31,annual,37.0,366.0,996.0,354.0,1754.0,1020.0,14.0,0.0,720.0,1754.0,996.0,screener
STYLEBAAZA,Mar 2026,2026-03-31,annual,37.0,413.0,995.0,437.0,1883.0,963.0,12.0,0.0,907.0,1883.0,995.0,screener
STYRENIX,Mar 2015,2015-03-31,annual,18.0,469.0,170.0,371.0,1028.0,288.0,0.0,0.0,740.0,1028.0,170.0,screener
STYRENIX,Mar 2024,2024-03-31,annual,18.0,705.0,27.0,288.0,1038.0,295.0,28.0,58.0,657.0,1038.0,-31.0,screener
STYRENIX,Mar 2025,2025-03-31,annual,18.0,1150.0,397.0,727.0,2291.0,863.0,29.0,20.0,1379.0,2291.0,377.0,screener
STYRENIX,Mar 2026,2026-03-31,annual,18.0,1349.0,326.0,790.0,2483.0,962.0,105.0,97.0,1318.0,2483.0,229.0,screener
SUBROS,Mar 2022,2022-03-31,annual,13.0,811.0,33.0,648.0,1505.0,726.0,61.0,5.0,712.0,1505.0,28.0,screener
SUBROS,Mar 2023,2023-03-31,annual,13.0,854.0,19.0,657.0,1543.0,723.0,86.0,25.0,709.0,1543.0,-6.0,screener
SUBROS,Mar 2024,2024-03-31,annual,13.0,943.0,35.0,661.0,1651.0,745.0,80.0,5.0,821.0,1651.0,30.0,screener
SUBROS,Mar 2025,2025-03-31,annual,13.0,1081.0,41.0,724.0,1859.0,719.0,79.0,116.0,945.0,1859.0,-75.0,screener
SUBROS,Mar 2026,2026-03-31,annual,13.0,1231.0,30.0,860.0,2134.0,756.0,53.0,143.0,1182.0,2134.0,-113.0,screener
SUDARCOLOR,Dec 2007,2007-12-31,annual,27.0,283.0,4.0,227.0,541.0,163.0,18.0,26.0,334.0,541.0,-22.0,screener
SUDARCOLOR,Dec 2008,2008-12-31,annual,27.0,291.0,3.0,212.0,533.0,163.0,11.0,55.0,305.0,533.0,-52.0,screener
SUDARCOLOR,Dec 2009,2009-12-31,annual,27.0,321.0,2.0,232.0,581.0,155.0,6.0,121.0,299.0,581.0,-119.0,screener
SUDARCOLOR,Dec 2010,2010-12-31,annual,27.0,340.0,1.0,301.0,669.0,147.0,20.0,189.0,313.0,669.0,-188.0,screener
SUDARCOLOR,Dec 2011,2011-12-31,annual,27.0,459.0,0.0,313.0,799.0,170.0,15.0,267.0,347.0,799.0,-267.0,screener
SUDARSCHEM,Mar 2022,2022-03-31,annual,14.0,819.0,823.0,705.0,2361.0,832.0,285.0,2.0,1243.0,2361.0,821.0,screener
SUDARSCHEM,Mar 2023,2023-03-31,annual,14.0,814.0,829.0,725.0,2383.0,1126.0,44.0,2.0,1210.0,2383.0,827.0,screener
SUDARSCHEM,Mar 2024,2024-03-31,annual,14.0,1135.0,467.0,730.0,2346.0,1102.0,15.0,2.0,1227.0,2346.0,465.0,screener
SUDARSCHEM,Mar 2025,2025-03-31,annual,16.0,3377.0,2378.0,3864.0,9634.0,2774.0,121.0,545.0,6194.0,9634.0,1833.0,screener
SUDARSCHEM,Mar 2026,2026-03-31,annual,16.0,3434.0,2473.0,3629.0,9553.0,2987.0,144.0,566.0,5855.0,9553.0,1907.0,screener
SUDEEPPHRM,Mar 2021,2021-03-31,annual,1.0,113.0,31.0,67.0,213.0,68.0,24.0,19.0,102.0,213.0,12.0,screener
SUDEEPPHRM,Mar 2022,2022-03-31,annual,1.0,162.0,84.0,97.0,344.0,137.0,8.0,0.0,199.0,344.0,84.0,screener
SUDEEPPHRM,Mar 2023,2023-03-31,annual,1.0,222.0,83.0,113.0,420.0,158.0,26.0,3.0,232.0,420.0,80.0,screener
SUDEEPPHRM,Mar 2024,2024-03-31,annual,1.0,355.0,78.0,80.0,514.0,180.0,45.0,0.0,289.0,514.0,78.0,screener
SUDEEPPHRM,Mar 2025,2025-03-31,annual,10.0,481.0,140.0,86.0,717.0,189.0,88.0,0.0,439.0,717.0,140.0,screener
SUDEEPPHRM,Mar 2026,2026-03-31,annual,11.0,872.0,150.0,141.0,1174.0,337.0,185.0,0.0,652.0,1174.0,150.0,screener
SUKHJITS,Mar 2022,2022-03-31,annual,16.0,397.0,288.0,148.0,849.0,513.0,64.0,66.0,206.0,849.0,222.0,screener
SUKHJITS,Mar 2023,2023-03-31,annual,16.0,450.0,332.0,155.0,953.0,559.0,17.0,78.0,300.0,953.0,254.0,screener
SUKHJITS,Mar 2024,2024-03-31,annual,16.0,487.0,338.0,181.0,1022.0,551.0,31.0,83.0,356.0,1022.0,255.0,screener
SUKHJITS,Mar 2025,2025-03-31,annual,16.0,527.0,299.0,188.0,1030.0,566.0,19.0,53.0,392.0,1030.0,246.0,screener
SUKHJITS,Mar 2026,2026-03-31,annual,16.0,552.0,345.0,177.0,1089.0,543.0,12.0,74.0,460.0,1089.0,271.0,screener
SULA,Mar 2022,2022-03-31,annual,16.0,380.0,240.0,123.0,759.0,361.0,1.0,0.0,396.0,759.0,240.0,screener
SULA,Mar 2023,2023-03-31,annual,17.0,515.0,203.0,147.0,881.0,413.0,2.0,0.0,466.0,881.0,203.0,screener
SULA,Mar 2024,2024-03-31,annual,17.0,533.0,324.0,152.0,1026.0,454.0,5.0,0.0,567.0,1026.0,324.0,screener
SULA,Mar 2025,2025-03-31,annual,17.0,569.0,315.0,174.0,1076.0,495.0,6.0,0.0,575.0,1076.0,315.0,screener
SULA,Mar 2026,2026-03-31,annual,17.0,571.0,333.0,169.0,1089.0,512.0,1.0,0.0,576.0,1089.0,333.0,screener
SUMICHEM,Mar 2022,2022-03-31,annual,499.0,1428.0,38.0,1045.0,3010.0,390.0,35.0,356.0,2228.0,3010.0,-318.0,screener
SUMICHEM,Mar 2023,2023-03-31,annual,499.0,1883.0,34.0,953.0,3369.0,430.0,71.0,239.0,2629.0,3369.0,-205.0,screener
SUMICHEM,Mar 2024,2024-03-31,annual,499.0,1942.0,30.0,841.0,3313.0,563.0,23.0,346.0,2381.0,3313.0,-316.0,screener
SUMICHEM,Mar 2025,2025-03-31,annual,499.0,2402.0,52.0,1010.0,3963.0,556.0,28.0,524.0,2854.0,3963.0,-472.0,screener
SUMICHEM,Mar 2026,2026-03-31,annual,499.0,2891.0,63.0,1021.0,4474.0,577.0,20.0,1153.0,2725.0,4474.0,-1090.0,screener
SUNCLAY,Mar 2022,2022-03-31,annual,10.0,547.0,990.0,778.0,2325.0,1390.0,64.0,10.0,860.0,2325.0,980.0,screener
SUNCLAY,Mar 2023,2023-03-31,annual,10.0,764.0,1107.0,531.0,2412.0,1471.0,78.0,10.0,853.0,2412.0,1097.0,screener
SUNCLAY,Mar 2024,2024-03-31,annual,10.0,590.0,1426.0,648.0,2674.0,1474.0,330.0,26.0,844.0,2674.0,1400.0,screener
SUNCLAY,Mar 2025,2025-03-31,annual,11.0,960.0,1493.0,652.0,3116.0,2154.0,48.0,26.0,888.0,3116.0,1467.0,screener
SUNCLAY,Mar 2026,2026-03-31,annual,11.0,1284.0,1298.0,689.0,3282.0,2211.0,49.0,31.0,990.0,3282.0,1267.0,screener
SUNDARMFIN,Mar 2022,2022-03-31,annual,110.0,8685.0,,3003.0,48154.0,1117.0,0.0,8088.0,38950.0,48154.0,,screener
SUNDARMFIN,Mar 2023,2023-03-31,annual,110.0,9810.0,,3462.0,56076.0,1296.0,1.0,8082.0,46697.0,56076.0,,screener
SUNDARMFIN,Mar 2024,2024-03-31,annual,110.0,10968.0,,864.0,64276.0,1389.0,5.0,5732.0,57150.0,64276.0,,screener
SUNDARMFIN,Mar 2025,2025-03-31,annual,110.0,13087.0,,1056.0,75337.0,1450.0,1.0,6481.0,67405.0,75337.0,,screener
SUNDARMFIN,Mar 2026,2026-03-31,annual,110.0,14783.0,,1265.0,85795.0,1457.0,5.0,9029.0,75305.0,85795.0,,screener
SUNDRMFAST,Mar 2022,2022-03-31,annual,21.0,2600.0,772.0,891.0,4284.0,1948.0,117.0,77.0,2142.0,4284.0,695.0,screener
SUNDRMFAST,Mar 2023,2023-03-31,annual,21.0,2995.0,730.0,878.0,4624.0,2029.0,65.0,102.0,2428.0,4624.0,628.0,screener
SUNDRMFAST,Mar 2024,2024-03-31,annual,21.0,3400.0,647.0,921.0,4988.0,2099.0,164.0,137.0,2587.0,4988.0,510.0,screener
SUNDRMFAST,Mar 2025,2025-03-31,annual,21.0,3789.0,823.0,893.0,5527.0,2253.0,196.0,120.0,2957.0,5527.0,703.0,screener
SUNDRMFAST,Mar 2026,2026-03-31,annual,21.0,4254.0,625.0,1036.0,5936.0,2499.0,112.0,115.0,3210.0,5936.0,510.0,screener
SUNDROP,Mar 2022,2022-03-31,annual,24.0,438.0,50.0,104.0,616.0,301.0,11.0,0.0,304.0,616.0,50.0,screener
SUNDROP,Mar 2023,2023-03-31,annual,24.0,462.0,62.0,88.0,636.0,305.0,26.0,0.0,305.0,636.0,62.0,screener
SUNDROP,Mar 2024,2024-03-31,annual,24.0,476.0,42.0,98.0,641.0,320.0,30.0,0.0,291.0,641.0,42.0,screener
SUNDROP,Mar 2025,2025-03-31,annual,38.0,1401.0,14.0,264.0,1717.0,1299.0,2.0,0.0,417.0,1717.0,14.0,screener
SUNDROP,Mar 2026,2026-03-31,annual,38.0,1441.0,13.0,277.0,1769.0,1286.0,2.0,18.0,463.0,1769.0,-5.0,screener
SUNFLAG,Mar 2022,2022-03-31,annual,180.0,1569.0,587.0,755.0,3091.0,1252.0,373.0,17.0,1449.0,3091.0,570.0,screener
SUNFLAG,Mar 2023,2023-03-31,annual,180.0,3162.0,609.0,991.0,4942.0,1591.0,193.0,1726.0,1432.0,4942.0,-1117.0,screener
SUNFLAG,Mar 2024,2024-03-31,annual,180.0,4984.0,727.0,1132.0,7022.0,1525.0,281.0,3642.0,1574.0,7022.0,-2915.0,screener
SUNFLAG,Mar 2025,2025-03-31,annual,180.0,8586.0,624.0,1797.0,11187.0,1485.0,297.0,7779.0,1626.0,11187.0,-7155.0,screener
SUNFLAG,Mar 2026,2026-03-31,annual,180.0,8692.0,524.0,1896.0,11292.0,1577.0,214.0,7692.0,1809.0,11292.0,-7168.0,screener
SUNLITE,Mar 2026,2026-03-31,annual,14.0,148.0,21.0,53.0,235.0,71.0,0.0,0.0,165.0,235.0,21.0,screener
SUNPHARMA,Mar 2022,2022-03-31,annual,240.0,47771.0,1290.0,20474.0,69776.0,22665.0,1287.0,12849.0,32975.0,69776.0,-11559.0,screener
SUNPHARMA,Mar 2023,2023-03-31,annual,240.0,55755.0,6886.0,17831.0,80712.0,24065.0,4973.0,14824.0,36849.0,80712.0,-7938.0,screener
SUNPHARMA,Mar 2024,2024-03-31,annual,240.0,63427.0,3274.0,18387.0,85328.0,23248.0,5354.0,15026.0,41700.0,85328.0,-11752.0,screener
SUNPHARMA,Mar 2025,2025-03-31,annual,240.0,71978.0,2362.0,17328.0,91908.0,22586.0,6644.0,18354.0,44324.0,91908.0,-15992.0,screener
SUNPHARMA,Mar 2026,2026-03-31,annual,240.0,83330.0,4627.0,20210.0,108407.0,32822.0,3052.0,24723.0,47811.0,108407.0,-20096.0,screener
SUNTECK,Mar 2022,2022-03-31,annual,14.0,2776.0,788.0,1920.0,5498.0,122.0,7.0,235.0,5134.0,5498.0,553.0,screener
SUNTECK,Mar 2023,2023-03-31,annual,14.0,2774.0,684.0,3786.0,7258.0,149.0,102.0,241.0,6766.0,7258.0,443.0,screener
SUNTECK,Mar 2024,2024-03-31,annual,15.0,3110.0,375.0,4419.0,7918.0,490.0,18.0,230.0,7179.0,7918.0,145.0,screener
SUNTECK,Mar 2025,2025-03-31,annual,15.0,3245.0,387.0,4675.0,8322.0,497.0,34.0,235.0,7556.0,8322.0,152.0,screener
SUNTECK,Mar 2026,2026-03-31,annual,15.0,3596.0,774.0,5528.0,9913.0,639.0,0.0,73.0,9201.0,9913.0,701.0,screener
SUNTV,Mar 2022,2022-03-31,annual,197.0,7958.0,95.0,648.0,8898.0,1791.0,244.0,3589.0,3274.0,8898.0,-3494.0,screener
SUNTV,Mar 2023,2023-03-31,annual,197.0,9075.0,63.0,814.0,10148.0,1729.0,131.0,5512.0,2775.0,10148.0,-5449.0,screener
SUNTV,Mar 2024,2024-03-31,annual,197.0,10339.0,38.0,847.0,11421.0,1707.0,145.0,7061.0,2508.0,11421.0,-7023.0,screener
SUNTV,Mar 2025,2025-03-31,annual,197.0,11450.0,124.0,866.0,12636.0,1572.0,344.0,8303.0,2418.0,12636.0,-8179.0,screener
SUNTV,Mar 2026,2026-03-31,annual,197.0,12446.0,106.0,1092.0,13841.0,3395.0,31.0,7821.0,2595.0,13841.0,-7715.0,screener
SUPERHOUSE,Mar 2022,2022-03-31,annual,11.0,404.0,160.0,211.0,786.0,222.0,8.0,25.0,531.0,786.0,135.0,screener
SUPERHOUSE,Mar 2023,2023-03-31,annual,11.0,427.0,192.0,204.0,833.0,249.0,9.0,28.0,548.0,833.0,164.0,screener
SUPERHOUSE,Mar 2024,2024-03-31,annual,11.0,438.0,204.0,176.0,828.0,267.0,6.0,29.0,526.0,828.0,175.0,screener
SUPERHOUSE,Mar 2025,2025-03-31,annual,11.0,446.0,211.0,188.0,856.0,261.0,2.0,30.0,562.0,856.0,181.0,screener
SUPERHOUSE,Mar 2026,2026-03-31,annual,11.0,454.0,181.0,217.0,862.0,254.0,1.0,34.0,574.0,862.0,147.0,screener
SUPRAJIT,Mar 2022,2022-03-31,annual,14.0,1070.0,337.0,336.0,1757.0,588.0,10.0,262.0,897.0,1757.0,75.0,screener
SUPRAJIT,Mar 2023,2023-03-31,annual,14.0,1211.0,718.0,529.0,2471.0,807.0,28.0,445.0,1191.0,2471.0,273.0,screener
SUPRAJIT,Mar 2024,2024-03-31,annual,14.0,1348.0,708.0,550.0,2620.0,852.0,7.0,513.0,1249.0,2620.0,195.0,screener
SUPRAJIT,Mar 2025,2025-03-31,annual,14.0,1266.0,817.0,701.0,2798.0,1010.0,26.0,251.0,1510.0,2798.0,566.0,screener
SUPRAJIT,Mar 2026,2026-03-31,annual,14.0,1423.0,993.0,744.0,3173.0,1131.0,36.0,248.0,1758.0,3173.0,745.0,screener
SUPREMEIND,Mar 2022,2022-03-31,annual,25.0,3819.0,46.0,1106.0,4996.0,1767.0,156.0,476.0,2597.0,4996.0,-430.0,screener
SUPREMEIND,Mar 2023,2023-03-31,annual,25.0,4377.0,51.0,1241.0,5694.0,2064.0,84.0,577.0,2969.0,5694.0,-526.0,screener
SUPREMEIND,Mar 2024,2024-03-31,annual,25.0,5083.0,55.0,1392.0,6556.0,2322.0,149.0,638.0,3447.0,6556.0,-583.0,screener
SUPREMEIND,Mar 2025,2025-03-31,annual,25.0,5635.0,76.0,1432.0,7168.0,2669.0,407.0,720.0,3372.0,7168.0,-644.0,screener
SUPREMEIND,Mar 2026,2026-03-31,annual,25.0,6144.0,91.0,1535.0,7795.0,3673.0,136.0,762.0,3223.0,7795.0,-671.0,screener
SUPREMEINF,Mar 2022,2022-03-31,annual,26.0,-4215.0,5191.0,3894.0,4896.0,883.0,2782.0,22.0,1210.0,4896.0,5169.0,screener
SUPREMEINF,Mar 2023,2023-03-31,annual,26.0,-5330.0,5466.0,4906.0,5067.0,859.0,2854.0,22.0,1331.0,5067.0,5444.0,screener
SUPREMEINF,Mar 2024,2024-03-31,annual,26.0,-5078.0,4654.0,5964.0,5566.0,91.0,3014.0,1448.0,1013.0,5566.0,3206.0,screener
SUPREMEINF,Mar 2025,2025-03-31,annual,26.0,-6439.0,3040.0,6044.0,2670.0,89.0,0.0,1626.0,956.0,2670.0,1414.0,screener
SUPREMEINF,Sep 2025,2025-09-30,annual,97.0,246.0,1436.0,902.0,2681.0,87.0,1.0,1626.0,967.0,2681.0,-190.0,screener
SUPREMEINF,Mar 2026,2026-03-31,annual,98.0,136.0,1460.0,995.0,2689.0,86.0,1.0,1627.0,975.0,2689.0,-167.0,screener
SURAJEST,Mar 2022,2022-03-31,annual,16.0,23.0,649.0,175.0,864.0,18.0,0.0,0.0,846.0,864.0,649.0,screener
SURAJEST,Mar 2023,2023-03-31,annual,16.0,56.0,593.0,339.0,1004.0,16.0,0.0,9.0,980.0,1004.0,584.0,screener
SURAJEST,Mar 2024,2024-03-31,annual,21.0,495.0,441.0,333.0,1290.0,38.0,0.0,1.0,1251.0,1290.0,440.0,screener
SURAJEST,Mar 2025,2025-03-31,annual,23.0,880.0,461.0,383.0,1747.0,37.0,0.0,3.0,1707.0,1747.0,458.0,screener
SURAJEST,Mar 2026,2026-03-31,annual,23.0,970.0,645.0,323.0,1961.0,66.0,0.0,4.0,1891.0,1961.0,641.0,screener
SURAKSHA,Mar 2022,2022-03-31,annual,7.0,141.0,21.0,32.0,201.0,119.0,1.0,0.0,80.0,201.0,21.0,screener
SURAKSHA,Mar 2023,2023-03-31,annual,7.0,147.0,99.0,28.0,281.0,195.0,2.0,0.0,84.0,281.0,99.0,screener
SURAKSHA,Mar 2024,2024-03-31,annual,7.0,171.0,92.0,30.0,300.0,212.0,1.0,0.0,87.0,300.0,92.0,screener
SURAKSHA,Mar 2025,2025-03-31,annual,10.0,201.0,89.0,33.0,334.0,223.0,11.0,1.0,99.0,334.0,88.0,screener
SURAKSHA,Mar 2026,2026-03-31,annual,10.0,234.0,130.0,73.0,448.0,316.0,35.0,0.0,97.0,448.0,130.0,screener
SURANAT&P,Mar 2022,2022-03-31,annual,14.0,104.0,25.0,15.0,158.0,79.0,14.0,24.0,42.0,158.0,1.0,screener
SURANAT&P,Mar 2023,2023-03-31,annual,14.0,110.0,12.0,16.0,151.0,72.0,0.0,35.0,45.0,151.0,-23.0,screener
SURANAT&P,Mar 2024,2024-03-31,annual,14.0,120.0,2.0,17.0,153.0,61.0,0.0,37.0,55.0,153.0,-35.0,screener
SURANAT&P,Mar 2025,2025-03-31,annual,14.0,143.0,6.0,17.0,180.0,48.0,0.0,47.0,85.0,180.0,-41.0,screener
SURANAT&P,Mar 2026,2026-03-31,annual,14.0,168.0,67.0,23.0,271.0,124.0,0.0,30.0,117.0,271.0,37.0,screener
SURYAROSNI,Mar 2022,2022-03-31,annual,53.0,1494.0,593.0,974.0,3115.0,943.0,53.0,0.0,2119.0,3115.0,593.0,screener
SURYAROSNI,Mar 2023,2023-03-31,annual,54.0,1810.0,418.0,776.0,3057.0,912.0,8.0,0.0,2136.0,3057.0,418.0,screener
SURYAROSNI,Mar 2024,2024-03-31,annual,54.0,2112.0,16.0,739.0,2922.0,835.0,17.0,0.0,2070.0,2922.0,16.0,screener
SURYAROSNI,Mar 2025,2025-03-31,annual,109.0,2356.0,16.0,752.0,3234.0,841.0,57.0,0.0,2336.0,3234.0,16.0,screener
SURYAROSNI,Mar 2026,2026-03-31,annual,109.0,2525.0,80.0,832.0,3545.0,892.0,30.0,0.0,2623.0,3545.0,80.0,screener
SUVEN,Mar 2022,2022-03-31,annual,15.0,82.0,3.0,9.0,108.0,38.0,4.0,45.0,22.0,108.0,-42.0,screener
SUVEN,Mar 2023,2023-03-31,annual,22.0,354.0,2.0,12.0,389.0,37.0,0.0,46.0,305.0,389.0,-44.0,screener
SUVEN,Mar 2024,2024-03-31,annual,22.0,248.0,1.0,14.0,285.0,28.0,0.0,76.0,181.0,285.0,-75.0,screener
SUVEN,Mar 2025,2025-03-31,annual,22.0,88.0,0.0,25.0,135.0,60.0,0.0,22.0,53.0,135.0,-22.0,screener
SUVEN,Mar 2026,2026-03-31,annual,26.0,565.0,17.0,16.0,624.0,73.0,4.0,181.0,367.0,624.0,-164.0,screener
SUVIDHAA,Mar 2022,2022-03-31,annual,20.0,51.0,0.0,46.0,118.0,36.0,2.0,12.0,68.0,118.0,-12.0,screener
SUVIDHAA,Mar 2023,2023-03-31,annual,21.0,50.0,0.0,45.0,115.0,23.0,0.0,29.0,63.0,115.0,-29.0,screener
SUVIDHAA,Mar 2024,2024-03-31,annual,21.0,33.0,4.0,36.0,93.0,11.0,0.0,29.0,54.0,93.0,-25.0,screener
SUVIDHAA,Mar 2025,2025-03-31,annual,21.0,16.0,4.0,37.0,78.0,3.0,0.0,29.0,47.0,78.0,-25.0,screener
SUVIDHAA,Mar 2026,2026-03-31,annual,21.0,6.0,1.0,35.0,63.0,2.0,0.0,28.0,33.0,63.0,-27.0,screener
SUYOG,Mar 2024,2024-03-31,annual,11.0,288.0,150.0,51.0,500.0,366.0,7.0,0.0,127.0,500.0,150.0,screener
SUYOG,Mar 2025,2025-03-31,annual,11.0,389.0,213.0,71.0,684.0,429.0,46.0,1.0,208.0,684.0,212.0,screener
SUYOG,Mar 2026,2026-03-31,annual,12.0,478.0,371.0,82.0,943.0,592.0,88.0,0.0,263.0,943.0,371.0,screener
SUZLON,Mar 2022,2022-03-31,annual,1843.0,-5369.0,6465.0,3535.0,6475.0,1059.0,20.0,0.0,5396.0,6475.0,6465.0,screener
SUZLON,Mar 2023,2023-03-31,annual,2454.0,-1355.0,1938.0,2486.0,5523.0,866.0,6.0,0.0,4651.0,5523.0,1938.0,screener
SUZLON,Mar 2024,2024-03-31,annual,2722.0,1199.0,150.0,3108.0,7179.0,886.0,20.0,8.0,6264.0,7179.0,142.0,screener
SUZLON,Mar 2025,2025-03-31,annual,2732.0,3374.0,323.0,6531.0,12960.0,1780.0,105.0,43.0,11032.0,12960.0,280.0,screener
SUZLON,Mar 2026,2026-03-31,annual,2745.0,6719.0,556.0,8850.0,18869.0,2309.0,176.0,217.0,16166.0,18869.0,339.0,screener
SWANCORP,Mar 2022,2022-03-31,annual,26.0,1219.0,4117.0,1035.0,6397.0,2238.0,2389.0,3.0,1768.0,6397.0,4114.0,screener
SWANCORP,Mar 2023,2023-03-31,annual,26.0,2257.0,4985.0,2956.0,10225.0,4225.0,3253.0,30.0,2717.0,10225.0,4955.0,screener
SWANCORP,Mar 2024,2024-03-31,annual,31.0,6248.0,3449.0,2439.0,12168.0,4148.0,3657.0,134.0,4229.0,12168.0,3315.0,screener
SWANCORP,Mar 2025,2025-03-31,annual,31.0,7311.0,2823.0,3437.0,13604.0,3734.0,3870.0,668.0,5331.0,13604.0,2155.0,screener
SWANCORP,Mar 2026,2026-03-31,annual,31.0,7505.0,2103.0,4213.0,13853.0,3806.0,3997.0,833.0,5218.0,13853.0,1270.0,screener
SWELECTES,Mar 2022,2022-03-31,annual,15.0,760.0,459.0,166.0,1401.0,566.0,25.0,291.0,519.0,1401.0,168.0,screener
SWELECTES,Mar 2023,2023-03-31,annual,15.0,772.0,550.0,148.0,1485.0,666.0,32.0,285.0,504.0,1485.0,265.0,screener
SWELECTES,Mar 2024,2024-03-31,annual,15.0,823.0,569.0,254.0,1661.0,717.0,7.0,275.0,663.0,1661.0,294.0,screener
SWELECTES,Mar 2025,2025-03-31,annual,15.0,842.0,629.0,263.0,1749.0,813.0,7.0,268.0,661.0,1749.0,361.0,screener
SWELECTES,Mar 2026,2026-03-31,annual,15.0,906.0,798.0,364.0,2082.0,842.0,162.0,276.0,802.0,2082.0,522.0,screener
SWIGGY,Mar 2022,2022-03-31,annual,0.86,-3296.0,16071.0,1637.0,14412.0,801.0,0.0,10348.0,3263.0,14412.0,5723.0,screener
SWIGGY,Mar 2023,2023-03-31,annual,3.0,-6509.0,16162.0,1624.0,11281.0,1505.0,0.0,6541.0,3235.0,11281.0,9621.0,screener
SWIGGY,Mar 2024,2024-03-31,annual,3.0,-7785.0,16437.0,1874.0,10529.0,2041.0,0.0,5171.0,3317.0,10529.0,11266.0,screener
SWIGGY,Mar 2025,2025-03-31,annual,229.0,9991.0,1702.0,3283.0,15205.0,3631.0,0.0,2677.0,8897.0,15205.0,-975.0,screener
SWIGGY,Mar 2026,2026-03-31,annual,261.0,18053.0,2551.0,4372.0,25237.0,4558.0,0.0,6034.0,14645.0,25237.0,-3483.0,screener
SWSOLAR,Mar 2022,2022-03-31,annual,19.0,898.0,446.0,2137.0,3500.0,42.0,0.0,0.0,3457.0,3500.0,446.0,screener
SWSOLAR,Mar 2023,2023-03-31,annual,19.0,-244.0,2030.0,1386.0,3190.0,44.0,0.0,0.0,3146.0,3190.0,2030.0,screener
SWSOLAR,Mar 2024,2024-03-31,annual,23.0,946.0,516.0,2816.0,4301.0,56.0,0.0,0.0,4244.0,4301.0,516.0,screener
SWSOLAR,Mar 2025,2025-03-31,annual,23.0,984.0,936.0,3687.0,5630.0,46.0,0.0,0.0,5584.0,5630.0,936.0,screener
SWSOLAR,Mar 2026,2026-03-31,annual,23.0,626.0,1191.0,3476.0,5317.0,41.0,0.0,0.0,5276.0,5317.0,1191.0,screener
SYMPHONY,Mar 2022,2022-03-31,annual,14.0,825.0,254.0,267.0,1361.0,355.0,0.0,500.0,506.0,1361.0,-246.0,screener
SYMPHONY,Mar 2023,2023-03-31,annual,14.0,867.0,232.0,281.0,1394.0,351.0,0.0,527.0,516.0,1394.0,-295.0,screener
SYMPHONY,Mar 2024,2024-03-31,annual,14.0,735.0,170.0,291.0,1210.0,327.0,0.0,373.0,510.0,1210.0,-203.0,screener
SYMPHONY,Mar 2025,2025-03-31,annual,14.0,747.0,142.0,419.0,1322.0,322.0,0.0,440.0,560.0,1322.0,-298.0,screener
SYMPHONY,Mar 2026,2026-03-31,annual,14.0,531.0,173.0,311.0,1029.0,171.0,0.0,269.0,589.0,1029.0,-96.0,screener
SYNGENE,Mar 2022,2022-03-31,annual,401.0,2897.0,1022.0,1245.0,5564.0,2393.0,346.0,1034.0,1790.0,5564.0,-12.0,screener
SYNGENE,Mar 2023,2023-03-31,annual,401.0,3217.0,815.0,1398.0,5831.0,2667.0,177.0,918.0,2069.0,5831.0,-103.0,screener
SYNGENE,Mar 2024,2024-03-31,annual,402.0,3856.0,555.0,1339.0,6152.0,2850.0,838.0,548.0,1916.0,6152.0,7.0,screener
SYNGENE,Mar 2025,2025-03-31,annual,402.0,4324.0,578.0,1491.0,6796.0,2802.0,1266.0,647.0,2081.0,6796.0,-69.0,screener
SYNGENE,Mar 2026,2026-03-31,annual,403.0,4436.0,458.0,1757.0,7055.0,3000.0,1046.0,741.0,2268.0,7055.0,-283.0,screener
SYRMA,Mar 2022,2022-03-31,annual,138.0,434.0,218.0,364.0,1154.0,378.0,41.0,41.0,694.0,1154.0,177.0,screener
SYRMA,Mar 2023,2023-03-31,annual,177.0,1364.0,375.0,628.0,2543.0,532.0,25.0,84.0,1901.0,2543.0,291.0,screener
SYRMA,Mar 2024,2024-03-31,annual,177.0,1435.0,630.0,1446.0,3688.0,1075.0,17.0,42.0,2554.0,3688.0,588.0,screener
SYRMA,Mar 2025,2025-03-31,annual,178.0,1572.0,665.0,1788.0,4202.0,1144.0,66.0,59.0,2933.0,4202.0,606.0,screener
SYRMA,Mar 2026,2026-03-31,annual,193.0,2670.0,400.0,2504.0,5767.0,1458.0,72.0,547.0,3690.0,5767.0,-147.0,screener
TAJGVK,Mar 2022,2022-03-31,annual,13.0,356.0,214.0,123.0,705.0,409.0,86.0,84.0,127.0,705.0,130.0,screener
TAJGVK,Mar 2023,2023-03-31,annual,13.0,449.0,141.0,155.0,758.0,455.0,43.0,97.0,162.0,758.0,44.0,screener
TAJGVK,Mar 2024,2024-03-31,annual,13.0,535.0,108.0,162.0,818.0,442.0,79.0,116.0,181.0,818.0,-8.0,screener
TAJGVK,Mar 2025,2025-03-31,annual,13.0,642.0,44.0,181.0,880.0,433.0,116.0,138.0,193.0,880.0,-94.0,screener
TAJGVK,Mar 2026,2026-03-31,annual,13.0,1012.0,128.0,627.0,1780.0,1189.0,317.0,0.0,274.0,1780.0,128.0,screener
TALBROAUTO,Mar 2022,2022-03-31,annual,12.0,290.0,89.0,178.0,570.0,157.0,3.0,98.0,311.0,570.0,-9.0,screener
TALBROAUTO,Mar 2023,2023-03-31,annual,12.0,355.0,87.0,201.0,656.0,171.0,5.0,127.0,353.0,656.0,-40.0,screener
TALBROAUTO,Mar 2024,2024-03-31,annual,12.0,525.0,99.0,221.0,857.0,212.0,7.0,186.0,451.0,857.0,-87.0,screener
TALBROAUTO,Mar 2025,2025-03-31,annual,12.0,620.0,94.0,224.0,951.0,221.0,23.0,209.0,498.0,951.0,-115.0,screener
TALBROAUTO,Mar 2026,2026-03-31,annual,12.0,731.0,84.0,258.0,1085.0,228.0,22.0,247.0,589.0,1085.0,-163.0,screener
TANLA,Mar 2022,2022-03-31,annual,14.0,1340.0,54.0,987.0,2395.0,305.0,54.0,0.0,2036.0,2395.0,54.0,screener
TANLA,Mar 2023,2023-03-31,annual,13.0,1504.0,83.0,812.0,2413.0,484.0,64.0,0.0,1865.0,2413.0,83.0,screener
TANLA,Mar 2024,2024-03-31,annual,13.0,1928.0,75.0,992.0,3009.0,700.0,104.0,0.0,2205.0,3009.0,75.0,screener
TANLA,Mar 2025,2025-03-31,annual,13.0,2255.0,64.0,1005.0,3338.0,739.0,90.0,120.0,2389.0,3338.0,-56.0,screener
TANLA,Mar 2026,2026-03-31,annual,13.0,2475.0,53.0,1189.0,3730.0,761.0,50.0,25.0,2894.0,3730.0,28.0,screener
TARC,Mar 2022,2022-03-31,annual,59.0,1273.0,1179.0,468.0,2979.0,1053.0,0.0,68.0,1858.0,2979.0,1111.0,screener
TARC,Mar 2023,2023-03-31,annual,59.0,1293.0,1386.0,428.0,3166.0,1066.0,0.0,68.0,2032.0,3166.0,1318.0,screener
TARC,Mar 2024,2024-03-31,annual,59.0,1216.0,1393.0,796.0,3463.0,1107.0,0.0,68.0,2289.0,3463.0,1325.0,screener
TARC,Mar 2025,2025-03-31,annual,59.0,984.0,1954.0,1217.0,4214.0,1215.0,0.0,68.0,2931.0,4214.0,1886.0,screener
TARC,Mar 2026,2026-03-31,annual,59.0,1003.0,1895.0,1643.0,4600.0,1320.0,0.0,0.0,3279.0,4600.0,1895.0,screener
TARIL,Mar 2022,2022-03-31,annual,13.0,343.0,325.0,428.0,1109.0,168.0,3.0,1.0,936.0,1109.0,324.0,screener
TARIL,Mar 2023,2023-03-31,annual,13.0,381.0,330.0,463.0,1187.0,153.0,3.0,1.0,1030.0,1187.0,329.0,screener
TARIL,Mar 2024,2024-03-31,annual,14.0,540.0,256.0,359.0,1170.0,144.0,5.0,4.0,1017.0,1170.0,252.0,screener
TARIL,Mar 2025,2025-03-31,annual,30.0,1222.0,283.0,652.0,2187.0,251.0,62.0,268.0,1605.0,2187.0,15.0,screener
TARIL,Mar 2026,2026-03-31,annual,30.0,1485.0,457.0,694.0,2666.0,250.0,138.0,184.0,2093.0,2666.0,273.0,screener
TARSONS,Mar 2021,2021-03-31,annual,0.19,244.0,34.0,18.0,296.0,120.0,22.0,0.0,153.0,296.0,34.0,screener
TARSONS,Mar 2022,2022-03-31,annual,11.0,479.0,22.0,33.0,544.0,189.0,32.0,0.0,323.0,544.0,22.0,screener
TARSONS,Mar 2024,2024-03-31,annual,11.0,602.0,269.0,90.0,972.0,336.0,267.0,0.0,369.0,972.0,269.0,screener
TARSONS,Mar 2025,2025-03-31,annual,11.0,620.0,339.0,111.0,1080.0,536.0,233.0,0.0,311.0,1080.0,339.0,screener
TARSONS,Mar 2026,2026-03-31,annual,11.0,624.0,393.0,158.0,1186.0,733.0,159.0,0.0,295.0,1186.0,393.0,screener
TATACAP,Mar 2022,2022-03-31,annual,3463.0,8250.0,,4319.0,102376.0,719.0,11.0,7846.0,93798.0,102376.0,,screener
TATACAP,Mar 2023,2023-03-31,annual,3507.0,13833.0,,4745.0,135626.0,733.0,20.0,13254.0,121619.0,135626.0,,screener
TATACAP,Mar 2024,2024-03-31,annual,3703.0,19714.0,,4765.0,176694.0,1190.0,8.0,8733.0,166763.0,176694.0,,screener
TATACAP,Mar 2025,2025-03-31,annual,3762.0,29284.0,,6422.0,248320.0,2003.0,16.0,9866.0,236434.0,248320.0,,screener
TATACAP,Mar 2026,2026-03-31,annual,4217.0,41645.0,,8266.0,290504.0,2604.0,33.0,9508.0,278358.0,290504.0,,screener
TATACHEM,Mar 2022,2022-03-31,annual,255.0,17998.0,7025.0,8566.0,33843.0,16044.0,1667.0,7683.0,8449.0,33843.0,-658.0,screener
TATACHEM,Mar 2023,2023-03-31,annual,255.0,19466.0,6296.0,8923.0,34940.0,17092.0,2410.0,7448.0,7990.0,34940.0,-1152.0,screener
TATACHEM,Mar 2024,2024-03-31,annual,255.0,21986.0,5563.0,8907.0,36711.0,17861.0,2217.0,9739.0,6894.0,36711.0,-4176.0,screener
TATACHEM,Mar 2025,2025-03-31,annual,255.0,21339.0,7072.0,9084.0,37750.0,19600.0,1913.0,9144.0,7093.0,37750.0,-2072.0,screener
TATACHEM,Mar 2026,2026-03-31,annual,255.0,20951.0,8001.0,9791.0,38998.0,20602.0,1038.0,9886.0,7472.0,38998.0,-1885.0,screener
TATACOMM,Mar 2022,2022-03-31,annual,285.0,643.0,9122.0,9588.0,19638.0,10936.0,852.0,1565.0,6284.0,19638.0,7557.0,screener
TATACOMM,Mar 2023,2023-03-31,annual,285.0,1233.0,8577.0,10424.0,20519.0,10500.0,1148.0,1951.0,6921.0,20519.0,6626.0,screener
TATACOMM,Mar 2024,2024-03-31,annual,285.0,1501.0,11263.0,11316.0,24365.0,13467.0,1327.0,1608.0,7963.0,24365.0,9655.0,screener
TATACOMM,Mar 2025,2025-03-31,annual,285.0,2736.0,12357.0,11065.0,26444.0,13919.0,1100.0,2714.0,8711.0,26444.0,9643.0,screener
TATACOMM,Mar 2026,2026-03-31,annual,285.0,3162.0,12249.0,12591.0,28287.0,15481.0,850.0,2297.0,9659.0,28287.0,9952.0,screener
TATACONSUM,Mar 2022,2022-03-31,annual,92.0,15050.0,1412.0,4521.0,21075.0,12599.0,247.0,797.0,7431.0,21075.0,615.0,screener
TATACONSUM,Mar 2023,2023-03-31,annual,93.0,16184.0,1600.0,4886.0,22762.0,13070.0,295.0,1433.0,7965.0,22762.0,167.0,screener
TATACONSUM,Mar 2024,2024-03-31,annual,95.0,15962.0,3477.0,8345.0,27879.0,19358.0,190.0,871.0,7461.0,27879.0,2606.0,screener
TATACONSUM,Mar 2025,2025-03-31,annual,99.0,19902.0,2393.0,9437.0,31831.0,21477.0,218.0,969.0,9167.0,31831.0,1424.0,screener
TATACONSUM,Mar 2026,2026-03-31,annual,99.0,21689.0,2820.0,9672.0,34279.0,22019.0,481.0,1443.0,10336.0,34279.0,1377.0,screener
TATAELXSI,Mar 2011,2011-03-31,annual,31.0,151.0,25.0,94.0,302.0,91.0,12.0,0.0,199.0,302.0,25.0,screener
TATAELXSI,Mar 2012,2012-03-31,annual,31.0,161.0,34.0,108.0,335.0,100.0,10.0,0.0,224.0,335.0,34.0,screener
TATAELXSI,Mar 2013,2013-03-31,annual,31.0,164.0,59.0,112.0,365.0,99.0,21.0,0.0,245.0,365.0,59.0,screener
TATAELXSI,Mar 2014,2014-03-31,annual,31.0,205.0,0.0,153.0,388.0,97.0,13.0,0.0,279.0,388.0,0.0,screener
TATAELXSI,Mar 2015,2015-03-31,annual,31.0,252.0,0.0,182.0,466.0,98.0,3.0,0.0,364.0,466.0,0.0,screener
TATAINVEST,Mar 2022,2022-03-31,annual,51.0,19625.0,0.0,1314.0,20990.0,16.0,0.0,20893.0,82.0,20990.0,-20893.0,screener
TATAINVEST,Mar 2023,2023-03-31,annual,51.0,19521.0,240.0,1277.0,21089.0,15.0,0.0,21009.0,65.0,21089.0,-20769.0,screener
TATAINVEST,Mar 2024,2024-03-31,annual,51.0,29915.0,0.0,2905.0,32870.0,14.0,0.0,32485.0,371.0,32870.0,-32485.0,screener
TATAINVEST,Mar 2025,2025-03-31,annual,51.0,31040.0,0.0,3751.0,34842.0,174.0,0.0,34626.0,41.0,34842.0,-34626.0,screener
TATAINVEST,Mar 2026,2026-03-31,annual,51.0,29171.0,1.0,3430.0,32652.0,171.0,0.0,32453.0,28.0,32652.0,-32452.0,screener
TATAPOWER,Mar 2022,2022-03-31,annual,320.0,22122.0,51195.0,38913.0,112550.0,57389.0,4635.0,14160.0,36365.0,112550.0,37035.0,screener
TATAPOWER,Mar 2023,2023-03-31,annual,320.0,28468.0,52923.0,46386.0,128096.0,61747.0,5376.0,16670.0,44303.0,128096.0,36253.0,screener
TATAPOWER,Mar 2024,2024-03-31,annual,320.0,32036.0,53689.0,53010.0,139054.0,67210.0,11561.0,16316.0,43968.0,139054.0,37373.0,screener
TATAPOWER,Mar 2025,2025-03-31,annual,320.0,35521.0,62866.0,57487.0,156193.0,78374.0,12679.0,16316.0,48824.0,156193.0,46550.0,screener
TATAPOWER,Mar 2026,2026-03-31,annual,320.0,39148.0,76141.0,58956.0,174564.0,87293.0,14595.0,16575.0,56102.0,174564.0,59566.0,screener
TATASTEEL,Mar 2022,2022-03-31,annual,1221.0,113222.0,75561.0,92417.0,282422.0,133288.0,22046.0,13140.0,113948.0,282422.0,62421.0,screener
TATASTEEL,Mar 2023,2023-03-31,annual,1221.0,101861.0,84893.0,97421.0,285396.0,146621.0,31213.0,8410.0,99151.0,285396.0,76483.0,screener
TATASTEEL,Mar 2024,2024-03-31,annual,1247.0,90788.0,87082.0,90195.0,269312.0,148814.0,34356.0,6258.0,79885.0,269312.0,80824.0,screener
TATASTEEL,Mar 2025,2025-03-31,annual,1247.0,89922.0,94801.0,89488.0,275459.0,150914.0,41622.0,6194.0,76728.0,275459.0,88607.0,screener
TATASTEEL,Mar 2026,2026-03-31,annual,1247.0,100920.0,92382.0,101965.0,296515.0,179908.0,28497.0,7089.0,81021.0,296515.0,85293.0,screener
TATATECH,Mar 2022,2022-03-31,annual,42.0,2238.0,261.0,1676.0,4218.0,1068.0,0.0,528.0,2622.0,4218.0,-267.0,screener
TATATECH,Mar 2023,2023-03-31,annual,81.0,2908.0,255.0,1957.0,5201.0,1095.0,3.0,30.0,4074.0,5201.0,225.0,screener
TATATECH,Mar 2024,2024-03-31,annual,81.0,3140.0,257.0,2100.0,5578.0,1151.0,0.0,150.0,4277.0,5578.0,107.0,screener
TATATECH,Mar 2025,2025-03-31,annual,81.0,3498.0,237.0,2848.0,6664.0,1130.0,0.0,616.0,4918.0,6664.0,-379.0,screener
TATATECH,Mar 2026,2026-03-31,annual,81.0,3842.0,938.0,3999.0,8860.0,2055.0,15.0,823.0,5966.0,8860.0,115.0,screener
TATVA,Mar 2022,2022-03-31,annual,22.0,451.0,120.0,65.0,658.0,160.0,51.0,0.0,447.0,658.0,120.0,screener
TATVA,Mar 2023,2023-03-31,annual,22.0,493.0,170.0,74.0,759.0,196.0,231.0,0.0,332.0,759.0,170.0,screener
TATVA,Mar 2024,2024-03-31,annual,23.0,714.0,14.0,67.0,819.0,427.0,77.0,10.0,305.0,819.0,4.0,screener
TATVA,Mar 2025,2025-03-31,annual,23.0,715.0,36.0,61.0,836.0,526.0,27.0,0.0,283.0,836.0,36.0,screener
TATVA,Mar 2026,2026-03-31,annual,23.0,758.0,120.0,102.0,1004.0,611.0,23.0,4.0,365.0,1004.0,116.0,screener
TBOTEK,Mar 2022,2022-03-31,annual,10.0,221.0,63.0,976.0,1271.0,92.0,0.0,0.0,1179.0,1271.0,63.0,screener
TBOTEK,Mar 2023,2023-03-31,annual,10.0,330.0,71.0,2147.0,2558.0,136.0,0.0,0.0,2422.0,2558.0,71.0,screener
TBOTEK,Mar 2024,2024-03-31,annual,10.0,534.0,210.0,4100.0,4855.0,349.0,14.0,2.0,4490.0,4855.0,208.0,screener
TBOTEK,Mar 2025,2025-03-31,annual,11.0,1184.0,214.0,4797.0,6206.0,345.0,39.0,173.0,5649.0,6206.0,41.0,screener
TBOTEK,Mar 2026,2026-03-31,annual,11.0,1540.0,756.0,6996.0,9303.0,1619.0,14.0,263.0,7407.0,9303.0,493.0,screener
TBZ,Mar 2022,2022-03-31,annual,67.0,461.0,588.0,341.0,1457.0,152.0,0.0,0.0,1305.0,1457.0,588.0,screener
TBZ,Mar 2023,2023-03-31,annual,67.0,494.0,575.0,339.0,1475.0,159.0,1.0,0.0,1316.0,1475.0,575.0,screener
TBZ,Mar 2024,2024-03-31,annual,67.0,535.0,614.0,243.0,1459.0,151.0,0.0,0.0,1308.0,1459.0,614.0,screener
TBZ,Mar 2025,2025-03-31,annual,67.0,590.0,792.0,320.0,1769.0,164.0,1.0,0.0,1604.0,1769.0,792.0,screener
TBZ,Mar 2026,2026-03-31,annual,67.0,771.0,886.0,378.0,2102.0,183.0,0.0,0.0,1919.0,2102.0,886.0,screener
TCC,Mar 2023,2023-03-31,annual,0.72,2.0,0.0,0.0,3.0,0.0,0.0,0.0,3.0,3.0,0.0,screener
TCC,Mar 2024,2024-03-31,annual,21.0,170.0,9.0,25.0,225.0,136.0,6.0,0.0,83.0,225.0,9.0,screener
TCC,Mar 2025,2025-03-31,annual,36.0,680.0,44.0,25.0,785.0,473.0,125.0,0.0,187.0,785.0,44.0,screener
TCC,Mar 2026,2026-03-31,annual,48.0,1595.0,291.0,173.0,2106.0,1705.0,74.0,0.0,327.0,2106.0,291.0,screener
TCI,Mar 2022,2022-03-31,annual,15.0,1415.0,96.0,301.0,1827.0,801.0,7.0,193.0,826.0,1827.0,-97.0,screener
TCI,Mar 2023,2023-03-31,annual,16.0,1686.0,92.0,307.0,2101.0,791.0,26.0,286.0,998.0,2101.0,-194.0,screener
TCI,Mar 2024,2024-03-31,annual,16.0,1988.0,194.0,304.0,2501.0,862.0,109.0,543.0,988.0,2501.0,-349.0,screener
TCI,Mar 2025,2025-03-31,annual,15.0,2139.0,242.0,537.0,2934.0,964.0,255.0,411.0,1304.0,2934.0,-169.0,screener
TCI,Mar 2026,2026-03-31,annual,15.0,2551.0,312.0,603.0,3482.0,1193.0,343.0,487.0,1459.0,3482.0,-175.0,screener
TCIEXP,Mar 2023,2023-03-31,annual,8.0,589.0,7.0,132.0,735.0,374.0,61.0,33.0,267.0,735.0,-26.0,screener
TCIEXP,Mar 2024,2024-03-31,annual,8.0,696.0,10.0,136.0,850.0,452.0,16.0,91.0,292.0,850.0,-81.0,screener
TCIEXP,Mar 2025,2025-03-31,annual,8.0,757.0,10.0,144.0,919.0,462.0,20.0,148.0,288.0,919.0,-138.0,screener
TCIEXP,Mar 2026,2026-03-31,annual,8.0,811.0,63.0,143.0,1025.0,547.0,29.0,124.0,326.0,1025.0,-61.0,screener
TCPLPACK,Mar 2022,2022-03-31,annual,9.0,331.0,463.0,268.0,1072.0,541.0,48.0,0.0,482.0,1072.0,463.0,screener
TCPLPACK,Mar 2023,2023-03-31,annual,9.0,433.0,501.0,274.0,1217.0,580.0,44.0,0.0,593.0,1217.0,501.0,screener
TCPLPACK,Mar 2024,2024-03-31,annual,9.0,514.0,504.0,299.0,1326.0,696.0,7.0,0.0,623.0,1326.0,504.0,screener
TCPLPACK,Mar 2025,2025-03-31,annual,9.0,635.0,651.0,317.0,1612.0,771.0,64.0,0.0,776.0,1612.0,651.0,screener
TCPLPACK,Mar 2026,2026-03-31,annual,9.0,710.0,634.0,363.0,1716.0,895.0,10.0,0.0,811.0,1716.0,634.0,screener
TCS,Mar 2022,2022-03-31,annual,366.0,88773.0,7818.0,43967.0,140924.0,21298.0,1205.0,30485.0,87936.0,140924.0,-22667.0,screener
TCS,Mar 2023,2023-03-31,annual,366.0,90058.0,7688.0,44747.0,142859.0,20515.0,1234.0,37163.0,83947.0,142859.0,-29475.0,screener
TCS,Mar 2024,2024-03-31,annual,362.0,90127.0,8021.0,46962.0,145472.0,19604.0,1564.0,31762.0,92542.0,145472.0,-23741.0,screener
TCS,Mar 2025,2025-03-31,annual,362.0,94394.0,9392.0,54501.0,158649.0,23053.0,1546.0,30964.0,103086.0,158649.0,-21572.0,screener
TCS,Mar 2026,2026-03-31,annual,362.0,106878.0,11283.0,62644.0,181167.0,31343.0,2665.0,33988.0,113171.0,181167.0,-22705.0,screener
TDPOWERSYS,Mar 2022,2022-03-31,annual,31.0,496.0,71.0,309.0,907.0,166.0,1.0,20.0,720.0,907.0,51.0,screener
TDPOWERSYS,Mar 2023,2023-03-31,annual,31.0,573.0,0.0,299.0,903.0,163.0,0.0,20.0,720.0,903.0,-20.0,screener
TDPOWERSYS,Mar 2024,2024-03-31,annual,31.0,674.0,0.0,333.0,1038.0,186.0,1.0,10.0,842.0,1038.0,-10.0,screener
TDPOWERSYS,Mar 2025,2025-03-31,annual,31.0,829.0,12.0,491.0,1364.0,207.0,17.0,0.0,1140.0,1364.0,12.0,screener
TDPOWERSYS,Mar 2026,2026-03-31,annual,31.0,1041.0,18.0,787.0,1877.0,294.0,17.0,0.0,1566.0,1877.0,18.0,screener
TEAMLEASE,Mar 2022,2022-03-31,annual,17.0,676.0,60.0,785.0,1538.0,262.0,18.0,53.0,1204.0,1538.0,7.0,screener
TEAMLEASE,Mar 2023,2023-03-31,annual,17.0,791.0,100.0,856.0,1764.0,303.0,17.0,194.0,1250.0,1764.0,-94.0,screener
TEAMLEASE,Mar 2024,2024-03-31,annual,17.0,781.0,105.0,1032.0,1935.0,293.0,11.0,3.0,1628.0,1935.0,102.0,screener
TEAMLEASE,Mar 2025,2025-03-31,annual,17.0,890.0,118.0,1120.0,2144.0,311.0,34.0,76.0,1725.0,2144.0,42.0,screener
TEAMLEASE,Mar 2026,2026-03-31,annual,17.0,1027.0,116.0,1641.0,2800.0,353.0,0.0,203.0,2244.0,2800.0,-87.0,screener
TECHM,Mar 2022,2022-03-31,annual,439.0,26447.0,2618.0,14911.0,44416.0,14784.0,165.0,4884.0,24583.0,44416.0,-2266.0,screener
TECHM,Mar 2023,2023-03-31,annual,440.0,27484.0,2740.0,15162.0,45827.0,14932.0,120.0,3388.0,27388.0,45827.0,-648.0,screener
TECHM,Mar 2024,2024-03-31,annual,441.0,26228.0,2537.0,13943.0,43149.0,13903.0,133.0,3238.0,25875.0,43149.0,-701.0,screener
TECHM,Mar 2025,2025-03-31,annual,442.0,26919.0,2025.0,14880.0,44267.0,13982.0,21.0,3182.0,27082.0,44267.0,-1157.0,screener
TECHM,Mar 2026,2026-03-31,annual,443.0,29173.0,2186.0,17366.0,49168.0,14864.0,27.0,3426.0,30851.0,49168.0,-1240.0,screener
TECHNOE,Mar 2022,2022-03-31,annual,22.0,1815.0,0.0,679.0,2516.0,459.0,0.0,1049.0,1008.0,2516.0,-1049.0,screener
TECHNOE,Mar 2023,2023-03-31,annual,22.0,1909.0,0.0,839.0,2769.0,81.0,95.0,1305.0,1288.0,2769.0,-1305.0,screener
TECHNOE,Mar 2024,2024-03-31,annual,22.0,2142.0,0.0,658.0,2821.0,76.0,276.0,1142.0,1327.0,2821.0,-1142.0,screener
TECHNOE,Mar 2025,2025-03-31,annual,23.0,3716.0,39.0,1265.0,5044.0,70.0,442.0,2836.0,1696.0,5044.0,-2797.0,screener
TECHNOE,Mar 2026,2026-03-31,annual,23.0,4134.0,72.0,1709.0,5938.0,510.0,72.0,2258.0,3099.0,5938.0,-2186.0,screener
TEGA,Mar 2022,2022-03-31,annual,66.0,670.0,245.0,189.0,1170.0,298.0,10.0,199.0,663.0,1170.0,46.0,screener
TEGA,Mar 2023,2023-03-31,annual,66.0,983.0,361.0,219.0,1629.0,548.0,12.0,217.0,852.0,1629.0,144.0,screener
TEGA,Mar 2024,2024-03-31,annual,67.0,1125.0,308.0,385.0,1885.0,600.0,11.0,279.0,995.0,1885.0,29.0,screener
TEGA,Mar 2025,2025-03-31,annual,67.0,1330.0,330.0,363.0,2089.0,623.0,48.0,262.0,1157.0,2089.0,68.0,screener
TEGA,Mar 2026,2026-03-31,annual,75.0,3332.0,398.0,509.0,4314.0,665.0,107.0,227.0,3315.0,4314.0,171.0,screener
TEJASNET,Mar 2022,2022-03-31,annual,118.0,1812.0,20.0,160.0,2110.0,138.0,40.0,402.0,1531.0,2110.0,-382.0,screener
TEJASNET,Mar 2023,2023-03-31,annual,172.0,2801.0,50.0,579.0,3602.0,647.0,154.0,262.0,2539.0,3602.0,-212.0,screener
TEJASNET,Mar 2024,2024-03-31,annual,174.0,2976.0,1884.0,3169.0,8203.0,961.0,235.0,334.0,6673.0,8203.0,1550.0,screener
TEJASNET,Mar 2025,2025-03-31,annual,180.0,3667.0,3407.0,3209.0,10462.0,1147.0,404.0,482.0,8429.0,10462.0,2925.0,screener
TEJASNET,Mar 2026,2026-03-31,annual,181.0,2750.0,4177.0,2295.0,9403.0,1130.0,950.0,365.0,6957.0,9403.0,3812.0,screener
TEMBO,Mar 2022,2022-03-31,annual,10.0,15.0,41.0,26.0,92.0,20.0,0.0,1.0,70.0,92.0,40.0,screener
TEMBO,Mar 2023,2023-03-31,annual,11.0,29.0,41.0,29.0,110.0,22.0,3.0,1.0,84.0,110.0,40.0,screener
TEMBO,Mar 2024,2024-03-31,annual,11.0,55.0,50.0,47.0,163.0,22.0,8.0,1.0,131.0,163.0,49.0,screener
TEMBO,Mar 2025,2025-03-31,annual,15.0,196.0,258.0,104.0,574.0,26.0,84.0,2.0,462.0,574.0,256.0,screener
TEMBO,Mar 2026,2026-03-31,annual,19.0,434.0,386.0,468.0,1306.0,118.0,68.0,31.0,1089.0,1306.0,355.0,screener
TENNIND,Mar 2023,2023-03-31,annual,313.0,895.0,31.0,1190.0,2429.0,631.0,18.0,1.0,1779.0,2429.0,30.0,screener
TENNIND,Mar 2024,2024-03-31,annual,214.0,766.0,15.0,1140.0,2135.0,608.0,37.0,1.0,1490.0,2135.0,14.0,screener
TENNIND,Mar 2025,2025-03-31,annual,404.0,1206.0,20.0,1202.0,2831.0,582.0,31.0,0.0,2218.0,2831.0,20.0,screener
TENNIND,Mar 2026,2026-03-31,annual,404.0,794.0,51.0,1288.0,2537.0,582.0,58.0,0.0,1897.0,2537.0,51.0,screener
TERASOFT,Mar 2023,2023-03-31,annual,13.0,95.0,24.0,65.0,197.0,27.0,0.0,0.0,171.0,197.0,24.0,screener
TERASOFT,Mar 2024,2024-03-31,annual,13.0,100.0,33.0,61.0,207.0,27.0,0.0,0.0,181.0,207.0,33.0,screener
TERASOFT,Mar 2025,2025-03-31,annual,13.0,110.0,20.0,71.0,213.0,27.0,0.0,0.0,187.0,213.0,20.0,screener
TERASOFT,Mar 2026,2026-03-31,annual,13.0,133.0,39.0,140.0,325.0,28.0,0.0,0.0,297.0,325.0,39.0,screener
TEXINFRA,Mar 2022,2022-03-31,annual,13.0,654.0,29.0,15.0,710.0,133.0,15.0,482.0,80.0,710.0,-453.0,screener
TEXINFRA,Mar 2023,2023-03-31,annual,13.0,623.0,30.0,13.0,679.0,133.0,15.0,454.0,77.0,679.0,-424.0,screener
TEXINFRA,Mar 2024,2024-03-31,annual,13.0,1470.0,32.0,66.0,1580.0,134.0,12.0,1401.0,33.0,1580.0,-1369.0,screener
TEXINFRA,Mar 2025,2025-03-31,annual,13.0,1313.0,30.0,237.0,1592.0,111.0,12.0,1411.0,57.0,1592.0,-1381.0,screener
TEXINFRA,Mar 2026,2026-03-31,annual,13.0,1054.0,28.0,236.0,1331.0,117.0,9.0,1108.0,97.0,1331.0,-1080.0,screener
TEXRAIL,Mar 2022,2022-03-31,annual,32.0,1298.0,710.0,624.0,2664.0,389.0,2.0,77.0,2195.0,2664.0,633.0,screener
TEXRAIL,Mar 2023,2023-03-31,annual,32.0,1360.0,984.0,1009.0,3385.0,431.0,9.0,104.0,2840.0,3385.0,880.0,screener
TEXRAIL,Mar 2024,2024-03-31,annual,40.0,2493.0,631.0,1021.0,4185.0,460.0,22.0,425.0,3278.0,4185.0,206.0,screener
TEXRAIL,Mar 2025,2025-03-31,annual,40.0,2757.0,948.0,1092.0,4837.0,993.0,66.0,246.0,3532.0,4837.0,702.0,screener
TEXRAIL,Mar 2026,2026-03-31,annual,41.0,2333.0,895.0,1785.0,5054.0,1023.0,165.0,373.0,3494.0,5054.0,522.0,screener
TFCILTD,Mar 2020,2020-03-31,annual,81.0,673.0,,43.0,2244.0,18.0,0.0,218.0,2008.0,2244.0,,screener
TFCILTD,Mar 2021,2021-03-31,annual,81.0,711.0,,34.0,2185.0,16.0,0.0,159.0,2010.0,2185.0,,screener
TFCILTD,Mar 2022,2022-03-31,annual,90.0,847.0,,35.0,2245.0,17.0,0.0,165.0,2062.0,2245.0,,screener
TFCILTD,Sep 2022,2022-09-30,annual,90.0,883.0,,55.0,1949.0,16.0,0.0,361.0,1572.0,1949.0,,screener
THELEELA,Mar 2023,2023-03-31,annual,20.0,-2532.0,3883.0,4504.0,5876.0,5259.0,27.0,0.0,589.0,5876.0,3883.0,screener
THELEELA,Mar 2024,2024-03-31,annual,20.0,-2846.0,4453.0,5434.0,7062.0,6212.0,39.0,0.0,811.0,7062.0,4453.0,screener
THELEELA,Mar 2025,2025-03-31,annual,276.0,3280.0,4142.0,568.0,8266.0,6305.0,131.0,14.0,1816.0,8266.0,4128.0,screener
THELEELA,Mar 2026,2026-03-31,annual,334.0,6070.0,1811.0,709.0,8924.0,7853.0,229.0,0.0,841.0,8924.0,1811.0,screener
THEMISMED,Mar 2022,2022-03-31,annual,9.0,278.0,80.0,61.0,428.0,144.0,3.0,56.0,225.0,428.0,24.0,screener
THEMISMED,Mar 2023,2023-03-31,annual,9.0,330.0,92.0,82.0,514.0,162.0,3.0,70.0,279.0,514.0,22.0,screener
THEMISMED,Mar 2024,2024-03-31,annual,9.0,368.0,96.0,93.0,566.0,168.0,3.0,89.0,307.0,566.0,7.0,screener
THEMISMED,Mar 2025,2025-03-31,annual,9.0,393.0,83.0,102.0,588.0,172.0,3.0,95.0,318.0,588.0,-12.0,screener
THEMISMED,Mar 2026,2026-03-31,annual,9.0,389.0,100.0,99.0,598.0,167.0,2.0,109.0,320.0,598.0,-9.0,screener
THERMAX,Mar 2022,2022-03-31,annual,23.0,3470.0,368.0,3598.0,7458.0,1195.0,44.0,1477.0,4742.0,7458.0,-1109.0,screener
THERMAX,Mar 2023,2023-03-31,annual,23.0,3846.0,831.0,4137.0,8836.0,1248.0,434.0,1626.0,5528.0,8836.0,-795.0,screener
THERMAX,Mar 2024,2024-03-31,annual,23.0,4417.0,1277.0,4424.0,10141.0,1906.0,525.0,1765.0,5945.0,10141.0,-488.0,screener
THERMAX,Mar 2025,2025-03-31,annual,23.0,4914.0,1718.0,5353.0,12008.0,2806.0,563.0,1699.0,6941.0,12008.0,19.0,screener
THERMAX,Mar 2026,2026-03-31,annual,23.0,5527.0,2353.0,5380.0,13282.0,3098.0,1392.0,1784.0,7009.0,13282.0,569.0,screener
THOMASCOOK,Mar 2022,2022-03-31,annual,44.0,1651.0,598.0,2321.0,4615.0,2580.0,14.0,129.0,1892.0,4615.0,469.0,screener
THOMASCOOK,Mar 2023,2023-03-31,annual,47.0,1666.0,539.0,3404.0,5657.0,2576.0,26.0,106.0,2948.0,5657.0,433.0,screener
THOMASCOOK,Mar 2024,2024-03-31,annual,47.0,2010.0,418.0,3889.0,6364.0,2770.0,60.0,134.0,3400.0,6364.0,284.0,screener
THOMASCOOK,Mar 2025,2025-03-31,annual,47.0,2213.0,465.0,4303.0,7028.0,2809.0,93.0,134.0,3992.0,7028.0,331.0,screener
THOMASCOOK,Mar 2026,2026-03-31,annual,47.0,2499.0,539.0,4813.0,7899.0,3149.0,8.0,287.0,4455.0,7899.0,252.0,screener
THYROCARE,Mar 2022,2022-03-31,annual,53.0,474.0,21.0,60.0,607.0,285.0,3.0,146.0,173.0,607.0,-125.0,screener
THYROCARE,Mar 2023,2023-03-31,annual,53.0,481.0,23.0,74.0,632.0,294.0,2.0,144.0,192.0,632.0,-121.0,screener
THYROCARE,Mar 2024,2024-03-31,annual,53.0,474.0,42.0,75.0,644.0,306.0,3.0,162.0,173.0,644.0,-120.0,screener
THYROCARE,Mar 2025,2025-03-31,annual,53.0,494.0,25.0,121.0,693.0,297.0,14.0,162.0,220.0,693.0,-137.0,screener
THYROCARE,Mar 2026,2026-03-31,annual,159.0,426.0,51.0,111.0,747.0,317.0,3.0,177.0,250.0,747.0,-126.0,screener
TI,Mar 2022,2022-03-31,annual,159.0,-25.0,585.0,295.0,1013.0,439.0,100.0,0.0,474.0,1013.0,585.0,screener
TI,Mar 2023,2023-03-31,annual,185.0,298.0,256.0,273.0,1012.0,420.0,0.0,23.0,569.0,1012.0,233.0,screener
TI,Mar 2024,2024-03-31,annual,193.0,461.0,121.0,258.0,1033.0,396.0,0.0,12.0,625.0,1033.0,109.0,screener
TI,Mar 2025,2025-03-31,annual,194.0,689.0,44.0,286.0,1213.0,370.0,3.0,30.0,810.0,1213.0,14.0,screener
TI,Mar 2026,2026-03-31,annual,247.0,2735.0,2301.0,877.0,6160.0,3772.0,60.0,32.0,2295.0,6160.0,2269.0,screener
TICL,Mar 2022,2022-03-31,annual,28.74,229.75,337.7,84.18,680.37,14.97,420.55,14.67,230.18,680.37,323.03,screener
TICL,Mar 2023,2023-03-31,annual,28.74,227.33,337.7,144.86,738.63,12.2,422.35,13.46,290.62,738.63,324.24,screener
TICL,Mar 2024,2024-03-31,annual,15.5,232.05,333.98,68.84,650.37,9.3,422.35,4.57,214.15,650.37,329.41,screener
TICL,Mar 2025,2025-03-31,annual,15.5,288.1,338.76,81.27,723.63,7.5,422.35,4.42,289.36,723.63,334.34,screener
TICL,Mar 2026,2026-03-31,annual,15.5,295.9,354.03,101.77,767.2,6.06,422.35,4.48,334.31,767.2,349.55,screener
TIIL,Mar 2022,2022-03-31,annual,24.0,1312.0,506.0,268.0,2111.0,420.0,17.0,420.0,1253.0,2111.0,86.0,screener
TIIL,Mar 2023,2023-03-31,annual,23.0,1393.0,656.0,292.0,2364.0,438.0,40.0,331.0,1555.0,2364.0,325.0,screener
TIIL,Mar 2024,2024-03-31,annual,23.0,1652.0,675.0,342.0,2692.0,738.0,14.0,410.0,1531.0,2692.0,265.0,screener
TIIL,Mar 2025,2025-03-31,annual,23.0,1750.0,846.0,378.0,2996.0,855.0,33.0,435.0,1673.0,2996.0,411.0,screener
TIIL,Mar 2026,2026-03-31,annual,23.0,2000.0,819.0,408.0,3249.0,858.0,14.0,468.0,1909.0,3249.0,351.0,screener
TIINDIA,Mar 2022,2022-03-31,annual,19.0,3052.0,871.0,4932.0,8874.0,3324.0,128.0,542.0,4880.0,8874.0,329.0,screener
TIINDIA,Mar 2023,2023-03-31,annual,19.0,3931.0,726.0,5583.0,10260.0,3588.0,191.0,729.0,5752.0,10260.0,-3.0,screener
TIINDIA,Mar 2024,2024-03-31,annual,19.0,5080.0,896.0,7109.0,13105.0,4417.0,381.0,1370.0,6938.0,13105.0,-474.0,screener
TIINDIA,Mar 2025,2025-03-31,annual,19.0,5516.0,703.0,9640.0,15879.0,5210.0,770.0,931.0,8969.0,15879.0,-228.0,screener
TIINDIA,Mar 2026,2026-03-31,annual,19.0,7732.0,754.0,12919.0,21425.0,6232.0,895.0,1024.0,13274.0,21425.0,-270.0,screener
TIL,Mar 2022,2022-03-31,annual,10.0,-211.0,408.0,172.0,380.0,119.0,0.0,1.0,260.0,380.0,407.0,screener
TIL,Mar 2023,2023-03-31,annual,10.0,-302.0,411.0,232.0,350.0,106.0,0.0,1.0,243.0,350.0,410.0,screener
TIL,Mar 2024,2024-03-31,annual,18.0,14.0,172.0,210.0,414.0,104.0,0.0,1.0,309.0,414.0,171.0,screener
TIL,Mar 2025,2025-03-31,annual,67.0,16.0,284.0,155.0,522.0,99.0,2.0,1.0,421.0,522.0,283.0,screener
TIL,Mar 2026,2026-03-31,annual,70.0,41.0,382.0,194.0,687.0,99.0,0.0,5.0,584.0,687.0,377.0,screener
TIMETECHNO,Mar 2022,2022-03-31,annual,23.0,2050.0,906.0,626.0,3604.0,1314.0,70.0,0.0,2220.0,3604.0,906.0,screener
TIMETECHNO,Mar 2023,2023-03-31,annual,23.0,2247.0,900.0,660.0,3829.0,1383.0,68.0,0.0,2379.0,3829.0,900.0,screener
TIMETECHNO,Mar 2024,2024-03-31,annual,23.0,2530.0,829.0,732.0,4114.0,1368.0,41.0,2.0,2703.0,4114.0,827.0,screener
TIMETECHNO,Mar 2025,2025-03-31,annual,23.0,2869.0,732.0,775.0,4399.0,1373.0,79.0,3.0,2943.0,4399.0,729.0,screener
TIMETECHNO,Mar 2026,2026-03-31,annual,49.0,4039.0,733.0,817.0,5639.0,1435.0,230.0,6.0,3968.0,5639.0,727.0,screener
TIMKEN,Mar 2025,2025-03-31,annual,75.0,2823.0,18.0,572.0,3488.0,810.0,592.0,117.0,1969.0,3488.0,-99.0,screener
TIMKEN,Mar 2026,2026-03-31,annual,75.0,2839.0,15.0,771.0,3700.0,1446.0,101.0,51.0,2102.0,3700.0,-36.0,screener
TINNARUBR,Mar 2022,2022-03-31,annual,9.0,69.0,71.0,41.0,189.0,77.0,1.0,26.0,85.0,189.0,45.0,screener
TINNARUBR,Mar 2023,2023-03-31,annual,9.0,87.0,60.0,37.0,193.0,74.0,0.0,28.0,90.0,193.0,32.0,screener
TINNARUBR,Mar 2024,2024-03-31,annual,17.0,111.0,86.0,54.0,268.0,130.0,7.0,31.0,100.0,268.0,55.0,screener
TINNARUBR,Mar 2025,2025-03-31,annual,17.0,161.0,135.0,72.0,385.0,185.0,11.0,40.0,149.0,385.0,95.0,screener
TINNARUBR,Mar 2026,2026-03-31,annual,18.0,282.0,129.0,99.0,529.0,249.0,42.0,34.0,204.0,529.0,95.0,screener
TIRUMALCHM,Mar 2022,2022-03-31,annual,10.0,1075.0,165.0,612.0,1862.0,596.0,64.0,180.0,1022.0,1862.0,-15.0,screener
TIRUMALCHM,Mar 2023,2023-03-31,annual,10.0,1182.0,514.0,654.0,2360.0,671.0,406.0,132.0,1150.0,2360.0,382.0,screener
TIRUMALCHM,Mar 2024,2024-03-31,annual,10.0,1136.0,1252.0,922.0,3320.0,712.0,1200.0,173.0,1236.0,3320.0,1079.0,screener
TIRUMALCHM,Mar 2025,2025-03-31,annual,10.0,1145.0,1786.0,867.0,3808.0,1251.0,1352.0,200.0,1005.0,3808.0,1586.0,screener
TIRUMALCHM,Mar 2026,2026-03-31,annual,12.0,1552.0,2175.0,998.0,4737.0,1251.0,2518.0,154.0,813.0,4737.0,2021.0,screener
TITAGARH,Mar 2022,2022-03-31,annual,24.0,818.0,920.0,903.0,2664.0,966.0,61.0,30.0,1607.0,2664.0,890.0,screener
TITAGARH,Mar 2023,2023-03-31,annual,24.0,940.0,353.0,931.0,2248.0,732.0,12.0,32.0,1472.0,2248.0,321.0,screener
TITAGARH,Mar 2024,2024-03-31,annual,27.0,2191.0,166.0,832.0,3216.0,748.0,174.0,198.0,2097.0,3216.0,-32.0,screener
TITAGARH,Mar 2025,2025-03-31,annual,27.0,2456.0,627.0,651.0,3761.0,992.0,122.0,299.0,2348.0,3761.0,328.0,screener
TITAGARH,Mar 2026,2026-03-31,annual,27.0,2429.0,623.0,960.0,4039.0,1394.0,72.0,279.0,2295.0,4039.0,344.0,screener
TITAN,Mar 2022,2022-03-31,annual,89.0,9214.0,7275.0,4610.0,21188.0,2544.0,85.0,294.0,18265.0,21188.0,6981.0,screener
TITAN,Mar 2023,2023-03-31,annual,89.0,11762.0,9367.0,5802.0,27020.0,2998.0,144.0,2515.0,21363.0,27020.0,6852.0,screener
TITAN,Mar 2024,2024-03-31,annual,89.0,9304.0,15528.0,6626.0,31547.0,3709.0,97.0,2345.0,25396.0,31547.0,13183.0,screener
TITAN,Mar 2025,2025-03-31,annual,89.0,11535.0,20777.0,8244.0,40645.0,4062.0,105.0,1988.0,34490.0,40645.0,18789.0,screener
TITAN,Mar 2026,2026-03-31,annual,89.0,15614.0,30621.0,14237.0,60561.0,6878.0,163.0,3506.0,50014.0,60561.0,27115.0,screener
TMCV,Mar 2025,2025-03-31,annual,0.0,10533.0,9925.0,26393.0,46851.0,13664.0,1875.0,5282.0,26030.0,46851.0,4643.0,screener
TMCV,Mar 2026,2026-03-31,annual,736.0,11998.0,5615.0,33960.0,52309.0,13962.0,2026.0,13283.0,23038.0,52309.0,-7668.0,screener
TMPV,Mar 2022,2022-03-31,annual,766.0,43795.0,146449.0,138051.0,329061.0,138855.0,10251.0,29380.0,150575.0,329061.0,117069.0,screener
TMPV,Mar 2023,2023-03-31,annual,766.0,44556.0,134113.0,155239.0,334674.0,132080.0,14274.0,26379.0,161941.0,334674.0,107734.0,screener
TMPV,Mar 2024,2024-03-31,annual,767.0,84151.0,107264.0,177339.0,369521.0,121285.0,35698.0,22971.0,189567.0,369521.0,84293.0,screener
TMPV,Mar 2025,2025-03-31,annual,736.0,115408.0,71540.0,189289.0,376973.0,115697.0,65806.0,35656.0,159814.0,376973.0,35884.0,screener
TMPV,Mar 2026,2026-03-31,annual,737.0,111331.0,79109.0,188012.0,379189.0,104656.0,102654.0,26313.0,145566.0,379189.0,52796.0,screener
TNPETRO,Mar 2022,2022-03-31,annual,90.0,658.0,56.0,177.0,981.0,267.0,27.0,1.0,685.0,981.0,55.0,screener
TNPETRO,Mar 2023,2023-03-31,annual,90.0,731.0,76.0,205.0,1102.0,247.0,103.0,7.0,745.0,1102.0,69.0,screener
TNPETRO,Mar 2024,2024-03-31,annual,90.0,769.0,18.0,213.0,1091.0,304.0,73.0,15.0,699.0,1091.0,3.0,screener
TNPETRO,Mar 2025,2025-03-31,annual,90.0,822.0,135.0,307.0,1354.0,285.0,452.0,15.0,602.0,1354.0,120.0,screener
TNPETRO,Mar 2026,2026-03-31,annual,90.0,928.0,465.0,217.0,1700.0,852.0,116.0,10.0,721.0,1700.0,455.0,screener
TOLINS,Mar 2024,2024-03-31,annual,15.0,85.0,79.0,42.0,222.0,50.0,10.0,0.0,161.0,222.0,79.0,screener
TOLINS,Mar 2025,2025-03-31,annual,20.0,305.0,17.0,29.0,370.0,52.0,10.0,0.0,307.0,370.0,17.0,screener
TOLINS,Mar 2026,2026-03-31,annual,20.0,341.0,11.0,20.0,393.0,50.0,12.0,0.0,330.0,393.0,11.0,screener
TORNTPHARM,Mar 2022,2022-03-31,annual,85.0,5868.0,4070.0,2884.0,12906.0,6423.0,630.0,226.0,5628.0,12906.0,3844.0,screener
TORNTPHARM,Mar 2023,2023-03-31,annual,169.0,6029.0,5369.0,3043.0,14610.0,8121.0,765.0,199.0,5524.0,14610.0,5170.0,screener
TORNTPHARM,Mar 2024,2024-03-31,annual,169.0,6687.0,4022.0,3627.0,14505.0,8138.0,361.0,173.0,5834.0,14505.0,3849.0,screener
TORNTPHARM,Mar 2025,2025-03-31,annual,169.0,7421.0,3202.0,3603.0,14396.0,7947.0,478.0,156.0,5815.0,14396.0,3046.0,screener
TORNTPHARM,Mar 2026,2026-03-31,annual,169.0,8219.0,15026.0,20200.0,43614.0,33191.0,641.0,948.0,8833.0,43614.0,14078.0,screener
TORNTPOWER,Mar 2022,2022-03-31,annual,481.0,9463.0,9143.0,5902.0,24988.0,17097.0,1297.0,407.0,6187.0,24988.0,8736.0,screener
TORNTPOWER,Mar 2023,2023-03-31,annual,481.0,10529.0,10541.0,8320.0,29872.0,19269.0,2625.0,804.0,7174.0,29872.0,9737.0,screener
TORNTPOWER,Mar 2024,2024-03-31,annual,481.0,11581.0,11632.0,9633.0,33326.0,21802.0,2472.0,954.0,8097.0,33326.0,10678.0,screener
TORNTPOWER,Mar 2025,2025-03-31,annual,504.0,17111.0,8840.0,10004.0,36459.0,24286.0,2250.0,895.0,9028.0,36459.0,7945.0,screener
TORNTPOWER,Mar 2026,2026-03-31,annual,504.0,18571.0,13971.0,11999.0,45045.0,25611.0,6965.0,1531.0,10938.0,45045.0,12440.0,screener
TRANSPEK,Mar 2022,2022-03-31,annual,6.0,479.0,137.0,143.0,764.0,295.0,16.0,196.0,258.0,764.0,-59.0,screener
TRANSPEK,Mar 2023,2023-03-31,annual,6.0,581.0,145.0,155.0,887.0,365.0,24.0,238.0,260.0,887.0,-93.0,screener
TRANSPEK,Mar 2024,2024-03-31,annual,6.0,668.0,123.0,169.0,966.0,397.0,6.0,321.0,242.0,966.0,-198.0,screener
TRANSPEK,Mar 2025,2025-03-31,annual,6.0,740.0,94.0,161.0,1001.0,360.0,5.0,328.0,307.0,1001.0,-234.0,screener
TRANSPEK,Mar 2026,2026-03-31,annual,6.0,762.0,60.0,181.0,1008.0,343.0,5.0,316.0,344.0,1008.0,-256.0,screener
TRANSRAILL,Mar 2022,2022-03-31,annual,23.0,640.0,469.0,1710.0,2842.0,334.0,17.0,3.0,2487.0,2842.0,466.0,screener
TRANSRAILL,Mar 2023,2023-03-31,annual,23.0,749.0,621.0,2053.0,3445.0,379.0,4.0,3.0,3059.0,3445.0,618.0,screener
TRANSRAILL,Mar 2024,2024-03-31,annual,25.0,1114.0,667.0,2814.0,4621.0,374.0,6.0,5.0,4236.0,4621.0,662.0,screener
TRANSRAILL,Mar 2025,2025-03-31,annual,27.0,1854.0,661.0,3691.0,6233.0,425.0,12.0,0.0,5795.0,6233.0,661.0,screener
TRANSRAILL,Mar 2026,2026-03-31,annual,27.0,2254.0,678.0,4395.0,7354.0,600.0,65.0,1.0,6688.0,7354.0,677.0,screener
TRAVELFOOD,Mar 2022,2022-03-31,annual,4.0,472.0,38.0,208.0,722.0,99.0,2.0,309.0,313.0,722.0,-271.0,screener
TRAVELFOOD,Mar 2023,2023-03-31,annual,4.0,652.0,383.0,294.0,1332.0,353.0,6.0,464.0,510.0,1332.0,-81.0,screener
TRAVELFOOD,Mar 2024,2024-03-31,annual,4.0,870.0,416.0,407.0,1696.0,387.0,23.0,594.0,693.0,1696.0,-178.0,screener
TRAVELFOOD,Mar 2025,2025-03-31,annual,13.0,1040.0,333.0,516.0,1903.0,372.0,39.0,868.0,624.0,1903.0,-535.0,screener
TRAVELFOOD,Mar 2026,2026-03-31,annual,13.0,1430.0,245.0,592.0,2280.0,636.0,28.0,776.0,839.0,2280.0,-531.0,screener
TREJHARA,Mar 2022,2022-03-31,annual,12.0,464.0,24.0,110.0,610.0,1.0,148.0,0.0,461.0,610.0,24.0,screener
TREJHARA,Mar 2023,2023-03-31,annual,12.0,186.0,21.0,128.0,346.0,32.0,43.0,0.0,270.0,346.0,21.0,screener
TREJHARA,Mar 2024,2024-03-31,annual,15.0,207.0,2.0,18.0,241.0,24.0,6.0,0.0,211.0,241.0,2.0,screener
TREJHARA,Mar 2025,2025-03-31,annual,24.0,212.0,8.0,19.0,264.0,32.0,0.0,0.0,232.0,264.0,8.0,screener
TREJHARA,Mar 2026,2026-03-31,annual,24.0,273.0,23.0,76.0,396.0,159.0,0.0,0.0,237.0,396.0,23.0,screener
TRENT,Mar 2022,2022-03-31,annual,36.0,2328.0,4725.0,637.0,7726.0,4687.0,105.0,1284.0,1651.0,7726.0,3441.0,screener
TRENT,Mar 2023,2023-03-31,annual,36.0,2560.0,4464.0,1022.0,8082.0,4527.0,102.0,1110.0,2343.0,8082.0,3354.0,screener
TRENT,Mar 2024,2024-03-31,annual,36.0,4032.0,1753.0,1341.0,7162.0,2450.0,224.0,1416.0,3072.0,7162.0,337.0,screener
TRENT,Mar 2025,2025-03-31,annual,36.0,5426.0,2237.0,1721.0,9420.0,3895.0,180.0,1480.0,3865.0,9420.0,757.0,screener
TRENT,Mar 2026,2026-03-31,annual,36.0,6949.0,2561.0,2183.0,11729.0,5519.0,254.0,1385.0,4571.0,11729.0,1176.0,screener
TRITURBINE,Mar 2022,2022-03-31,annual,32.0,824.0,2.0,493.0,1352.0,247.0,3.0,478.0,624.0,1352.0,-476.0,screener
TRITURBINE,Mar 2023,2023-03-31,annual,32.0,729.0,4.0,593.0,1357.0,269.0,5.0,379.0,703.0,1357.0,-375.0,screener
TRITURBINE,Mar 2024,2024-03-31,annual,32.0,928.0,3.0,707.0,1670.0,283.0,1.0,458.0,928.0,1670.0,-455.0,screener
TRITURBINE,Mar 2025,2025-03-31,annual,32.0,1185.0,39.0,783.0,2039.0,323.0,19.0,348.0,1348.0,2039.0,-309.0,screener
TRITURBINE,Mar 2026,2026-03-31,annual,32.0,1414.0,36.0,1015.0,2497.0,363.0,17.0,304.0,1813.0,2497.0,-268.0,screener
TRIVENI,Mar 2022,2022-03-31,annual,24.0,1889.0,1575.0,815.0,4303.0,1077.0,257.0,193.0,2775.0,4303.0,1382.0,screener
TRIVENI,Mar 2023,2023-03-31,annual,22.0,2643.0,929.0,865.0,4459.0,1470.0,28.0,6.0,2955.0,4459.0,923.0,screener
TRIVENI,Mar 2024,2024-03-31,annual,22.0,2879.0,1424.0,799.0,5124.0,1517.0,226.0,55.0,3326.0,5124.0,1369.0,screener
TRIVENI,Mar 2025,2025-03-31,annual,22.0,3089.0,1980.0,1124.0,6215.0,2334.0,32.0,10.0,3840.0,6215.0,1970.0,screener
TRIVENI,Mar 2026,2026-03-31,annual,22.0,3321.0,2161.0,1017.0,6521.0,2398.0,14.0,7.0,4102.0,6521.0,2154.0,screener
TRU,Mar 2022,2022-03-31,annual,18.0,154.0,,13.0,472.0,23.0,24.0,26.0,399.0,472.0,,screener
TRU,Mar 2023,2023-03-31,annual,23.0,193.0,,13.0,671.0,24.0,29.0,49.0,570.0,671.0,,screener
TRU,Mar 2024,2024-03-31,annual,23.0,189.0,,23.0,921.0,31.0,23.0,28.0,839.0,921.0,,screener
TRU,Mar 2025,2025-03-31,annual,23.0,139.0,,17.0,699.0,22.0,4.0,31.0,642.0,699.0,,screener
TRU,Mar 2026,2026-03-31,annual,24.0,27.0,,9.0,392.0,13.0,0.0,27.0,352.0,392.0,,screener
TRUALT,Mar 2023,2023-03-31,annual,61.0,179.0,1150.0,465.0,1856.0,1302.0,10.0,0.0,545.0,1856.0,1150.0,screener
TRUALT,Mar 2024,2024-03-31,annual,61.0,204.0,1685.0,469.0,2418.0,1427.0,201.0,10.0,780.0,2418.0,1675.0,screener
TRUALT,Mar 2025,2025-03-31,annual,71.0,698.0,1557.0,704.0,3030.0,1826.0,3.0,4.0,1197.0,3030.0,1553.0,screener
TRUALT,Mar 2026,2026-03-31,annual,86.0,1435.0,1652.0,606.0,3778.0,2185.0,68.0,4.0,1521.0,3778.0,1648.0,screener
TSFINV,Mar 2022,2022-03-31,annual,111.0,2891.0,3.0,90.0,3096.0,9.0,0.0,3053.0,34.0,3096.0,-3050.0,screener
TSFINV,Mar 2023,2023-03-31,annual,111.0,3459.0,18.0,46.0,3635.0,41.0,0.0,3553.0,40.0,3635.0,-3535.0,screener
TSFINV,Mar 2024,2024-03-31,annual,111.0,4682.0,18.0,137.0,4948.0,40.0,0.0,4708.0,200.0,4948.0,-4690.0,screener
TSFINV,Mar 2025,2025-03-31,annual,111.0,5496.0,16.0,214.0,5837.0,49.0,0.0,5738.0,50.0,5837.0,-5722.0,screener
TSFINV,Mar 2026,2026-03-31,annual,111.0,5922.0,235.0,480.0,6748.0,423.0,1.0,5781.0,543.0,6748.0,-5546.0,screener
TTKPRESTIG,Mar 2022,2022-03-31,annual,14.0,1716.0,92.0,593.0,2414.0,597.0,7.0,356.0,1456.0,2414.0,-264.0,screener
TTKPRESTIG,Mar 2023,2023-03-31,annual,14.0,1925.0,131.0,518.0,2587.0,684.0,10.0,249.0,1645.0,2587.0,-118.0,screener
TTKPRESTIG,Mar 2024,2024-03-31,annual,14.0,2074.0,180.0,470.0,2737.0,722.0,24.0,343.0,1648.0,2737.0,-163.0,screener
TTKPRESTIG,Mar 2025,2025-03-31,annual,14.0,1865.0,180.0,468.0,2526.0,680.0,1.0,241.0,1604.0,2526.0,-61.0,screener
TTKPRESTIG,Mar 2026,2026-03-31,annual,14.0,1966.0,174.0,572.0,2725.0,675.0,26.0,253.0,1772.0,2725.0,-79.0,screener
TULSI,Mar 2012,2012-03-31,annual,27.0,117.0,145.0,46.0,335.0,53.0,57.0,30.0,195.0,335.0,115.0,screener
TULSI,Mar 2013,2013-03-31,annual,27.0,125.0,160.0,61.0,373.0,64.0,55.0,4.0,250.0,373.0,156.0,screener
TULSI,Mar 2014,2014-03-31,annual,27.0,35.0,203.0,38.0,304.0,82.0,50.0,4.0,167.0,304.0,199.0,screener
TVSELECT,Mar 2015,2015-03-31,annual,18.0,27.0,53.0,51.0,149.0,41.0,0.0,8.0,101.0,149.0,45.0,screener
TVSELECT,Mar 2016,2016-03-31,annual,19.0,32.0,35.0,79.0,165.0,38.0,0.0,9.0,118.0,165.0,26.0,screener
TVSELECT,Mar 2017,2017-03-31,annual,19.0,48.0,25.0,292.0,384.0,35.0,0.0,5.0,344.0,384.0,20.0,screener
TVSELECT,Mar 2018,2018-03-31,annual,19.0,64.0,3.0,950.0,1036.0,31.0,0.0,1.0,1003.0,1036.0,2.0,screener
TVSELECT,Mar 2019,2019-03-31,annual,19.0,68.0,0.0,78.0,165.0,30.0,0.0,16.0,118.0,165.0,-16.0,screener
TVSMOTOR,Mar 2022,2022-03-31,annual,48.0,4352.0,15827.0,6692.0,26919.0,5975.0,552.0,605.0,19788.0,26919.0,15222.0,screener
TVSMOTOR,Mar 2023,2023-03-31,annual,48.0,5457.0,22376.0,7144.0,35025.0,5748.0,743.0,967.0,27566.0,35025.0,21409.0,screener
TVSMOTOR,Mar 2024,2024-03-31,annual,48.0,6736.0,26006.0,9235.0,42024.0,5891.0,1033.0,1123.0,33977.0,42024.0,24883.0,screener
TVSMOTOR,Mar 2025,2025-03-31,annual,48.0,8456.0,28609.0,10539.0,47651.0,7644.0,1465.0,1247.0,37294.0,47651.0,27362.0,screener
TVSMOTOR,Mar 2026,2026-03-31,annual,48.0,9517.0,32791.0,14145.0,56501.0,10200.0,974.0,1147.0,44181.0,56501.0,31644.0,screener
TVSSCS,Mar 2022,2022-03-31,annual,36.0,678.0,2954.0,1986.0,5654.0,2141.0,12.0,100.0,3401.0,5654.0,2854.0,screener
TVSSCS,Mar 2023,2023-03-31,annual,36.0,687.0,3324.0,2070.0,6117.0,2296.0,35.0,105.0,3681.0,6117.0,3219.0,screener
TVSSCS,Mar 2024,2024-03-31,annual,44.0,1771.0,2199.0,1757.0,5771.0,2350.0,12.0,93.0,3316.0,5771.0,2106.0,screener
TVSSCS,Mar 2025,2025-03-31,annual,44.0,1758.0,2088.0,1836.0,5726.0,2165.0,82.0,98.0,3380.0,5726.0,1990.0,screener
TVSSCS,Mar 2026,2026-03-31,annual,44.0,1989.0,2755.0,2411.0,7200.0,2866.0,8.0,280.0,4045.0,7200.0,2475.0,screener
TVSSRICHAK,Mar 2022,2022-03-31,annual,8.0,963.0,610.0,779.0,2359.0,708.0,226.0,254.0,1171.0,2359.0,356.0,screener
TVSSRICHAK,Mar 2023,2023-03-31,annual,8.0,1027.0,662.0,757.0,2453.0,905.0,145.0,255.0,1149.0,2453.0,407.0,screener
TVSSRICHAK,Mar 2024,2024-03-31,annual,8.0,1104.0,842.0,739.0,2694.0,1084.0,143.0,260.0,1207.0,2694.0,582.0,screener
TVSSRICHAK,Mar 2025,2025-03-31,annual,8.0,1176.0,886.0,906.0,2976.0,1167.0,98.0,392.0,1319.0,2976.0,494.0,screener
TVSSRICHAK,Mar 2026,2026-03-31,annual,8.0,1183.0,767.0,1085.0,3043.0,1188.0,40.0,414.0,1400.0,3043.0,353.0,screener
TVTODAY,Mar 2022,2022-03-31,annual,30.0,1128.0,32.0,222.0,1411.0,227.0,1.0,0.0,1183.0,1411.0,32.0,screener
TVTODAY,Mar 2023,2023-03-31,annual,30.0,799.0,34.0,210.0,1073.0,214.0,1.0,0.0,857.0,1073.0,34.0,screener
TVTODAY,Mar 2024,2024-03-31,annual,30.0,838.0,34.0,225.0,1127.0,193.0,3.0,0.0,930.0,1127.0,34.0,screener
TVTODAY,Mar 2025,2025-03-31,annual,30.0,861.0,21.0,221.0,1133.0,152.0,0.0,0.0,981.0,1133.0,21.0,screener
TVTODAY,Mar 2026,2026-03-31,annual,30.0,861.0,15.0,224.0,1129.0,345.0,3.0,0.0,782.0,1129.0,15.0,screener
UBL,Mar 2022,2022-03-31,annual,26.0,3909.0,10.0,2004.0,5949.0,1913.0,110.0,8.0,3918.0,5949.0,2.0,screener
UBL,Mar 2023,2023-03-31,annual,26.0,3938.0,16.0,2300.0,6280.0,1851.0,77.0,8.0,4344.0,6280.0,8.0,screener
UBL,Mar 2024,2024-03-31,annual,26.0,4152.0,102.0,2773.0,7053.0,1776.0,173.0,8.0,5097.0,7053.0,94.0,screener
UBL,Mar 2025,2025-03-31,annual,26.0,4337.0,620.0,3239.0,8223.0,1749.0,253.0,8.0,6213.0,8223.0,612.0,screener
UBL,Mar 2026,2026-03-31,annual,26.0,4496.0,1317.0,3854.0,9693.0,2050.0,512.0,8.0,7123.0,9693.0,1309.0,screener
UCAL,Mar 2022,2022-03-31,annual,22.0,369.0,223.0,164.0,778.0,473.0,4.0,3.0,299.0,778.0,220.0,screener
UCAL,Mar 2023,2023-03-31,annual,22.0,371.0,205.0,184.0,782.0,449.0,16.0,3.0,314.0,782.0,202.0,screener
UCAL,Mar 2024,2024-03-31,annual,22.0,349.0,268.0,162.0,801.0,503.0,21.0,3.0,274.0,801.0,265.0,screener
UCAL,Mar 2025,2025-03-31,annual,22.0,333.0,312.0,176.0,842.0,478.0,27.0,4.0,334.0,842.0,308.0,screener
UCAL,Mar 2026,2026-03-31,annual,22.0,304.0,186.0,169.0,680.0,387.0,27.0,3.0,264.0,680.0,183.0,screener
UCOBANK,Mar 2021,2021-03-31,annual,9918.0,12598.0,,9428.0,253246.0,3151.0,67.0,93693.0,156335.0,253246.0,,screener
UCOBANK,Mar 2022,2022-03-31,annual,11956.0,11513.0,,6609.0,267659.0,3287.0,48.0,96749.0,167575.0,267659.0,,screener
UCOBANK,Mar 2023,2023-03-31,annual,11956.0,13648.0,,5260.0,300702.0,3444.0,65.0,95009.0,202184.0,300702.0,,screener
UCOBANK,Mar 2024,2024-03-31,annual,11956.0,15258.0,,7873.0,323548.0,3717.0,65.0,92761.0,227006.0,323548.0,,screener
UCOBANK,Mar 2025,2025-03-31,annual,12540.0,18345.0,,9247.0,362361.0,3791.0,61.0,94153.0,264357.0,362361.0,,screener
UDS,Mar 2022,2022-03-31,annual,53.0,288.0,71.0,452.0,864.0,204.0,4.0,0.0,655.0,864.0,71.0,screener
UDS,Mar 2023,2023-03-31,annual,53.0,328.0,220.0,600.0,1201.0,359.0,0.0,4.0,838.0,1201.0,216.0,screener
UDS,Mar 2024,2024-03-31,annual,67.0,773.0,105.0,578.0,1523.0,357.0,11.0,6.0,1149.0,1523.0,99.0,screener
UDS,Mar 2025,2025-03-31,annual,67.0,891.0,102.0,517.0,1578.0,357.0,1.0,43.0,1176.0,1578.0,59.0,screener
UDS,Mar 2026,2026-03-31,annual,67.0,985.0,45.0,543.0,1640.0,342.0,0.0,78.0,1219.0,1640.0,-33.0,screener
UEL,Mar 2015,2015-03-31,annual,20.0,153.0,110.0,80.0,363.0,183.0,0.0,2.0,178.0,363.0,108.0,screener
UEL,Mar 2016,2016-03-31,annual,20.0,172.0,104.0,196.0,491.0,176.0,0.0,26.0,288.0,491.0,78.0,screener
UEL,Mar 2017,2017-03-31,annual,20.0,179.0,117.0,213.0,529.0,181.0,0.0,28.0,320.0,529.0,89.0,screener
UEL,Mar 2018,2018-03-31,annual,20.0,195.0,138.0,197.0,551.0,174.0,0.0,3.0,374.0,551.0,135.0,screener
UFBL,Mar 2022,2022-03-31,annual,19.0,367.0,610.0,145.0,1141.0,872.0,21.0,0.0,248.0,1141.0,610.0,screener
UFBL,Mar 2023,2023-03-31,annual,19.0,382.0,684.0,173.0,1259.0,1012.0,27.0,0.0,220.0,1259.0,684.0,screener
UFBL,Mar 2024,2024-03-31,annual,20.0,373.0,686.0,198.0,1277.0,1036.0,5.0,0.0,237.0,1277.0,686.0,screener
UFBL,Mar 2025,2025-03-31,annual,20.0,343.0,758.0,194.0,1314.0,1061.0,14.0,12.0,227.0,1314.0,746.0,screener
UFBL,Mar 2026,2026-03-31,annual,20.0,291.0,885.0,242.0,1437.0,1161.0,14.0,0.0,263.0,1437.0,885.0,screener
UFLEX,Mar 2022,2022-03-31,annual,72.0,6624.0,4787.0,2959.0,14441.0,6417.0,671.0,212.0,7141.0,14441.0,4575.0,screener
UFLEX,Mar 2023,2023-03-31,annual,72.0,7433.0,5704.0,3229.0,16438.0,7786.0,466.0,191.0,7994.0,16438.0,5513.0,screener
UFLEX,Mar 2024,2024-03-31,annual,72.0,7153.0,6947.0,3176.0,17348.0,8223.0,538.0,170.0,8416.0,17348.0,6777.0,screener
UFLEX,Mar 2025,2025-03-31,annual,72.0,7324.0,8353.0,3687.0,19437.0,8739.0,725.0,145.0,9828.0,19437.0,8208.0,screener
UFLEX,Mar 2026,2026-03-31,annual,72.0,8050.0,10152.0,3897.0,22171.0,9790.0,2169.0,116.0,10096.0,22171.0,10036.0,screener
ULTRACEMCO,Mar 2022,2022-03-31,annual,289.0,50147.0,11299.0,22077.0,83811.0,55488.0,4785.0,6336.0,17203.0,83811.0,4963.0,screener
ULTRACEMCO,Mar 2023,2023-03-31,annual,289.0,54036.0,11058.0,25998.0,91380.0,59579.0,4040.0,7297.0,20464.0,91380.0,3761.0,screener
ULTRACEMCO,Mar 2024,2024-03-31,annual,289.0,59939.0,11403.0,29167.0,100797.0,62878.0,6811.0,8249.0,22859.0,100797.0,3154.0,screener
ULTRACEMCO,Mar 2025,2025-03-31,annual,295.0,70412.0,24102.0,38823.0,133632.0,94564.0,6234.0,5156.0,27677.0,133632.0,18946.0,screener
ULTRACEMCO,Mar 2026,2026-03-31,annual,295.0,76329.0,23755.0,40997.0,141376.0,99260.0,8276.0,6740.0,27101.0,141376.0,17015.0,screener
ULTRAMAR,Mar 2022,2022-03-31,annual,6.0,854.0,53.0,82.0,995.0,152.0,69.0,551.0,222.0,995.0,-498.0,screener
ULTRAMAR,Mar 2023,2023-03-31,annual,6.0,730.0,75.0,70.0,881.0,238.0,29.0,366.0,248.0,881.0,-291.0,screener
ULTRAMAR,Mar 2024,2024-03-31,annual,6.0,894.0,79.0,97.0,1076.0,281.0,30.0,492.0,274.0,1076.0,-413.0,screener
ULTRAMAR,Mar 2025,2025-03-31,annual,6.0,967.0,94.0,106.0,1173.0,334.0,26.0,513.0,299.0,1173.0,-419.0,screener
ULTRAMAR,Mar 2026,2026-03-31,annual,6.0,864.0,86.0,138.0,1094.0,373.0,30.0,376.0,315.0,1094.0,-290.0,screener
UNICHEMLAB,Mar 2022,2022-03-31,annual,14.0,2604.0,349.0,351.0,3319.0,990.0,494.0,264.0,1571.0,3319.0,85.0,screener
UNICHEMLAB,Mar 2023,2023-03-31,annual,14.0,2421.0,314.0,444.0,3193.0,1257.0,147.0,2.0,1787.0,3193.0,312.0,screener
UNICHEMLAB,Mar 2024,2024-03-31,annual,14.0,2424.0,248.0,589.0,3275.0,1252.0,123.0,1.0,1898.0,3275.0,247.0,screener
UNICHEMLAB,Mar 2025,2025-03-31,annual,14.0,2437.0,460.0,659.0,3569.0,1300.0,31.0,0.0,2239.0,3569.0,460.0,screener
UNICHEMLAB,Mar 2026,2026-03-31,annual,14.0,2703.0,500.0,520.0,3737.0,1213.0,100.0,0.0,2425.0,3737.0,500.0,screener
UNIMECH,Mar 2022,2022-03-31,annual,1.0,27.0,20.0,9.0,57.0,25.0,3.0,0.0,29.0,57.0,20.0,screener
UNIMECH,Mar 2023,2023-03-31,annual,1.0,48.0,24.0,20.0,93.0,29.0,0.0,0.0,64.0,93.0,24.0,screener
UNIMECH,Mar 2024,2024-03-31,annual,22.0,87.0,30.0,37.0,175.0,52.0,0.0,0.0,123.0,175.0,30.0,screener
UNIMECH,Mar 2025,2025-03-31,annual,25.0,643.0,84.0,54.0,807.0,162.0,5.0,344.0,297.0,807.0,-260.0,screener
UNIMECH,Mar 2026,2026-03-31,annual,25.0,712.0,127.0,59.0,924.0,198.0,3.0,480.0,243.0,924.0,-353.0,screener
UNIONBANK,Mar 2022,2022-03-31,annual,6835.0,64026.0,,37292.0,1193766.0,7171.0,37.0,351839.0,834718.0,1193766.0,,screener
UNIONBANK,Mar 2023,2023-03-31,annual,6835.0,71969.0,,46495.0,1288357.0,8826.0,22.0,343727.0,935782.0,1288357.0,,screener
UNIONBANK,Mar 2024,2024-03-31,annual,7634.0,89964.0,,52831.0,1401996.0,9224.0,36.0,343953.0,1048783.0,1401996.0,,screener
UNIONBANK,Mar 2025,2025-03-31,annual,7634.0,106200.0,,57714.0,1511329.0,9765.0,59.0,361903.0,1139602.0,1511329.0,,screener
UNIONBANK,Mar 2026,2026-03-31,annual,7634.0,125918.0,,66395.0,1587503.0,11596.0,64.0,343623.0,1232220.0,1587503.0,,screener
UNIPARTS,Mar 2022,2022-03-31,annual,45.0,641.0,158.0,205.0,1048.0,325.0,2.0,0.0,721.0,1048.0,158.0,screener
UNIPARTS,Mar 2023,2023-03-31,annual,45.0,786.0,61.0,182.0,1074.0,337.0,7.0,25.0,705.0,1074.0,36.0,screener
UNIPARTS,Mar 2024,2024-03-31,annual,45.0,823.0,103.0,170.0,1140.0,330.0,13.0,156.0,641.0,1140.0,-53.0,screener
UNIPARTS,Mar 2025,2025-03-31,annual,45.0,842.0,120.0,169.0,1176.0,325.0,12.0,245.0,594.0,1176.0,-125.0,screener
UNIPARTS,Mar 2026,2026-03-31,annual,45.0,825.0,155.0,230.0,1255.0,359.0,3.0,205.0,688.0,1255.0,-50.0,screener
UNITDSPR,Mar 2022,2022-03-31,annual,145.0,4808.0,605.0,3304.0,8863.0,1855.0,96.0,222.0,6690.0,8863.0,383.0,screener
UNITDSPR,Mar 2023,2023-03-31,annual,145.0,5854.0,183.0,3534.0,9716.0,1534.0,83.0,286.0,7813.0,9716.0,-103.0,screener
UNITDSPR,Mar 2024,2024-03-31,annual,145.0,6976.0,265.0,3790.0,11176.0,1560.0,37.0,645.0,8934.0,11176.0,-380.0,screener
UNITDSPR,Mar 2025,2025-03-31,annual,145.0,7959.0,480.0,4592.0,13176.0,1712.0,72.0,923.0,10469.0,13176.0,-443.0,screener
UNITDSPR,Mar 2026,2026-03-31,annual,145.0,8808.0,413.0,5103.0,14469.0,1404.0,77.0,1171.0,11817.0,14469.0,-758.0,screener
UNITEDTEA,Mar 2017,2017-03-31,annual,5.0,97.0,0.0,7.0,108.0,38.0,0.0,41.0,30.0,108.0,-41.0,screener
UNITEDTEA,Mar 2018,2018-03-31,annual,5.0,111.0,0.0,8.0,125.0,39.0,0.0,63.0,23.0,125.0,-63.0,screener
UNIVCABLES,Mar 2022,2022-03-31,annual,35.0,1260.0,694.0,770.0,2758.0,167.0,2.0,1190.0,1400.0,2758.0,-496.0,screener
UNIVCABLES,Mar 2023,2023-03-31,annual,35.0,1462.0,657.0,657.0,2810.0,161.0,11.0,1359.0,1280.0,2810.0,-702.0,screener
UNIVCABLES,Mar 2024,2024-03-31,annual,35.0,1740.0,771.0,774.0,3320.0,200.0,0.0,1652.0,1467.0,3320.0,-881.0,screener
UNIVCABLES,Mar 2025,2025-03-31,annual,35.0,1737.0,849.0,799.0,3419.0,255.0,35.0,1618.0,1511.0,3419.0,-769.0,screener
UNIVCABLES,Mar 2026,2026-03-31,annual,35.0,1856.0,1177.0,1255.0,4323.0,417.0,137.0,1654.0,2115.0,4323.0,-477.0,screener
UNOMINDA,Mar 2022,2022-03-31,annual,57.0,3381.0,948.0,2411.0,6798.0,2805.0,347.0,607.0,3040.0,6798.0,341.0,screener
UNOMINDA,Mar 2023,2023-03-31,annual,115.0,4041.0,1395.0,2716.0,8267.0,3316.0,293.0,869.0,3789.0,8267.0,526.0,screener
UNOMINDA,Mar 2024,2024-03-31,annual,115.0,4828.0,1706.0,3235.0,9884.0,3931.0,216.0,951.0,4786.0,9884.0,755.0,screener
UNOMINDA,Mar 2025,2025-03-31,annual,115.0,5612.0,2473.0,3530.0,11730.0,4749.0,730.0,848.0,5403.0,11730.0,1625.0,screener
UNOMINDA,Mar 2026,2026-03-31,annual,115.0,6714.0,2740.0,4129.0,13698.0,5658.0,746.0,951.0,6343.0,13698.0,1789.0,screener
UPL,Mar 2022,2022-03-31,annual,153.0,24508.0,26746.0,29196.0,80603.0,36193.0,2501.0,1922.0,39987.0,80603.0,24824.0,screener
UPL,Mar 2023,2023-03-31,annual,150.0,26708.0,23939.0,35318.0,86115.0,38713.0,2818.0,1615.0,42969.0,86115.0,22324.0,screener
UPL,Mar 2024,2024-03-31,annual,150.0,24657.0,29754.0,30579.0,85140.0,39056.0,2965.0,2154.0,40965.0,85140.0,27600.0,screener
UPL,Mar 2025,2025-03-31,annual,159.0,29054.0,25099.0,31700.0,86012.0,39084.0,2546.0,2328.0,42054.0,86012.0,22771.0,screener
UPL,Mar 2026,2026-03-31,annual,169.0,34527.0,23576.0,34847.0,93119.0,42153.0,3147.0,2666.0,45153.0,93119.0,20910.0,screener
URAVIDEF,Mar 2025,2025-03-31,annual,11.26,35.1,25.88,16.53,88.77,19.58,2.71,0.19,66.29,88.77,25.69,screener
URAVIDEF,Mar 2026,2026-03-31,annual,11.4,39.45,24.0,3.52,78.37,13.1,2.88,19.02,43.37,78.37,4.98,screener
URBANCO,Mar 2022,2022-03-31,annual,0.02,1551.0,0.0,243.0,1794.0,87.0,0.0,922.0,785.0,1794.0,-922.0,screener
URBANCO,Mar 2023,2023-03-31,annual,0.02,1339.0,102.0,195.0,1636.0,121.0,0.0,1009.0,506.0,1636.0,-907.0,screener
URBANCO,Mar 2024,2024-03-31,annual,0.02,1292.0,104.0,248.0,1645.0,117.0,0.0,762.0,766.0,1645.0,-658.0,screener
URBANCO,Mar 2025,2025-03-31,annual,49.0,1746.0,120.0,294.0,2210.0,127.0,0.0,1091.0,992.0,2210.0,-971.0,screener
URBANCO,Mar 2026,2026-03-31,annual,146.0,1997.0,136.0,439.0,2718.0,158.0,0.0,1262.0,1298.0,2718.0,-1126.0,screener
URJA,Mar 2022,2022-03-31,annual,53.39,117.03,5.88,388.49,564.79,137.89,0.0,0.65,426.25,564.79,5.23,screener
URJA,Mar 2023,2023-03-31,annual,53.39,118.55,6.5,106.85,285.29,47.85,90.91,0.65,145.88,285.29,5.85,screener
URJA,Mar 2024,2024-03-31,annual,53.39,120.59,5.01,103.61,282.6,47.81,85.26,0.7,148.83,282.6,4.31,screener
URJA,Mar 2025,2025-03-31,annual,53.39,121.86,8.29,107.45,290.99,48.34,78.98,0.7,162.97,290.99,7.59,screener
URJA,Mar 2026,2026-03-31,annual,53.39,123.28,9.42,61.92,248.01,104.4,0.0,0.7,142.91,248.01,8.72,screener
USHAMART,Mar 2022,2022-03-31,annual,31.0,1663.0,411.0,625.0,2730.0,913.0,38.0,56.0,1722.0,2730.0,355.0,screener
USHAMART,Mar 2023,2023-03-31,annual,31.0,2000.0,417.0,627.0,3075.0,952.0,139.0,66.0,1917.0,3075.0,351.0,screener
USHAMART,Mar 2024,2024-03-31,annual,31.0,2349.0,364.0,570.0,3313.0,1153.0,166.0,56.0,1938.0,3313.0,308.0,screener
USHAMART,Mar 2025,2025-03-31,annual,31.0,2721.0,417.0,563.0,3731.0,1406.0,118.0,68.0,2140.0,3731.0,349.0,screener
USHAMART,Mar 2026,2026-03-31,annual,31.0,3271.0,229.0,681.0,4212.0,1625.0,89.0,79.0,2419.0,4212.0,150.0,screener
UTIAMC,Mar 2022,2022-03-31,annual,127.0,3493.0,0.0,363.0,3983.0,357.0,8.0,2994.0,623.0,3983.0,-2994.0,screener
UTIAMC,Mar 2023,2023-03-31,annual,127.0,3741.0,0.0,307.0,4175.0,368.0,9.0,3248.0,550.0,4175.0,-3248.0,screener
UTIAMC,Mar 2024,2024-03-31,annual,127.0,4261.0,0.0,953.0,5341.0,412.0,3.0,4428.0,498.0,5341.0,-4428.0,screener
UTIAMC,Mar 2025,2025-03-31,annual,128.0,4471.0,0.0,1059.0,5658.0,408.0,11.0,4558.0,681.0,5658.0,-4558.0,screener
UTIAMC,Mar 2026,2026-03-31,annual,129.0,4376.0,141.0,398.0,5043.0,409.0,0.0,3988.0,647.0,5043.0,-3847.0,screener
UTLSOLAR,Mar 2020,2020-03-31,annual,14.0,11.0,125.0,46.0,195.0,89.0,0.0,0.0,106.0,195.0,125.0,screener
UTLSOLAR,Mar 2021,2021-03-31,annual,14.0,30.0,142.0,55.0,241.0,83.0,0.0,0.0,158.0,241.0,142.0,screener
UTTAMSUGAR,Mar 2024,2024-03-31,annual,38.0,658.0,761.0,327.0,1785.0,777.0,1.0,5.0,1002.0,1785.0,756.0,screener
UTTAMSUGAR,Mar 2025,2025-03-31,annual,38.0,750.0,833.0,527.0,2148.0,882.0,2.0,0.0,1264.0,2148.0,833.0,screener
UTTAMSUGAR,Mar 2026,2026-03-31,annual,38.0,838.0,722.0,339.0,1937.0,880.0,8.0,0.0,1050.0,1937.0,722.0,screener
V2RETAIL,Mar 2022,2022-03-31,annual,34.0,224.0,398.0,136.0,792.0,394.0,0.0,0.0,398.0,792.0,398.0,screener
V2RETAIL,Mar 2023,2023-03-31,annual,34.0,213.0,424.0,123.0,793.0,408.0,0.0,0.0,385.0,793.0,424.0,screener
V2RETAIL,Mar 2024,2024-03-31,annual,35.0,240.0,525.0,227.0,1027.0,480.0,0.0,0.0,547.0,1027.0,525.0,screener
V2RETAIL,Mar 2025,2025-03-31,annual,35.0,312.0,871.0,381.0,1599.0,863.0,4.0,0.0,732.0,1599.0,871.0,screener
V2RETAIL,Mar 2026,2026-03-31,annual,36.0,866.0,995.0,525.0,2422.0,968.0,36.0,0.0,1418.0,2422.0,995.0,screener
VADILALIND,Mar 2022,2022-03-31,annual,7.0,290.0,186.0,140.0,623.0,307.0,3.0,1.0,313.0,623.0,185.0,screener
VADILALIND,Mar 2023,2023-03-31,annual,7.0,390.0,291.0,150.0,838.0,403.0,20.0,5.0,410.0,838.0,286.0,screener
VADILALIND,Mar 2024,2024-03-31,annual,7.0,535.0,223.0,151.0,917.0,444.0,12.0,16.0,445.0,917.0,207.0,screener
VADILALIND,Mar 2025,2025-03-31,annual,7.0,688.0,218.0,181.0,1094.0,478.0,10.0,22.0,584.0,1094.0,196.0,screener
VADILALIND,Mar 2026,2026-03-31,annual,7.0,843.0,230.0,193.0,1273.0,536.0,20.0,21.0,696.0,1273.0,209.0,screener
VAIBHAVGBL,Mar 2022,2022-03-31,annual,33.0,1094.0,165.0,394.0,1686.0,467.0,27.0,84.0,1108.0,1686.0,81.0,screener
VAIBHAVGBL,Mar 2023,2023-03-31,annual,33.0,1168.0,193.0,392.0,1786.0,507.0,5.0,34.0,1241.0,1786.0,159.0,screener
VAIBHAVGBL,Mar 2024,2024-03-31,annual,33.0,1225.0,218.0,405.0,1881.0,616.0,6.0,128.0,1131.0,1881.0,90.0,screener
VAIBHAVGBL,Mar 2025,2025-03-31,annual,33.0,1317.0,228.0,456.0,2034.0,566.0,11.0,116.0,1342.0,2034.0,112.0,screener
VAIBHAVGBL,Mar 2026,2026-03-31,annual,33.0,1615.0,416.0,483.0,2547.0,711.0,13.0,19.0,1804.0,2547.0,397.0,screener
VARROC,Mar 2022,2022-03-31,annual,15.0,1973.0,1625.0,7375.0,10989.0,2046.0,140.0,388.0,8416.0,10989.0,1237.0,screener_yfinance_fallback_normalized
VARROC,Mar 2023,2023-03-31,annual,15.0,961.0,1806.0,1832.0,4614.0,2051.0,135.0,421.0,2007.0,4614.0,1385.0,screener_yfinance_fallback_normalized
VARROC,Mar 2024,2024-03-31,annual,15.0,1482.0,1390.0,1643.0,4530.0,2027.0,80.0,530.0,1893.0,4530.0,860.0,screener_yfinance_fallback_normalized
VARROC,Mar 2025,2025-03-31,annual,15.0,1550.0,1118.0,1984.0,4667.0,2016.0,103.0,69.0,2479.0,4667.0,1049.0,screener_yfinance_fallback_normalized
VARROC,Mar 2026,2026-03-31,annual,15.0,1765.0,925.0,2163.0,4868.0,2232.0,151.0,88.0,2396.0,4868.0,837.0,screener_yfinance_fallback_normalized
VBL,Dec 2021,2021-12-31,annual,433.0,3647.0,3387.0,2113.0,9579.0,6311.0,497.0,0.0,2772.0,9579.0,3387.0,screener
VBL,Dec 2022,2022-12-31,annual,650.0,4453.0,3884.0,2632.0,11618.0,6932.0,607.0,0.0,4079.0,11618.0,3884.0,screener
VBL,Dec 2023,2023-12-31,annual,650.0,6287.0,5431.0,2819.0,15187.0,8409.0,1922.0,21.0,4835.0,15187.0,5410.0,screener
VBL,Dec 2024,2024-12-31,annual,676.0,15934.0,2826.0,3688.0,23124.0,13402.0,1167.0,60.0,8496.0,23124.0,2766.0,screener
VBL,Dec 2025,2025-12-31,annual,676.0,18902.0,2508.0,3454.0,25541.0,16759.0,271.0,174.0,8337.0,25541.0,2334.0,screener
VEDL,Mar 2022,2022-03-31,annual,372.0,65011.0,53583.0,74981.0,193947.0,93466.0,15879.0,17291.0,67311.0,193947.0,36292.0,screener
VEDL,Mar 2023,2023-03-31,annual,372.0,39051.0,80329.0,69703.0,189455.0,95744.0,19529.0,13150.0,61032.0,189455.0,67179.0,screener
VEDL,Mar 2024,2024-03-31,annual,372.0,30350.0,87706.0,69690.0,188118.0,98963.0,22889.0,11869.0,54397.0,188118.0,75837.0,screener
VEDL,Mar 2025,2025-03-31,annual,391.0,40821.0,91479.0,67249.0,199940.0,99905.0,33896.0,14532.0,51607.0,199940.0,76947.0,screener
VEDL,Mar 2026,2026-03-31,annual,391.0,49261.0,32947.0,149712.0,232311.0,30548.0,10531.0,15418.0,175814.0,232311.0,17529.0,screener
VELS,Mar 2022,2022-03-31,annual,10.0,9.0,51.0,52.0,122.0,28.0,9.0,0.0,85.0,122.0,51.0,screener
VELS,Mar 2023,2023-03-31,annual,13.0,41.0,109.0,25.0,188.0,28.0,48.0,0.0,111.0,188.0,109.0,screener
VELS,Mar 2024,2024-03-31,annual,13.0,5.0,146.0,75.0,239.0,68.0,48.0,0.0,123.0,239.0,146.0,screener
VELS,Mar 2025,2025-03-31,annual,13.0,48.0,57.0,84.0,201.0,0.0,0.0,20.0,181.0,201.0,37.0,screener
VENUSREM,Mar 2022,2022-03-31,annual,13.0,427.0,43.0,97.0,580.0,241.0,25.0,0.0,314.0,580.0,43.0,screener
VENUSREM,Mar 2023,2023-03-31,annual,13.0,447.0,42.0,98.0,601.0,216.0,26.0,20.0,339.0,601.0,22.0,screener
VENUSREM,Mar 2024,2024-03-31,annual,13.0,474.0,41.0,98.0,627.0,219.0,21.0,19.0,368.0,627.0,22.0,screener
VENUSREM,Mar 2025,2025-03-31,annual,13.0,548.0,2.0,153.0,716.0,229.0,26.0,84.0,376.0,716.0,-82.0,screener
VENUSREM,Mar 2026,2026-03-31,annual,13.0,650.0,12.0,178.0,854.0,232.0,51.0,238.0,333.0,854.0,-226.0,screener
VERANDA,Mar 2022,2022-03-31,annual,41.0,36.0,203.0,100.0,380.0,255.0,0.0,0.0,125.0,380.0,203.0,screener
VERANDA,Mar 2023,2023-03-31,annual,62.0,244.0,306.0,275.0,887.0,734.0,3.0,0.0,150.0,887.0,306.0,screener
VERANDA,Mar 2024,2024-03-31,annual,69.0,307.0,583.0,667.0,1626.0,1432.0,10.0,5.0,180.0,1626.0,578.0,screener
VERANDA,Mar 2025,2025-03-31,annual,74.0,183.0,660.0,946.0,1863.0,1611.0,0.0,5.0,246.0,1863.0,655.0,screener
VERANDA,Mar 2026,2026-03-31,annual,96.0,862.0,382.0,492.0,1832.0,1268.0,0.0,5.0,560.0,1832.0,377.0,screener
VETO,Mar 2022,2022-03-31,annual,19.0,194.0,47.0,49.0,309.0,43.0,3.0,0.0,263.0,309.0,47.0,screener
VETO,Mar 2023,2023-03-31,annual,19.0,214.0,43.0,45.0,321.0,40.0,7.0,0.0,274.0,321.0,43.0,screener
VETO,Mar 2024,2024-03-31,annual,19.0,227.0,23.0,37.0,306.0,41.0,9.0,0.0,256.0,306.0,23.0,screener
VETO,Mar 2025,2025-03-31,annual,19.0,247.0,23.0,43.0,332.0,51.0,11.0,0.0,270.0,332.0,23.0,screener
VETO,Mar 2026,2026-03-31,annual,19.0,271.0,21.0,87.0,398.0,49.0,13.0,0.0,336.0,398.0,21.0,screener
VGUARD,Mar 2022,2022-03-31,annual,43.0,1364.0,68.0,632.0,2107.0,463.0,17.0,33.0,1593.0,2107.0,35.0,screener
VGUARD,Mar 2023,2023-03-31,annual,43.0,1564.0,503.0,788.0,2899.0,1247.0,27.0,34.0,1591.0,2899.0,469.0,screener
VGUARD,Mar 2024,2024-03-31,annual,43.0,1771.0,401.0,936.0,3152.0,1334.0,37.0,101.0,1679.0,3152.0,300.0,screener
VGUARD,Mar 2025,2025-03-31,annual,44.0,2054.0,134.0,1098.0,3329.0,1374.0,49.0,81.0,1825.0,3329.0,53.0,screener
VGUARD,Mar 2026,2026-03-31,annual,44.0,2329.0,165.0,1175.0,3714.0,1525.0,20.0,276.0,1893.0,3714.0,-111.0,screener
VIDEOIND,Dec 2014,2014-12-31,annual,334.0,9871.0,45309.0,4301.0,59815.0,10397.0,11193.0,2368.0,35858.0,59815.0,42941.0,screener
VIDEOIND,Dec 2015,2015-12-31,annual,334.0,7756.0,47554.0,4526.0,60170.0,9718.0,11948.0,2777.0,35727.0,60170.0,44777.0,screener
VIDEOIND,Mar 2017,2017-03-31,annual,334.0,2471.0,45780.0,4263.0,52848.0,8160.0,667.0,3989.0,40031.0,52848.0,41791.0,screener
VIDEOIND,Mar 2018,2018-03-31,annual,334.0,-3953.0,50268.0,3097.0,49746.0,7335.0,52.0,3622.0,38736.0,49746.0,46646.0,screener
VIDEOIND,Mar 2019,2019-03-31,annual,334.0,-11279.0,58574.0,2816.0,50445.0,6761.0,54.0,3948.0,39682.0,50445.0,54626.0,screener
VIDHIING,Mar 2022,2022-03-31,annual,5.0,212.0,90.0,44.0,352.0,47.0,37.0,0.0,268.0,352.0,90.0,screener
VIDHIING,Mar 2023,2023-03-31,annual,5.0,246.0,52.0,29.0,331.0,55.0,68.0,0.0,207.0,331.0,52.0,screener
VIDHIING,Mar 2024,2024-03-31,annual,5.0,275.0,20.0,24.0,325.0,133.0,4.0,0.0,187.0,325.0,20.0,screener
VIDHIING,Mar 2025,2025-03-31,annual,5.0,296.0,66.0,29.0,396.0,134.0,4.0,0.0,258.0,396.0,66.0,screener
VIDHIING,Mar 2026,2026-03-31,annual,5.0,323.0,58.0,33.0,419.0,141.0,4.0,0.0,274.0,419.0,58.0,screener
VIDYAWIRES,Mar 2022,2022-03-31,annual,4.0,74.0,121.0,12.0,211.0,32.0,0.0,0.0,178.0,211.0,121.0,screener
VIDYAWIRES,Mar 2023,2023-03-31,annual,4.0,96.0,97.0,12.0,209.0,38.0,0.0,0.0,171.0,209.0,97.0,screener
VIDYAWIRES,Mar 2024,2024-03-31,annual,4.0,122.0,110.0,13.0,248.0,40.0,0.0,0.0,208.0,248.0,110.0,screener
VIDYAWIRES,Mar 2025,2025-03-31,annual,16.0,150.0,146.0,19.0,331.0,41.0,3.0,0.0,287.0,331.0,146.0,screener
VIDYAWIRES,Mar 2026,2026-03-31,annual,21.0,459.0,85.0,40.0,606.0,71.0,72.0,1.0,462.0,606.0,84.0,screener
VIJAYA,Mar 2022,2022-03-31,annual,10.0,458.0,183.0,62.0,713.0,370.0,34.0,54.0,255.0,713.0,129.0,screener
VIJAYA,Mar 2023,2023-03-31,annual,10.0,535.0,248.0,61.0,853.0,524.0,28.0,139.0,163.0,853.0,109.0,screener
VIJAYA,Mar 2024,2024-03-31,annual,10.0,647.0,259.0,66.0,983.0,742.0,9.0,109.0,123.0,983.0,150.0,screener
VIJAYA,Mar 2025,2025-03-31,annual,10.0,785.0,320.0,158.0,1274.0,865.0,70.0,185.0,154.0,1274.0,135.0,screener
VIJAYA,Mar 2026,2026-03-31,annual,10.0,947.0,423.0,127.0,1507.0,1070.0,34.0,228.0,174.0,1507.0,195.0,screener
VIKASECO,Mar 2014,2014-03-31,annual,10.0,32.0,67.0,45.0,154.0,23.0,0.0,0.0,131.0,154.0,67.0,screener
VIKASECO,Mar 2023,2023-03-31,annual,95.0,143.0,62.0,43.0,343.0,29.0,0.0,55.0,259.0,343.0,7.0,screener
VIKASECO,Mar 2024,2024-03-31,annual,139.0,238.0,19.0,48.0,444.0,54.0,0.0,228.0,161.0,444.0,-209.0,screener
VIKASECO,Mar 2025,2025-03-31,annual,139.0,254.0,28.0,90.0,512.0,55.0,0.0,140.0,316.0,512.0,-112.0,screener
VIKASECO,Sep 2025,2025-09-30,annual,139.0,258.0,38.0,51.0,486.0,55.0,0.0,140.0,290.0,486.0,-102.0,screener
VIKASECO,Mar 2026,2026-03-31,annual,139.0,256.0,30.0,88.0,513.0,49.0,0.0,64.0,400.0,513.0,-34.0,screener
VIKASLIFE,Mar 2022,2022-03-31,annual,110.0,90.0,23.0,98.0,321.0,28.0,0.0,84.0,208.0,321.0,-61.0,screener
VIKASLIFE,Mar 2023,2023-03-31,annual,144.0,187.0,30.0,93.0,454.0,47.0,0.0,77.0,330.0,454.0,-47.0,screener
VIKASLIFE,Mar 2024,2024-03-31,annual,165.0,311.0,34.0,44.0,555.0,56.0,0.0,183.0,316.0,555.0,-149.0,screener
VIKASLIFE,Mar 2025,2025-03-31,annual,186.0,346.0,77.0,121.0,729.0,61.0,1.0,54.0,614.0,729.0,23.0,screener
VIKASLIFE,Mar 2026,2026-03-31,annual,186.0,366.0,105.0,103.0,760.0,36.0,0.0,394.0,330.0,760.0,-289.0,screener
VIKRAMSOLR,Mar 2022,2022-03-31,annual,259.0,92.0,749.0,1137.0,2237.0,547.0,4.0,0.0,1687.0,2237.0,749.0,screener
VIKRAMSOLR,Mar 2023,2023-03-31,annual,259.0,106.0,738.0,1373.0,2476.0,644.0,18.0,0.0,1814.0,2476.0,738.0,screener
VIKRAMSOLR,Mar 2024,2024-03-31,annual,259.0,187.0,854.0,1286.0,2585.0,505.0,28.0,0.0,2052.0,2585.0,854.0,screener
VIKRAMSOLR,Mar 2025,2025-03-31,annual,317.0,925.0,272.0,1318.0,2832.0,554.0,63.0,0.0,2215.0,2832.0,272.0,screener
VIKRAMSOLR,Mar 2026,2026-03-31,annual,362.0,2805.0,645.0,1916.0,5728.0,1127.0,418.0,0.0,4184.0,5728.0,645.0,screener
VIMTALABS,Mar 2021,2021-03-31,annual,4.0,190.0,30.0,50.0,274.0,135.0,17.0,0.0,122.0,274.0,30.0,screener
VIMTALABS,Mar 2022,2022-03-31,annual,4.0,230.0,19.0,54.0,307.0,169.0,0.0,0.0,138.0,307.0,19.0,screener
VIMTALABS,Mar 2023,2023-03-31,annual,4.0,277.0,15.0,65.0,362.0,175.0,12.0,0.0,175.0,362.0,15.0,screener
VIMTALABS,Mar 2024,2024-03-31,annual,4.0,315.0,19.0,61.0,400.0,171.0,59.0,0.0,170.0,400.0,19.0,screener
VIMTALABS,Sep 2024,2024-09-30,annual,4.0,338.0,12.0,86.0,440.0,183.0,75.0,0.0,183.0,440.0,12.0,screener
VINATIORGA,Mar 2022,2022-03-31,annual,10.0,1818.0,18.0,243.0,2090.0,873.0,51.0,94.0,1071.0,2090.0,-76.0,screener
VINATIORGA,Mar 2023,2023-03-31,annual,10.0,2203.0,35.0,335.0,2584.0,1159.0,242.0,227.0,955.0,2584.0,-192.0,screener
VINATIORGA,Mar 2024,2024-03-31,annual,10.0,2451.0,5.0,374.0,2840.0,1489.0,249.0,64.0,1038.0,2840.0,-59.0,screener
VINATIORGA,Mar 2025,2025-03-31,annual,10.0,2783.0,63.0,423.0,3279.0,1724.0,438.0,36.0,1081.0,3279.0,27.0,screener
VINATIORGA,Mar 2026,2026-03-31,annual,10.0,3151.0,0.0,428.0,3590.0,2122.0,214.0,190.0,1063.0,3590.0,-190.0,screener
VINCOFE,Mar 2022,2022-03-31,annual,70.0,35.0,110.0,32.0,246.0,157.0,0.0,0.0,89.0,246.0,110.0,screener
VINCOFE,Mar 2023,2023-03-31,annual,70.0,39.0,102.0,35.0,246.0,152.0,0.0,0.0,94.0,246.0,102.0,screener
VINCOFE,Mar 2024,2024-03-31,annual,105.0,62.0,97.0,25.0,288.0,149.0,0.0,0.0,139.0,288.0,97.0,screener
VINCOFE,Mar 2025,2025-03-31,annual,126.0,177.0,82.0,25.0,409.0,151.0,0.0,0.0,258.0,409.0,82.0,screener
VINCOFE,Mar 2026,2026-03-31,annual,146.0,424.0,124.0,32.0,725.0,302.0,0.0,0.0,423.0,725.0,124.0,screener
VINDHYATEL,Mar 2022,2022-03-31,annual,12.0,3225.0,571.0,1226.0,5034.0,111.0,1.0,3013.0,1910.0,5034.0,-2442.0,screener
VINDHYATEL,Mar 2023,2023-03-31,annual,12.0,3400.0,668.0,1989.0,6068.0,108.0,24.0,3060.0,2877.0,6068.0,-2392.0,screener
VINDHYATEL,Mar 2024,2024-03-31,annual,12.0,3961.0,493.0,2320.0,6787.0,158.0,1.0,3618.0,3010.0,6787.0,-3125.0,screener
VINDHYATEL,Mar 2025,2025-03-31,annual,12.0,4074.0,1168.0,2469.0,7723.0,139.0,1.0,3650.0,3933.0,7723.0,-2482.0,screener
VINDHYATEL,Mar 2026,2026-03-31,annual,12.0,4193.0,1435.0,2723.0,8363.0,160.0,5.0,3763.0,4434.0,8363.0,-2328.0,screener
VIPIND,Mar 2022,2022-03-31,annual,28.0,531.0,298.0,371.0,1229.0,265.0,7.0,42.0,915.0,1229.0,256.0,screener
VIPIND,Mar 2023,2023-03-31,annual,28.0,613.0,352.0,421.0,1415.0,309.0,15.0,23.0,1067.0,1415.0,329.0,screener
VIPIND,Mar 2024,2024-03-31,annual,28.0,650.0,871.0,517.0,2067.0,532.0,14.0,3.0,1518.0,2067.0,868.0,screener
VIPIND,Mar 2025,2025-03-31,annual,28.0,588.0,751.0,489.0,1856.0,507.0,18.0,6.0,1326.0,1856.0,745.0,screener
VIPIND,Mar 2026,2026-03-31,annual,28.0,261.0,738.0,577.0,1604.0,507.0,15.0,73.0,1009.0,1604.0,665.0,screener
VISAKAIND,Mar 2022,2022-03-31,annual,17.0,715.0,167.0,210.0,1109.0,461.0,50.0,0.0,599.0,1109.0,167.0,screener
VISAKAIND,Mar 2023,2023-03-31,annual,17.0,754.0,387.0,212.0,1370.0,621.0,37.0,0.0,712.0,1370.0,387.0,screener
VISAKAIND,Mar 2024,2024-03-31,annual,17.0,735.0,538.0,204.0,1494.0,749.0,29.0,0.0,717.0,1494.0,538.0,screener
VISAKAIND,Mar 2025,2025-03-31,annual,17.0,727.0,479.0,200.0,1423.0,718.0,11.0,0.0,693.0,1423.0,479.0,screener
VISAKAIND,Mar 2026,2026-03-31,annual,17.0,810.0,303.0,220.0,1349.0,684.0,7.0,0.0,658.0,1349.0,303.0,screener
VISHNU,Mar 2022,2022-03-31,annual,12.0,265.0,365.0,274.0,916.0,463.0,5.0,3.0,444.0,916.0,362.0,screener
VISHNU,Mar 2023,2023-03-31,annual,12.0,402.0,379.0,258.0,1052.0,465.0,98.0,2.0,488.0,1052.0,377.0,screener
VISHNU,Mar 2024,2024-03-31,annual,13.0,688.0,315.0,310.0,1326.0,635.0,16.0,2.0,675.0,1326.0,313.0,screener
VISHNU,Mar 2025,2025-03-31,annual,13.0,913.0,342.0,366.0,1635.0,702.0,69.0,0.0,864.0,1635.0,342.0,screener
VISHNU,Mar 2026,2026-03-31,annual,13.0,1056.0,527.0,491.0,2088.0,836.0,159.0,1.0,1092.0,2088.0,526.0,screener
VIYASH,Mar 2022,2022-03-31,annual,50.0,642.0,365.0,378.0,1435.0,564.0,12.0,38.0,821.0,1435.0,327.0,screener
VIYASH,Mar 2023,2023-03-31,annual,50.0,649.0,444.0,374.0,1517.0,605.0,55.0,0.0,856.0,1517.0,444.0,screener
VIYASH,Mar 2024,2024-03-31,annual,50.0,607.0,488.0,389.0,1534.0,592.0,16.0,4.0,922.0,1534.0,484.0,screener
VIYASH,Mar 2025,2025-03-31,annual,50.0,2382.0,654.0,1042.0,4128.0,2103.0,43.0,0.0,1981.0,4128.0,654.0,screener
VIYASH,Mar 2026,2026-03-31,annual,87.0,2824.0,490.0,1195.0,4596.0,2103.0,70.0,0.0,2422.0,4596.0,490.0,screener
VLSFINANCE,Mar 2022,2022-03-31,annual,39.0,2927.0,1.0,719.0,3685.0,28.0,0.0,3434.0,223.0,3685.0,-3433.0,screener
VLSFINANCE,Mar 2023,2023-03-31,annual,35.0,2465.0,1.0,562.0,3063.0,92.0,0.0,2751.0,221.0,3063.0,-2750.0,screener
VLSFINANCE,Mar 2024,2024-03-31,annual,35.0,2948.0,0.0,570.0,3552.0,130.0,0.0,3158.0,264.0,3552.0,-3158.0,screener
VLSFINANCE,Mar 2025,2025-03-31,annual,34.0,2438.0,1.0,238.0,2711.0,126.0,0.0,2211.0,373.0,2711.0,-2210.0,screener
VLSFINANCE,Mar 2026,2026-03-31,annual,32.0,2082.0,0.0,92.0,2205.0,123.0,0.0,1936.0,146.0,2205.0,-1936.0,screener
VMM,Mar 2022,2022-03-31,annual,4503.0,322.0,1790.0,1603.0,8218.0,5802.0,11.0,417.0,1988.0,8218.0,1373.0,screener
VMM,Mar 2023,2023-03-31,annual,4507.0,650.0,1462.0,1671.0,8289.0,5893.0,69.0,35.0,2293.0,8289.0,1427.0,screener
VMM,Mar 2024,2024-03-31,annual,4509.0,1113.0,1483.0,1401.0,8506.0,6183.0,38.0,0.0,2284.0,8506.0,1483.0,screener
VMM,Mar 2025,2025-03-31,annual,4597.0,1804.0,1729.0,1862.0,9993.0,6535.0,14.0,387.0,3057.0,9993.0,1342.0,screener
VMM,Mar 2026,2026-03-31,annual,4673.0,2740.0,1988.0,2048.0,11449.0,6882.0,34.0,1119.0,3415.0,11449.0,869.0,screener
VOLTAS,Mar 2022,2022-03-31,annual,33.0,5466.0,361.0,3874.0,9734.0,384.0,59.0,3615.0,5676.0,9734.0,-3254.0,screener
VOLTAS,Mar 2023,2023-03-31,annual,33.0,5419.0,651.0,4171.0,10274.0,525.0,98.0,3109.0,6542.0,10274.0,-2458.0,screener
VOLTAS,Mar 2024,2024-03-31,annual,33.0,5787.0,744.0,5430.0,11994.0,548.0,368.0,3508.0,7571.0,11994.0,-2764.0,screener
VOLTAS,Mar 2025,2025-03-31,annual,33.0,6480.0,892.0,5702.0,13108.0,973.0,82.0,3243.0,8809.0,13108.0,-2351.0,screener
VOLTAS,Mar 2026,2026-03-31,annual,33.0,6343.0,992.0,7127.0,14496.0,1080.0,22.0,2762.0,10632.0,14496.0,-1770.0,screener
VRAJ,Mar 2022,2022-03-31,annual,5.0,82.0,44.0,20.0,150.0,58.0,0.0,15.0,77.0,150.0,29.0,screener
VRAJ,Mar 2023,2023-03-31,annual,5.0,136.0,25.0,26.0,192.0,53.0,0.0,18.0,120.0,192.0,7.0,screener
VRAJ,Mar 2024,2024-03-31,annual,25.0,176.0,63.0,17.0,281.0,48.0,64.0,23.0,146.0,281.0,40.0,screener
VRAJ,Mar 2025,2025-03-31,annual,33.0,364.0,2.0,18.0,417.0,195.0,3.0,38.0,181.0,417.0,-36.0,screener
VRAJ,Mar 2026,2026-03-31,annual,33.0,382.0,43.0,23.0,480.0,273.0,7.0,26.0,174.0,480.0,17.0,screener
VSSL,Mar 2024,2024-03-31,annual,81.0,638.0,84.0,237.0,1040.0,325.0,1.0,0.0,714.0,1040.0,84.0,screener
VSSL,Mar 2025,2025-03-31,annual,82.0,716.0,120.0,218.0,1136.0,309.0,117.0,18.0,693.0,1136.0,102.0,screener
VSTIND,Mar 2006,2006-03-31,annual,15.0,179.0,0.0,147.0,341.0,90.0,1.0,161.0,89.0,341.0,-161.0,screener
VSTIND,Mar 2007,2007-03-31,annual,15.0,198.0,0.0,191.0,404.0,96.0,2.0,184.0,121.0,404.0,-184.0,screener
VSTIND,Mar 2008,2008-03-31,annual,15.0,219.0,0.0,224.0,459.0,120.0,3.0,223.0,113.0,459.0,-223.0,screener
VSTIND,Mar 2009,2009-03-31,annual,15.0,227.0,0.0,259.0,502.0,127.0,5.0,194.0,175.0,502.0,-194.0,screener
VSTIND,Mar 2010,2010-03-31,annual,15.0,235.0,0.0,310.0,560.0,134.0,7.0,191.0,228.0,560.0,-191.0,screener
VSTTILLERS,Mar 2023,2023-03-31,annual,9.0,816.0,2.0,264.0,1091.0,261.0,14.0,430.0,385.0,1091.0,-428.0,screener
VSTTILLERS,Mar 2024,2024-03-31,annual,9.0,915.0,1.0,242.0,1167.0,250.0,5.0,484.0,428.0,1167.0,-483.0,screener
VSTTILLERS,Mar 2025,2025-03-31,annual,9.0,993.0,2.0,261.0,1265.0,240.0,10.0,523.0,492.0,1265.0,-521.0,screener
VSTTILLERS,Mar 2026,2026-03-31,annual,9.0,1085.0,2.0,248.0,1344.0,232.0,18.0,630.0,464.0,1344.0,-628.0,screener
VTL,Mar 2022,2022-03-31,annual,57.0,7647.0,1983.0,1293.0,10980.0,3494.0,241.0,1691.0,5554.0,10980.0,292.0,screener
VTL,Mar 2023,2023-03-31,annual,57.0,8507.0,1678.0,1094.0,11335.0,3937.0,51.0,2549.0,4798.0,11335.0,-871.0,screener
VTL,Mar 2024,2024-03-31,annual,57.0,9043.0,1791.0,1091.0,11983.0,3769.0,61.0,1699.0,6454.0,11983.0,92.0,screener
VTL,Mar 2025,2025-03-31,annual,57.0,9839.0,1238.0,1299.0,12433.0,4150.0,252.0,1844.0,6187.0,12433.0,-606.0,screener
VTL,Mar 2026,2026-03-31,annual,57.0,10457.0,1855.0,1497.0,13866.0,5094.0,586.0,1828.0,6357.0,13866.0,27.0,screener
WAAREEENER,Mar 2022,2022-03-31,annual,197.0,231.0,363.0,1362.0,2154.0,625.0,124.0,143.0,1262.0,2154.0,220.0,screener
WAAREEENER,Mar 2023,2023-03-31,annual,243.0,1595.0,320.0,5247.0,7406.0,1105.0,537.0,31.0,5732.0,7406.0,289.0,screener
WAAREEENER,Mar 2024,2024-03-31,annual,263.0,3825.0,553.0,6635.0,11277.0,1450.0,1341.0,71.0,8414.0,11277.0,482.0,screener
WAAREEENER,Mar 2025,2025-03-31,annual,287.0,9192.0,1199.0,9028.0,19706.0,4051.0,1884.0,65.0,13706.0,19706.0,1134.0,screener
WAAREEENER,Mar 2026,2026-03-31,annual,288.0,14150.0,3213.0,12465.0,30115.0,7329.0,3476.0,953.0,18358.0,30115.0,2260.0,screener
WAAREERTL,Mar 2022,2022-03-31,annual,21.0,9.0,42.0,96.0,168.0,73.0,1.0,1.0,93.0,168.0,41.0,screener
WAAREERTL,Mar 2023,2023-03-31,annual,21.0,64.0,39.0,159.0,283.0,74.0,80.0,0.0,128.0,283.0,39.0,screener
WAAREERTL,Mar 2024,2024-03-31,annual,21.0,226.0,40.0,427.0,714.0,157.0,3.0,9.0,545.0,714.0,31.0,screener
WAAREERTL,Mar 2025,2025-03-31,annual,21.0,435.0,27.0,637.0,1120.0,198.0,56.0,52.0,814.0,1120.0,-25.0,screener
WAAREERTL,Mar 2026,2026-03-31,annual,21.0,913.0,146.0,1294.0,2374.0,272.0,178.0,31.0,1893.0,2374.0,115.0,screener
WABAG,Mar 2022,2022-03-31,annual,12.0,1527.0,436.0,2024.0,3999.0,80.0,0.0,38.0,3882.0,3999.0,398.0,screener
WABAG,Mar 2023,2023-03-31,annual,12.0,1562.0,219.0,2294.0,4088.0,75.0,0.0,46.0,3967.0,4088.0,173.0,screener
WABAG,Mar 2024,2024-03-31,annual,12.0,1806.0,289.0,2467.0,4574.0,72.0,0.0,67.0,4435.0,4574.0,222.0,screener
WABAG,Mar 2025,2025-03-31,annual,12.0,2128.0,362.0,2766.0,5267.0,67.0,0.0,69.0,5131.0,5267.0,293.0,screener
WABAG,Mar 2026,2026-03-31,annual,12.0,2556.0,228.0,3326.0,6122.0,66.0,0.0,72.0,5984.0,6122.0,156.0,screener
WANBURY,Mar 2021,2021-03-31,annual,25.0,-181.0,192.0,253.0,289.0,167.0,11.0,0.0,111.0,289.0,192.0,screener
WANBURY,Mar 2022,2022-03-31,annual,33.0,-56.0,100.0,276.0,353.0,167.0,2.0,0.0,183.0,353.0,100.0,screener
WANBURY,Mar 2023,2023-03-31,annual,33.0,-66.0,95.0,241.0,304.0,167.0,2.0,0.0,135.0,304.0,95.0,screener
WANBURY,Mar 2024,2024-03-31,annual,33.0,-5.0,116.0,199.0,343.0,167.0,3.0,0.0,174.0,343.0,116.0,screener
WANBURY,Mar 2025,2025-03-31,annual,33.0,26.0,179.0,176.0,414.0,201.0,5.0,0.0,208.0,414.0,179.0,screener
WEBELSOLAR,Mar 2025,2025-03-31,annual,42.0,236.0,153.0,83.0,514.0,285.0,17.0,5.0,208.0,514.0,148.0,screener
WEBELSOLAR,Mar 2026,2026-03-31,annual,43.0,587.0,131.0,170.0,931.0,459.0,1.0,52.0,419.0,931.0,79.0,screener
WEL,Mar 2025,2025-03-31,annual,13.0,86.0,124.0,212.0,435.0,61.0,0.0,0.0,374.0,435.0,124.0,screener
WEL,Mar 2026,2026-03-31,annual,13.0,91.0,113.0,197.0,415.0,61.0,0.0,0.0,354.0,415.0,113.0,screener
WELCORP,Mar 2022,2022-03-31,annual,130.0,4298.0,2057.0,2684.0,9169.0,2433.0,1261.0,2307.0,3168.0,9169.0,-250.0,screener
WELCORP,Mar 2023,2023-03-31,annual,131.0,4582.0,3381.0,7180.0,15274.0,4910.0,87.0,1537.0,8740.0,15274.0,1844.0,screener
WELCORP,Mar 2024,2024-03-31,annual,131.0,5467.0,1967.0,4249.0,11813.0,4800.0,87.0,1100.0,5827.0,11813.0,867.0,screener
WELCORP,Mar 2025,2025-03-31,annual,131.0,7313.0,1122.0,6635.0,15201.0,4707.0,787.0,1402.0,8306.0,15201.0,-280.0,screener
WELCORP,Mar 2026,2026-03-31,annual,132.0,9024.0,2355.0,8889.0,20400.0,6536.0,1241.0,1864.0,10759.0,20400.0,491.0,screener
WELENT,Mar 2022,2022-03-31,annual,150.0,1641.0,2526.0,1571.0,5888.0,1871.0,64.0,812.0,3141.0,5888.0,1714.0,screener
WELENT,Mar 2023,2023-03-31,annual,150.0,2206.0,764.0,1981.0,5100.0,70.0,7.0,1558.0,3466.0,5100.0,-794.0,screener
WELENT,Mar 2024,2024-03-31,annual,137.0,2187.0,762.0,1847.0,4932.0,289.0,7.0,765.0,3871.0,4932.0,-3.0,screener
WELENT,Mar 2025,2025-03-31,annual,137.0,2403.0,1499.0,1992.0,6031.0,303.0,9.0,763.0,4956.0,6031.0,736.0,screener
WELENT,Mar 2026,2026-03-31,annual,136.0,2908.0,1987.0,2299.0,7329.0,289.0,7.0,1650.0,5384.0,7329.0,337.0,screener
WELSPUNLIV,Mar 2022,2022-03-31,annual,99.0,3873.0,3304.0,2036.0,9312.0,4005.0,166.0,698.0,4443.0,9312.0,2606.0,screener
WELSPUNLIV,Mar 2023,2023-03-31,annual,99.0,3989.0,2462.0,1978.0,8527.0,3918.0,46.0,642.0,3922.0,8527.0,1820.0,screener
WELSPUNLIV,Mar 2024,2024-03-31,annual,97.0,4419.0,2632.0,2337.0,9485.0,3813.0,49.0,916.0,4707.0,9485.0,1716.0,screener
WELSPUNLIV,Mar 2025,2025-03-31,annual,96.0,4725.0,2762.0,2684.0,10267.0,4022.0,380.0,570.0,5295.0,10267.0,2192.0,screener
WELSPUNLIV,Mar 2026,2026-03-31,annual,96.0,4821.0,2315.0,3223.0,10455.0,4471.0,258.0,892.0,4834.0,10455.0,1423.0,screener
WESTLIFE,Mar 2022,2022-03-31,annual,31.0,431.0,1055.0,281.0,1798.0,1362.0,36.0,150.0,249.0,1798.0,905.0,screener
WESTLIFE,Mar 2023,2023-03-31,annual,31.0,535.0,1203.0,330.0,2099.0,1623.0,57.0,130.0,289.0,2099.0,1073.0,screener
WESTLIFE,Mar 2024,2024-03-31,annual,31.0,557.0,1363.0,335.0,2286.0,1817.0,45.0,138.0,286.0,2286.0,1225.0,screener
WESTLIFE,Mar 2025,2025-03-31,annual,31.0,572.0,1623.0,381.0,2608.0,2051.0,26.0,159.0,372.0,2608.0,1464.0,screener
WESTLIFE,Mar 2026,2026-03-31,annual,31.0,588.0,1805.0,406.0,2830.0,2252.0,69.0,120.0,390.0,2830.0,1685.0,screener
WEWORK,Mar 2023,2023-03-31,annual,55.0,-347.0,481.0,4225.0,4414.0,3576.0,13.0,57.0,768.0,4414.0,424.0,screener
WEWORK,Mar 2024,2024-03-31,annual,55.0,-492.0,617.0,4303.0,4483.0,3600.0,15.0,176.0,692.0,4483.0,441.0,screener
WEWORK,Mar 2025,2025-03-31,annual,134.0,66.0,310.0,4882.0,5392.0,4323.0,34.0,33.0,1002.0,5392.0,277.0,screener
WEWORK,Mar 2026,2026-03-31,annual,135.0,163.0,5550.0,1244.0,7092.0,5777.0,38.0,268.0,1009.0,7092.0,5282.0,screener
WHEELS,Mar 2022,2022-03-31,annual,24.0,710.0,876.0,1364.0,2974.0,903.0,126.0,24.0,1921.0,2974.0,852.0,screener
WHEELS,Mar 2023,2023-03-31,annual,24.0,731.0,819.0,1474.0,3048.0,1060.0,114.0,22.0,1851.0,3048.0,797.0,screener
WHEELS,Mar 2024,2024-03-31,annual,24.0,815.0,778.0,1487.0,3104.0,1149.0,77.0,32.0,1845.0,3104.0,746.0,screener
WHEELS,Mar 2025,2025-03-31,annual,24.0,898.0,737.0,1530.0,3188.0,1295.0,50.0,46.0,1797.0,3188.0,691.0,screener
WHEELS,Mar 2026,2026-03-31,annual,24.0,1017.0,768.0,1717.0,3527.0,1506.0,69.0,78.0,1874.0,3527.0,690.0,screener
WHIRLPOOL,Mar 2022,2022-03-31,annual,127.0,3231.0,134.0,2142.0,5634.0,1803.0,76.0,0.0,3754.0,5634.0,134.0,screener
WHIRLPOOL,Mar 2023,2023-03-31,annual,127.0,3393.0,112.0,2268.0,5900.0,1917.0,20.0,0.0,3963.0,5900.0,112.0,screener
WHIRLPOOL,Mar 2024,2024-03-31,annual,127.0,3562.0,231.0,2165.0,6084.0,1932.0,21.0,0.0,4131.0,6084.0,231.0,screener
WHIRLPOOL,Mar 2025,2025-03-31,annual,127.0,3823.0,284.0,2489.0,6723.0,1913.0,49.0,0.0,4761.0,6723.0,284.0,screener
WHIRLPOOL,Mar 2026,2026-03-31,annual,127.0,4034.0,71.0,3153.0,7384.0,1960.0,203.0,0.0,5221.0,7384.0,71.0,screener
WINDLAS,Mar 2022,2022-03-31,annual,11.0,384.0,7.0,90.0,491.0,91.0,8.0,65.0,327.0,491.0,-58.0,screener
WINDLAS,Mar 2023,2023-03-31,annual,10.0,392.0,5.0,122.0,529.0,109.0,15.0,107.0,298.0,529.0,-102.0,screener
WINDLAS,Mar 2024,2024-03-31,annual,10.0,440.0,4.0,173.0,626.0,179.0,6.0,173.0,268.0,626.0,-169.0,screener
WINDLAS,Mar 2025,2025-03-31,annual,10.0,495.0,33.0,222.0,760.0,223.0,5.0,223.0,308.0,760.0,-190.0,screener
WINDLAS,Mar 2026,2026-03-31,annual,11.0,570.0,35.0,291.0,907.0,213.0,60.0,268.0,366.0,907.0,-233.0,screener
WINDMACHIN,Mar 2022,2022-03-31,annual,13.0,271.0,26.0,265.0,576.0,320.0,19.0,0.0,237.0,576.0,26.0,screener
WINDMACHIN,Mar 2023,2023-03-31,annual,13.0,267.0,36.0,266.0,582.0,311.0,19.0,0.0,251.0,582.0,36.0,screener
WINDMACHIN,Mar 2024,2024-03-31,annual,13.0,254.0,36.0,291.0,593.0,323.0,19.0,0.0,251.0,593.0,36.0,screener
WINDMACHIN,Mar 2025,2025-03-31,annual,17.0,717.0,35.0,233.0,1002.0,652.0,21.0,0.0,330.0,1002.0,35.0,screener
WINDMACHIN,Mar 2026,2026-03-31,annual,18.0,476.0,86.0,304.0,883.0,255.0,16.0,0.0,612.0,883.0,86.0,screener
WINSOME,Mar 2019,2019-03-31,annual,71.0,-370.0,556.0,77.0,334.0,207.0,0.0,26.0,101.0,334.0,530.0,screener
WINSOME,Mar 2020,2020-03-31,annual,71.0,-418.0,557.0,75.0,284.0,192.0,0.0,26.0,67.0,284.0,531.0,screener
WINSOME,Mar 2021,2021-03-31,annual,71.0,-439.0,557.0,78.0,266.0,177.0,0.0,26.0,64.0,266.0,531.0,screener
WINSOME,Mar 2022,2022-03-31,annual,71.0,-453.0,557.0,82.0,256.0,162.0,0.0,26.0,68.0,256.0,531.0,screener
WINSOME,Mar 2023,2023-03-31,annual,71.0,-480.0,557.0,69.0,217.0,148.0,0.0,26.0,43.0,217.0,531.0,screener
WIPRO,Mar 2022,2022-03-31,annual,1096.0,64307.0,17593.0,24280.0,107276.0,37990.0,1602.0,26154.0,41531.0,107276.0,-8561.0,screener
WIPRO,Mar 2023,2023-03-31,annual,1098.0,76570.0,17467.0,21789.0,116924.0,44757.0,617.0,33073.0,38477.0,116924.0,-15606.0,screener
WIPRO,Mar 2024,2024-03-31,annual,1045.0,73488.0,16465.0,23611.0,114609.0,43628.0,723.0,33384.0,36873.0,114609.0,-16919.0,screener
WIPRO,Mar 2025,2025-03-31,annual,2094.0,80270.0,19204.0,26362.0,127929.0,45187.0,196.0,43926.0,38620.0,127929.0,-24722.0,screener
WIPRO,Mar 2026,2026-03-31,annual,2098.0,85921.0,20291.0,32574.0,140884.0,51690.0,412.0,46786.0,41995.0,140884.0,-26495.0,screener
WOCKPHARMA,Mar 2022,2022-03-31,annual,72.0,3777.0,2198.0,2168.0,8215.0,3462.0,1342.0,0.0,3411.0,8215.0,2198.0,screener
WOCKPHARMA,Mar 2023,2023-03-31,annual,72.0,3282.0,2184.0,2113.0,7651.0,3042.0,1539.0,0.0,3070.0,7651.0,2184.0,screener
WOCKPHARMA,Mar 2024,2024-03-31,annual,77.0,3282.0,2356.0,1899.0,7614.0,2881.0,1722.0,0.0,3011.0,7614.0,2356.0,screener
WOCKPHARMA,Mar 2025,2025-03-31,annual,81.0,4272.0,2021.0,1726.0,8100.0,2736.0,2033.0,422.0,2909.0,8100.0,1599.0,screener
WOCKPHARMA,Mar 2026,2026-03-31,annual,81.0,4859.0,2233.0,1405.0,8578.0,2791.0,2379.0,412.0,2996.0,8578.0,1821.0,screener
WORTHPERI,Mar 2022,2022-03-31,annual,16.0,110.0,19.0,38.0,183.0,76.0,1.0,0.0,107.0,183.0,19.0,screener
WORTHPERI,Mar 2023,2023-03-31,annual,16.0,128.0,4.0,36.0,183.0,79.0,1.0,0.0,103.0,183.0,4.0,screener
WORTHPERI,Mar 2024,2024-03-31,annual,16.0,143.0,10.0,37.0,207.0,91.0,1.0,0.0,115.0,207.0,10.0,screener
WORTHPERI,Mar 2025,2025-03-31,annual,16.0,158.0,20.0,36.0,230.0,84.0,1.0,0.0,144.0,230.0,20.0,screener
WORTHPERI,Mar 2026,2026-03-31,annual,16.0,172.0,42.0,49.0,278.0,80.0,79.0,0.0,120.0,278.0,42.0,screener
WPIL,Mar 2022,2022-03-31,annual,10.0,625.0,317.0,855.0,1806.0,421.0,9.0,17.0,1359.0,1806.0,300.0,screener
WPIL,Mar 2023,2023-03-31,annual,10.0,800.0,258.0,1134.0,2202.0,467.0,9.0,20.0,1706.0,2202.0,238.0,screener
WPIL,Mar 2024,2024-03-31,annual,10.0,1236.0,220.0,1162.0,2628.0,439.0,14.0,25.0,2150.0,2628.0,195.0,screener
WPIL,Mar 2025,2025-03-31,annual,10.0,1362.0,467.0,1093.0,2932.0,503.0,9.0,32.0,2388.0,2932.0,435.0,screener
WPIL,Mar 2026,2026-03-31,annual,10.0,1581.0,502.0,1166.0,3259.0,654.0,2.0,42.0,2561.0,3259.0,460.0,screener
WSTCSTPAPR,Mar 2022,2022-03-31,annual,13.0,1673.0,478.0,1094.0,3259.0,1757.0,22.0,472.0,1008.0,3259.0,6.0,screener
WSTCSTPAPR,Mar 2023,2023-03-31,annual,13.0,2568.0,231.0,1361.0,4173.0,1659.0,55.0,1310.0,1149.0,4173.0,-1079.0,screener
WSTCSTPAPR,Mar 2024,2024-03-31,annual,13.0,3228.0,276.0,1600.0,5118.0,1882.0,210.0,1730.0,1296.0,5118.0,-1454.0,screener
WSTCSTPAPR,Mar 2025,2025-03-31,annual,13.0,3478.0,456.0,1565.0,5512.0,2126.0,172.0,1604.0,1610.0,5512.0,-1148.0,screener
WSTCSTPAPR,Mar 2026,2026-03-31,annual,13.0,3595.0,345.0,1502.0,5455.0,2182.0,290.0,1492.0,1491.0,5455.0,-1147.0,screener
XPROINDIA,Mar 2022,2022-03-31,annual,12.0,160.0,90.0,73.0,335.0,168.0,0.0,5.0,161.0,335.0,85.0,screener
XPROINDIA,Mar 2023,2023-03-31,annual,18.0,215.0,39.0,68.0,340.0,160.0,3.0,5.0,173.0,340.0,34.0,screener
XPROINDIA,Mar 2024,2024-03-31,annual,22.0,538.0,39.0,78.0,677.0,151.0,22.0,5.0,500.0,677.0,34.0,screener
XPROINDIA,Mar 2025,2025-03-31,annual,22.0,588.0,269.0,113.0,993.0,179.0,345.0,0.0,468.0,993.0,269.0,screener
XPROINDIA,Mar 2026,2026-03-31,annual,23.0,736.0,325.0,134.0,1218.0,651.0,39.0,0.0,529.0,1218.0,325.0,screener
YASHO,Mar 2022,2022-03-31,annual,11.0,162.0,179.0,131.0,483.0,161.0,1.0,0.0,322.0,483.0,179.0,screener
YASHO,Mar 2023,2023-03-31,annual,11.0,227.0,324.0,88.0,650.0,177.0,124.0,0.0,349.0,650.0,324.0,screener
YASHO,Mar 2024,2024-03-31,annual,11.0,283.0,579.0,119.0,993.0,203.0,461.0,0.0,329.0,993.0,579.0,screener
YASHO,Mar 2025,2025-03-31,annual,12.0,408.0,583.0,92.0,1094.0,624.0,1.0,0.0,469.0,1094.0,583.0,screener
YASHO,Mar 2026,2026-03-31,annual,12.0,432.0,558.0,153.0,1155.0,634.0,10.0,0.0,511.0,1155.0,558.0,screener
YATHARTH,Mar 2022,2022-03-31,annual,66.0,51.0,264.0,45.0,426.0,303.0,0.0,0.0,123.0,426.0,264.0,screener
YATHARTH,Mar 2023,2023-03-31,annual,66.0,117.0,267.0,36.0,486.0,299.0,0.0,0.0,187.0,486.0,267.0,screener
YATHARTH,Mar 2024,2024-03-31,annual,86.0,788.0,85.0,60.0,1019.0,442.0,0.0,0.0,577.0,1019.0,85.0,screener
YATHARTH,Mar 2025,2025-03-31,annual,96.0,1509.0,12.0,114.0,1731.0,605.0,222.0,74.0,829.0,1731.0,-62.0,screener
YATHARTH,Mar 2026,2026-03-31,annual,96.0,1684.0,264.0,237.0,2282.0,1250.0,102.0,2.0,928.0,2282.0,262.0,screener
YATRA,Mar 2022,2022-03-31,annual,11.0,90.0,63.0,383.0,547.0,112.0,4.0,0.0,431.0,547.0,63.0,screener
YATRA,Mar 2023,2023-03-31,annual,11.0,158.0,178.0,333.0,681.0,115.0,4.0,0.0,562.0,681.0,178.0,screener
YATRA,Mar 2024,2024-03-31,annual,16.0,732.0,85.0,384.0,1217.0,123.0,8.0,0.0,1086.0,1217.0,85.0,screener
YATRA,Mar 2025,2025-03-31,annual,16.0,768.0,78.0,459.0,1321.0,273.0,10.0,0.0,1038.0,1321.0,78.0,screener
YATRA,Mar 2026,2026-03-31,annual,16.0,815.0,103.0,403.0,1336.0,304.0,0.0,0.0,1032.0,1336.0,103.0,screener
YESBANK,Mar 2022,2022-03-31,annual,5011.0,28688.0,,15476.0,318578.0,2016.0,125.0,51754.0,264683.0,318578.0,,screener
YESBANK,Mar 2023,2023-03-31,annual,5751.0,34967.0,,19350.0,355204.0,2156.0,296.0,76749.0,276003.0,355204.0,,screener
YESBANK,Mar 2024,2024-03-31,annual,5754.0,36402.0,,17469.0,406362.0,2509.0,357.0,89997.0,313499.0,406362.0,,screener
YESBANK,Mar 2025,2025-03-31,annual,6271.0,41562.0,,19892.0,424116.0,2872.0,206.0,84725.0,336313.0,424116.0,,screener
YESBANK,Mar 2026,2026-03-31,annual,6276.0,44882.0,,34626.0,470204.0,3097.0,101.0,87755.0,379251.0,470204.0,,screener
ZAGGLE,Mar 2023,2023-03-31,annual,9.0,40.0,141.0,45.0,235.0,29.0,11.0,2.0,193.0,235.0,139.0,screener
ZAGGLE,Mar 2024,2024-03-31,annual,12.0,563.0,87.0,34.0,696.0,23.0,50.0,26.0,597.0,696.0,61.0,screener
ZAGGLE,Mar 2025,2025-03-31,annual,13.0,1235.0,20.0,47.0,1315.0,142.0,48.0,25.0,1100.0,1315.0,-5.0,screener
ZAGGLE,Mar 2026,2026-03-31,annual,13.0,1391.0,55.0,95.0,1554.0,285.0,0.0,32.0,1236.0,1554.0,23.0,screener
ZEEL,Mar 2022,2022-03-31,annual,96.0,10767.0,76.0,2300.0,13240.0,1225.0,87.0,65.0,11862.0,13240.0,11.0,screener
ZEEL,Mar 2023,2023-03-31,annual,96.0,10626.0,282.0,2724.0,13728.0,1360.0,19.0,35.0,12315.0,13728.0,247.0,screener
ZEEL,Mar 2024,2024-03-31,annual,96.0,10777.0,230.0,2347.0,13450.0,1204.0,10.0,39.0,12197.0,13450.0,191.0,screener
ZEEL,Mar 2025,2025-03-31,annual,96.0,11437.0,321.0,1880.0,13734.0,1005.0,1.0,1195.0,11533.0,13734.0,-874.0,screener
ZEEL,Mar 2026,2026-03-31,annual,96.0,11634.0,265.0,2220.0,14216.0,908.0,4.0,1275.0,12029.0,14216.0,-1010.0,screener
ZENSARTECH,Mar 2022,2022-03-31,annual,45.0,2642.0,335.0,817.0,3840.0,1254.0,1.0,324.0,2260.0,3840.0,11.0,screener
ZENSARTECH,Mar 2023,2023-03-31,annual,45.0,2931.0,273.0,872.0,4121.0,1174.0,0.0,899.0,2049.0,4121.0,-626.0,screener
ZENSARTECH,Mar 2024,2024-03-31,annual,45.0,3517.0,186.0,899.0,4648.0,1034.0,5.0,1408.0,2200.0,4648.0,-1222.0,screener
ZENSARTECH,Mar 2025,2025-03-31,annual,45.0,4024.0,125.0,978.0,5173.0,1170.0,1.0,1714.0,2288.0,5173.0,-1589.0,screener
ZENSARTECH,Mar 2026,2026-03-31,annual,45.0,4674.0,79.0,1274.0,6072.0,1223.0,176.0,1921.0,2753.0,6072.0,-1842.0,screener
ZENTEC,Mar 2022,2022-03-31,annual,8.0,275.0,15.0,71.0,369.0,67.0,3.0,2.0,297.0,369.0,13.0,screener
ZENTEC,Mar 2023,2023-03-31,annual,8.0,308.0,7.0,151.0,474.0,75.0,2.0,2.0,394.0,474.0,5.0,screener
ZENTEC,Mar 2024,2024-03-31,annual,8.0,440.0,6.0,296.0,750.0,93.0,11.0,0.0,646.0,750.0,6.0,screener
ZENTEC,Mar 2025,2025-03-31,annual,9.0,1692.0,78.0,271.0,2049.0,208.0,7.0,4.0,1830.0,2049.0,74.0,screener
ZENTEC,Mar 2026,2026-03-31,annual,9.0,1880.0,19.0,248.0,2155.0,239.0,15.0,6.0,1895.0,2155.0,13.0,screener
ZFCVINDIA,Mar 2022,2022-03-31,annual,9.0,2105.0,0.0,523.0,2637.0,536.0,20.0,398.0,1683.0,2637.0,-398.0,screener
ZFCVINDIA,Mar 2023,2023-03-31,annual,9.0,2400.0,0.0,613.0,3022.0,587.0,77.0,100.0,2258.0,3022.0,-100.0,screener
ZFCVINDIA,Mar 2024,2024-03-31,annual,9.0,2781.0,0.0,591.0,3382.0,673.0,84.0,25.0,2600.0,3382.0,-25.0,screener
ZFCVINDIA,Mar 2025,2025-03-31,annual,9.0,3205.0,66.0,505.0,3785.0,736.0,68.0,30.0,2950.0,3785.0,36.0,screener
ZFCVINDIA,Mar 2026,2026-03-31,annual,9.0,3681.0,55.0,680.0,4426.0,732.0,61.0,605.0,3028.0,4426.0,-550.0,screener
ZOTA,Mar 2022,2022-03-31,annual,25.0,64.0,15.0,35.0,139.0,29.0,0.0,33.0,77.0,139.0,-18.0,screener
ZOTA,Mar 2023,2023-03-31,annual,25.0,55.0,45.0,33.0,158.0,62.0,3.0,8.0,85.0,158.0,37.0,screener
ZOTA,Mar 2024,2024-03-31,annual,26.0,64.0,95.0,43.0,228.0,103.0,5.0,5.0,116.0,228.0,90.0,screener
ZOTA,Mar 2025,2025-03-31,annual,29.0,195.0,140.0,76.0,439.0,185.0,6.0,54.0,193.0,439.0,86.0,screener
ZOTA,Mar 2026,2026-03-31,annual,35.0,659.0,270.0,167.0,1131.0,383.0,2.0,264.0,483.0,1131.0,6.0,screener
ZUARI,Mar 2022,2022-03-31,annual,42.0,325.0,2643.0,3201.0,6211.0,1424.0,320.0,1126.0,3341.0,6211.0,1517.0,screener
ZUARI,Mar 2023,2023-03-31,annual,42.0,1539.0,2108.0,1361.0,5050.0,1940.0,19.0,1242.0,1848.0,5050.0,866.0,screener
ZUARI,Mar 2024,2024-03-31,annual,42.0,1652.0,1783.0,1334.0,4811.0,1957.0,23.0,1270.0,1561.0,4811.0,513.0,screener
ZUARI,Mar 2025,2025-03-31,annual,42.0,1814.0,717.0,2453.0,5026.0,865.0,7.0,1425.0,2729.0,5026.0,-708.0,screener
ZUARI,Mar 2026,2026-03-31,annual,42.0,2047.0,642.0,520.0,3251.0,159.0,0.0,2581.0,511.0,3251.0,-1939.0,screener
ZUARIIND,Mar 2022,2022-03-31,annual,29.0,2885.0,2512.0,816.0,6243.0,654.0,7.0,3180.0,2401.0,6243.0,-668.0,screener
ZUARIIND,Mar 2023,2023-03-31,annual,30.0,2312.0,2691.0,774.0,5807.0,645.0,1.0,2586.0,2575.0,5807.0,105.0,screener
ZUARIIND,Mar 2024,2024-03-31,annual,30.0,3830.0,2436.0,1195.0,7492.0,622.0,6.0,4852.0,2012.0,7492.0,-2416.0,screener
ZUARIIND,Mar 2025,2025-03-31,annual,30.0,4959.0,2568.0,1363.0,8920.0,609.0,7.0,6379.0,1925.0,8920.0,-3811.0,screener
ZUARIIND,Mar 2026,2026-03-31,annual,30.0,3591.0,2598.0,944.0,7164.0,616.0,6.0,4851.0,1691.0,7164.0,-2253.0,screener
ZYDUSLIFE,Mar 2022,2022-03-31,annual,102.0,16897.0,4221.0,6421.0,27642.0,12253.0,661.0,3288.0,11439.0,27642.0,933.0,screener
ZYDUSLIFE,Mar 2023,2023-03-31,annual,101.0,17415.0,1195.0,6851.0,25562.0,11521.0,1201.0,1547.0,11294.0,25562.0,-352.0,screener
ZYDUSLIFE,Mar 2024,2024-03-31,annual,101.0,19729.0,804.0,8201.0,28834.0,12368.0,2423.0,1220.0,12822.0,28834.0,-416.0,screener
ZYDUSLIFE,Mar 2025,2025-03-31,annual,101.0,23852.0,3213.0,9523.0,36689.0,13134.0,2692.0,6412.0,14451.0,36689.0,-3199.0,screener
ZYDUSLIFE,Mar 2026,2026-03-31,annual,101.0,27011.0,12496.0,11065.0,50673.0,24106.0,3698.0,7540.0,15328.0,50673.0,4956.0,screener
ZYDUSWELL,Mar 2022,2022-03-31,annual,64.0,4780.0,387.0,461.0,5692.0,4710.0,12.0,27.0,943.0,5692.0,360.0,screener
ZYDUSWELL,Mar 2023,2023-03-31,annual,64.0,5059.0,297.0,413.0,5833.0,4732.0,13.0,70.0,1018.0,5833.0,227.0,screener
ZYDUSWELL,Mar 2024,2024-03-31,annual,64.0,5294.0,329.0,462.0,6148.0,4708.0,10.0,78.0,1354.0,6148.0,251.0,screener
ZYDUSWELL,Mar 2025,2025-03-31,annual,64.0,5608.0,188.0,582.0,6442.0,5125.0,15.0,36.0,1266.0,6442.0,152.0,screener
ZYDUSWELL,Mar 2026,2026-03-31,annual,64.0,5762.0,3203.0,1279.0,10308.0,8596.0,23.0,5.0,1684.0,10308.0,3198.0,screener
