symbol,period_label,period_end,period_type,operating_cf,investing_cf,financing_cf,net_cf,source
20MICRONS,Mar 2022,2022-03-31,annual,35.0,-23.0,-4.0,9.0,screener
20MICRONS,Mar 2023,2023-03-31,annual,63.0,-18.0,-38.0,8.0,screener
20MICRONS,Mar 2024,2024-03-31,annual,54.0,-23.0,-3.0,28.0,screener
20MICRONS,Mar 2025,2025-03-31,annual,32.0,-63.0,14.0,-17.0,screener
20MICRONS,Mar 2026,2026-03-31,annual,104.0,-31.0,-30.0,42.0,screener
360ONE,Mar 2022,2022-03-31,annual,929.0,-1128.0,251.0,52.0,screener
360ONE,Mar 2023,2023-03-31,annual,-1323.0,788.0,556.0,21.0,screener
360ONE,Mar 2024,2024-03-31,annual,-470.0,-1574.0,1978.0,-67.0,screener
360ONE,Mar 2025,2025-03-31,annual,-2411.0,-1065.0,3773.0,297.0,screener
360ONE,Mar 2026,2026-03-31,annual,-2921.0,-1613.0,4357.0,-177.0,screener
3MINDIA,Mar 2020,2020-03-31,annual,245.0,3.0,-25.0,223.0,screener
3MINDIA,Mar 2021,2021-03-31,annual,321.0,-14.0,-25.0,282.0,screener
3MINDIA,Mar 2022,2022-03-31,annual,327.0,-41.0,-21.0,265.0,screener
3MINDIA,Mar 2023,2023-03-31,annual,465.0,-15.0,-980.0,-530.0,screener
3MINDIA,Mar 2024,2024-03-31,annual,643.0,-269.0,-128.0,246.0,screener
5PAISA,Mar 2022,2022-03-31,annual,-141.0,-12.0,225.0,73.0,screener
5PAISA,Mar 2023,2023-03-31,annual,25.0,-8.0,-85.0,-68.0,screener
5PAISA,Mar 2024,2024-03-31,annual,-92.0,-13.0,154.0,50.0,screener
5PAISA,Mar 2025,2025-03-31,annual,98.0,-7.0,-141.0,-51.0,screener
5PAISA,Mar 2026,2026-03-31,annual,-104.0,-7.0,127.0,17.0,screener
63MOONS,Mar 2022,2022-03-31,annual,-102.0,75.0,81.0,54.0,screener
63MOONS,Mar 2023,2023-03-31,annual,71.0,-68.0,19.0,21.0,screener
63MOONS,Mar 2024,2024-03-31,annual,47.0,-100.0,22.0,-31.0,screener
63MOONS,Mar 2025,2025-03-31,annual,-143.0,-48.0,165.0,-26.0,screener
63MOONS,Mar 2026,2026-03-31,annual,-293.0,40.0,255.0,1.0,screener
AADHARHFC,Mar 2022,2022-03-31,annual,-907.0,823.0,275.0,191.0,screener
AADHARHFC,Mar 2023,2023-03-31,annual,-1156.0,-477.0,1463.0,-169.0,screener
AADHARHFC,Mar 2024,2024-03-31,annual,-2550.0,723.0,1778.0,-49.0,screener
AADHARHFC,Mar 2025,2025-03-31,annual,-3027.0,160.0,3389.0,522.0,screener
AADHARHFC,Mar 2026,2026-03-31,annual,-2808.0,309.0,2336.0,-164.0,screener
AARTIDRUGS,Mar 2022,2022-03-31,annual,70.0,-150.0,92.0,13.0,screener
AARTIDRUGS,Mar 2023,2023-03-31,annual,133.0,-164.0,17.0,-14.0,screener
AARTIDRUGS,Mar 2024,2024-03-31,annual,359.0,-224.0,-136.0,-1.0,screener
AARTIDRUGS,Mar 2025,2025-03-31,annual,245.0,-165.0,-82.0,-2.0,screener
AARTIDRUGS,Mar 2026,2026-03-31,annual,254.0,-173.0,-77.0,3.0,screener
AARTIIND,Mar 2022,2022-03-31,annual,519.0,-1169.0,412.0,-239.0,screener
AARTIIND,Mar 2023,2023-03-31,annual,1319.0,-1330.0,38.0,27.0,screener
AARTIIND,Mar 2024,2024-03-31,annual,1210.0,-1369.0,420.0,261.0,screener
AARTIIND,Mar 2025,2025-03-31,annual,1242.0,-1398.0,-73.0,-229.0,screener
AARTIIND,Mar 2026,2026-03-31,annual,775.0,-1141.0,745.0,379.0,screener
AARTIPHARM,Mar 2022,2022-03-31,annual,-44.0,-139.0,260.0,78.0,screener
AARTIPHARM,Mar 2023,2023-03-31,annual,250.0,-158.0,-163.0,-71.0,screener
AARTIPHARM,Mar 2024,2024-03-31,annual,216.0,-215.0,10.0,12.0,screener
AARTIPHARM,Mar 2025,2025-03-31,annual,332.0,-414.0,65.0,-17.0,screener
AARTIPHARM,Mar 2026,2026-03-31,annual,262.0,-431.0,171.0,2.0,screener
AARTISURF,Mar 2022,2022-03-31,annual,23.0,-23.0,-6.0,-5.0,screener
AARTISURF,Mar 2023,2023-03-31,annual,25.0,-11.0,-8.0,6.0,screener
AARTISURF,Mar 2024,2024-03-31,annual,52.0,-16.0,-37.0,-1.0,screener
AARTISURF,Mar 2025,2025-03-31,annual,11.0,-16.0,0.0,-5.0,screener
AARTISURF,Mar 2026,2026-03-31,annual,77.0,-46.0,-20.0,12.0,screener
AARVI,Mar 2022,2022-03-31,annual,-10.0,0.0,-1.0,-11.0,screener
AARVI,Mar 2023,2023-03-31,annual,3.0,0.0,-4.0,-1.0,screener
AARVI,Mar 2024,2024-03-31,annual,3.0,1.0,2.0,6.0,screener
AARVI,Mar 2025,2025-03-31,annual,-2.0,-13.0,11.0,-4.0,screener
AARVI,Mar 2026,2026-03-31,annual,8.0,0.0,-6.0,2.0,screener
AAVAS,Mar 2020,2020-03-31,annual,-1172.0,-342.0,1705.0,191.0,screener
AAVAS,Mar 2021,2021-03-31,annual,-1071.0,-265.0,1008.0,-328.0,screener
AAVAS,Mar 2022,2022-03-31,annual,-1135.0,-463.0,1623.0,26.0,screener
AAVAS,Mar 2023,2023-03-31,annual,-1924.0,196.0,1858.0,130.0,screener
AAVAS,Mar 2024,2024-03-31,annual,-1987.0,-648.0,2477.0,-157.0,screener
ABB,Dec 2011,2011-12-31,annual,120.0,-361.0,-80.0,-321.0,screener
ABB,Dec 2012,2012-12-31,annual,-44.0,-340.0,210.0,-173.0,screener
ABB,Dec 2024,2024-12-31,annual,1332.0,-503.0,-770.0,59.0,screener
ABB,Dec 2025,2025-12-31,annual,1220.0,364.0,-966.0,617.0,screener
ABCAPITAL,Mar 2022,2022-03-31,annual,-5070.0,-1446.0,5836.0,-679.0,screener
ABCAPITAL,Mar 2023,2023-03-31,annual,-24029.0,-2675.0,26385.0,-318.0,screener
ABCAPITAL,Mar 2024,2024-03-31,annual,-24100.0,-4590.0,28514.0,-176.0,screener
ABCAPITAL,Mar 2025,2025-03-31,annual,-27935.0,933.0,29778.0,2776.0,screener
ABCAPITAL,Mar 2026,2026-03-31,annual,-36544.0,-3544.0,38161.0,-1927.0,screener
ABDL,Mar 2022,2022-03-31,annual,179.0,53.0,-256.0,-24.0,screener
ABDL,Mar 2023,2023-03-31,annual,230.0,-19.0,-203.0,8.0,screener
ABDL,Mar 2024,2024-03-31,annual,186.0,-54.0,-132.0,0.0,screener
ABDL,Mar 2025,2025-03-31,annual,-678.0,-182.0,922.0,61.0,screener
ABDL,Mar 2026,2026-03-31,annual,362.0,-331.0,10.0,41.0,screener
ABLBL,Mar 2025,2025-03-31,annual,1144.0,7.0,-1230.0,-79.0,screener
ABLBL,Mar 2026,2026-03-31,annual,1219.0,-198.0,-983.0,38.0,screener
ABREL,Mar 2022,2022-03-31,annual,-51.0,-176.0,207.0,-21.0,screener
ABREL,Mar 2023,2023-03-31,annual,271.0,138.0,-553.0,-144.0,screener
ABREL,Mar 2024,2024-03-31,annual,-315.0,-524.0,1272.0,433.0,screener
ABREL,Mar 2025,2025-03-31,annual,-1293.0,-438.0,2218.0,487.0,screener
ABREL,Mar 2026,2026-03-31,annual,747.0,-588.0,299.0,458.0,screener
ABSLAMC,Mar 2022,2022-03-31,annual,563.0,-298.0,-256.0,9.0,screener
ABSLAMC,Mar 2023,2023-03-31,annual,437.0,-134.0,-335.0,-32.0,screener
ABSLAMC,Mar 2024,2024-03-31,annual,685.0,-511.0,-169.0,5.0,screener
ABSLAMC,Mar 2025,2025-03-31,annual,708.0,-305.0,-399.0,5.0,screener
ABSLAMC,Mar 2026,2026-03-31,annual,812.0,-95.0,-703.0,15.0,screener
ACC,Dec 2021,2021-12-31,annual,2835.0,-988.0,-331.0,1517.0,screener
ACC,Mar 2023,2023-03-31,annual,-1235.0,-4637.0,-1238.0,-7110.0,screener
ACC,Mar 2024,2024-03-31,annual,2995.0,-1205.0,-443.0,1347.0,screener
ACC,Mar 2025,2025-03-31,annual,1711.0,-1262.0,-1002.0,-553.0,screener
ACC,Mar 2026,2026-03-31,annual,-1364.0,1273.0,-422.0,-513.0,screener
ACE,Mar 2022,2022-03-31,annual,104.0,-201.0,71.0,-27.0,screener
ACE,Mar 2023,2023-03-31,annual,274.0,-218.0,-41.0,16.0,screener
ACE,Mar 2024,2024-03-31,annual,433.0,-368.0,-39.0,27.0,screener
ACE,Mar 2025,2025-03-31,annual,412.0,-382.0,-29.0,1.0,screener
ACE,Mar 2026,2026-03-31,annual,417.0,-350.0,-52.0,15.0,screener
ACI,Mar 2022,2022-03-31,annual,315.0,-110.0,-224.0,-19.0,screener
ACI,Mar 2023,2023-03-31,annual,496.0,-290.0,-212.0,-6.0,screener
ACI,Mar 2024,2024-03-31,annual,379.0,-307.0,-33.0,40.0,screener
ACI,Mar 2025,2025-03-31,annual,176.0,-246.0,65.0,-5.0,screener
ACI,Mar 2026,2026-03-31,annual,140.0,-293.0,154.0,1.0,screener
ACMESOLAR,Mar 2022,2022-03-31,annual,955.0,-425.0,-556.0,-25.0,screener
ACMESOLAR,Mar 2023,2023-03-31,annual,1263.0,-1410.0,215.0,69.0,screener
ACMESOLAR,Mar 2024,2024-03-31,annual,1434.0,-1888.0,216.0,-238.0,screener
ACMESOLAR,Mar 2025,2025-03-31,annual,1543.0,-3976.0,3408.0,975.0,screener
ACMESOLAR,Mar 2026,2026-03-31,annual,1249.0,-7317.0,7015.0,947.0,screener
ACUTAAS,Mar 2022,2022-03-31,annual,-12.0,-121.0,140.0,8.0,screener
ACUTAAS,Mar 2023,2023-03-31,annual,66.0,-33.0,-12.0,20.0,screener
ACUTAAS,Mar 2024,2024-03-31,annual,125.0,-365.0,239.0,-1.0,screener
ACUTAAS,Mar 2025,2025-03-31,annual,118.0,-224.0,261.0,156.0,screener
ACUTAAS,Mar 2026,2026-03-31,annual,292.0,-266.0,4.0,30.0,screener
ADANIENSOL,Mar 2022,2022-03-31,annual,4097.0,-3936.0,-235.0,-75.0,screener
ADANIENSOL,Mar 2023,2023-03-31,annual,3777.0,-4699.0,923.0,2.0,screener
ADANIENSOL,Mar 2024,2024-03-31,annual,6038.0,-4943.0,-543.0,551.0,screener
ADANIENSOL,Mar 2025,2025-03-31,annual,9045.0,-15222.0,7626.0,1448.0,screener
ADANIENSOL,Mar 2026,2026-03-31,annual,10997.0,-14083.0,2630.0,-456.0,screener
ADANIENT,Mar 2022,2022-03-31,annual,1385.0,-17041.0,15901.0,246.0,screener
ADANIENT,Mar 2023,2023-03-31,annual,17626.0,-15459.0,-1198.0,970.0,screener
ADANIENT,Mar 2024,2024-03-31,annual,10312.0,-18767.0,8879.0,424.0,screener
ADANIENT,Mar 2025,2025-03-31,annual,4513.0,-26417.0,22655.0,751.0,screener
ADANIENT,Mar 2026,2026-03-31,annual,2357.0,-27680.0,28484.0,3161.0,screener
ADANIGREEN,Mar 2022,2022-03-31,annual,3127.0,-18730.0,15986.0,383.0,screener
ADANIGREEN,Mar 2023,2023-03-31,annual,7265.0,-3857.0,-2973.0,435.0,screener
ADANIGREEN,Mar 2024,2024-03-31,annual,7713.0,-21060.0,13953.0,606.0,screener
ADANIGREEN,Mar 2025,2025-03-31,annual,8957.0,-19828.0,11475.0,604.0,screener
ADANIGREEN,Mar 2026,2026-03-31,annual,10135.0,-26227.0,15615.0,-477.0,screener
ADANIPORTS,Mar 2022,2022-03-31,annual,10420.0,-5493.0,-586.0,4341.0,screener
ADANIPORTS,Mar 2023,2023-03-31,annual,11900.0,-16716.0,-2734.0,-7550.0,screener
ADANIPORTS,Mar 2024,2024-03-31,annual,15018.0,-6947.0,-7800.0,271.0,screener
ADANIPORTS,Mar 2025,2025-03-31,annual,17226.0,-9788.0,-6916.0,523.0,screener
ADANIPORTS,Mar 2026,2026-03-31,annual,20356.0,-13191.0,-5483.0,1682.0,screener
ADANIPOWER,Mar 2022,2022-03-31,annual,10233.0,774.0,-10338.0,669.0,screener
ADANIPOWER,Mar 2023,2023-03-31,annual,8431.0,1545.0,-10408.0,-433.0,screener
ADANIPOWER,Mar 2024,2024-03-31,annual,14170.0,3481.0,-16864.0,787.0,screener
ADANIPOWER,Mar 2025,2025-03-31,annual,21501.0,-17142.0,-5175.0,-816.0,screener
ADANIPOWER,Mar 2026,2026-03-31,annual,20514.0,-26461.0,6555.0,608.0,screener
ADFFOODS,Mar 2022,2022-03-31,annual,34.0,-53.0,33.0,14.0,screener
ADFFOODS,Mar 2023,2023-03-31,annual,51.0,-60.0,-5.0,-14.0,screener
ADFFOODS,Mar 2024,2024-03-31,annual,70.0,13.0,-63.0,20.0,screener
ADFFOODS,Mar 2025,2025-03-31,annual,37.0,-39.0,-21.0,-23.0,screener
ADFFOODS,Mar 2026,2026-03-31,annual,58.0,-11.0,-24.0,22.0,screener
ADOR,Mar 2021,2021-03-31,annual,79.0,-7.0,-61.0,12.0,screener
ADOR,Mar 2022,2022-03-31,annual,26.0,-5.0,-31.0,-10.0,screener
ADOR,Mar 2024,2024-03-31,annual,58.0,-44.0,-19.0,-5.0,screener
ADOR,Mar 2025,2025-03-31,annual,137.0,-17.0,-94.0,26.0,screener
ADOR,Mar 2026,2026-03-31,annual,116.0,-66.0,-38.0,12.0,screener
ADROITINFO,Mar 2022,2022-03-31,annual,0.66,-1.12,0.5,0.04,screener
ADROITINFO,Mar 2023,2023-03-31,annual,5.93,-13.86,9.04,1.1,screener
ADROITINFO,Mar 2024,2024-03-31,annual,0.55,-11.45,11.39,0.5,screener
ADROITINFO,Mar 2025,2025-03-31,annual,-5.12,3.93,37.05,35.87,screener
ADROITINFO,Mar 2026,2026-03-31,annual,7.2,-7.58,2.51,2.14,screener
ADSL,Mar 2022,2022-03-31,annual,15.0,-6.0,-8.0,1.0,screener
ADSL,Mar 2023,2023-03-31,annual,49.0,-12.0,-13.0,24.0,screener
ADSL,Mar 2024,2024-03-31,annual,68.0,-3.0,-10.0,54.0,screener
ADSL,Mar 2025,2025-03-31,annual,92.0,-12.0,-18.0,61.0,screener
ADSL,Mar 2026,2026-03-31,annual,102.0,-175.0,19.0,-54.0,screener
ADVAIT,Mar 2022,2022-03-31,annual,12.0,-14.0,-2.0,-4.0,screener
ADVAIT,Mar 2023,2023-03-31,annual,13.0,-7.0,3.0,8.0,screener
ADVAIT,Mar 2024,2024-03-31,annual,-9.0,-8.0,44.0,26.0,screener
ADVAIT,Mar 2025,2025-03-31,annual,46.0,-94.0,100.0,52.0,screener
ADVAIT,Mar 2026,2026-03-31,annual,-10.0,-33.0,69.0,25.0,screener
ADVANCE,Mar 2024,2024-03-31,annual,15.0,-31.0,17.0,0.0,screener
ADVANCE,Mar 2025,2025-03-31,annual,6.0,-34.0,28.0,0.0,screener
ADVENTHTL,Mar 2024,2024-03-31,annual,190.0,8.0,-163.0,35.0,screener
ADVENTHTL,Mar 2025,2025-03-31,annual,2310.0,-2183.0,-157.0,-30.0,screener
ADVENTHTL,Mar 2026,2026-03-31,annual,162.0,-331.0,185.0,16.0,screener
ADVENZYMES,Mar 2022,2022-03-31,annual,122.0,2.0,-48.0,75.0,screener
ADVENZYMES,Mar 2023,2023-03-31,annual,140.0,-286.0,-26.0,-171.0,screener
ADVENZYMES,Mar 2024,2024-03-31,annual,141.0,-65.0,-59.0,17.0,screener
ADVENZYMES,Mar 2025,2025-03-31,annual,142.0,-89.0,-73.0,-20.0,screener
ADVENZYMES,Mar 2026,2026-03-31,annual,157.0,-74.0,-70.0,12.0,screener
AEGISLOG,Mar 2022,2022-03-31,annual,280.0,-179.0,-304.0,-203.0,screener
AEGISLOG,Mar 2023,2023-03-31,annual,358.0,-931.0,1311.0,738.0,screener
AEGISLOG,Mar 2024,2024-03-31,annual,656.0,-712.0,256.0,200.0,screener
AEGISLOG,Mar 2025,2025-03-31,annual,558.0,-1463.0,1283.0,378.0,screener
AEGISLOG,Mar 2026,2026-03-31,annual,2028.0,-2533.0,1606.0,1101.0,screener
AEGISVOPAK,Mar 2022,2022-03-31,annual,0.0,-92.0,99.0,7.0,screener
AEGISVOPAK,Mar 2023,2023-03-31,annual,172.0,-1786.0,1629.0,16.0,screener
AEGISVOPAK,Mar 2024,2024-03-31,annual,337.0,-857.0,603.0,83.0,screener
AEGISVOPAK,Mar 2025,2025-03-31,annual,576.0,-381.0,385.0,581.0,screener
AEGISVOPAK,Mar 2026,2026-03-31,annual,702.0,-3077.0,1956.0,-419.0,screener
AEQUS,Mar 2023,2023-03-31,annual,10.0,-95.0,54.0,-31.0,screener
AEQUS,Mar 2024,2024-03-31,annual,-19.0,-346.0,393.0,28.0,screener
AEQUS,Mar 2025,2025-03-31,annual,26.0,-70.0,25.0,-18.0,screener
AEQUS,Mar 2026,2026-03-31,annual,-99.0,-371.0,704.0,235.0,screener
AEROENTER,Mar 2022,2022-03-31,annual,17.0,-21.0,8.0,4.0,screener
AEROENTER,Mar 2023,2023-03-31,annual,-7.0,-28.0,58.0,22.0,screener
AEROENTER,Mar 2024,2024-03-31,annual,-246.0,217.0,79.0,50.0,screener
AEROENTER,Mar 2025,2025-03-31,annual,140.0,-83.0,-99.0,-42.0,screener
AEROENTER,Mar 2026,2026-03-31,annual,18.0,-23.0,13.0,8.0,screener
AEROFLEX,Mar 2022,2022-03-31,annual,32.0,-13.0,-14.0,5.0,screener
AEROFLEX,Mar 2023,2023-03-31,annual,7.0,-9.0,0.0,-2.0,screener
AEROFLEX,Mar 2024,2024-03-31,annual,44.0,-64.0,90.0,70.0,screener
AEROFLEX,Mar 2025,2025-03-31,annual,27.0,-74.0,-3.0,-50.0,screener
AEROFLEX,Mar 2026,2026-03-31,annual,66.0,-120.0,47.0,-7.0,screener
AERONEU,Mar 2022,2022-03-31,annual,-1.0,-11.0,11.0,-1.0,screener
AERONEU,Mar 2023,2023-03-31,annual,-17.0,-20.0,46.0,9.0,screener
AERONEU,Mar 2024,2024-03-31,annual,0.0,-5.0,-5.0,-10.0,screener
AERONEU,Mar 2025,2025-03-31,annual,8.0,-6.0,-5.0,-3.0,screener
AERONEU,Mar 2026,2026-03-31,annual,3.0,0.0,11.0,14.0,screener
AETHER,Mar 2022,2022-03-31,annual,-5.0,-151.0,169.0,12.0,screener
AETHER,Mar 2023,2023-03-31,annual,-7.0,-348.0,439.0,84.0,screener
AETHER,Mar 2024,2024-03-31,annual,-16.0,-424.0,894.0,453.0,screener
AETHER,Mar 2025,2025-03-31,annual,100.0,-418.0,2.0,-316.0,screener
AETHER,Mar 2026,2026-03-31,annual,142.0,-619.0,244.0,-233.0,screener
AFCONS,Mar 2022,2022-03-31,annual,610.0,-255.0,-521.0,-165.0,screener
AFCONS,Mar 2023,2023-03-31,annual,1215.0,-861.0,-483.0,-128.0,screener
AFCONS,Mar 2024,2024-03-31,annual,707.0,-859.0,246.0,94.0,screener
AFCONS,Mar 2025,2025-03-31,annual,-132.0,-131.0,290.0,27.0,screener
AFCONS,Mar 2026,2026-03-31,annual,-127.0,-402.0,473.0,-56.0,screener
AFFLE,Mar 2022,2022-03-31,annual,206.0,-554.0,615.0,267.0,screener
AFFLE,Mar 2023,2023-03-31,annual,260.0,-186.0,-59.0,16.0,screener
AFFLE,Mar 2024,2024-03-31,annual,262.0,-572.0,783.0,473.0,screener
AFFLE,Mar 2025,2025-03-31,annual,426.0,-92.0,-92.0,242.0,screener
AFFLE,Mar 2026,2026-03-31,annual,502.0,-374.0,-43.0,85.0,screener
AGARIND,Mar 2022,2022-03-31,annual,65.0,-69.0,19.0,14.0,screener
AGARIND,Mar 2023,2023-03-31,annual,157.0,-158.0,-15.0,-17.0,screener
AGARIND,Mar 2024,2024-03-31,annual,112.0,-276.0,178.0,13.0,screener
AGARIND,Mar 2025,2025-03-31,annual,100.0,-157.0,40.0,-18.0,screener
AGARIND,Mar 2026,2026-03-31,annual,235.0,-89.0,-128.0,18.0,screener
AGARWALEYE,Mar 2022,2022-03-31,annual,164.0,-155.0,35.0,44.0,screener
AGARWALEYE,Mar 2023,2023-03-31,annual,233.0,-509.0,303.0,27.0,screener
AGARWALEYE,Mar 2024,2024-03-31,annual,346.0,-914.0,553.0,-15.0,screener
AGARWALEYE,Mar 2025,2025-03-31,annual,360.0,-750.0,382.0,-8.0,screener
AGARWALEYE,Mar 2026,2026-03-31,annual,519.0,-308.0,-220.0,-10.0,screener
AGI,Mar 2017,2017-03-31,annual,204.0,-329.0,248.0,123.0,screener
AGI,Mar 2018,2018-03-31,annual,55.0,-183.0,224.0,96.0,screener
AGI,Mar 2019,2019-03-31,annual,329.0,-322.0,-185.0,-178.0,screener
AGI,Mar 2025,2025-03-31,annual,429.0,-442.0,-190.0,-204.0,screener
AGI,Mar 2026,2026-03-31,annual,571.0,-109.0,-413.0,49.0,screener
AGIIL,Mar 2022,2022-03-31,annual,106.0,-76.0,-16.0,14.0,screener
AGIIL,Mar 2023,2023-03-31,annual,106.0,-77.0,-16.0,14.0,screener
AGIIL,Mar 2024,2024-03-31,annual,61.0,-88.0,81.0,55.0,screener
AGIIL,Mar 2025,2025-03-31,annual,-20.0,-39.0,-14.0,-73.0,screener
AGIIL,Mar 2026,2026-03-31,annual,-32.0,-25.0,128.0,71.0,screener
AHLEAST,Mar 2021,2021-03-31,annual,-7.0,8.0,0.0,0.0,screener
AHLEAST,Mar 2022,2022-03-31,annual,3.0,-10.0,7.0,-1.0,screener
AHLEAST,Mar 2023,2023-03-31,annual,9.0,1.0,-10.0,0.0,screener
AHLEAST,Mar 2024,2024-03-31,annual,-385.0,58.0,327.0,0.0,screener
AHLEAST,Mar 2025,2025-03-31,annual,0.0,10.0,-9.0,1.0,screener
AHLUCONT,Mar 2022,2022-03-31,annual,66.0,-101.0,-44.0,-79.0,screener
AHLUCONT,Mar 2023,2023-03-31,annual,301.0,-166.0,-16.0,120.0,screener
AHLUCONT,Mar 2024,2024-03-31,annual,257.0,-310.0,21.0,-31.0,screener
AHLUCONT,Mar 2025,2025-03-31,annual,359.0,-323.0,-52.0,-16.0,screener
AHLUCONT,Mar 2026,2026-03-31,annual,281.0,-257.0,-34.0,-10.0,screener
AIAENG,Mar 2022,2022-03-31,annual,-40.0,101.0,-267.0,-205.0,screener
AIAENG,Mar 2023,2023-03-31,annual,868.0,-1212.0,395.0,51.0,screener
AIAENG,Mar 2024,2024-03-31,annual,903.0,-819.0,-211.0,-127.0,screener
AIAENG,Mar 2025,2025-03-31,annual,1162.0,-203.0,-743.0,217.0,screener
AIAENG,Mar 2026,2026-03-31,annual,592.0,-124.0,-660.0,-193.0,screener
AIFL,Mar 2014,2014-03-31,annual,12.0,-6.0,11.0,16.0,screener
AIFL,Mar 2015,2015-03-31,annual,-34.0,-2.0,29.0,-7.0,screener
AIFL,Mar 2016,2016-03-31,annual,30.0,-5.0,-22.0,3.0,screener
AIIL,Mar 2023,2023-03-31,annual,245.0,48.0,-627.0,-334.0,screener
AIIL,Mar 2024,2024-03-31,annual,3291.0,-2266.0,-1175.0,-150.0,screener
AIIL,Mar 2025,2025-03-31,annual,326.0,-290.0,-127.0,-91.0,screener
AIIL,Mar 2026,2026-03-31,annual,1524.0,-3958.0,2376.0,-58.0,screener
AIROLAM,Mar 2022,2022-03-31,annual,-6.0,-4.0,9.0,-1.0,screener
AIROLAM,Mar 2023,2023-03-31,annual,-5.0,-3.0,8.0,0.0,screener
AIROLAM,Mar 2024,2024-03-31,annual,-1.0,-13.0,11.0,-2.0,screener
AIROLAM,Mar 2025,2025-03-31,annual,14.0,-18.0,4.0,0.0,screener
AIROLAM,Mar 2026,2026-03-31,annual,19.0,-3.0,-17.0,0.0,screener
AJANTPHARM,Mar 2022,2022-03-31,annual,562.0,-74.0,-460.0,28.0,screener
AJANTPHARM,Mar 2023,2023-03-31,annual,792.0,-560.0,-108.0,124.0,screener
AJANTPHARM,Mar 2024,2024-03-31,annual,785.0,65.0,-1051.0,-201.0,screener
AJANTPHARM,Mar 2025,2025-03-31,annual,1157.0,-377.0,-733.0,47.0,screener
AJANTPHARM,Mar 2026,2026-03-31,annual,529.0,-429.0,-168.0,-68.0,screener
AJMERA,Mar 2022,2022-03-31,annual,-64.0,29.0,33.0,-2.0,screener
AJMERA,Mar 2023,2023-03-31,annual,135.0,-45.0,-86.0,4.0,screener
AJMERA,Mar 2024,2024-03-31,annual,220.0,-76.0,-97.0,46.0,screener
AJMERA,Mar 2025,2025-03-31,annual,8.0,-12.0,-1.0,-5.0,screener
AJMERA,Mar 2026,2026-03-31,annual,69.0,-48.0,-56.0,-36.0,screener
AKANKSHA,Mar 2023,2023-03-31,annual,4.02,-7.47,6.94,3.49,screener
AKANKSHA,Mar 2024,2024-03-31,annual,-22.93,-6.6,26.25,-3.28,screener
AKANKSHA,Mar 2025,2025-03-31,annual,-0.11,-14.44,22.48,7.94,screener
AKANKSHA,Mar 2026,2026-03-31,annual,10.18,-29.72,12.55,-6.99,screener
AKG,Mar 2022,2022-03-31,annual,-0.15,0.49,1.8,2.14,screener
AKG,Mar 2023,2023-03-31,annual,-18.25,0.07,26.16,7.99,screener
AKG,Mar 2024,2024-03-31,annual,-3.04,-1.18,-3.04,-7.25,screener
AKG,Mar 2025,2025-03-31,annual,1.21,0.1,-3.26,-1.95,screener
AKG,Mar 2026,2026-03-31,annual,3.99,1.29,-6.25,-0.98,screener
AKSHARCHEM,Mar 2015,2015-03-31,annual,28.0,-13.0,-15.0,0.0,screener
AKSHARCHEM,Mar 2016,2016-03-31,annual,13.0,-11.0,-2.0,0.0,screener
AKUMS,Mar 2022,2022-03-31,annual,32.0,-235.0,236.0,33.0,screener
AKUMS,Mar 2023,2023-03-31,annual,177.0,-305.0,125.0,-4.0,screener
AKUMS,Mar 2024,2024-03-31,annual,498.0,-331.0,-108.0,59.0,screener
AKUMS,Mar 2025,2025-03-31,annual,465.0,-548.0,73.0,-10.0,screener
AKUMS,Mar 2026,2026-03-31,annual,1181.0,-930.0,34.0,285.0,screener
ALICON,Mar 2022,2022-03-31,annual,77.0,-72.0,-9.0,-4.0,screener
ALICON,Mar 2023,2023-03-31,annual,87.0,-82.0,-4.0,1.0,screener
ALICON,Mar 2024,2024-03-31,annual,158.0,-107.0,-51.0,-1.0,screener
ALICON,Mar 2025,2025-03-31,annual,204.0,-182.0,-22.0,0.0,screener
ALICON,Mar 2026,2026-03-31,annual,239.0,-143.0,-90.0,5.0,screener
ALKEM,Mar 2022,2022-03-31,annual,1111.0,-1433.0,380.0,58.0,screener
ALKEM,Mar 2023,2023-03-31,annual,1682.0,120.0,-1761.0,42.0,screener
ALKEM,Mar 2024,2024-03-31,annual,1948.0,-1011.0,-1145.0,-207.0,screener
ALKEM,Mar 2025,2025-03-31,annual,1913.0,-1288.0,-811.0,-186.0,screener
ALKEM,Mar 2026,2026-03-31,annual,1963.0,-1682.0,-503.0,-222.0,screener
ALKYLAMINE,Mar 2016,2016-03-31,annual,101.0,-35.0,-68.0,-2.0,screener
ALKYLAMINE,Mar 2017,2017-03-31,annual,63.0,-65.0,-2.0,-3.0,screener
ALKYLAMINE,Mar 2018,2018-03-31,annual,102.0,-132.0,32.0,2.0,screener
ALKYLAMINE,Mar 2019,2019-03-31,annual,144.0,-67.0,-60.0,17.0,screener
ALKYLAMINE,Mar 2020,2020-03-31,annual,188.0,-41.0,-135.0,12.0,screener
ALLTIME,Mar 2025,2025-03-31,annual,52.0,-113.0,59.0,-2.0,screener
ALLTIME,Mar 2026,2026-03-31,annual,86.0,-181.0,176.0,81.0,screener
ALPA,Mar 2022,2022-03-31,annual,10.0,-16.0,5.0,0.0,screener
ALPA,Mar 2023,2023-03-31,annual,9.0,2.0,-4.0,7.0,screener
ALPA,Mar 2024,2024-03-31,annual,4.0,-13.0,3.0,-7.0,screener
ALPA,Mar 2025,2025-03-31,annual,18.0,-12.0,-5.0,1.0,screener
ALPA,Mar 2026,2026-03-31,annual,10.0,-12.0,2.0,1.0,screener
ALPHAGEO,Mar 2022,2022-03-31,annual,79.0,-23.0,-6.0,51.0,screener
ALPHAGEO,Mar 2023,2023-03-31,annual,13.0,-65.0,-6.0,-58.0,screener
ALPHAGEO,Mar 2024,2024-03-31,annual,1.0,11.0,-5.0,6.0,screener
ALPHAGEO,Mar 2025,2025-03-31,annual,-10.0,22.0,-5.0,7.0,screener
ALPHAGEO,Mar 2026,2026-03-31,annual,18.0,-5.0,-5.0,8.0,screener
ALPSINDUS,Mar 2022,2022-03-31,annual,-59.0,102.0,-44.0,0.0,screener
ALPSINDUS,Mar 2023,2023-03-31,annual,38.0,0.0,-39.0,0.0,screener
ALPSINDUS,Mar 2024,2024-03-31,annual,42.0,0.0,-42.0,0.0,screener
ALPSINDUS,Mar 2025,2025-03-31,annual,54.0,-7.0,-45.0,2.0,screener
ALPSINDUS,Mar 2026,2026-03-31,annual,552.0,8.0,-561.0,-2.0,screener
AMAGI,Mar 2022,2022-03-31,annual,64.0,-3.0,601.0,662.0,screener
AMAGI,Mar 2023,2023-03-31,annual,-245.0,-256.0,538.0,37.0,screener
AMAGI,Mar 2024,2024-03-31,annual,-183.0,-438.0,-8.0,-629.0,screener
AMAGI,Mar 2025,2025-03-31,annual,34.0,-23.0,-9.0,2.0,screener
AMAGI,Mar 2026,2026-03-31,annual,-9.0,-560.0,736.0,167.0,screener
AMBANIORGO,Mar 2022,2022-03-31,annual,0.0,-20.0,27.0,7.0,screener
AMBANIORGO,Mar 2023,2023-03-31,annual,16.0,-38.0,17.0,-5.0,screener
AMBANIORGO,Mar 2024,2024-03-31,annual,-12.0,-1.0,14.0,1.0,screener
AMBANIORGO,Mar 2025,2025-03-31,annual,11.0,2.0,-3.0,10.0,screener
AMBANIORGO,Mar 2026,2026-03-31,annual,0.0,-8.0,8.0,-1.0,screener
AMBER,Mar 2022,2022-03-31,annual,241.0,-678.0,555.0,119.0,screener
AMBER,Mar 2023,2023-03-31,annual,321.0,-489.0,193.0,25.0,screener
AMBER,Mar 2024,2024-03-31,annual,965.0,-1035.0,-122.0,-191.0,screener
AMBER,Mar 2025,2025-03-31,annual,711.0,-953.0,323.0,81.0,screener
AMBER,Mar 2026,2026-03-31,annual,240.0,-3074.0,2683.0,-151.0,screener
AMBUJACEM,Dec 2021,2021-12-31,annual,5309.0,-2007.0,-516.0,2786.0,screener
AMBUJACEM,Mar 2023,2023-03-31,annual,735.0,-14481.0,2931.0,-10815.0,screener
AMBUJACEM,Mar 2024,2024-03-31,annual,5646.0,-8941.0,5689.0,2394.0,screener
AMBUJACEM,Mar 2025,2025-03-31,annual,2237.0,-7529.0,5592.0,301.0,screener
AMBUJACEM,Mar 2026,2026-03-31,annual,5362.0,-7935.0,-1629.0,-4203.0,screener
AMIRCHAND,Mar 2022,2022-03-31,annual,77.0,1.0,-74.0,4.0,screener
AMIRCHAND,Mar 2023,2023-03-31,annual,74.0,-2.0,-70.0,2.0,screener
AMIRCHAND,Mar 2024,2024-03-31,annual,-5.0,-3.0,9.0,0.0,screener
AMIRCHAND,Mar 2025,2025-03-31,annual,95.0,0.0,-93.0,2.0,screener
AMIRCHAND,Mar 2026,2026-03-31,annual,-166.0,0.0,403.0,237.0,screener
AMJLAND,Mar 2022,2022-03-31,annual,10.0,4.0,-5.0,9.0,screener
AMJLAND,Mar 2023,2023-03-31,annual,-6.0,-1.0,-4.0,-11.0,screener
AMJLAND,Mar 2024,2024-03-31,annual,24.0,-21.0,7.0,11.0,screener
AMJLAND,Mar 2025,2025-03-31,annual,38.0,-5.0,-18.0,15.0,screener
AMJLAND,Mar 2026,2026-03-31,annual,8.0,-34.0,-1.0,-27.0,screener
AMNPLST,Mar 2022,2022-03-31,annual,-27.0,-4.0,-13.0,-43.0,screener
AMNPLST,Mar 2023,2023-03-31,annual,5.0,-2.0,0.0,3.0,screener
AMNPLST,Mar 2024,2024-03-31,annual,47.0,-1.0,-16.0,30.0,screener
AMNPLST,Mar 2025,2025-03-31,annual,29.0,-3.0,-20.0,6.0,screener
AMNPLST,Mar 2026,2026-03-31,annual,66.0,-1.0,-58.0,7.0,screener
AMRUTANJAN,Mar 2012,2012-03-31,annual,4.0,14.0,-27.0,-9.0,screener
AMRUTANJAN,Mar 2013,2013-03-31,annual,9.0,13.0,-14.0,8.0,screener
AMRUTANJAN,Mar 2014,2014-03-31,annual,17.0,16.0,-14.0,20.0,screener
AMRUTANJAN,Mar 2015,2015-03-31,annual,18.0,-5.0,-12.0,1.0,screener
AMRUTANJAN,Mar 2016,2016-03-31,annual,21.0,4.0,-13.0,12.0,screener
ANANDRATHI,Mar 2022,2022-03-31,annual,145.0,-77.0,-46.0,22.0,screener
ANANDRATHI,Mar 2023,2023-03-31,annual,84.0,-42.0,-64.0,-22.0,screener
ANANDRATHI,Mar 2024,2024-03-31,annual,278.0,-237.0,-72.0,-32.0,screener
ANANDRATHI,Mar 2025,2025-03-31,annual,244.0,46.0,-279.0,11.0,screener
ANANDRATHI,Mar 2026,2026-03-31,annual,281.0,64.0,-142.0,202.0,screener
ANANTRAJ,Mar 2022,2022-03-31,annual,423.0,31.0,-461.0,-7.0,screener
ANANTRAJ,Mar 2023,2023-03-31,annual,33.0,-20.0,2.0,15.0,screener
ANANTRAJ,Mar 2024,2024-03-31,annual,-26.0,181.0,116.0,271.0,screener
ANANTRAJ,Mar 2025,2025-03-31,annual,97.0,-72.0,1.0,25.0,screener
ANANTRAJ,Mar 2026,2026-03-31,annual,-435.0,-231.0,1235.0,569.0,screener
ANDHRSUGAR,Mar 2022,2022-03-31,annual,176.0,-27.0,-148.0,2.0,screener
ANDHRSUGAR,Mar 2023,2023-03-31,annual,286.0,-204.0,-91.0,-10.0,screener
ANDHRSUGAR,Mar 2024,2024-03-31,annual,142.0,-102.0,-23.0,17.0,screener
ANDHRSUGAR,Mar 2025,2025-03-31,annual,128.0,-93.0,-34.0,0.0,screener
ANDHRSUGAR,Mar 2026,2026-03-31,annual,278.0,-246.0,-27.0,5.0,screener
ANGELONE,Mar 2022,2022-03-31,annual,558.0,-52.0,-165.0,340.0,screener
ANGELONE,Mar 2023,2023-03-31,annual,804.0,-185.0,-908.0,-289.0,screener
ANGELONE,Mar 2024,2024-03-31,annual,-330.0,-91.0,1331.0,910.0,screener
ANGELONE,Mar 2025,2025-03-31,annual,-1860.0,-341.0,1917.0,-284.0,screener
ANGELONE,Mar 2026,2026-03-31,annual,-4142.0,-111.0,3656.0,-597.0,screener
ANIKINDS,Mar 2022,2022-03-31,annual,57.0,3.0,-69.0,-9.0,screener
ANIKINDS,Mar 2023,2023-03-31,annual,34.0,26.0,-61.0,-1.0,screener
ANIKINDS,Mar 2024,2024-03-31,annual,44.0,-21.0,-24.0,-1.0,screener
ANIKINDS,Mar 2025,2025-03-31,annual,-119.0,119.0,1.0,0.0,screener
ANIKINDS,Mar 2026,2026-03-31,annual,-50.0,24.0,27.0,1.0,screener
ANSALAPI,Mar 2020,2020-03-31,annual,107.0,7.0,-122.0,-9.0,screener
ANSALAPI,Mar 2021,2021-03-31,annual,248.0,4.0,-245.0,7.0,screener
ANSALAPI,Mar 2022,2022-03-31,annual,254.0,-139.0,-116.0,-2.0,screener
ANSALAPI,Mar 2023,2023-03-31,annual,359.0,60.0,-400.0,18.0,screener
ANSALAPI,Mar 2024,2024-03-31,annual,84.0,10.0,-92.0,2.0,screener
ANTHEM,Mar 2022,2022-03-31,annual,333.0,-205.0,181.0,308.0,screener
ANTHEM,Mar 2023,2023-03-31,annual,306.0,-376.0,64.0,-6.0,screener
ANTHEM,Mar 2024,2024-03-31,annual,140.0,-221.0,-77.0,-158.0,screener
ANTHEM,Mar 2025,2025-03-31,annual,271.0,-147.0,-136.0,-12.0,screener
ANTHEM,Mar 2026,2026-03-31,annual,844.0,-702.0,-40.0,103.0,screener
ANUP,Mar 2021,2021-03-31,annual,53.0,-12.0,-38.0,3.0,screener
ANUP,Mar 2022,2022-03-31,annual,74.0,-61.0,-7.0,6.0,screener
ANUP,Mar 2023,2023-03-31,annual,30.0,-33.0,25.0,22.0,screener
ANUP,Mar 2025,2025-03-31,annual,-7.0,22.0,-30.0,-15.0,screener
ANUP,Mar 2026,2026-03-31,annual,2.0,-36.0,36.0,2.0,screener
ANURAS,Mar 2022,2022-03-31,annual,-171.0,-412.0,384.0,-199.0,screener
ANURAS,Mar 2023,2023-03-31,annual,292.0,-523.0,371.0,140.0,screener
ANURAS,Mar 2024,2024-03-31,annual,59.0,-392.0,395.0,62.0,screener
ANURAS,Mar 2025,2025-03-31,annual,-30.0,-330.0,223.0,-137.0,screener
ANURAS,Mar 2026,2026-03-31,annual,334.0,-820.0,621.0,135.0,screener
APARINDS,Mar 2022,2022-03-31,annual,244.0,-91.0,-106.0,46.0,screener
APARINDS,Mar 2023,2023-03-31,annual,698.0,-267.0,-186.0,246.0,screener
APARINDS,Mar 2024,2024-03-31,annual,-283.0,-267.0,635.0,85.0,screener
APARINDS,Mar 2025,2025-03-31,annual,1291.0,-705.0,-483.0,102.0,screener
APARINDS,Mar 2026,2026-03-31,annual,968.0,-558.0,-434.0,-24.0,screener
APCOTEXIND,Mar 2015,2015-03-31,annual,32.0,-8.0,-26.0,-2.0,screener
APCOTEXIND,Mar 2016,2016-03-31,annual,-18.0,40.0,-17.0,5.0,screener
APLAPOLLO,Mar 2022,2022-03-31,annual,652.0,-530.0,26.0,148.0,screener
APLAPOLLO,Mar 2023,2023-03-31,annual,691.0,-876.0,143.0,-41.0,screener
APLAPOLLO,Mar 2024,2024-03-31,annual,1112.0,-916.0,27.0,222.0,screener
APLAPOLLO,Mar 2025,2025-03-31,annual,1213.0,-375.0,-815.0,24.0,screener
APLAPOLLO,Mar 2026,2026-03-31,annual,2103.0,-1394.0,-438.0,271.0,screener
APLLTD,Mar 2022,2022-03-31,annual,552.0,-372.0,-217.0,-37.0,screener
APLLTD,Mar 2023,2023-03-31,annual,724.0,-448.0,-262.0,14.0,screener
APLLTD,Mar 2024,2024-03-31,annual,803.0,-321.0,-438.0,45.0,screener
APLLTD,Mar 2025,2025-03-31,annual,88.0,-568.0,444.0,-37.0,screener
APLLTD,Mar 2026,2026-03-31,annual,783.0,-506.0,-164.0,113.0,screener
APOLLO,Mar 2022,2022-03-31,annual,43.0,-24.0,-19.0,0.0,screener
APOLLO,Mar 2023,2023-03-31,annual,-16.0,-35.0,51.0,0.0,screener
APOLLO,Mar 2024,2024-03-31,annual,-76.0,-60.0,136.0,0.0,screener
APOLLO,Mar 2025,2025-03-31,annual,10.0,-91.0,121.0,40.0,screener
APOLLO,Mar 2026,2026-03-31,annual,-130.0,-357.0,536.0,49.0,screener
APOLLOHOSP,Mar 2022,2022-03-31,annual,1696.0,-747.0,-792.0,158.0,screener
APOLLOHOSP,Mar 2023,2023-03-31,annual,1377.0,-857.0,-633.0,-113.0,screener
APOLLOHOSP,Mar 2024,2024-03-31,annual,1920.0,-1537.0,-311.0,72.0,screener
APOLLOHOSP,Mar 2025,2025-03-31,annual,2136.0,-3381.0,1317.0,73.0,screener
APOLLOHOSP,Mar 2026,2026-03-31,annual,2856.0,-2148.0,-478.0,230.0,screener
APOLLOPIPE,Mar 2016,2016-03-31,annual,22.0,-12.0,-11.0,-1.0,screener
APOLLOPIPE,Mar 2017,2017-03-31,annual,16.0,-9.0,-8.0,-1.0,screener
APOLLOPIPE,Mar 2024,2024-03-31,annual,125.0,-214.0,-64.0,-153.0,screener
APOLLOPIPE,Mar 2025,2025-03-31,annual,29.0,-151.0,205.0,83.0,screener
APOLLOPIPE,Mar 2026,2026-03-31,annual,35.0,-134.0,45.0,-54.0,screener
APOLLOTYRE,Mar 2022,2022-03-31,annual,2154.0,-1172.0,-1081.0,-100.0,screener
APOLLOTYRE,Mar 2023,2023-03-31,annual,2137.0,-478.0,-1692.0,-34.0,screener
APOLLOTYRE,Mar 2024,2024-03-31,annual,3440.0,-704.0,-2659.0,76.0,screener
APOLLOTYRE,Mar 2025,2025-03-31,annual,1823.0,-205.0,-1647.0,-28.0,screener
APOLLOTYRE,Mar 2026,2026-03-31,annual,3667.0,-1344.0,-2177.0,146.0,screener
APTECHT,Mar 2022,2022-03-31,annual,45.0,-1.0,-6.0,38.0,screener
APTECHT,Mar 2023,2023-03-31,annual,99.0,-54.0,-21.0,24.0,screener
APTECHT,Mar 2024,2024-03-31,annual,-8.0,-24.0,-28.0,-60.0,screener
APTECHT,Mar 2025,2025-03-31,annual,20.0,16.0,-28.0,8.0,screener
APTECHT,Mar 2026,2026-03-31,annual,24.0,8.0,-30.0,2.0,screener
APTUS,Mar 2022,2022-03-31,annual,-724.0,-62.0,768.0,-18.0,screener
APTUS,Mar 2023,2023-03-31,annual,-1047.0,111.0,978.0,42.0,screener
APTUS,Mar 2024,2024-03-31,annual,-1356.0,21.0,1224.0,-111.0,screener
APTUS,Mar 2025,2025-03-31,annual,-1405.0,-90.0,1461.0,-34.0,screener
APTUS,Mar 2026,2026-03-31,annual,-592.0,-72.0,822.0,158.0,screener
ARCHIES,Mar 2006,2006-03-31,annual,8.0,-6.0,-2.0,0.0,screener
ARCHIES,Mar 2007,2007-03-31,annual,7.0,-13.0,6.0,0.0,screener
ARCHIES,Mar 2008,2008-03-31,annual,8.0,-12.0,10.0,6.0,screener
ARE&M,Mar 2022,2022-03-31,annual,633.0,-482.0,-213.0,-62.0,screener
ARE&M,Mar 2023,2023-03-31,annual,945.0,-773.0,-112.0,60.0,screener
ARE&M,Mar 2024,2024-03-31,annual,1266.0,-1020.0,-242.0,3.0,screener
ARE&M,Mar 2025,2025-03-31,annual,1351.0,-1132.0,-160.0,59.0,screener
ARE&M,Mar 2026,2026-03-31,annual,1118.0,-924.0,-126.0,68.0,screener
ARHAM,Mar 2024,2024-03-31,annual,-4.0,-3.0,6.0,-1.0,screener
ARHAM,Mar 2025,2025-03-31,annual,2.0,0.0,-2.0,0.0,screener
ARHAM,Mar 2026,2026-03-31,annual,-40.0,-32.0,72.0,0.0,screener
ARIES,Mar 2022,2022-03-31,annual,69.0,-13.0,-56.0,0.0,screener
ARIES,Mar 2023,2023-03-31,annual,54.0,-16.0,-37.0,1.0,screener
ARIES,Mar 2024,2024-03-31,annual,77.0,-26.0,-50.0,1.0,screener
ARIES,Mar 2025,2025-03-31,annual,105.0,-34.0,-45.0,26.0,screener
ARIES,Mar 2026,2026-03-31,annual,86.0,-78.0,-12.0,-4.0,screener
ARIS,Mar 2022,2022-03-31,annual,-269.0,-7.0,291.0,15.0,screener
ARIS,Mar 2023,2023-03-31,annual,-14.0,-43.0,42.0,-15.0,screener
ARIS,Mar 2024,2024-03-31,annual,3.0,-37.0,31.0,-2.0,screener
ARIS,Mar 2025,2025-03-31,annual,-21.0,-62.0,83.0,0.0,screener
ARIS,Mar 2026,2026-03-31,annual,142.0,-176.0,135.0,101.0,screener
ARKADE,Mar 2022,2022-03-31,annual,-125.0,76.0,46.0,-2.0,screener
ARKADE,Mar 2023,2023-03-31,annual,-99.0,29.0,84.0,14.0,screener
ARKADE,Mar 2024,2024-03-31,annual,101.0,-12.0,-83.0,7.0,screener
ARKADE,Mar 2025,2025-03-31,annual,-218.0,-229.0,445.0,-2.0,screener
ARKADE,Mar 2026,2026-03-31,annual,-119.0,150.0,-24.0,7.0,screener
ARMANFIN,Mar 2022,2022-03-31,annual,-281.0,-2.0,270.0,-12.0,screener
ARMANFIN,Mar 2023,2023-03-31,annual,-718.0,-13.0,681.0,-49.0,screener
ARMANFIN,Mar 2024,2024-03-31,annual,-302.0,18.0,376.0,92.0,screener
ARMANFIN,Mar 2025,2025-03-31,annual,493.0,-49.0,-495.0,-51.0,screener
ARMANFIN,Mar 2026,2026-03-31,annual,-476.0,-50.0,546.0,20.0,screener
ARSHIYA,Mar 2020,2020-03-31,annual,81.0,-35.0,-47.0,-1.0,screener
ARSHIYA,Mar 2021,2021-03-31,annual,59.0,-27.0,-37.0,-4.0,screener
ARSHIYA,Mar 2022,2022-03-31,annual,70.0,154.0,-227.0,-4.0,screener
ARSHIYA,Mar 2023,2023-03-31,annual,100.0,-29.0,-70.0,2.0,screener
ARSHIYA,Mar 2024,2024-03-31,annual,95.0,-1.0,-96.0,-2.0,screener
ARSSBL,Mar 2023,2023-03-31,annual,15.0,-137.0,108.0,-13.0,screener
ARSSBL,Mar 2024,2024-03-31,annual,187.0,-599.0,419.0,6.0,screener
ARSSBL,Mar 2025,2025-03-31,annual,692.0,-577.0,-112.0,2.0,screener
ARSSBL,Mar 2026,2026-03-31,annual,725.0,-1146.0,462.0,41.0,screener
ARTEMISMED,Mar 2022,2022-03-31,annual,60.0,-107.0,44.0,-3.0,screener
ARTEMISMED,Mar 2023,2023-03-31,annual,127.0,-158.0,38.0,7.0,screener
ARTEMISMED,Mar 2024,2024-03-31,annual,109.0,-88.0,-29.0,-8.0,screener
ARTEMISMED,Mar 2025,2025-03-31,annual,146.0,-385.0,267.0,27.0,screener
ARTEMISMED,Mar 2026,2026-03-31,annual,132.0,-90.0,-50.0,-8.0,screener
ARVIND,Mar 2022,2022-03-31,annual,595.0,-121.0,-439.0,34.0,screener
ARVIND,Mar 2023,2023-03-31,annual,666.0,-135.0,-534.0,-3.0,screener
ARVIND,Mar 2024,2024-03-31,annual,696.0,-277.0,-419.0,1.0,screener
ARVIND,Mar 2025,2025-03-31,annual,763.0,-493.0,-271.0,-1.0,screener
ARVIND,Mar 2026,2026-03-31,annual,867.0,-607.0,-228.0,32.0,screener
ARVINDFASN,Mar 2022,2022-03-31,annual,300.0,-9.0,-209.0,82.0,screener
ARVINDFASN,Mar 2023,2023-03-31,annual,317.0,-28.0,-198.0,91.0,screener
ARVINDFASN,Mar 2024,2024-03-31,annual,434.0,32.0,-491.0,-25.0,screener
ARVINDFASN,Mar 2025,2025-03-31,annual,530.0,-75.0,-456.0,-2.0,screener
ARVINDFASN,Mar 2026,2026-03-31,annual,0.0,0.0,0.0,0.0,screener
ARVINDPORT,Mar 2025,2025-03-31,annual,7.98,-41.75,36.39,2.62,screener
ARVINDPORT,Mar 2026,2026-03-31,annual,0.34,1.16,-4.2,-2.7,screener
ARVSMART,Mar 2022,2022-03-31,annual,161.0,29.0,-74.0,116.0,screener
ARVSMART,Mar 2023,2023-03-31,annual,-101.0,-82.0,95.0,-87.0,screener
ARVSMART,Mar 2024,2024-03-31,annual,30.0,-28.0,-3.0,-1.0,screener
ARVSMART,Mar 2025,2025-03-31,annual,-84.0,-109.0,186.0,-8.0,screener
ARVSMART,Mar 2026,2026-03-31,annual,-170.0,-6.0,248.0,71.0,screener
ASAHIINDIA,Mar 2022,2022-03-31,annual,586.0,-79.0,-479.0,28.0,screener
ASAHIINDIA,Mar 2023,2023-03-31,annual,402.0,-320.0,-52.0,29.0,screener
ASAHIINDIA,Mar 2024,2024-03-31,annual,653.0,-924.0,330.0,59.0,screener
ASAHIINDIA,Mar 2025,2025-03-31,annual,720.0,-1191.0,458.0,-13.0,screener
ASAHIINDIA,Mar 2026,2026-03-31,annual,502.0,-665.0,245.0,82.0,screener
ASAHISONG,Mar 2022,2022-03-31,annual,0.0,-28.0,28.0,0.0,screener
ASAHISONG,Mar 2023,2023-03-31,annual,30.0,-77.0,47.0,0.0,screener
ASAHISONG,Mar 2024,2024-03-31,annual,9.0,-13.0,4.0,0.0,screener
ASAHISONG,Mar 2025,2025-03-31,annual,58.0,-5.0,-49.0,3.0,screener
ASAHISONG,Mar 2026,2026-03-31,annual,43.0,-7.0,-38.0,-2.0,screener
ASHALOG,Mar 2022,2022-03-31,annual,21.0,-7.0,-15.0,0.0,screener
ASHALOG,Mar 2023,2023-03-31,annual,16.0,-4.0,-11.0,1.0,screener
ASHALOG,Mar 2024,2024-03-31,annual,6.0,-10.0,8.0,4.0,screener
ASHALOG,Mar 2025,2025-03-31,annual,-21.0,-50.0,69.0,-2.0,screener
ASHALOG,Mar 2026,2026-03-31,annual,23.0,-34.0,10.0,0.0,screener
ASHAPURMIN,Mar 2022,2022-03-31,annual,114.0,-63.0,-60.0,-9.0,screener
ASHAPURMIN,Mar 2023,2023-03-31,annual,97.0,-130.0,80.0,47.0,screener
ASHAPURMIN,Mar 2024,2024-03-31,annual,148.0,-274.0,191.0,65.0,screener
ASHAPURMIN,Mar 2025,2025-03-31,annual,188.0,-392.0,178.0,-25.0,screener
ASHAPURMIN,Mar 2026,2026-03-31,annual,463.0,-271.0,14.0,206.0,screener
ASHIANA,Mar 2022,2022-03-31,annual,-61.0,-47.0,81.0,-27.0,screener
ASHIANA,Mar 2023,2023-03-31,annual,12.0,32.0,-14.0,29.0,screener
ASHIANA,Mar 2024,2024-03-31,annual,212.0,-10.0,-128.0,75.0,screener
ASHIANA,Mar 2025,2025-03-31,annual,234.0,-123.0,52.0,163.0,screener
ASHIANA,Mar 2026,2026-03-31,annual,342.0,-52.0,-58.0,232.0,screener
ASHIKA,Mar 2007,2007-03-31,annual,-13.0,2.0,12.0,1.0,screener
ASHIKA,Mar 2008,2008-03-31,annual,13.0,1.0,-13.0,1.0,screener
ASHIKA,Mar 2024,2024-03-31,annual,-25.0,0.0,25.0,0.0,screener
ASHIKA,Mar 2025,2025-03-31,annual,-390.0,-1.0,399.0,8.0,screener
ASHIKA,Mar 2026,2026-03-31,annual,-86.0,-23.0,158.0,49.0,screener
ASHOKA,Mar 2022,2022-03-31,annual,353.0,-233.0,-35.0,85.0,screener
ASHOKA,Mar 2023,2023-03-31,annual,492.0,-311.0,-311.0,-130.0,screener
ASHOKA,Mar 2024,2024-03-31,annual,749.0,258.0,-407.0,600.0,screener
ASHOKA,Mar 2025,2025-03-31,annual,1673.0,-626.0,-1052.0,-4.0,screener
ASHOKA,Mar 2026,2026-03-31,annual,655.0,1276.0,-1590.0,341.0,screener
ASHOKLEY,Mar 2022,2022-03-31,annual,2845.0,-1917.0,-378.0,550.0,screener
ASHOKLEY,Mar 2023,2023-03-31,annual,-4499.0,-2904.0,7281.0,-122.0,screener
ASHOKLEY,Mar 2024,2024-03-31,annual,-6258.0,1135.0,8432.0,3309.0,screener
ASHOKLEY,Mar 2025,2025-03-31,annual,128.0,-5759.0,6958.0,1327.0,screener
ASHOKLEY,Mar 2026,2026-03-31,annual,-4895.0,-6986.0,11617.0,-264.0,screener
ASIANENE,Mar 2022,2022-03-31,annual,48.0,-49.0,6.0,5.0,screener
ASIANENE,Mar 2023,2023-03-31,annual,-3.0,-18.0,10.0,-11.0,screener
ASIANENE,Mar 2024,2024-03-31,annual,-44.0,-14.0,49.0,-9.0,screener
ASIANENE,Mar 2025,2025-03-31,annual,-33.0,-34.0,78.0,11.0,screener
ASIANENE,Mar 2026,2026-03-31,annual,53.0,-159.0,124.0,17.0,screener
ASIANHOTNR,Mar 2020,2020-03-31,annual,110.0,-1.0,-112.0,-3.0,screener
ASIANHOTNR,Mar 2021,2021-03-31,annual,41.0,1.0,-43.0,-1.0,screener
ASIANHOTNR,Mar 2022,2022-03-31,annual,15.0,-3.0,-11.0,0.0,screener
ASIANHOTNR,Mar 2025,2025-03-31,annual,437.0,-5.0,-431.0,0.0,screener
ASIANHOTNR,Mar 2026,2026-03-31,annual,-156.0,17.0,268.0,130.0,screener
ASIANPAINT,Mar 2022,2022-03-31,annual,986.0,-317.0,-1808.0,-1138.0,screener
ASIANPAINT,Mar 2023,2023-03-31,annual,4193.0,-1282.0,-2140.0,771.0,screener
ASIANPAINT,Mar 2024,2024-03-31,annual,6104.0,-2548.0,-2982.0,573.0,screener
ASIANPAINT,Mar 2025,2025-03-31,annual,4424.0,-941.0,-3753.0,-270.0,screener
ASIANPAINT,Mar 2026,2026-03-31,annual,7088.0,-1328.0,-2377.0,3383.0,screener
ASKAUTOLTD,Mar 2022,2022-03-31,annual,144.0,-80.0,-81.0,-17.0,screener
ASKAUTOLTD,Mar 2023,2023-03-31,annual,139.0,-161.0,23.0,1.0,screener
ASKAUTOLTD,Mar 2024,2024-03-31,annual,303.0,-278.0,-16.0,10.0,screener
ASKAUTOLTD,Mar 2025,2025-03-31,annual,360.0,-339.0,-14.0,8.0,screener
ASKAUTOLTD,Mar 2026,2026-03-31,annual,301.0,-479.0,171.0,-7.0,screener
ASTEC,Mar 2022,2022-03-31,annual,24.0,-104.0,80.0,0.0,screener
ASTEC,Mar 2023,2023-03-31,annual,75.0,-113.0,38.0,0.0,screener
ASTEC,Mar 2024,2024-03-31,annual,10.0,-135.0,125.0,0.0,screener
ASTEC,Mar 2025,2025-03-31,annual,-8.0,-15.0,24.0,0.0,screener
ASTEC,Mar 2026,2026-03-31,annual,-81.0,-4.0,94.0,9.0,screener
ASTERDM,Mar 2022,2022-03-31,annual,1314.0,-563.0,-686.0,65.0,screener
ASTERDM,Mar 2023,2023-03-31,annual,1834.0,-951.0,-817.0,66.0,screener
ASTERDM,Mar 2024,2024-03-31,annual,158.0,-878.0,1053.0,332.0,screener
ASTERDM,Mar 2025,2025-03-31,annual,425.0,6015.0,-6358.0,82.0,screener
ASTERDM,Mar 2026,2026-03-31,annual,656.0,-288.0,-304.0,63.0,screener
ASTRAL,Mar 2022,2022-03-31,annual,543.0,72.0,-44.0,571.0,screener
ASTRAL,Mar 2023,2023-03-31,annual,557.0,-478.0,-191.0,-112.0,screener
ASTRAL,Mar 2024,2024-03-31,annual,823.0,-541.0,-202.0,80.0,screener
ASTRAL,Mar 2025,2025-03-31,annual,630.0,-513.0,-118.0,-1.0,screener
ASTRAL,Mar 2026,2026-03-31,annual,1117.0,-506.0,-328.0,282.0,screener
ASTRAMICRO,Mar 2022,2022-03-31,annual,115.0,-26.0,-79.0,10.0,screener
ASTRAMICRO,Mar 2023,2023-03-31,annual,-25.0,-28.0,75.0,21.0,screener
ASTRAMICRO,Mar 2024,2024-03-31,annual,-182.0,-44.0,232.0,7.0,screener
ASTRAMICRO,Mar 2025,2025-03-31,annual,-90.0,-76.0,141.0,-25.0,screener
ASTRAMICRO,Mar 2026,2026-03-31,annual,387.0,-85.0,-196.0,106.0,screener
ASTRON,Mar 2022,2022-03-31,annual,-10.0,-3.0,11.0,-2.0,screener
ASTRON,Mar 2023,2023-03-31,annual,11.0,-10.0,0.0,1.0,screener
ASTRON,Mar 2024,2024-03-31,annual,12.0,-1.0,-11.0,0.0,screener
ASTRON,Mar 2025,2025-03-31,annual,4.0,2.0,-16.0,-10.0,screener
ASTRON,Mar 2026,2026-03-31,annual,14.0,0.0,-14.0,0.0,screener
ATGL,Mar 2022,2022-03-31,annual,732.0,-1133.0,422.0,21.0,screener
ATGL,Mar 2023,2023-03-31,annual,853.0,-1167.0,295.0,-19.0,screener
ATGL,Mar 2024,2024-03-31,annual,955.0,-752.0,-78.0,125.0,screener
ATGL,Mar 2025,2025-03-31,annual,964.0,-933.0,56.0,87.0,screener
ATGL,Mar 2026,2026-03-31,annual,1149.0,-1236.0,116.0,29.0,screener
ATLANTAELE,Mar 2022,2022-03-31,annual,0.0,-5.0,5.0,0.0,screener
ATLANTAELE,Mar 2023,2023-03-31,annual,52.0,-18.0,-31.0,3.0,screener
ATLANTAELE,Mar 2024,2024-03-31,annual,88.0,-36.0,-56.0,-3.0,screener
ATLANTAELE,Mar 2025,2025-03-31,annual,84.0,-141.0,57.0,0.0,screener
ATLANTAELE,Mar 2026,2026-03-31,annual,184.0,-403.0,225.0,6.0,screener
ATUL,Mar 2022,2022-03-31,annual,231.0,-163.0,-57.0,11.0,screener
ATUL,Mar 2023,2023-03-31,annual,707.0,-469.0,-257.0,-20.0,screener
ATUL,Mar 2024,2024-03-31,annual,667.0,-683.0,38.0,22.0,screener
ATUL,Mar 2025,2025-03-31,annual,603.0,-494.0,-118.0,-9.0,screener
ATUL,Mar 2026,2026-03-31,annual,1023.0,-891.0,-98.0,34.0,screener
ATULAUTO,Mar 2022,2022-03-31,annual,-169.0,4.0,164.0,-1.0,screener
ATULAUTO,Mar 2023,2023-03-31,annual,-18.0,-24.0,39.0,-2.0,screener
ATULAUTO,Mar 2024,2024-03-31,annual,-10.0,-14.0,40.0,16.0,screener
ATULAUTO,Mar 2025,2025-03-31,annual,25.0,9.0,-37.0,-3.0,screener
ATULAUTO,Mar 2026,2026-03-31,annual,47.0,-66.0,26.0,7.0,screener
AUBANK,Mar 2014,2014-03-31,annual,-665.0,593.0,-148.0,-220.0,screener
AUBANK,Mar 2015,2015-03-31,annual,-1125.0,3.0,1153.0,31.0,screener
AUBANK,Mar 2016,2016-03-31,annual,-1719.0,39.0,1958.0,278.0,screener
AUBANK,Mar 2017,2017-03-31,annual,884.0,-1800.0,1022.0,106.0,screener
AURIONPRO,Mar 2022,2022-03-31,annual,62.0,31.0,-75.0,18.0,screener
AURIONPRO,Mar 2023,2023-03-31,annual,41.0,-56.0,-2.0,-16.0,screener
AURIONPRO,Mar 2024,2024-03-31,annual,164.0,-203.0,265.0,226.0,screener
AURIONPRO,Mar 2025,2025-03-31,annual,157.0,-421.0,283.0,19.0,screener
AURIONPRO,Mar 2026,2026-03-31,annual,56.0,-154.0,-5.0,-102.0,screener
AUROPHARMA,Mar 2022,2022-03-31,annual,5016.0,-3211.0,-2969.0,-1164.0,screener
AUROPHARMA,Mar 2023,2023-03-31,annual,2387.0,-3971.0,1814.0,230.0,screener
AUROPHARMA,Mar 2024,2024-03-31,annual,2435.0,-4242.0,800.0,-1007.0,screener
AUROPHARMA,Mar 2025,2025-03-31,annual,3925.0,-1866.0,120.0,2178.0,screener
AUROPHARMA,Mar 2026,2026-03-31,annual,5526.0,-2630.0,-1269.0,1628.0,screener
AURUM,Mar 2022,2022-03-31,annual,-24.0,59.0,-1.0,34.0,screener
AURUM,Mar 2023,2023-03-31,annual,-50.0,-44.0,80.0,-14.0,screener
AURUM,Mar 2024,2024-03-31,annual,20.0,-155.0,122.0,-13.0,screener
AURUM,Mar 2025,2025-03-31,annual,28.0,-44.0,18.0,2.0,screener
AURUM,Mar 2026,2026-03-31,annual,63.0,-80.0,21.0,3.0,screener
AVALON,Mar 2022,2022-03-31,annual,16.0,-18.0,-21.0,-24.0,screener
AVALON,Mar 2023,2023-03-31,annual,-13.0,-27.0,454.0,414.0,screener
AVALON,Mar 2024,2024-03-31,annual,17.0,-146.0,-251.0,-380.0,screener
AVALON,Mar 2025,2025-03-31,annual,25.0,54.0,-52.0,26.0,screener
AVALON,Mar 2026,2026-03-31,annual,0.0,0.0,0.0,0.0,screener
AVANTEL,Mar 2022,2022-03-31,annual,-32.0,23.0,9.0,0.0,screener
AVANTEL,Mar 2023,2023-03-31,annual,2.0,-10.0,8.0,0.0,screener
AVANTEL,Mar 2024,2024-03-31,annual,65.0,-42.0,-23.0,1.0,screener
AVANTEL,Mar 2025,2025-03-31,annual,50.0,-57.0,8.0,1.0,screener
AVANTEL,Mar 2026,2026-03-31,annual,10.0,-93.0,86.0,4.0,screener
AVANTIFEED,Mar 2022,2022-03-31,annual,-212.0,299.0,-68.0,18.0,screener
AVANTIFEED,Mar 2023,2023-03-31,annual,451.0,-418.0,-65.0,-32.0,screener
AVANTIFEED,Mar 2024,2024-03-31,annual,260.0,-218.0,-63.0,-21.0,screener
AVANTIFEED,Mar 2025,2025-03-31,annual,584.0,-485.0,-86.0,14.0,screener
AVANTIFEED,Mar 2026,2026-03-31,annual,505.0,-385.0,-104.0,16.0,screener
AVG,Mar 2021,2021-03-31,annual,-4.0,-16.0,20.0,0.0,screener
AVG,Mar 2022,2022-03-31,annual,28.0,-24.0,-6.0,-1.0,screener
AVG,Mar 2023,2023-03-31,annual,38.0,-16.0,-24.0,-1.0,screener
AVG,Mar 2024,2024-03-31,annual,28.0,-35.0,8.0,0.0,screener
AVG,Mar 2025,2025-03-31,annual,37.0,-35.0,-2.0,0.0,screener
AWFIS,Mar 2022,2022-03-31,annual,83.0,-7.0,-80.0,-4.0,screener
AWFIS,Mar 2023,2023-03-31,annual,181.0,-156.0,-28.0,-3.0,screener
AWFIS,Mar 2024,2024-03-31,annual,229.0,-163.0,-65.0,2.0,screener
AWFIS,Mar 2025,2025-03-31,annual,363.0,-203.0,-124.0,36.0,screener
AWFIS,Mar 2026,2026-03-31,annual,616.0,-220.0,-380.0,16.0,screener
AWHCL,Mar 2022,2022-03-31,annual,105.0,-140.0,5.0,-30.0,screener
AWHCL,Mar 2023,2023-03-31,annual,90.0,-260.0,149.0,-22.0,screener
AWHCL,Mar 2024,2024-03-31,annual,140.0,-152.0,35.0,22.0,screener
AWHCL,Mar 2025,2025-03-31,annual,190.0,-152.0,12.0,49.0,screener
AWHCL,Mar 2026,2026-03-31,annual,139.0,-56.0,-93.0,-9.0,screener
AWL,Mar 2022,2022-03-31,annual,1198.0,-3786.0,2658.0,70.0,screener
AWL,Mar 2023,2023-03-31,annual,663.0,524.0,-919.0,268.0,screener
AWL,Mar 2024,2024-03-31,annual,289.0,138.0,-847.0,-419.0,screener
AWL,Mar 2025,2025-03-31,annual,2150.0,-278.0,-1544.0,328.0,screener
AWL,Mar 2026,2026-03-31,annual,3928.0,-1096.0,-1678.0,1154.0,screener
AXISBANK,Mar 2022,2022-03-31,annual,28137.0,-27112.0,47894.0,48919.0,screener
AXISBANK,Mar 2023,2023-03-31,annual,22075.0,-32351.0,6641.0,-3636.0,screener
AXISBANK,Mar 2024,2024-03-31,annual,-5555.0,-9001.0,22341.0,7785.0,screener
AXISBANK,Mar 2025,2025-03-31,annual,44384.0,-51178.0,-7000.0,-13794.0,screener
AXISBANK,Mar 2026,2026-03-31,annual,-8637.0,-45917.0,60358.0,5804.0,screener
AXISCADES,Mar 2022,2022-03-31,annual,31.0,30.0,-42.0,18.0,screener
AXISCADES,Mar 2023,2023-03-31,annual,71.0,-199.0,133.0,4.0,screener
AXISCADES,Mar 2024,2024-03-31,annual,79.0,-162.0,64.0,-19.0,screener
AXISCADES,Mar 2025,2025-03-31,annual,88.0,8.0,-100.0,-3.0,screener
AXISCADES,Mar 2026,2026-03-31,annual,-1.0,-71.0,38.0,-34.0,screener
AYMSYNTEX,Mar 2008,2008-03-31,annual,13.0,-11.0,-1.0,1.0,screener
AYMSYNTEX,Mar 2023,2023-03-31,annual,118.0,-74.0,-39.0,5.0,screener
AYMSYNTEX,Mar 2024,2024-03-31,annual,64.0,-55.0,-10.0,-2.0,screener
AYMSYNTEX,Mar 2025,2025-03-31,annual,108.0,-69.0,-28.0,11.0,screener
AYMSYNTEX,Mar 2026,2026-03-31,annual,151.0,-119.0,-45.0,-13.0,screener
AZAD,Mar 2022,2022-03-31,annual,21.0,-114.0,96.0,3.0,screener
AZAD,Mar 2023,2023-03-31,annual,-10.0,-101.0,126.0,15.0,screener
AZAD,Mar 2024,2024-03-31,annual,-7.0,-55.0,71.0,9.0,screener
AZAD,Mar 2025,2025-03-31,annual,54.0,-918.0,877.0,13.0,screener
AZAD,Mar 2026,2026-03-31,annual,-119.0,-71.0,174.0,-16.0,screener
BAJAJ-AUTO,Mar 2022,2022-03-31,annual,4197.0,276.0,-4056.0,417.0,screener
BAJAJ-AUTO,Mar 2023,2023-03-31,annual,5277.0,1211.0,-7181.0,-692.0,screener
BAJAJ-AUTO,Mar 2024,2024-03-31,annual,6558.0,-72.0,-6167.0,319.0,screener
BAJAJ-AUTO,Mar 2025,2025-03-31,annual,-1406.0,-1053.0,4230.0,1771.0,screener
BAJAJ-AUTO,Mar 2026,2026-03-31,annual,2597.0,-7018.0,5079.0,658.0,screener
BAJAJCON,Mar 2022,2022-03-31,annual,129.0,0.0,-124.0,5.0,screener
BAJAJCON,Mar 2023,2023-03-31,annual,101.0,64.0,-163.0,2.0,screener
BAJAJCON,Mar 2024,2024-03-31,annual,116.0,12.0,-120.0,9.0,screener
BAJAJCON,Mar 2025,2025-03-31,annual,65.0,155.0,-212.0,8.0,screener
BAJAJCON,Mar 2026,2026-03-31,annual,197.0,-14.0,-196.0,-14.0,screener
BAJAJELEC,Mar 2022,2022-03-31,annual,914.0,-70.0,-771.0,73.0,screener
BAJAJELEC,Mar 2023,2023-03-31,annual,449.0,-88.0,-139.0,223.0,screener
BAJAJELEC,Mar 2024,2024-03-31,annual,354.0,-449.0,-133.0,-227.0,screener
BAJAJELEC,Mar 2025,2025-03-31,annual,347.0,-195.0,-146.0,6.0,screener
BAJAJELEC,Mar 2026,2026-03-31,annual,619.0,-380.0,-137.0,103.0,screener
BAJAJFINSV,Mar 2022,2022-03-31,annual,-33670.0,1445.0,32326.0,101.0,screener
BAJAJFINSV,Mar 2023,2023-03-31,annual,-39480.0,-13945.0,51016.0,-2409.0,screener
BAJAJFINSV,Mar 2024,2024-03-31,annual,-65502.0,-14132.0,82709.0,3075.0,screener
BAJAJFINSV,Mar 2025,2025-03-31,annual,-62113.0,-7987.0,70191.0,92.0,screener
BAJAJFINSV,Mar 2026,2026-03-31,annual,-55301.0,-12635.0,66610.0,-1326.0,screener
BAJAJHLDNG,Mar 2022,2022-03-31,annual,1610.0,-151.0,-1460.0,-1.0,screener
BAJAJHLDNG,Mar 2023,2023-03-31,annual,1728.0,-137.0,-1587.0,4.0,screener
BAJAJHLDNG,Mar 2024,2024-03-31,annual,1941.0,-472.0,-1455.0,14.0,screener
BAJAJHLDNG,Mar 2025,2025-03-31,annual,-1957.0,3054.0,-1055.0,43.0,screener
BAJAJHLDNG,Mar 2026,2026-03-31,annual,4780.0,-3695.0,-1156.0,-71.0,screener
BAJAJINDEF,Mar 2025,2025-03-31,annual,5.0,-10.0,-2.0,-7.0,screener
BAJAJINDEF,Mar 2026,2026-03-31,annual,24.0,-15.0,-9.0,0.0,screener
BAJEL,Mar 2024,2024-03-31,annual,195.0,-135.0,-15.0,46.0,screener
BAJEL,Mar 2025,2025-03-31,annual,69.0,-128.0,68.0,9.0,screener
BAJEL,Mar 2026,2026-03-31,annual,21.0,19.0,-72.0,-32.0,screener
BAJFINANCE,Mar 2022,2022-03-31,annual,-37090.0,6347.0,32275.0,1532.0,screener
BAJFINANCE,Mar 2023,2023-03-31,annual,-42112.0,-10394.0,50675.0,-1831.0,screener
BAJFINANCE,Mar 2024,2024-03-31,annual,-69843.0,-10088.0,82415.0,2484.0,screener
BAJFINANCE,Mar 2025,2025-03-31,annual,-68154.0,-2765.0,70527.0,-392.0,screener
BAJFINANCE,Mar 2026,2026-03-31,annual,-65790.0,-3389.0,67433.0,-1746.0,screener
BALAMINES,Mar 2022,2022-03-31,annual,220.0,-147.0,-57.0,16.0,screener
BALAMINES,Mar 2023,2023-03-31,annual,354.0,-210.0,-81.0,63.0,screener
BALAMINES,Mar 2024,2024-03-31,annual,334.0,-274.0,-75.0,-15.0,screener
BALAMINES,Mar 2025,2025-03-31,annual,255.0,-139.0,-49.0,68.0,screener
BALAMINES,Mar 2026,2026-03-31,annual,184.0,-344.0,85.0,-75.0,screener
BALKRISIND,Mar 2022,2022-03-31,annual,908.0,-1897.0,980.0,-9.0,screener
BALKRISIND,Mar 2023,2023-03-31,annual,1448.0,-1783.0,359.0,23.0,screener
BALKRISIND,Mar 2024,2024-03-31,annual,2082.0,-1475.0,-601.0,5.0,screener
BALKRISIND,Mar 2025,2025-03-31,annual,1764.0,-1480.0,-279.0,6.0,screener
BALKRISIND,Mar 2026,2026-03-31,annual,2249.0,-2523.0,254.0,-19.0,screener
BALLARPUR,Mar 2022,2022-03-31,annual,73.0,-175.0,102.0,0.0,screener
BALLARPUR,Mar 2023,2023-03-31,annual,-827.0,-319.0,1147.0,0.0,screener
BALLARPUR,Mar 2024,2024-03-31,annual,3.0,-263.0,262.0,3.0,screener
BALLARPUR,Mar 2025,2025-03-31,annual,-102.0,-221.0,325.0,2.0,screener
BALLARPUR,Mar 2026,2026-03-31,annual,-24.0,-634.0,686.0,28.0,screener
BALMLAWRIE,Mar 2022,2022-03-31,annual,2.0,137.0,-127.0,12.0,screener
BALMLAWRIE,Mar 2023,2023-03-31,annual,208.0,-48.0,-147.0,12.0,screener
BALMLAWRIE,Mar 2024,2024-03-31,annual,274.0,-105.0,-178.0,-9.0,screener
BALMLAWRIE,Mar 2025,2025-03-31,annual,156.0,23.0,-189.0,-10.0,screener
BALMLAWRIE,Mar 2026,2026-03-31,annual,289.0,-38.0,-259.0,-7.0,screener
BALRAMCHIN,Mar 2022,2022-03-31,annual,695.0,-309.0,-385.0,0.0,screener_yfinance_fallback_normalized
BALRAMCHIN,Mar 2023,2023-03-31,annual,453.0,-859.0,406.0,0.0,screener_yfinance_fallback_normalized
BALRAMCHIN,Mar 2024,2024-03-31,annual,178.0,-225.0,47.0,0.0,screener_yfinance_fallback_normalized
BALRAMCHIN,Mar 2025,2025-03-31,annual,425.0,-880.0,455.0,0.0,screener_yfinance_fallback_normalized
BALRAMCHIN,Mar 2026,2026-03-31,annual,599.0,-947.0,347.0,0.0,screener_yfinance_fallback_normalized
BALUFORGE,Mar 2022,2022-03-31,annual,-58.0,-8.0,69.0,4.0,screener
BALUFORGE,Mar 2023,2023-03-31,annual,26.0,-21.0,-6.0,-1.0,screener
BALUFORGE,Mar 2024,2024-03-31,annual,-32.0,-134.0,249.0,83.0,screener
BALUFORGE,Mar 2025,2025-03-31,annual,148.0,-417.0,274.0,5.0,screener
BALUFORGE,Mar 2026,2026-03-31,annual,32.0,-354.0,315.0,-7.0,screener
BANCOINDIA,Mar 2022,2022-03-31,annual,57.0,-104.0,-11.0,-58.0,screener
BANCOINDIA,Mar 2023,2023-03-31,annual,-41.0,-23.0,59.0,-6.0,screener
BANCOINDIA,Mar 2024,2024-03-31,annual,458.0,-114.0,-339.0,5.0,screener
BANCOINDIA,Mar 2025,2025-03-31,annual,164.0,-73.0,-89.0,3.0,screener
BANCOINDIA,Mar 2026,2026-03-31,annual,380.0,-175.0,-189.0,16.0,screener
BANKBARODA,Mar 2022,2022-03-31,annual,6210.0,-3645.0,-998.0,1567.0,screener
BANKBARODA,Mar 2023,2023-03-31,annual,-21271.0,-1096.0,-5488.0,-27855.0,screener
BANKBARODA,Mar 2024,2024-03-31,annual,-6274.0,-1285.0,5476.0,-2084.0,screener
BANKBARODA,Mar 2025,2025-03-31,annual,34892.0,-6494.0,3790.0,32188.0,screener
BANKBARODA,Mar 2026,2026-03-31,annual,33426.0,-3275.0,-1806.0,28345.0,screener
BANKINDIA,Mar 2022,2022-03-31,annual,-35487.0,-644.0,1146.0,-34985.0,screener
BANKINDIA,Mar 2023,2023-03-31,annual,-7045.0,-521.0,541.0,-7026.0,screener
BANKINDIA,Mar 2024,2024-03-31,annual,-4437.0,-991.0,3868.0,-1560.0,screener
BANKINDIA,Mar 2025,2025-03-31,annual,18534.0,-854.0,34.0,17714.0,screener
BANKINDIA,Mar 2026,2026-03-31,annual,4753.0,-329.0,-5672.0,-1248.0,screener
BANSALWIRE,Mar 2022,2022-03-31,annual,-12.0,-19.0,30.0,0.0,screener
BANSALWIRE,Mar 2023,2023-03-31,annual,103.0,-87.0,-15.0,0.0,screener
BANSALWIRE,Mar 2024,2024-03-31,annual,-541.0,-496.0,1038.0,2.0,screener
BANSALWIRE,Mar 2025,2025-03-31,annual,-151.0,-444.0,595.0,0.0,screener
BANSALWIRE,Mar 2026,2026-03-31,annual,333.0,-223.0,-110.0,0.0,screener
BANSWRAS,Mar 2022,2022-03-31,annual,54.0,-48.0,5.0,11.0,screener
BANSWRAS,Mar 2023,2023-03-31,annual,20.0,-99.0,75.0,-4.0,screener
BANSWRAS,Mar 2024,2024-03-31,annual,142.0,-90.0,-58.0,-6.0,screener
BANSWRAS,Mar 2025,2025-03-31,annual,77.0,-137.0,55.0,-5.0,screener
BANSWRAS,Mar 2026,2026-03-31,annual,118.0,-95.0,-25.0,-2.0,screener
BASF,Mar 2010,2010-03-31,annual,46.0,140.0,-47.0,140.0,screener
BASF,Mar 2024,2024-03-31,annual,807.0,-450.0,-102.0,255.0,screener
BASF,Mar 2025,2025-03-31,annual,373.0,-114.0,-129.0,131.0,screener
BASF,Mar 2026,2026-03-31,annual,-110.0,379.0,-179.0,89.0,screener
BASML,Mar 2022,2022-03-31,annual,56.0,-34.0,-21.0,1.0,screener
BASML,Mar 2023,2023-03-31,annual,1.0,-48.0,38.0,-9.0,screener
BASML,Mar 2024,2024-03-31,annual,125.0,-9.0,-113.0,3.0,screener
BASML,Mar 2025,2025-03-31,annual,23.0,54.0,-82.0,-5.0,screener
BASML,Mar 2026,2026-03-31,annual,117.0,-45.0,-73.0,0.0,screener
BATAINDIA,Mar 2022,2022-03-31,annual,212.0,93.0,-341.0,-37.0,screener
BATAINDIA,Mar 2023,2023-03-31,annual,629.0,439.0,-1011.0,57.0,screener
BATAINDIA,Mar 2024,2024-03-31,annual,453.0,40.0,-518.0,-24.0,screener
BATAINDIA,Mar 2025,2025-03-31,annual,738.0,53.0,-638.0,153.0,screener
BATAINDIA,Mar 2026,2026-03-31,annual,595.0,-257.0,-531.0,-194.0,screener
BATLIBOI,Mar 2022,2022-03-31,annual,20.0,-3.0,-11.0,6.0,screener
BATLIBOI,Mar 2023,2023-03-31,annual,1.0,-3.0,-5.0,-7.0,screener
BATLIBOI,Mar 2024,2024-03-31,annual,7.0,-4.0,7.0,10.0,screener
BATLIBOI,Mar 2025,2025-03-31,annual,-5.0,-35.0,42.0,2.0,screener
BATLIBOI,Mar 2026,2026-03-31,annual,14.0,8.0,-14.0,8.0,screener
BAYERCROP,Dec 2005,2005-12-31,annual,-12.0,-34.0,25.0,-21.0,screener
BAYERCROP,Dec 2006,2006-12-31,annual,38.0,-16.0,-26.0,-4.0,screener
BBOX,Mar 2022,2022-03-31,annual,95.0,-108.0,-43.0,-55.0,screener
BBOX,Mar 2023,2023-03-31,annual,13.0,-56.0,-58.0,-102.0,screener
BBOX,Mar 2024,2024-03-31,annual,129.0,40.0,-155.0,14.0,screener
BBOX,Mar 2025,2025-03-31,annual,-88.0,-105.0,192.0,0.0,screener
BBOX,Mar 2026,2026-03-31,annual,84.0,-57.0,197.0,224.0,screener
BBTC,Mar 2022,2022-03-31,annual,1447.0,-2993.0,1494.0,-52.0,screener
BBTC,Mar 2023,2023-03-31,annual,2475.0,-1819.0,-705.0,-50.0,screener
BBTC,Mar 2024,2024-03-31,annual,1935.0,3912.0,-5648.0,199.0,screener
BBTC,Mar 2025,2025-03-31,annual,2278.0,-905.0,-1844.0,-472.0,screener
BBTC,Mar 2026,2026-03-31,annual,2418.0,-1187.0,-1132.0,99.0,screener
BBTCL,Mar 2022,2022-03-31,annual,8.0,-12.0,4.0,0.0,screener
BBTCL,Mar 2023,2023-03-31,annual,2.0,-64.0,64.0,1.0,screener
BBTCL,Mar 2024,2024-03-31,annual,57.0,-107.0,49.0,-1.0,screener
BBTCL,Mar 2025,2025-03-31,annual,23.0,-38.0,15.0,0.0,screener
BBTCL,Mar 2026,2026-03-31,annual,30.0,-7.0,-23.0,0.0,screener
BECTORFOOD,Mar 2022,2022-03-31,annual,84.0,-57.0,-30.0,-2.0,screener
BECTORFOOD,Mar 2023,2023-03-31,annual,164.0,-151.0,-37.0,-23.0,screener
BECTORFOOD,Mar 2024,2024-03-31,annual,153.0,-224.0,69.0,-1.0,screener
BECTORFOOD,Mar 2025,2025-03-31,annual,161.0,-331.0,248.0,79.0,screener
BECTORFOOD,Mar 2026,2026-03-31,annual,218.0,-213.0,-54.0,-49.0,screener
BEL,Mar 2022,2022-03-31,annual,4207.0,-4872.0,-1078.0,-1742.0,screener
BEL,Mar 2023,2023-03-31,annual,1199.0,2708.0,-1262.0,2645.0,screener
BEL,Mar 2024,2024-03-31,annual,4659.0,-5924.0,-1475.0,-2739.0,screener
BEL,Mar 2025,2025-03-31,annual,564.0,639.0,-1696.0,-493.0,screener
BEL,Mar 2026,2026-03-31,annual,1541.0,1730.0,-2097.0,1175.0,screener
BELRISE,Mar 2022,2022-03-31,annual,474.0,-543.0,39.0,-30.0,screener
BELRISE,Mar 2023,2023-03-31,annual,789.0,-194.0,-530.0,66.0,screener
BELRISE,Mar 2024,2024-03-31,annual,582.0,-362.0,-141.0,79.0,screener
BELRISE,Mar 2025,2025-03-31,annual,704.0,-981.0,169.0,-108.0,screener
BELRISE,Mar 2026,2026-03-31,annual,876.0,-475.0,328.0,729.0,screener
BEML,Mar 2022,2022-03-31,annual,51.0,-25.0,-10.0,16.0,screener
BEML,Mar 2023,2023-03-31,annual,560.0,-20.0,-331.0,208.0,screener
BEML,Mar 2024,2024-03-31,annual,458.0,-68.0,-130.0,260.0,screener
BEML,Mar 2025,2025-03-31,annual,183.0,-205.0,-139.0,-162.0,screener
BEML,Mar 2026,2026-03-31,annual,118.0,-354.0,238.0,2.0,screener
BEPL,Mar 2022,2022-03-31,annual,298.0,-300.0,-50.0,-52.0,screener
BEPL,Mar 2023,2023-03-31,annual,140.0,-15.0,-50.0,75.0,screener
BEPL,Mar 2024,2024-03-31,annual,231.0,44.0,-324.0,-49.0,screener
BEPL,Mar 2025,2025-03-31,annual,109.0,235.0,-100.0,244.0,screener
BEPL,Mar 2026,2026-03-31,annual,168.0,-30.0,-100.0,39.0,screener
BERGEPAINT,Mar 2022,2022-03-31,annual,566.0,-521.0,-78.0,-33.0,screener
BERGEPAINT,Mar 2023,2023-03-31,annual,976.0,-600.0,-363.0,13.0,screener
BERGEPAINT,Mar 2024,2024-03-31,annual,1591.0,-398.0,-1069.0,124.0,screener
BERGEPAINT,Mar 2025,2025-03-31,annual,1269.0,-650.0,-606.0,14.0,screener
BERGEPAINT,Mar 2026,2026-03-31,annual,1540.0,-974.0,-613.0,-47.0,screener
BETA,Mar 2022,2022-03-31,annual,30.0,-22.0,-1.0,7.0,screener
BETA,Mar 2023,2023-03-31,annual,23.0,-19.0,-2.0,2.0,screener
BETA,Mar 2024,2024-03-31,annual,31.0,-14.0,-7.0,9.0,screener
BETA,Mar 2025,2025-03-31,annual,36.0,-36.0,118.0,118.0,screener
BETA,Mar 2026,2026-03-31,annual,37.0,-51.0,-8.0,-22.0,screener
BFINVEST,Mar 2022,2022-03-31,annual,6.0,-27.0,0.0,-21.0,screener
BFINVEST,Mar 2023,2023-03-31,annual,0.0,7.0,0.0,7.0,screener
BFINVEST,Mar 2024,2024-03-31,annual,9.0,18.0,0.0,27.0,screener
BFINVEST,Mar 2025,2025-03-31,annual,21.0,-49.0,0.0,-28.0,screener
BFINVEST,Mar 2026,2026-03-31,annual,33.0,59.0,0.0,92.0,screener
BFUTILITIE,Mar 2021,2021-03-31,annual,202.0,-7.0,-197.0,-2.0,screener
BFUTILITIE,Mar 2022,2022-03-31,annual,326.0,-60.0,-283.0,-17.0,screener
BFUTILITIE,Mar 2023,2023-03-31,annual,436.0,-40.0,-354.0,41.0,screener
BFUTILITIE,Mar 2024,2024-03-31,annual,583.0,-245.0,-338.0,1.0,screener
BFUTILITIE,Mar 2025,2025-03-31,annual,540.0,-45.0,-487.0,8.0,screener
BGLOBAL,Mar 2022,2022-03-31,annual,1.75,0.0,-1.78,-0.03,screener
BGLOBAL,Mar 2023,2023-03-31,annual,-0.45,0.0,0.62,0.17,screener
BGLOBAL,Mar 2024,2024-03-31,annual,-3.74,5.02,-1.57,-0.29,screener
BGLOBAL,Mar 2025,2025-03-31,annual,0.03,0.0,0.0,0.03,screener
BGLOBAL,Mar 2026,2026-03-31,annual,-2.5,-0.01,2.43,-0.08,screener
BHAGCHEM,Mar 2022,2022-03-31,annual,7.0,-17.0,12.0,2.0,screener
BHAGCHEM,Mar 2023,2023-03-31,annual,14.0,-60.0,46.0,1.0,screener
BHAGCHEM,Mar 2024,2024-03-31,annual,34.0,-116.0,88.0,7.0,screener
BHAGCHEM,Mar 2025,2025-03-31,annual,-53.0,-200.0,272.0,19.0,screener
BHAGCHEM,Mar 2026,2026-03-31,annual,12.0,-160.0,136.0,-12.0,screener
BHAGYANGR,Mar 2022,2022-03-31,annual,-4.0,-1.0,14.0,9.0,screener
BHAGYANGR,Mar 2023,2023-03-31,annual,-40.0,3.0,27.0,-9.0,screener
BHAGYANGR,Mar 2024,2024-03-31,annual,96.0,39.0,-133.0,3.0,screener
BHAGYANGR,Mar 2025,2025-03-31,annual,-144.0,-10.0,155.0,2.0,screener
BHAGYANGR,Mar 2026,2026-03-31,annual,59.0,-5.0,-59.0,-5.0,screener
BHARATFORG,Mar 2022,2022-03-31,annual,506.0,-690.0,310.0,126.0,screener
BHARATFORG,Mar 2023,2023-03-31,annual,1294.0,-1666.0,280.0,-91.0,screener
BHARATFORG,Mar 2024,2024-03-31,annual,1664.0,-665.0,-203.0,796.0,screener
BHARATFORG,Mar 2025,2025-03-31,annual,1796.0,-1964.0,-570.0,-738.0,screener
BHARATFORG,Mar 2026,2026-03-31,annual,1487.0,-1038.0,-442.0,6.0,screener
BHARATIDIL,Mar 2012,2012-03-31,annual,-304.0,-148.0,370.0,-83.0,screener
BHARATIDIL,Mar 2013,2013-03-31,annual,-303.0,4.0,213.0,-86.0,screener
BHARATIDIL,Mar 2014,2014-03-31,annual,200.0,5.0,-109.0,96.0,screener
BHARATIDIL,Mar 2015,2015-03-31,annual,-280.0,47.0,185.0,-48.0,screener
BHARATIDIL,Mar 2016,2016-03-31,annual,-37.0,12.0,18.0,-7.0,screener
BHARATWIRE,Mar 2022,2022-03-31,annual,24.0,0.0,-25.0,-2.0,screener
BHARATWIRE,Mar 2023,2023-03-31,annual,83.0,-13.0,-64.0,6.0,screener
BHARATWIRE,Mar 2024,2024-03-31,annual,85.0,-25.0,-61.0,0.0,screener
BHARTIARTL,Mar 2022,2022-03-31,annual,55017.0,-41478.0,-15203.0,-1664.0,screener
BHARTIARTL,Mar 2023,2023-03-31,annual,65325.0,-39232.0,-24470.0,1623.0,screener
BHARTIARTL,Mar 2024,2024-03-31,annual,78898.0,-51089.0,-27778.0,31.0,screener
BHARTIARTL,Mar 2025,2025-03-31,annual,98332.0,-60198.0,-36533.0,1601.0,screener
BHARTIARTL,Mar 2026,2026-03-31,annual,122230.0,-58534.0,-52293.0,11402.0,screener
BHEL,Mar 2022,2022-03-31,annual,660.0,-1118.0,-329.0,-787.0,screener
BHEL,Mar 2023,2023-03-31,annual,-741.0,1480.0,89.0,829.0,screener
BHEL,Mar 2024,2024-03-31,annual,-3713.0,1331.0,2656.0,274.0,screener
BHEL,Mar 2025,2025-03-31,annual,2192.0,-2731.0,-857.0,-1396.0,screener
BHEL,Mar 2026,2026-03-31,annual,5837.0,-3035.0,-1806.0,996.0,screener
BIKAJI,Mar 2022,2022-03-31,annual,57.0,-232.0,169.0,-5.0,screener
BIKAJI,Mar 2023,2023-03-31,annual,171.0,-123.0,-5.0,43.0,screener
BIKAJI,Mar 2024,2024-03-31,annual,245.0,-199.0,-54.0,-8.0,screener
BIKAJI,Mar 2025,2025-03-31,annual,193.0,-122.0,-56.0,16.0,screener
BIKAJI,Mar 2026,2026-03-31,annual,304.0,-289.0,0.0,15.0,screener
BILVYAPAR,Mar 2022,2022-03-31,annual,-2.81,-1.35,3.1,-1.05,screener
BILVYAPAR,Mar 2023,2023-03-31,annual,-0.77,-2.33,1.31,-1.79,screener
BILVYAPAR,Mar 2024,2024-03-31,annual,-6.53,0.25,2.51,-3.77,screener
BILVYAPAR,Mar 2025,2025-03-31,annual,-1.57,0.01,1.43,-0.13,screener
BILVYAPAR,Mar 2026,2026-03-31,annual,6.24,0.68,1.29,8.21,screener
BIOCON,Mar 2022,2022-03-31,annual,1177.0,-1662.0,242.0,-243.0,screener
BIOCON,Mar 2023,2023-03-31,annual,1852.0,-14260.0,13049.0,641.0,screener
BIOCON,Mar 2024,2024-03-31,annual,2954.0,-1002.0,-2333.0,-380.0,screener
BIOCON,Mar 2025,2025-03-31,annual,4061.0,-203.0,-1854.0,2004.0,screener
BIOCON,Mar 2026,2026-03-31,annual,1994.0,-1883.0,-924.0,-812.0,screener
BIRLACORPN,Mar 2022,2022-03-31,annual,1039.0,-775.0,-270.0,-6.0,screener
BIRLACORPN,Mar 2023,2023-03-31,annual,805.0,-365.0,-318.0,122.0,screener
BIRLACORPN,Mar 2024,2024-03-31,annual,1620.0,-700.0,-970.0,-50.0,screener
BIRLACORPN,Mar 2025,2025-03-31,annual,1669.0,-886.0,-823.0,-39.0,screener
BIRLACORPN,Mar 2026,2026-03-31,annual,950.0,-496.0,-443.0,12.0,screener
BIRLAMONEY,Mar 2014,2014-03-31,annual,-16.0,58.0,-34.0,8.0,screener
BIRLAMONEY,Mar 2015,2015-03-31,annual,-21.0,-35.0,57.0,2.0,screener
BIRLAMONEY,Mar 2016,2016-03-31,annual,-20.0,20.0,-1.0,-1.0,screener
BIRLAMONEY,Mar 2017,2017-03-31,annual,51.0,-2.0,-46.0,3.0,screener
BIRLAMONEY,Mar 2018,2018-03-31,annual,-174.0,-23.0,188.0,-10.0,screener
BIRLANU,Mar 2022,2022-03-31,annual,166.0,-52.0,-179.0,-65.0,screener
BIRLANU,Mar 2023,2023-03-31,annual,132.0,-174.0,42.0,0.0,screener
BIRLANU,Mar 2024,2024-03-31,annual,173.0,-162.0,62.0,73.0,screener
BIRLANU,Mar 2025,2025-03-31,annual,82.0,-50.0,-90.0,-58.0,screener
BIRLANU,Mar 2026,2026-03-31,annual,119.0,-115.0,-31.0,-27.0,screener
BLACKBUCK,Mar 2022,2022-03-31,annual,-78.0,-219.0,282.0,-15.0,screener
BLACKBUCK,Mar 2023,2023-03-31,annual,-119.0,169.0,-37.0,13.0,screener
BLACKBUCK,Mar 2024,2024-03-31,annual,45.0,19.0,-14.0,50.0,screener
BLACKBUCK,Mar 2025,2025-03-31,annual,58.0,-467.0,384.0,-25.0,screener
BLACKBUCK,Mar 2026,2026-03-31,annual,169.0,-171.0,-11.0,-13.0,screener
BLISSGVS,Mar 2022,2022-03-31,annual,135.0,-103.0,-24.0,9.0,screener
BLISSGVS,Mar 2023,2023-03-31,annual,34.0,-6.0,-25.0,3.0,screener
BLISSGVS,Mar 2024,2024-03-31,annual,103.0,-83.0,-21.0,-1.0,screener
BLISSGVS,Mar 2025,2025-03-31,annual,106.0,-75.0,-30.0,0.0,screener
BLISSGVS,Mar 2026,2026-03-31,annual,139.0,-38.0,-89.0,11.0,screener
BLS,Mar 2022,2022-03-31,annual,185.0,-172.0,-12.0,2.0,screener
BLS,Mar 2023,2023-03-31,annual,261.0,-238.0,7.0,30.0,screener
BLS,Mar 2024,2024-03-31,annual,350.0,-260.0,257.0,347.0,screener
BLS,Mar 2025,2025-03-31,annual,829.0,-1119.0,158.0,-131.0,screener
BLS,Mar 2026,2026-03-31,annual,903.0,-446.0,-246.0,211.0,screener
BLSE,Mar 2022,2022-03-31,annual,20.0,-14.0,-8.0,-1.0,screener
BLSE,Mar 2023,2023-03-31,annual,29.0,-66.0,46.0,10.0,screener
BLSE,Mar 2024,2024-03-31,annual,20.0,-295.0,290.0,15.0,screener
BLSE,Mar 2025,2025-03-31,annual,67.0,-23.0,-4.0,40.0,screener
BLSE,Mar 2026,2026-03-31,annual,51.0,-14.0,-19.0,17.0,screener
BLUEBLENDS,Mar 2020,2020-03-31,annual,1.0,-6.0,5.0,0.0,screener
BLUEBLENDS,Mar 2021,2021-03-31,annual,21.0,0.0,-21.0,0.0,screener
BLUEBLENDS,Mar 2024,2024-03-31,annual,0.0,0.0,0.0,0.0,screener
BLUEBLENDS,Mar 2025,2025-03-31,annual,-19.0,0.0,18.0,0.0,screener
BLUEBLENDS,Mar 2026,2026-03-31,annual,-2.0,0.0,2.0,0.0,screener
BLUEDART,Mar 2022,2022-03-31,annual,860.0,11.0,-772.0,99.0,screener
BLUEDART,Mar 2023,2023-03-31,annual,717.0,-514.0,-291.0,-89.0,screener
BLUEDART,Mar 2024,2024-03-31,annual,847.0,-375.0,-401.0,71.0,screener
BLUEDART,Mar 2025,2025-03-31,annual,735.0,-300.0,-434.0,2.0,screener
BLUEDART,Mar 2026,2026-03-31,annual,810.0,-315.0,-424.0,72.0,screener
BLUEJET,Mar 2020,2020-03-31,annual,123.0,-45.0,-72.0,5.0,screener
BLUEJET,Mar 2021,2021-03-31,annual,129.0,-51.0,-28.0,51.0,screener
BLUESTARCO,Mar 2022,2022-03-31,annual,87.0,-67.0,-82.0,-62.0,screener
BLUESTARCO,Mar 2023,2023-03-31,annual,243.0,-178.0,-76.0,-11.0,screener
BLUESTARCO,Mar 2024,2024-03-31,annual,289.0,-524.0,365.0,130.0,screener
BLUESTARCO,Mar 2025,2025-03-31,annual,688.0,-463.0,-162.0,63.0,screener
BLUESTARCO,Mar 2026,2026-03-31,annual,154.0,-354.0,137.0,-63.0,screener
BLUESTONE,Mar 2025,2025-03-31,annual,-666.0,-84.0,740.0,-10.0,screener
BLUESTONE,Mar 2026,2026-03-31,annual,-199.0,-239.0,497.0,59.0,screener
BLUSPRING,Mar 2024,2024-03-31,annual,-84.0,-17.0,-30.0,-130.0,screener
BLUSPRING,Dec 2024,2024-12-31,annual,-84.0,-17.0,-30.0,-130.0,screener
BLUSPRING,Mar 2025,2025-03-31,annual,-22.0,146.0,-68.0,56.0,screener
BLUSPRING,Mar 2026,2026-03-31,annual,5.0,-2.0,-4.0,-1.0,screener
BOMDYEING,Mar 2022,2022-03-31,annual,522.0,6.0,-268.0,260.0,screener
BOMDYEING,Mar 2023,2023-03-31,annual,861.0,177.0,-1320.0,-282.0,screener
BOMDYEING,Mar 2024,2024-03-31,annual,355.0,3532.0,-3965.0,-78.0,screener
BOMDYEING,Mar 2025,2025-03-31,annual,-17.0,35.0,-41.0,-23.0,screener
BOMDYEING,Mar 2026,2026-03-31,annual,-182.0,209.0,-38.0,-11.0,screener
BOROLTD,Mar 2022,2022-03-31,annual,77.0,-37.0,-24.0,16.0,screener
BOROLTD,Mar 2023,2023-03-31,annual,121.0,-228.0,93.0,-14.0,screener
BOROLTD,Mar 2024,2024-03-31,annual,48.0,-106.0,55.0,-3.0,screener
BOROLTD,Mar 2025,2025-03-31,annual,-19.0,-41.0,56.0,-4.0,screener
BOROLTD,Mar 2026,2026-03-31,annual,119.0,-165.0,48.0,2.0,screener
BORORENEW,Mar 2019,2019-03-31,annual,-25.0,-26.0,40.0,-10.0,screener
BORORENEW,Mar 2023,2023-03-31,annual,-6.0,-116.0,238.0,115.0,screener
BORORENEW,Mar 2024,2024-03-31,annual,69.0,-215.0,168.0,21.0,screener
BORORENEW,Mar 2025,2025-03-31,annual,100.0,-142.0,-53.0,-95.0,screener
BORORENEW,Mar 2026,2026-03-31,annual,423.0,-738.0,323.0,8.0,screener
BOROSCI,Mar 2024,2024-03-31,annual,30.0,-2.0,-16.0,12.0,screener
BOROSCI,Mar 2025,2025-03-31,annual,120.0,-115.0,-3.0,1.0,screener
BOROSCI,Mar 2026,2026-03-31,annual,43.0,-37.0,-6.0,0.0,screener
BOSCHLTD,Mar 2022,2022-03-31,annual,269.0,-32.0,-383.0,-146.0,screener
BOSCHLTD,Mar 2023,2023-03-31,annual,1214.0,262.0,-1239.0,236.0,screener
BOSCHLTD,Mar 2024,2024-03-31,annual,1258.0,277.0,-1452.0,84.0,screener
BOSCHLTD,Mar 2025,2025-03-31,annual,2373.0,-1955.0,-529.0,-110.0,screener
BOSCHLTD,Mar 2026,2026-03-31,annual,2175.0,-582.0,-1550.0,44.0,screener
BPCL,Mar 2022,2022-03-31,annual,20336.0,-8138.0,-17672.0,-5474.0,screener
BPCL,Mar 2023,2023-03-31,annual,12466.0,-7806.0,-4402.0,257.0,screener
BPCL,Mar 2024,2024-03-31,annual,35936.0,-10521.0,-25427.0,-12.0,screener
BPCL,Mar 2025,2025-03-31,annual,23678.0,-19180.0,-6241.0,-1743.0,screener
BPCL,Mar 2026,2026-03-31,annual,50769.0,-26067.0,-24940.0,-238.0,screener
BRIGADE,Mar 2022,2022-03-31,annual,1032.0,-971.0,33.0,94.0,screener
BRIGADE,Mar 2023,2023-03-31,annual,966.0,-271.0,-695.0,1.0,screener
BRIGADE,Mar 2024,2024-03-31,annual,334.0,-379.0,241.0,195.0,screener
BRIGADE,Mar 2025,2025-03-31,annual,995.0,-590.0,860.0,1265.0,screener
BRIGADE,Mar 2026,2026-03-31,annual,-137.0,-1436.0,1202.0,-372.0,screener
BRITANNIA,Mar 2022,2022-03-31,annual,1300.0,914.0,-2246.0,-32.0,screener
BRITANNIA,Mar 2023,2023-03-31,annual,2526.0,-1507.0,-1028.0,-9.0,screener
BRITANNIA,Mar 2024,2024-03-31,annual,2573.0,485.0,-2839.0,219.0,screener
BRITANNIA,Mar 2025,2025-03-31,annual,2481.0,87.0,-2762.0,-194.0,screener
BRITANNIA,Mar 2026,2026-03-31,annual,2612.0,-757.0,-1783.0,72.0,screener
BSE,Mar 2022,2022-03-31,annual,1442.0,-980.0,9.0,471.0,screener
BSE,Mar 2023,2023-03-31,annual,-137.0,-111.0,-186.0,-434.0,screener
BSE,Mar 2024,2024-03-31,annual,2643.0,-871.0,-149.0,1623.0,screener
BSE,Mar 2025,2025-03-31,annual,414.0,-758.0,-206.0,-550.0,screener
BSE,Mar 2026,2026-03-31,annual,3104.0,-2678.0,-304.0,122.0,screener
BSOFT,Mar 2022,2022-03-31,annual,281.0,-309.0,-147.0,-176.0,screener
BSOFT,Mar 2023,2023-03-31,annual,561.0,252.0,-636.0,176.0,screener
BSOFT,Mar 2024,2024-03-31,annual,718.0,-625.0,-168.0,-74.0,screener
BSOFT,Mar 2025,2025-03-31,annual,588.0,-438.0,-215.0,-65.0,screener
BSOFT,Mar 2026,2026-03-31,annual,481.0,-143.0,-233.0,105.0,screener
BUILDPRO,Mar 2023,2023-03-31,annual,92.0,-45.0,-43.0,3.0,screener
BUILDPRO,Mar 2024,2024-03-31,annual,10.0,-27.0,40.0,22.0,screener
BUILDPRO,Mar 2025,2025-03-31,annual,68.0,17.0,-64.0,22.0,screener
BUILDPRO,Mar 2026,2026-03-31,annual,90.0,-12.0,-37.0,41.0,screener
BURNPUR,Mar 2009,2009-03-31,annual,-7.75,9.09,-2.44,-1.1,screener
BURNPUR,Mar 2013,2013-03-31,annual,-5.86,-33.12,40.7,1.72,screener
BURNPUR,Mar 2014,2014-03-31,annual,33.3,-92.74,63.37,3.93,screener
BURNPUR,Mar 2015,2015-03-31,annual,16.7,-63.4,46.0,-0.7,screener
CAMLINFINE,Mar 2022,2022-03-31,annual,145.0,-249.0,136.0,32.0,screener
CAMLINFINE,Mar 2023,2023-03-31,annual,51.0,-125.0,60.0,-14.0,screener
CAMLINFINE,Mar 2024,2024-03-31,annual,139.0,-66.0,-86.0,-13.0,screener
CAMLINFINE,Mar 2025,2025-03-31,annual,27.0,-75.0,72.0,24.0,screener
CAMLINFINE,Mar 2026,2026-03-31,annual,82.0,-53.0,-25.0,4.0,screener
CAMPUS,Mar 2018,2018-03-31,annual,-38.0,-47.0,84.0,-1.0,screener
CAMPUS,Mar 2019,2019-03-31,annual,54.0,-29.0,-26.0,0.0,screener
CAMPUS,Mar 2020,2020-03-31,annual,99.0,-155.0,69.0,14.0,screener
CAMPUS,Mar 2021,2021-03-31,annual,124.0,-9.0,-129.0,-14.0,screener
CAMPUS,Mar 2022,2022-03-31,annual,18.0,-34.0,16.0,-1.0,screener
CAMS,Mar 2022,2022-03-31,annual,321.0,-131.0,-204.0,-13.0,screener
CAMS,Mar 2023,2023-03-31,annual,318.0,-102.0,-205.0,12.0,screener
CAMS,Mar 2024,2024-03-31,annual,401.0,-188.0,-224.0,-10.0,screener
CAMS,Mar 2025,2025-03-31,annual,477.0,-132.0,-338.0,7.0,screener
CAMS,Mar 2026,2026-03-31,annual,584.0,-270.0,-316.0,-2.0,screener
CANBK,Mar 2022,2022-03-31,annual,919.0,-1429.0,4035.0,3525.0,screener
CANBK,Mar 2023,2023-03-31,annual,-39978.0,-1156.0,445.0,-40689.0,screener
CANBK,Mar 2024,2024-03-31,annual,15046.0,-1750.0,-3834.0,9462.0,screener
CANBK,Mar 2025,2025-03-31,annual,60669.0,-2437.0,-3506.0,54725.0,screener
CANBK,Mar 2026,2026-03-31,annual,7942.0,-2707.0,-4795.0,440.0,screener
CAPACITE,Mar 2022,2022-03-31,annual,34.0,-23.0,1.0,12.0,screener
CAPACITE,Mar 2023,2023-03-31,annual,101.0,-61.0,-34.0,7.0,screener
CAPACITE,Mar 2024,2024-03-31,annual,-39.0,-152.0,182.0,-10.0,screener
CAPACITE,Mar 2025,2025-03-31,annual,52.0,-9.0,2.0,45.0,screener
CAPACITE,Mar 2026,2026-03-31,annual,223.0,-153.0,-43.0,27.0,screener
CAPILLARY,Mar 2022,2022-03-31,annual,7.0,-113.0,96.0,-9.0,screener
CAPILLARY,Mar 2023,2023-03-31,annual,-20.0,-100.0,137.0,17.0,screener
CAPILLARY,Mar 2024,2024-03-31,annual,97.0,-180.0,218.0,134.0,screener
CAPILLARY,Mar 2025,2025-03-31,annual,-46.0,66.0,4.0,24.0,screener
CAPILLARY,Mar 2026,2026-03-31,annual,150.0,-590.0,270.0,-169.0,screener
CAPLIPOINT,Mar 2022,2022-03-31,annual,337.0,-377.0,-41.0,-81.0,screener
CAPLIPOINT,Mar 2023,2023-03-31,annual,271.0,-216.0,-28.0,27.0,screener
CAPLIPOINT,Mar 2024,2024-03-31,annual,318.0,-319.0,-38.0,-39.0,screener
CAPLIPOINT,Mar 2025,2025-03-31,annual,432.0,-333.0,-38.0,61.0,screener
CAPLIPOINT,Mar 2026,2026-03-31,annual,523.0,-582.0,-46.0,-106.0,screener
CARBORUNIV,Mar 2022,2022-03-31,annual,245.0,-465.0,89.0,-131.0,screener
CARBORUNIV,Mar 2023,2023-03-31,annual,430.0,-248.0,-133.0,49.0,screener
CARBORUNIV,Mar 2024,2024-03-31,annual,602.0,-229.0,-214.0,159.0,screener
CARBORUNIV,Mar 2025,2025-03-31,annual,304.0,-371.0,-110.0,-177.0,screener
CARBORUNIV,Mar 2026,2026-03-31,annual,367.0,-167.0,119.0,320.0,screener
CARERATING,Mar 2022,2022-03-31,annual,68.0,-27.0,-35.0,6.0,screener
CARERATING,Mar 2023,2023-03-31,annual,82.0,13.0,-63.0,32.0,screener
CARERATING,Mar 2024,2024-03-31,annual,91.0,-39.0,-63.0,-11.0,screener
CARERATING,Mar 2025,2025-03-31,annual,123.0,-58.0,-54.0,11.0,screener
CARERATING,Mar 2026,2026-03-31,annual,148.0,-94.0,-59.0,-6.0,screener
CARRARO,Mar 2022,2022-03-31,annual,96.0,-60.0,9.0,44.0,screener
CARRARO,Mar 2023,2023-03-31,annual,80.0,-64.0,-15.0,1.0,screener
CARRARO,Mar 2024,2024-03-31,annual,112.0,-83.0,-30.0,-1.0,screener
CARRARO,Mar 2025,2025-03-31,annual,76.0,-52.0,-60.0,-35.0,screener
CARRARO,Mar 2026,2026-03-31,annual,135.0,-30.0,-89.0,15.0,screener
CARTRADE,Mar 2022,2022-03-31,annual,63.0,-281.0,229.0,12.0,screener
CARTRADE,Mar 2023,2023-03-31,annual,48.0,-17.0,-39.0,-7.0,screener
CARTRADE,Mar 2024,2024-03-31,annual,16.0,13.0,-33.0,-4.0,screener
CARTRADE,Mar 2025,2025-03-31,annual,171.0,-138.0,-27.0,7.0,screener
CARTRADE,Mar 2026,2026-03-31,annual,257.0,-231.0,-23.0,3.0,screener
CARYSIL,Mar 2022,2022-03-31,annual,52.0,-73.0,18.0,-2.0,screener
CARYSIL,Mar 2023,2023-03-31,annual,71.0,-136.0,64.0,-1.0,screener
CARYSIL,Mar 2024,2024-03-31,annual,53.0,-97.0,48.0,5.0,screener
CARYSIL,Mar 2025,2025-03-31,annual,60.0,-109.0,53.0,4.0,screener
CARYSIL,Mar 2026,2026-03-31,annual,109.0,-89.0,-25.0,-5.0,screener
CCL,Mar 2022,2022-03-31,annual,116.0,-192.0,9.0,-67.0,screener
CCL,Mar 2023,2023-03-31,annual,173.0,-307.0,164.0,30.0,screener
CCL,Mar 2024,2024-03-31,annual,55.0,-527.0,559.0,86.0,screener
CCL,Mar 2025,2025-03-31,annual,290.0,-415.0,53.0,-72.0,screener
CCL,Mar 2026,2026-03-31,annual,858.0,-70.0,-757.0,32.0,screener
CDSL,Mar 2022,2022-03-31,annual,283.0,-146.0,-94.0,44.0,screener
CDSL,Mar 2023,2023-03-31,annual,249.0,-126.0,-158.0,-35.0,screener
CDSL,Mar 2024,2024-03-31,annual,386.0,-249.0,-169.0,-32.0,screener
CDSL,Mar 2025,2025-03-31,annual,543.0,-298.0,-231.0,14.0,screener
CDSL,Mar 2026,2026-03-31,annual,467.0,-185.0,-262.0,19.0,screener
CEATLTD,Mar 2022,2022-03-31,annual,619.0,-944.0,313.0,-12.0,screener
CEATLTD,Mar 2023,2023-03-31,annual,1205.0,-849.0,-320.0,37.0,screener
CEATLTD,Mar 2024,2024-03-31,annual,1719.0,-854.0,-871.0,-5.0,screener
CEATLTD,Mar 2025,2025-03-31,annual,1092.0,-922.0,-177.0,-7.0,screener
CEATLTD,Mar 2026,2026-03-31,annual,1786.0,-2271.0,477.0,-8.0,screener
CEIGALL,Mar 2022,2022-03-31,annual,-135.0,-164.0,310.0,11.0,screener
CEIGALL,Mar 2023,2023-03-31,annual,-73.0,-134.0,326.0,119.0,screener
CEIGALL,Mar 2024,2024-03-31,annual,-190.0,-58.0,275.0,26.0,screener
CEIGALL,Mar 2025,2025-03-31,annual,-520.0,-130.0,846.0,197.0,screener
CEIGALL,Mar 2026,2026-03-31,annual,-91.0,-44.0,8.0,-127.0,screener
CEINSYS,Mar 2022,2022-03-31,annual,26.0,-1.0,-21.0,4.0,screener
CEINSYS,Mar 2023,2023-03-31,annual,47.0,-9.0,-20.0,18.0,screener
CEINSYS,Mar 2024,2024-03-31,annual,49.0,-5.0,-65.0,-21.0,screener
CEINSYS,Mar 2025,2025-03-31,annual,6.0,-53.0,49.0,1.0,screener
CEINSYS,Mar 2026,2026-03-31,annual,3.0,-126.0,117.0,-5.0,screener
CELLO,Mar 2022,2022-03-31,annual,187.0,-262.0,94.0,20.0,screener
CELLO,Mar 2023,2023-03-31,annual,227.0,-557.0,324.0,-6.0,screener
CELLO,Mar 2024,2024-03-31,annual,231.0,-256.0,26.0,2.0,screener
CELLO,Mar 2025,2025-03-31,annual,262.0,-553.0,311.0,20.0,screener
CELLO,Mar 2026,2026-03-31,annual,255.0,-176.0,-5.0,75.0,screener
CEMPRO,Mar 2022,2022-03-31,annual,339.0,-25.0,-56.0,258.0,screener
CEMPRO,Mar 2023,2023-03-31,annual,471.0,-438.0,28.0,61.0,screener
CEMPRO,Mar 2024,2024-03-31,annual,704.0,-419.0,-123.0,162.0,screener
CEMPRO,Mar 2025,2025-03-31,annual,184.0,-233.0,-218.0,-267.0,screener
CEMPRO,Mar 2026,2026-03-31,annual,500.0,-147.0,-243.0,110.0,screener
CENTENKA,Mar 2023,2023-03-31,annual,219.0,-251.0,29.0,-3.0,screener
CENTENKA,Mar 2024,2024-03-31,annual,88.0,-47.0,-43.0,-2.0,screener
CENTENKA,Mar 2025,2025-03-31,annual,118.0,-76.0,-42.0,0.0,screener
CENTENKA,Mar 2026,2026-03-31,annual,125.0,-80.0,-40.0,6.0,screener
CENTURYPLY,Mar 2022,2022-03-31,annual,276.0,-320.0,35.0,-9.0,screener
CENTURYPLY,Mar 2023,2023-03-31,annual,438.0,-480.0,39.0,-3.0,screener
CENTURYPLY,Mar 2024,2024-03-31,annual,252.0,-578.0,353.0,27.0,screener
CENTURYPLY,Mar 2025,2025-03-31,annual,-3.0,-678.0,660.0,-21.0,screener
CENTURYPLY,Mar 2026,2026-03-31,annual,457.0,-425.0,-22.0,10.0,screener
CESC,Mar 2022,2022-03-31,annual,2499.0,-575.0,-611.0,1313.0,screener
CESC,Mar 2023,2023-03-31,annual,1978.0,-545.0,-2457.0,-1024.0,screener
CESC,Mar 2024,2024-03-31,annual,2351.0,-564.0,-1642.0,146.0,screener
CESC,Mar 2025,2025-03-31,annual,2582.0,-3013.0,1337.0,906.0,screener
CESC,Mar 2026,2026-03-31,annual,4057.0,-3235.0,1205.0,2027.0,screener
CEWATER,Mar 2022,2022-03-31,annual,49.0,-28.0,-12.0,9.0,screener
CEWATER,Mar 2023,2023-03-31,annual,117.0,-50.0,-27.0,41.0,screener
CEWATER,Mar 2024,2024-03-31,annual,-35.0,-3.0,-4.0,-42.0,screener
CEWATER,Mar 2025,2025-03-31,annual,5.0,-122.0,125.0,7.0,screener
CEWATER,Mar 2026,2026-03-31,annual,-23.0,53.0,-1.0,28.0,screener
CGCL,Mar 2022,2022-03-31,annual,-1341.0,467.0,1026.0,152.0,screener
CGCL,Mar 2023,2023-03-31,annual,-3007.0,65.0,4096.0,1154.0,screener
CGCL,Mar 2024,2024-03-31,annual,-3699.0,-7.0,2869.0,-837.0,screener
CGCL,Mar 2025,2025-03-31,annual,-4312.0,60.0,5118.0,867.0,screener
CGCL,Mar 2026,2026-03-31,annual,-8728.0,-1088.0,10391.0,575.0,screener
CGPOWER,Mar 2022,2022-03-31,annual,483.0,227.0,-800.0,-91.0,screener
CGPOWER,Mar 2023,2023-03-31,annual,947.0,-21.0,-612.0,315.0,screener
CGPOWER,Mar 2024,2024-03-31,annual,1028.0,-1294.0,-246.0,-512.0,screener
CGPOWER,Mar 2025,2025-03-31,annual,944.0,-568.0,-167.0,210.0,screener
CGPOWER,Mar 2026,2026-03-31,annual,702.0,-3605.0,2794.0,-109.0,screener
CHALET,Mar 2022,2022-03-31,annual,62.0,-396.0,411.0,77.0,screener
CHALET,Mar 2023,2023-03-31,annual,477.0,-591.0,126.0,12.0,screener
CHALET,Mar 2024,2024-03-31,annual,689.0,-620.0,-108.0,-38.0,screener
CHALET,Mar 2025,2025-03-31,annual,950.0,-1355.0,496.0,91.0,screener
CHALET,Mar 2026,2026-03-31,annual,1067.0,-575.0,-466.0,25.0,screener
CHAMBLFERT,Mar 2022,2022-03-31,annual,-24.0,-119.0,-213.0,-356.0,screener
CHAMBLFERT,Mar 2023,2023-03-31,annual,3239.0,-1872.0,-1862.0,-495.0,screener
CHAMBLFERT,Mar 2024,2024-03-31,annual,3327.0,-382.0,-2871.0,73.0,screener
CHAMBLFERT,Mar 2025,2025-03-31,annual,1394.0,739.0,-2135.0,-2.0,screener
CHAMBLFERT,Mar 2026,2026-03-31,annual,138.0,-482.0,543.0,199.0,screener
CHANDAN,Mar 2022,2022-03-31,annual,6.0,-11.0,3.0,-1.0,screener
CHANDAN,Mar 2023,2023-03-31,annual,4.0,-6.0,2.0,0.0,screener
CHANDAN,Mar 2024,2024-03-31,annual,1.0,-15.0,16.0,2.0,screener
CHANDAN,Mar 2025,2025-03-31,annual,-29.0,-36.0,67.0,2.0,screener
CHANDAN,Mar 2026,2026-03-31,annual,16.0,-40.0,21.0,-3.0,screener
CHEMPLASTS,Mar 2022,2022-03-31,annual,901.0,108.0,-313.0,696.0,screener
CHEMPLASTS,Mar 2023,2023-03-31,annual,355.0,-217.0,-27.0,111.0,screener
CHEMPLASTS,Mar 2024,2024-03-31,annual,-245.0,-524.0,382.0,-387.0,screener
CHEMPLASTS,Mar 2025,2025-03-31,annual,172.0,-407.0,66.0,-170.0,screener
CHEMPLASTS,Mar 2026,2026-03-31,annual,294.0,-232.0,-187.0,-124.0,screener
CHENNPETRO,Mar 2022,2022-03-31,annual,1026.0,-676.0,-343.0,7.0,screener
CHENNPETRO,Mar 2023,2023-03-31,annual,5749.0,-403.0,-5354.0,-7.0,screener
CHENNPETRO,Mar 2024,2024-03-31,annual,2694.0,-589.0,-2106.0,-1.0,screener
CHENNPETRO,Mar 2025,2025-03-31,annual,1352.0,-649.0,-519.0,184.0,screener
CHENNPETRO,Mar 2026,2026-03-31,annual,2945.0,-930.0,-1294.0,721.0,screener
CHOICEIN,Mar 2022,2022-03-31,annual,-52.0,-99.0,146.0,-5.0,screener
CHOICEIN,Mar 2023,2023-03-31,annual,138.0,-48.0,-29.0,62.0,screener
CHOICEIN,Mar 2024,2024-03-31,annual,-153.0,-13.0,224.0,58.0,screener
CHOICEIN,Mar 2025,2025-03-31,annual,-294.0,-161.0,449.0,-6.0,screener
CHOICEIN,Mar 2026,2026-03-31,annual,-267.0,-277.0,600.0,56.0,screener
CHOLAFIN,Mar 2022,2022-03-31,annual,-5571.0,1640.0,5150.0,1218.0,screener
CHOLAFIN,Mar 2023,2023-03-31,annual,-27105.0,-2148.0,27466.0,-1787.0,screener
CHOLAFIN,Mar 2024,2024-03-31,annual,-35683.0,-2855.0,38471.0,-66.0,screener
CHOLAFIN,Mar 2025,2025-03-31,annual,-32413.0,-2948.0,39795.0,4434.0,screener
CHOLAFIN,Mar 2026,2026-03-31,annual,-30021.0,-2554.0,35610.0,3035.0,screener
CHOLAHLDNG,Mar 2022,2022-03-31,annual,-5738.0,-135.0,7073.0,1199.0,screener
CHOLAHLDNG,Mar 2023,2023-03-31,annual,-29329.0,295.0,27288.0,-1746.0,screener
CHOLAHLDNG,Mar 2024,2024-03-31,annual,-35726.0,-2625.0,38269.0,-82.0,screener
CHOLAHLDNG,Mar 2025,2025-03-31,annual,-34201.0,-1038.0,39652.0,4413.0,screener
CHOLAHLDNG,Mar 2026,2026-03-31,annual,-30033.0,-2528.0,35650.0,3089.0,screener
CIEINDIA,Dec 2021,2021-12-31,annual,1051.0,-762.0,-363.0,-74.0,screener
CIEINDIA,Dec 2022,2022-12-31,annual,1118.0,-637.0,-488.0,-6.0,screener
CIEINDIA,Dec 2023,2023-12-31,annual,1383.0,-905.0,-427.0,51.0,screener
CIEINDIA,Dec 2024,2024-12-31,annual,881.0,-237.0,-553.0,91.0,screener
CIEINDIA,Dec 2025,2025-12-31,annual,1258.0,-802.0,-526.0,-70.0,screener
CIPLA,Mar 2022,2022-03-31,annual,3326.0,-1858.0,-1600.0,-132.0,screener
CIPLA,Mar 2023,2023-03-31,annual,3238.0,-2376.0,-958.0,-97.0,screener
CIPLA,Mar 2024,2024-03-31,annual,4134.0,-2982.0,-1200.0,-49.0,screener
CIPLA,Mar 2025,2025-03-31,annual,5005.0,-3682.0,-1293.0,30.0,screener
CIPLA,Mar 2026,2026-03-31,annual,3940.0,-2234.0,-1234.0,473.0,screener
CLCIND,Mar 2015,2015-03-31,annual,106.0,2.0,-109.0,-1.0,screener
CLCIND,Mar 2016,2016-03-31,annual,8.0,0.0,-7.0,1.0,screener
CLCIND,Mar 2017,2017-03-31,annual,26.0,1.0,-27.0,-1.0,screener
CLCIND,Mar 2018,2018-03-31,annual,7.0,1.0,-7.0,1.0,screener
CLCIND,Mar 2019,2019-03-31,annual,7.0,0.0,-7.0,-1.0,screener
CLEAN,Mar 2022,2022-03-31,annual,127.0,-79.0,0.0,49.0,screener
CLEAN,Mar 2023,2023-03-31,annual,279.0,-270.0,-55.0,-45.0,screener
CLEAN,Mar 2024,2024-03-31,annual,236.0,-185.0,-53.0,-2.0,screener
CLEAN,Mar 2025,2025-03-31,annual,214.0,-152.0,-53.0,10.0,screener
CLEAN,Mar 2026,2026-03-31,annual,275.0,-203.0,-64.0,8.0,screener
CLEANMAX,Mar 2022,2022-03-31,annual,434.0,-1034.0,582.0,-17.0,screener
CLEANMAX,Mar 2023,2023-03-31,annual,928.0,-3011.0,2144.0,61.0,screener
CLEANMAX,Mar 2024,2024-03-31,annual,86.0,-1939.0,1789.0,-64.0,screener
CLEANMAX,Mar 2025,2025-03-31,annual,1404.0,-3606.0,2481.0,279.0,screener
CLEANMAX,Mar 2026,2026-03-31,annual,1731.0,-5957.0,5095.0,869.0,screener
CMICABLES,Mar 2015,2015-03-31,annual,-3.0,-4.0,8.0,1.0,screener
CMICABLES,Mar 2016,2016-03-31,annual,-4.0,-12.0,18.0,2.0,screener
CMICABLES,Mar 2017,2017-03-31,annual,-22.0,-3.0,24.0,-1.0,screener
CMICABLES,Mar 2018,2018-03-31,annual,-24.0,-11.0,36.0,1.0,screener
CMSINFO,Mar 2022,2022-03-31,annual,257.0,-326.0,1.0,-69.0,screener
CMSINFO,Mar 2023,2023-03-31,annual,407.0,-323.0,-52.0,32.0,screener
CMSINFO,Mar 2024,2024-03-31,annual,440.0,-325.0,-52.0,63.0,screener
CMSINFO,Mar 2025,2025-03-31,annual,483.0,-266.0,-144.0,72.0,screener
CMSINFO,Mar 2026,2026-03-31,annual,390.0,-270.0,-240.0,-121.0,screener
CNL,Mar 2022,2022-03-31,annual,-19.0,-3.0,22.0,1.0,screener
CNL,Mar 2023,2023-03-31,annual,-21.0,0.0,21.0,0.0,screener
CNL,Mar 2024,2024-03-31,annual,-28.0,-24.0,57.0,5.0,screener
CNL,Mar 2025,2025-03-31,annual,22.0,-5.0,20.0,37.0,screener
CNL,Mar 2026,2026-03-31,annual,-273.0,-8.0,234.0,-47.0,screener
COALINDIA,Mar 2022,2022-03-31,annual,41107.0,-25715.0,-13441.0,1951.0,screener
COALINDIA,Mar 2023,2023-03-31,annual,35734.0,-23465.0,-13704.0,-1436.0,screener
COALINDIA,Mar 2024,2024-03-31,annual,18103.0,-4486.0,-13899.0,-282.0,screener
COALINDIA,Mar 2025,2025-03-31,annual,29200.0,-10076.0,-13308.0,5815.0,screener
COALINDIA,Mar 2026,2026-03-31,annual,43215.0,-33955.0,-11801.0,-2541.0,screener
COCHINSHIP,Mar 2022,2022-03-31,annual,1398.0,-1007.0,-239.0,152.0,screener
COCHINSHIP,Mar 2023,2023-03-31,annual,1889.0,-35.0,-276.0,1578.0,screener
COCHINSHIP,Mar 2024,2024-03-31,annual,-172.0,481.0,-371.0,-62.0,screener
COCHINSHIP,Mar 2025,2025-03-31,annual,-297.0,538.0,-277.0,-36.0,screener
COCHINSHIP,Mar 2026,2026-03-31,annual,-1234.0,327.0,696.0,-211.0,screener
COFORGE,Mar 2022,2022-03-31,annual,766.0,-963.0,-156.0,-353.0,screener
COFORGE,Mar 2023,2023-03-31,annual,950.0,-269.0,-558.0,123.0,screener
COFORGE,Mar 2024,2024-03-31,annual,903.0,-265.0,-887.0,-249.0,screener
COFORGE,Mar 2025,2025-03-31,annual,1237.0,-2438.0,1675.0,474.0,screener
COFORGE,Mar 2026,2026-03-31,annual,1792.0,-400.0,-1094.0,298.0,screener
COHANCE,Mar 2022,2022-03-31,annual,330.0,-136.0,-156.0,37.0,screener
COHANCE,Mar 2023,2023-03-31,annual,457.0,-195.0,-242.0,20.0,screener
COHANCE,Mar 2024,2024-03-31,annual,358.0,-362.0,-14.0,-18.0,screener
COHANCE,Mar 2025,2025-03-31,annual,288.0,-253.0,3.0,38.0,screener
COHANCE,Mar 2026,2026-03-31,annual,368.0,-255.0,-165.0,-51.0,screener
COLPAL,Mar 2006,2006-03-31,annual,188.0,-35.0,-121.0,32.0,screener
COLPAL,Mar 2007,2007-03-31,annual,158.0,4.0,-136.0,26.0,screener
COLPAL,Mar 2008,2008-03-31,annual,291.0,20.0,-278.0,33.0,screener
COLPAL,Mar 2009,2009-03-31,annual,350.0,19.0,-263.0,105.0,screener
COLPAL,Mar 2010,2010-03-31,annual,404.0,29.0,-339.0,94.0,screener
COMPUSOFT,Mar 2022,2022-03-31,annual,13.27,-27.8,1.14,-13.39,screener
COMPUSOFT,Mar 2023,2023-03-31,annual,21.25,5.4,-8.29,18.36,screener
COMPUSOFT,Mar 2024,2024-03-31,annual,-33.43,-26.38,32.5,-27.3,screener
COMPUSOFT,Mar 2025,2025-03-31,annual,36.75,-19.89,-15.87,0.98,screener
COMPUSOFT,Mar 2026,2026-03-31,annual,10.21,-20.22,14.78,4.77,screener
COMSYN,Mar 2022,2022-03-31,annual,6.0,-7.0,-1.0,-2.0,screener
COMSYN,Mar 2023,2023-03-31,annual,38.0,-30.0,-8.0,-1.0,screener
COMSYN,Mar 2024,2024-03-31,annual,6.0,-29.0,23.0,0.0,screener
COMSYN,Mar 2025,2025-03-31,annual,1.0,0.0,0.0,1.0,screener
COMSYN,Mar 2026,2026-03-31,annual,39.0,-45.0,5.0,-1.0,screener
CONCOR,Mar 2022,2022-03-31,annual,1369.0,-1070.0,-595.0,-296.0,screener
CONCOR,Mar 2023,2023-03-31,annual,1406.0,-593.0,-854.0,-41.0,screener
CONCOR,Mar 2024,2024-03-31,annual,1388.0,-699.0,-840.0,-150.0,screener
CONCOR,Mar 2025,2025-03-31,annual,1712.0,-629.0,-914.0,169.0,screener
CONCOR,Mar 2026,2026-03-31,annual,1482.0,-236.0,-954.0,292.0,screener
CONCORDBIO,Mar 2022,2022-03-31,annual,207.0,-112.0,-100.0,-4.0,screener
CONCORDBIO,Mar 2023,2023-03-31,annual,246.0,-158.0,-85.0,3.0,screener
CONCORDBIO,Mar 2024,2024-03-31,annual,265.0,-155.0,-99.0,12.0,screener
CONCORDBIO,Mar 2025,2025-03-31,annual,245.0,-160.0,-99.0,-14.0,screener
CONCORDBIO,Mar 2026,2026-03-31,annual,267.0,-143.0,-113.0,11.0,screener
CONSOFINVT,Mar 2017,2017-03-31,annual,2.0,-3.0,0.0,-1.0,screener
CONSOFINVT,Mar 2018,2018-03-31,annual,48.0,-47.0,0.0,1.0,screener
CONSOFINVT,Mar 2019,2019-03-31,annual,-5.0,4.0,0.0,-1.0,screener
CONSOFINVT,Mar 2020,2020-03-31,annual,36.0,14.0,0.0,50.0,screener
CONSOFINVT,Mar 2021,2021-03-31,annual,-201.0,151.0,0.0,-50.0,screener
CONTROLPR,Mar 2022,2022-03-31,annual,50.0,-27.0,-16.0,8.0,screener
CONTROLPR,Mar 2023,2023-03-31,annual,55.0,-36.0,-17.0,1.0,screener
CONTROLPR,Mar 2024,2024-03-31,annual,50.0,8.0,-51.0,7.0,screener
CONTROLPR,Mar 2025,2025-03-31,annual,50.0,-37.0,-19.0,-7.0,screener
CONTROLPR,Mar 2026,2026-03-31,annual,50.0,-23.0,-21.0,6.0,screener
CORDELIA,Mar 2024,2024-03-31,annual,230.0,-75.0,-146.0,9.0,screener
CORDELIA,Mar 2025,2025-03-31,annual,130.0,-66.0,-48.0,16.0,screener
CORDELIA,Mar 2026,2026-03-31,annual,-96.0,10.0,59.0,-27.0,screener
COROMANDEL,Mar 2022,2022-03-31,annual,2078.0,-1622.0,-443.0,14.0,screener
COROMANDEL,Mar 2023,2023-03-31,annual,591.0,640.0,-543.0,688.0,screener
COROMANDEL,Mar 2024,2024-03-31,annual,1428.0,-1333.0,-363.0,-269.0,screener
COROMANDEL,Mar 2025,2025-03-31,annual,2464.0,-2638.0,-698.0,-872.0,screener
COROMANDEL,Mar 2026,2026-03-31,annual,1558.0,-559.0,-831.0,168.0,screener
CORONA,Mar 2023,2023-03-31,annual,103.0,-50.0,-45.0,8.0,screener
CORONA,Mar 2024,2024-03-31,annual,157.0,-267.0,99.0,-11.0,screener
CORONA,Mar 2025,2025-03-31,annual,190.0,-84.0,-107.0,0.0,screener
CORONA,Mar 2026,2026-03-31,annual,229.0,-256.0,25.0,-1.0,screener
COSMOFIRST,Mar 2022,2022-03-31,annual,481.0,-447.0,-52.0,-18.0,screener
COSMOFIRST,Mar 2023,2023-03-31,annual,465.0,-325.0,-153.0,-13.0,screener
COSMOFIRST,Mar 2024,2024-03-31,annual,245.0,-235.0,-19.0,-8.0,screener
COSMOFIRST,Mar 2025,2025-03-31,annual,166.0,-420.0,247.0,-6.0,screener
COSMOFIRST,Mar 2026,2026-03-31,annual,397.0,-361.0,-3.0,33.0,screener
CPCAP,Mar 2022,2022-03-31,annual,42.0,10.0,-49.0,3.0,screener
CPCAP,Mar 2023,2023-03-31,annual,3.0,4.0,-10.0,-3.0,screener
CPCAP,Mar 2024,2024-03-31,annual,-26.0,17.0,5.0,-4.0,screener
CPCAP,Mar 2025,2025-03-31,annual,-19.0,19.0,-1.0,0.0,screener
CPCAP,Mar 2026,2026-03-31,annual,33.0,-29.0,-5.0,-1.0,screener
CPEDU,Mar 2024,2024-03-31,annual,8.0,-1.0,-7.0,-1.0,screener
CPEDU,Mar 2025,2025-03-31,annual,7.0,0.0,-4.0,2.0,screener
CPEDU,Mar 2026,2026-03-31,annual,19.0,0.0,-17.0,1.0,screener
CPPLUS,Mar 2022,2022-03-31,annual,44.0,-89.0,20.0,-25.0,screener_yfinance_fallback_normalized
CPPLUS,Mar 2023,2023-03-31,annual,56.0,-122.0,109.0,43.0,screener_yfinance_fallback_normalized
CPPLUS,Mar 2024,2024-03-31,annual,-180.0,116.0,-44.0,-108.0,screener_yfinance_fallback_normalized
CPPLUS,Mar 2025,2025-03-31,annual,27.0,88.0,-19.0,96.0,screener_yfinance_fallback_normalized
CPPLUS,Mar 2026,2026-03-31,annual,13.0,-141.0,156.0,29.0,screener_yfinance_fallback_normalized
CRAFTSMAN,Mar 2022,2022-03-31,annual,327.0,-209.0,-120.0,-2.0,screener
CRAFTSMAN,Mar 2023,2023-03-31,annual,608.0,-683.0,73.0,-2.0,screener
CRAFTSMAN,Mar 2024,2024-03-31,annual,513.0,-625.0,148.0,36.0,screener
CRAFTSMAN,Mar 2025,2025-03-31,annual,283.0,-1643.0,1393.0,34.0,screener
CRAFTSMAN,Mar 2026,2026-03-31,annual,522.0,-1302.0,827.0,47.0,screener
CREDITACC,Mar 2022,2022-03-31,annual,-2713.0,-33.0,1967.0,-780.0,screener
CREDITACC,Mar 2023,2023-03-31,annual,-3290.0,-314.0,3365.0,-239.0,screener
CREDITACC,Mar 2024,2024-03-31,annual,-4734.0,-994.0,5494.0,-234.0,screener
CREDITACC,Mar 2025,2025-03-31,annual,1125.0,708.0,-1669.0,164.0,screener
CREDITACC,Mar 2026,2026-03-31,annual,-2770.0,-101.0,2751.0,-120.0,screener
CRISIL,Dec 2021,2021-12-31,annual,403.0,-97.0,-291.0,15.0,screener
CRISIL,Dec 2022,2022-12-31,annual,456.0,-59.0,-368.0,29.0,screener
CRISIL,Dec 2023,2023-12-31,annual,780.0,-326.0,-408.0,47.0,screener
CRISIL,Dec 2024,2024-12-31,annual,765.0,-387.0,-442.0,-64.0,screener
CRISIL,Dec 2025,2025-12-31,annual,756.0,-267.0,-470.0,18.0,screener
CRIZAC,Mar 2024,2024-03-31,annual,114.0,-79.0,0.0,35.0,screener
CRIZAC,Mar 2025,2025-03-31,annual,187.0,-149.0,0.0,39.0,screener
CRIZAC,Mar 2026,2026-03-31,annual,144.0,24.0,-151.0,17.0,screener
CROMPTON,Mar 2022,2022-03-31,annual,723.0,-1723.0,907.0,-92.0,screener
CROMPTON,Mar 2023,2023-03-31,annual,553.0,263.0,-911.0,-95.0,screener
CROMPTON,Mar 2024,2024-03-31,annual,843.0,-207.0,-541.0,95.0,screener
CROMPTON,Mar 2025,2025-03-31,annual,750.0,-131.0,-587.0,32.0,screener
CROMPTON,Mar 2026,2026-03-31,annual,723.0,-175.0,-599.0,-50.0,screener
CUMMINSIND,Mar 2022,2022-03-31,annual,712.0,-574.0,-82.0,56.0,screener
CUMMINSIND,Mar 2023,2023-03-31,annual,820.0,87.0,-687.0,219.0,screener
CUMMINSIND,Mar 2024,2024-03-31,annual,1285.0,-248.0,-1134.0,-97.0,screener
CUMMINSIND,Mar 2025,2025-03-31,annual,1683.0,-578.0,-1168.0,-63.0,screener
CUMMINSIND,Mar 2026,2026-03-31,annual,1734.0,26.0,-1495.0,265.0,screener
CUPID,Mar 2021,2021-03-31,annual,42.0,-9.0,-33.0,0.0,screener
CUPID,Mar 2024,2024-03-31,annual,8.0,-80.0,99.0,27.0,screener
CUPID,Mar 2025,2025-03-31,annual,-11.0,45.0,-1.0,32.0,screener
CUPID,Mar 2026,2026-03-31,annual,46.0,28.0,35.0,110.0,screener
CYIENT,Mar 2022,2022-03-31,annual,634.0,-377.0,-544.0,-287.0,screener
CYIENT,Mar 2023,2023-03-31,annual,554.0,-1006.0,-109.0,-562.0,screener
CYIENT,Mar 2024,2024-03-31,annual,726.0,-537.0,-266.0,-77.0,screener
CYIENT,Mar 2025,2025-03-31,annual,790.0,-134.0,-58.0,598.0,screener
CYIENT,Mar 2026,2026-03-31,annual,787.0,158.0,-569.0,376.0,screener
CYIENTDLM,Mar 2023,2023-03-31,annual,54.0,-142.0,72.0,-16.0,screener
CYIENTDLM,Mar 2024,2024-03-31,annual,-71.0,-428.0,479.0,-19.0,screener
CYIENTDLM,Mar 2025,2025-03-31,annual,-62.0,127.0,-59.0,5.0,screener
CYIENTDLM,Mar 2026,2026-03-31,annual,54.0,167.0,-188.0,33.0,screener
DABUR,Mar 2022,2022-03-31,annual,1802.0,-1273.0,-490.0,38.0,screener
DABUR,Mar 2023,2023-03-31,annual,1488.0,-583.0,-1035.0,-130.0,screener
DABUR,Mar 2024,2024-03-31,annual,2013.0,-971.0,-1161.0,-119.0,screener
DABUR,Mar 2025,2025-03-31,annual,1987.0,-448.0,-1405.0,133.0,screener
DABUR,Mar 2026,2026-03-31,annual,2579.0,-1279.0,-1236.0,64.0,screener
DALBHARAT,Mar 2022,2022-03-31,annual,1932.0,-1045.0,-942.0,-55.0,screener
DALBHARAT,Mar 2023,2023-03-31,annual,2252.0,-2326.0,168.0,94.0,screener
DALBHARAT,Mar 2024,2024-03-31,annual,2635.0,-2750.0,222.0,107.0,screener
DALBHARAT,Mar 2025,2025-03-31,annual,2117.0,-2270.0,-39.0,-192.0,screener
DALBHARAT,Mar 2026,2026-03-31,annual,2278.0,-3023.0,808.0,63.0,screener
DALMIASUG,Mar 2022,2022-03-31,annual,567.0,-327.0,-217.0,23.0,screener
DALMIASUG,Mar 2023,2023-03-31,annual,583.0,-192.0,-419.0,-29.0,screener
DALMIASUG,Mar 2024,2024-03-31,annual,-239.0,-257.0,902.0,405.0,screener
DALMIASUG,Mar 2025,2025-03-31,annual,410.0,-113.0,-480.0,-182.0,screener
DALMIASUG,Mar 2026,2026-03-31,annual,219.0,-843.0,664.0,41.0,screener
DAMCAPITAL,Mar 2022,2022-03-31,annual,37.0,-28.0,-3.0,6.0,screener
DAMCAPITAL,Mar 2023,2023-03-31,annual,679.0,-671.0,-4.0,4.0,screener
DAMCAPITAL,Mar 2024,2024-03-31,annual,-595.0,658.0,-4.0,59.0,screener
DAMCAPITAL,Mar 2025,2025-03-31,annual,96.0,-72.0,-10.0,14.0,screener
DAMCAPITAL,Mar 2026,2026-03-31,annual,37.0,-17.0,-21.0,-1.0,screener
DATAMATICS,Mar 2022,2022-03-31,annual,182.0,-134.0,21.0,69.0,screener
DATAMATICS,Mar 2023,2023-03-31,annual,130.0,-99.0,-66.0,-35.0,screener
DATAMATICS,Mar 2024,2024-03-31,annual,184.0,-179.0,-38.0,-34.0,screener
DATAMATICS,Mar 2025,2025-03-31,annual,224.0,-224.0,119.0,118.0,screener
DATAMATICS,Mar 2026,2026-03-31,annual,324.0,-317.0,-84.0,-76.0,screener
DBCORP,Mar 2022,2022-03-31,annual,371.0,-224.0,-155.0,-7.0,screener
DBCORP,Mar 2023,2023-03-31,annual,244.0,-144.0,-132.0,-32.0,screener
DBCORP,Mar 2024,2024-03-31,annual,579.0,-380.0,-194.0,5.0,screener
DBCORP,Mar 2025,2025-03-31,annual,414.0,-11.0,-366.0,37.0,screener
DBCORP,Mar 2026,2026-03-31,annual,365.0,-173.0,-208.0,-16.0,screener
DBL,Mar 2022,2022-03-31,annual,1624.0,206.0,-2295.0,-466.0,screener
DBL,Mar 2023,2023-03-31,annual,2845.0,-202.0,-3028.0,-385.0,screener
DBL,Mar 2024,2024-03-31,annual,1080.0,-379.0,-431.0,270.0,screener
DBL,Mar 2025,2025-03-31,annual,131.0,-1427.0,1022.0,-274.0,screener
DBL,Mar 2026,2026-03-31,annual,1204.0,468.0,-2503.0,-831.0,screener
DBOL,Mar 2022,2022-03-31,annual,-246.0,-124.0,393.0,23.0,screener
DBOL,Mar 2023,2023-03-31,annual,368.0,-209.0,-78.0,81.0,screener
DBOL,Mar 2024,2024-03-31,annual,-101.0,-166.0,170.0,-98.0,screener
DBOL,Mar 2025,2025-03-31,annual,130.0,-145.0,19.0,3.0,screener
DBOL,Mar 2026,2026-03-31,annual,220.0,-42.0,-178.0,0.0,screener
DBREALTY,Mar 2022,2022-03-31,annual,-267.0,275.0,86.0,94.0,screener
DBREALTY,Mar 2023,2023-03-31,annual,96.0,-200.0,52.0,-52.0,screener
DBREALTY,Mar 2024,2024-03-31,annual,237.0,486.0,18.0,741.0,screener
DBREALTY,Mar 2025,2025-03-31,annual,540.0,-689.0,-595.0,-743.0,screener
DBREALTY,Mar 2026,2026-03-31,annual,939.0,-336.0,-580.0,22.0,screener
DBSTOCKBRO,Mar 2022,2022-03-31,annual,22.38,-14.1,-0.16,8.13,screener
DBSTOCKBRO,Mar 2023,2023-03-31,annual,3.89,-2.58,4.59,5.9,screener
DBSTOCKBRO,Mar 2024,2024-03-31,annual,-5.03,-0.35,-6.3,-11.67,screener
DBSTOCKBRO,Mar 2025,2025-03-31,annual,0.16,-0.7,-2.37,-2.91,screener
DBSTOCKBRO,Mar 2026,2026-03-31,annual,3.59,-1.01,-1.4,1.18,screener
DCAL,Mar 2022,2022-03-31,annual,355.0,-619.0,130.0,-133.0,screener
DCAL,Mar 2023,2023-03-31,annual,266.0,-494.0,250.0,22.0,screener
DCAL,Mar 2024,2024-03-31,annual,379.0,-225.0,-22.0,132.0,screener
DCAL,Mar 2025,2025-03-31,annual,375.0,-196.0,-102.0,77.0,screener
DCAL,Mar 2026,2026-03-31,annual,491.0,-245.0,201.0,447.0,screener
DCI,Mar 2026,2026-03-31,annual,-37.0,-4.0,44.0,2.0,screener
DCMNVL,Mar 2022,2022-03-31,annual,87.0,-67.0,-16.0,4.0,screener
DCMNVL,Mar 2023,2023-03-31,annual,48.0,-149.0,102.0,1.0,screener
DCMNVL,Mar 2024,2024-03-31,annual,-46.0,-40.0,82.0,-4.0,screener
DCMNVL,Mar 2025,2025-03-31,annual,66.0,-7.0,-59.0,0.0,screener
DCMNVL,Mar 2026,2026-03-31,annual,51.0,-19.0,-33.0,0.0,screener
DCMSHRIRAM,Mar 2022,2022-03-31,annual,1224.0,-888.0,-275.0,62.0,screener
DCMSHRIRAM,Mar 2023,2023-03-31,annual,1296.0,-1543.0,-235.0,-482.0,screener
DCMSHRIRAM,Mar 2024,2024-03-31,annual,794.0,-1070.0,169.0,-107.0,screener
DCMSHRIRAM,Mar 2025,2025-03-31,annual,1128.0,-850.0,-1.0,277.0,screener
DCMSHRIRAM,Mar 2026,2026-03-31,annual,1234.0,-1241.0,-307.0,-314.0,screener
DCXINDIA,Mar 2022,2022-03-31,annual,-134.0,21.0,364.0,251.0,screener
DCXINDIA,Mar 2023,2023-03-31,annual,-590.0,22.0,364.0,-204.0,screener
DCXINDIA,Mar 2024,2024-03-31,annual,4.0,-1.0,242.0,245.0,screener
DCXINDIA,Mar 2025,2025-03-31,annual,496.0,-239.0,-95.0,163.0,screener
DCXINDIA,Mar 2026,2026-03-31,annual,2.0,-108.0,26.0,-80.0,screener
DECCANCE,Mar 2025,2025-03-31,annual,-38.0,-227.0,178.0,-87.0,screener
DECCANCE,Mar 2026,2026-03-31,annual,76.0,-137.0,9.0,-53.0,screener
DECCANTRAN,Mar 2022,2022-03-31,annual,5.0,-3.0,-1.0,1.0,screener
DECCANTRAN,Mar 2023,2023-03-31,annual,4.0,-7.0,6.0,2.0,screener
DECCANTRAN,Mar 2024,2024-03-31,annual,1.0,-7.0,6.0,0.0,screener
DECCANTRAN,Mar 2025,2025-03-31,annual,-15.0,-43.0,59.0,1.0,screener
DECCANTRAN,Mar 2026,2026-03-31,annual,42.0,-123.0,81.0,0.0,screener
DECNGOLD,Mar 2022,2022-03-31,annual,0.0,-1.0,0.0,-1.0,screener
DECNGOLD,Mar 2023,2023-03-31,annual,-2.0,-116.0,118.0,0.0,screener
DECNGOLD,Mar 2024,2024-03-31,annual,-57.0,-147.0,212.0,7.0,screener
DECNGOLD,Mar 2025,2025-03-31,annual,-51.0,-11.0,71.0,9.0,screener
DECNGOLD,Mar 2026,2026-03-31,annual,-52.0,-104.0,150.0,-6.0,screener
DEEDEV,Mar 2022,2022-03-31,annual,67.0,-22.0,-50.0,-5.0,screener
DEEDEV,Mar 2023,2023-03-31,annual,14.0,-52.0,40.0,1.0,screener
DEEDEV,Mar 2024,2024-03-31,annual,103.0,-145.0,43.0,1.0,screener
DEEDEV,Mar 2025,2025-03-31,annual,-60.0,-164.0,227.0,3.0,screener
DEEDEV,Mar 2026,2026-03-31,annual,20.0,-187.0,201.0,33.0,screener
DEEPAKFERT,Mar 2022,2022-03-31,annual,1211.0,-1430.0,221.0,3.0,screener
DEEPAKFERT,Mar 2023,2023-03-31,annual,493.0,-979.0,604.0,118.0,screener
DEEPAKFERT,Mar 2024,2024-03-31,annual,732.0,-376.0,-410.0,-54.0,screener
DEEPAKFERT,Mar 2025,2025-03-31,annual,1880.0,-1062.0,-689.0,129.0,screener
DEEPAKFERT,Mar 2026,2026-03-31,annual,206.0,-1559.0,1376.0,24.0,screener
DEEPAKNTR,Mar 2022,2022-03-31,annual,824.0,-424.0,-386.0,14.0,screener
DEEPAKNTR,Mar 2023,2023-03-31,annual,650.0,-276.0,-359.0,15.0,screener
DEEPAKNTR,Mar 2024,2024-03-31,annual,874.0,-717.0,44.0,200.0,screener
DEEPAKNTR,Mar 2025,2025-03-31,annual,625.0,-1489.0,806.0,-59.0,screener
DEEPAKNTR,Mar 2026,2026-03-31,annual,539.0,-669.0,193.0,64.0,screener
DEEPINDS,Mar 2022,2022-03-31,annual,55.0,-76.0,14.0,-7.0,screener
DEEPINDS,Mar 2023,2023-03-31,annual,82.0,-102.0,29.0,8.0,screener
DEEPINDS,Mar 2024,2024-03-31,annual,255.0,-317.0,69.0,7.0,screener
DEEPINDS,Mar 2025,2025-03-31,annual,210.0,-248.0,28.0,-10.0,screener
DEEPINDS,Mar 2026,2026-03-31,annual,270.0,-233.0,-39.0,-2.0,screener
DELHIVERY,Mar 2022,2022-03-31,annual,-241.0,-2742.0,2902.0,-81.0,screener
DELHIVERY,Mar 2023,2023-03-31,annual,-30.0,-3408.0,3538.0,100.0,screener
DELHIVERY,Mar 2024,2024-03-31,annual,472.0,-99.0,-366.0,8.0,screener
DELHIVERY,Mar 2025,2025-03-31,annual,567.0,-102.0,-432.0,33.0,screener
DELHIVERY,Mar 2026,2026-03-31,annual,911.0,-479.0,-532.0,-99.0,screener
DENEERS,Mar 2025,2025-03-31,annual,17.0,-1.0,-15.0,1.0,screener
DENEERS,Mar 2026,2026-03-31,annual,-11.0,1.0,11.0,1.0,screener
DENTA,Mar 2022,2022-03-31,annual,-8.0,-4.0,0.0,-12.0,screener
DENTA,Mar 2023,2023-03-31,annual,51.0,-30.0,1.0,23.0,screener
DENTA,Mar 2024,2024-03-31,annual,27.0,1.0,-1.0,27.0,screener
DENTA,Mar 2025,2025-03-31,annual,-72.0,18.0,191.0,137.0,screener
DENTA,Mar 2026,2026-03-31,annual,-34.0,-74.0,0.0,-108.0,screener
DEVYANI,Mar 2022,2022-03-31,annual,451.0,-375.0,-58.0,17.0,screener
DEVYANI,Mar 2023,2023-03-31,annual,637.0,-349.0,-283.0,5.0,screener
DEVYANI,Mar 2024,2024-03-31,annual,766.0,-1551.0,889.0,105.0,screener
DEVYANI,Mar 2025,2025-03-31,annual,900.0,-461.0,-425.0,14.0,screener
DEVYANI,Mar 2026,2026-03-31,annual,919.0,-440.0,-197.0,282.0,screener
DHAMPURSUG,Mar 2022,2022-03-31,annual,0.0,-105.0,77.0,-28.0,screener
DHAMPURSUG,Mar 2023,2023-03-31,annual,383.0,-146.0,-243.0,-6.0,screener
DHAMPURSUG,Mar 2024,2024-03-31,annual,-53.0,-92.0,109.0,-36.0,screener
DHAMPURSUG,Mar 2025,2025-03-31,annual,201.0,22.0,-111.0,112.0,screener
DHAMPURSUG,Mar 2026,2026-03-31,annual,243.0,-244.0,-109.0,-109.0,screener
DHANUKA,Mar 2021,2021-03-31,annual,231.0,-127.0,-129.0,-25.0,screener
DHANUKA,Mar 2022,2022-03-31,annual,104.0,-43.0,-61.0,1.0,screener
DHANUKA,Mar 2023,2023-03-31,annual,136.0,3.0,-137.0,2.0,screener
DHANUKA,Mar 2024,2024-03-31,annual,134.0,-81.0,-57.0,-3.0,screener
DHANUKA,Mar 2025,2025-03-31,annual,263.0,-143.0,-120.0,0.0,screener
DHARAN,Mar 2021,2021-03-31,annual,35.0,-2.0,-32.0,0.0,screener
DHARAN,Mar 2022,2022-03-31,annual,-20.0,37.0,-17.0,0.0,screener
DHARAN,Mar 2023,2023-03-31,annual,-163.0,-654.0,821.0,3.0,screener
DHARAN,Mar 2024,2024-03-31,annual,68.0,664.0,-47.0,686.0,screener
DHARAN,Mar 2025,2025-03-31,annual,17.0,10.0,-16.0,11.0,screener
DHARMAJ,Mar 2024,2024-03-31,annual,7.0,-62.0,57.0,3.0,screener
DHARMAJ,Mar 2025,2025-03-31,annual,39.0,-33.0,-9.0,-3.0,screener
DHARMAJ,Mar 2026,2026-03-31,annual,28.0,-29.0,2.0,0.0,screener
DIACABS,Mar 2016,2016-03-31,annual,-140.0,-102.0,248.0,7.0,screener
DIACABS,Mar 2017,2017-03-31,annual,-258.0,49.0,210.0,1.0,screener
DIACABS,Mar 2024,2024-03-31,annual,16.0,-19.0,4.0,1.0,screener
DIACABS,Mar 2025,2025-03-31,annual,77.0,-69.0,-6.0,3.0,screener
DIACABS,Mar 2026,2026-03-31,annual,-80.0,-143.0,136.0,-88.0,screener
DIAMINESQ,Mar 2022,2022-03-31,annual,27.0,-21.0,-5.0,0.0,screener
DIAMINESQ,Mar 2023,2023-03-31,annual,16.0,-9.0,-6.0,2.0,screener
DIAMINESQ,Mar 2024,2024-03-31,annual,22.0,-19.0,-3.0,0.0,screener
DIAMINESQ,Mar 2025,2025-03-31,annual,-5.0,15.0,10.0,19.0,screener
DIAMINESQ,Mar 2026,2026-03-31,annual,-11.0,-29.0,18.0,-22.0,screener
DIAMONDYD,Mar 2019,2019-03-31,annual,11.0,-43.0,8.0,-24.0,screener
DIAMONDYD,Mar 2020,2020-03-31,annual,75.0,-49.0,-28.0,-2.0,screener
DIAMONDYD,Mar 2021,2021-03-31,annual,77.0,-77.0,-15.0,-15.0,screener
DIAMONDYD,Mar 2022,2022-03-31,annual,46.0,-36.0,-2.0,7.0,screener
DIAMONDYD,Mar 2023,2023-03-31,annual,80.0,-25.0,-52.0,3.0,screener
DICIND,Dec 2005,2005-12-31,annual,7.0,-9.0,0.0,-1.0,screener
DICIND,Dec 2006,2006-12-31,annual,-4.0,-10.0,15.0,0.0,screener
DICIND,Dec 2007,2007-12-31,annual,40.0,-22.0,-8.0,10.0,screener
DICIND,Dec 2008,2008-12-31,annual,-7.0,-14.0,18.0,-3.0,screener
DICIND,Dec 2009,2009-12-31,annual,35.0,-9.0,-15.0,11.0,screener
DIFFNKG,Mar 2022,2022-03-31,annual,11.0,-15.0,3.0,-2.0,screener
DIFFNKG,Mar 2023,2023-03-31,annual,-5.0,-13.0,20.0,1.0,screener
DIFFNKG,Mar 2024,2024-03-31,annual,36.0,-36.0,3.0,3.0,screener
DIFFNKG,Mar 2025,2025-03-31,annual,9.0,-18.0,129.0,119.0,screener
DIFFNKG,Mar 2026,2026-03-31,annual,23.0,-40.0,-12.0,-29.0,screener
DIGISPICE,Mar 2022,2022-03-31,annual,149.0,-119.0,-8.0,22.0,screener
DIGISPICE,Mar 2023,2023-03-31,annual,6.0,-37.0,26.0,-5.0,screener
DIGISPICE,Mar 2024,2024-03-31,annual,42.0,5.0,-56.0,-9.0,screener
DIGISPICE,Mar 2025,2025-03-31,annual,12.0,14.0,48.0,74.0,screener
DIGISPICE,Mar 2026,2026-03-31,annual,64.0,-50.0,4.0,18.0,screener
DIGITIDE,Mar 2025,2025-03-31,annual,368.0,-95.0,-259.0,14.0,screener
DIGITIDE,Mar 2026,2026-03-31,annual,263.0,-62.0,-191.0,10.0,screener
DIRL,Mar 2022,2022-03-31,annual,-1.02,0.03,1.2,0.22,screener
DIRL,Mar 2023,2023-03-31,annual,-0.2,0.0,-0.05,-0.25,screener
DIRL,Mar 2024,2024-03-31,annual,2.07,0.0,-1.86,0.21,screener
DIRL,Mar 2025,2025-03-31,annual,0.34,0.51,-0.61,0.24,screener
DIRL,Mar 2026,2026-03-31,annual,1.9,-0.35,-1.48,0.06,screener
DIVISLAB,Mar 2022,2022-03-31,annual,1912.0,-2195.0,-532.0,-816.0,screener
DIVISLAB,Mar 2023,2023-03-31,annual,2460.0,-2708.0,-797.0,-1045.0,screener
DIVISLAB,Mar 2024,2024-03-31,annual,1261.0,-269.0,-799.0,193.0,screener
DIVISLAB,Mar 2025,2025-03-31,annual,1653.0,-804.0,-799.0,50.0,screener
DIVISLAB,Mar 2026,2026-03-31,annual,2738.0,-2219.0,-804.0,-285.0,screener
DIXON,Mar 2022,2022-03-31,annual,273.0,-464.0,304.0,113.0,screener
DIXON,Mar 2023,2023-03-31,annual,726.0,-356.0,-330.0,41.0,screener
DIXON,Mar 2024,2024-03-31,annual,584.0,-531.0,-70.0,-17.0,screener
DIXON,Mar 2025,2025-03-31,annual,1150.0,-1093.0,-27.0,30.0,screener
DIXON,Mar 2026,2026-03-31,annual,1782.0,-1251.0,-108.0,424.0,screener
DJML,Mar 2024,2024-03-31,annual,11.0,-11.0,0.0,0.0,screener
DJML,Mar 2025,2025-03-31,annual,-13.0,-9.0,22.0,0.0,screener
DJML,Mar 2026,2026-03-31,annual,-15.0,-6.0,24.0,3.0,screener
DLF,Mar 2022,2022-03-31,annual,2832.0,267.0,-3828.0,-729.0,screener
DLF,Mar 2023,2023-03-31,annual,2375.0,-461.0,-2013.0,-98.0,screener
DLF,Mar 2024,2024-03-31,annual,2539.0,-1529.0,177.0,1186.0,screener
DLF,Mar 2025,2025-03-31,annual,5235.0,-3475.0,-2403.0,-642.0,screener
DLF,Mar 2026,2026-03-31,annual,6347.0,721.0,-5547.0,1522.0,screener
DLINKINDIA,Mar 2022,2022-03-31,annual,33.0,-19.0,-11.0,4.0,screener
DLINKINDIA,Mar 2023,2023-03-31,annual,6.0,-5.0,-15.0,-15.0,screener
DLINKINDIA,Mar 2024,2024-03-31,annual,121.0,-67.0,-41.0,12.0,screener
DLINKINDIA,Mar 2025,2025-03-31,annual,90.0,-6.0,-71.0,13.0,screener
DLINKINDIA,Mar 2026,2026-03-31,annual,15.0,66.0,-81.0,-1.0,screener
DMART,Mar 2022,2022-03-31,annual,1372.0,-1289.0,-179.0,-96.0,screener
DMART,Mar 2023,2023-03-31,annual,2630.0,-2313.0,-205.0,112.0,screener
DMART,Mar 2024,2024-03-31,annual,2746.0,-2468.0,-148.0,130.0,screener
DMART,Mar 2025,2025-03-31,annual,2463.0,-2185.0,-259.0,18.0,screener
DMART,Mar 2026,2026-03-31,annual,3467.0,-4207.0,288.0,-452.0,screener
DMCC,Mar 2022,2022-03-31,annual,51.0,-98.0,45.0,-2.0,screener
DMCC,Mar 2023,2023-03-31,annual,30.0,-21.0,-10.0,-1.0,screener
DMCC,Mar 2024,2024-03-31,annual,38.0,-10.0,-27.0,1.0,screener
DMCC,Mar 2025,2025-03-31,annual,38.0,-7.0,-30.0,2.0,screener
DMCC,Mar 2026,2026-03-31,annual,-18.0,-7.0,22.0,-2.0,screener
DODLA,Mar 2022,2022-03-31,annual,171.0,-137.0,-49.0,-14.0,screener
DODLA,Mar 2023,2023-03-31,annual,161.0,-210.0,15.0,-35.0,screener
DODLA,Mar 2024,2024-03-31,annual,-1.0,30.0,-1.0,28.0,screener
DODLA,Mar 2025,2025-03-31,annual,520.0,-526.0,-8.0,-14.0,screener
DODLA,Mar 2026,2026-03-31,annual,295.0,-285.0,-25.0,-15.0,screener
DOLLAR,Mar 2022,2022-03-31,annual,0.0,-62.0,55.0,-7.0,screener
DOLLAR,Mar 2023,2023-03-31,annual,136.0,-58.0,-79.0,0.0,screener
DOLLAR,Mar 2024,2024-03-31,annual,-26.0,-80.0,108.0,2.0,screener
DOLLAR,Mar 2025,2025-03-31,annual,74.0,-54.0,-22.0,-2.0,screener
DOLLAR,Mar 2026,2026-03-31,annual,139.0,-44.0,-95.0,0.0,screener
DOLPHIN,Mar 2022,2022-03-31,annual,-1.0,0.0,1.0,0.0,screener
DOLPHIN,Mar 2023,2023-03-31,annual,-4.0,0.0,5.0,0.0,screener
DOLPHIN,Mar 2024,2024-03-31,annual,4.0,-24.0,20.0,0.0,screener
DOLPHIN,Mar 2025,2025-03-31,annual,10.0,-167.0,164.0,8.0,screener
DOLPHIN,Mar 2026,2026-03-31,annual,45.0,-75.0,31.0,2.0,screener
DOMS,Mar 2022,2022-03-31,annual,51.0,-34.0,-31.0,-13.0,screener
DOMS,Mar 2023,2023-03-31,annual,173.0,-136.0,-12.0,25.0,screener
DOMS,Mar 2024,2024-03-31,annual,183.0,-458.0,297.0,22.0,screener
DOMS,Mar 2025,2025-03-31,annual,183.0,-140.0,-40.0,4.0,screener
DOMS,Mar 2026,2026-03-31,annual,254.0,-149.0,-113.0,-7.0,screener
DPABHUSHAN,Mar 2020,2020-03-31,annual,7.0,-2.0,-11.0,-5.0,screener
DPABHUSHAN,Mar 2021,2021-03-31,annual,-29.0,-10.0,48.0,9.0,screener
DPABHUSHAN,Mar 2022,2022-03-31,annual,17.0,-5.0,-18.0,-6.0,screener
DREAMFOLKS,Mar 2022,2022-03-31,annual,-12.0,6.0,-3.0,-9.0,screener
DREAMFOLKS,Mar 2023,2023-03-31,annual,50.0,-30.0,-2.0,18.0,screener
DREAMFOLKS,Mar 2024,2024-03-31,annual,22.0,-15.0,2.0,9.0,screener
DREAMFOLKS,Mar 2025,2025-03-31,annual,57.0,-46.0,-8.0,3.0,screener
DREAMFOLKS,Mar 2026,2026-03-31,annual,8.0,-30.0,1.0,-21.0,screener
DRREDDY,Mar 2022,2022-03-31,annual,2811.0,-2565.0,-242.0,3.0,screener
DRREDDY,Mar 2023,2023-03-31,annual,5888.0,-4109.0,-2686.0,-907.0,screener
DRREDDY,Mar 2024,2024-03-31,annual,4543.0,-4034.0,-376.0,133.0,screener
DRREDDY,Mar 2025,2025-03-31,annual,4643.0,-5785.0,1891.0,749.0,screener
DRREDDY,Mar 2026,2026-03-31,annual,5674.0,-6425.0,829.0,78.0,screener
DSSL,Mar 2022,2022-03-31,annual,-13.0,-1.0,14.0,-1.0,screener
DSSL,Mar 2023,2023-03-31,annual,13.0,0.0,-5.0,7.0,screener
DSSL,Mar 2024,2024-03-31,annual,29.0,-1.0,-42.0,-13.0,screener
DSSL,Mar 2025,2025-03-31,annual,66.0,-28.0,-6.0,32.0,screener
DSSL,Mar 2026,2026-03-31,annual,0.0,0.0,0.0,0.0,screener
DUCOL,Mar 2025,2025-03-31,annual,19.0,13.0,14.0,45.0,screener
DUCOL,Mar 2026,2026-03-31,annual,-9.0,-40.0,19.0,-30.0,screener
DVL,Mar 2022,2022-03-31,annual,-26.0,13.0,7.0,-5.0,screener
DVL,Mar 2023,2023-03-31,annual,143.0,-303.0,194.0,34.0,screener
DVL,Mar 2024,2024-03-31,annual,-7.0,24.0,-51.0,-34.0,screener
DVL,Mar 2025,2025-03-31,annual,-378.0,536.0,-50.0,108.0,screener
DVL,Mar 2026,2026-03-31,annual,-102.0,-410.0,467.0,-45.0,screener
EBGNG,Mar 2022,2022-03-31,annual,-17.0,0.0,18.0,1.0,screener
EBGNG,Mar 2023,2023-03-31,annual,1.0,-34.0,40.0,8.0,screener
EBGNG,Mar 2024,2024-03-31,annual,97.0,-28.0,-29.0,40.0,screener
EBGNG,Mar 2025,2025-03-31,annual,25.0,3.0,-34.0,-7.0,screener
EBGNG,Mar 2026,2026-03-31,annual,-215.0,-46.0,351.0,90.0,screener
ECLERX,Mar 2022,2022-03-31,annual,444.0,44.0,-416.0,71.0,screener
ECLERX,Mar 2023,2023-03-31,annual,493.0,-55.0,-440.0,-2.0,screener
ECLERX,Mar 2024,2024-03-31,annual,526.0,-483.0,-107.0,-64.0,screener
ECLERX,Mar 2025,2025-03-31,annual,655.0,143.0,-610.0,188.0,screener
ECLERX,Mar 2026,2026-03-31,annual,873.0,-141.0,-622.0,111.0,screener
ECOLINE,Mar 2022,2022-03-31,annual,-13.0,-3.0,16.0,0.0,screener
ECOLINE,Mar 2023,2023-03-31,annual,14.0,-7.0,0.0,6.0,screener
ECOLINE,Mar 2024,2024-03-31,annual,20.0,-13.0,1.0,8.0,screener
EDELWEISS,Mar 2022,2022-03-31,annual,5592.0,-1058.0,-6444.0,-1910.0,screener
EDELWEISS,Mar 2023,2023-03-31,annual,2891.0,-425.0,-1708.0,757.0,screener
EDELWEISS,Mar 2024,2024-03-31,annual,2894.0,-482.0,-2785.0,-373.0,screener
EDELWEISS,Mar 2025,2025-03-31,annual,2052.0,3726.0,-3428.0,2350.0,screener
EDELWEISS,Mar 2026,2026-03-31,annual,897.0,-963.0,-1936.0,-2002.0,screener
EFCIL,Mar 2022,2022-03-31,annual,0.0,1.0,0.0,1.0,screener
EFCIL,Mar 2023,2023-03-31,annual,-51.0,-35.0,89.0,2.0,screener
EFCIL,Mar 2024,2024-03-31,annual,11.0,-256.0,255.0,10.0,screener
EFCIL,Mar 2025,2025-03-31,annual,134.0,-105.0,-24.0,4.0,screener
EFCIL,Mar 2026,2026-03-31,annual,56.0,106.0,-169.0,-7.0,screener
EICHERMOT,Mar 2022,2022-03-31,annual,1527.0,-983.0,-593.0,-50.0,screener
EICHERMOT,Mar 2023,2023-03-31,annual,2823.0,-2397.0,-417.0,8.0,screener
EICHERMOT,Mar 2024,2024-03-31,annual,3724.0,-2834.0,-844.0,45.0,screener
EICHERMOT,Mar 2025,2025-03-31,annual,3980.0,-2461.0,-1399.0,121.0,screener
EICHERMOT,Mar 2026,2026-03-31,annual,4805.0,-2834.0,-1983.0,-12.0,screener
EIDPARRY,Mar 2022,2022-03-31,annual,2278.0,-1732.0,-499.0,47.0,screener
EIDPARRY,Mar 2023,2023-03-31,annual,359.0,487.0,-184.0,661.0,screener
EIDPARRY,Mar 2024,2024-03-31,annual,1974.0,-1740.0,-497.0,-263.0,screener
EIDPARRY,Mar 2025,2025-03-31,annual,1936.0,-2783.0,74.0,-772.0,screener
EIDPARRY,Mar 2026,2026-03-31,annual,1542.0,-173.0,-551.0,818.0,screener
EIEL,Mar 2022,2022-03-31,annual,42.0,-26.0,-16.0,0.0,screener
EIEL,Mar 2023,2023-03-31,annual,101.0,-141.0,42.0,2.0,screener
EIEL,Mar 2024,2024-03-31,annual,-102.0,-106.0,207.0,-2.0,screener
EIEL,Mar 2025,2025-03-31,annual,-47.0,-263.0,471.0,162.0,screener
EIEL,Mar 2026,2026-03-31,annual,-63.0,-122.0,75.0,-110.0,screener
EIHOTEL,Mar 2022,2022-03-31,annual,-19.0,23.0,20.0,25.0,screener
EIHOTEL,Mar 2023,2023-03-31,annual,614.0,-300.0,-299.0,16.0,screener
EIHOTEL,Mar 2024,2024-03-31,annual,712.0,-546.0,-167.0,-1.0,screener
EIHOTEL,Mar 2025,2025-03-31,annual,825.0,-424.0,-113.0,289.0,screener
EIHOTEL,Mar 2026,2026-03-31,annual,993.0,-1057.0,-141.0,-205.0,screener
EIMCOELECO,Mar 2020,2020-03-31,annual,11.0,-3.0,-5.0,3.0,screener
EIMCOELECO,Mar 2021,2021-03-31,annual,3.0,3.0,-3.0,3.0,screener
EIMCOELECO,Mar 2022,2022-03-31,annual,-10.0,8.0,-5.0,-6.0,screener
EIMCOELECO,Mar 2023,2023-03-31,annual,7.0,-5.0,-2.0,0.0,screener
EIMCOELECO,Mar 2024,2024-03-31,annual,12.0,-2.0,-4.0,5.0,screener
EKC,Mar 2022,2022-03-31,annual,165.0,-60.0,-113.0,-8.0,screener
EKC,Mar 2023,2023-03-31,annual,106.0,-77.0,-43.0,-14.0,screener
EKC,Mar 2024,2024-03-31,annual,226.0,-122.0,-74.0,30.0,screener
EKC,Mar 2025,2025-03-31,annual,58.0,-137.0,77.0,-2.0,screener
EKC,Mar 2026,2026-03-31,annual,142.0,-200.0,31.0,-28.0,screener
ELDEHSG,Mar 2022,2022-03-31,annual,17.0,6.0,-9.0,13.0,screener
ELDEHSG,Mar 2023,2023-03-31,annual,20.0,5.0,-9.0,17.0,screener
ELDEHSG,Mar 2024,2024-03-31,annual,-128.0,8.0,70.0,-50.0,screener
ELDEHSG,Mar 2025,2025-03-31,annual,-7.0,9.0,20.0,21.0,screener
ELDEHSG,Mar 2026,2026-03-31,annual,104.0,10.0,26.0,140.0,screener
ELECON,Mar 2022,2022-03-31,annual,223.0,15.0,-250.0,-12.0,screener
ELECON,Mar 2023,2023-03-31,annual,309.0,-166.0,-145.0,-2.0,screener
ELECON,Mar 2024,2024-03-31,annual,365.0,-279.0,-58.0,27.0,screener
ELECON,Mar 2025,2025-03-31,annual,425.0,-309.0,-67.0,49.0,screener
ELECON,Mar 2026,2026-03-31,annual,314.0,-182.0,-122.0,10.0,screener
ELECTHERM,Mar 2022,2022-03-31,annual,179.0,-14.0,-189.0,-24.0,screener
ELECTHERM,Mar 2023,2023-03-31,annual,107.0,-2.0,-103.0,2.0,screener
ELECTHERM,Mar 2024,2024-03-31,annual,351.0,-68.0,-294.0,-11.0,screener
ELECTHERM,Mar 2025,2025-03-31,annual,329.0,-72.0,-303.0,-46.0,screener
ELECTHERM,Mar 2026,2026-03-31,annual,351.0,-99.0,-227.0,25.0,screener
ELGIEQUIP,Mar 2022,2022-03-31,annual,69.0,2.0,-81.0,-11.0,screener
ELGIEQUIP,Mar 2023,2023-03-31,annual,166.0,-217.0,60.0,8.0,screener
ELGIEQUIP,Mar 2024,2024-03-31,annual,285.0,-101.0,-79.0,105.0,screener
ELGIEQUIP,Mar 2025,2025-03-31,annual,391.0,-283.0,-217.0,-109.0,screener
ELGIEQUIP,Mar 2026,2026-03-31,annual,454.0,-98.0,-312.0,43.0,screener
ELGNZ,Mar 2022,2022-03-31,annual,-6.0,1.0,3.0,-1.0,screener
ELGNZ,Mar 2023,2023-03-31,annual,1.0,-3.0,3.0,2.0,screener
ELGNZ,Mar 2024,2024-03-31,annual,-4.0,-2.0,11.0,6.0,screener
ELGNZ,Mar 2025,2025-03-31,annual,4.0,-49.0,39.0,-6.0,screener
ELGNZ,Mar 2026,2026-03-31,annual,-13.0,-17.0,33.0,2.0,screener
ELIN,Mar 2022,2022-03-31,annual,57.0,-28.0,-30.0,-1.0,screener
ELIN,Mar 2023,2023-03-31,annual,62.0,-197.0,131.0,-4.0,screener
ELIN,Mar 2024,2024-03-31,annual,43.0,36.0,-79.0,0.0,screener
ELIN,Mar 2025,2025-03-31,annual,17.0,-21.0,4.0,0.0,screener
ELIN,Mar 2026,2026-03-31,annual,54.0,-34.0,-15.0,4.0,screener
ELPROINTL,Mar 2022,2022-03-31,annual,-162.0,387.0,-185.0,40.0,screener
ELPROINTL,Mar 2023,2023-03-31,annual,-136.0,34.0,60.0,-42.0,screener
ELPROINTL,Mar 2024,2024-03-31,annual,141.0,-342.0,202.0,1.0,screener
ELPROINTL,Mar 2025,2025-03-31,annual,219.0,-767.0,548.0,-1.0,screener
ELPROINTL,Mar 2026,2026-03-31,annual,69.0,-19.0,-13.0,37.0,screener
EMAMILTD,Mar 2022,2022-03-31,annual,644.0,-234.0,-402.0,8.0,screener
EMAMILTD,Mar 2023,2023-03-31,annual,749.0,-122.0,-608.0,19.0,screener
EMAMILTD,Mar 2024,2024-03-31,annual,779.0,-210.0,-563.0,6.0,screener
EMAMILTD,Mar 2025,2025-03-31,annual,896.0,-345.0,-500.0,52.0,screener
EMAMILTD,Mar 2026,2026-03-31,annual,801.0,-181.0,-554.0,65.0,screener
EMAPARTNER,Mar 2022,2022-03-31,annual,8.0,-3.0,-1.0,4.0,screener
EMAPARTNER,Mar 2023,2023-03-31,annual,3.0,-1.0,-6.0,-4.0,screener
EMAPARTNER,Mar 2024,2024-03-31,annual,12.0,-18.0,7.0,1.0,screener
EMAPARTNER,Mar 2025,2025-03-31,annual,13.0,-79.0,63.0,-4.0,screener
EMAPARTNER,Mar 2026,2026-03-31,annual,-1.0,28.0,-1.0,27.0,screener
EMCURE,Mar 2022,2022-03-31,annual,768.0,-574.0,-152.0,42.0,screener
EMCURE,Mar 2023,2023-03-31,annual,747.0,-468.0,-145.0,134.0,screener
EMCURE,Mar 2024,2024-03-31,annual,1097.0,-715.0,-164.0,219.0,screener
EMCURE,Mar 2025,2025-03-31,annual,852.0,-96.0,-814.0,-58.0,screener
EMCURE,Mar 2026,2026-03-31,annual,944.0,-1193.0,343.0,94.0,screener
EMIL,Mar 2022,2022-03-31,annual,116.0,-68.0,-49.0,-1.0,screener
EMIL,Mar 2023,2023-03-31,annual,-1.0,-301.0,470.0,169.0,screener
EMIL,Mar 2024,2024-03-31,annual,160.0,-117.0,-161.0,-118.0,screener
EMIL,Mar 2025,2025-03-31,annual,176.0,-332.0,101.0,-55.0,screener
EMIL,Mar 2026,2026-03-31,annual,444.0,-125.0,-299.0,19.0,screener
EMKAY,Mar 2022,2022-03-31,annual,60.0,-4.0,-7.0,48.0,screener
EMKAY,Mar 2023,2023-03-31,annual,-63.0,5.0,-7.0,-65.0,screener
EMKAY,Mar 2024,2024-03-31,annual,24.0,-8.0,2.0,18.0,screener
EMKAY,Mar 2025,2025-03-31,annual,-2.0,-10.0,11.0,-1.0,screener
EMKAY,Mar 2026,2026-03-31,annual,-72.0,-13.0,86.0,1.0,screener
EMMBI,Mar 2025,2025-03-31,annual,25.0,-19.0,-5.0,1.0,screener
EMMBI,Mar 2026,2026-03-31,annual,9.0,-11.0,4.0,2.0,screener
EMMVEE,Mar 2022,2022-03-31,annual,129.0,20.0,-84.0,65.0,screener
EMMVEE,Mar 2023,2023-03-31,annual,59.0,-131.0,80.0,8.0,screener
EMMVEE,Mar 2024,2024-03-31,annual,234.0,-1000.0,894.0,129.0,screener
EMMVEE,Mar 2025,2025-03-31,annual,614.0,-986.0,408.0,36.0,screener
EMMVEE,Mar 2026,2026-03-31,annual,200.0,-304.0,130.0,26.0,screener
EMSLIMITED,Mar 2022,2022-03-31,annual,23.0,-15.0,3.0,11.0,screener
EMSLIMITED,Mar 2023,2023-03-31,annual,4.0,-21.0,38.0,21.0,screener
EMSLIMITED,Mar 2024,2024-03-31,annual,-116.0,-83.0,176.0,-23.0,screener
EMSLIMITED,Mar 2025,2025-03-31,annual,34.0,19.0,1.0,54.0,screener
EMSLIMITED,Mar 2026,2026-03-31,annual,-15.0,-60.0,-2.0,-77.0,screener
EMUDHRA,Mar 2022,2022-03-31,annual,22.0,-37.0,16.0,1.0,screener
EMUDHRA,Mar 2023,2023-03-31,annual,34.0,-102.0,127.0,59.0,screener
EMUDHRA,Mar 2024,2024-03-31,annual,73.0,-90.0,176.0,158.0,screener
EMUDHRA,Mar 2025,2025-03-31,annual,102.0,-204.0,-21.0,-124.0,screener
EMUDHRA,Mar 2026,2026-03-31,annual,133.0,-198.0,22.0,-43.0,screener
ENDURANCE,Mar 2022,2022-03-31,annual,742.0,-550.0,-302.0,-111.0,screener
ENDURANCE,Mar 2023,2023-03-31,annual,862.0,-905.0,-72.0,-115.0,screener
ENDURANCE,Mar 2024,2024-03-31,annual,1057.0,-945.0,105.0,217.0,screener
ENDURANCE,Mar 2025,2025-03-31,annual,1532.0,-988.0,-29.0,514.0,screener
ENDURANCE,Mar 2026,2026-03-31,annual,1851.0,-1781.0,-214.0,-144.0,screener
ENGINERSIN,Mar 2022,2022-03-31,annual,48.0,61.0,-149.0,-39.0,screener
ENGINERSIN,Mar 2023,2023-03-31,annual,-113.0,322.0,-176.0,34.0,screener
ENGINERSIN,Mar 2024,2024-03-31,annual,222.0,145.0,-180.0,187.0,screener
ENGINERSIN,Mar 2025,2025-03-31,annual,109.0,-36.0,-185.0,-112.0,screener
ENGINERSIN,Mar 2026,2026-03-31,annual,319.0,-101.0,-269.0,-51.0,screener
ENIL,Mar 2022,2022-03-31,annual,40.0,6.0,-45.0,1.0,screener
ENIL,Mar 2023,2023-03-31,annual,93.0,-40.0,-43.0,10.0,screener
ENIL,Mar 2024,2024-03-31,annual,127.0,-41.0,-40.0,47.0,screener
ENIL,Mar 2025,2025-03-31,annual,26.0,-30.0,-47.0,-52.0,screener
ENIL,Mar 2026,2026-03-31,annual,86.0,-17.0,-52.0,17.0,screener
ENTERO,Mar 2022,2022-03-31,annual,-35.0,-162.0,211.0,14.0,screener
ENTERO,Mar 2023,2023-03-31,annual,-45.0,-49.0,73.0,-21.0,screener
ENTERO,Mar 2024,2024-03-31,annual,-37.0,-704.0,863.0,122.0,screener
ENTERO,Mar 2025,2025-03-31,annual,-77.0,232.0,-74.0,82.0,screener
ENTERO,Mar 2026,2026-03-31,annual,96.0,-303.0,124.0,-83.0,screener
EPACK,Mar 2022,2022-03-31,annual,-29.0,-204.0,254.0,20.0,screener
EPACK,Mar 2023,2023-03-31,annual,19.0,-218.0,235.0,36.0,screener
EPACK,Mar 2024,2024-03-31,annual,257.0,-377.0,167.0,47.0,screener
EPACK,Mar 2025,2025-03-31,annual,31.0,-95.0,-29.0,-93.0,screener
EPACK,Mar 2026,2026-03-31,annual,-140.0,-113.0,254.0,2.0,screener
EPACKPEB,Mar 2022,2022-03-31,annual,29.0,-64.0,32.0,-4.0,screener
EPACKPEB,Mar 2023,2023-03-31,annual,2.0,-34.0,33.0,1.0,screener
EPACKPEB,Mar 2024,2024-03-31,annual,72.0,-95.0,23.0,0.0,screener
EPACKPEB,Mar 2025,2025-03-31,annual,62.0,-151.0,166.0,78.0,screener
EPACKPEB,Mar 2026,2026-03-31,annual,136.0,-303.0,155.0,-13.0,screener
EPIGRAL,Mar 2022,2022-03-31,annual,284.0,-455.0,195.0,24.0,screener
EPIGRAL,Mar 2023,2023-03-31,annual,626.0,-437.0,-200.0,-11.0,screener
EPIGRAL,Mar 2024,2024-03-31,annual,398.0,-401.0,-8.0,-11.0,screener
EPIGRAL,Mar 2025,2025-03-31,annual,441.0,-262.0,-164.0,15.0,screener
EPIGRAL,Mar 2026,2026-03-31,annual,436.0,-355.0,-94.0,-14.0,screener
EPL,Mar 2022,2022-03-31,annual,312.0,-266.0,-95.0,-50.0,screener
EPL,Mar 2023,2023-03-31,annual,602.0,-412.0,-138.0,52.0,screener
EPL,Mar 2024,2024-03-31,annual,586.0,-361.0,-263.0,-37.0,screener
EPL,Mar 2025,2025-03-31,annual,795.0,-374.0,-431.0,-10.0,screener
EPL,Mar 2026,2026-03-31,annual,723.0,-452.0,-274.0,-3.0,screener
ERIS,Mar 2022,2022-03-31,annual,378.0,-320.0,-45.0,14.0,screener
ERIS,Mar 2023,2023-03-31,annual,292.0,-975.0,688.0,5.0,screener
ERIS,Mar 2024,2024-03-31,annual,486.0,-1828.0,1380.0,38.0,screener
ERIS,Mar 2025,2025-03-31,annual,1065.0,-78.0,-881.0,105.0,screener
ERIS,Mar 2026,2026-03-31,annual,538.0,-369.0,-314.0,-145.0,screener
EROSMEDIA,Mar 2022,2022-03-31,annual,116.0,-8.0,-130.0,-22.0,screener
EROSMEDIA,Mar 2023,2023-03-31,annual,179.0,261.0,-352.0,88.0,screener
EROSMEDIA,Mar 2024,2024-03-31,annual,-39.0,-34.0,-11.0,-84.0,screener
EROSMEDIA,Mar 2025,2025-03-31,annual,3.0,75.0,-85.0,-6.0,screener
EROSMEDIA,Mar 2026,2026-03-31,annual,-114.0,1.0,-2.0,-115.0,screener
ESCONET,Mar 2023,2023-03-31,annual,-2.0,0.0,2.0,0.0,screener
ESCONET,Mar 2024,2024-03-31,annual,-1.0,-1.0,18.0,15.0,screener
ESCONET,Mar 2025,2025-03-31,annual,2.0,-3.0,20.0,19.0,screener
ESCONET,Mar 2026,2026-03-31,annual,-9.0,-16.0,16.0,-9.0,screener
ESCORTS,Mar 2022,2022-03-31,annual,32.0,-1856.0,1810.0,-14.0,screener
ESCORTS,Mar 2023,2023-03-31,annual,224.0,-62.0,-71.0,91.0,screener
ESCORTS,Mar 2024,2024-03-31,annual,789.0,-759.0,25.0,54.0,screener
ESCORTS,Mar 2025,2025-03-31,annual,1003.0,-194.0,-702.0,107.0,screener
ESCORTS,Mar 2026,2026-03-31,annual,1381.0,-1127.0,-420.0,-166.0,screener
ESSENTIA,Mar 2022,2022-03-31,annual,0.0,0.0,0.0,0.0,screener
ESSENTIA,Mar 2023,2023-03-31,annual,47.0,-140.0,98.0,5.0,screener
ESSENTIA,Mar 2024,2024-03-31,annual,-10.0,3.0,4.0,-4.0,screener
ESSENTIA,Mar 2025,2025-03-31,annual,-91.0,23.0,66.0,-2.0,screener
ESSENTIA,Mar 2026,2026-03-31,annual,0.0,0.0,0.0,0.0,screener
ESTER,Mar 2022,2022-03-31,annual,62.0,-392.0,384.0,54.0,screener
ESTER,Mar 2023,2023-03-31,annual,58.0,-199.0,114.0,-28.0,screener
ESTER,Mar 2024,2024-03-31,annual,44.0,42.0,-14.0,72.0,screener
ESTER,Mar 2025,2025-03-31,annual,112.0,-56.0,-133.0,-77.0,screener
ESTER,Mar 2026,2026-03-31,annual,89.0,-116.0,6.0,-21.0,screener
ETERNAL,Mar 2022,2022-03-31,annual,-693.0,-7971.0,8750.0,86.0,screener
ETERNAL,Mar 2023,2023-03-31,annual,-844.0,797.0,-127.0,-174.0,screener
ETERNAL,Mar 2024,2024-03-31,annual,646.0,-348.0,-207.0,91.0,screener
ETERNAL,Mar 2025,2025-03-31,annual,308.0,-7993.0,8042.0,357.0,screener
ETERNAL,Mar 2026,2026-03-31,annual,632.0,540.0,-842.0,330.0,screener
ETHOSLTD,Mar 2022,2022-03-31,annual,17.0,-24.0,26.0,19.0,screener
ETHOSLTD,Mar 2023,2023-03-31,annual,-2.0,-256.0,249.0,-10.0,screener
ETHOSLTD,Mar 2024,2024-03-31,annual,31.0,-123.0,125.0,33.0,screener
ETHOSLTD,Mar 2025,2025-03-31,annual,-20.0,47.0,-58.0,-32.0,screener
ETHOSLTD,Mar 2026,2026-03-31,annual,90.0,-476.0,502.0,116.0,screener
EUREKAFORB,Mar 2022,2022-03-31,annual,37.0,12.0,-31.0,18.0,screener
EUREKAFORB,Mar 2023,2023-03-31,annual,181.0,-26.0,-154.0,1.0,screener
EUREKAFORB,Mar 2024,2024-03-31,annual,194.0,-32.0,-120.0,43.0,screener
EUREKAFORB,Mar 2025,2025-03-31,annual,246.0,-168.0,-43.0,34.0,screener
EUREKAFORB,Mar 2026,2026-03-31,annual,250.0,-198.0,-22.0,30.0,screener
EUROPRATIK,Mar 2024,2024-03-31,annual,75.0,-28.0,-42.0,4.0,screener
EUROPRATIK,Mar 2025,2025-03-31,annual,-31.0,36.0,-2.0,4.0,screener
EUROPRATIK,Mar 2026,2026-03-31,annual,41.0,-39.0,0.0,2.0,screener
EVEREADY,Mar 2022,2022-03-31,annual,134.0,-55.0,-108.0,-29.0,screener
EVEREADY,Mar 2023,2023-03-31,annual,37.0,-19.0,-59.0,-42.0,screener
EVEREADY,Mar 2024,2024-03-31,annual,154.0,-23.0,-127.0,4.0,screener
EVEREADY,Mar 2025,2025-03-31,annual,130.0,-95.0,-36.0,-1.0,screener
EVEREADY,Mar 2026,2026-03-31,annual,83.0,63.0,-146.0,1.0,screener
EVERESTIND,Mar 2022,2022-03-31,annual,32.0,36.0,-18.0,50.0,screener
EVERESTIND,Mar 2023,2023-03-31,annual,-168.0,40.0,42.0,-85.0,screener
EVERESTIND,Mar 2024,2024-03-31,annual,182.0,-93.0,-39.0,50.0,screener
EVERESTIND,Mar 2025,2025-03-31,annual,-90.0,-59.0,96.0,-53.0,screener
EVERESTIND,Mar 2026,2026-03-31,annual,109.0,-10.0,-64.0,35.0,screener
EXICOM,Mar 2022,2022-03-31,annual,56.0,-10.0,-17.0,29.0,screener
EXICOM,Mar 2023,2023-03-31,annual,3.0,8.0,-16.0,-5.0,screener
EXICOM,Mar 2024,2024-03-31,annual,28.0,-286.0,317.0,60.0,screener
EXICOM,Mar 2025,2025-03-31,annual,-169.0,-489.0,614.0,-44.0,screener
EXICOM,Mar 2026,2026-03-31,annual,-87.0,-155.0,224.0,-18.0,screener
EXIDEIND,Mar 2022,2022-03-31,annual,61.0,66.0,-172.0,-45.0,screener
EXIDEIND,Mar 2023,2023-03-31,annual,768.0,-799.0,-30.0,-61.0,screener
EXIDEIND,Mar 2024,2024-03-31,annual,1533.0,-1458.0,108.0,183.0,screener
EXIDEIND,Mar 2025,2025-03-31,annual,1273.0,-1934.0,515.0,-146.0,screener
EXIDEIND,Mar 2026,2026-03-31,annual,2413.0,-1551.0,-805.0,57.0,screener
EXPLEOSOL,Mar 2022,2022-03-31,annual,24.0,3.0,-10.0,17.0,screener
EXPLEOSOL,Mar 2023,2023-03-31,annual,23.0,-37.0,-7.0,-21.0,screener
EXPLEOSOL,Mar 2024,2024-03-31,annual,71.0,-33.0,-15.0,24.0,screener
EXPLEOSOL,Mar 2025,2025-03-31,annual,179.0,-51.0,-87.0,41.0,screener
EXPLEOSOL,Mar 2026,2026-03-31,annual,119.0,32.0,-9.0,142.0,screener
FABTECH,Mar 2022,2022-03-31,annual,-3.0,-9.0,8.0,-4.0,screener
FABTECH,Mar 2023,2023-03-31,annual,-14.0,2.0,12.0,0.0,screener
FABTECH,Mar 2024,2024-03-31,annual,60.0,-30.0,-12.0,18.0,screener
FABTECH,Mar 2025,2025-03-31,annual,-36.0,-20.0,36.0,-20.0,screener
FABTECH,Mar 2026,2026-03-31,annual,0.0,-112.0,190.0,78.0,screener
FACT,Mar 2021,2021-03-31,annual,1021.0,-854.0,-36.0,130.0,screener
FACT,Mar 2022,2022-03-31,annual,152.0,-158.0,8.0,3.0,screener
FACT,Mar 2023,2023-03-31,annual,638.0,-765.0,-5.0,-132.0,screener
FACT,Mar 2024,2024-03-31,annual,280.0,213.0,-107.0,386.0,screener
FACT,Mar 2025,2025-03-31,annual,140.0,-282.0,-75.0,-217.0,screener
FAZE3Q,Mar 2022,2022-03-31,annual,-7.0,-51.0,61.0,3.0,screener
FAZE3Q,Mar 2023,2023-03-31,annual,110.0,-44.0,-6.0,60.0,screener
FAZE3Q,Mar 2024,2024-03-31,annual,37.0,-44.0,-19.0,-26.0,screener
FAZE3Q,Mar 2025,2025-03-31,annual,12.0,-43.0,4.0,-27.0,screener
FAZE3Q,Mar 2026,2026-03-31,annual,58.0,-119.0,63.0,2.0,screener
FDC,Mar 2022,2022-03-31,annual,162.0,-145.0,-10.0,7.0,screener
FDC,Mar 2023,2023-03-31,annual,155.0,11.0,-180.0,-14.0,screener
FDC,Mar 2024,2024-03-31,annual,221.0,-17.0,-202.0,2.0,screener
FDC,Mar 2025,2025-03-31,annual,318.0,-199.0,-92.0,26.0,screener
FDC,Mar 2026,2026-03-31,annual,200.0,-110.0,-93.0,-3.0,screener
FEDERALBNK,Mar 2022,2022-03-31,annual,-7774.0,901.0,8193.0,1320.0,screener
FEDERALBNK,Mar 2023,2023-03-31,annual,489.0,-9860.0,6038.0,-3332.0,screener
FEDERALBNK,Mar 2024,2024-03-31,annual,6431.0,-8912.0,3871.0,1390.0,screener
FEDERALBNK,Mar 2025,2025-03-31,annual,8801.0,-3799.0,7401.0,12403.0,screener
FEDERALBNK,Mar 2026,2026-03-31,annual,4349.0,-11118.0,2069.0,-4700.0,screener
FERMENTA,Mar 2022,2022-03-31,annual,43.0,-26.0,-22.0,-4.0,screener
FERMENTA,Mar 2023,2023-03-31,annual,116.0,-55.0,-41.0,19.0,screener
FERMENTA,Mar 2024,2024-03-31,annual,105.0,-16.0,-91.0,-1.0,screener
FERMENTA,Mar 2025,2025-03-31,annual,41.0,0.0,-51.0,-10.0,screener
FERMENTA,Mar 2026,2026-03-31,annual,93.0,-43.0,-42.0,8.0,screener
FIEMIND,Mar 2022,2022-03-31,annual,92.0,-74.0,-61.0,-42.0,screener
FIEMIND,Mar 2023,2023-03-31,annual,131.0,39.0,-55.0,115.0,screener
FIEMIND,Mar 2024,2024-03-31,annual,135.0,-69.0,-43.0,23.0,screener
FIEMIND,Mar 2025,2025-03-31,annual,233.0,-86.0,-55.0,92.0,screener
FIEMIND,Mar 2026,2026-03-31,annual,161.0,-96.0,-84.0,-19.0,screener
FINCABLES,Mar 2022,2022-03-31,annual,473.0,-378.0,-87.0,8.0,screener
FINCABLES,Mar 2023,2023-03-31,annual,356.0,-225.0,-97.0,35.0,screener
FINCABLES,Mar 2024,2024-03-31,annual,577.0,-440.0,-112.0,26.0,screener
FINCABLES,Mar 2025,2025-03-31,annual,207.0,-82.0,-128.0,-3.0,screener
FINCABLES,Mar 2026,2026-03-31,annual,49.0,153.0,-129.0,73.0,screener
FINEORG,Mar 2022,2022-03-31,annual,67.0,-32.0,-68.0,-33.0,screener
FINEORG,Mar 2023,2023-03-31,annual,485.0,-128.0,-69.0,289.0,screener
FINEORG,Mar 2024,2024-03-31,annual,635.0,-396.0,-59.0,180.0,screener
FINEORG,Mar 2025,2025-03-31,annual,204.0,-675.0,-35.0,-506.0,screener
FINEORG,Mar 2026,2026-03-31,annual,430.0,-430.0,0.0,-1.0,screener
FINPIPE,Mar 2022,2022-03-31,annual,622.0,-440.0,-190.0,-8.0,screener
FINPIPE,Mar 2023,2023-03-31,annual,308.0,-294.0,-29.0,-15.0,screener
FINPIPE,Mar 2024,2024-03-31,annual,353.0,-83.0,-277.0,-6.0,screener
FINPIPE,Mar 2025,2025-03-31,annual,383.0,8.0,-349.0,42.0,screener
FINPIPE,Mar 2026,2026-03-31,annual,192.0,-156.0,-49.0,-13.0,screener
FIRSTCRY,Mar 2022,2022-03-31,annual,-132.0,-491.0,644.0,22.0,screener
FIRSTCRY,Mar 2023,2023-03-31,annual,-399.0,304.0,-51.0,-146.0,screener
FIRSTCRY,Mar 2024,2024-03-31,annual,-42.0,63.0,81.0,102.0,screener
FIRSTCRY,Mar 2025,2025-03-31,annual,-83.0,-1438.0,1431.0,-91.0,screener
FIRSTCRY,Mar 2026,2026-03-31,annual,365.0,-108.0,-282.0,-25.0,screener
FIVESTAR,Mar 2015,2015-03-31,annual,-20.0,0.0,38.0,17.0,screener_yfinance_fallback_normalized
FIVESTAR,Mar 2016,2016-03-31,annual,-51.0,-5.0,46.0,-10.0,screener_yfinance_fallback_normalized
FIVESTAR,Mar 2017,2017-03-31,annual,-271.0,-2.0,440.0,167.0,screener_yfinance_fallback_normalized
FIVESTAR,Mar 2018,2018-03-31,annual,-476.0,16.0,408.0,-53.0,screener_yfinance_fallback_normalized
FIVESTAR,Mar 2019,2019-03-31,annual,-951.0,14.0,1025.0,88.0,screener_yfinance_fallback_normalized
FLAIR,Mar 2022,2022-03-31,annual,34.0,-19.0,-16.0,0.0,screener
FLAIR,Mar 2023,2023-03-31,annual,96.0,-74.0,-22.0,0.0,screener
FLAIR,Mar 2024,2024-03-31,annual,78.0,-285.0,259.0,51.0,screener
FLAIR,Mar 2025,2025-03-31,annual,54.0,-24.0,-25.0,5.0,screener
FLAIR,Mar 2026,2026-03-31,annual,137.0,-161.0,-22.0,-45.0,screener
FLUOROCHEM,Mar 2022,2022-03-31,annual,741.0,-584.0,-144.0,14.0,screener
FLUOROCHEM,Mar 2023,2023-03-31,annual,739.0,-476.0,-264.0,-2.0,screener
FLUOROCHEM,Mar 2024,2024-03-31,annual,626.0,-966.0,348.0,7.0,screener
FLUOROCHEM,Mar 2025,2025-03-31,annual,545.0,-1121.0,599.0,24.0,screener
FLUOROCHEM,Mar 2026,2026-03-31,annual,961.0,-1168.0,367.0,160.0,screener
FMGOETZE,Mar 2022,2022-03-31,annual,111.0,-130.0,-8.0,-27.0,screener
FMGOETZE,Mar 2023,2023-03-31,annual,210.0,-58.0,-8.0,144.0,screener
FMGOETZE,Mar 2024,2024-03-31,annual,160.0,-62.0,-10.0,88.0,screener
FMGOETZE,Mar 2025,2025-03-31,annual,221.0,-17.0,-12.0,192.0,screener
FMGOETZE,Mar 2026,2026-03-31,annual,321.0,-211.0,-14.0,96.0,screener
FOCE,Mar 2022,2022-03-31,annual,-9.0,-14.0,20.0,-2.0,screener
FOCE,Mar 2023,2023-03-31,annual,45.0,-44.0,0.0,1.0,screener
FOCE,Mar 2024,2024-03-31,annual,0.0,0.0,0.0,0.0,screener
FOCE,Mar 2025,2025-03-31,annual,15.0,-16.0,0.0,-1.0,screener
FOCE,Mar 2026,2026-03-31,annual,1.0,-7.0,5.0,0.0,screener
FORCEMOT,Mar 2022,2022-03-31,annual,18.0,-356.0,375.0,37.0,screener
FORCEMOT,Mar 2023,2023-03-31,annual,532.0,-256.0,-207.0,68.0,screener
FORCEMOT,Mar 2024,2024-03-31,annual,1014.0,-198.0,-509.0,308.0,screener
FORCEMOT,Mar 2025,2025-03-31,annual,971.0,-351.0,-562.0,58.0,screener
FORCEMOT,Mar 2026,2026-03-31,annual,1297.0,-900.0,-73.0,324.0,screener
FORTIS,Mar 2022,2022-03-31,annual,865.0,-501.0,-517.0,-153.0,screener
FORTIS,Mar 2023,2023-03-31,annual,822.0,-372.0,-471.0,-21.0,screener
FORTIS,Mar 2024,2024-03-31,annual,1100.0,-889.0,-86.0,125.0,screener
FORTIS,Mar 2025,2025-03-31,annual,1424.0,-780.0,-714.0,-70.0,screener
FORTIS,Mar 2026,2026-03-31,annual,1601.0,-1537.0,164.0,228.0,screener
FOSECOIND,Dec 2024,2024-12-31,annual,42.0,-143.0,-16.0,-117.0,screener
FOSECOIND,Dec 2025,2025-12-31,annual,98.0,-75.0,-17.0,6.0,screener
FRACTAL,Mar 2022,2022-03-31,annual,-117.0,-797.0,724.0,-190.0,screener
FRACTAL,Mar 2023,2023-03-31,annual,-31.0,118.0,-57.0,30.0,screener
FRACTAL,Mar 2024,2024-03-31,annual,160.0,-146.0,-145.0,-132.0,screener
FRACTAL,Mar 2025,2025-03-31,annual,397.0,-191.0,-22.0,184.0,screener
FRACTAL,Mar 2026,2026-03-31,annual,409.0,-1422.0,938.0,-76.0,screener
FSL,Mar 2022,2022-03-31,annual,704.0,-594.0,-158.0,-49.0,screener
FSL,Mar 2023,2023-03-31,annual,795.0,17.0,-743.0,69.0,screener
FSL,Mar 2024,2024-03-31,annual,644.0,-57.0,-563.0,23.0,screener
FSL,Mar 2025,2025-03-31,annual,701.0,-744.0,23.0,-21.0,screener
FSL,Mar 2026,2026-03-31,annual,1214.0,-443.0,-667.0,104.0,screener
GABRIEL,Mar 2024,2024-03-31,annual,177.0,-129.0,-28.0,20.0,screener_yfinance_fallback_normalized
GABRIEL,Mar 2025,2025-03-31,annual,204.0,-149.0,-81.0,-26.0,screener_yfinance_fallback_normalized
GABRIEL,Mar 2026,2026-03-31,annual,345.0,-248.0,-19.0,78.0,screener_yfinance_fallback_normalized
GAEL,Mar 2022,2022-03-31,annual,596.0,-777.0,100.0,-81.0,screener
GAEL,Mar 2023,2023-03-31,annual,241.0,-72.0,-76.0,93.0,screener
GAEL,Mar 2024,2024-03-31,annual,213.0,-253.0,-55.0,-95.0,screener
GAEL,Mar 2025,2025-03-31,annual,341.0,-336.0,-13.0,-8.0,screener
GAEL,Mar 2026,2026-03-31,annual,228.0,-401.0,176.0,4.0,screener
GAIL,Mar 2022,2022-03-31,annual,9420.0,-5490.0,-3917.0,13.0,screener
GAIL,Mar 2023,2023-03-31,annual,3205.0,-7453.0,2972.0,-1276.0,screener
GAIL,Mar 2024,2024-03-31,annual,12586.0,-8226.0,-3457.0,902.0,screener
GAIL,Mar 2025,2025-03-31,annual,15735.0,-6623.0,-8941.0,171.0,screener
GAIL,Mar 2026,2026-03-31,annual,11249.0,-9154.0,-2750.0,-655.0,screener
GALAPREC,Mar 2022,2022-03-31,annual,12.0,-7.0,-7.0,-2.0,screener
GALAPREC,Mar 2023,2023-03-31,annual,16.0,-12.0,-4.0,0.0,screener
GALAPREC,Mar 2024,2024-03-31,annual,16.0,-3.0,-12.0,1.0,screener
GALAPREC,Mar 2025,2025-03-31,annual,3.0,-92.0,89.0,0.0,screener
GALAPREC,Mar 2026,2026-03-31,annual,10.0,-11.0,11.0,10.0,screener
GALLANTT,Mar 2022,2022-03-31,annual,234.0,-209.0,-19.0,6.0,screener
GALLANTT,Mar 2023,2023-03-31,annual,96.0,-225.0,126.0,-3.0,screener
GALLANTT,Mar 2024,2024-03-31,annual,344.0,-248.0,-102.0,-5.0,screener
GALLANTT,Mar 2025,2025-03-31,annual,579.0,-460.0,-114.0,5.0,screener
GALLANTT,Mar 2026,2026-03-31,annual,602.0,-627.0,121.0,96.0,screener
GANDHAR,Mar 2022,2022-03-31,annual,167.0,-116.0,-4.0,47.0,screener
GANDHAR,Mar 2023,2023-03-31,annual,88.0,-72.0,-29.0,-13.0,screener
GANDHAR,Mar 2024,2024-03-31,annual,-69.0,-66.0,160.0,25.0,screener
GANDHAR,Mar 2025,2025-03-31,annual,15.0,-48.0,13.0,-21.0,screener
GANDHAR,Mar 2026,2026-03-31,annual,128.0,-62.0,-88.0,-22.0,screener
GANECOS,Mar 2022,2022-03-31,annual,65.0,-253.0,208.0,20.0,screener
GANECOS,Mar 2023,2023-03-31,annual,20.0,-166.0,128.0,-18.0,screener
GANECOS,Mar 2024,2024-03-31,annual,43.0,-227.0,223.0,39.0,screener
GANECOS,Mar 2025,2025-03-31,annual,41.0,-125.0,157.0,73.0,screener
GANECOS,Mar 2026,2026-03-31,annual,171.0,-158.0,-9.0,4.0,screener
GANESHBE,Mar 2022,2022-03-31,annual,86.0,-59.0,-25.0,2.0,screener
GANESHBE,Mar 2023,2023-03-31,annual,41.0,-62.0,15.0,-7.0,screener
GANESHBE,Mar 2024,2024-03-31,annual,83.0,-147.0,73.0,10.0,screener
GANESHBE,Mar 2025,2025-03-31,annual,55.0,-60.0,-1.0,-6.0,screener
GANESHBE,Mar 2026,2026-03-31,annual,79.0,-79.0,-2.0,-1.0,screener
GANESHHOU,Mar 2022,2022-03-31,annual,41.0,39.0,-85.0,-5.0,screener
GANESHHOU,Mar 2023,2023-03-31,annual,31.0,278.0,1.0,310.0,screener
GANESHHOU,Mar 2024,2024-03-31,annual,638.0,-489.0,-244.0,-95.0,screener
GANESHHOU,Mar 2025,2025-03-31,annual,410.0,-389.0,-94.0,-73.0,screener
GANESHHOU,Mar 2026,2026-03-31,annual,213.0,-543.0,232.0,-99.0,screener
GANGESSECU,Mar 2022,2022-03-31,annual,16.67,-22.26,-0.07,-5.66,screener
GANGESSECU,Mar 2023,2023-03-31,annual,23.13,-21.3,-2.83,-0.99,screener
GANGESSECU,Mar 2024,2024-03-31,annual,-5.22,-0.85,-0.04,-6.11,screener
GANGESSECU,Mar 2025,2025-03-31,annual,21.3,-19.1,-0.04,2.16,screener
GANGESSECU,Mar 2026,2026-03-31,annual,22.06,-23.76,-0.03,-1.73,screener
GARFIBRES,Mar 2022,2022-03-31,annual,64.0,8.0,-38.0,34.0,screener
GARFIBRES,Mar 2023,2023-03-31,annual,189.0,-102.0,-85.0,3.0,screener
GARFIBRES,Mar 2024,2024-03-31,annual,219.0,-73.0,-39.0,108.0,screener
GARFIBRES,Mar 2025,2025-03-31,annual,195.0,-3.0,-331.0,-139.0,screener
GARFIBRES,Mar 2026,2026-03-31,annual,162.0,64.0,-152.0,73.0,screener
GARUDA,Mar 2025,2025-03-31,annual,-111.0,-50.0,162.0,2.0,screener
GARUDA,Mar 2026,2026-03-31,annual,78.0,-82.0,9.0,6.0,screener
GAYAHWS,Mar 2022,2022-03-31,annual,813.22,-164.47,-647.08,1.67,screener
GAYAHWS,Mar 2023,2023-03-31,annual,93.46,22.07,-113.93,1.6,screener
GAYAHWS,Mar 2024,2024-03-31,annual,311.76,19.66,-328.0,3.42,screener
GAYAHWS,Mar 2025,2025-03-31,annual,174.98,-3.24,-161.43,10.31,screener
GAYAHWS,Mar 2026,2026-03-31,annual,-27.09,56.34,-32.18,-2.94,screener
GCSL,Mar 2022,2022-03-31,annual,2.0,-4.0,3.0,0.0,screener
GCSL,Mar 2023,2023-03-31,annual,10.0,-8.0,-2.0,1.0,screener
GCSL,Mar 2024,2024-03-31,annual,-19.0,-37.0,67.0,12.0,screener
GCSL,Mar 2025,2025-03-31,annual,-31.0,2.0,28.0,-2.0,screener
GCSL,Mar 2026,2026-03-31,annual,-28.0,-9.0,26.0,-11.0,screener
GEMAROMA,Mar 2022,2022-03-31,annual,-5.0,-15.0,18.0,-2.0,screener
GEMAROMA,Mar 2023,2023-03-31,annual,15.0,-18.0,6.0,4.0,screener
GEMAROMA,Mar 2024,2024-03-31,annual,40.0,-50.0,15.0,5.0,screener
GEMAROMA,Mar 2025,2025-03-31,annual,-25.0,-92.0,103.0,-15.0,screener
GEMAROMA,Mar 2026,2026-03-31,annual,30.0,-101.0,78.0,6.0,screener
GENCON,Mar 2024,2024-03-31,annual,6.0,-7.0,-2.0,-3.0,screener
GENCON,Mar 2025,2025-03-31,annual,9.0,11.0,-15.0,5.0,screener
GENCON,Mar 2026,2026-03-31,annual,24.0,-14.0,-10.0,0.0,screener
GENESYS,Mar 2022,2022-03-31,annual,28.0,-20.0,12.0,20.0,screener
GENESYS,Mar 2023,2023-03-31,annual,-35.0,-188.0,215.0,-9.0,screener
GENESYS,Mar 2024,2024-03-31,annual,19.0,-80.0,71.0,11.0,screener
GENESYS,Mar 2025,2025-03-31,annual,-53.0,-18.0,50.0,-20.0,screener
GENESYS,Mar 2026,2026-03-31,annual,16.0,-150.0,139.0,5.0,screener
GENUSPOWER,Mar 2022,2022-03-31,annual,28.0,-108.0,-15.0,-95.0,screener
GENUSPOWER,Mar 2023,2023-03-31,annual,86.0,-79.0,86.0,93.0,screener
GENUSPOWER,Mar 2024,2024-03-31,annual,-152.0,-431.0,523.0,-60.0,screener
GENUSPOWER,Mar 2025,2025-03-31,annual,-443.0,-142.0,350.0,-235.0,screener
GENUSPOWER,Mar 2026,2026-03-31,annual,-203.0,-466.0,205.0,-465.0,screener
GENXAI,Mar 2023,2023-03-31,annual,1.0,-1.0,1.0,0.0,screener
GENXAI,Mar 2024,2024-03-31,annual,0.0,-3.0,3.0,1.0,screener
GENXAI,Mar 2025,2025-03-31,annual,4.0,-6.0,3.0,1.0,screener
GENXAI,Mar 2026,2026-03-31,annual,-6.0,-13.0,19.0,0.0,screener
GEOJITFSL,Mar 2022,2022-03-31,annual,83.0,-15.0,-26.0,42.0,screener
GEOJITFSL,Mar 2023,2023-03-31,annual,38.0,-16.0,-61.0,-39.0,screener
GEOJITFSL,Mar 2024,2024-03-31,annual,-124.0,-15.0,210.0,71.0,screener
GEOJITFSL,Mar 2025,2025-03-31,annual,167.0,-20.0,-125.0,22.0,screener
GEOJITFSL,Mar 2026,2026-03-31,annual,236.0,-144.0,-109.0,-16.0,screener
GESHIP,Mar 2022,2022-03-31,annual,1323.0,-337.0,-1189.0,-203.0,screener
GESHIP,Mar 2023,2023-03-31,annual,2975.0,39.0,-1893.0,1120.0,screener
GESHIP,Mar 2024,2024-03-31,annual,2808.0,-868.0,-1330.0,610.0,screener
GESHIP,Mar 2025,2025-03-31,annual,2647.0,-148.0,-1675.0,824.0,screener
GESHIP,Mar 2026,2026-03-31,annual,2854.0,-860.0,-1769.0,225.0,screener
GFLLIMITED,Mar 2022,2022-03-31,annual,89.0,-160.0,85.0,15.0,screener
GFLLIMITED,Mar 2023,2023-03-31,annual,402.0,-241.0,-184.0,-23.0,screener
GFLLIMITED,Mar 2024,2024-03-31,annual,0.0,0.0,0.0,0.0,screener
GFLLIMITED,Mar 2025,2025-03-31,annual,0.0,-1.0,0.0,0.0,screener
GFLLIMITED,Mar 2026,2026-03-31,annual,0.0,0.0,0.0,0.0,screener
GHCL,Mar 2022,2022-03-31,annual,643.0,-337.0,-98.0,209.0,screener
GHCL,Mar 2023,2023-03-31,annual,856.0,-409.0,-530.0,-83.0,screener
GHCL,Mar 2024,2024-03-31,annual,797.0,-534.0,-338.0,-75.0,screener
GHCL,Mar 2025,2025-03-31,annual,638.0,-358.0,-230.0,50.0,screener
GHCL,Mar 2026,2026-03-31,annual,687.0,-291.0,-451.0,-55.0,screener
GICHSGFIN,Mar 2022,2022-03-31,annual,1286.0,-3.0,-892.0,391.0,screener
GICHSGFIN,Mar 2023,2023-03-31,annual,1043.0,-213.0,-1238.0,-408.0,screener
GICHSGFIN,Mar 2024,2024-03-31,annual,522.0,64.0,-619.0,-34.0,screener
GICHSGFIN,Mar 2025,2025-03-31,annual,-18.0,-87.0,122.0,18.0,screener
GICHSGFIN,Mar 2026,2026-03-31,annual,-320.0,52.0,255.0,-14.0,screener
GICRE,Mar 2022,2022-03-31,annual,9051.0,-6188.0,0.0,2863.0,screener
GICRE,Mar 2023,2023-03-31,annual,11722.0,-9076.0,-395.0,2251.0,screener
GICRE,Mar 2024,2024-03-31,annual,-212.0,1749.0,-1263.0,274.0,screener
GICRE,Mar 2025,2025-03-31,annual,1976.0,-275.0,-1754.0,-53.0,screener
GICRE,Mar 2026,2026-03-31,annual,466.0,-2075.0,-1754.0,-3363.0,screener
GIPCL,Mar 2015,2015-03-31,annual,342.0,-61.0,-230.0,50.0,screener
GIPCL,Mar 2016,2016-03-31,annual,232.0,-178.0,-228.0,-174.0,screener
GIPCL,Mar 2017,2017-03-31,annual,433.0,-459.0,-161.0,-187.0,screener
GIPCL,Mar 2018,2018-03-31,annual,331.0,-383.0,103.0,51.0,screener
GIPCL,Mar 2019,2019-03-31,annual,582.0,-231.0,-142.0,208.0,screener
GKENERGY,Mar 2024,2024-03-31,annual,-5.0,-10.0,15.0,0.0,screener
GKENERGY,Mar 2025,2025-03-31,annual,-99.0,-53.0,152.0,0.0,screener
GKENERGY,Mar 2026,2026-03-31,annual,50.0,-136.0,420.0,334.0,screener
GKSL,Mar 2023,2023-03-31,annual,0.0,0.0,0.0,0.0,screener
GKSL,Mar 2024,2024-03-31,annual,1.0,0.0,0.0,1.0,screener
GKSL,Mar 2025,2025-03-31,annual,14.0,-18.0,6.0,2.0,screener
GKSL,Mar 2026,2026-03-31,annual,-4.0,-214.0,228.0,11.0,screener
GLAND,Mar 2022,2022-03-31,annual,791.0,-999.0,35.0,-174.0,screener
GLAND,Mar 2023,2023-03-31,annual,364.0,1211.0,15.0,1590.0,screener
GLAND,Mar 2024,2024-03-31,annual,997.0,-1749.0,-799.0,-1552.0,screener
GLAND,Mar 2025,2025-03-31,annual,915.0,1718.0,-433.0,2199.0,screener
GLAND,Mar 2026,2026-03-31,annual,1031.0,188.0,-417.0,803.0,screener
GLAXO,Mar 2022,2022-03-31,annual,811.0,-406.0,-524.0,-119.0,screener
GLAXO,Mar 2023,2023-03-31,annual,484.0,808.0,-1543.0,-251.0,screener
GLAXO,Mar 2024,2024-03-31,annual,582.0,9.0,-562.0,29.0,screener
GLAXO,Mar 2025,2025-03-31,annual,1290.0,-46.0,-769.0,475.0,screener
GLAXO,Mar 2026,2026-03-31,annual,903.0,397.0,-737.0,563.0,screener
GLENMARK,Mar 2022,2022-03-31,annual,1109.0,-316.0,-520.0,272.0,screener
GLENMARK,Mar 2023,2023-03-31,annual,625.0,-515.0,-77.0,32.0,screener
GLENMARK,Mar 2024,2024-03-31,annual,-265.0,4387.0,-3906.0,215.0,screener
GLENMARK,Mar 2025,2025-03-31,annual,-828.0,58.0,787.0,17.0,screener
GLENMARK,Mar 2026,2026-03-31,annual,3445.0,-1283.0,-2709.0,-547.0,screener
GLOBAL,Mar 2022,2022-03-31,annual,21.0,-14.0,-4.0,3.0,screener
GLOBAL,Mar 2023,2023-03-31,annual,26.0,-16.0,-4.0,6.0,screener
GLOBAL,Mar 2024,2024-03-31,annual,22.0,-13.0,-10.0,-1.0,screener
GLOBAL,Mar 2025,2025-03-31,annual,24.0,-20.0,-7.0,-3.0,screener
GLOBAL,Mar 2026,2026-03-31,annual,18.0,-13.0,-5.0,-1.0,screener
GLOBUSSPR,Mar 2021,2021-03-31,annual,148.0,-87.0,-23.0,38.0,screener
GLOBUSSPR,Mar 2023,2023-03-31,annual,102.0,-197.0,71.0,-24.0,screener
GLOBUSSPR,Mar 2024,2024-03-31,annual,168.0,-163.0,-6.0,-1.0,screener
GLOBUSSPR,Mar 2025,2025-03-31,annual,67.0,-208.0,142.0,1.0,screener
GLOBUSSPR,Mar 2026,2026-03-31,annual,268.0,-185.0,-88.0,-5.0,screener
GMBREW,Mar 2025,2025-03-31,annual,162.0,-149.0,-13.0,0.0,screener
GMBREW,Mar 2026,2026-03-31,annual,-96.0,114.0,-17.0,1.0,screener
GMDCLTD,Mar 2022,2022-03-31,annual,481.0,-674.0,-7.0,-199.0,screener
GMDCLTD,Mar 2023,2023-03-31,annual,933.0,-787.0,-137.0,8.0,screener
GMDCLTD,Mar 2024,2024-03-31,annual,110.0,254.0,-365.0,0.0,screener
GMDCLTD,Mar 2025,2025-03-31,annual,1059.0,-808.0,-183.0,68.0,screener
GMDCLTD,Mar 2026,2026-03-31,annual,744.0,-613.0,-154.0,-23.0,screener
GMMPFAUDLR,Mar 2022,2022-03-31,annual,236.0,-134.0,-55.0,47.0,screener
GMMPFAUDLR,Mar 2023,2023-03-31,annual,185.0,-294.0,130.0,21.0,screener
GMMPFAUDLR,Mar 2024,2024-03-31,annual,284.0,-32.0,-244.0,8.0,screener
GMMPFAUDLR,Mar 2025,2025-03-31,annual,378.0,-52.0,-201.0,125.0,screener
GMMPFAUDLR,Mar 2026,2026-03-31,annual,389.0,-154.0,-44.0,191.0,screener
GMRAIRPORT,Mar 2022,2022-03-31,annual,3256.0,-2043.0,-3894.0,-2681.0,screener
GMRAIRPORT,Mar 2023,2023-03-31,annual,2199.0,-2310.0,1731.0,1620.0,screener
GMRAIRPORT,Mar 2024,2024-03-31,annual,3880.0,-5792.0,467.0,-1445.0,screener
GMRAIRPORT,Mar 2025,2025-03-31,annual,3443.0,-3673.0,-1010.0,-1241.0,screener
GMRAIRPORT,Mar 2026,2026-03-31,annual,4884.0,-3577.0,-1238.0,69.0,screener
GMRP&UI,Mar 2022,2022-03-31,annual,1215.0,1267.0,-2213.0,269.0,screener
GMRP&UI,Mar 2023,2023-03-31,annual,1230.0,3120.0,-3840.0,510.0,screener
GMRP&UI,Mar 2024,2024-03-31,annual,1690.0,-902.0,-1324.0,-535.0,screener
GMRP&UI,Mar 2025,2025-03-31,annual,2833.0,-157.0,-2417.0,259.0,screener
GMRP&UI,Mar 2026,2026-03-31,annual,1260.0,-809.0,-583.0,-132.0,screener
GNA,Mar 2022,2022-03-31,annual,41.0,-46.0,4.0,0.0,screener
GNA,Mar 2023,2023-03-31,annual,105.0,-66.0,-39.0,0.0,screener
GNA,Mar 2024,2024-03-31,annual,98.0,-86.0,-13.0,0.0,screener
GNA,Mar 2025,2025-03-31,annual,92.0,-111.0,26.0,7.0,screener
GNA,Mar 2026,2026-03-31,annual,214.0,-155.0,-66.0,-7.0,screener
GNFC,Mar 2022,2022-03-31,annual,1967.0,-1899.0,-130.0,-62.0,screener
GNFC,Mar 2023,2023-03-31,annual,1373.0,-1229.0,-160.0,-16.0,screener
GNFC,Mar 2024,2024-03-31,annual,31.0,1235.0,-1281.0,-14.0,screener
GNFC,Mar 2025,2025-03-31,annual,605.0,-466.0,-262.0,-123.0,screener
GNFC,Mar 2026,2026-03-31,annual,654.0,-231.0,-269.0,154.0,screener
GNRL,Mar 2022,2022-03-31,annual,-17.78,-1.12,17.49,-1.41,screener
GNRL,Mar 2023,2023-03-31,annual,8.86,-11.21,3.52,1.16,screener
GNRL,Mar 2024,2024-03-31,annual,-2.03,0.72,0.74,-0.58,screener
GNRL,Mar 2025,2025-03-31,annual,-30.43,-2.09,33.9,1.38,screener
GNRL,Mar 2026,2026-03-31,annual,66.91,-77.63,6.0,-4.73,screener
GOCLCORP,Mar 2022,2022-03-31,annual,-62.0,-322.0,387.0,4.0,screener
GOCLCORP,Mar 2023,2023-03-31,annual,-77.0,173.0,-90.0,6.0,screener
GOCLCORP,Mar 2024,2024-03-31,annual,40.0,734.0,-800.0,-26.0,screener
GOCLCORP,Mar 2025,2025-03-31,annual,16.0,222.0,-230.0,8.0,screener
GOCLCORP,Mar 2026,2026-03-31,annual,-34.0,1082.0,-1046.0,2.0,screener
GOCOLORS,Mar 2016,2016-03-31,annual,-21.0,16.0,16.0,11.0,screener
GOCOLORS,Mar 2017,2017-03-31,annual,3.0,-12.0,0.0,-9.0,screener
GOCOLORS,Mar 2018,2018-03-31,annual,-8.0,-86.0,99.0,5.0,screener
GODAVARIB,Mar 2022,2022-03-31,annual,45.0,-48.0,6.0,3.0,screener
GODAVARIB,Mar 2023,2023-03-31,annual,197.0,-214.0,28.0,11.0,screener
GODAVARIB,Mar 2024,2024-03-31,annual,185.0,-44.0,-151.0,-10.0,screener
GODAVARIB,Mar 2025,2025-03-31,annual,6.0,-69.0,64.0,1.0,screener
GODAVARIB,Mar 2026,2026-03-31,annual,171.0,-163.0,-6.0,3.0,screener
GODFRYPHLP,Mar 2022,2022-03-31,annual,479.0,-234.0,-238.0,6.0,screener
GODFRYPHLP,Mar 2023,2023-03-31,annual,736.0,-541.0,-206.0,-11.0,screener
GODFRYPHLP,Mar 2024,2024-03-31,annual,290.0,55.0,-359.0,-13.0,screener
GODFRYPHLP,Mar 2025,2025-03-31,annual,107.0,402.0,-491.0,18.0,screener
GODFRYPHLP,Mar 2026,2026-03-31,annual,518.0,27.0,-619.0,-73.0,screener
GODREJAGRO,Mar 2022,2022-03-31,annual,-120.0,-208.0,311.0,-17.0,screener
GODREJAGRO,Mar 2023,2023-03-31,annual,874.0,-284.0,-594.0,-5.0,screener
GODREJAGRO,Mar 2024,2024-03-31,annual,678.0,-327.0,-328.0,23.0,screener
GODREJAGRO,Mar 2025,2025-03-31,annual,969.0,-82.0,-901.0,-13.0,screener
GODREJAGRO,Mar 2026,2026-03-31,annual,1281.0,-150.0,-869.0,262.0,screener
GODREJCP,Mar 2022,2022-03-31,annual,1451.0,-844.0,-380.0,227.0,screener
GODREJCP,Mar 2023,2023-03-31,annual,2151.0,-1754.0,-794.0,-398.0,screener
GODREJCP,Mar 2024,2024-03-31,annual,2070.0,-3431.0,1406.0,45.0,screener
GODREJCP,Mar 2025,2025-03-31,annual,2577.0,-343.0,-2181.0,52.0,screener
GODREJCP,Mar 2026,2026-03-31,annual,2488.0,355.0,-2388.0,456.0,screener
GODREJIND,Mar 2022,2022-03-31,annual,-1756.0,46.0,1916.0,206.0,screener
GODREJIND,Mar 2023,2023-03-31,annual,-4409.0,1851.0,3535.0,977.0,screener
GODREJIND,Mar 2024,2024-03-31,annual,-4284.0,-2646.0,7219.0,288.0,screener
GODREJIND,Mar 2025,2025-03-31,annual,-5151.0,-4562.0,10689.0,976.0,screener
GODREJIND,Mar 2026,2026-03-31,annual,-8855.0,244.0,8056.0,-555.0,screener
GODREJPROP,Mar 2022,2022-03-31,annual,-452.0,127.0,235.0,-90.0,screener
GODREJPROP,Mar 2023,2023-03-31,annual,-2861.0,2564.0,832.0,536.0,screener
GODREJPROP,Mar 2024,2024-03-31,annual,-693.0,-1974.0,3258.0,591.0,screener
GODREJPROP,Mar 2025,2025-03-31,annual,-2242.0,-4273.0,6710.0,194.0,screener
GODREJPROP,Mar 2026,2026-03-31,annual,-2003.0,664.0,938.0,-402.0,screener
GOENKA,Mar 2022,2022-03-31,annual,2.7,-0.29,-1.62,0.8,screener
GOENKA,Mar 2023,2023-03-31,annual,-0.55,-0.43,0.37,-0.62,screener
GOENKA,Mar 2024,2024-03-31,annual,0.1,0.0,-0.05,0.05,screener
GOENKA,Mar 2025,2025-03-31,annual,-0.02,0.0,0.01,-0.01,screener
GOENKA,Mar 2026,2026-03-31,annual,0.24,0.0,0.0,0.24,screener
GOKEX,Mar 2022,2022-03-31,annual,117.0,-52.0,-43.0,22.0,screener_yfinance_fallback_normalized
GOKEX,Mar 2023,2023-03-31,annual,369.0,-291.0,-75.0,2.0,screener_yfinance_fallback_normalized
GOKEX,Mar 2024,2024-03-31,annual,-177.0,-537.0,753.0,40.0,screener_yfinance_fallback_normalized
GOKEX,Mar 2025,2025-03-31,annual,57.0,-420.0,473.0,110.0,screener_yfinance_fallback_normalized
GOKEX,Mar 2026,2026-03-31,annual,52.0,-286.0,203.0,-32.0,screener_yfinance_fallback_normalized
GOKULAGRO,Mar 2022,2022-03-31,annual,60.0,-46.0,60.0,74.0,screener
GOKULAGRO,Mar 2023,2023-03-31,annual,20.0,-199.0,143.0,-37.0,screener
GOKULAGRO,Mar 2024,2024-03-31,annual,355.0,-297.0,2.0,61.0,screener
GOKULAGRO,Mar 2025,2025-03-31,annual,467.0,-217.0,-247.0,4.0,screener
GOKULAGRO,Mar 2026,2026-03-31,annual,325.0,-186.0,-131.0,8.0,screener
GOLDIAM,Mar 2022,2022-03-31,annual,-10.0,95.0,-90.0,-5.0,screener
GOLDIAM,Mar 2023,2023-03-31,annual,65.0,-2.0,-31.0,32.0,screener
GOLDIAM,Mar 2024,2024-03-31,annual,107.0,-28.0,-54.0,26.0,screener
GOLDIAM,Mar 2025,2025-03-31,annual,-13.0,63.0,-13.0,37.0,screener
GOLDIAM,Mar 2026,2026-03-31,annual,24.0,-71.0,171.0,124.0,screener
GOLDSTAR,Mar 2025,2025-03-31,annual,9.0,0.0,-9.0,0.0,screener
GOLDSTAR,Mar 2026,2026-03-31,annual,-108.0,68.0,45.0,5.0,screener
GOODLUCK,Mar 2022,2022-03-31,annual,78.0,-85.0,6.0,-1.0,screener
GOODLUCK,Mar 2023,2023-03-31,annual,65.0,-78.0,13.0,0.0,screener
GOODLUCK,Mar 2024,2024-03-31,annual,-46.0,-186.0,337.0,104.0,screener
GOODLUCK,Mar 2025,2025-03-31,annual,158.0,-473.0,212.0,-103.0,screener
GOODLUCK,Mar 2026,2026-03-31,annual,200.0,-333.0,132.0,-1.0,screener
GPIL,Mar 2022,2022-03-31,annual,1330.0,-1095.0,-233.0,2.0,screener
GPIL,Mar 2023,2023-03-31,annual,962.0,-220.0,-246.0,496.0,screener
GPIL,Mar 2024,2024-03-31,annual,1044.0,-754.0,-679.0,-388.0,screener
GPIL,Mar 2025,2025-03-31,annual,895.0,-436.0,-250.0,210.0,screener
GPIL,Mar 2026,2026-03-31,annual,1157.0,-1336.0,156.0,-23.0,screener
GPPL,Mar 2022,2022-03-31,annual,380.0,-166.0,-220.0,-6.0,screener
GPPL,Mar 2023,2023-03-31,annual,370.0,-82.0,-273.0,15.0,screener
GPPL,Mar 2024,2024-03-31,annual,489.0,-111.0,-370.0,8.0,screener
GPPL,Mar 2025,2025-03-31,annual,446.0,-56.0,-401.0,-11.0,screener
GPPL,Mar 2026,2026-03-31,annual,510.0,-18.0,-495.0,-3.0,screener
GPTHEALTH,Mar 2020,2020-03-31,annual,41.0,-54.0,12.0,-1.0,screener
GPTHEALTH,Mar 2021,2021-03-31,annual,43.0,-16.0,-22.0,4.0,screener
GPTHEALTH,Mar 2022,2022-03-31,annual,66.0,-5.0,-57.0,3.0,screener
GPTINFRA,Mar 2022,2022-03-31,annual,72.0,-14.0,-58.0,1.0,screener
GPTINFRA,Mar 2023,2023-03-31,annual,119.0,-60.0,-56.0,3.0,screener
GPTINFRA,Mar 2024,2024-03-31,annual,113.0,-8.0,-108.0,-2.0,screener
GPTINFRA,Mar 2025,2025-03-31,annual,29.0,-74.0,51.0,6.0,screener
GPTINFRA,Mar 2026,2026-03-31,annual,64.0,-170.0,98.0,-8.0,screener
GRANULES,Mar 2022,2022-03-31,annual,332.0,-379.0,190.0,143.0,screener
GRANULES,Mar 2023,2023-03-31,annual,739.0,-192.0,-440.0,107.0,screener
GRANULES,Mar 2024,2024-03-31,annual,439.0,-358.0,8.0,90.0,screener
GRANULES,Mar 2025,2025-03-31,annual,867.0,-689.0,-93.0,85.0,screener
GRANULES,Mar 2026,2026-03-31,annual,793.0,-758.0,379.0,414.0,screener
GRAPHITE,Mar 2022,2022-03-31,annual,-488.0,222.0,105.0,-162.0,screener
GRAPHITE,Mar 2023,2023-03-31,annual,-160.0,328.0,-213.0,-45.0,screener
GRAPHITE,Mar 2024,2024-03-31,annual,680.0,-239.0,-427.0,14.0,screener
GRAPHITE,Mar 2025,2025-03-31,annual,500.0,-202.0,-226.0,72.0,screener
GRAPHITE,Mar 2026,2026-03-31,annual,82.0,-123.0,-47.0,-88.0,screener
GRASIM,Mar 2022,2022-03-31,annual,7038.0,-1053.0,-6733.0,-748.0,screener
GRASIM,Mar 2023,2023-03-31,annual,-12685.0,-13712.0,26469.0,72.0,screener
GRASIM,Mar 2024,2024-03-31,annual,-10719.0,-23114.0,33908.0,75.0,screener
GRASIM,Mar 2025,2025-03-31,annual,-17170.0,-23313.0,42978.0,2495.0,screener
GRASIM,Mar 2026,2026-03-31,annual,-17810.0,-17803.0,33523.0,-2090.0,screener
GRAVITA,Mar 2022,2022-03-31,annual,10.0,-69.0,72.0,12.0,screener
GRAVITA,Mar 2023,2023-03-31,annual,200.0,-105.0,-87.0,7.0,screener
GRAVITA,Mar 2024,2024-03-31,annual,42.0,-158.0,121.0,5.0,screener
GRAVITA,Mar 2025,2025-03-31,annual,282.0,-864.0,640.0,59.0,screener
GRAVITA,Mar 2026,2026-03-31,annual,169.0,-364.0,178.0,-17.0,screener
GREAVESCOT,Mar 2022,2022-03-31,annual,-56.0,-238.0,210.0,-84.0,screener
GREAVESCOT,Mar 2023,2023-03-31,annual,-135.0,-758.0,889.0,-4.0,screener
GREAVESCOT,Mar 2024,2024-03-31,annual,-153.0,246.0,-32.0,61.0,screener
GREAVESCOT,Mar 2025,2025-03-31,annual,-23.0,50.0,-40.0,-13.0,screener
GREAVESCOT,Mar 2026,2026-03-31,annual,33.0,-99.0,123.0,56.0,screener
GREENLAM,Mar 2022,2022-03-31,annual,71.0,-136.0,62.0,-3.0,screener
GREENLAM,Mar 2023,2023-03-31,annual,169.0,-535.0,366.0,0.0,screener
GREENLAM,Mar 2024,2024-03-31,annual,194.0,-527.0,350.0,17.0,screener
GREENLAM,Mar 2025,2025-03-31,annual,205.0,-167.0,-28.0,10.0,screener
GREENLAM,Mar 2026,2026-03-31,annual,292.0,-80.0,-191.0,21.0,screener
GREENPANEL,Mar 2020,2020-03-31,annual,100.0,-22.0,-86.0,-8.0,screener
GREENPANEL,Mar 2021,2021-03-31,annual,155.0,-11.0,-142.0,2.0,screener
GREENPANEL,Mar 2022,2022-03-31,annual,366.0,-136.0,-185.0,44.0,screener
GREENPANEL,Mar 2023,2023-03-31,annual,337.0,-248.0,-134.0,-44.0,screener
GREENPANEL,Mar 2024,2024-03-31,annual,135.0,-158.0,50.0,27.0,screener
GREENPLY,Mar 2022,2022-03-31,annual,92.0,-130.0,80.0,42.0,screener
GREENPLY,Mar 2023,2023-03-31,annual,62.0,-410.0,318.0,-30.0,screener
GREENPLY,Mar 2024,2024-03-31,annual,111.0,-144.0,47.0,14.0,screener
GREENPLY,Mar 2025,2025-03-31,annual,219.0,-147.0,-83.0,-11.0,screener
GREENPLY,Mar 2026,2026-03-31,annual,247.0,-152.0,-78.0,16.0,screener
GRINDWELL,Mar 2022,2022-03-31,annual,187.0,-54.0,-114.0,19.0,screener
GRINDWELL,Mar 2023,2023-03-31,annual,393.0,-251.0,-140.0,1.0,screener
GRINDWELL,Mar 2024,2024-03-31,annual,368.0,-184.0,-175.0,9.0,screener
GRINDWELL,Mar 2025,2025-03-31,annual,458.0,-215.0,-221.0,22.0,screener
GRINDWELL,Mar 2026,2026-03-31,annual,542.0,-315.0,-215.0,12.0,screener
GRINFRA,Mar 2022,2022-03-31,annual,166.0,-257.0,311.0,220.0,screener
GRINFRA,Mar 2023,2023-03-31,annual,-363.0,-9.0,-20.0,-393.0,screener
GRINFRA,Mar 2024,2024-03-31,annual,-1590.0,793.0,1120.0,323.0,screener
GRINFRA,Mar 2025,2025-03-31,annual,-2032.0,433.0,1724.0,126.0,screener
GRINFRA,Mar 2026,2026-03-31,annual,-2811.0,1623.0,1523.0,334.0,screener
GROWW,Mar 2022,2022-03-31,annual,-349.0,-1512.0,1874.0,14.0,screener
GROWW,Mar 2023,2023-03-31,annual,548.0,-363.0,-5.0,179.0,screener
GROWW,Mar 2024,2024-03-31,annual,885.0,-910.0,4.0,-21.0,screener
GROWW,Mar 2025,2025-03-31,annual,-962.0,140.0,876.0,53.0,screener
GROWW,Mar 2026,2026-03-31,annual,-21.0,-1351.0,2175.0,804.0,screener
GRWRHITECH,Mar 2022,2022-03-31,annual,172.0,-141.0,6.0,37.0,screener
GRWRHITECH,Mar 2023,2023-03-31,annual,218.0,-168.0,-89.0,-39.0,screener
GRWRHITECH,Mar 2024,2024-03-31,annual,172.0,46.0,-169.0,48.0,screener
GRWRHITECH,Mar 2025,2025-03-31,annual,330.0,-275.0,-52.0,2.0,screener
GRWRHITECH,Mar 2026,2026-03-31,annual,275.0,-208.0,-60.0,8.0,screener
GSFC,Mar 2022,2022-03-31,annual,237.0,-18.0,-126.0,92.0,screener
GSFC,Mar 2023,2023-03-31,annual,924.0,-39.0,-114.0,770.0,screener
GSFC,Mar 2024,2024-03-31,annual,-268.0,106.0,-403.0,-566.0,screener
GSFC,Mar 2025,2025-03-31,annual,83.0,-172.0,-159.0,-247.0,screener
GSFC,Mar 2026,2026-03-31,annual,136.0,-46.0,-184.0,-94.0,screener
GSPCROP,Mar 2022,2022-03-31,annual,-43.0,-42.0,157.0,71.0,screener
GSPCROP,Mar 2023,2023-03-31,annual,104.0,-47.0,-159.0,-102.0,screener
GSPCROP,Mar 2024,2024-03-31,annual,207.0,-19.0,-178.0,10.0,screener
GSPCROP,Mar 2025,2025-03-31,annual,38.0,-80.0,30.0,-12.0,screener
GSPCROP,Mar 2026,2026-03-31,annual,59.0,-75.0,152.0,137.0,screener
GUFICBIO,Mar 2024,2024-03-31,annual,-7.0,-102.0,82.0,-27.0,screener
GUFICBIO,Mar 2025,2025-03-31,annual,123.0,-71.0,-37.0,15.0,screener
GUFICBIO,Mar 2026,2026-03-31,annual,45.0,-31.0,32.0,46.0,screener
GUJALKALI,Mar 2022,2022-03-31,annual,735.0,-804.0,12.0,-58.0,screener
GUJALKALI,Mar 2023,2023-03-31,annual,960.0,-662.0,-140.0,158.0,screener
GUJALKALI,Mar 2024,2024-03-31,annual,67.0,-90.0,-277.0,-301.0,screener
GUJALKALI,Mar 2025,2025-03-31,annual,381.0,-264.0,-145.0,-28.0,screener
GUJALKALI,Mar 2026,2026-03-31,annual,406.0,-228.0,-150.0,28.0,screener
GUJGASLTD,Mar 2022,2022-03-31,annual,1662.0,-1294.0,-628.0,-260.0,screener
GUJGASLTD,Mar 2023,2023-03-31,annual,2375.0,-1039.0,-678.0,658.0,screener
GUJGASLTD,Mar 2024,2024-03-31,annual,1634.0,-879.0,-514.0,241.0,screener
GUJGASLTD,Mar 2025,2025-03-31,annual,1806.0,-1921.0,-474.0,-589.0,screener
GUJGASLTD,Mar 2026,2026-03-31,annual,2721.0,-2097.0,-417.0,206.0,screener
GULFOILLUB,Mar 2022,2022-03-31,annual,-24.0,-17.0,98.0,57.0,screener
GULFOILLUB,Mar 2023,2023-03-31,annual,273.0,30.0,-202.0,102.0,screener
GULFOILLUB,Mar 2024,2024-03-31,annual,341.0,-51.0,-238.0,53.0,screener
GULFOILLUB,Mar 2025,2025-03-31,annual,395.0,77.0,-150.0,323.0,screener
GULFOILLUB,Mar 2026,2026-03-31,annual,350.0,11.0,-251.0,110.0,screener
GULPOLY,Mar 2022,2022-03-31,annual,61.0,-136.0,170.0,95.0,screener
GULPOLY,Mar 2023,2023-03-31,annual,15.0,-247.0,124.0,-107.0,screener
GULPOLY,Mar 2024,2024-03-31,annual,66.0,-158.0,88.0,-4.0,screener
GULPOLY,Mar 2025,2025-03-31,annual,42.0,-54.0,13.0,1.0,screener
GVPIL,Mar 2022,2022-03-31,annual,49.0,-5.0,-79.0,-35.0,screener
GVPIL,Mar 2023,2023-03-31,annual,90.0,6.0,-48.0,48.0,screener
GVPIL,Mar 2024,2024-03-31,annual,182.0,-3.0,-226.0,-47.0,screener
GVPIL,Mar 2025,2025-03-31,annual,379.0,56.0,-128.0,308.0,screener
GVPIL,Mar 2026,2026-03-31,annual,469.0,-436.0,-47.0,-14.0,screener
GVT&D,Dec 2010,2010-12-31,annual,108.0,-113.0,-7.0,-13.0,screener
HAL,Mar 2022,2022-03-31,annual,10033.0,-12760.0,-1349.0,-4076.0,screener
HAL,Mar 2023,2023-03-31,annual,8830.0,-5728.0,-1731.0,1370.0,screener
HAL,Mar 2024,2024-03-31,annual,8223.0,-6410.0,-1999.0,-186.0,screener
HAL,Mar 2025,2025-03-31,annual,13643.0,-10771.0,-2579.0,294.0,screener
HAL,Mar 2026,2026-03-31,annual,10906.0,-8337.0,-3350.0,-781.0,screener
HAPPSTMNDS,Mar 2022,2022-03-31,annual,168.0,-96.0,-91.0,-19.0,screener
HAPPSTMNDS,Mar 2023,2023-03-31,annual,207.0,-348.0,72.0,-68.0,screener
HAPPSTMNDS,Mar 2024,2024-03-31,annual,213.0,-537.0,363.0,39.0,screener
HAPPSTMNDS,Mar 2025,2025-03-31,annual,236.0,-731.0,499.0,4.0,screener
HAPPSTMNDS,Mar 2026,2026-03-31,annual,261.0,-117.0,-144.0,1.0,screener
HAPPYFORGE,Mar 2022,2022-03-31,annual,80.0,-166.0,83.0,-3.0,screener
HAPPYFORGE,Mar 2023,2023-03-31,annual,209.0,-172.0,-37.0,0.0,screener
HAPPYFORGE,Mar 2024,2024-03-31,annual,189.0,-470.0,281.0,1.0,screener
HAPPYFORGE,Mar 2025,2025-03-31,annual,292.0,-320.0,40.0,12.0,screener
HAPPYFORGE,Mar 2026,2026-03-31,annual,445.0,-497.0,65.0,13.0,screener
HARDWYN,Mar 2023,2023-03-31,annual,-1.0,0.0,1.0,0.0,screener
HARDWYN,Mar 2024,2024-03-31,annual,2.0,-6.0,4.0,0.0,screener
HARDWYN,Mar 2025,2025-03-31,annual,2.0,-1.0,0.0,0.0,screener
HARDWYN,Mar 2026,2026-03-31,annual,7.0,-3.0,-5.0,0.0,screener
HARIOMPIPE,Mar 2024,2024-03-31,annual,5.0,-182.0,74.0,-102.0,screener
HARIOMPIPE,Mar 2025,2025-03-31,annual,79.0,-86.0,31.0,24.0,screener
HARIOMPIPE,Mar 2026,2026-03-31,annual,192.0,-141.0,-75.0,-23.0,screener
HARSHA,Mar 2022,2022-03-31,annual,36.0,-52.0,4.0,-12.0,screener
HARSHA,Mar 2023,2023-03-31,annual,137.0,-312.0,216.0,41.0,screener
HARSHA,Mar 2024,2024-03-31,annual,136.0,-158.0,-25.0,-47.0,screener
HARSHA,Mar 2025,2025-03-31,annual,206.0,-212.0,6.0,0.0,screener
HARSHA,Mar 2026,2026-03-31,annual,68.0,-197.0,146.0,18.0,screener
HAVELLS,Mar 2022,2022-03-31,annual,1728.0,-759.0,-547.0,421.0,screener
HAVELLS,Mar 2023,2023-03-31,annual,565.0,31.0,-907.0,-311.0,screener
HAVELLS,Mar 2024,2024-03-31,annual,1953.0,-1618.0,-534.0,-199.0,screener
HAVELLS,Mar 2025,2025-03-31,annual,1523.0,-305.0,-677.0,541.0,screener
HAVELLS,Mar 2026,2026-03-31,annual,1572.0,-895.0,-693.0,-17.0,screener
HBLENGINE,Mar 2022,2022-03-31,annual,62.0,-17.0,-22.0,23.0,screener
HBLENGINE,Mar 2023,2023-03-31,annual,122.0,-50.0,10.0,82.0,screener
HBLENGINE,Mar 2024,2024-03-31,annual,270.0,-137.0,-42.0,91.0,screener
HBLENGINE,Mar 2025,2025-03-31,annual,239.0,-320.0,-26.0,-107.0,screener
HBLENGINE,Mar 2026,2026-03-31,annual,738.0,-214.0,-113.0,411.0,screener
HCG,Mar 2022,2022-03-31,annual,220.0,125.0,-155.0,190.0,screener
HCG,Mar 2023,2023-03-31,annual,252.0,-133.0,-140.0,-22.0,screener
HCG,Mar 2024,2024-03-31,annual,285.0,-226.0,-64.0,-5.0,screener
HCG,Mar 2025,2025-03-31,annual,317.0,-488.0,-42.0,-213.0,screener
HCG,Mar 2026,2026-03-31,annual,347.0,-177.0,241.0,410.0,screener
HCLTECH,Mar 2022,2022-03-31,annual,16900.0,1597.0,-14508.0,3989.0,screener
HCLTECH,Mar 2023,2023-03-31,annual,18009.0,-3573.0,-15881.0,-1445.0,screener
HCLTECH,Mar 2024,2024-03-31,annual,22448.0,-6608.0,-15464.0,376.0,screener
HCLTECH,Mar 2025,2025-03-31,annual,22261.0,-4896.0,-18561.0,-1196.0,screener
HCLTECH,Mar 2026,2026-03-31,annual,19975.0,-1473.0,-19369.0,-867.0,screener
HDBFS,Mar 2018,2018-03-31,annual,-8186.0,-49.0,8226.0,-8.0,screener
HDBFS,Mar 2019,2019-03-31,annual,-8991.0,-181.0,9445.0,273.0,screener
HDBFS,Mar 2023,2023-03-31,annual,-6851.0,973.0,5796.0,-81.0,screener
HDBFS,Mar 2024,2024-03-31,annual,-16736.0,-2146.0,19134.0,252.0,screener
HDBFS,Mar 2025,2025-03-31,annual,-13626.0,1159.0,12770.0,303.0,screener
HDFCAMC,Mar 2023,2023-03-31,annual,1149.0,-217.0,-930.0,3.0,screener
HDFCAMC,Mar 2024,2024-03-31,annual,1615.0,-543.0,-1066.0,6.0,screener
HDFCAMC,Mar 2025,2025-03-31,annual,2075.0,-598.0,-1475.0,2.0,screener
HDFCAMC,Mar 2026,2026-03-31,annual,2528.0,-643.0,-1886.0,-1.0,screener
HDFCBANK,Mar 2022,2022-03-31,annual,-11960.0,-2051.0,48124.0,34113.0,screener
HDFCBANK,Mar 2023,2023-03-31,annual,20814.0,-2992.0,23941.0,41762.0,screener
HDFCBANK,Mar 2024,2024-03-31,annual,19069.0,16600.0,-3983.0,31687.0,screener
HDFCBANK,Mar 2025,2025-03-31,annual,127242.0,-3651.0,-102478.0,21113.0,screener
HDFCBANK,Mar 2026,2026-03-31,annual,113506.0,6363.0,-59005.0,60864.0,screener
HDFCLIFE,Mar 2022,2022-03-31,annual,5943.0,-801.0,-238.0,4904.0,screener
HDFCLIFE,Mar 2023,2023-03-31,annual,6883.0,-10071.0,1985.0,-1203.0,screener
HDFCLIFE,Mar 2024,2024-03-31,annual,10721.0,-13622.0,-403.0,-3304.0,screener
HDFCLIFE,Mar 2025,2025-03-31,annual,15597.0,-13633.0,1607.0,3572.0,screener
HDFCLIFE,Mar 2026,2026-03-31,annual,22625.0,-23849.0,-275.0,-1499.0,screener
HEG,Mar 2022,2022-03-31,annual,-141.0,-183.0,344.0,20.0,screener
HEG,Mar 2023,2023-03-31,annual,113.0,-21.0,-100.0,-8.0,screener
HEG,Mar 2024,2024-03-31,annual,612.0,-184.0,-324.0,104.0,screener
HEG,Mar 2025,2025-03-31,annual,280.0,-207.0,-159.0,-86.0,screener
HEG,Mar 2026,2026-03-31,annual,213.0,-320.0,97.0,-10.0,screener
HERITGFOOD,Mar 2022,2022-03-31,annual,148.0,-42.0,-93.0,13.0,screener
HERITGFOOD,Mar 2023,2023-03-31,annual,-61.0,-83.0,126.0,-17.0,screener
HERITGFOOD,Mar 2024,2024-03-31,annual,390.0,-252.0,-76.0,62.0,screener
HERITGFOOD,Mar 2025,2025-03-31,annual,214.0,-229.0,1.0,-14.0,screener
HERITGFOOD,Mar 2026,2026-03-31,annual,237.0,-375.0,138.0,0.0,screener
HEROMOTOCO,Mar 2022,2022-03-31,annual,2104.0,-222.0,-1975.0,-94.0,screener
HEROMOTOCO,Mar 2023,2023-03-31,annual,2614.0,-421.0,-2147.0,45.0,screener
HEROMOTOCO,Mar 2024,2024-03-31,annual,4923.0,-1828.0,-2717.0,379.0,screener
HEROMOTOCO,Mar 2025,2025-03-31,annual,4297.0,-1703.0,-2815.0,-221.0,screener
HEROMOTOCO,Mar 2026,2026-03-31,annual,8315.0,-4478.0,-3534.0,303.0,screener
HEXT,Dec 2021,2021-12-31,annual,980.0,-210.0,-602.0,167.0,screener
HEXT,Dec 2022,2022-12-31,annual,821.0,13.0,-721.0,113.0,screener
HEXT,Dec 2023,2023-12-31,annual,1516.0,-284.0,-750.0,482.0,screener
HEXT,Dec 2024,2024-12-31,annual,1548.0,-663.0,-682.0,203.0,screener
HEXT,Dec 2025,2025-12-31,annual,1739.0,-914.0,-831.0,-6.0,screener
HFCL,Mar 2022,2022-03-31,annual,205.0,-458.0,248.0,-5.0,screener
HFCL,Mar 2023,2023-03-31,annual,235.0,-44.0,-145.0,46.0,screener
HFCL,Mar 2024,2024-03-31,annual,-45.0,-449.0,454.0,-40.0,screener
HFCL,Mar 2025,2025-03-31,annual,396.0,-518.0,170.0,47.0,screener
HFCL,Mar 2026,2026-03-31,annual,-378.0,-324.0,669.0,-33.0,screener
HGINFRA,Mar 2022,2022-03-31,annual,-322.0,-66.0,293.0,-95.0,screener
HGINFRA,Mar 2023,2023-03-31,annual,-139.0,-378.0,562.0,44.0,screener
HGINFRA,Mar 2024,2024-03-31,annual,-311.0,17.0,319.0,26.0,screener
HGINFRA,Mar 2025,2025-03-31,annual,-878.0,-1461.0,2310.0,-28.0,screener
HGINFRA,Mar 2026,2026-03-31,annual,250.0,-1074.0,832.0,8.0,screener
HIKAL,Mar 2022,2022-03-31,annual,294.0,-284.0,-6.0,4.0,screener
HIKAL,Mar 2023,2023-03-31,annual,315.0,-292.0,-8.0,15.0,screener
HIKAL,Mar 2024,2024-03-31,annual,187.0,-174.0,-27.0,-14.0,screener
HIKAL,Mar 2025,2025-03-31,annual,280.0,-136.0,-144.0,0.0,screener
HIKAL,Mar 2026,2026-03-31,annual,302.0,-145.0,-160.0,-3.0,screener
HILINFRA,Mar 2022,2022-03-31,annual,0.0,0.0,0.0,0.0,screener
HILINFRA,Mar 2023,2023-03-31,annual,0.0,-1.0,0.0,-1.0,screener
HILINFRA,Mar 2024,2024-03-31,annual,14.0,-6.0,-3.0,5.0,screener
HILINFRA,Mar 2025,2025-03-31,annual,-5.0,12.0,-5.0,2.0,screener
HILINFRA,Mar 2026,2026-03-31,annual,-66.0,-48.0,109.0,-6.0,screener
HINDALCO,Mar 2022,2022-03-31,annual,16838.0,-6773.0,-6765.0,3300.0,screener
HINDALCO,Mar 2023,2023-03-31,annual,19208.0,-7559.0,-10450.0,1199.0,screener
HINDALCO,Mar 2024,2024-03-31,annual,24056.0,-14267.0,-10817.0,-1028.0,screener
HINDALCO,Mar 2025,2025-03-31,annual,24410.0,-24609.0,-1816.0,-2015.0,screener
HINDALCO,Mar 2026,2026-03-31,annual,10250.0,-25783.0,20087.0,4554.0,screener
HINDCOPPER,Mar 2022,2022-03-31,annual,1052.0,-404.0,-251.0,397.0,screener
HINDCOPPER,Mar 2023,2023-03-31,annual,674.0,-337.0,-339.0,-3.0,screener
HINDCOPPER,Mar 2024,2024-03-31,annual,341.0,-525.0,-39.0,-222.0,screener
HINDCOPPER,Mar 2025,2025-03-31,annual,544.0,-402.0,-152.0,-10.0,screener
HINDCOPPER,Mar 2026,2026-03-31,annual,1474.0,-434.0,-299.0,741.0,screener
HINDOILEXP,Mar 2022,2022-03-31,annual,111.0,-280.0,106.0,-63.0,screener
HINDOILEXP,Mar 2023,2023-03-31,annual,219.0,-77.0,-27.0,115.0,screener
HINDOILEXP,Mar 2024,2024-03-31,annual,123.0,-39.0,-215.0,-132.0,screener
HINDOILEXP,Mar 2025,2025-03-31,annual,161.0,-83.0,-78.0,0.0,screener
HINDOILEXP,Mar 2026,2026-03-31,annual,178.0,-93.0,-80.0,6.0,screener
HINDPETRO,Mar 2022,2022-03-31,annual,15810.0,-13745.0,-2066.0,-1.0,screener
HINDPETRO,Mar 2023,2023-03-31,annual,-3466.0,-11384.0,16025.0,1175.0,screener
HINDPETRO,Mar 2024,2024-03-31,annual,23852.0,-13019.0,-16155.0,-5322.0,screener
HINDPETRO,Mar 2025,2025-03-31,annual,14231.0,-10559.0,-4139.0,-467.0,screener
HINDPETRO,Mar 2026,2026-03-31,annual,36111.0,-11404.0,-22770.0,1936.0,screener
HINDUNILVR,Mar 2022,2022-03-31,annual,9048.0,-1728.0,-8015.0,-695.0,screener
HINDUNILVR,Mar 2023,2023-03-31,annual,9991.0,-1484.0,-8953.0,-446.0,screener
HINDUNILVR,Mar 2024,2024-03-31,annual,15469.0,-5324.0,-10034.0,111.0,screener
HINDUNILVR,Mar 2025,2025-03-31,annual,11886.0,6473.0,-13101.0,5258.0,screener
HINDUNILVR,Mar 2026,2026-03-31,annual,10999.0,-3676.0,-10810.0,-3487.0,screener
HINDWAREAP,Mar 2022,2022-03-31,annual,226.0,-124.0,-83.0,19.0,screener
HINDWAREAP,Mar 2023,2023-03-31,annual,221.0,-705.0,467.0,-17.0,screener
HINDWAREAP,Mar 2024,2024-03-31,annual,241.0,-219.0,-2.0,20.0,screener
HINDWAREAP,Mar 2025,2025-03-31,annual,192.0,-215.0,18.0,-4.0,screener
HINDWAREAP,Mar 2026,2026-03-31,annual,258.0,-129.0,-120.0,8.0,screener
HINDZINC,Mar 2022,2022-03-31,annual,12691.0,846.0,-12258.0,1279.0,screener
HINDZINC,Mar 2023,2023-03-31,annual,15162.0,6529.0,-23224.0,-1533.0,screener
HINDZINC,Mar 2024,2024-03-31,annual,13346.0,-3406.0,-9946.0,-6.0,screener
HINDZINC,Mar 2025,2025-03-31,annual,14160.0,-2706.0,-11411.0,43.0,screener
HINDZINC,Mar 2026,2026-03-31,annual,17008.0,-8906.0,-7901.0,201.0,screener
HIRECT,Mar 2024,2024-03-31,annual,34.0,-19.0,-14.0,0.0,screener
HIRECT,Mar 2025,2025-03-31,annual,36.0,-25.0,-11.0,0.0,screener
HIRECT,Mar 2026,2026-03-31,annual,86.0,-90.0,8.0,4.0,screener
HLEGLAS,Mar 2022,2022-03-31,annual,1.0,-146.0,160.0,14.0,screener
HLEGLAS,Mar 2023,2023-03-31,annual,5.0,-40.0,13.0,-22.0,screener
HLEGLAS,Mar 2024,2024-03-31,annual,95.0,-45.0,-19.0,31.0,screener
HLEGLAS,Mar 2025,2025-03-31,annual,134.0,-68.0,-60.0,6.0,screener
HLEGLAS,Mar 2026,2026-03-31,annual,161.0,-86.0,-85.0,-10.0,screener
HMVL,Mar 2022,2022-03-31,annual,50.0,-75.0,21.0,-3.0,screener
HMVL,Mar 2023,2023-03-31,annual,52.0,36.0,-90.0,-2.0,screener
HMVL,Mar 2024,2024-03-31,annual,16.0,29.0,-9.0,36.0,screener
HMVL,Mar 2025,2025-03-31,annual,38.0,-3.0,-58.0,-23.0,screener
HMVL,Mar 2026,2026-03-31,annual,72.0,-123.0,51.0,0.0,screener
HNDFDS,Mar 2022,2022-03-31,annual,36.0,-139.0,91.0,-12.0,screener
HNDFDS,Mar 2023,2023-03-31,annual,99.0,-220.0,128.0,7.0,screener
HNDFDS,Mar 2024,2024-03-31,annual,87.0,-381.0,298.0,3.0,screener
HNDFDS,Mar 2025,2025-03-31,annual,114.0,-289.0,209.0,34.0,screener
HNDFDS,Mar 2026,2026-03-31,annual,100.0,-339.0,196.0,-44.0,screener
HONASA,Mar 2022,2022-03-31,annual,45.0,-505.0,481.0,21.0,screener
HONASA,Mar 2023,2023-03-31,annual,-52.0,40.0,-14.0,-26.0,screener
HONASA,Mar 2024,2024-03-31,annual,235.0,-470.0,337.0,102.0,screener
HONASA,Mar 2025,2025-03-31,annual,102.0,-145.0,-31.0,-74.0,screener
HONASA,Mar 2026,2026-03-31,annual,141.0,-17.0,-38.0,86.0,screener
HPL,Mar 2022,2022-03-31,annual,101.0,-41.0,-58.0,2.0,screener
HPL,Mar 2023,2023-03-31,annual,104.0,-40.0,-74.0,-10.0,screener
HPL,Mar 2024,2024-03-31,annual,100.0,-39.0,-72.0,-11.0,screener
HPL,Mar 2025,2025-03-31,annual,138.0,-70.0,-66.0,2.0,screener
HPL,Mar 2026,2026-03-31,annual,226.0,-223.0,16.0,20.0,screener
HSCL,Mar 2022,2022-03-31,annual,331.0,-28.0,-182.0,121.0,screener
HSCL,Mar 2023,2023-03-31,annual,54.0,-397.0,377.0,34.0,screener
HSCL,Mar 2024,2024-03-31,annual,405.0,-405.0,7.0,7.0,screener
HSCL,Mar 2025,2025-03-31,annual,447.0,-235.0,-271.0,-60.0,screener
HSCL,Mar 2026,2026-03-31,annual,382.0,-963.0,590.0,10.0,screener
HUBTOWN,Mar 2022,2022-03-31,annual,24.0,24.0,-58.0,-10.0,screener
HUBTOWN,Mar 2023,2023-03-31,annual,-6.0,156.0,-145.0,6.0,screener
HUBTOWN,Mar 2024,2024-03-31,annual,161.0,-81.0,-27.0,53.0,screener
HUBTOWN,Mar 2025,2025-03-31,annual,-580.0,-75.0,644.0,-10.0,screener
HUBTOWN,Mar 2026,2026-03-31,annual,187.0,-520.0,390.0,56.0,screener
HUDCO,Mar 2022,2022-03-31,annual,-806.0,-1.0,81.0,-726.0,screener
HUDCO,Mar 2023,2023-03-31,annual,-851.0,-352.0,691.0,-512.0,screener
HUDCO,Mar 2024,2024-03-31,annual,-10287.0,435.0,10174.0,322.0,screener
HUDCO,Mar 2025,2025-03-31,annual,-31421.0,-1041.0,32218.0,-244.0,screener
HUDCO,Mar 2026,2026-03-31,annual,-33912.0,-884.0,34793.0,-3.0,screener
HUHTAMAKI,Dec 2012,2012-12-31,annual,63.0,-54.0,-16.0,-8.0,screener
HUHTAMAKI,Dec 2013,2013-12-31,annual,51.0,-21.0,-28.0,1.0,screener
HUHTAMAKI,Dec 2014,2014-12-31,annual,94.0,-204.0,106.0,-4.0,screener
HYUNDAI,Mar 2022,2022-03-31,annual,5138.0,-910.0,-1662.0,2566.0,screener
HYUNDAI,Mar 2023,2023-03-31,annual,6564.0,-1383.0,-1579.0,3602.0,screener
HYUNDAI,Mar 2024,2024-03-31,annual,9252.0,-10090.0,-15930.0,-16768.0,screener
HYUNDAI,Mar 2025,2025-03-31,annual,4345.0,-410.0,-63.0,3872.0,screener
HYUNDAI,Mar 2026,2026-03-31,annual,7321.0,-1941.0,-1591.0,3789.0,screener
ICDSLTD,Mar 2022,2022-03-31,annual,-0.54,0.23,0.31,0.01,screener
ICDSLTD,Mar 2023,2023-03-31,annual,6.36,-6.17,-0.2,-0.01,screener
ICDSLTD,Mar 2024,2024-03-31,annual,0.2,0.23,-0.18,0.25,screener
ICDSLTD,Mar 2025,2025-03-31,annual,1.06,-1.42,0.11,-0.25,screener
ICDSLTD,Mar 2026,2026-03-31,annual,1.62,-0.83,-0.27,0.52,screener
ICEMAKE,Mar 2022,2022-03-31,annual,8.0,-5.0,-3.0,0.0,screener
ICEMAKE,Mar 2023,2023-03-31,annual,24.0,-14.0,-9.0,1.0,screener
ICEMAKE,Mar 2024,2024-03-31,annual,10.0,-23.0,17.0,4.0,screener
ICEMAKE,Mar 2025,2025-03-31,annual,30.0,-83.0,49.0,-5.0,screener
ICEMAKE,Mar 2026,2026-03-31,annual,-11.0,-40.0,52.0,1.0,screener
ICICIBANK,Mar 2022,2022-03-31,annual,58111.0,-40007.0,17451.0,35555.0,screener
ICICIBANK,Mar 2023,2023-03-31,annual,-3771.0,-67689.0,24791.0,-46669.0,screener
ICICIBANK,Mar 2024,2024-03-31,annual,157284.0,-144737.0,13765.0,26312.0,screener
ICICIBANK,Mar 2025,2025-03-31,annual,122805.0,-77140.0,5589.0,51255.0,screener
ICICIBANK,Mar 2026,2026-03-31,annual,67325.0,-13014.0,-4661.0,49651.0,screener
ICICIPRULI,Mar 2022,2022-03-31,annual,1831.0,-816.0,-319.0,696.0,screener
ICICIPRULI,Mar 2023,2023-03-31,annual,89.0,-1145.0,-112.0,-1168.0,screener
ICICIPRULI,Mar 2024,2024-03-31,annual,-7315.0,7420.0,-88.0,17.0,screener
ICICIPRULI,Mar 2025,2025-03-31,annual,-9408.0,6869.0,1422.0,-1116.0,screener
ICICIPRULI,Mar 2026,2026-03-31,annual,-5355.0,7571.0,-171.0,2045.0,screener
ICIL,Mar 2022,2022-03-31,annual,-37.0,-258.0,646.0,352.0,screener
ICIL,Mar 2023,2023-03-31,annual,755.0,-474.0,-574.0,-293.0,screener
ICIL,Mar 2024,2024-03-31,annual,146.0,-98.0,-47.0,1.0,screener
ICIL,Mar 2025,2025-03-31,annual,394.0,-485.0,105.0,14.0,screener
ICIL,Mar 2026,2026-03-31,annual,573.0,-217.0,-349.0,7.0,screener
ICRA,Mar 2022,2022-03-31,annual,97.0,-72.0,-31.0,-7.0,screener
ICRA,Mar 2023,2023-03-31,annual,99.0,-77.0,-32.0,-10.0,screener
ICRA,Mar 2024,2024-03-31,annual,107.0,28.0,-137.0,-2.0,screener
ICRA,Mar 2025,2025-03-31,annual,145.0,-17.0,-103.0,25.0,screener
ICRA,Mar 2026,2026-03-31,annual,157.0,-95.0,-67.0,-5.0,screener
IDBI,Mar 2022,2022-03-31,annual,5068.0,-192.0,-4383.0,492.0,screener
IDBI,Mar 2023,2023-03-31,annual,-2701.0,-283.0,-3569.0,-6554.0,screener
IDBI,Mar 2024,2024-03-31,annual,-1252.0,-217.0,-1768.0,-3237.0,screener
IDBI,Mar 2025,2025-03-31,annual,25796.0,-338.0,-6990.0,18467.0,screener
IDBI,Mar 2026,2026-03-31,annual,16762.0,1441.0,-5765.0,12438.0,screener
IDEA,Mar 2022,2022-03-31,annual,17387.0,-5730.0,-10554.0,1103.0,screener
IDEA,Mar 2023,2023-03-31,annual,18869.0,-5414.0,-14680.0,-1224.0,screener
IDEA,Mar 2024,2024-03-31,annual,20826.0,-1907.0,-18980.0,-61.0,screener
IDEA,Mar 2025,2025-03-31,annual,9290.0,-16248.0,7047.0,89.0,screener
IDEA,Mar 2026,2026-03-31,annual,19411.0,-6104.0,-11458.0,1849.0,screener
IDEAFORGE,Mar 2022,2022-03-31,annual,67.0,-31.0,-11.0,25.0,screener
IDEAFORGE,Mar 2023,2023-03-31,annual,-53.0,-149.0,176.0,-26.0,screener
IDEAFORGE,Mar 2024,2024-03-31,annual,76.0,-102.0,189.0,164.0,screener
IDEAFORGE,Mar 2025,2025-03-31,annual,-77.0,-68.0,-8.0,-152.0,screener
IDEAFORGE,Mar 2026,2026-03-31,annual,-63.0,16.0,61.0,14.0,screener
IDFCFIRSTB,Mar 2022,2022-03-31,annual,2679.0,-2960.0,10211.0,9929.0,screener
IDFCFIRSTB,Mar 2023,2023-03-31,annual,3563.0,-11996.0,6509.0,-1924.0,screener
IDFCFIRSTB,Mar 2024,2024-03-31,annual,11543.0,-9887.0,-2954.0,-1298.0,screener
IDFCFIRSTB,Mar 2025,2025-03-31,annual,14465.0,-3174.0,-8673.0,2618.0,screener
IDFCFIRSTB,Mar 2026,2026-03-31,annual,6817.0,-14121.0,4972.0,-2333.0,screener
IEX,Mar 2022,2022-03-31,annual,762.0,-448.0,-136.0,178.0,screener
IEX,Mar 2023,2023-03-31,annual,-23.0,70.0,-215.0,-167.0,screener
IEX,Mar 2024,2024-03-31,annual,298.0,-24.0,-183.0,91.0,screener
IEX,Mar 2025,2025-03-31,annual,427.0,-196.0,-272.0,-41.0,screener
IEX,Mar 2026,2026-03-31,annual,433.0,-231.0,-272.0,-70.0,screener
IFBIND,Mar 2022,2022-03-31,annual,51.0,-27.0,-51.0,-28.0,screener
IFBIND,Mar 2023,2023-03-31,annual,106.0,-6.0,-94.0,6.0,screener
IFBIND,Mar 2024,2024-03-31,annual,351.0,-137.0,-186.0,28.0,screener
IFBIND,Mar 2025,2025-03-31,annual,118.0,-90.0,-23.0,5.0,screener
IFBIND,Mar 2026,2026-03-31,annual,299.0,-152.0,-138.0,9.0,screener
IFGLEXPOR,Mar 2022,2022-03-31,annual,4.0,-26.0,-7.0,-29.0,screener
IFGLEXPOR,Mar 2023,2023-03-31,annual,6.0,-118.0,50.0,-62.0,screener
IFGLEXPOR,Mar 2024,2024-03-31,annual,152.0,-115.0,-24.0,13.0,screener
IFGLEXPOR,Mar 2025,2025-03-31,annual,28.0,-34.0,-4.0,-9.0,screener
IFGLEXPOR,Mar 2026,2026-03-31,annual,63.0,-21.0,-58.0,-15.0,screener
IGARASHI,Mar 2006,2006-03-31,annual,-25.0,-26.0,65.0,13.0,screener
IGIL,Dec 2022,2022-12-31,annual,194.0,-43.0,-154.0,-2.0,screener
IGIL,Dec 2023,2023-12-31,annual,303.0,-85.0,-162.0,55.0,screener
IGIL,Dec 2024,2024-12-31,annual,393.0,-1634.0,1188.0,-52.0,screener
IGIL,Dec 2025,2025-12-31,annual,502.0,-307.0,-248.0,-53.0,screener
IGIL,Mar 2026,2026-03-31,annual,624.0,-320.0,-362.0,-58.0,screener
IGL,Mar 2022,2022-03-31,annual,1898.0,-1585.0,-328.0,-15.0,screener
IGL,Mar 2023,2023-03-31,annual,2231.0,-841.0,-1359.0,31.0,screener
IGL,Mar 2024,2024-03-31,annual,1532.0,-1103.0,-316.0,113.0,screener
IGL,Mar 2025,2025-03-31,annual,2199.0,-1519.0,-754.0,-74.0,screener
IGL,Mar 2026,2026-03-31,annual,1936.0,-1211.0,-699.0,25.0,screener
IGPL,Mar 2022,2022-03-31,annual,109.0,-106.0,-19.0,-15.0,screener
IGPL,Mar 2023,2023-03-31,annual,233.0,-255.0,21.0,-2.0,screener
IGPL,Mar 2024,2024-03-31,annual,37.0,-115.0,48.0,-29.0,screener
IGPL,Mar 2025,2025-03-31,annual,261.0,-92.0,-138.0,31.0,screener
IGPL,Mar 2026,2026-03-31,annual,102.0,-89.0,-53.0,-39.0,screener
IIFL,Mar 2022,2022-03-31,annual,1784.0,-996.0,2781.0,3569.0,screener
IIFL,Mar 2023,2023-03-31,annual,-5225.0,-2716.0,5361.0,-2580.0,screener
IIFL,Mar 2024,2024-03-31,annual,-8716.0,468.0,7088.0,-1160.0,screener
IIFL,Mar 2025,2025-03-31,annual,-4781.0,-1149.0,5526.0,-403.0,screener
IIFL,Mar 2026,2026-03-31,annual,-13976.0,-2606.0,17843.0,1262.0,screener
IIFLCAPS,Mar 2022,2022-03-31,annual,795.0,-86.0,108.0,817.0,screener
IIFLCAPS,Mar 2023,2023-03-31,annual,-793.0,163.0,-296.0,-925.0,screener
IIFLCAPS,Mar 2024,2024-03-31,annual,-118.0,-74.0,430.0,239.0,screener
IIFLCAPS,Mar 2025,2025-03-31,annual,871.0,-177.0,-490.0,204.0,screener
IIFLCAPS,Mar 2026,2026-03-31,annual,-1070.0,314.0,568.0,-187.0,screener
IITL,Mar 2022,2022-03-31,annual,-224.0,225.0,-1.0,0.0,screener
IITL,Mar 2023,2023-03-31,annual,277.0,-274.0,-1.0,2.0,screener
IITL,Mar 2024,2024-03-31,annual,-45.0,43.0,0.0,-2.0,screener
IITL,Mar 2025,2025-03-31,annual,-139.0,138.0,2.0,1.0,screener
IITL,Mar 2026,2026-03-31,annual,17.0,-17.0,-1.0,-1.0,screener
IKIO,Mar 2022,2022-03-31,annual,-15.0,-9.0,24.0,-1.0,screener
IKIO,Mar 2023,2023-03-31,annual,57.0,-47.0,-8.0,2.0,screener
IKIO,Mar 2024,2024-03-31,annual,-5.0,-249.0,266.0,12.0,screener
IKIO,Mar 2025,2025-03-31,annual,35.0,-4.0,-33.0,-2.0,screener
IKIO,Mar 2026,2026-03-31,annual,16.0,-13.0,6.0,10.0,screener
IKS,Mar 2022,2022-03-31,annual,233.0,-82.0,-59.0,92.0,screener
IKS,Mar 2023,2023-03-31,annual,288.0,-158.0,-152.0,-22.0,screener
IKS,Mar 2024,2024-03-31,annual,210.0,-1137.0,780.0,-147.0,screener
IKS,Mar 2025,2025-03-31,annual,318.0,241.0,-389.0,170.0,screener
IKS,Mar 2026,2026-03-31,annual,674.0,-210.0,-412.0,52.0,screener
IMAGICAA,Mar 2022,2022-03-31,annual,4.0,0.0,-1.0,3.0,screener
IMAGICAA,Mar 2023,2023-03-31,annual,117.0,-9.0,-53.0,55.0,screener
IMAGICAA,Mar 2024,2024-03-31,annual,105.0,-130.0,66.0,40.0,screener
IMAGICAA,Mar 2025,2025-03-31,annual,147.0,-461.0,251.0,-63.0,screener
IMAGICAA,Mar 2026,2026-03-31,annual,110.0,-287.0,156.0,-21.0,screener
IMFA,Mar 2022,2022-03-31,annual,390.0,-106.0,-284.0,0.0,screener
IMFA,Mar 2023,2023-03-31,annual,151.0,140.0,-291.0,1.0,screener
IMFA,Mar 2024,2024-03-31,annual,460.0,-209.0,-207.0,44.0,screener
IMFA,Mar 2025,2025-03-31,annual,585.0,-562.0,-68.0,-44.0,screener
IMFA,Mar 2026,2026-03-31,annual,318.0,-753.0,462.0,27.0,screener
INA,Mar 2022,2022-03-31,annual,9.0,-3.0,2.0,8.0,screener
INA,Mar 2023,2023-03-31,annual,-1.0,-29.0,45.0,15.0,screener
INA,Mar 2024,2024-03-31,annual,30.0,-33.0,28.0,25.0,screener
INA,Mar 2025,2025-03-31,annual,113.0,-554.0,394.0,-46.0,screener
INA,Mar 2026,2026-03-31,annual,-73.0,-186.0,698.0,439.0,screener
INDGN,Mar 2022,2022-03-31,annual,297.0,-158.0,233.0,373.0,screener
INDGN,Mar 2023,2023-03-31,annual,130.0,-896.0,333.0,-433.0,screener
INDGN,Mar 2024,2024-03-31,annual,508.0,-326.0,-66.0,115.0,screener
INDGN,Mar 2025,2025-03-31,annual,442.0,-677.0,288.0,52.0,screener
INDGN,Mar 2026,2026-03-31,annual,651.0,-512.0,-83.0,56.0,screener
INDHOTEL,Mar 2022,2022-03-31,annual,672.0,-1641.0,1659.0,689.0,screener
INDHOTEL,Mar 2023,2023-03-31,annual,1619.0,-138.0,-1528.0,-47.0,screener
INDHOTEL,Mar 2024,2024-03-31,annual,1935.0,-1208.0,-985.0,-257.0,screener
INDHOTEL,Mar 2025,2025-03-31,annual,2194.0,-1869.0,-547.0,-222.0,screener
INDHOTEL,Mar 2026,2026-03-31,annual,2471.0,-1346.0,-976.0,149.0,screener
INDIACEM,Mar 2022,2022-03-31,annual,439.0,-250.0,-183.0,6.0,screener
INDIACEM,Mar 2023,2023-03-31,annual,-19.0,435.0,-397.0,19.0,screener
INDIACEM,Mar 2024,2024-03-31,annual,344.0,248.0,-572.0,19.0,screener
INDIACEM,Mar 2025,2025-03-31,annual,-256.0,2015.0,-1738.0,20.0,screener
INDIACEM,Mar 2026,2026-03-31,annual,-27.0,-103.0,40.0,-89.0,screener
INDIAGLYCO,Mar 2022,2022-03-31,annual,116.0,76.0,-189.0,4.0,screener
INDIAGLYCO,Mar 2023,2023-03-31,annual,326.0,-330.0,-1.0,-5.0,screener
INDIAGLYCO,Mar 2024,2024-03-31,annual,439.0,-503.0,90.0,25.0,screener
INDIAGLYCO,Mar 2025,2025-03-31,annual,362.0,-736.0,354.0,-20.0,screener
INDIAGLYCO,Mar 2026,2026-03-31,annual,769.0,-767.0,23.0,25.0,screener
INDIAMART,Mar 2022,2022-03-31,annual,402.0,-335.0,-58.0,9.0,screener
INDIAMART,Mar 2023,2023-03-31,annual,476.0,-324.0,-143.0,9.0,screener
INDIAMART,Mar 2024,2024-03-31,annual,559.0,162.0,-695.0,27.0,screener
INDIAMART,Mar 2025,2025-03-31,annual,623.0,-486.0,-148.0,-11.0,screener
INDIAMART,Mar 2026,2026-03-31,annual,694.0,-347.0,-340.0,7.0,screener
INDIANB,Mar 2022,2022-03-31,annual,28750.0,-305.0,18.0,28464.0,screener
INDIANB,Mar 2023,2023-03-31,annual,-27894.0,-314.0,-1543.0,-29751.0,screener
INDIANB,Mar 2024,2024-03-31,annual,-8617.0,-618.0,1195.0,-8040.0,screener
INDIANB,Mar 2025,2025-03-31,annual,17396.0,-348.0,-4264.0,12784.0,screener
INDIANB,Mar 2026,2026-03-31,annual,18815.0,-428.0,-7649.0,10738.0,screener
INDIANCARD,Mar 2022,2022-03-31,annual,-0.09,166.76,-4.59,162.08,screener
INDIANCARD,Mar 2023,2023-03-31,annual,2.96,-120.93,-30.84,-148.81,screener
INDIANCARD,Mar 2024,2024-03-31,annual,1.55,-20.7,-2.11,-21.27,screener
INDIANCARD,Mar 2025,2025-03-31,annual,-17.32,57.65,-11.85,28.47,screener
INDIANCARD,Mar 2026,2026-03-31,annual,-15.86,-3.52,-14.5,-33.89,screener
INDIASHLTR,Mar 2022,2022-03-31,annual,-495.0,-186.0,592.0,-89.0,screener
INDIASHLTR,Mar 2023,2023-03-31,annual,-852.0,162.0,907.0,217.0,screener
INDIASHLTR,Mar 2024,2024-03-31,annual,-1232.0,-236.0,1220.0,-249.0,screener
INDIASHLTR,Mar 2025,2025-03-31,annual,-1435.0,-61.0,1566.0,70.0,screener
INDIASHLTR,Mar 2026,2026-03-31,annual,-1185.0,-105.0,1238.0,-53.0,screener
INDIGO,Mar 2022,2022-03-31,annual,2091.0,1504.0,-3088.0,506.0,screener
INDIGO,Mar 2023,2023-03-31,annual,12728.0,-4043.0,-8432.0,253.0,screener
INDIGO,Mar 2024,2024-03-31,annual,21218.0,-11812.0,-9979.0,-573.0,screener
INDIGO,Mar 2025,2025-03-31,annual,24151.0,-12758.0,-11015.0,378.0,screener
INDIGO,Mar 2026,2026-03-31,annual,23470.0,-1952.0,-21276.0,241.0,screener
INDIGOPNTS,Mar 2023,2023-03-31,annual,116.0,-84.0,-20.0,12.0,screener
INDIGOPNTS,Mar 2024,2024-03-31,annual,151.0,-142.0,-23.0,-14.0,screener
INDIGOPNTS,Mar 2025,2025-03-31,annual,206.0,-178.0,-24.0,4.0,screener
INDIGOPNTS,Mar 2026,2026-03-31,annual,223.0,-196.0,-32.0,-5.0,screener
INDNIPPON,Mar 2022,2022-03-31,annual,7.0,28.0,-15.0,20.0,screener
INDNIPPON,Mar 2023,2023-03-31,annual,57.0,-46.0,-22.0,-11.0,screener
INDNIPPON,Mar 2024,2024-03-31,annual,63.0,-39.0,-25.0,-1.0,screener
INDNIPPON,Mar 2025,2025-03-31,annual,50.0,-12.0,-30.0,8.0,screener
INDNIPPON,Mar 2026,2026-03-31,annual,40.0,-18.0,-36.0,-14.0,screener
INDOAMIN,Mar 2022,2022-03-31,annual,15.0,-39.0,32.0,9.0,screener
INDOAMIN,Mar 2023,2023-03-31,annual,20.0,-30.0,4.0,-5.0,screener
INDOAMIN,Mar 2024,2024-03-31,annual,70.0,-27.0,-41.0,2.0,screener
INDOAMIN,Mar 2025,2025-03-31,annual,35.0,-82.0,42.0,-5.0,screener
INDOAMIN,Mar 2026,2026-03-31,annual,79.0,-71.0,-1.0,7.0,screener
INDOBORAX,Mar 2022,2022-03-31,annual,11.0,26.0,-3.0,34.0,screener
INDOBORAX,Mar 2023,2023-03-31,annual,60.0,-8.0,-3.0,49.0,screener
INDOBORAX,Mar 2024,2024-03-31,annual,69.0,-30.0,-3.0,36.0,screener
INDOBORAX,Mar 2025,2025-03-31,annual,-72.0,-7.0,-3.0,-82.0,screener
INDOBORAX,Mar 2026,2026-03-31,annual,87.0,-77.0,-3.0,7.0,screener
INDOCO,Mar 2022,2022-03-31,annual,174.0,-121.0,-44.0,8.0,screener
INDOCO,Mar 2023,2023-03-31,annual,179.0,-208.0,23.0,-7.0,screener
INDOCO,Mar 2024,2024-03-31,annual,155.0,-432.0,280.0,4.0,screener
INDOCO,Mar 2025,2025-03-31,annual,95.0,-339.0,241.0,-3.0,screener
INDOCO,Mar 2026,2026-03-31,annual,192.0,-102.0,-77.0,14.0,screener
INDOFARM,Mar 2022,2022-03-31,annual,10.0,-26.0,16.0,0.0,screener
INDOFARM,Mar 2023,2023-03-31,annual,30.0,-8.0,-22.0,0.0,screener
INDOFARM,Mar 2024,2024-03-31,annual,41.0,-3.0,-26.0,12.0,screener
INDOFARM,Mar 2025,2025-03-31,annual,53.0,-75.0,68.0,46.0,screener
INDOFARM,Mar 2026,2026-03-31,annual,30.0,25.0,-41.0,14.0,screener
INDOSTAR,Mar 2022,2022-03-31,annual,-1564.0,1165.0,200.0,-199.0,screener
INDOSTAR,Mar 2023,2023-03-31,annual,899.0,-259.0,-540.0,99.0,screener
INDOSTAR,Mar 2024,2024-03-31,annual,-2208.0,683.0,1959.0,434.0,screener
INDOSTAR,Mar 2025,2025-03-31,annual,-1061.0,-305.0,1070.0,-296.0,screener
INDOSTAR,Mar 2026,2026-03-31,annual,-989.0,2259.0,-1330.0,-60.0,screener
INDOTHAI,Mar 2022,2022-03-31,annual,5.0,-9.0,-1.0,-4.0,screener
INDOTHAI,Mar 2023,2023-03-31,annual,1.0,-2.0,0.0,0.0,screener
INDOTHAI,Mar 2024,2024-03-31,annual,-3.0,3.0,0.0,1.0,screener
INDOTHAI,Mar 2025,2025-03-31,annual,-22.0,-75.0,95.0,-2.0,screener
INDOTHAI,Mar 2026,2026-03-31,annual,-34.0,-22.0,58.0,2.0,screener
INDOWIND,Mar 2022,2022-03-31,annual,1.41,2.63,-6.46,-2.42,screener
INDOWIND,Mar 2023,2023-03-31,annual,0.32,4.78,15.07,20.17,screener
INDOWIND,Mar 2024,2024-03-31,annual,-8.05,43.96,-57.19,-21.28,screener
INDOWIND,Mar 2025,2025-03-31,annual,-9.17,-22.5,32.9,1.24,screener
INDOWIND,Mar 2026,2026-03-31,annual,2.77,-33.8,38.55,7.52,screener
INDSWFTLAB,Mar 2022,2022-03-31,annual,150.0,5.0,-141.0,14.0,screener
INDSWFTLAB,Mar 2023,2023-03-31,annual,195.0,-13.0,-186.0,-4.0,screener
INDSWFTLAB,Mar 2024,2024-03-31,annual,-187.0,-28.0,657.0,443.0,screener
INDSWFTLAB,Mar 2025,2025-03-31,annual,-25.0,-110.0,69.0,-66.0,screener
INDSWFTLAB,Mar 2026,2026-03-31,annual,-70.0,-73.0,142.0,-1.0,screener
INDUSFILA,Jun 2008,2008-06-30,annual,-17.0,-17.0,31.0,-3.0,screener
INDUSFILA,Mar 2010,2010-03-31,annual,31.0,-5.0,-26.0,0.0,screener
INDUSFILA,Mar 2011,2011-03-31,annual,14.0,-6.0,-8.0,0.0,screener
INDUSFILA,Mar 2012,2012-03-31,annual,43.0,-5.0,-34.0,4.0,screener
INDUSFILA,Jun 2013,2013-06-30,annual,33.0,0.0,-39.0,-6.0,screener
INDUSINDBK,Mar 2022,2022-03-31,annual,16672.0,-395.0,-4302.0,11975.0,screener
INDUSINDBK,Mar 2023,2023-03-31,annual,-12442.0,-481.0,1115.0,-11808.0,screener
INDUSINDBK,Mar 2024,2024-03-31,annual,-16925.0,-703.0,-2242.0,-19869.0,screener
INDUSINDBK,Mar 2025,2025-03-31,annual,18278.0,-685.0,4876.0,22468.0,screener
INDUSINDBK,Mar 2026,2026-03-31,annual,993.0,-524.0,-10912.0,-10443.0,screener
INDUSTOWER,Mar 2022,2022-03-31,annual,9121.0,-2174.0,-5982.0,966.0,screener
INDUSTOWER,Mar 2023,2023-03-31,annual,7905.0,-1730.0,-7133.0,-958.0,screener
INDUSTOWER,Mar 2024,2024-03-31,annual,11582.0,-7546.0,-3995.0,41.0,screener
INDUSTOWER,Mar 2025,2025-03-31,annual,19645.0,-10910.0,-8648.0,87.0,screener
INDUSTOWER,Mar 2026,2026-03-31,annual,15684.0,-10198.0,-5588.0,-102.0,screener
INFOBEAN,Mar 2022,2022-03-31,annual,81.0,-47.0,-15.0,18.0,screener
INFOBEAN,Mar 2023,2023-03-31,annual,77.0,-71.0,-14.0,-8.0,screener
INFOBEAN,Mar 2024,2024-03-31,annual,44.0,-24.0,-15.0,4.0,screener
INFOBEAN,Mar 2025,2025-03-31,annual,50.0,-27.0,-13.0,10.0,screener
INFOBEAN,Mar 2026,2026-03-31,annual,85.0,-51.0,-21.0,12.0,screener
INFY,Mar 2022,2022-03-31,annual,23885.0,-6485.0,-24642.0,-7242.0,screener
INFY,Mar 2023,2023-03-31,annual,22467.0,-1071.0,-26695.0,-5299.0,screener
INFY,Mar 2024,2024-03-31,annual,25210.0,-5093.0,-17504.0,2613.0,screener
INFY,Mar 2025,2025-03-31,annual,35694.0,-1864.0,-24161.0,9669.0,screener
INFY,Mar 2026,2026-03-31,annual,33986.0,3546.0,-39786.0,-2254.0,screener
INNOVACAP,Mar 2022,2022-03-31,annual,59.0,-188.0,125.0,-5.0,screener
INNOVACAP,Mar 2023,2023-03-31,annual,67.0,-91.0,27.0,3.0,screener
INNOVACAP,Mar 2024,2024-03-31,annual,146.0,-499.0,361.0,8.0,screener
INNOVACAP,Mar 2025,2025-03-31,annual,64.0,-152.0,92.0,4.0,screener
INNOVACAP,Mar 2026,2026-03-31,annual,117.0,-107.0,-22.0,-12.0,screener
INNOVISION,Mar 2022,2022-03-31,annual,5.0,-3.0,-4.0,-2.0,screener
INNOVISION,Mar 2023,2023-03-31,annual,3.0,1.0,-4.0,0.0,screener
INNOVISION,Mar 2024,2024-03-31,annual,6.0,-34.0,9.0,-19.0,screener
INNOVISION,Mar 2025,2025-03-31,annual,-22.0,2.0,23.0,3.0,screener
INNOVISION,Mar 2026,2026-03-31,annual,-28.0,-134.0,206.0,44.0,screener
INOXGREEN,Mar 2022,2022-03-31,annual,141.0,-153.0,-63.0,-76.0,screener
INOXGREEN,Mar 2023,2023-03-31,annual,-26.0,-5.0,-10.0,-42.0,screener
INOXGREEN,Mar 2024,2024-03-31,annual,-8.0,-63.0,79.0,8.0,screener
INOXGREEN,Mar 2025,2025-03-31,annual,60.0,-637.0,572.0,-5.0,screener
INOXGREEN,Mar 2026,2026-03-31,annual,67.0,-293.0,307.0,81.0,screener
INOXINDIA,Mar 2022,2022-03-31,annual,97.0,-72.0,-26.0,-1.0,screener
INOXINDIA,Mar 2023,2023-03-31,annual,177.0,-13.0,-154.0,10.0,screener
INOXINDIA,Mar 2024,2024-03-31,annual,122.0,-26.0,-103.0,-6.0,screener
INOXINDIA,Mar 2025,2025-03-31,annual,122.0,-141.0,17.0,-1.0,screener
INOXINDIA,Mar 2026,2026-03-31,annual,117.0,-110.0,5.0,13.0,screener
INOXWIND,Mar 2022,2022-03-31,annual,-475.0,-74.0,486.0,-62.0,screener
INOXWIND,Mar 2023,2023-03-31,annual,-1100.0,231.0,824.0,-45.0,screener
INOXWIND,Mar 2024,2024-03-31,annual,-366.0,487.0,-130.0,-9.0,screener
INOXWIND,Mar 2025,2025-03-31,annual,138.0,-406.0,277.0,9.0,screener
INOXWIND,Mar 2026,2026-03-31,annual,-598.0,-850.0,1558.0,110.0,screener
INTELLECT,Mar 2022,2022-03-31,annual,453.0,-399.0,-52.0,1.0,screener
INTELLECT,Mar 2023,2023-03-31,annual,174.0,-177.0,-50.0,-52.0,screener
INTELLECT,Mar 2024,2024-03-31,annual,410.0,-255.0,-49.0,106.0,screener
INTELLECT,Mar 2025,2025-03-31,annual,431.0,-244.0,-63.0,124.0,screener
INTELLECT,Mar 2026,2026-03-31,annual,510.0,-272.0,-113.0,125.0,screener
IOB,Mar 2022,2022-03-31,annual,5539.0,-49.0,479.0,5969.0,screener
IOB,Mar 2023,2023-03-31,annual,-13655.0,-560.0,-1916.0,-16130.0,screener
IOB,Mar 2024,2024-03-31,annual,-1119.0,-359.0,-528.0,-2006.0,screener
IOB,Mar 2025,2025-03-31,annual,2647.0,-579.0,337.0,2405.0,screener
IOB,Mar 2026,2026-03-31,annual,4780.0,-639.0,-138.0,4003.0,screener
IOC,Mar 2022,2022-03-31,annual,24570.0,-21178.0,-2997.0,395.0,screener
IOC,Mar 2023,2023-03-31,annual,29644.0,-28030.0,-1794.0,-180.0,screener
IOC,Mar 2024,2024-03-31,annual,71146.0,-31512.0,-39385.0,250.0,screener
IOC,Mar 2025,2025-03-31,annual,34699.0,-31848.0,-3425.0,-573.0,screener
IOC,Mar 2026,2026-03-31,annual,76142.0,-22274.0,-52672.0,1197.0,screener
IOLCP,Mar 2022,2022-03-31,annual,93.0,-121.0,-2.0,-29.0,screener
IOLCP,Mar 2023,2023-03-31,annual,122.0,-120.0,-4.0,-2.0,screener
IOLCP,Mar 2024,2024-03-31,annual,290.0,-191.0,-92.0,6.0,screener
IOLCP,Mar 2025,2025-03-31,annual,179.0,-154.0,46.0,70.0,screener
IOLCP,Mar 2026,2026-03-31,annual,214.0,-198.0,-29.0,-13.0,screener
IONEXCHANG,Mar 2022,2022-03-31,annual,91.0,-93.0,-27.0,-28.0,screener
IONEXCHANG,Mar 2023,2023-03-31,annual,63.0,-41.0,-15.0,6.0,screener
IONEXCHANG,Mar 2024,2024-03-31,annual,130.0,-160.0,8.0,-22.0,screener
IONEXCHANG,Mar 2025,2025-03-31,annual,32.0,-165.0,128.0,-4.0,screener
IONEXCHANG,Mar 2026,2026-03-31,annual,-28.0,-44.0,100.0,27.0,screener
IPCALAB,Mar 2022,2022-03-31,annual,856.0,-851.0,427.0,432.0,screener
IPCALAB,Mar 2023,2023-03-31,annual,806.0,-725.0,507.0,588.0,screener
IPCALAB,Mar 2024,2024-03-31,annual,945.0,-1215.0,-553.0,-823.0,screener
IPCALAB,Mar 2025,2025-03-31,annual,1321.0,-870.0,-283.0,169.0,screener
IPCALAB,Mar 2026,2026-03-31,annual,1142.0,-247.0,-754.0,142.0,screener
IPL,Mar 2022,2022-03-31,annual,76.0,-133.0,71.0,14.0,screener
IPL,Mar 2023,2023-03-31,annual,45.0,-24.0,-25.0,-4.0,screener
IPL,Mar 2024,2024-03-31,annual,115.0,-120.0,3.0,-2.0,screener
IPL,Mar 2025,2025-03-31,annual,3.0,1.0,19.0,23.0,screener
IPL,Mar 2026,2026-03-31,annual,62.0,-83.0,36.0,15.0,screener
IRB,Mar 2022,2022-03-31,annual,364.0,-1553.0,589.0,-601.0,screener
IRB,Mar 2023,2023-03-31,annual,1764.0,-650.0,-860.0,253.0,screener
IRB,Mar 2024,2024-03-31,annual,4054.0,-3644.0,-477.0,-68.0,screener
IRB,Mar 2025,2025-03-31,annual,1971.0,375.0,-720.0,1627.0,screener
IRB,Mar 2026,2026-03-31,annual,2098.0,-910.0,-2702.0,-1513.0,screener
IRCON,Mar 2022,2022-03-31,annual,1414.0,-1241.0,671.0,844.0,screener
IRCON,Mar 2023,2023-03-31,annual,-278.0,1582.0,-223.0,1080.0,screener
IRCON,Mar 2024,2024-03-31,annual,-79.0,-720.0,640.0,-158.0,screener
IRCON,Mar 2025,2025-03-31,annual,-1110.0,54.0,1156.0,100.0,screener
IRCON,Mar 2026,2026-03-31,annual,-618.0,-366.0,801.0,-182.0,screener
IRCTC,Mar 2023,2023-03-31,annual,812.0,-317.0,-434.0,61.0,screener
IRCTC,Mar 2024,2024-03-31,annual,882.0,-200.0,-404.0,277.0,screener
IRCTC,Mar 2025,2025-03-31,annual,833.0,-252.0,-910.0,-329.0,screener
IRCTC,Mar 2026,2026-03-31,annual,1273.0,-446.0,-787.0,40.0,screener
IREDA,Mar 2020,2020-03-31,annual,-1709.0,0.0,2141.0,431.0,screener
IREDA,Mar 2021,2021-03-31,annual,-3206.0,-2.0,2441.0,-767.0,screener
IREDA,Mar 2024,2024-03-31,annual,-11100.0,-23.0,11059.0,-64.0,screener
IREDA,Mar 2025,2025-03-31,annual,-14460.0,-518.0,14960.0,-17.0,screener
IREDA,Mar 2026,2026-03-31,annual,-14477.0,-281.0,14748.0,-10.0,screener
IRIS,Mar 2022,2022-03-31,annual,0.0,0.0,0.0,0.0,screener
IRIS,Mar 2023,2023-03-31,annual,6.0,-2.0,-2.0,2.0,screener
IRIS,Mar 2024,2024-03-31,annual,12.0,-5.0,-1.0,6.0,screener
IRIS,Mar 2025,2025-03-31,annual,28.0,-27.0,17.0,18.0,screener
IRIS,Mar 2026,2026-03-31,annual,105.0,-119.0,-3.0,-17.0,screener
IRMENERGY,Mar 2022,2022-03-31,annual,129.0,-110.0,15.0,33.0,screener
IRMENERGY,Mar 2023,2023-03-31,annual,47.0,-175.0,118.0,-10.0,screener
IRMENERGY,Mar 2024,2024-03-31,annual,120.0,-291.0,380.0,209.0,screener
IRMENERGY,Mar 2025,2025-03-31,annual,94.0,-199.0,-116.0,-221.0,screener
IRMENERGY,Mar 2026,2026-03-31,annual,143.0,-44.0,-96.0,3.0,screener
ISGEC,Mar 2022,2022-03-31,annual,-70.0,-159.0,176.0,-53.0,screener
ISGEC,Mar 2023,2023-03-31,annual,208.0,-43.0,-98.0,67.0,screener
ISGEC,Mar 2024,2024-03-31,annual,735.0,-274.0,-487.0,-26.0,screener
ISGEC,Mar 2025,2025-03-31,annual,116.0,-274.0,108.0,-49.0,screener
ISGEC,Mar 2026,2026-03-31,annual,765.0,-131.0,-341.0,293.0,screener
ITC,Mar 2022,2022-03-31,annual,15776.0,-2238.0,-13580.0,-43.0,screener
ITC,Mar 2023,2023-03-31,annual,18878.0,-5732.0,-13006.0,139.0,screener
ITC,Mar 2024,2024-03-31,annual,17179.0,1563.0,-18551.0,191.0,screener
ITC,Mar 2025,2025-03-31,annual,17627.0,-564.0,-17037.0,26.0,screener
ITC,Mar 2026,2026-03-31,annual,18464.0,-2321.0,-16147.0,-4.0,screener
ITCHOTELS,Mar 2024,2024-03-31,annual,672.0,-753.0,127.0,47.0,screener
ITCHOTELS,Mar 2025,2025-03-31,annual,801.0,-2203.0,1430.0,27.0,screener
ITCHOTELS,Mar 2026,2026-03-31,annual,1110.0,-1174.0,19.0,-46.0,screener
ITDC,Mar 2022,2022-03-31,annual,16.0,5.0,0.0,21.0,screener
ITDC,Mar 2023,2023-03-31,annual,-12.0,-3.0,0.0,-15.0,screener
ITDC,Mar 2024,2024-03-31,annual,-3.0,50.0,-19.0,28.0,screener
ITDC,Mar 2025,2025-03-31,annual,53.0,-4.0,-22.0,27.0,screener
ITDC,Mar 2026,2026-03-31,annual,70.0,-73.0,-25.0,-28.0,screener
ITI,Mar 2022,2022-03-31,annual,-432.0,178.0,241.0,-12.0,screener
ITI,Mar 2023,2023-03-31,annual,-294.0,46.0,241.0,-6.0,screener
ITI,Mar 2024,2024-03-31,annual,974.0,-543.0,-322.0,109.0,screener
ITI,Mar 2025,2025-03-31,annual,-135.0,651.0,-485.0,30.0,screener
ITI,Mar 2026,2026-03-31,annual,-135.0,924.0,-913.0,-124.0,screener
IVALUE,Mar 2022,2022-03-31,annual,33.0,-24.0,-29.0,-19.0,screener
IVALUE,Mar 2023,2023-03-31,annual,-23.0,30.0,22.0,29.0,screener
IVALUE,Mar 2024,2024-03-31,annual,66.0,24.0,-22.0,67.0,screener
IVALUE,Mar 2025,2025-03-31,annual,46.0,-36.0,-20.0,-10.0,screener
IVALUE,Mar 2026,2026-03-31,annual,108.0,-98.0,-9.0,2.0,screener
IXIGO,Mar 2022,2022-03-31,annual,-34.0,-222.0,258.0,2.0,screener
IXIGO,Mar 2023,2023-03-31,annual,31.0,22.0,-2.0,51.0,screener
IXIGO,Mar 2024,2024-03-31,annual,43.0,-45.0,-46.0,-48.0,screener
IXIGO,Mar 2025,2025-03-31,annual,122.0,-203.0,104.0,23.0,screener
IXIGO,Mar 2026,2026-03-31,annual,196.0,-1211.0,1287.0,271.0,screener
IZMO,Mar 2022,2022-03-31,annual,16.0,-22.0,-6.0,-12.0,screener
IZMO,Mar 2023,2023-03-31,annual,30.0,-29.0,0.0,0.0,screener
IZMO,Mar 2024,2024-03-31,annual,31.0,-29.0,3.0,5.0,screener
IZMO,Mar 2025,2025-03-31,annual,4.0,-2.0,5.0,8.0,screener
IZMO,Mar 2026,2026-03-31,annual,20.0,-32.0,-2.0,-14.0,screener
J&KBANK,Mar 2022,2022-03-31,annual,-1568.0,-85.0,941.0,-712.0,screener
J&KBANK,Mar 2023,2023-03-31,annual,-407.0,-124.0,638.0,107.0,screener
J&KBANK,Mar 2024,2024-03-31,annual,-853.0,-257.0,407.0,-702.0,screener
J&KBANK,Mar 2025,2025-03-31,annual,2723.0,-102.0,-1034.0,1587.0,screener
J&KBANK,Mar 2026,2026-03-31,annual,-1126.0,-302.0,-500.0,-1928.0,screener
JAICORPLTD,Mar 2022,2022-03-31,annual,91.0,4.0,-98.0,-3.0,screener
JAICORPLTD,Mar 2023,2023-03-31,annual,72.0,-60.0,-17.0,-5.0,screener
JAICORPLTD,Mar 2024,2024-03-31,annual,41.0,-30.0,-11.0,0.0,screener
JAICORPLTD,Mar 2025,2025-03-31,annual,45.0,111.0,-155.0,1.0,screener
JAICORPLTD,Mar 2026,2026-03-31,annual,14.0,85.0,-97.0,2.0,screener
JAINREC,Mar 2023,2023-03-31,annual,11.0,-9.0,3.0,5.0,screener
JAINREC,Mar 2024,2024-03-31,annual,33.0,-93.0,136.0,76.0,screener
JAINREC,Mar 2025,2025-03-31,annual,4.0,-26.0,-35.0,-58.0,screener
JAINREC,Mar 2026,2026-03-31,annual,-591.0,-79.0,716.0,46.0,screener
JAMNAAUTO,Mar 2022,2022-03-31,annual,1.0,-36.0,20.0,-15.0,screener_yfinance_fallback_normalized
JAMNAAUTO,Mar 2023,2023-03-31,annual,374.0,-88.0,-257.0,28.0,screener_yfinance_fallback_normalized
JAMNAAUTO,Mar 2024,2024-03-31,annual,90.0,-160.0,92.0,22.0,screener_yfinance_fallback_normalized
JAMNAAUTO,Mar 2025,2025-03-31,annual,289.0,-189.0,-34.0,66.0,screener_yfinance_fallback_normalized
JAMNAAUTO,Mar 2026,2026-03-31,annual,510.0,-245.0,-302.0,-37.0,screener_yfinance_fallback_normalized
JARO,Mar 2022,2022-03-31,annual,11.0,-6.0,1.0,6.0,screener
JARO,Mar 2023,2023-03-31,annual,3.0,-8.0,-5.0,-10.0,screener
JARO,Mar 2024,2024-03-31,annual,-17.0,47.0,-19.0,12.0,screener
JASH,Mar 2022,2022-03-31,annual,14.0,-16.0,2.0,0.0,screener
JASH,Mar 2023,2023-03-31,annual,34.0,-16.0,-13.0,5.0,screener
JASH,Mar 2024,2024-03-31,annual,58.0,-68.0,32.0,22.0,screener
JASH,Mar 2025,2025-03-31,annual,55.0,-72.0,-2.0,-18.0,screener
JASH,Mar 2026,2026-03-31,annual,56.0,-24.0,-17.0,15.0,screener
JAYBARMARU,Mar 2022,2022-03-31,annual,106.0,-76.0,-29.0,1.0,screener
JAYBARMARU,Mar 2023,2023-03-31,annual,154.0,-65.0,-87.0,3.0,screener
JAYBARMARU,Mar 2024,2024-03-31,annual,188.0,-140.0,-51.0,-4.0,screener
JAYBARMARU,Mar 2025,2025-03-31,annual,199.0,-265.0,65.0,-1.0,screener
JAYBARMARU,Mar 2026,2026-03-31,annual,197.0,-132.0,-62.0,4.0,screener
JAYKAY,Mar 2022,2022-03-31,annual,-2.0,-22.0,9.0,-15.0,screener
JAYKAY,Mar 2023,2023-03-31,annual,-25.0,-3.0,32.0,5.0,screener
JAYKAY,Mar 2024,2024-03-31,annual,-32.0,-27.0,62.0,3.0,screener
JAYKAY,Mar 2025,2025-03-31,annual,0.0,-104.0,110.0,5.0,screener
JAYKAY,Mar 2026,2026-03-31,annual,40.0,-32.0,-4.0,4.0,screener
JAYNECOIND,Mar 2012,2012-03-31,annual,179.0,-516.0,408.0,70.0,screener
JAYNECOIND,Mar 2013,2013-03-31,annual,195.0,-1114.0,947.0,28.0,screener
JAYNECOIND,Mar 2014,2014-03-31,annual,184.0,-976.0,889.0,96.0,screener
JAYNECOIND,Mar 2015,2015-03-31,annual,332.0,-515.0,-9.0,-192.0,screener
JAYNECOIND,Mar 2016,2016-03-31,annual,521.0,-27.0,-506.0,-13.0,screener
JBCHEPHARM,Mar 2022,2022-03-31,annual,170.0,2.0,-138.0,34.0,screener
JBCHEPHARM,Mar 2023,2023-03-31,annual,626.0,-962.0,357.0,20.0,screener
JBCHEPHARM,Mar 2024,2024-03-31,annual,801.0,-404.0,-385.0,11.0,screener
JBCHEPHARM,Mar 2025,2025-03-31,annual,902.0,-296.0,-580.0,27.0,screener
JBCHEPHARM,Mar 2026,2026-03-31,annual,704.0,-586.0,-123.0,-5.0,screener
JBMA,Mar 2022,2022-03-31,annual,-142.0,-295.0,454.0,16.0,screener
JBMA,Mar 2023,2023-03-31,annual,484.0,-646.0,159.0,-2.0,screener
JBMA,Mar 2024,2024-03-31,annual,205.0,-443.0,248.0,10.0,screener
JBMA,Mar 2025,2025-03-31,annual,394.0,-556.0,224.0,62.0,screener
JBMA,Mar 2026,2026-03-31,annual,-60.0,-258.0,314.0,-4.0,screener
JGCHEM,Mar 2022,2022-03-31,annual,7.0,-5.0,0.0,1.0,screener
JGCHEM,Mar 2023,2023-03-31,annual,31.0,-5.0,-29.0,-2.0,screener
JGCHEM,Mar 2024,2024-03-31,annual,76.0,-140.0,107.0,43.0,screener
JGCHEM,Mar 2025,2025-03-31,annual,-11.0,25.0,-29.0,-15.0,screener
JGCHEM,Mar 2026,2026-03-31,annual,44.0,-60.0,1.0,-15.0,screener
JINDALPOLY,Mar 2021,2021-03-31,annual,911.0,-443.0,-534.0,-66.0,screener
JINDALPOLY,Mar 2022,2022-03-31,annual,724.0,-1078.0,259.0,-95.0,screener
JINDALPOLY,Mar 2023,2023-03-31,annual,-566.0,-2369.0,2856.0,-78.0,screener
JINDALPOLY,Mar 2024,2024-03-31,annual,133.0,-82.0,-44.0,6.0,screener
JINDALPOLY,Mar 2025,2025-03-31,annual,222.0,276.0,-492.0,6.0,screener
JINDALSAW,Mar 2022,2022-03-31,annual,73.0,-190.0,61.0,-55.0,screener
JINDALSAW,Mar 2023,2023-03-31,annual,1616.0,-68.0,-1966.0,-419.0,screener
JINDALSAW,Mar 2024,2024-03-31,annual,2593.0,-1917.0,-12.0,663.0,screener
JINDALSAW,Mar 2025,2025-03-31,annual,2335.0,-897.0,-1524.0,-86.0,screener
JINDALSAW,Mar 2026,2026-03-31,annual,1771.0,-947.0,-1073.0,-249.0,screener
JINDALSTEL,Mar 2022,2022-03-31,annual,16048.0,-2331.0,-15120.0,-1403.0,screener
JINDALSTEL,Mar 2023,2023-03-31,annual,7347.0,-4090.0,-2500.0,757.0,screener
JINDALSTEL,Mar 2024,2024-03-31,annual,6008.0,-8344.0,1381.0,-955.0,screener
JINDALSTEL,Mar 2025,2025-03-31,annual,10824.0,-12323.0,809.0,-689.0,screener
JINDALSTEL,Mar 2026,2026-03-31,annual,7204.0,-10734.0,2803.0,-727.0,screener
JINDRILL,Mar 2022,2022-03-31,annual,196.0,-66.0,-119.0,11.0,screener
JINDRILL,Mar 2023,2023-03-31,annual,64.0,-38.0,-23.0,3.0,screener
JINDRILL,Mar 2024,2024-03-31,annual,-44.0,-20.0,73.0,8.0,screener
JINDRILL,Mar 2025,2025-03-31,annual,864.0,-726.0,-148.0,-10.0,screener
JINDRILL,Mar 2026,2026-03-31,annual,178.0,-108.0,-82.0,-13.0,screener
JIOFIN,Mar 2023,2023-03-31,annual,2055.0,-1110.0,-889.0,56.0,screener
JIOFIN,Mar 2024,2024-03-31,annual,-678.0,1441.0,-753.0,11.0,screener
JIOFIN,Mar 2025,2025-03-31,annual,-10089.0,6406.0,3968.0,285.0,screener
JIOFIN,Mar 2026,2026-03-31,annual,-15439.0,-5652.0,21454.0,363.0,screener
JKCEMENT,Mar 2022,2022-03-31,annual,878.0,-984.0,62.0,-44.0,screener
JKCEMENT,Mar 2023,2023-03-31,annual,1377.0,-1964.0,741.0,154.0,screener
JKCEMENT,Mar 2024,2024-03-31,annual,1959.0,-1626.0,-416.0,-83.0,screener
JKCEMENT,Mar 2025,2025-03-31,annual,1939.0,-1890.0,74.0,123.0,screener
JKCEMENT,Mar 2026,2026-03-31,annual,1873.0,-1667.0,-385.0,-178.0,screener
JKIL,Mar 2017,2017-03-31,annual,268.0,-201.0,-1.0,66.0,screener
JKIL,Mar 2023,2023-03-31,annual,220.0,-220.0,-46.0,-46.0,screener
JKIL,Mar 2024,2024-03-31,annual,339.0,-195.0,-105.0,38.0,screener
JKIL,Mar 2025,2025-03-31,annual,376.0,-306.0,-105.0,-35.0,screener
JKIL,Mar 2026,2026-03-31,annual,1128.0,-711.0,-281.0,135.0,screener
JKLAKSHMI,Mar 2022,2022-03-31,annual,680.0,-665.0,11.0,26.0,screener
JKLAKSHMI,Mar 2023,2023-03-31,annual,634.0,-299.0,-266.0,69.0,screener
JKLAKSHMI,Mar 2024,2024-03-31,annual,899.0,-880.0,-36.0,-16.0,screener
JKLAKSHMI,Mar 2025,2025-03-31,annual,783.0,-1151.0,318.0,-51.0,screener
JKLAKSHMI,Mar 2026,2026-03-31,annual,1082.0,-738.0,-354.0,-10.0,screener
JKPAPER,Mar 2022,2022-03-31,annual,774.0,-874.0,103.0,3.0,screener
JKPAPER,Mar 2023,2023-03-31,annual,1762.0,-948.0,-787.0,27.0,screener
JKPAPER,Mar 2024,2024-03-31,annual,1376.0,-410.0,-938.0,28.0,screener
JKPAPER,Mar 2025,2025-03-31,annual,613.0,7.0,-656.0,-36.0,screener
JKPAPER,Mar 2026,2026-03-31,annual,773.0,-836.0,175.0,111.0,screener
JKTYRE,Mar 2022,2022-03-31,annual,346.0,-244.0,-96.0,5.0,screener
JKTYRE,Mar 2023,2023-03-31,annual,1224.0,-398.0,-747.0,79.0,screener
JKTYRE,Mar 2024,2024-03-31,annual,1614.0,-1203.0,-413.0,-2.0,screener
JKTYRE,Mar 2025,2025-03-31,annual,716.0,-463.0,-237.0,15.0,screener
JKTYRE,Mar 2026,2026-03-31,annual,1444.0,-611.0,-783.0,50.0,screener
JLHL,Mar 2022,2022-03-31,annual,137.0,-84.0,32.0,85.0,screener
JLHL,Mar 2023,2023-03-31,annual,176.0,-94.0,-51.0,31.0,screener
JLHL,Mar 2024,2024-03-31,annual,115.0,-246.0,128.0,-3.0,screener
JLHL,Mar 2025,2025-03-31,annual,267.0,-497.0,297.0,66.0,screener
JLHL,Mar 2026,2026-03-31,annual,268.0,-442.0,136.0,-38.0,screener
JMFINANCIL,Mar 2022,2022-03-31,annual,-3203.0,2616.0,1024.0,437.0,screener
JMFINANCIL,Mar 2023,2023-03-31,annual,-2449.0,-443.0,2153.0,-739.0,screener
JMFINANCIL,Mar 2024,2024-03-31,annual,3635.0,-2090.0,162.0,1708.0,screener
JMFINANCIL,Mar 2025,2025-03-31,annual,5569.0,-2475.0,-4786.0,-1692.0,screener
JMFINANCIL,Mar 2026,2026-03-31,annual,581.0,-532.0,-116.0,-68.0,screener
JNKINDIA,Mar 2022,2022-03-31,annual,34.0,-25.0,6.0,15.0,screener
JNKINDIA,Mar 2023,2023-03-31,annual,20.0,-25.0,-2.0,-7.0,screener
JNKINDIA,Mar 2024,2024-03-31,annual,-10.0,-14.0,15.0,-10.0,screener
JNKINDIA,Mar 2025,2025-03-31,annual,-65.0,-14.0,218.0,139.0,screener
JNKINDIA,Mar 2026,2026-03-31,annual,-2.0,-162.0,52.0,-112.0,screener
JSL,Mar 2022,2022-03-31,annual,1038.0,-985.0,101.0,154.0,screener
JSL,Mar 2023,2023-03-31,annual,3096.0,-2480.0,-386.0,229.0,screener
JSL,Mar 2024,2024-03-31,annual,4818.0,-3229.0,-829.0,760.0,screener
JSL,Mar 2025,2025-03-31,annual,4718.0,-3433.0,-1882.0,-597.0,screener
JSL,Mar 2026,2026-03-31,annual,3395.0,-3500.0,-112.0,-217.0,screener
JSLL,Mar 2022,2022-03-31,annual,16.0,-18.0,-5.0,-7.0,screener
JSLL,Mar 2023,2023-03-31,annual,15.0,-33.0,48.0,29.0,screener
JSLL,Mar 2025,2025-03-31,annual,84.0,-64.0,-22.0,-2.0,screener
JSLL,Mar 2026,2026-03-31,annual,254.0,-202.0,-59.0,-7.0,screener
JSWCEMENT,Mar 2022,2022-03-31,annual,339.0,-1530.0,1260.0,69.0,screener
JSWCEMENT,Mar 2023,2023-03-31,annual,653.0,-1808.0,1041.0,-114.0,screener
JSWCEMENT,Mar 2024,2024-03-31,annual,1408.0,-1120.0,-221.0,67.0,screener
JSWCEMENT,Mar 2025,2025-03-31,annual,737.0,-558.0,-232.0,-53.0,screener
JSWCEMENT,Mar 2026,2026-03-31,annual,1170.0,-1649.0,861.0,382.0,screener
JSWENERGY,Mar 2022,2022-03-31,annual,2952.0,-1387.0,-781.0,784.0,screener
JSWENERGY,Mar 2023,2023-03-31,annual,2084.0,-6778.0,7327.0,2634.0,screener
JSWENERGY,Mar 2024,2024-03-31,annual,6234.0,-8197.0,1675.0,-289.0,screener
JSWENERGY,Mar 2025,2025-03-31,annual,3838.0,-22990.0,20223.0,1072.0,screener
JSWENERGY,Mar 2026,2026-03-31,annual,9898.0,-18523.0,10617.0,1993.0,screener
JSWINFRA,Mar 2022,2022-03-31,annual,1176.0,-801.0,3.0,377.0,screener
JSWINFRA,Mar 2023,2023-03-31,annual,1797.0,-883.0,-825.0,90.0,screener
JSWINFRA,Mar 2024,2024-03-31,annual,1803.0,-4202.0,2504.0,105.0,screener
JSWINFRA,Mar 2025,2025-03-31,annual,2100.0,-1691.0,-521.0,-112.0,screener
JSWINFRA,Mar 2026,2026-03-31,annual,2022.0,-2062.0,227.0,186.0,screener
JSWSTEEL,Mar 2022,2022-03-31,annual,26270.0,-14748.0,-14657.0,-3135.0,screener
JSWSTEEL,Mar 2023,2023-03-31,annual,23323.0,-10730.0,-5977.0,6616.0,screener
JSWSTEEL,Mar 2024,2024-03-31,annual,12078.0,-14467.0,-5005.0,-7394.0,screener
JSWSTEEL,Mar 2025,2025-03-31,annual,20899.0,-17012.0,-262.0,3625.0,screener
JSWSTEEL,Mar 2026,2026-03-31,annual,25152.0,18560.0,-16111.0,27601.0,screener
JTEKTINDIA,Mar 2019,2019-03-31,annual,184.0,16.0,-85.0,115.0,screener
JTEKTINDIA,Mar 2020,2020-03-31,annual,125.0,-34.0,-153.0,-61.0,screener
JTEKTINDIA,Mar 2021,2021-03-31,annual,91.0,-40.0,-44.0,7.0,screener
JTEKTINDIA,Mar 2022,2022-03-31,annual,108.0,-126.0,14.0,-4.0,screener
JTEKTINDIA,Mar 2023,2023-03-31,annual,95.0,-84.0,-28.0,-17.0,screener
JUBLCPL,Mar 2024,2024-03-31,annual,76.0,-19.0,-47.0,10.0,screener
JUBLCPL,Mar 2025,2025-03-31,annual,129.0,-35.0,-104.0,-9.0,screener
JUBLCPL,Mar 2026,2026-03-31,annual,75.0,-39.0,-36.0,0.0,screener
JUBLFOOD,Mar 2022,2022-03-31,annual,930.0,-654.0,-307.0,-31.0,screener
JUBLFOOD,Mar 2023,2023-03-31,annual,1026.0,-595.0,-426.0,5.0,screener
JUBLFOOD,Mar 2024,2024-03-31,annual,1010.0,-1285.0,377.0,102.0,screener
JUBLFOOD,Mar 2025,2025-03-31,annual,1658.0,-850.0,-839.0,-32.0,screener
JUBLFOOD,Mar 2026,2026-03-31,annual,1894.0,-1084.0,-780.0,29.0,screener
JUBLINGREA,Mar 2022,2022-03-31,annual,453.0,-71.0,-418.0,-36.0,screener
JUBLINGREA,Mar 2023,2023-03-31,annual,462.0,-469.0,42.0,35.0,screener
JUBLINGREA,Mar 2024,2024-03-31,annual,430.0,-568.0,144.0,6.0,screener
JUBLINGREA,Mar 2025,2025-03-31,annual,508.0,-389.0,-129.0,-9.0,screener
JUBLINGREA,Mar 2026,2026-03-31,annual,524.0,-250.0,-155.0,119.0,screener
JUBLPHARMA,Mar 2022,2022-03-31,annual,838.0,-323.0,-33.0,482.0,screener
JUBLPHARMA,Mar 2023,2023-03-31,annual,661.0,-474.0,-157.0,30.0,screener
JUBLPHARMA,Mar 2024,2024-03-31,annual,971.0,-596.0,-432.0,-58.0,screener
JUBLPHARMA,Mar 2025,2025-03-31,annual,1072.0,512.0,-1453.0,132.0,screener
JUBLPHARMA,Mar 2026,2026-03-31,annual,1227.0,-1260.0,95.0,62.0,screener
JUNIPER,Mar 2022,2022-03-31,annual,-36.0,-63.0,90.0,-9.0,screener
JUNIPER,Mar 2023,2023-03-31,annual,286.0,28.0,-311.0,3.0,screener
JUNIPER,Mar 2024,2024-03-31,annual,327.0,-74.0,155.0,409.0,screener
JUNIPER,Mar 2025,2025-03-31,annual,309.0,-678.0,-36.0,-404.0,screener
JUNIPER,Mar 2026,2026-03-31,annual,394.0,-37.0,-360.0,-3.0,screener
JUSTDIAL,Mar 2020,2020-03-31,annual,153.0,-127.0,-27.0,-1.0,screener
JUSTDIAL,Mar 2021,2021-03-31,annual,139.0,174.0,-291.0,22.0,screener
JUSTDIAL,Mar 2022,2022-03-31,annual,39.0,-2187.0,2109.0,-38.0,screener
JUSTDIAL,Mar 2023,2023-03-31,annual,179.0,-163.0,-23.0,-8.0,screener
JUSTDIAL,Mar 2024,2024-03-31,annual,259.0,-230.0,-27.0,2.0,screener
JWL,Mar 2022,2022-03-31,annual,60.0,-49.0,-17.0,-6.0,screener
JWL,Mar 2023,2023-03-31,annual,78.0,-122.0,121.0,76.0,screener
JWL,Mar 2024,2024-03-31,annual,-19.0,-464.0,489.0,5.0,screener
JWL,Mar 2025,2025-03-31,annual,104.0,-628.0,842.0,318.0,screener
JWL,Mar 2026,2026-03-31,annual,9.0,-688.0,454.0,-224.0,screener
JYOTHYLAB,Mar 2021,2021-03-31,annual,402.0,-129.0,-216.0,57.0,screener
JYOTHYLAB,Mar 2022,2022-03-31,annual,203.0,-32.0,-167.0,4.0,screener
JYOTHYLAB,Mar 2023,2023-03-31,annual,329.0,-48.0,-251.0,30.0,screener
JYOTHYLAB,Mar 2024,2024-03-31,annual,458.0,-344.0,-135.0,-21.0,screener
JYOTHYLAB,Mar 2025,2025-03-31,annual,311.0,-161.0,-157.0,-7.0,screener
JYOTICNC,Mar 2022,2022-03-31,annual,39.0,-31.0,-15.0,-8.0,screener
JYOTICNC,Mar 2023,2023-03-31,annual,42.0,-32.0,3.0,14.0,screener
JYOTICNC,Mar 2024,2024-03-31,annual,-48.0,-170.0,505.0,286.0,screener
JYOTICNC,Mar 2025,2025-03-31,annual,-105.0,-329.0,145.0,-289.0,screener
JYOTICNC,Mar 2026,2026-03-31,annual,54.0,-302.0,287.0,39.0,screener
KABRAEXTRU,Mar 2022,2022-03-31,annual,-62.0,7.0,53.0,-2.0,screener
KABRAEXTRU,Mar 2023,2023-03-31,annual,-4.0,-29.0,34.0,2.0,screener
KABRAEXTRU,Mar 2024,2024-03-31,annual,33.0,-52.0,23.0,5.0,screener
KABRAEXTRU,Mar 2025,2025-03-31,annual,43.0,-68.0,20.0,-4.0,screener
KABRAEXTRU,Mar 2026,2026-03-31,annual,9.0,-6.0,-3.0,0.0,screener
KAJARIACER,Mar 2022,2022-03-31,annual,426.0,-298.0,-120.0,7.0,screener
KAJARIACER,Mar 2023,2023-03-31,annual,296.0,-182.0,-135.0,-22.0,screener
KAJARIACER,Mar 2024,2024-03-31,annual,602.0,-298.0,-216.0,88.0,screener
KAJARIACER,Mar 2025,2025-03-31,annual,501.0,-372.0,-209.0,-80.0,screener
KAJARIACER,Mar 2026,2026-03-31,annual,664.0,-336.0,-290.0,37.0,screener
KALPATARU,Mar 2022,2022-03-31,annual,402.0,104.0,-422.0,84.0,screener
KALPATARU,Mar 2023,2023-03-31,annual,2139.0,-32.0,-2101.0,6.0,screener
KALPATARU,Mar 2024,2024-03-31,annual,376.0,-132.0,-300.0,-56.0,screener
KALPATARU,Mar 2025,2025-03-31,annual,488.0,-35.0,-644.0,-190.0,screener
KALPATARU,Mar 2026,2026-03-31,annual,848.0,-142.0,-577.0,130.0,screener
KALYANI,Mar 2018,2018-03-31,annual,3.0,-6.0,4.0,2.0,screener
KALYANI,Mar 2019,2019-03-31,annual,27.0,4.0,-32.0,-1.0,screener
KALYANI,Mar 2020,2020-03-31,annual,44.0,1.0,-45.0,-1.0,screener
KALYANI,Mar 2021,2021-03-31,annual,3.0,-4.0,9.0,8.0,screener
KALYANI,Mar 2022,2022-03-31,annual,-1.0,4.0,-12.0,-9.0,screener
KALYANKJIL,Mar 2022,2022-03-31,annual,245.0,64.0,-524.0,-216.0,screener
KALYANKJIL,Mar 2023,2023-03-31,annual,1013.0,-384.0,-638.0,-8.0,screener
KALYANKJIL,Mar 2024,2024-03-31,annual,1322.0,-137.0,-1148.0,37.0,screener
KALYANKJIL,Mar 2025,2025-03-31,annual,1209.0,-177.0,-840.0,193.0,screener
KALYANKJIL,Mar 2026,2026-03-31,annual,1318.0,-118.0,-1264.0,-64.0,screener
KAMATHOTEL,Mar 2022,2022-03-31,annual,31.0,-5.0,-17.0,9.0,screener
KAMATHOTEL,Mar 2023,2023-03-31,annual,116.0,-41.0,-89.0,-13.0,screener
KAMATHOTEL,Mar 2024,2024-03-31,annual,72.0,146.0,-219.0,-2.0,screener
KAMATHOTEL,Mar 2025,2025-03-31,annual,66.0,34.0,-96.0,5.0,screener
KAMATHOTEL,Mar 2026,2026-03-31,annual,98.0,-45.0,-48.0,5.0,screener
KANPRPLA,Mar 2022,2022-03-31,annual,29.0,-38.0,6.0,-3.0,screener
KANPRPLA,Mar 2023,2023-03-31,annual,69.0,-41.0,-26.0,1.0,screener
KANPRPLA,Mar 2024,2024-03-31,annual,-5.0,-40.0,45.0,0.0,screener
KANPRPLA,Mar 2025,2025-03-31,annual,37.0,-4.0,-27.0,6.0,screener
KANPRPLA,Mar 2026,2026-03-31,annual,51.0,23.0,-75.0,-1.0,screener
KANSAINER,Mar 2022,2022-03-31,annual,25.0,250.0,-309.0,-35.0,screener
KANSAINER,Mar 2023,2023-03-31,annual,408.0,-227.0,-133.0,49.0,screener
KANSAINER,Mar 2024,2024-03-31,annual,903.0,-590.0,-249.0,64.0,screener
KANSAINER,Mar 2025,2025-03-31,annual,672.0,-379.0,-366.0,-72.0,screener
KANSAINER,Mar 2026,2026-03-31,annual,894.0,-383.0,-403.0,108.0,screener
KAPSTON,Mar 2024,2024-03-31,annual,4.0,-2.0,-2.0,0.0,screener
KAPSTON,Mar 2025,2025-03-31,annual,-8.0,-39.0,47.0,0.0,screener
KAPSTON,Mar 2026,2026-03-31,annual,9.0,-6.0,-1.0,2.0,screener
KARNIKA,Mar 2026,2026-03-31,annual,16.0,-22.0,5.0,0.0,screener
KAYA,Mar 2022,2022-03-31,annual,30.0,-34.0,12.0,8.0,screener
KAYA,Mar 2023,2023-03-31,annual,63.0,-39.0,-18.0,5.0,screener
KAYA,Mar 2024,2024-03-31,annual,39.0,-8.0,-38.0,-7.0,screener
KAYA,Mar 2025,2025-03-31,annual,1.0,25.0,-37.0,-11.0,screener
KAYA,Mar 2026,2026-03-31,annual,21.0,-63.0,37.0,-6.0,screener
KAYNES,Mar 2022,2022-03-31,annual,21.0,-45.0,27.0,4.0,screener
KAYNES,Mar 2023,2023-03-31,annual,-42.0,-494.0,554.0,19.0,screener
KAYNES,Mar 2024,2024-03-31,annual,70.0,-1505.0,1429.0,-7.0,screener
KAYNES,Mar 2025,2025-03-31,annual,-82.0,-355.0,465.0,28.0,screener
KAYNES,Mar 2026,2026-03-31,annual,-600.0,-917.0,1580.0,62.0,screener
KCP,Mar 2022,2022-03-31,annual,139.0,-26.0,-111.0,1.0,screener
KCP,Mar 2023,2023-03-31,annual,-72.0,3.0,68.0,-1.0,screener
KCP,Mar 2024,2024-03-31,annual,106.0,70.0,-169.0,7.0,screener
KCP,Mar 2025,2025-03-31,annual,160.0,-83.0,-84.0,-7.0,screener
KCP,Mar 2026,2026-03-31,annual,206.0,-126.0,-63.0,17.0,screener
KDDL,Mar 2022,2022-03-31,annual,42.0,-35.0,14.0,21.0,screener
KDDL,Mar 2023,2023-03-31,annual,46.0,-267.0,227.0,6.0,screener
KDDL,Mar 2024,2024-03-31,annual,98.0,66.0,17.0,181.0,screener
KDDL,Mar 2025,2025-03-31,annual,-4.0,109.0,-149.0,-44.0,screener
KDDL,Mar 2026,2026-03-31,annual,144.0,-420.0,290.0,14.0,screener
KEC,Mar 2022,2022-03-31,annual,-284.0,-204.0,496.0,8.0,screener
KEC,Mar 2023,2023-03-31,annual,614.0,-139.0,-401.0,74.0,screener
KEC,Mar 2024,2024-03-31,annual,311.0,-243.0,-145.0,-76.0,screener
KEC,Mar 2025,2025-03-31,annual,419.0,-46.0,-32.0,341.0,screener
KEC,Mar 2026,2026-03-31,annual,-414.0,-231.0,511.0,-134.0,screener
KECL,Mar 2022,2022-03-31,annual,35.0,103.0,-109.0,29.0,screener
KECL,Mar 2023,2023-03-31,annual,7.0,2.0,-33.0,-24.0,screener
KECL,Mar 2024,2024-03-31,annual,37.0,-2.0,-31.0,4.0,screener
KECL,Mar 2025,2025-03-31,annual,36.0,-1.0,-35.0,0.0,screener
KECL,Mar 2026,2026-03-31,annual,25.0,17.0,-40.0,2.0,screener
KEI,Mar 2022,2022-03-31,annual,229.0,-58.0,-31.0,139.0,screener
KEI,Mar 2023,2023-03-31,annual,514.0,-137.0,-256.0,121.0,screener
KEI,Mar 2024,2024-03-31,annual,610.0,-353.0,-72.0,186.0,screener
KEI,Mar 2025,2025-03-31,annual,-32.0,-1501.0,1919.0,386.0,screener
KEI,Mar 2026,2026-03-31,annual,840.0,-350.0,-98.0,392.0,screener
KELLTONTEC,Mar 2022,2022-03-31,annual,1.0,-4.0,-11.0,-14.0,screener
KELLTONTEC,Mar 2023,2023-03-31,annual,24.0,-72.0,53.0,5.0,screener
KELLTONTEC,Mar 2024,2024-03-31,annual,56.0,-40.0,-19.0,-2.0,screener
KELLTONTEC,Mar 2025,2025-03-31,annual,6.0,-25.0,19.0,0.0,screener
KELLTONTEC,Mar 2026,2026-03-31,annual,-10.0,-168.0,188.0,10.0,screener
KENNAMET,Jun 2019,2019-06-30,annual,71.0,-106.0,4.0,-31.0,screener
KENNAMET,Jun 2020,2020-06-30,annual,34.0,-54.0,1.0,-19.0,screener
KENNAMET,Jun 2021,2021-06-30,annual,166.0,-25.0,-57.0,84.0,screener
KENNAMET,Jun 2022,2022-06-30,annual,49.0,-62.0,-53.0,-65.0,screener
KERNEX,Mar 2022,2022-03-31,annual,-5.0,-7.0,0.0,-11.0,screener
KERNEX,Mar 2023,2023-03-31,annual,-36.0,-1.0,45.0,9.0,screener
KERNEX,Mar 2024,2024-03-31,annual,-71.0,-5.0,64.0,-11.0,screener
KERNEX,Mar 2025,2025-03-31,annual,15.0,-9.0,5.0,11.0,screener
KERNEX,Mar 2026,2026-03-31,annual,-100.0,-8.0,94.0,-14.0,screener
KFINTECH,Mar 2022,2022-03-31,annual,253.0,-115.0,-115.0,22.0,screener
KFINTECH,Mar 2023,2023-03-31,annual,223.0,-204.0,7.0,27.0,screener
KFINTECH,Mar 2024,2024-03-31,annual,289.0,-178.0,-127.0,-15.0,screener
KFINTECH,Mar 2025,2025-03-31,annual,399.0,-322.0,-95.0,-18.0,screener
KFINTECH,Mar 2026,2026-03-31,annual,370.0,-203.0,-134.0,33.0,screener
KHAITANLTD,Mar 2026,2026-03-31,annual,9.0,0.0,-7.0,3.0,screener
KHANDSE,Mar 2022,2022-03-31,annual,3.3,0.5,-1.19,2.62,screener
KHANDSE,Mar 2023,2023-03-31,annual,-7.24,-1.51,8.4,-0.34,screener
KHANDSE,Mar 2024,2024-03-31,annual,-1.74,-1.17,-0.09,-3.01,screener
KHANDSE,Mar 2025,2025-03-31,annual,4.02,-3.94,0.29,0.37,screener
KHANDSE,Mar 2026,2026-03-31,annual,-2.05,0.64,-0.5,-1.91,screener
KILITCH,Mar 2022,2022-03-31,annual,6.0,-15.0,7.0,-2.0,screener
KILITCH,Mar 2023,2023-03-31,annual,3.0,8.0,-1.0,10.0,screener
KILITCH,Mar 2024,2024-03-31,annual,-2.0,-8.0,9.0,-1.0,screener
KILITCH,Mar 2025,2025-03-31,annual,18.0,-40.0,13.0,-9.0,screener
KILITCH,Mar 2026,2026-03-31,annual,24.0,-100.0,82.0,6.0,screener
KIMS,Mar 2022,2022-03-31,annual,324.0,-412.0,61.0,-26.0,screener
KIMS,Mar 2023,2023-03-31,annual,432.0,-416.0,20.0,36.0,screener
KIMS,Mar 2024,2024-03-31,annual,521.0,-753.0,217.0,-15.0,screener
KIMS,Mar 2025,2025-03-31,annual,582.0,-1116.0,543.0,9.0,screener
KIMS,Mar 2026,2026-03-31,annual,511.0,-1452.0,940.0,-1.0,screener
KIRIINDUS,Mar 2022,2022-03-31,annual,92.0,-29.0,-57.0,6.0,screener
KIRIINDUS,Mar 2023,2023-03-31,annual,89.0,-18.0,-57.0,14.0,screener
KIRIINDUS,Mar 2024,2024-03-31,annual,-77.0,29.0,50.0,2.0,screener
KIRIINDUS,Mar 2025,2025-03-31,annual,-342.0,-842.0,1194.0,9.0,screener
KIRIINDUS,Mar 2026,2026-03-31,annual,4555.0,-3050.0,-966.0,539.0,screener
KIRLFER,Mar 2022,2022-03-31,annual,345.0,-190.0,-85.0,71.0,screener
KIRLFER,Mar 2023,2023-03-31,annual,798.0,-399.0,-423.0,-25.0,screener
KIRLFER,Mar 2024,2024-03-31,annual,563.0,-521.0,-62.0,-20.0,screener
KIRLFER,Mar 2025,2025-03-31,annual,656.0,-475.0,-173.0,8.0,screener
KIRLFER,Mar 2026,2026-03-31,annual,942.0,-444.0,-453.0,45.0,screener
KIRLOSBROS,Mar 2022,2022-03-31,annual,114.0,-183.0,30.0,-39.0,screener_yfinance_fallback_normalized
KIRLOSBROS,Mar 2023,2023-03-31,annual,329.0,-73.0,-169.0,87.0,screener_yfinance_fallback_normalized
KIRLOSBROS,Mar 2024,2024-03-31,annual,370.0,-166.0,-159.0,45.0,screener_yfinance_fallback_normalized
KIRLOSBROS,Mar 2025,2025-03-31,annual,386.0,-236.0,-92.0,57.0,screener_yfinance_fallback_normalized
KIRLOSBROS,Mar 2026,2026-03-31,annual,334.0,-213.0,-44.0,78.0,screener_yfinance_fallback_normalized
KIRLOSENG,Mar 2022,2022-03-31,annual,-1041.0,-3.0,950.0,-93.0,screener
KIRLOSENG,Mar 2023,2023-03-31,annual,-920.0,-145.0,1182.0,117.0,screener
KIRLOSENG,Mar 2024,2024-03-31,annual,-469.0,-109.0,800.0,223.0,screener
KIRLOSENG,Mar 2025,2025-03-31,annual,-739.0,-522.0,1509.0,248.0,screener
KIRLOSENG,Mar 2026,2026-03-31,annual,932.0,-321.0,-589.0,23.0,screener
KIRLOSIND,Mar 2022,2022-03-31,annual,317.0,-211.0,-56.0,50.0,screener
KIRLOSIND,Mar 2023,2023-03-31,annual,760.0,-369.0,-397.0,-5.0,screener
KIRLOSIND,Mar 2024,2024-03-31,annual,576.0,-600.0,-5.0,-29.0,screener
KIRLOSIND,Mar 2025,2025-03-31,annual,598.0,-537.0,-70.0,-8.0,screener
KIRLOSIND,Mar 2026,2026-03-31,annual,870.0,-471.0,-355.0,45.0,screener
KIRLPNU,Mar 2014,2014-03-31,annual,63.0,-48.0,-18.0,-3.0,screener
KIRLPNU,Mar 2015,2015-03-31,annual,3.0,20.0,-15.0,8.0,screener
KIRLPNU,Mar 2016,2016-03-31,annual,53.0,-30.0,-18.0,4.0,screener
KIRLPNU,Mar 2025,2025-03-31,annual,215.0,-156.0,-46.0,14.0,screener
KIRLPNU,Mar 2026,2026-03-31,annual,233.0,-111.0,-71.0,50.0,screener
KISSHT,Mar 2022,2022-03-31,annual,-16.0,33.0,19.0,37.0,screener
KISSHT,Mar 2023,2023-03-31,annual,48.0,24.0,507.0,579.0,screener
KISSHT,Mar 2024,2024-03-31,annual,-637.0,40.0,312.0,-285.0,screener
KISSHT,Mar 2025,2025-03-31,annual,-661.0,-33.0,542.0,-152.0,screener
KISSHT,Mar 2026,2026-03-31,annual,-461.0,-70.0,608.0,77.0,screener
KITEX,Mar 2022,2022-03-31,annual,-10.0,-46.0,60.0,4.0,screener
KITEX,Mar 2023,2023-03-31,annual,295.0,-415.0,57.0,-62.0,screener
KITEX,Mar 2024,2024-03-31,annual,-38.0,-607.0,650.0,4.0,screener
KITEX,Mar 2025,2025-03-31,annual,54.0,-455.0,390.0,-10.0,screener
KITEX,Mar 2026,2026-03-31,annual,346.0,-341.0,64.0,68.0,screener
KKCL,Mar 2022,2022-03-31,annual,57.0,-2.0,-32.0,23.0,screener
KKCL,Mar 2023,2023-03-31,annual,75.0,-18.0,-52.0,5.0,screener
KKCL,Mar 2024,2024-03-31,annual,136.0,-10.0,-66.0,59.0,screener
KKCL,Mar 2025,2025-03-31,annual,14.0,-184.0,-20.0,-191.0,screener
KKCL,Mar 2026,2026-03-31,annual,183.0,-28.0,-51.0,104.0,screener
KLBRENG-B,Mar 2024,2024-03-31,annual,26.0,-100.0,74.0,0.0,screener
KLBRENG-B,Mar 2025,2025-03-31,annual,-10.0,-103.0,117.0,4.0,screener
KLBRENG-B,Mar 2026,2026-03-31,annual,-18.0,-24.0,68.0,26.0,screener
KMEW,Mar 2022,2022-03-31,annual,35.0,-31.0,7.0,11.0,screener
KMEW,Mar 2023,2023-03-31,annual,21.0,-23.0,35.0,33.0,screener
KMEW,Mar 2024,2024-03-31,annual,38.0,-72.0,28.0,-5.0,screener
KMEW,Mar 2025,2025-03-31,annual,58.0,-127.0,64.0,-6.0,screener
KMEW,Mar 2026,2026-03-31,annual,74.0,-379.0,347.0,42.0,screener
KNRCON,Mar 2022,2022-03-31,annual,-336.0,-408.0,765.0,20.0,screener
KNRCON,Mar 2023,2023-03-31,annual,1194.0,67.0,-1217.0,44.0,screener
KNRCON,Mar 2024,2024-03-31,annual,-297.0,-34.0,496.0,165.0,screener
KNRCON,Mar 2025,2025-03-31,annual,-567.0,-167.0,480.0,-253.0,screener
KNRCON,Mar 2026,2026-03-31,annual,-149.0,-139.0,371.0,83.0,screener
KODYTECH,Mar 2025,2025-03-31,annual,-8.0,-35.0,38.0,-4.0,screener
KODYTECH,Mar 2026,2026-03-31,annual,-19.0,-42.0,100.0,39.0,screener
KOHINOOR,Mar 2022,2022-03-31,annual,79.0,5.0,-84.0,0.0,screener
KOHINOOR,Mar 2023,2023-03-31,annual,22.0,0.0,-21.0,0.0,screener
KOHINOOR,Mar 2024,2024-03-31,annual,28.0,-5.0,-25.0,-1.0,screener
KOHINOOR,Mar 2025,2025-03-31,annual,439.0,2.0,-440.0,1.0,screener
KOHINOOR,Mar 2026,2026-03-31,annual,-65.0,200.0,-135.0,0.0,screener
KOLTEPATIL,Mar 2022,2022-03-31,annual,355.0,-115.0,-206.0,34.0,screener
KOLTEPATIL,Mar 2023,2023-03-31,annual,198.0,-59.0,-59.0,79.0,screener
KOLTEPATIL,Mar 2024,2024-03-31,annual,-111.0,-134.0,319.0,74.0,screener
KOLTEPATIL,Mar 2025,2025-03-31,annual,282.0,-241.0,-160.0,-119.0,screener
KOLTEPATIL,Mar 2026,2026-03-31,annual,217.0,-474.0,278.0,21.0,screener
KOTAKBANK,Mar 2022,2022-03-31,annual,8418.0,-11018.0,7549.0,4949.0,screener
KOTAKBANK,Mar 2023,2023-03-31,annual,-1242.0,-10381.0,1883.0,-9740.0,screener
KOTAKBANK,Mar 2024,2024-03-31,annual,15685.0,-8919.0,15515.0,22281.0,screener
KOTAKBANK,Mar 2025,2025-03-31,annual,16916.0,-25226.0,22165.0,13855.0,screener
KOTAKBANK,Mar 2026,2026-03-31,annual,41727.0,-16159.0,-2538.0,23029.0,screener
KOTHARIPET,Mar 2013,2013-03-31,annual,0.0,9.0,-8.0,1.0,screener
KOTHARIPET,Mar 2014,2014-03-31,annual,15.0,-8.0,2.0,9.0,screener
KOTHARIPET,Mar 2015,2015-03-31,annual,15.0,-7.0,-4.0,4.0,screener
KOTHARIPET,Mar 2016,2016-03-31,annual,16.0,5.0,-13.0,8.0,screener
KOTIC,Mar 2022,2022-03-31,annual,-22.0,4.0,18.0,0.0,screener
KOTIC,Mar 2023,2023-03-31,annual,1.0,0.0,-1.0,0.0,screener
KOTIC,Mar 2024,2024-03-31,annual,-35.0,111.0,-75.0,1.0,screener
KOTIC,Mar 2025,2025-03-31,annual,-124.0,-9.0,154.0,21.0,screener
KOTIC,Mar 2026,2026-03-31,annual,145.0,-156.0,0.0,-11.0,screener
KPEL,Mar 2022,2022-03-31,annual,26.0,-10.0,-11.0,5.0,screener
KPEL,Mar 2023,2023-03-31,annual,28.0,-21.0,-15.0,-8.0,screener
KPEL,Mar 2024,2024-03-31,annual,33.0,-70.0,47.0,10.0,screener
KPEL,Mar 2025,2025-03-31,annual,162.0,-241.0,101.0,22.0,screener
KPEL,Mar 2026,2026-03-31,annual,123.0,-212.0,120.0,31.0,screener
KPIGREEN,Mar 2022,2022-03-31,annual,102.0,-189.0,91.0,4.0,screener
KPIGREEN,Mar 2023,2023-03-31,annual,159.0,-309.0,177.0,27.0,screener
KPIGREEN,Mar 2024,2024-03-31,annual,-57.0,-387.0,562.0,118.0,screener
KPIGREEN,Mar 2025,2025-03-31,annual,208.0,-1587.0,1807.0,427.0,screener
KPIGREEN,Mar 2026,2026-03-31,annual,424.0,-4071.0,3643.0,-4.0,screener
KPIL,Mar 2022,2022-03-31,annual,714.0,-214.0,25.0,524.0,screener
KPIL,Mar 2023,2023-03-31,annual,656.0,-323.0,-438.0,-104.0,screener
KPIL,Mar 2024,2024-03-31,annual,843.0,-266.0,-524.0,53.0,screener
KPIL,Mar 2025,2025-03-31,annual,914.0,-718.0,400.0,595.0,screener
KPIL,Mar 2026,2026-03-31,annual,1534.0,8.0,-1636.0,-94.0,screener
KPITTECH,Mar 2022,2022-03-31,annual,475.0,-292.0,-127.0,56.0,screener
KPITTECH,Mar 2023,2023-03-31,annual,462.0,-167.0,-183.0,112.0,screener
KPITTECH,Mar 2024,2024-03-31,annual,1002.0,-561.0,-240.0,201.0,screener
KPITTECH,Mar 2025,2025-03-31,annual,1390.0,-567.0,-342.0,480.0,screener
KPITTECH,Mar 2026,2026-03-31,annual,1195.0,-1188.0,89.0,95.0,screener
KPL,Mar 2022,2022-03-31,annual,61.0,-63.0,6.0,3.0,screener
KPL,Mar 2023,2023-03-31,annual,41.0,-48.0,1.0,-6.0,screener
KPL,Mar 2024,2024-03-31,annual,43.0,-26.0,-17.0,-1.0,screener
KPL,Mar 2025,2025-03-31,annual,53.0,-29.0,-14.0,10.0,screener
KPL,Mar 2026,2026-03-31,annual,17.0,-35.0,7.0,-11.0,screener
KPRMILL,Mar 2022,2022-03-31,annual,494.0,-942.0,501.0,53.0,screener
KPRMILL,Mar 2023,2023-03-31,annual,299.0,-105.0,-206.0,-13.0,screener
KPRMILL,Mar 2024,2024-03-31,annual,678.0,-294.0,-417.0,-33.0,screener
KPRMILL,Mar 2025,2025-03-31,annual,1401.0,-450.0,-912.0,39.0,screener
KPRMILL,Mar 2026,2026-03-31,annual,1108.0,-1068.0,-90.0,-51.0,screener
KRBL,Mar 2022,2022-03-31,annual,561.0,-206.0,-322.0,32.0,screener
KRBL,Mar 2023,2023-03-31,annual,-360.0,206.0,5.0,-149.0,screener
KRBL,Mar 2024,2024-03-31,annual,224.0,-85.0,-157.0,-18.0,screener
KRBL,Mar 2025,2025-03-31,annual,961.0,-523.0,-252.0,186.0,screener
KRBL,Mar 2026,2026-03-31,annual,933.0,-298.0,-353.0,281.0,screener
KRISHCA,Mar 2023,2023-03-31,annual,11.0,-5.0,-6.0,0.0,screener
KRISHCA,Mar 2024,2024-03-31,annual,2.0,-19.0,18.0,1.0,screener
KRISHCA,Mar 2025,2025-03-31,annual,-20.0,-42.0,62.0,0.0,screener
KRISHCA,Mar 2026,2026-03-31,annual,45.0,-92.0,51.0,3.0,screener
KRISHIVAL,Mar 2022,2022-03-31,annual,4.0,-1.0,16.0,20.0,screener
KRISHIVAL,Mar 2023,2023-03-31,annual,-29.0,-2.0,13.0,-18.0,screener
KRISHIVAL,Mar 2024,2024-03-31,annual,-31.0,-10.0,44.0,3.0,screener
KRISHIVAL,Mar 2025,2025-03-31,annual,46.0,-28.0,-9.0,9.0,screener
KRISHIVAL,Mar 2026,2026-03-31,annual,-15.0,-25.0,53.0,14.0,screener
KRISHNADEF,Mar 2023,2023-03-31,annual,-7.0,1.0,6.0,0.0,screener
KRISHNADEF,Mar 2024,2024-03-31,annual,-3.0,-37.0,45.0,5.0,screener
KRISHNADEF,Mar 2025,2025-03-31,annual,-11.0,5.0,1.0,-5.0,screener
KRISHNADEF,Mar 2026,2026-03-31,annual,86.0,-92.0,11.0,6.0,screener
KRN,Mar 2024,2024-03-31,annual,17.0,-64.0,50.0,3.0,screener
KRN,Mar 2025,2025-03-31,annual,21.0,-279.0,258.0,0.0,screener
KRN,Mar 2026,2026-03-31,annual,-114.0,-34.0,148.0,0.0,screener
KRSNAA,Mar 2022,2022-03-31,annual,128.0,-241.0,176.0,64.0,screener
KRSNAA,Mar 2023,2023-03-31,annual,76.0,-109.0,-33.0,-66.0,screener
KRSNAA,Mar 2024,2024-03-31,annual,24.0,-129.0,84.0,-20.0,screener
KRSNAA,Mar 2025,2025-03-31,annual,87.0,-100.0,14.0,1.0,screener
KRSNAA,Mar 2026,2026-03-31,annual,143.0,-396.0,279.0,26.0,screener
KRYSTAL,Mar 2022,2022-03-31,annual,20.0,-18.0,-3.0,-1.0,screener
KRYSTAL,Mar 2023,2023-03-31,annual,72.0,-32.0,-31.0,9.0,screener
KRYSTAL,Mar 2024,2024-03-31,annual,2.0,-115.0,192.0,79.0,screener
KRYSTAL,Mar 2025,2025-03-31,annual,-32.0,-34.0,-4.0,-70.0,screener
KRYSTAL,Mar 2026,2026-03-31,annual,26.0,-22.0,11.0,15.0,screener
KSB,Dec 2021,2021-12-31,annual,62.0,2.0,-95.0,-30.0,screener
KSB,Dec 2022,2022-12-31,annual,38.0,-12.0,-51.0,-25.0,screener
KSB,Dec 2023,2023-12-31,annual,142.0,5.0,-59.0,88.0,screener
KSB,Dec 2024,2024-12-31,annual,187.0,-146.0,-65.0,-24.0,screener
KSB,Dec 2025,2025-12-31,annual,93.0,50.0,-72.0,71.0,screener
KSCL,Mar 2022,2022-03-31,annual,110.0,66.0,-170.0,7.0,screener
KSCL,Mar 2023,2023-03-31,annual,297.0,-119.0,-176.0,1.0,screener
KSCL,Mar 2024,2024-03-31,annual,389.0,38.0,-425.0,3.0,screener
KSCL,Mar 2025,2025-03-31,annual,197.0,-183.0,-18.0,-3.0,screener
KSCL,Mar 2026,2026-03-31,annual,-6.0,92.0,-64.0,21.0,screener
KSHITIJPOL,Mar 2022,2022-03-31,annual,3.89,-2.55,-1.91,-0.57,screener
KSHITIJPOL,Mar 2023,2023-03-31,annual,-1.27,-4.51,8.86,3.08,screener
KSHITIJPOL,Mar 2024,2024-03-31,annual,-7.97,-12.32,17.68,-2.6,screener
KSHITIJPOL,Mar 2025,2025-03-31,annual,-8.63,15.57,-7.36,-0.41,screener
KSHITIJPOL,Mar 2026,2026-03-31,annual,-0.91,-27.38,28.32,0.03,screener
KSL,Mar 2021,2021-03-31,annual,62.0,-226.0,160.0,-3.0,screener
KSL,Mar 2022,2022-03-31,annual,362.0,-474.0,123.0,11.0,screener
KSL,Mar 2024,2024-03-31,annual,323.0,-304.0,-10.0,9.0,screener
KSL,Mar 2025,2025-03-31,annual,382.0,-135.0,-252.0,-5.0,screener
KSL,Mar 2026,2026-03-31,annual,141.0,-105.0,-42.0,-6.0,screener
KSOLVES,Mar 2022,2022-03-31,annual,10.0,1.0,-12.0,-1.0,screener
KSOLVES,Mar 2023,2023-03-31,annual,21.0,0.0,-19.0,2.0,screener
KSOLVES,Mar 2024,2024-03-31,annual,33.0,-2.0,-33.0,-1.0,screener
KSOLVES,Mar 2025,2025-03-31,annual,34.0,-8.0,-23.0,3.0,screener
KSOLVES,Mar 2026,2026-03-31,annual,31.0,-1.0,-33.0,-4.0,screener
KTKBANK,Mar 2022,2022-03-31,annual,-467.0,-56.0,-355.0,-879.0,screener
KTKBANK,Mar 2023,2023-03-31,annual,1830.0,-88.0,-19.0,1723.0,screener
KTKBANK,Mar 2024,2024-03-31,annual,681.0,-369.0,1582.0,1894.0,screener
KTKBANK,Mar 2025,2025-03-31,annual,210.0,-691.0,412.0,-69.0,screener
KTKBANK,Mar 2026,2026-03-31,annual,1100.0,-88.0,-1260.0,-248.0,screener
LALPATHLAB,Mar 2022,2022-03-31,annual,447.0,-449.0,136.0,134.0,screener
LALPATHLAB,Mar 2023,2023-03-31,annual,456.0,-287.0,-283.0,-114.0,screener
LALPATHLAB,Mar 2024,2024-03-31,annual,535.0,-24.0,-414.0,97.0,screener
LALPATHLAB,Mar 2025,2025-03-31,annual,569.0,-303.0,-334.0,-68.0,screener
LALPATHLAB,Mar 2026,2026-03-31,annual,636.0,-422.0,-264.0,-50.0,screener
LANDMARK,Mar 2022,2022-03-31,annual,76.0,-34.0,-38.0,5.0,screener
LANDMARK,Mar 2023,2023-03-31,annual,71.0,-72.0,1.0,-1.0,screener
LANDMARK,Mar 2024,2024-03-31,annual,41.0,-113.0,65.0,-8.0,screener
LANDMARK,Mar 2025,2025-03-31,annual,152.0,-164.0,23.0,11.0,screener
LANDMARK,Mar 2026,2026-03-31,annual,267.0,-63.0,-191.0,14.0,screener
LATENTVIEW,Mar 2022,2022-03-31,annual,87.0,-435.0,449.0,102.0,screener
LATENTVIEW,Mar 2023,2023-03-31,annual,97.0,-277.0,-4.0,-183.0,screener
LATENTVIEW,Mar 2024,2024-03-31,annual,115.0,-3.0,-1.0,111.0,screener
LATENTVIEW,Mar 2025,2025-03-31,annual,130.0,-221.0,-5.0,-95.0,screener
LATENTVIEW,Mar 2026,2026-03-31,annual,165.0,-73.0,-7.0,85.0,screener
LATTEYS,Mar 2023,2023-03-31,annual,3.0,-2.0,-1.0,0.0,screener
LATTEYS,Mar 2024,2024-03-31,annual,1.0,-3.0,3.0,0.0,screener
LATTEYS,Mar 2025,2025-03-31,annual,10.0,0.0,-10.0,0.0,screener
LATTEYS,Mar 2026,2026-03-31,annual,-11.0,0.0,12.0,0.0,screener
LAURUSLABS,Mar 2022,2022-03-31,annual,911.0,-914.0,30.0,27.0,screener
LAURUSLABS,Mar 2023,2023-03-31,annual,994.0,-997.0,-27.0,-30.0,screener
LAURUSLABS,Mar 2024,2024-03-31,annual,666.0,-822.0,250.0,93.0,screener
LAURUSLABS,Mar 2025,2025-03-31,annual,602.0,-680.0,39.0,-39.0,screener
LAURUSLABS,Mar 2026,2026-03-31,annual,1624.0,-1086.0,-525.0,13.0,screener
LAXMIDENTL,Mar 2022,2022-03-31,annual,-2.0,3.0,-4.0,-3.0,screener
LAXMIDENTL,Mar 2023,2023-03-31,annual,14.0,-10.0,-1.0,3.0,screener
LAXMIDENTL,Mar 2024,2024-03-31,annual,8.0,-11.0,-3.0,-5.0,screener
LAXMIDENTL,Mar 2025,2025-03-31,annual,44.0,-29.0,111.0,125.0,screener
LAXMIDENTL,Mar 2026,2026-03-31,annual,-5.0,-80.0,-18.0,-102.0,screener
LEMONTREE,Mar 2022,2022-03-31,annual,135.0,-45.0,-163.0,-73.0,screener
LEMONTREE,Mar 2023,2023-03-31,annual,385.0,-283.0,-132.0,-31.0,screener
LEMONTREE,Mar 2024,2024-03-31,annual,465.0,-397.0,-59.0,10.0,screener
LEMONTREE,Mar 2025,2025-03-31,annual,542.0,-127.0,-392.0,22.0,screener
LEMONTREE,Mar 2026,2026-03-31,annual,542.0,-169.0,-370.0,3.0,screener
LENSKART,Mar 2022,2022-03-31,annual,-183.0,-421.0,604.0,0.0,screener
LENSKART,Mar 2023,2023-03-31,annual,95.0,-2586.0,2777.0,285.0,screener
LENSKART,Mar 2024,2024-03-31,annual,487.0,163.0,-722.0,-72.0,screener
LENSKART,Mar 2025,2025-03-31,annual,1231.0,-262.0,-535.0,434.0,screener
LENSKART,Mar 2026,2026-03-31,annual,1670.0,-2725.0,1201.0,145.0,screener
LIBAS,Mar 2022,2022-03-31,annual,6.35,1.43,-10.84,-3.07,screener
LIBAS,Mar 2023,2023-03-31,annual,-13.1,0.32,17.12,4.34,screener
LIBAS,Mar 2024,2024-03-31,annual,-3.04,0.14,3.73,0.82,screener
LIBAS,Mar 2025,2025-03-31,annual,9.09,0.15,-2.35,6.89,screener
LIBERTSHOE,Mar 2013,2013-03-31,annual,30.0,-18.0,-10.0,2.0,screener
LIBERTSHOE,Mar 2014,2014-03-31,annual,12.0,-8.0,-11.0,-8.0,screener
LIBERTSHOE,Mar 2015,2015-03-31,annual,35.0,-17.0,-19.0,-1.0,screener
LIBERTSHOE,Mar 2016,2016-03-31,annual,39.0,-16.0,-22.0,0.0,screener
LIBERTSHOE,Mar 2017,2017-03-31,annual,21.0,-8.0,-12.0,1.0,screener
LICHSGFIN,Mar 2022,2022-03-31,annual,-16729.0,-1629.0,17850.0,-508.0,screener
LICHSGFIN,Mar 2023,2023-03-31,annual,-19632.0,-800.0,20249.0,-183.0,screener
LICHSGFIN,Mar 2024,2024-03-31,annual,-7151.0,587.0,7346.0,781.0,screener
LICHSGFIN,Mar 2025,2025-03-31,annual,-16978.0,-679.0,17534.0,-123.0,screener
LICHSGFIN,Mar 2026,2026-03-31,annual,-8504.0,1752.0,6192.0,-560.0,screener
LICI,Mar 2022,2022-03-31,annual,-3783.0,12531.0,0.0,8748.0,screener
LICI,Mar 2023,2023-03-31,annual,54519.0,-52848.0,-949.0,722.0,screener
LICI,Mar 2024,2024-03-31,annual,26548.0,-25695.0,-4427.0,-3574.0,screener
LICI,Mar 2025,2025-03-31,annual,-9721.0,41408.0,-3794.0,27893.0,screener
LICI,Mar 2026,2026-03-31,annual,-26211.0,36693.0,-7626.0,2856.0,screener
LINC,Mar 2024,2024-03-31,annual,38.0,-20.0,-11.0,7.0,screener
LINC,Mar 2025,2025-03-31,annual,57.0,-35.0,-11.0,10.0,screener
LINC,Mar 2026,2026-03-31,annual,33.0,-33.0,-13.0,-12.0,screener
LINCOLN,Mar 2022,2022-03-31,annual,76.0,-78.0,-3.0,-4.0,screener
LINCOLN,Mar 2023,2023-03-31,annual,39.0,-37.0,-4.0,-2.0,screener
LINCOLN,Mar 2024,2024-03-31,annual,63.0,-57.0,-5.0,1.0,screener
LINCOLN,Mar 2025,2025-03-31,annual,93.0,-79.0,-6.0,8.0,screener
LINCOLN,Mar 2026,2026-03-31,annual,106.0,-98.0,0.0,8.0,screener
LINDEINDIA,Dec 2021,2021-12-31,annual,589.0,98.0,-28.0,659.0,screener
LINDEINDIA,Mar 2023,2023-03-31,annual,629.0,-306.0,-119.0,203.0,screener
LINDEINDIA,Mar 2024,2024-03-31,annual,437.0,-539.0,-105.0,-208.0,screener
LINDEINDIA,Mar 2025,2025-03-31,annual,584.0,-1305.0,-112.0,-833.0,screener
LINDEINDIA,Mar 2026,2026-03-31,annual,786.0,-705.0,-116.0,-35.0,screener
LLOYDSME,Mar 2022,2022-03-31,annual,-78.0,-57.0,149.0,13.0,screener
LLOYDSME,Mar 2023,2023-03-31,annual,-516.0,-612.0,1143.0,14.0,screener
LLOYDSME,Mar 2024,2024-03-31,annual,1701.0,-1725.0,-1.0,-25.0,screener
LLOYDSME,Mar 2025,2025-03-31,annual,1207.0,-3976.0,2808.0,39.0,screener
LLOYDSME,Mar 2026,2026-03-31,annual,2921.0,-9474.0,8633.0,2080.0,screener
LODHA,Mar 2022,2022-03-31,annual,1998.0,1139.0,-2888.0,250.0,screener
LODHA,Mar 2023,2023-03-31,annual,2750.0,1789.0,-3706.0,834.0,screener
LODHA,Mar 2024,2024-03-31,annual,2512.0,-2947.0,951.0,516.0,screener
LODHA,Mar 2025,2025-03-31,annual,1566.0,47.0,-2506.0,-893.0,screener
LODHA,Mar 2026,2026-03-31,annual,959.0,-780.0,1589.0,1769.0,screener
LOTUSDEV,Mar 2022,2022-03-31,annual,-88.0,0.0,91.0,3.0,screener
LOTUSDEV,Mar 2023,2023-03-31,annual,71.0,-15.0,-11.0,45.0,screener
LOTUSDEV,Mar 2024,2024-03-31,annual,46.0,28.0,-44.0,30.0,screener
LOTUSDEV,Mar 2025,2025-03-31,annual,-20.0,16.0,250.0,246.0,screener
LOTUSDEV,Mar 2026,2026-03-31,annual,-326.0,-20.0,747.0,401.0,screener
LT,Mar 2022,2022-03-31,annual,19164.0,-3585.0,-15181.0,397.0,screener
LT,Mar 2023,2023-03-31,annual,22777.0,-8048.0,-11572.0,3156.0,screener
LT,Mar 2024,2024-03-31,annual,18266.0,2179.0,-25413.0,-4968.0,screener
LT,Mar 2025,2025-03-31,annual,9151.0,-15479.0,6557.0,228.0,screener
LT,Mar 2026,2026-03-31,annual,16741.0,-11380.0,-2156.0,3204.0,screener
LTF,Mar 2022,2022-03-31,annual,6078.0,-5087.0,-3023.0,-2032.0,screener
LTF,Mar 2023,2023-03-31,annual,7490.0,-1634.0,-1664.0,4193.0,screener
LTF,Mar 2024,2024-03-31,annual,686.0,849.0,-7050.0,-5515.0,screener
LTF,Mar 2025,2025-03-31,annual,-16587.0,472.0,15419.0,-697.0,screener
LTF,Mar 2026,2026-03-31,annual,-14189.0,367.0,15415.0,1593.0,screener
LTFOODS,Mar 2022,2022-03-31,annual,517.0,-145.0,-358.0,15.0,screener
LTFOODS,Mar 2023,2023-03-31,annual,258.0,-395.0,136.0,0.0,screener
LTFOODS,Mar 2024,2024-03-31,annual,757.0,-201.0,-538.0,17.0,screener
LTFOODS,Mar 2025,2025-03-31,annual,462.0,-219.0,-150.0,93.0,screener
LTFOODS,Mar 2026,2026-03-31,annual,910.0,-845.0,-127.0,-62.0,screener
LTM,Mar 2022,2022-03-31,annual,3251.0,-1643.0,-1680.0,-73.0,screener
LTM,Mar 2023,2023-03-31,annual,3095.0,-271.0,-1932.0,892.0,screener
LTM,Mar 2024,2024-03-31,annual,5670.0,-3918.0,-2269.0,-518.0,screener
LTM,Mar 2025,2025-03-31,annual,4546.0,-1729.0,-2574.0,242.0,screener
LTM,Mar 2026,2026-03-31,annual,4799.0,-1604.0,-2926.0,269.0,screener
LTTS,Mar 2022,2022-03-31,annual,1006.0,-448.0,-498.0,60.0,screener
LTTS,Mar 2023,2023-03-31,annual,1305.0,-572.0,-444.0,290.0,screener
LTTS,Mar 2024,2024-03-31,annual,1493.0,-233.0,-658.0,602.0,screener
LTTS,Mar 2025,2025-03-31,annual,1481.0,-509.0,-718.0,254.0,screener
LTTS,Mar 2026,2026-03-31,annual,1455.0,-443.0,-800.0,213.0,screener
LUMAXIND,Mar 2022,2022-03-31,annual,108.0,-129.0,34.0,13.0,screener
LUMAXIND,Mar 2023,2023-03-31,annual,108.0,-90.0,-26.0,-8.0,screener
LUMAXIND,Mar 2024,2024-03-31,annual,133.0,-245.0,137.0,24.0,screener
LUMAXIND,Mar 2025,2025-03-31,annual,212.0,-293.0,59.0,-22.0,screener
LUMAXIND,Mar 2026,2026-03-31,annual,373.0,-265.0,-92.0,16.0,screener
LUMAXTECH,Mar 2022,2022-03-31,annual,87.0,-65.0,10.0,32.0,screener
LUMAXTECH,Mar 2023,2023-03-31,annual,137.0,-476.0,365.0,26.0,screener
LUMAXTECH,Mar 2024,2024-03-31,annual,265.0,-249.0,-40.0,-24.0,screener
LUMAXTECH,Mar 2025,2025-03-31,annual,290.0,-216.0,-53.0,21.0,screener
LUMAXTECH,Mar 2026,2026-03-31,annual,460.0,-280.0,-170.0,10.0,screener
LUPIN,Mar 2022,2022-03-31,annual,367.0,1292.0,-1572.0,87.0,screener
LUPIN,Mar 2023,2023-03-31,annual,1897.0,-1287.0,-337.0,273.0,screener
LUPIN,Mar 2024,2024-03-31,annual,3648.0,-1712.0,-2184.0,-248.0,screener
LUPIN,Mar 2025,2025-03-31,annual,3000.0,-4172.0,1732.0,560.0,screener
LUPIN,Mar 2026,2026-03-31,annual,7334.0,-3865.0,-846.0,2624.0,screener
LUXIND,Mar 2022,2022-03-31,annual,-228.0,44.0,152.0,-32.0,screener
LUXIND,Mar 2023,2023-03-31,annual,181.0,-88.0,-118.0,-25.0,screener
LUXIND,Mar 2024,2024-03-31,annual,240.0,-124.0,-91.0,24.0,screener
LUXIND,Mar 2025,2025-03-31,annual,-81.0,-12.0,71.0,-22.0,screener
LUXIND,Mar 2026,2026-03-31,annual,-149.0,-34.0,245.0,62.0,screener
LXCHEM,Mar 2022,2022-03-31,annual,46.0,95.0,-124.0,16.0,screener
LXCHEM,Mar 2023,2023-03-31,annual,199.0,-384.0,232.0,47.0,screener
LXCHEM,Mar 2024,2024-03-31,annual,561.0,-490.0,-42.0,30.0,screener
LXCHEM,Mar 2025,2025-03-31,annual,108.0,-268.0,90.0,-70.0,screener
LXCHEM,Mar 2026,2026-03-31,annual,175.0,-404.0,247.0,18.0,screener
M&M,Mar 2022,2022-03-31,annual,9248.0,-3252.0,-5883.0,113.0,screener
M&M,Mar 2023,2023-03-31,annual,-7074.0,-8866.0,15946.0,6.0,screener
M&M,Mar 2024,2024-03-31,annual,-5630.0,-5615.0,12281.0,1037.0,screener
M&M,Mar 2025,2025-03-31,annual,3176.0,-18616.0,15834.0,394.0,screener
M&M,Mar 2026,2026-03-31,annual,11657.0,-17707.0,5391.0,-659.0,screener
M&MFIN,Mar 2022,2022-03-31,annual,18.0,3112.0,-3173.0,-43.0,screener
M&MFIN,Mar 2023,2023-03-31,annual,-17395.0,-1635.0,18852.0,-179.0,screener
M&MFIN,Mar 2024,2024-03-31,annual,-18449.0,2671.0,16095.0,317.0,screener
M&MFIN,Mar 2025,2025-03-31,annual,-15602.0,-1077.0,17605.0,927.0,screener
M&MFIN,Mar 2026,2026-03-31,annual,-12772.0,770.0,10637.0,-1365.0,screener
MAANALU,Mar 2009,2009-03-31,annual,5.21,-3.56,0.56,2.21,screener
MAFATIND,Mar 2022,2022-03-31,annual,10.0,61.0,-52.0,18.0,screener
MAFATIND,Mar 2023,2023-03-31,annual,-7.0,36.0,-34.0,-5.0,screener
MAFATIND,Mar 2024,2024-03-31,annual,159.0,-2.0,-23.0,133.0,screener
MAFATIND,Mar 2025,2025-03-31,annual,-89.0,-11.0,-30.0,-131.0,screener
MAFATIND,Mar 2026,2026-03-31,annual,141.0,-35.0,-33.0,73.0,screener
MAHABANK,Mar 2022,2022-03-31,annual,6896.0,-300.0,378.0,6974.0,screener
MAHABANK,Mar 2023,2023-03-31,annual,-1440.0,-175.0,228.0,-1387.0,screener
MAHABANK,Mar 2024,2024-03-31,annual,11581.0,-260.0,461.0,11783.0,screener
MAHABANK,Mar 2025,2025-03-31,annual,7628.0,-495.0,4750.0,11883.0,screener
MAHABANK,Mar 2026,2026-03-31,annual,-11336.0,-506.0,-2607.0,-14449.0,screener
MAHEPC,Mar 2022,2022-03-31,annual,-23.0,-1.0,20.0,-4.0,screener
MAHEPC,Mar 2023,2023-03-31,annual,19.0,-2.0,-12.0,4.0,screener
MAHEPC,Mar 2024,2024-03-31,annual,2.0,-2.0,-4.0,-4.0,screener
MAHEPC,Mar 2025,2025-03-31,annual,-4.0,-2.0,7.0,1.0,screener
MAHEPC,Mar 2026,2026-03-31,annual,-16.0,-2.0,17.0,-2.0,screener
MAHLIFE,Mar 2022,2022-03-31,annual,-52.0,123.0,12.0,83.0,screener
MAHLIFE,Mar 2023,2023-03-31,annual,-148.0,26.0,-27.0,-149.0,screener
MAHLIFE,Mar 2024,2024-03-31,annual,-661.0,214.0,489.0,42.0,screener
MAHLIFE,Mar 2025,2025-03-31,annual,-542.0,273.0,416.0,147.0,screener
MAHLIFE,Mar 2026,2026-03-31,annual,-545.0,-145.0,531.0,-159.0,screener
MAHLOG,Mar 2022,2022-03-31,annual,191.0,-140.0,-117.0,-66.0,screener
MAHLOG,Mar 2023,2023-03-31,annual,119.0,-310.0,183.0,-8.0,screener
MAHLOG,Mar 2024,2024-03-31,annual,227.0,-53.0,-276.0,-102.0,screener
MAHLOG,Mar 2025,2025-03-31,annual,343.0,-155.0,-148.0,41.0,screener
MAHLOG,Mar 2026,2026-03-31,annual,254.0,-316.0,105.0,42.0,screener
MAHSEAMLES,Mar 2022,2022-03-31,annual,-269.0,563.0,-286.0,8.0,screener
MAHSEAMLES,Mar 2023,2023-03-31,annual,912.0,-386.0,-542.0,-17.0,screener
MAHSEAMLES,Mar 2024,2024-03-31,annual,1041.0,-722.0,-320.0,0.0,screener
MAHSEAMLES,Mar 2025,2025-03-31,annual,610.0,-486.0,-136.0,-13.0,screener
MAHSEAMLES,Mar 2026,2026-03-31,annual,933.0,-775.0,-123.0,36.0,screener
MAITHANALL,Mar 2022,2022-03-31,annual,237.0,-105.0,-62.0,70.0,screener
MAITHANALL,Mar 2023,2023-03-31,annual,968.0,-962.0,-5.0,1.0,screener
MAITHANALL,Mar 2024,2024-03-31,annual,-409.0,369.0,-9.0,-49.0,screener
MAITHANALL,Mar 2025,2025-03-31,annual,50.0,-591.0,522.0,-19.0,screener
MAITHANALL,Mar 2026,2026-03-31,annual,-10.0,481.0,-434.0,37.0,screener
MALLCOM,Mar 2022,2022-03-31,annual,1.0,-2.0,-1.0,-2.0,screener
MALLCOM,Mar 2023,2023-03-31,annual,53.0,-75.0,33.0,11.0,screener
MALLCOM,Mar 2024,2024-03-31,annual,6.0,-10.0,-4.0,-8.0,screener
MALLCOM,Mar 2025,2025-03-31,annual,2.0,-43.0,15.0,-26.0,screener
MALLCOM,Mar 2026,2026-03-31,annual,35.0,-32.0,-6.0,-2.0,screener
MAMATA,Mar 2022,2022-03-31,annual,37.0,-36.0,-3.0,-2.0,screener
MAMATA,Mar 2023,2023-03-31,annual,17.0,-12.0,-3.0,2.0,screener
MAMATA,Mar 2024,2024-03-31,annual,19.0,12.0,-36.0,-5.0,screener
MAMATA,Mar 2025,2025-03-31,annual,72.0,-11.0,-7.0,55.0,screener
MAMATA,Mar 2026,2026-03-31,annual,2.0,-45.0,1.0,-41.0,screener
MANAKCOAT,Mar 2022,2022-03-31,annual,-13.0,9.0,6.0,2.0,screener
MANAKCOAT,Mar 2023,2023-03-31,annual,8.0,-7.0,-6.0,-4.0,screener
MANAKCOAT,Mar 2024,2024-03-31,annual,22.0,-6.0,-16.0,0.0,screener
MANAKCOAT,Mar 2025,2025-03-31,annual,30.0,-20.0,-10.0,0.0,screener
MANAKCOAT,Mar 2026,2026-03-31,annual,-9.0,-17.0,25.0,-1.0,screener
MANAPPURAM,Mar 2022,2022-03-31,annual,-423.0,-193.0,438.0,-177.0,screener
MANAPPURAM,Mar 2023,2023-03-31,annual,-3103.0,-616.0,3849.0,130.0,screener
MANAPPURAM,Mar 2024,2024-03-31,annual,-3450.0,-601.0,4092.0,41.0,screener
MANAPPURAM,Mar 2025,2025-03-31,annual,-467.0,-125.0,1132.0,541.0,screener
MANAPPURAM,Mar 2026,2026-03-31,annual,-20238.0,-1632.0,23834.0,1965.0,screener
MANCREDIT,Mar 2015,2015-03-31,annual,7.0,26.0,-27.0,5.0,screener
MANCREDIT,Mar 2016,2016-03-31,annual,44.0,-30.0,-17.0,-4.0,screener
MANCREDIT,Mar 2017,2017-03-31,annual,-7.0,-12.0,19.0,0.0,screener
MANCREDIT,Mar 2018,2018-03-31,annual,31.0,-30.0,1.0,2.0,screener
MANCREDIT,Mar 2019,2019-03-31,annual,1.0,-1.0,12.0,12.0,screener
MANINDS,Mar 2022,2022-03-31,annual,451.0,-119.0,-267.0,65.0,screener
MANINDS,Mar 2023,2023-03-31,annual,-120.0,-135.0,211.0,-45.0,screener
MANINDS,Mar 2024,2024-03-31,annual,345.0,-279.0,86.0,152.0,screener
MANINDS,Mar 2025,2025-03-31,annual,68.0,-41.0,30.0,56.0,screener
MANINDS,Mar 2026,2026-03-31,annual,515.0,-594.0,136.0,57.0,screener
MANINFRA,Mar 2022,2022-03-31,annual,187.0,28.0,-91.0,123.0,screener
MANINFRA,Mar 2023,2023-03-31,annual,448.0,-102.0,-458.0,-111.0,screener
MANINFRA,Mar 2024,2024-03-31,annual,573.0,-397.0,-28.0,148.0,screener
MANINFRA,Mar 2025,2025-03-31,annual,133.0,-115.0,-116.0,-98.0,screener
MANINFRA,Mar 2026,2026-03-31,annual,-50.0,-323.0,306.0,-67.0,screener
MANKIND,Mar 2022,2022-03-31,annual,920.0,-1369.0,605.0,156.0,screener
MANKIND,Mar 2023,2023-03-31,annual,1813.0,-1052.0,-740.0,22.0,screener
MANKIND,Mar 2024,2024-03-31,annual,2152.0,-2081.0,5.0,77.0,screener
MANKIND,Mar 2025,2025-03-31,annual,2413.0,-12624.0,10233.0,22.0,screener
MANKIND,Mar 2026,2026-03-31,annual,3121.0,-181.0,-2953.0,-12.0,screener
MANORAMA,Mar 2025,2025-03-31,annual,-57.0,-34.0,93.0,2.0,screener
MANORAMA,Mar 2026,2026-03-31,annual,250.0,-78.0,-165.0,7.0,screener
MANUGRAPH,Mar 2019,2019-03-31,annual,-14.0,25.0,-5.0,6.0,screener
MANUGRAPH,Mar 2020,2020-03-31,annual,-29.0,13.0,6.0,-10.0,screener
MANUGRAPH,Mar 2021,2021-03-31,annual,-22.0,13.0,7.0,-2.0,screener
MANUGRAPH,Mar 2022,2022-03-31,annual,-1.0,4.0,-4.0,-1.0,screener
MANUGRAPH,Mar 2023,2023-03-31,annual,-6.0,17.0,-10.0,1.0,screener
MANYAVAR,Mar 2020,2020-03-31,annual,243.0,-96.0,-141.0,7.0,screener
MANYAVAR,Mar 2021,2021-03-31,annual,253.0,-88.0,-166.0,-2.0,screener
MANYAVAR,Mar 2022,2022-03-31,annual,351.0,56.0,-410.0,-3.0,screener
MANYAVAR,Mar 2023,2023-03-31,annual,470.0,-232.0,-232.0,6.0,screener
MANYAVAR,Mar 2024,2024-03-31,annual,483.0,-110.0,-362.0,12.0,screener
MAPMYINDIA,Mar 2022,2022-03-31,annual,29.0,-11.0,-11.0,7.0,screener
MAPMYINDIA,Mar 2023,2023-03-31,annual,90.0,-63.0,8.0,36.0,screener
MAPMYINDIA,Mar 2024,2024-03-31,annual,76.0,-59.0,-19.0,-3.0,screener
MAPMYINDIA,Mar 2025,2025-03-31,annual,113.0,-102.0,-17.0,-6.0,screener
MAPMYINDIA,Mar 2026,2026-03-31,annual,93.0,-48.0,-53.0,-7.0,screener
MARATHON,Mar 2022,2022-03-31,annual,76.0,-375.0,274.0,-26.0,screener
MARATHON,Mar 2023,2023-03-31,annual,315.0,27.0,-326.0,15.0,screener
MARATHON,Mar 2024,2024-03-31,annual,22.0,112.0,-155.0,-21.0,screener
MARATHON,Mar 2025,2025-03-31,annual,-25.0,298.0,-265.0,8.0,screener
MARATHON,Mar 2026,2026-03-31,annual,-54.0,-292.0,411.0,65.0,screener
MARICO,Mar 2022,2022-03-31,annual,1016.0,441.0,-1290.0,167.0,screener
MARICO,Mar 2023,2023-03-31,annual,1419.0,-928.0,-560.0,-69.0,screener
MARICO,Mar 2024,2024-03-31,annual,1387.0,176.0,-1542.0,21.0,screener
MARICO,Mar 2025,2025-03-31,annual,1363.0,-621.0,-649.0,93.0,screener
MARICO,Mar 2026,2026-03-31,annual,2084.0,-722.0,-1279.0,83.0,screener
MARINE,Mar 2022,2022-03-31,annual,47.0,-19.0,-31.0,-3.0,screener
MARINE,Mar 2023,2023-03-31,annual,-2.0,-28.0,31.0,1.0,screener
MARINE,Mar 2024,2024-03-31,annual,-7.0,-21.0,32.0,4.0,screener
MARINE,Mar 2025,2025-03-31,annual,55.0,-95.0,52.0,12.0,screener
MARINE,Mar 2026,2026-03-31,annual,-16.0,-17.0,37.0,4.0,screener
MARKOLINES,Mar 2023,2023-03-31,annual,20.0,-22.0,1.0,-1.0,screener
MARKOLINES,Mar 2024,2024-03-31,annual,2.0,-23.0,21.0,0.0,screener
MARKOLINES,Mar 2025,2025-03-31,annual,-36.0,-14.0,50.0,0.0,screener
MARKOLINES,Mar 2026,2026-03-31,annual,6.0,-21.0,16.0,1.0,screener
MARKSANS,Mar 2022,2022-03-31,annual,99.0,-84.0,80.0,94.0,screener
MARKSANS,Mar 2023,2023-03-31,annual,237.0,-259.0,198.0,176.0,screener
MARKSANS,Mar 2024,2024-03-31,annual,230.0,-141.0,-69.0,21.0,screener
MARKSANS,Mar 2025,2025-03-31,annual,207.0,-49.0,-65.0,93.0,screener
MARKSANS,Mar 2026,2026-03-31,annual,458.0,-249.0,-71.0,138.0,screener
MARSONS,Mar 2018,2018-03-31,annual,-7.0,1.0,5.0,0.0,screener
MARSONS,Mar 2019,2019-03-31,annual,1.0,0.0,-2.0,-1.0,screener
MARSONS,Mar 2024,2024-03-31,annual,-4.0,0.0,4.0,0.0,screener
MARSONS,Mar 2025,2025-03-31,annual,-35.0,-38.0,74.0,1.0,screener
MARSONS,Mar 2026,2026-03-31,annual,2.0,12.0,-4.0,10.0,screener
MARUTI,Mar 2022,2022-03-31,annual,1840.0,-239.0,-1607.0,-6.0,screener
MARUTI,Mar 2023,2023-03-31,annual,9251.0,-8036.0,-1213.0,2.0,screener
MARUTI,Mar 2024,2024-03-31,annual,16801.0,-11865.0,-4062.0,874.0,screener
MARUTI,Mar 2025,2025-03-31,annual,16136.0,-14456.0,-4155.0,-2475.0,screener
MARUTI,Mar 2026,2026-03-31,annual,19100.0,-14734.0,-4484.0,-118.0,screener
MASFIN,Mar 2022,2022-03-31,annual,-805.0,-820.0,923.0,-702.0,screener
MASFIN,Mar 2023,2023-03-31,annual,-1488.0,-242.0,1684.0,-46.0,screener
MASFIN,Mar 2024,2024-03-31,annual,-1366.0,50.0,1290.0,-26.0,screener
MASFIN,Mar 2025,2025-03-31,annual,-1133.0,-828.0,2198.0,236.0,screener
MASFIN,Mar 2026,2026-03-31,annual,-1787.0,467.0,1095.0,-225.0,screener
MASTEK,Mar 2022,2022-03-31,annual,273.0,-26.0,-128.0,119.0,screener
MASTEK,Mar 2023,2023-03-31,annual,108.0,-719.0,93.0,-519.0,screener
MASTEK,Mar 2024,2024-03-31,annual,420.0,-249.0,2.0,173.0,screener
MASTEK,Mar 2025,2025-03-31,annual,395.0,-259.0,-57.0,80.0,screener
MASTEK,Mar 2026,2026-03-31,annual,542.0,-66.0,-300.0,176.0,screener
MASTERTR,Mar 2022,2022-03-31,annual,-15.0,6.0,0.0,-9.0,screener
MASTERTR,Mar 2023,2023-03-31,annual,177.0,-164.0,0.0,13.0,screener
MASTERTR,Mar 2024,2024-03-31,annual,458.0,-493.0,25.0,-10.0,screener
MASTERTR,Mar 2025,2025-03-31,annual,-37.0,54.0,18.0,35.0,screener
MASTERTR,Mar 2026,2026-03-31,annual,311.0,-325.0,56.0,43.0,screener
MATRIMONY,Mar 2022,2022-03-31,annual,78.0,-53.0,-24.0,1.0,screener
MATRIMONY,Mar 2023,2023-03-31,annual,57.0,67.0,-125.0,-1.0,screener
MATRIMONY,Mar 2024,2024-03-31,annual,61.0,-33.0,-29.0,-1.0,screener
MATRIMONY,Mar 2025,2025-03-31,annual,57.0,57.0,-104.0,10.0,screener
MATRIMONY,Mar 2026,2026-03-31,annual,75.0,10.0,-101.0,-15.0,screener
MAWANASUG,Mar 2022,2022-03-31,annual,-151.0,-13.0,107.0,-57.0,screener
MAWANASUG,Mar 2023,2023-03-31,annual,108.0,-39.0,-76.0,-6.0,screener
MAWANASUG,Mar 2024,2024-03-31,annual,-164.0,5.0,143.0,-16.0,screener
MAWANASUG,Mar 2025,2025-03-31,annual,114.0,92.0,-206.0,-1.0,screener
MAWANASUG,Mar 2026,2026-03-31,annual,73.0,-31.0,-25.0,17.0,screener
MAXESTATES,Mar 2022,2022-03-31,annual,41.0,-121.0,78.0,-2.0,screener
MAXESTATES,Mar 2023,2023-03-31,annual,-456.0,-52.0,521.0,13.0,screener
MAXESTATES,Mar 2024,2024-03-31,annual,271.0,-292.0,234.0,213.0,screener
MAXESTATES,Mar 2025,2025-03-31,annual,225.0,-1993.0,1766.0,-2.0,screener
MAXESTATES,Mar 2026,2026-03-31,annual,-616.0,-291.0,879.0,-28.0,screener
MAXHEALTH,Mar 2022,2022-03-31,annual,741.0,-764.0,-294.0,-317.0,screener
MAXHEALTH,Mar 2023,2023-03-31,annual,1284.0,-102.0,-289.0,893.0,screener
MAXHEALTH,Mar 2024,2024-03-31,annual,1122.0,-1253.0,-264.0,-395.0,screener
MAXHEALTH,Mar 2025,2025-03-31,annual,1459.0,-1614.0,-164.0,-319.0,screener
MAXHEALTH,Mar 2026,2026-03-31,annual,1633.0,-1689.0,59.0,4.0,screener
MAXIND,Mar 2022,2022-03-31,annual,66.0,18.0,-94.0,-10.0,screener
MAXIND,Mar 2023,2023-03-31,annual,69.0,124.0,-119.0,75.0,screener
MAXIND,Mar 2024,2024-03-31,annual,-102.0,159.0,-29.0,27.0,screener
MAXIND,Mar 2025,2025-03-31,annual,-128.0,47.0,-13.0,-93.0,screener
MAXIND,Mar 2026,2026-03-31,annual,-95.0,-50.0,148.0,4.0,screener
MAYURUNIQ,Mar 2022,2022-03-31,annual,13.0,17.0,-21.0,9.0,screener
MAYURUNIQ,Mar 2023,2023-03-31,annual,121.0,-32.0,-67.0,23.0,screener
MAYURUNIQ,Mar 2024,2024-03-31,annual,113.0,-78.0,-21.0,14.0,screener
MAYURUNIQ,Mar 2025,2025-03-31,annual,157.0,-68.0,-70.0,19.0,screener
MAYURUNIQ,Mar 2026,2026-03-31,annual,133.0,-115.0,-24.0,-6.0,screener
MAZDOCK,Mar 2022,2022-03-31,annual,-163.0,326.0,-183.0,-19.0,screener
MAZDOCK,Mar 2023,2023-03-31,annual,1516.0,-150.0,-218.0,1148.0,screener
MAZDOCK,Mar 2024,2024-03-31,annual,684.0,1420.0,-448.0,1655.0,screener
MAZDOCK,Mar 2025,2025-03-31,annual,2078.0,-1299.0,-712.0,67.0,screener
MAZDOCK,Mar 2026,2026-03-31,annual,-2891.0,1209.0,-738.0,-2419.0,screener
MBEL,Mar 2022,2022-03-31,annual,41.0,-13.0,-29.0,0.0,screener
MBEL,Mar 2023,2023-03-31,annual,29.0,-12.0,30.0,47.0,screener
MBEL,Mar 2024,2024-03-31,annual,5.0,-62.0,32.0,-25.0,screener
MBEL,Mar 2025,2025-03-31,annual,36.0,-34.0,-45.0,-44.0,screener
MBEL,Mar 2026,2026-03-31,annual,-31.0,-39.0,136.0,66.0,screener
MCLOUD,Mar 2022,2022-03-31,annual,50.0,-4.0,7.0,53.0,screener
MCLOUD,Mar 2023,2023-03-31,annual,160.0,-367.0,203.0,-5.0,screener
MCLOUD,Mar 2024,2024-03-31,annual,32.0,-76.0,6.0,-37.0,screener
MCLOUD,Mar 2025,2025-03-31,annual,143.0,-64.0,-48.0,31.0,screener
MCLOUD,Mar 2026,2026-03-31,annual,92.0,-164.0,44.0,-28.0,screener
MCX,Mar 2022,2022-03-31,annual,391.0,-142.0,-142.0,107.0,screener
MCX,Mar 2023,2023-03-31,annual,141.0,-8.0,-89.0,44.0,screener
MCX,Mar 2024,2024-03-31,annual,442.0,-346.0,-98.0,-2.0,screener
MCX,Mar 2025,2025-03-31,annual,950.0,-751.0,-40.0,159.0,screener
MCX,Mar 2026,2026-03-31,annual,3035.0,-2399.0,-154.0,481.0,screener
MEDANTA,Mar 2022,2022-03-31,annual,311.0,-421.0,160.0,50.0,screener
MEDANTA,Mar 2023,2023-03-31,annual,645.0,-342.0,346.0,648.0,screener
MEDANTA,Mar 2024,2024-03-31,annual,612.0,-441.0,-514.0,-343.0,screener
MEDANTA,Mar 2025,2025-03-31,annual,624.0,-721.0,-97.0,-194.0,screener
MEDANTA,Mar 2026,2026-03-31,annual,714.0,-1089.0,272.0,-103.0,screener
MEDIASSIST,Mar 2022,2022-03-31,annual,64.0,-83.0,-30.0,-49.0,screener
MEDIASSIST,Mar 2023,2023-03-31,annual,81.0,-10.0,-32.0,39.0,screener
MEDIASSIST,Mar 2024,2024-03-31,annual,66.0,-55.0,-15.0,-3.0,screener
MEDIASSIST,Mar 2025,2025-03-31,annual,138.0,-218.0,112.0,32.0,screener
MEDIASSIST,Mar 2026,2026-03-31,annual,118.0,-160.0,12.0,-30.0,screener
MEDPLUS,Mar 2022,2022-03-31,annual,170.0,-703.0,440.0,-93.0,screener
MEDPLUS,Mar 2023,2023-03-31,annual,90.0,429.0,-170.0,350.0,screener
MEDPLUS,Mar 2024,2024-03-31,annual,144.0,-83.0,-198.0,-137.0,screener
MEDPLUS,Mar 2025,2025-03-31,annual,540.0,-318.0,-228.0,-5.0,screener
MEDPLUS,Mar 2026,2026-03-31,annual,496.0,-128.0,-256.0,112.0,screener
MEESHO,Mar 2023,2023-03-31,annual,-2303.0,-1289.0,3263.0,-328.0,screener
MEESHO,Mar 2024,2024-03-31,annual,220.0,-165.0,-11.0,44.0,screener
MEESHO,Mar 2025,2025-03-31,annual,539.0,-2638.0,2105.0,7.0,screener
MEESHO,Mar 2026,2026-03-31,annual,-3875.0,247.0,4101.0,473.0,screener
MENONBE,Mar 2008,2008-03-31,annual,9.0,-4.0,-3.0,1.0,screener
MENONBE,Mar 2023,2023-03-31,annual,50.0,-23.0,-23.0,4.0,screener
MENONBE,Mar 2024,2024-03-31,annual,28.0,-19.0,4.0,13.0,screener
MENONBE,Mar 2025,2025-03-31,annual,27.0,-26.0,-7.0,-6.0,screener
MENONBE,Mar 2026,2026-03-31,annual,23.0,-18.0,-12.0,-7.0,screener
METROBRAND,Mar 2022,2022-03-31,annual,220.0,-301.0,116.0,35.0,screener
METROBRAND,Mar 2023,2023-03-31,annual,381.0,-52.0,-359.0,-30.0,screener
METROBRAND,Mar 2024,2024-03-31,annual,590.0,-251.0,-323.0,16.0,screener
METROBRAND,Mar 2025,2025-03-31,annual,698.0,122.0,-773.0,47.0,screener
METROBRAND,Mar 2026,2026-03-31,annual,474.0,-100.0,-436.0,-62.0,screener
METROPOLIS,Mar 2022,2022-03-31,annual,253.0,-736.0,163.0,-321.0,screener
METROPOLIS,Mar 2023,2023-03-31,annual,247.0,48.0,-292.0,3.0,screener
METROPOLIS,Mar 2024,2024-03-31,annual,264.0,-89.0,-181.0,-6.0,screener
METROPOLIS,Mar 2025,2025-03-31,annual,263.0,-199.0,-87.0,-23.0,screener
METROPOLIS,Mar 2026,2026-03-31,annual,351.0,-223.0,-115.0,12.0,screener
MFML,Mar 2023,2023-03-31,annual,-8.0,-14.0,23.0,1.0,screener
MFML,Mar 2024,2024-03-31,annual,5.0,-7.0,3.0,1.0,screener
MFML,Mar 2025,2025-03-31,annual,-12.0,4.0,7.0,-1.0,screener
MFML,Mar 2026,2026-03-31,annual,9.0,-39.0,30.0,0.0,screener
MFSL,Mar 2022,2022-03-31,annual,8496.0,-8835.0,388.0,48.0,screener
MFSL,Mar 2023,2023-03-31,annual,9922.0,-11555.0,-233.0,-1866.0,screener
MFSL,Mar 2024,2024-03-31,annual,6104.0,-5001.0,-117.0,986.0,screener
MFSL,Mar 2025,2025-03-31,annual,8352.0,-9703.0,1961.0,610.0,screener
MFSL,Mar 2026,2026-03-31,annual,11473.0,-11125.0,567.0,915.0,screener
MGL,Mar 2023,2023-03-31,annual,969.0,-649.0,-285.0,35.0,screener
MGL,Mar 2024,2024-03-31,annual,1568.0,-1057.0,-499.0,11.0,screener
MGL,Mar 2025,2025-03-31,annual,1407.0,-1053.0,-332.0,22.0,screener
MGL,Mar 2026,2026-03-31,annual,1162.0,-888.0,-369.0,-95.0,screener
MHLXMIRU,Mar 2019,2019-03-31,annual,11.0,-6.0,2.0,8.0,screener
MHLXMIRU,Mar 2020,2020-03-31,annual,23.0,-15.0,-8.0,0.0,screener
MHLXMIRU,Mar 2021,2021-03-31,annual,16.0,-17.0,1.0,0.0,screener
MHLXMIRU,Mar 2022,2022-03-31,annual,8.0,-13.0,-1.0,-5.0,screener
MHLXMIRU,Mar 2023,2023-03-31,annual,6.0,9.0,-7.0,9.0,screener
MHRIL,Mar 2022,2022-03-31,annual,498.0,-257.0,-217.0,23.0,screener
MHRIL,Mar 2023,2023-03-31,annual,681.0,-209.0,-459.0,14.0,screener
MHRIL,Mar 2024,2024-03-31,annual,624.0,-448.0,-190.0,-13.0,screener
MHRIL,Mar 2025,2025-03-31,annual,621.0,-402.0,-285.0,-66.0,screener
MHRIL,Mar 2026,2026-03-31,annual,531.0,-217.0,-315.0,-1.0,screener
MIDHANI,Mar 2022,2022-03-31,annual,52.0,-103.0,27.0,-24.0,screener
MIDHANI,Mar 2023,2023-03-31,annual,-35.0,-3.0,43.0,4.0,screener
MIDHANI,Mar 2024,2024-03-31,annual,216.0,-65.0,-148.0,2.0,screener
MIDHANI,Mar 2025,2025-03-31,annual,217.0,-96.0,-126.0,-6.0,screener
MIDHANI,Mar 2026,2026-03-31,annual,155.0,-150.0,16.0,21.0,screener
MINDACORP,Mar 2022,2022-03-31,annual,167.0,12.0,-161.0,18.0,screener_yfinance_fallback_normalized
MINDACORP,Mar 2023,2023-03-31,annual,387.0,-425.0,74.0,37.0,screener_yfinance_fallback_normalized
MINDACORP,Mar 2024,2024-03-31,annual,287.0,116.0,-358.0,44.0,screener_yfinance_fallback_normalized
MINDACORP,Mar 2025,2025-03-31,annual,544.0,-1409.0,788.0,-76.0,screener_yfinance_fallback_normalized
MINDACORP,Mar 2026,2026-03-31,annual,676.0,-381.0,-267.0,27.0,screener_yfinance_fallback_normalized
MINDTECK,Mar 2022,2022-03-31,annual,22.0,-19.0,-3.0,0.0,screener
MINDTECK,Mar 2023,2023-03-31,annual,13.0,-7.0,-15.0,-9.0,screener
MINDTECK,Mar 2024,2024-03-31,annual,22.0,-12.0,-2.0,8.0,screener
MINDTECK,Mar 2025,2025-03-31,annual,24.0,-5.0,1.0,20.0,screener
MINDTECK,Mar 2026,2026-03-31,annual,26.0,-37.0,-7.0,-18.0,screener
MMFL,Mar 2022,2022-03-31,annual,150.0,-126.0,14.0,39.0,screener
MMFL,Mar 2023,2023-03-31,annual,160.0,-187.0,16.0,-10.0,screener
MMFL,Mar 2024,2024-03-31,annual,149.0,-232.0,77.0,-6.0,screener
MMFL,Mar 2025,2025-03-31,annual,182.0,-358.0,185.0,8.0,screener
MMFL,Mar 2026,2026-03-31,annual,230.0,-181.0,-41.0,8.0,screener
MMP,Mar 2022,2022-03-31,annual,19.0,-19.0,0.0,0.0,screener
MMP,Mar 2023,2023-03-31,annual,33.0,-24.0,-7.0,2.0,screener
MMP,Mar 2024,2024-03-31,annual,43.0,-42.0,-3.0,-2.0,screener
MMP,Mar 2025,2025-03-31,annual,57.0,-51.0,5.0,11.0,screener
MMP,Mar 2026,2026-03-31,annual,53.0,-55.0,-7.0,-9.0,screener
MMTC,Mar 2022,2022-03-31,annual,0.0,3.0,-5.0,-3.0,screener
MMTC,Mar 2023,2023-03-31,annual,754.0,1959.0,-2547.0,166.0,screener
MMTC,Mar 2024,2024-03-31,annual,-353.0,198.0,-43.0,-198.0,screener
MMTC,Mar 2025,2025-03-31,annual,-363.0,278.0,-5.0,-90.0,screener
MMTC,Mar 2026,2026-03-31,annual,-605.0,579.0,-1.0,-27.0,screener
MOBIKWIK,Mar 2022,2022-03-31,annual,-321.0,-85.0,329.0,-76.0,screener
MOBIKWIK,Mar 2023,2023-03-31,annual,27.0,-1.0,18.0,44.0,screener
MOBIKWIK,Mar 2024,2024-03-31,annual,-22.0,27.0,3.0,8.0,screener
MOBIKWIK,Mar 2025,2025-03-31,annual,-68.0,-313.0,515.0,133.0,screener
MOBIKWIK,Mar 2026,2026-03-31,annual,-78.0,82.0,-2.0,2.0,screener
MODIS,Mar 2022,2022-03-31,annual,-16.0,0.0,17.0,1.0,screener
MODIS,Mar 2023,2023-03-31,annual,-7.0,0.0,9.0,1.0,screener
MODIS,Mar 2024,2024-03-31,annual,-33.0,-10.0,48.0,4.0,screener
MODIS,Mar 2025,2025-03-31,annual,-18.0,8.0,6.0,-5.0,screener
MODIS,Mar 2026,2026-03-31,annual,-2.0,2.0,2.0,2.0,screener
MOIL,Mar 2016,2016-03-31,annual,-24.0,145.0,-101.0,20.0,screener
MOIL,Mar 2017,2017-03-31,annual,118.0,-588.0,-81.0,-550.0,screener
MOIL,Mar 2018,2018-03-31,annual,529.0,-397.0,-213.0,-82.0,screener
MOIL,Mar 2019,2019-03-31,annual,424.0,-254.0,-173.0,-3.0,screener
MOIL,Mar 2020,2020-03-31,annual,58.0,588.0,-562.0,84.0,screener
MOLDTECH,Mar 2022,2022-03-31,annual,15.0,-7.0,-8.0,0.0,screener
MOLDTECH,Mar 2023,2023-03-31,annual,34.0,-11.0,-3.0,19.0,screener
MOLDTECH,Mar 2024,2024-03-31,annual,33.0,-5.0,-11.0,17.0,screener
MOLDTECH,Mar 2025,2025-03-31,annual,24.0,-47.0,-13.0,-36.0,screener
MOLDTECH,Mar 2026,2026-03-31,annual,15.0,1.0,-4.0,12.0,screener
MOLDTKPAC,Mar 2018,2018-03-31,annual,7.0,-42.0,35.0,0.0,screener
MOLDTKPAC,Mar 2019,2019-03-31,annual,83.0,-76.0,-8.0,0.0,screener
MOLDTKPAC,Mar 2020,2020-03-31,annual,60.0,-26.0,-34.0,0.0,screener
MOLDTKPAC,Mar 2021,2021-03-31,annual,61.0,-51.0,-10.0,0.0,screener
MOLDTKPAC,Mar 2022,2022-03-31,annual,2.0,-55.0,57.0,4.0,screener
MONARCH,Mar 2022,2022-03-31,annual,45.0,0.0,14.0,58.0,screener
MONARCH,Mar 2023,2023-03-31,annual,-21.0,-18.0,-5.0,-43.0,screener
MONARCH,Mar 2024,2024-03-31,annual,-108.0,16.0,94.0,1.0,screener
MONARCH,Mar 2025,2025-03-31,annual,30.0,-87.0,171.0,114.0,screener
MONARCH,Mar 2026,2026-03-31,annual,114.0,-2.0,-2.0,110.0,screener
MONTECARLO,Mar 2022,2022-03-31,annual,71.0,-48.0,-22.0,0.0,screener
MONTECARLO,Mar 2023,2023-03-31,annual,-5.0,-46.0,53.0,1.0,screener
MONTECARLO,Mar 2024,2024-03-31,annual,81.0,4.0,-85.0,0.0,screener
MONTECARLO,Mar 2025,2025-03-31,annual,73.0,-29.0,-45.0,0.0,screener
MONTECARLO,Mar 2026,2026-03-31,annual,100.0,-14.0,-85.0,1.0,screener
MOSCHIP,Mar 2022,2022-03-31,annual,16.0,-6.0,-10.0,1.0,screener
MOSCHIP,Mar 2023,2023-03-31,annual,14.0,-18.0,0.0,-4.0,screener
MOSCHIP,Mar 2024,2024-03-31,annual,31.0,-80.0,51.0,1.0,screener
MOSCHIP,Mar 2025,2025-03-31,annual,100.0,-13.0,-56.0,31.0,screener
MOSCHIP,Mar 2026,2026-03-31,annual,93.0,-121.0,25.0,-3.0,screener
MOTHERSON,Mar 2022,2022-03-31,annual,2463.0,-2304.0,-1217.0,-1059.0,screener
MOTHERSON,Mar 2023,2023-03-31,annual,4643.0,-2248.0,-2734.0,-339.0,screener
MOTHERSON,Mar 2024,2024-03-31,annual,7569.0,-6644.0,1281.0,2205.0,screener
MOTHERSON,Mar 2025,2025-03-31,annual,6286.0,-4836.0,-2551.0,-1101.0,screener
MOTHERSON,Mar 2026,2026-03-31,annual,11284.0,-6124.0,-3275.0,1886.0,screener
MOTILALOFS,Mar 2022,2022-03-31,annual,1011.0,-447.0,282.0,845.0,screener
MOTILALOFS,Mar 2023,2023-03-31,annual,-3058.0,-274.0,3770.0,439.0,screener
MOTILALOFS,Mar 2024,2024-03-31,annual,-350.0,-247.0,3306.0,2709.0,screener
MOTILALOFS,Mar 2025,2025-03-31,annual,1215.0,-1077.0,745.0,882.0,screener
MOTILALOFS,Mar 2026,2026-03-31,annual,-6071.0,-958.0,6154.0,-875.0,screener
MPHASIS,Mar 2022,2022-03-31,annual,1716.0,-271.0,-1389.0,56.0,screener
MPHASIS,Mar 2023,2023-03-31,annual,1462.0,196.0,-1440.0,217.0,screener
MPHASIS,Mar 2024,2024-03-31,annual,2180.0,-2496.0,77.0,-239.0,screener
MPHASIS,Mar 2025,2025-03-31,annual,1905.0,32.0,-1756.0,181.0,screener
MPHASIS,Mar 2026,2026-03-31,annual,1253.0,-173.0,-943.0,137.0,screener
MPSLTD,Mar 2022,2022-03-31,annual,115.0,16.0,-116.0,15.0,screener
MPSLTD,Mar 2023,2023-03-31,annual,113.0,-64.0,-70.0,-21.0,screener
MPSLTD,Mar 2024,2024-03-31,annual,118.0,25.0,-93.0,50.0,screener
MPSLTD,Mar 2025,2025-03-31,annual,101.0,-5.0,-140.0,-45.0,screener
MPSLTD,Mar 2026,2026-03-31,annual,197.0,-133.0,-52.0,12.0,screener
MRPL,Mar 2022,2022-03-31,annual,4496.0,-595.0,-3922.0,-20.0,screener
MRPL,Mar 2023,2023-03-31,annual,6364.0,-673.0,-5690.0,1.0,screener
MRPL,Mar 2024,2024-03-31,annual,7051.0,-1524.0,-5524.0,3.0,screener
MRPL,Mar 2025,2025-03-31,annual,1878.0,-940.0,-938.0,0.0,screener
MRPL,Mar 2026,2026-03-31,annual,2531.0,-1378.0,-598.0,554.0,screener
MSTCLTD,Mar 2022,2022-03-31,annual,170.0,-72.0,-98.0,0.0,screener
MSTCLTD,Mar 2023,2023-03-31,annual,844.0,-551.0,-119.0,175.0,screener
MSTCLTD,Mar 2024,2024-03-31,annual,-283.0,-272.0,-96.0,-651.0,screener
MSTCLTD,Mar 2025,2025-03-31,annual,260.0,165.0,-289.0,136.0,screener
MSTCLTD,Mar 2026,2026-03-31,annual,-28.0,257.0,-54.0,176.0,screener
MTARTECH,Mar 2022,2022-03-31,annual,-30.0,-145.0,54.0,-121.0,screener
MTARTECH,Mar 2023,2023-03-31,annual,7.0,-87.0,32.0,-47.0,screener
MTARTECH,Mar 2024,2024-03-31,annual,57.0,-56.0,25.0,27.0,screener
MTARTECH,Mar 2025,2025-03-31,annual,101.0,-103.0,-36.0,-37.0,screener
MTARTECH,Mar 2026,2026-03-31,annual,197.0,-353.0,155.0,-1.0,screener
MUFIN,Mar 2024,2024-03-31,annual,-359.0,-57.0,486.0,70.0,screener
MUFIN,Mar 2025,2025-03-31,annual,-153.0,90.0,67.0,4.0,screener
MUFIN,Mar 2026,2026-03-31,annual,-695.0,-173.0,925.0,57.0,screener
MUKANDLTD,Mar 2022,2022-03-31,annual,-102.0,280.0,-166.0,12.0,screener
MUKANDLTD,Mar 2023,2023-03-31,annual,106.0,619.0,-728.0,-3.0,screener
MUKANDLTD,Mar 2024,2024-03-31,annual,65.0,99.0,-152.0,12.0,screener
MUKANDLTD,Mar 2025,2025-03-31,annual,180.0,-124.0,-86.0,-29.0,screener
MUKANDLTD,Mar 2026,2026-03-31,annual,-441.0,472.0,-37.0,-6.0,screener
MUNJALAU,Mar 2022,2022-03-31,annual,137.0,-99.0,-50.0,-13.0,screener
MUNJALAU,Mar 2023,2023-03-31,annual,33.0,37.0,-65.0,6.0,screener
MUNJALAU,Mar 2024,2024-03-31,annual,127.0,-77.0,-53.0,-3.0,screener
MUNJALAU,Mar 2025,2025-03-31,annual,25.0,-9.0,-15.0,1.0,screener
MUNJALAU,Mar 2026,2026-03-31,annual,45.0,-57.0,18.0,5.0,screener
MUTHOOTFIN,Mar 2022,2022-03-31,annual,-1596.0,410.0,3445.0,2260.0,screener
MUTHOOTFIN,Mar 2023,2023-03-31,annual,-2804.0,180.0,395.0,-2229.0,screener
MUTHOOTFIN,Mar 2024,2024-03-31,annual,-13605.0,48.0,11809.0,-1749.0,screener
MUTHOOTFIN,Mar 2025,2025-03-31,annual,-26525.0,-1375.0,30041.0,2142.0,screener
MUTHOOTFIN,Mar 2026,2026-03-31,annual,-47393.0,2461.0,49320.0,4388.0,screener
MWL,Mar 2022,2022-03-31,annual,2.0,-40.0,43.0,4.0,screener
MWL,Mar 2023,2023-03-31,annual,-61.0,-38.0,98.0,-1.0,screener
MWL,Mar 2024,2024-03-31,annual,-10.0,-20.0,26.0,-4.0,screener
MWL,Mar 2025,2025-03-31,annual,-87.0,-7.0,94.0,0.0,screener
MWL,Mar 2026,2026-03-31,annual,24.0,-25.0,2.0,1.0,screener
NACLIND,Mar 2022,2022-03-31,annual,-124.0,-163.0,290.0,2.0,screener
NACLIND,Mar 2023,2023-03-31,annual,-20.0,-143.0,134.0,-28.0,screener
NACLIND,Mar 2024,2024-03-31,annual,50.0,-38.0,-22.0,-9.0,screener
NACLIND,Mar 2025,2025-03-31,annual,469.0,4.0,-448.0,25.0,screener
NACLIND,Mar 2026,2026-03-31,annual,-104.0,-58.0,108.0,-55.0,screener
NAHARINDUS,Mar 2022,2022-03-31,annual,85.0,-33.0,-51.0,0.0,screener
NAHARINDUS,Mar 2023,2023-03-31,annual,504.0,-55.0,-449.0,0.0,screener
NAHARINDUS,Mar 2024,2024-03-31,annual,-72.0,-152.0,227.0,3.0,screener
NAHARINDUS,Mar 2025,2025-03-31,annual,78.0,-126.0,45.0,-3.0,screener
NAHARINDUS,Mar 2026,2026-03-31,annual,63.0,-58.0,15.0,20.0,screener
NAHARPOLY,Mar 2022,2022-03-31,annual,-24.0,-92.0,115.0,0.0,screener
NAHARPOLY,Mar 2023,2023-03-31,annual,110.0,-37.0,-41.0,32.0,screener
NAHARPOLY,Mar 2024,2024-03-31,annual,17.0,-11.0,-38.0,-33.0,screener
NAHARPOLY,Mar 2025,2025-03-31,annual,57.0,-3.0,-41.0,13.0,screener
NAHARPOLY,Mar 2026,2026-03-31,annual,50.0,-25.0,-38.0,-13.0,screener
NAM-INDIA,Mar 2022,2022-03-31,annual,580.0,-125.0,-426.0,29.0,screener
NAM-INDIA,Mar 2023,2023-03-31,annual,587.0,98.0,-712.0,-27.0,screener
NAM-INDIA,Mar 2024,2024-03-31,annual,777.0,-104.0,-671.0,3.0,screener
NAM-INDIA,Mar 2025,2025-03-31,annual,1200.0,-82.0,-1116.0,2.0,screener
NAM-INDIA,Mar 2026,2026-03-31,annual,1466.0,-326.0,-1150.0,-10.0,screener
NATCAPSUQ,Mar 2022,2022-03-31,annual,-1.0,-46.0,48.0,1.0,screener
NATCAPSUQ,Mar 2023,2023-03-31,annual,17.0,-105.0,87.0,0.0,screener
NATCAPSUQ,Mar 2024,2024-03-31,annual,-8.0,-73.0,82.0,1.0,screener
NATCAPSUQ,Mar 2025,2025-03-31,annual,27.0,-44.0,16.0,-2.0,screener
NATCAPSUQ,Mar 2026,2026-03-31,annual,11.0,-11.0,-1.0,0.0,screener
NATCOPHARM,Mar 2022,2022-03-31,annual,46.0,4.0,35.0,85.0,screener
NATCOPHARM,Mar 2023,2023-03-31,annual,849.0,-465.0,-363.0,21.0,screener
NATCOPHARM,Mar 2024,2024-03-31,annual,1212.0,-1026.0,-247.0,-62.0,screener
NATCOPHARM,Mar 2025,2025-03-31,annual,1697.0,-1436.0,-211.0,50.0,screener
NATCOPHARM,Mar 2026,2026-03-31,annual,1768.0,-2082.0,298.0,-16.0,screener
NATIONALUM,Mar 2022,2022-03-31,annual,3958.0,-2619.0,-1140.0,199.0,screener
NATIONALUM,Mar 2023,2023-03-31,annual,908.0,-334.0,-924.0,-350.0,screener
NATIONALUM,Mar 2024,2024-03-31,annual,2719.0,-2000.0,-739.0,-20.0,screener
NATIONALUM,Mar 2025,2025-03-31,annual,5806.0,-3971.0,-1758.0,78.0,screener
NATIONALUM,Mar 2026,2026-03-31,annual,6438.0,-4200.0,-2206.0,32.0,screener
NAUKRI,Mar 2022,2022-03-31,annual,707.0,-1177.0,35.0,-435.0,screener
NAUKRI,Mar 2023,2023-03-31,annual,521.0,-367.0,2.0,156.0,screener
NAUKRI,Mar 2024,2024-03-31,annual,702.0,-852.0,120.0,-29.0,screener
NAUKRI,Mar 2025,2025-03-31,annual,876.0,-818.0,-127.0,-69.0,screener
NAUKRI,Mar 2026,2026-03-31,annual,1076.0,-611.0,-363.0,102.0,screener
NAVA,Mar 2022,2022-03-31,annual,608.0,-212.0,-415.0,-19.0,screener
NAVA,Mar 2023,2023-03-31,annual,1223.0,28.0,-1184.0,67.0,screener
NAVA,Mar 2024,2024-03-31,annual,3174.0,-237.0,-3066.0,-129.0,screener
NAVA,Mar 2025,2025-03-31,annual,2157.0,-1270.0,-163.0,724.0,screener
NAVA,Mar 2026,2026-03-31,annual,2312.0,-2014.0,645.0,944.0,screener
NAVINFLUOR,Mar 2022,2022-03-31,annual,75.0,-172.0,42.0,-56.0,screener
NAVINFLUOR,Mar 2023,2023-03-31,annual,-64.0,-656.0,658.0,-61.0,screener
NAVINFLUOR,Mar 2024,2024-03-31,annual,750.0,-1094.0,336.0,-8.0,screener
NAVINFLUOR,Mar 2025,2025-03-31,annual,571.0,-511.0,-47.0,13.0,screener
NAVINFLUOR,Mar 2026,2026-03-31,annual,894.0,-1235.0,344.0,3.0,screener
NAVKARCORP,Mar 2013,2013-03-31,annual,73.0,-109.0,38.0,1.0,screener
NAVKARCORP,Mar 2014,2014-03-31,annual,82.0,-93.0,10.0,-1.0,screener
NAVKARCORP,Mar 2015,2015-03-31,annual,123.0,-194.0,70.0,0.0,screener
NAVKARCORP,Mar 2016,2016-03-31,annual,224.0,-664.0,443.0,4.0,screener
NAVKARCORP,Mar 2017,2017-03-31,annual,108.0,-47.0,-28.0,34.0,screener
NAVNETEDUL,Mar 2022,2022-03-31,annual,29.0,-24.0,-2.0,3.0,screener
NAVNETEDUL,Mar 2023,2023-03-31,annual,-22.0,-86.0,101.0,-6.0,screener
NAVNETEDUL,Mar 2024,2024-03-31,annual,156.0,-35.0,-122.0,-1.0,screener
NAVNETEDUL,Mar 2025,2025-03-31,annual,274.0,115.0,-372.0,17.0,screener
NAVNETEDUL,Mar 2026,2026-03-31,annual,307.0,-96.0,-182.0,29.0,screener
NAZARA,Mar 2022,2022-03-31,annual,62.0,-329.0,335.0,68.0,screener
NAZARA,Mar 2023,2023-03-31,annual,8.0,-89.0,15.0,-66.0,screener
NAZARA,Mar 2024,2024-03-31,annual,91.0,-612.0,946.0,425.0,screener
NAZARA,Mar 2025,2025-03-31,annual,66.0,-1139.0,805.0,-268.0,screener
NAZARA,Mar 2026,2026-03-31,annual,149.0,-542.0,361.0,-33.0,screener
NBCC,Mar 2022,2022-03-31,annual,80.0,33.0,-95.0,19.0,screener
NBCC,Mar 2023,2023-03-31,annual,-374.0,272.0,-90.0,-192.0,screener
NBCC,Mar 2024,2024-03-31,annual,-6.0,-184.0,-103.0,-293.0,screener
NBCC,Mar 2025,2025-03-31,annual,657.0,573.0,-269.0,961.0,screener
NBCC,Mar 2026,2026-03-31,annual,439.0,250.0,-201.0,489.0,screener
NCC,Mar 2022,2022-03-31,annual,1416.0,-66.0,-1275.0,75.0,screener
NCC,Mar 2023,2023-03-31,annual,1100.0,-192.0,-893.0,16.0,screener
NCC,Mar 2024,2024-03-31,annual,1359.0,-319.0,-771.0,270.0,screener
NCC,Mar 2025,2025-03-31,annual,742.0,-59.0,-247.0,436.0,screener
NCC,Mar 2026,2026-03-31,annual,-459.0,-766.0,878.0,-346.0,screener
NCLIND,Mar 2022,2022-03-31,annual,72.0,-139.0,10.0,-58.0,screener
NCLIND,Mar 2023,2023-03-31,annual,206.0,-94.0,-83.0,29.0,screener
NCLIND,Mar 2024,2024-03-31,annual,183.0,-59.0,-110.0,13.0,screener
NCLIND,Mar 2025,2025-03-31,annual,86.0,-111.0,-5.0,-30.0,screener
NCLIND,Mar 2026,2026-03-31,annual,145.0,-108.0,-49.0,-12.0,screener
NDLVENTURE,Mar 2018,2018-03-31,annual,-61.0,32.0,31.0,3.0,screener
NDLVENTURE,Mar 2019,2019-03-31,annual,-198.0,576.0,-387.0,-8.0,screener
NDLVENTURE,Mar 2020,2020-03-31,annual,-138.0,630.0,-497.0,-5.0,screener
NDLVENTURE,Mar 2021,2021-03-31,annual,166.0,9.0,-189.0,-14.0,screener
NDLVENTURE,Mar 2022,2022-03-31,annual,-27.0,-152.0,195.0,16.0,screener
NDRAUTO,Mar 2022,2022-03-31,annual,1.0,-4.0,0.0,-3.0,screener
NDRAUTO,Mar 2023,2023-03-31,annual,48.0,-35.0,-5.0,8.0,screener
NDRAUTO,Mar 2024,2024-03-31,annual,27.0,-6.0,-8.0,13.0,screener
NDRAUTO,Mar 2025,2025-03-31,annual,84.0,-42.0,-12.0,29.0,screener
NDRAUTO,Mar 2026,2026-03-31,annual,37.0,-59.0,-14.0,-36.0,screener
NELCAST,Mar 2022,2022-03-31,annual,-13.0,-32.0,2.0,-42.0,screener
NELCAST,Mar 2023,2023-03-31,annual,80.0,-23.0,-71.0,-13.0,screener
NELCAST,Mar 2024,2024-03-31,annual,20.0,-31.0,-39.0,-49.0,screener
NELCAST,Mar 2025,2025-03-31,annual,105.0,-38.0,-61.0,6.0,screener
NELCAST,Mar 2026,2026-03-31,annual,92.0,-11.0,-76.0,4.0,screener
NELCO,Mar 2022,2022-03-31,annual,51.0,-18.0,-19.0,14.0,screener
NELCO,Mar 2023,2023-03-31,annual,58.0,-25.0,-33.0,1.0,screener
NELCO,Mar 2024,2024-03-31,annual,45.0,-19.0,-20.0,6.0,screener
NELCO,Mar 2025,2025-03-31,annual,20.0,-17.0,-11.0,-8.0,screener
NELCO,Mar 2026,2026-03-31,annual,15.0,-21.0,11.0,6.0,screener
NEOCHEM,Mar 2023,2023-03-31,annual,-0.74,-3.35,3.76,-0.34,screener
NEOCHEM,Mar 2024,2024-03-31,annual,1.96,-7.86,6.2,0.3,screener
NEOCHEM,Mar 2025,2025-03-31,annual,2.59,-1.69,-1.2,-0.3,screener
NEOGEN,Mar 2022,2022-03-31,annual,1.0,-146.0,188.0,44.0,screener
NEOGEN,Mar 2023,2023-03-31,annual,-30.0,-94.0,100.0,-25.0,screener
NEOGEN,Mar 2024,2024-03-31,annual,-29.0,-216.0,237.0,-8.0,screener
NEOGEN,Mar 2025,2025-03-31,annual,196.0,-317.0,113.0,-8.0,screener
NEOGEN,Mar 2026,2026-03-31,annual,-231.0,-410.0,642.0,0.0,screener
NEPHROCARE,Mar 2026,2026-03-31,annual,2.21,-0.43,0.05,1.83,screener
NEPHROPLUS,Mar 2022,2022-03-31,annual,14.0,-130.0,121.0,6.0,screener
NEPHROPLUS,Mar 2023,2023-03-31,annual,11.0,-76.0,60.0,-4.0,screener
NEPHROPLUS,Mar 2024,2024-03-31,annual,72.0,-52.0,27.0,47.0,screener
NEPHROPLUS,Mar 2025,2025-03-31,annual,135.0,-125.0,54.0,65.0,screener
NEPHROPLUS,Mar 2026,2026-03-31,annual,233.0,-410.0,157.0,-21.0,screener
NESCO,Mar 2022,2022-03-31,annual,163.0,-142.0,-21.0,0.0,screener
NESCO,Mar 2023,2023-03-31,annual,297.0,-268.0,-24.0,5.0,screener
NESCO,Mar 2024,2024-03-31,annual,377.0,-334.0,-33.0,10.0,screener
NESCO,Mar 2025,2025-03-31,annual,349.0,-315.0,-42.0,-8.0,screener
NESCO,Mar 2026,2026-03-31,annual,388.0,-610.0,222.0,0.0,screener
NESTLEIND,Mar 2024,2024-03-31,annual,4175.0,-1237.0,-3135.0,-198.0,screener
NESTLEIND,Mar 2025,2025-03-31,annual,2936.0,-1811.0,-1848.0,-723.0,screener
NESTLEIND,Mar 2026,2026-03-31,annual,5048.0,-624.0,-3179.0,1244.0,screener
NETWORK18,Mar 2022,2022-03-31,annual,641.0,-249.0,-381.0,12.0,screener
NETWORK18,Mar 2023,2023-03-31,annual,-2804.0,-718.0,3411.0,-111.0,screener
NETWORK18,Mar 2024,2024-03-31,annual,-6465.0,9929.0,1139.0,4603.0,screener
NETWORK18,Mar 2025,2025-03-31,annual,-1912.0,-3636.0,720.0,-4828.0,screener
NETWORK18,Mar 2026,2026-03-31,annual,-28.0,-20.0,83.0,35.0,screener
NEUEON,Mar 2022,2022-03-31,annual,0.0,0.0,0.0,0.0,screener
NEUEON,Mar 2023,2023-03-31,annual,-5.0,0.0,0.0,-5.0,screener
NEUEON,Mar 2024,2024-03-31,annual,-21.0,21.0,0.0,0.0,screener
NEUEON,Mar 2025,2025-03-31,annual,-1227.0,5.0,1223.0,0.0,screener
NEUEON,Mar 2026,2026-03-31,annual,-38.0,607.0,-570.0,-1.0,screener
NEULANDLAB,Mar 2022,2022-03-31,annual,60.0,-95.0,38.0,3.0,screener
NEULANDLAB,Mar 2023,2023-03-31,annual,237.0,-61.0,-136.0,40.0,screener
NEULANDLAB,Mar 2024,2024-03-31,annual,261.0,-150.0,-69.0,42.0,screener
NEULANDLAB,Mar 2025,2025-03-31,annual,317.0,-298.0,25.0,44.0,screener
NEULANDLAB,Mar 2026,2026-03-31,annual,347.0,-423.0,21.0,-55.0,screener
NEWGEN,Mar 2022,2022-03-31,annual,143.0,-79.0,-32.0,32.0,screener
NEWGEN,Mar 2023,2023-03-31,annual,136.0,-88.0,-44.0,4.0,screener
NEWGEN,Mar 2024,2024-03-31,annual,281.0,-217.0,-47.0,17.0,screener
NEWGEN,Mar 2025,2025-03-31,annual,215.0,-168.0,-68.0,-21.0,screener
NEWGEN,Mar 2026,2026-03-31,annual,232.0,-162.0,-87.0,-18.0,screener
NH,Mar 2022,2022-03-31,annual,485.0,-267.0,-159.0,59.0,screener
NH,Mar 2023,2023-03-31,annual,1085.0,-1176.0,88.0,-4.0,screener
NH,Mar 2024,2024-03-31,annual,1067.0,-1458.0,488.0,97.0,screener
NH,Mar 2025,2025-03-31,annual,986.0,-1325.0,544.0,205.0,screener
NH,Mar 2026,2026-03-31,annual,1621.0,-3648.0,2340.0,313.0,screener
NHPC,Mar 2022,2022-03-31,annual,4590.0,-3084.0,-638.0,867.0,screener
NHPC,Mar 2023,2023-03-31,annual,4705.0,-4191.0,-795.0,-281.0,screener
NHPC,Mar 2024,2024-03-31,annual,7252.0,-5940.0,-924.0,388.0,screener
NHPC,Mar 2025,2025-03-31,annual,5026.0,-7550.0,1904.0,-620.0,screener
NHPC,Mar 2026,2026-03-31,annual,3294.0,-11139.0,8928.0,1082.0,screener
NIACL,Mar 2022,2022-03-31,annual,-4052.0,4900.0,-6.0,842.0,screener
NIACL,Mar 2023,2023-03-31,annual,-5855.0,5701.0,-65.0,-219.0,screener
NIACL,Mar 2024,2024-03-31,annual,-4672.0,7203.0,-326.0,2206.0,screener
NIACL,Mar 2025,2025-03-31,annual,-3390.0,3285.0,-343.0,-448.0,screener
NIACL,Mar 2026,2026-03-31,annual,-4532.0,2050.0,-297.0,-2778.0,screener
NIBE,Mar 2023,2023-03-31,annual,-31.0,-56.0,96.0,9.0,screener
NIBE,Mar 2024,2024-03-31,annual,18.0,-124.0,111.0,5.0,screener
NIBE,Mar 2025,2025-03-31,annual,25.0,-60.0,30.0,-5.0,screener
NIBE,Mar 2026,2026-03-31,annual,-35.0,-77.0,127.0,15.0,screener
NIITLTD,Mar 2022,2022-03-31,annual,288.0,229.0,-386.0,131.0,screener
NIITLTD,Mar 2023,2023-03-31,annual,2.0,-226.0,-34.0,-258.0,screener
NIITLTD,Mar 2024,2024-03-31,annual,9.0,3.0,-23.0,-10.0,screener
NIITLTD,Mar 2025,2025-03-31,annual,29.0,-26.0,-10.0,-7.0,screener
NIITLTD,Mar 2026,2026-03-31,annual,12.0,4.0,-20.0,-3.0,screener
NIITMTS,Mar 2022,2022-03-31,annual,277.0,-62.0,-94.0,121.0,screener
NIITMTS,Mar 2023,2023-03-31,annual,153.0,-250.0,100.0,3.0,screener
NIITMTS,Mar 2024,2024-03-31,annual,279.0,-181.0,-69.0,28.0,screener
NIITMTS,Mar 2025,2025-03-31,annual,247.0,-122.0,-73.0,53.0,screener
NIITMTS,Mar 2026,2026-03-31,annual,288.0,-414.0,130.0,4.0,screener
NILKAMAL,Mar 2022,2022-03-31,annual,69.0,-94.0,60.0,34.0,screener
NILKAMAL,Mar 2023,2023-03-31,annual,190.0,-164.0,-71.0,-45.0,screener
NILKAMAL,Mar 2024,2024-03-31,annual,250.0,-156.0,-32.0,62.0,screener
NILKAMAL,Mar 2025,2025-03-31,annual,247.0,-224.0,34.0,57.0,screener
NILKAMAL,Mar 2026,2026-03-31,annual,306.0,-156.0,-213.0,-63.0,screener
NIMBSPROJ,Mar 2022,2022-03-31,annual,2.0,-1.0,0.0,0.0,screener
NIMBSPROJ,Mar 2023,2023-03-31,annual,4.0,1.0,-4.0,1.0,screener
NIMBSPROJ,Mar 2024,2024-03-31,annual,15.0,-16.0,1.0,0.0,screener
NIMBSPROJ,Mar 2025,2025-03-31,annual,-121.0,-32.0,163.0,10.0,screener
NIMBSPROJ,Mar 2026,2026-03-31,annual,-23.0,-33.0,77.0,21.0,screener
NINSYS,Mar 2024,2024-03-31,annual,10.0,-14.0,2.0,-2.0,screener
NINSYS,Mar 2025,2025-03-31,annual,24.0,-6.0,0.0,17.0,screener
NINSYS,Mar 2026,2026-03-31,annual,26.0,-13.0,0.0,13.0,screener
NITCO,Mar 2022,2022-03-31,annual,5.0,4.0,-9.0,0.0,screener
NITCO,Mar 2023,2023-03-31,annual,3.0,0.0,-3.0,-1.0,screener
NITCO,Mar 2024,2024-03-31,annual,-9.0,0.0,5.0,-4.0,screener
NITCO,Mar 2025,2025-03-31,annual,-148.0,4.0,228.0,84.0,screener
NITCO,Mar 2026,2026-03-31,annual,-153.0,-10.0,102.0,-60.0,screener
NITINFIRE,Mar 2022,2022-03-31,annual,127.0,0.0,-128.0,-1.0,screener
NITINFIRE,Mar 2023,2023-03-31,annual,-5.0,4.0,5.0,4.0,screener
NITINFIRE,Mar 2024,2024-03-31,annual,-5.0,4.0,-2.0,-3.0,screener
NITINFIRE,Mar 2025,2025-03-31,annual,-30.0,42.0,-11.0,0.0,screener
NITINFIRE,Mar 2026,2026-03-31,annual,0.0,0.0,0.0,0.0,screener
NLCINDIA,Mar 2022,2022-03-31,annual,7746.0,-763.0,-7001.0,-18.0,screener
NLCINDIA,Mar 2023,2023-03-31,annual,4171.0,-2499.0,-1735.0,-62.0,screener
NLCINDIA,Mar 2024,2024-03-31,annual,5512.0,-3059.0,-1985.0,468.0,screener
NLCINDIA,Mar 2025,2025-03-31,annual,8977.0,-7160.0,-2196.0,-379.0,screener
NLCINDIA,Mar 2026,2026-03-31,annual,5166.0,-7549.0,2907.0,525.0,screener
NMDC,Mar 2022,2022-03-31,annual,6942.0,-3214.0,-4067.0,-339.0,screener
NMDC,Mar 2023,2023-03-31,annual,1838.0,202.0,-2067.0,-28.0,screener
NMDC,Mar 2024,2024-03-31,annual,7394.0,-6076.0,-1302.0,16.0,screener
NMDC,Mar 2025,2025-03-31,annual,1894.0,306.0,-2225.0,-25.0,screener
NMDC,Mar 2026,2026-03-31,annual,4996.0,-3842.0,-1092.0,63.0,screener
NOCIL,Mar 2022,2022-03-31,annual,-30.0,31.0,-34.0,-33.0,screener
NOCIL,Mar 2023,2023-03-31,annual,282.0,-217.0,-54.0,11.0,screener
NOCIL,Mar 2024,2024-03-31,annual,201.0,-77.0,-55.0,68.0,screener
NOCIL,Mar 2025,2025-03-31,annual,26.0,-37.0,-50.0,-62.0,screener
NOCIL,Mar 2026,2026-03-31,annual,252.0,-212.0,-38.0,2.0,screener
NORTHARC,Mar 2022,2022-03-31,annual,-1326.0,-386.0,2028.0,317.0,screener
NORTHARC,Mar 2023,2023-03-31,annual,-1296.0,-115.0,928.0,-483.0,screener
NORTHARC,Mar 2024,2024-03-31,annual,-2134.0,36.0,2045.0,-53.0,screener
NORTHARC,Mar 2025,2025-03-31,annual,-1047.0,-388.0,1586.0,151.0,screener
NORTHARC,Mar 2026,2026-03-31,annual,-1541.0,-851.0,2292.0,-100.0,screener
NPST,Mar 2022,2022-03-31,annual,-7.0,-5.0,13.0,1.0,screener
NPST,Mar 2023,2023-03-31,annual,24.0,-6.0,0.0,18.0,screener
NPST,Mar 2024,2024-03-31,annual,51.0,-33.0,0.0,18.0,screener
NPST,Mar 2025,2025-03-31,annual,29.0,8.0,7.0,44.0,screener
NPST,Mar 2026,2026-03-31,annual,-45.0,-42.0,296.0,208.0,screener
NRBBEARING,Mar 2022,2022-03-31,annual,16.0,-50.0,22.0,-12.0,screener
NRBBEARING,Mar 2023,2023-03-31,annual,61.0,-44.0,-13.0,4.0,screener
NRBBEARING,Mar 2024,2024-03-31,annual,115.0,100.0,-222.0,-7.0,screener
NRBBEARING,Mar 2025,2025-03-31,annual,84.0,-60.0,-29.0,-5.0,screener
NRBBEARING,Mar 2026,2026-03-31,annual,241.0,-120.0,-140.0,-18.0,screener
NRVANDANA,Mar 2022,2022-03-31,annual,-3.0,0.0,3.0,0.0,screener
NRVANDANA,Mar 2023,2023-03-31,annual,-13.0,-2.0,17.0,3.0,screener
NRVANDANA,Mar 2024,2024-03-31,annual,0.0,0.0,0.0,-1.0,screener
NRVANDANA,Mar 2025,2025-03-31,annual,6.0,0.0,-8.0,-2.0,screener
NTPC,Mar 2022,2022-03-31,annual,41788.0,-22891.0,-19172.0,-274.0,screener
NTPC,Mar 2023,2023-03-31,annual,47152.0,-26145.0,-21217.0,-210.0,screener
NTPC,Mar 2024,2024-03-31,annual,40099.0,-31456.0,-8246.0,398.0,screener
NTPC,Mar 2025,2025-03-31,annual,50436.0,-45800.0,-4073.0,563.0,screener
NTPC,Mar 2026,2026-03-31,annual,50902.0,-37578.0,-11328.0,1995.0,screener
NTPCGREEN,Mar 2023,2023-03-31,annual,17.0,-10304.0,10360.0,73.0,screener
NTPCGREEN,Mar 2024,2024-03-31,annual,1616.0,-9218.0,7645.0,43.0,screener
NTPCGREEN,Mar 2025,2025-03-31,annual,2051.0,-17845.0,15715.0,-80.0,screener
NTPCGREEN,Mar 2026,2026-03-31,annual,2386.0,-12117.0,9796.0,66.0,screener
NUCLEUS,Mar 2022,2022-03-31,annual,58.0,159.0,-213.0,3.0,screener
NUCLEUS,Mar 2023,2023-03-31,annual,50.0,-12.0,-23.0,15.0,screener
NUCLEUS,Mar 2024,2024-03-31,annual,222.0,-197.0,-30.0,-5.0,screener
NUCLEUS,Mar 2025,2025-03-31,annual,151.0,-20.0,-126.0,5.0,screener
NUCLEUS,Mar 2026,2026-03-31,annual,117.0,-51.0,-36.0,30.0,screener
NURECA,Mar 2022,2022-03-31,annual,1.0,-3.0,-7.0,-9.0,screener
NURECA,Mar 2023,2023-03-31,annual,10.0,-16.0,-2.0,-8.0,screener
NURECA,Mar 2024,2024-03-31,annual,-3.0,18.0,-1.0,14.0,screener
NURECA,Mar 2025,2025-03-31,annual,-19.0,8.0,0.0,-11.0,screener
NURECA,Mar 2026,2026-03-31,annual,3.0,14.0,-20.0,-2.0,screener
NUVAMA,Mar 2022,2022-03-31,annual,-1425.0,-81.0,2139.0,633.0,screener
NUVAMA,Mar 2023,2023-03-31,annual,-1865.0,-173.0,1825.0,-212.0,screener
NUVAMA,Mar 2024,2024-03-31,annual,-1658.0,-79.0,1316.0,-422.0,screener
NUVAMA,Mar 2025,2025-03-31,annual,-371.0,-63.0,601.0,166.0,screener
NUVAMA,Mar 2026,2026-03-31,annual,-3014.0,-128.0,3181.0,40.0,screener
NUVOCO,Mar 2022,2022-03-31,annual,1221.0,-190.0,-1420.0,-390.0,screener
NUVOCO,Mar 2023,2023-03-31,annual,1711.0,-260.0,-1362.0,89.0,screener
NUVOCO,Mar 2024,2024-03-31,annual,1593.0,-573.0,-1114.0,-95.0,screener
NUVOCO,Mar 2025,2025-03-31,annual,1329.0,-337.0,-913.0,79.0,screener
NUVOCO,Mar 2026,2026-03-31,annual,1485.0,-2500.0,927.0,-89.0,screener
NYKAA,Mar 2022,2022-03-31,annual,-354.0,-603.0,927.0,-30.0,screener
NYKAA,Mar 2023,2023-03-31,annual,-140.0,140.0,5.0,4.0,screener
NYKAA,Mar 2024,2024-03-31,annual,0.0,-10.0,44.0,34.0,screener
NYKAA,Mar 2025,2025-03-31,annual,467.0,-205.0,-212.0,49.0,screener
NYKAA,Mar 2026,2026-03-31,annual,644.0,-159.0,-433.0,52.0,screener
OAL,Mar 2022,2022-03-31,annual,-1.0,-59.0,51.0,-9.0,screener
OAL,Mar 2023,2023-03-31,annual,-22.0,-46.0,78.0,9.0,screener
OAL,Mar 2024,2024-03-31,annual,142.0,-99.0,-48.0,-5.0,screener
OAL,Mar 2025,2025-03-31,annual,-34.0,-86.0,121.0,0.0,screener
OAL,Mar 2026,2026-03-31,annual,2.0,-12.0,12.0,3.0,screener
OBEROIRLTY,Mar 2022,2022-03-31,annual,1069.0,-1390.0,1142.0,821.0,screener
OBEROIRLTY,Mar 2023,2023-03-31,annual,-2383.0,1739.0,709.0,64.0,screener
OBEROIRLTY,Mar 2024,2024-03-31,annual,2816.0,-644.0,-2034.0,138.0,screener
OBEROIRLTY,Mar 2025,2025-03-31,annual,2163.0,-2392.0,200.0,-29.0,screener
OBEROIRLTY,Mar 2026,2026-03-31,annual,1380.0,-463.0,-1009.0,-92.0,screener
OFSS,Mar 2022,2022-03-31,annual,1856.0,-138.0,-1733.0,-15.0,screener
OFSS,Mar 2023,2023-03-31,annual,1758.0,267.0,-1665.0,360.0,screener
OFSS,Mar 2024,2024-03-31,annual,1791.0,1611.0,-1958.0,1443.0,screener
OFSS,Mar 2025,2025-03-31,annual,2199.0,-2372.0,-2096.0,-2269.0,screener
OFSS,Mar 2026,2026-03-31,annual,2638.0,936.0,-3449.0,126.0,screener
OIL,Mar 2022,2022-03-31,annual,9310.0,-4192.0,-5615.0,-498.0,screener
OIL,Mar 2023,2023-03-31,annual,11410.0,-9130.0,-2521.0,-241.0,screener
OIL,Mar 2024,2024-03-31,annual,10933.0,-12601.0,1637.0,-30.0,screener
OIL,Mar 2025,2025-03-31,annual,11332.0,-13514.0,2483.0,301.0,screener
OIL,Mar 2026,2026-03-31,annual,10684.0,-10381.0,409.0,711.0,screener
OLECTRA,Mar 2022,2022-03-31,annual,121.0,-164.0,50.0,7.0,screener
OLECTRA,Mar 2023,2023-03-31,annual,-10.0,-38.0,35.0,-13.0,screener
OLECTRA,Mar 2024,2024-03-31,annual,143.0,-86.0,-56.0,1.0,screener
OLECTRA,Mar 2025,2025-03-31,annual,141.0,-225.0,83.0,-1.0,screener
OLECTRA,Mar 2026,2026-03-31,annual,104.0,-167.0,67.0,4.0,screener
OMAXAUTO,Mar 2011,2011-03-31,annual,108.0,-7.0,-87.0,15.0,screener
OMAXAUTO,Mar 2012,2012-03-31,annual,143.0,-58.0,-89.0,-4.0,screener
OMAXAUTO,Mar 2013,2013-03-31,annual,62.0,-49.0,-2.0,11.0,screener
OMAXAUTO,Mar 2014,2014-03-31,annual,52.0,-130.0,46.0,-32.0,screener
OMAXAUTO,Mar 2015,2015-03-31,annual,53.0,-44.0,-6.0,3.0,screener
OMFREIGHT,Mar 2023,2023-03-31,annual,6.0,15.0,-3.0,17.0,screener
OMFREIGHT,Mar 2024,2024-03-31,annual,38.0,-49.0,16.0,4.0,screener
OMFREIGHT,Mar 2025,2025-03-31,annual,40.0,-46.0,0.0,-6.0,screener
OMFREIGHT,Mar 2026,2026-03-31,annual,-7.0,-11.0,36.0,18.0,screener
OMNI,Mar 2023,2023-03-31,annual,39.0,-46.0,4.0,-3.0,screener
OMNI,Mar 2024,2024-03-31,annual,21.0,-145.0,124.0,0.0,screener
OMNI,Mar 2025,2025-03-31,annual,-69.0,-75.0,146.0,3.0,screener
OMNI,Mar 2026,2026-03-31,annual,-2.0,-255.0,416.0,159.0,screener
ONESOURCE,Mar 2022,2022-03-31,annual,-416.0,-692.0,1162.0,54.0,screener
ONESOURCE,Mar 2023,2023-03-31,annual,-163.0,-68.0,118.0,-112.0,screener
ONESOURCE,Mar 2024,2024-03-31,annual,-107.0,511.0,-391.0,13.0,screener
ONESOURCE,Mar 2025,2025-03-31,annual,-68.0,-201.0,412.0,143.0,screener
ONESOURCE,Mar 2026,2026-03-31,annual,9.0,-495.0,359.0,-127.0,screener
ONGC,Mar 2022,2022-03-31,annual,78248.0,-41197.0,-35790.0,1261.0,screener
ONGC,Mar 2023,2023-03-31,annual,84211.0,-72799.0,-12916.0,-1504.0,screener
ONGC,Mar 2024,2024-03-31,annual,98847.0,-57423.0,-45009.0,-3586.0,screener
ONGC,Mar 2025,2025-03-31,annual,90868.0,-42901.0,-47908.0,59.0,screener
ONGC,Mar 2026,2026-03-31,annual,112719.0,-57676.0,-56331.0,-1287.0,screener
ONWARDTEC,Mar 2022,2022-03-31,annual,-4.0,-32.0,57.0,21.0,screener
ONWARDTEC,Mar 2023,2023-03-31,annual,6.0,6.0,-14.0,-2.0,screener
ONWARDTEC,Mar 2024,2024-03-31,annual,62.0,-62.0,-16.0,-16.0,screener
ONWARDTEC,Mar 2025,2025-03-31,annual,32.0,-17.0,-21.0,-7.0,screener
ONWARDTEC,Mar 2026,2026-03-31,annual,65.0,-22.0,-31.0,12.0,screener
OPTIEMUS,Mar 2022,2022-03-31,annual,28.0,24.0,-64.0,-13.0,screener
OPTIEMUS,Mar 2023,2023-03-31,annual,1.0,-82.0,70.0,-11.0,screener
OPTIEMUS,Mar 2024,2024-03-31,annual,40.0,-51.0,25.0,15.0,screener
OPTIEMUS,Mar 2025,2025-03-31,annual,-13.0,-51.0,178.0,115.0,screener
OPTIEMUS,Mar 2026,2026-03-31,annual,-12.0,-295.0,195.0,-112.0,screener
ORBTEXP,Mar 2022,2022-03-31,annual,16.0,-41.0,24.0,-1.0,screener
ORBTEXP,Mar 2023,2023-03-31,annual,49.0,-18.0,-31.0,0.0,screener
ORBTEXP,Mar 2024,2024-03-31,annual,42.0,-9.0,-31.0,2.0,screener
ORBTEXP,Mar 2025,2025-03-31,annual,33.0,-26.0,-10.0,-2.0,screener
ORBTEXP,Mar 2026,2026-03-31,annual,57.0,-46.0,-9.0,2.0,screener
ORCHPHARMA,Mar 2022,2022-03-31,annual,92.0,113.0,-217.0,-11.0,screener
ORCHPHARMA,Mar 2023,2023-03-31,annual,18.0,-31.0,31.0,18.0,screener
ORCHPHARMA,Mar 2024,2024-03-31,annual,126.0,-312.0,167.0,-19.0,screener
ORCHPHARMA,Mar 2025,2025-03-31,annual,19.0,-27.0,25.0,18.0,screener
ORCHPHARMA,Mar 2026,2026-03-31,annual,101.0,-285.0,170.0,-14.0,screener
ORIENTBELL,Mar 2022,2022-03-31,annual,44.0,-12.0,-29.0,2.0,screener
ORIENTBELL,Mar 2023,2023-03-31,annual,34.0,-21.0,-13.0,0.0,screener
ORIENTBELL,Mar 2024,2024-03-31,annual,40.0,-63.0,33.0,10.0,screener
ORIENTBELL,Mar 2025,2025-03-31,annual,34.0,-8.0,-5.0,21.0,screener
ORIENTBELL,Mar 2026,2026-03-31,annual,48.0,-52.0,-20.0,-24.0,screener
ORIENTCER,Mar 2022,2022-03-31,annual,32.0,-34.0,2.0,0.0,screener
ORIENTCER,Mar 2023,2023-03-31,annual,44.0,-13.0,-28.0,2.0,screener
ORIENTCER,Mar 2024,2024-03-31,annual,-14.0,-24.0,37.0,-2.0,screener
ORIENTCER,Mar 2025,2025-03-31,annual,21.0,-23.0,4.0,1.0,screener
ORIENTCER,Mar 2026,2026-03-31,annual,51.0,-8.0,-40.0,3.0,screener
ORIENTHOT,Mar 2022,2022-03-31,annual,29.0,-32.0,4.0,1.0,screener
ORIENTHOT,Mar 2023,2023-03-31,annual,104.0,-10.0,-105.0,-10.0,screener
ORIENTHOT,Mar 2024,2024-03-31,annual,91.0,-57.0,-40.0,-7.0,screener
ORIENTHOT,Mar 2025,2025-03-31,annual,100.0,-56.0,-46.0,-2.0,screener
ORIENTHOT,Mar 2026,2026-03-31,annual,128.0,-47.0,-75.0,5.0,screener
ORIENTTECH,Mar 2026,2026-03-31,annual,-19.0,-84.0,52.0,-51.0,screener
ORKLAINDIA,Mar 2022,2022-03-31,annual,180.0,-168.0,-57.0,-45.0,screener
ORKLAINDIA,Mar 2023,2023-03-31,annual,190.0,-165.0,-15.0,10.0,screener
ORKLAINDIA,Mar 2024,2024-03-31,annual,296.0,-237.0,-45.0,15.0,screener
ORKLAINDIA,Mar 2025,2025-03-31,annual,392.0,263.0,-613.0,42.0,screener
ORKLAINDIA,Mar 2026,2026-03-31,annual,261.0,-308.0,-13.0,-59.0,screener
OSWALPUMPS,Mar 2022,2022-03-31,annual,65.0,-46.0,-14.0,5.0,screener
OSWALPUMPS,Mar 2023,2023-03-31,annual,50.0,-21.0,-33.0,-4.0,screener
OSWALPUMPS,Mar 2024,2024-03-31,annual,17.0,-24.0,3.0,-3.0,screener
OSWALPUMPS,Mar 2025,2025-03-31,annual,-151.0,-55.0,206.0,1.0,screener
OSWALPUMPS,Mar 2026,2026-03-31,annual,-77.0,-399.0,574.0,98.0,screener
PACEDIGITK,Mar 2022,2022-03-31,annual,57.0,-22.0,13.0,48.0,screener
PACEDIGITK,Mar 2023,2023-03-31,annual,-44.0,-55.0,47.0,-51.0,screener
PACEDIGITK,Mar 2024,2024-03-31,annual,214.0,-318.0,189.0,85.0,screener
PACEDIGITK,Mar 2025,2025-03-31,annual,-176.0,244.0,-85.0,-17.0,screener
PACEDIGITK,Mar 2026,2026-03-31,annual,-917.0,-416.0,1524.0,192.0,screener
PANACEABIO,Mar 2022,2022-03-31,annual,-108.0,1283.0,-1176.0,-2.0,screener
PANACEABIO,Mar 2023,2023-03-31,annual,-422.0,430.0,-18.0,-10.0,screener
PANACEABIO,Mar 2024,2024-03-31,annual,0.0,10.0,-3.0,7.0,screener
PANACEABIO,Mar 2025,2025-03-31,annual,-27.0,65.0,-3.0,35.0,screener
PANACEABIO,Mar 2026,2026-03-31,annual,17.0,-40.0,-1.0,-25.0,screener
PANAMAPET,Mar 2022,2022-03-31,annual,170.0,-111.0,-67.0,-9.0,screener
PANAMAPET,Mar 2023,2023-03-31,annual,210.0,-79.0,-96.0,35.0,screener
PANAMAPET,Mar 2024,2024-03-31,annual,-28.0,66.0,-40.0,-2.0,screener
PANAMAPET,Mar 2025,2025-03-31,annual,162.0,-12.0,-78.0,72.0,screener
PANAMAPET,Mar 2026,2026-03-31,annual,-69.0,-72.0,45.0,-96.0,screener
PANSARI,Mar 2022,2022-03-31,annual,10.0,0.0,-11.0,-1.0,screener
PANSARI,Mar 2023,2023-03-31,annual,-22.0,-5.0,27.0,0.0,screener
PANSARI,Mar 2024,2024-03-31,annual,11.0,-10.0,0.0,2.0,screener
PANSARI,Mar 2025,2025-03-31,annual,-16.0,5.0,11.0,0.0,screener
PANSARI,Mar 2026,2026-03-31,annual,-9.0,15.0,-5.0,1.0,screener
PARADEEP,Mar 2022,2022-03-31,annual,-44.0,-1099.0,1589.0,446.0,screener
PARADEEP,Mar 2023,2023-03-31,annual,-2377.0,-419.0,2301.0,-495.0,screener
PARADEEP,Mar 2024,2024-03-31,annual,1437.0,-367.0,-1022.0,48.0,screener
PARADEEP,Mar 2025,2025-03-31,annual,1386.0,-597.0,-6.0,783.0,screener
PARADEEP,Mar 2026,2026-03-31,annual,-1012.0,-558.0,998.0,-571.0,screener
PARAGMILK,Mar 2022,2022-03-31,annual,-149.0,-26.0,248.0,73.0,screener
PARAGMILK,Mar 2023,2023-03-31,annual,-190.0,-88.0,212.0,-66.0,screener
PARAGMILK,Mar 2024,2024-03-31,annual,102.0,-53.0,-53.0,-3.0,screener
PARAGMILK,Mar 2025,2025-03-31,annual,212.0,-132.0,-78.0,1.0,screener
PARAGMILK,Mar 2026,2026-03-31,annual,149.0,-98.0,-60.0,-9.0,screener
PARAMPARA,Mar 2019,2019-03-31,annual,-1.77,-8.58,8.36,-1.99,screener
PARAMPARA,Mar 2020,2020-03-31,annual,5.36,-4.89,-0.71,-0.24,screener
PARAMPARA,Mar 2021,2021-03-31,annual,-1.47,1.1,0.5,0.13,screener
PARAMPARA,Mar 2022,2022-03-31,annual,-0.26,-0.19,0.4,-0.05,screener
PARAMPARA,Mar 2023,2023-03-31,annual,-0.02,0.0,0.02,0.0,screener
PARAS,Mar 2022,2022-03-31,annual,12.0,-77.0,63.0,-2.0,screener
PARAS,Mar 2023,2023-03-31,annual,46.0,10.0,-41.0,15.0,screener
PARAS,Mar 2024,2024-03-31,annual,-46.0,-2.0,33.0,-14.0,screener
PARAS,Mar 2025,2025-03-31,annual,45.0,-87.0,74.0,31.0,screener
PARAS,Mar 2026,2026-03-31,annual,25.0,-17.0,-17.0,-9.0,screener
PARKHOSPS,Mar 2022,2022-03-31,annual,155.0,-248.0,163.0,70.0,screener
PARKHOSPS,Mar 2023,2023-03-31,annual,199.0,-234.0,1.0,-34.0,screener
PARKHOSPS,Mar 2024,2024-03-31,annual,361.0,-255.0,-130.0,-23.0,screener
PARKHOSPS,Mar 2025,2025-03-31,annual,191.0,-91.0,-74.0,26.0,screener
PARKHOSPS,Mar 2026,2026-03-31,annual,329.0,-333.0,121.0,116.0,screener
PARKHOTELS,Mar 2022,2022-03-31,annual,58.0,-22.0,-37.0,-1.0,screener
PARKHOTELS,Mar 2023,2023-03-31,annual,176.0,-42.0,-126.0,8.0,screener
PARKHOTELS,Mar 2024,2024-03-31,annual,168.0,-101.0,-40.0,28.0,screener
PARKHOTELS,Mar 2025,2025-03-31,annual,158.0,-196.0,4.0,-34.0,screener
PARKHOTELS,Mar 2026,2026-03-31,annual,182.0,-303.0,115.0,-7.0,screener
PARTYCRUS,Mar 2023,2023-03-31,annual,4.0,-6.0,1.0,0.0,screener
PARTYCRUS,Mar 2024,2024-03-31,annual,6.0,-5.0,2.0,2.0,screener
PARTYCRUS,Mar 2025,2025-03-31,annual,5.0,-3.0,3.0,5.0,screener
PARTYCRUS,Mar 2026,2026-03-31,annual,4.0,0.0,-1.0,4.0,screener
PATANJALI,Mar 2017,2017-03-31,annual,441.0,86.0,-669.0,-141.0,screener
PATANJALI,Mar 2018,2018-03-31,annual,979.0,-68.0,-970.0,-59.0,screener
PATANJALI,Mar 2019,2019-03-31,annual,225.0,-98.0,-7.0,120.0,screener
PATANJALI,Mar 2025,2025-03-31,annual,197.0,-14.0,-611.0,-428.0,screener
PATANJALI,Mar 2026,2026-03-31,annual,-333.0,-840.0,1680.0,507.0,screener
PAYTM,Mar 2022,2022-03-31,annual,-1236.0,-5484.0,8054.0,1334.0,screener
PAYTM,Mar 2023,2023-03-31,annual,416.0,2628.0,-1112.0,1931.0,screener
PAYTM,Mar 2024,2024-03-31,annual,651.0,338.0,-22.0,967.0,screener
PAYTM,Mar 2025,2025-03-31,annual,-121.0,-2031.0,-53.0,-2205.0,screener
PAYTM,Mar 2026,2026-03-31,annual,-743.0,1719.0,-50.0,926.0,screener
PCBL,Mar 2022,2022-03-31,annual,290.0,-541.0,217.0,-34.0,screener
PCBL,Mar 2023,2023-03-31,annual,504.0,-552.0,-31.0,-78.0,screener
PCBL,Mar 2024,2024-03-31,annual,1105.0,-4214.0,3381.0,272.0,screener
PCBL,Mar 2025,2025-03-31,annual,760.0,-690.0,-64.0,6.0,screener
PCBL,Mar 2026,2026-03-31,annual,1576.0,-675.0,-990.0,-89.0,screener
PDSL,Mar 2022,2022-03-31,annual,407.0,-221.0,-26.0,160.0,screener
PDSL,Mar 2023,2023-03-31,annual,510.0,-130.0,-337.0,43.0,screener
PDSL,Mar 2024,2024-03-31,annual,190.0,-309.0,-38.0,-158.0,screener
PDSL,Mar 2025,2025-03-31,annual,-37.0,-266.0,403.0,100.0,screener
PDSL,Mar 2026,2026-03-31,annual,781.0,-32.0,-500.0,249.0,screener
PENIND,Mar 2022,2022-03-31,annual,195.0,-98.0,-92.0,4.0,screener
PENIND,Mar 2023,2023-03-31,annual,244.0,-26.0,-113.0,105.0,screener
PENIND,Mar 2024,2024-03-31,annual,225.0,-256.0,-22.0,-53.0,screener
PENIND,Mar 2025,2025-03-31,annual,256.0,-104.0,-100.0,52.0,screener
PENIND,Mar 2026,2026-03-31,annual,202.0,-349.0,211.0,64.0,screener
PERSISTENT,Mar 2022,2022-03-31,annual,845.0,-971.0,182.0,56.0,screener
PERSISTENT,Mar 2023,2023-03-31,annual,956.0,-383.0,-404.0,169.0,screener
PERSISTENT,Mar 2024,2024-03-31,annual,1302.0,-525.0,-582.0,196.0,screener
PERSISTENT,Mar 2025,2025-03-31,annual,1157.0,-517.0,-628.0,12.0,screener
PERSISTENT,Mar 2026,2026-03-31,annual,1767.0,-618.0,-748.0,401.0,screener
PETRONET,Mar 2022,2022-03-31,annual,3479.0,-1063.0,-2211.0,205.0,screener
PETRONET,Mar 2023,2023-03-31,annual,2519.0,-1142.0,-2368.0,-991.0,screener
PETRONET,Mar 2024,2024-03-31,annual,4871.0,-1056.0,-2154.0,1661.0,screener
PETRONET,Mar 2025,2025-03-31,annual,4398.0,-3189.0,-2152.0,-942.0,screener
PETRONET,Mar 2026,2026-03-31,annual,4750.0,-1472.0,-2200.0,1078.0,screener
PFC,Mar 2022,2022-03-31,annual,4904.0,-547.0,-8371.0,-4014.0,screener
PFC,Mar 2023,2023-03-31,annual,-74699.0,-1694.0,75518.0,-874.0,screener
PFC,Mar 2024,2024-03-31,annual,-97820.0,-3409.0,101261.0,32.0,screener
PFC,Mar 2025,2025-03-31,annual,-92269.0,-2312.0,94258.0,-323.0,screener
PFC,Mar 2026,2026-03-31,annual,-4504.0,-3441.0,9265.0,1319.0,screener
PFIZER,Nov 2006,2006-11-30,annual,123.0,7.0,-34.0,97.0,screener
PFIZER,Nov 2007,2007-11-30,annual,17.0,232.0,-76.0,173.0,screener
PFIZER,Nov 2008,2008-11-30,annual,238.0,-79.0,-95.0,64.0,screener
PFOCUS,Mar 2022,2022-03-31,annual,183.0,-80.0,-232.0,-129.0,screener
PFOCUS,Mar 2023,2023-03-31,annual,254.0,-490.0,152.0,-84.0,screener
PFOCUS,Mar 2024,2024-03-31,annual,-32.0,-317.0,335.0,-15.0,screener
PFOCUS,Mar 2025,2025-03-31,annual,295.0,-352.0,133.0,76.0,screener
PFOCUS,Mar 2026,2026-03-31,annual,1024.0,-590.0,43.0,478.0,screener
PGEL,Mar 2022,2022-03-31,annual,-79.0,-161.0,256.0,16.0,screener
PGEL,Mar 2023,2023-03-31,annual,46.0,-173.0,112.0,-15.0,screener
PGEL,Mar 2024,2024-03-31,annual,188.0,-401.0,234.0,22.0,screener
PGEL,Mar 2025,2025-03-31,annual,-77.0,-1201.0,1329.0,51.0,screener
PGEL,Mar 2026,2026-03-31,annual,66.0,-198.0,82.0,-50.0,screener
PGIL,Mar 2022,2022-03-31,annual,-92.0,-40.0,153.0,22.0,screener
PGIL,Mar 2023,2023-03-31,annual,365.0,-26.0,-200.0,139.0,screener
PGIL,Mar 2024,2024-03-31,annual,352.0,-128.0,-152.0,72.0,screener
PGIL,Mar 2025,2025-03-31,annual,176.0,-104.0,101.0,174.0,screener
PGIL,Mar 2026,2026-03-31,annual,398.0,-158.0,-46.0,194.0,screener
PHOENIXLTD,Mar 2022,2022-03-31,annual,781.0,-2841.0,2228.0,167.0,screener
PHOENIXLTD,Mar 2023,2023-03-31,annual,1356.0,-1528.0,132.0,-40.0,screener
PHOENIXLTD,Mar 2024,2024-03-31,annual,2161.0,-1859.0,-299.0,3.0,screener
PHOENIXLTD,Mar 2025,2025-03-31,annual,2084.0,-2162.0,-47.0,-126.0,screener
PHOENIXLTD,Mar 2026,2026-03-31,annual,2426.0,-1646.0,-731.0,50.0,screener
PICCADIL,Mar 2022,2022-03-31,annual,45.0,-35.0,-22.0,-12.0,screener
PICCADIL,Mar 2023,2023-03-31,annual,37.0,-52.0,12.0,-3.0,screener
PICCADIL,Mar 2024,2024-03-31,annual,51.0,-30.0,-10.0,11.0,screener
PICCADIL,Mar 2025,2025-03-31,annual,-27.0,-270.0,292.0,-5.0,screener
PICCADIL,Mar 2026,2026-03-31,annual,118.0,-163.0,50.0,5.0,screener
PIDILITIND,Mar 2022,2022-03-31,annual,955.0,-558.0,-468.0,-71.0,screener
PIDILITIND,Mar 2023,2023-03-31,annual,1558.0,-899.0,-656.0,2.0,screener
PIDILITIND,Mar 2024,2024-03-31,annual,2724.0,-1769.0,-742.0,212.0,screener
PIDILITIND,Mar 2025,2025-03-31,annual,2287.0,-1542.0,-918.0,-173.0,screener
PIDILITIND,Mar 2026,2026-03-31,annual,2828.0,-1224.0,-1673.0,-68.0,screener
PIGL,Mar 2022,2022-03-31,annual,-3.0,1.0,2.0,0.0,screener
PIGL,Mar 2023,2023-03-31,annual,1.0,-5.0,4.0,0.0,screener
PIGL,Mar 2024,2024-03-31,annual,8.0,0.0,-8.0,0.0,screener
PIGL,Mar 2025,2025-03-31,annual,-40.0,-12.0,52.0,0.0,screener
PIGL,Mar 2026,2026-03-31,annual,-5.0,-14.0,22.0,3.0,screener
PIIND,Mar 2022,2022-03-31,annual,529.0,-110.0,-177.0,241.0,screener
PIIND,Mar 2023,2023-03-31,annual,1501.0,-496.0,-483.0,522.0,screener
PIIND,Mar 2024,2024-03-31,annual,2036.0,-1800.0,-222.0,14.0,screener
PIIND,Mar 2025,2025-03-31,annual,1413.0,-1421.0,-286.0,-294.0,screener
PIIND,Mar 2026,2026-03-31,annual,474.0,-612.0,-171.0,-309.0,screener
PINELABS,Mar 2022,2022-03-31,annual,-79.0,-443.0,1644.0,1122.0,screener
PINELABS,Mar 2023,2023-03-31,annual,-152.0,-441.0,2.0,-591.0,screener
PINELABS,Mar 2024,2024-03-31,annual,-229.0,-22.0,-220.0,-471.0,screener
PINELABS,Mar 2025,2025-03-31,annual,50.0,-486.0,-201.0,-637.0,screener
PINELABS,Mar 2026,2026-03-31,annual,395.0,-1339.0,1972.0,1029.0,screener
PIONRINV,Mar 2022,2022-03-31,annual,68.0,-2.0,-62.0,5.0,screener
PIONRINV,Mar 2023,2023-03-31,annual,-30.0,1.0,26.0,-2.0,screener
PIONRINV,Mar 2024,2024-03-31,annual,-23.0,6.0,11.0,-6.0,screener
PIONRINV,Mar 2025,2025-03-31,annual,-25.0,5.0,21.0,1.0,screener
PIONRINV,Mar 2026,2026-03-31,annual,68.0,-25.0,-46.0,-3.0,screener
PIRAMALFIN,Mar 2022,2022-03-31,annual,8661.0,764.0,-8366.0,1060.0,screener
PIRAMALFIN,Mar 2023,2023-03-31,annual,6723.0,72.0,-9487.0,-2691.0,screener
PIRAMALFIN,Mar 2024,2024-03-31,annual,-1928.0,-816.0,2773.0,29.0,screener
PIRAMALFIN,Mar 2025,2025-03-31,annual,-8119.0,-471.0,11625.0,3035.0,screener
PIRAMALFIN,Mar 2026,2026-03-31,annual,-15892.0,2631.0,12393.0,-869.0,screener
PITTIENG,Mar 2022,2022-03-31,annual,88.0,-93.0,12.0,7.0,screener
PITTIENG,Mar 2023,2023-03-31,annual,222.0,-104.0,-87.0,32.0,screener
PITTIENG,Mar 2024,2024-03-31,annual,80.0,-247.0,203.0,37.0,screener
PITTIENG,Mar 2025,2025-03-31,annual,289.0,-536.0,269.0,22.0,screener
PITTIENG,Mar 2026,2026-03-31,annual,205.0,-175.0,-9.0,21.0,screener
PIXTRANS,Mar 2022,2022-03-31,annual,55.0,-72.0,31.0,14.0,screener
PIXTRANS,Mar 2023,2023-03-31,annual,112.0,-22.0,-69.0,21.0,screener
PIXTRANS,Mar 2024,2024-03-31,annual,137.0,-88.0,-46.0,3.0,screener
PIXTRANS,Mar 2025,2025-03-31,annual,108.0,-78.0,-27.0,3.0,screener
PIXTRANS,Mar 2026,2026-03-31,annual,171.0,-89.0,-33.0,49.0,screener
PLATIND,Mar 2022,2022-03-31,annual,-15.0,-5.0,19.0,-1.0,screener
PLATIND,Mar 2023,2023-03-31,annual,38.0,-37.0,0.0,2.0,screener
PLATIND,Mar 2024,2024-03-31,annual,33.0,-79.0,220.0,174.0,screener
PLATIND,Mar 2025,2025-03-31,annual,-8.0,-156.0,1.0,-163.0,screener
PLATIND,Mar 2026,2026-03-31,annual,-1.0,57.0,-10.0,46.0,screener
PNB,Mar 2022,2022-03-31,annual,20032.0,-1204.0,2032.0,20859.0,screener
PNB,Mar 2023,2023-03-31,annual,22592.0,-732.0,1275.0,23135.0,screener
PNB,Mar 2024,2024-03-31,annual,-27939.0,-1506.0,3518.0,-25928.0,screener
PNB,Mar 2025,2025-03-31,annual,22075.0,-1578.0,-1138.0,19359.0,screener
PNB,Mar 2026,2026-03-31,annual,25635.0,-609.0,-11664.0,13362.0,screener
PNBHOUSING,Mar 2022,2022-03-31,annual,6254.0,-1475.0,-6732.0,-1953.0,screener
PNBHOUSING,Mar 2023,2023-03-31,annual,-1865.0,176.0,301.0,-1388.0,screener
PNBHOUSING,Mar 2024,2024-03-31,annual,-4662.0,-1186.0,4179.0,-1669.0,screener
PNBHOUSING,Mar 2025,2025-03-31,annual,-8057.0,757.0,7404.0,104.0,screener
PNBHOUSING,Mar 2026,2026-03-31,annual,-8984.0,684.0,8720.0,421.0,screener
PNCINFRA,Mar 2022,2022-03-31,annual,-499.0,25.0,148.0,-326.0,screener
PNCINFRA,Mar 2023,2023-03-31,annual,-1454.0,343.0,1005.0,-106.0,screener
PNCINFRA,Mar 2024,2024-03-31,annual,-231.0,-250.0,1067.0,586.0,screener
PNCINFRA,Mar 2025,2025-03-31,annual,-56.0,-261.0,456.0,139.0,screener
PNCINFRA,Mar 2026,2026-03-31,annual,4593.0,-67.0,-4796.0,-270.0,screener
PNGJL,Mar 2022,2022-03-31,annual,73.0,-22.0,-46.0,5.0,screener
PNGJL,Mar 2023,2023-03-31,annual,107.0,-47.0,-55.0,5.0,screener
PNGJL,Mar 2024,2024-03-31,annual,6.0,-49.0,51.0,9.0,screener
PNGJL,Mar 2025,2025-03-31,annual,-675.0,-424.0,1167.0,68.0,screener
PNGJL,Mar 2026,2026-03-31,annual,-717.0,-54.0,719.0,-52.0,screener
POCL,Mar 2014,2014-03-31,annual,9.0,-2.0,-13.0,-6.0,screener
POCL,Mar 2023,2023-03-31,annual,78.0,-109.0,30.0,-1.0,screener
POCL,Mar 2024,2024-03-31,annual,65.0,-53.0,-2.0,11.0,screener
POCL,Mar 2025,2025-03-31,annual,-81.0,-68.0,177.0,29.0,screener
POCL,Mar 2026,2026-03-31,annual,-44.0,-50.0,65.0,-29.0,screener
POKARNA,Mar 2022,2022-03-31,annual,59.0,-210.0,161.0,10.0,screener
POKARNA,Mar 2023,2023-03-31,annual,136.0,-25.0,-114.0,-3.0,screener
POKARNA,Mar 2024,2024-03-31,annual,188.0,-32.0,-108.0,47.0,screener
POKARNA,Mar 2025,2025-03-31,annual,191.0,-82.0,-101.0,8.0,screener
POKARNA,Mar 2026,2026-03-31,annual,183.0,-321.0,62.0,-76.0,screener
POLICYBZR,Mar 2022,2022-03-31,annual,-1568.0,-2125.0,3621.0,-71.0,screener
POLICYBZR,Mar 2023,2023-03-31,annual,-299.0,46.0,-42.0,-295.0,screener
POLICYBZR,Mar 2024,2024-03-31,annual,9.0,301.0,-57.0,253.0,screener
POLICYBZR,Mar 2025,2025-03-31,annual,-183.0,491.0,-73.0,236.0,screener
POLICYBZR,Mar 2026,2026-03-31,annual,41.0,214.0,-81.0,174.0,screener
POLYCAB,Mar 2022,2022-03-31,annual,512.0,-427.0,-201.0,-116.0,screener
POLYCAB,Mar 2023,2023-03-31,annual,1428.0,-1203.0,-227.0,-2.0,screener
POLYCAB,Mar 2024,2024-03-31,annual,1296.0,-752.0,-387.0,157.0,screener
POLYCAB,Mar 2025,2025-03-31,annual,1809.0,-1239.0,-628.0,-59.0,screener
POLYCAB,Mar 2026,2026-03-31,annual,3811.0,-2850.0,-799.0,162.0,screener
POLYMED,Mar 2022,2022-03-31,annual,123.0,-85.0,-35.0,3.0,screener
POLYMED,Mar 2023,2023-03-31,annual,191.0,-179.0,-13.0,-1.0,screener
POLYMED,Mar 2024,2024-03-31,annual,266.0,-241.0,-20.0,5.0,screener
POLYMED,Mar 2025,2025-03-31,annual,240.0,-1194.0,951.0,-3.0,screener
POLYMED,Mar 2026,2026-03-31,annual,246.0,-225.0,20.0,41.0,screener
POLYPLEX,Mar 2022,2022-03-31,annual,560.0,41.0,-232.0,369.0,screener
POLYPLEX,Mar 2023,2023-03-31,annual,802.0,16.0,-657.0,160.0,screener
POLYPLEX,Mar 2024,2024-03-31,annual,455.0,-804.0,-152.0,-501.0,screener
POLYPLEX,Mar 2025,2025-03-31,annual,438.0,-464.0,-38.0,-64.0,screener
POLYPLEX,Mar 2026,2026-03-31,annual,537.0,-509.0,-133.0,-105.0,screener
POONAWALLA,Mar 2022,2022-03-31,annual,-2873.0,-33.0,2903.0,-3.0,screener
POONAWALLA,Mar 2023,2023-03-31,annual,-5237.0,-110.0,5748.0,401.0,screener
POONAWALLA,Mar 2024,2024-03-31,annual,-7556.0,2725.0,4331.0,-501.0,screener
POONAWALLA,Mar 2025,2025-03-31,annual,-10569.0,-482.0,10821.0,-231.0,screener
POONAWALLA,Mar 2026,2026-03-31,annual,-21786.0,-1340.0,23387.0,261.0,screener
POWERGRID,Mar 2022,2022-03-31,annual,26124.0,753.0,-28967.0,-2091.0,screener
POWERGRID,Mar 2023,2023-03-31,annual,38005.0,-6126.0,-29264.0,2615.0,screener
POWERGRID,Mar 2024,2024-03-31,annual,37290.0,-13114.0,-25903.0,-1728.0,screener
POWERGRID,Mar 2025,2025-03-31,annual,36223.0,-23533.0,-12357.0,333.0,screener
POWERGRID,Mar 2026,2026-03-31,annual,40931.0,-35305.0,-4006.0,1619.0,screener
POWERICA,Mar 2022,2022-03-31,annual,214.0,-78.0,-135.0,0.0,screener
POWERICA,Mar 2023,2023-03-31,annual,238.0,-80.0,-165.0,-6.0,screener
POWERICA,Mar 2024,2024-03-31,annual,283.0,-14.0,-268.0,2.0,screener
POWERICA,Mar 2025,2025-03-31,annual,256.0,-346.0,86.0,-4.0,screener
POWERICA,Mar 2026,2026-03-31,annual,453.0,-1394.0,1001.0,60.0,screener
POWERMECH,Mar 2022,2022-03-31,annual,175.0,-52.0,-63.0,60.0,screener
POWERMECH,Mar 2023,2023-03-31,annual,182.0,-91.0,-120.0,-29.0,screener
POWERMECH,Mar 2024,2024-03-31,annual,205.0,-373.0,176.0,7.0,screener
POWERMECH,Mar 2025,2025-03-31,annual,1.0,-193.0,232.0,40.0,screener
POWERMECH,Mar 2026,2026-03-31,annual,430.0,-227.0,-189.0,15.0,screener
PPAP,Mar 2022,2022-03-31,annual,21.0,-71.0,49.0,-1.0,screener
PPAP,Mar 2023,2023-03-31,annual,30.0,-58.0,28.0,0.0,screener
PPAP,Mar 2024,2024-03-31,annual,41.0,-30.0,-9.0,1.0,screener
PPAP,Mar 2025,2025-03-31,annual,52.0,-35.0,-17.0,0.0,screener
PPAP,Mar 2026,2026-03-31,annual,33.0,-41.0,8.0,1.0,screener
PPLPHARMA,Mar 2022,2022-03-31,annual,766.0,-1737.0,794.0,-177.0,screener
PPLPHARMA,Mar 2023,2023-03-31,annual,484.0,-1334.0,818.0,-32.0,screener
PPLPHARMA,Mar 2024,2024-03-31,annual,1005.0,-416.0,-422.0,166.0,screener
PPLPHARMA,Mar 2025,2025-03-31,annual,892.0,-488.0,-441.0,-37.0,screener
PPLPHARMA,Mar 2026,2026-03-31,annual,1653.0,-820.0,-39.0,794.0,screener
PRABHA,Mar 2023,2023-03-31,annual,11.47,-11.82,1.1,0.75,screener
PRABHA,Mar 2024,2024-03-31,annual,-43.73,-25.07,68.0,-0.81,screener
PRABHA,Mar 2025,2025-03-31,annual,-6.09,-43.88,50.07,0.09,screener
PRABHA,Mar 2026,2026-03-31,annual,-2.66,-44.1,46.77,0.01,screener
PRAENG,Mar 2022,2022-03-31,annual,5.0,-5.0,1.0,0.0,screener
PRAENG,Mar 2023,2023-03-31,annual,7.0,-1.0,-2.0,5.0,screener
PRAENG,Mar 2024,2024-03-31,annual,24.0,-3.0,7.0,28.0,screener
PRAENG,Mar 2025,2025-03-31,annual,19.0,-6.0,-9.0,4.0,screener
PRAENG,Mar 2026,2026-03-31,annual,24.0,-14.0,-7.0,3.0,screener
PRAJIND,Mar 2022,2022-03-31,annual,188.0,-137.0,-44.0,6.0,screener
PRAJIND,Mar 2023,2023-03-31,annual,162.0,-78.0,-93.0,-9.0,screener
PRAJIND,Mar 2024,2024-03-31,annual,199.0,-6.0,-124.0,70.0,screener
PRAJIND,Mar 2025,2025-03-31,annual,43.0,75.0,-161.0,-42.0,screener
PRAJIND,Mar 2026,2026-03-31,annual,200.0,4.0,-187.0,16.0,screener
PRAKASH,Mar 2018,2018-03-31,annual,476.0,-480.0,10.0,7.0,screener
PRAVEG,Mar 2022,2022-03-31,annual,7.0,-13.0,-2.0,-9.0,screener
PRAVEG,Mar 2023,2023-03-31,annual,25.0,-73.0,52.0,5.0,screener
PRAVEG,Mar 2024,2024-03-31,annual,17.0,-178.0,220.0,60.0,screener
PRAVEG,Mar 2025,2025-03-31,annual,33.0,-243.0,158.0,-52.0,screener
PRAVEG,Mar 2026,2026-03-31,annual,60.0,-130.0,76.0,6.0,screener
PRECAM,Mar 2022,2022-03-31,annual,88.0,-39.0,-61.0,-13.0,screener
PRECAM,Mar 2023,2023-03-31,annual,103.0,-37.0,-60.0,6.0,screener
PRECAM,Mar 2024,2024-03-31,annual,131.0,-94.0,-13.0,25.0,screener
PRECAM,Mar 2025,2025-03-31,annual,143.0,-124.0,-14.0,5.0,screener
PRECAM,Mar 2026,2026-03-31,annual,120.0,-78.0,-58.0,-16.0,screener
PRECOT,Mar 2022,2022-03-31,annual,56.0,-64.0,1.0,-7.0,screener
PRECOT,Mar 2023,2023-03-31,annual,49.0,-31.0,-23.0,-5.0,screener
PRECOT,Mar 2024,2024-03-31,annual,121.0,-77.0,-50.0,-6.0,screener
PRECOT,Mar 2025,2025-03-31,annual,116.0,-42.0,-81.0,-7.0,screener
PRECOT,Mar 2026,2026-03-31,annual,90.0,-64.0,-27.0,-1.0,screener
PRECWIRE,Mar 2015,2015-03-31,annual,32.0,-5.0,-36.0,-8.0,screener
PRECWIRE,Mar 2016,2016-03-31,annual,45.0,-19.0,-27.0,-1.0,screener
PREMEXPLN,Mar 2022,2022-03-31,annual,-2.0,-11.0,13.0,0.0,screener
PREMEXPLN,Mar 2023,2023-03-31,annual,21.0,-16.0,-6.0,0.0,screener
PREMEXPLN,Mar 2024,2024-03-31,annual,79.0,-25.0,-34.0,20.0,screener
PREMEXPLN,Mar 2025,2025-03-31,annual,118.0,-11.0,-34.0,73.0,screener
PREMEXPLN,Mar 2026,2026-03-31,annual,-1.0,-27.0,-14.0,-42.0,screener
PREMIERENE,Mar 2022,2022-03-31,annual,5.0,-218.0,279.0,66.0,screener
PREMIERENE,Mar 2023,2023-03-31,annual,37.0,-304.0,252.0,-16.0,screener
PREMIERENE,Mar 2024,2024-03-31,annual,90.0,-447.0,549.0,192.0,screener
PREMIERENE,Mar 2025,2025-03-31,annual,1348.0,-2410.0,1608.0,546.0,screener
PREMIERENE,Mar 2026,2026-03-31,annual,1261.0,-2156.0,1559.0,664.0,screener
PRESTIGE,Mar 2022,2022-03-31,annual,2140.0,-4016.0,1598.0,-278.0,screener
PRESTIGE,Mar 2023,2023-03-31,annual,1540.0,-2697.0,546.0,-612.0,screener
PRESTIGE,Mar 2024,2024-03-31,annual,1297.0,-2455.0,1969.0,812.0,screener
PRESTIGE,Mar 2025,2025-03-31,annual,131.0,-1348.0,959.0,-258.0,screener
PRESTIGE,Mar 2026,2026-03-31,annual,3223.0,-5636.0,1959.0,-453.0,screener
PRICOLLTD,Mar 2022,2022-03-31,annual,183.0,-45.0,-154.0,-16.0,screener_yfinance_fallback_normalized
PRICOLLTD,Mar 2023,2023-03-31,annual,163.0,-66.0,-64.0,33.0,screener_yfinance_fallback_normalized
PRICOLLTD,Mar 2024,2024-03-31,annual,255.0,-129.0,-69.0,57.0,screener_yfinance_fallback_normalized
PRICOLLTD,Mar 2025,2025-03-31,annual,223.0,-377.0,142.0,-11.0,screener_yfinance_fallback_normalized
PRICOLLTD,Mar 2026,2026-03-31,annual,281.0,-298.0,33.0,17.0,screener_yfinance_fallback_normalized
PRIMESECU,Mar 2022,2022-03-31,annual,1.0,-48.0,34.0,-13.0,screener
PRIMESECU,Mar 2023,2023-03-31,annual,-5.0,3.0,-6.0,-8.0,screener
PRIMESECU,Mar 2024,2024-03-31,annual,13.0,-18.0,4.0,-1.0,screener
PRIMESECU,Mar 2025,2025-03-31,annual,28.0,-26.0,-1.0,0.0,screener
PRIMESECU,Mar 2026,2026-03-31,annual,-2.0,7.0,-3.0,2.0,screener
PRIVISCL,Mar 2022,2022-03-31,annual,5.0,-321.0,333.0,17.0,screener
PRIVISCL,Mar 2023,2023-03-31,annual,49.0,-133.0,72.0,-12.0,screener
PRIVISCL,Mar 2024,2024-03-31,annual,354.0,-180.0,-171.0,4.0,screener
PRIVISCL,Mar 2025,2025-03-31,annual,281.0,-294.0,39.0,26.0,screener
PRIVISCL,Mar 2026,2026-03-31,annual,550.0,-358.0,-198.0,-6.0,screener
PROSTARM,Mar 2022,2022-03-31,annual,4.0,-9.0,6.0,1.0,screener
PROSTARM,Mar 2023,2023-03-31,annual,-14.0,-8.0,21.0,-1.0,screener
PROSTARM,Mar 2024,2024-03-31,annual,-8.0,-8.0,15.0,0.0,screener
PROSTARM,Mar 2025,2025-03-31,annual,-5.0,-13.0,19.0,0.0,screener
PROSTARM,Mar 2026,2026-03-31,annual,-49.0,-111.0,161.0,1.0,screener
PROTEAN,Mar 2022,2022-03-31,annual,11.0,-139.0,-1.0,-129.0,screener
PROTEAN,Mar 2023,2023-03-31,annual,-8.0,12.0,-1.0,2.0,screener
PROTEAN,Mar 2024,2024-03-31,annual,58.0,19.0,-47.0,29.0,screener
PROTEAN,Mar 2025,2025-03-31,annual,193.0,-159.0,-42.0,-8.0,screener
PROTEAN,Mar 2026,2026-03-31,annual,78.0,-14.0,-54.0,10.0,screener
PRSMJOHNSN,Mar 2022,2022-03-31,annual,573.0,-320.0,-342.0,-89.0,screener
PRSMJOHNSN,Mar 2023,2023-03-31,annual,592.0,-320.0,-267.0,5.0,screener
PRSMJOHNSN,Mar 2024,2024-03-31,annual,473.0,72.0,-371.0,174.0,screener
PRSMJOHNSN,Mar 2025,2025-03-31,annual,737.0,-239.0,-527.0,-28.0,screener
PRSMJOHNSN,Mar 2026,2026-03-31,annual,503.0,-180.0,-244.0,78.0,screener
PRUDENT,Mar 2022,2022-03-31,annual,93.0,-163.0,-10.0,-81.0,screener
PRUDENT,Mar 2023,2023-03-31,annual,120.0,-106.0,-12.0,3.0,screener
PRUDENT,Mar 2024,2024-03-31,annual,150.0,-139.0,-14.0,-4.0,screener
PRUDENT,Mar 2025,2025-03-31,annual,161.0,-142.0,-18.0,0.0,screener
PRUDENT,Mar 2026,2026-03-31,annual,217.0,-200.0,-22.0,-5.0,screener
PSPPROJECT,Mar 2022,2022-03-31,annual,147.0,-164.0,-11.0,-28.0,screener
PSPPROJECT,Mar 2023,2023-03-31,annual,45.0,-51.0,12.0,6.0,screener
PSPPROJECT,Mar 2024,2024-03-31,annual,-224.0,-26.0,269.0,19.0,screener
PSPPROJECT,Mar 2025,2025-03-31,annual,53.0,-106.0,20.0,-33.0,screener
PSPPROJECT,Mar 2026,2026-03-31,annual,323.0,-152.0,10.0,180.0,screener
PTC,Mar 2022,2022-03-31,annual,3049.0,46.0,-2788.0,308.0,screener
PTC,Mar 2023,2023-03-31,annual,3575.0,168.0,-4019.0,-276.0,screener
PTC,Mar 2024,2024-03-31,annual,2451.0,-519.0,-2042.0,-110.0,screener
PTC,Mar 2025,2025-03-31,annual,2132.0,869.0,-2165.0,835.0,screener
PTC,Mar 2026,2026-03-31,annual,2817.0,-824.0,-3428.0,-1434.0,screener
PUNJABCHEM,Mar 2022,2022-03-31,annual,34.0,-27.0,-11.0,-3.0,screener
PUNJABCHEM,Mar 2023,2023-03-31,annual,58.0,-38.0,-20.0,0.0,screener
PUNJABCHEM,Mar 2024,2024-03-31,annual,30.0,-36.0,4.0,-2.0,screener
PUNJABCHEM,Mar 2025,2025-03-31,annual,25.0,-31.0,12.0,7.0,screener
PUNJABCHEM,Mar 2026,2026-03-31,annual,86.0,-46.0,-44.0,-4.0,screener
PURVA,Mar 2022,2022-03-31,annual,134.0,525.0,-529.0,131.0,screener
PURVA,Mar 2023,2023-03-31,annual,145.0,95.0,-141.0,99.0,screener
PURVA,Mar 2024,2024-03-31,annual,896.0,13.0,-313.0,597.0,screener
PURVA,Mar 2025,2025-03-31,annual,-531.0,-74.0,354.0,-251.0,screener
PURVA,Mar 2026,2026-03-31,annual,345.0,-261.0,506.0,590.0,screener
PVP,Mar 2022,2022-03-31,annual,-13.08,-7.85,17.33,-3.6,screener
PVP,Mar 2023,2023-03-31,annual,327.32,-123.4,-202.55,1.36,screener
PVP,Mar 2024,2024-03-31,annual,0.04,6.87,-7.85,-0.94,screener
PVP,Mar 2025,2025-03-31,annual,19.54,2.77,-22.46,-0.15,screener
PVP,Mar 2026,2026-03-31,annual,-24.21,-152.66,190.16,13.29,screener
PVRINOX,Mar 2022,2022-03-31,annual,167.0,-3.0,-217.0,-53.0,screener
PVRINOX,Mar 2023,2023-03-31,annual,864.0,-339.0,-694.0,-169.0,screener
PVRINOX,Mar 2024,2024-03-31,annual,1979.0,-627.0,-1292.0,60.0,screener
PVRINOX,Mar 2025,2025-03-31,annual,1967.0,-303.0,-1535.0,130.0,screener
PVRINOX,Mar 2026,2026-03-31,annual,2160.0,-29.0,-2065.0,66.0,screener
PVSL,Mar 2022,2022-03-31,annual,70.0,-41.0,-65.0,-37.0,screener
PVSL,Mar 2023,2023-03-31,annual,109.0,-80.0,-24.0,5.0,screener
PVSL,Mar 2024,2024-03-31,annual,80.0,-88.0,39.0,31.0,screener
PVSL,Mar 2025,2025-03-31,annual,151.0,-39.0,-142.0,-30.0,screener
PVSL,Mar 2026,2026-03-31,annual,100.0,-146.0,87.0,42.0,screener
PWL,Mar 2022,2022-03-31,annual,59.0,-58.0,0.0,1.0,screener
PWL,Mar 2023,2023-03-31,annual,270.0,-1076.0,848.0,42.0,screener
PWL,Mar 2024,2024-03-31,annual,212.0,-43.0,-165.0,4.0,screener
PWL,Mar 2025,2025-03-31,annual,507.0,-1513.0,1007.0,0.0,screener
PWL,Mar 2026,2026-03-31,annual,833.0,-3282.0,2755.0,306.0,screener
QLINE,Mar 2023,2023-03-31,annual,25.0,-26.0,26.0,25.0,screener
QLINE,Mar 2024,2024-03-31,annual,-24.0,-45.0,17.0,-52.0,screener
QLINE,Mar 2025,2025-03-31,annual,-1.0,-59.0,53.0,-7.0,screener
QLINE,Mar 2026,2026-03-31,annual,16.0,-29.0,42.0,29.0,screener
QPOWER,Mar 2022,2022-03-31,annual,9.0,-13.0,2.0,-3.0,screener
QPOWER,Mar 2023,2023-03-31,annual,44.0,-55.0,-4.0,-14.0,screener
QPOWER,Mar 2024,2024-03-31,annual,52.0,-81.0,25.0,-4.0,screener
QPOWER,Mar 2025,2025-03-31,annual,62.0,-100.0,171.0,134.0,screener
QPOWER,Mar 2026,2026-03-31,annual,80.0,-95.0,18.0,3.0,screener
QUESS,Mar 2022,2022-03-31,annual,554.0,-188.0,-441.0,-75.0,screener
QUESS,Mar 2023,2023-03-31,annual,466.0,4.0,-443.0,27.0,screener
QUESS,Mar 2024,2024-03-31,annual,529.0,50.0,-496.0,83.0,screener
QUESS,Mar 2025,2025-03-31,annual,380.0,-333.0,-318.0,-271.0,screener
QUESS,Mar 2026,2026-03-31,annual,230.0,-73.0,-237.0,-80.0,screener
QUICKHEAL,Mar 2022,2022-03-31,annual,80.0,126.0,-214.0,-9.0,screener
QUICKHEAL,Mar 2023,2023-03-31,annual,31.0,185.0,-212.0,4.0,screener
QUICKHEAL,Mar 2024,2024-03-31,annual,18.0,6.0,2.0,26.0,screener
QUICKHEAL,Mar 2025,2025-03-31,annual,-22.0,16.0,-10.0,-17.0,screener
QUICKHEAL,Mar 2026,2026-03-31,annual,15.0,-26.0,3.0,-8.0,screener
RACLGEAR,Mar 2022,2022-03-31,annual,12.0,-56.0,44.0,0.0,screener
RACLGEAR,Mar 2023,2023-03-31,annual,60.0,-76.0,18.0,2.0,screener
RACLGEAR,Mar 2024,2024-03-31,annual,35.0,-93.0,56.0,-1.0,screener
RACLGEAR,Mar 2025,2025-03-31,annual,57.0,-46.0,-11.0,1.0,screener
RACLGEAR,Mar 2026,2026-03-31,annual,92.0,-53.0,-34.0,6.0,screener
RADAAN,Mar 2022,2022-03-31,annual,-1.76,-1.48,3.14,-0.1,screener
RADAAN,Mar 2023,2023-03-31,annual,-1.48,-0.68,2.23,0.07,screener
RADAAN,Mar 2024,2024-03-31,annual,3.22,-0.05,-3.23,-0.06,screener
RADAAN,Mar 2025,2025-03-31,annual,8.42,-0.75,-6.97,0.7,screener
RADAAN,Mar 2026,2026-03-31,annual,-3.51,19.2,-16.41,-0.72,screener
RADICO,Mar 2022,2022-03-31,annual,222.0,-108.0,-134.0,-20.0,screener
RADICO,Mar 2023,2023-03-31,annual,239.0,-705.0,487.0,21.0,screener
RADICO,Mar 2024,2024-03-31,annual,166.0,-226.0,24.0,-36.0,screener
RADICO,Mar 2025,2025-03-31,annual,363.0,-171.0,-237.0,-46.0,screener
RADICO,Mar 2026,2026-03-31,annual,743.0,-266.0,-446.0,30.0,screener
RADIOCITY,Mar 2014,2014-03-31,annual,45.0,-13.0,-26.0,6.0,screener
RADIOCITY,Mar 2015,2015-03-31,annual,61.0,-197.0,160.0,24.0,screener
RAILTEL,Mar 2020,2020-03-31,annual,173.0,-48.0,-62.0,63.0,screener
RAILTEL,Mar 2021,2021-03-31,annual,348.0,-123.0,-110.0,115.0,screener
RAILTEL,Mar 2022,2022-03-31,annual,250.0,-209.0,-104.0,-63.0,screener
RAILTEL,Mar 2023,2023-03-31,annual,230.0,-150.0,-79.0,1.0,screener
RAIN,Dec 2021,2021-12-31,annual,834.0,-510.0,-740.0,-417.0,screener
RAIN,Dec 2022,2022-12-31,annual,1036.0,-576.0,-396.0,65.0,screener
RAIN,Dec 2023,2023-12-31,annual,3063.0,-711.0,-2115.0,237.0,screener
RAIN,Dec 2024,2024-12-31,annual,1943.0,-257.0,-1771.0,-84.0,screener
RAIN,Dec 2025,2025-12-31,annual,897.0,-267.0,-1025.0,-395.0,screener
RAINBOW,Mar 2022,2022-03-31,annual,224.0,-175.0,-44.0,4.0,screener
RAINBOW,Mar 2023,2023-03-31,annual,329.0,-465.0,143.0,7.0,screener
RAINBOW,Mar 2024,2024-03-31,annual,321.0,-226.0,-102.0,-7.0,screener
RAINBOW,Mar 2025,2025-03-31,annual,396.0,-268.0,-118.0,10.0,screener
RAINBOW,Mar 2026,2026-03-31,annual,420.0,-259.0,-147.0,14.0,screener
RAJESHEXPO,Mar 2022,2022-03-31,annual,-4.0,86.0,-326.0,-244.0,screener
RAJESHEXPO,Mar 2023,2023-03-31,annual,457.0,10.0,-186.0,281.0,screener
RAJESHEXPO,Mar 2024,2024-03-31,annual,140.0,70.0,-33.0,177.0,screener
RAJESHEXPO,Mar 2025,2025-03-31,annual,7738.0,-8301.0,188.0,-376.0,screener
RAJESHEXPO,Mar 2026,2026-03-31,annual,372.0,-1088.0,196.0,-520.0,screener
RAJOOENG,Mar 2022,2022-03-31,annual,25.0,-15.0,-3.0,7.0,screener
RAJOOENG,Mar 2023,2023-03-31,annual,20.0,-13.0,-2.0,5.0,screener
RAJOOENG,Mar 2024,2024-03-31,annual,2.0,-11.0,-4.0,-13.0,screener
RAJOOENG,Mar 2025,2025-03-31,annual,71.0,-63.0,-2.0,5.0,screener
RAJOOENG,Mar 2026,2026-03-31,annual,68.0,-195.0,137.0,10.0,screener
RAJRATAN,Mar 2022,2022-03-31,annual,122.0,-96.0,-28.0,-2.0,screener
RAJRATAN,Mar 2023,2023-03-31,annual,159.0,-167.0,10.0,2.0,screener
RAJRATAN,Mar 2024,2024-03-31,annual,107.0,-97.0,-10.0,0.0,screener
RAJRATAN,Mar 2025,2025-03-31,annual,57.0,-57.0,8.0,8.0,screener
RAJRATAN,Mar 2026,2026-03-31,annual,75.0,-113.0,50.0,11.0,screener
RAJSREESUG,Mar 2014,2014-03-31,annual,21.0,-10.0,71.0,82.0,screener
RAJSREESUG,Mar 2015,2015-03-31,annual,12.0,2.0,-100.0,-86.0,screener
RAJSREESUG,Mar 2016,2016-03-31,annual,15.0,0.0,-16.0,-2.0,screener
RAJSREESUG,Mar 2017,2017-03-31,annual,204.0,1.0,-151.0,55.0,screener
RAJSREESUG,Mar 2018,2018-03-31,annual,129.0,32.0,-215.0,-54.0,screener
RALLIS,Mar 2018,2018-03-31,annual,41.0,89.0,-104.0,26.0,screener
RALLIS,Mar 2019,2019-03-31,annual,80.0,-51.0,-52.0,-23.0,screener
RALLIS,Mar 2020,2020-03-31,annual,337.0,-246.0,-74.0,17.0,screener
RALLIS,Mar 2021,2021-03-31,annual,217.0,-161.0,-67.0,-12.0,screener
RALLIS,Mar 2022,2022-03-31,annual,166.0,-104.0,-61.0,0.0,screener
RAMCOCEM,Mar 2022,2022-03-31,annual,1135.0,-1816.0,715.0,35.0,screener
RAMCOCEM,Mar 2023,2023-03-31,annual,1412.0,-1694.0,274.0,-8.0,screener
RAMCOCEM,Mar 2024,2024-03-31,annual,1898.0,-1911.0,-28.0,-41.0,screener
RAMCOCEM,Mar 2025,2025-03-31,annual,1399.0,-542.0,-782.0,75.0,screener
RAMCOCEM,Mar 2026,2026-03-31,annual,1611.0,-338.0,-1257.0,16.0,screener
RAMCOIND,Mar 2022,2022-03-31,annual,88.0,-138.0,63.0,13.0,screener
RAMCOIND,Mar 2023,2023-03-31,annual,-43.0,-27.0,54.0,-17.0,screener
RAMCOIND,Mar 2024,2024-03-31,annual,135.0,-21.0,-100.0,14.0,screener
RAMCOIND,Mar 2025,2025-03-31,annual,132.0,-107.0,-11.0,14.0,screener
RAMCOIND,Mar 2026,2026-03-31,annual,201.0,-37.0,-114.0,50.0,screener
RAMCOSYS,Mar 2022,2022-03-31,annual,92.0,-85.0,-9.0,-3.0,screener
RAMCOSYS,Mar 2023,2023-03-31,annual,40.0,-133.0,148.0,55.0,screener
RAMCOSYS,Mar 2024,2024-03-31,annual,104.0,-87.0,-56.0,-39.0,screener
RAMCOSYS,Mar 2025,2025-03-31,annual,113.0,-109.0,13.0,17.0,screener
RAMCOSYS,Mar 2026,2026-03-31,annual,134.0,-46.0,-18.0,70.0,screener
RAMKY,Mar 2022,2022-03-31,annual,278.0,-85.0,-327.0,-135.0,screener
RAMKY,Mar 2023,2023-03-31,annual,2611.0,-215.0,-1650.0,745.0,screener
RAMKY,Mar 2024,2024-03-31,annual,370.0,-72.0,-1011.0,-712.0,screener
RAMKY,Mar 2025,2025-03-31,annual,373.0,-11.0,-380.0,-18.0,screener
RAMKY,Mar 2026,2026-03-31,annual,-262.0,413.0,-69.0,82.0,screener
RAMRAT,Mar 2022,2022-03-31,annual,151.0,-19.0,-121.0,11.0,screener
RAMRAT,Mar 2023,2023-03-31,annual,65.0,-20.0,-45.0,-1.0,screener
RAMRAT,Mar 2024,2024-03-31,annual,138.0,-6.0,-107.0,26.0,screener
RAMRAT,Mar 2025,2025-03-31,annual,227.0,-268.0,3.0,-38.0,screener
RAMRAT,Mar 2026,2026-03-31,annual,-93.0,-151.0,250.0,6.0,screener
RATEGAIN,Mar 2022,2022-03-31,annual,17.0,-276.0,240.0,-20.0,screener
RATEGAIN,Mar 2023,2023-03-31,annual,52.0,16.0,-2.0,66.0,screener
RATEGAIN,Mar 2024,2024-03-31,annual,152.0,-566.0,581.0,168.0,screener
RATEGAIN,Mar 2025,2025-03-31,annual,120.0,-38.0,-2.0,80.0,screener
RATEGAIN,Mar 2026,2026-03-31,annual,234.0,-1282.0,836.0,-212.0,screener
RATNAMANI,Mar 2022,2022-03-31,annual,-283.0,418.0,-135.0,0.0,screener
RATNAMANI,Mar 2023,2023-03-31,annual,310.0,-204.0,-116.0,-10.0,screener
RATNAMANI,Mar 2024,2024-03-31,annual,511.0,-146.0,-193.0,173.0,screener
RATNAMANI,Mar 2025,2025-03-31,annual,536.0,-388.0,-130.0,18.0,screener
RATNAMANI,Mar 2026,2026-03-31,annual,936.0,-1147.0,59.0,-151.0,screener
RATNAVEER,Mar 2025,2025-03-31,annual,95.0,-136.0,47.0,6.0,screener
RATNAVEER,Mar 2026,2026-03-31,annual,-48.0,-103.0,354.0,203.0,screener
RAYMOND,Mar 2022,2022-03-31,annual,677.0,-425.0,-323.0,-71.0,screener
RAYMOND,Mar 2023,2023-03-31,annual,804.0,-476.0,-319.0,10.0,screener
RAYMOND,Mar 2024,2024-03-31,annual,533.0,-1042.0,502.0,-6.0,screener
RAYMOND,Mar 2025,2025-03-31,annual,233.0,-232.0,-104.0,-102.0,screener
RAYMOND,Mar 2026,2026-03-31,annual,42.0,-180.0,230.0,91.0,screener
RAYMONDLSL,Mar 2024,2024-03-31,annual,38.0,1305.0,-1403.0,-60.0,screener
RAYMONDLSL,Mar 2025,2025-03-31,annual,404.0,-281.0,60.0,183.0,screener
RAYMONDLSL,Mar 2026,2026-03-31,annual,546.0,-127.0,-448.0,-28.0,screener
RAYMONDREL,Mar 2024,2024-03-31,annual,-226.0,-6.0,234.0,2.0,screener
RAYMONDREL,Mar 2025,2025-03-31,annual,-237.0,-7.0,261.0,17.0,screener
RAYMONDREL,Mar 2026,2026-03-31,annual,-910.0,19.0,725.0,-166.0,screener
RBLBANK,Mar 2022,2022-03-31,annual,6449.0,-264.0,-109.0,6076.0,screener
RBLBANK,Mar 2023,2023-03-31,annual,-11031.0,-234.0,2235.0,-9030.0,screener
RBLBANK,Mar 2024,2024-03-31,annual,4955.0,-193.0,843.0,5604.0,screener
RBLBANK,Mar 2025,2025-03-31,annual,-829.0,-281.0,-503.0,-1612.0,screener
RBLBANK,Mar 2026,2026-03-31,annual,7578.0,-225.0,3160.0,10513.0,screener
RBMINFRA,Mar 2024,2024-03-31,annual,-52.0,-2.0,61.0,8.0,screener
RBMINFRA,Mar 2025,2025-03-31,annual,-3.0,-20.0,22.0,-2.0,screener
RBMINFRA,Mar 2026,2026-03-31,annual,-26.0,-99.0,126.0,1.0,screener
RCF,Mar 2022,2022-03-31,annual,-592.0,-379.0,599.0,-372.0,screener
RCF,Mar 2023,2023-03-31,annual,787.0,-316.0,-1560.0,-1088.0,screener
RCF,Mar 2024,2024-03-31,annual,-422.0,-464.0,1032.0,145.0,screener
RCF,Mar 2025,2025-03-31,annual,2364.0,-681.0,-853.0,831.0,screener
RCF,Mar 2026,2026-03-31,annual,-471.0,-1299.0,908.0,-863.0,screener
RECLTD,Mar 2022,2022-03-31,annual,-3910.0,-287.0,3159.0,-1038.0,screener
RECLTD,Mar 2023,2023-03-31,annual,-37360.0,-943.0,38123.0,-180.0,screener
RECLTD,Mar 2024,2024-03-31,annual,-57723.0,-1831.0,59588.0,34.0,screener
RECLTD,Mar 2025,2025-03-31,annual,-39064.0,-1302.0,40034.0,-333.0,screener
RECLTD,Mar 2026,2026-03-31,annual,5972.0,-3308.0,-2375.0,289.0,screener
REDINGTON,Mar 2022,2022-03-31,annual,989.0,-167.0,-476.0,346.0,screener
REDINGTON,Mar 2023,2023-03-31,annual,-3234.0,243.0,1529.0,-1462.0,screener
REDINGTON,Mar 2024,2024-03-31,annual,1079.0,37.0,-1381.0,-264.0,screener
REDINGTON,Mar 2025,2025-03-31,annual,293.0,547.0,-1171.0,-332.0,screener
REDINGTON,Mar 2026,2026-03-31,annual,231.0,470.0,-999.0,-298.0,screener
REDTAPE,Mar 2022,2022-03-31,annual,44.0,-49.0,-17.0,-22.0,screener
REDTAPE,Mar 2023,2023-03-31,annual,127.0,-127.0,12.0,12.0,screener
REDTAPE,Mar 2024,2024-03-31,annual,84.0,-116.0,26.0,-5.0,screener
REDTAPE,Mar 2025,2025-03-31,annual,4.0,-110.0,99.0,-7.0,screener
REDTAPE,Mar 2026,2026-03-31,annual,174.0,-84.0,-94.0,-4.0,screener
REFEX,Mar 2021,2021-03-31,annual,123.0,-122.0,-5.0,-4.0,screener
REFEX,Mar 2023,2023-03-31,annual,28.0,-78.0,60.0,10.0,screener
REFEX,Mar 2024,2024-03-31,annual,3.0,-42.0,62.0,23.0,screener
REFEX,Mar 2025,2025-03-31,annual,-265.0,-90.0,603.0,249.0,screener
REFEX,Mar 2026,2026-03-31,annual,107.0,-268.0,65.0,-95.0,screener
RELIANCE,Mar 2022,2022-03-31,annual,110654.0,-109162.0,17289.0,18781.0,screener
RELIANCE,Mar 2023,2023-03-31,annual,115032.0,-93001.0,10455.0,32486.0,screener
RELIANCE,Mar 2024,2024-03-31,annual,158788.0,-113581.0,-16646.0,28561.0,screener
RELIANCE,Mar 2025,2025-03-31,annual,178703.0,-137535.0,-31891.0,9277.0,screener
RELIANCE,Mar 2026,2026-03-31,annual,192113.0,-101089.0,-51549.0,39475.0,screener
RELIGARE,Mar 2022,2022-03-31,annual,1596.0,-689.0,559.0,1466.0,screener
RELIGARE,Mar 2023,2023-03-31,annual,1506.0,-939.0,-2079.0,-1512.0,screener
RELIGARE,Mar 2024,2024-03-31,annual,1500.0,-1348.0,-156.0,-4.0,screener
RELIGARE,Mar 2025,2025-03-31,annual,1572.0,-1185.0,-285.0,102.0,screener
RELIGARE,Mar 2026,2026-03-31,annual,1820.0,-2176.0,690.0,334.0,screener
RELTD,Mar 2022,2022-03-31,annual,19.0,-23.0,-13.0,-17.0,screener
RELTD,Mar 2023,2023-03-31,annual,122.0,-30.0,-85.0,7.0,screener
RELTD,Mar 2024,2024-03-31,annual,61.0,-81.0,22.0,2.0,screener
RELTD,Mar 2025,2025-03-31,annual,71.0,-159.0,147.0,59.0,screener
RELTD,Mar 2026,2026-03-31,annual,172.0,-443.0,278.0,7.0,screener
REPCOHOME,Mar 2022,2022-03-31,annual,691.0,-163.0,-531.0,-2.0,screener
REPCOHOME,Mar 2023,2023-03-31,annual,-363.0,160.0,205.0,2.0,screener
REPCOHOME,Mar 2024,2024-03-31,annual,-685.0,-109.0,747.0,-46.0,screener
REPCOHOME,Mar 2025,2025-03-31,annual,-614.0,-6.0,408.0,-212.0,screener
REPCOHOME,Mar 2026,2026-03-31,annual,-896.0,59.0,988.0,151.0,screener
REPRO,Mar 2022,2022-03-31,annual,25.0,-7.0,-18.0,0.0,screener
REPRO,Mar 2023,2023-03-31,annual,23.0,-21.0,-3.0,0.0,screener
REPRO,Mar 2024,2024-03-31,annual,27.0,-45.0,22.0,4.0,screener
REPRO,Mar 2025,2025-03-31,annual,50.0,-71.0,23.0,2.0,screener
REPRO,Mar 2026,2026-03-31,annual,3.0,-73.0,79.0,10.0,screener
RESPONIND,Mar 2022,2022-03-31,annual,-20.0,-5.0,18.0,-7.0,screener
RESPONIND,Mar 2023,2023-03-31,annual,7.0,-5.0,-10.0,-7.0,screener
RESPONIND,Mar 2024,2024-03-31,annual,225.0,-156.0,-77.0,-8.0,screener
RESPONIND,Mar 2025,2025-03-31,annual,75.0,-102.0,18.0,-9.0,screener
RESPONIND,Mar 2026,2026-03-31,annual,40.0,49.0,-87.0,2.0,screener
RGL,Mar 2022,2022-03-31,annual,86.0,-115.0,30.0,0.0,screener
RGL,Mar 2023,2023-03-31,annual,229.0,-66.0,-217.0,-54.0,screener
RGL,Mar 2024,2024-03-31,annual,-35.0,-28.0,-17.0,-80.0,screener
RGL,Mar 2025,2025-03-31,annual,-3.0,-84.0,142.0,54.0,screener
RGL,Mar 2026,2026-03-31,annual,54.0,-24.0,-77.0,-47.0,screener
RHIM,Mar 2022,2022-03-31,annual,27.0,-70.0,-50.0,-93.0,screener
RHIM,Mar 2023,2023-03-31,annual,238.0,-1150.0,1172.0,260.0,screener
RHIM,Mar 2024,2024-03-31,annual,271.0,-312.0,-231.0,-272.0,screener
RHIM,Mar 2025,2025-03-31,annual,373.0,-113.0,-213.0,47.0,screener
RHIM,Mar 2026,2026-03-31,annual,409.0,-339.0,-9.0,61.0,screener
RICOAUTO,Mar 2022,2022-03-31,annual,216.0,-198.0,-24.0,-6.0,screener
RICOAUTO,Mar 2023,2023-03-31,annual,160.0,-228.0,77.0,9.0,screener
RICOAUTO,Mar 2024,2024-03-31,annual,247.0,-102.0,-153.0,-8.0,screener
RICOAUTO,Mar 2025,2025-03-31,annual,193.0,-134.0,-57.0,3.0,screener
RICOAUTO,Mar 2026,2026-03-31,annual,326.0,-286.0,-42.0,-3.0,screener
RIIL,Mar 2022,2022-03-31,annual,6.0,-1.0,-5.0,0.0,screener
RIIL,Mar 2023,2023-03-31,annual,23.0,-19.0,-5.0,0.0,screener
RIIL,Mar 2024,2024-03-31,annual,2.0,3.0,-5.0,0.0,screener
RIIL,Mar 2025,2025-03-31,annual,-3.0,9.0,-5.0,0.0,screener
RIIL,Mar 2026,2026-03-31,annual,-36.0,41.0,-5.0,0.0,screener
RISHABH,Mar 2022,2022-03-31,annual,13.0,-14.0,-7.0,-8.0,screener
RISHABH,Mar 2023,2023-03-31,annual,28.0,-3.0,-4.0,20.0,screener
RISHABH,Mar 2024,2024-03-31,annual,76.0,-115.0,23.0,-16.0,screener
RISHABH,Mar 2025,2025-03-31,annual,65.0,-63.0,37.0,39.0,screener
RISHABH,Mar 2026,2026-03-31,annual,108.0,-117.0,-28.0,-37.0,screener
RITCO,Mar 2023,2023-03-31,annual,10.0,-19.0,17.0,8.0,screener
RITCO,Mar 2024,2024-03-31,annual,15.0,-36.0,33.0,12.0,screener
RITCO,Mar 2025,2025-03-31,annual,-16.0,-93.0,129.0,19.0,screener
RITCO,Mar 2026,2026-03-31,annual,-33.0,-90.0,134.0,11.0,screener
RITES,Mar 2022,2022-03-31,annual,310.0,62.0,-376.0,-5.0,screener
RITES,Mar 2023,2023-03-31,annual,560.0,163.0,-483.0,239.0,screener
RITES,Mar 2024,2024-03-31,annual,432.0,-315.0,-504.0,-387.0,screener
RITES,Mar 2025,2025-03-31,annual,637.0,-205.0,-405.0,27.0,screener
RITES,Mar 2026,2026-03-31,annual,327.0,126.0,-424.0,30.0,screener
RKFORGE,Mar 2022,2022-03-31,annual,43.0,-354.0,280.0,-31.0,screener
RKFORGE,Mar 2023,2023-03-31,annual,745.0,-299.0,-438.0,8.0,screener
RKFORGE,Mar 2024,2024-03-31,annual,621.0,-1117.0,625.0,129.0,screener
RKFORGE,Mar 2025,2025-03-31,annual,33.0,-912.0,722.0,-157.0,screener
RKFORGE,Mar 2026,2026-03-31,annual,840.0,-929.0,235.0,146.0,screener
RKSWAMY,Mar 2022,2022-03-31,annual,64.0,-21.0,-33.0,9.0,screener
RKSWAMY,Mar 2023,2023-03-31,annual,29.0,-14.0,-44.0,-29.0,screener
RKSWAMY,Mar 2024,2024-03-31,annual,11.0,-107.0,136.0,40.0,screener
RKSWAMY,Mar 2025,2025-03-31,annual,-10.0,12.0,-22.0,-21.0,screener
RKSWAMY,Mar 2026,2026-03-31,annual,38.0,-6.0,-25.0,7.0,screener
RML,Mar 2022,2022-03-31,annual,-6.0,-124.0,134.0,5.0,screener
RML,Mar 2023,2023-03-31,annual,88.0,-106.0,35.0,17.0,screener
RML,Mar 2024,2024-03-31,annual,191.0,-148.0,-55.0,-12.0,screener
RML,Mar 2025,2025-03-31,annual,316.0,-147.0,-176.0,-7.0,screener
RML,Mar 2026,2026-03-31,annual,219.0,11.0,-207.0,23.0,screener
ROLTA,Mar 2021,2021-03-31,annual,-1.0,-7.0,0.0,-8.0,screener
ROLTA,Mar 2022,2022-03-31,annual,-18.0,41.0,-35.0,-12.0,screener
ROLTA,Mar 2023,2023-03-31,annual,15.0,0.0,-16.0,-1.0,screener
ROLTA,Mar 2024,2024-03-31,annual,10.0,208.0,0.0,218.0,screener
ROLTA,Mar 2025,2025-03-31,annual,-5.0,14.0,0.0,10.0,screener
ROSSARI,Mar 2022,2022-03-31,annual,29.0,-299.0,292.0,22.0,screener
ROSSARI,Mar 2023,2023-03-31,annual,152.0,-181.0,61.0,32.0,screener
ROSSARI,Mar 2024,2024-03-31,annual,43.0,-103.0,16.0,-44.0,screener
ROSSARI,Mar 2025,2025-03-31,annual,137.0,-183.0,65.0,19.0,screener
ROSSARI,Mar 2026,2026-03-31,annual,65.0,-219.0,186.0,32.0,screener
ROSSTECH,Mar 2024,2024-03-31,annual,1.0,-11.0,11.0,1.0,screener
ROSSTECH,Mar 2025,2025-03-31,annual,-42.0,-14.0,59.0,2.0,screener
ROSSTECH,Mar 2026,2026-03-31,annual,-83.0,-23.0,149.0,43.0,screener
ROUTE,Mar 2022,2022-03-31,annual,135.0,-821.0,824.0,137.0,screener
ROUTE,Mar 2023,2023-03-31,annual,73.0,111.0,-108.0,76.0,screener
ROUTE,Mar 2024,2024-03-31,annual,-98.0,-2.0,158.0,59.0,screener
ROUTE,Mar 2025,2025-03-31,annual,602.0,-261.0,-34.0,308.0,screener
ROUTE,Mar 2026,2026-03-31,annual,581.0,-14.0,-535.0,32.0,screener
RPEL,Mar 2022,2022-03-31,annual,9.0,-42.0,29.0,-4.0,screener
RPEL,Mar 2023,2023-03-31,annual,20.0,-24.0,3.0,-1.0,screener
RPEL,Mar 2024,2024-03-31,annual,21.0,-15.0,-3.0,2.0,screener
RPEL,Mar 2025,2025-03-31,annual,39.0,-30.0,-5.0,4.0,screener
RPEL,Mar 2026,2026-03-31,annual,37.0,-31.0,-7.0,-1.0,screener
RPGLIFE,Mar 2025,2025-03-31,annual,78.0,-42.0,-27.0,9.0,screener
RPGLIFE,Mar 2026,2026-03-31,annual,56.0,86.0,-21.0,122.0,screener
RPPINFRA,Mar 2022,2022-03-31,annual,33.0,-17.0,9.0,25.0,screener
RPPINFRA,Mar 2023,2023-03-31,annual,38.0,-12.0,-30.0,-4.0,screener
RPPINFRA,Mar 2024,2024-03-31,annual,44.0,0.0,-42.0,2.0,screener
RPPINFRA,Mar 2025,2025-03-31,annual,8.0,-42.0,17.0,-17.0,screener
RPPINFRA,Mar 2026,2026-03-31,annual,7.0,8.0,56.0,71.0,screener
RPSGVENT,Mar 2022,2022-03-31,annual,662.0,-1453.0,855.0,64.0,screener
RPSGVENT,Mar 2023,2023-03-31,annual,726.0,-719.0,252.0,259.0,screener
RPSGVENT,Mar 2024,2024-03-31,annual,1038.0,-1137.0,291.0,192.0,screener
RPSGVENT,Mar 2025,2025-03-31,annual,1098.0,-1589.0,754.0,263.0,screener
RPSGVENT,Mar 2026,2026-03-31,annual,1233.0,-2117.0,837.0,-47.0,screener
RPTECH,Mar 2022,2022-03-31,annual,-315.0,-6.0,338.0,16.0,screener
RPTECH,Mar 2023,2023-03-31,annual,-115.0,-4.0,108.0,-11.0,screener
RPTECH,Mar 2024,2024-03-31,annual,-102.0,1.0,211.0,110.0,screener
RPTECH,Mar 2025,2025-03-31,annual,-299.0,53.0,123.0,-123.0,screener
RPTECH,Mar 2026,2026-03-31,annual,114.0,19.0,-80.0,53.0,screener
RRKABEL,Mar 2022,2022-03-31,annual,98.0,-63.0,-32.0,4.0,screener
RRKABEL,Mar 2023,2023-03-31,annual,454.0,-334.0,-102.0,19.0,screener
RRKABEL,Mar 2024,2024-03-31,annual,339.0,-84.0,-205.0,50.0,screener
RRKABEL,Mar 2025,2025-03-31,annual,494.0,-169.0,-191.0,134.0,screener
RRKABEL,Mar 2026,2026-03-31,annual,295.0,-263.0,-162.0,-130.0,screener
RSDFIN,Mar 2022,2022-03-31,annual,5.0,-13.0,13.0,5.0,screener
RSDFIN,Mar 2023,2023-03-31,annual,6.0,-12.0,4.0,-2.0,screener
RSDFIN,Mar 2024,2024-03-31,annual,15.0,-6.0,-8.0,1.0,screener
RSDFIN,Mar 2025,2025-03-31,annual,0.0,5.0,-6.0,-1.0,screener
RSDFIN,Mar 2026,2026-03-31,annual,7.0,19.0,-26.0,-1.0,screener
RSWM,Mar 2022,2022-03-31,annual,210.0,-318.0,111.0,3.0,screener
RSWM,Mar 2023,2023-03-31,annual,89.0,-239.0,147.0,-3.0,screener
RSWM,Mar 2024,2024-03-31,annual,-76.0,-362.0,439.0,1.0,screener
RSWM,Mar 2025,2025-03-31,annual,426.0,-113.0,-307.0,6.0,screener
RSWM,Mar 2026,2026-03-31,annual,435.0,-217.0,-222.0,-5.0,screener
RSYSTEMS,Dec 2021,2021-12-31,annual,87.0,19.0,-116.0,-9.0,screener
RSYSTEMS,Dec 2022,2022-12-31,annual,96.0,-8.0,-86.0,2.0,screener
RSYSTEMS,Dec 2023,2023-12-31,annual,211.0,-219.0,-41.0,-49.0,screener
RSYSTEMS,Dec 2024,2024-12-31,annual,235.0,14.0,-216.0,33.0,screener
RSYSTEMS,Dec 2025,2025-12-31,annual,220.0,-311.0,209.0,118.0,screener
RUBICON,Mar 2022,2022-03-31,annual,-63.0,-46.0,63.0,-45.0,screener
RUBICON,Mar 2023,2023-03-31,annual,-75.0,-32.0,123.0,16.0,screener
RUBICON,Mar 2024,2024-03-31,annual,21.0,-68.0,44.0,-4.0,screener
RUBICON,Mar 2025,2025-03-31,annual,159.0,-65.0,-40.0,54.0,screener
RUBICON,Mar 2026,2026-03-31,annual,205.0,-407.0,283.0,81.0,screener
RUPA,Mar 2022,2022-03-31,annual,-116.0,-34.0,151.0,1.0,screener
RUPA,Mar 2023,2023-03-31,annual,185.0,-24.0,-158.0,2.0,screener
RUPA,Mar 2024,2024-03-31,annual,156.0,-79.0,-68.0,8.0,screener
RUPA,Mar 2025,2025-03-31,annual,59.0,-10.0,-43.0,6.0,screener
RUPA,Mar 2026,2026-03-31,annual,45.0,-39.0,-22.0,-17.0,screener
RUSTOMJEE,Mar 2022,2022-03-31,annual,-110.0,-138.0,154.0,-93.0,screener
RUSTOMJEE,Mar 2023,2023-03-31,annual,306.0,27.0,-30.0,303.0,screener
RUSTOMJEE,Mar 2024,2024-03-31,annual,183.0,-278.0,-38.0,-132.0,screener
RUSTOMJEE,Mar 2025,2025-03-31,annual,-11.0,-65.0,484.0,408.0,screener
RUSTOMJEE,Mar 2026,2026-03-31,annual,-509.0,-79.0,418.0,-169.0,screener
RVHL,Mar 2022,2022-03-31,annual,0.0,8.0,0.0,8.0,screener
RVHL,Mar 2023,2023-03-31,annual,7.0,-8.0,0.0,-1.0,screener
RVHL,Mar 2024,2024-03-31,annual,-9.0,9.0,-1.0,-1.0,screener
RVHL,Mar 2025,2025-03-31,annual,-8.0,11.0,0.0,3.0,screener
RVHL,Mar 2026,2026-03-31,annual,36.0,-23.0,0.0,13.0,screener
RVNL,Mar 2022,2022-03-31,annual,4793.0,-1431.0,-189.0,3173.0,screener
RVNL,Mar 2023,2023-03-31,annual,-4064.0,1355.0,-1048.0,-3757.0,screener
RVNL,Mar 2024,2024-03-31,annual,2956.0,-1402.0,-1287.0,267.0,screener
RVNL,Mar 2025,2025-03-31,annual,1881.0,1629.0,-1487.0,2023.0,screener
RVNL,Mar 2026,2026-03-31,annual,-1889.0,942.0,-1624.0,-2571.0,screener
RVTH,Mar 2021,2021-03-31,annual,-6.0,-9.0,11.0,-4.0,screener
RVTH,Mar 2022,2022-03-31,annual,47.0,-29.0,-12.0,6.0,screener
RVTH,Mar 2024,2024-03-31,annual,44.0,-31.0,-8.0,6.0,screener
RVTH,Mar 2025,2025-03-31,annual,28.0,-36.0,-4.0,-12.0,screener
RVTH,Mar 2026,2026-03-31,annual,-30.0,9.0,22.0,1.0,screener
S&SPOWER,Mar 2022,2022-03-31,annual,-4.0,-1.0,4.0,0.0,screener
S&SPOWER,Mar 2023,2023-03-31,annual,-11.0,10.0,-1.0,-2.0,screener
S&SPOWER,Mar 2024,2024-03-31,annual,6.0,-2.0,2.0,5.0,screener
S&SPOWER,Mar 2025,2025-03-31,annual,12.0,41.0,-41.0,11.0,screener
S&SPOWER,Mar 2026,2026-03-31,annual,-2.0,-12.0,9.0,-5.0,screener
SAATVIKGL,Mar 2023,2023-03-31,annual,5.0,-24.0,32.0,13.0,screener
SAATVIKGL,Mar 2024,2024-03-31,annual,44.0,-69.0,25.0,-1.0,screener
SAATVIKGL,Mar 2025,2025-03-31,annual,43.0,-198.0,149.0,-7.0,screener
SAATVIKGL,Mar 2026,2026-03-31,annual,-27.0,-896.0,946.0,23.0,screener
SADBHAV,Mar 2022,2022-03-31,annual,-3095.0,5252.0,-2107.0,49.0,screener
SADBHAV,Mar 2023,2023-03-31,annual,1780.0,32.0,-1870.0,-58.0,screener
SADBHAV,Mar 2024,2024-03-31,annual,1154.0,72.0,-1283.0,-57.0,screener
SADBHAV,Mar 2025,2025-03-31,annual,290.0,42.0,-330.0,2.0,screener
SADBHAV,Mar 2026,2026-03-31,annual,749.0,-70.0,-642.0,37.0,screener
SAFARI,Mar 2022,2022-03-31,annual,16.0,-4.0,-14.0,-2.0,screener
SAFARI,Mar 2023,2023-03-31,annual,51.0,-70.0,20.0,1.0,screener
SAFARI,Mar 2024,2024-03-31,annual,217.0,-345.0,164.0,36.0,screener
SAFARI,Mar 2025,2025-03-31,annual,57.0,-10.0,-75.0,-27.0,screener
SAFARI,Mar 2026,2026-03-31,annual,173.0,-103.0,-73.0,-3.0,screener
SAFEENTP,Mar 2024,2024-03-31,annual,13.0,-8.0,-11.0,-5.0,screener
SAFEENTP,Mar 2025,2025-03-31,annual,31.0,-10.0,-8.0,13.0,screener
SAFEENTP,Mar 2026,2026-03-31,annual,34.0,-184.0,151.0,1.0,screener
SAGARDEEP,Mar 2022,2022-03-31,annual,0.0,0.0,5.0,5.0,screener
SAGARDEEP,Mar 2023,2023-03-31,annual,2.0,0.0,-7.0,-5.0,screener
SAGARDEEP,Mar 2024,2024-03-31,annual,2.0,-7.0,5.0,0.0,screener
SAGARDEEP,Mar 2025,2025-03-31,annual,4.0,4.0,-7.0,0.0,screener
SAGARDEEP,Mar 2026,2026-03-31,annual,-2.0,-1.0,3.0,0.0,screener
SAGCEM,Mar 2022,2022-03-31,annual,87.0,-784.0,615.0,-82.0,screener
SAGCEM,Mar 2023,2023-03-31,annual,175.0,223.0,-367.0,32.0,screener
SAGCEM,Mar 2024,2024-03-31,annual,400.0,-188.0,-221.0,-8.0,screener
SAGCEM,Mar 2025,2025-03-31,annual,234.0,-113.0,-217.0,-97.0,screener
SAGCEM,Mar 2026,2026-03-31,annual,216.0,-412.0,130.0,-67.0,screener
SAIL,Mar 2022,2022-03-31,annual,30987.0,-3976.0,-27398.0,-387.0,screener
SAIL,Mar 2023,2023-03-31,annual,-5290.0,-3371.0,8587.0,-74.0,screener
SAIL,Mar 2024,2024-03-31,annual,2911.0,-4261.0,1362.0,12.0,screener
SAIL,Mar 2025,2025-03-31,annual,9914.0,-5268.0,-4424.0,222.0,screener
SAIL,Mar 2026,2026-03-31,annual,19039.0,-7899.0,-11403.0,-263.0,screener
SAILIFE,Mar 2022,2022-03-31,annual,105.0,-102.0,72.0,75.0,screener
SAILIFE,Mar 2023,2023-03-31,annual,219.0,-99.0,-201.0,-80.0,screener
SAILIFE,Mar 2024,2024-03-31,annual,263.0,-191.0,-95.0,-24.0,screener
SAILIFE,Mar 2025,2025-03-31,annual,314.0,-536.0,301.0,79.0,screener
SAILIFE,Mar 2026,2026-03-31,annual,509.0,-395.0,-124.0,-10.0,screener
SAIPARENT,Mar 2023,2023-03-31,annual,-13.0,-19.0,24.0,-8.0,screener
SAIPARENT,Mar 2024,2024-03-31,annual,-30.0,-46.0,79.0,2.0,screener
SAIPARENT,Mar 2025,2025-03-31,annual,33.0,0.0,-36.0,-2.0,screener
SAIPARENT,Mar 2026,2026-03-31,annual,93.0,-274.0,596.0,415.0,screener
SAKAR,Mar 2022,2022-03-31,annual,36.0,-90.0,55.0,0.0,screener
SAKAR,Mar 2023,2023-03-31,annual,33.0,-74.0,41.0,0.0,screener
SAKAR,Mar 2024,2024-03-31,annual,24.0,-52.0,27.0,0.0,screener
SAKAR,Mar 2025,2025-03-31,annual,34.0,-31.0,-3.0,0.0,screener
SAKAR,Mar 2026,2026-03-31,annual,49.0,-28.0,-21.0,0.0,screener
SAKSOFT,Mar 2022,2022-03-31,annual,70.0,-42.0,-24.0,5.0,screener
SAKSOFT,Mar 2023,2023-03-31,annual,84.0,-59.0,-11.0,14.0,screener
SAKSOFT,Mar 2024,2024-03-31,annual,117.0,-57.0,-6.0,54.0,screener
SAKSOFT,Mar 2025,2025-03-31,annual,111.0,-106.0,21.0,26.0,screener
SAKSOFT,Mar 2026,2026-03-31,annual,171.0,-176.0,-49.0,-53.0,screener
SALASAR,Mar 2022,2022-03-31,annual,1.0,-27.0,26.0,0.0,screener
SALASAR,Mar 2023,2023-03-31,annual,0.0,-70.0,70.0,0.0,screener
SALASAR,Mar 2024,2024-03-31,annual,52.0,-80.0,30.0,2.0,screener
SALASAR,Mar 2025,2025-03-31,annual,-5.0,10.0,-3.0,1.0,screener
SALASAR,Mar 2026,2026-03-31,annual,161.0,-228.0,66.0,-2.0,screener
SALZERELEC,Mar 2022,2022-03-31,annual,-12.0,-16.0,26.0,-2.0,screener
SALZERELEC,Mar 2023,2023-03-31,annual,23.0,-35.0,18.0,6.0,screener
SALZERELEC,Mar 2024,2024-03-31,annual,21.0,-42.0,17.0,-4.0,screener
SALZERELEC,Mar 2025,2025-03-31,annual,-11.0,-79.0,91.0,0.0,screener
SALZERELEC,Mar 2026,2026-03-31,annual,46.0,-66.0,21.0,1.0,screener
SAMBHV,Mar 2025,2025-03-31,annual,126.0,-233.0,105.0,-2.0,screener
SAMBHV,Mar 2026,2026-03-31,annual,212.0,-396.0,241.0,57.0,screener
SAMHI,Mar 2022,2022-03-31,annual,26.0,-3.0,-17.0,6.0,screener
SAMHI,Mar 2023,2023-03-31,annual,217.0,68.0,-319.0,-33.0,screener
SAMHI,Mar 2024,2024-03-31,annual,275.0,-49.0,-212.0,14.0,screener
SAMHI,Mar 2025,2025-03-31,annual,357.0,-244.0,-182.0,-69.0,screener
SAMHI,Mar 2026,2026-03-31,annual,407.0,-200.0,-112.0,95.0,screener
SAMMAANCAP,Mar 2022,2022-03-31,annual,657.0,1649.0,-7444.0,-5138.0,screener
SAMMAANCAP,Mar 2023,2023-03-31,annual,4001.0,884.0,-9142.0,-4257.0,screener
SAMMAANCAP,Mar 2024,2024-03-31,annual,140.0,1042.0,-2383.0,-1201.0,screener
SAMMAANCAP,Mar 2025,2025-03-31,annual,8772.0,-5578.0,-2373.0,821.0,screener
SAMMAANCAP,Mar 2026,2026-03-31,annual,-7466.0,-1540.0,14684.0,5678.0,screener
SANATHAN,Mar 2022,2022-03-31,annual,295.0,-96.0,-199.0,-1.0,screener
SANATHAN,Mar 2023,2023-03-31,annual,362.0,-235.0,-126.0,1.0,screener
SANATHAN,Mar 2024,2024-03-31,annual,192.0,-245.0,74.0,21.0,screener
SANATHAN,Mar 2025,2025-03-31,annual,284.0,-1342.0,1059.0,1.0,screener
SANATHAN,Mar 2026,2026-03-31,annual,322.0,-631.0,289.0,-20.0,screener
SANDESH,Mar 2022,2022-03-31,annual,22.0,33.0,-4.0,51.0,screener
SANDESH,Mar 2023,2023-03-31,annual,84.0,-106.0,-4.0,-26.0,screener
SANDESH,Mar 2024,2024-03-31,annual,154.0,-130.0,-4.0,20.0,screener
SANDESH,Mar 2025,2025-03-31,annual,67.0,-109.0,-2.0,-43.0,screener
SANDESH,Mar 2026,2026-03-31,annual,-145.0,148.0,-2.0,1.0,screener
SANDHAR,Mar 2022,2022-03-31,annual,49.0,-310.0,260.0,-2.0,screener
SANDHAR,Mar 2023,2023-03-31,annual,308.0,-269.0,-37.0,2.0,screener
SANDHAR,Mar 2024,2024-03-31,annual,275.0,-241.0,-7.0,27.0,screener
SANDHAR,Mar 2025,2025-03-31,annual,247.0,-300.0,101.0,48.0,screener
SANDHAR,Mar 2026,2026-03-31,annual,210.0,-221.0,28.0,17.0,screener
SANDUMA,Mar 2022,2022-03-31,annual,873.0,-793.0,-106.0,-26.0,screener
SANDUMA,Mar 2023,2023-03-31,annual,142.0,-11.0,-129.0,2.0,screener
SANDUMA,Mar 2024,2024-03-31,annual,153.0,-66.0,-107.0,-20.0,screener
SANDUMA,Mar 2025,2025-03-31,annual,841.0,-1554.0,704.0,-9.0,screener
SANDUMA,Mar 2026,2026-03-31,annual,1143.0,20.0,-1123.0,39.0,screener
SANGAMIND,Mar 2022,2022-03-31,annual,245.0,-192.0,-41.0,12.0,screener
SANGAMIND,Mar 2023,2023-03-31,annual,216.0,-354.0,143.0,6.0,screener
SANGAMIND,Mar 2024,2024-03-31,annual,160.0,-390.0,230.0,0.0,screener
SANGAMIND,Mar 2025,2025-03-31,annual,432.0,-372.0,-36.0,24.0,screener
SANGAMIND,Mar 2026,2026-03-31,annual,269.0,-272.0,17.0,14.0,screener
SANGANI,Mar 2022,2022-03-31,annual,0.0,0.0,1.0,1.0,screener
SANGANI,Mar 2023,2023-03-31,annual,3.0,-12.0,11.0,1.0,screener
SANGANI,Mar 2024,2024-03-31,annual,3.0,-1.0,12.0,15.0,screener
SANGANI,Mar 2025,2025-03-31,annual,2.0,-1.0,-2.0,-1.0,screener
SANGANI,Mar 2026,2026-03-31,annual,5.0,-10.0,-2.0,-6.0,screener
SANGHVIMOV,Mar 2022,2022-03-31,annual,130.0,-76.0,-48.0,6.0,screener
SANGHVIMOV,Mar 2023,2023-03-31,annual,257.0,-237.0,-15.0,5.0,screener
SANGHVIMOV,Mar 2025,2025-03-31,annual,162.0,-286.0,89.0,-36.0,screener
SANGHVIMOV,Mar 2026,2026-03-31,annual,278.0,-418.0,182.0,42.0,screener
SANOFI,Dec 2023,2023-12-31,annual,230.0,38.0,-878.0,-610.0,screener
SANOFI,Dec 2024,2024-12-31,annual,462.0,-180.0,-392.0,-111.0,screener
SANSERA,Mar 2022,2022-03-31,annual,213.0,-258.0,47.0,2.0,screener_yfinance_fallback_normalized
SANSERA,Mar 2023,2023-03-31,annual,256.0,-239.0,-6.0,11.0,screener_yfinance_fallback_normalized
SANSERA,Mar 2024,2024-03-31,annual,374.0,-367.0,-8.0,-1.0,screener_yfinance_fallback_normalized
SANSERA,Mar 2025,2025-03-31,annual,377.0,-957.0,583.0,3.0,screener_yfinance_fallback_normalized
SANSERA,Mar 2026,2026-03-31,annual,387.0,-441.0,104.0,50.0,screener_yfinance_fallback_normalized
SANSTAR,Mar 2022,2022-03-31,annual,30.0,-4.0,-25.0,0.0,screener
SANSTAR,Mar 2023,2023-03-31,annual,-6.0,-71.0,83.0,6.0,screener
SANSTAR,Mar 2024,2024-03-31,annual,29.0,-37.0,5.0,-3.0,screener
SAPPHIRE,Mar 2022,2022-03-31,annual,395.0,-692.0,313.0,16.0,screener
SAPPHIRE,Mar 2023,2023-03-31,annual,382.0,-204.0,-195.0,-17.0,screener
SAPPHIRE,Mar 2024,2024-03-31,annual,449.0,-187.0,-213.0,49.0,screener
SAPPHIRE,Mar 2025,2025-03-31,annual,508.0,-337.0,-211.0,-39.0,screener
SAPPHIRE,Mar 2026,2026-03-31,annual,507.0,-233.0,-260.0,14.0,screener
SARDAEN,Mar 2022,2022-03-31,annual,917.0,-466.0,-331.0,120.0,screener
SARDAEN,Mar 2023,2023-03-31,annual,701.0,-431.0,-479.0,-208.0,screener
SARDAEN,Mar 2024,2024-03-31,annual,742.0,-423.0,-223.0,96.0,screener
SARDAEN,Mar 2025,2025-03-31,annual,886.0,-2132.0,1200.0,-46.0,screener
SARDAEN,Mar 2026,2026-03-31,annual,1735.0,-1166.0,-519.0,50.0,screener
SAREGAMA,Mar 2022,2022-03-31,annual,94.0,-630.0,677.0,142.0,screener
SAREGAMA,Mar 2023,2023-03-31,annual,93.0,-154.0,-75.0,-136.0,screener
SAREGAMA,Mar 2024,2024-03-31,annual,93.0,32.0,-85.0,40.0,screener
SAREGAMA,Mar 2025,2025-03-31,annual,331.0,-220.0,-99.0,12.0,screener
SAREGAMA,Mar 2026,2026-03-31,annual,100.0,-113.0,-31.0,-45.0,screener
SARLAPOLY,Mar 2022,2022-03-31,annual,37.0,-26.0,-18.0,-7.0,screener
SARLAPOLY,Mar 2023,2023-03-31,annual,102.0,-56.0,-46.0,1.0,screener
SARLAPOLY,Mar 2024,2024-03-31,annual,31.0,-56.0,24.0,-1.0,screener
SARLAPOLY,Mar 2025,2025-03-31,annual,62.0,-90.0,27.0,-1.0,screener
SARLAPOLY,Mar 2026,2026-03-31,annual,74.0,-81.0,7.0,0.0,screener
SASKEN,Mar 2022,2022-03-31,annual,107.0,-70.0,-39.0,-2.0,screener
SASKEN,Mar 2023,2023-03-31,annual,71.0,-27.0,-37.0,8.0,screener
SASKEN,Mar 2024,2024-03-31,annual,59.0,6.0,-39.0,26.0,screener
SASKEN,Mar 2025,2025-03-31,annual,-57.0,84.0,-46.0,-19.0,screener
SASKEN,Mar 2026,2026-03-31,annual,-23.0,92.0,-49.0,21.0,screener
SATIN,Mar 2022,2022-03-31,annual,336.0,-51.0,-442.0,-157.0,screener
SATIN,Mar 2023,2023-03-31,annual,-956.0,-73.0,390.0,-639.0,screener
SATIN,Mar 2024,2024-03-31,annual,-2069.0,-24.0,2259.0,166.0,screener
SATIN,Mar 2025,2025-03-31,annual,-563.0,-45.0,914.0,305.0,screener
SATIN,Mar 2026,2026-03-31,annual,-974.0,-123.0,1873.0,777.0,screener
SBCL,Mar 2022,2022-03-31,annual,-3.0,-24.0,23.0,-5.0,screener
SBCL,Mar 2023,2023-03-31,annual,66.0,-41.0,-18.0,7.0,screener
SBCL,Mar 2024,2024-03-31,annual,69.0,-41.0,-29.0,-2.0,screener
SBCL,Mar 2025,2025-03-31,annual,94.0,-58.0,-26.0,10.0,screener
SBCL,Mar 2026,2026-03-31,annual,55.0,-68.0,0.0,-14.0,screener
SBIN,Mar 2022,2022-03-31,annual,57695.0,-2652.0,-3845.0,51198.0,screener
SBIN,Mar 2023,2023-03-31,annual,-86014.0,-966.0,6386.0,-80593.0,screener
SBIN,Mar 2024,2024-03-31,annual,21632.0,-3476.0,-9896.0,8260.0,screener
SBIN,Mar 2025,2025-03-31,annual,45484.0,-3387.0,-10737.0,31361.0,screener
SBIN,Mar 2026,2026-03-31,annual,38097.0,9240.0,-3427.0,43910.0,screener
SCHAEFFLER,Dec 2022,2022-12-31,annual,751.0,-535.0,-257.0,-41.0,screener
SCHAEFFLER,Dec 2023,2023-12-31,annual,884.0,-595.0,-386.0,-96.0,screener
SCHAEFFLER,Dec 2024,2024-12-31,annual,840.0,-25.0,-421.0,394.0,screener
SCHAEFFLER,Dec 2025,2025-12-31,annual,1290.0,-341.0,-449.0,500.0,screener
SCI,Mar 2022,2022-03-31,annual,1644.0,-1079.0,-653.0,-88.0,screener
SCI,Mar 2023,2023-03-31,annual,1465.0,-501.0,-930.0,34.0,screener
SCI,Mar 2024,2024-03-31,annual,994.0,-573.0,103.0,524.0,screener
SCI,Mar 2025,2025-03-31,annual,850.0,-316.0,-1236.0,-702.0,screener
SCI,Mar 2026,2026-03-31,annual,1343.0,-858.0,-518.0,-32.0,screener
SEAMECLTD,Mar 2022,2022-03-31,annual,94.0,-124.0,43.0,13.0,screener
SEAMECLTD,Mar 2023,2023-03-31,annual,53.0,-5.0,-42.0,7.0,screener
SEAMECLTD,Mar 2024,2024-03-31,annual,150.0,-316.0,142.0,-25.0,screener
SEAMECLTD,Mar 2025,2025-03-31,annual,299.0,-165.0,-112.0,22.0,screener
SEAMECLTD,Mar 2026,2026-03-31,annual,321.0,-392.0,94.0,23.0,screener
SEIL,Mar 2023,2023-03-31,annual,0.46,1.46,-0.91,1.01,screener
SEIL,Mar 2024,2024-03-31,annual,-1.11,0.32,-0.93,-1.72,screener
SEIL,Mar 2025,2025-03-31,annual,-3.11,-1.27,6.47,2.09,screener
SEIL,Mar 2026,2026-03-31,annual,-0.19,1.29,-2.66,-1.55,screener
SENCO,Mar 2022,2022-03-31,annual,-70.0,-157.0,228.0,1.0,screener
SENCO,Mar 2023,2023-03-31,annual,-78.0,-198.0,276.0,0.0,screener
SENCO,Mar 2024,2024-03-31,annual,-23.0,-118.0,151.0,9.0,screener
SENCO,Mar 2025,2025-03-31,annual,-221.0,-32.0,268.0,15.0,screener
SENCO,Mar 2026,2026-03-31,annual,-789.0,77.0,716.0,4.0,screener
SENORES,Mar 2022,2022-03-31,annual,-10.0,-24.0,36.0,2.0,screener
SENORES,Mar 2023,2023-03-31,annual,-1.0,-48.0,46.0,-3.0,screener
SENORES,Mar 2024,2024-03-31,annual,-26.0,-54.0,87.0,8.0,screener
SENORES,Mar 2025,2025-03-31,annual,-46.0,-429.0,573.0,98.0,screener
SENORES,Mar 2026,2026-03-31,annual,62.0,-121.0,-1.0,-60.0,screener
SEPC,Mar 2022,2022-03-31,annual,-72.0,1.0,68.0,-3.0,screener
SEPC,Mar 2023,2023-03-31,annual,21.0,12.0,-6.0,27.0,screener
SEPC,Mar 2024,2024-03-31,annual,-121.0,-24.0,130.0,-15.0,screener
SEPC,Mar 2025,2025-03-31,annual,-133.0,4.0,118.0,-11.0,screener
SEPC,Mar 2026,2026-03-31,annual,-263.0,-7.0,289.0,19.0,screener
SERVOTECH,Mar 2022,2022-03-31,annual,8.0,-2.0,-1.0,5.0,screener
SERVOTECH,Mar 2023,2023-03-31,annual,-24.0,-13.0,45.0,8.0,screener
SERVOTECH,Mar 2024,2024-03-31,annual,1.0,-25.0,74.0,50.0,screener
SERVOTECH,Mar 2025,2025-03-31,annual,-55.0,-16.0,48.0,-24.0,screener
SERVOTECH,Mar 2026,2026-03-31,annual,-2.0,-114.0,144.0,28.0,screener
SESHAPAPER,Mar 2022,2022-03-31,annual,276.0,-251.0,-22.0,3.0,screener
SESHAPAPER,Mar 2023,2023-03-31,annual,329.0,-372.0,-22.0,-66.0,screener
SESHAPAPER,Mar 2024,2024-03-31,annual,202.0,-225.0,-19.0,-42.0,screener
SESHAPAPER,Mar 2025,2025-03-31,annual,-61.0,42.0,23.0,5.0,screener
SESHAPAPER,Mar 2026,2026-03-31,annual,92.0,6.0,-103.0,-5.0,screener
SETL,Mar 2022,2022-03-31,annual,-7.0,-30.0,37.0,0.0,screener
SETL,Mar 2023,2023-03-31,annual,2.0,-29.0,33.0,5.0,screener
SETL,Mar 2024,2024-03-31,annual,-65.0,-157.0,232.0,10.0,screener
SETL,Mar 2025,2025-03-31,annual,5.0,-160.0,141.0,-14.0,screener
SETL,Mar 2026,2026-03-31,annual,45.0,-38.0,-2.0,6.0,screener
SFL,Mar 2022,2022-03-31,annual,197.0,-306.0,93.0,-17.0,screener
SFL,Mar 2023,2023-03-31,annual,218.0,-272.0,56.0,1.0,screener
SFL,Mar 2024,2024-03-31,annual,406.0,-2258.0,1854.0,2.0,screener
SFL,Mar 2025,2025-03-31,annual,247.0,-24.0,-226.0,-3.0,screener
SFL,Mar 2026,2026-03-31,annual,409.0,298.0,-716.0,-8.0,screener
SGMART,Mar 2018,2018-03-31,annual,6.0,0.0,-5.0,0.0,screener
SGMART,Mar 2019,2019-03-31,annual,1.0,16.0,-12.0,5.0,screener
SGMART,Mar 2024,2024-03-31,annual,30.0,-1104.0,1186.0,111.0,screener
SGMART,Mar 2025,2025-03-31,annual,-391.0,-87.0,479.0,1.0,screener
SGMART,Mar 2026,2026-03-31,annual,258.0,407.0,-266.0,399.0,screener
SHADOWFAX,Mar 2023,2023-03-31,annual,-73.0,-40.0,90.0,-23.0,screener
SHADOWFAX,Mar 2024,2024-03-31,annual,132.0,-311.0,200.0,20.0,screener
SHADOWFAX,Mar 2025,2025-03-31,annual,50.0,-119.0,130.0,61.0,screener
SHADOWFAX,Mar 2026,2026-03-31,annual,350.0,-1091.0,863.0,122.0,screener
SHAILY,Mar 2022,2022-03-31,annual,55.0,-129.0,108.0,34.0,screener
SHAILY,Mar 2023,2023-03-31,annual,90.0,-101.0,-5.0,-16.0,screener
SHAILY,Mar 2024,2024-03-31,annual,92.0,-94.0,5.0,3.0,screener
SHAILY,Mar 2025,2025-03-31,annual,110.0,-71.0,-42.0,-3.0,screener
SHAILY,Mar 2026,2026-03-31,annual,226.0,-185.0,-39.0,2.0,screener
SHAKTIPUMP,Mar 2022,2022-03-31,annual,17.0,-8.0,0.0,10.0,screener
SHAKTIPUMP,Mar 2023,2023-03-31,annual,39.0,-12.0,-47.0,-20.0,screener
SHAKTIPUMP,Mar 2024,2024-03-31,annual,50.0,-61.0,191.0,180.0,screener
SHAKTIPUMP,Mar 2025,2025-03-31,annual,20.0,-198.0,44.0,-134.0,screener
SHAKTIPUMP,Mar 2026,2026-03-31,annual,124.0,-286.0,544.0,382.0,screener
SHALBY,Mar 2022,2022-03-31,annual,19.0,-60.0,90.0,49.0,screener
SHALBY,Mar 2023,2023-03-31,annual,68.0,-61.0,-50.0,-43.0,screener
SHALBY,Mar 2024,2024-03-31,annual,20.0,146.0,-151.0,15.0,screener
SHALBY,Mar 2025,2025-03-31,annual,-4.0,-36.0,48.0,8.0,screener
SHALBY,Mar 2026,2026-03-31,annual,0.0,-97.0,84.0,-13.0,screener
SHANKARA,Mar 2022,2022-03-31,annual,70.0,-18.0,-60.0,-8.0,screener
SHANKARA,Mar 2023,2023-03-31,annual,92.0,-45.0,-43.0,3.0,screener
SHANKARA,Mar 2024,2024-03-31,annual,10.0,-27.0,40.0,22.0,screener
SHANKARA,Mar 2025,2025-03-31,annual,64.0,-26.0,-42.0,-5.0,screener
SHANKARA,Mar 2026,2026-03-31,annual,-101.0,-23.0,124.0,0.0,screener
SHARDACROP,Mar 2022,2022-03-31,annual,267.0,-205.0,-91.0,-29.0,screener
SHARDACROP,Mar 2023,2023-03-31,annual,328.0,-112.0,-97.0,120.0,screener
SHARDACROP,Mar 2024,2024-03-31,annual,341.0,-393.0,-37.0,-89.0,screener
SHARDACROP,Mar 2025,2025-03-31,annual,604.0,-496.0,-68.0,40.0,screener
SHARDACROP,Mar 2026,2026-03-31,annual,656.0,-513.0,-118.0,24.0,screener
SHARDAMOTR,Mar 2022,2022-03-31,annual,192.0,-62.0,-9.0,120.0,screener
SHARDAMOTR,Mar 2023,2023-03-31,annual,-200.0,191.0,-27.0,-36.0,screener
SHARDAMOTR,Mar 2024,2024-03-31,annual,370.0,-214.0,-54.0,101.0,screener
SHARDAMOTR,Mar 2025,2025-03-31,annual,271.0,-68.0,-262.0,-59.0,screener
SHARDAMOTR,Mar 2026,2026-03-31,annual,363.0,-370.0,-100.0,-107.0,screener
SHAREINDIA,Mar 2022,2022-03-31,annual,409.0,-74.0,13.0,347.0,screener
SHAREINDIA,Mar 2023,2023-03-31,annual,-263.0,79.0,174.0,-10.0,screener
SHAREINDIA,Mar 2024,2024-03-31,annual,-310.0,-49.0,376.0,16.0,screener
SHAREINDIA,Mar 2025,2025-03-31,annual,6.0,-192.0,274.0,88.0,screener
SHAREINDIA,Mar 2026,2026-03-31,annual,-182.0,106.0,54.0,-22.0,screener
SHEMAROO,Mar 2022,2022-03-31,annual,44.0,-2.0,-41.0,1.0,screener
SHEMAROO,Mar 2023,2023-03-31,annual,-17.0,-19.0,36.0,-1.0,screener
SHEMAROO,Mar 2024,2024-03-31,annual,26.0,-7.0,-19.0,-1.0,screener
SHEMAROO,Mar 2025,2025-03-31,annual,75.0,-1.0,-73.0,1.0,screener
SHEMAROO,Mar 2026,2026-03-31,annual,24.0,-4.0,-18.0,2.0,screener
SHILPAMED,Mar 2022,2022-03-31,annual,105.0,-286.0,83.0,-98.0,screener
SHILPAMED,Mar 2023,2023-03-31,annual,180.0,-232.0,46.0,-7.0,screener
SHILPAMED,Mar 2024,2024-03-31,annual,137.0,-171.0,47.0,13.0,screener
SHILPAMED,Mar 2025,2025-03-31,annual,132.0,-198.0,63.0,-3.0,screener
SHILPAMED,Mar 2026,2026-03-31,annual,342.0,-326.0,14.0,30.0,screener
SHINDL,Mar 2022,2022-03-31,annual,2.0,-8.0,9.0,3.0,screener
SHINDL,Mar 2023,2023-03-31,annual,17.0,-6.0,-7.0,4.0,screener
SHINDL,Mar 2024,2024-03-31,annual,-2.0,-2.0,-4.0,-7.0,screener
SHINDL,Mar 2025,2025-03-31,annual,-26.0,-2.0,48.0,20.0,screener
SHINDL,Mar 2026,2026-03-31,annual,1.0,-9.0,3.0,-5.0,screener
SHIRPUR-G,Mar 2020,2020-03-31,annual,42.0,0.0,-63.0,-22.0,screener
SHIRPUR-G,Mar 2021,2021-03-31,annual,70.0,-3.0,-44.0,23.0,screener
SHIRPUR-G,Mar 2022,2022-03-31,annual,38.0,2.0,-41.0,0.0,screener
SHIRPUR-G,Mar 2023,2023-03-31,annual,26.0,-4.0,-18.0,3.0,screener
SHIRPUR-G,Mar 2024,2024-03-31,annual,-99.0,-1.0,77.0,-23.0,screener
SHIVALIK,Mar 2022,2022-03-31,annual,11.0,-23.0,78.0,66.0,screener
SHIVALIK,Mar 2023,2023-03-31,annual,-19.0,-71.0,50.0,-40.0,screener
SHIVALIK,Mar 2024,2024-03-31,annual,-8.0,-74.0,89.0,7.0,screener
SHIVALIK,Mar 2025,2025-03-31,annual,-9.0,-21.0,21.0,-10.0,screener
SHIVALIK,Mar 2026,2026-03-31,annual,-34.0,-21.0,62.0,6.0,screener
SHIVAUM,Mar 2023,2023-03-31,annual,6.0,-1.0,-5.0,0.0,screener
SHIVAUM,Mar 2024,2024-03-31,annual,-3.0,-2.0,7.0,2.0,screener
SHIVAUM,Mar 2025,2025-03-31,annual,-7.0,3.0,10.0,6.0,screener
SHIVAUM,Mar 2026,2026-03-31,annual,14.0,-3.0,-9.0,2.0,screener
SHK,Mar 2022,2022-03-31,annual,50.0,-134.0,12.0,-71.0,screener
SHK,Mar 2023,2023-03-31,annual,197.0,-110.0,-175.0,-88.0,screener
SHK,Mar 2024,2024-03-31,annual,107.0,-84.0,8.0,32.0,screener
SHK,Mar 2025,2025-03-31,annual,16.0,-69.0,99.0,46.0,screener
SHK,Mar 2026,2026-03-31,annual,263.0,-205.0,-158.0,-100.0,screener
SHOPERSTOP,Mar 2022,2022-03-31,annual,383.0,-102.0,-270.0,11.0,screener
SHOPERSTOP,Mar 2023,2023-03-31,annual,543.0,-29.0,-537.0,-23.0,screener
SHOPERSTOP,Mar 2024,2024-03-31,annual,561.0,-111.0,-479.0,-29.0,screener
SHOPERSTOP,Mar 2025,2025-03-31,annual,549.0,-169.0,-409.0,-29.0,screener
SHOPERSTOP,Mar 2026,2026-03-31,annual,838.0,-129.0,-675.0,34.0,screener
SHREECEM,Mar 2022,2022-03-31,annual,2668.0,-2143.0,-849.0,-324.0,screener
SHREECEM,Mar 2023,2023-03-31,annual,2569.0,-2405.0,-277.0,-113.0,screener
SHREECEM,Mar 2024,2024-03-31,annual,3347.0,-1418.0,-1710.0,220.0,screener
SHREECEM,Mar 2025,2025-03-31,annual,4920.0,-3726.0,-1296.0,-102.0,screener
SHREECEM,Mar 2026,2026-03-31,annual,3794.0,-3714.0,-110.0,-30.0,screener
SHREEJISPG,Mar 2023,2023-03-31,annual,158.0,-47.0,-112.0,-1.0,screener
SHREEJISPG,Mar 2024,2024-03-31,annual,159.0,-38.0,-122.0,-1.0,screener
SHREEJISPG,Mar 2025,2025-03-31,annual,139.0,-21.0,-13.0,104.0,screener
SHREEJISPG,Mar 2026,2026-03-31,annual,191.0,-600.0,349.0,-60.0,screener
SHREEPUSHK,Mar 2022,2022-03-31,annual,42.0,-63.0,31.0,10.0,screener
SHREEPUSHK,Mar 2023,2023-03-31,annual,50.0,-38.0,-22.0,-9.0,screener
SHREEPUSHK,Mar 2024,2024-03-31,annual,16.0,-58.0,38.0,-3.0,screener
SHREEPUSHK,Mar 2025,2025-03-31,annual,38.0,-35.0,0.0,2.0,screener
SHREEPUSHK,Mar 2026,2026-03-31,annual,102.0,-128.0,25.0,-2.0,screener
SHRIPISTON,Mar 2022,2022-03-31,annual,219.0,-56.0,-91.0,72.0,screener
SHRIPISTON,Mar 2023,2023-03-31,annual,395.0,-209.0,53.0,240.0,screener
SHRIPISTON,Mar 2024,2024-03-31,annual,487.0,-422.0,-42.0,23.0,screener
SHRIPISTON,Mar 2025,2025-03-31,annual,434.0,-385.0,-61.0,-11.0,screener
SHRIPISTON,Mar 2026,2026-03-31,annual,625.0,-1815.0,1252.0,63.0,screener
SHRIRAMFIN,Mar 2022,2022-03-31,annual,-8859.0,-34.0,8505.0,-388.0,screener
SHRIRAMFIN,Mar 2023,2023-03-31,annual,-17625.0,5076.0,11820.0,-730.0,screener
SHRIRAMFIN,Mar 2024,2024-03-31,annual,-31118.0,-427.0,27626.0,-3919.0,screener
SHRIRAMFIN,Mar 2025,2025-03-31,annual,-43652.0,3630.0,44521.0,4499.0,screener
SHRIRAMFIN,Mar 2026,2026-03-31,annual,-13281.0,-243.0,8587.0,-4937.0,screener
SHYAMMETL,Mar 2022,2022-03-31,annual,1561.0,-1800.0,167.0,-72.0,screener
SHYAMMETL,Mar 2023,2023-03-31,annual,1518.0,-1944.0,424.0,-1.0,screener
SHYAMMETL,Mar 2024,2024-03-31,annual,1794.0,-2762.0,916.0,-51.0,screener
SHYAMMETL,Mar 2025,2025-03-31,annual,1713.0,-1654.0,-36.0,24.0,screener
SHYAMMETL,Mar 2026,2026-03-31,annual,2024.0,-1939.0,-50.0,34.0,screener
SIEMENS,Sep 2021,2021-09-30,annual,1422.0,-2389.0,-502.0,-1469.0,screener
SIEMENS,Sep 2022,2022-09-30,annual,978.0,-34.0,-392.0,552.0,screener
SIEMENS,Sep 2023,2023-09-30,annual,1400.0,-759.0,-450.0,191.0,screener
SIEMENS,Sep 2024,2024-09-30,annual,1670.0,-502.0,-523.0,644.0,screener
SIGACHI,Mar 2022,2022-03-31,annual,6.0,-63.0,108.0,51.0,screener
SIGACHI,Mar 2023,2023-03-31,annual,29.0,-92.0,26.0,-37.0,screener
SIGACHI,Mar 2024,2024-03-31,annual,13.0,-161.0,172.0,24.0,screener
SIGACHI,Mar 2025,2025-03-31,annual,27.0,-93.0,81.0,15.0,screener
SIGACHI,Mar 2026,2026-03-31,annual,4.0,-53.0,2.0,-46.0,screener
SIGMAADV,Mar 2022,2022-03-31,annual,16.0,-10.0,22.0,28.0,screener
SIGMAADV,Mar 2023,2023-03-31,annual,15.0,-133.0,85.0,-33.0,screener
SIGMAADV,Mar 2024,2024-03-31,annual,22.0,10.0,-17.0,15.0,screener
SIGMAADV,Mar 2025,2025-03-31,annual,37.0,-19.0,-26.0,-8.0,screener
SIGMAADV,Mar 2026,2026-03-31,annual,-225.0,-6.0,242.0,11.0,screener
SIGNATURE,Mar 2022,2022-03-31,annual,205.0,54.0,-269.0,-10.0,screener
SIGNATURE,Mar 2023,2023-03-31,annual,-278.0,8.0,673.0,403.0,screener
SIGNATURE,Mar 2024,2024-03-31,annual,92.0,-488.0,368.0,-28.0,screener
SIGNATURE,Mar 2025,2025-03-31,annual,501.0,46.0,141.0,687.0,screener
SIGNATURE,Mar 2026,2026-03-31,annual,126.0,478.0,417.0,1021.0,screener
SIGNPOST,Mar 2023,2023-03-31,annual,8.0,-44.0,34.0,-2.0,screener
SIGNPOST,Mar 2024,2024-03-31,annual,64.0,-101.0,45.0,7.0,screener
SIGNPOST,Mar 2025,2025-03-31,annual,31.0,-38.0,1.0,-6.0,screener
SIGNPOST,Mar 2026,2026-03-31,annual,22.0,-24.0,9.0,7.0,screener
SIKA,Mar 2022,2022-03-31,annual,16.0,-14.0,-2.0,0.0,screener
SIKA,Mar 2023,2023-03-31,annual,-3.0,5.0,-2.0,0.0,screener
SIKA,Mar 2024,2024-03-31,annual,20.0,-18.0,-2.0,0.0,screener
SIKA,Mar 2025,2025-03-31,annual,8.0,-3.0,-4.0,0.0,screener
SIKA,Mar 2026,2026-03-31,annual,47.0,-40.0,-6.0,1.0,screener
SILVERTUC,Mar 2022,2022-03-31,annual,8.0,-7.0,-8.0,-7.0,screener
SILVERTUC,Mar 2023,2023-03-31,annual,16.0,-19.0,7.0,4.0,screener
SILVERTUC,Mar 2024,2024-03-31,annual,3.0,-12.0,3.0,-6.0,screener
SILVERTUC,Mar 2025,2025-03-31,annual,-3.0,-19.0,27.0,6.0,screener
SILVERTUC,Mar 2026,2026-03-31,annual,17.0,-3.0,-20.0,-6.0,screener
SIMPLEXINF,Mar 2022,2022-03-31,annual,-447.0,22.0,404.0,-20.0,screener
SIMPLEXINF,Mar 2023,2023-03-31,annual,-432.0,206.0,259.0,33.0,screener
SIMPLEXINF,Mar 2024,2024-03-31,annual,-83.0,2.0,83.0,3.0,screener
SIMPLEXINF,Mar 2025,2025-03-31,annual,208.0,-24.0,-127.0,57.0,screener
SIMPLEXINF,Mar 2026,2026-03-31,annual,74.0,-157.0,19.0,-64.0,screener
SIRCA,Mar 2022,2022-03-31,annual,35.0,-11.0,-17.0,7.0,screener
SIRCA,Mar 2023,2023-03-31,annual,-19.0,9.0,-6.0,-15.0,screener
SIRCA,Mar 2024,2024-03-31,annual,42.0,-21.0,-8.0,12.0,screener
SIRCA,Mar 2025,2025-03-31,annual,54.0,-45.0,-8.0,1.0,screener
SIRCA,Mar 2026,2026-03-31,annual,44.0,-70.0,39.0,14.0,screener
SIS,Mar 2022,2022-03-31,annual,234.0,-119.0,-351.0,-237.0,screener
SIS,Mar 2023,2023-03-31,annual,171.0,-137.0,-229.0,-195.0,screener
SIS,Mar 2024,2024-03-31,annual,394.0,-107.0,-340.0,-52.0,screener
SIS,Mar 2025,2025-03-31,annual,742.0,-476.0,-14.0,252.0,screener
SIS,Mar 2026,2026-03-31,annual,770.0,-23.0,-620.0,127.0,screener
SITINET,Mar 2021,2021-03-31,annual,299.0,-139.0,-225.0,-64.0,screener
SITINET,Mar 2022,2022-03-31,annual,184.0,-182.0,-51.0,-50.0,screener
SITINET,Mar 2023,2023-03-31,annual,181.0,-64.0,-76.0,41.0,screener
SITINET,Mar 2024,2024-03-31,annual,281.0,-163.0,-149.0,-31.0,screener
SITINET,Mar 2025,2025-03-31,annual,83.0,-72.0,-2.0,8.0,screener
SIYSIL,Mar 2022,2022-03-31,annual,45.0,-53.0,8.0,0.0,screener
SIYSIL,Mar 2023,2023-03-31,annual,235.0,-113.0,-123.0,0.0,screener
SIYSIL,Mar 2024,2024-03-31,annual,129.0,68.0,-194.0,3.0,screener
SIYSIL,Mar 2025,2025-03-31,annual,255.0,-248.0,-10.0,-3.0,screener
SIYSIL,Mar 2026,2026-03-31,annual,93.0,-69.0,-23.0,2.0,screener
SJS,Mar 2022,2022-03-31,annual,61.0,-50.0,-17.0,-6.0,screener
SJS,Mar 2023,2023-03-31,annual,87.0,-100.0,5.0,-8.0,screener
SJS,Mar 2024,2024-03-31,annual,109.0,-133.0,29.0,4.0,screener
SJS,Mar 2025,2025-03-31,annual,163.0,-98.0,-60.0,5.0,screener
SJS,Mar 2026,2026-03-31,annual,224.0,-209.0,-7.0,8.0,screener
SJVN,Mar 2022,2022-03-31,annual,2138.0,-6132.0,3669.0,-325.0,screener
SJVN,Mar 2023,2023-03-31,annual,1632.0,-6877.0,5559.0,314.0,screener
SJVN,Mar 2024,2024-03-31,annual,1310.0,-5502.0,4502.0,309.0,screener
SJVN,Mar 2025,2025-03-31,annual,2483.0,-6430.0,3939.0,-8.0,screener
SJVN,Mar 2026,2026-03-31,annual,1860.0,-3481.0,2385.0,763.0,screener
SKFINDIA,Mar 2022,2022-03-31,annual,57.0,-33.0,-78.0,-53.0,screener
SKFINDIA,Mar 2023,2023-03-31,annual,690.0,-45.0,-79.0,567.0,screener
SKFINDIA,Mar 2024,2024-03-31,annual,624.0,-158.0,-204.0,262.0,screener
SKFINDIA,Mar 2025,2025-03-31,annual,203.0,-60.0,-650.0,-507.0,screener
SKFINDIA,Mar 2026,2026-03-31,annual,363.0,-706.0,-76.0,-418.0,screener
SKIPPER,Mar 2022,2022-03-31,annual,17.0,-48.0,31.0,0.0,screener
SKIPPER,Mar 2023,2023-03-31,annual,284.0,-98.0,-185.0,1.0,screener
SKIPPER,Mar 2024,2024-03-31,annual,199.0,-187.0,-12.0,0.0,screener
SKIPPER,Mar 2025,2025-03-31,annual,153.0,-201.0,51.0,4.0,screener
SKIPPER,Mar 2026,2026-03-31,annual,277.0,-272.0,-8.0,-3.0,screener
SKMEGGPROD,Mar 2022,2022-03-31,annual,2.0,-8.0,-5.0,-11.0,screener
SKMEGGPROD,Mar 2023,2023-03-31,annual,60.0,-16.0,-5.0,39.0,screener
SKMEGGPROD,Mar 2024,2024-03-31,annual,109.0,-54.0,13.0,68.0,screener
SKMEGGPROD,Mar 2025,2025-03-31,annual,65.0,-23.0,-25.0,18.0,screener
SKMEGGPROD,Mar 2026,2026-03-31,annual,53.0,-81.0,-31.0,-59.0,screener
SKYGOLD,Mar 2022,2022-03-31,annual,-7.0,-2.0,10.0,1.0,screener
SKYGOLD,Mar 2023,2023-03-31,annual,-6.0,-20.0,43.0,17.0,screener
SKYGOLD,Mar 2024,2024-03-31,annual,-158.0,-106.0,259.0,-5.0,screener
SKYGOLD,Mar 2025,2025-03-31,annual,-273.0,-157.0,427.0,-3.0,screener
SKYGOLD,Mar 2026,2026-03-31,annual,-45.0,-124.0,171.0,2.0,screener
SMARTEN,Mar 2022,2022-03-31,annual,3.0,-2.0,1.0,1.0,screener
SMARTEN,Mar 2023,2023-03-31,annual,-3.0,0.0,2.0,-1.0,screener
SMARTEN,Mar 2024,2024-03-31,annual,0.0,-2.0,2.0,1.0,screener
SMARTEN,Mar 2025,2025-03-31,annual,-3.0,-6.0,9.0,1.0,screener
SMARTEN,Mar 2026,2026-03-31,annual,-8.0,-17.0,24.0,-1.0,screener
SMARTWORKS,Mar 2022,2022-03-31,annual,216.0,-95.0,-114.0,8.0,screener
SMARTWORKS,Mar 2023,2023-03-31,annual,532.0,-307.0,-171.0,55.0,screener
SMARTWORKS,Mar 2024,2024-03-31,annual,743.0,-192.0,-577.0,-26.0,screener
SMARTWORKS,Mar 2025,2025-03-31,annual,929.0,-276.0,-638.0,15.0,screener
SMARTWORKS,Mar 2026,2026-03-31,annual,1197.0,-501.0,-621.0,75.0,screener
SMSPHARMA,Mar 2022,2022-03-31,annual,45.0,-27.0,-12.0,6.0,screener
SMSPHARMA,Mar 2023,2023-03-31,annual,22.0,-30.0,-32.0,-39.0,screener
SMSPHARMA,Mar 2024,2024-03-31,annual,50.0,-52.0,31.0,29.0,screener
SMSPHARMA,Mar 2025,2025-03-31,annual,82.0,-123.0,47.0,5.0,screener
SMSPHARMA,Mar 2026,2026-03-31,annual,59.0,-131.0,76.0,4.0,screener
SMVD,Mar 2021,2021-03-31,annual,1.0,0.0,0.0,0.0,screener
SMVD,Mar 2022,2022-03-31,annual,9.0,-2.0,-8.0,0.0,screener
SMVD,Mar 2023,2023-03-31,annual,6.0,-2.0,-5.0,-1.0,screener
SMVD,Mar 2024,2024-03-31,annual,-14.0,21.0,-7.0,0.0,screener
SMVD,Mar 2025,2025-03-31,annual,3.0,1.0,-5.0,0.0,screener
SOBHA,Mar 2022,2022-03-31,annual,826.0,38.0,-889.0,-25.0,screener
SOBHA,Mar 2023,2023-03-31,annual,1150.0,-237.0,-773.0,140.0,screener
SOBHA,Mar 2024,2024-03-31,annual,647.0,-475.0,-338.0,-166.0,screener
SOBHA,Mar 2025,2025-03-31,annual,200.0,-1180.0,993.0,13.0,screener
SOBHA,Mar 2026,2026-03-31,annual,430.0,-97.0,-285.0,48.0,screener
SOCL,Mar 2024,2024-03-31,annual,0.0,-3.0,3.0,0.0,screener
SOCL,Mar 2025,2025-03-31,annual,-1.0,-4.0,8.0,3.0,screener
SOCL,Mar 2026,2026-03-31,annual,-13.0,-1.0,24.0,10.0,screener
SOFTTECH,Mar 2022,2022-03-31,annual,12.0,-16.0,5.0,0.0,screener
SOFTTECH,Mar 2023,2023-03-31,annual,7.0,-25.0,18.0,0.0,screener
SOFTTECH,Mar 2024,2024-03-31,annual,19.0,-22.0,4.0,1.0,screener
SOFTTECH,Mar 2025,2025-03-31,annual,28.0,-64.0,37.0,1.0,screener
SOFTTECH,Mar 2026,2026-03-31,annual,31.0,-13.0,-8.0,10.0,screener
SOLARA,Mar 2022,2022-03-31,annual,-242.0,-243.0,334.0,-151.0,screener
SOLARA,Mar 2023,2023-03-31,annual,156.0,-81.0,-113.0,-38.0,screener
SOLARA,Mar 2024,2024-03-31,annual,109.0,-4.0,-106.0,0.0,screener
SOLARA,Mar 2025,2025-03-31,annual,213.0,-37.0,-180.0,-4.0,screener
SOLARA,Mar 2026,2026-03-31,annual,153.0,-99.0,-54.0,1.0,screener
SOLARINDS,Mar 2022,2022-03-31,annual,298.0,-338.0,-45.0,-85.0,screener
SOLARINDS,Mar 2023,2023-03-31,annual,656.0,-614.0,118.0,160.0,screener
SOLARINDS,Mar 2024,2024-03-31,annual,1406.0,-1022.0,-370.0,14.0,screener
SOLARINDS,Mar 2025,2025-03-31,annual,2468.0,-1660.0,-476.0,331.0,screener
SOLARINDS,Mar 2026,2026-03-31,annual,621.0,-1164.0,209.0,-334.0,screener
SOLARWORLD,Mar 2022,2022-03-31,annual,-4.0,-19.0,21.0,-1.0,screener
SOLARWORLD,Mar 2023,2023-03-31,annual,-7.0,3.0,6.0,2.0,screener
SOLARWORLD,Mar 2024,2024-03-31,annual,7.0,19.0,-10.0,16.0,screener
SOLARWORLD,Mar 2025,2025-03-31,annual,54.0,-274.0,210.0,-9.0,screener
SOLARWORLD,Mar 2026,2026-03-31,annual,-5.0,-48.0,54.0,1.0,screener
SOLEX,Mar 2024,2024-03-31,annual,2.0,-21.0,20.0,0.0,screener
SOLEX,Mar 2025,2025-03-31,annual,-47.0,-54.0,113.0,12.0,screener
SOLEX,Mar 2026,2026-03-31,annual,201.0,-225.0,89.0,64.0,screener
SOMANYCERA,Mar 2022,2022-03-31,annual,143.0,-255.0,64.0,-49.0,screener
SOMANYCERA,Mar 2023,2023-03-31,annual,165.0,-91.0,-21.0,52.0,screener
SOMANYCERA,Mar 2024,2024-03-31,annual,393.0,-124.0,-356.0,-87.0,screener
SOMANYCERA,Mar 2025,2025-03-31,annual,141.0,-73.0,-68.0,1.0,screener
SOMANYCERA,Mar 2026,2026-03-31,annual,247.0,-54.0,-124.0,69.0,screener
SONACOMS,Mar 2022,2022-03-31,annual,445.0,-352.0,-64.0,29.0,screener_yfinance_fallback_normalized
SONACOMS,Mar 2023,2023-03-31,annual,533.0,-562.0,19.0,-10.0,screener_yfinance_fallback_normalized
SONACOMS,Mar 2024,2024-03-31,annual,693.0,-471.0,-175.0,47.0,screener_yfinance_fallback_normalized
SONACOMS,Mar 2025,2025-03-31,annual,775.0,-1762.0,1944.0,957.0,screener_yfinance_fallback_normalized
SONACOMS,Mar 2026,2026-03-31,annual,659.0,-1554.0,-1.0,-896.0,screener_yfinance_fallback_normalized
SONATSOFTW,Mar 2022,2022-03-31,annual,450.0,-87.0,-271.0,93.0,screener
SONATSOFTW,Mar 2023,2023-03-31,annual,268.0,-771.0,187.0,-316.0,screener
SONATSOFTW,Mar 2024,2024-03-31,annual,281.0,-53.0,-108.0,119.0,screener
SONATSOFTW,Mar 2025,2025-03-31,annual,644.0,-437.0,-433.0,-226.0,screener
SONATSOFTW,Mar 2026,2026-03-31,annual,538.0,-217.0,-266.0,54.0,screener
SONUINFRA,Mar 2025,2025-03-31,annual,-19.0,-21.0,48.0,8.0,screener
SONUINFRA,Mar 2026,2026-03-31,annual,13.0,-6.0,-15.0,-8.0,screener
SOTL,Mar 2022,2022-03-31,annual,369.0,-298.0,-76.0,-4.0,screener
SOTL,Mar 2023,2023-03-31,annual,-64.0,124.0,-69.0,-9.0,screener
SOTL,Mar 2024,2024-03-31,annual,167.0,18.0,-63.0,122.0,screener
SOTL,Mar 2025,2025-03-31,annual,61.0,-62.0,-103.0,-103.0,screener
SOTL,Mar 2026,2026-03-31,annual,137.0,-29.0,-47.0,61.0,screener
SOUTHWEST,Mar 2022,2022-03-31,annual,10.0,-3.0,-4.0,2.0,screener
SOUTHWEST,Mar 2023,2023-03-31,annual,4.0,-14.0,7.0,-3.0,screener
SOUTHWEST,Mar 2024,2024-03-31,annual,19.0,-38.0,19.0,0.0,screener
SOUTHWEST,Mar 2025,2025-03-31,annual,27.0,-4.0,-4.0,19.0,screener
SOUTHWEST,Mar 2026,2026-03-31,annual,12.0,-38.0,7.0,-18.0,screener
SPAL,Mar 2022,2022-03-31,annual,27.0,-29.0,24.0,21.0,screener
SPAL,Mar 2023,2023-03-31,annual,216.0,-160.0,-48.0,8.0,screener
SPAL,Mar 2024,2024-03-31,annual,79.0,6.0,-67.0,19.0,screener
SPAL,Mar 2025,2025-03-31,annual,44.0,-170.0,82.0,-44.0,screener
SPAL,Mar 2026,2026-03-31,annual,209.0,-189.0,-1.0,18.0,screener
SPANDANA,Mar 2022,2022-03-31,annual,863.0,36.0,-1307.0,-408.0,screener
SPANDANA,Mar 2023,2023-03-31,annual,-2171.0,-175.0,2433.0,86.0,screener
SPANDANA,Mar 2024,2024-03-31,annual,-2679.0,-172.0,3435.0,585.0,screener
SPANDANA,Mar 2025,2025-03-31,annual,3669.0,-119.0,-3712.0,-162.0,screener
SPANDANA,Mar 2026,2026-03-31,annual,882.0,165.0,-1514.0,-466.0,screener
SPARC,Mar 2023,2023-03-31,annual,-69.0,-548.0,617.0,-1.0,screener
SPARC,Mar 2024,2024-03-31,annual,-429.0,392.0,42.0,5.0,screener
SPARC,Mar 2025,2025-03-31,annual,-360.0,158.0,199.0,-3.0,screener
SPARC,Mar 2026,2026-03-31,annual,-239.0,-24.0,261.0,-1.0,screener
SPECIALITY,Mar 2022,2022-03-31,annual,54.0,-34.0,-26.0,-5.0,screener
SPECIALITY,Mar 2023,2023-03-31,annual,80.0,-71.0,-5.0,5.0,screener
SPECIALITY,Mar 2024,2024-03-31,annual,62.0,-16.0,-42.0,5.0,screener
SPECIALITY,Mar 2025,2025-03-31,annual,74.0,-27.0,-49.0,-3.0,screener
SPECIALITY,Mar 2026,2026-03-31,annual,85.0,-40.0,-49.0,-4.0,screener
SPECTRUM,Mar 2022,2022-03-31,annual,21.0,-23.0,-5.0,-6.0,screener
SPECTRUM,Mar 2023,2023-03-31,annual,2.0,-9.0,14.0,6.0,screener
SPECTRUM,Mar 2024,2024-03-31,annual,-1.0,-35.0,39.0,3.0,screener
SPECTRUM,Mar 2025,2025-03-31,annual,-26.0,-53.0,72.0,-7.0,screener
SPECTRUM,Mar 2026,2026-03-31,annual,94.0,-136.0,48.0,6.0,screener
SPLPETRO,Jun 2007,2007-06-30,annual,70.0,0.0,-71.0,-1.0,screener
SPLPETRO,Jun 2008,2008-06-30,annual,58.0,-13.0,-34.0,11.0,screener
SPLPETRO,Jun 2009,2009-06-30,annual,54.0,-29.0,-37.0,-12.0,screener
SPLPETRO,Jun 2010,2010-06-30,annual,45.0,-17.0,-11.0,17.0,screener
SPLPETRO,Mar 2026,2026-03-31,annual,247.0,-190.0,-228.0,-171.0,screener
SPMLINFRA,Mar 2022,2022-03-31,annual,-19.0,36.0,-16.0,1.0,screener
SPMLINFRA,Mar 2023,2023-03-31,annual,20.0,46.0,-87.0,-21.0,screener
SPMLINFRA,Mar 2024,2024-03-31,annual,594.0,23.0,-410.0,208.0,screener
SPMLINFRA,Mar 2025,2025-03-31,annual,-84.0,-90.0,76.0,-99.0,screener
SPMLINFRA,Mar 2026,2026-03-31,annual,-113.0,-32.0,49.0,-96.0,screener
SRF,Mar 2022,2022-03-31,annual,2106.0,-1586.0,-207.0,312.0,screener
SRF,Mar 2023,2023-03-31,annual,2902.0,-2964.0,220.0,158.0,screener
SRF,Mar 2024,2024-03-31,annual,2094.0,-2231.0,-72.0,-209.0,screener
SRF,Mar 2025,2025-03-31,annual,2487.0,-1482.0,-1071.0,-65.0,screener
SRF,Mar 2026,2026-03-31,annual,2554.0,-1589.0,-708.0,256.0,screener
SRM,Mar 2022,2022-03-31,annual,10.0,-6.0,-3.0,1.0,screener
SRM,Mar 2023,2023-03-31,annual,21.0,-23.0,5.0,4.0,screener
SRM,Mar 2024,2024-03-31,annual,14.0,-14.0,39.0,40.0,screener
SRM,Mar 2025,2025-03-31,annual,1.0,-46.0,79.0,34.0,screener
SRM,Mar 2026,2026-03-31,annual,92.0,-182.0,130.0,40.0,screener
SSWL,Mar 2022,2022-03-31,annual,406.0,-154.0,-248.0,5.0,screener
SSWL,Mar 2023,2023-03-31,annual,348.0,-128.0,-234.0,-14.0,screener
SSWL,Mar 2024,2024-03-31,annual,193.0,-365.0,171.0,-1.0,screener
SSWL,Mar 2025,2025-03-31,annual,517.0,-196.0,-354.0,-33.0,screener
SSWL,Mar 2026,2026-03-31,annual,332.0,-186.0,-144.0,1.0,screener
STANLEY,Mar 2022,2022-03-31,annual,29.0,-12.0,-19.0,-2.0,screener
STANLEY,Mar 2023,2023-03-31,annual,68.0,-27.0,-41.0,-1.0,screener
STANLEY,Mar 2024,2024-03-31,annual,46.0,-26.0,-22.0,-3.0,screener
STANLEY,Mar 2025,2025-03-31,annual,68.0,-154.0,126.0,41.0,screener
STANLEY,Mar 2026,2026-03-31,annual,70.0,-30.0,-63.0,-23.0,screener
STAR,Mar 2022,2022-03-31,annual,-258.0,-119.0,421.0,45.0,screener
STAR,Mar 2023,2023-03-31,annual,44.0,302.0,-214.0,133.0,screener
STAR,Mar 2024,2024-03-31,annual,701.0,-150.0,-693.0,-142.0,screener
STAR,Mar 2025,2025-03-31,annual,684.0,-90.0,-643.0,-48.0,screener
STAR,Mar 2026,2026-03-31,annual,703.0,-173.0,-453.0,76.0,screener
STARCEMENT,Mar 2022,2022-03-31,annual,417.0,-289.0,-176.0,-47.0,screener
STARCEMENT,Mar 2023,2023-03-31,annual,358.0,-255.0,10.0,114.0,screener
STARCEMENT,Mar 2024,2024-03-31,annual,490.0,-650.0,86.0,-74.0,screener
STARCEMENT,Mar 2025,2025-03-31,annual,296.0,-529.0,224.0,-8.0,screener
STARCEMENT,Mar 2026,2026-03-31,annual,765.0,-843.0,52.0,-27.0,screener
STARPAPER,Sep 2007,2007-09-30,annual,52.0,-28.0,-23.0,1.0,screener
STARPAPER,Mar 2009,2009-03-31,annual,37.0,-2.0,-36.0,-1.0,screener
STCINDIA,Mar 2021,2021-03-31,annual,-194.0,143.0,-2.0,-53.0,screener
STCINDIA,Mar 2022,2022-03-31,annual,5.0,7.0,0.0,12.0,screener
STCINDIA,Mar 2023,2023-03-31,annual,-62.0,81.0,0.0,20.0,screener
STCINDIA,Mar 2024,2024-03-31,annual,-24.0,95.0,-6.0,66.0,screener
STCINDIA,Mar 2025,2025-03-31,annual,-171.0,123.0,0.0,-48.0,screener
STEELCITY,Mar 2022,2022-03-31,annual,28.0,-3.0,-6.0,19.0,screener
STEELCITY,Mar 2023,2023-03-31,annual,16.0,-10.0,-3.0,3.0,screener
STEELCITY,Mar 2024,2024-03-31,annual,-19.0,3.0,-1.0,-16.0,screener
STEELCITY,Mar 2025,2025-03-31,annual,3.0,1.0,-8.0,-4.0,screener
STEELCITY,Mar 2026,2026-03-31,annual,0.0,3.0,-2.0,1.0,screener
STEELXIND,Mar 2006,2006-03-31,annual,-8.0,-5.0,15.0,3.0,screener
STERTOOLS,Mar 2022,2022-03-31,annual,25.0,-39.0,10.0,-4.0,screener
STERTOOLS,Mar 2023,2023-03-31,annual,63.0,-53.0,-6.0,4.0,screener
STERTOOLS,Mar 2024,2024-03-31,annual,102.0,-49.0,-33.0,20.0,screener
STERTOOLS,Mar 2025,2025-03-31,annual,124.0,-125.0,0.0,-1.0,screener
STERTOOLS,Mar 2026,2026-03-31,annual,56.0,-5.0,-26.0,25.0,screener
STOVEKRAFT,Mar 2017,2017-03-31,annual,29.0,-5.0,-25.0,0.0,screener
STOVEKRAFT,Mar 2018,2018-03-31,annual,11.0,-6.0,-5.0,0.0,screener
STOVEKRAFT,Mar 2019,2019-03-31,annual,13.0,-7.0,22.0,28.0,screener
STOVEKRAFT,Mar 2020,2020-03-31,annual,16.0,-27.0,-2.0,-14.0,screener
STOVEKRAFT,Mar 2021,2021-03-31,annual,110.0,-66.0,-29.0,14.0,screener
STUDDS,Mar 2022,2022-03-31,annual,12.0,-40.0,3.0,-25.0,screener
STUDDS,Mar 2023,2023-03-31,annual,28.0,1.0,-23.0,6.0,screener
STUDDS,Mar 2024,2024-03-31,annual,72.0,-20.0,-41.0,11.0,screener
STUDDS,Mar 2025,2025-03-31,annual,63.0,-51.0,-9.0,3.0,screener
STUDDS,Mar 2026,2026-03-31,annual,86.0,-43.0,-12.0,31.0,screener
STYL,Mar 2024,2024-03-31,annual,200.0,-111.0,-32.0,57.0,screener
STYL,Mar 2025,2025-03-31,annual,168.0,-113.0,-34.0,21.0,screener
STYL,Mar 2026,2026-03-31,annual,220.0,-374.0,243.0,90.0,screener
STYLAMIND,Mar 2022,2022-03-31,annual,6.0,-30.0,17.0,-6.0,screener
STYLAMIND,Mar 2023,2023-03-31,annual,66.0,-12.0,-36.0,18.0,screener
STYLAMIND,Mar 2024,2024-03-31,annual,109.0,-36.0,-4.0,69.0,screener
STYLAMIND,Mar 2025,2025-03-31,annual,107.0,-126.0,-4.0,-23.0,screener
STYLAMIND,Mar 2026,2026-03-31,annual,177.0,-156.0,-3.0,18.0,screener
STYLEBAAZA,Mar 2023,2023-03-31,annual,33.0,-43.0,-8.0,-18.0,screener
STYLEBAAZA,Mar 2024,2024-03-31,annual,112.0,-85.0,-18.0,9.0,screener
STYLEBAAZA,Mar 2025,2025-03-31,annual,53.0,-103.0,54.0,4.0,screener
STYLEBAAZA,Mar 2026,2026-03-31,annual,126.0,-145.0,14.0,-6.0,screener
STYRENIX,Mar 2015,2015-03-31,annual,60.0,-66.0,-10.0,-17.0,screener
STYRENIX,Mar 2024,2024-03-31,annual,216.0,-88.0,-177.0,-48.0,screener
STYRENIX,Mar 2025,2025-03-31,annual,54.0,-85.0,74.0,43.0,screener
STYRENIX,Mar 2026,2026-03-31,annual,183.0,-171.0,-40.0,-28.0,screener
SUBROS,Mar 2022,2022-03-31,annual,151.0,-100.0,-53.0,-1.0,screener
SUBROS,Mar 2023,2023-03-31,annual,141.0,-145.0,4.0,-1.0,screener
SUBROS,Mar 2024,2024-03-31,annual,166.0,-92.0,-65.0,8.0,screener
SUBROS,Mar 2025,2025-03-31,annual,175.0,-165.0,-13.0,-3.0,screener
SUBROS,Mar 2026,2026-03-31,annual,105.0,-137.0,7.0,-25.0,screener
SUDARCOLOR,Dec 2007,2007-12-31,annual,46.0,-11.0,-61.0,-26.0,screener
SUDARCOLOR,Dec 2008,2008-12-31,annual,81.0,-52.0,-34.0,-4.0,screener
SUDARCOLOR,Dec 2009,2009-12-31,annual,170.0,-71.0,-92.0,8.0,screener
SUDARCOLOR,Dec 2010,2010-12-31,annual,164.0,-80.0,-80.0,4.0,screener
SUDARCOLOR,Dec 2011,2011-12-31,annual,21.0,142.0,-156.0,7.0,screener
SUDARSCHEM,Mar 2022,2022-03-31,annual,178.0,-307.0,138.0,9.0,screener
SUDARSCHEM,Mar 2023,2023-03-31,annual,287.0,-189.0,-103.0,-5.0,screener
SUDARSCHEM,Mar 2024,2024-03-31,annual,193.0,279.0,-446.0,27.0,screener
SUDARSCHEM,Mar 2025,2025-03-31,annual,71.0,-1610.0,2596.0,1057.0,screener
SUDARSCHEM,Mar 2026,2026-03-31,annual,344.0,165.0,-680.0,-171.0,screener
SUDEEPPHRM,Mar 2021,2021-03-31,annual,35.0,-40.0,13.0,8.0,screener
SUDEEPPHRM,Mar 2022,2022-03-31,annual,-3.0,-38.0,51.0,10.0,screener
SUDEEPPHRM,Mar 2023,2023-03-31,annual,48.0,-50.0,-10.0,-11.0,screener
SUDEEPPHRM,Mar 2024,2024-03-31,annual,66.0,-49.0,-13.0,4.0,screener
SUDEEPPHRM,Mar 2025,2025-03-31,annual,49.0,-79.0,53.0,23.0,screener
SUDEEPPHRM,Mar 2026,2026-03-31,annual,70.0,-327.0,247.0,-10.0,screener
SUKHJITS,Mar 2022,2022-03-31,annual,144.0,-85.0,-60.0,0.0,screener
SUKHJITS,Mar 2023,2023-03-31,annual,41.0,-43.0,2.0,0.0,screener
SUKHJITS,Mar 2024,2024-03-31,annual,78.0,-39.0,-36.0,3.0,screener
SUKHJITS,Mar 2025,2025-03-31,annual,68.0,-1.0,-66.0,0.0,screener
SUKHJITS,Mar 2026,2026-03-31,annual,4.0,-10.0,6.0,0.0,screener
SULA,Mar 2022,2022-03-31,annual,87.0,-57.0,-61.0,-31.0,screener
SULA,Mar 2023,2023-03-31,annual,90.0,-74.0,-9.0,6.0,screener
SULA,Mar 2024,2024-03-31,annual,121.0,-43.0,2.0,81.0,screener
SULA,Mar 2025,2025-03-31,annual,58.0,-75.0,-74.0,-90.0,screener
SULA,Mar 2026,2026-03-31,annual,101.0,-33.0,-67.0,0.0,screener
SUMICHEM,Mar 2022,2022-03-31,annual,222.0,-290.0,-63.0,-131.0,screener
SUMICHEM,Mar 2023,2023-03-31,annual,389.0,-327.0,-73.0,-10.0,screener
SUMICHEM,Mar 2024,2024-03-31,annual,757.0,-420.0,-337.0,0.0,screener
SUMICHEM,Mar 2025,2025-03-31,annual,452.0,-392.0,-68.0,-8.0,screener
SUMICHEM,Mar 2026,2026-03-31,annual,446.0,-332.0,-83.0,31.0,screener
SUNCLAY,Mar 2022,2022-03-31,annual,105.0,-99.0,97.0,103.0,screener
SUNCLAY,Mar 2023,2023-03-31,annual,126.0,-186.0,40.0,-20.0,screener
SUNCLAY,Mar 2024,2024-03-31,annual,46.0,-278.0,151.0,-81.0,screener
SUNCLAY,Mar 2025,2025-03-31,annual,-45.0,-261.0,318.0,12.0,screener
SUNCLAY,Mar 2026,2026-03-31,annual,-4.0,376.0,-354.0,18.0,screener
SUNDARMFIN,Mar 2022,2022-03-31,annual,1781.0,-1597.0,-200.0,-16.0,screener
SUNDARMFIN,Mar 2023,2023-03-31,annual,-6504.0,669.0,5890.0,54.0,screener
SUNDARMFIN,Mar 2024,2024-03-31,annual,-8488.0,89.0,8754.0,356.0,screener
SUNDARMFIN,Mar 2025,2025-03-31,annual,-8985.0,931.0,7821.0,-233.0,screener
SUNDARMFIN,Mar 2026,2026-03-31,annual,-5892.0,-1371.0,7478.0,215.0,screener
SUNDRMFAST,Mar 2022,2022-03-31,annual,401.0,-203.0,-186.0,12.0,screener
SUNDRMFAST,Mar 2023,2023-03-31,annual,469.0,-234.0,-214.0,21.0,screener
SUNDRMFAST,Mar 2024,2024-03-31,annual,589.0,-389.0,-235.0,-35.0,screener
SUNDRMFAST,Mar 2025,2025-03-31,annual,423.0,-381.0,-28.0,14.0,screener
SUNDRMFAST,Mar 2026,2026-03-31,annual,837.0,-357.0,-436.0,44.0,screener
SUNDROP,Mar 2022,2022-03-31,annual,-30.0,-11.0,34.0,-6.0,screener
SUNDROP,Mar 2023,2023-03-31,annual,22.0,-43.0,22.0,1.0,screener
SUNDROP,Mar 2024,2024-03-31,annual,63.0,-37.0,-19.0,6.0,screener
SUNDROP,Mar 2025,2025-03-31,annual,84.0,-6.0,-45.0,34.0,screener
SUNDROP,Mar 2026,2026-03-31,annual,31.0,-41.0,-5.0,-16.0,screener
SUNFLAG,Mar 2022,2022-03-31,annual,43.0,-335.0,289.0,-3.0,screener
SUNFLAG,Mar 2023,2023-03-31,annual,278.0,-219.0,-63.0,-4.0,screener
SUNFLAG,Mar 2024,2024-03-31,annual,244.0,-83.0,21.0,182.0,screener
SUNFLAG,Mar 2025,2025-03-31,annual,187.0,-87.0,-193.0,-93.0,screener
SUNFLAG,Mar 2026,2026-03-31,annual,390.0,-122.0,-188.0,81.0,screener
SUNLITE,Mar 2026,2026-03-31,annual,0.0,-15.0,16.0,1.0,screener
SUNPHARMA,Mar 2022,2022-03-31,annual,8985.0,-5556.0,-5193.0,-1765.0,screener
SUNPHARMA,Mar 2023,2023-03-31,annual,4959.0,-7220.0,2376.0,115.0,screener
SUNPHARMA,Mar 2024,2024-03-31,annual,12135.0,-763.0,-6710.0,4662.0,screener
SUNPHARMA,Mar 2025,2025-03-31,annual,14072.0,-5183.0,-7906.0,983.0,screener
SUNPHARMA,Mar 2026,2026-03-31,annual,12419.0,-10405.0,-2513.0,-498.0,screener
SUNTECK,Mar 2022,2022-03-31,annual,-30.0,18.0,46.0,34.0,screener
SUNTECK,Mar 2023,2023-03-31,annual,283.0,-37.0,-261.0,-16.0,screener
SUNTECK,Mar 2024,2024-03-31,annual,111.0,249.0,-353.0,7.0,screener
SUNTECK,Mar 2025,2025-03-31,annual,190.0,-37.0,-103.0,50.0,screener
SUNTECK,Mar 2026,2026-03-31,annual,-432.0,-174.0,538.0,-68.0,screener
SUNTV,Mar 2022,2022-03-31,annual,1634.0,-1026.0,-603.0,5.0,screener
SUNTV,Mar 2023,2023-03-31,annual,2096.0,-1553.0,-631.0,-88.0,screener
SUNTV,Mar 2024,2024-03-31,annual,2171.0,-1313.0,-697.0,161.0,screener
SUNTV,Mar 2025,2025-03-31,annual,1663.0,-1064.0,-618.0,-19.0,screener
SUNTV,Mar 2026,2026-03-31,annual,1802.0,-1311.0,-525.0,-35.0,screener
SUPERHOUSE,Mar 2022,2022-03-31,annual,-1.0,-11.0,4.0,-9.0,screener
SUPERHOUSE,Mar 2023,2023-03-31,annual,27.0,-46.0,17.0,-2.0,screener
SUPERHOUSE,Mar 2024,2024-03-31,annual,21.0,-22.0,-4.0,-6.0,screener
SUPERHOUSE,Mar 2025,2025-03-31,annual,17.0,-7.0,-14.0,-4.0,screener
SUPERHOUSE,Mar 2026,2026-03-31,annual,62.0,-6.0,-53.0,4.0,screener
SUPRAJIT,Mar 2022,2022-03-31,annual,182.0,39.0,-111.0,109.0,screener
SUPRAJIT,Mar 2023,2023-03-31,annual,239.0,-548.0,223.0,-86.0,screener
SUPRAJIT,Mar 2024,2024-03-31,annual,249.0,-112.0,-122.0,15.0,screener
SUPRAJIT,Mar 2025,2025-03-31,annual,185.0,92.0,-251.0,26.0,screener
SUPRAJIT,Mar 2026,2026-03-31,annual,171.0,-105.0,-120.0,-54.0,screener
SUPREMEIND,Mar 2022,2022-03-31,annual,470.0,-403.0,-310.0,-243.0,screener
SUPREMEIND,Mar 2023,2023-03-31,annual,890.0,-345.0,-327.0,219.0,screener
SUPREMEIND,Mar 2024,2024-03-31,annual,1413.0,-591.0,-382.0,441.0,screener
SUPREMEIND,Mar 2025,2025-03-31,annual,1004.0,-798.0,-440.0,-234.0,screener
SUPREMEIND,Mar 2026,2026-03-31,annual,1225.0,-1024.0,-496.0,-295.0,screener
SUPREMEINF,Mar 2021,2021-03-31,annual,203.0,21.0,-221.0,3.0,screener
SUPREMEINF,Mar 2022,2022-03-31,annual,-17.0,-2.0,21.0,1.0,screener
SUPREMEINF,Mar 2023,2023-03-31,annual,-18.0,-15.0,32.0,-1.0,screener
SUPREMEINF,Mar 2024,2024-03-31,annual,-14.0,4.0,5.0,-5.0,screener
SUPREMEINF,Mar 2025,2025-03-31,annual,11.0,-3.0,-8.0,0.0,screener
SUPREMEINF,Mar 2026,2026-03-31,annual,-8.0,-2.0,11.0,1.0,screener
SURAJEST,Mar 2022,2022-03-31,annual,70.0,-21.0,-45.0,4.0,screener
SURAJEST,Mar 2023,2023-03-31,annual,190.0,-27.0,-157.0,6.0,screener
SURAJEST,Mar 2024,2024-03-31,annual,9.0,-90.0,70.0,-11.0,screener
SURAJEST,Mar 2025,2025-03-31,annual,-306.0,79.0,238.0,10.0,screener
SURAJEST,Mar 2026,2026-03-31,annual,-54.0,-15.0,94.0,26.0,screener
SURAKSHA,Mar 2022,2022-03-31,annual,42.0,-44.0,1.0,0.0,screener
SURAKSHA,Mar 2023,2023-03-31,annual,44.0,-21.0,-24.0,-1.0,screener
SURAKSHA,Mar 2024,2024-03-31,annual,60.0,-35.0,-25.0,0.0,screener
SURAKSHA,Mar 2025,2025-03-31,annual,63.0,-40.0,-24.0,0.0,screener
SURAKSHA,Mar 2026,2026-03-31,annual,82.0,-52.0,-29.0,1.0,screener
SURANAT&P,Mar 2022,2022-03-31,annual,14.0,8.0,-23.0,-1.0,screener
SURANAT&P,Mar 2023,2023-03-31,annual,14.0,-1.0,-13.0,1.0,screener
SURANAT&P,Mar 2024,2024-03-31,annual,15.0,-3.0,-11.0,0.0,screener
SURANAT&P,Mar 2025,2025-03-31,annual,4.0,-5.0,3.0,2.0,screener
SURANAT&P,Mar 2026,2026-03-31,annual,-29.0,-32.0,58.0,-3.0,screener
SURYAROSNI,Mar 2022,2022-03-31,annual,285.0,-54.0,-231.0,0.0,screener
SURYAROSNI,Mar 2023,2023-03-31,annual,280.0,-33.0,-246.0,1.0,screener
SURYAROSNI,Mar 2024,2024-03-31,annual,540.0,-51.0,-454.0,34.0,screener
SURYAROSNI,Mar 2025,2025-03-31,annual,395.0,-329.0,-80.0,-15.0,screener
SURYAROSNI,Mar 2026,2026-03-31,annual,401.0,-284.0,-92.0,25.0,screener
SUVEN,Mar 2022,2022-03-31,annual,-128.0,-22.0,146.0,-4.0,screener
SUVEN,Mar 2023,2023-03-31,annual,-116.0,-248.0,396.0,32.0,screener
SUVEN,Mar 2024,2024-03-31,annual,-115.0,94.0,-1.0,-22.0,screener
SUVEN,Mar 2025,2025-03-31,annual,-155.0,155.0,-1.0,-1.0,screener
SUVEN,Mar 2026,2026-03-31,annual,-300.0,-462.0,757.0,-5.0,screener
SUVIDHAA,Mar 2022,2022-03-31,annual,7.0,0.0,-6.0,1.0,screener
SUVIDHAA,Mar 2023,2023-03-31,annual,38.0,-17.0,0.0,20.0,screener
SUVIDHAA,Mar 2024,2024-03-31,annual,-10.0,0.0,0.0,-10.0,screener
SUVIDHAA,Mar 2025,2025-03-31,annual,-5.0,-1.0,0.0,-6.0,screener
SUVIDHAA,Mar 2026,2026-03-31,annual,-4.0,0.0,-3.0,-7.0,screener
SUYOG,Mar 2024,2024-03-31,annual,72.0,-63.0,-7.0,1.0,screener
SUYOG,Mar 2025,2025-03-31,annual,79.0,-152.0,96.0,22.0,screener
SUYOG,Mar 2026,2026-03-31,annual,66.0,-112.0,27.0,-20.0,screener
SUZLON,Mar 2022,2022-03-31,annual,1302.0,-19.0,-1045.0,238.0,screener
SUZLON,Mar 2023,2023-03-31,annual,491.0,85.0,-709.0,-133.0,screener
SUZLON,Mar 2024,2024-03-31,annual,80.0,-152.0,132.0,60.0,screener
SUZLON,Mar 2025,2025-03-31,annual,1092.0,-749.0,343.0,686.0,screener
SUZLON,Mar 2026,2026-03-31,annual,1202.0,-914.0,-155.0,133.0,screener
SWANCORP,Mar 2022,2022-03-31,annual,29.0,-494.0,1309.0,843.0,screener
SWANCORP,Mar 2023,2023-03-31,annual,-491.0,-860.0,598.0,-752.0,screener
SWANCORP,Mar 2024,2024-03-31,annual,26.0,-512.0,1604.0,1118.0,screener
SWANCORP,Mar 2025,2025-03-31,annual,-529.0,1346.0,-560.0,257.0,screener
SWANCORP,Mar 2026,2026-03-31,annual,-14.0,294.0,-1034.0,-754.0,screener
SWELECTES,Mar 2022,2022-03-31,annual,97.0,-73.0,99.0,124.0,screener
SWELECTES,Mar 2023,2023-03-31,annual,131.0,-284.0,11.0,-142.0,screener
SWELECTES,Mar 2024,2024-03-31,annual,90.0,-83.0,34.0,40.0,screener
SWELECTES,Mar 2025,2025-03-31,annual,130.0,-113.0,19.0,37.0,screener
SWELECTES,Mar 2026,2026-03-31,annual,95.0,-198.0,50.0,-52.0,screener
SWIGGY,Mar 2022,2022-03-31,annual,-3900.0,-9160.0,13634.0,574.0,screener
SWIGGY,Mar 2023,2023-03-31,annual,-4060.0,3968.0,-172.0,-264.0,screener
SWIGGY,Mar 2024,2024-03-31,annual,-1313.0,1472.0,-123.0,37.0,screener
SWIGGY,Mar 2025,2025-03-31,annual,-2169.0,-1372.0,3903.0,362.0,screener
SWIGGY,Mar 2026,2026-03-31,annual,-2898.0,-4983.0,9397.0,1516.0,screener
SWSOLAR,Mar 2022,2022-03-31,annual,-1690.0,949.0,978.0,238.0,screener
SWSOLAR,Mar 2023,2023-03-31,annual,-1829.0,-12.0,1431.0,-410.0,screener
SWSOLAR,Mar 2024,2024-03-31,annual,538.0,-5.0,-286.0,248.0,screener
SWSOLAR,Mar 2025,2025-03-31,annual,38.0,-75.0,317.0,280.0,screener
SWSOLAR,Mar 2026,2026-03-31,annual,-257.0,-107.0,103.0,-261.0,screener
SYMPHONY,Mar 2022,2022-03-31,annual,57.0,6.0,-34.0,29.0,screener
SYMPHONY,Mar 2023,2023-03-31,annual,125.0,-12.0,-124.0,-10.0,screener
SYMPHONY,Mar 2024,2024-03-31,annual,162.0,193.0,-367.0,-12.0,screener
SYMPHONY,Mar 2025,2025-03-31,annual,259.0,-41.0,-224.0,-6.0,screener
SYMPHONY,Mar 2026,2026-03-31,annual,-81.0,190.0,-94.0,15.0,screener
SYNGENE,Mar 2022,2022-03-31,annual,581.0,-611.0,-31.0,-62.0,screener
SYNGENE,Mar 2023,2023-03-31,annual,824.0,-653.0,-342.0,-172.0,screener
SYNGENE,Mar 2024,2024-03-31,annual,1042.0,-494.0,-551.0,-4.0,screener
SYNGENE,Mar 2025,2025-03-31,annual,1168.0,-744.0,-142.0,281.0,screener
SYNGENE,Mar 2026,2026-03-31,annual,915.0,-839.0,-215.0,-138.0,screener
SYRMA,Mar 2022,2022-03-31,annual,-13.0,-373.0,382.0,-4.0,screener
SYRMA,Mar 2023,2023-03-31,annual,-70.0,-885.0,968.0,13.0,screener
SYRMA,Mar 2024,2024-03-31,annual,-109.0,-9.0,150.0,32.0,screener
SYRMA,Mar 2025,2025-03-31,annual,176.0,-103.0,-71.0,2.0,screener
SYRMA,Mar 2026,2026-03-31,annual,290.0,-736.0,558.0,111.0,screener
TAJGVK,Mar 2022,2022-03-31,annual,53.0,1.0,-31.0,23.0,screener
TAJGVK,Mar 2023,2023-03-31,annual,100.0,-17.0,-79.0,4.0,screener
TAJGVK,Mar 2024,2024-03-31,annual,123.0,-99.0,-52.0,-28.0,screener
TAJGVK,Mar 2025,2025-03-31,annual,116.0,-19.0,-84.0,13.0,screener
TAJGVK,Mar 2026,2026-03-31,annual,173.0,-174.0,-17.0,-18.0,screener
TALBROAUTO,Mar 2022,2022-03-31,annual,52.0,-25.0,-27.0,-1.0,screener
TALBROAUTO,Mar 2023,2023-03-31,annual,57.0,-37.0,-16.0,3.0,screener
TALBROAUTO,Mar 2024,2024-03-31,annual,67.0,-52.0,-18.0,-3.0,screener
TALBROAUTO,Mar 2025,2025-03-31,annual,80.0,-45.0,-23.0,12.0,screener
TALBROAUTO,Mar 2026,2026-03-31,annual,85.0,-36.0,-28.0,21.0,screener
TANLA,Mar 2022,2022-03-31,annual,486.0,-111.0,-97.0,278.0,screener
TANLA,Mar 2023,2023-03-31,annual,247.0,-70.0,-328.0,-151.0,screener
TANLA,Mar 2024,2024-03-31,annual,590.0,-484.0,-151.0,-44.0,screener
TANLA,Mar 2025,2025-03-31,annual,642.0,-220.0,-208.0,214.0,screener
TANLA,Mar 2026,2026-03-31,annual,574.0,48.0,-375.0,247.0,screener
TARC,Mar 2022,2022-03-31,annual,-81.0,367.0,-279.0,7.0,screener
TARC,Mar 2023,2023-03-31,annual,-81.0,75.0,96.0,89.0,screener
TARC,Mar 2024,2024-03-31,annual,158.0,-39.0,-166.0,-47.0,screener
TARC,Mar 2025,2025-03-31,annual,43.0,-68.0,14.0,-11.0,screener
TARC,Mar 2026,2026-03-31,annual,191.0,275.0,-436.0,29.0,screener
TARIL,Mar 2022,2022-03-31,annual,2.0,-8.0,17.0,11.0,screener
TARIL,Mar 2023,2023-03-31,annual,28.0,9.0,-45.0,-7.0,screener
TARIL,Mar 2024,2024-03-31,annual,29.0,-22.0,-10.0,-3.0,screener
TARIL,Mar 2025,2025-03-31,annual,157.0,-625.0,472.0,4.0,screener
TARIL,Mar 2026,2026-03-31,annual,-105.0,-7.0,116.0,3.0,screener
TARSONS,Mar 2021,2021-03-31,annual,68.0,-64.0,-27.0,-23.0,screener
TARSONS,Mar 2022,2022-03-31,annual,83.0,-138.0,130.0,75.0,screener
TARSONS,Mar 2024,2024-03-31,annual,103.0,-285.0,136.0,-47.0,screener
TARSONS,Mar 2025,2025-03-31,annual,114.0,-145.0,39.0,8.0,screener
TARSONS,Mar 2026,2026-03-31,annual,118.0,-130.0,9.0,-3.0,screener
TATACAP,Mar 2022,2022-03-31,annual,-14387.0,-2614.0,17056.0,55.0,screener
TATACAP,Mar 2023,2023-03-31,annual,-23190.0,-2263.0,26430.0,977.0,screener
TATACAP,Mar 2024,2024-03-31,annual,-37999.0,5758.0,35952.0,3712.0,screener
TATACAP,Mar 2025,2025-03-31,annual,-30088.0,3382.0,29412.0,2706.0,screener
TATACAP,Mar 2026,2026-03-31,annual,-37965.0,282.0,31848.0,-5834.0,screener
TATACHEM,Mar 2022,2022-03-31,annual,1644.0,-817.0,-755.0,72.0,screener
TATACHEM,Mar 2023,2023-03-31,annual,2971.0,-1149.0,-2076.0,-254.0,screener
TATACHEM,Mar 2024,2024-03-31,annual,3016.0,-605.0,-2494.0,-83.0,screener
TATACHEM,Mar 2025,2025-03-31,annual,1761.0,-1667.0,29.0,123.0,screener
TATACHEM,Mar 2026,2026-03-31,annual,1269.0,-766.0,-670.0,-167.0,screener
TATACOMM,Mar 2022,2022-03-31,annual,4204.0,-894.0,-3431.0,-121.0,screener
TATACOMM,Mar 2023,2023-03-31,annual,4384.0,-1836.0,-2241.0,308.0,screener
TATACOMM,Mar 2024,2024-03-31,annual,3182.0,-2641.0,-813.0,-272.0,screener
TATACOMM,Mar 2025,2025-03-31,annual,2911.0,-2173.0,-936.0,-198.0,screener
TATACOMM,Mar 2026,2026-03-31,annual,4479.0,-1434.0,-2937.0,108.0,screener
TATACONSUM,Mar 2022,2022-03-31,annual,1516.0,-1317.0,-995.0,-796.0,screener
TATACONSUM,Mar 2023,2023-03-31,annual,1461.0,-834.0,-714.0,-87.0,screener
TATACONSUM,Mar 2024,2024-03-31,annual,1937.0,-1911.0,256.0,281.0,screener
TATACONSUM,Mar 2025,2025-03-31,annual,2057.0,-2303.0,453.0,206.0,screener
TATACONSUM,Mar 2026,2026-03-31,annual,2422.0,-1311.0,-1075.0,35.0,screener
TATAELXSI,Mar 2011,2011-03-31,annual,71.0,-29.0,-36.0,7.0,screener
TATAELXSI,Mar 2012,2012-03-31,annual,62.0,-33.0,-23.0,6.0,screener
TATAELXSI,Mar 2013,2013-03-31,annual,38.0,-30.0,-11.0,-4.0,screener
TATAELXSI,Mar 2014,2014-03-31,annual,129.0,-22.0,-79.0,28.0,screener
TATAELXSI,Mar 2015,2015-03-31,annual,143.0,-29.0,-32.0,82.0,screener
TATAINVEST,Mar 2022,2022-03-31,annual,122.0,4.0,-122.0,4.0,screener
TATAINVEST,Mar 2023,2023-03-31,annual,230.0,-189.0,-47.0,-6.0,screener
TATAINVEST,Mar 2024,2024-03-31,annual,235.0,366.0,-495.0,106.0,screener
TATAINVEST,Mar 2025,2025-03-31,annual,206.0,-166.0,-143.0,-102.0,screener
TATAINVEST,Mar 2026,2026-03-31,annual,279.0,-148.0,-138.0,-6.0,screener
TATAPOWER,Mar 2022,2022-03-31,annual,6693.0,-6250.0,-1183.0,-741.0,screener
TATAPOWER,Mar 2023,2023-03-31,annual,7159.0,-7257.0,1341.0,1243.0,screener
TATAPOWER,Mar 2024,2024-03-31,annual,12504.0,-8935.0,-4497.0,-928.0,screener
TATAPOWER,Mar 2025,2025-03-31,annual,12680.0,-15436.0,4292.0,1536.0,screener
TATAPOWER,Mar 2026,2026-03-31,annual,5993.0,-14129.0,7783.0,-353.0,screener
TATASTEEL,Mar 2022,2022-03-31,annual,44381.0,-10905.0,-23401.0,10075.0,screener
TATASTEEL,Mar 2023,2023-03-31,annual,21683.0,-18179.0,-6981.0,-3477.0,screener
TATASTEEL,Mar 2024,2024-03-31,annual,20301.0,-14253.0,-11097.0,-5049.0,screener
TATASTEEL,Mar 2025,2025-03-31,annual,23138.0,-13611.0,-7002.0,2524.0,screener
TATASTEEL,Mar 2026,2026-03-31,annual,35064.0,-14397.0,-21387.0,-720.0,screener
TATATECH,Mar 2022,2022-03-31,annual,-39.0,70.0,-44.0,-13.0,screener
TATATECH,Mar 2023,2023-03-31,annual,401.0,-440.0,-347.0,-385.0,screener
TATATECH,Mar 2024,2024-03-31,annual,294.0,400.0,-557.0,137.0,screener
TATATECH,Mar 2025,2025-03-31,annual,699.0,-65.0,-486.0,148.0,screener
TATATECH,Mar 2026,2026-03-31,annual,776.0,-776.0,16.0,15.0,screener
TATVA,Mar 2022,2022-03-31,annual,20.0,-197.0,235.0,59.0,screener
TATVA,Mar 2023,2023-03-31,annual,28.0,-101.0,38.0,-36.0,screener
TATVA,Mar 2024,2024-03-31,annual,98.0,-121.0,31.0,8.0,screener
TATVA,Mar 2025,2025-03-31,annual,25.0,-65.0,17.0,-24.0,screener
TATVA,Mar 2026,2026-03-31,annual,31.0,-116.0,79.0,-5.0,screener
TBOTEK,Mar 2022,2022-03-31,annual,198.0,-27.0,-16.0,156.0,screener
TBOTEK,Mar 2023,2023-03-31,annual,237.0,-85.0,-14.0,138.0,screener
TBOTEK,Mar 2024,2024-03-31,annual,226.0,-154.0,115.0,188.0,screener
TBOTEK,Mar 2025,2025-03-31,annual,289.0,-443.0,365.0,210.0,screener
TBOTEK,Mar 2026,2026-03-31,annual,-21.0,-361.0,441.0,60.0,screener
TBZ,Mar 2022,2022-03-31,annual,-66.0,-2.0,71.0,2.0,screener
TBZ,Mar 2023,2023-03-31,annual,93.0,-7.0,-87.0,0.0,screener
TBZ,Mar 2024,2024-03-31,annual,40.0,-7.0,-29.0,4.0,screener
TBZ,Mar 2025,2025-03-31,annual,-27.0,-45.0,85.0,13.0,screener
TBZ,Mar 2026,2026-03-31,annual,30.0,-10.0,-17.0,2.0,screener
TCC,Mar 2023,2023-03-31,annual,-2.0,2.0,0.0,0.0,screener
TCC,Mar 2024,2024-03-31,annual,8.0,12.0,-8.0,13.0,screener
TCC,Mar 2025,2025-03-31,annual,23.0,-54.0,30.0,0.0,screener
TCC,Mar 2026,2026-03-31,annual,113.0,-155.0,46.0,3.0,screener
TCI,Mar 2022,2022-03-31,annual,368.0,-76.0,-258.0,34.0,screener
TCI,Mar 2023,2023-03-31,annual,361.0,-193.0,-65.0,102.0,screener
TCI,Mar 2024,2024-03-31,annual,299.0,-404.0,18.0,-87.0,screener
TCI,Mar 2025,2025-03-31,annual,359.0,-99.0,-292.0,-32.0,screener
TCI,Mar 2026,2026-03-31,annual,444.0,-367.0,-35.0,42.0,screener
TCIEXP,Mar 2023,2023-03-31,annual,147.0,-65.0,-84.0,-2.0,screener
TCIEXP,Mar 2024,2024-03-31,annual,136.0,-105.0,-28.0,3.0,screener
TCIEXP,Mar 2025,2025-03-31,annual,118.0,-92.0,-32.0,-5.0,screener
TCIEXP,Mar 2026,2026-03-31,annual,101.0,-89.0,-8.0,4.0,screener
TCPLPACK,Mar 2022,2022-03-31,annual,97.0,-195.0,101.0,3.0,screener
TCPLPACK,Mar 2023,2023-03-31,annual,109.0,-90.0,-22.0,-2.0,screener
TCPLPACK,Mar 2024,2024-03-31,annual,234.0,-157.0,-76.0,1.0,screener
TCPLPACK,Mar 2025,2025-03-31,annual,133.0,-150.0,18.0,1.0,screener
TCPLPACK,Mar 2026,2026-03-31,annual,271.0,-141.0,-127.0,3.0,screener
TCS,Mar 2022,2022-03-31,annual,39949.0,-738.0,-33581.0,5630.0,screener
TCS,Mar 2023,2023-03-31,annual,41965.0,548.0,-47878.0,-5365.0,screener
TCS,Mar 2024,2024-03-31,annual,44338.0,6091.0,-48536.0,1893.0,screener
TCS,Mar 2025,2025-03-31,annual,48908.0,-2144.0,-47438.0,-674.0,screener
TCS,Mar 2026,2026-03-31,annual,52094.0,-11886.0,-42133.0,-1925.0,screener
TDPOWERSYS,Mar 2022,2022-03-31,annual,11.0,-14.0,11.0,8.0,screener
TDPOWERSYS,Mar 2023,2023-03-31,annual,89.0,-13.0,-89.0,-13.0,screener
TDPOWERSYS,Mar 2024,2024-03-31,annual,84.0,-34.0,-16.0,34.0,screener
TDPOWERSYS,Mar 2025,2025-03-31,annual,40.0,-34.0,-7.0,-1.0,screener
TDPOWERSYS,Mar 2026,2026-03-31,annual,129.0,-102.0,-21.0,7.0,screener
TEAMLEASE,Mar 2022,2022-03-31,annual,-6.0,-88.0,-13.0,-108.0,screener
TEAMLEASE,Mar 2023,2023-03-31,annual,126.0,-123.0,-24.0,-21.0,screener
TEAMLEASE,Mar 2024,2024-03-31,annual,118.0,41.0,-151.0,7.0,screener
TEAMLEASE,Mar 2025,2025-03-31,annual,104.0,-147.0,-35.0,-78.0,screener
TEAMLEASE,Mar 2026,2026-03-31,annual,302.0,-175.0,-42.0,84.0,screener
TECHM,Mar 2022,2022-03-31,annual,5285.0,480.0,-4667.0,1098.0,screener
TECHM,Mar 2023,2023-03-31,annual,5572.0,-226.0,-5078.0,267.0,screener
TECHM,Mar 2024,2024-03-31,annual,6376.0,-1318.0,-4767.0,291.0,screener
TECHM,Mar 2025,2025-03-31,annual,5786.0,-15.0,-5799.0,-29.0,screener
TECHM,Mar 2026,2026-03-31,annual,6172.0,-314.0,-5130.0,728.0,screener
TECHNOE,Mar 2022,2022-03-31,annual,259.0,-224.0,-64.0,-28.0,screener
TECHNOE,Mar 2023,2023-03-31,annual,93.0,13.0,-103.0,3.0,screener
TECHNOE,Mar 2024,2024-03-31,annual,-198.0,269.0,-85.0,-14.0,screener
TECHNOE,Mar 2025,2025-03-31,annual,453.0,-1630.0,1175.0,-2.0,screener
TECHNOE,Mar 2026,2026-03-31,annual,-590.0,703.0,-92.0,21.0,screener
TEGA,Mar 2022,2022-03-31,annual,14.0,-25.0,3.0,-8.0,screener
TEGA,Mar 2023,2023-03-31,annual,179.0,-235.0,63.0,6.0,screener
TEGA,Mar 2024,2024-03-31,annual,252.0,-96.0,-115.0,41.0,screener
TEGA,Mar 2025,2025-03-31,annual,195.0,-129.0,-38.0,28.0,screener
TEGA,Mar 2026,2026-03-31,annual,350.0,-1004.0,1690.0,1036.0,screener
TEJASNET,Mar 2022,2022-03-31,annual,-17.0,-828.0,839.0,-6.0,screener
TEJASNET,Mar 2023,2023-03-31,annual,-380.0,-581.0,999.0,38.0,screener
TEJASNET,Mar 2024,2024-03-31,annual,-2036.0,430.0,1713.0,107.0,screener
TEJASNET,Mar 2025,2025-03-31,annual,-491.0,-655.0,1286.0,139.0,screener
TEJASNET,Mar 2026,2026-03-31,annual,135.0,-761.0,397.0,-229.0,screener
TEMBO,Mar 2022,2022-03-31,annual,4.0,-5.0,2.0,0.0,screener
TEMBO,Mar 2023,2023-03-31,annual,2.0,-7.0,6.0,0.0,screener
TEMBO,Mar 2024,2024-03-31,annual,17.0,-32.0,15.0,0.0,screener
TEMBO,Mar 2025,2025-03-31,annual,-77.0,-207.0,287.0,2.0,screener
TEMBO,Mar 2026,2026-03-31,annual,-90.0,-85.0,258.0,83.0,screener
TENNIND,Mar 2023,2023-03-31,annual,538.0,-13.0,-394.0,130.0,screener
TENNIND,Mar 2024,2024-03-31,annual,488.0,-30.0,-686.0,-228.0,screener
TENNIND,Mar 2025,2025-03-31,annual,562.0,-27.0,-433.0,103.0,screener
TENNIND,Mar 2026,2026-03-31,annual,1429.0,-69.0,-1075.0,285.0,screener
TERASOFT,Mar 2023,2023-03-31,annual,33.0,3.0,-30.0,6.0,screener
TERASOFT,Mar 2024,2024-03-31,annual,-3.0,1.0,6.0,4.0,screener
TERASOFT,Mar 2025,2025-03-31,annual,7.0,1.0,-17.0,-10.0,screener
TERASOFT,Mar 2026,2026-03-31,annual,-14.0,-2.0,11.0,-5.0,screener
TEXINFRA,Mar 2022,2022-03-31,annual,-3.0,10.0,-6.0,1.0,screener
TEXINFRA,Mar 2023,2023-03-31,annual,-2.0,6.0,-4.0,0.0,screener
TEXINFRA,Mar 2024,2024-03-31,annual,3.0,-1.0,-2.0,0.0,screener
TEXINFRA,Mar 2025,2025-03-31,annual,184.0,-177.0,-6.0,2.0,screener
TEXINFRA,Mar 2026,2026-03-31,annual,16.0,-10.0,-6.0,0.0,screener
TEXRAIL,Mar 2022,2022-03-31,annual,27.0,18.0,-12.0,33.0,screener
TEXRAIL,Mar 2023,2023-03-31,annual,-103.0,-73.0,151.0,-25.0,screener
TEXRAIL,Mar 2024,2024-03-31,annual,96.0,-633.0,533.0,-4.0,screener
TEXRAIL,Mar 2025,2025-03-31,annual,-47.0,-96.0,172.0,30.0,screener
TEXRAIL,Mar 2026,2026-03-31,annual,363.0,-231.0,-101.0,31.0,screener
TFCILTD,Mar 2020,2020-03-31,annual,161.0,-1.0,-22.0,139.0,screener
TFCILTD,Mar 2021,2021-03-31,annual,-171.0,0.0,-1.0,-172.0,screener
TFCILTD,Mar 2022,2022-03-31,annual,139.0,-2.0,57.0,193.0,screener
THELEELA,Mar 2023,2023-03-31,annual,318.0,-85.0,-318.0,-84.0,screener
THELEELA,Mar 2024,2024-03-31,annual,539.0,-786.0,147.0,-100.0,screener
THELEELA,Mar 2025,2025-03-31,annual,553.0,-5730.0,5236.0,59.0,screener
THELEELA,Mar 2026,2026-03-31,annual,777.0,-637.0,-170.0,-31.0,screener
THEMISMED,Mar 2022,2022-03-31,annual,34.0,-16.0,-18.0,1.0,screener
THEMISMED,Mar 2023,2023-03-31,annual,16.0,-24.0,0.0,-8.0,screener
THEMISMED,Mar 2024,2024-03-31,annual,22.0,-16.0,-9.0,-3.0,screener
THEMISMED,Mar 2025,2025-03-31,annual,35.0,-12.0,-26.0,-3.0,screener
THEMISMED,Mar 2026,2026-03-31,annual,-3.0,-3.0,4.0,-2.0,screener
THERMAX,Mar 2022,2022-03-31,annual,325.0,-420.0,-21.0,-115.0,screener
THERMAX,Mar 2023,2023-03-31,annual,460.0,-664.0,349.0,144.0,screener
THERMAX,Mar 2024,2024-03-31,annual,247.0,-514.0,285.0,19.0,screener
THERMAX,Mar 2025,2025-03-31,annual,1043.0,-1220.0,124.0,-54.0,screener
THERMAX,Mar 2026,2026-03-31,annual,542.0,-587.0,248.0,202.0,screener
THOMASCOOK,Mar 2022,2022-03-31,annual,-139.0,-123.0,-85.0,-347.0,screener
THOMASCOOK,Mar 2023,2023-03-31,annual,649.0,-179.0,-230.0,239.0,screener
THOMASCOOK,Mar 2024,2024-03-31,annual,829.0,-437.0,-291.0,101.0,screener
THOMASCOOK,Mar 2025,2025-03-31,annual,717.0,-325.0,-183.0,210.0,screener
THOMASCOOK,Mar 2026,2026-03-31,annual,643.0,-408.0,-189.0,46.0,screener
THYROCARE,Mar 2022,2022-03-31,annual,113.0,-24.0,-89.0,0.0,screener
THYROCARE,Mar 2023,2023-03-31,annual,129.0,-39.0,-86.0,4.0,screener
THYROCARE,Mar 2024,2024-03-31,annual,168.0,-91.0,-85.0,-8.0,screener
THYROCARE,Mar 2025,2025-03-31,annual,191.0,-53.0,-130.0,8.0,screener
THYROCARE,Mar 2026,2026-03-31,annual,213.0,-23.0,-170.0,21.0,screener
TI,Mar 2022,2022-03-31,annual,65.0,-26.0,-41.0,-2.0,screener
TI,Mar 2023,2023-03-31,annual,71.0,-12.0,-67.0,-8.0,screener
TI,Mar 2024,2024-03-31,annual,121.0,-16.0,-129.0,-24.0,screener
TI,Mar 2025,2025-03-31,annual,178.0,-77.0,-94.0,7.0,screener
TI,Mar 2026,2026-03-31,annual,-445.0,-3570.0,4217.0,202.0,screener
TICL,Mar 2022,2022-03-31,annual,-3.75,-3.51,-0.39,-7.65,screener
TICL,Mar 2023,2023-03-31,annual,1.04,4.57,-0.36,5.25,screener
TICL,Mar 2024,2024-03-31,annual,-35.48,15.55,8.42,-11.51,screener
TICL,Mar 2025,2025-03-31,annual,-4.46,0.09,2.66,-1.71,screener
TICL,Mar 2026,2026-03-31,annual,-17.96,3.15,14.97,0.16,screener
TIIL,Mar 2022,2022-03-31,annual,108.0,-132.0,20.0,-4.0,screener
TIIL,Mar 2023,2023-03-31,annual,136.0,22.0,-61.0,97.0,screener
TIIL,Mar 2024,2024-03-31,annual,308.0,-338.0,-21.0,-52.0,screener
TIIL,Mar 2025,2025-03-31,annual,276.0,-185.0,-45.0,47.0,screener
TIIL,Mar 2026,2026-03-31,annual,243.0,-116.0,-131.0,-4.0,screener
TIINDIA,Mar 2022,2022-03-31,annual,896.0,-79.0,-921.0,-104.0,screener
TIINDIA,Mar 2023,2023-03-31,annual,1386.0,-850.0,-75.0,461.0,screener
TIINDIA,Mar 2024,2024-03-31,annual,675.0,-1657.0,645.0,-336.0,screener
TIINDIA,Mar 2025,2025-03-31,annual,1185.0,-1587.0,522.0,120.0,screener
TIINDIA,Mar 2026,2026-03-31,annual,1161.0,-3953.0,2668.0,-124.0,screener
TIL,Mar 2022,2022-03-31,annual,-27.0,77.0,-50.0,1.0,screener
TIL,Mar 2023,2023-03-31,annual,6.0,9.0,-14.0,0.0,screener
TIL,Mar 2024,2024-03-31,annual,-83.0,30.0,59.0,5.0,screener
TIL,Mar 2025,2025-03-31,annual,-131.0,-6.0,131.0,-6.0,screener
TIL,Mar 2026,2026-03-31,annual,-88.0,-17.0,110.0,4.0,screener
TIMETECHNO,Mar 2022,2022-03-31,annual,291.0,-179.0,-104.0,8.0,screener
TIMETECHNO,Mar 2023,2023-03-31,annual,370.0,-216.0,-154.0,1.0,screener
TIMETECHNO,Mar 2024,2024-03-31,annual,406.0,-187.0,-197.0,22.0,screener
TIMETECHNO,Mar 2025,2025-03-31,annual,431.0,-147.0,-249.0,35.0,screener
TIMETECHNO,Mar 2026,2026-03-31,annual,233.0,-446.0,624.0,411.0,screener
TIMKEN,Mar 2025,2025-03-31,annual,399.0,-337.0,-28.0,34.0,screener
TIMKEN,Mar 2026,2026-03-31,annual,446.0,-402.0,-279.0,-236.0,screener
TINNARUBR,Mar 2022,2022-03-31,annual,19.0,-12.0,-6.0,1.0,screener
TINNARUBR,Mar 2023,2023-03-31,annual,32.0,-10.0,-21.0,1.0,screener
TINNARUBR,Mar 2024,2024-03-31,annual,59.0,-70.0,9.0,-1.0,screener
TINNARUBR,Mar 2025,2025-03-31,annual,36.0,-68.0,33.0,2.0,screener
TINNARUBR,Mar 2026,2026-03-31,annual,57.0,-103.0,44.0,-1.0,screener
TIRUMALCHM,Mar 2022,2022-03-31,annual,402.0,-134.0,-70.0,198.0,screener
TIRUMALCHM,Mar 2023,2023-03-31,annual,54.0,-335.0,206.0,-75.0,screener
TIRUMALCHM,Mar 2024,2024-03-31,annual,237.0,-824.0,643.0,56.0,screener
TIRUMALCHM,Mar 2025,2025-03-31,annual,-66.0,-531.0,375.0,-223.0,screener
TIRUMALCHM,Mar 2026,2026-03-31,annual,-131.0,-600.0,603.0,-128.0,screener
TITAGARH,Mar 2022,2022-03-31,annual,55.0,-73.0,-53.0,-71.0,screener
TITAGARH,Mar 2023,2023-03-31,annual,41.0,-61.0,67.0,46.0,screener
TITAGARH,Mar 2024,2024-03-31,annual,86.0,-537.0,724.0,274.0,screener
TITAGARH,Mar 2025,2025-03-31,annual,-97.0,-579.0,372.0,-304.0,screener
TITAGARH,Mar 2026,2026-03-31,annual,322.0,-133.0,-52.0,137.0,screener
TITAN,Mar 2022,2022-03-31,annual,-724.0,1165.0,-403.0,38.0,screener
TITAN,Mar 2023,2023-03-31,annual,1370.0,-1814.0,457.0,13.0,screener
TITAN,Mar 2024,2024-03-31,annual,1695.0,-189.0,-1329.0,177.0,screener
TITAN,Mar 2025,2025-03-31,annual,-541.0,546.0,-7.0,-2.0,screener
TITAN,Mar 2026,2026-03-31,annual,5590.0,-2965.0,-2159.0,466.0,screener
TMCV,Mar 2025,2025-03-31,annual,8547.0,456.0,-7970.0,1033.0,screener
TMCV,Mar 2026,2026-03-31,annual,14981.0,-3892.0,-5223.0,5866.0,screener
TMPV,Mar 2022,2022-03-31,annual,14283.0,-4444.0,-3380.0,6459.0,screener
TMPV,Mar 2023,2023-03-31,annual,35388.0,-15417.0,-26243.0,-6272.0,screener
TMPV,Mar 2024,2024-03-31,annual,67915.0,-22781.0,-37006.0,8128.0,screener
TMPV,Mar 2025,2025-03-31,annual,63102.0,-49982.0,-18786.0,-5666.0,screener
TMPV,Mar 2026,2026-03-31,annual,13041.0,-23166.0,-1344.0,-11469.0,screener
TNPETRO,Mar 2022,2022-03-31,annual,112.0,-96.0,-22.0,-6.0,screener
TNPETRO,Mar 2023,2023-03-31,annual,87.0,-58.0,-12.0,17.0,screener
TNPETRO,Mar 2024,2024-03-31,annual,161.0,-70.0,-78.0,13.0,screener
TNPETRO,Mar 2025,2025-03-31,annual,207.0,-244.0,100.0,63.0,screener
TNPETRO,Mar 2026,2026-03-31,annual,-100.0,-229.0,302.0,-27.0,screener
TOLINS,Mar 2024,2024-03-31,annual,-4.0,-54.0,58.0,0.0,screener
TOLINS,Mar 2025,2025-03-31,annual,-61.0,-28.0,117.0,27.0,screener
TOLINS,Mar 2026,2026-03-31,annual,-40.0,24.0,-8.0,-24.0,screener
TORNTPHARM,Mar 2022,2022-03-31,annual,1803.0,-196.0,-1781.0,-174.0,screener
TORNTPHARM,Mar 2023,2023-03-31,annual,2368.0,-2335.0,77.0,110.0,screener
TORNTPHARM,Mar 2024,2024-03-31,annual,3266.0,-160.0,-2780.0,327.0,screener
TORNTPHARM,Mar 2025,2025-03-31,annual,2585.0,-549.0,-2298.0,-262.0,screener
TORNTPHARM,Mar 2026,2026-03-31,annual,3023.0,-12630.0,10151.0,544.0,screener
TORNTPOWER,Mar 2022,2022-03-31,annual,3167.0,-2483.0,-502.0,182.0,screener
TORNTPOWER,Mar 2023,2023-03-31,annual,3456.0,-3216.0,-341.0,-101.0,screener
TORNTPOWER,Mar 2024,2024-03-31,annual,4258.0,-3544.0,-551.0,163.0,screener
TORNTPOWER,Mar 2025,2025-03-31,annual,4805.0,-3650.0,-1216.0,-62.0,screener
TORNTPOWER,Mar 2026,2026-03-31,annual,5464.0,-8088.0,3101.0,478.0,screener
TRANSPEK,Mar 2022,2022-03-31,annual,47.0,-70.0,9.0,-14.0,screener
TRANSPEK,Mar 2023,2023-03-31,annual,111.0,-13.0,-94.0,4.0,screener
TRANSPEK,Mar 2024,2024-03-31,annual,98.0,-32.0,-64.0,3.0,screener
TRANSPEK,Mar 2025,2025-03-31,annual,135.0,-30.0,-56.0,48.0,screener
TRANSRAILL,Mar 2022,2022-03-31,annual,46.0,-81.0,3.0,-32.0,screener
TRANSRAILL,Mar 2023,2023-03-31,annual,143.0,-105.0,29.0,67.0,screener
TRANSRAILL,Mar 2024,2024-03-31,annual,35.0,-78.0,28.0,-15.0,screener
TRANSRAILL,Mar 2025,2025-03-31,annual,287.0,-498.0,242.0,32.0,screener
TRANSRAILL,Mar 2026,2026-03-31,annual,643.0,-209.0,-190.0,244.0,screener
TRAVELFOOD,Mar 2022,2022-03-31,annual,45.0,-55.0,11.0,1.0,screener
TRAVELFOOD,Mar 2023,2023-03-31,annual,322.0,-197.0,-104.0,21.0,screener
TRAVELFOOD,Mar 2024,2024-03-31,annual,353.0,-155.0,-172.0,26.0,screener
TRAVELFOOD,Mar 2025,2025-03-31,annual,515.0,-215.0,-343.0,-43.0,screener
TRAVELFOOD,Mar 2026,2026-03-31,annual,393.0,-150.0,-221.0,22.0,screener
TREJHARA,Mar 2022,2022-03-31,annual,17.0,-6.0,-11.0,0.0,screener
TREJHARA,Mar 2023,2023-03-31,annual,19.0,-10.0,-8.0,1.0,screener
TREJHARA,Mar 2024,2024-03-31,annual,-123.0,137.0,-14.0,0.0,screener
TREJHARA,Mar 2025,2025-03-31,annual,5.0,-6.0,3.0,2.0,screener
TREJHARA,Mar 2026,2026-03-31,annual,-6.0,-52.0,65.0,6.0,screener
TRENT,Mar 2022,2022-03-31,annual,58.0,56.0,-108.0,6.0,screener
TRENT,Mar 2023,2023-03-31,annual,595.0,-103.0,-491.0,1.0,screener
TRENT,Mar 2024,2024-03-31,annual,1349.0,-508.0,-629.0,211.0,screener
TRENT,Mar 2025,2025-03-31,annual,1661.0,-923.0,-694.0,44.0,screener
TRENT,Mar 2026,2026-03-31,annual,2668.0,-1577.0,-1148.0,-57.0,screener
TRITURBINE,Mar 2022,2022-03-31,annual,433.0,-363.0,-75.0,-5.0,screener
TRITURBINE,Mar 2023,2023-03-31,annual,196.0,89.0,-288.0,-3.0,screener
TRITURBINE,Mar 2024,2024-03-31,annual,271.0,-195.0,-76.0,-1.0,screener
TRITURBINE,Mar 2025,2025-03-31,annual,187.0,-7.0,-111.0,69.0,screener
TRITURBINE,Mar 2026,2026-03-31,annual,111.0,22.0,-141.0,-8.0,screener
TRIVENI,Mar 2022,2022-03-31,annual,-173.0,-257.0,442.0,12.0,screener
TRIVENI,Mar 2023,2023-03-31,annual,397.0,1414.0,-1762.0,49.0,screener
TRIVENI,Mar 2024,2024-03-31,annual,100.0,-359.0,263.0,4.0,screener
TRIVENI,Mar 2025,2025-03-31,annual,-106.0,-319.0,395.0,-30.0,screener
TRIVENI,Mar 2026,2026-03-31,annual,188.0,-163.0,-16.0,9.0,screener
TRU,Mar 2022,2022-03-31,annual,-185.0,-73.0,284.0,26.0,screener
TRU,Mar 2023,2023-03-31,annual,-151.0,-66.0,197.0,-21.0,screener
TRU,Mar 2024,2024-03-31,annual,-212.0,30.0,245.0,63.0,screener
TRU,Mar 2025,2025-03-31,annual,212.0,-28.0,-246.0,-62.0,screener
TRU,Mar 2026,2026-03-31,annual,130.0,55.0,-216.0,-31.0,screener
TRUALT,Mar 2023,2023-03-31,annual,233.0,-1149.0,920.0,5.0,screener
TRUALT,Mar 2024,2024-03-31,annual,35.0,-384.0,367.0,19.0,screener
TRUALT,Mar 2025,2025-03-31,annual,329.0,-243.0,40.0,126.0,screener
TRUALT,Mar 2026,2026-03-31,annual,-296.0,-413.0,648.0,-62.0,screener
TSFINV,Mar 2022,2022-03-31,annual,30.0,-345.0,319.0,3.0,screener
TSFINV,Mar 2023,2023-03-31,annual,100.0,-25.0,-73.0,2.0,screener
TSFINV,Mar 2024,2024-03-31,annual,132.0,136.0,-103.0,166.0,screener
TSFINV,Mar 2025,2025-03-31,annual,188.0,-144.0,-211.0,-167.0,screener
TSFINV,Mar 2026,2026-03-31,annual,266.0,-159.0,-50.0,57.0,screener
TTKPRESTIG,Mar 2022,2022-03-31,annual,294.0,-221.0,-91.0,-18.0,screener
TTKPRESTIG,Mar 2023,2023-03-31,annual,199.0,-157.0,-67.0,-26.0,screener
TTKPRESTIG,Mar 2024,2024-03-31,annual,289.0,-185.0,-104.0,-1.0,screener
TTKPRESTIG,Mar 2025,2025-03-31,annual,157.0,204.0,-362.0,-1.0,screener
TTKPRESTIG,Mar 2026,2026-03-31,annual,210.0,-89.0,-116.0,5.0,screener
TVSELECT,Mar 2015,2015-03-31,annual,13.0,-4.0,-11.0,-1.0,screener
TVSELECT,Mar 2016,2016-03-31,annual,28.0,-4.0,-20.0,4.0,screener
TVSELECT,Mar 2017,2017-03-31,annual,19.0,-1.0,-12.0,6.0,screener
TVSELECT,Mar 2018,2018-03-31,annual,38.0,2.0,-21.0,19.0,screener
TVSELECT,Mar 2019,2019-03-31,annual,-7.0,-15.0,-7.0,-29.0,screener
TVSMOTOR,Mar 2022,2022-03-31,annual,-1575.0,-1471.0,2918.0,-128.0,screener
TVSMOTOR,Mar 2023,2023-03-31,annual,-4405.0,-1308.0,6118.0,406.0,screener
TVSMOTOR,Mar 2024,2024-03-31,annual,-1253.0,-1481.0,3239.0,505.0,screener
TVSMOTOR,Mar 2025,2025-03-31,annual,3503.0,-2899.0,1155.0,1759.0,screener
TVSMOTOR,Mar 2026,2026-03-31,annual,1867.0,-2964.0,909.0,-189.0,screener
TVSSCS,Mar 2022,2022-03-31,annual,601.0,-383.0,237.0,455.0,screener
TVSSCS,Mar 2023,2023-03-31,annual,734.0,-222.0,-419.0,92.0,screener
TVSSCS,Mar 2024,2024-03-31,annual,128.0,-112.0,-592.0,-576.0,screener
TVSSCS,Mar 2025,2025-03-31,annual,672.0,-142.0,-495.0,35.0,screener
TVSSCS,Mar 2026,2026-03-31,annual,746.0,-292.0,-449.0,5.0,screener
TVSSRICHAK,Mar 2022,2022-03-31,annual,-62.0,-282.0,348.0,4.0,screener
TVSSRICHAK,Mar 2023,2023-03-31,annual,206.0,-202.0,0.0,4.0,screener
TVSSRICHAK,Mar 2024,2024-03-31,annual,228.0,-325.0,101.0,3.0,screener
TVSSRICHAK,Mar 2025,2025-03-31,annual,197.0,-154.0,-47.0,-3.0,screener
TVSSRICHAK,Mar 2026,2026-03-31,annual,297.0,-103.0,-187.0,7.0,screener
TVTODAY,Mar 2022,2022-03-31,annual,235.0,-211.0,-22.0,2.0,screener
TVTODAY,Mar 2023,2023-03-31,annual,41.0,371.0,-427.0,-15.0,screener
TVTODAY,Mar 2024,2024-03-31,annual,15.0,35.0,-28.0,22.0,screener
TVTODAY,Mar 2025,2025-03-31,annual,122.0,-74.0,-61.0,-14.0,screener
TVTODAY,Mar 2026,2026-03-31,annual,10.0,20.0,-28.0,3.0,screener
UBL,Mar 2022,2022-03-31,annual,900.0,-160.0,-287.0,453.0,screener
UBL,Mar 2023,2023-03-31,annual,-120.0,-121.0,-292.0,-533.0,screener
UBL,Mar 2024,2024-03-31,annual,70.0,-148.0,-122.0,-201.0,screener
UBL,Mar 2025,2025-03-31,annual,214.0,-238.0,237.0,213.0,screener
UBL,Mar 2026,2026-03-31,annual,435.0,-408.0,92.0,118.0,screener
UCAL,Mar 2022,2022-03-31,annual,81.0,-27.0,-83.0,-29.0,screener
UCAL,Mar 2023,2023-03-31,annual,78.0,-28.0,-9.0,41.0,screener
UCAL,Mar 2024,2024-03-31,annual,39.0,-74.0,40.0,4.0,screener
UCAL,Mar 2025,2025-03-31,annual,15.0,-7.0,-7.0,1.0,screener
UCAL,Mar 2026,2026-03-31,annual,120.0,32.0,-154.0,-2.0,screener
UCOBANK,Mar 2021,2021-03-31,annual,2422.0,106.0,3266.0,5794.0,screener
UCOBANK,Mar 2022,2022-03-31,annual,4399.0,-214.0,-1637.0,2548.0,screener
UCOBANK,Mar 2023,2023-03-31,annual,2983.0,-67.0,-336.0,2580.0,screener
UCOBANK,Mar 2024,2024-03-31,annual,1002.0,-275.0,-430.0,297.0,screener
UCOBANK,Mar 2025,2025-03-31,annual,1913.0,-680.0,5870.0,7102.0,screener
UDS,Mar 2022,2022-03-31,annual,31.0,-47.0,29.0,13.0,screener
UDS,Mar 2023,2023-03-31,annual,115.0,-153.0,96.0,57.0,screener
UDS,Mar 2024,2024-03-31,annual,103.0,-356.0,223.0,-31.0,screener
UDS,Mar 2025,2025-03-31,annual,51.0,19.0,-35.0,35.0,screener
UDS,Mar 2026,2026-03-31,annual,144.0,22.0,-76.0,90.0,screener
UEL,Mar 2015,2015-03-31,annual,-5.0,34.0,-44.0,-15.0,screener
UEL,Mar 2016,2016-03-31,annual,104.0,-77.0,-25.0,2.0,screener
UEL,Mar 2017,2017-03-31,annual,-16.0,22.0,-5.0,1.0,screener
UEL,Mar 2018,2018-03-31,annual,-34.0,22.0,3.0,-9.0,screener
UFBL,Mar 2022,2022-03-31,annual,60.0,-90.0,-130.0,-160.0,screener
UFBL,Mar 2023,2023-03-31,annual,228.0,-152.0,-119.0,-43.0,screener
UFBL,Mar 2024,2024-03-31,annual,221.0,-106.0,-121.0,-7.0,screener
UFBL,Mar 2025,2025-03-31,annual,193.0,-90.0,-122.0,-19.0,screener
UFBL,Mar 2026,2026-03-31,annual,223.0,-128.0,-86.0,9.0,screener
UFLEX,Mar 2022,2022-03-31,annual,709.0,-952.0,216.0,-28.0,screener
UFLEX,Mar 2023,2023-03-31,annual,1383.0,-1172.0,292.0,503.0,screener
UFLEX,Mar 2024,2024-03-31,annual,825.0,-1619.0,776.0,-18.0,screener
UFLEX,Mar 2025,2025-03-31,annual,1135.0,-1732.0,678.0,80.0,screener
UFLEX,Mar 2026,2026-03-31,annual,992.0,-2015.0,941.0,-82.0,screener
ULTRACEMCO,Mar 2022,2022-03-31,annual,9283.0,2257.0,-12498.0,-958.0,screener
ULTRACEMCO,Mar 2023,2023-03-31,annual,9069.0,-7188.0,-1631.0,250.0,screener
ULTRACEMCO,Mar 2024,2024-03-31,annual,10898.0,-8789.0,-1926.0,183.0,screener
ULTRACEMCO,Mar 2025,2025-03-31,annual,10673.0,-15836.0,5076.0,-86.0,screener
ULTRACEMCO,Mar 2026,2026-03-31,annual,15316.0,-9480.0,-5954.0,-118.0,screener
ULTRAMAR,Mar 2022,2022-03-31,annual,29.0,-63.0,-7.0,-40.0,screener
ULTRAMAR,Mar 2023,2023-03-31,annual,62.0,-55.0,-2.0,5.0,screener
ULTRAMAR,Mar 2024,2024-03-31,annual,78.0,-51.0,-18.0,10.0,screener
ULTRAMAR,Mar 2025,2025-03-31,annual,90.0,-42.0,-33.0,15.0,screener
ULTRAMAR,Mar 2026,2026-03-31,annual,128.0,-148.0,-31.0,-51.0,screener
UNICHEMLAB,Mar 2022,2022-03-31,annual,-260.0,100.0,191.0,32.0,screener
UNICHEMLAB,Mar 2023,2023-03-31,annual,-85.0,241.0,-81.0,75.0,screener
UNICHEMLAB,Mar 2024,2024-03-31,annual,14.0,63.0,-106.0,-29.0,screener
UNICHEMLAB,Mar 2025,2025-03-31,annual,-7.0,-242.0,184.0,-65.0,screener
UNICHEMLAB,Mar 2026,2026-03-31,annual,4.0,192.0,2.0,198.0,screener
UNIMECH,Mar 2022,2022-03-31,annual,2.0,1.0,0.0,2.0,screener
UNIMECH,Mar 2023,2023-03-31,annual,1.0,-6.0,3.0,-2.0,screener
UNIMECH,Mar 2024,2024-03-31,annual,47.0,-47.0,5.0,5.0,screener
UNIMECH,Mar 2025,2025-03-31,annual,81.0,-461.0,515.0,135.0,screener
UNIMECH,Mar 2026,2026-03-31,annual,61.0,-188.0,23.0,-105.0,screener
UNIONBANK,Mar 2022,2022-03-31,annual,36339.0,-558.0,-786.0,34995.0,screener
UNIONBANK,Mar 2023,2023-03-31,annual,6056.0,-2561.0,-10654.0,-7159.0,screener
UNIONBANK,Mar 2024,2024-03-31,annual,19930.0,-1394.0,-11489.0,7047.0,screener
UNIONBANK,Mar 2025,2025-03-31,annual,-204.0,-19.0,338.0,115.0,screener
UNIONBANK,Mar 2026,2026-03-31,annual,-358.0,-71.0,77.0,-351.0,screener
UNIPARTS,Mar 2022,2022-03-31,annual,85.0,-32.0,-49.0,3.0,screener
UNIPARTS,Mar 2023,2023-03-31,annual,253.0,-53.0,-175.0,25.0,screener
UNIPARTS,Mar 2024,2024-03-31,annual,200.0,-160.0,-59.0,-20.0,screener
UNIPARTS,Mar 2025,2025-03-31,annual,182.0,-106.0,-62.0,14.0,screener
UNIPARTS,Mar 2026,2026-03-31,annual,174.0,20.0,-181.0,13.0,screener
UNITDSPR,Mar 2022,2022-03-31,annual,977.0,-313.0,-688.0,-23.0,screener
UNITDSPR,Mar 2023,2023-03-31,annual,615.0,-55.0,-500.0,60.0,screener
UNITDSPR,Mar 2024,2024-03-31,annual,1118.0,226.0,-407.0,937.0,screener
UNITDSPR,Mar 2025,2025-03-31,annual,1947.0,-1114.0,-557.0,276.0,screener
UNITDSPR,Mar 2026,2026-03-31,annual,1459.0,-428.0,-1450.0,-419.0,screener
UNITEDTEA,Mar 2017,2017-03-31,annual,9.0,-7.0,-2.0,1.0,screener
UNITEDTEA,Mar 2018,2018-03-31,annual,6.0,-6.0,-2.0,-2.0,screener
UNIVCABLES,Mar 2022,2022-03-31,annual,-12.0,-7.0,16.0,-3.0,screener
UNIVCABLES,Mar 2023,2023-03-31,annual,143.0,-15.0,-127.0,0.0,screener
UNIVCABLES,Mar 2024,2024-03-31,annual,33.0,-50.0,18.0,1.0,screener
UNIVCABLES,Mar 2025,2025-03-31,annual,176.0,-141.0,-31.0,4.0,screener
UNIVCABLES,Mar 2026,2026-03-31,annual,63.0,-257.0,192.0,-2.0,screener
UNOMINDA,Mar 2022,2022-03-31,annual,383.0,-697.0,311.0,-3.0,screener
UNOMINDA,Mar 2023,2023-03-31,annual,803.0,-1185.0,301.0,-81.0,screener
UNOMINDA,Mar 2024,2024-03-31,annual,979.0,-951.0,90.0,119.0,screener
UNOMINDA,Mar 2025,2025-03-31,annual,1071.0,-1479.0,365.0,-43.0,screener
UNOMINDA,Mar 2026,2026-03-31,annual,1720.0,-1651.0,10.0,79.0,screener
UPL,Mar 2022,2022-03-31,annual,6496.0,-3575.0,-1921.0,1000.0,screener
UPL,Mar 2023,2023-03-31,annual,7751.0,-1354.0,-6227.0,170.0,screener
UPL,Mar 2024,2024-03-31,annual,2321.0,-2509.0,164.0,-24.0,screener
UPL,Mar 2025,2025-03-31,annual,10151.0,-1823.0,-4793.0,3535.0,screener
UPL,Mar 2026,2026-03-31,annual,7855.0,-1475.0,-9883.0,-3503.0,screener
URAVIDEF,Mar 2025,2025-03-31,annual,-2.78,-0.94,17.96,14.23,screener
URAVIDEF,Mar 2026,2026-03-31,annual,0.3,-4.81,1.46,-3.04,screener
URBANCO,Mar 2022,2022-03-31,annual,-315.0,-1087.0,1383.0,-19.0,screener
URBANCO,Mar 2023,2023-03-31,annual,-238.0,299.0,-25.0,36.0,screener
URBANCO,Mar 2024,2024-03-31,annual,-86.0,95.0,-30.0,-20.0,screener
URBANCO,Mar 2025,2025-03-31,annual,55.0,-200.0,164.0,19.0,screener
URBANCO,Mar 2026,2026-03-31,annual,-99.0,-278.0,435.0,59.0,screener
URJA,Mar 2022,2022-03-31,annual,-8.3,-0.78,8.75,-0.34,screener
URJA,Mar 2023,2023-03-31,annual,-5.13,0.65,-0.48,-4.96,screener
URJA,Mar 2024,2024-03-31,annual,-8.64,6.64,2.66,0.66,screener
URJA,Mar 2025,2025-03-31,annual,-6.51,6.35,2.41,2.25,screener
URJA,Mar 2026,2026-03-31,annual,-26.12,23.09,0.27,-2.75,screener
USHAMART,Mar 2022,2022-03-31,annual,159.0,57.0,-161.0,55.0,screener
USHAMART,Mar 2023,2023-03-31,annual,252.0,-155.0,-101.0,-4.0,screener
USHAMART,Mar 2024,2024-03-31,annual,444.0,-285.0,-159.0,0.0,screener
USHAMART,Mar 2025,2025-03-31,annual,422.0,-219.0,-91.0,111.0,screener
USHAMART,Mar 2026,2026-03-31,annual,655.0,-367.0,-321.0,-33.0,screener
UTIAMC,Mar 2022,2022-03-31,annual,337.0,-60.0,-215.0,62.0,screener
UTIAMC,Mar 2023,2023-03-31,annual,395.0,-93.0,-267.0,36.0,screener
UTIAMC,Mar 2024,2024-03-31,annual,325.0,-146.0,-238.0,-59.0,screener
UTIAMC,Mar 2025,2025-03-31,annual,536.0,124.0,-554.0,106.0,screener
UTIAMC,Mar 2026,2026-03-31,annual,407.0,-34.0,-594.0,-221.0,screener
UTLSOLAR,Mar 2020,2020-03-31,annual,-7.0,-3.0,8.0,-2.0,screener
UTLSOLAR,Mar 2021,2021-03-31,annual,-11.0,-7.0,16.0,-2.0,screener
UTTAMSUGAR,Mar 2024,2024-03-31,annual,33.0,-137.0,102.0,-2.0,screener
UTTAMSUGAR,Mar 2025,2025-03-31,annual,102.0,-61.0,-41.0,0.0,screener
UTTAMSUGAR,Mar 2026,2026-03-31,annual,270.0,-79.0,-187.0,4.0,screener
V2RETAIL,Mar 2022,2022-03-31,annual,59.0,-16.0,-58.0,-15.0,screener
V2RETAIL,Mar 2023,2023-03-31,annual,86.0,-12.0,-76.0,-2.0,screener
V2RETAIL,Mar 2024,2024-03-31,annual,93.0,-39.0,-50.0,5.0,screener
V2RETAIL,Mar 2025,2025-03-31,annual,201.0,-130.0,-71.0,0.0,screener
V2RETAIL,Mar 2026,2026-03-31,annual,-103.0,-219.0,319.0,-3.0,screener
VADILALIND,Mar 2022,2022-03-31,annual,32.0,-20.0,8.0,20.0,screener
VADILALIND,Mar 2023,2023-03-31,annual,39.0,-62.0,9.0,-13.0,screener
VADILALIND,Mar 2024,2024-03-31,annual,192.0,-66.0,-114.0,12.0,screener
VADILALIND,Mar 2025,2025-03-31,annual,130.0,-77.0,-61.0,-8.0,screener
VADILALIND,Mar 2026,2026-03-31,annual,143.0,-108.0,-38.0,-2.0,screener
VAIBHAVGBL,Mar 2022,2022-03-31,annual,88.0,-45.0,-72.0,-29.0,screener
VAIBHAVGBL,Mar 2023,2023-03-31,annual,127.0,43.0,-103.0,68.0,screener
VAIBHAVGBL,Mar 2024,2024-03-31,annual,277.0,-183.0,-143.0,-49.0,screener
VAIBHAVGBL,Mar 2025,2025-03-31,annual,165.0,-5.0,-130.0,30.0,screener
VAIBHAVGBL,Mar 2026,2026-03-31,annual,310.0,78.0,-149.0,239.0,screener
VARROC,Mar 2022,2022-03-31,annual,636.0,-762.0,-335.0,-461.0,screener_yfinance_fallback_normalized
VARROC,Mar 2023,2023-03-31,annual,686.0,-448.0,-216.0,22.0,screener_yfinance_fallback_normalized
VARROC,Mar 2024,2024-03-31,annual,638.0,-166.0,-664.0,-192.0,screener_yfinance_fallback_normalized
VARROC,Mar 2025,2025-03-31,annual,737.0,-245.0,-490.0,1.0,screener_yfinance_fallback_normalized
VARROC,Mar 2026,2026-03-31,annual,537.0,-118.0,-405.0,14.0,screener_yfinance_fallback_normalized
VBL,Dec 2021,2021-12-31,annual,1231.0,-1008.0,-178.0,46.0,screener
VBL,Dec 2022,2022-12-31,annual,1790.0,-1769.0,-18.0,4.0,screener
VBL,Dec 2023,2023-12-31,annual,2391.0,-3288.0,985.0,88.0,screener
VBL,Dec 2024,2024-12-31,annual,3381.0,-4311.0,2954.0,2024.0,screener
VBL,Dec 2025,2025-12-31,annual,3509.0,-2725.0,-1266.0,-482.0,screener
VEDL,Mar 2022,2022-03-31,annual,34963.0,-2243.0,-28903.0,3817.0,screener
VEDL,Mar 2023,2023-03-31,annual,33065.0,-668.0,-34142.0,-1745.0,screener
VEDL,Mar 2024,2024-03-31,annual,35654.0,-13676.0,-26092.0,-4114.0,screener
VEDL,Mar 2025,2025-03-31,annual,39562.0,-19158.0,-19223.0,1181.0,screener
VEDL,Mar 2026,2026-03-31,annual,39499.0,-24134.0,-13549.0,1816.0,screener
VELS,Mar 2022,2022-03-31,annual,31.0,-87.0,57.0,1.0,screener
VELS,Mar 2023,2023-03-31,annual,-38.0,-42.0,87.0,7.0,screener
VELS,Mar 2024,2024-03-31,annual,21.0,-53.0,31.0,-1.0,screener
VELS,Mar 2025,2025-03-31,annual,32.0,67.0,-82.0,17.0,screener
VELS,Mar 2026,2026-03-31,annual,-26.0,-8.0,12.0,-22.0,screener
VENUSREM,Mar 2022,2022-03-31,annual,41.0,-17.0,-9.0,14.0,screener
VENUSREM,Mar 2023,2023-03-31,annual,37.0,-58.0,-1.0,-22.0,screener
VENUSREM,Mar 2024,2024-03-31,annual,37.0,-8.0,-1.0,28.0,screener
VENUSREM,Mar 2025,2025-03-31,annual,86.0,-77.0,-1.0,9.0,screener
VENUSREM,Mar 2026,2026-03-31,annual,156.0,-182.0,-3.0,-29.0,screener
VERANDA,Mar 2022,2022-03-31,annual,-39.0,-225.0,313.0,48.0,screener
VERANDA,Mar 2023,2023-03-31,annual,15.0,-342.0,363.0,36.0,screener
VERANDA,Mar 2024,2024-03-31,annual,27.0,-231.0,139.0,-65.0,screener
VERANDA,Mar 2025,2025-03-31,annual,32.0,-49.0,51.0,34.0,screener
VERANDA,Mar 2026,2026-03-31,annual,106.0,-101.0,-26.0,-21.0,screener
VETO,Mar 2022,2022-03-31,annual,-8.0,0.0,4.0,-3.0,screener
VETO,Mar 2023,2023-03-31,annual,18.0,-2.0,-10.0,6.0,screener
VETO,Mar 2024,2024-03-31,annual,28.0,-8.0,-27.0,-8.0,screener
VETO,Mar 2025,2025-03-31,annual,15.0,-18.0,-3.0,-6.0,screener
VETO,Mar 2026,2026-03-31,annual,10.0,-4.0,-5.0,1.0,screener
VGUARD,Mar 2022,2022-03-31,annual,-37.0,-121.0,-62.0,-220.0,screener
VGUARD,Mar 2023,2023-03-31,annual,424.0,-771.0,326.0,-21.0,screener
VGUARD,Mar 2024,2024-03-31,annual,393.0,-153.0,-232.0,8.0,screener
VGUARD,Mar 2025,2025-03-31,annual,477.0,-97.0,-378.0,3.0,screener
VGUARD,Mar 2026,2026-03-31,annual,459.0,-364.0,-98.0,-3.0,screener
VIDEOIND,Dec 2014,2014-12-31,annual,-5228.0,5074.0,386.0,232.0,screener
VIDEOIND,Dec 2015,2015-12-31,annual,0.0,1799.0,-928.0,871.0,screener
VIDEOIND,Mar 2017,2017-03-31,annual,4137.0,2593.0,-7868.0,-1139.0,screener
VIDEOIND,Mar 2018,2018-03-31,annual,-2374.0,2906.0,-392.0,140.0,screener
VIDEOIND,Mar 2019,2019-03-31,annual,-3095.0,2458.0,533.0,-103.0,screener
VIDHIING,Mar 2022,2022-03-31,annual,-21.0,-40.0,53.0,-9.0,screener
VIDHIING,Mar 2023,2023-03-31,annual,96.0,-41.0,-47.0,7.0,screener
VIDHIING,Mar 2024,2024-03-31,annual,71.0,-19.0,-40.0,12.0,screener
VIDHIING,Mar 2025,2025-03-31,annual,-5.0,5.0,19.0,20.0,screener
VIDHIING,Mar 2026,2026-03-31,annual,42.0,-15.0,-35.0,-8.0,screener
VIDYAWIRES,Mar 2022,2022-03-31,annual,-16.0,-8.0,24.0,0.0,screener
VIDYAWIRES,Mar 2023,2023-03-31,annual,38.0,-6.0,-32.0,0.0,screener
VIDYAWIRES,Mar 2024,2024-03-31,annual,2.0,-4.0,2.0,0.0,screener
VIDYAWIRES,Mar 2025,2025-03-31,annual,-17.0,-8.0,25.0,0.0,screener
VIDYAWIRES,Mar 2026,2026-03-31,annual,-9.0,-148.0,182.0,25.0,screener
VIJAYA,Mar 2022,2022-03-31,annual,158.0,-123.0,-31.0,4.0,screener
VIJAYA,Mar 2023,2023-03-31,annual,165.0,-110.0,-42.0,13.0,screener
VIJAYA,Mar 2024,2024-03-31,annual,183.0,-141.0,-45.0,-2.0,screener
VIJAYA,Mar 2025,2025-03-31,annual,224.0,-182.0,-52.0,-9.0,screener
VIJAYA,Mar 2026,2026-03-31,annual,271.0,-174.0,-69.0,27.0,screener
VIKASECO,Mar 2013,2013-03-31,annual,-8.0,-1.0,9.0,0.0,screener
VIKASECO,Mar 2023,2023-03-31,annual,92.0,-58.0,-41.0,-7.0,screener
VIKASECO,Mar 2024,2024-03-31,annual,120.0,-202.0,83.0,0.0,screener
VIKASECO,Mar 2025,2025-03-31,annual,-60.0,46.0,15.0,1.0,screener
VIKASECO,Mar 2026,2026-03-31,annual,-113.0,96.0,17.0,0.0,screener
VIKASLIFE,Mar 2022,2022-03-31,annual,-15.0,-37.0,59.0,8.0,screener
VIKASLIFE,Mar 2023,2023-03-31,annual,-112.0,-36.0,151.0,2.0,screener
VIKASLIFE,Mar 2024,2024-03-31,annual,-42.0,-91.0,137.0,4.0,screener
VIKASLIFE,Mar 2025,2025-03-31,annual,-222.0,106.0,108.0,-8.0,screener
VIKASLIFE,Mar 2026,2026-03-31,annual,310.0,-334.0,20.0,-5.0,screener
VIKRAMSOLR,Mar 2022,2022-03-31,annual,201.0,-155.0,-36.0,10.0,screener
VIKRAMSOLR,Mar 2023,2023-03-31,annual,195.0,-110.0,-102.0,-17.0,screener
VIKRAMSOLR,Mar 2024,2024-03-31,annual,152.0,-64.0,-81.0,7.0,screener
VIKRAMSOLR,Mar 2025,2025-03-31,annual,299.0,-169.0,-100.0,30.0,screener
VIKRAMSOLR,Mar 2026,2026-03-31,annual,630.0,-1748.0,1115.0,-4.0,screener
VIMTALABS,Mar 2020,2020-03-31,annual,24.0,-21.0,-1.0,3.0,screener
VIMTALABS,Mar 2021,2021-03-31,annual,37.0,-32.0,-5.0,1.0,screener
VIMTALABS,Mar 2022,2022-03-31,annual,59.0,-38.0,-17.0,5.0,screener
VIMTALABS,Mar 2023,2023-03-31,annual,88.0,-57.0,-11.0,20.0,screener
VIMTALABS,Mar 2024,2024-03-31,annual,61.0,-76.0,-2.0,-17.0,screener
VINATIORGA,Mar 2022,2022-03-31,annual,127.0,-255.0,-47.0,-175.0,screener
VINATIORGA,Mar 2023,2023-03-31,annual,515.0,-329.0,-62.0,124.0,screener
VINATIORGA,Mar 2024,2024-03-31,annual,332.0,-348.0,-108.0,-125.0,screener
VINATIORGA,Mar 2025,2025-03-31,annual,458.0,-443.0,-16.0,0.0,screener
VINATIORGA,Mar 2026,2026-03-31,annual,558.0,-414.0,-141.0,3.0,screener
VINCOFE,Mar 2022,2022-03-31,annual,-27.0,-157.0,186.0,2.0,screener
VINCOFE,Mar 2023,2023-03-31,annual,11.0,-1.0,-11.0,-1.0,screener
VINCOFE,Mar 2024,2024-03-31,annual,-36.0,-4.0,43.0,3.0,screener
VINCOFE,Mar 2025,2025-03-31,annual,-23.0,-46.0,189.0,121.0,screener
VINCOFE,Mar 2026,2026-03-31,annual,15.0,-128.0,193.0,79.0,screener
VINDHYATEL,Mar 2022,2022-03-31,annual,183.0,38.0,-223.0,-1.0,screener
VINDHYATEL,Mar 2023,2023-03-31,annual,34.0,-30.0,28.0,32.0,screener
VINDHYATEL,Mar 2024,2024-03-31,annual,441.0,-41.0,-284.0,116.0,screener
VINDHYATEL,Mar 2025,2025-03-31,annual,-590.0,6.0,528.0,-57.0,screener
VINDHYATEL,Mar 2026,2026-03-31,annual,-160.0,-21.0,109.0,-73.0,screener
VIPIND,Mar 2022,2022-03-31,annual,-24.0,146.0,-126.0,-3.0,screener
VIPIND,Mar 2023,2023-03-31,annual,175.0,-84.0,-75.0,16.0,screener
VIPIND,Mar 2024,2024-03-31,annual,-132.0,-76.0,218.0,10.0,screener
VIPIND,Mar 2025,2025-03-31,annual,292.0,-47.0,-251.0,-5.0,screener
VIPIND,Mar 2026,2026-03-31,annual,181.0,-48.0,-139.0,-6.0,screener
VISAKAIND,Mar 2022,2022-03-31,annual,54.0,-171.0,30.0,-87.0,screener
VISAKAIND,Mar 2023,2023-03-31,annual,29.0,-212.0,187.0,4.0,screener
VISAKAIND,Mar 2024,2024-03-31,annual,3.0,-89.0,93.0,7.0,screener
VISAKAIND,Mar 2025,2025-03-31,annual,114.0,-33.0,-100.0,-19.0,screener
VISAKAIND,Mar 2026,2026-03-31,annual,183.0,35.0,-210.0,8.0,screener
VISHNU,Mar 2022,2022-03-31,annual,90.0,-81.0,-9.0,0.0,screener
VISHNU,Mar 2023,2023-03-31,annual,134.0,-118.0,-16.0,0.0,screener
VISHNU,Mar 2024,2024-03-31,annual,68.0,-154.0,88.0,2.0,screener
VISHNU,Mar 2025,2025-03-31,annual,90.0,-100.0,10.0,0.0,screener
VISHNU,Mar 2026,2026-03-31,annual,127.0,-267.0,146.0,5.0,screener
VIYASH,Mar 2022,2022-03-31,annual,31.0,-94.0,67.0,4.0,screener
VIYASH,Mar 2023,2023-03-31,annual,17.0,-65.0,32.0,-16.0,screener
VIYASH,Mar 2024,2024-03-31,annual,31.0,-6.0,-1.0,23.0,screener
VIYASH,Mar 2025,2025-03-31,annual,345.0,-448.0,87.0,-16.0,screener
VIYASH,Mar 2026,2026-03-31,annual,323.0,-84.0,-123.0,115.0,screener
VLSFINANCE,Mar 2022,2022-03-31,annual,165.0,-185.0,-11.0,-31.0,screener
VLSFINANCE,Mar 2023,2023-03-31,annual,7.0,27.0,-68.0,-34.0,screener
VLSFINANCE,Mar 2024,2024-03-31,annual,194.0,-197.0,-13.0,-15.0,screener
VLSFINANCE,Mar 2025,2025-03-31,annual,200.0,137.0,-44.0,293.0,screener
VLSFINANCE,Mar 2026,2026-03-31,annual,-18.0,-129.0,-105.0,-252.0,screener
VMM,Mar 2022,2022-03-31,annual,657.0,27.0,-710.0,-26.0,screener
VMM,Mar 2023,2023-03-31,annual,636.0,177.0,-865.0,-52.0,screener
VMM,Mar 2024,2024-03-31,annual,830.0,-130.0,-658.0,41.0,screener
VMM,Mar 2025,2025-03-31,annual,1399.0,-610.0,-479.0,310.0,screener
VMM,Mar 2026,2026-03-31,annual,1621.0,-988.0,-500.0,133.0,screener
VOLTAS,Mar 2022,2022-03-31,annual,584.0,-365.0,-107.0,113.0,screener
VOLTAS,Mar 2023,2023-03-31,annual,159.0,-82.0,55.0,133.0,screener
VOLTAS,Mar 2024,2024-03-31,annual,762.0,-522.0,-116.0,123.0,screener
VOLTAS,Mar 2025,2025-03-31,annual,-225.0,158.0,-100.0,-166.0,screener
VOLTAS,Mar 2026,2026-03-31,annual,71.0,297.0,-262.0,105.0,screener
VRAJ,Mar 2022,2022-03-31,annual,9.0,-1.0,-7.0,0.0,screener
VRAJ,Mar 2023,2023-03-31,annual,63.0,-40.0,-23.0,0.0,screener
VRAJ,Mar 2024,2024-03-31,annual,19.0,-56.0,36.0,0.0,screener
VRAJ,Mar 2025,2025-03-31,annual,14.0,-103.0,90.0,1.0,screener
VRAJ,Mar 2026,2026-03-31,annual,31.0,-70.0,38.0,-1.0,screener
VSSL,Mar 2024,2024-03-31,annual,142.0,-50.0,-94.0,-2.0,screener
VSSL,Mar 2025,2025-03-31,annual,127.0,-127.0,3.0,3.0,screener
VSTIND,Mar 2006,2006-03-31,annual,68.0,-62.0,-22.0,-16.0,screener
VSTIND,Mar 2007,2007-03-31,annual,71.0,-29.0,-23.0,20.0,screener
VSTIND,Mar 2008,2008-03-31,annual,68.0,-61.0,-37.0,-30.0,screener
VSTIND,Mar 2009,2009-03-31,annual,22.0,24.0,-37.0,9.0,screener
VSTIND,Mar 2010,2010-03-31,annual,52.0,-5.0,-55.0,-7.0,screener
VSTTILLERS,Mar 2023,2023-03-31,annual,36.0,-32.0,-19.0,-14.0,screener
VSTTILLERS,Mar 2024,2024-03-31,annual,49.0,9.0,-24.0,33.0,screener
VSTTILLERS,Mar 2025,2025-03-31,annual,77.0,-29.0,-20.0,28.0,screener
VSTTILLERS,Mar 2026,2026-03-31,annual,132.0,-136.0,-20.0,-24.0,screener
VTL,Mar 2022,2022-03-31,annual,1445.0,-899.0,-571.0,-26.0,screener
VTL,Mar 2023,2023-03-31,annual,1853.0,-1445.0,-399.0,9.0,screener
VTL,Mar 2024,2024-03-31,annual,-1055.0,1104.0,-90.0,-41.0,screener
VTL,Mar 2025,2025-03-31,annual,1644.0,-892.0,-733.0,19.0,screener
VTL,Mar 2026,2026-03-31,annual,1108.0,-1516.0,398.0,-10.0,screener
WAAREEENER,Mar 2022,2022-03-31,annual,698.0,-673.0,101.0,126.0,screener
WAAREEENER,Mar 2023,2023-03-31,annual,1560.0,-2088.0,642.0,114.0,screener
WAAREEENER,Mar 2024,2024-03-31,annual,2305.0,-3346.0,909.0,-132.0,screener
WAAREEENER,Mar 2025,2025-03-31,annual,3158.0,-6806.0,4036.0,388.0,screener
WAAREEENER,Mar 2026,2026-03-31,annual,1627.0,-3953.0,2573.0,247.0,screener
WAAREERTL,Mar 2022,2022-03-31,annual,43.0,9.0,-40.0,12.0,screener
WAAREERTL,Mar 2023,2023-03-31,annual,65.0,-66.0,-9.0,-10.0,screener
WAAREERTL,Mar 2024,2024-03-31,annual,128.0,-114.0,-7.0,6.0,screener
WAAREERTL,Mar 2025,2025-03-31,annual,303.0,-237.0,-49.0,17.0,screener
WAAREERTL,Mar 2026,2026-03-31,annual,287.0,-264.0,23.0,45.0,screener
WABAG,Mar 2022,2022-03-31,annual,12.0,-39.0,45.0,17.0,screener
WABAG,Mar 2023,2023-03-31,annual,85.0,41.0,-240.0,-114.0,screener
WABAG,Mar 2024,2024-03-31,annual,134.0,56.0,44.0,233.0,screener
WABAG,Mar 2025,2025-03-31,annual,355.0,-111.0,34.0,278.0,screener
WABAG,Mar 2026,2026-03-31,annual,207.0,46.0,-185.0,67.0,screener
WANBURY,Mar 2021,2021-03-31,annual,17.0,8.0,-17.0,7.0,screener
WANBURY,Mar 2022,2022-03-31,annual,41.0,1.0,-29.0,13.0,screener
WANBURY,Mar 2023,2023-03-31,annual,20.0,-9.0,-32.0,-21.0,screener
WANBURY,Mar 2024,2024-03-31,annual,4.0,-17.0,15.0,2.0,screener
WANBURY,Mar 2025,2025-03-31,annual,26.0,-51.0,26.0,1.0,screener
WEBELSOLAR,Mar 2025,2025-03-31,annual,167.0,-86.0,-35.0,47.0,screener
WEBELSOLAR,Mar 2026,2026-03-31,annual,255.0,-234.0,-3.0,19.0,screener
WEL,Mar 2025,2025-03-31,annual,-22.0,-13.0,55.0,21.0,screener
WEL,Mar 2026,2026-03-31,annual,25.0,-8.0,-14.0,4.0,screener
WELCORP,Mar 2022,2022-03-31,annual,218.0,-201.0,453.0,470.0,screener
WELCORP,Mar 2023,2023-03-31,annual,-185.0,-348.0,909.0,376.0,screener
WELCORP,Mar 2024,2024-03-31,annual,1306.0,373.0,-1877.0,-198.0,screener
WELCORP,Mar 2025,2025-03-31,annual,1504.0,194.0,-1369.0,328.0,screener
WELCORP,Mar 2026,2026-03-31,annual,3204.0,-3714.0,875.0,365.0,screener
WELENT,Mar 2022,2022-03-31,annual,287.0,-487.0,125.0,-75.0,screener
WELENT,Mar 2023,2023-03-31,annual,345.0,1197.0,-204.0,1338.0,screener
WELENT,Mar 2024,2024-03-31,annual,-344.0,-57.0,-486.0,-888.0,screener
WELENT,Mar 2025,2025-03-31,annual,-273.0,-17.0,536.0,246.0,screener
WELENT,Mar 2026,2026-03-31,annual,112.0,-877.0,426.0,-338.0,screener
WELSPUNLIV,Mar 2022,2022-03-31,annual,587.0,-600.0,-55.0,-68.0,screener
WELSPUNLIV,Mar 2023,2023-03-31,annual,756.0,244.0,-1086.0,-86.0,screener
WELSPUNLIV,Mar 2024,2024-03-31,annual,533.0,-210.0,-269.0,55.0,screener
WELSPUNLIV,Mar 2025,2025-03-31,annual,688.0,58.0,-663.0,83.0,screener
WELSPUNLIV,Mar 2026,2026-03-31,annual,1175.0,-348.0,-975.0,-148.0,screener
WESTLIFE,Mar 2022,2022-03-31,annual,171.0,-56.0,-102.0,12.0,screener
WESTLIFE,Mar 2023,2023-03-31,annual,349.0,-265.0,-98.0,-15.0,screener
WESTLIFE,Mar 2024,2024-03-31,annual,340.0,-185.0,-149.0,6.0,screener
WESTLIFE,Mar 2025,2025-03-31,annual,345.0,-221.0,-79.0,45.0,screener
WESTLIFE,Mar 2026,2026-03-31,annual,352.0,-202.0,-192.0,-42.0,screener
WEWORK,Mar 2023,2023-03-31,annual,942.0,-386.0,-534.0,22.0,screener
WEWORK,Mar 2024,2024-03-31,annual,1162.0,-393.0,-797.0,-29.0,screener
WEWORK,Mar 2025,2025-03-31,annual,1290.0,-304.0,-984.0,2.0,screener
WEWORK,Mar 2026,2026-03-31,annual,1734.0,-647.0,-1048.0,39.0,screener
WHEELS,Mar 2022,2022-03-31,annual,28.0,-120.0,84.0,-9.0,screener
WHEELS,Mar 2023,2023-03-31,annual,370.0,-152.0,-216.0,3.0,screener
WHEELS,Mar 2024,2024-03-31,annual,329.0,-150.0,-146.0,34.0,screener
WHEELS,Mar 2025,2025-03-31,annual,400.0,-213.0,-188.0,0.0,screener
WHEELS,Mar 2026,2026-03-31,annual,477.0,-292.0,-175.0,11.0,screener
WHIRLPOOL,Mar 2022,2022-03-31,annual,98.0,-459.0,-89.0,-450.0,screener
WHIRLPOOL,Mar 2023,2023-03-31,annual,270.0,-101.0,-101.0,68.0,screener
WHIRLPOOL,Mar 2024,2024-03-31,annual,610.0,62.0,-117.0,555.0,screener
WHIRLPOOL,Mar 2025,2025-03-31,annual,571.0,61.0,-307.0,325.0,screener
WHIRLPOOL,Mar 2026,2026-03-31,annual,298.0,-2032.0,-212.0,-1946.0,screener
WINDLAS,Mar 2022,2022-03-31,annual,9.0,-155.0,130.0,-15.0,screener
WINDLAS,Mar 2023,2023-03-31,annual,61.0,-14.0,-44.0,3.0,screener
WINDLAS,Mar 2024,2024-03-31,annual,109.0,-92.0,-15.0,2.0,screener
WINDLAS,Mar 2025,2025-03-31,annual,68.0,-74.0,1.0,-5.0,screener
WINDLAS,Mar 2026,2026-03-31,annual,105.0,-92.0,-13.0,0.0,screener
WINDMACHIN,Mar 2022,2022-03-31,annual,27.0,1.0,-37.0,-9.0,screener
WINDMACHIN,Mar 2023,2023-03-31,annual,12.0,-7.0,-8.0,-2.0,screener
WINDMACHIN,Mar 2024,2024-03-31,annual,46.0,-29.0,-22.0,-5.0,screener
WINDMACHIN,Mar 2025,2025-03-31,annual,-41.0,-295.0,426.0,89.0,screener
WINDMACHIN,Mar 2026,2026-03-31,annual,-51.0,-127.0,112.0,-66.0,screener
WINSOME,Mar 2019,2019-03-31,annual,1.0,0.0,-1.0,-1.0,screener
WINSOME,Mar 2020,2020-03-31,annual,0.0,0.0,0.0,0.0,screener
WINSOME,Mar 2021,2021-03-31,annual,0.0,0.0,0.0,0.0,screener
WINSOME,Mar 2022,2022-03-31,annual,0.0,0.0,0.0,0.0,screener
WINSOME,Mar 2023,2023-03-31,annual,0.0,0.0,0.0,0.0,screener
WIPRO,Mar 2022,2022-03-31,annual,11080.0,-22321.0,4659.0,-6583.0,screener
WIPRO,Mar 2023,2023-03-31,annual,13060.0,-8169.0,-6088.0,-1197.0,screener
WIPRO,Mar 2024,2024-03-31,annual,17622.0,1144.0,-18257.0,509.0,screener
WIPRO,Mar 2025,2025-03-31,annual,16943.0,-8044.0,-6396.0,2502.0,screener
WIPRO,Mar 2026,2026-03-31,annual,14932.0,-2448.0,-14126.0,-1642.0,screener
WOCKPHARMA,Mar 2022,2022-03-31,annual,413.0,-204.0,-71.0,138.0,screener
WOCKPHARMA,Mar 2023,2023-03-31,annual,153.0,-118.0,-315.0,-280.0,screener
WOCKPHARMA,Mar 2024,2024-03-31,annual,219.0,-138.0,334.0,415.0,screener
WOCKPHARMA,Mar 2025,2025-03-31,annual,-22.0,-780.0,409.0,-393.0,screener
WOCKPHARMA,Mar 2026,2026-03-31,annual,390.0,-231.0,-54.0,105.0,screener
WORTHPERI,Mar 2022,2022-03-31,annual,16.0,-9.0,-3.0,3.0,screener
WORTHPERI,Mar 2023,2023-03-31,annual,34.0,-23.0,-17.0,-6.0,screener
WORTHPERI,Mar 2024,2024-03-31,annual,13.0,-18.0,5.0,0.0,screener
WORTHPERI,Mar 2025,2025-03-31,annual,21.0,-26.0,7.0,2.0,screener
WORTHPERI,Mar 2026,2026-03-31,annual,30.0,-50.0,19.0,0.0,screener
WPIL,Mar 2022,2022-03-31,annual,115.0,-49.0,-35.0,30.0,screener
WPIL,Mar 2023,2023-03-31,annual,187.0,-109.0,-102.0,-24.0,screener
WPIL,Mar 2024,2024-03-31,annual,-90.0,517.0,-88.0,339.0,screener
WPIL,Mar 2025,2025-03-31,annual,-150.0,-318.0,151.0,-316.0,screener
WPIL,Mar 2026,2026-03-31,annual,-93.0,290.0,-46.0,151.0,screener
WSTCSTPAPR,Mar 2022,2022-03-31,annual,591.0,-289.0,-295.0,7.0,screener
WSTCSTPAPR,Mar 2023,2023-03-31,annual,1238.0,-894.0,-334.0,10.0,screener
WSTCSTPAPR,Mar 2024,2024-03-31,annual,764.0,-714.0,-61.0,-11.0,screener
WSTCSTPAPR,Mar 2025,2025-03-31,annual,99.0,-172.0,72.0,0.0,screener
WSTCSTPAPR,Mar 2026,2026-03-31,annual,400.0,-188.0,-206.0,7.0,screener
XPROINDIA,Mar 2022,2022-03-31,annual,49.0,-10.0,-21.0,17.0,screener
XPROINDIA,Mar 2023,2023-03-31,annual,83.0,-58.0,-43.0,-19.0,screener
XPROINDIA,Mar 2024,2024-03-31,annual,44.0,-320.0,278.0,1.0,screener
XPROINDIA,Mar 2025,2025-03-31,annual,13.0,-113.0,203.0,102.0,screener
XPROINDIA,Mar 2026,2026-03-31,annual,20.0,-161.0,151.0,10.0,screener
YASHO,Mar 2022,2022-03-31,annual,16.0,-59.0,43.0,0.0,screener
YASHO,Mar 2023,2023-03-31,annual,13.0,-134.0,122.0,0.0,screener
YASHO,Mar 2024,2024-03-31,annual,90.0,-304.0,214.0,0.0,screener
YASHO,Mar 2025,2025-03-31,annual,-41.0,-11.0,58.0,6.0,screener
YASHO,Mar 2026,2026-03-31,annual,151.0,-73.0,-81.0,-3.0,screener
YATHARTH,Mar 2022,2022-03-31,annual,60.0,-52.0,-1.0,7.0,screener
YATHARTH,Mar 2023,2023-03-31,annual,64.0,-20.0,-18.0,26.0,screener
YATHARTH,Mar 2024,2024-03-31,annual,-3.0,-226.0,304.0,75.0,screener
YATHARTH,Mar 2025,2025-03-31,annual,150.0,-420.0,520.0,249.0,screener
YATHARTH,Mar 2026,2026-03-31,annual,205.0,-598.0,254.0,-140.0,screener
YATRA,Mar 2022,2022-03-31,annual,-83.0,-8.0,20.0,-71.0,screener
YATRA,Mar 2023,2023-03-31,annual,-153.0,-14.0,138.0,-29.0,screener
YATRA,Mar 2024,2024-03-31,annual,-142.0,-231.0,466.0,93.0,screener
YATRA,Mar 2025,2025-03-31,annual,-89.0,100.0,-102.0,-91.0,screener
YATRA,Mar 2026,2026-03-31,annual,76.0,-45.0,-54.0,-23.0,screener
YESBANK,Mar 2022,2022-03-31,annual,23598.0,-14566.0,8391.0,17423.0,screener
YESBANK,Mar 2023,2023-03-31,annual,-25816.0,-13026.0,11450.0,-27392.0,screener
YESBANK,Mar 2024,2024-03-31,annual,9645.0,-12453.0,2771.0,-38.0,screener
YESBANK,Mar 2025,2025-03-31,annual,6386.0,8514.0,-5651.0,9249.0,screener
YESBANK,Mar 2026,2026-03-31,annual,21217.0,-4952.0,-6485.0,9780.0,screener
ZAGGLE,Mar 2023,2023-03-31,annual,-16.0,-24.0,59.0,19.0,screener
ZAGGLE,Mar 2024,2024-03-31,annual,-83.0,-332.0,403.0,-12.0,screener
ZAGGLE,Mar 2025,2025-03-31,annual,20.0,-486.0,496.0,30.0,screener
ZAGGLE,Mar 2026,2026-03-31,annual,-51.0,70.0,44.0,63.0,screener
ZEEL,Mar 2022,2022-03-31,annual,280.0,586.0,-715.0,150.0,screener
ZEEL,Mar 2023,2023-03-31,annual,129.0,-202.0,-408.0,-481.0,screener
ZEEL,Mar 2024,2024-03-31,annual,714.0,-46.0,-274.0,395.0,screener
ZEEL,Mar 2025,2025-03-31,annual,1186.0,-1602.0,23.0,-393.0,screener
ZEEL,Mar 2026,2026-03-31,annual,708.0,-299.0,-339.0,70.0,screener
ZENSARTECH,Mar 2022,2022-03-31,annual,336.0,3.0,-183.0,156.0,screener
ZENSARTECH,Mar 2023,2023-03-31,annual,714.0,-527.0,-219.0,-31.0,screener
ZENSARTECH,Mar 2024,2024-03-31,annual,642.0,-476.0,-197.0,-31.0,screener
ZENSARTECH,Mar 2025,2025-03-31,annual,565.0,-473.0,-264.0,-172.0,screener
ZENSARTECH,Mar 2026,2026-03-31,annual,771.0,-224.0,-401.0,146.0,screener
ZENTEC,Mar 2022,2022-03-31,annual,-44.0,-44.0,88.0,0.0,screener
ZENTEC,Mar 2023,2023-03-31,annual,116.0,-4.0,-22.0,91.0,screener
ZENTEC,Mar 2024,2024-03-31,annual,13.0,-85.0,-3.0,-75.0,screener
ZENTEC,Mar 2025,2025-03-31,annual,31.0,-1000.0,1007.0,37.0,screener
ZENTEC,Mar 2026,2026-03-31,annual,245.0,-162.0,-78.0,5.0,screener
ZFCVINDIA,Mar 2022,2022-03-31,annual,138.0,-177.0,-28.0,-68.0,screener
ZFCVINDIA,Mar 2023,2023-03-31,annual,298.0,-270.0,-31.0,-3.0,screener
ZFCVINDIA,Mar 2024,2024-03-31,annual,193.0,-131.0,-34.0,28.0,screener
ZFCVINDIA,Mar 2025,2025-03-31,annual,286.0,-227.0,-44.0,15.0,screener
ZFCVINDIA,Mar 2026,2026-03-31,annual,810.0,-696.0,-52.0,62.0,screener
ZOTA,Mar 2022,2022-03-31,annual,13.0,-27.0,14.0,1.0,screener
ZOTA,Mar 2023,2023-03-31,annual,-2.0,15.0,-14.0,-1.0,screener
ZOTA,Mar 2024,2024-03-31,annual,-6.0,-13.0,19.0,0.0,screener
ZOTA,Mar 2025,2025-03-31,annual,-50.0,-92.0,145.0,3.0,screener
ZOTA,Mar 2026,2026-03-31,annual,-84.0,-314.0,490.0,92.0,screener
ZUARI,Mar 2022,2022-03-31,annual,571.0,-137.0,-296.0,138.0,screener
ZUARI,Mar 2023,2023-03-31,annual,95.0,426.0,-697.0,-176.0,screener
ZUARI,Mar 2024,2024-03-31,annual,473.0,3.0,-527.0,-51.0,screener
ZUARI,Mar 2025,2025-03-31,annual,511.0,-122.0,-494.0,-104.0,screener
ZUARI,Mar 2026,2026-03-31,annual,203.0,-69.0,-335.0,-201.0,screener
ZUARIIND,Mar 2022,2022-03-31,annual,62.0,69.0,-87.0,44.0,screener
ZUARIIND,Mar 2023,2023-03-31,annual,269.0,-159.0,-89.0,22.0,screener
ZUARIIND,Mar 2024,2024-03-31,annual,71.0,475.0,-583.0,-36.0,screener
ZUARIIND,Mar 2025,2025-03-31,annual,-1.0,183.0,-163.0,18.0,screener
ZUARIIND,Mar 2026,2026-03-31,annual,144.0,20.0,-175.0,-12.0,screener
ZYDUSLIFE,Mar 2022,2022-03-31,annual,2104.0,1137.0,-868.0,2373.0,screener
ZYDUSLIFE,Mar 2023,2023-03-31,annual,2689.0,1178.0,-4400.0,-534.0,screener
ZYDUSLIFE,Mar 2024,2024-03-31,annual,3228.0,-1492.0,-1810.0,-75.0,screener
ZYDUSLIFE,Mar 2025,2025-03-31,annual,6781.0,-8363.0,1995.0,414.0,screener
ZYDUSLIFE,Mar 2026,2026-03-31,annual,2117.0,-7895.0,5807.0,28.0,screener
ZYDUSWELL,Mar 2022,2022-03-31,annual,237.0,-59.0,-234.0,-56.0,screener
ZYDUSWELL,Mar 2023,2023-03-31,annual,92.0,-85.0,-138.0,-132.0,screener
ZYDUSWELL,Mar 2024,2024-03-31,annual,246.0,-178.0,-26.0,43.0,screener
ZYDUSWELL,Mar 2025,2025-03-31,annual,380.0,-207.0,-186.0,-13.0,screener
ZYDUSWELL,Mar 2026,2026-03-31,annual,226.0,-2910.0,2698.0,15.0,screener
