symbol,piotroski_score,beneish_m_score,altman_z_score,forensic_risk,revenue_growth_3y,pat_growth_3y,roe,roce,debt_to_equity,promoter_holding,pnl_summary,quarterly_summary,balance_sheet_summary,cash_flow_summary,ratios_summary,updated_date
20MICRONS,,,,,,,,,,,Sales: 954 Cr (YoY +4.5%); NetProfit: 67 Cr (YoY +8.1%); EPS: 18.94,"Sales last 3Q: 231, 215, 261 Cr; Net Profit last 3Q: 17, 15, 18 Cr",,,P/E: 9.89; ROCE: 17.4; ROE: 14.7; Div Yield: 0.66; Book Value: 137; Mkt Cap: 664,2026-06-22
360ONE,,,,,,,,,,,"Sales: 4,621 Cr (YoY +5.9%); NetProfit: 1,262 Cr (YoY +3.8%); EPS: 31.11","Sales last 3Q: 1,181, 1,115, 1,226 Cr; Net Profit last 3Q: 327, 289, 331 Cr",,,"P/E: 38.0; ROCE: 12.1; ROE: 14.4; Div Yield: 1.02; Book Value: 242; Mkt Cap: 48,013",2026-08-15
3MINDIA,,,,,,,,,,,"Sales: 4,186 Cr (YoY -0.1%); NetProfit: 611 Cr (YoY +4.8%); EPS: 542.69","Sales last 3Q: 1,006, 1,095, 1,047 Cr; Net Profit last 3Q: 135, 173, 157 Cr",,,"P/E: 65.2; ROCE: 40.5; ROE: 30.5; Div Yield: 0.45; Book Value: 1,906; Mkt Cap: 39,828",2026-08-15
5PAISA,,,,,,,,,,,Sales: 320 Cr (YoY -11.1%); NetProfit: 44 Cr (YoY -35.3%); EPS: 9.43,"Sales last 3Q: 77, 79, 85 Cr; Net Profit last 3Q: 9, 12, 11 Cr",,,"P/E: 41.2; ROCE: 9.93; ROE: 7.05; Div Yield: 0.00; Book Value: 138; Mkt Cap: 1,818",2026-07-03
63MOONS,,,,,,,,,,,Sales: 318 Cr (YoY +50.0%); NetProfit: -99 Cr (YoY -83.3%); EPS: -14.15,"Sales last 3Q: 27, 134, 137 Cr; Net Profit last 3Q: -32, 25, -48 Cr",,,"ROCE: -3.71; ROE: -1.60; Div Yield: 0.15; Book Value: 771; Mkt Cap: 3,623",2026-08-15
AADHARHFC,,,,,,,,,,,"Sales: 3,673 Cr (YoY +18.2%); NetProfit: 1,096 Cr (YoY +20.2%); EPS: 25.15","Sales last 3Q: 897, 943, 985 Cr; Net Profit last 3Q: 266, 281, 311 Cr",,,"P/E: 19.2; ROCE: 11.4; ROE: 15.9; Div Yield: 0.00; Book Value: 173; Mkt Cap: 21,262",2026-06-18
AARON,,,,,,,,,,,,,,,P/E: 41.74; ROE: 14.84%; Div Yield: 0.53%; Book Value: ₹23.66; Mkt Cap: ₹283 Cr,2026-07-24
AARTIDRUGS,,,,,,,,,,,"Sales: 2,565 Cr (YoY +7.5%); NetProfit: 195 Cr (YoY +16.1%); EPS: 21.36","Sales last 3Q: 653, 602, 720 Cr; Net Profit last 3Q: 45, 41, 55 Cr",,,"P/E: 17.6; ROCE: 11.9; ROE: 13.4; Div Yield: 0.53; Book Value: 170; Mkt Cap: 3,432",2026-06-22
AARTIIND,,,,,,,,,,,Sales: 8042 Cr (YoY +10.6%); NetProfit: 378 Cr (YoY +14.2%); EPS: 10.43,"Sales last 3Q: 1675, 2100, 2318 Cr; Net Profit last 3Q: 43, 106, 133 Cr",Debt: 3973 Cr,,ROCE: 6%; EPS: 10.43; NPM: 4.7%,2026-08-15
AARTIPHARM,,,,,,,,,,,"Sales: 1,969 Cr (YoY +8.2%); NetProfit: 213 Cr (YoY +21.7%); EPS: 23.51","Sales last 3Q: 432, 583, 536 Cr; Net Profit last 3Q: 48, 61, 76 Cr",,,"P/E: 35.9; ROCE: 10.7; ROE: 8.59; Div Yield: 0.18; Book Value: 234; Mkt Cap: 7,719",2026-08-15
AARTISURF,,,,,,,,,,,Sales: 916 Cr (YoY +6.6%); NetProfit: 18 Cr (YoY +50.0%); EPS: 21.73,"Sales last 3Q: 207.79, 256.28, 272.87 Cr; Net Profit last 3Q: 3.66, 4.19, 9.00 Cr",,,P/E: 22.0; ROCE: 8.53; ROE: 5.17; Div Yield: 0.21; Book Value: 289; Mkt Cap: 406,2026-08-03
AARVI,,,,,,,,,,,Sales: 650 Cr (YoY +27.5%); NetProfit: 18 Cr (YoY +80.0%); EPS: 11.90,"Sales last 3Q: 158.85, 167.45, 172.25 Cr; Net Profit last 3Q: 4.80, 4.01, 4.58 Cr",,,P/E: 12.4; ROCE: 14.4; ROE: 13.4; Div Yield: 1.34; Book Value: 95.9; Mkt Cap: 222,2026-06-23
AAVAS,,,,,,,,,,,"Sales: 2,018 Cr (YoY +25.4%); NetProfit: 491 Cr (YoY +14.2%); EPS: 62.00","Sales last 3Q: 497, 508, 546 Cr; Net Profit last 3Q: 122, 117, 142 Cr",,,"P/E: 23.8; ROCE: 9.91; ROE: 13.9; Div Yield: 0.00; Book Value: 477; Mkt Cap: 11,670",2026-06-20
ABB,,,,,,,,,,,Sales: 13203 Cr (YoY +8.3%); NetProfit: 1668 Cr (YoY -10.9%); EPS: 78.73,"Sales last 3Q: 3175, 3311, 3557 Cr; Net Profit last 3Q: 352, 409, 433 Cr",Debt: 85 Cr,,ROCE: 30%; EPS: 78.73; NPM: 12.63%,2026-08-15
ABBOTINDIA,,,,,,,,,,,,,,,P/E: 35.59; ROE: N/A (see financials); Div Yield: 1.94%; Book Value: ₹2246.75; Mkt Cap: ₹57501 Cr,2026-08-15
ABCAPITAL,,,,,,,,,,,"Sales: 48,186 Cr (YoY +5.9%); NetProfit: 4,119 Cr (YoY +6.6%); EPS: 15.04","Sales last 3Q: 11,952, 13,459, 12,180 Cr; Net Profit last 3Q: 966, 1,047, 1,224 Cr",,,"P/E: 27.3; ROCE: 8.72; ROE: 12.0; Div Yield: 0.00; Book Value: 131; Mkt Cap: 1,09,732",2026-08-15
ABDL,,,,,,,,,,,"Sales: 3,979 Cr (YoY +1.4%); NetProfit: 210 Cr (YoY -4.5%); EPS: 7.90","Sales last 3Q: 1,003, 1,007, 979 Cr; Net Profit last 3Q: 64, 38, 45 Cr",,,"P/E: 75.2; ROCE: 18.4; ROE: 14.3; Div Yield: 0.90; Book Value: 59.4; Mkt Cap: 16,767",2026-08-15
ABREL,,,,,,,,,,,Sales: 450 Cr (YoY +10.6%); NetProfit: -122 Cr (YoY -6.1%); EPS: -10.41,"Sales last 3Q: 81, 83, 189 Cr; Net Profit last 3Q: -75, 5, -35 Cr",,,"ROCE: -4.48; ROE: -2.64; Div Yield: 0.18; Book Value: 331; Mkt Cap: 15,670",2026-08-15
ABSL10BANK,,,,,,,,,,,,,,,P/E: N/A; ROE: N/A (see financials); Div Yield: 0.00%; Book Value: ₹N/A; Mkt Cap: N/A,2026-07-06
ABSLAMC,,,,,,,,,,,Sales: 1845 Cr (YoY -6.9%); NetProfit: 975 Cr (YoY +4.7%); EPS: 33.76,"Sales last 4Q: 447, 461, 478, 458 Cr; Net Profit last 4Q: 277, 241, 270, 187 Cr",Debt: 64 Cr,,ROCE: 33%; EPS: 33.76; NPM: 52.85%,2026-08-15
ACC,,,,,,,,,,,"Sales: 25,442 Cr (YoY -2.0%); NetProfit: 1,909 Cr (YoY -10.7%); EPS: 101.64","Sales last 3Q: 6,483, 7,146, 5,808 Cr; Net Profit last 3Q: 404, 238, 147 Cr",,,"P/E: 13.1; ROCE: 11.2; ROE: 10.9; Div Yield: 0.57; Book Value: 1,094; Mkt Cap: 24,814",2026-08-15
ACE,,,,,,,,,,,"Sales: 3,280 Cr (YoY -1.4%); NetProfit: 415 Cr (YoY +1.5%); EPS: 34.86","Sales last 3Q: 744, 855, 1,029 Cr; Net Profit last 3Q: 90, 116, 111 Cr",,,"P/E: 28.0; ROCE: 31.7; ROE: 22.9; Div Yield: 0.20; Book Value: 169; Mkt Cap: 11,628",2026-06-18
ACI,,,,,,,,,,,"Sales: 1,081 Cr (YoY +3.8%); NetProfit: 105 Cr (YoY -35.2%); EPS: 8.66","Sales last 3Q: 233, 255, 301 Cr; Net Profit last 3Q: 29, 24, 12 Cr",,,"P/E: 62.8; ROCE: 7.41; ROE: 5.42; Div Yield: 0.48; Book Value: 157; Mkt Cap: 6,469",2026-06-18
ACMESOLAR,,,,,,,,,,,Sales: 1962 Cr (YoY +39.6%); NetProfit: 482 Cr (YoY +92%); EPS: 7.98,"Sales last 3Q: 511, 468, 497 Cr; Net Profit last 3Q: 131, 115, 114 Cr",Debt: 12998 Cr,,ROCE: 8%; EPS: 7.98; NPM: 24.57%,2026-08-15
ACUTAAS,,,,,,,,,,,Sales: 1339 Cr (YoY +33%); NetProfit: 356 Cr (YoY +122.5%); EPS: 43.51,"Sales last 4Q: 207, 306, 393, 433 Cr; Net Profit last 4Q: 44, 72, 106, 134 Cr",Debt: 36 Cr,,ROCE: 33%; EPS: 43.51; NPM: 26.59%,2026-08-15
ADANIENSOL,,,,,,,,,,,Sales: 27588 Cr (YoY +16.1%); NetProfit: 2393 Cr (YoY +159.5%); EPS: 19,"Sales last 3Q: 6596, 6730, 7443 Cr; Net Profit last 3Q: 557, 574, 723 Cr",Debt: 49176 Cr,,ROCE: 5%; EPS: 19; NPM: 8.67%,2026-08-15
ADANIENT,,,,,,,,,,,Sales: 94995 Cr (YoY -3%); NetProfit: 14132 Cr (YoY +76.5%); EPS: 103.69,"Sales last 3Q: 21961, 21249, 24820 Cr; Net Profit last 3Q: 976, 3414, 5727 Cr",Debt: 109465 Cr,,ROCE: 13%; EPS: 103.69; NPM: 14.88%,2026-08-15
ADANIGREEN,,,,,,,,,,,Sales: 12928 Cr (YoY +15.3%); NetProfit: 1987 Cr (YoY -0.7%); EPS: 10.03,"Sales last 3Q: 3008, 2618, 3502 Cr; Net Profit last 3Q: 644, 5, 514 Cr",Debt: 103545 Cr,,ROCE: 6%; EPS: 10.03; NPM: 15.37%,2026-08-15
ADANIPORTS,,,,,,,,,,,Sales: 38736 Cr (YoY +27.1%); NetProfit: 12782 Cr (YoY +15.6%); EPS: 55.58,"Sales last 4Q: 9126, 9167, 9705, 10738 Cr; Net Profit last 4Q: 3311, 3120, 3043, 3308 Cr",Debt: 63399 Cr,,ROCE: 8%; EPS: 55.58; NPM: 33%,2026-08-15
ADANIPOWER,,,,,,,,,,,"Sales: 59,033 Cr (YoY +8.8%); NetProfit: 14,533 Cr (YoY +12.0%); EPS: 7.39","Sales last 3Q: 12,451, 14,223, 18,902 Cr; Net Profit last 3Q: 2,488, 4,271, 4,867 Cr",,,"P/E: 27.8; ROCE: 17.2; ROE: 21.1; Div Yield: 0.00; Book Value: 33.7; Mkt Cap: 3,95,818",2026-08-15
ADFFOODS,,,,,,,,,,,Sales: 683 Cr (YoY +15.8%); NetProfit: 90 Cr (YoY +30.4%); EPS: 8.18,"Sales last 3Q: 163, 191, 197 Cr; Net Profit last 3Q: 26, 22, 26 Cr",,,"P/E: 35.0; ROCE: 22.8; ROE: 17.8; Div Yield: 0.40; Book Value: 52.1; Mkt Cap: 3,318",2026-06-16
ADOR,,,,,,,,,,,"Sales: 1,140 Cr (YoY +1.5%); NetProfit: 82 Cr (YoY +36.7%); EPS: 47.11","Sales last 3Q: 281, 288, 319 Cr; Net Profit last 3Q: 25, 27, 34 Cr",,,"P/E: 28.0; ROCE: 22.8; ROE: 15.8; Div Yield: 1.70; Book Value: 319; Mkt Cap: 2,353",2026-07-16
ADSL,,,,,,,,,,,Sales: 968 Cr (YoY +20.0%); NetProfit: 36 Cr (YoY +12.5%); EPS: 6.29,"Sales last 3Q: 233.70, 247.42, 267.77 Cr; Net Profit last 3Q: 15.42, 13.91, -3.39 Cr",,,P/E: 19.5; ROCE: 7.32; ROE: 5.92; Div Yield: 1.21; Book Value: 109; Mkt Cap: 700,2026-06-20
ADVAIT,,,,,,,,,,,Sales: 775 Cr (YoY +8.4%); NetProfit: 61 Cr (YoY +10.9%); EPS: 52.79,"Sales last 3Q: 211, 228, 179 Cr; Net Profit last 3Q: 17, 19, 15 Cr",,,"P/E: 41.6; ROCE: 27.9; ROE: 21.5; Div Yield: 0.08; Book Value: 254; Mkt Cap: 2,400",2026-08-07
ADVANCE,,,,,,,,,,,,,,,P/E: 27.5; ROCE: 28.0; ROE: 29.1; Div Yield: 0.00; Mkt Cap: 705,2026-06-22
ADVENTHTL,,,,,,,,,,,Sales: 388 Cr (YoY +5.7%); NetProfit: 65 Cr (YoY +140.7%); EPS: 11.71,"Sales last 3Q: 76.98, 114.72, 115.41 Cr; Net Profit last 3Q: -1.21, 30.44, 3.67 Cr",,,P/E: 15.9; ROCE: 6.78; ROE: 5.47; Div Yield: 0.00; Book Value: 168; Mkt Cap: 772,2026-06-29
ADVENZYMES,,,,,,,,,,,Sales: 710 Cr (YoY +11.5%); NetProfit: 155 Cr (YoY +15.7%); EPS: 13.61,"Sales last 3Q: 186, 185, 172 Cr; Net Profit last 3Q: 40, 45, 43 Cr",Debt: 35 Cr,,ROCE: 20%; EPS: 13.61; NPM: 21.83%,2026-08-15
AEGISLOG,,,,,,,,,,,"Sales: 8,971 Cr (YoY +7.7%); NetProfit: 1,476 Cr (YoY +33.3%); EPS: 35.65","Sales last 3Q: 1,725, 2,594, 2,357 Cr; Net Profit last 3Q: 233, 455, 545 Cr",,,"P/E: 39.3; ROCE: 13.3; ROE: 16.3; Div Yield: 0.62; Book Value: 173; Mkt Cap: 49,165",2026-08-06
AEGISVOPAK,,,,,,,,,,,Sales: 923 Cr (YoY +48.6%); NetProfit: 342 Cr (YoY +169.3%); EPS: 2.80,"Sales last 3Q: 188, 239, 243 Cr; Net Profit last 3Q: 54, 89, 74 Cr",,,"P/E: 86.7; ROCE: 7.33; ROE: 10.0; Div Yield: 0.00; Book Value: 38.7; Mkt Cap: 26,916",2026-06-18
AEQUS,,,,,,,,,,,"Sales: 1,370 Cr (YoY +11.4%); NetProfit: -170 Cr (YoY -50.4%); EPS: -2.57","Sales last 3Q: 326, 367, 396 Cr; Net Profit last 3Q: -43, -54, -53 Cr",,,"ROCE: 1.55; ROE: -9.99; Div Yield: 0.00; Book Value: 22.2; Mkt Cap: 16,742",2026-08-15
AEROENTER,,,,,,,,,,,Sales: 698 Cr (YoY +20.8%); NetProfit: 85 Cr (YoY +4.9%); EPS: 5.68,"Sales last 3Q: 172, 191, 200 Cr; Net Profit last 3Q: 20, 25, 26 Cr",,,"P/E: 20.2; ROCE: 12.6; ROE: 8.48; Div Yield: 0.26; Book Value: 73.1; Mkt Cap: 1,306",2026-06-17
AEROFLEX,,,,,,,,,,,Sales: 503 Cr (YoY +13.8%); NetProfit: 67 Cr (YoY +19.6%); EPS: 5.13,"Sales last 3Q: 121, 126, 145 Cr; Net Profit last 3Q: 16, 18, 19 Cr",,,"P/E: 90.6; ROCE: 18.9; ROE: 14.1; Div Yield: 0.09; Book Value: 33.8; Mkt Cap: 6,085",2026-08-15
AERONEU,,,,,,,,,,,Sales: 129 Cr (YoY +0.0%); NetProfit: 2 Cr; EPS: 0.66,"Sales last 3Q: 34.52, 30.88, 34.06 Cr; Net Profit last 3Q: 1.07, 0.74, -0.87 Cr",,,P/E: 146; ROCE: 4.56; ROE: 1.84; Div Yield: 0.00; Book Value: 40.8; Mkt Cap: 253,2026-06-29
AETHER,,,,,,,,,,,"Sales: 1,231 Cr (YoY +6.1%); NetProfit: 235 Cr (YoY +7.3%); EPS: 17.73","Sales last 3Q: 319, 305, 327 Cr; Net Profit last 3Q: 64, 54, 63 Cr",,,"P/E: 89.9; ROCE: 11.9; ROE: 9.66; Div Yield: 0.00; Book Value: 185; Mkt Cap: 21,570",2026-08-15
AFCONS,,,,,,,,,,,"Sales: 11,948 Cr (YoY -4.8%); NetProfit: 251 Cr (YoY -48.5%); EPS: 6.84","Sales last 3Q: 2,988, 2,976, 2,614 Cr; Net Profit last 3Q: 105, 97, -89 Cr",,,"P/E: 40.7; ROCE: 13.6; ROE: 5.38; Div Yield: 0.78; Book Value: 148; Mkt Cap: 11,745",2026-06-27
AFFLE,,,,,,,,,,,"Sales: 2,709 Cr (YoY +19.5%); NetProfit: 455 Cr (YoY +19.1%); EPS: 32.31","Sales last 3Q: 647, 717, 724 Cr; Net Profit last 3Q: 111, 119, 120 Cr",,,"P/E: 46.1; ROCE: 16.8; ROE: 13.8; Div Yield: 0.00; Book Value: 259; Mkt Cap: 20,976",2026-06-18
AGARIND,,,,,,,,,,,"Sales: 1,652 Cr (YoY -31.1%); NetProfit: 44 Cr (YoY -62.1%); EPS: 29.13","Sales last 3Q: 245, 408, 405 Cr; Net Profit last 3Q: 12, 3, 16 Cr",,,P/E: 18.9; ROCE: 7.92; ROE: 6.62; Div Yield: 0.60; Book Value: 461; Mkt Cap: 822,2026-06-18
AGARWALEYE,,,,,,,,,,,"Sales: 2,207 Cr (YoY +6.1%); NetProfit: 185 Cr (YoY +10.1%); EPS: 4.69","Sales last 3Q: 530, 564, 614 Cr; Net Profit last 3Q: 44, 50, 55 Cr",,,"P/E: 109; ROCE: 11.1; ROE: 6.81; Div Yield: 0.00; Book Value: 63.9; Mkt Cap: 16,057",2026-08-15
AGI,,,,,,,,,,,"Sales: 2,665 Cr (YoY +5.4%); NetProfit: 352 Cr (YoY +9.3%); EPS: 54.35","Sales last 3Q: 602, 634, 742 Cr; Net Profit last 3Q: 76, 71, 115 Cr",,,"P/E: 13.2; ROCE: 19.6; ROE: 15.8; Div Yield: 0.97; Book Value: 372; Mkt Cap: 4,676",2026-06-18
AGIIL,,,,,,,,,,,Sales: 357 Cr (YoY +1.1%); NetProfit: 102 Cr (YoY +7.4%); EPS: 8.28,"Sales last 3Q: 88, 88, 96 Cr; Net Profit last 3Q: 26, 27, 28 Cr",,,"P/E: 36.9; ROCE: 20.1; ROE: 25.0; Div Yield: 0.03; Book Value: 37.2; Mkt Cap: 3,774",2026-08-15
AHLUCONT,,,,,,,,,,,"Sales: 4,565 Cr (YoY +11.4%); NetProfit: 266 Cr (YoY +31.7%); EPS: 39.69","Sales last 3Q: 1,177, 1,061, 1,322 Cr; Net Profit last 3Q: 79, 54, 82 Cr",,,"P/E: 20.9; ROCE: 20.4; ROE: 13.8; Div Yield: 0.07; Book Value: 307; Mkt Cap: 5,565",2026-07-24
AIAENG,,,,,,,,,,,"Sales: 4,549 Cr (YoY +2.9%); NetProfit: 1,265 Cr (YoY -0.3%); EPS: 135.69","Sales last 3Q: 1,067, 1,266, 1,168 Cr; Net Profit last 3Q: 293, 393, 301 Cr",,,"P/E: 33.0; ROCE: 21.1; ROE: 17.0; Div Yield: 0.36; Book Value: 860; Mkt Cap: 41,834",2026-08-15
AIIL,,,,,,,,,,,"Sales: 2,609 Cr (YoY -43.0%); NetProfit: 1,929 Cr (YoY -54.5%); EPS: 22.74","Sales last 3Q: 605, 478, 311 Cr; Net Profit last 3Q: 767, 161, 58 Cr",,,"P/E: 24.3; ROCE: 13.7; ROE: 13.1; Div Yield: 0.04; Book Value: 173; Mkt Cap: 46,843",2026-06-18
AIROLAM,,,,,,,,,,,Sales: 243 Cr (YoY +15.2%); NetProfit: 5 Cr (YoY +66.7%); EPS: 3.67,"Sales last 3Q: 61.85, 69.76, 57.92 Cr; Net Profit last 3Q: 2.37, 1.40, 0.25 Cr",,,P/E: 27.9; ROCE: 9.75; ROE: 7.26; Div Yield: 0.00; Book Value: 52.4; Mkt Cap: 154,2026-06-24
AJANTPHARM,,,,,,,,,,,"Sales: 5,776 Cr (YoY +5.9%); NetProfit: 1,135 Cr (YoY +7.5%); EPS: 90.84","Sales last 3Q: 1,375, 1,422, 1,626 Cr; Net Profit last 3Q: 274, 267, 334 Cr",,,"P/E: 40.4; ROCE: 34.5; ROE: 27.1; Div Yield: 0.87; Book Value: 362; Mkt Cap: 45,895",2026-08-15
AJAXENGG,,,,,,,,,,,,,,,P/E: 31.10; ROE: 17.66%; Div Yield: 0.00%; Book Value: ₹121.68; Mkt Cap: ₹6952 Cr,2026-08-05
AJMERA,,,,,,,,,,,"Sales: 1,090 Cr (YoY +47.7%); NetProfit: 157 Cr (YoY +24.6%); EPS: 7.61","Sales last 3Q: 219, 182, 431 Cr; Net Profit last 3Q: 31, 28, 59 Cr",,,"P/E: 17.8; ROCE: 14.3; ROE: 11.5; Div Yield: 0.67; Book Value: 71.1; Mkt Cap: 2,670",2026-06-18
AKSHARCHEM,,,,,,,,,,,Sales: 199 Cr (YoY +5.9%); NetProfit: 23 Cr (YoY +35.3%); EPS: 31.23,"Sales last 3Q: 49.63, 48.47, 59.32 Cr; Net Profit last 3Q: 5.06, 4.03, 9.45 Cr",,,P/E: 8.74; ROCE: 26.9; ROE: 20.6; Div Yield: 0.30; Book Value: 116; Mkt Cap: 200,2026-06-20
AKUMS,,,,,,,,,,,"Sales: 4,502 Cr (YoY +3.3%); NetProfit: 293 Cr (YoY +14.5%); EPS: 18.53","Sales last 3Q: 1,160, 1,158, 1,167 Cr; Net Profit last 3Q: 68, 81, 101 Cr",,,"P/E: 37.7; ROCE: 14.9; ROE: 8.45; Div Yield: 0.14; Book Value: 211; Mkt Cap: 11,507",2026-08-10
ALBERTDAVD,,,,,,,,,,,,,,,P/E: N/A; ROE: N/A (see financials); Div Yield: 0.68%; Book Value: ₹686.04; Mkt Cap: ₹470 Cr,2026-08-07
ALICON,,,,,,,,,,,"Sales: 1,776 Cr (YoY +3.3%); NetProfit: 34 Cr (YoY -26.1%); EPS: 21.08","Sales last 3Q: 428.18, 430.09, 494.93 Cr; Net Profit last 3Q: 13.89, 3.30, 7.94 Cr",,,"P/E: 30.7; ROCE: 10.0; ROE: 6.42; Div Yield: 0.75; Book Value: 385; Mkt Cap: 1,203",2026-08-06
ALIVUS,,,,,,,,,,,Sales: 1885 Cr (YoY +22.6%); NetProfit: 352 Cr (YoY +12.5%); EPS: 358.74,"Sales last 4Q: 650, 602, 588, 673 Cr; Net Profit last 4Q: 142, 122, 130, 150 Cr",,,ROCE: 25%; EPS: 358.74; NPM: 18.67%,2026-08-15
ALKEM,,,,,,,,,,,"Sales: 15,081 Cr (YoY +2.5%); NetProfit: 2,204 Cr (YoY -6.3%); EPS: 180.45","Sales last 3Q: 3,737, 3,603, 3,740 Cr; Net Profit last 3Q: 653, 251, 521 Cr",,,"P/E: 28.2; ROCE: 21.2; ROE: 18.9; Div Yield: 0.99; Book Value: 1,156; Mkt Cap: 64,182",2026-08-15
ALKYLAMINE,,,,,,,,,,,Sales: 993 Cr (YoY +17.4%); NetProfit: 201 Cr (YoY +133.7%); EPS: 39.47,"Sales last 3Q: 235, 257, 235 Cr; Net Profit last 3Q: 55, 60, 49 Cr",,,"P/E: 48.3; ROCE: 41.3; ROE: 41.4; Div Yield: 0.56; Book Value: 105; Mkt Cap: 9,156",2026-06-18
ALLTIME,,,,,,,,,,,Sales: 611 Cr (YoY +9.5%); NetProfit: 35 Cr (YoY -25.5%); EPS: 5.41,"Sales last 3Q: 147.40, 159.40, 145.75 Cr; Net Profit last 3Q: 4.09, 9.17, 9.32 Cr",,,"P/E: 40.8; ROCE: 11.6; ROE: 8.96; Div Yield: 0.00; Book Value: 93.6; Mkt Cap: 1,574",2026-06-20
ALPHAGEO,,,,,,,,,,,Sales: 112 Cr (YoY -11.1%); NetProfit: -14 Cr (YoY -133.3%); EPS: -21.82,"Sales last 3Q: 5.20, 16.84, 49.29 Cr; Net Profit last 3Q: -5.74, -5.97, -2.99 Cr",,,ROCE: -6.96; ROE: -5.32; Div Yield: 3.03; Book Value: 398; Mkt Cap: 167,2026-08-03
AMAGI,,,,,,,,,,,"Sales: 1,506 Cr (YoY +29.5%); NetProfit: 72 Cr (YoY +204.3%); EPS: 3.31","Sales last 3Q: 375, 404, 397 Cr; Net Profit last 3Q: 3, 31, 34 Cr",,,"P/E: 168; ROCE: 8.00; ROE: 10.3; Div Yield: 0.00; Book Value: 81.2; Mkt Cap: 12,052",2026-06-29
AMANTA,,,,,,,,,,,,,,,P/E: 34.62; ROE: 9.40%; Div Yield: 0.00%; Book Value: ₹64.09; Mkt Cap: ₹583 Cr,2026-06-16
AMBER,,,,,,,,,,,Sales: 11793 Cr (YoY +18.2%); NetProfit: 183 Cr (YoY -27.1%); EPS: 47.89,"Sales last 4Q: 3754, 3449, 1647, 2943 Cr; Net Profit last 4Q: 118, 106, -32, -9 Cr",Debt: 2793 Cr,,ROCE: 12%; EPS: 47.89; NPM: 1.55%,2026-08-15
AMBIKCO,,,,,,,,,,,,,,,P/E: 14.16; ROE: 7.70%; Div Yield: 2.23%; Book Value: ₹1666.92; Mkt Cap: ₹1014 Cr,2026-06-24
AMBUJACEM,,,,,,,,,,,"Sales: 39,867 Cr (YoY -1.9%); NetProfit: 5,222 Cr (YoY -7.4%); EPS: 17.83","Sales last 3Q: 10,277, 10,916, 9,500 Cr; Net Profit last 3Q: 403, 1,857, 660 Cr",,,"P/E: 22.0; ROCE: 5.61; ROE: 8.85; Div Yield: 0.48; Book Value: 240; Mkt Cap: 1,03,741",2026-08-15
AMIRCHAND,,,,,,,,,,,"Sales: 2,287 Cr (YoY +14.5%); NetProfit: 103 Cr (YoY +68.9%); EPS: 9.98","Sales last 3Q: 593, 571, 695 Cr; Net Profit last 3Q: 33, 35, 20 Cr",,,"P/E: 12.8; ROCE: 15.7; ROE: 15.8; Div Yield: 0.00; Mkt Cap: 1,319",2026-06-29
AMNPLST,,,,,,,,,,,Sales: 571 Cr (YoY -13.6%); NetProfit: 37 Cr (YoY -9.8%); EPS: 6.64,"Sales last 3Q: 133, 142, 155 Cr; Net Profit last 3Q: 6, 8, 15 Cr",,,"P/E: 28.8; ROCE: 16.7; ROE: 13.3; Div Yield: 0.26; Book Value: 53.1; Mkt Cap: 1,050",2026-07-21
AMRUTANJAN,,,,,,,,,,,,,,,"P/E: 75.6; ROCE: 31.4; ROE: 20.0; Div Yield: 0.87; Book Value: 37.2; Mkt Cap: 1,541",2026-07-06
ANANDRATHI,,,,,,,,,,,"Sales: 1,197 Cr (YoY -4.5%); NetProfit: 467 Cr (YoY +17.6%); EPS: 28.01","Sales last 3Q: 290, 288, 322 Cr; Net Profit last 3Q: 100, 103, 163 Cr",,,"P/E: 77.7; ROCE: 59.2; ROE: 47.3; Div Yield: 0.30; Book Value: 60.1; Mkt Cap: 36,109",2026-08-15
ANANTRAJ,,,,,,,,,,,Sales: 2405 Cr (YoY +16.7%); NetProfit: 527 Cr (YoY +23.7%); EPS: 15.16,"Sales last 3Q: 592, 631, 642 Cr; Net Profit last 3Q: 126, 138, 144 Cr",Debt: 563 Cr,,ROCE: 7%; EPS: 15.16; NPM: 21.91%,2026-08-15
ANDHRSUGAR,,,,,,,,,,,Sales: 2329 Cr (YoY +15.3%); NetProfit: 87 Cr (YoY +222.2%); EPS: 6.22,"Sales last 4Q: 500, 600, 597, 631 Cr; Net Profit last 4Q: 6, 25, 34, 23 Cr",Debt: 7 Cr,,ROCE: 5%; EPS: 6.22; NPM: 3.74%,2026-08-15
ANGELONE,,,,,,,,,,,"Sales: 5,426 Cr (YoY +5.6%); NetProfit: 1,032 Cr (YoY +12.8%); EPS: 11.34","Sales last 3Q: 1,335, 1,459, 1,430 Cr; Net Profit last 3Q: 269, 320, 231 Cr",,,"P/E: 25.4; ROCE: 14.8; ROE: 15.6; Div Yield: 1.41; Book Value: 67.2; Mkt Cap: 26,250",2026-08-15
ANTELOPUS,,,,,,,,,,,,,,,P/E: 30.56; ROE: 14.70%; Div Yield: 0.00%; Book Value: ₹186.41; Mkt Cap: ₹2726 Cr,2026-06-20
ANTHEM,,,,,,,,,,,"Sales: 2,002 Cr (YoY -5.7%); NetProfit: 576 Cr (YoY -2.7%); EPS: 10.25","Sales last 3Q: 423, 611, 418 Cr; Net Profit last 3Q: 93, 190, 120 Cr",,,"P/E: 84.5; ROCE: 30.4; ROE: 22.3; Div Yield: 0.22; Book Value: 54.2; Mkt Cap: 50,132",2026-08-15
ANUP,,,,,,,,,,,Sales: 822 Cr (YoY +12.1%); NetProfit: 110 Cr (YoY -6.8%); EPS: 55.11,"Sales last 3Q: 232, 207, 208 Cr; Net Profit last 3Q: 32, 26, 27 Cr",,,"P/E: 40.3; ROCE: 20.7; ROE: 17.1; Div Yield: 0.76; Book Value: 345; Mkt Cap: 4,499",2026-06-20
ANURAS,,,,,,,,,,,Sales: 2230 Cr (YoY +55.2%); NetProfit: 229 Cr (YoY +43.1%); EPS: 15.36,"Sales last 4Q: 500, 486, 731, 512 Cr; Net Profit last 4Q: 63, 48, 57, 61 Cr",Debt: 1223 Cr,,ROCE: 5%; EPS: 15.36; NPM: 10.27%,2026-08-15
APARINDS,,,,,,,,,,,Sales: 21509 Cr (YoY +15.8%); NetProfit: 974 Cr (YoY +18.6%); EPS: 242.35,"Sales last 3Q: 5104, 5715, 5480 Cr; Net Profit last 3Q: 263, 252, 209 Cr",Debt: 704 Cr,,ROCE: 33%; EPS: 242.35; NPM: 4.53%,2026-08-15
APCOTEXIND,,,,,,,,,,,Sales: 361 Cr (YoY +23.2%); NetProfit: 38 Cr (YoY -2.6%); EPS: 7.24,"Sales last 3Q: 96.06, 106.45, 92.46 Cr; Net Profit last 3Q: 22.42, 6.85, 3.56 Cr",,,"P/E: 75.6; ROCE: 19.8; ROE: 24.4; Div Yield: 1.46; Book Value: 38.2; Mkt Cap: 2,834",2026-06-20
APEX,,,,,,,,,,,Sales: 958 Cr (YoY +17.7%); NetProfit: 33 Cr (YoY +725%); EPS: 10.57,"Sales last 4Q: 197, 258, 238, 264 Cr; Net Profit last 4Q: 2, 9, 12, 10 Cr",Debt: 41 Cr,,ROCE: 2%; EPS: 10.57; NPM: 3.44%,2026-08-15
APLAPOLLO,,,,,,,,,,,"Sales: 23,065 Cr (YoY -0.1%); NetProfit: 1,229 Cr (YoY +2.2%); EPS: 44.27","Sales last 3Q: 5,982, 6,269, 5,607 Cr; Net Profit last 3Q: 310, 354, 263 Cr",,,"P/E: 47.1; ROCE: 31.6; ROE: 25.3; Div Yield: 0.28; Book Value: 191; Mkt Cap: 57,845",2026-08-15
APLLTD,,,,,,,,,,,"Sales: 7,345 Cr (YoY +10.1%); NetProfit: 671 Cr (YoY +15.3%); EPS: 34.33","Sales last 3Q: 1,910, 1,876, 1,848 Cr; Net Profit last 3Q: 184, 132, 202 Cr",,,"P/E: 20.6; ROCE: 12.6; ROE: 13.4; Div Yield: 1.44; Book Value: 289; Mkt Cap: 14,998",2026-06-20
APOLLO,,,,,,,,,,,"Sales: 1,022 Cr (YoY +13.1%); NetProfit: 115 Cr (YoY +7.5%); EPS: 3.42","Sales last 3Q: 252, 293, 251 Cr; Net Profit last 3Q: 23, 37, 25 Cr",,,"P/E: 121; ROCE: 14.5; ROE: 11.8; Div Yield: 0.06; Book Value: 36.8; Mkt Cap: 14,624",2026-08-15
APOLLOHOSP,,,,,,,,,,,Sales: 24215 Cr (YoY +11.1%); NetProfit: 1866 Cr (YoY +24%); EPS: 125.32,"Sales last 3Q: 5842, 6304, 6477 Cr; Net Profit last 3Q: 441, 494, 516 Cr",Debt: 7987 Cr,,ROCE: 16%; EPS: 125.32; NPM: 7.71%,2026-08-15
APOLLOPIPE,,,,,,,,,,,"Sales: 1,105 Cr (YoY -6.5%); NetProfit: 5 Cr (YoY -85.3%); EPS: 1.70","Sales last 3Q: 235.71, 247.18, 347.02 Cr; Net Profit last 3Q: 1.39, -4.75, -0.13 Cr",,,"P/E: 287; ROCE: 2.10; ROE: 0.93; Div Yield: 0.14; Book Value: 186; Mkt Cap: 2,149",2026-06-23
APOLLOTYRE,,,,,,,,,,,"Sales: 29,308 Cr (YoY +2.9%); NetProfit: 1,708 Cr (YoY +24.5%); EPS: 26.89","Sales last 3Q: 7,743, 7,336, 7,398 Cr; Net Profit last 3Q: 471, 631, 349 Cr",,,"P/E: 13.2; ROCE: 13.9; ROE: 13.1; Div Yield: 1.35; Book Value: 263; Mkt Cap: 28,205",2026-08-15
APTECHT,,,,,,,,,,,Sales: 503 Cr (YoY +9.3%); NetProfit: 24 Cr (YoY +26.3%); EPS: 4.05,"Sales last 3Q: 134.88, 137.11, 111.00 Cr; Net Profit last 3Q: 6.46, 8.56, 1.78 Cr",,,P/E: 27.9; ROCE: 15.3; ROE: 10.1; Div Yield: 3.70; Book Value: 42.9; Mkt Cap: 705,2026-06-16
APTUS,,,,,,,,,,,"Sales: 2,192 Cr (YoY +25.3%); NetProfit: 943 Cr (YoY +25.6%); EPS: 18.83","Sales last 3Q: 544, 554, 574 Cr; Net Profit last 3Q: 227, 236, 261 Cr",,,"P/E: 14.5; ROCE: 15.4; ROE: 20.1; Div Yield: 1.65; Book Value: 101; Mkt Cap: 13,645",2026-06-18
ARE&M,,,,,,,,,,,Sales: 13338 Cr (YoY +3.8%); NetProfit: 743 Cr (YoY -21.4%); EPS: 40.6,"Sales last 3Q: 3401, 3467, 3410 Cr; Net Profit last 3Q: 165, 276, 140 Cr",Debt: 310 Cr,,ROCE: 17%; EPS: 40.6; NPM: 5.57%,2026-08-15
ARIES,,,,,,,,,,,Sales: 779 Cr (YoY +3.5%); NetProfit: 47 Cr (YoY +11.9%); EPS: 36.72,"Sales last 3Q: 202, 185, 188 Cr; Net Profit last 3Q: 17, -5, 15 Cr",,,P/E: 10.6; ROCE: 21.2; ROE: 13.7; Div Yield: 0.30; Book Value: 257; Mkt Cap: 507,2026-08-13
ARIS,,,,,,,,,,,"Sales: 1,067 Cr (YoY +38.9%); NetProfit: 60 Cr (YoY +900.0%); EPS: 6.45","Sales last 3Q: 241, 271, 343 Cr; Net Profit last 3Q: 15, 18, 22 Cr",,,P/E: 17.1; ROCE: 15.6; ROE: 11.2; Div Yield: 0.00; Book Value: 90.4; Mkt Cap: 928,2026-06-29
ARKADE,,,,,,,,,,,Sales: 816 Cr (YoY +19.5%); NetProfit: 5 Cr (YoY -96.8%); EPS: 0.29,"Sales last 3Q: 264, 197, 197 Cr; Net Profit last 3Q: 46, 40, -110 Cr",,,"P/E: 12.2; ROCE: 19.3; ROE: 20.8; Div Yield: 0.83; Book Value: 47.5; Mkt Cap: 2,235",2026-06-22
ARMANFIN,,,,,,,,,,,Sales: 646 Cr (YoY -11.5%); NetProfit: 57 Cr (YoY +9.6%); EPS: 53.85,"Sales last 3Q: 159, 160, 176 Cr; Net Profit last 3Q: 8, 22, 41 Cr",,,"P/E: 33.6; ROCE: 11.7; ROE: 6.26; Div Yield: 0.00; Book Value: 888; Mkt Cap: 1,901",2026-07-10
ARSSBL,,,,,,,,,,,Sales: 932 Cr (YoY +10.2%); NetProfit: 129 Cr (YoY +24.0%); EPS: 20.61,"Sales last 3Q: 227, 248, 256 Cr; Net Profit last 3Q: 28, 37, 42 Cr",,,"P/E: 27.2; ROCE: 19.7; ROE: 14.0; Div Yield: 0.90; Book Value: 215; Mkt Cap: 3,519",2026-06-20
ARTEMISMED,,,,,,,,,,,"Sales: 1,081 Cr (YoY +15.4%); NetProfit: 104 Cr (YoY +26.8%); EPS: 6.55","Sales last 3Q: 275, 272, 279 Cr; Net Profit last 3Q: 30, 22, 30 Cr",,,"P/E: 38.6; ROCE: 14.6; ROE: 12.0; Div Yield: 0.17; Book Value: 59.0; Mkt Cap: 4,093",2026-06-18
ARVIND,,,,,,,,,,,Sales: 8971 Cr (YoY +7.7%); NetProfit: 417 Cr (YoY +13.6%); EPS: 15.46,"Sales last 4Q: 2221, 2006, 2371, 2373 Cr; Net Profit last 4Q: 155, 55, 107, 101 Cr",Debt: 1537 Cr,,ROCE: 13%; EPS: 15.46; NPM: 4.65%,2026-08-15
ARVINDFASN,,,,,,,,,,,"Sales: 5,266 Cr (YoY +14.0%); NetProfit: 184 Cr (YoY +457.6%); EPS: 9.17","Sales last 3Q: 1,418, 1,377, 1,365 Cr; Net Profit last 3Q: 56, 36, 66 Cr",,,"P/E: 47.6; ROCE: 18.9; ROE: 14.1; Div Yield: 0.33; Book Value: 70.6; Mkt Cap: 6,398",2026-06-18
ARVSMART,,,,,,,,,,,Sales: 564 Cr (YoY -20.9%); NetProfit: 103 Cr (YoY -13.4%); EPS: 21.03,"Sales last 3Q: 141, 166, 155 Cr; Net Profit last 3Q: 18, 29, 44 Cr",,,"P/E: 28.9; ROCE: 12.9; ROE: 15.5; Div Yield: 0.99; Book Value: 142; Mkt Cap: 2,789",2026-07-24
ASAHIINDIA,,,,,,,,,,,"Sales: 4,990 Cr (YoY +8.6%); NetProfit: 345 Cr (YoY -6.0%); EPS: 13.52","Sales last 3Q: 1,151, 1,256, 1,354 Cr; Net Profit last 3Q: 58, 99, 133 Cr",,,"P/E: 64.9; ROCE: 11.8; ROE: 10.7; Div Yield: 0.22; Book Value: 154; Mkt Cap: 22,953",2026-06-25
ASAHISONG,,,,,,,,,,,Sales: 535 Cr (YoY -4.8%); NetProfit: 18 Cr (YoY +5.9%); EPS: 15.92,"Sales last 3Q: 121, 121, 144 Cr; Net Profit last 3Q: 2, 2, 11 Cr",,,P/E: 19.4; ROCE: 8.49; ROE: 7.13; Div Yield: 0.49; Book Value: 230; Mkt Cap: 364,2026-07-22
ASAL,,,,,,,,,,,,,,,P/E: 30.93; ROE: 123.29%; Div Yield: 0.00%; Book Value: ₹22.80; Mkt Cap: ₹856 Cr,2026-06-22
ASHAPURMIN,,,,,,,,,,,"Sales: 5,498 Cr (YoY +5.0%); NetProfit: 411 Cr (YoY -1.2%); EPS: 42.59","Sales last 3Q: 960, 1,969, 1,616 Cr; Net Profit last 3Q: 76, 121, 108 Cr",,,"P/E: 14.0; ROCE: 20.7; ROE: 28.0; Div Yield: 0.17; Book Value: 173; Mkt Cap: 5,765",2026-08-15
ASHIANA,,,,,,,,,,,"Sales: 1,143 Cr (YoY +116.1%); NetProfit: 118 Cr (YoY +555.6%); EPS: 11.73","Sales last 3Q: 166, 362, 323 Cr; Net Profit last 3Q: 28, 57, 21 Cr",,,"P/E: 33.5; ROCE: 14.4; ROE: 14.5; Div Yield: 0.63; Book Value: 85.5; Mkt Cap: 3,948",2026-07-21
ASHIKA,,,,,,,,,,,Sales: 240 Cr (YoY +5900.0%); NetProfit: 59 Cr (YoY +215.7%); EPS: 13.48,"Sales last 3Q: 21, 45, 50 Cr; Net Profit last 3Q: 12, -4, -36 Cr",,,"P/E: 48.6; ROCE: 13.3; ROE: 7.49; Div Yield: 0.00; Book Value: 261; Mkt Cap: 2,930",2026-07-03
ASHOKA,,,,,,,,,,,"Sales: 7,520 Cr (YoY -25.1%); NetProfit: 2,576 Cr (YoY +48.6%); EPS: 90.84","Sales last 3Q: 1,851, 1,827, 1,954 Cr; Net Profit last 3Q: 91, 2,111, 147 Cr",,,"P/E: 4.59; ROCE: 26.5; ROE: 15.3; Div Yield: 0.00; Book Value: 234; Mkt Cap: 3,695",2026-06-18
ASHOKLEY,,,,,,,,,,,"Sales: 57,723 Cr (YoY +19.5%); NetProfit: 3,731 Cr (YoY +0.3%); EPS: 5.92","Sales last 3Q: 14,830, 17,246, 13,070 Cr; Net Profit last 3Q: 862, 1,381, 668 Cr",,,"P/E: 27.1; ROCE: 13.6; ROE: 27.4; Div Yield: 2.04; Book Value: 24.2; Mkt Cap: 1,00,819",2026-08-15
ASIANENE,,,,,,,,,,,Sales: 947 Cr (YoY +19.7%); NetProfit: 59 Cr (YoY +13.5%); EPS: 12.62,"Sales last 3Q: 235, 338, 271 Cr; Net Profit last 3Q: 18, 33, 13 Cr",,,"P/E: 28.2; ROCE: 16.5; ROE: 12.9; Div Yield: 0.27; Book Value: 110; Mkt Cap: 1,821",2026-08-15
ASIANHOTNR,,,,,,,,,,,Sales: 341 Cr (YoY +7.2%); NetProfit: -102 Cr (YoY -154.5%); EPS: -23.99,"Sales last 3Q: 92, 91, 103 Cr; Net Profit last 3Q: 174, -56, 31 Cr",,,"P/E: 618; ROCE: 3.45; ROE: 0.46; Div Yield: 0.00; Book Value: 216; Mkt Cap: 1,669",2026-07-06
ASIANPAINT,,,,,,,,,,,"Sales: 35,584 Cr (YoY +4.9%); NetProfit: 4,395 Cr (YoY +18.5%); EPS: 45.09","Sales last 3Q: 8,531, 8,867, 9,247 Cr; Net Profit last 3Q: 1,018, 1,074, 1,185 Cr",,,"P/E: 59.5; ROCE: 26.3; ROE: 21.8; Div Yield: 1.00; Book Value: 223; Mkt Cap: 2,64,356",2026-06-18
ASKAUTOLTD,,,,,,,,,,,"Sales: 4,176 Cr (YoY +16.0%); NetProfit: 297 Cr (YoY +19.8%); EPS: 15.08","Sales last 3Q: 1,054, 1,084, 1,147 Cr; Net Profit last 3Q: 80, 80, 72 Cr",,,"P/E: 30.8; ROCE: 25.5; ROE: 25.3; Div Yield: 0.40; Book Value: 66.5; Mkt Cap: 9,148",2026-06-18
ASTEC,,,,,,,,,,,Sales: 448 Cr (YoY +17.6%); NetProfit: -81 Cr (YoY +40.0%); EPS: -36.32,"Sales last 3Q: 73.72, 124.72, 158.62 Cr; Net Profit last 3Q: -24.42, -15.69, -7.75 Cr",,,"ROCE: -5.44; ROE: -25.2; Div Yield: 0.00; Book Value: 175; Mkt Cap: 1,571",2026-07-16
ASTERDM,,,,,,,,,,,Sales: 4461 Cr (YoY +7.8%); NetProfit: 359 Cr (YoY -93.4%); EPS: 6.36,"Sales last 3Q: 1078, 1197, 1186 Cr; Net Profit last 3Q: 94, 121, 59 Cr",Debt: 2089 Cr,,ROCE: 139%; EPS: 6.36; NPM: 8.05%,2026-08-15
ASTRAL,,,,,,,,,,,"Sales: 6,785 Cr (YoY +3.3%); NetProfit: 576 Cr (YoY +7.7%); EPS: 21.43","Sales last 3Q: 1,542, 2,088, 1,578 Cr; Net Profit last 3Q: 108, 213, 120 Cr",,,"P/E: 70.6; ROCE: 19.2; ROE: 13.8; Div Yield: 0.26; Book Value: 151; Mkt Cap: 41,810",2026-08-15
ASTRAMICRO,,,,,,,,,,,Sales: 1082 Cr (YoY +2.9%); NetProfit: 160 Cr (YoY +3.9%); EPS: 16.9,"Sales last 3Q: 200, 215, 260 Cr; Net Profit last 3Q: 16, 24, 47 Cr",Debt: 278 Cr,,ROCE: 18%; EPS: 16.9; NPM: 14.79%,2026-08-15
ASTRAZEN,,,,,,,,,,,,,,,P/E: 107.60; ROE: 22.83%; Div Yield: 0.44%; Book Value: ₹349.12; Mkt Cap: ₹20250 Cr,2026-07-31
ATGL,,,,,,,,,,,Sales: 5894 Cr (YoY +17.9%); NetProfit: 656 Cr (YoY +0.3%); EPS: 5.96,"Sales last 3Q: 1451, 1507, 1557 Cr; Net Profit last 3Q: 163, 159, 168 Cr",Debt: 2255 Cr,,ROCE: 15%; EPS: 5.96; NPM: 11.13%,2026-08-15
ATHERENERG,,,,,,,,,,,Sales: 3672 Cr (YoY +62.8%); NetProfit: -517 Cr (YoY +36.3%); EPS: -13.51,"Sales last 4Q: 645, 899, 954, 1175 Cr; Net Profit last 4Q: -178, -154, -85, -100 Cr",Debt: 664 Cr,,ROCE: -20%; EPS: -13.51; NPM: -14.08%,2026-08-15
ATLANTAELE,,,,,,,,,,,"Sales: 2,003 Cr (YoY +8.2%); NetProfit: 217 Cr (YoY +7.4%); EPS: 28.28","Sales last 3Q: 472, 748, 466 Cr; Net Profit last 3Q: 43, 102, 47 Cr",,,"P/E: 59.2; ROCE: 45.3; ROE: 31.7; Div Yield: 0.00; Book Value: 121; Mkt Cap: 12,925",2026-08-15
ATUL,,,,,,,,,,,"Sales: 6,643 Cr (YoY +5.9%); NetProfit: 811 Cr (YoY +17.7%); EPS: 270.18","Sales last 3Q: 1,574, 1,670, 1,848 Cr; Net Profit last 3Q: 164, 211, 254 Cr",,,"P/E: 23.6; ROCE: 14.9; ROE: 11.5; Div Yield: 0.47; Book Value: 2,113; Mkt Cap: 18,818",2026-07-24
ATULAUTO,,,,,,,,,,,Sales: 824 Cr (YoY +14.0%); NetProfit: 43 Cr (YoY +138.9%); EPS: 15.23,"Sales last 3Q: 200, 231, 241 Cr; Net Profit last 3Q: 8, 15, 18 Cr",,,"P/E: 30.4; ROCE: 11.4; ROE: 9.35; Div Yield: 0.00; Book Value: 174; Mkt Cap: 1,315",2026-06-20
AUBANK,,,,,,,,,,,Revenue: 1429 Cr (YoY +18.5%); NetProfit: 762 Cr (YoY +208.5%); EPS: 13.4,"Sales last 4Q: 4378, 4511, 4727, 5019 Cr; Net Profit last 4Q: 581, 561, 668, 832 Cr",,,ROE: 14%; EPS: 13.4; NPM: 53.32%,2026-08-15
AURIONPRO,,,,,,,,,,,"Sales: 1,411 Cr (YoY +20.3%); NetProfit: 212 Cr (YoY +12.8%); EPS: 37.88","Sales last 3Q: 358, 371, 346 Cr; Net Profit last 3Q: 56, 44, 61 Cr",,,"P/E: 22.3; ROCE: 16.3; ROE: 13.4; Div Yield: 0.46; Book Value: 314; Mkt Cap: 4,848",2026-06-18
AUROPHARMA,,,,,,,,,,,Sales: 33182 Cr (YoY +4.6%); NetProfit: 3485 Cr (YoY +0%); EPS: 60.04,"Sales last 3Q: 7868, 8286, 8646 Cr; Net Profit last 3Q: 824, 848, 910 Cr",Debt: 7794 Cr,,ROCE: 11%; EPS: 60.04; NPM: 10.5%,2026-08-15
AURUM,,,,,,,,,,,Sales: 381 Cr (YoY +44.3%); NetProfit: 1 Cr (YoY +102.4%); EPS: 0.26,"Sales last 3Q: 82, 112, 124 Cr; Net Profit last 3Q: -8, 3, 16 Cr",,,"ROCE: 1.84; ROE: -2.68; Div Yield: 0.00; Book Value: 70.4; Mkt Cap: 1,451",2026-06-17
AUTOBEES,,,,,,,,,,,,,,,P/E: 28.67; ROE: N/A (see financials); Div Yield: 0.00%; Book Value: ₹N/A; Mkt Cap: N/A,2026-06-18
AVADHSUGAR,,,,,,,,,,,,,,,P/E: 19.51; ROE: 5.15%; Div Yield: 1.98%; Book Value: ₹561.71; Mkt Cap: ₹1118 Cr,2026-08-03
AVALON,,,,,,,,,,,Sales: 1603 Cr (YoY +46%); NetProfit: 113 Cr (YoY +79.4%); EPS: 16.92,"Sales last 4Q: 323, 382, 418, 480 Cr; Net Profit last 4Q: 14, 25, 33, 41 Cr",Debt: 213 Cr,,ROCE: 15%; EPS: 16.92; NPM: 7.05%,2026-08-15
AVANTEL,,,,,,,,,,,Sales: 223 Cr (YoY -10.4%); NetProfit: 15 Cr (YoY -73.2%); EPS: 0.56,"Sales last 3Q: 55.42, 51.72, 63.83 Cr; Net Profit last 3Q: 4.27, 2.74, 4.77 Cr",,,"P/E: 309; ROCE: 9.63; ROE: 5.29; Div Yield: 0.11; Book Value: 12.7; Mkt Cap: 4,702",2026-06-18
AVANTIFEED,,,,,,,,,,,Sales: 5981 Cr (YoY +6.6%); NetProfit: 675 Cr (YoY +21.2%); EPS: 46.44,"Sales last 3Q: 1606, 1609, 1384 Cr; Net Profit last 3Q: 186, 169, 163 Cr",Debt: 15 Cr,,ROCE: 29%; EPS: 46.44; NPM: 11.29%,2026-08-15
AVG,,,,,,,,,,,Sales: 550 Cr (YoY -0.4%); NetProfit: 21 Cr (YoY +0.0%); EPS: 11.07,"Sales last 3Q: 125.02, 143.03, 134.08 Cr; Net Profit last 3Q: 4.97, 5.08, 5.40 Cr",,,P/E: 16.5; ROCE: 12.6; ROE: 9.60; Div Yield: 0.66; Book Value: 137; Mkt Cap: 341,2026-06-20
AVL,,,,,,,,,,,,,,,P/E: 67.20; ROE: 18.38%; Div Yield: 0.19%; Book Value: ₹53.28; Mkt Cap: ₹7845 Cr,2026-06-17
AWFIS,,,,,,,,,,,"Sales: 1,493 Cr (YoY +23.6%); NetProfit: 71 Cr (YoY +4.4%); EPS: 9.90","Sales last 3Q: 367, 382, 410 Cr; Net Profit last 3Q: 16, 22, 23 Cr",,,"P/E: 30.8; ROCE: 13.2; ROE: 14.0; Div Yield: 0.00; Book Value: 77.2; Mkt Cap: 2,182",2026-06-27
AWHCL,,,,,,,,,,,"Sales: 1,053 Cr (YoY +12.7%); NetProfit: 92 Cr (YoY -8.9%); EPS: 26.58","Sales last 3Q: 258, 262, 286 Cr; Net Profit last 3Q: 17, 15, 37 Cr",,,"P/E: 18.3; ROCE: 11.2; ROE: 10.8; Div Yield: 0.00; Book Value: 260; Mkt Cap: 1,380",2026-06-22
AWL,,,,,,,,,,,"Sales: 77,720 Cr (YoY +4.0%); NetProfit: 1,158 Cr (YoY +10.8%); EPS: 8.90","Sales last 3Q: 18,603, 21,465, 20,048 Cr; Net Profit last 3Q: 269, 293, 351 Cr",,,"P/E: 21.3; ROCE: 18.3; ROE: 10.7; Div Yield: 0.52; Book Value: 80.3; Mkt Cap: 24,975",2026-08-15
AXISBANK,,,,,,,,,,,"Sales: 132,538 Cr (YoY +4.1%); NetProfit: 26,548 Cr (YoY -5.8%); EPS: 84.89","Sales last 3Q: 32,310, 33,709, 34,171 Cr; Net Profit last 3Q: 5,567, 7,060, 7,642 Cr",,,"P/E: 16.0; ROCE: 6.24; ROE: 13.2; Div Yield: 0.07; Book Value: 687; Mkt Cap: 4,21,164",2026-06-18
AXISCADES,,,,,,,,,,,Sales: 1154 Cr (YoY +11.9%); NetProfit: 103 Cr (YoY +37.3%); EPS: 24.06,"Sales last 4Q: 268, 244, 299, 343 Cr; Net Profit last 4Q: 32, 21, 23, 28 Cr",Debt: 259 Cr,,ROCE: 10%; EPS: 24.06; NPM: 8.93%,2026-08-15
AXISGOLD,,,,,,,,,,,,,,,P/E: N/A; ROE: N/A (see financials); Div Yield: 0.00%; Book Value: ₹N/A; Mkt Cap: N/A,2026-06-18
AXISILVER,,,,,,,,,,,,,,,P/E: N/A; ROE: N/A (see financials); Div Yield: 0.00%; Book Value: ₹N/A; Mkt Cap: N/A,2026-06-18
AYE,,,,,,,,,,,,,,,P/E: 18.31; ROE: 9.24%; Div Yield: 0.00%; Book Value: ₹114.68; Mkt Cap: ₹4302 Cr,2026-06-29
AYMSYNTEX,,,,,,,,,,,"Sales: 1,365 Cr (YoY -8.3%); NetProfit: 7 Cr (YoY -41.7%); EPS: 1.12","Sales last 3Q: 349.15, 323.72, 365.77 Cr; Net Profit last 3Q: -0.39, 1.48, 9.02 Cr",,,"P/E: 234; ROCE: 5.35; ROE: 1.12; Div Yield: 0.00; Book Value: 100; Mkt Cap: 1,532",2026-07-03
AZAD,,,,,,,,,,,Sales: 568 Cr (YoY +24.3%); NetProfit: 122 Cr (YoY +40.2%); EPS: 18.92,"Sales last 3Q: 137, 146, 159 Cr; Net Profit last 3Q: 29, 33, 35 Cr",Debt: 312 Cr,,ROCE: 12%; EPS: 18.92; NPM: 21.48%,2026-08-15
BAJAJ-AUTO,,,,,,,,,,,Sales: 62905 Cr (YoY +23.4%); NetProfit: 10574 Cr (YoY +44.4%); EPS: 384.41,"Sales last 4Q: 13133, 15735, 16204, 17832 Cr; Net Profit last 4Q: 2210, 2122, 2750, 3492 Cr",Debt: 22713 Cr,,ROCE: 39%; EPS: 384.41; NPM: 16.81%,2026-08-15
BAJAJCON,,,,,,,,,,,Sales: 1165 Cr (YoY +20.7%); NetProfit: 190 Cr (YoY +52%); EPS: 14.56,"Sales last 4Q: 267, 265, 306, 327 Cr; Net Profit last 4Q: 38, 42, 46, 64 Cr",Debt: 16 Cr,,ROCE: 30%; EPS: 14.56; NPM: 16.31%,2026-08-15
BAJAJELEC,,,,,,,,,,,"Sales: 4,462 Cr (YoY -7.5%); NetProfit: -91 Cr (YoY -168.4%); EPS: -7.87","Sales last 3Q: 1,107, 1,051, 1,240 Cr; Net Profit last 3Q: 10, -34, -68 Cr",,,"ROCE: 3.14; ROE: -1.09; Div Yield: 0.91; Book Value: 138; Mkt Cap: 3,798",2026-07-03
BAJAJFINSV,,,,,,,,,,,"Sales: 150,504 Cr (YoY +12.5%); NetProfit: 19,669 Cr (YoY +12.0%); EPS: 61.24","Sales last 3Q: 37,403, 39,708, 38,494 Cr; Net Profit last 3Q: 4,746, 4,368, 5,226 Cr",,,"P/E: 28.5; ROCE: 10.5; ROE: 13.2; Div Yield: 0.08; Book Value: 487; Mkt Cap: 2,83,545",2026-06-18
BAJAJHCARE,,,,,,,,,,,,,,,P/E: 47.05; ROE: 4.27%; Div Yield: 0.01%; Book Value: ₹167.01; Mkt Cap: ₹1067 Cr,2026-06-18
BAJAJHLDNG,,,,,,,,,,,"Sales: 1,121 Cr (YoY +51.7%); NetProfit: 9,789 Cr (YoY +47.7%); EPS: 865.89","Sales last 3Q: 397, 288, 61 Cr; Net Profit last 3Q: 1,690, 2,018, 2,577 Cr",,,"P/E: 14.3; ROCE: 11.0; ROE: 11.9; Div Yield: 1.39; Book Value: 6,573; Mkt Cap: 1,15,801",2026-07-21
BAJAJINDEF,,,,,,,,,,,Sales: 208 Cr (YoY +16.2%); NetProfit: 24 Cr (YoY -29.4%); EPS: 7.38,"Sales last 3Q: 49.31, 50.64, 68.04 Cr; Net Profit last 3Q: 6.26, 4.90, 6.82 Cr",,,P/E: 34.6; ROCE: 9.45; ROE: 9.20; Div Yield: 0.77; Book Value: 84.3; Mkt Cap: 831,2026-06-27
BAJEL,,,,,,,,,,,"Sales: 2,792 Cr (YoY +7.5%); NetProfit: 20 Cr (YoY +33.3%); EPS: 1.75","Sales last 3Q: 614, 562, 1,008 Cr; Net Profit last 3Q: 4, -0, 14 Cr",,,"P/E: 93.6; ROCE: 10.2; ROE: 3.50; Div Yield: 0.30; Book Value: 64.6; Mkt Cap: 2,318",2026-06-17
BAJFINANCE,,,,,,,,,,,"Sales: 81,982 Cr (YoY +17.6%); NetProfit: 19,332 Cr (YoY +15.2%); EPS: 30.56","Sales last 3Q: 20,179, 21,013, 21,606 Cr; Net Profit last 3Q: 4,948, 4,066, 5,553 Cr",,,"P/E: 31.2; ROCE: 10.8; ROE: 18.2; Div Yield: 0.56; Book Value: 183; Mkt Cap: 5,98,812",2026-06-20
BALAMINES,,,,,,,,,,,"Sales: 1,419 Cr (YoY +2.2%); NetProfit: 169 Cr (YoY +6.3%); EPS: 51.60","Sales last 3Q: 341, 331, 395 Cr; Net Profit last 3Q: 37, 31, 65 Cr",,,"P/E: 45.9; ROCE: 11.0; ROE: 8.74; Div Yield: 0.47; Book Value: 610; Mkt Cap: 7,664",2026-07-09
BALKRISIND,,,,,,,,,,,"Sales: 11,518 Cr (YoY +6.4%); NetProfit: 1,406 Cr (YoY +13.1%); EPS: 72.71","Sales last 3Q: 2,737, 2,933, 3,455 Cr; Net Profit last 3Q: 382, 299, 451 Cr",,,"P/E: 32.5; ROCE: 11.2; ROE: 9.66; Div Yield: 0.68; Book Value: 567; Mkt Cap: 45,692",2026-08-15
BALMLAWRIE,,,,,,,,,,,"Sales: 2,717 Cr (YoY +8.5%); NetProfit: 270 Cr (YoY +4.2%); EPS: 16.18","Sales last 3Q: 635, 657, 744 Cr; Net Profit last 3Q: 55, 65, 83 Cr",,,"P/E: 11.2; ROCE: 14.6; ROE: 13.7; Div Yield: 4.68; Book Value: 121; Mkt Cap: 3,103",2026-06-20
BALRAMCHIN,,,,,,,,,,,Sales: 6171 Cr (YoY +14%); NetProfit: 448 Cr (YoY +2.5%); EPS: 22.19,"Sales last 3Q: 1542, 1671, 1454 Cr; Net Profit last 3Q: 52, 54, 113 Cr",Debt: 774 Cr,,ROCE: 10%; EPS: 22.19; NPM: 7.26%,2026-08-15
BALUFORGE,,,,,,,,,,,"Sales: 1,175 Cr (YoY +6.1%); NetProfit: 268 Cr (YoY +3.5%); EPS: 22.75","Sales last 3Q: 311, 264, 301 Cr; Net Profit last 3Q: 71, 66, 66 Cr",,,"P/E: 22.4; ROCE: 22.7; ROE: 19.6; Div Yield: 0.03; Book Value: 131; Mkt Cap: 5,994",2026-08-15
BANARBEADS,,,,,,,,,,,,,,,P/E: 42.43; ROE: 3.13%; Div Yield: 3.40%; Book Value: ₹87.38; Mkt Cap: ₹75 Cr,2026-07-09
BANCOINDIA,,,,,,,,,,,"Sales: 3,896 Cr (YoY +21.3%); NetProfit: 482 Cr (YoY +23.0%); EPS: 33.68","Sales last 3Q: 1,038, 789, 1,099 Cr; Net Profit last 3Q: 139, 86, 147 Cr",,,"P/E: 20.4; ROCE: 30.9; ROE: 31.2; Div Yield: 2.26; Book Value: 118; Mkt Cap: 9,484",2026-06-20
BANDHANBNK,,,,,,,,,,,Revenue: 21689 Cr (YoY -1.2%); NetProfit: 1224 Cr (YoY -55.4%); EPS: 7.6,"Sales last 4Q: 5476, 5354, 5431, 5428 Cr; Net Profit last 4Q: 372, 112, 206, 534 Cr",,,ROE: 5%; EPS: 7.6; NPM: 5.64%,2026-08-15
BANKBARODA,,,,,,,,,,,"Sales: 136,546 Cr (YoY +1.7%); NetProfit: 18,392 Cr (YoY -8.4%); EPS: 35.13","Sales last 3Q: 33,600, 34,514, 35,115 Cr; Net Profit last 3Q: 5,501, 5,872, 1,839 Cr",,,"P/E: 5.81; ROCE: 5.63; ROE: 12.7; Div Yield: 3.42; Book Value: 326; Mkt Cap: 1,28,364",2026-08-15
BANKBEES,,,,,,,,,,,,,,,P/E: 15.02; ROE: N/A (see financials); Div Yield: 0.00%; Book Value: ₹N/A; Mkt Cap: N/A,2026-06-20
BANKINDIA,,,,,,,,,,,"Sales: 77,244 Cr (YoY +2.2%); NetProfit: 11,783 Cr (YoY +14.3%); EPS: 25.87","Sales last 3Q: 19,052, 19,573, 20,097 Cr; Net Profit last 3Q: 2,814, 3,089, 3,304 Cr",,,"P/E: 5.57; ROCE: 5.93; ROE: 12.4; Div Yield: 3.23; Book Value: 200; Mkt Cap: 65,604",2026-08-15
BANSALWIRE,,,,,,,,,,,"Sales: 4,160 Cr (YoY +18.6%); NetProfit: 161 Cr (YoY +10.3%); EPS: 10.28","Sales last 3Q: 1,055, 1,029, 1,136 Cr; Net Profit last 3Q: 38, 43, 40 Cr",,,"P/E: 30.6; ROCE: 13.8; ROE: 12.1; Div Yield: 0.00; Book Value: 91.4; Mkt Cap: 4,987",2026-06-23
BANSWRAS,,,,,,,,,,,"Sales: 1,356 Cr (YoY +4.9%); NetProfit: 31 Cr (YoY +40.9%); EPS: 9.11","Sales last 3Q: 345, 340, 366 Cr; Net Profit last 3Q: 7, 14, 11 Cr",,,P/E: 12.6; ROCE: 8.99; ROE: 6.55; Div Yield: 0.73; Book Value: 171; Mkt Cap: 472,2026-06-20
BASF,,,,,,,,,,,"Sales: 14,944 Cr (YoY -2.1%); NetProfit: 420 Cr (YoY -12.3%); EPS: 97.05","Sales last 3Q: 3,896, 3,863, 3,444 Cr; Net Profit last 3Q: 107, 107, 69 Cr",,,"P/E: 39.0; ROCE: 14.7; ROE: 11.0; Div Yield: 0.67; Book Value: 914; Mkt Cap: 16,214",2026-06-23
BATAINDIA,,,,,,,,,,,"Sales: 3,516 Cr (YoY +0.8%); NetProfit: 134 Cr (YoY -59.5%); EPS: 10.44","Sales last 3Q: 801.33, 944.68, 827.63 Cr; Net Profit last 3Q: 13.90, 66.10, 2.21 Cr",,,"P/E: 58.0; ROCE: 12.2; ROE: 10.5; Div Yield: 1.20; Book Value: 124; Mkt Cap: 9,610",2026-06-20
BATLIBOI,,,,,,,,,,,Sales: 297 Cr (YoY +2.1%); NetProfit: -5 Cr (YoY -183.3%); EPS: -1.09,"Sales last 3Q: 120.94, 124.32, 125.63 Cr; Net Profit last 3Q: 6.10, -1.83, 4.71 Cr",,,P/E: 685; ROCE: 1.79; ROE: 0.37; Div Yield: 0.58; Book Value: 40.4; Mkt Cap: 486,2026-08-06
BAYERCROP,,,,,,,,,,,Sales: 727 Cr (YoY +9.0%); NetProfit: 55 Cr (YoY +44.7%); EPS: 14.03,"Sales last 3Q: 223, 242 Cr; Net Profit last 3Q: 8, 17 Cr",,,"P/E: 371; ROCE: 20.1; ROE: 15.8; Div Yield: 3.07; Book Value: 84.5; Mkt Cap: 18,280",2026-06-29
BBL,,,,,,,,,,,Sales: 2126 Cr (YoY +11.8%); NetProfit: 131 Cr (YoY -2.2%); EPS: 115.99,"Sales last 3Q: 465, 473, 568 Cr; Net Profit last 3Q: 28, 28, 25 Cr",Debt: 191 Cr,,ROCE: 10%; EPS: 115.99; NPM: 6.16%,2026-08-15
BBNPPGOLD,,,,,,,,,,,,,,,P/E: N/A; ROE: N/A (see financials); Div Yield: 0.00%; Book Value: ₹N/A; Mkt Cap: N/A,2026-06-24
BBOX,,,,,,,,,,,Sales: 6175 Cr (YoY +3.5%); NetProfit: 213 Cr (YoY +3.9%); EPS: 12.55,"Sales last 4Q: 1545, 1387, 1585, 1660 Cr; Net Profit last 4Q: 60, 47, 56, 50 Cr",Debt: 1038 Cr,,ROCE: 4%; EPS: 12.55; NPM: 3.45%,2026-08-15
BBTC,,,,,,,,,,,"Sales: 19,539 Cr (YoY +6.8%); NetProfit: 2,499 Cr (YoY +13.6%); EPS: 178.10","Sales last 3Q: 4,943, 5,066, 4,818 Cr; Net Profit last 3Q: 566, 655, 781 Cr",,,"P/E: 9.17; ROCE: 33.0; ROE: 19.1; Div Yield: 1.07; Book Value: 1,009; Mkt Cap: 11,081",2026-06-22
BBTCL,,,,,,,,,,,Sales: 616 Cr (YoY +25.2%); NetProfit: 20 Cr (YoY +433.3%); EPS: 10.06,"Sales last 3Q: 146.33, 155.43, 162.34 Cr; Net Profit last 3Q: 4.36, 4.70, 8.90 Cr",,,P/E: 24.0; ROCE: 13.7; ROE: 17.0; Div Yield: 0.00; Book Value: 64.4; Mkt Cap: 496,2026-07-31
BDL,,,,,,,,,,,,,,,P/E: 98.04; ROE: 10.19%; Div Yield: 0.37%; Book Value: ₹115.78; Mkt Cap: ₹51245 Cr,2026-08-15
BECTORFOOD,,,,,,,,,,,"Sales: 2,119 Cr (YoY +3.7%); NetProfit: 149 Cr (YoY +5.7%); EPS: 4.84","Sales last 3Q: 533, 486, 549 Cr; Net Profit last 3Q: 38, 35, 39 Cr",,,"P/E: 49.6; ROCE: 14.2; ROE: 11.6; Div Yield: 0.25; Book Value: 41.4; Mkt Cap: 7,379",2026-08-15
BEL,,,,,,,,,,,"Sales: 28,717 Cr (YoY +4.0%); NetProfit: 6,148 Cr (YoY +1.4%); EPS: 8.40","Sales last 3Q: 7,154, 10,224, 5,547 Cr; Net Profit last 3Q: 1,580, 2,226, 1,055 Cr",,,"P/E: 48.9; ROCE: 36.4; ROE: 27.4; Div Yield: 0.61; Book Value: 32.8; Mkt Cap: 3,00,286",2026-08-15
BELRISE,,,,,,,,,,,Sales: 9231 Cr (YoY +11.3%); NetProfit: 477 Cr (YoY +34.4%); EPS: 5.81,"Sales last 4Q: 2274, 2262, 2354, 2341 Cr; Net Profit last 4Q: 110, 112, 133, 122 Cr",Debt: 1418 Cr,,ROCE: 13%; EPS: 5.81; NPM: 5.17%,2026-08-15
BEML,,,,,,,,,,,Sales: 4209 Cr (YoY +4.6%); NetProfit: 249 Cr (YoY -15%); EPS: 29.9,"Sales last 4Q: 1653, 634, 839, 1083 Cr; Net Profit last 4Q: 288, -64, 48, -22 Cr",Debt: 666 Cr,,ROCE: 16%; EPS: 29.9; NPM: 5.92%,2026-08-15
BEPL,,,,,,,,,,,"Sales: 1,276 Cr (YoY -8.7%); NetProfit: 180 Cr (YoY +0.0%); EPS: 7.24","Sales last 3Q: 325, 301, 342 Cr; Net Profit last 3Q: 40, 42, 52 Cr",,,"P/E: 14.3; ROCE: 23.8; ROE: 17.3; Div Yield: 3.87; Book Value: 43.5; Mkt Cap: 2,581",2026-06-18
BERGEPAINT,,,,,,,,,,,"Sales: 12,263 Cr (YoY +3.2%); NetProfit: 1,218 Cr (YoY +8.0%); EPS: 10.44","Sales last 3Q: 2,984, 2,868, 3,584 Cr; Net Profit last 3Q: 271, 335, 405 Cr",,,"P/E: 51.8; ROCE: 21.6; ROE: 17.3; Div Yield: 0.73; Book Value: 59.3; Mkt Cap: 63,559",2026-08-15
BETA,,,,,,,,,,,Sales: 410 Cr (YoY +6.5%); NetProfit: 46 Cr (YoY +12.2%); EPS: 45.03,"Sales last 3Q: 87, 94, 126 Cr; Net Profit last 3Q: 9, 9, 16 Cr",,,"P/E: 54.2; ROCE: 19.2; ROE: 18.8; Div Yield: 0.00; Book Value: 241; Mkt Cap: 2,473",2026-07-20
BFINVEST,,,,,,,,,,,Sales: 76 Cr (YoY +20.6%); NetProfit: 282 Cr (YoY +27.0%); EPS: 74.87,"Sales last 3Q: 19, 10, 37 Cr; Net Profit last 3Q: 40, 89, 114 Cr",,,"P/E: 6.49; ROCE: 4.86; ROE: 3.65; Div Yield: 2.05; Book Value: 2,267; Mkt Cap: 1,830",2026-07-10
BFUTILITIE,,,,,,,,,,,Sales: 837 Cr (YoY -13.6%); NetProfit: 338 Cr (YoY +11.2%); EPS: 38.86,"Sales last 3Q: 210, 232, 235 Cr; Net Profit last 3Q: 84, 98, 103 Cr",,,"P/E: 13.2; ROCE: 29.9; ROE: 113; Div Yield: 0.00; Book Value: 53.5; Mkt Cap: 2,010",2026-08-15
BHAGCHEM,,,,,,,,,,,Sales: 536 Cr (YoY +21.8%); NetProfit: 18 Cr (YoY +28.6%); EPS: 1.40,"Sales last 3Q: 140.10, 113.97, 158.10 Cr; Net Profit last 3Q: 5.50, 4.62, 4.07 Cr",,,"P/E: 185; ROCE: 4.53; ROE: 2.63; Div Yield: 0.06; Book Value: 53.8; Mkt Cap: 3,359",2026-06-18
BHAGYANGR,,,,,,,,,,,"Sales: 2,597 Cr (YoY +9.2%); NetProfit: 63 Cr (YoY +26.0%); EPS: 19.64","Sales last 3Q: 577, 735, 705 Cr; Net Profit last 3Q: 13, 18, 20 Cr",,,"P/E: 18.9; ROCE: 20.7; ROE: 21.6; Div Yield: 0.00; Book Value: 80.5; Mkt Cap: 1,189",2026-08-13
BHARATFORG,,,,,,,,,,,Sales: 16136 Cr (YoY +6.7%); NetProfit: 1139 Cr (YoY +24.8%); EPS: 23.62,"Sales last 3Q: 3909, 4032, 4343 Cr; Net Profit last 3Q: 284, 299, 273 Cr",Debt: 6658 Cr,,ROCE: 15%; EPS: 23.62; NPM: 7.06%,2026-08-15
BHARATSE,,,,,,,,,,,Sales: 1951 Cr (YoY +51.4%); NetProfit: 42 Cr (YoY +27.3%); EPS: 6.72,"Sales last 4Q: 427, 459, 491, 574 Cr; Net Profit last 4Q: 9, 10, 10, 13 Cr",Debt: 110 Cr,,ROCE: 20%; EPS: 6.72; NPM: 2.15%,2026-08-15
BHARATWIRE,,,,,,,,,,,Sales: 622 Cr (YoY +5.6%); NetProfit: 96 Cr (YoY +54.8%); EPS: 14.14,"Sales last 3Q: 159, 157, 147 Cr; Net Profit last 3Q: 24, 26, 22 Cr",,,"P/E: 15.3; ROCE: 18.7; ROE: 42.2; Div Yield: 0.00; Book Value: 40.8; Mkt Cap: 1,472",2026-06-20
BHARTIARTL,,,,,,,,,,,"Sales: 210,973 Cr (YoY +22.0%); NetProfit: 33,823 Cr (YoY -9.8%); EPS: 43.81","Sales last 3Q: 52,145, 53,982, 55,383 Cr; Net Profit last 3Q: 8,651, 8,503, 9,247 Cr",,,"P/E: 40.6; ROCE: 18.5; ROE: 21.9; Div Yield: 0.84; Book Value: 245; Mkt Cap: 11,64,304",2026-06-20
BHARTIHEXA,,,,,,,,,,,,,,,P/E: 44.45; ROE: N/A (see financials); Div Yield: 1.15%; Book Value: ₹143.30; Mkt Cap: ₹81055 Cr,2026-08-15
BHEL,,,,,,,,,,,Sales: 30465 Cr (YoY +7.5%); NetProfit: 814 Cr (YoY +52.4%); EPS: 2.34,"Sales last 3Q: 5487, 7512, 8473 Cr; Net Profit last 3Q: -456, 375, 390 Cr",Debt: 10969 Cr,,ROCE: 5%; EPS: 2.34; NPM: 2.67%,2026-08-15
BIKAJI,,,,,,,,,,,"Sales: 2,994 Cr (YoY +14.2%); NetProfit: 254 Cr (YoY +30.9%); EPS: 10.30","Sales last 3Q: 830, 790, 721 Cr; Net Profit last 3Q: 78, 62, 56 Cr",,,"P/E: 61.4; ROCE: 19.7; ROE: 17.5; Div Yield: 0.20; Book Value: 64.1; Mkt Cap: 16,062",2026-06-27
BIOCON,,,,,,,,,,,"Sales: 17,321 Cr (YoY +2.3%); NetProfit: 416 Cr (YoY +12.7%); EPS: 3.36","Sales last 3Q: 4,173, 4,517, 4,336 Cr; Net Profit last 3Q: -52, 199, 137 Cr",,,"P/E: 93.4; ROCE: 3.61; ROE: 1.40; Div Yield: 0.12; Book Value: 210; Mkt Cap: 67,958",2026-08-15
BIRLACORPN,,,,,,,,,,,"Sales: 9,656 Cr (YoY +4.8%); NetProfit: 558 Cr (YoY +89.2%); EPS: 72.41","Sales last 3Q: 2,207, 2,159, 2,836 Cr; Net Profit last 3Q: 90, 53, 295 Cr",,,"P/E: 13.8; ROCE: 9.78; ROE: 7.82; Div Yield: 0.99; Book Value: 956; Mkt Cap: 7,753",2026-06-22
BIRLAMONEY,,,,,,,,,,,Sales: 172 Cr (YoY +4.9%); NetProfit: 10 Cr (YoY +0.0%); EPS: 1.70,"Sales last 3Q: 43.82, 42.14, 43.11 Cr; Net Profit last 3Q: 2.29, 2.02, 2.36 Cr",,,P/E: 85.7; ROCE: 12.4; ROE: 26.0; Div Yield: 0.00; Book Value: 2.92; Mkt Cap: 816,2026-06-20
BIRLANU,,,,,,,,,,,"Sales: 3,852 Cr (YoY +3.3%); NetProfit: -109 Cr (YoY +9.2%); EPS: -144.33","Sales last 3Q: 857.84, 1,010.13, 1,174.02 Cr; Net Profit last 3Q: -53.03, -22.35, 9.40 Cr",,,"ROCE: -4.29; ROE: -14.9; Div Yield: 0.96; Book Value: 1,472; Mkt Cap: 1,173",2026-08-06
BLACKBUCK,,,,,,,,,,,Sales: 652 Cr (YoY +52.7%); NetProfit: 160 Cr (YoY +1877.8%); EPS: 8.82,"Sales last 3Q: 151, 172, 185 Cr; Net Profit last 3Q: 29, 32, 66 Cr",,,"P/E: 63.8; ROCE: 12.8; ROE: 12.3; Div Yield: 0.00; Book Value: 78.2; Mkt Cap: 10,452",2026-06-20
BLAL,,,,,,,,,,,,,,,P/E: inf; ROE: 0.96%; Div Yield: 0.00%; Book Value: ₹0.27; Mkt Cap: ₹812 Cr,2026-07-03
BLISSGVS,,,,,,,,,,,Sales: 868 Cr (YoY +7.2%); NetProfit: 114 Cr (YoY +26.7%); EPS: 10.33,"Sales last 3Q: 207, 244, 218 Cr; Net Profit last 3Q: 44, 29, 25 Cr",Debt: 52 Cr,,ROCE: 9%; EPS: 10.33; NPM: 13.13%,2026-08-15
BLS,,,,,,,,,,,"Sales: 3,178 Cr (YoY +6.0%); NetProfit: 744 Cr (YoY +2.8%); EPS: 17.15","Sales last 3Q: 736, 815, 891 Cr; Net Profit last 3Q: 170, 187, 202 Cr",,,"P/E: 16.2; ROCE: 29.3; ROE: 32.7; Div Yield: 0.72; Book Value: 59.8; Mkt Cap: 11,451",2026-08-15
BLSE,,,,,,,,,,,"Sales: 1,178 Cr (YoY +5.4%); NetProfit: 70 Cr (YoY +1.4%); EPS: 6.39","Sales last 3Q: 281, 323, 304 Cr; Net Profit last 3Q: 15, 18, 19 Cr",,,"P/E: 49.1; ROCE: 17.0; ROE: 11.4; Div Yield: 0.16; Book Value: 57.5; Mkt Cap: 2,855",2026-08-15
BLUEDART,,,,,,,,,,,"Sales: 6,357 Cr (YoY +3.5%); NetProfit: 287 Cr (YoY +16.2%); EPS: 120.98","Sales last 3Q: 1,616, 1,533, 1,658 Cr; Net Profit last 3Q: 68, 49, 88 Cr",,,"P/E: 39.7; ROCE: 16.6; ROE: 16.8; Div Yield: 0.46; Book Value: 749; Mkt Cap: 12,874",2026-08-03
BLUEJET,,,,,,,,,,,,,,,"P/E: 78.5; ROCE: 57.3; ROE: 52.1; Div Yield: 0.21; Mkt Cap: 11,063",2026-08-15
BLUESTARCO,,,,,,,,,,,"Sales: 12,798 Cr (YoY +3.2%); NetProfit: 509 Cr (YoY -3.4%); EPS: 24.77","Sales last 3Q: 2,925, 4,072, 3,378 Cr; Net Profit last 3Q: 81, 227, 103 Cr",,,"P/E: 58.6; ROCE: 21.2; ROE: 17.2; Div Yield: 0.56; Book Value: 167; Mkt Cap: 31,007",2026-08-15
BLUESTONE,,,,,,,,,,,"Sales: 2,681 Cr (YoY +10.1%); NetProfit: 54 Cr (YoY +315.4%); EPS: 3.71","Sales last 3Q: 748.65, 681.47, 736.85 Cr; Net Profit last 3Q: 68.85, 31.18, 5.96 Cr",,,"P/E: 229; ROCE: 7.07; ROE: 1.10; Div Yield: 0.00; Book Value: 118; Mkt Cap: 12,884",2026-08-14
BLUSPRING,,,,,,,,,,,"Sales: 3,382 Cr (YoY -2.9%); NetProfit: -23 Cr (YoY +87.2%); EPS: -1.03","Sales last 3Q: 857.48, 862.53, 864.80 Cr; Net Profit last 3Q: 3.52, -23.24, 3.82 Cr",,,"ROCE: 5.14; ROE: -0.08; Div Yield: 0.00; Book Value: 44.8; Mkt Cap: 1,631",2026-06-17
BOMDYEING,,,,,,,,,,,"Sales: 1,460 Cr (YoY -9.0%); NetProfit: 27 Cr (YoY -94.5%); EPS: 1.30","Sales last 3Q: 363, 324, 396 Cr; Net Profit last 3Q: 2, -10, 21 Cr",,,"P/E: 99.9; ROCE: 1.99; ROE: 1.20; Div Yield: 0.30; Book Value: 111; Mkt Cap: 2,788",2026-06-20
BORANA,,,,,,,,,,,,,,,P/E: 13.36; ROE: 35.01%; Div Yield: 0.00%; Book Value: ₹105.55; Mkt Cap: ₹867 Cr,2026-07-16
BOROLTD,,,,,,,,,,,"Sales: 1,196 Cr (YoY +9.7%); NetProfit: 75 Cr (YoY +1.4%); EPS: 6.24","Sales last 3Q: 340, 339, 284 Cr; Net Profit last 3Q: 23, 24, 11 Cr",,,"P/E: 36.5; ROCE: 11.5; ROE: 9.16; Div Yield: 0.00; Book Value: 74.2; Mkt Cap: 2,831",2026-06-25
BORORENEW,,,,,,,,,,,"Sales: 1,556 Cr (YoY +5.4%); NetProfit: 127 Cr (YoY +246.0%); EPS: 9.21","Sales last 3Q: 379, 390, 440 Cr; Net Profit last 3Q: 62, 100, 169 Cr",,,"P/E: 28.0; ROCE: 25.3; ROE: 26.1; Div Yield: 0.00; Book Value: 108; Mkt Cap: 9,158",2026-07-09
BOROSCI,,,,,,,,,,,Sales: 467 Cr (YoY +7.6%); NetProfit: 35 Cr (YoY +29.6%); EPS: 3.89,"Sales last 3Q: 107, 121, 143 Cr; Net Profit last 3Q: 3, 9, 27 Cr",,,"P/E: 34.3; ROCE: 12.1; ROE: 9.52; Div Yield: 0.00; Book Value: 49.6; Mkt Cap: 1,382",2026-06-16
BOSCH-HCIL,,,,,,,,,,,,,,,P/E: N/A; ROE: -0.50%; Div Yield: 3.81%; Book Value: ₹183.70; Mkt Cap: ₹3783 Cr,2026-07-31
BOSCHLTD,,,,,,,,,,,"Sales: 21,088 Cr (YoY +5.3%); NetProfit: 2,363 Cr (YoY -14.8%); EPS: 801.24","Sales last 3Q: 4,886, 5,566, 5,842 Cr; Net Profit last 3Q: 533, 570, 706 Cr",,,"P/E: 56.9; ROCE: 21.5; ROE: 14.6; Div Yield: 0.60; Book Value: 5,033; Mkt Cap: 1,34,374",2026-08-11
BPCL,,,,,,,,,,,"Sales: 493,954 Cr (YoY +8.5%); NetProfit: 17,132 Cr (YoY -33.7%); EPS: 39.48","Sales last 3Q: 119,029, 118,701, 151,277 Cr; Net Profit last 3Q: 7,188, 5,625, -1,873 Cr",,,"P/E: 8.94; ROCE: 25.6; ROE: 28.8; Div Yield: 5.48; Book Value: 231; Mkt Cap: 1,38,594",2026-08-15
BRIGADE,,,,,,,,,,,Sales: 5700 Cr (YoY +12.3%); NetProfit: 783 Cr (YoY +15.1%); EPS: 30.51,"Sales last 3Q: 1281, 1383, 1575 Cr; Net Profit last 3Q: 158, 170, 206 Cr",Debt: 5375 Cr,,ROCE: 9%; EPS: 30.51; NPM: 13.74%,2026-08-15
BRITANNIA,,,,,,,,,,,"Sales: 19,152 Cr (YoY +6.7%); NetProfit: 2,537 Cr (YoY +16.5%); EPS: 105.18","Sales last 3Q: 4,841, 4,970, 4,719 Cr; Net Profit last 3Q: 655, 682, 680 Cr",,,"P/E: 49.8; ROCE: 56.0; ROE: 53.6; Div Yield: 1.73; Book Value: 212; Mkt Cap: 1,26,143",2026-06-27
BSE,,,,,,,,,,,"Sales: 5,442 Cr (YoY +6.2%); NetProfit: 2,822 Cr (YoY +13.5%); EPS: 69.55","Sales last 3Q: 1,244, 1,564, 1,566 Cr; Net Profit last 3Q: 597, 795, 873 Cr",,,"P/E: 49.6; ROCE: 60.0; ROE: 46.0; Div Yield: 0.29; Book Value: 164; Mkt Cap: 1,40,396",2026-08-15
BSLGOLDETF,,,,,,,,,,,,,,,P/E: N/A; ROE: N/A (see financials); Div Yield: 0.00%; Book Value: ₹N/A; Mkt Cap: N/A,2026-06-20
BSOFT,,,,,,,,,,,"Sales: 5,310 Cr (YoY -1.2%); NetProfit: 518 Cr (YoY +0.2%); EPS: 18.55","Sales last 3Q: 1,329, 1,348, 1,349 Cr; Net Profit last 3Q: 116, 120, 176 Cr",,,"P/E: 15.4; ROCE: 21.6; ROE: 14.4; Div Yield: 2.16; Book Value: 147; Mkt Cap: 8,405",2026-06-27
BUILDPRO,,,,,,,,,,,"Sales: 6,826 Cr (YoY +29.6%); NetProfit: 128 Cr (YoY +64.1%); EPS: 52.68","Sales last 3Q: 1,595, 1,666, 1,996 Cr; Net Profit last 3Q: 29, 25, 42 Cr",,,"P/E: 19.4; ROCE: 39.0; ROE: 25.9; Div Yield: 0.48; Book Value: 225; Mkt Cap: 2,522",2026-07-06
BUTTERFLY,,,,,,,,,,,,,,,P/E: 27.91; ROE: 13.08%; Div Yield: 0.00%; Book Value: ₹208.26; Mkt Cap: ₹1274 Cr,2026-07-03
CAMLINFINE,,,,,,,,,,,"Sales: 1,723 Cr (YoY +3.4%); NetProfit: 24 Cr (YoY +115.2%); EPS: 1.44","Sales last 3Q: 460, 441, 425 Cr; Net Profit last 3Q: -15, -37, 86 Cr",,,"P/E: 219; ROCE: 4.05; ROE: 1.26; Div Yield: 0.00; Book Value: 54.2; Mkt Cap: 2,695",2026-06-20
CAMPUS,,,,,,,,,,,"Sales: 1,194 Cr (YoY +67.9%); NetProfit: 108 Cr (YoY +300.0%); EPS: 3.57","Sales last 3Q: 434, 352, 338 Cr; Net Profit last 3Q: 55, 40, 29 Cr",,,"P/E: 53.5; ROCE: 31.8; ROE: 29.5; Div Yield: 0.63; Mkt Cap: 7,270",2026-06-27
CAMS,,,,,,,,,,,"Sales: 1,516 Cr (YoY +6.6%); NetProfit: 472 Cr (YoY +1.5%); EPS: 19.20","Sales last 3Q: 377, 390, 395 Cr; Net Profit last 3Q: 114, 125, 125 Cr",,,"P/E: 42.2; ROCE: 49.0; ROE: 39.0; Div Yield: 1.54; Book Value: 53.3; Mkt Cap: 20,105",2026-06-18
CANBK,,,,,,,,,,,"Sales: 126,371 Cr (YoY +3.9%); NetProfit: 19,712 Cr (YoY +11.4%); EPS: 19.70","Sales last 3Q: 32,072, 30,938, 31,839 Cr; Net Profit last 3Q: 4,896, 5,174, 4,575 Cr",,,"P/E: 6.81; ROCE: 6.52; ROE: 16.1; Div Yield: 3.12; Book Value: 130; Mkt Cap: 1,22,236",2026-06-22
CANFINHOME,,,,,,,,,,,,,,,P/E: 10.86; ROE: 19.66%; Div Yield: 0.02%; Book Value: ₹449.13; Mkt Cap: ₹11789 Cr,2026-06-20
CANHLIFE,,,,,,,,,,,,,,,P/E: 107.11; ROE: 8.11%; Div Yield: 0.00%; Book Value: ₹17.10; Mkt Cap: ₹13396 Cr,2026-06-20
CANTABIL,,,,,,,,,,,,,,,P/E: 20.55; ROE: 21.98%; Div Yield: 0.66%; Book Value: ₹57.23; Mkt Cap: ₹1968 Cr,2026-06-22
CAPACITE,,,,,,,,,,,"Sales: 2,623 Cr (YoY +11.6%); NetProfit: 193 Cr (YoY -5.4%); EPS: 22.64","Sales last 3Q: 646, 675, 712 Cr; Net Profit last 3Q: 51, 50, 45 Cr",,,"P/E: 11.6; ROCE: 15.6; ROE: 10.6; Div Yield: 0.00; Book Value: 226; Mkt Cap: 2,219",2026-06-22
CAPILLARY,,,,,,,,,,,Sales: 811 Cr (YoY +10.3%); NetProfit: 42 Cr (YoY -19.2%); EPS: 5.31,"Sales last 3Q: 184.04, 191.35, 256.64 Cr; Net Profit last 3Q: 7.99, 43.36, -9.55 Cr",,,"P/E: 83.6; ROCE: 3.42; ROE: 2.95; Div Yield: 0.00; Book Value: 129; Mkt Cap: 4,282",2026-08-15
CAPITALSFB,,,,,,,,,,,,,,,P/E: 9.59; ROE: 10.10%; Div Yield: 1.70%; Book Value: ₹321.68; Mkt Cap: ₹1356 Cr,2026-06-17
CAPLIPOINT,,,,,,,,,,,"Sales: 2,187 Cr (YoY +12.9%); NetProfit: 650 Cr (YoY +20.1%); EPS: 84.36","Sales last 3Q: 534, 543, 600 Cr; Net Profit last 3Q: 160, 166, 173 Cr",,,"P/E: 31.0; ROCE: 24.6; ROE: 20.6; Div Yield: 0.23; Book Value: 472; Mkt Cap: 19,844",2026-07-17
CARBORUNIV,,,,,,,,,,,"Sales: 5,414 Cr (YoY +4.0%); NetProfit: 188 Cr (YoY +11.9%); EPS: 10.99","Sales last 3Q: 1,291, 1,398, 1,427 Cr; Net Profit last 3Q: 73, -40, 80 Cr",,,"P/E: 87.5; ROCE: 10.5; ROE: 6.92; Div Yield: 0.35; Book Value: 205; Mkt Cap: 21,939",2026-08-15
CARERATING,,,,,,,,,,,Sales: 473 Cr (YoY +17.7%); NetProfit: 174 Cr (YoY +24.3%); EPS: 56.97,"Sales last 3Q: 136, 112, 131 Cr; Net Profit last 3Q: 57, 37, 53 Cr",,,"P/E: 30.6; ROCE: 26.3; ROE: 19.7; Div Yield: 1.26; Book Value: 310; Mkt Cap: 5,230",2026-07-23
CARRARO,,,,,,,,,,,"Sales: 2,255 Cr (YoY +24.7%); NetProfit: 131 Cr (YoY +48.9%); EPS: 22.97","Sales last 3Q: 586, 570, 607 Cr; Net Profit last 3Q: 32, 28, 42 Cr",,,"P/E: 23.2; ROCE: 29.5; ROE: 26.9; Div Yield: 0.81; Book Value: 99.3; Mkt Cap: 3,187",2026-06-20
CARTRADE,,,,,,,,,,,Sales: 807 Cr (YoY +3.6%); NetProfit: 253 Cr (YoY +3.7%); EPS: 48.37,"Sales last 3Q: 210, 203, 201 Cr; Net Profit last 3Q: 62, 71, 57 Cr",,,"P/E: 57.0; ROCE: 11.8; ROE: 9.69; Div Yield: 0.00; Book Value: 519; Mkt Cap: 13,573",2026-08-15
CARYSIL,,,,,,,,,,,Sales: 959 Cr (YoY +3.8%); NetProfit: 108 Cr (YoY +9.1%); EPS: 37.55,"Sales last 3Q: 223, 234, 262 Cr; Net Profit last 3Q: 21, 27, 32 Cr",,,"P/E: 31.2; ROCE: 17.8; ROE: 17.4; Div Yield: 0.20; Book Value: 214; Mkt Cap: 3,356",2026-08-15
CASHIETF,,,,,,,,,,,,,,,P/E: N/A; ROE: N/A (see financials); Div Yield: 0.00%; Book Value: ₹N/A; Mkt Cap: N/A,2026-08-15
CASTROLIND,,,,,,,,,,,Sales: 5845 Cr (YoY +2.1%); NetProfit: 959 Cr (YoY +0.9%); EPS: 9.69,"Sales last 3Q: 1363, 1440, 1545 Cr; Net Profit last 3Q: 228, 245, 242 Cr",Debt: 63 Cr,,ROCE: 60%; EPS: 9.69; NPM: 16.41%,2026-08-15
CCL,,,,,,,,,,,Sales: 4069 Cr (YoY +31%); NetProfit: 375 Cr (YoY +21%); EPS: 28.12,"Sales last 4Q: 836, 1056, 1127, 1051 Cr; Net Profit last 4Q: 102, 72, 101, 100 Cr",Debt: 1628 Cr,,ROCE: 10%; EPS: 28.12; NPM: 9.22%,2026-08-15
CDSL,,,,,,,,,,,"Sales: 1,145 Cr (YoY +5.8%); NetProfit: 455 Cr (YoY -13.5%); EPS: 21.82","Sales last 3Q: 319, 304, 263 Cr; Net Profit last 3Q: 140, 133, 80 Cr",,,"P/E: 62.8; ROCE: 32.0; ROE: 24.5; Div Yield: 0.91; Book Value: 93.8; Mkt Cap: 28,639",2026-06-20
CEATLTD,,,,,,,,,,,"Sales: 15,678 Cr (YoY +18.6%); NetProfit: 697 Cr (YoY +48.0%); EPS: 172.56","Sales last 3Q: 3,773, 4,157, 4,219 Cr; Net Profit last 3Q: 186, 155, 244 Cr",,,"P/E: 19.0; ROCE: 18.7; ROE: 15.9; Div Yield: 0.85; Book Value: 1,247; Mkt Cap: 14,241",2026-06-22
CEIGALL,,,,,,,,,,,Sales: 3648 Cr (YoY +6.1%); NetProfit: 252 Cr (YoY -12.2%); EPS: 14.88,"Sales last 3Q: 838, 807, 991 Cr; Net Profit last 3Q: 51, 56, 72 Cr",Debt: 1343 Cr,,ROCE: 22%; EPS: 14.88; NPM: 6.91%,2026-08-15
CEINSYS,,,,,,,,,,,Sales: 661 Cr (YoY +58.1%); NetProfit: 133 Cr (YoY +111.1%); EPS: 63.72,"Sales last 3Q: 163, 170, 171 Cr; Net Profit last 3Q: 26, 39, 37 Cr",,,"P/E: 14.7; ROCE: 27.5; ROE: 24.8; Div Yield: 0.37; Book Value: 321; Mkt Cap: 1,972",2026-07-10
CELLO,,,,,,,,,,,"Sales: 2,321 Cr (YoY -0.1%); NetProfit: 324 Cr (YoY -2.4%); EPS: 14.16","Sales last 3Q: 554, 654, 527 Cr; Net Profit last 3Q: 69, 90, 73 Cr",,,"P/E: 26.2; ROCE: 17.4; ROE: 13.2; Div Yield: 0.40; Book Value: 122; Mkt Cap: 8,341",2026-08-15
CEMPRO,,,,,,,,,,,"Sales: 10,061 Cr (YoY +8.8%); NetProfit: 598 Cr (YoY +60.3%); EPS: 34.79","Sales last 3Q: 2,195, 2,315, 2,973 Cr; Net Profit last 3Q: 108, 111, 242 Cr",,,"P/E: 47.8; ROCE: 32.8; ROE: 27.8; Div Yield: 0.18; Book Value: 140; Mkt Cap: 28,118",2026-07-20
CENTENKA,,,,,,,,,,,"Sales: 1,705 Cr (YoY -14.8%); NetProfit: 101 Cr (YoY +53.0%); EPS: 46.15","Sales last 3Q: 409, 412, 484 Cr; Net Profit last 3Q: 22, 24, 39 Cr",,,"P/E: 11.2; ROCE: 8.98; ROE: 7.02; Div Yield: 1.91; Book Value: 685; Mkt Cap: 1,147",2026-06-20
CENTUM,,,,,,,,,,,Sales: 1251 Cr (YoY +8.3%); NetProfit: -32 Cr (YoY -1500%); EPS: -21.33,"Sales last 4Q: 369, 273, 277, 331 Cr; Net Profit last 4Q: 22, 4, 4, -62 Cr",Debt: 211 Cr,,ROCE: 17%; EPS: -21.33; NPM: -2.56%,2026-08-15
CENTURYPLY,,,,,,,,,,,"Sales: 5,397 Cr (YoY +19.2%); NetProfit: 268 Cr (YoY +44.1%); EPS: 11.82","Sales last 3Q: 1,386, 1,350, 1,492 Cr; Net Profit last 3Q: 71, 65, 79 Cr",,,"P/E: 65.5; ROCE: 11.4; ROE: 10.8; Div Yield: 0.13; Book Value: 117; Mkt Cap: 17,565",2026-07-10
CESC,,,,,,,,,,,Sales: 18351 Cr (YoY +7.9%); NetProfit: 1541 Cr (YoY +7.9%); EPS: 11.11,"Sales last 3Q: 5202, 5267, 4005 Cr; Net Profit last 3Q: 404, 448, 304 Cr",Debt: 18811 Cr,,ROCE: 10%; EPS: 11.11; NPM: 8.4%,2026-08-15
CEWATER,,,,,,,,,,,Sales: 558 Cr (YoY -6.1%); NetProfit: 20 Cr (YoY -60.8%); EPS: 9.55,"Sales last 3Q: 125, 125, 206 Cr; Net Profit last 3Q: 4, -8, 14 Cr",,,P/E: 31.8; ROCE: 6.63; ROE: 4.13; Div Yield: 0.00; Book Value: 276; Mkt Cap: 726,2026-06-20
CGCL,,,,,,,,,,,"Sales: 5,306 Cr (YoY +12.2%); NetProfit: 1,128 Cr (YoY +18.9%); EPS: 11.71","Sales last 3Q: 1,223, 1,385, 1,576 Cr; Net Profit last 3Q: 255, 283, 353 Cr",,,"P/E: 19.3; ROCE: 11.7; ROE: 16.5; Div Yield: 0.09; Book Value: 74.9; Mkt Cap: 21,795",2026-08-15
CGPOWER,,,,,,,,,,,Sales: 11729 Cr (YoY +18.4%); NetProfit: 1109 Cr (YoY +14%); EPS: 7.17,"Sales last 3Q: 2878, 2923, 3175 Cr; Net Profit last 3Q: 267, 284, 284 Cr",Debt: 117 Cr,,ROCE: 36%; EPS: 7.17; NPM: 9.46%,2026-08-15
CHALET,,,,,,,,,,,Sales: 2734 Cr (YoY +59.1%); NetProfit: 606 Cr (YoY +326.8%); EPS: 27.72,"Sales last 4Q: 522, 895, 735, 582 Cr; Net Profit last 4Q: 124, 203, 155, 124 Cr",Debt: 2489 Cr,,ROCE: 12%; EPS: 27.72; NPM: 22.17%,2026-08-15
CHAMBLFERT,,,,,,,,,,,"Sales: 20,794 Cr (YoY +24.9%); NetProfit: 1,953 Cr (YoY +18.4%); EPS: 48.76","Sales last 3Q: 6,413, 5,898, 2,785 Cr; Net Profit last 3Q: 649, 586, 169 Cr",,,"P/E: 9.90; ROCE: 25.5; ROE: 20.4; Div Yield: 2.07; Book Value: 260; Mkt Cap: 19,346",2026-06-18
CHEMCON,,,,,,,,,,,,,,,P/E: 31.79; ROE: 4.80%; Div Yield: 6.63%; Book Value: ₹131.94; Mkt Cap: ₹750 Cr,2026-06-23
CHEMPLASTS,,,,,,,,,,,"Sales: 4,224 Cr (YoY -2.8%); NetProfit: -280 Cr (YoY -154.5%); EPS: -17.70","Sales last 3Q: 1,033, 835, 1,256 Cr; Net Profit last 3Q: -51, -119, -45 Cr",,,"ROCE: 0.34; ROE: -6.80; Div Yield: 0.00; Book Value: 111; Mkt Cap: 3,218",2026-06-27
CHENNPETRO,,,,,,,,,,,Sales: 63640 Cr (YoY +7.9%); NetProfit: 3103 Cr (YoY +1350%); EPS: 208.36,"Sales last 3Q: 16327, 15683, 16817 Cr; Net Profit last 3Q: 719, 1002, 1422 Cr",Debt: 1964 Cr,,ROCE: 36%; EPS: 208.36; NPM: 4.88%,2026-08-15
CHEVIOT,,,,,,,,,,,,,,,P/E: 66.9; ROE: 9.08; Div Yield: 2.05; Mkt Cap: 712,2026-08-05
CHOICEIN,,,,,,,,,,,"Sales: 1,194 Cr (YoY +6.7%); NetProfit: 251 Cr (YoY +5.5%); EPS: 10.44","Sales last 3Q: 303, 307, 310 Cr; Net Profit last 3Q: 66, 68, 61 Cr",,,"P/E: 78.6; ROCE: 18.0; ROE: 16.1; Div Yield: 0.00; Book Value: 75.0; Mkt Cap: 17,919",2026-08-15
CHOLAFIN,,,,,,,,,,,"Sales: 31,073 Cr (YoY +20.0%); NetProfit: 5,233 Cr (YoY +22.8%); EPS: 61.41","Sales last 3Q: 7,491, 7,898, 8,417 Cr; Net Profit last 3Q: 1,160, 1,290, 1,645 Cr",,,"P/E: 27.6; ROCE: 9.70; ROE: 19.3; Div Yield: 0.12; Book Value: 357; Mkt Cap: 1,44,360",2026-06-20
CHOLAHLDNG,,,,,,,,,,,"Sales: 39,073 Cr (YoY +17.7%); NetProfit: 5,485 Cr (YoY +15.7%); EPS: 130.01","Sales last 3Q: 9,461, 9,949, 10,366 Cr; Net Profit last 3Q: 1,214, 1,386, 1,626 Cr",,,"P/E: 12.7; ROCE: 9.75; ROE: 17.5; Div Yield: 0.08; Book Value: 823; Mkt Cap: 30,942",2026-06-24
CIEINDIA,,,,,,,,,,,Sales: 9746 Cr (YoY +3.6%); NetProfit: 871 Cr (YoY +5.2%); EPS: 22.97,"Sales last 4Q: 2369, 2372, 2393, 2612 Cr; Net Profit last 4Q: 204, 214, 204, 249 Cr",Debt: 426 Cr,,ROCE: 15%; EPS: 22.97; NPM: 8.94%,2026-08-15
CIPLA,,,,,,,,,,,"Sales: 28,163 Cr (YoY +2.2%); NetProfit: 3,862 Cr (YoY -26.7%); EPS: 48.02","Sales last 3Q: 7,589, 7,074, 6,541 Cr; Net Profit last 3Q: 1,353, 674, 543 Cr",,,"P/E: 28.7; ROCE: 15.5; ROE: 11.6; Div Yield: 0.96; Book Value: 426; Mkt Cap: 1,09,205",2026-06-20
CLEAN,,,,,,,,,,,Sales: 982 Cr (YoY +2.6%); NetProfit: 233 Cr (YoY +1.3%); EPS: 21.92,"Sales last 3Q: 220, 249, 268 Cr; Net Profit last 3Q: 46, 58, 73 Cr",,,"P/E: 37.5; ROCE: 20.6; ROE: 15.3; Div Yield: 0.73; Book Value: 149; Mkt Cap: 8,731",2026-08-15
CLEANMAX,,,,,,,,,,,"Sales: 1,913 Cr (YoY +27.9%); NetProfit: 86 Cr (YoY +352.6%); EPS: 8.04","Sales last 3Q: 531, 422, 557 Cr; Net Profit last 3Q: 36, 21, 45 Cr",,,"P/E: 162; ROCE: 6.24; ROE: 2.61; Div Yield: 0.00; Book Value: 396; Mkt Cap: 15,219",2026-06-29
CLSEL,,,,,,,,,,,,,,,P/E: 12.77; ROE: 14.61%; Div Yield: 0.86%; Book Value: ₹168.67; Mkt Cap: ₹1467 Cr,2026-06-16
CMPDI,,,,,,,,,,,,,,,P/E: 28.39; ROE: 28.36%; Div Yield: 0.00%; Book Value: ₹31.97; Mkt Cap: N/A,2026-06-29
CMSINFO,,,,,,,,,,,"Sales: 2,494 Cr (YoY +0.3%); NetProfit: 293 Cr (YoY -3.3%); EPS: 17.82","Sales last 3Q: 618, 633, 635 Cr; Net Profit last 3Q: 57, 79, 84 Cr",,,"P/E: 14.5; ROCE: 17.6; ROE: 13.2; Div Yield: 1.04; Book Value: 148; Mkt Cap: 4,347",2026-08-15
CNL,,,,,,,,,,,"Sales: 2,705 Cr (YoY +51.7%); NetProfit: 70 Cr (YoY +32.1%); EPS: 46.81","Sales last 3Q: 656, 914, 741 Cr; Net Profit last 3Q: 19, 23, 18 Cr",,,"P/E: 18.0; ROCE: 18.8; ROE: 21.4; Div Yield: 0.06; Book Value: 242; Mkt Cap: 1,266",2026-07-09
COALINDIA,,,,,,,,,,,Sales: 168400 Cr (YoY +17.5%); NetProfit: 31071 Cr (YoY -12%); EPS: 50.46,"Sales last 3Q: 30187, 34924, 46490 Cr; Net Profit last 3Q: 4263, 7166, 10908 Cr",Debt: 14072 Cr,,ROCE: 98%; EPS: 50.46; NPM: 18.45%,2026-08-15
COCHINSHIP,,,,,,,,,,,"Sales: 5,047 Cr (YoY +0.5%); NetProfit: 680 Cr (YoY -5.2%); EPS: 25.86","Sales last 3Q: 1,350, 1,484, 1,094 Cr; Net Profit last 3Q: 145, 276, 151 Cr",,,"P/E: 57.9; ROCE: 16.0; ROE: 12.5; Div Yield: 0.50; Book Value: 223; Mkt Cap: 39,370",2026-08-15
COFORGE,,,,,,,,,,,"Sales: 18,195 Cr (YoY +10.9%); NetProfit: 1,920 Cr (YoY +10.0%); EPS: 48.64","Sales last 3Q: 4,232, 4,450, 5,528 Cr; Net Profit last 3Q: 297, 666, 532 Cr",,,"P/E: 41.9; ROCE: 23.5; ROE: 21.4; Div Yield: 0.66; Book Value: 284; Mkt Cap: 80,257",2026-08-15
COHANCE,,,,,,,,,,,"Sales: 2,269 Cr (YoY +89.4%); NetProfit: 150 Cr (YoY -43.4%); EPS: 4.68","Sales last 3Q: 555.57, 544.55, 619.12 Cr; Net Profit last 3Q: 66.39, 29.02, 8.31 Cr",,,"P/E: 88.5; ROCE: 8.35; ROE: 7.04; Div Yield: 0.00; Book Value: 102; Mkt Cap: 17,471",2026-06-23
COLPAL,,,,,,,,,,,,,,,"P/E: 125; ROCE: 179; ROE: 158; Div Yield: 2.42; Book Value: 12.1; Mkt Cap: 53,880",2026-08-15
COMMOIETF,,,,,,,,,,,,,,,P/E: N/A; ROE: N/A (see financials); Div Yield: 0.00%; Book Value: ₹N/A; Mkt Cap: N/A,2026-07-07
COMSYN,,,,,,,,,,,Sales: 387 Cr (YoY +11.5%); NetProfit: 26 Cr (YoY +52.9%); EPS: 6.52,"Sales last 3Q: 98.45, 97.48, 100.56 Cr; Net Profit last 3Q: 8.42, 6.00, 6.34 Cr",,,P/E: 30.7; ROCE: 13.9; ROE: 16.1; Div Yield: 0.20; Book Value: 44.0; Mkt Cap: 809,2026-07-03
CONCOR,,,,,,,,,,,"Sales: 9,085 Cr (YoY +0.1%); NetProfit: 1,247 Cr (YoY +0.1%); EPS: 16.30","Sales last 3Q: 2,308, 2,263, 2,160 Cr; Net Profit last 3Q: 335, 264, 269 Cr",,,"P/E: 32.3; ROCE: 12.4; ROE: 9.81; Div Yield: 1.44; Book Value: 170; Mkt Cap: 40,137",2026-08-15
CONCORDBIO,,,,,,,,,,,"Sales: 1,055 Cr (YoY -12.1%); NetProfit: 259 Cr (YoY -30.4%); EPS: 24.94","Sales last 3Q: 247, 278, 326 Cr; Net Profit last 3Q: 63, 64, 88 Cr",,,"P/E: 52.2; ROCE: 18.2; ROE: 13.8; Div Yield: 0.81; Book Value: 193; Mkt Cap: 13,758",2026-06-20
CONSOFINVT,,,,,,,,,,,Sales: 26 Cr (YoY -87.6%); NetProfit: 450 Cr (YoY +1.6%); EPS: 132.99,"Sales last 3Q: 5, 11, 7 Cr; Net Profit last 3Q: 67, 53, 57 Cr",,,P/E: 1.97; ROCE: 34.5; ROE: 33.6; Div Yield: 0.43; Book Value: 487; Mkt Cap: 846,2026-07-09
CONSUMBEES,,,,,,,,,,,,,,,P/E: N/A; ROE: N/A (see financials); Div Yield: 0.00%; Book Value: ₹N/A; Mkt Cap: N/A,2026-06-20
CONSUMIETF,,,,,,,,,,,,,,,P/E: 36.57; ROE: N/A (see financials); Div Yield: 0.00%; Book Value: ₹N/A; Mkt Cap: N/A,2026-07-28
CONTROLPR,,,,,,,,,,,Sales: 482 Cr (YoY +13.4%); NetProfit: 44 Cr (YoY -56.0%); EPS: 27.26,"Sales last 3Q: 112, 119, 140 Cr; Net Profit last 3Q: 19, 5, 11 Cr",,,"P/E: 26.7; ROCE: 16.4; ROE: 9.51; Div Yield: 1.46; Book Value: 283; Mkt Cap: 1,099",2026-07-03
COROMANDEL,,,,,,,,,,,"Sales: 32,602 Cr (YoY +3.6%); NetProfit: 1,778 Cr (YoY -6.3%); EPS: 62.11","Sales last 3Q: 8,779, 6,004, 8,165 Cr; Net Profit last 3Q: 488, 115, 382 Cr",,,"P/E: 33.1; ROCE: 22.0; ROE: 16.4; Div Yield: 0.52; Book Value: 426; Mkt Cap: 61,815",2026-08-15
CORONA,,,,,,,,,,,"Sales: 1,479 Cr (YoY +5.4%); NetProfit: 199 Cr (YoY +7.6%); EPS: 32.54","Sales last 3Q: 342, 353, 422 Cr; Net Profit last 3Q: 41, 45, 60 Cr",,,"P/E: 60.7; ROCE: 33.3; ROE: 29.5; Div Yield: 0.47; Book Value: 122; Mkt Cap: 12,886",2026-08-03
COSMOFIRST,,,,,,,,,,,"Sales: 3,639 Cr (YoY +25.7%); NetProfit: 156 Cr (YoY +17.3%); EPS: 59.42","Sales last 3Q: 919, 899, 1,021 Cr; Net Profit last 3Q: 47, 30, 37 Cr",,,"P/E: 13.2; ROCE: 11.2; ROE: 10.5; Div Yield: 0.49; Book Value: 616; Mkt Cap: 2,141",2026-06-23
CPCAP,,,,,,,,,,,Sales: 76 Cr (YoY +33.3%); NetProfit: 43 Cr (YoY +13.2%); EPS: 23.40,"Sales last 3Q: 14.85, 20.69, 18.47 Cr; Net Profit last 3Q: 10.16, 12.50, 9.14 Cr",,,P/E: 5.99; ROCE: 9.83; ROE: 7.61; Div Yield: 2.14; Book Value: 315; Mkt Cap: 256,2026-08-13
CPEDU,,,,,,,,,,,Sales: 51 Cr (YoY +2.0%); NetProfit: 23 Cr (YoY +21.1%); EPS: 12.61,"Sales last 3Q: 11.42, 14.63, 10.66 Cr; Net Profit last 3Q: 5.07, 5.11, 5.59 Cr",,,P/E: 17.0; ROCE: 46.5; ROE: 34.6; Div Yield: 1.18; Book Value: 41.5; Mkt Cap: 389,2026-07-29
CPPLUS,,,,,,,,,,,Sales: 3776 Cr (YoY +21.3%); NetProfit: 254 Cr (YoY -27.6%); EPS: 22.14,"Sales last 4Q: 977, 740, 920, 1139 Cr; Net Profit last 4Q: 55, 33, 70, 96 Cr",Debt: 128 Cr,,ROCE: 21%; EPS: 22.14; NPM: 6.73%,2026-08-15
CRAFTSMAN,,,,,,,,,,,Sales: 8069 Cr (YoY +41.8%); NetProfit: 384 Cr (YoY +91%); EPS: 160.96,"Sales last 4Q: 1784, 2002, 2057, 2226 Cr; Net Profit last 4Q: 70, 91, 107, 116 Cr",Debt: 3623 Cr,,ROCE: 10%; EPS: 160.96; NPM: 4.76%,2026-08-15
CRAMC,,,,,,,,,,,,,,,P/E: 24.94; ROE: 30.29%; Div Yield: 1.59%; Book Value: ₹37.33; Mkt Cap: ₹5077 Cr,2026-06-20
CREDITACC,,,,,,,,,,,"Sales: 6,380 Cr (YoY +5.3%); NetProfit: 1,211 Cr (YoY +55.7%); EPS: 75.61","Sales last 3Q: 1,490, 1,597, 1,783 Cr; Net Profit last 3Q: 252, 340, 493 Cr",,,"P/E: 20.5; ROCE: 9.98; ROE: 10.5; Div Yield: 0.00; Book Value: 490; Mkt Cap: 24,854",2026-08-15
CRISIL,,,,,,,,,,,"Sales: 4,126 Cr (YoY +13.1%); NetProfit: 884 Cr (YoY +15.4%); EPS: 120.93","Sales last 3Q: 1,082, 1,058, 1,075 Cr; Net Profit last 3Q: 242, 233, 216 Cr",,,"P/E: 37.0; ROCE: 32.6; ROE: 24.5; Div Yield: 0.56; Book Value: 447; Mkt Cap: 32,732",2026-08-15
CRIZAC,,,,,,,,,,,"Sales: 1,042 Cr (YoY +22.7%); NetProfit: 219 Cr (YoY +43.1%); EPS: 12.52","Sales last 3Q: 162, 279, 392 Cr; Net Profit last 3Q: 48, 51, 74 Cr",,,"P/E: 16.1; ROCE: 52.3; ROE: 40.3; Div Yield: 3.97; Book Value: 33.4; Mkt Cap: 3,524",2026-06-27
CROMPTON,,,,,,,,,,,"Sales: 8,332 Cr (YoY +2.9%); NetProfit: -212 Cr (YoY +8.2%); EPS: -3.47","Sales last 3Q: 1,898, 2,283, 2,235 Cr; Net Profit last 3Q: 101, -531, 143 Cr",,,"P/E: 35.3; ROCE: 18.1; ROE: 10.6; Div Yield: 1.21; Book Value: 46.1; Mkt Cap: 15,988",2026-08-15
CSBBANK,,,,,,,,,,,,,,,P/E: 8.88; ROE: 13.48%; Div Yield: 0.00%; Book Value: ₹282.13; Mkt Cap: ₹5491 Cr,2026-06-27
CSLFINANCE,,,,,,,,,,,,,,,P/E: 5.71; ROE: 14.81%; Div Yield: 1.42%; Book Value: ₹272.75; Mkt Cap: ₹482 Cr,2026-07-20
CUB,,,,,,,,,,,,,,,P/E: 14.74; ROE: N/A (see financials); Div Yield: 0.96%; Book Value: ₹106.64; Mkt Cap: ₹20672 Cr,2026-08-15
CUMMINSIND,,,,,,,,,,,"Sales: 12,662 Cr (YoY +4.3%); NetProfit: 2,367 Cr (YoY +0.2%); EPS: 85.39","Sales last 3Q: 3,055, 3,011, 3,426 Cr; Net Profit last 3Q: 486, 649, 609 Cr",,,"P/E: 61.4; ROCE: 39.5; ROE: 30.2; Div Yield: 1.22; Book Value: 306; Mkt Cap: 1,49,688",2026-08-15
CUPID,,,,,,,,,,,Sales: 453 Cr (YoY +26.5%); NetProfit: 137 Cr (YoY +26.9%); EPS: 1.02,"Sales last 3Q: 94, 120, 155 Cr; Net Profit last 3Q: 33, 36, 44 Cr",,,"P/E: 288; ROCE: 33.5; ROE: 27.3; Div Yield: 0.00; Book Value: 3.35; Mkt Cap: 39,517",2026-08-15
CYIENT,,,,,,,,,,,"Sales: 7,268 Cr (YoY -1.2%); NetProfit: 463 Cr (YoY -28.5%); EPS: 38.51","Sales last 3Q: 1,781, 1,848, 1,927 Cr; Net Profit last 3Q: 143, 97, 66 Cr",,,"P/E: 20.8; ROCE: 12.3; ROE: 8.61; Div Yield: 2.93; Book Value: 511; Mkt Cap: 9,850",2026-06-27
CYIENTDLM,,,,,,,,,,,"Sales: 1,357 Cr (YoY +7.6%); NetProfit: 82 Cr (YoY +12.3%); EPS: 10.34","Sales last 3Q: 303, 369, 374 Cr; Net Profit last 3Q: 11, 22, 16 Cr",,,"P/E: 67.2; ROCE: 9.90; ROE: 7.49; Div Yield: 0.00; Book Value: 128; Mkt Cap: 5,522",2026-08-14
DABUR,,,,,,,,,,,"Sales: 13,552 Cr (YoY +2.7%); NetProfit: 1,947 Cr (YoY +4.2%); EPS: 11.12","Sales last 3Q: 3,559, 3,038, 3,764 Cr; Net Profit last 3Q: 554, 362, 586 Cr",,,"P/E: 36.2; ROCE: 20.3; ROE: 17.0; Div Yield: 2.04; Book Value: 64.4; Mkt Cap: 71,890",2026-08-15
DALBHARAT,,,,,,,,,,,"Sales: 15,058 Cr (YoY +1.7%); NetProfit: 953 Cr (YoY -17.6%); EPS: 49.73","Sales last 3Q: 3,506, 4,245, 3,890 Cr; Net Profit last 3Q: 128, 394, 192 Cr",,,"P/E: 31.4; ROCE: 7.59; ROE: 6.11; Div Yield: 0.49; Book Value: 959; Mkt Cap: 34,550",2026-08-15
DALMIASUG,,,,,,,,,,,Sales: 3725 Cr (YoY +28.5%); NetProfit: 365 Cr (YoY +34.2%); EPS: 45.18,"Sales last 3Q: 838, 989, 698 Cr; Net Profit last 3Q: 59, 23, 70 Cr",Debt: 363 Cr,,ROCE: 9%; EPS: 45.18; NPM: 9.8%,2026-08-15
DAMCAPITAL,,,,,,,,,,,Sales: 237 Cr (YoY -5.2%); NetProfit: 73 Cr (YoY -29.8%); EPS: 10.28,"Sales last 3Q: 107.05, 69.94, 29.27 Cr; Net Profit last 3Q: 52.15, 20.06, 0.25 Cr",,,"P/E: 15.1; ROCE: 35.5; ROE: 24.4; Div Yield: 0.65; Book Value: 47.0; Mkt Cap: 1,095",2026-06-20
DATAMATICS,,,,,,,,,,,"Sales: 2,034 Cr (YoY +2.4%); NetProfit: 217 Cr (YoY +11.3%); EPS: 36.58","Sales last 3Q: 510, 519, 514 Cr; Net Profit last 3Q: 36, 45, 72 Cr",,,"P/E: 20.2; ROCE: 20.8; ROE: 16.4; Div Yield: 0.58; Book Value: 261; Mkt Cap: 5,118",2026-08-07
DATAPATTNS,,,,,,,,,,,Sales: 976 Cr (YoY +37.9%); NetProfit: 247 Cr (YoY +11.3%); EPS: 44.13,"Sales last 3Q: 99, 307, 173 Cr; Net Profit last 3Q: 26, 49, 58 Cr",Debt: 6 Cr,,ROCE: 21%; EPS: 44.13; NPM: 25.31%,2026-08-15
DBCORP,,,,,,,,,,,"Sales: 2,356 Cr (YoY +0.7%); NetProfit: 332 Cr (YoY -10.5%); EPS: 18.63","Sales last 3Q: 614, 605, 576 Cr; Net Profit last 3Q: 93, 96, 62 Cr",,,"P/E: 10.4; ROCE: 18.2; ROE: 14.3; Div Yield: 6.20; Book Value: 136; Mkt Cap: 3,439",2026-06-29
DBL,,,,,,,,,,,"Sales: 8,984 Cr (YoY -20.6%); NetProfit: 1,398 Cr (YoY +66.4%); EPS: 80.17","Sales last 3Q: 1,926, 2,138, 2,300 Cr; Net Profit last 3Q: 214, 789, 124 Cr",,,"P/E: 12.1; ROCE: 13.3; ROE: 10.3; Div Yield: 0.22; Book Value: 420; Mkt Cap: 7,388",2026-06-22
DBOL,,,,,,,,,,,"Sales: 2,036 Cr (YoY -3.5%); NetProfit: 84 Cr (YoY +236.0%); EPS: 12.65","Sales last 3Q: 486, 460, 533 Cr; Net Profit last 3Q: 17, 46, 37 Cr",,,P/E: 26.2; ROCE: 4.98; ROE: 2.61; Div Yield: 1.49; Book Value: 155; Mkt Cap: 670,2026-07-29
DBREALTY,,,,,,,,,,,"Sales: 1,593 Cr (YoY +40.6%); NetProfit: 27 Cr (YoY +122.9%); EPS: 0.47","Sales last 3Q: 137, 529, 87 Cr; Net Profit last 3Q: 10, 62, -59 Cr",,,"ROCE: 1.55; ROE: -0.19; Div Yield: 0.00; Book Value: 75.4; Mkt Cap: 6,124",2026-08-13
DCAL,,,,,,,,,,,"Sales: 2,932 Cr (YoY +8.1%); NetProfit: 97 Cr (YoY +3133.3%); EPS: 6.22","Sales last 3Q: 653, 720, 851 Cr; Net Profit last 3Q: 65, -13, 22 Cr",,,"P/E: 26.9; ROCE: 3.15; ROE: 1.58; Div Yield: 0.00; Book Value: 426; Mkt Cap: 2,666",2026-06-27
DCBBANK,,,,,,,,,,,,,,,P/E: 8.15; ROE: 11.97%; Div Yield: 0.01%; Book Value: ₹203.01; Mkt Cap: ₹5990 Cr,2026-06-18
DCI,,,,,,,,,,,Sales: 737 Cr (YoY +32.6%); NetProfit: 21 Cr (YoY +50.0%); EPS: 12.93,"Sales last 3Q: 153.42, 196.00, 239.46 Cr; Net Profit last 3Q: 5.01, 6.49, 5.66 Cr",,,P/E: 25.6; ROCE: 22.9; ROE: 23.6; Div Yield: 0.00; Book Value: 65.7; Mkt Cap: 544,2026-07-31
DCMNVL,,,,,,,,,,,"Sales: 1,062 Cr (YoY +3.4%); NetProfit: 28 Cr (YoY +1300.0%); EPS: 15.72","Sales last 3Q: 273, 263, 287 Cr; Net Profit last 3Q: -2, 4, 28 Cr",,,P/E: 10.9; ROCE: 4.27; ROE: 1.15; Div Yield: 0.00; Book Value: 176; Mkt Cap: 326,2026-08-13
DCMSHRIRAM,,,,,,,,,,,"Sales: 13,538 Cr (YoY +12.1%); NetProfit: 856 Cr (YoY +41.7%); EPS: 54.73","Sales last 3Q: 3,272, 3,811, 3,193 Cr; Net Profit last 3Q: 159, 213, 371 Cr",,,"P/E: 18.2; ROCE: 11.8; ROE: 11.8; Div Yield: 0.88; Book Value: 495; Mkt Cap: 15,844",2026-07-06
DCXINDIA,,,,,,,,,,,Sales: 1086 Cr (YoY +0.2%); NetProfit: 13 Cr (YoY -66.7%); EPS: 1.19,"Sales last 3Q: 222, 193, 121 Cr; Net Profit last 3Q: 4, -9, -2 Cr",Debt: 4 Cr,,ROCE: 5%; EPS: 1.19; NPM: 1.2%,2026-08-15
DDEVPLSTIK,,,,,,,,,,,,,,,P/E: 14.02; ROE: 21.84%; Div Yield: 0.01%; Book Value: ₹97.95; Mkt Cap: ₹2827 Cr,2026-06-20
DECCANCE,,,,,,,,,,,Sales: 636 Cr (YoY +20.7%); NetProfit: 29 Cr (YoY +262.5%); EPS: 20.40,"Sales last 3Q: 140.31, 130.85, 213.89 Cr; Net Profit last 3Q: 9.07, -0.56, 4.72 Cr",,,P/E: 45.9; ROCE: 3.31; ROE: 2.42; Div Yield: 0.10; Book Value: 536; Mkt Cap: 819,2026-08-04
DECNGOLD,,,,,,,,,,,Sales: 14 Cr (YoY +0.0%); NetProfit: -45 Cr (YoY +29.7%); EPS: -1.74,"Sales last 3Q: 1.41, 9.33, 0.60 Cr; Net Profit last 3Q: -22.19, 5.73, -8.73 Cr",,,"ROCE: -13.1; ROE: -14.1; Div Yield: 0.00; Book Value: 25.1; Mkt Cap: 4,480",2026-08-15
DEEDEV,,,,,,,,,,,Sales: 1067 Cr (YoY +29%); NetProfit: 81 Cr (YoY +84.1%); EPS: 11.69,"Sales last 4Q: 286, 224, 270, 287 Cr; Net Profit last 4Q: 32, 13, 18, 19 Cr",Debt: 585 Cr,,ROCE: 7%; EPS: 11.69; NPM: 7.59%,2026-08-15
DEEPAKFERT,,,,,,,,,,,"Sales: 11,506 Cr (YoY +12.0%); NetProfit: 739 Cr (YoY -21.8%); EPS: 58.40","Sales last 3Q: 3,006, 2,830, 3,011 Cr; Net Profit last 3Q: 214, 141, 139 Cr",,,"P/E: 26.6; ROCE: 11.6; ROE: 11.3; Div Yield: 0.64; Book Value: 542; Mkt Cap: 19,571",2026-06-17
DEEPAKNTR,,,,,,,,,,,"Sales: 8,575 Cr (YoY +8.7%); NetProfit: 783 Cr (YoY +42.1%); EPS: 57.43","Sales last 3Q: 1,975, 2,120, 2,578 Cr; Net Profit last 3Q: 100, 220, 345 Cr",,,"P/E: 29.7; ROCE: 11.4; ROE: 9.82; Div Yield: 0.44; Book Value: 428; Mkt Cap: 23,503",2026-08-15
DEEPINDS,,,,,,,,,,,Sales: 891 Cr (YoY +54.7%); NetProfit: 197 Cr (YoY +349.4%); EPS: 28.12,"Sales last 3Q: 221.01, 221.50, 248.71 Cr; Net Profit last 3Q: 71.22, 71.35, -7.22 Cr",,,"P/E: 8.66; ROCE: 16.5; ROE: 19.4; Div Yield: 0.61; Book Value: 312; Mkt Cap: 3,206",2026-06-18
DELHIVERY,,,,,,,,,,,Sales: 9850 Cr (YoY +10.3%); NetProfit: 153 Cr (YoY -5.6%); EPS: 2.05,"Sales last 4Q: 2192, 2294, 2559, 2805 Cr; Net Profit last 4Q: 73, 91, -50, 40 Cr",Debt: 1642 Cr,,ROCE: 3%; EPS: 2.05; NPM: 1.55%,2026-08-15
DENTA,,,,,,,,,,,Sales: 250 Cr (YoY +23.2%); NetProfit: 61 Cr (YoY +15.1%); EPS: 22.81,"Sales last 3Q: 74.27, 53.52, 55.31 Cr; Net Profit last 3Q: 18.93, 14.31, 9.11 Cr",,,P/E: 12.8; ROCE: 18.8; ROE: 14.0; Div Yield: 0.86; Book Value: 172; Mkt Cap: 780,2026-06-20
DEVYANI,,,,,,,,,,,"Sales: 5,611 Cr (YoY +13.3%); NetProfit: -43 Cr (YoY -514.3%); EPS: -0.31","Sales last 3Q: 1,376.75, 1,440.90, 1,436.86 Cr; Net Profit last 3Q: -23.95, -10.98, -9.84 Cr",,,"ROCE: 4.66; ROE: -1.67; Div Yield: 0.00; Book Value: 12.5; Mkt Cap: 14,414",2026-06-20
DHAMPURSUG,,,,,,,,,,,"Sales: 1,967 Cr (YoY +0.5%); NetProfit: 65 Cr (YoY +25.0%); EPS: 10.12","Sales last 3Q: 504, 451, 491 Cr; Net Profit last 3Q: -8, 27, 46 Cr",,,P/E: 13.9; ROCE: 6.43; ROE: 5.54; Div Yield: 1.42; Book Value: 186; Mkt Cap: 908,2026-06-20
DHANUKA,,,,,,,,,,,"Sales: 2,035 Cr (YoY +15.7%); NetProfit: 297 Cr (YoY +24.3%); EPS: 65.88","Sales last 3Q: 654, 445, 442 Cr; Net Profit last 3Q: 118, 55, 76 Cr",,,"P/E: 15.6; ROCE: 28.3; ROE: 22.0; Div Yield: 0.20; Book Value: 311; Mkt Cap: 4,551",2026-08-03
DHARMAJ,,,,,,,,,,,"Sales: 1,138 Cr (YoY +19.7%); NetProfit: 55 Cr (YoY +57.1%); EPS: 16.17","Sales last 3Q: 347.26, 189.54, 233.78 Cr; Net Profit last 3Q: 17.33, 0.76, 3.97 Cr",,,P/E: 16.3; ROCE: 16.4; ROE: 13.0; Div Yield: 0.00; Book Value: 133; Mkt Cap: 891,2026-06-22
DIACABS,,,,,,,,,,,"Sales: 1,910 Cr (YoY +71.3%); NetProfit: 158 Cr (YoY +364.7%); EPS: 3.00","Sales last 3Q: 438, 474, 696 Cr; Net Profit last 3Q: 28, 50, 61 Cr",,,"P/E: 122; ROCE: 26.5; Div Yield: 0.00; Book Value: -11.5; Mkt Cap: 19,355",2026-07-31
DIAMINESQ,,,,,,,,,,,Sales: 41 Cr (YoY +7.9%); NetProfit: -10 Cr (YoY +23.1%); EPS: -10.23,"Sales last 3Q: 7.64, 9.29, 14.37 Cr; Net Profit last 3Q: -3.40, -2.42, -0.10 Cr",,,ROCE: -8.35; ROE: -8.02; Div Yield: 0.38; Book Value: 157; Mkt Cap: 263,2026-08-05
DIAMONDYD,,,,,,,,,,,"Sales: 1,653 Cr (YoY +18.3%); NetProfit: 20 Cr (YoY +566.7%); EPS: 8.66","Sales last 3Q: 457, 426, 387 Cr; Net Profit last 3Q: 4, 5, 22 Cr",,,"P/E: 137; ROCE: 1.15; ROE: 3.14; Div Yield: 0.04; Book Value: 288; Mkt Cap: 2,789",2026-08-03
DICIND,,,,,,,,,,,,,,,P/E: 23.7; ROCE: 15.2; ROE: 10.8; Div Yield: 0.52; Book Value: 231; Mkt Cap: 522,2026-08-13
DIFFNKG,,,,,,,,,,,Sales: 407 Cr (YoY +21.5%); NetProfit: 50 Cr (YoY +38.9%); EPS: 13.45,"Sales last 3Q: 84, 101, 142 Cr; Net Profit last 3Q: 10, 12, 16 Cr",,,"P/E: 28.3; ROCE: 16.4; ROE: 13.1; Div Yield: 0.39; Book Value: 108; Mkt Cap: 1,438",2026-06-17
DIGITIDE,,,,,,,,,,,"Sales: 3,080 Cr (YoY -5.8%); NetProfit: 6 Cr (YoY -95.7%); EPS: -1.10","Sales last 3Q: 764.19, 780.30, 799.95 Cr; Net Profit last 3Q: 2.91, -2.05, -5.01 Cr",,,"P/E: 149; ROCE: 10.9; ROE: 1.23; Div Yield: 0.00; Book Value: 56.2; Mkt Cap: 1,521",2026-07-03
DIVGIITTS,,,,,,,,,,,Sales: 303 Cr (YoY +38.4%); NetProfit: 37 Cr (YoY +54.2%); EPS: 12.04,"Sales last 4Q: 58, 72, 83, 91 Cr; Net Profit last 4Q: 5, 9, 11, 12 Cr",Debt: 1 Cr,,ROCE: 6%; EPS: 12.04; NPM: 12.21%,2026-08-15
DIVISLAB,,,,,,,,,,,Sales: 10314 Cr (YoY +10.2%); NetProfit: 2479 Cr (YoY +13.1%); EPS: 93.38,"Sales last 4Q: 2585, 2410, 2715, 2604 Cr; Net Profit last 4Q: 662, 545, 689, 583 Cr",Debt: 90 Cr,,ROCE: 21%; EPS: 93.38; NPM: 24.04%,2026-08-15
DIXON,,,,,,,,,,,"Sales: 51,585 Cr (YoY +5.5%); NetProfit: 2,082 Cr (YoY +26.6%); EPS: 308.83","Sales last 3Q: 10,672, 10,511, 15,548 Cr; Net Profit last 3Q: 321, 298, 718 Cr",,,"P/E: 46.0; ROCE: 42.0; ROE: 37.4; Div Yield: 0.06; Book Value: 769; Mkt Cap: 86,394",2026-08-15
DJML,,,,,,,,,,,Sales: 138 Cr (YoY +68.3%); NetProfit: 11 Cr (YoY +57.1%); EPS: 3.17,"Sales last 3Q: 32.19, 27.60, 52.86 Cr; Net Profit last 3Q: 2.04, 1.93, 5.62 Cr",,,P/E: 37.0; ROCE: 16.5; ROE: 14.1; Div Yield: 0.13; Book Value: 26.3; Mkt Cap: 400,2026-06-29
DLF,,,,,,,,,,,Sales: 9508 Cr (YoY +18.9%); NetProfit: 4428 Cr (YoY +1.4%); EPS: 17.89,"Sales last 3Q: 2717, 1643, 2020 Cr; Net Profit last 3Q: 763, 1180, 1203 Cr",Debt: 1777 Cr,,ROCE: 8%; EPS: 17.89; NPM: 46.57%,2026-08-15
DLINKINDIA,,,,,,,,,,,"Sales: 1,566 Cr (YoY +13.2%); NetProfit: 104 Cr (YoY +0.0%); EPS: 29.31","Sales last 3Q: 377, 395, 444 Cr; Net Profit last 3Q: 25, 27, 28 Cr",,,"P/E: 17.4; ROCE: 28.3; ROE: 21.2; Div Yield: 5.09; Book Value: 142; Mkt Cap: 1,815",2026-06-17
DMART,,,,,,,,,,,Sales: 66009 Cr (YoY +11.2%); NetProfit: 2864 Cr (YoY +5.8%); EPS: 44.03,"Sales last 3Q: 16360, 16676, 18101 Cr; Net Profit last 3Q: 773, 685, 856 Cr",Debt: 1609 Cr,,ROCE: 18%; EPS: 44.03; NPM: 4.34%,2026-08-15
DMCC,,,,,,,,,,,Sales: 582 Cr (YoY +35.0%); NetProfit: 27 Cr (YoY +22.7%); EPS: 10.96,"Sales last 3Q: 126.03, 150.87, 177.64 Cr; Net Profit last 3Q: 5.75, 6.17, 7.65 Cr",,,P/E: 23.6; ROCE: 15.3; ROE: 11.5; Div Yield: 0.97; Book Value: 99.5; Mkt Cap: 646,2026-06-25
DODLA,,,,,,,,,,,"Sales: 4,316 Cr (YoY +4.6%); NetProfit: 245 Cr (YoY -8.2%); EPS: 40.58","Sales last 3Q: 1,025, 1,074, 1,198 Cr; Net Profit last 3Q: 69, 70, 41 Cr",,,"P/E: 25.4; ROCE: 16.7; ROE: 16.4; Div Yield: 0.48; Book Value: 278; Mkt Cap: 6,277",2026-07-31
DOLLAR,,,,,,,,,,,"Sales: 1,881 Cr (YoY +10.0%); NetProfit: 107 Cr (YoY +16.3%); EPS: 18.94","Sales last 3Q: 472, 388, 622 Cr; Net Profit last 3Q: 35, 18, 33 Cr",,,"P/E: 13.9; ROCE: 13.6; ROE: 11.9; Div Yield: 1.14; Book Value: 167; Mkt Cap: 1,492",2026-06-27
DOLPHIN,,,,,,,,,,,Sales: 116 Cr (YoY +56.8%); NetProfit: 69 Cr (YoY +50.0%); EPS: 17.13,"Sales last 3Q: 25, 30, 45 Cr; Net Profit last 3Q: 16, 13, 28 Cr",,,"P/E: 22.1; ROCE: 14.9; ROE: 21.9; Div Yield: 0.00; Book Value: 88.4; Mkt Cap: 1,512",2026-07-21
DOMS,,,,,,,,,,,"Sales: 2,326 Cr (YoY +21.6%); NetProfit: 240 Cr (YoY +12.1%); EPS: 37.93","Sales last 3Q: 568, 592, 604 Cr; Net Profit last 3Q: 61, 61, 58 Cr",,,"P/E: 60.3; ROCE: 24.3; ROE: 20.7; Div Yield: 0.14; Book Value: 201; Mkt Cap: 13,880",2026-06-22
DPABHUSHAN,,,,,,,,,,,"Sales: 1,728 Cr (YoY +42.2%); NetProfit: 41 Cr (YoY +51.9%); EPS: 18.21","Sales last 3Q: 448.27, 668.11, 439.66 Cr; Net Profit last 3Q: 10.84, 15.79, 9.65 Cr",,,"P/E: 61.2; ROCE: 24.4; ROE: 34.5; Div Yield: 0.00; Book Value: 62.0; Mkt Cap: 2,478",2026-07-08
DPWIRES,,,,,,,,,,,,,,,P/E: 17.97; ROE: 6.83%; Div Yield: 0.00%; Book Value: ₹171.67; Mkt Cap: ₹316 Cr,2026-06-23
DREDGECORP,,,,,,,,,,,,,,,P/E: 210.28; ROE: 0.39%; Div Yield: 0.00%; Book Value: ₹490.13; Mkt Cap: ₹3138 Cr,2026-06-17
DRREDDY,,,,,,,,,,,Sales: 34682 Cr (YoY +6.2%); NetProfit: 5523 Cr (YoY -3.5%); EPS: 66.72,"Sales last 3Q: 8572, 8828, 8753 Cr; Net Profit last 3Q: 1410, 1337, 1190 Cr",Debt: 5854 Cr,,ROCE: 26%; EPS: 66.72; NPM: 15.92%,2026-08-15
DSSL,,,,,,,,,,,"Sales: 1,424 Cr (YoY +12.4%); NetProfit: 85 Cr (YoY +18.1%); EPS: 66.53","Sales last 3Q: 352, 341, 402 Cr; Net Profit last 3Q: 23, 24, 19 Cr",,,"P/E: 21.8; ROCE: 29.8; ROE: 31.0; Div Yield: 0.03; Book Value: 247; Mkt Cap: 1,846",2026-06-20
DVL,,,,,,,,,,,Sales: 443 Cr (YoY +19.1%); NetProfit: 191 Cr (YoY +117.0%); EPS: 55.44,"Sales last 3Q: 72, 71, 232 Cr; Net Profit last 3Q: 6, 24, 174 Cr",,,P/E: 5.19; ROCE: 6.74; ROE: 4.86; Div Yield: 1.78; Book Value: 939; Mkt Cap: 990,2026-08-10
DYCL,,,,,,,,,,,,,,,P/E: 23.92; ROE: N/A (see financials); Div Yield: 0.11%; Book Value: ₹94.36; Mkt Cap: ₹2182 Cr,2026-08-15
DYNAMATECH,,,,,,,,,,,Sales: 1569 Cr (YoY +11.8%); NetProfit: 36 Cr (YoY -16.3%); EPS: 56.67,"Sales last 4Q: 381, 371, 392, 425 Cr; Net Profit last 4Q: 16, 11, 3, 6 Cr",Debt: 594 Cr,,ROCE: 10%; EPS: 56.67; NPM: 2.29%,2026-08-15
E2E,,,,,,,,,,,,,,,P/E: N/A; ROE: -0.95%; Div Yield: 0.00%; Book Value: ₹84.05; Mkt Cap: ₹8101 Cr,2026-06-29
EBGNG,,,,,,,,,,,Sales: 1891 Cr (YoY +34%); NetProfit: 132 Cr (YoY +91.3%); EPS: 11.58,"Sales last 4Q: 312, 440, 487, 652 Cr; Net Profit last 4Q: 19, 33, 39, 42 Cr",Debt: 433 Cr,,ROCE: 17%; EPS: 11.58; NPM: 6.98%,2026-08-15
ECLERX,,,,,,,,,,,"Sales: 4,335 Cr (YoY +5.3%); NetProfit: 729 Cr (YoY +3.3%); EPS: 77.22","Sales last 3Q: 1,070, 1,107, 1,152 Cr; Net Profit last 3Q: 192, 190, 164 Cr",,,"P/E: 24.5; ROCE: 34.8; ROE: 29.0; Div Yield: 0.05; Book Value: 272; Mkt Cap: 17,841",2026-08-15
EDELWEISS,,,,,,,,,,,Sales: 10417 Cr (YoY +10.6%); NetProfit: 680 Cr (YoY +26.9%); EPS: 5.78,"Sales last 4Q: 2246, 1861, 4400, 1918 Cr; Net Profit last 4Q: 103, 175, 270, 132 Cr",Debt: 18595 Cr,,ROCE: 9%; EPS: 5.78; NPM: 6.53%,2026-08-15
EFCIL,,,,,,,,,,,"Sales: 1,037 Cr (YoY +57.8%); NetProfit: 235 Cr (YoY +66.7%); EPS: 15.66","Sales last 3Q: 255, 270, 293 Cr; Net Profit last 3Q: 57, 62, 69 Cr",,,"P/E: 12.2; ROCE: 19.8; ROE: 34.3; Div Yield: 0.00; Book Value: 54.6; Mkt Cap: 2,824",2026-06-20
EGOLD,,,,,,,,,,,,,,,P/E: N/A; ROE: N/A (see financials); Div Yield: 0.00%; Book Value: ₹N/A; Mkt Cap: N/A,2026-06-23
EICHERMOT,,,,,,,,,,,"Sales: 24,998 Cr (YoY +6.8%); NetProfit: 5,773 Cr (YoY +4.7%); EPS: 210.41","Sales last 3Q: 6,114, 6,080, 6,632 Cr; Net Profit last 3Q: 1,421, 1,520, 1,463 Cr",,,"P/E: 37.8; ROCE: 30.5; ROE: 24.0; Div Yield: 1.02; Book Value: 915; Mkt Cap: 2,19,860",2026-08-11
EIDPARRY,,,,,,,,,,,"Sales: 38,836 Cr (YoY +0.8%); NetProfit: 1,227 Cr (YoY -11.1%); EPS: 26.13","Sales last 3Q: 10,312, 7,882, 9,018 Cr; Net Profit last 3Q: 437, -287, 312 Cr",,,"P/E: 17.0; ROCE: 17.0; ROE: 7.85; Div Yield: 0.00; Book Value: 493; Mkt Cap: 13,795",2026-08-15
EIEL,,,,,,,,,,,"Sales: 1,146 Cr (YoY +7.5%); NetProfit: 188 Cr (YoY +6.2%); EPS: 10.42","Sales last 3Q: 227, 250, 427 Cr; Net Profit last 3Q: 50, 42, 54 Cr",,,"P/E: 19.1; ROCE: 20.4; ROE: 17.0; Div Yield: 0.00; Book Value: 70.2; Mkt Cap: 3,614",2026-06-20
EIFFL,,,,,,,,,,,,,,,P/E: 173.99; ROE: 6.65%; Div Yield: 0.00%; Book Value: ₹30.99; Mkt Cap: ₹867 Cr,2026-06-18
EIHOTEL,,,,,,,,,,,"Sales: 2,940 Cr (YoY +7.2%); NetProfit: 657 Cr (YoY -14.7%); EPS: 10.05","Sales last 3Q: 598, 873, 895 Cr; Net Profit last 3Q: 117, 255, 249 Cr",,,"P/E: 28.1; ROCE: 20.7; ROE: 14.5; Div Yield: 0.47; Book Value: 84.2; Mkt Cap: 20,127",2026-06-20
EIMCOELECO,,,,,,,,,,,Sales: 228 Cr (YoY +31.8%); NetProfit: 39 Cr (YoY +95.0%); EPS: 66.83,"Sales last 3Q: 51, 48, 84 Cr; Net Profit last 3Q: 11, 8, 15 Cr",,,"P/E: 30.2; ROCE: 13.2; ROE: 10.4; Div Yield: 0.20; Book Value: 669; Mkt Cap: 1,157",2026-08-15
EKC,,,,,,,,,,,"Sales: 1,471 Cr (YoY -1.9%); NetProfit: 147 Cr (YoY +50.0%); EPS: 13.09","Sales last 3Q: 360, 365, 358 Cr; Net Profit last 3Q: 14, 36, 46 Cr",,,"P/E: 9.67; ROCE: 11.6; ROE: 11.3; Div Yield: 0.55; Book Value: 125; Mkt Cap: 1,422",2026-06-22
ELDEHSG,,,,,,,,,,,Sales: 165 Cr (YoY +24.1%); NetProfit: 24 Cr (YoY +9.1%); EPS: 24.69,"Sales last 3Q: 33.05, 43.08, 60.11 Cr; Net Profit last 3Q: 2.63, 13.67, 4.85 Cr",,,P/E: 29.1; ROCE: 7.72; ROE: 6.20; Div Yield: 1.25; Book Value: 406; Mkt Cap: 707,2026-08-06
ELECON,,,,,,,,,,,"Sales: 2,366 Cr (YoY +6.2%); NetProfit: 341 Cr (YoY -17.8%); EPS: 15.20","Sales last 3Q: 578.13, 551.74, 745.61 Cr; Net Profit last 3Q: 87.72, 71.99, 6.00 Cr",,,"P/E: 35.4; ROCE: 20.9; ROE: 16.4; Div Yield: 0.36; Book Value: 103; Mkt Cap: 12,530",2026-06-17
ELECTHERM,,,,,,,,,,,"Sales: 3,692 Cr (YoY -10.3%); NetProfit: -16 Cr (YoY -103.6%); EPS: -12.29","Sales last 3Q: 814, 904, 1,140 Cr; Net Profit last 3Q: -22, -35, 14 Cr",,,"ROCE: 0.45; Div Yield: 0.00; Book Value: -121; Mkt Cap: 1,568",2026-07-06
ELGIEQUIP,,,,,,,,,,,Sales: 3831 Cr (YoY +9.1%); NetProfit: 404 Cr (YoY +15.4%); EPS: 12.75,"Sales last 4Q: 993, 867, 968, 1003 Cr; Net Profit last 4Q: 102, 86, 121, 95 Cr",Debt: 528 Cr,,ROCE: 28%; EPS: 12.75; NPM: 10.55%,2026-08-15
ELIN,,,,,,,,,,,"Sales: 1,288 Cr (YoY +9.2%); NetProfit: 23 Cr (YoY -20.7%); EPS: 4.54","Sales last 3Q: 374.54, 293.52, 324.19 Cr; Net Profit last 3Q: 10.30, 3.66, -0.76 Cr",,,P/E: 21.4; ROCE: 6.85; ROE: 4.27; Div Yield: 0.00; Book Value: 112; Mkt Cap: 499,2026-07-03
ELIQUID,,,,,,,,,,,,,,,P/E: N/A; ROE: N/A (see financials); Div Yield: 0.00%; Book Value: ₹N/A; Mkt Cap: N/A,2026-07-06
ELLEN,,,,,,,,,,,,,,,P/E: 44.05; ROE: N/A (see financials); Div Yield: 0.00%; Book Value: ₹69.33; Mkt Cap: ₹4688 Cr,2026-08-15
ELPROINTL,,,,,,,,,,,Sales: 528 Cr (YoY +35.4%); NetProfit: 87 Cr (YoY +31.8%); EPS: 5.16,"Sales last 3Q: 54, 189, 185 Cr; Net Profit last 3Q: 11, 94, -92 Cr",,,"P/E: 33.7; ROCE: 6.57; ROE: 4.30; Div Yield: 0.40; Book Value: 120; Mkt Cap: 2,947",2026-07-03
EMAMILTD,,,,,,,,,,,"Sales: 3,780 Cr (YoY -0.8%); NetProfit: 775 Cr (YoY -3.5%); EPS: 17.76","Sales last 3Q: 799, 1,152, 925 Cr; Net Profit last 3Q: 148, 319, 143 Cr",,,"P/E: 22.1; ROCE: 29.6; ROE: 27.9; Div Yield: 2.52; Book Value: 67.0; Mkt Cap: 17,327",2026-06-27
EMAMIPAP,,,,,,,,,,,,,,,P/E: 13.65; ROE: 9.80%; Div Yield: 1.62%; Book Value: ₹79.32; Mkt Cap: ₹718 Cr,2026-07-22
EMCURE,,,,,,,,,,,Sales: 9204 Cr (YoY +16.6%); NetProfit: 941 Cr (YoY +33.1%); EPS: 48.76,"Sales last 4Q: 2101, 2270, 2363, 2470 Cr; Net Profit last 4Q: 215, 251, 231, 244 Cr",Debt: 1558 Cr,,ROCE: 24%; EPS: 48.76; NPM: 10.22%,2026-08-15
EMIL,,,,,,,,,,,"Sales: 7,183 Cr (YoY +3.1%); NetProfit: 107 Cr (YoY -33.1%); EPS: 2.78","Sales last 3Q: 1,591, 1,940, 1,913 Cr; Net Profit last 3Q: 16, 30, 40 Cr",,,"P/E: 45.3; ROCE: 8.14; ROE: 6.50; Div Yield: 0.00; Book Value: 42.3; Mkt Cap: 4,650",2026-06-20
EMKAY,,,,,,,,,,,Sales: 399 Cr (YoY +0.8%); NetProfit: 20 Cr (YoY +33.3%); EPS: 7.33,"Sales last 3Q: 87.08, 148.39, 91.91 Cr; Net Profit last 3Q: 4.30, 5.66, 9.11 Cr",,,P/E: 32.4; ROCE: 8.01; ROE: 4.52; Div Yield: 0.65; Book Value: 145; Mkt Cap: 633,2026-07-28
EMMBI,,,,,,,,,,,Sales: 456 Cr (YoY +12.9%); NetProfit: 8 Cr (YoY +33.3%); EPS: 4.10,"Sales last 3Q: 122.13, 112.24, 117.01 Cr; Net Profit last 3Q: 2.86, 1.12, 2.43 Cr",,,P/E: 22.8; ROCE: 8.72; ROE: 4.52; Div Yield: 0.29; Book Value: 103; Mkt Cap: 199,2026-06-23
EMMVEE,,,,,,,,,,,"Sales: 5,578 Cr (YoY +10.5%); NetProfit: 1,274 Cr (YoY +17.7%); EPS: 18.98","Sales last 3Q: 1,152, 1,739, 1,556 Cr; Net Profit last 3Q: 264, 392, 380 Cr",,,"P/E: 17.5; ROCE: 44.8; ROE: 51.1; Div Yield: 0.00; Book Value: 53.4; Mkt Cap: 22,259",2026-08-15
EMSLIMITED,,,,,,,,,,,Sales: 733 Cr (YoY -24.1%); NetProfit: 91 Cr (YoY -50.5%); EPS: 16.30,"Sales last 3Q: 173.49, 200.36, 120.50 Cr; Net Profit last 3Q: 28.14, 19.29, 5.71 Cr",,,"P/E: 21.5; ROCE: 12.5; ROE: 8.91; Div Yield: 0.43; Book Value: 190; Mkt Cap: 1,944",2026-06-20
EMUDHRA,,,,,,,,,,,Sales: 702 Cr (YoY +35.3%); NetProfit: 110 Cr (YoY +26.4%); EPS: 13.02,"Sales last 3Q: 173, 188, 193 Cr; Net Profit last 3Q: 26, 29, 30 Cr",,,"P/E: 34.9; ROCE: 15.7; ROE: 12.6; Div Yield: 0.28; Book Value: 110; Mkt Cap: 3,650",2026-06-27
ENDURANCE,,,,,,,,,,,"Sales: 15,592 Cr (YoY +6.8%); NetProfit: 970 Cr (YoY +1.9%); EPS: 68.95","Sales last 3Q: 3,608, 4,086, 4,315 Cr; Net Profit last 3Q: 222, 276, 245 Cr",,,"P/E: 41.4; ROCE: 17.8; ROE: 14.9; Div Yield: 0.40; Book Value: 486; Mkt Cap: 40,778",2026-08-15
ENGINERSIN,,,,,,,,,,,Sales: 4012 Cr (YoY +29.9%); NetProfit: 776 Cr (YoY +33.8%); EPS: 13.81,"Sales last 3Q: 870, 921, 1210 Cr; Net Profit last 3Q: 65, 83, 347 Cr",Debt: 20 Cr,,ROCE: 24%; EPS: 13.81; NPM: 19.34%,2026-08-15
ENIL,,,,,,,,,,,Sales: 565 Cr (YoY +3.9%); NetProfit: -7 Cr (YoY -158.3%); EPS: -1.61,"Sales last 3Q: 141.14, 164.96, 142.14 Cr; Net Profit last 3Q: -4.09, -6.30, 8.27 Cr",,,P/E: 254; ROCE: -0.75; ROE: 0.25; Div Yield: 1.92; Book Value: 159; Mkt Cap: 496,2026-07-03
ENRIN,,,,,,,,,,,,,,,P/E: 102.83; ROE: N/A (see financials); Div Yield: 0.11%; Book Value: ₹135.12; Mkt Cap: ₹134799 Cr,2026-06-17
ENTERO,,,,,,,,,,,"Sales: 6,591 Cr (YoY +29.3%); NetProfit: 146 Cr (YoY +36.4%); EPS: 26.44","Sales last 3Q: 1,571, 1,707, 1,910 Cr; Net Profit last 3Q: 37, 34, 45 Cr",,,"P/E: 39.7; ROCE: 10.6; ROE: 6.99; Div Yield: 0.00; Book Value: 388; Mkt Cap: 4,741",2026-06-20
EPACK,,,,,,,,,,,"Sales: 1,894 Cr (YoY -12.8%); NetProfit: 3 Cr (YoY -94.5%); EPS: 0.34","Sales last 3Q: 213.26, 427.75, 591.05 Cr; Net Profit last 3Q: -22.25, 2.59, 0.02 Cr",,,"P/E: 747; ROCE: 4.55; ROE: 0.34; Div Yield: 0.00; Book Value: 99.8; Mkt Cap: 2,436",2026-06-22
EPACKPEB,,,,,,,,,,,"Sales: 1,596 Cr (YoY +4.7%); NetProfit: 95 Cr (YoY +2.2%); EPS: 9.43","Sales last 3Q: 325, 471, 366 Cr; Net Profit last 3Q: 17, 30, 18 Cr",,,"P/E: 24.4; ROCE: 21.7; ROE: 17.0; Div Yield: 0.00; Book Value: 73.0; Mkt Cap: 2,311",2026-08-15
EPIGRAL,,,,,,,,,,,"Sales: 2,527 Cr (YoY -0.9%); NetProfit: 332 Cr (YoY -7.3%); EPS: 76.95","Sales last 3Q: 587, 597, 736 Cr; Net Profit last 3Q: 51, 39, 81 Cr",,,"P/E: 12.8; ROCE: 15.5; ROE: 16.0; Div Yield: 0.51; Book Value: 515; Mkt Cap: 4,222",2026-07-10
EPL,,,,,,,,,,,"Sales: 5,043 Cr (YoY +5.9%); NetProfit: 393 Cr (YoY -0.3%); EPS: 12.10","Sales last 3Q: 1,149, 1,300, 1,388 Cr; Net Profit last 3Q: 83, 103, 101 Cr",,,"P/E: 19.1; ROCE: 17.8; ROE: 15.8; Div Yield: 1.02; Book Value: 89.2; Mkt Cap: 7,835",2026-08-15
ERIS,,,,,,,,,,,"Sales: 3,129 Cr (YoY +8.1%); NetProfit: 648 Cr (YoY +72.8%); EPS: 44.72","Sales last 3Q: 792, 807, 757 Cr; Net Profit last 3Q: 134, 109, 279 Cr",,,"P/E: 31.8; ROCE: 14.1; ROE: 18.7; Div Yield: 0.51; Book Value: 282; Mkt Cap: 20,070",2026-06-20
ESCORTS,,,,,,,,,,,"Sales: 12,248 Cr (YoY +6.1%); NetProfit: 1,383 Cr (YoY -42.2%); EPS: 123.62","Sales last 3Q: 3,280, 2,968, 3,208 Cr; Net Profit last 3Q: 358, 321, 386 Cr",,,"P/E: 24.5; ROCE: 13.9; ROE: 18.7; Div Yield: 1.06; Book Value: 1,106; Mkt Cap: 34,835",2026-08-15
ESILVER,,,,,,,,,,,,,,,P/E: N/A; ROE: N/A (see financials); Div Yield: 0.00%; Book Value: ₹N/A; Mkt Cap: N/A,2026-06-20
ESTER,,,,,,,,,,,"Sales: 1,469 Cr (YoY +6.8%); NetProfit: -2 Cr (YoY +92.6%); EPS: -0.29","Sales last 3Q: 339, 344, 432 Cr; Net Profit last 3Q: -12, 8, 19 Cr",,,"ROCE: 2.76; ROE: -3.53; Div Yield: 0.25; Book Value: 80.2; Mkt Cap: 1,064",2026-08-13
ETERNAL,,,,,,,,,,,"Sales: 67,408 Cr (YoY +24.0%); NetProfit: 433 Cr (YoY +18.3%); EPS: 0.46","Sales last 3Q: 16,315, 17,292, 20,211 Cr; Net Profit last 3Q: 102, 174, 92 Cr",,,"P/E: 710; ROCE: 2.48; ROE: 0.38; Div Yield: 0.00; Book Value: 32.1; Mkt Cap: 3,07,364",2026-08-15
ETHOSLTD,,,,,,,,,,,"Sales: 1,612 Cr (YoY +28.8%); NetProfit: 96 Cr (YoY +0.0%); EPS: 35.42","Sales last 3Q: 383, 469, 414 Cr; Net Profit last 3Q: 24, 31, 23 Cr",,,"P/E: 69.0; ROCE: 9.82; ROE: 7.77; Div Yield: 0.00; Book Value: 556; Mkt Cap: 6,629",2026-07-10
EUREKAFORB,,,,,,,,,,,"Sales: 2,709 Cr (YoY +11.2%); NetProfit: 163 Cr (YoY -0.6%); EPS: 8.41","Sales last 3Q: 772, 645, 684 Cr; Net Profit last 3Q: 63, 10, 51 Cr",,,"P/E: 45.8; ROCE: 5.90; ROE: 4.27; Div Yield: 0.00; Book Value: 238; Mkt Cap: 8,816",2026-06-29
EUROPRATIK,,,,,,,,,,,Sales: 335 Cr (YoY +18.0%); NetProfit: 77 Cr (YoY +1.3%); EPS: 7.54,"Sales last 3Q: 97, 80, 93 Cr; Net Profit last 3Q: 23, 24, 22 Cr",,,"P/E: 34.4; ROCE: 38.4; ROE: 30.5; Div Yield: 0.07; Book Value: 30.3; Mkt Cap: 2,849",2026-06-20
EVEREADY,,,,,,,,,,,"Sales: 1,455 Cr (YoY +8.2%); NetProfit: 172 Cr (YoY +109.8%); EPS: 23.60","Sales last 3Q: 387, 367, 327 Cr; Net Profit last 3Q: -8, 7, 142 Cr",,,"P/E: 18.3; ROCE: 17.2; ROE: 27.0; Div Yield: 0.41; Book Value: 85.7; Mkt Cap: 2,681",2026-06-20
EVERESTIND,,,,,,,,,,,"Sales: 1,417 Cr (YoY -17.8%); NetProfit: -102 Cr (YoY -2450.0%); EPS: -64.13","Sales last 3Q: 306, 283, 327 Cr; Net Profit last 3Q: -18, -38, -47 Cr",,,ROCE: -8.54; ROE: -16.1; Div Yield: 0.54; Book Value: 312; Mkt Cap: 734,2026-06-25
EXICOM,,,,,,,,,,,"Sales: 1,152 Cr (YoY +32.7%); NetProfit: -274 Cr (YoY -149.1%); EPS: -19.71","Sales last 3Q: 282, 277, 388 Cr; Net Profit last 3Q: -69, -68, -54 Cr",,,"ROCE: -14.7; ROE: -40.8; Div Yield: 0.00; Book Value: 46.8; Mkt Cap: 2,333",2026-06-16
EXIDEIND,,,,,,,,,,,"Sales: 18,829 Cr (YoY +4.6%); NetProfit: 937 Cr (YoY +9.0%); EPS: 10.95","Sales last 3Q: 4,201, 4,735, 5,528 Cr; Net Profit last 3Q: 195, 217, 351 Cr",,,"P/E: 43.1; ROCE: 8.54; ROE: 5.97; Div Yield: 0.42; Book Value: 164; Mkt Cap: 40,468",2026-08-15
EXPLEOSOL,,,,,,,,,,,"Sales: 1,108 Cr (YoY +8.1%); NetProfit: 124 Cr (YoY +20.4%); EPS: 79.89","Sales last 3Q: 283, 279, 286 Cr; Net Profit last 3Q: 40, 22, 42 Cr",,,"P/E: 9.50; ROCE: 24.8; ROE: 19.2; Div Yield: 6.07; Book Value: 500; Mkt Cap: 1,284",2026-07-07
FABTECH,,,,,,,,,,,Sales: 411 Cr (YoY +25.7%); NetProfit: 38 Cr (YoY -17.4%); EPS: 8.63,"Sales last 3Q: 121, 63, 159 Cr; Net Profit last 3Q: 28, -6, 22 Cr",,,P/E: 18.8; ROCE: 13.6; ROE: 12.5; Div Yield: 0.00; Book Value: 94.4; Mkt Cap: 697,2026-06-22
FACT,,,,,,,,,,,"Sales: 5,293 Cr (YoY +30.7%); NetProfit: 28 Cr (YoY -31.7%); EPS: 0.43","Sales last 3Q: 1,043, 1,629, 1,568 Cr; Net Profit last 3Q: 4, 21, -68 Cr",,,"P/E: 3,529; ROCE: 8.65; ROE: 1.61; Div Yield: 0.02; Book Value: 21.2; Mkt Cap: 52,264",2026-08-15
FAIRCHEMOR,,,,,,,,,,,,,,,P/E: 149.73; ROE: 1.96%; Div Yield: 0.16%; Book Value: ₹224.66; Mkt Cap: ₹805 Cr,2026-06-24
FAZE3Q,,,,,,,,,,,Sales: 940 Cr (YoY +1.8%); NetProfit: 30 Cr (YoY -11.8%); EPS: 12.51,"Sales last 3Q: 226.93, 277.18, 229.39 Cr; Net Profit last 3Q: 6.40, 19.60, 9.64 Cr",,,"P/E: 39.5; ROCE: 9.18; ROE: 7.70; Div Yield: 0.00; Book Value: 186; Mkt Cap: 1,202",2026-08-13
FDC,,,,,,,,,,,"Sales: 2,171 Cr (YoY +3.0%); NetProfit: 281 Cr (YoY +5.2%); EPS: 17.29","Sales last 3Q: 473, 465, 585 Cr; Net Profit last 3Q: 28, 28, 103 Cr",,,"P/E: 21.3; ROCE: 16.7; ROE: 12.5; Div Yield: 1.28; Book Value: 153; Mkt Cap: 6,339",2026-06-20
FEDERALBNK,,,,,,,,,,,"Sales: 30,385 Cr (YoY +2.4%); NetProfit: 4,843 Cr (YoY +7.8%); EPS: 19.00","Sales last 3Q: 7,360, 7,947, 7,862 Cr; Net Profit last 3Q: 1,125, 1,392, 1,302 Cr",,,"P/E: 18.5; ROCE: 6.39; ROE: 11.6; Div Yield: 0.34; Book Value: 162; Mkt Cap: 86,830",2026-08-15
FEDFINA,,,,,,,,,,,,,,,P/E: 17.42; ROE: 12.55%; Div Yield: 0.00%; Book Value: ₹78.30; Mkt Cap: ₹5955 Cr,2026-06-18
FERMENTA,,,,,,,,,,,Sales: 525 Cr (YoY +12.2%); NetProfit: 70 Cr (YoY -7.9%); EPS: 24.39,"Sales last 3Q: 130, 137, 122 Cr; Net Profit last 3Q: 18, 12, 19 Cr",,,"P/E: 17.3; ROCE: 20.4; ROE: 17.4; Div Yield: 0.63; Book Value: 138; Mkt Cap: 1,153",2026-07-06
FIEMIND,,,,,,,,,,,Sales: 2704 Cr (YoY +11.6%); NetProfit: 243 Cr (YoY +18.5%); EPS: 92.48,"Sales last 4Q: 639, 659, 715, 690 Cr; Net Profit last 4Q: 59, 58, 64, 63 Cr",Debt: 62 Cr,,ROCE: 28%; EPS: 92.48; NPM: 8.99%,2026-08-15
FINCABLES,,,,,,,,,,,Sales: 5965 Cr (YoY +12.1%); NetProfit: 681 Cr (YoY -2.9%); EPS: 44.53,"Sales last 4Q: 1595, 1396, 1376, 1599 Cr; Net Profit last 4Q: 192, 163, 163, 164 Cr",Debt: 22 Cr,,ROCE: 16%; EPS: 44.53; NPM: 11.42%,2026-08-15
FINEORG,,,,,,,,,,,"Sales: 2,472 Cr (YoY +4.5%); NetProfit: 438 Cr (YoY +5.0%); EPS: 142.89","Sales last 3Q: 555, 625, 694 Cr; Net Profit last 3Q: 74, 117, 138 Cr",,,"P/E: 35.9; ROCE: 21.5; ROE: 16.5; Div Yield: 0.21; Book Value: 869; Mkt Cap: 15,719",2026-08-13
FINOPB,,,,,,,,,,,,,,,P/E: 24.83; ROE: 6.76%; Div Yield: 0.00%; Book Value: ₹96.40; Mkt Cap: ₹1300 Cr,2026-06-20
FINPIPE,,,,,,,,,,,"Sales: 4,113 Cr (YoY -0.7%); NetProfit: 599 Cr (YoY -25.1%); EPS: 9.65","Sales last 3Q: 859, 898, 1,314 Cr; Net Profit last 3Q: 124, 116, 261 Cr",,,"P/E: 18.2; ROCE: 12.7; ROE: 9.73; Div Yield: 1.14; Book Value: 100; Mkt Cap: 10,894",2026-06-20
FIRSTCRY,,,,,,,,,,,"Sales: 8,792 Cr (YoY +2.9%); NetProfit: -181 Cr (YoY +11.3%); EPS: -2.40","Sales last 3Q: 2,424, 2,163, 2,106 Cr; Net Profit last 3Q: -39, -48, -44 Cr",,,"ROCE: 0.57; ROE: -2.37; Div Yield: 0.00; Book Value: 92.5; Mkt Cap: 10,760",2026-08-15
FIVESTAR,,,,,,,,,,,,,,,"P/E: 97.9; ROCE: 17.0; ROE: 16.0; Div Yield: 0.39; Mkt Cap: 15,333",2026-06-20
FLAIR,,,,,,,,,,,"Sales: 1,250 Cr (YoY +15.7%); NetProfit: 141 Cr (YoY +18.5%); EPS: 13.26","Sales last 3Q: 321, 318, 323 Cr; Net Profit last 3Q: 43, 33, 37 Cr",,,"P/E: 21.2; ROCE: 16.8; ROE: 12.9; Div Yield: 0.35; Book Value: 108; Mkt Cap: 2,971",2026-06-22
FLUOROCHEM,,,,,,,,,,,"Sales: 5,303 Cr (YoY +6.1%); NetProfit: 600 Cr (YoY +7.9%); EPS: 55.08","Sales last 3Q: 1,136, 1,369, 1,588 Cr; Net Profit last 3Q: 102, 100, 219 Cr",,,"P/E: 84.3; ROCE: 9.86; ROE: 7.60; Div Yield: 0.06; Book Value: 716; Mkt Cap: 52,045",2026-08-15
FMGOETZE,,,,,,,,,,,"Sales: 1,958 Cr (YoY +8.8%); NetProfit: 178 Cr (YoY +4.7%); EPS: 30.68","Sales last 3Q: 490, 496, 489 Cr; Net Profit last 3Q: 51, 31, 51 Cr",,,"P/E: 14.5; ROCE: 18.5; ROE: 13.5; Div Yield: 0.00; Book Value: 258; Mkt Cap: 2,638",2026-06-22
FORCEMOT,,,,,,,,,,,"Sales: 9,057 Cr (YoY +12.2%); NetProfit: 1,212 Cr (YoY +51.3%); EPS: 919.55","Sales last 3Q: 2,081, 2,129, 2,550 Cr; Net Profit last 3Q: 351, 406, 279 Cr",,,"P/E: 22.7; ROCE: 36.1; ROE: 29.2; Div Yield: 0.22; Book Value: 3,183; Mkt Cap: 23,947",2026-06-29
FORTIS,,,,,,,,,,,"Sales: 9,506 Cr (YoY +4.1%); NetProfit: 1,070 Cr (YoY +0.6%); EPS: 13.88","Sales last 3Q: 2,265, 2,365, 2,545 Cr; Net Profit last 3Q: 197, 271, 273 Cr",,,"P/E: 65.7; ROCE: 13.4; ROE: 11.2; Div Yield: 0.11; Book Value: 131; Mkt Cap: 70,136",2026-08-15
FRACTAL,,,,,,,,,,,"Sales: 3,452 Cr (YoY +4.6%); NetProfit: 321 Cr (YoY +11.8%); EPS: 21.10","Sales last 3Q: 854, 886, 912 Cr; Net Profit last 3Q: 100, 116, 72 Cr",,,"P/E: 43.2; ROCE: 12.6; ROE: 12.2; Div Yield: 0.00; Book Value: 185; Mkt Cap: 14,348",2026-08-15
FRONTSP,,,,,,,,,,,,"Sales last 3Q: 11.49, 8.60, 12.64 Cr; Net Profit last 3Q: 1.06, -0.09, 1.22 Cr",,,"Div Yield: 0.05; Book Value: 19.9; Mkt Cap: 1,552",2026-08-13
FSL,,,,,,,,,,,"Sales: 10,064 Cr (YoY +5.3%); NetProfit: 671 Cr (YoY -0.4%); EPS: 9.49","Sales last 3Q: 2,443, 2,583, 2,725 Cr; Net Profit last 3Q: 120, 205, 166 Cr",,,"P/E: 23.7; ROCE: 16.8; ROE: 17.6; Div Yield: 2.06; Book Value: 62.0; Mkt Cap: 18,885",2026-08-15
FUSION,,,,,,,,,,,,,,,P/E: 175.75; ROE: 0.68%; Div Yield: 0.00%; Book Value: ₹151.84; Mkt Cap: ₹2899 Cr,2026-06-20
GABRIEL,,,,,,,,,,,Sales: 4530 Cr (YoY +11.5%); NetProfit: 250 Cr (YoY +2%); EPS: 17.41,"Sales last 4Q: 1073, 1098, 1180, 1179 Cr; Net Profit last 4Q: 64, 62, 69, 55 Cr",Debt: 104 Cr,,ROCE: 26%; EPS: 17.41; NPM: 5.52%,2026-08-15
GAEL,,,,,,,,,,,Sales: 5529 Cr (YoY +19.9%); NetProfit: 201 Cr (YoY -19.3%); EPS: 4.39,"Sales last 4Q: 1267, 1291, 1487, 1484 Cr; Net Profit last 4Q: 32, 65, 38, 66 Cr",Debt: 288 Cr,,ROCE: 12%; EPS: 4.39; NPM: 3.64%,2026-08-15
GAIL,,,,,,,,,,,"Sales: 141,598 Cr (YoY -0.2%); NetProfit: 7,582 Cr (YoY -39.2%); EPS: 11.53","Sales last 3Q: 35,537, 35,173, 35,577 Cr; Net Profit last 3Q: 1,989, 1,729, 1,481 Cr",,,"P/E: 15.1; ROCE: 9.68; ROE: 8.71; Div Yield: 4.31; Book Value: 135; Mkt Cap: 1,14,341",2026-06-20
GALAPREC,,,,,,,,,,,Sales: 314 Cr (YoY +31.9%); NetProfit: 35 Cr (YoY +29.6%); EPS: 27.72,"Sales last 3Q: 71, 85, 95 Cr; Net Profit last 3Q: 8, 8, 12 Cr",,,"P/E: 36.7; ROCE: 15.6; ROE: 13.2; Div Yield: 0.00; Book Value: 229; Mkt Cap: 1,333",2026-06-16
GALLANTT,,,,,,,,,,,Sales: 4286 Cr (YoY -0.2%); NetProfit: 479 Cr (YoY +19.5%); EPS: 19.87,"Sales last 3Q: 1128, 1013, 1074 Cr; Net Profit last 3Q: 174, 89, 100 Cr",Debt: 657 Cr,,ROCE: 19%; EPS: 19.87; NPM: 11.18%,2026-08-15
GANDHAR,,,,,,,,,,,"Sales: 4,241 Cr (YoY +8.8%); NetProfit: 137 Cr (YoY +65.1%); EPS: 13.83","Sales last 3Q: 1,060, 1,167, 1,093 Cr; Net Profit last 3Q: 40, 34, 37 Cr",,,"P/E: 11.4; ROCE: 13.2; ROE: 10.5; Div Yield: 0.48; Book Value: 138; Mkt Cap: 1,542",2026-06-18
GANECOS,,,,,,,,,,,"Sales: 1,482 Cr (YoY +1.1%); NetProfit: 38 Cr (YoY -63.1%); EPS: 14.26","Sales last 3Q: 363, 357, 424 Cr; Net Profit last 3Q: -0, 5, 23 Cr",,,"P/E: 62.4; ROCE: 5.42; ROE: 3.15; Div Yield: 0.51; Book Value: 476; Mkt Cap: 2,384",2026-06-24
GANESHBE,,,,,,,,,,,Sales: 411 Cr (YoY +9.9%); NetProfit: 73 Cr (YoY +92.1%); EPS: 10.19,"Sales last 3Q: 99, 105, 111 Cr; Net Profit last 3Q: 24, 16, 15 Cr",,,P/E: 11.3; ROCE: 14.6; ROE: 11.6; Div Yield: 0.00; Book Value: 84.9; Mkt Cap: 752,2026-06-16
GANESHCP,,,,,,,,,,,,,,,P/E: 17.64; ROE: 14.19%; Div Yield: 2.58%; Book Value: ₹92.07; Mkt Cap: ₹787 Cr,2026-06-29
GANESHHOU,,,,,,,,,,,Sales: 511 Cr (YoY -46.7%); NetProfit: 316 Cr (YoY -47.2%); EPS: 37.93,"Sales last 3Q: 174, 91, 95 Cr; Net Profit last 3Q: 108, 54, 61 Cr",,,"P/E: 21.4; ROCE: 18.8; ROE: 15.2; Div Yield: 0.19; Book Value: 280; Mkt Cap: 6,753",2026-07-03
GARFIBRES,,,,,,,,,,,"Sales: 1,529 Cr (YoY -0.7%); NetProfit: 199 Cr (YoY -14.2%); EPS: 20.01","Sales last 3Q: 348, 387, 426 Cr; Net Profit last 3Q: 32, 56, 57 Cr",,,"P/E: 37.8; ROCE: 22.0; ROE: 16.1; Div Yield: 1.00; Book Value: 136; Mkt Cap: 7,906",2026-06-20
GARUDA,,,,,,,,,,,Sales: 531 Cr (YoY +135.0%); NetProfit: 122 Cr (YoY +144.0%); EPS: 13.17,"Sales last 3Q: 116, 140, 149 Cr; Net Profit last 3Q: 27, 33, 34 Cr",,,"P/E: 14.5; ROCE: 41.8; ROE: 31.2; Div Yield: 0.01; Book Value: 48.8; Mkt Cap: 1,771",2026-06-23
GCSL,,,,,,,,,,,Sales: 194 Cr (YoY +8.4%); NetProfit: 40 Cr (YoY +42.9%); EPS: 11.70,"Sales last 3Q: 42, 35, 38 Cr; Net Profit last 3Q: 7, 7, 13 Cr",,,"P/E: 45.9; ROCE: 16.7; ROE: 12.7; Div Yield: 0.14; Book Value: 72.4; Mkt Cap: 1,251",2026-08-15
GEMAROMA,,,,,,,,,,,Sales: 366 Cr (YoY -27.4%); NetProfit: 1 Cr (YoY -98.1%); EPS: 0.27,"Sales last 3Q: 89.53, 78.90, 110.41 Cr; Net Profit last 3Q: -2.58, -4.99, 1.01 Cr",,,P/E: 698; ROCE: 3.43; ROE: 0.39; Div Yield: 0.00; Book Value: 86.1; Mkt Cap: 998,2026-06-29
GENESYS,,,,,,,,,,,Sales: 328 Cr (YoY +5.5%); NetProfit: 33 Cr (YoY -41.1%); EPS: 7.80,"Sales last 3Q: 77, 76, 104 Cr; Net Profit last 3Q: 12, 1, 13 Cr",,,"P/E: 40.5; ROCE: 8.23; ROE: 5.74; Div Yield: 0.00; Book Value: 168; Mkt Cap: 1,466",2026-06-20
GENUSPOWER,,,,,,,,,,,"Sales: 5,173 Cr (YoY +8.9%); NetProfit: 652 Cr (YoY +10.1%); EPS: 21.42","Sales last 3Q: 1,122, 1,537, 1,365 Cr; Net Profit last 3Q: 140, 172, 197 Cr",,,"P/E: 14.4; ROCE: 23.9; ROE: 29.0; Div Yield: 0.79; Book Value: 72.9; Mkt Cap: 9,404",2026-08-15
GEOJITFSL,,,,,,,,,,,Sales: 671 Cr (YoY -10.4%); NetProfit: 84 Cr (YoY -51.2%); EPS: 2.88,"Sales last 4Q: 153, 170, 160, 188 Cr; Net Profit last 4Q: 29, 23, 14, 17 Cr",Debt: 123 Cr,,ROCE: 10%; EPS: 2.88; NPM: 12.52%,2026-08-15
GESHIP,,,,,,,,,,,Sales: 5121 Cr (YoY -3.8%); NetProfit: 2262 Cr (YoY -3.5%); EPS: 158.4,"Sales last 3Q: 1201, 1242, 1454 Cr; Net Profit last 3Q: 504, 581, 813 Cr",Debt: 1254 Cr,,ROCE: 15%; EPS: 158.4; NPM: 44.17%,2026-08-15
GHCL,,,,,,,,,,,"Sales: 3,064 Cr (YoY -3.7%); NetProfit: 472 Cr (YoY -24.4%); EPS: 51.39","Sales last 3Q: 721, 757, 791 Cr; Net Profit last 3Q: 107, 106, 116 Cr",,,"P/E: 8.68; ROCE: 17.4; ROE: 13.0; Div Yield: 2.79; Book Value: 386; Mkt Cap: 3,955",2026-06-29
GHCLTEXTIL,,,,,,,,,,,,,,,P/E: 14.50; ROE: 4.79%; Div Yield: 0.58%; Book Value: ₹157.19; Mkt Cap: ₹1020 Cr,2026-07-03
GICHSGFIN,,,,,,,,,,,"Sales: 1,082 Cr (YoY +0.3%); NetProfit: 155 Cr (YoY -3.1%); EPS: 28.75","Sales last 3Q: 272, 273, 273 Cr; Net Profit last 3Q: 50, 44, 54 Cr",,,P/E: 5.69; ROCE: 7.71; ROE: 7.61; Div Yield: 2.75; Book Value: 391; Mkt Cap: 882,2026-06-20
GICRE,,,,,,,,,,,"Sales: 52,763 Cr (YoY -0.4%); NetProfit: 8,875 Cr (YoY -8.1%); EPS: 50.60","Sales last 3Q: 12,589, 13,018, 14,401 Cr; Net Profit last 3Q: 1,726, 2,533, 1,744 Cr",,,"P/E: 6.96; ROCE: 17.4; ROE: 14.6; Div Yield: 3.76; Book Value: 422; Mkt Cap: 61,772",2026-08-15
GIPCL,,,,,,,,,,,,,,,"P/E: 7.28; ROCE: 16.2; ROE: 14.2; Div Yield: 2.47; Book Value: 170; Mkt Cap: 2,562",2026-06-18
GKENERGY,,,,,,,,,,,"Sales: 1,715 Cr (YoY +56.6%); NetProfit: 204 Cr (YoY +53.4%); EPS: 10.07","Sales last 3Q: 404, 510, 477 Cr; Net Profit last 3Q: 47, 61, 59 Cr",,,"P/E: 15.0; ROCE: 41.4; ROE: 37.3; Div Yield: 0.00; Book Value: 43.8; Mkt Cap: 3,067",2026-06-20
GKSL,,,,,,,,,,,Sales: 82 Cr (YoY +105.0%); NetProfit: 17 Cr (YoY +70.0%); EPS: 1.97,"Sales last 3Q: 12.93, 23.25, 30.58 Cr; Net Profit last 3Q: 2.88, 3.70, 4.82 Cr",,,"P/E: 66.2; ROCE: 14.5; ROE: 11.1; Div Yield: 0.00; Book Value: 32.0; Mkt Cap: 1,026",2026-06-29
GLAND,,,,,,,,,,,"Sales: 6,725 Cr (YoY +4.6%); NetProfit: 1,129 Cr (YoY +9.9%); EPS: 68.49","Sales last 3Q: 1,695, 1,743, 1,800 Cr; Net Profit last 3Q: 261, 367, 317 Cr",,,"P/E: 42.4; ROCE: 15.1; ROE: 10.7; Div Yield: 0.68; Book Value: 629; Mkt Cap: 48,665",2026-08-13
GLAXO,,,,,,,,,,,"Sales: 3,955 Cr (YoY +3.5%); NetProfit: 1,068 Cr (YoY +3.1%); EPS: 63.05","Sales last 3Q: 1,041, 995, 938 Cr; Net Profit last 3Q: 296, 278, 237 Cr",,,"P/E: 43.3; ROCE: 61.4; ROE: 45.6; Div Yield: 2.12; Book Value: 134; Mkt Cap: 45,550",2026-08-15
GLENMARK,,,,,,,,,,,"Sales: 17,737 Cr (YoY +4.4%); NetProfit: 1,798 Cr (YoY +32.0%); EPS: 63.71","Sales last 3Q: 3,901, 3,771, 4,018 Cr; Net Profit last 3Q: 403, 301, 483 Cr",,,"P/E: 21.0; ROCE: 39.8; ROE: 30.5; Div Yield: 0.22; Book Value: 372; Mkt Cap: 65,431",2026-08-15
GLOBAL,,,,,,,,,,,Sales: 93 Cr (YoY -1.1%); NetProfit: 26 Cr (YoY +0.0%); EPS: 5.12,"Sales last 3Q: 29.00, 24.14, 14.04 Cr; Net Profit last 3Q: 6.68, 8.22, 3.75 Cr",,,P/E: 20.0; ROCE: 29.2; ROE: 22.0; Div Yield: 0.97; Book Value: 26.6; Mkt Cap: 522,2026-08-13
GLOBALVECT,,,,,,,,,,,,,,,P/E: N/A; ROE: -490.74%; Div Yield: 0.00%; Book Value: ₹-5.79; Mkt Cap: ₹234 Cr,2026-07-28
GLOBUSSPR,,,,,,,,,,,"Sales: 2,710 Cr (YoY +6.8%); NetProfit: 91 Cr (YoY +313.6%); EPS: 31.58","Sales last 3Q: 661, 717, 632 Cr; Net Profit last 3Q: 22, 30, 21 Cr",,,"P/E: 29.2; ROCE: 11.4; ROE: 8.81; Div Yield: 0.30; Book Value: 375; Mkt Cap: 2,680",2026-07-09
GMBREW,,,,,,,,,,,Sales: 748 Cr (YoY +17.4%); NetProfit: 157 Cr (YoY +21.7%); EPS: 68.64,"Sales last 3Q: 169, 202, 202 Cr; Net Profit last 3Q: 60, 42, 54 Cr",,,"P/E: 17.8; ROCE: 18.0; ROE: 12.5; Div Yield: 0.91; Book Value: 472; Mkt Cap: 2,251",2026-07-06
GMDCLTD,,,,,,,,,,,Sales: 2626 Cr (YoY -7.9%); NetProfit: 989 Cr (YoY +44.2%); EPS: 31.09,"Sales last 4Q: 786, 733, 528, 579 Cr; Net Profit last 4Q: 226, 164, 466, 133 Cr",Debt: 278 Cr,,ROCE: 14%; EPS: 31.09; NPM: 37.66%,2026-08-15
GMMPFAUDLR,,,,,,,,,,,"Sales: 3,654 Cr (YoY +3.7%); NetProfit: 65 Cr (YoY +25.0%); EPS: 16.06","Sales last 3Q: 884, 944, 925 Cr; Net Profit last 3Q: -11, 15, 22 Cr",,,"P/E: 37.4; ROCE: 13.6; ROE: 6.69; Div Yield: 0.19; Book Value: 268; Mkt Cap: 4,713",2026-08-15
GMRAIRPORT,,,,,,,,,,,"Sales: 15,569 Cr (YoY +5.1%); NetProfit: 757 Cr (YoY +60.4%); EPS: 0.46","Sales last 3Q: 3,994, 3,938, 3,967 Cr; Net Profit last 3Q: 174, 400, 148 Cr",,,"P/E: 191; ROCE: 11.6; Div Yield: 0.00; Book Value: -2.35; Mkt Cap: 1,07,184",2026-08-15
GMRP&UI,,,,,,,,,,,"Sales: 7,332 Cr (YoY +15.6%); NetProfit: 614 Cr (YoY -60.4%); EPS: 7.69","Sales last 3Q: 1,810, 1,869, 2,004 Cr; Net Profit last 3Q: 895, -160, -114 Cr",,,"ROCE: 12.0; ROE: -14.3; Div Yield: 0.00; Book Value: 24.4; Mkt Cap: 7,823",2026-07-06
GNA,,,,,,,,,,,Sales: 1445 Cr (YoY -6.2%); NetProfit: 112 Cr (YoY +4.7%); EPS: 26,"Sales last 4Q: 378, 344, 348, 375 Cr; Net Profit last 4Q: 25, 23, 31, 32 Cr",Debt: 203 Cr,,ROCE: 14%; EPS: 26; NPM: 7.75%,2026-08-15
GNFC,,,,,,,,,,,"Sales: 7,773 Cr (YoY -1.5%); NetProfit: 808 Cr (YoY +35.1%); EPS: 54.99","Sales last 3Q: 1,968, 1,996, 2,208 Cr; Net Profit last 3Q: 179, 150, 396 Cr",,,"P/E: 9.75; ROCE: 12.0; ROE: 9.13; Div Yield: 3.36; Book Value: 620; Mkt Cap: 7,875",2026-06-16
GNRL,,,,,,,,,,,Sales: 30.53 Cr (YoY +52.3%); NetProfit: 9.89 Cr (YoY +363.0%); EPS: 0.64,"Sales last 3Q: 8.65, 7.32, 11.20 Cr; Net Profit last 3Q: 3.84, 3.07, 1.05 Cr",,,"P/E: 159; ROCE: 7.25; ROE: 5.47; Div Yield: 0.00; Book Value: 13.6; Mkt Cap: 1,576",2026-07-03
GOCLCORP,,,,,,,,,,,"Sales: 10 Cr (YoY -98.2%); NetProfit: 1,522 Cr (YoY +869.4%); EPS: 307.01","Sales last 3Q: 2, 2, 2 Cr; Net Profit last 3Q: 14, 210, 75 Cr",,,"P/E: 7.83; ROCE: 13.1; ROE: 11.4; Div Yield: 2.35; Book Value: 634; Mkt Cap: 2,109",2026-06-18
GOCOLORS,,,,,,,,,,,,,,,"P/E: 108; ROCE: 22.7; ROE: 19.3; Div Yield: 0.00; Mkt Cap: 1,912",2026-06-20
GODAVARIB,,,,,,,,,,,"Sales: 1,988 Cr (YoY +6.3%); NetProfit: 4 Cr (YoY +117.4%); EPS: 0.69","Sales last 3Q: 431, 460, 564 Cr; Net Profit last 3Q: -42, 8, 53 Cr",,,"P/E: 44.8; ROCE: 6.55; ROE: 4.28; Div Yield: 0.00; Book Value: 154; Mkt Cap: 1,508",2026-06-22
GODFRYPHLP,,,,,,,,,,,"Sales: 6,110 Cr (YoY -4.4%); NetProfit: 1,368 Cr (YoY -10.4%); EPS: 87.72","Sales last 3Q: 1,829, 1,787, 1,206 Cr; Net Profit last 3Q: 343, 521, 198 Cr",,,"P/E: 24.5; ROCE: 30.2; ROE: 23.4; Div Yield: 2.33; Book Value: 398; Mkt Cap: 33,520",2026-08-15
GODIGIT,,,,,,,,,,,,,,,P/E: 54.17; ROE: 11.71%; Div Yield: 0.00%; Book Value: ₹50.80; Mkt Cap: ₹29388 Cr,2026-06-22
GODREJAGRO,,,,,,,,,,,"Sales: 10,474 Cr (YoY +2.4%); NetProfit: 425 Cr (YoY -4.5%); EPS: 23.22","Sales last 3Q: 2,718, 2,333, 2,855 Cr; Net Profit last 3Q: 110, 102, 128 Cr",,,"P/E: 23.8; ROCE: 19.2; ROE: 20.9; Div Yield: 1.89; Book Value: 106; Mkt Cap: 11,166",2026-08-15
GODREJCP,,,,,,,,,,,"Sales: 15,178 Cr (YoY +5.7%); NetProfit: 1,861 Cr (YoY +0.5%); EPS: 18.19","Sales last 3Q: 3,825, 3,998, 3,900 Cr; Net Profit last 3Q: 459, 498, 452 Cr",,,"P/E: 52.6; ROCE: 19.1; ROE: 16.5; Div Yield: 1.90; Book Value: 124; Mkt Cap: 1,06,801",2026-06-29
GODREJIND,,,,,,,,,,,"Sales: 23,225 Cr (YoY +4.4%); NetProfit: 2,210 Cr (YoY -8.4%); EPS: 34.90","Sales last 3Q: 5,051, 7,694, 5,448 Cr; Net Profit last 3Q: 353, 841, 523 Cr",,,"P/E: 35.1; ROCE: 8.17; ROE: 9.26; Div Yield: 0.00; Book Value: 332; Mkt Cap: 42,191",2026-08-15
GODREJPROP,,,,,,,,,,,"Sales: 5,203 Cr (YoY +1.4%); NetProfit: 1,592 Cr (YoY -13.5%); EPS: 53.13","Sales last 3Q: 498, 3,458, 506 Cr; Net Profit last 3Q: 194, 645, 349 Cr",,,"P/E: 37.0; ROCE: 7.63; ROE: 8.82; Div Yield: 0.50; Book Value: 636; Mkt Cap: 59,944",2026-08-15
GOKEX,,,,,,,,,,,"Sales: 3,988 Cr (YoY +3.2%); NetProfit: 100 Cr (YoY -37.1%); EPS: 13.67","Sales last 3Q: 984, 979, 1,069 Cr; Net Profit last 3Q: 8, 15, 36 Cr",,,"P/E: 59.9; ROCE: 8.39; ROE: 4.72; Div Yield: 0.00; Book Value: 295; Mkt Cap: 5,999",2026-06-20
GOKULAGRO,,,,,,,,,,,"Sales: 24,077 Cr (YoY +23.1%); NetProfit: 369 Cr (YoY +50.0%); EPS: 12.52","Sales last 3Q: 6,638, 6,314, 6,200 Cr; Net Profit last 3Q: 101, 78, 119 Cr",,,"P/E: 18.2; ROCE: 36.7; ROE: 30.0; Div Yield: 0.00; Book Value: 48.2; Mkt Cap: 6,729",2026-06-18
GOLD1,,,,,,,,,,,,,,,P/E: N/A; ROE: N/A (see financials); Div Yield: 0.00%; Book Value: ₹N/A; Mkt Cap: N/A,2026-06-20
GOLD360,,,,,,,,,,,,,,,P/E: N/A; ROE: N/A (see financials); Div Yield: 0.00%; Book Value: ₹N/A; Mkt Cap: N/A,2026-06-25
GOLDADD,,,,,,,,,,,,,,,P/E: N/A; ROE: N/A (see financials); Div Yield: 0.00%; Book Value: ₹N/A; Mkt Cap: N/A,2026-06-29
GOLDBEES,,,,,,,,,,,,,,,P/E: N/A; ROE: N/A (see financials); Div Yield: 0.00%; Book Value: ₹N/A; Mkt Cap: N/A,2026-06-20
GOLDBETA,,,,,,,,,,,,,,,P/E: N/A; ROE: N/A (see financials); Div Yield: 0.00%; Book Value: ₹N/A; Mkt Cap: N/A,2026-06-29
GOLDETF,,,,,,,,,,,,,,,P/E: N/A; ROE: N/A (see financials); Div Yield: 0.00%; Book Value: ₹N/A; Mkt Cap: N/A,2026-06-20
GOLDIAM,,,,,,,,,,,"Sales: 1,073 Cr (YoY +9.8%); NetProfit: 211 Cr (YoY +23.4%); EPS: 14.01","Sales last 3Q: 320, 235, 326 Cr; Net Profit last 3Q: 68, 37, 74 Cr",,,"P/E: 26.1; ROCE: 23.9; ROE: 18.5; Div Yield: 0.56; Book Value: 73.4; Mkt Cap: 5,505",2026-08-15
GOLDIETF,,,,,,,,,,,,,,,P/E: N/A; ROE: N/A (see financials); Div Yield: 0.00%; Book Value: ₹N/A; Mkt Cap: N/A,2026-06-20
GOODLUCK,,,,,,,,,,,"Sales: 4,404 Cr (YoY +7.4%); NetProfit: 210 Cr (YoY +14.8%); EPS: 61.43","Sales last 3Q: 1,037, 1,088, 1,287 Cr; Net Profit last 3Q: 44, 56, 67 Cr",,,"P/E: 21.6; ROCE: 14.4; ROE: 12.9; Div Yield: 0.23; Book Value: 449; Mkt Cap: 4,403",2026-08-15
GOPAL,,,,,,,,,,,,,,,P/E: 45.14; ROE: 16.67%; Div Yield: 0.38%; Book Value: ₹38.37; Mkt Cap: ₹3325 Cr,2026-07-16
GPIL,,,,,,,,,,,"Sales: 5,808 Cr (YoY +7.9%); NetProfit: 808 Cr (YoY +0.7%); EPS: 12.01","Sales last 3Q: 1,139, 1,610, 1,750 Cr; Net Profit last 3Q: 143, 280, 222 Cr",,,"P/E: 19.3; ROCE: 20.4; ROE: 15.2; Div Yield: 0.42; Book Value: 86.5; Mkt Cap: 15,847",2026-08-15
GPPL,,,,,,,,,,,"Sales: 1,158 Cr (YoY +17.2%); NetProfit: 515 Cr (YoY +29.7%); EPS: 10.66","Sales last 3Q: 299, 292, 317 Cr; Net Profit last 3Q: 161, 108, 142 Cr",,,"P/E: 15.1; ROCE: 28.0; ROE: 21.2; Div Yield: 5.24; Book Value: 49.4; Mkt Cap: 7,562",2026-06-22
GPTHEALTH,,,,,,,,,,,,,,,"P/E: 29.0; ROCE: 23.6; ROE: 28.5; Div Yield: 1.70; Mkt Cap: 1,207",2026-06-18
GPTINFRA,,,,,,,,,,,"Sales: 1,290 Cr (YoY +8.6%); NetProfit: 97 Cr (YoY +31.1%); EPS: 7.70","Sales last 3Q: 279, 284, 415 Cr; Net Profit last 3Q: 21, 20, 30 Cr",,,"P/E: 15.9; ROCE: 21.3; ROE: 17.3; Div Yield: 2.45; Book Value: 47.7; Mkt Cap: 1,551",2026-06-18
GRANULES,,,,,,,,,,,Sales: 5366 Cr (YoY +19.7%); NetProfit: 595 Cr (YoY +18.5%); EPS: 24.01,"Sales last 4Q: 1210, 1297, 1388, 1471 Cr; Net Profit last 4Q: 113, 131, 150, 202 Cr",Debt: 1512 Cr,,ROCE: 13%; EPS: 24.01; NPM: 11.09%,2026-08-15
GRAPHITE,,,,,,,,,,,Sales: 2702 Cr (YoY +5.5%); NetProfit: 325 Cr (YoY -29%); EPS: 16.84,"Sales last 4Q: 666, 665, 729, 642 Cr; Net Profit last 4Q: 49, 133, 76, 67 Cr",Debt: 269 Cr,,ROCE: 10%; EPS: 16.84; NPM: 12.03%,2026-08-15
GRASIM,,,,,,,,,,,"Sales: 175,431 Cr (YoY +18.2%); NetProfit: 10,300 Cr (YoY +32.8%); EPS: 72.98","Sales last 3Q: 39,900, 44,312, 51,101 Cr; Net Profit last 3Q: 1,498, 2,233, 3,802 Cr",,,"P/E: 41.4; ROCE: 8.07; ROE: 5.05; Div Yield: 0.32; Book Value: 1,520; Mkt Cap: 2,10,261",2026-06-29
GRAVITA,,,,,,,,,,,"Sales: 4,700 Cr (YoY +10.2%); NetProfit: 392 Cr (YoY +3.7%); EPS: 53.10","Sales last 3Q: 1,017, 1,173, 1,475 Cr; Net Profit last 3Q: 97, 92, 106 Cr",,,"P/E: 33.8; ROCE: 17.0; ROE: 16.8; Div Yield: 0.35; Book Value: 332; Mkt Cap: 13,243",2026-08-15
GREAVESCOT,,,,,,,,,,,"Sales: 3,437 Cr (YoY +17.8%); NetProfit: 35 Cr (YoY +683.3%); EPS: 4.60","Sales last 3Q: 815.46, 875.47, 1,000.26 Cr; Net Profit last 3Q: 6.32, 5.92, 2.20 Cr",,,"P/E: 40.3; ROCE: 10.1; ROE: 8.10; Div Yield: 1.01; Book Value: 61.4; Mkt Cap: 4,625",2026-06-20
GREENLAM,,,,,,,,,,,"Sales: 3,046 Cr (YoY +18.6%); NetProfit: 56 Cr (YoY -17.6%); EPS: 2.20","Sales last 3Q: 808, 706, 858 Cr; Net Profit last 3Q: 32, -1, 41 Cr",,,"P/E: 109; ROCE: 8.22; ROE: 5.11; Div Yield: 0.16; Book Value: 46.2; Mkt Cap: 6,436",2026-06-20
GREENPANEL,,,,,,,,,,,"Sales: 1,567 Cr (YoY -12.1%); NetProfit: 143 Cr (YoY -44.4%); EPS: 11.64","Sales last 3Q: 399, 386, 397 Cr; Net Profit last 3Q: 41, 35, 30 Cr",,,"P/E: 16.6; ROCE: 12.9; ROE: 11.4; Div Yield: 0.26; Book Value: 107; Mkt Cap: 2,367",2026-06-29
GREENPLY,,,,,,,,,,,"Sales: 2,739 Cr (YoY +10.1%); NetProfit: 90 Cr (YoY -2.2%); EPS: 7.17","Sales last 3Q: 689, 673, 776 Cr; Net Profit last 3Q: 16, 14, 31 Cr",,,"P/E: 36.7; ROCE: 14.3; ROE: 11.7; Div Yield: 0.17; Book Value: 71.6; Mkt Cap: 3,668",2026-06-17
GRINDWELL,,,,,,,,,,,Sales: 3073 Cr (YoY +9.3%); NetProfit: 417 Cr (YoY +12.4%); EPS: 37.54,"Sales last 4Q: 703, 775, 753, 842 Cr; Net Profit last 4Q: 94, 107, 96, 119 Cr",Debt: 61 Cr,,ROCE: 23%; EPS: 37.54; NPM: 13.57%,2026-08-15
GRINFRA,,,,,,,,,,,"Sales: 8,399 Cr (YoY +13.6%); NetProfit: 903 Cr (YoY -11.0%); EPS: 93.31","Sales last 3Q: 1,602, 2,308, 2,500 Cr; Net Profit last 3Q: 190, 259, 210 Cr",,,"P/E: 10.7; ROCE: 12.4; ROE: 9.72; Div Yield: 1.30; Book Value: 969; Mkt Cap: 9,280",2026-06-22
GROWW,,,,,,,,,,,"Sales: 4,645 Cr (YoY +14.4%); NetProfit: 2,083 Cr (YoY +14.2%); EPS: 3.32","Sales last 3Q: 1,019, 1,216, 1,505 Cr; Net Profit last 3Q: 471, 547, 686 Cr",,,"P/E: 58.6; ROCE: 37.3; ROE: 28.8; Div Yield: 0.00; Book Value: 15.4; Mkt Cap: 1,21,985",2026-06-23
GROWWLIQID,,,,,,,,,,,,,,,P/E: N/A; ROE: N/A (see financials); Div Yield: 0.00%; Book Value: ₹N/A; Mkt Cap: N/A,2026-06-18
GRSE,,,,,,,,,,,Sales: 7002 Cr (YoY +37.9%); NetProfit: 748 Cr (YoY +41.9%); EPS: 65.29,"Sales last 4Q: 1310, 1677, 1896, 2119 Cr; Net Profit last 4Q: 120, 154, 171, 303 Cr",Debt: 37 Cr,,ROCE: 43%; EPS: 65.29; NPM: 10.68%,2026-08-15
GRWRHITECH,,,,,,,,,,,"Sales: 2,258 Cr (YoY +6.5%); NetProfit: 388 Cr (YoY +14.8%); EPS: 166.96","Sales last 3Q: 459, 597, 633 Cr; Net Profit last 3Q: 56, 108, 133 Cr",,,"P/E: 43.9; ROCE: 18.0; ROE: 13.4; Div Yield: 0.16; Book Value: 1,143; Mkt Cap: 17,042",2026-08-06
GSEC10IETF,,,,,,,,,,,,,,,P/E: N/A; ROE: N/A (see financials); Div Yield: 0.00%; Book Value: ₹N/A; Mkt Cap: N/A,2026-06-22
GSFC,,,,,,,,,,,"Sales: 10,946 Cr (YoY +14.8%); NetProfit: 673 Cr (YoY +13.9%); EPS: 16.88","Sales last 3Q: 3,187, 2,941, 2,633 Cr; Net Profit last 3Q: 324, 158, 52 Cr",,,"P/E: 9.66; ROCE: 7.16; ROE: 5.51; Div Yield: 3.07; Book Value: 308; Mkt Cap: 6,481",2026-06-29
GSPCROP,,,,,,,,,,,"Sales: 1,517 Cr (YoY +17.9%); NetProfit: 95 Cr (YoY +15.9%); EPS: 21.05","Sales last 3Q: 467, 270, 402 Cr; Net Profit last 3Q: 58, -6, 20 Cr",,,"P/E: 18.5; ROCE: 19.0; ROE: 16.6; Div Yield: 0.00; Book Value: 166; Mkt Cap: 1,872",2026-06-29
GUFICBIO,,,,,,,,,,,Sales: 944 Cr (YoY +15.1%); NetProfit: 64 Cr (YoY -8.6%); EPS: 6.40,"Sales last 3Q: 237, 231, 252 Cr; Net Profit last 3Q: 17, 12, 22 Cr",,,"P/E: 57.6; ROCE: 12.3; ROE: 10.1; Div Yield: 0.03; Book Value: 66.3; Mkt Cap: 3,701",2026-06-23
GUJALKALI,,,,,,,,,,,Sales: 4308 Cr (YoY +5.8%); NetProfit: -9 Cr (YoY +86.2%); EPS: -1.17,"Sales last 4Q: 1075, 1105, 1083, 1044 Cr; Net Profit last 4Q: 9, -14, 16, -20 Cr",Debt: 637 Cr,,ROCE: 1%; EPS: -1.17; NPM: -0.21%,2026-08-15
GUJGASLTD,,,,,,,,,,,"Sales: 23,614 Cr (YoY +43.2%); NetProfit: 1,678 Cr (YoY +46.2%); EPS: 24.37","Sales last 3Q: 3,780, 3,658, 5,792 Cr; Net Profit last 3Q: 280, 267, 152 Cr",,,"P/E: 20.5; ROCE: 18.5; ROE: 13.2; Div Yield: 1.50; Book Value: 268; Mkt Cap: 36,446",2026-06-20
GUJTHEM,,,,,,,,,,,,,,,P/E: 89.61; ROE: 17.41%; Div Yield: 0.18%; Book Value: ₹26.41; Mkt Cap: ₹4187 Cr,2026-06-20
GULFOILLUB,,,,,,,,,,,"Sales: 4,056 Cr (YoY +11.7%); NetProfit: 345 Cr (YoY -3.4%); EPS: 70.37","Sales last 3Q: 967, 1,018, 1,055 Cr; Net Profit last 3Q: 84, 76, 90 Cr",,,"P/E: 14.8; ROCE: 26.2; ROE: 24.3; Div Yield: 4.42; Book Value: 311; Mkt Cap: 5,381",2026-06-25
GULPOLY,,,,,,,,,,,Sales: 2260 Cr (YoY +11.9%); NetProfit: 43 Cr (YoY +72%); EPS: 6.84,"Sales last 4Q: 610, 515, 593, 542 Cr; Net Profit last 4Q: 7, 7, 13, 16 Cr",Debt: 453 Cr,,ROCE: 6%; EPS: 6.84; NPM: 1.9%,2026-08-15
GVPIL,,,,,,,,,,,"Sales: 1,291 Cr (YoY +1.7%); NetProfit: 272 Cr (YoY +7.5%); EPS: 40.40","Sales last 3Q: 386, 316, 309 Cr; Net Profit last 3Q: 72, 113, 54 Cr",,,"P/E: 14.0; ROCE: 82.0; ROE: 62.2; Div Yield: 0.91; Book Value: 86.6; Mkt Cap: 5,174",2026-08-15
GVT&D,,,,,,,,,,,,"Sales last 4Q: 1153, 1330, 1538, 1701 Cr; Net Profit last 4Q: 186, 291, 299, 291 Cr",Debt: 896 Cr,,ROCE: 55%; EPS: 7.81; NPM: 4.65%,2026-08-15
HAL,,,,,,,,,,,"Sales: 33,089 Cr (YoY +6.8%); NetProfit: 9,116 Cr (YoY +9.0%); EPS: 136.30","Sales last 3Q: 6,629, 7,699, 13,942 Cr; Net Profit last 3Q: 1,669, 1,867, 4,196 Cr",,,"P/E: 32.3; ROCE: 32.0; ROE: 24.0; Div Yield: 0.91; Book Value: 614; Mkt Cap: 2,94,803",2026-06-20
HAPPSTMNDS,,,,,,,,,,,"Sales: 2,394 Cr (YoY +3.4%); NetProfit: 223 Cr (YoY +4.7%); EPS: 14.66","Sales last 3Q: 588, 604, 629 Cr; Net Profit last 3Q: 40, 61, 68 Cr",,,"P/E: 27.3; ROCE: 13.3; ROE: 13.8; Div Yield: 1.52; Book Value: 111; Mkt Cap: 6,399",2026-08-15
HAPPYFORGE,,,,,,,,,,,"Sales: 1,642 Cr (YoY +6.2%); NetProfit: 327 Cr (YoY +8.3%); EPS: 34.71","Sales last 3Q: 391, 424, 449 Cr; Net Profit last 3Q: 79, 84, 91 Cr",,,"P/E: 60.2; ROCE: 18.0; ROE: 15.0; Div Yield: 0.19; Book Value: 226; Mkt Cap: 19,721",2026-08-15
HARIOMPIPE,,,,,,,,,,,"Sales: 1,667 Cr (YoY +3.9%); NetProfit: 76 Cr (YoY +22.6%); EPS: 24.45","Sales last 3Q: 336, 363, 507 Cr; Net Profit last 3Q: 10, 12, 30 Cr",,,"P/E: 17.0; ROCE: 15.7; ROE: 12.4; Div Yield: 0.15; Book Value: 209; Mkt Cap: 1,286",2026-06-20
HARSHA,,,,,,,,,,,Sales: 1526 Cr (YoY +8.4%); NetProfit: 106 Cr (YoY +19.1%); EPS: 11.6,"Sales last 4Q: 373, 365, 378, 409 Cr; Net Profit last 4Q: -2, 38, 36, 34 Cr",Debt: 317 Cr,,ROCE: 13%; EPS: 11.6; NPM: 6.95%,2026-08-15
HAVELLS,,,,,,,,,,,"Sales: 22,528 Cr (YoY +3.4%); NetProfit: 1,689 Cr (YoY +14.9%); EPS: 26.95","Sales last 3Q: 4,779, 5,588, 6,705 Cr; Net Profit last 3Q: 318, 300, 723 Cr",,,"P/E: 43.8; ROCE: 24.9; ROE: 19.0; Div Yield: 0.84; Book Value: 151; Mkt Cap: 74,198",2026-06-29
HBLENGINE,,,,,,,,,,,"Sales: 3,339 Cr (YoY +1.1%); NetProfit: 780 Cr (YoY -4.2%); EPS: 28.17","Sales last 3Q: 874, 604, 638 Cr; Net Profit last 3Q: 220, 64, 109 Cr",,,"P/E: 23.5; ROCE: 58.4; ROE: 45.3; Div Yield: 0.44; Book Value: 79.9; Mkt Cap: 18,808",2026-08-15
HCG,,,,,,,,,,,"Sales: 2,545 Cr (YoY +14.7%); NetProfit: 23 Cr (YoY -53.1%); EPS: 0.92","Sales last 3Q: 646.85, 633.07, 652.33 Cr; Net Profit last 3Q: 20.66, -7.90, 4.04 Cr",,,"P/E: 317; ROCE: 8.31; ROE: 2.55; Div Yield: 0.00; Book Value: 89.2; Mkt Cap: 9,122",2026-06-22
HCLTECH,,,,,,,,,,,"Sales: 130,144 Cr (YoY +11.2%); NetProfit: 16,652 Cr (YoY -4.3%); EPS: 61.33","Sales last 3Q: 31,942, 33,872, 33,981 Cr; Net Profit last 3Q: 4,236, 4,082, 4,490 Cr",,,"P/E: 17.2; ROCE: 30.6; ROE: 24.0; Div Yield: 4.89; Book Value: 277; Mkt Cap: 2,98,612",2026-06-29
HDBFS,,,,,,,,,,,"Sales: 16,300 Cr (YoY +15.0%); NetProfit: 2,176 Cr (YoY -11.6%); EPS: 27.34","Sales last 3Q: 3,667, 4,144, 4,266 Cr; Net Profit last 3Q: 656, 472, 531 Cr",,,"P/E: 27.4; ROCE: 9.79; ROE: 14.7; Div Yield: 0.56; Mkt Cap: 59,568",2026-06-22
HDFCAMC,,,,,,,,,,,"Sales: 4,254 Cr (YoY -7.8%); NetProfit: 2,948 Cr (YoY +3.1%); EPS: 68.81","Sales last 3Q: 1,075, 1,052, 1,100 Cr; Net Profit last 3Q: 769, 623, 837 Cr",,,"P/E: 36.2; ROCE: 42.9; ROE: 32.9; Div Yield: 2.17; Book Value: 215; Mkt Cap: 1,06,554",2026-08-15
HDFCBANK,,,,,,,,,,,"Sales: 348,615 Cr (YoY +3.6%); NetProfit: 79,219 Cr (YoY +7.9%); EPS: 49.39","Sales last 3Q: 86,994, 87,067, 87,182 Cr; Net Profit last 3Q: 20,364, 20,691, 21,074 Cr",,,"P/E: 15.8; ROCE: 7.04; ROE: 13.8; Div Yield: 1.67; Book Value: 378; Mkt Cap: 12,00,955",2026-06-22
HDFCGOLD,,,,,,,,,,,,,,,P/E: N/A; ROE: N/A (see financials); Div Yield: 0.00%; Book Value: ₹N/A; Mkt Cap: N/A,2026-06-22
HDFCGROWTH,,,,,,,,,,,,,,,P/E: 28.28; ROE: N/A (see financials); Div Yield: 0.00%; Book Value: ₹N/A; Mkt Cap: N/A,2026-07-29
HDFCLIFE,,,,,,,,,,,"Sales: 103,727 Cr (YoY +4.3%); NetProfit: 1,975 Cr (YoY +3.3%); EPS: 9.14","Sales last 3Q: 29,428, 19,890, 33,759 Cr; Net Profit last 3Q: 418, 497, 611 Cr",,,"P/E: 58.9; ROCE: 10.3; ROE: 11.3; Div Yield: 0.39; Book Value: 90.0; Mkt Cap: 1,16,412",2026-08-15
HDFCLIQUID,,,,,,,,,,,,,,,P/E: N/A; ROE: N/A (see financials); Div Yield: 0.00%; Book Value: ₹N/A; Mkt Cap: N/A,2026-07-17
HDFCNIFTY,,,,,,,,,,,,,,,P/E: N/A; ROE: N/A (see financials); Div Yield: 0.00%; Book Value: ₹N/A; Mkt Cap: N/A,2026-06-25
HDFCSILVER,,,,,,,,,,,,,,,P/E: N/A; ROE: N/A (see financials); Div Yield: 0.00%; Book Value: ₹N/A; Mkt Cap: N/A,2026-08-15
HDFCSML250,,,,,,,,,,,,,,,P/E: 28.28; ROE: N/A (see financials); Div Yield: 0.00%; Book Value: ₹N/A; Mkt Cap: N/A,2026-06-18
HEALTHIETF,,,,,,,,,,,,,,,P/E: N/A; ROE: N/A (see financials); Div Yield: 0.00%; Book Value: ₹N/A; Mkt Cap: N/A,2026-06-22
HECPROJECT,,,,,,,,,,,,,,,P/E: 11.93; ROE: 21.20%; Div Yield: 0.00%; Book Value: ₹60.68; Mkt Cap: ₹150 Cr,2026-07-21
HEG,,,,,,,,,,,Sales: 2568 Cr (YoY +19%); NetProfit: 341 Cr (YoY +196.5%); EPS: 17.69,"Sales last 4Q: 617, 699, 656, 603 Cr; Net Profit last 4Q: 105, 143, 207, -114 Cr",Debt: 796 Cr,,ROCE: 6%; EPS: 17.69; NPM: 13.28%,2026-08-15
HEIDELBERG,,,,,,,,,,,,,,,P/E: 26.09; ROE: 9.68%; Div Yield: 4.52%; Book Value: ₹60.69; Mkt Cap: ₹3489 Cr,2026-06-29
HEMIPROP,,,,,,,,,,,,,,,P/E: N/A; ROE: -2.70%; Div Yield: 0.00%; Book Value: ₹15.10; Mkt Cap: ₹4128 Cr,2026-06-18
HERITGFOOD,,,,,,,,,,,"Sales: 4,526 Cr (YoY +9.5%); NetProfit: 150 Cr (YoY -20.2%); EPS: 16.18","Sales last 3Q: 1,113, 1,119, 1,158 Cr; Net Profit last 3Q: 51, 35, 24 Cr",,,"P/E: 21.6; ROCE: 15.9; ROE: 13.7; Div Yield: 0.74; Book Value: 119; Mkt Cap: 3,072",2026-06-29
HEROMOTOCO,,,,,,,,,,,"Sales: 50,810 Cr (YoY +7.2%); NetProfit: 5,488 Cr (YoY -5.0%); EPS: 272.33","Sales last 3Q: 12,487, 12,978, 13,126 Cr; Net Profit last 3Q: 1,275, 1,474, 1,418 Cr",,,"P/E: 20.9; ROCE: 35.2; ROE: 28.1; Div Yield: 3.20; Book Value: 1,080; Mkt Cap: 1,15,882",2026-08-15
HEXT,,,,,,,,,,,"Sales: 14,420 Cr (YoY +7.4%); NetProfit: 1,343 Cr (YoY -1.8%); EPS: 22.01","Sales last 3Q: 3,478, 3,613, 3,845 Cr; Net Profit last 3Q: 292, 352, 330 Cr",,,"P/E: 24.6; ROCE: 30.1; ROE: 24.9; Div Yield: 2.02; Book Value: 110; Mkt Cap: 34,819",2026-08-15
HFCL,,,,,,,,,,,"Sales: 5,993 Cr (YoY +21.1%); NetProfit: 604 Cr (YoY +83.6%); EPS: 3.77","Sales last 3Q: 1,211, 1,824, 1,915 Cr; Net Profit last 3Q: 102, 184, 246 Cr",,,"P/E: 59.6; ROCE: 10.9; ROE: 6.95; Div Yield: 0.04; Book Value: 32.0; Mkt Cap: 34,149",2026-08-15
HGINFRA,,,,,,,,,,,"Sales: 5,235 Cr (YoY +3.5%); NetProfit: 330 Cr (YoY -34.7%); EPS: 50.69","Sales last 3Q: 904, 1,421, 1,427 Cr; Net Profit last 3Q: 52, 94, 85 Cr",,,"P/E: 12.7; ROCE: 11.3; ROE: 9.56; Div Yield: 0.34; Book Value: 501; Mkt Cap: 3,781",2026-06-29
HIKAL,,,,,,,,,,,"Sales: 1,713 Cr (YoY -7.9%); NetProfit: -49 Cr (YoY -153.8%); EPS: -3.96","Sales last 3Q: 318, 494, 519 Cr; Net Profit last 3Q: -35, -6, 14 Cr",,,"P/E: 69.6; ROCE: 3.52; ROE: 2.95; Div Yield: 0.68; Book Value: 97.2; Mkt Cap: 2,525",2026-06-22
HINDALCO,,,,,,,,,,,Sales: 261701 Cr (YoY +9.7%); NetProfit: 16078 Cr (YoY +0.5%); EPS: 71.55,"Sales last 3Q: 64232, 66058, 66521 Cr; Net Profit last 3Q: 4004, 4741, 2049 Cr",Debt: 74878 Cr,,ROCE: 13%; EPS: 71.55; NPM: 6.14%,2026-08-15
HINDCOPPER,,,,,,,,,,,Sales: 2653 Cr (YoY +28.1%); NetProfit: 661 Cr (YoY +42.2%); EPS: 6.85,"Sales last 4Q: 731, 516, 718, 687 Cr; Net Profit last 4Q: 187, 134, 184, 156 Cr",Debt: 142 Cr,,ROCE: 24%; EPS: 6.85; NPM: 24.92%,2026-08-15
HINDOILEXP,,,,,,,,,,,Sales: 512 Cr (YoY +21.6%); NetProfit: 106 Cr (YoY -27.9%); EPS: 8.03,"Sales last 3Q: 79, 315, 75 Cr; Net Profit last 3Q: 44, 3, 8 Cr",Debt: 77 Cr,,ROCE: 14%; EPS: 8.03; NPM: 20.7%,2026-08-15
HINDPETRO,,,,,,,,,,,"Sales: 471,530 Cr (YoY +6.7%); NetProfit: 1,671 Cr (YoY -90.7%); EPS: 7.85","Sales last 3Q: 115,153, 114,937, 140,584 Cr; Net Profit last 3Q: 4,011, 6,065, -12,265 Cr",,,"P/E: 47.6; ROCE: 22.2; ROE: 30.9; Div Yield: 6.49; Book Value: 308; Mkt Cap: 79,474",2026-08-15
HINDUNILVR,,,,,,,,,,,"Sales: 64,468 Cr (YoY +5.1%); NetProfit: 15,059 Cr (YoY +41.1%); EPS: 64.01","Sales last 3Q: 15,919, 16,441, 16,351 Cr; Net Profit last 3Q: 2,694, 6,603, 2,994 Cr",,,"P/E: 33.6; ROCE: 28.4; ROE: 31.0; Div Yield: 1.89; Book Value: 207; Mkt Cap: 5,12,305",2026-06-29
HINDWAREAP,,,,,,,,,,,"Sales: 2,510 Cr (YoY -0.5%); NetProfit: -39 Cr (YoY +42.6%); EPS: -4.74","Sales last 3Q: 676, 640, 663 Cr; Net Profit last 3Q: 5, 4, -19 Cr",,,"P/E: 1,552; ROCE: 7.02; ROE: 0.18; Div Yield: 0.00; Book Value: 88.1; Mkt Cap: 2,080",2026-06-22
HINDZINC,,,,,,,,,,,"Sales: 40,844 Cr (YoY +19.8%); NetProfit: 13,832 Cr (YoY +33.6%); EPS: 32.74","Sales last 3Q: 8,549, 10,980, 13,544 Cr; Net Profit last 3Q: 2,649, 3,916, 5,033 Cr",,,"P/E: 17.3; ROCE: 69.5; ROE: 76.6; Div Yield: 1.95; Book Value: 53.6; Mkt Cap: 2,38,118",2026-06-22
HIRECT,,,,,,,,,,,Sales: 999 Cr (YoY +52.5%); NetProfit: 39 Cr (YoY +5.4%); EPS: 11.23,"Sales last 3Q: 227.15, 277.39, 279.82 Cr; Net Profit last 3Q: 14.72, 12.70, -1.59 Cr",,,"P/E: 98.2; ROCE: 18.6; ROE: 21.7; Div Yield: 0.09; Book Value: 60.7; Mkt Cap: 3,930",2026-06-16
HLEGLAS,,,,,,,,,,,"Sales: 1,353 Cr (YoY +31.6%); NetProfit: 57 Cr (YoY -8.1%); EPS: 7.12","Sales last 3Q: 351, 327, 392 Cr; Net Profit last 3Q: 14, 5, 20 Cr",,,"P/E: 51.4; ROCE: 11.8; ROE: 10.8; Div Yield: 0.28; Book Value: 76.9; Mkt Cap: 2,749",2026-06-22
HMVL,,,,,,,,,,,Sales: 793 Cr (YoY +7.2%); NetProfit: 90 Cr (YoY +83.7%); EPS: 12.17,"Sales last 3Q: 183, 216, 197 Cr; Net Profit last 3Q: 1, 27, 51 Cr",,,P/E: 4.83; ROCE: 11.5; ROE: 9.95; Div Yield: 0.00; Book Value: 215; Mkt Cap: 774,2026-08-04
HNDFDS,,,,,,,,,,,"Sales: 4,251 Cr (YoY +19.3%); NetProfit: 149 Cr (YoY +35.5%); EPS: 12.47","Sales last 3Q: 1,039, 1,044, 1,117 Cr; Net Profit last 3Q: 35, 39, 42 Cr",,,"P/E: 43.4; ROCE: 14.2; ROE: 14.8; Div Yield: 0.00; Book Value: 97.5; Mkt Cap: 6,608",2026-06-20
HNGSNGBEES,,,,,,,,,,,,,,,P/E: 11.32; ROE: N/A (see financials); Div Yield: 0.00%; Book Value: ₹N/A; Mkt Cap: N/A,2026-06-22
HOMEFIRST,,,,,,,,,,,,,,,P/E: 22.47; ROE: 15.71%; Div Yield: 0.45%; Book Value: ₹417.58; Mkt Cap: ₹12116 Cr,2026-06-22
HONASA,,,,,,,,,,,Sales: 2268 Cr (YoY +9.7%); NetProfit: 156 Cr (YoY +113.7%); EPS: 4.79,"Sales last 3Q: 595, 538, 602 Cr; Net Profit last 3Q: 41, 39, 50 Cr",Debt: 142 Cr,,ROCE: 7%; EPS: 4.79; NPM: 6.88%,2026-08-15
HONAUT,,,,,,,,,,,,,,,P/E: 59.52; ROE: N/A (see financials); Div Yield: 0.30%; Book Value: ₹5047.43; Mkt Cap: ₹32917 Cr,2026-08-15
HPL,,,,,,,,,,,"Sales: 1,811 Cr (YoY +6.5%); NetProfit: 91 Cr (YoY -3.2%); EPS: 14.15","Sales last 3Q: 434, 474, 520 Cr; Net Profit last 3Q: 22, 20, 31 Cr",,,"P/E: 26.0; ROCE: 13.5; ROE: 9.92; Div Yield: 0.26; Book Value: 156; Mkt Cap: 2,466",2026-06-22
HSBCGOLD,,,,,,,,,,,,,,,P/E: N/A; ROE: N/A (see financials); Div Yield: 0.00%; Book Value: ₹N/A; Mkt Cap: N/A,2026-06-29
HSCL,,,,,,,,,,,Sales: 4661 Cr (YoY +1%); NetProfit: 755 Cr (YoY +36%); EPS: 14.89,"Sales last 3Q: 1071, 1184, 1288 Cr; Net Profit last 3Q: 176, 192, 208 Cr",Debt: 768 Cr,,ROCE: 23%; EPS: 14.89; NPM: 16.2%,2026-08-15
HUBTOWN,,,,,,,,,,,Sales: 644 Cr (YoY +57.8%); NetProfit: 164 Cr (YoY +256.5%); EPS: 10.45,"Sales last 3Q: 209, 88, 160 Cr; Net Profit last 3Q: 32, 23, 26 Cr",,,"P/E: 20.4; ROCE: 9.52; ROE: 5.90; Div Yield: 0.00; Book Value: 185; Mkt Cap: 3,027",2026-06-24
HUDCO,,,,,,,,,,,"Sales: 13,930 Cr (YoY +5.9%); NetProfit: 4,255 Cr (YoY +5.5%); EPS: 21.26","Sales last 3Q: 3,431, 3,563, 3,717 Cr; Net Profit last 3Q: 713, 1,981, 851 Cr",,,"P/E: 8.94; ROCE: 8.41; ROE: 20.0; Div Yield: 3.18; Book Value: 110; Mkt Cap: 38,034",2026-08-15
HUHTAMAKI,,,,,,,,,,,"Sales: 2,178 Cr (YoY +6.9%); NetProfit: 89 Cr (YoY +12.7%); EPS: 11.63","Sales last 3Q: 572, 557, 523 Cr; Net Profit last 3Q: 20, 18, 16 Cr",,,"P/E: 16.6; ROCE: 17.6; ROE: 13.0; Div Yield: 1.08; Book Value: 93.1; Mkt Cap: 1,404",2026-06-22
HYUNDAI,,,,,,,,,,,"Sales: 70,763 Cr (YoY +2.3%); NetProfit: 5,432 Cr (YoY -3.7%); EPS: 66.85","Sales last 3Q: 17,461, 17,973, 18,916 Cr; Net Profit last 3Q: 1,572, 1,234, 1,256 Cr",,,"P/E: 29.5; ROCE: 38.4; ROE: 29.9; Div Yield: 1.06; Book Value: 246; Mkt Cap: 1,60,331",2026-06-22
ICEMAKE,,,,,,,,,,,Sales: 668 Cr (YoY +39.2%); NetProfit: 12 Cr (YoY -47.8%); EPS: 7.73,"Sales last 3Q: 147, 153, 256 Cr; Net Profit last 3Q: 2, 1, 10 Cr",,,"P/E: 114; ROCE: 11.6; ROE: 9.49; Div Yield: 0.26; Book Value: 84.3; Mkt Cap: 1,387",2026-07-22
ICICIAMC,,,,,,,,,,,"Sales: 4,977 Cr (YoY +32.4%); NetProfit: 2,651 Cr (YoY +29.3%); EPS: 1,501.61","Sales last 3Q: 2,458, 2,949 Cr; Net Profit last 3Q: 1,327, 1,618 Cr",,,"P/E: 55.0; Div Yield: 0.80; Mkt Cap: 1,61,667",2026-06-29
ICICIB22,,,,,,,,,,,,,,,P/E: 12.77; ROE: N/A (see financials); Div Yield: 0.00%; Book Value: ₹N/A; Mkt Cap: N/A,2026-06-22
ICICIBANK,,,,,,,,,,,"Sales: 195,218 Cr (YoY +4.8%); NetProfit: 57,936 Cr (YoY +6.2%); EPS: 75.71","Sales last 3Q: 48,181, 48,364, 49,594 Cr; Net Profit last 3Q: 14,318, 13,481, 15,681 Cr",,,"P/E: 17.8; ROCE: 7.20; ROE: 16.1; Div Yield: 0.82; Book Value: 503; Mkt Cap: 9,65,858",2026-06-22
ICICIGI,,,,,,,,,,,,,,,P/E: 34.13; ROE: 17.85%; Div Yield: 0.75%; Book Value: ₹322.42; Mkt Cap: ₹93984 Cr,2026-06-22
ICICIPRULI,,,,,,,,,,,"Sales: 63,357 Cr (YoY -10.5%); NetProfit: 1,608 Cr (YoY +35.6%); EPS: 11.09","Sales last 3Q: 11,936, 22,834, 3,185 Cr; Net Profit last 3Q: 296, 387, 624 Cr",,,"P/E: 45.9; ROCE: 10.1; ROE: 12.6; Div Yield: 0.32; Book Value: 94.0; Mkt Cap: 73,868",2026-08-15
ICIL,,,,,,,,,,,"Sales: 4,390 Cr (YoY +6.0%); NetProfit: 151 Cr (YoY +18.9%); EPS: 7.61","Sales last 3Q: 1,063, 1,058, 1,207 Cr; Net Profit last 3Q: 24, 24, 63 Cr",,,"P/E: 49.9; ROCE: 8.19; ROE: 5.52; Div Yield: 0.39; Book Value: 119; Mkt Cap: 7,524",2026-08-15
ICRA,,,,,,,,,,,Sales: 638 Cr (YoY +6.3%); NetProfit: 196 Cr (YoY +7.1%); EPS: 202.30,"Sales last 3Q: 164, 175, 163 Cr; Net Profit last 3Q: 39, 53, 56 Cr",,,"P/E: 25.2; ROCE: 23.0; ROE: 16.7; Div Yield: 1.36; Book Value: 1,223; Mkt Cap: 4,957",2026-08-03
IDBI,,,,,,,,,,,"Sales: 29,542 Cr (YoY +1.8%); NetProfit: 9,343 Cr (YoY +1.1%); EPS: 8.67","Sales last 3Q: 7,080, 7,804, 7,549 Cr; Net Profit last 3Q: 1,959, 2,013, 2,131 Cr",,,"P/E: 9.51; ROCE: 5.92; ROE: 14.1; Div Yield: 2.55; Book Value: 63.8; Mkt Cap: 88,654",2026-08-15
IDEA,,,,,,,,,,,"Sales: 45,539 Cr (YoY +1.5%); NetProfit: 37,406 Cr (YoY +8.3%); EPS: 3.45","Sales last 3Q: 11,323, 11,332, 11,689 Cr; Net Profit last 3Q: -5,286, 51,970, -3,754 Cr",,,"ROCE: -1.72; Div Yield: 0.00; Book Value: -3.30; Mkt Cap: 1,52,872",2026-08-15
IDEAFORGE,,,,,,,,,,,Sales: 282 Cr (YoY +24.8%); NetProfit: 4 Cr (YoY +123.5%); EPS: 0.89,"Sales last 3Q: 31.55, 141.04, 68.59 Cr; Net Profit last 3Q: -33.85, 59.99, -2.59 Cr",,,"P/E: 989; ROCE: -2.81; ROE: -3.34; Div Yield: 0.00; Book Value: 138; Mkt Cap: 3,886",2026-08-13
IDFCFIRSTB,,,,,,,,,,,"Sales: 41,958 Cr (YoY +3.5%); NetProfit: 2,305 Cr (YoY +43.1%); EPS: 2.74","Sales last 3Q: 10,417, 10,553, 11,051 Cr; Net Profit last 3Q: 479, 331, 1,148 Cr",,,"P/E: 32.0; ROCE: 5.98; ROE: 3.76; Div Yield: 0.29; Book Value: 56.2; Mkt Cap: 73,875",2026-08-15
IEX,,,,,,,,,,,Sales: 616 Cr (YoY +14.7%); NetProfit: 493 Cr (YoY +14.9%); EPS: 5.53,"Sales last 3Q: 154, 146, 174 Cr; Net Profit last 3Q: 123, 119, 130 Cr",,,"P/E: 22.4; ROCE: 51.4; ROE: 39.4; Div Yield: 2.82; Book Value: 15.3; Mkt Cap: 11,030",2026-06-29
IFBIND,,,,,,,,,,,"Sales: 5,619 Cr (YoY +10.3%); NetProfit: 144 Cr (YoY +21.0%); EPS: 35.43","Sales last 3Q: 1,370, 1,413, 1,498 Cr; Net Profit last 3Q: 51, 24, 43 Cr",,,"P/E: 32.9; ROCE: 20.3; ROE: 16.8; Div Yield: 0.00; Book Value: 246; Mkt Cap: 5,066",2026-07-07
IFGLEXPOR,,,,,,,,,,,"Sales: 1,894 Cr (YoY +14.6%); NetProfit: 35 Cr (YoY -18.6%); EPS: 4.81","Sales last 3Q: 489, 469, 483 Cr; Net Profit last 3Q: 13, -3, 14 Cr",,,"P/E: 34.7; ROCE: 4.90; ROE: 3.24; Div Yield: 1.21; Book Value: 163; Mkt Cap: 1,285",2026-06-29
IGARASHI,,,,,,,,,,,,,,,"ROE: -6.68; Div Yield: 0.60; Mkt Cap: 1,304",2026-06-22
IGIL,,,,,,,,,,,"Sales: 1,293 Cr (YoY +5.2%); NetProfit: 570 Cr (YoY +7.1%); EPS: 13.20","Sales last 3Q: 304, 320, 369 Cr; Net Profit last 3Q: 130, 135, 180 Cr",,,"P/E: 27.1; ROCE: 53.6; ROE: 43.0; Div Yield: 0.70; Book Value: 34.4; Mkt Cap: 15,445",2026-06-18
IGL,,,,,,,,,,,Sales: 15953 Cr (YoY +6.9%); NetProfit: 1658 Cr (YoY -3.2%); EPS: 11.88,"Sales last 4Q: 3948, 3914, 4023, 4068 Cr; Net Profit last 4Q: 453, 428, 385, 392 Cr",Debt: 102 Cr,,ROCE: 21%; EPS: 11.88; NPM: 10.39%,2026-08-15
IGPL,,,,,,,,,,,"Sales: 1,925 Cr (YoY -12.7%); NetProfit: 2 Cr (YoY -98.2%); EPS: 0.72","Sales last 3Q: 465, 465, 524 Cr; Net Profit last 3Q: -2, -11, 28 Cr",,,"P/E: 703; ROCE: 3.11; ROE: 0.16; Div Yield: 1.01; Book Value: 433; Mkt Cap: 1,533",2026-08-03
IIFL,,,,,,,,,,,"Sales: 13,351 Cr (YoY +30.5%); NetProfit: 1,817 Cr (YoY +214.4%); EPS: 39.05","Sales last 3Q: 3,305, 3,427, 3,692 Cr; Net Profit last 3Q: 418, 501, 623 Cr",,,"P/E: 13.6; ROCE: 10.8; ROE: 12.6; Div Yield: 0.75; Book Value: 327; Mkt Cap: 22,653",2026-06-22
IIFLCAPS,,,,,,,,,,,"Sales: 2,420 Cr (YoY -4.0%); NetProfit: 564 Cr (YoY -20.9%); EPS: 18.02","Sales last 3Q: 572, 586, 644 Cr; Net Profit last 3Q: 85, 188, 115 Cr",,,"P/E: 19.4; ROCE: 23.2; ROE: 20.2; Div Yield: 0.87; Book Value: 98.4; Mkt Cap: 10,860",2026-06-18
IITL,,,,,,,,,,,Sales: -15 Cr (YoY -188.2%); NetProfit: -12 Cr (YoY -400.0%); EPS: -5.51,"Sales last 3Q: -1, 11, -41 Cr; Net Profit last 3Q: -3, 6, -25 Cr",,,ROCE: -3.50; ROE: -2.84; Div Yield: 0.00; Book Value: 191; Mkt Cap: 307,2026-07-06
IKIO,,,,,,,,,,,Sales: 595 Cr (YoY +22.4%); NetProfit: 42 Cr (YoY +31.2%); EPS: 4.90,"Sales last 3Q: 164, 146, 165 Cr; Net Profit last 3Q: 11, 11, 18 Cr",,,"P/E: 41.2; ROCE: 9.46; ROE: 6.51; Div Yield: 0.00; Book Value: 77.9; Mkt Cap: 1,559",2026-07-03
IKS,,,,,,,,,,,"Sales: 3,347 Cr (YoY +4.8%); NetProfit: 764 Cr (YoY +5.8%); EPS: 44.50","Sales last 3Q: 815, 858, 894 Cr; Net Profit last 3Q: 183, 206, 194 Cr",,,"P/E: 41.4; ROCE: 36.9; ROE: 40.3; Div Yield: 0.00; Book Value: 131; Mkt Cap: 31,586",2026-08-15
IMFA,,,,,,,,,,,Sales: 2630 Cr (YoY +2.5%); NetProfit: 369 Cr (YoY -2.6%); EPS: 68.28,"Sales last 3Q: 642, 719, 703 Cr; Net Profit last 3Q: 93, 98, 131 Cr",Debt: 435 Cr,,ROCE: 21%; EPS: 68.28; NPM: 14.03%,2026-08-15
INA,,,,,,,,,,,"Sales: 2,146 Cr (YoY +60.9%); NetProfit: 201 Cr (YoY +59.5%); EPS: 9.10","Sales last 3Q: 415, 575, 794 Cr; Net Profit last 3Q: 37, 51, 70 Cr",,,"P/E: 12.4; ROCE: 22.2; ROE: 28.2; Div Yield: 0.09; Book Value: 36.6; Mkt Cap: 2,489",2026-06-29
INDGN,,,,,,,,,,,"Sales: 3,510 Cr (YoY +23.6%); NetProfit: 401 Cr (YoY -1.5%); EPS: 16.65","Sales last 3Q: 804, 942, 1,003 Cr; Net Profit last 3Q: 102, 103, 80 Cr",,,"P/E: 30.4; ROCE: 18.8; ROE: 14.4; Div Yield: 0.39; Book Value: 130; Mkt Cap: 12,588",2026-06-18
INDHOTEL,,,,,,,,,,,"Sales: 9,689 Cr (YoY +16.2%); NetProfit: 2,247 Cr (YoY +10.3%); EPS: 14.64","Sales last 3Q: 2,041, 2,842, 2,765 Cr; Net Profit last 3Q: 318, 954, 645 Cr",,,"P/E: 59.8; ROCE: 17.1; ROE: 14.2; Div Yield: 0.45; Book Value: 91.7; Mkt Cap: 1,03,163",2026-06-22
INDIACEM,,,,,,,,,,,Sales: 4485 Cr (YoY +8.1%); NetProfit: -67 Cr (YoY +53.5%); EPS: -2.17,"Sales last 3Q: 1117, 1114, 1229 Cr; Net Profit last 3Q: 9, -3, 60 Cr",Debt: 1305 Cr,,ROCE: 2%; EPS: -2.17; NPM: -1.49%,2026-08-15
INDIAGLYCO,,,,,,,,,,,"Sales: 4,211 Cr (YoY +11.8%); NetProfit: 293 Cr (YoY +26.8%); EPS: 43.68","Sales last 3Q: 1,092, 1,102, 976 Cr; Net Profit last 3Q: 65, 68, 87 Cr",,,"P/E: 22.4; ROCE: 12.4; ROE: 11.3; Div Yield: 0.76; Book Value: 438; Mkt Cap: 6,580",2026-06-29
INDIAMART,,,,,,,,,,,"Sales: 1,569 Cr (YoY +13.0%); NetProfit: 475 Cr (YoY -13.8%); EPS: 79.00","Sales last 3Q: 391, 402, 404 Cr; Net Profit last 3Q: 83, 188, 50 Cr",,,"P/E: 26.5; ROCE: 28.0; ROE: 20.7; Div Yield: 1.44; Book Value: 399; Mkt Cap: 12,566",2026-06-22
INDIANB,,,,,,,,,,,"Sales: 69,314 Cr (YoY +2.7%); NetProfit: 12,787 Cr (YoY +9.2%); EPS: 94.91","Sales last 3Q: 17,102, 17,488, 18,095 Cr; Net Profit last 3Q: 3,148, 3,174, 3,357 Cr",,,"P/E: 9.43; ROCE: 6.32; ROE: 15.4; Div Yield: 2.04; Book Value: 623; Mkt Cap: 1,20,547",2026-08-15
INDIANCARD,,,,,,,,,,,Sales: 42.03 Cr (YoY +0.0%); NetProfit: 3.72 Cr (YoY -96.0%); EPS: 6.26,"Sales last 3Q: 10.73, 10.41, 11.24 Cr; Net Profit last 3Q: 5.41, -0.61, -3.38 Cr",,,P/E: 31.6; ROCE: 2.01; ROE: 1.34; Div Yield: 0.00; Book Value: 577; Mkt Cap: 144,2026-07-08
INDIANHUME,,,,,,,,,,,,,,,P/E: 12.24; ROE: 9.86%; Div Yield: 0.63%; Book Value: ₹282.24; Mkt Cap: ₹1726 Cr,2026-06-22
INDIASHLTR,,,,,,,,,,,"Sales: 1,529 Cr (YoY +31.1%); NetProfit: 503 Cr (YoY +33.1%); EPS: 46.26","Sales last 3Q: 369, 390, 408 Cr; Net Profit last 3Q: 122, 124, 138 Cr",,,"P/E: 16.6; ROCE: 12.8; ROE: 17.0; Div Yield: 1.30; Book Value: 294; Mkt Cap: 8,351",2026-06-29
INDIGO,,,,,,,,,,,"Sales: 84,962 Cr (YoY +5.1%); NetProfit: -2,394 Cr (YoY -133.0%); EPS: -61.87","Sales last 3Q: 18,555, 23,472, 22,438 Cr; Net Profit last 3Q: -2,582, 549, -2,537 Cr",,,"ROCE: 7.12; ROE: -12.2; Div Yield: 0.20; Book Value: 180; Mkt Cap: 1,94,160",2026-06-22
INDIGOPNTS,,,,,,,,,,,"Sales: 1,405 Cr (YoY +4.8%); NetProfit: 148 Cr (YoY +4.2%); EPS: 30.43","Sales last 3Q: 312, 359, 425 Cr; Net Profit last 3Q: 25, 37, 59 Cr",,,"P/E: 32.1; ROCE: 18.6; ROE: 13.7; Div Yield: 0.35; Book Value: 242; Mkt Cap: 4,806",2026-06-25
INDIQUBE,,,,,,,,,,,,,,,P/E: N/A; ROE: -41.57%; Div Yield: 0.00%; Book Value: ₹27.27; Mkt Cap: ₹3816 Cr,2026-06-22
INDNIPPON,,,,,,,,,,,"Sales: 1,068 Cr (YoY +26.4%); NetProfit: 111 Cr (YoY +35.4%); EPS: 49.14","Sales last 3Q: 273, 272, 299 Cr; Net Profit last 3Q: 23, 25, 40 Cr",,,"P/E: 21.4; ROCE: 17.1; ROE: 13.0; Div Yield: 1.64; Book Value: 363; Mkt Cap: 2,134",2026-06-24
INDOAMIN,,,,,,,,,,,"Sales: 1,160 Cr (YoY +7.5%); NetProfit: 79 Cr (YoY +41.1%); EPS: 10.93","Sales last 3Q: 277, 277, 318 Cr; Net Profit last 3Q: 18, 12, 21 Cr",,,P/E: 12.2; ROCE: 19.9; ROE: 22.4; Div Yield: 0.37; Book Value: 54.0; Mkt Cap: 970,2026-06-18
INDOBORAX,,,,,,,,,,,Sales: 215 Cr (YoY +22.9%); NetProfit: 50 Cr (YoY +16.3%); EPS: 15.67,"Sales last 3Q: 58, 41, 63 Cr; Net Profit last 3Q: 16, 9, 15 Cr",,,"P/E: 28.7; ROCE: 15.6; ROE: 11.9; Div Yield: 0.26; Book Value: 120; Mkt Cap: 1,230",2026-06-23
INDOCO,,,,,,,,,,,"Sales: 1,845 Cr (YoY +10.8%); NetProfit: -99 Cr (YoY -26.9%); EPS: -10.31","Sales last 3Q: 485, 445, 476 Cr; Net Profit last 3Q: -9, -29, -24 Cr",,,"ROCE: 0.93; ROE: -9.42; Div Yield: 0.09; Book Value: 102; Mkt Cap: 2,169",2026-06-22
INDOFARM,,,,,,,,,,,Sales: 440 Cr (YoY +19.6%); NetProfit: 25 Cr (YoY +4.2%); EPS: 5.14,"Sales last 3Q: 103.89, 105.87, 133.99 Cr; Net Profit last 3Q: 4.98, 5.56, 8.72 Cr",,,P/E: 29.1; ROCE: 7.42; ROE: 4.54; Div Yield: 0.00; Book Value: 116; Mkt Cap: 718,2026-06-22
INDOSTAR,,,,,,,,,,,"Sales: 1,393 Cr (YoY -1.1%); NetProfit: 140 Cr (YoY +15.7%); EPS: 8.69","Sales last 3Q: 357, 346, 347 Cr; Net Profit last 3Q: 10, 8, -424 Cr",,,"ROCE: -2.58; ROE: -23.6; Div Yield: 0.00; Book Value: 234; Mkt Cap: 4,031",2026-06-22
INDOTHAI,,,,,,,,,,,Sales: 104 Cr (YoY +285.2%); NetProfit: 66 Cr (YoY +725.0%); EPS: 12.08,"Sales last 3Q: 24, 28, 38 Cr; Net Profit last 3Q: 14, 17, 26 Cr",,,"P/E: 44.1; ROCE: 34.6; ROE: 28.6; Div Yield: 0.04; Book Value: 51.8; Mkt Cap: 2,921",2026-06-29
INDRAMEDCO,,,,,,,,,,,,,,,P/E: 19.72; ROE: 27.47%; Div Yield: 1.14%; Book Value: ₹80.78; Mkt Cap: ₹3622 Cr,2026-06-23
INDSWFTLAB,,,,,,,,,,,Sales: 594 Cr (YoY +5.7%); NetProfit: 249 Cr (YoY -0.4%); EPS: 40.27,"Sales last 4Q: 138, 153, 153, 151 Cr; Net Profit last 4Q: 222, 9, 8, 10 Cr",Debt: 22 Cr,,ROCE: 1%; EPS: 40.27; NPM: 41.92%,2026-08-15
INDUSINDBK,,,,,,,,,,,"Sales: 45,297 Cr (YoY -2.1%); NetProfit: 1,322 Cr (YoY +48.7%); EPS: 16.97","Sales last 3Q: 11,373, 11,005, 11,310 Cr; Net Profit last 3Q: 128, 594, 1,037 Cr",,,"P/E: 60.2; ROCE: 5.68; ROE: 1.36; Div Yield: 0.15; Book Value: 844; Mkt Cap: 79,535",2026-08-15
INDUSTOWER,,,,,,,,,,,"Sales: 32,867 Cr (YoY +1.2%); NetProfit: 7,154 Cr (YoY +0.1%); EPS: 27.12","Sales last 3Q: 8,146, 8,101, 8,431 Cr; Net Profit last 3Q: 1,776, 1,793, 1,746 Cr",,,"P/E: 14.2; ROCE: 19.5; ROE: 18.6; Div Yield: 3.64; Book Value: 150; Mkt Cap: 1,01,398",2026-08-15
INFOBEAN,,,,,,,,,,,Sales: 514 Cr (YoY +30.1%); NetProfit: 87 Cr (YoY +128.9%); EPS: 8.94,"Sales last 3Q: 125, 134, 142 Cr; Net Profit last 3Q: 23, 19, 21 Cr",,,"P/E: 18.7; ROCE: 29.2; ROE: 23.2; Div Yield: 0.15; Book Value: 42.6; Mkt Cap: 1,618",2026-06-22
INFY,,,,,,,,,,,Sales: 178650 Cr (YoY +9.6%); NetProfit: 29474 Cr (YoY +10.2%); EPS: 72.59,"Sales last 3Q: 44490, 45479, 46402 Cr; Net Profit last 3Q: 7375, 6666, 8509 Cr",Debt: 9176 Cr,,ROCE: 46%; EPS: 72.59; NPM: 16.5%,2026-08-15
INGERRAND,,,,,,,,,,,Sales: 1415 Cr (YoY +5.9%); NetProfit: 259 Cr (YoY -3.4%); EPS: 82,"Sales last 3Q: 315, 322, 455 Cr; Net Profit last 3Q: 59, 60, 72 Cr",Debt: 10 Cr,,ROCE: 60%; EPS: 82; NPM: 18.3%,2026-08-15
INNOVACAP,,,,,,,,,,,"Sales: 1,630 Cr (YoY +31.0%); NetProfit: 141 Cr (YoY +10.2%); EPS: 24.63","Sales last 3Q: 380, 450, 448 Cr; Net Profit last 3Q: 30, 42, 38 Cr",,,"P/E: 40.0; ROCE: 15.0; ROE: 13.7; Div Yield: 0.20; Book Value: 191; Mkt Cap: 5,617",2026-07-08
INNOVISION,,,,,,,,,,,Sales: 981 Cr (YoY +9.9%); NetProfit: 36 Cr (YoY +24.1%); EPS: 15.51,"Sales last 3Q: 257, 233, 268 Cr; Net Profit last 3Q: 8, 4, 12 Cr",,,P/E: 18.7; ROCE: 20.3; ROE: 19.6; Div Yield: 0.00; Book Value: 124; Mkt Cap: 692,2026-07-03
INOXGREEN,,,,,,,,,,,Sales: 281 Cr (YoY +19.1%); NetProfit: 103 Cr (YoY +368.2%); EPS: 2.55,"Sales last 3Q: 86, 78, 69 Cr; Net Profit last 3Q: 28, 25, 28 Cr",,,"P/E: 77.5; ROCE: 8.42; ROE: 5.62; Div Yield: 0.00; Book Value: 42.5; Mkt Cap: 8,009",2026-06-22
INOXINDIA,,,,,,,,,,,Sales: 1496 Cr (YoY +14.5%); NetProfit: 248 Cr (YoY +9.7%); EPS: 27.34,"Sales last 3Q: 340, 358, 429 Cr; Net Profit last 3Q: 61, 61, 61 Cr",Debt: 99 Cr,,ROCE: 37%; EPS: 27.34; NPM: 16.58%,2026-08-15
INTELLECT,,,,,,,,,,,"Sales: 3,038 Cr (YoY +21.5%); NetProfit: 343 Cr (YoY +2.7%); EPS: 24.73","Sales last 3Q: 758, 731, 847 Cr; Net Profit last 3Q: 102, 27, 120 Cr",,,"P/E: 28.4; ROCE: 15.9; ROE: 12.4; Div Yield: 0.54; Book Value: 227; Mkt Cap: 10,455",2026-06-22
INTERARCH,,,,,,,,,,,,,,,P/E: 23.95; ROE: 16.48%; Div Yield: 0.66%; Book Value: ₹525.27; Mkt Cap: ₹3211 Cr,2026-06-23
IOB,,,,,,,,,,,"Sales: 33,290 Cr (YoY +4.4%); NetProfit: 5,958 Cr (YoY +10.0%); EPS: 3.09","Sales last 3Q: 8,172, 8,489, 8,778 Cr; Net Profit last 3Q: 1,427, 1,556, 1,716 Cr",,,"P/E: 10.9; ROCE: 6.12; ROE: 15.6; Div Yield: 0.00; Book Value: 20.2; Mkt Cap: 64,683",2026-08-15
IOC,,,,,,,,,,,Sales: 771396 Cr (YoY +1.8%); NetProfit: 36869 Cr (YoY +167.4%); EPS: 25.33,"Sales last 4Q: 195270, 192341, 178628, 205157 Cr; Net Profit last 4Q: 8368, 6808, 8191, 13502 Cr",Debt: 146681 Cr,,ROCE: 7%; EPS: 25.33; NPM: 4.78%,2026-08-15
IOLCP,,,,,,,,,,,"Sales: 2,319 Cr (YoY +11.5%); NetProfit: 138 Cr (YoY +36.6%); EPS: 4.69","Sales last 3Q: 568, 580, 619 Cr; Net Profit last 3Q: 30, 21, 53 Cr",,,"P/E: 33.5; ROCE: 11.2; ROE: 8.38; Div Yield: 0.60; Book Value: 61.3; Mkt Cap: 4,896",2026-07-08
IONEXCHANG,,,,,,,,,,,"Sales: 2,915 Cr (YoY +6.5%); NetProfit: 143 Cr (YoY -31.2%); EPS: 9.73","Sales last 3Q: 734, 734, 863 Cr; Net Profit last 3Q: 50, 21, 24 Cr",,,"P/E: 35.2; ROCE: 14.1; ROE: 12.1; Div Yield: 0.40; Book Value: 91.3; Mkt Cap: 5,433",2026-06-22
IPCALAB,,,,,,,,,,,"Sales: 10,126 Cr (YoY +5.5%); NetProfit: 1,375 Cr (YoY +16.1%); EPS: 51.63","Sales last 3Q: 2,392, 2,388, 2,788 Cr; Net Profit last 3Q: 364, 307, 424 Cr",,,"P/E: 32.0; ROCE: 17.0; ROE: 15.7; Div Yield: 0.35; Book Value: 318; Mkt Cap: 43,997",2026-08-15
IPL,,,,,,,,,,,"Sales: 1,057 Cr (YoY +27.5%); NetProfit: 120 Cr (YoY +46.3%); EPS: 10.41","Sales last 3Q: 290, 225, 266 Cr; Net Profit last 3Q: 32, 23, 31 Cr",,,"P/E: 15.4; ROCE: 16.7; ROE: 12.6; Div Yield: 0.47; Book Value: 87.7; Mkt Cap: 1,846",2026-06-22
IRB,,,,,,,,,,,"Sales: 7,686 Cr (YoY +0.5%); NetProfit: 954 Cr (YoY +12.2%); EPS: 0.79","Sales last 3Q: 1,871, 1,927, 2,137 Cr; Net Profit last 3Q: 211, 296, 306 Cr",,,"P/E: 23.6; ROCE: 7.48; ROE: 4.31; Div Yield: 0.80; Book Value: 17.3; Mkt Cap: 23,262",2026-08-15
IRCON,,,,,,,,,,,"Sales: 9,071 Cr (YoY -15.7%); NetProfit: 592 Cr (YoY -18.7%); EPS: 6.33","Sales last 3Q: 1,977, 2,119, 3,189 Cr; Net Profit last 3Q: 137, 100, 191 Cr",,,"P/E: 20.9; ROCE: 9.69; ROE: 9.19; Div Yield: 2.00; Book Value: 70.6; Mkt Cap: 12,443",2026-06-29
IRCTC,,,,,,,,,,,"Sales: 5,425 Cr (YoY +4.0%); NetProfit: 1,393 Cr (YoY +0.0%); EPS: 17.42","Sales last 3Q: 1,449, 1,460, 1,370 Cr; Net Profit last 3Q: 394, 326, 330 Cr",,,"P/E: 28.8; ROCE: 46.1; ROE: 34.6; Div Yield: 1.71; Book Value: 53.9; Mkt Cap: 39,800",2026-08-15
IREDA,,,,,,,,,,,"Sales: 8,612 Cr (YoY +3.6%); NetProfit: 1,966 Cr (YoY +4.9%); EPS: 7.00","Sales last 3Q: 2,130, 2,175, 2,249 Cr; Net Profit last 3Q: 585, 493, 339 Cr",,,"P/E: 16.6; ROCE: 8.69; ROE: 15.6; Div Yield: 0.52; Book Value: 49.1; Mkt Cap: 32,657",2026-08-15
IRFC,,,,,,,,,,,,,,,P/E: 18.82; ROE: 12.81%; Div Yield: 2.91%; Book Value: ₹43.46; Mkt Cap: ₹131861 Cr,2026-06-22
IRIS,,,,,,,,,,,Sales: 128 Cr (YoY +1.6%); NetProfit: 127 Cr (YoY +876.9%); EPS: 61.50,"Sales last 3Q: 28.56, 35.59, 39.15 Cr; Net Profit last 3Q: 116.85, 5.31, 4.15 Cr",,,P/E: 39.3; ROCE: 12.6; ROE: 10.2; Div Yield: 0.00; Book Value: 97.6; Mkt Cap: 557,2026-06-22
IRMENERGY,,,,,,,,,,,"Sales: 1,067 Cr (YoY +9.4%); NetProfit: 53 Cr (YoY +17.8%); EPS: 12.96","Sales last 3Q: 259, 265, 280 Cr; Net Profit last 3Q: 13, 14, 13 Cr",,,"P/E: 21.6; ROCE: 8.63; ROE: 5.49; Div Yield: 0.54; Book Value: 243; Mkt Cap: 1,149",2026-06-22
ISGEC,,,,,,,,,,,Sales: 6515 Cr (YoY +1.4%); NetProfit: 297 Cr (YoY +12.5%); EPS: 34.98,"Sales last 3Q: 1341, 1691, 1739 Cr; Net Profit last 3Q: 59, 56, 84 Cr",Debt: 925 Cr,,ROCE: 17%; EPS: 34.98; NPM: 4.56%,2026-08-15
ITBETA,,,,,,,,,,,,,,,P/E: 19.92; ROE: N/A (see financials); Div Yield: 0.00%; Book Value: ₹N/A; Mkt Cap: N/A,2026-08-03
ITC,,,,,,,,,,,"Sales: 76,488 Cr (YoY -3.0%); NetProfit: 20,184 Cr (YoY -4.0%); EPS: 15.84","Sales last 3Q: 20,047, 17,825, 19,114 Cr; Net Profit last 3Q: 5,018, 5,470, 4,509 Cr",,,"P/E: 17.6; ROCE: 38.9; ROE: 29.3; Div Yield: 5.21; Book Value: 57.9; Mkt Cap: 3,48,570",2026-08-15
ITCHOTELS,,,,,,,,,,,"Sales: 4,260 Cr (YoY +2.9%); NetProfit: 869 Cr (YoY +5.8%); EPS: 4.16","Sales last 3Q: 1,231, 1,254, 936 Cr; Net Profit last 3Q: 237, 317, 182 Cr",,,"P/E: 37.3; ROCE: 11.2; ROE: 7.89; Div Yield: 0.61; Book Value: 56.0; Mkt Cap: 34,355",2026-08-15
ITDC,,,,,,,,,,,Sales: 533 Cr (YoY -6.5%); NetProfit: 82 Cr (YoY +1.2%); EPS: 9.64,"Sales last 3Q: 118, 185, 142 Cr; Net Profit last 3Q: 16, 28, 28 Cr",,,"P/E: 64.2; ROCE: 29.9; ROE: 21.1; Div Yield: 0.47; Book Value: 49.3; Mkt Cap: 5,335",2026-06-17
ITI,,,,,,,,,,,"Sales: 2,184 Cr (YoY -39.6%); NetProfit: 293 Cr (YoY +236.3%); EPS: 3.04","Sales last 3Q: 543, 515, 628 Cr; Net Profit last 3Q: -54, -25, 375 Cr",,,"ROCE: 1.41; ROE: -8.86; Div Yield: 0.00; Book Value: 19.8; Mkt Cap: 30,094",2026-06-22
IVALUE,,,,,,,,,,,"Sales: 1,056 Cr (YoY +14.4%); NetProfit: 98 Cr (YoY +15.3%); EPS: 17.98","Sales last 3Q: 329, 226, 273 Cr; Net Profit last 3Q: 30, 16, 43 Cr",,,"P/E: 14.6; ROCE: 25.1; ROE: 19.8; Div Yield: 0.00; Book Value: 104; Mkt Cap: 1,489",2026-06-22
IVP,,,,,,,,,,,,,,,P/E: 10.49; ROE: 12.60%; Div Yield: 0.62%; Book Value: ₹152.13; Mkt Cap: ₹196 Cr,2026-07-06
IVZINGOLD,,,,,,,,,,,,,,,P/E: N/A; ROE: N/A (see financials); Div Yield: 0.00%; Book Value: ₹N/A; Mkt Cap: N/A,2026-07-07
IXIGO,,,,,,,,,,,"Sales: 1,228 Cr (YoY +34.4%); NetProfit: 71 Cr (YoY +18.3%); EPS: 1.65","Sales last 3Q: 283, 320, 308 Cr; Net Profit last 3Q: -3, 24, 32 Cr",,,"P/E: 112; ROCE: 6.80; ROE: 5.54; Div Yield: 0.00; Book Value: 46.8; Mkt Cap: 8,324",2026-06-22
IZMO,,,,,,,,,,,Sales: 285 Cr (YoY +26.7%); NetProfit: 48 Cr (YoY -2.0%); EPS: 31.79,"Sales last 3Q: 60, 59, 109 Cr; Net Profit last 3Q: 13, 12, 17 Cr",,,"P/E: 31.8; ROCE: 12.6; ROE: 12.4; Div Yield: 0.00; Book Value: 273; Mkt Cap: 1,511",2026-07-10
J&KBANK,,,,,,,,,,,Revenue: 13151 Cr (YoY +4.9%); NetProfit: 2360 Cr (YoY +13.4%); EPS: 21.43,"Sales last 4Q: 3269, 3293, 3315, 3273 Cr; Net Profit last 4Q: 485, 495, 581, 799 Cr",,,ROE: 15%; EPS: 21.43; NPM: 17.95%,2026-08-15
JAGSNPHARM,,,,,,,,,,,,,,,P/E: 35.35; ROE: 16.70%; Div Yield: 1.18%; Book Value: ₹39.40; Mkt Cap: ₹1466 Cr,2026-06-22
JAICORPLTD,,,,,,,,,,,Sales: 514 Cr (YoY -0.8%); NetProfit: 169 Cr (YoY +156.1%); EPS: 9.64,"Sales last 3Q: 146, 116, 121 Cr; Net Profit last 3Q: 27, 17, 21 Cr",,,"P/E: 12.4; ROCE: 13.3; ROE: 12.8; Div Yield: 0.41; Book Value: 85.0; Mkt Cap: 2,126",2026-06-22
JAINREC,,,,,,,,,,,"Sales: 10,718 Cr (YoY +12.3%); NetProfit: 360 Cr (YoY +3.7%); EPS: 10.44","Sales last 3Q: 2,775, 3,105, 2,724 Cr; Net Profit last 3Q: 126, 66, 69 Cr",,,"P/E: 27.8; ROCE: 25.7; ROE: 30.4; Div Yield: 0.00; Book Value: 45.2; Mkt Cap: 10,125",2026-08-15
JAMNAAUTO,,,,,,,,,,,Sales: 2410 Cr (YoY +6.2%); NetProfit: 194 Cr (YoY +7.8%); EPS: 4.87,"Sales last 4Q: 638, 573, 531, 668 Cr; Net Profit last 4Q: 50, 46, 40, 58 Cr",Debt: 12 Cr,,ROCE: 22%; EPS: 4.87; NPM: 8.05%,2026-08-15
JARO,,,,,,,,,,,,,,,"P/E: 29.6; ROCE: 40.2; ROE: 40.6; Div Yield: 0.38; Mkt Cap: 1,176",2026-06-22
JASH,,,,,,,,,,,Sales: 736 Cr (YoY +0.1%); NetProfit: 76 Cr (YoY -12.6%); EPS: 12.05,"Sales last 3Q: 158, 160, 291 Cr; Net Profit last 3Q: 11, 13, 57 Cr",,,"P/E: 41.5; ROCE: 17.7; ROE: 16.0; Div Yield: 0.40; Book Value: 82.1; Mkt Cap: 3,160",2026-06-22
JAYBARMARU,,,,,,,,,,,"Sales: 2,551 Cr (YoY +11.4%); NetProfit: 140 Cr (YoY +324.2%); EPS: 12.90","Sales last 3Q: 583, 645, 766 Cr; Net Profit last 3Q: 18, 18, 80 Cr",,,"P/E: 13.4; ROCE: 16.6; ROE: 22.2; Div Yield: 0.41; Book Value: 64.3; Mkt Cap: 1,873",2026-06-29
JAYKAY,,,,,,,,,,,Sales: 258 Cr (YoY +218.5%); NetProfit: 216 Cr (YoY +2985.7%); EPS: 17.85,"Sales last 3Q: 63, 60, 61 Cr; Net Profit last 3Q: 9, 7, 180 Cr",,,"P/E: 34.2; ROCE: 8.18; ROE: 11.7; Div Yield: 0.00; Book Value: 52.9; Mkt Cap: 2,287",2026-06-29
JAYNECOIND,,,,,,,,,,,Sales: 2624 Cr (YoY -13.1%); NetProfit: -94 Cr; EPS: -1.47,"Sales last 4Q: 1649, 1781, 1727, 1974 Cr; Net Profit last 4Q: 93, 105, 74, 191 Cr",Debt: 4114 Cr,,ROCE: 21%; EPS: -1.47; NPM: -3.58%,2026-08-15
JBCHEPHARM,,,,,,,,,,,Sales: 4193 Cr (YoY +7%); NetProfit: 754 Cr (YoY +14.2%); EPS: 48.23,"Sales last 4Q: 949, 1094, 1085, 1065 Cr; Net Profit last 4Q: 146, 202, 208, 198 Cr",Debt: 19 Cr,,ROCE: 26%; EPS: 48.23; NPM: 17.98%,2026-08-15
JBMA,,,,,,,,,,,Sales: 5882 Cr (YoY +7.5%); NetProfit: 226 Cr (YoY +5.1%); EPS: 8.93,"Sales last 4Q: 1646, 1254, 1368, 1614 Cr; Net Profit last 4Q: 72, 39, 55, 60 Cr",Debt: 3181 Cr,,ROCE: 14%; EPS: 8.93; NPM: 3.84%,2026-08-15
JGCHEM,,,,,,,,,,,Sales: 973 Cr (YoY +14.9%); NetProfit: 69 Cr (YoY +3.0%); EPS: 16.81,"Sales last 3Q: 220, 248, 286 Cr; Net Profit last 3Q: 15, 18, 19 Cr",,,"P/E: 26.3; ROCE: 18.1; ROE: 13.3; Div Yield: 0.23; Book Value: 135; Mkt Cap: 1,730",2026-06-22
JINDALPOLY,,,,,,,,,,,"Sales: 3,115 Cr (YoY -41.6%); NetProfit: -253 Cr (YoY -330.0%); EPS: -57.38","Sales last 3Q: 914, 410, 372 Cr; Net Profit last 3Q: 36, -13, -97 Cr",,,"ROCE: 5.36; ROE: 2.15; Div Yield: 0.87; Book Value: 932; Mkt Cap: 2,842",2026-08-13
JINDALSAW,,,,,,,,,,,"Sales: 17,895 Cr (YoY -14.1%); NetProfit: 925 Cr (YoY -36.6%); EPS: 15.22","Sales last 3Q: 4,234, 4,943, 4,633 Cr; Net Profit last 3Q: 139, 248, 124 Cr",,,"P/E: 16.8; ROCE: 10.4; ROE: 8.20; Div Yield: 0.77; Book Value: 197; Mkt Cap: 16,537",2026-06-17
JINDALSTEL,,,,,,,,,,,Sales: 53225 Cr (YoY +6.2%); NetProfit: 3361 Cr (YoY +18.1%); EPS: 33.01,"Sales last 4Q: 12294, 11686, 13027, 16218 Cr; Net Profit last 4Q: 1496, 635, 189, 1041 Cr",Debt: 22610 Cr,,ROCE: 11%; EPS: 33.01; NPM: 6.31%,2026-08-15
JINDRILL,,,,,,,,,,,Sales: 997 Cr (YoY +20.4%); NetProfit: 211 Cr (YoY -2.3%); EPS: 72.67,"Sales last 3Q: 238, 242, 263 Cr; Net Profit last 3Q: 133, -33, 45 Cr",,,"P/E: 8.00; ROCE: 15.4; ROE: 12.5; Div Yield: 0.17; Book Value: 628; Mkt Cap: 1,711",2026-06-18
JIOFIN,,,,,,,,,,,"Sales: 4,905 Cr (YoY +39.3%); NetProfit: 2,066 Cr (YoY +32.4%); EPS: 3.20","Sales last 3Q: 901, 1,019, 2,004 Cr; Net Profit last 3Q: 269, 272, 830 Cr",,,"P/E: 79.6; ROCE: 1.86; ROE: 1.19; Div Yield: 0.24; Book Value: 211; Mkt Cap: 1,64,451",2026-08-15
JKCEMENT,,,,,,,,,,,"Sales: 14,401 Cr (YoY +4.9%); NetProfit: 938 Cr (YoY -5.1%); EPS: 122.37","Sales last 3Q: 3,463, 3,888, 4,032 Cr; Net Profit last 3Q: 174, 331, 275 Cr",,,"P/E: 42.0; ROCE: 15.1; ROE: 15.6; Div Yield: 0.38; Book Value: 911; Mkt Cap: 41,002",2026-08-15
JKIL,,,,,,,,,,,"Sales: 5,723 Cr (YoY +0.5%); NetProfit: 387 Cr (YoY -1.0%); EPS: 51.09","Sales last 3Q: 1,343, 1,311, 1,585 Cr; Net Profit last 3Q: 91, 83, 110 Cr",,,"P/E: 9.74; ROCE: 18.4; ROE: 12.4; Div Yield: 0.79; Book Value: 445; Mkt Cap: 3,842",2026-06-23
JKLAKSHMI,,,,,,,,,,,"Sales: 6,763 Cr (YoY +9.2%); NetProfit: 413 Cr (YoY +49.6%); EPS: 33.19","Sales last 3Q: 1,532, 1,588, 1,902 Cr; Net Profit last 3Q: 81, 57, 125 Cr",,,"P/E: 17.4; ROCE: 12.5; ROE: 11.5; Div Yield: 1.09; Book Value: 313; Mkt Cap: 7,415",2026-06-29
JKPAPER,,,,,,,,,,,"Sales: 7,076 Cr (YoY +5.3%); NetProfit: 274 Cr (YoY -33.5%); EPS: 14.66","Sales last 3Q: 1,749, 1,717, 1,966 Cr; Net Profit last 3Q: 78, 24, 90 Cr",,,"P/E: 22.9; ROCE: 7.64; ROE: 5.08; Div Yield: 1.43; Book Value: 304; Mkt Cap: 6,344",2026-06-22
JKTYRE,,,,,,,,,,,"Sales: 16,404 Cr (YoY +0.5%); NetProfit: 657 Cr (YoY -15.3%); EPS: 23.19","Sales last 3Q: 4,223, 4,223, 3,946 Cr; Net Profit last 3Q: 208, 178, 44 Cr",,,"P/E: 15.4; ROCE: 15.5; ROE: 16.0; Div Yield: 1.04; Book Value: 210; Mkt Cap: 11,073",2026-08-15
JLHL,,,,,,,,,,,"Sales: 1,500 Cr (YoY +18.9%); NetProfit: 194 Cr (YoY +0.0%); EPS: 29.59","Sales last 3Q: 394, 365, 388 Cr; Net Profit last 3Q: 57, 42, 50 Cr",,,"P/E: 45.8; ROCE: 15.4; ROE: 13.6; Div Yield: 0.07; Book Value: 236; Mkt Cap: 9,055",2026-06-24
JMFINANCIL,,,,,,,,,,,"Sales: 4,091 Cr (YoY -7.2%); NetProfit: 1,201 Cr (YoY +55.2%); EPS: 12.57","Sales last 3Q: 1,031, 999, 949 Cr; Net Profit last 3Q: 262, 318, 162 Cr",,,"P/E: 9.87; ROCE: 11.6; ROE: 12.0; Div Yield: 2.62; Book Value: 111; Mkt Cap: 11,991",2026-06-29
JNKINDIA,,,,,,,,,,,Sales: 899 Cr (YoY +9.8%); NetProfit: 73 Cr (YoY +12.3%); EPS: 13.46,"Sales last 3Q: 202.64, 338.44, 179.96 Cr; Net Profit last 3Q: 17.63, 33.04, 9.63 Cr",,,"P/E: 33.9; ROCE: 17.4; ROE: 12.1; Div Yield: 0.07; Book Value: 101; Mkt Cap: 2,553",2026-08-15
JSFB,,,,,,,,,,,Revenue: 5140 Cr (YoY +9.1%); NetProfit: 310 Cr (YoY -38.1%); EPS: 29.49,"Sales last 3Q: 1252, 1305, 1384 Cr; Net Profit last 3Q: 102, 75, 10 Cr",,,ROE: 13%; EPS: 29.49; NPM: 6.03%,2026-08-15
JSL,,,,,,,,,,,"Sales: 44,026 Cr (YoY +2.5%); NetProfit: 3,239 Cr (YoY +1.7%); EPS: 39.40","Sales last 3Q: 10,518, 11,337, 11,279 Cr; Net Profit last 3Q: 828, 834, 769 Cr",,,"P/E: 18.5; ROCE: 19.3; ROE: 17.7; Div Yield: 0.54; Book Value: 240; Mkt Cap: 60,830",2026-08-15
JSLL,,,,,,,,,,,Sales: 469 Cr (YoY +128.8%); NetProfit: 80 Cr (YoY +135.3%); EPS: 6.43,"Sales last 4Q: 116, 174, 190, 222 Cr; Net Profit last 4Q: 13, 51, 59, 67 Cr",Debt: 106 Cr,,ROCE: 50%; EPS: 6.43; NPM: 17.06%,2026-08-15
JSWCEMENT,,,,,,,,,,,"Sales: 6,512 Cr (YoY +12.6%); NetProfit: -799 Cr (YoY -387.2%); EPS: -5.55","Sales last 3Q: 1,436, 1,621, 1,895 Cr; Net Profit last 3Q: 75, 131, 362 Cr",,,"P/E: 27.2; ROCE: 11.0; ROE: 14.6; Div Yield: 0.00; Book Value: 48.0; Mkt Cap: 17,751",2026-06-17
JSWENERGY,,,,,,,,,,,Sales: 17592 Cr (YoY +49.8%); NetProfit: 2603 Cr (YoY +31.3%); EPS: 13.01,"Sales last 3Q: 5143, 5177, 4082 Cr; Net Profit last 3Q: 836, 824, 529 Cr",Debt: 69104 Cr,,ROCE: 6%; EPS: 13.01; NPM: 14.8%,2026-08-15
JSWINFRA,,,,,,,,,,,"Sales: 5,582 Cr (YoY +4.1%); NetProfit: 1,515 Cr (YoY -2.1%); EPS: 6.91","Sales last 3Q: 1,350, 1,522, 1,445 Cr; Net Profit last 3Q: 365, 424, 358 Cr",,,"P/E: 51.0; ROCE: 13.6; ROE: 15.3; Div Yield: 0.27; Book Value: 51.8; Mkt Cap: 79,022",2026-08-15
JSWSTEEL,,,,,,,,,,,Sales: 179109 Cr (YoY +6.1%); NetProfit: 7766 Cr (YoY +122.5%); EPS: 30.47,"Sales last 4Q: 44819, 43147, 45152, 45991 Cr; Net Profit last 4Q: 1501, 2209, 1646, 2410 Cr",Debt: 101107 Cr,,ROCE: 10%; EPS: 30.47; NPM: 4.34%,2026-08-15
JTEKTINDIA,,,,,,,,,,,Sales: 2063 Cr (YoY +0.9%); NetProfit: 90 Cr (YoY +3.4%); EPS: 3.13,"Sales last 4Q: 471, 530, 478, 584 Cr; Net Profit last 4Q: 15, 26, 19, 30 Cr",Debt: 69 Cr,,ROCE: 11%; EPS: 3.13; NPM: 4.36%,2026-08-15
JUBLCPL,,,,,,,,,,,"Sales: 1,972 Cr (YoY +7.8%); NetProfit: 130 Cr (YoY +1.6%); EPS: 85.85","Sales last 3Q: 451, 485, 523 Cr; Net Profit last 3Q: 22, 20, 46 Cr",,,"P/E: 26.5; ROCE: 40.4; ROE: 33.2; Div Yield: 0.00; Book Value: 304; Mkt Cap: 3,512",2026-08-13
JUBLFOOD,,,,,,,,,,,"Sales: 9,838 Cr (YoY +3.4%); NetProfit: 450 Cr (YoY +1.4%); EPS: 6.57","Sales last 3Q: 2,429, 2,499, 2,570 Cr; Net Profit last 3Q: 73, 82, 100 Cr",,,"P/E: 87.3; ROCE: 14.8; ROE: 21.0; Div Yield: 0.24; Book Value: 34.7; Mkt Cap: 33,263",2026-08-15
JUBLINGREA,,,,,,,,,,,Sales: 4261 Cr (YoY +2%); NetProfit: 266 Cr (YoY +6%); EPS: 16.66,"Sales last 3Q: 1038, 1121, 1051 Cr; Net Profit last 3Q: 75, 69, 47 Cr",Debt: 806 Cr,,ROCE: 13%; EPS: 16.66; NPM: 6.24%,2026-08-15
JUBLPHARMA,,,,,,,,,,,Sales: 7918 Cr (YoY +9.5%); NetProfit: 430 Cr (YoY -48.6%); EPS: 27.16,"Sales last 3Q: 1901, 1966, 2122 Cr; Net Profit last 3Q: 102, 120, 56 Cr",Debt: 2883 Cr,,ROCE: 3%; EPS: 27.16; NPM: 5.43%,2026-08-15
JUNIORBEES,,,,,,,,,,,,,,,P/E: 20.78; ROE: N/A (see financials); Div Yield: 0.00%; Book Value: ₹N/A; Mkt Cap: N/A,2026-08-15
JUNIPER,,,,,,,,,,,"Sales: 1,048 Cr (YoY +11.0%); NetProfit: 142 Cr (YoY +100.0%); EPS: 6.36","Sales last 3Q: 230, 295, 301 Cr; Net Profit last 3Q: 17, 65, 50 Cr",,,"P/E: 26.4; ROCE: 8.05; ROE: 6.20; Div Yield: 0.00; Book Value: 129; Mkt Cap: 4,575",2026-06-22
JUSTDIAL,,,,,,,,,,,"Sales: 1,043 Cr (YoY +23.4%); NetProfit: 363 Cr (YoY +122.7%); EPS: 42.68","Sales last 3Q: 261, 265, 270 Cr; Net Profit last 3Q: 72, 92, 116 Cr",,,"P/E: 32.9; ROCE: 4.81; ROE: 3.63; Div Yield: 0.00; Book Value: 473; Mkt Cap: 4,592",2026-06-22
JWL,,,,,,,,,,,"Sales: 2,916 Cr (YoY -26.4%); NetProfit: 166 Cr (YoY -56.3%); EPS: 4.00","Sales last 3Q: 786, 890, 780 Cr; Net Profit last 3Q: 45, 62, 27 Cr",,,"P/E: 61.7; ROCE: 9.16; ROE: 6.39; Div Yield: 0.37; Book Value: 69.7; Mkt Cap: 11,306",2026-06-29
JYOTHYLAB,,,,,,,,,,,"Sales: 2,847 Cr (YoY +3.3%); NetProfit: 370 Cr (YoY +0.3%); EPS: 10.09","Sales last 3Q: 734, 704, 667 Cr; Net Profit last 3Q: 105, 87, 76 Cr",,,"P/E: 19.9; ROCE: 24.6; ROE: 19.0; Div Yield: 1.78; Book Value: 55.8; Mkt Cap: 7,275",2026-06-29
JYOTICNC,,,,,,,,,,,"Sales: 2,093 Cr (YoY +15.1%); NetProfit: 336 Cr (YoY +6.3%); EPS: 14.77","Sales last 3Q: 508, 576, 599 Cr; Net Profit last 3Q: 86, 89, 91 Cr",,,"P/E: 50.0; ROCE: 21.3; ROE: 18.2; Div Yield: 0.00; Book Value: 88.0; Mkt Cap: 16,783",2026-06-22
KABRAEXTRU,,,,,,,,,,,Sales: 490 Cr (YoY +8.6%); NetProfit: 1 Cr (YoY +120.0%); EPS: 0.14,"Sales last 3Q: 110.34, 120.15, 124.49 Cr; Net Profit last 3Q: -4.98, 6.90, -1.74 Cr",,,"P/E: 2,585; ROCE: 0.06; ROE: -1.91; Div Yield: 0.48; Book Value: 126; Mkt Cap: 1,809",2026-08-15
KAJARIACER,,,,,,,,,,,"Sales: 5,056 Cr (YoY +4.7%); NetProfit: 548 Cr (YoY +12.5%); EPS: 34.28","Sales last 3Q: 1,168, 1,373, 1,328 Cr; Net Profit last 3Q: 86, 157, 171 Cr",,,"P/E: 34.2; ROCE: 23.3; ROE: 17.9; Div Yield: 1.12; Book Value: 192; Mkt Cap: 19,696",2026-08-15
KALAMANDIR,,,,,,,,,,,,,,,"P/E: 30.8; Div Yield: 0.91; Mkt Cap: 1,676",2026-06-22
KALPATARU,,,,,,,,,,,"Sales: 3,436 Cr (YoY +54.6%); NetProfit: 80 Cr (YoY +220.0%); EPS: 4.55","Sales last 3Q: 794, 505, 1,694 Cr; Net Profit last 3Q: 5, -67, 194 Cr",,,"P/E: 66.2; ROCE: 1.34; ROE: 2.88; Div Yield: 0.00; Book Value: 200; Mkt Cap: 6,280",2026-06-29
KALYANKJIL,,,,,,,,,,,"Sales: 39,063 Cr (YoY +9.3%); NetProfit: 1,435 Cr (YoY +6.3%); EPS: 13.90","Sales last 3Q: 10,343, 10,275, 10,589 Cr; Net Profit last 3Q: 416, 410, 349 Cr",,,"P/E: 43.1; ROCE: 20.5; ROE: 24.8; Div Yield: 0.25; Book Value: 61.1; Mkt Cap: 63,117",2026-08-13
KAMATHOTEL,,,,,,,,,,,Sales: 386 Cr (YoY +8.1%); NetProfit: 39 Cr (YoY -17.0%); EPS: 14.49,"Sales last 3Q: 75, 118, 110 Cr; Net Profit last 3Q: -2, 19, 17 Cr",,,P/E: 12.1; ROCE: 15.8; ROE: 14.4; Div Yield: 0.00; Book Value: 107; Mkt Cap: 519,2026-06-22
KANPRPLA,,,,,,,,,,,Sales: 718 Cr (YoY +27.5%); NetProfit: 39 Cr (YoY +254.5%); EPS: 16.13,"Sales last 3Q: 165, 192, 180 Cr; Net Profit last 3Q: 8, 11, 15 Cr",,,P/E: 15.3; ROCE: 17.0; ROE: 14.9; Div Yield: 0.54; Book Value: 110; Mkt Cap: 540,2026-07-24
KANSAINER,,,,,,,,,,,"Sales: 8,052 Cr (YoY +2.9%); NetProfit: 576 Cr (YoY -48.1%); EPS: 7.29","Sales last 3Q: 1,954, 1,982, 1,954 Cr; Net Profit last 3Q: 133, 117, 110 Cr",,,"P/E: 29.5; ROCE: 12.0; ROE: 8.82; Div Yield: 1.18; Book Value: 83.0; Mkt Cap: 17,074",2026-06-22
KAPSTON,,,,,,,,,,,Sales: 830 Cr (YoY +20.5%); NetProfit: 28 Cr (YoY +55.6%); EPS: 9.24,"Sales last 3Q: 210.65, 212.66, 216.19 Cr; Net Profit last 3Q: 7.06, 7.43, 7.52 Cr",,,"P/E: 44.9; ROCE: 14.9; ROE: 27.4; Div Yield: 0.00; Book Value: 38.2; Mkt Cap: 1,264",2026-07-10
KARURVYSYA,,,,,,,,,,,,,,,P/E: 11.68; ROE: N/A (see financials); Div Yield: 0.78%; Book Value: ₹145.95; Mkt Cap: ₹32069 Cr,2026-08-15
KAYA,,,,,,,,,,,Sales: 222 Cr (YoY +2.3%); NetProfit: -96 Cr (YoY -214.3%); EPS: -63.32,"Sales last 3Q: 54, 60, 56 Cr; Net Profit last 3Q: -19, -36, -28 Cr",,,ROCE: -45.6; Div Yield: 0.00; Book Value: -101; Mkt Cap: 412,2026-07-22
KAYNES,,,,,,,,,,,"Sales: 3,626 Cr (YoY +33.2%); NetProfit: 364 Cr (YoY +24.2%); EPS: 54.28","Sales last 3Q: 906, 804, 1,243 Cr; Net Profit last 3Q: 121, 77, 91 Cr",,,"P/E: 59.2; ROCE: 13.2; ROE: 9.64; Div Yield: 0.00; Book Value: 708; Mkt Cap: 21,679",2026-06-29
KCP,,,,,,,,,,,"Sales: 2,576 Cr (YoY +1.9%); NetProfit: 276 Cr (YoY +9.1%); EPS: 15.29","Sales last 3Q: 602, 614, 684 Cr; Net Profit last 3Q: 49, 17, 121 Cr",,,"P/E: 10.7; ROCE: 12.2; ROE: 12.2; Div Yield: 0.15; Book Value: 138; Mkt Cap: 2,164",2026-06-22
KDDL,,,,,,,,,,,"Sales: 2,153 Cr (YoY +30.6%); NetProfit: 135 Cr (YoY -4.9%); EPS: 71.63","Sales last 3Q: 517, 597, 575 Cr; Net Profit last 3Q: 33, 38, 35 Cr",,,"P/E: 43.6; ROCE: 11.2; ROE: 8.94; Div Yield: 0.47; Book Value: 878; Mkt Cap: 3,893",2026-06-22
KEC,,,,,,,,,,,"Sales: 23,506 Cr (YoY +0.0%); NetProfit: 554 Cr (YoY -8.6%); EPS: 20.80","Sales last 3Q: 6,001, 6,390, 5,024 Cr; Net Profit last 3Q: 127, 193, 73 Cr",,,"P/E: 19.5; ROCE: 16.5; ROE: 11.4; Div Yield: 1.25; Book Value: 231; Mkt Cap: 11,710",2026-08-15
KECL,,,,,,,,,,,Sales: 589 Cr (YoY +8.3%); NetProfit: 8 Cr (YoY +100.0%); EPS: 1.26,"Sales last 3Q: 142.11, 151.42, 163.57 Cr; Net Profit last 3Q: 9.98, 4.10, -0.63 Cr",,,P/E: 109; ROCE: 14.6; ROE: 6.78; Div Yield: 0.00; Book Value: 19.8; Mkt Cap: 950,2026-07-28
KEI,,,,,,,,,,,Sales: 11748 Cr (YoY +20.7%); NetProfit: 918 Cr (YoY +31.9%); EPS: 96.07,"Sales last 4Q: 2590, 2726, 2955, 3476 Cr; Net Profit last 4Q: 196, 204, 235, 284 Cr",Debt: 253 Cr,,ROCE: 20%; EPS: 96.07; NPM: 7.81%,2026-08-15
KENNAMET,,,,,,,,,,,"Sales: 1,021 Cr (YoY +3.0%); NetProfit: 117 Cr (YoY +2.6%); EPS: 53.28","Sales last 3Q: 246, 269, 267 Cr; Net Profit last 3Q: 27, 28, 32 Cr",,,"P/E: 52.8; ROCE: 24.6; ROE: 18.4; Div Yield: 1.42; Book Value: 294; Mkt Cap: 6,177",2026-07-08
KERNEX,,,,,,,,,,,Sales: 430 Cr (YoY +126.3%); NetProfit: 88 Cr (YoY +76.0%); EPS: 52.58,"Sales last 3Q: 47, 73, 255 Cr; Net Profit last 3Q: 7, 6, 68 Cr",,,"P/E: 39.1; ROCE: 47.8; ROE: 43.5; Div Yield: 0.00; Book Value: 148; Mkt Cap: 3,453",2026-06-29
KFINTECH,,,,,,,,,,,"Sales: 1,301 Cr (YoY +19.2%); NetProfit: 344 Cr (YoY +3.3%); EPS: 19.92","Sales last 3Q: 309, 371, 347 Cr; Net Profit last 3Q: 93, 92, 81 Cr",,,"P/E: 44.8; ROCE: 30.5; ROE: 22.9; Div Yield: 1.31; Book Value: 97.0; Mkt Cap: 15,820",2026-06-22
KILITCH,,,,,,,,,,,Sales: 235 Cr (YoY +18.7%); NetProfit: 30 Cr (YoY +20.0%); EPS: 8.63,"Sales last 3Q: 49, 54, 90 Cr; Net Profit last 3Q: 8, 4, 15 Cr",,,P/E: 22.0; ROCE: 14.4; ROE: 12.5; Div Yield: 0.00; Book Value: 80.0; Mkt Cap: 665,2026-06-22
KIMS,,,,,,,,,,,"Sales: 4,212 Cr (YoY +7.9%); NetProfit: 194 Cr (YoY -19.8%); EPS: 5.05","Sales last 3Q: 998, 1,075, 1,180 Cr; Net Profit last 3Q: 52, 33, 37 Cr",,,"P/E: 163; ROCE: 9.50; ROE: 11.3; Div Yield: 0.00; Book Value: 56.2; Mkt Cap: 33,983",2026-08-15
KIOCL,,,,,,,,,,,Sales: 640 Cr (YoY +8.3%); NetProfit: -74 Cr (YoY +63.9%); EPS: -1.21,"Sales last 3Q: 91, 143, 160 Cr; Net Profit last 3Q: -38, -17, 18 Cr",Debt: 185 Cr,,ROCE: -9%; EPS: -1.21; NPM: -11.56%,2026-08-15
KIRIINDUS,,,,,,,,,,,"Sales: 840 Cr (YoY +13.5%); NetProfit: 5,567 Cr (YoY +2000.8%); EPS: 927.47","Sales last 3Q: 213, 174, 250 Cr; Net Profit last 3Q: 20, 5,023, 514 Cr",,,"ROCE: -1.69; ROE: -2.05; Div Yield: 0.00; Book Value: 1,072; Mkt Cap: 2,499",2026-06-29
KIRLFER,,,,,,,,,,,"Sales: 6,889 Cr (YoY +5.0%); NetProfit: 507 Cr (YoY +72.4%); EPS: 30.76","Sales last 3Q: 1,755, 1,618, 1,817 Cr; Net Profit last 3Q: 86, 55, 126 Cr",,,"P/E: 14.9; ROCE: 13.4; ROE: 14.5; Div Yield: 1.25; Book Value: 234; Mkt Cap: 7,916",2026-07-20
KIRLOSBROS,,,,,,,,,,,"Sales: 4,538 Cr (YoY +1.0%); NetProfit: 377 Cr (YoY -10.0%); EPS: 47.04","Sales last 3Q: 1,028, 1,116, 1,415 Cr; Net Profit last 3Q: 72, 125, 112 Cr",,,"P/E: 36.5; ROCE: 20.8; ROE: 17.7; Div Yield: 0.38; Book Value: 310; Mkt Cap: 14,751",2026-06-18
KIRLOSENG,,,,,,,,,,,Sales: 7334 Cr (YoY +15.5%); NetProfit: 534 Cr (YoY +12.2%); EPS: 37.64,"Sales last 3Q: 1764, 1948, 1873 Cr; Net Profit last 3Q: 139, 159, 109 Cr",Debt: 5526 Cr,,ROCE: 18%; EPS: 37.64; NPM: 7.28%,2026-08-15
KIRLOSIND,,,,,,,,,,,"Sales: 6,939 Cr (YoY +4.7%); NetProfit: 354 Cr (YoY +14.9%); EPS: 151.22","Sales last 3Q: 1,782, 1,624, 1,827 Cr; Net Profit last 3Q: 98, 49, 110 Cr",,,"P/E: 27.9; ROCE: 6.98; ROE: 2.61; Div Yield: 0.30; Book Value: 5,881; Mkt Cap: 4,535",2026-06-22
KIRLPNU,,,,,,,,,,,Sales: 1787 Cr (YoY +9%); NetProfit: 254 Cr (YoY +20.4%); EPS: 39.43,"Sales last 3Q: 386, 407, 712 Cr; Net Profit last 3Q: 44, 42, 144 Cr",Debt: 3 Cr,,ROCE: 30%; EPS: 39.43; NPM: 14.21%,2026-08-15
KISSHT,,,,,,,,,,,"Sales: 2,179 Cr (YoY +61.2%); NetProfit: 281 Cr (YoY +74.5%); EPS: 23.70","Sales last 3Q: 369, 591, 619 Cr; Net Profit last 3Q: 54, 77, 82 Cr",,,"P/E: 18.9; ROCE: 22.6; ROE: 24.0; Div Yield: 0.00; Mkt Cap: 5,331",2026-07-20
KITEX,,,,,,,,,,,Sales: 667 Cr (YoY -32.1%); NetProfit: -13 Cr (YoY -109.6%); EPS: 0.30,"Sales last 3Q: 122.10, 181.99, 166.17 Cr; Net Profit last 3Q: -6.22, -17.00, -9.28 Cr",,,"P/E: 325; ROCE: 1.53; ROE: 0.97; Div Yield: 0.31; Book Value: 51.6; Mkt Cap: 3,260",2026-06-22
KKCL,,,,,,,,,,,"Sales: 1,213 Cr (YoY +20.9%); NetProfit: 152 Cr (YoY +2.0%); EPS: 23.03","Sales last 3Q: 354, 301, 324 Cr; Net Profit last 3Q: 47, 38, 35 Cr",,,"P/E: 22.1; ROCE: 18.1; ROE: 16.1; Div Yield: 0.79; Book Value: 152; Mkt Cap: 3,132",2026-07-03
KLBRENG-B,,,,,,,,,,,Sales: 629 Cr (YoY +48.3%); NetProfit: 96 Cr (YoY +54.8%); EPS: 18.16,"Sales last 3Q: 154, 157, 189 Cr; Net Profit last 3Q: 27, 23, 25 Cr",,,"P/E: 25.7; ROCE: 23.2; ROE: 17.1; Div Yield: 0.44; Book Value: 124; Mkt Cap: 2,473",2026-07-10
KMEW,,,,,,,,,,,Sales: 323 Cr (YoY +26.2%); NetProfit: 131 Cr (YoY +65.8%); EPS: 53.45,"Sales last 3Q: 90, 68, 115 Cr; Net Profit last 3Q: 33, 24, 63 Cr",,,"P/E: 53.5; ROCE: 16.4; ROE: 20.0; Div Yield: 0.00; Book Value: 233; Mkt Cap: 6,926",2026-08-15
KNRCON,,,,,,,,,,,"Sales: 2,698 Cr (YoY -43.2%); NetProfit: 437 Cr (YoY -56.4%); EPS: 15.54","Sales last 3Q: 646, 743, 696 Cr; Net Profit last 3Q: 105, 103, 106 Cr",,,"P/E: 9.06; ROCE: 10.4; ROE: 9.19; Div Yield: 0.18; Book Value: 177; Mkt Cap: 3,961",2026-06-22
KOLTEPATIL,,,,,,,,,,,Sales: 735 Cr (YoY -57.2%); NetProfit: -38 Cr (YoY -134.9%); EPS: -4.36,"Sales last 3Q: 139, 265, 249 Cr; Net Profit last 3Q: -11, 4, -15 Cr",,,"ROCE: -0.32; ROE: -4.36; Div Yield: 0.00; Book Value: 136; Mkt Cap: 3,318",2026-07-20
KOTAKBANK,,,,,,,,,,,"Sales: 70,887 Cr (YoY +1.6%); NetProfit: 20,296 Cr (YoY +5.2%); EPS: 20.40","Sales last 3Q: 17,507, 17,827, 18,355 Cr; Net Profit last 3Q: 4,924, 5,423, 5,480 Cr",,,"P/E: 19.4; ROCE: 6.98; ROE: 11.4; Div Yield: 0.17; Book Value: 182; Mkt Cap: 3,89,091",2026-08-15
KOTHARIPET,,,,,,,,,,,,,,,P/E: 82.0; ROCE: 18.0; ROE: 14.2; Div Yield: 0.76; Book Value: 11.6; Mkt Cap: 776,2026-07-03
KOTIC,,,,,,,,,,,Sales: 178 Cr (YoY +104.6%); NetProfit: -72 Cr (YoY -350.0%); EPS: -6.68,"Sales last 3Q: 49, 51, 45 Cr; Net Profit last 3Q: -7, -19, -32 Cr",,,"ROCE: -28.9; ROE: -35.0; Div Yield: 0.00; Book Value: 21.4; Mkt Cap: 1,730",2026-07-06
KPEL,,,,,,,,,,,"Sales: 1,497 Cr (YoY +59.9%); NetProfit: 181 Cr (YoY +57.4%); EPS: 26.84","Sales last 3Q: 301, 345, 632 Cr; Net Profit last 3Q: 36, 41, 79 Cr",,,"P/E: 13.1; ROCE: 39.2; ROE: 43.4; Div Yield: 0.18; Book Value: 77.4; Mkt Cap: 2,383",2026-06-22
KPIGREEN,,,,,,,,,,,"Sales: 2,787 Cr (YoY +3.4%); NetProfit: 493 Cr (YoY -3.1%); EPS: 23.19","Sales last 3Q: 663, 796, 694 Cr; Net Profit last 3Q: 126, 155, 95 Cr",,,"P/E: 13.8; ROCE: 13.8; ROE: 17.4; Div Yield: 0.20; Book Value: 154; Mkt Cap: 6,306",2026-08-15
KPIL,,,,,,,,,,,"Sales: 27,380 Cr (YoY +0.9%); NetProfit: 1,129 Cr (YoY +9.5%); EPS: 66.56","Sales last 3Q: 6,665, 7,778, 6,408 Cr; Net Profit last 3Q: 149, 431, 312 Cr",,,"P/E: 20.8; ROCE: 18.3; ROE: 13.7; Div Yield: 0.81; Book Value: 455; Mkt Cap: 23,092",2026-08-15
KPITTECH,,,,,,,,,,,"Sales: 6,591 Cr (YoY +2.1%); NetProfit: 582 Cr (YoY -8.6%); EPS: 21.25","Sales last 3Q: 1,617, 1,711, 1,675 Cr; Net Profit last 3Q: 133, 163, 116 Cr",,,"P/E: 27.0; ROCE: 26.3; ROE: 20.9; Div Yield: 1.22; Book Value: 129; Mkt Cap: 16,832",2026-08-15
KPL,,,,,,,,,,,Sales: 554 Cr (YoY +10.1%); NetProfit: 81 Cr (YoY +20.9%); EPS: 78.11,"Sales last 3Q: 123, 157, 162 Cr; Net Profit last 3Q: 16, 25, 26 Cr",,,"P/E: 39.9; ROCE: 24.2; ROE: 22.8; Div Yield: 0.00; Book Value: 320; Mkt Cap: 3,255",2026-08-10
KPRMILL,,,,,,,,,,,"Sales: 6,820 Cr (YoY +2.6%); NetProfit: 912 Cr (YoY +5.3%); EPS: 26.69","Sales last 3Q: 1,467, 1,785, 1,936 Cr; Net Profit last 3Q: 209, 227, 259 Cr",,,"P/E: 41.6; ROCE: 19.6; ROE: 15.7; Div Yield: 0.45; Book Value: 167; Mkt Cap: 37,941",2026-08-15
KRBL,,,,,,,,,,,"Sales: 6,009 Cr (YoY -1.5%); NetProfit: 758 Cr (YoY +17.0%); EPS: 33.13","Sales last 3Q: 1,477, 1,526, 1,496 Cr; Net Profit last 3Q: 170, 155, 261 Cr",,,"P/E: 11.7; ROCE: 15.2; ROE: 11.7; Div Yield: 0.91; Book Value: 254; Mkt Cap: 8,844",2026-08-15
KRISHANA,,,,,,,,,,,Sales: 2418 Cr (YoY +78.5%); NetProfit: 180 Cr (YoY +106.9%); EPS: 29.75,"Sales last 4Q: 396, 608, 659, 755 Cr; Net Profit last 4Q: 31, 33, 33, 83 Cr",Debt: 733 Cr,,ROCE: 27%; EPS: 29.75; NPM: 7.44%,2026-08-15
KRISHIVAL,,,,,,,,,,,Sales: 293 Cr (YoY +45.0%); NetProfit: 22 Cr (YoY +57.1%); EPS: 8.38,"Sales last 3Q: 66.67, 74.41, 102.07 Cr; Net Profit last 3Q: 5.80, 6.41, 5.59 Cr",,,P/E: 46.1; ROCE: 16.2; ROE: 13.1; Div Yield: 0.06; Book Value: 75.2; Mkt Cap: 991,2026-07-22
KRISHNADEF,,,,,,,,,,,Sales: 245 Cr (YoY +28.9%); NetProfit: 41 Cr (YoY +86.4%); EPS: 27.67,"Sales last 3Q: 48, 64, 65 Cr; Net Profit last 3Q: 9, 10, 13 Cr",,,"P/E: 45.0; ROCE: 30.7; ROE: 25.4; Div Yield: 0.08; Book Value: 130; Mkt Cap: 1,857",2026-06-29
KRN,,,,,,,,,,,Sales: 552 Cr (YoY +28.4%); NetProfit: 68 Cr (YoY +28.3%); EPS: 10.94,"Sales last 3Q: 115, 152, 153 Cr; Net Profit last 3Q: 12, 18, 23 Cr",Debt: 30 Cr,,ROCE: 21%; EPS: 10.94; NPM: 12.32%,2026-08-15
KRONOX,,,,,,,,,,,,,,,P/E: 21.22; ROE: 26.82%; Div Yield: 0.00%; Book Value: ₹31.64; Mkt Cap: ₹587 Cr,2026-06-17
KROSS,,,,,,,,,,,,,,,P/E: 22.85; ROE: 11.95%; Div Yield: 0.00%; Book Value: ₹75.92; Mkt Cap: ₹1262 Cr,2026-06-22
KRSNAA,,,,,,,,,,,Sales: 773 Cr (YoY +7.8%); NetProfit: 101 Cr (YoY +29.5%); EPS: 31.27,"Sales last 3Q: 206, 181, 193 Cr; Net Profit last 3Q: 24, 15, 42 Cr",,,"P/E: 17.4; ROCE: 12.7; ROE: 10.9; Div Yield: 0.50; Book Value: 302; Mkt Cap: 1,765",2026-07-24
KRYSTAL,,,,,,,,,,,"Sales: 1,277 Cr (YoY +5.9%); NetProfit: 64 Cr (YoY +1.6%); EPS: 46.06","Sales last 3Q: 283, 306, 365 Cr; Net Profit last 3Q: 13, 16, 19 Cr",,,P/E: 13.1; ROCE: 15.9; ROE: 13.7; Div Yield: 0.25; Book Value: 357; Mkt Cap: 845,2026-07-03
KSB,,,,,,,,,,,Sales: 2696 Cr (YoY +6.4%); NetProfit: 270 Cr (YoY +9.3%); EPS: 15.54,"Sales last 3Q: 667, 650, 784 Cr; Net Profit last 3Q: 70, 68, 81 Cr",Debt: 5 Cr,,ROCE: 25%; EPS: 15.54; NPM: 10.01%,2026-08-15
KSCL,,,,,,,,,,,"Sales: 1,395 Cr (YoY +16.1%); NetProfit: 296 Cr (YoY +5.0%); EPS: 57.51","Sales last 3Q: 219, 210, 107 Cr; Net Profit last 3Q: -16, 13, -28 Cr",,,"P/E: 16.2; ROCE: 18.8; ROE: 18.2; Div Yield: 0.54; Book Value: 342; Mkt Cap: 4,788",2026-06-23
KSHINTL,,,,,,,,,,,,,,,P/E: 53.77; ROE: 19.90%; Div Yield: 0.00%; Book Value: ₹119.36; Mkt Cap: ₹6969 Cr,2026-08-15
KSL,,,,,,,,,,,"Sales: 1,846 Cr (YoY -6.9%); NetProfit: 258 Cr (YoY +0.8%); EPS: 59.07","Sales last 3Q: 456, 462, 484 Cr; Net Profit last 3Q: 63, 62, 72 Cr",,,"P/E: 14.9; ROCE: 14.8; ROE: 13.2; Div Yield: 1.11; Book Value: 482; Mkt Cap: 3,921",2026-07-08
KSOLVES,,,,,,,,,,,Sales: 166 Cr (YoY +1.8%); NetProfit: 37 Cr (YoY +8.8%); EPS: 15.65,"Sales last 3Q: 42.30, 43.03, 41.44 Cr; Net Profit last 3Q: 9.80, 9.69, 9.21 Cr",,,P/E: 19.0; ROCE: 131; ROE: 137; Div Yield: 5.19; Book Value: 12.4; Mkt Cap: 707,2026-07-16
KTKBANK,,,,,,,,,,,"Sales: 9,039 Cr (YoY +1.4%); NetProfit: 1,437 Cr (YoY +9.6%); EPS: 38.01","Sales last 3Q: 2,220, 2,257, 2,383 Cr; Net Profit last 3Q: 291, 408, 419 Cr",,,"P/E: 8.15; ROCE: 6.06; ROE: 10.4; Div Yield: 1.61; Book Value: 350; Mkt Cap: 11,714",2026-08-15
LALPATHLAB,,,,,,,,,,,"Sales: 2,891 Cr (YoY +4.6%); NetProfit: 546 Cr (YoY +7.1%); EPS: 32.34","Sales last 3Q: 660, 703, 798 Cr; Net Profit last 3Q: 91, 132, 170 Cr",,,"P/E: 53.9; ROCE: 28.0; ROE: 22.3; Div Yield: 0.78; Book Value: 150; Mkt Cap: 30,285",2026-07-28
LANDMARK,,,,,,,,,,,"Sales: 4,896 Cr (YoY +21.6%); NetProfit: 38 Cr (YoY +123.5%); EPS: 9.00","Sales last 3Q: 1,211, 1,345, 1,279 Cr; Net Profit last 3Q: 2, 14, 15 Cr",,,"P/E: 47.4; ROCE: 9.26; ROE: 6.86; Div Yield: 0.11; Book Value: 141; Mkt Cap: 1,851",2026-06-23
LAOPALA,,,,,,,,,,,,,,,P/E: 22.09; ROE: 11.22%; Div Yield: 4.13%; Book Value: ₹72.16; Mkt Cap: ₹2042 Cr,2026-06-23
LATENTVIEW,,,,,,,,,,,"Sales: 1,060 Cr (YoY +25.0%); NetProfit: 202 Cr (YoY +16.8%); EPS: 9.57","Sales last 3Q: 258, 278, 289 Cr; Net Profit last 3Q: 46, 51, 55 Cr",,,"P/E: 29.7; ROCE: 16.0; ROE: 12.2; Div Yield: 0.00; Book Value: 84.8; Mkt Cap: 5,884",2026-06-29
LAURUSLABS,,,,,,,,,,,Sales: 6813 Cr (YoY +22.7%); NetProfit: 890 Cr (YoY +148.6%); EPS: 16.46,"Sales last 4Q: 1570, 1653, 1778, 1812 Cr; Net Profit last 4Q: 162, 194, 252, 282 Cr",Debt: 2518 Cr,,ROCE: 16%; EPS: 16.46; NPM: 13.06%,2026-08-15
LAXMIDENTL,,,,,,,,,,,Sales: 278 Cr (YoY +16.3%); NetProfit: 29 Cr (YoY -9.4%); EPS: 5.27,"Sales last 3Q: 72, 66, 74 Cr; Net Profit last 3Q: 9, 2, 10 Cr",,,"P/E: 37.5; ROCE: 14.9; ROE: 14.8; Div Yield: 0.00; Book Value: 44.3; Mkt Cap: 1,253",2026-07-03
LEMONTREE,,,,,,,,,,,"Sales: 1,444 Cr (YoY +12.3%); NetProfit: 288 Cr (YoY +18.5%); EPS: 2.87","Sales last 3Q: 306, 406, 416 Cr; Net Profit last 3Q: 42, 82, 116 Cr",,,"P/E: 38.0; ROCE: 14.0; ROE: 19.4; Div Yield: 0.00; Book Value: 17.6; Mkt Cap: 9,421",2026-06-23
LENSKART,,,,,,,,,,,"Sales: 8,814 Cr (YoY +32.5%); NetProfit: 501 Cr (YoY +68.7%); EPS: 2.84","Sales last 3Q: 2,096, 2,308, 2,516 Cr; Net Profit last 3Q: 103, 133, 204 Cr",,,"P/E: 178; ROCE: 8.44; ROE: 6.86; Div Yield: 0.00; Book Value: 50.3; Mkt Cap: 89,353",2026-06-23
LGEINDIA,,,,,,,,,,,,,,,P/E: 63.86; ROE: 24.72%; Div Yield: 0.00%; Book Value: ₹112.98; Mkt Cap: ₹107979 Cr,2026-06-23
LIBERTSHOE,,,,,,,,,,,Sales: 497 Cr (YoY +9.5%); NetProfit: 6 Cr (YoY -40.0%); EPS: 3.75,"Sales last 3Q: 44.78, 62.64, 66.36 Cr; Net Profit last 3Q: 3.36, 4.61, 3.52 Cr",,,P/E: 68.2; ROCE: 8.81; ROE: 4.23; Div Yield: 0.00; Book Value: 95.2; Mkt Cap: 459,2026-06-25
LICHSGFIN,,,,,,,,,,,"Sales: 28,562 Cr (YoY -1.0%); NetProfit: 5,739 Cr (YoY +2.4%); EPS: 104.33","Sales last 3Q: 7,206, 7,094, 7,083 Cr; Net Profit last 3Q: 1,398, 1,493, 1,499 Cr",,,"P/E: 4.79; ROCE: 8.59; ROE: 14.4; Div Yield: 2.00; Book Value: 753; Mkt Cap: 27,503",2026-08-15
LICI,,,,,,,,,,,"Sales: 994,088 Cr (YoY +1.7%); NetProfit: 60,055 Cr (YoY +4.5%); EPS: 47.49","Sales last 3Q: 235,954, 276,744, 239,866 Cr; Net Profit last 3Q: 12,908, 23,467, 13,584 Cr",,,"P/E: 8.71; ROCE: 35.1; ROE: 37.8; Div Yield: 2.42; Book Value: 0.00; Mkt Cap: 5,23,077",2026-08-15
LICMFGOLD,,,,,,,,,,,,,,,P/E: N/A; ROE: N/A (see financials); Div Yield: 0.00%; Book Value: ₹N/A; Mkt Cap: N/A,2026-06-29
LINC,,,,,,,,,,,Sales: 543 Cr (YoY +0.0%); NetProfit: 33 Cr (YoY -13.2%); EPS: 5.50,"Sales last 3Q: 139, 129, 138 Cr; Net Profit last 3Q: 8, 7, 10 Cr",,,P/E: 21.6; ROCE: 19.2; ROE: 13.3; Div Yield: 1.27; Book Value: 43.3; Mkt Cap: 705,2026-06-24
LINCOLN,,,,,,,,,,,Sales: 671 Cr (YoY +7.7%); NetProfit: 88 Cr (YoY +7.3%); EPS: 43.88,"Sales last 3Q: 163, 166, 187 Cr; Net Profit last 3Q: 20, 29, 12 Cr",,,"P/E: 14.4; ROCE: 16.3; ROE: 12.3; Div Yield: 0.29; Book Value: 378; Mkt Cap: 1,270",2026-06-25
LINDEINDIA,,,,,,,,,,,"Sales: 2,654 Cr (YoY +4.9%); NetProfit: 546 Cr (YoY -0.5%); EPS: 64.06","Sales last 3Q: 701, 614, 694 Cr; Net Profit last 3Q: 193, 77, 105 Cr",,,"P/E: 105; ROCE: 18.2; ROE: 13.6; Div Yield: 0.06; Book Value: 500; Mkt Cap: 57,103",2026-08-15
LIQGRWBEES,,,,,,,,,,,,,,,P/E: N/A; ROE: N/A (see financials); Div Yield: 0.00%; Book Value: ₹N/A; Mkt Cap: N/A,2026-07-03
LIQUID,,,,,,,,,,,,,,,P/E: N/A; ROE: N/A (see financials); Div Yield: 0.00%; Book Value: ₹N/A; Mkt Cap: N/A,2026-06-23
LIQUID1,,,,,,,,,,,,,,,P/E: N/A; ROE: N/A (see financials); Div Yield: 0.00%; Book Value: ₹N/A; Mkt Cap: N/A,2026-06-29
LIQUIDADD,,,,,,,,,,,,,,,P/E: N/A; ROE: N/A (see financials); Div Yield: 0.00%; Book Value: ₹N/A; Mkt Cap: N/A,2026-08-15
LIQUIDBEES,,,,,,,,,,,,,,,P/E: N/A; ROE: N/A (see financials); Div Yield: 0.00%; Book Value: ₹N/A; Mkt Cap: N/A,2026-06-23
LIQUIDBETF,,,,,,,,,,,,,,,P/E: N/A; ROE: N/A (see financials); Div Yield: 0.00%; Book Value: ₹N/A; Mkt Cap: N/A,2026-08-15
LIQUIDCASE,,,,,,,,,,,,,,,P/E: N/A; ROE: N/A (see financials); Div Yield: 0.00%; Book Value: ₹N/A; Mkt Cap: N/A,2026-07-07
LIQUIDETF,,,,,,,,,,,,,,,P/E: N/A; ROE: N/A (see financials); Div Yield: 0.00%; Book Value: ₹N/A; Mkt Cap: N/A,2026-08-15
LIQUIDIETF,,,,,,,,,,,,,,,P/E: N/A; ROE: N/A (see financials); Div Yield: 0.00%; Book Value: ₹N/A; Mkt Cap: N/A,2026-08-15
LIQUIDPLUS,,,,,,,,,,,,,,,P/E: N/A; ROE: N/A (see financials); Div Yield: 0.00%; Book Value: ₹N/A; Mkt Cap: N/A,2026-06-18
LLOYDSENT,,,,,,,,,,,Sales: 1526 Cr (YoY +2.6%); NetProfit: 373 Cr (YoY +203.3%); EPS: 1.66,"Sales last 3Q: 331, 407, 299 Cr; Net Profit last 3Q: 249, 62, 38 Cr",Debt: 671 Cr,,ROCE: 1%; EPS: 1.66; NPM: 24.44%,2026-08-15
LLOYDSME,,,,,,,,,,,"Sales: 22,084 Cr (YoY +29.0%); NetProfit: 4,921 Cr (YoY +28.5%); EPS: 86.00","Sales last 3Q: 5,058, 6,020, 7,354 Cr; Net Profit last 3Q: 1,090, 1,530, 1,734 Cr",,,"P/E: 22.7; ROCE: 27.3; ROE: 36.6; Div Yield: 0.05; Book Value: 246; Mkt Cap: 1,07,999",2026-08-15
LODHA,,,,,,,,,,,Sales: 16676 Cr (YoY +21%); NetProfit: 3431 Cr (YoY +24%); EPS: 34.32,"Sales last 3Q: 3798, 4672, 4714 Cr; Net Profit last 3Q: 790, 958, 1008 Cr",Debt: 9896 Cr,,ROCE: 15%; EPS: 34.32; NPM: 20.57%,2026-08-15
LORDSCHLO,,,,,,,,,,,,,,,P/E: 13.72; ROE: N/A (see financials); Div Yield: 0.00%; Book Value: ₹84.54; Mkt Cap: ₹433 Cr,2026-07-28
LOTUSDEV,,,,,,,,,,,Sales: 769 Cr (YoY +40.3%); NetProfit: 243 Cr (YoY +6.6%); EPS: 4.85,"Sales last 3Q: 176, 224, 308 Cr; Net Profit last 3Q: 46, 70, 101 Cr",,,"P/E: 29.8; ROCE: 21.2; ROE: 16.7; Div Yield: 0.00; Book Value: 39.1; Mkt Cap: 7,074",2026-06-23
LOTUSEYE,,,,,,,,,,,,,,,P/E: 3064.25; ROE: 0.13%; Div Yield: 0.00%; Book Value: ₹28.23; Mkt Cap: ₹255 Cr,2026-07-16
LT,,,,,,,,,,,"Sales: 285,874 Cr (YoY +11.8%); NetProfit: 18,954 Cr (YoY +7.2%); EPS: 116.92","Sales last 3Q: 67,984, 71,450, 82,762 Cr; Net Profit last 3Q: 4,678, 3,825, 6,133 Cr",,,"P/E: 35.5; ROCE: 14.6; ROE: 15.9; Div Yield: 0.89; Book Value: 794; Mkt Cap: 5,82,608",2026-06-18
LTF,,,,,,,,,,,"Sales: 18,898 Cr (YoY +5.5%); NetProfit: 3,198 Cr (YoY +7.2%); EPS: 12.71","Sales last 3Q: 4,578, 4,771, 5,213 Cr; Net Profit last 3Q: 738, 809, 916 Cr",,,"P/E: 24.0; ROCE: 8.40; ROE: 11.2; Div Yield: 0.90; Book Value: 112; Mkt Cap: 76,760",2026-08-15
LTFOODS,,,,,,,,,,,"Sales: 10,946 Cr (YoY +26.1%); NetProfit: 625 Cr (YoY +2.1%); EPS: 18.01","Sales last 3Q: 2,766, 2,809, 2,907 Cr; Net Profit last 3Q: 164, 157, 136 Cr",,,"P/E: 21.1; ROCE: 17.7; ROE: 14.9; Div Yield: 0.79; Book Value: 130; Mkt Cap: 13,173",2026-06-23
LTM,,,,,,,,,,,"Sales: 42,308 Cr (YoY +11.3%); NetProfit: 4,983 Cr (YoY +8.3%); EPS: 169.25","Sales last 3Q: 10,394, 10,781, 11,292 Cr; Net Profit last 3Q: 1,381, 960, 1,387 Cr",,,"P/E: 20.2; ROCE: 29.6; ROE: 23.1; Div Yield: 1.97; Book Value: 810; Mkt Cap: 1,09,470",2026-06-29
LTTS,,,,,,,,,,,"Sales: 11,565 Cr (YoY +5.2%); NetProfit: 1,322 Cr (YoY +3.2%); EPS: 124.51","Sales last 3Q: 2,787, 2,858, 2,940 Cr; Net Profit last 3Q: 303, 333, 357 Cr",,,"P/E: 27.4; ROCE: 26.7; ROE: 21.5; Div Yield: 1.67; Book Value: 611; Mkt Cap: 36,881",2026-08-15
LUMAXIND,,,,,,,,,,,Sales: 3907 Cr (YoY +14.9%); NetProfit: 162 Cr (YoY +15.7%); EPS: 173.69,"Sales last 4Q: 923, 923, 1009, 1053 Cr; Net Profit last 4Q: 44, 36, 36, 47 Cr",Debt: 989 Cr,,ROCE: 13%; EPS: 173.69; NPM: 4.15%,2026-08-15
LUMAXTECH,,,,,,,,,,,Sales: 4586 Cr (YoY +26.1%); NetProfit: 319 Cr (YoY +39.3%); EPS: 36.56,"Sales last 4Q: 1133, 1026, 1156, 1271 Cr; Net Profit last 4Q: 80, 54, 78, 108 Cr",Debt: 1111 Cr,,ROCE: 11%; EPS: 36.56; NPM: 6.96%,2026-08-15
LUPIN,,,,,,,,,,,Sales: 26150 Cr (YoY +15.2%); NetProfit: 4669 Cr (YoY +41.2%); EPS: 101.7,"Sales last 4Q: 5667, 6268, 7048, 7168 Cr; Net Profit last 4Q: 782, 1221, 1485, 1181 Cr",Debt: 6217 Cr,,ROCE: 22%; EPS: 101.7; NPM: 17.85%,2026-08-15
LUXIND,,,,,,,,,,,Sales: 2873 Cr (YoY +11.2%); NetProfit: 107 Cr (YoY -35.2%); EPS: 35.92,"Sales last 3Q: 604, 779, 673 Cr; Net Profit last 3Q: 23, 23, 13 Cr",Debt: 575 Cr,,ROCE: 13%; EPS: 35.92; NPM: 3.72%,2026-08-15
LXCHEM,,,,,,,,,,,"Sales: 2,847 Cr (YoY -4.6%); NetProfit: 79 Cr (YoY -30.7%); EPS: 2.86","Sales last 3Q: 700, 719, 735 Cr; Net Profit last 3Q: 11, 25, 22 Cr",,,"P/E: 56.5; ROCE: 4.69; ROE: 4.08; Div Yield: 0.19; Book Value: 71.6; Mkt Cap: 4,485",2026-06-23
M&M,,,,,,,,,,,"Sales: 198,639 Cr (YoY +24.8%); NetProfit: 18,622 Cr (YoY +32.3%); EPS: 137.50","Sales last 3Q: 46,106, 52,100, 54,982 Cr; Net Profit last 3Q: 3,964, 5,021, 5,260 Cr",,,"P/E: 22.4; ROCE: 15.4; ROE: 20.8; Div Yield: 1.04; Book Value: 749; Mkt Cap: 3,95,703",2026-06-25
M&MFIN,,,,,,,,,,,"Sales: 21,733 Cr (YoY +3.3%); NetProfit: 3,260 Cr (YoY +13.9%); EPS: 23.40","Sales last 3Q: 5,450, 5,539, 5,718 Cr; Net Profit last 3Q: 826, 940, 927 Cr",,,"P/E: 16.2; ROCE: 8.72; ROE: 12.3; Div Yield: 1.92; Book Value: 192; Mkt Cap: 54,223",2026-08-15
MAANALU,,,,,,,,,,,EPS: 0.14,"Sales last 3Q: 10.83, 7.60 Cr; Net Profit last 3Q: 0.16, -0.24 Cr",,,P/E: 940; ROE: 2.90; Div Yield: 0.00; Book Value: 4.81; Mkt Cap: 715,2026-07-29
MACPOWER,,,,,,,,,,,,"Sales last 3Q: 6,896.91 Cr; Net Profit last 3Q: -1,153.26 Cr",,,"Div Yield: 0.13; Mkt Cap: 1,183",2026-06-20
MAFANG,,,,,,,,,,,,,,,P/E: 33.89; ROE: N/A (see financials); Div Yield: 0.00%; Book Value: ₹N/A; Mkt Cap: N/A,2026-06-18
MAFATIND,,,,,,,,,,,"Sales: 3,871 Cr (YoY +37.9%); NetProfit: 89 Cr (YoY -9.2%); EPS: 12.47","Sales last 3Q: 1,030, 717, 884 Cr; Net Profit last 3Q: 22, 4, 18 Cr",,,P/E: 10.8; ROCE: 12.9; ROE: 12.2; Div Yield: 1.82; Book Value: 107; Mkt Cap: 997,2026-07-10
MAGADSUGAR,,,,,,,,,,,,,,,P/E: 11.86; ROE: 7.41%; Div Yield: 2.50%; Book Value: ₹624.62; Mkt Cap: ₹754 Cr,2026-08-03
MAHABANK,,,,,,,,,,,"Sales: 30,262 Cr (YoY +3.3%); NetProfit: 7,536 Cr (YoY +7.4%); EPS: 9.80","Sales last 3Q: 7,344, 7,755, 8,035 Cr; Net Profit last 3Q: 1,799, 2,045, 2,023 Cr",,,"P/E: 8.18; ROCE: 6.03; ROE: 22.6; Div Yield: 2.75; Book Value: 46.4; Mkt Cap: 61,625",2026-08-15
MAHEPC,,,,,,,,,,,Sales: 312 Cr (YoY +14.3%); NetProfit: 13 Cr (YoY +85.7%); EPS: 4.54,"Sales last 3Q: 49.58, 93.47, 107.00 Cr; Net Profit last 3Q: 0.43, 6.49, 4.79 Cr",,,P/E: 23.8; ROCE: 10.3; ROE: 7.93; Div Yield: 0.00; Book Value: 66.2; Mkt Cap: 338,2026-06-25
MAHLIFE,,,,,,,,,,,"Sales: 1,178 Cr (YoY +216.7%); NetProfit: 298 Cr (YoY +388.5%); EPS: 13.97","Sales last 3Q: 18, 459, 670 Cr; Net Profit last 3Q: 48, 109, 90 Cr",,,"P/E: 28.1; ROCE: 7.64; ROE: 9.90; Div Yield: 0.97; Book Value: 170; Mkt Cap: 7,681",2026-06-23
MAHLOG,,,,,,,,,,,Sales: 6999 Cr (YoY +14.6%); NetProfit: 11 Cr (YoY +136.7%); EPS: 0.23,"Sales last 4Q: 1625, 1685, 1898, 1791 Cr; Net Profit last 4Q: -9, -8, 6, 22 Cr",Debt: 650 Cr,,ROCE: 7%; EPS: 0.23; NPM: 0.16%,2026-08-15
MAHSEAMLES,,,,,,,,,,,"Sales: 4,674 Cr (YoY -11.3%); NetProfit: 701 Cr (YoY -9.8%); EPS: 52.34","Sales last 3Q: 1,159, 1,090, 1,280 Cr; Net Profit last 3Q: 125, 243, 103 Cr",,,"P/E: 12.0; ROCE: 14.3; ROE: 10.6; Div Yield: 1.58; Book Value: 513; Mkt Cap: 8,474",2026-06-18
MAITHANALL,,,,,,,,,,,"Sales: 2,173 Cr (YoY +20.6%); NetProfit: 441 Cr (YoY -30.1%); EPS: 148.96","Sales last 3Q: 491, 490, 559 Cr; Net Profit last 3Q: -119, 93, -71 Cr",,,"P/E: 7.11; ROCE: 14.8; ROE: 11.0; Div Yield: 1.51; Book Value: 1,424; Mkt Cap: 3,084",2026-06-22
MAKEINDIA,,,,,,,,,,,,,,,P/E: N/A; ROE: N/A (see financials); Div Yield: 0.00%; Book Value: ₹N/A; Mkt Cap: N/A,2026-07-16
MAMATA,,,,,,,,,,,Sales: 233 Cr (YoY -8.6%); NetProfit: 15 Cr (YoY -63.4%); EPS: 6.12,"Sales last 3Q: 53.37, 67.22, 73.75 Cr; Net Profit last 3Q: 4.53, 7.87, 0.01 Cr",,,P/E: 56.3; ROCE: 12.7; ROE: 9.77; Div Yield: 0.13; Book Value: 75.2; Mkt Cap: 980,2026-06-23
MANAKCOAT,,,,,,,,,,,Sales: 884 Cr (YoY +13.0%); NetProfit: 41 Cr (YoY +173.3%); EPS: 3.84,"Sales last 3Q: 220.33, 186.90, 227.46 Cr; Net Profit last 3Q: 13.96, 7.35, 5.37 Cr",,,"P/E: 28.1; ROCE: 19.9; ROE: 14.1; Div Yield: 0.05; Book Value: 33.0; Mkt Cap: 1,144",2026-06-23
MANAPPURAM,,,,,,,,,,,"Sales: 10,275 Cr (YoY +8.1%); NetProfit: 1,445 Cr (YoY +45.5%); EPS: 15.97","Sales last 3Q: 2,354, 2,614, 3,034 Cr; Net Profit last 3Q: 239, 405, 585 Cr",,,"P/E: 22.6; ROCE: 8.25; ROE: 6.97; Div Yield: 0.57; Book Value: 171; Mkt Cap: 32,783",2026-08-15
MANBA,,,,,,,,,,,,,,,P/E: 14.36; ROE: 11.65%; Div Yield: 0.95%; Book Value: ₹81.39; Mkt Cap: ₹652 Cr,2026-06-23
MANCREDIT,,,,,,,,,,,Sales: 108 Cr (YoY +3.8%); NetProfit: 8 Cr (YoY +0.0%); EPS: 3.62,"Sales last 3Q: 12.34, 5.55, 8.84 Cr; Net Profit last 3Q: 1.03, -1.92, 1.96 Cr",,,P/E: 67.1; ROCE: 11.4; ROE: 7.68; Div Yield: 0.34; Book Value: 49.2; Mkt Cap: 469,2026-06-16
MANGLMCEM,,,,,,,,,,,,,,,P/E: 19.15; ROE: 14.10%; Div Yield: 0.18%; Book Value: ₹355.35; Mkt Cap: ₹2469 Cr,2026-06-22
MANINDS,,,,,,,,,,,Sales: 3625 Cr (YoY +3.4%); NetProfit: 188 Cr (YoY +22.9%); EPS: 26.91,"Sales last 4Q: 1218, 742, 834, 830 Cr; Net Profit last 4Q: 68, 28, 37, 55 Cr",Debt: 561 Cr,,ROCE: 17%; EPS: 26.91; NPM: 5.19%,2026-08-15
MANINFRA,,,,,,,,,,,Sales: 630 Cr (YoY -43.1%); NetProfit: 211 Cr (YoY -32.6%); EPS: 4.97,"Sales last 3Q: 149, 153, 146 Cr; Net Profit last 3Q: 60, 52, 41 Cr",,,"P/E: 21.2; ROCE: 13.9; ROE: 9.95; Div Yield: 0.85; Book Value: 56.2; Mkt Cap: 4,263",2026-06-29
MANKIND,,,,,,,,,,,"Sales: 14,738 Cr (YoY +3.2%); NetProfit: 2,068 Cr (YoY +6.7%); EPS: 49.47","Sales last 3Q: 3,567, 3,443, 4,031 Cr; Net Profit last 3Q: 414, 559, 574 Cr",,,"P/E: 47.0; ROCE: 13.5; ROE: 13.1; Div Yield: 0.04; Book Value: 395; Mkt Cap: 1,00,160",2026-08-15
MANOMAY,,,,,,,,,,,,,,,P/E: 17.49; ROE: 12.31%; Div Yield: 0.00%; Book Value: ₹94.77; Mkt Cap: ₹344 Cr,2026-07-17
MANORAMA,,,,,,,,,,,"Sales: 1,367 Cr (YoY +77.3%); NetProfit: 225 Cr (YoY +104.5%); EPS: 37.67","Sales last 3Q: 323, 363, 391 Cr; Net Profit last 3Q: 55, 72, 52 Cr",,,"P/E: 40.6; ROCE: 35.0; ROE: 39.4; Div Yield: 0.04; Book Value: 114; Mkt Cap: 9,135",2026-06-18
MANYAVAR,,,,,,,,,,,"Sales: 1,345 Cr (YoY -1.7%); NetProfit: 403 Cr (YoY -2.7%); EPS: 16.58","Sales last 3Q: 363, 240, 268 Cr; Net Profit last 3Q: 116, 62, 67 Cr",,,"P/E: 24.9; ROCE: 30.7; ROE: 26.7; Div Yield: 1.94; Book Value: 62.9; Mkt Cap: 10,033",2026-06-29
MAPMYINDIA,,,,,,,,,,,Sales: 474 Cr (YoY +2.4%); NetProfit: 134 Cr (YoY -9.5%); EPS: 24.50,"Sales last 3Q: 114, 94, 145 Cr; Net Profit last 3Q: 19, 19, 51 Cr",,,"P/E: 34.6; ROCE: 22.0; ROE: 15.8; Div Yield: 0.42; Book Value: 165; Mkt Cap: 4,649",2026-06-29
MARATHON,,,,,,,,,,,Sales: 496 Cr (YoY -14.5%); NetProfit: 206 Cr (YoY +7.9%); EPS: 30.10,"Sales last 3Q: 117, 125, 114 Cr; Net Profit last 3Q: 67, 33, 46 Cr",,,"P/E: 14.1; ROCE: 12.5; ROE: 11.8; Div Yield: 0.23; Book Value: 337; Mkt Cap: 2,892",2026-07-03
MARICO,,,,,,,,,,,"Sales: 14,277 Cr (YoY +4.9%); NetProfit: 1,952 Cr (YoY +7.7%); EPS: 14.54","Sales last 3Q: 3,537, 3,301, 3,957 Cr; Net Profit last 3Q: 460, 408, 652 Cr",,,"P/E: 59.5; ROCE: 47.0; ROE: 42.8; Div Yield: 0.46; Book Value: 32.4; Mkt Cap: 1,12,337",2026-08-15
MARINE,,,,,,,,,,,Sales: 969 Cr (YoY +10.5%); NetProfit: 65 Cr (YoY +10.2%); EPS: 4.60,"Sales last 3Q: 210, 277, 259 Cr; Net Profit last 3Q: 12, 19, 18 Cr",,,"P/E: 79.8; ROCE: 18.2; ROE: 13.2; Div Yield: 0.08; Book Value: 35.2; Mkt Cap: 5,188",2026-08-15
MARKOLINES,,,,,,,,,,,Sales: 348 Cr (YoY +13.7%); NetProfit: 26 Cr (YoY +13.0%); EPS: 11.81,"Sales last 3Q: 78, 93, 105 Cr; Net Profit last 3Q: 4, 7, 11 Cr",,,P/E: 14.0; ROCE: 15.4; ROE: 13.9; Div Yield: 0.90; Book Value: 91.2; Mkt Cap: 368,2026-06-18
MARKSANS,,,,,,,,,,,"Sales: 3,172 Cr (YoY +7.5%); NetProfit: 521 Cr (YoY +24.0%); EPS: 11.41","Sales last 3Q: 754, 856, 841 Cr; Net Profit last 3Q: 114, 149, 159 Cr",,,"P/E: 29.2; ROCE: 18.8; ROE: 15.2; Div Yield: 0.27; Book Value: 66.7; Mkt Cap: 15,090",2026-08-15
MARSONS,,,,,,,,,,,Sales: 245 Cr (YoY +45.8%); NetProfit: 46 Cr (YoY +64.3%); EPS: 2.69,"Sales last 3Q: 60, 46, 93 Cr; Net Profit last 3Q: 9, 6, 23 Cr",,,"P/E: 41.8; ROCE: 25.4; ROE: 27.2; Div Yield: 0.04; Book Value: 12.6; Mkt Cap: 1,936",2026-06-29
MARUTI,,,,,,,,,,,"Sales: 183,316 Cr (YoY +19.9%); NetProfit: 14,680 Cr (YoY +1.2%); EPS: 466.90","Sales last 3Q: 42,344, 49,904, 52,462 Cr; Net Profit last 3Q: 3,349, 3,879, 3,659 Cr",,,"P/E: 28.8; ROCE: 19.0; ROE: 14.4; Div Yield: 1.04; Book Value: 3,408; Mkt Cap: 4,23,155",2026-06-23
MASFIN,,,,,,,,,,,"Sales: 1,995 Cr (YoY +24.9%); NetProfit: 376 Cr (YoY +19.7%); EPS: 20.46","Sales last 3Q: 480, 507, 542 Cr; Net Profit last 3Q: 91, 93, 104 Cr",,,"P/E: 15.2; ROCE: 11.3; ROE: 13.4; Div Yield: 0.54; Book Value: 164; Mkt Cap: 5,698",2026-06-24
MASTEK,,,,,,,,,,,"Sales: 3,699 Cr (YoY +7.1%); NetProfit: 404 Cr (YoY +7.4%); EPS: 130.33","Sales last 3Q: 940, 906, 938 Cr; Net Profit last 3Q: 97, 108, 106 Cr",,,"P/E: 12.3; ROCE: 18.0; ROE: 15.6; Div Yield: 1.37; Book Value: 965; Mkt Cap: 5,209",2026-07-10
MATRIMONY,,,,,,,,,,,Sales: 460 Cr (YoY +0.9%); NetProfit: 34 Cr (YoY -24.4%); EPS: 16.53,"Sales last 3Q: 114.59, 113.24, 116.83 Cr; Net Profit last 3Q: 7.76, 8.30, 9.71 Cr",,,P/E: 27.1; ROCE: 17.4; ROE: 15.2; Div Yield: 1.12; Book Value: 99.9; Mkt Cap: 927,2026-07-06
MAWANASUG,,,,,,,,,,,Sales: 1539 Cr (YoY +6.4%); NetProfit: 36 Cr (YoY -67%); EPS: 9.19,"Sales last 4Q: 343, 401, 429, 367 Cr; Net Profit last 4Q: 62, -14, -16, 4 Cr",Debt: 8 Cr,,ROCE: 10%; EPS: 9.19; NPM: 2.34%,2026-08-15
MAXESTATES,,,,,,,,,,,Sales: 199 Cr (YoY +24.4%); NetProfit: 16 Cr (YoY -38.5%); EPS: 0.77,"Sales last 3Q: 48.77, 49.77, 49.43 Cr; Net Profit last 3Q: 7.82, 0.02, -4.08 Cr",,,"P/E: 566; ROCE: 1.79; ROE: 0.53; Div Yield: 0.00; Book Value: 148; Mkt Cap: 7,079",2026-07-03
MAXHEALTH,,,,,,,,,,,"Sales: 8,373 Cr (YoY +19.1%); NetProfit: 1,442 Cr (YoY +34.0%); EPS: 14.82","Sales last 3Q: 2,135, 2,068, 2,143 Cr; Net Profit last 3Q: 491, 301, 342 Cr",,,"P/E: 70.8; ROCE: 14.7; ROE: 14.8; Div Yield: 0.14; Book Value: 110; Mkt Cap: 1,05,016",2026-06-23
MAXIND,,,,,,,,,,,Sales: 191 Cr (YoY +17.2%); NetProfit: -122 Cr (YoY +12.9%); EPS: -23.20,"Sales last 3Q: 45, 43, 66 Cr; Net Profit last 3Q: -34, -43, -19 Cr",,,ROCE: -23.2; ROE: -33.0; Div Yield: 0.00; Book Value: 77.7; Mkt Cap: 869,2026-07-23
MAYURUNIQ,,,,,,,,,,,Sales: 967 Cr (YoY +9.9%); NetProfit: 192 Cr (YoY +28.9%); EPS: 44.13,"Sales last 3Q: 240, 237, 273 Cr; Net Profit last 3Q: 41, 51, 59 Cr",,,"P/E: 18.7; ROCE: 24.7; ROE: 18.4; Div Yield: 0.61; Book Value: 261; Mkt Cap: 3,581",2026-06-16
MAZDA,,,,,,,,,,,,,,,P/E: 19.93; ROE: 11.48%; Div Yield: 1.57%; Book Value: ₹148.30; Mkt Cap: ₹549 Cr,2026-07-06
MAZDOCK,,,,,,,,,,,"Sales: 13,006 Cr (YoY +13.8%); NetProfit: 2,578 Cr (YoY +6.8%); EPS: 64.04","Sales last 3Q: 2,929, 3,601, 3,850 Cr; Net Profit last 3Q: 749, 880, 674 Cr",,,"P/E: 39.1; ROCE: 36.0; ROE: 29.2; Div Yield: 0.69; Book Value: 242; Mkt Cap: 1,01,095",2026-06-23
MBAPL,,,,,,,,,,,Sales: 1867 Cr (YoY +76.5%); NetProfit: 150 Cr (YoY +163.2%); EPS: 17.14,"Sales last 4Q: 410, 450, 612, 395 Cr; Net Profit last 4Q: 28, 30, 32, 60 Cr",Debt: 856 Cr,,ROCE: 19%; EPS: 17.14; NPM: 8.03%,2026-08-15
MBEL,,,,,,,,,,,"Sales: 1,260 Cr (YoY +27.4%); NetProfit: 93 Cr (YoY +20.8%); EPS: 16.21","Sales last 3Q: 307, 352, 364 Cr; Net Profit last 3Q: 22, 25, 27 Cr",,,"P/E: 18.9; ROCE: 23.0; ROE: 19.4; Div Yield: 0.00; Book Value: 115; Mkt Cap: 1,772",2026-06-29
MCX,,,,,,,,,,,"Sales: 2,302 Cr (YoY +106.8%); NetProfit: 1,332 Cr (YoY +137.9%); EPS: 52.22","Sales last 3Q: 374, 666, 889 Cr; Net Profit last 3Q: 197, 401, 530 Cr",,,"P/E: 54.2; ROCE: 71.4; ROE: 56.3; Div Yield: 0.21; Book Value: 112; Mkt Cap: 72,154",2026-06-23
MEDANTA,,,,,,,,,,,"Sales: 4,410 Cr (YoY +19.4%); NetProfit: 554 Cr (YoY +15.2%); EPS: 20.70","Sales last 3Q: 1,099, 1,121, 1,159 Cr; Net Profit last 3Q: 158, 95, 142 Cr",,,"P/E: 66.4; ROCE: 17.1; ROE: 15.2; Div Yield: 0.04; Book Value: 147; Mkt Cap: 36,974",2026-07-24
MEDIASSIST,,,,,,,,,,,Sales: 905 Cr (YoY +25.2%); NetProfit: 89 Cr (YoY -3.3%); EPS: 11.78,"Sales last 3Q: 233, 240, 242 Cr; Net Profit last 3Q: 8, 4, 54 Cr",,,"P/E: 28.7; ROCE: 14.0; ROE: 13.9; Div Yield: 0.00; Book Value: 112; Mkt Cap: 2,761",2026-06-23
MEDPLUS,,,,,,,,,,,"Sales: 6,892 Cr (YoY +12.3%); NetProfit: 220 Cr (YoY +46.7%); EPS: 18.30","Sales last 3Q: 1,679, 1,806, 1,864 Cr; Net Profit last 3Q: 56, 58, 64 Cr",,,"P/E: 45.7; ROCE: 12.6; ROE: 11.8; Div Yield: 0.00; Book Value: 165; Mkt Cap: 10,040",2026-06-23
MEESHO,,,,,,,,,,,"Sales: 12,626 Cr (YoY +34.5%); NetProfit: -1,358 Cr (YoY +65.6%); EPS: -2.97","Sales last 3Q: 3,074, 3,518, 3,531 Cr; Net Profit last 3Q: -411, -491, -166 Cr",,,"ROCE: -35.6; ROE: -42.3; Div Yield: 0.00; Book Value: 9.61; Mkt Cap: 88,694",2026-06-29
MENONBE,,,,,,,,,,,Sales: 270 Cr (YoY +11.1%); NetProfit: 31 Cr (YoY +24%); EPS: 5.54,"Sales last 4Q: 64, 67, 63, 77 Cr; Net Profit last 4Q: 7, 8, 7, 9 Cr",Debt: 53 Cr,,ROCE: 17%; EPS: 5.54; NPM: 11.48%,2026-08-15
METROBRAND,,,,,,,,,,,"Sales: 2,864 Cr (YoY +14.2%); NetProfit: 416 Cr (YoY +17.5%); EPS: 15.09","Sales last 3Q: 651, 811, 773 Cr; Net Profit last 3Q: 69, 130, 118 Cr",,,"P/E: 68.0; ROCE: 20.2; ROE: 22.2; Div Yield: 0.54; Book Value: 73.1; Mkt Cap: 27,963",2026-06-29
METROPOLIS,,,,,,,,,,,"Sales: 1,646 Cr (YoY +23.7%); NetProfit: 191 Cr (YoY +30.8%); EPS: 9.17","Sales last 3Q: 429, 406, 425 Cr; Net Profit last 3Q: 53, 42, 51 Cr",,,"P/E: 57.3; ROCE: 17.8; ROE: 13.8; Div Yield: 0.37; Book Value: 73.0; Mkt Cap: 11,246",2026-06-18
MFSL,,,,,,,,,,,"Sales: 49,822 Cr (YoY +4.5%); NetProfit: 137 Cr (YoY +29.2%); EPS: 3.19","Sales last 3Q: 14,259, 10,802, 14,970 Cr; Net Profit last 3Q: 45, -32, 118 Cr",,,"P/E: 489; ROCE: 2.87; ROE: 1.52; Div Yield: 0.00; Book Value: 153; Mkt Cap: 53,082",2026-08-15
MGL,,,,,,,,,,,Sales: 8158 Cr (YoY +12.3%); NetProfit: 958 Cr (YoY -7.9%); EPS: 97,"Sales last 4Q: 1964, 2083, 2050, 2060 Cr; Net Profit last 4Q: 247, 319, 191, 201 Cr",Debt: 221 Cr,,ROCE: 23%; EPS: 97; NPM: 11.74%,2026-08-15
MHLXMIRU,,,,,,,,,,,Sales: 285 Cr (YoY +6.7%); NetProfit: 9 Cr (YoY +12.5%); EPS: 8.59,"Sales last 3Q: 65.19, 70.03, 74.76 Cr; Net Profit last 3Q: 1.57, 2.81, 2.26 Cr",,,P/E: 15.0; ROCE: 10.2; ROE: 8.49; Div Yield: 0.00; Book Value: 86.4; Mkt Cap: 136,2026-06-29
MHRIL,,,,,,,,,,,"Sales: 2,992 Cr (YoY +7.6%); NetProfit: 67 Cr (YoY -46.8%); EPS: 3.44","Sales last 3Q: 717, 753, 820 Cr; Net Profit last 3Q: 17, 1, 41 Cr",,,"P/E: 64.8; ROCE: 7.75; ROE: 9.61; Div Yield: 0.00; Book Value: 38.5; Mkt Cap: 4,850",2026-06-23
MID150BEES,,,,,,,,,,,,,,,P/E: N/A; ROE: N/A (see financials); Div Yield: 0.00%; Book Value: ₹N/A; Mkt Cap: N/A,2026-06-18
MIDHANI,,,,,,,,,,,Sales: 1066 Cr (YoY -0.7%); NetProfit: 110 Cr (YoY -0.9%); EPS: 5.86,"Sales last 4Q: 411, 170, 210, 276 Cr; Net Profit last 4Q: 56, 13, 13, 28 Cr",Debt: 338 Cr,,ROCE: 11%; EPS: 5.86; NPM: 10.32%,2026-08-15
MINDACORP,,,,,,,,,,,Sales: 5803 Cr (YoY +14.8%); NetProfit: 286 Cr (YoY +12.2%); EPS: 12.03,"Sales last 4Q: 1321, 1386, 1535, 1560 Cr; Net Profit last 4Q: 52, 65, 85, 84 Cr",Debt: 1536 Cr,,ROCE: 12%; EPS: 12.03; NPM: 4.93%,2026-08-15
MINDTECK,,,,,,,,,,,Sales: 407 Cr (YoY -4.0%); NetProfit: 32 Cr (YoY +10.3%); EPS: 9.86,"Sales last 3Q: 102, 100, 104 Cr; Net Profit last 3Q: 8, 5, 10 Cr",,,P/E: 19.1; ROCE: 15.1; ROE: 12.1; Div Yield: 0.49; Book Value: 95.0; Mkt Cap: 650,2026-06-29
MMFL,,,,,,,,,,,"Sales: 1,590 Cr (YoY +4.3%); NetProfit: 99 Cr (YoY -18.9%); EPS: 20.44","Sales last 3Q: 385, 414, 430 Cr; Net Profit last 3Q: 17, 18, 45 Cr",,,"P/E: 21.6; ROCE: 9.32; ROE: 10.5; Div Yield: 0.91; Book Value: 203; Mkt Cap: 2,119",2026-06-23
MMP,,,,,,,,,,,Sales: 824 Cr (YoY +19.1%); NetProfit: 31 Cr (YoY -20.5%); EPS: 12.21,"Sales last 3Q: 188, 203, 250 Cr; Net Profit last 3Q: 7, 11, 18 Cr",,,P/E: 19.1; ROCE: 12.5; ROE: 11.5; Div Yield: 0.69; Book Value: 136; Mkt Cap: 737,2026-06-22
MOBIKWIK,,,,,,,,,,,"Sales: 1,119 Cr (YoY -4.4%); NetProfit: -62 Cr (YoY +49.2%); EPS: -7.89","Sales last 3Q: 270.21, 288.95, 288.71 Cr; Net Profit last 3Q: -28.62, 4.05, 4.38 Cr",,,"ROCE: -2.24; ROE: -8.26; Div Yield: 0.00; Book Value: 68.4; Mkt Cap: 1,577",2026-06-29
MODEFENCE,,,,,,,,,,,,,,,P/E: 50.06; ROE: N/A (see financials); Div Yield: 0.00%; Book Value: ₹N/A; Mkt Cap: N/A,2026-06-18
MODIS,,,,,,,,,,,Sales: 189 Cr (YoY +152.0%); NetProfit: 29 Cr (YoY +262.5%); EPS: 14.89,"Sales last 3Q: 19.94, 54.43, 51.49 Cr; Net Profit last 3Q: 1.51, 12.77, 4.41 Cr",,,P/E: 22.4; ROCE: 29.6; ROE: 23.6; Div Yield: 0.00; Book Value: 80.0; Mkt Cap: 655,2026-07-03
MOGOLD,,,,,,,,,,,,,,,P/E: N/A; ROE: N/A (see financials); Div Yield: 0.00%; Book Value: ₹N/A; Mkt Cap: N/A,2026-07-07
MOIL,,,,,,,,,,,Sales: 976 Cr (YoY -5.6%); NetProfit: 74 Cr (YoY -70.2%); EPS: 3.12,"Sales last 3Q: 152, 307, 268 Cr; Net Profit last 3Q: 2, 7, 51 Cr",Debt: 0 Cr,,ROCE: 13%; EPS: 3.12; NPM: 7.58%,2026-08-15
MOLDTECH,,,,,,,,,,,Sales: 182 Cr (YoY +24.7%); NetProfit: 10 Cr (YoY -16.7%); EPS: 3.50,"Sales last 3Q: 40.23, 52.67, 55.49 Cr; Net Profit last 3Q: 3.24, 3.89, 2.28 Cr",,,P/E: 37.9; ROCE: 10.6; ROE: 8.21; Div Yield: 0.76; Book Value: 44.5; Mkt Cap: 383,2026-07-23
MOLDTKPAC,,,,,,,,,,,Sales: 631 Cr (YoY +31.7%); NetProfit: 64 Cr (YoY +33.3%); EPS: 20.37,"Sales last 3Q: 160, 160, 178 Cr; Net Profit last 3Q: 18, 17, 17 Cr",,,"P/E: 35.8; ROCE: 22.2; ROE: 17.8; Div Yield: 0.58; Book Value: 146; Mkt Cap: 2,280",2026-06-18
MOM50,,,,,,,,,,,,,,,P/E: N/A; ROE: N/A (see financials); Div Yield: 0.00%; Book Value: ₹N/A; Mkt Cap: N/A,2026-08-03
MON100,,,,,,,,,,,,,,,P/E: 40.18; ROE: N/A (see financials); Div Yield: 0.00%; Book Value: ₹N/A; Mkt Cap: N/A,2026-06-17
MONARCH,,,,,,,,,,,Sales: 365 Cr (YoY -1.9%); NetProfit: 181 Cr (YoY +0.0%); EPS: 22.85,"Sales last 3Q: 91, 100, 91 Cr; Net Profit last 3Q: 45, 46, 45 Cr",,,"P/E: 17.1; ROCE: 27.7; ROE: 20.5; Div Yield: 0.26; Book Value: 123; Mkt Cap: 3,098",2026-08-15
MONQ50,,,,,,,,,,,,,,,P/E: 25.83; ROE: N/A (see financials); Div Yield: 0.00%; Book Value: ₹N/A; Mkt Cap: N/A,2026-06-17
MONTECARLO,,,,,,,,,,,"Sales: 1,276 Cr (YoY +16.0%); NetProfit: 112 Cr (YoY +38.3%); EPS: 54.05","Sales last 3Q: 248.70, 608.38, 280.30 Cr; Net Profit last 3Q: 16.26, 106.99, 5.03 Cr",,,"P/E: 10.2; ROCE: 14.0; ROE: 12.9; Div Yield: 3.64; Book Value: 437; Mkt Cap: 1,141",2026-07-06
MOQUALITY,,,,,,,,,,,,,,,P/E: 29.55; ROE: N/A (see financials); Div Yield: 0.00%; Book Value: ₹N/A; Mkt Cap: N/A,2026-06-22
MOSCHIP,,,,,,,,,,,Sales: 585 Cr (YoY +25.3%); NetProfit: 35 Cr (YoY +6.1%); EPS: 1.82,"Sales last 3Q: 146.94, 149.39, 153.23 Cr; Net Profit last 3Q: 12.15, 4.30, 7.95 Cr",,,"P/E: 100; ROCE: 11.0; ROE: 11.0; Div Yield: 0.00; Book Value: 21.1; Mkt Cap: 4,074",2026-06-23
MOSILVER,,,,,,,,,,,,,,,P/E: N/A; ROE: N/A (see financials); Div Yield: 0.00%; Book Value: ₹N/A; Mkt Cap: N/A,2026-06-25
MOTHERSON,,,,,,,,,,,Sales: 121111 Cr (YoY +6.6%); NetProfit: 3639 Cr (YoY -12.2%); EPS: 3.23,"Sales last 4Q: 29317, 30212, 30173, 31409 Cr; Net Profit last 4Q: 1115, 606, 846, 1072 Cr",Debt: 19777 Cr,,ROCE: 5%; EPS: 3.23; NPM: 3%,2026-08-15
MOTILALOFS,,,,,,,,,,,"Sales: 10,063 Cr (YoY +7.3%); NetProfit: 1,983 Cr (YoY +5.9%); EPS: 32.92","Sales last 3Q: 2,112, 2,676, 3,426 Cr; Net Profit last 3Q: 566, -219, 1,274 Cr",,,"P/E: 27.5; ROCE: 12.7; ROE: 15.5; Div Yield: 0.66; Book Value: 214; Mkt Cap: 54,432",2026-08-15
MOVALUE,,,,,,,,,,,,,,,P/E: 7.51; ROE: N/A (see financials); Div Yield: 0.00%; Book Value: ₹N/A; Mkt Cap: N/A,2026-07-06
MPHASIS,,,,,,,,,,,"Sales: 16,531 Cr (YoY +4.1%); NetProfit: 1,910 Cr (YoY +2.5%); EPS: 100.22","Sales last 3Q: 4,003, 4,243, 4,384 Cr; Net Profit last 3Q: 442, 510, 490 Cr",,,"P/E: 25.1; ROCE: 22.1; ROE: 18.5; Div Yield: 2.44; Book Value: 563; Mkt Cap: 48,578",2026-08-15
MPSLTD,,,,,,,,,,,Sales: 768 Cr (YoY +5.6%); NetProfit: 173 Cr (YoY +16.1%); EPS: 101.26,"Sales last 3Q: 194, 182, 205 Cr; Net Profit last 3Q: 55, 36, 47 Cr",,,"P/E: 20.6; ROCE: 39.3; ROE: 31.2; Div Yield: 4.13; Book Value: 349; Mkt Cap: 3,444",2026-07-06
MRF,,,,,,,,,,,Sales: 30180 Cr (YoY +7.2%); NetProfit: 2230 Cr (YoY +19.3%); EPS: 5258.19,"Sales last 4Q: 7075, 7676, 7379, 8050 Cr; Net Profit last 4Q: 512, 500, 526, 692 Cr",Debt: 3631 Cr,,ROCE: 14%; EPS: 5258.19; NPM: 7.39%,2026-08-15
MRPL,,,,,,,,,,,"Sales: 88,667 Cr (YoY -6.4%); NetProfit: 1,925 Cr (YoY +3337.5%); EPS: 10.98","Sales last 3Q: 22,649, 24,712, 23,950 Cr; Net Profit last 3Q: 627, 1,451, 117 Cr",,,"P/E: 13.9; ROCE: 17.7; ROE: 14.2; Div Yield: 2.62; Book Value: 81.0; Mkt Cap: 26,710",2026-06-29
MSTCLTD,,,,,,,,,,,Sales: 370 Cr (YoY +19.0%); NetProfit: 218 Cr (YoY -46.4%); EPS: 31.03,"Sales last 3Q: 85, 88, 119 Cr; Net Profit last 3Q: 48, 51, 77 Cr",,,"P/E: 22.2; ROCE: 30.3; ROE: 26.6; Div Yield: 5.87; Book Value: 128; Mkt Cap: 4,857",2026-06-22
MSUMI,,,,,,,,,,,Sales: 10652 Cr (YoY +14.3%); NetProfit: 623 Cr (YoY +2.8%); EPS: 0.95,"Sales last 4Q: 2510, 2494, 2762, 2887 Cr; Net Profit last 4Q: 165, 143, 165, 149 Cr",Debt: 253 Cr,,ROCE: 43%; EPS: 0.95; NPM: 5.85%,2026-08-15
MTARTECH,,,,,,,,,,,Sales: 753 Cr (YoY +11.4%); NetProfit: 63 Cr (YoY +18.9%); EPS: 20.63,"Sales last 3Q: 157, 136, 278 Cr; Net Profit last 3Q: 11, 4, 35 Cr",Debt: 186 Cr,,ROCE: 11%; EPS: 20.63; NPM: 8.37%,2026-08-15
MUFIN,,,,,,,,,,,Sales: 210 Cr (YoY +15.4%); NetProfit: 28 Cr (YoY +47.4%); EPS: 1.63,"Sales last 3Q: 53, 53, 65 Cr; Net Profit last 3Q: 6, 7, 11 Cr",,,"P/E: 79.0; ROCE: 10.7; ROE: 6.69; Div Yield: 0.00; Book Value: 33.2; Mkt Cap: 2,232",2026-06-17
MUKANDLTD,,,,,,,,,,,"Sales: 4,890 Cr (YoY +0.0%); NetProfit: 604 Cr (YoY +694.7%); EPS: 41.81","Sales last 3Q: 1,161, 1,329, 1,269 Cr; Net Profit last 3Q: 10, 10, 555 Cr",,,"P/E: 3.19; ROCE: 23.1; ROE: 48.9; Div Yield: 1.50; Book Value: 105; Mkt Cap: 1,926",2026-07-03
MUNJALAU,,,,,,,,,,,"Sales: 2,295 Cr (YoY +11.1%); NetProfit: 46 Cr (YoY +17.9%); EPS: 4.02","Sales last 3Q: 584.09, 605.81, 614.24 Cr; Net Profit last 3Q: 13.49, 14.64, -1.26 Cr",,,"P/E: 31.3; ROCE: 11.1; ROE: 8.19; Div Yield: 0.91; Book Value: 44.8; Mkt Cap: 1,106",2026-07-06
MUNJALSHOW,,,,,,,,,,,,,,,P/E: 24.55; ROE: 3.23%; Div Yield: 3.44%; Book Value: ₹149.68; Mkt Cap: ₹537 Cr,2026-07-06
MUTHOOTCAP,,,,,,,,,,,,,,,P/E: 17.93; ROE: N/A (see financials); Div Yield: 0.00%; Book Value: ₹407.61; Mkt Cap: ₹430 Cr,2026-08-05
MUTHOOTFIN,,,,,,,,,,,"Sales: 33,431 Cr (YoY +7.1%); NetProfit: 11,457 Cr (YoY +8.0%); EPS: 283.28","Sales last 3Q: 8,188, 9,289, 8,672 Cr; Net Profit last 3Q: 2,823, 3,397, 2,825 Cr",,,"P/E: 10.0; ROCE: 15.8; ROE: 30.9; Div Yield: 1.06; Book Value: 1,011; Mkt Cap: 1,14,097",2026-08-15
MUTHOOTMF,,,,,,,,,,,Revenue: 2370 Cr (YoY -7.5%); NetProfit: 170 Cr (YoY +176.2%); EPS: 9.99,"Sales last 4Q: 559, 576, 603, 632 Cr; Net Profit last 4Q: 6, 31, 62, 71 Cr",,,ROE: 6%; EPS: 9.99; NPM: 7.17%,2026-08-15
MVGJL,,,,,,,,,,,,,,,P/E: 6.48; ROE: 14.82%; Div Yield: 0.00%; Book Value: ₹170.46; Mkt Cap: ₹746 Cr,2026-07-08
MWL,,,,,,,,,,,"Sales: 1,208 Cr (YoY +14.0%); NetProfit: 50 Cr (YoY +66.7%); EPS: 16.87","Sales last 3Q: 317, 350, 265 Cr; Net Profit last 3Q: 11, 14, 15 Cr",,,"P/E: 21.9; ROCE: 17.6; ROE: 18.0; Div Yield: 0.05; Book Value: 101; Mkt Cap: 1,097",2026-06-29
NACLIND,,,,,,,,,,,Sales: 1584 Cr (YoY +28.3%); NetProfit: 5 Cr (YoY +105.4%); EPS: 0.2,"Sales last 4Q: 448, 457, 318, 361 Cr; Net Profit last 4Q: 13, 3, -10, -1 Cr",Debt: 312 Cr,,ROCE: 9%; EPS: 0.2; NPM: 0.32%,2026-08-15
NAHARINDUS,,,,,,,,,,,"Sales: 1,408 Cr (YoY -8.0%); NetProfit: 51 Cr (YoY +183.3%); EPS: 11.88","Sales last 3Q: 340, 340, 339 Cr; Net Profit last 3Q: 16, 6, 25 Cr",,,P/E: 10.9; ROCE: 6.63; ROE: 5.11; Div Yield: 0.00; Book Value: 241; Mkt Cap: 565,2026-08-10
NAHARPOLY,,,,,,,,,,,Sales: 667 Cr (YoY -5.3%); NetProfit: 72 Cr (YoY -8.9%); EPS: 29.40,"Sales last 3Q: 167, 168, 160 Cr; Net Profit last 3Q: 19, 20, 12 Cr",,,P/E: 8.21; ROCE: 10.7; ROE: 9.45; Div Yield: 0.42; Book Value: 353; Mkt Cap: 593,2026-08-06
NAHARSPING,,,,,,,,,,,,,,,P/E: 44.96; ROE: 1.45%; Div Yield: 0.36%; Book Value: ₹416.50; Mkt Cap: ₹1122 Cr,2026-08-03
NAM-INDIA,,,,,,,,,,,Sales: 2709 Cr (YoY +7.6%); NetProfit: 1529 Cr (YoY +18.9%); EPS: 23.97,"Sales last 4Q: 607, 658, 705, 739 Cr; Net Profit last 4Q: 396, 345, 404, 385 Cr",Debt: 75 Cr,,ROCE: 45%; EPS: 23.97; NPM: 56.44%,2026-08-15
NATCAPSUQ,,,,,,,,,,,Sales: 187 Cr (YoY +10.7%); NetProfit: -25 Cr (YoY -2600.0%); EPS: -16.44,"Sales last 3Q: 45.80, 37.75, 58.45 Cr; Net Profit last 3Q: -6.99, -7.12, -4.98 Cr",,,ROCE: -4.58; ROE: -9.45; Div Yield: 0.00; Book Value: 168; Mkt Cap: 156,2026-07-23
NATCOPHARM,,,,,,,,,,,Sales: 4560 Cr (YoY +2.9%); NetProfit: 1556 Cr (YoY -17.4%); EPS: 86.94,"Sales last 4Q: 1221, 1329, 1363, 647 Cr; Net Profit last 4Q: 406, 480, 518, 151 Cr",Debt: 261 Cr,,ROCE: 32%; EPS: 86.94; NPM: 34.12%,2026-08-15
NATIONALUM,,,,,,,,,,,Sales: 17843 Cr (YoY +6.3%); NetProfit: 5797 Cr (YoY +10%); EPS: 31.56,"Sales last 3Q: 4292, 4731, 5013 Cr; Net Profit last 3Q: 1430, 1595, 1722 Cr",Debt: 60 Cr,,ROCE: 39%; EPS: 31.56; NPM: 32.49%,2026-08-15
NATIONSTD,,,,,,,,,,,,,,,P/E: N/A; ROE: 3.48%; Div Yield: 0.00%; Book Value: ₹140.62; Mkt Cap: N/A,2026-07-06
NAUKRI,,,,,,,,,,,"Sales: 3,285 Cr (YoY +15.3%); NetProfit: 1,763 Cr (YoY +34.6%); EPS: 22.36","Sales last 3Q: 805, 819, 869 Cr; Net Profit last 3Q: 348, 317, 756 Cr",,,"P/E: 46.1; ROCE: 5.43; ROE: 3.91; Div Yield: 0.83; Book Value: 585; Mkt Cap: 65,614",2026-06-23
NAVA,,,,,,,,,,,Sales: 4166 Cr (YoY +4.6%); NetProfit: 1205 Cr (YoY -16%); EPS: 31.58,"Sales last 3Q: 1193, 964, 991 Cr; Net Profit last 3Q: 399, 178, 326 Cr",Debt: 1596 Cr,,ROCE: 14%; EPS: 31.58; NPM: 28.92%,2026-08-15
NAVINFLUOR,,,,,,,,,,,Sales: 3314 Cr (YoY +41.1%); NetProfit: 664 Cr (YoY +129.8%); EPS: 129.46,"Sales last 4Q: 725, 758, 892, 938 Cr; Net Profit last 4Q: 117, 148, 185, 213 Cr",Debt: 1272 Cr,,ROCE: 21%; EPS: 129.46; NPM: 20.04%,2026-08-15
NAVKARCORP,,,,,,,,,,,Sales: 412 Cr (YoY +11.1%); NetProfit: 90 Cr (YoY +4.7%); EPS: 6.24,"Sales last 3Q: 99, 108, 106 Cr; Net Profit last 3Q: 22, 25, 23 Cr",,,"P/E: 18.0; ROCE: 6.93; ROE: 6.18; Div Yield: 0.00; Book Value: 99.3; Mkt Cap: 1,624",2026-06-23
NAVNETEDUL,,,,,,,,,,,"Sales: 1,721 Cr (YoY -3.4%); NetProfit: 369 Cr (YoY -54.1%); EPS: 15.91","Sales last 3Q: 247, 250, 430 Cr; Net Profit last 3Q: -15, 188, 39 Cr",,,"P/E: 20.1; ROCE: 10.2; ROE: 8.03; Div Yield: 2.13; Book Value: 92.3; Mkt Cap: 3,128",2026-06-29
NAZARA,,,,,,,,,,,"Sales: 1,759 Cr (YoY -3.8%); NetProfit: -52 Cr (YoY -163.4%); EPS: -1.41","Sales last 3Q: 406, 398, 429 Cr; Net Profit last 3Q: 9, 56, -82 Cr",,,"ROCE: 27.2; ROE: 30.5; Div Yield: 0.00; Book Value: 93.8; Mkt Cap: 13,659",2026-08-15
NBCC,,,,,,,,,,,"Sales: 12,889 Cr (YoY +7.1%); NetProfit: 742 Cr (YoY +33.2%); EPS: 2.67","Sales last 3Q: 2,914, 3,022, 4,560 Cr; Net Profit last 3Q: 157, 197, 254 Cr",,,"P/E: 44.5; ROCE: 31.0; ROE: 24.1; Div Yield: 0.61; Book Value: 11.2; Mkt Cap: 29,435",2026-06-23
NCC,,,,,,,,,,,"Sales: 20,823 Cr (YoY -6.2%); NetProfit: 724 Cr (YoY -16.6%); EPS: 10.76","Sales last 3Q: 4,543, 4,868, 6,233 Cr; Net Profit last 3Q: 167, 135, 217 Cr",,,"P/E: 14.2; ROCE: 16.8; ROE: 9.20; Div Yield: 1.40; Book Value: 125; Mkt Cap: 9,893",2026-06-24
NCLIND,,,,,,,,,,,"Sales: 1,422 Cr (YoY -21.0%); NetProfit: 95 Cr (YoY +280.0%); EPS: 21.09","Sales last 3Q: 345, 343, 400 Cr; Net Profit last 3Q: 20, 13, 42 Cr",,,P/E: 6.35; ROCE: 14.5; ROE: 14.6; Div Yield: 1.61; Book Value: 208; Mkt Cap: 833,2026-07-09
NDLVENTURE,,,,,,,,,,,"Sales: 1,044 Cr (YoY -3.3%); NetProfit: -28 Cr (YoY -1500.0%); EPS: -11.27","Sales last 3Q: 313, 237, 245 Cr; Net Profit last 3Q: 84, -39, -46 Cr",,,ROCE: 1.84; ROE: -10.2; Div Yield: 0.37; Book Value: 73.5; Mkt Cap: 422,2026-08-13
NDRAUTO,,,,,,,,,,,Sales: 786 Cr (YoY +10.2%); NetProfit: 60 Cr (YoY +13.2%); EPS: 25.22,"Sales last 4Q: 192, 185, 200, 208 Cr; Net Profit last 4Q: 16, 14, 15, 15 Cr",Debt: 52 Cr,,ROCE: 25%; EPS: 25.22; NPM: 7.63%,2026-08-15
NELCAST,,,,,,,,,,,"Sales: 1,328 Cr (YoY +6.1%); NetProfit: 48 Cr (YoY +29.7%); EPS: 5.57","Sales last 3Q: 299, 330, 368 Cr; Net Profit last 3Q: 5, 16, 15 Cr",,,"P/E: 25.1; ROCE: 11.4; ROE: 8.43; Div Yield: 0.50; Book Value: 68.6; Mkt Cap: 1,216",2026-06-22
NELCO,,,,,,,,,,,Sales: 312 Cr (YoY +1.6%); NetProfit: 4 Cr (YoY +33.3%); EPS: 1.70,"Sales last 3Q: 78.30, 79.18, 80.03 Cr; Net Profit last 3Q: -1.19, 1.09, 2.34 Cr",,,"P/E: 392; ROCE: 7.21; ROE: 0.46; Div Yield: 0.10; Book Value: 56.5; Mkt Cap: 2,338",2026-08-15
NEOGEN,,,,,,,,,,,Sales: 818 Cr (YoY +5.1%); NetProfit: 20 Cr (YoY -42.9%); EPS: 7.48,"Sales last 3Q: 187, 209, 220 Cr; Net Profit last 3Q: 10, 3, 4 Cr",Debt: 1132 Cr,,ROCE: 11%; EPS: 7.48; NPM: 2.44%,2026-08-15
NEPHROPLUS,,,,,,,,,,,Sales: 999 Cr (YoY +32.1%); NetProfit: 77 Cr (YoY +14.9%); EPS: 7.66,"Sales last 3Q: 246, 260, 266 Cr; Net Profit last 3Q: -9, 32, 30 Cr",,,"P/E: 85.5; ROCE: 15.5; ROE: 9.06; Div Yield: 0.00; Book Value: 111; Mkt Cap: 6,569",2026-06-29
NESCO,,,,,,,,,,,Sales: 932 Cr (YoY +27.3%); NetProfit: 413 Cr (YoY +10.1%); EPS: 58.58,"Sales last 3Q: 239, 248, 252 Cr; Net Profit last 3Q: 119, 105, 93 Cr",,,"P/E: 19.2; ROCE: 18.3; ROE: 14.7; Div Yield: 0.62; Book Value: 425; Mkt Cap: 7,926",2026-07-03
NESTLEIND,,,,,,,,,,,Sales: 23155 Cr (YoY +14.6%); NetProfit: 3499 Cr (YoY +9.1%); EPS: 18.15,"Sales last 3Q: 5644, 5667, 6748 Cr; Net Profit last 3Q: 743, 998, 1111 Cr",Debt: 444 Cr,,ROCE: 84%; EPS: 18.15; NPM: 15.11%,2026-08-15
NETWEB,,,,,,,,,,,Sales: 2184 Cr (YoY +90.1%); NetProfit: 206 Cr (YoY +80.7%); EPS: 36.15,"Sales last 4Q: 301, 304, 805, 774 Cr; Net Profit last 4Q: 30, 31, 73, 71 Cr",Debt: 282 Cr,,ROCE: 38%; EPS: 36.15; NPM: 9.43%,2026-08-15
NEULANDLAB,,,,,,,,,,,"Sales: 2,372 Cr (YoY +17.3%); NetProfit: 498 Cr (YoY +36.8%); EPS: 387.97","Sales last 3Q: 440, 776, 642 Cr; Net Profit last 3Q: 41, 213, 148 Cr",,,"P/E: 59.0; ROCE: 26.5; ROE: 21.2; Div Yield: 0.15; Book Value: 1,461; Mkt Cap: 29,367",2026-08-07
NEWGEN,,,,,,,,,,,"Sales: 1,574 Cr (YoY +5.9%); NetProfit: 301 Cr (YoY -4.4%); EPS: 21.12","Sales last 3Q: 401, 400, 453 Cr; Net Profit last 3Q: 82, 63, 106 Cr",,,"P/E: 20.4; ROCE: 25.8; ROE: 20.2; Div Yield: 1.26; Book Value: 125; Mkt Cap: 6,779",2026-06-29
NEXT50,,,,,,,,,,,,,,,P/E: N/A; ROE: N/A (see financials); Div Yield: 0.00%; Book Value: ₹N/A; Mkt Cap: N/A,2026-06-20
NH,,,,,,,,,,,"Sales: 9,072 Cr (YoY +14.9%); NetProfit: 817 Cr (YoY +1.4%); EPS: 39.94","Sales last 3Q: 2,151, 2,594, 2,684 Cr; Net Profit last 3Q: 127, 224, 207 Cr",,,"P/E: 43.4; ROCE: 15.5; ROE: 20.5; Div Yield: 0.25; Book Value: 222; Mkt Cap: 37,451",2026-08-15
NHPC,,,,,,,,,,,"Sales: 12,210 Cr (YoY +5.1%); NetProfit: 4,267 Cr (YoY +1.1%); EPS: 3.78","Sales last 3Q: 2,221, 2,816, 3,808 Cr; Net Profit last 3Q: 321, 1,549, 1,178 Cr",,,"P/E: 20.4; ROCE: 5.75; ROE: 9.32; Div Yield: 2.09; Book Value: 41.2; Mkt Cap: 77,246",2026-08-15
NIACL,,,,,,,,,,,"Sales: 49,962 Cr (YoY +0.4%); NetProfit: 776 Cr (YoY -45.2%); EPS: 4.68","Sales last 3Q: 12,069, 12,544, 11,900 Cr; Net Profit last 3Q: 380, 580, -239 Cr",,,"P/E: 38.4; ROCE: 4.29; ROE: 4.92; Div Yield: 0.84; Book Value: 0.00; Mkt Cap: 29,512",2026-08-15
NIBE,,,,,,,,,,,Sales: 474 Cr (YoY -6.5%); NetProfit: 0 Cr (YoY -100.0%); EPS: 3.77,"Sales last 3Q: 73, 59, 260 Cr; Net Profit last 3Q: -10, -19, 28 Cr",,,"P/E: 439; ROCE: 4.79; ROE: 1.94; Div Yield: 0.08; Book Value: 233; Mkt Cap: 2,470",2026-06-16
NIF100BEES,,,,,,,,,,,,,,,P/E: 21.20; ROE: N/A (see financials); Div Yield: 0.00%; Book Value: ₹N/A; Mkt Cap: N/A,2026-06-25
NIFTY1,,,,,,,,,,,,,,,P/E: 21.63; ROE: N/A (see financials); Div Yield: 0.00%; Book Value: ₹N/A; Mkt Cap: N/A,2026-06-25
NIFTYADD,,,,,,,,,,,,,,,P/E: N/A; ROE: N/A (see financials); Div Yield: 0.00%; Book Value: ₹N/A; Mkt Cap: N/A,2026-06-29
NIFTYBEES,,,,,,,,,,,,,,,P/E: 21.48; ROE: N/A (see financials); Div Yield: 0.00%; Book Value: ₹N/A; Mkt Cap: N/A,2026-08-15
NIFTYBETA,,,,,,,,,,,,,,,P/E: N/A; ROE: N/A (see financials); Div Yield: 0.00%; Book Value: ₹N/A; Mkt Cap: N/A,2026-07-03
NIFTYETF,,,,,,,,,,,,,,,P/E: 21.62; ROE: N/A (see financials); Div Yield: 0.00%; Book Value: ₹N/A; Mkt Cap: N/A,2026-06-25
NIFTYIETF,,,,,,,,,,,,,,,P/E: 21.55; ROE: N/A (see financials); Div Yield: 0.00%; Book Value: ₹N/A; Mkt Cap: N/A,2026-06-24
NIITLTD,,,,,,,,,,,Sales: 390 Cr (YoY +8.9%); NetProfit: 6 Cr (YoY -87.5%); EPS: 0.39,"Sales last 3Q: 104.95, 101.37, 99.74 Cr; Net Profit last 3Q: 0.65, 4.57, -3.48 Cr",,,"P/E: 145; ROCE: 2.23; ROE: 0.90; Div Yield: 0.97; Book Value: 78.5; Mkt Cap: 1,413",2026-06-24
NIITMTS,,,,,,,,,,,"Sales: 1,952 Cr (YoY +18.1%); NetProfit: 248 Cr (YoY +8.8%); EPS: 18.01","Sales last 3Q: 476, 500, 525 Cr; Net Profit last 3Q: 47, 74, 77 Cr",,,"P/E: 13.7; ROCE: 20.6; ROE: 16.6; Div Yield: 1.33; Book Value: 112; Mkt Cap: 3,108",2026-06-29
NILKAMAL,,,,,,,,,,,"Sales: 3,778 Cr (YoY +14.0%); NetProfit: 116 Cr (YoY +8.4%); EPS: 77.45","Sales last 3Q: 968, 962, 965 Cr; Net Profit last 3Q: 34, 25, 42 Cr",,,"P/E: 16.2; ROCE: 10.6; ROE: 8.22; Div Yield: 1.47; Book Value: 1,057; Mkt Cap: 2,038",2026-07-16
NITCO,,,,,,,,,,,Sales: 542 Cr (YoY +72.6%); NetProfit: 29 Cr (YoY +103.9%); EPS: 1.20,"Sales last 3Q: 107.70, 131.76, 152.33 Cr; Net Profit last 3Q: 0.94, -11.96, -7.79 Cr",,,"P/E: 78.8; ROCE: 7.07; ROE: 10.8; Div Yield: 0.00; Book Value: 15.2; Mkt Cap: 2,594",2026-08-03
NITINSPIN,,,,,,,,,,,Sales: 3195 Cr (YoY -3.2%); NetProfit: 167 Cr (YoY -4.6%); EPS: 29.63,"Sales last 4Q: 841, 793, 760, 801 Cr; Net Profit last 4Q: 46, 41, 35, 44 Cr",Debt: 915 Cr,,ROCE: 13%; EPS: 29.63; NPM: 5.23%,2026-08-15
NLCINDIA,,,,,,,,,,,Sales: 16283 Cr (YoY +6.3%); NetProfit: 2756 Cr (YoY +1.5%); EPS: 18.83,"Sales last 3Q: 3826, 4178, 4443 Cr; Net Profit last 3Q: 839, 725, 724 Cr",Debt: 24368 Cr,,ROCE: 9%; EPS: 18.83; NPM: 16.93%,2026-08-15
NMDC,,,,,,,,,,,"Sales: 32,127 Cr (YoY +0.2%); NetProfit: 7,459 Cr (YoY +0.1%); EPS: 8.49","Sales last 3Q: 7,611, 11,343, 6,795 Cr; Net Profit last 3Q: 1,757, 2,027, 1,976 Cr",,,"P/E: 9.95; ROCE: 27.6; ROE: 23.4; Div Yield: 2.96; Book Value: 38.7; Mkt Cap: 74,203",2026-08-15
NOCIL,,,,,,,,,,,"Sales: 1,303 Cr (YoY -6.5%); NetProfit: 56 Cr (YoY -45.6%); EPS: 3.33","Sales last 3Q: 321, 316, 330 Cr; Net Profit last 3Q: 12, 9, 17 Cr",,,"P/E: 53.5; ROCE: 4.66; ROE: 3.37; Div Yield: 0.79; Book Value: 106; Mkt Cap: 3,189",2026-06-22
NORTHARC,,,,,,,,,,,"Sales: 2,690 Cr (YoY +14.8%); NetProfit: 404 Cr (YoY +34.2%); EPS: 25.13","Sales last 3Q: 627, 721, 742 Cr; Net Profit last 3Q: 91, 102, 133 Cr",,,"P/E: 11.8; ROCE: 9.71; ROE: 11.1; Div Yield: 0.00; Book Value: 241; Mkt Cap: 4,789",2026-06-17
NOVARTIND,,,,,,,,,,,,,,,P/E: 42.35; ROE: 11.63%; Div Yield: 0.00%; Book Value: ₹331.34; Mkt Cap: ₹3941 Cr,2026-07-16
NPBET,,,,,,,,,,,,,,,P/E: 19.39; ROE: N/A (see financials); Div Yield: 0.00%; Book Value: ₹N/A; Mkt Cap: N/A,2026-07-10
NPST,,,,,,,,,,,Sales: 195 Cr (YoY +12.7%); NetProfit: 41 Cr (YoY -8.9%); EPS: 19.58,"Sales last 3Q: 47, 53, 62 Cr; Net Profit last 3Q: 10, 12, 12 Cr",,,"P/E: 81.0; ROCE: 19.7; ROE: 15.0; Div Yield: 0.13; Book Value: 211; Mkt Cap: 3,309",2026-06-25
NRAIL,,,,,,,,,,,,,,,P/E: 19.80; ROE: 5.50%; Div Yield: 0.41%; Book Value: ₹478.95; Mkt Cap: ₹866 Cr,2026-07-24
NRBBEARING,,,,,,,,,,,"Sales: 1,335 Cr (YoY +11.3%); NetProfit: 146 Cr (YoY +78.0%); EPS: 14.73","Sales last 3Q: 325, 328, 372 Cr; Net Profit last 3Q: 41, 29, 42 Cr",,,"P/E: 28.2; ROCE: 18.6; ROE: 15.7; Div Yield: 1.85; Book Value: 99.3; Mkt Cap: 4,174",2026-06-29
NTPC,,,,,,,,,,,Sales: 187531 Cr (YoY -0.3%); NetProfit: 24828 Cr (YoY +3.7%); EPS: 24.94,"Sales last 3Q: 47065, 44786, 45846 Cr; Net Profit last 3Q: 6108, 5225, 5597 Cr",Debt: 254876 Cr,,ROCE: 12%; EPS: 24.94; NPM: 13.24%,2026-08-15
NTPCGREEN,,,,,,,,,,,Sales: 2568 Cr (YoY +16.2%); NetProfit: 557 Cr (YoY +17.5%); EPS: 0.66,"Sales last 3Q: 680, 612, 653 Cr; Net Profit last 3Q: 220, 86, 17 Cr",Debt: 21826 Cr,,ROCE: 6%; EPS: 0.66; NPM: 21.69%,2026-08-15
NUCLEUS,,,,,,,,,,,Sales: 869 Cr (YoY -0.8%); NetProfit: 105 Cr (YoY -10.3%); EPS: 40.04,"Sales last 3Q: 220, 225, 210 Cr; Net Profit last 3Q: 21, 35, 24 Cr",,,"P/E: 15.9; ROCE: 16.8; ROE: 13.1; Div Yield: 1.82; Book Value: 345; Mkt Cap: 1,812",2026-07-31
NURECA,,,,,,,,,,,Sales: 153 Cr (YoY +4.1%); NetProfit: 4 Cr (YoY +100.0%); EPS: 4.38,"Sales last 3Q: 39.64, 35.41, 40.34 Cr; Net Profit last 3Q: 3.73, -6.09, 3.07 Cr",,,P/E: 67.1; ROCE: 3.30; ROE: 1.12; Div Yield: 0.00; Book Value: 189; Mkt Cap: 291,2026-07-22
NUVAMA,,,,,,,,,,,"Sales: 4,631 Cr (YoY +11.3%); NetProfit: 1,040 Cr (YoY +5.6%); EPS: 57.19","Sales last 3Q: 1,135, 1,104, 1,269 Cr; Net Profit last 3Q: 254, 254, 269 Cr",,,"P/E: 31.7; ROCE: 17.5; ROE: 27.4; Div Yield: 1.54; Book Value: 226; Mkt Cap: 32,962",2026-07-28
NUVOCO,,,,,,,,,,,"Sales: 11,338 Cr (YoY +9.5%); NetProfit: 360 Cr (YoY +1536.4%); EPS: 10.06","Sales last 3Q: 2,458, 2,701, 3,307 Cr; Net Profit last 3Q: 36, 49, 141 Cr",,,"P/E: 28.0; ROCE: 7.07; ROE: 4.05; Div Yield: 0.00; Book Value: 286; Mkt Cap: 10,929",2026-06-29
NV20BEES,,,,,,,,,,,,,,,P/E: 15.40; ROE: N/A (see financials); Div Yield: 0.00%; Book Value: ₹N/A; Mkt Cap: N/A,2026-07-09
NYKAA,,,,,,,,,,,"Sales: 10,649 Cr (YoY +6.3%); NetProfit: 259 Cr (YoY +27.0%); EPS: 0.89","Sales last 3Q: 2,873, 2,648, 2,782 Cr; Net Profit last 3Q: 68, 79, 80 Cr",,,"P/E: 372; ROCE: 17.2; ROE: 15.3; Div Yield: 0.00; Book Value: 5.02; Mkt Cap: 98,949",2026-08-04
OAL,,,,,,,,,,,"Sales: 1,031 Cr (YoY +10.3%); NetProfit: 3 Cr (YoY -91.2%); EPS: 0.98","Sales last 3Q: 271.33, 251.56, 282.37 Cr; Net Profit last 3Q: 0.74, -1.92, 3.99 Cr",,,"P/E: 346; ROCE: 4.47; ROE: 0.50; Div Yield: 0.15; Book Value: 197; Mkt Cap: 1,147",2026-07-08
OBEROIRLTY,,,,,,,,,,,Sales: 5409 Cr (YoY +2.3%); NetProfit: 2237 Cr (YoY +0.5%); EPS: 61.53,"Sales last 3Q: 988, 1779, 1493 Cr; Net Profit last 3Q: 421, 760, 623 Cr",Debt: 3027 Cr,,ROCE: 15%; EPS: 61.53; NPM: 41.36%,2026-08-15
OFSS,,,,,,,,,,,Sales: 7672 Cr (YoY +12%); NetProfit: 2639 Cr (YoY +10.9%); EPS: 303.25,"Sales last 3Q: 1789, 1966, 2065 Cr; Net Profit last 3Q: 546, 610, 842 Cr",Debt: 32 Cr,,ROCE: 49%; EPS: 303.25; NPM: 34.4%,2026-08-15
OIL,,,,,,,,,,,Sales: 33461 Cr (YoY +5.5%); NetProfit: 6623 Cr (YoY -5.9%); EPS: 35.84,"Sales last 3Q: 7929, 8394, 8330 Cr; Net Profit last 3Q: 2047, 1644, 1436 Cr",Debt: 35854 Cr,,ROCE: 15%; EPS: 35.84; NPM: 19.79%,2026-08-15
OLECTRA,,,,,,,,,,,"Sales: 2,312 Cr (YoY +28.3%); NetProfit: 180 Cr (YoY +29.5%); EPS: 21.62","Sales last 3Q: 657, 664, 645 Cr; Net Profit last 3Q: 49, 47, 57 Cr",,,"P/E: 62.3; ROCE: 21.0; ROE: 15.6; Div Yield: 0.03; Book Value: 150; Mkt Cap: 11,065",2026-07-22
OMAXAUTO,,,,,,,,,,,Sales: 1095 Cr (YoY +11.2%); NetProfit: 0 Cr (YoY +100%); EPS: 0.15,"Sales last 4Q: 100, 88, 122, 174 Cr; Net Profit last 4Q: 7, 0, 12, 17 Cr",Debt: 320 Cr,,ROCE: 17%; EPS: 0.15; NPM: 0%,2026-08-15
OMNI,,,,,,,,,,,Sales: 575 Cr (YoY +12.5%); NetProfit: 104 Cr (YoY +31.6%); EPS: 9.04,"Sales last 3Q: 134, 149, 167 Cr; Net Profit last 3Q: 22, 29, 30 Cr",,,"P/E: 68.9; ROCE: 17.6; ROE: 18.0; Div Yield: 0.00; Book Value: 55.0; Mkt Cap: 7,160",2026-08-15
OMPOWER,,,,,,,,,,,,,,,P/E: 26.30; ROE: 38.19%; Div Yield: 0.00%; Book Value: ₹53.12; Mkt Cap: N/A,2026-07-21
ONESOURCE,,,,,,,,,,,"Sales: 1,543 Cr (YoY +8.5%); NetProfit: -49 Cr (YoY +33.8%); EPS: -4.24","Sales last 3Q: 290, 428, 449 Cr; Net Profit last 3Q: -89, 5, 25 Cr",,,"ROCE: 0.57; ROE: -1.09; Div Yield: 0.00; Book Value: 509; Mkt Cap: 17,880",2026-08-15
ONGC,,,,,,,,,,,Sales: 659254 Cr (YoY +7.7%); NetProfit: 44972 Cr (YoY +17.3%); EPS: 30.14,"Sales last 3Q: 163108, 157911, 167423 Cr; Net Profit last 3Q: 11554, 12615, 11946 Cr",Debt: 176018 Cr,,ROCE: 15%; EPS: 30.14; NPM: 6.82%,2026-08-15
ONWARDTEC,,,,,,,,,,,Sales: 544 Cr (YoY +10.8%); NetProfit: 44 Cr (YoY +63.0%); EPS: 19.48,"Sales last 3Q: 138.97, 134.62, 137.12 Cr; Net Profit last 3Q: 11.94, 10.10, 9.55 Cr",,,P/E: 12.8; ROCE: 23.0; ROE: 19.5; Div Yield: 2.98; Book Value: 111; Mkt Cap: 600,2026-06-24
OPTIEMUS,,,,,,,,,,,"Sales: 1,769 Cr (YoY -6.4%); NetProfit: 66 Cr (YoY +4.8%); EPS: 7.44","Sales last 3Q: 418, 430, 485 Cr; Net Profit last 3Q: 17, 12, 22 Cr",,,"P/E: 63.6; ROCE: 10.9; ROE: 9.16; Div Yield: 0.00; Book Value: 87.6; Mkt Cap: 4,197",2026-06-24
ORBTEXP,,,,,,,,,,,Sales: 231 Cr (YoY +6.0%); NetProfit: 33 Cr (YoY -15.4%); EPS: 12.30,"Sales last 3Q: 58.28, 56.36, 49.28 Cr; Net Profit last 3Q: 10.05, 6.56, 1.00 Cr",,,P/E: 19.4; ROCE: 14.6; ROE: 11.2; Div Yield: 0.00; Book Value: 116; Mkt Cap: 634,2026-06-24
ORCHPHARMA,,,,,,,,,,,Sales: 811 Cr (YoY -12.0%); NetProfit: 21 Cr (YoY -79.0%); EPS: 4.05,"Sales last 3Q: 194, 207, 238 Cr; Net Profit last 3Q: -6, -13, 24 Cr",,,"P/E: 187; ROCE: 2.64; ROE: 2.12; Div Yield: 0.00; Book Value: 254; Mkt Cap: 5,078",2026-07-08
ORIENTBELL,,,,,,,,,,,Sales: 675 Cr (YoY +0.7%); NetProfit: 9 Cr (YoY +200%); EPS: 6.1,"Sales last 4Q: 198, 143, 165, 169 Cr; Net Profit last 4Q: 3, 0, 3, 3 Cr",Debt: 38 Cr,,ROCE: 2%; EPS: 6.1; NPM: 1.33%,2026-08-15
ORIENTCEM,,,,,,,,,,,,,,,P/E: 8.12; ROE: 17.08%; Div Yield: 0.37%; Book Value: ₹104.44; Mkt Cap: ₹2745 Cr,2026-06-29
ORIENTELEC,,,,,,,,,,,,,,,P/E: 39.50; ROE: 13.18%; Div Yield: 0.84%; Book Value: ₹35.66; Mkt Cap: ₹3793 Cr,2026-06-24
ORIENTHOT,,,,,,,,,,,Sales: 494 Cr (YoY +12.3%); NetProfit: 68 Cr (YoY +74.4%); EPS: 3.80,"Sales last 3Q: 110, 139, 136 Cr; Net Profit last 3Q: 8, 21, 32 Cr",,,"P/E: 36.3; ROCE: 12.1; ROE: 9.50; Div Yield: 0.36; Book Value: 42.7; Mkt Cap: 2,491",2026-06-24
ORIENTTECH,,,,,,,,,,,EPS: 1.00,"Sales last 3Q: 200.10, 184.07 Cr; Net Profit last 3Q: -14.64, -4.99 Cr",,,"P/E: 48.3; ROE: 7.46; Div Yield: 0.62; Book Value: 73.4; Mkt Cap: 1,211",2026-07-03
ORISSAMINE,,,,,,,,,,,,,,,P/E: N/A; ROE: N/A (see financials); Div Yield: 0.00%; Book Value: ₹-91.08; Mkt Cap: ₹2422 Cr,2026-07-29
ORKLAINDIA,,,,,,,,,,,"Sales: 2,509 Cr (YoY +4.8%); NetProfit: 286 Cr (YoY +11.7%); EPS: 20.85","Sales last 3Q: 650, 636, 626 Cr; Net Profit last 3Q: 77, 57, 73 Cr",,,"P/E: 28.5; ROCE: 15.2; ROE: 11.4; Div Yield: 0.00; Book Value: 201; Mkt Cap: 8,509",2026-06-25
OSWALPUMPS,,,,,,,,,,,"Sales: 2,064 Cr (YoY +44.3%); NetProfit: 376 Cr (YoY +33.8%); EPS: 33.01","Sales last 3Q: 540, 501, 510 Cr; Net Profit last 3Q: 98, 92, 93 Cr",,,"P/E: 13.2; ROCE: 38.2; ROE: 35.2; Div Yield: 0.00; Book Value: 148; Mkt Cap: 4,991",2026-06-24
PACEDIGITK,,,,,,,,,,,"Sales: 2,641 Cr (YoY +8.3%); NetProfit: 307 Cr (YoY +10.0%); EPS: 13.79","Sales last 3Q: 533, 644, 1,097 Cr; Net Profit last 3Q: 68, 79, 106 Cr",,,"P/E: 15.4; ROCE: 21.3; ROE: 17.6; Div Yield: 0.00; Book Value: 102; Mkt Cap: 4,593",2026-06-24
PAGEIND,,,,,,,,,,,,,,,P/E: 53.58; ROE: 52.50%; Div Yield: 1.57%; Book Value: ₹1347.15; Mkt Cap: ₹40734 Cr,2026-08-13
PANACEABIO,,,,,,,,,,,Sales: 640 Cr (YoY +14.5%); NetProfit: -7 Cr (YoY +22.2%); EPS: -0.88,"Sales last 3Q: 141.13, 165.19, 166.75 Cr; Net Profit last 3Q: -14.01, 3.89, -1.00 Cr",,,"ROCE: -2.44; ROE: -2.36; Div Yield: 0.00; Book Value: 136; Mkt Cap: 3,336",2026-06-16
PANAMAPET,,,,,,,,,,,"Sales: 3,064 Cr (YoY +9.7%); NetProfit: 212 Cr (YoY +13.4%); EPS: 35.13","Sales last 3Q: 773, 775, 823 Cr; Net Profit last 3Q: 53, 46, 71 Cr",,,"P/E: 12.8; ROCE: 19.2; ROE: 15.6; Div Yield: 0.66; Book Value: 243; Mkt Cap: 2,728",2026-07-28
PANSARI,,,,,,,,,,,Sales: 96 Cr (YoY +140.0%); NetProfit: 20 Cr (YoY +150.0%); EPS: 11.40,"Sales last 3Q: 27.57, 37.21, 13.58 Cr; Net Profit last 3Q: 3.26, 4.24, 8.25 Cr",,,P/E: 27.5; ROCE: 12.5; ROE: 13.8; Div Yield: 0.00; Book Value: 88.4; Mkt Cap: 547,2026-07-03
PAR,,,,,,,,,,,,,,,P/E: 9.85; ROE: 12.43%; Div Yield: 0.00%; Book Value: ₹90.52; Mkt Cap: ₹129 Cr,2026-07-17
PARADEEP,,,,,,,,,,,"Sales: 21,826 Cr (YoY +57.9%); NetProfit: 996 Cr (YoY +80.4%); EPS: 9.60","Sales last 3Q: 6,872, 5,749, 4,702 Cr; Net Profit last 3Q: 342, 182, 156 Cr",,,"P/E: 13.8; ROCE: 17.1; ROE: 18.9; Div Yield: 0.73; Book Value: 65.3; Mkt Cap: 14,114",2026-06-24
PARAGMILK,,,,,,,,,,,"Sales: 3,818 Cr (YoY +11.2%); NetProfit: 135 Cr (YoY +13.4%); EPS: 10.79","Sales last 3Q: 1,008, 1,013, 945 Cr; Net Profit last 3Q: 46, 30, 32 Cr",,,"P/E: 21.0; ROCE: 13.5; ROE: 12.3; Div Yield: 0.43; Book Value: 101; Mkt Cap: 2,935",2026-06-25
PARAS,,,,,,,,,,,Sales: 413 Cr (YoY +13.2%); NetProfit: 71 Cr (YoY +16.4%); EPS: 9.11,"Sales last 4Q: 108, 93, 106, 106 Cr; Net Profit last 4Q: 21, 14, 19, 17 Cr",Debt: 56 Cr,,ROCE: 17%; EPS: 9.11; NPM: 17.19%,2026-08-15
PARKHOSPS,,,,,,,,,,,"Sales: 1,679 Cr (YoY +20.4%); NetProfit: 274 Cr (YoY +28.6%); EPS: 5.98","Sales last 3Q: 410, 410, 460 Cr; Net Profit last 3Q: 79, 53, 77 Cr",,,"P/E: 47.8; ROCE: 19.3; ROE: 16.7; Div Yield: 0.00; Book Value: 46.8; Mkt Cap: 12,340",2026-06-29
PARKHOTELS,,,,,,,,,,,Sales: 707 Cr (YoY +12.0%); NetProfit: 66 Cr (YoY -21.4%); EPS: 3.08,"Sales last 3Q: 167, 200, 184 Cr; Net Profit last 3Q: 16, 24, 12 Cr",,,"P/E: 39.6; ROCE: 9.43; ROE: 5.09; Div Yield: 0.40; Book Value: 62.9; Mkt Cap: 2,647",2026-06-24
PATANJALI,,,,,,,,,,,"Sales: 42,754 Cr (YoY +6.4%); NetProfit: 1,970 Cr (YoY +8.6%); EPS: 18.12","Sales last 3Q: 10,484, 11,156, 11,337 Cr; Net Profit last 3Q: 593, 524, 336 Cr",,,"P/E: 17.7; ROCE: 12.0; ROE: 16.5; Div Yield: 0.99; Book Value: 120; Mkt Cap: 38,301",2026-08-15
PATELRMART,,,,,,,,,,,,,,,P/E: 17.10; ROE: 15.67%; Div Yield: 0.00%; Book Value: ₹109.01; Mkt Cap: ₹744 Cr,2026-06-22
PAUSHAKLTD,,,,,,,,,,,,,,,P/E: 39.43; ROE: 8.22%; Div Yield: 0.41%; Book Value: ₹199.18; Mkt Cap: ₹1553 Cr,2026-07-31
PAYTM,,,,,,,,,,,"Sales: 8,967 Cr (YoY +6.3%); NetProfit: 649 Cr (YoY +17.6%); EPS: 10.16","Sales last 3Q: 2,194, 2,264, 2,448 Cr; Net Profit last 3Q: 225, 183, 220 Cr",,,"P/E: 127; ROCE: 5.01; ROE: 4.70; Div Yield: 0.00; Book Value: 250; Mkt Cap: 1,02,774",2026-08-15
PCBL,,,,,,,,,,,"Sales: 8,189 Cr (YoY -2.6%); NetProfit: 198 Cr (YoY -54.5%); EPS: 5.03","Sales last 3Q: 2,164, 1,846, 2,066 Cr; Net Profit last 3Q: 62, 2, 40 Cr",,,"P/E: 57.7; ROCE: 7.75; ROE: 5.58; Div Yield: 1.90; Book Value: 102; Mkt Cap: 12,398",2026-06-24
PDSL,,,,,,,,,,,"Sales: 13,110 Cr (YoY +4.2%); NetProfit: 178 Cr (YoY -26.1%); EPS: 7.90","Sales last 3Q: 3,419, 3,172, 3,519 Cr; Net Profit last 3Q: 48, 37, 72 Cr",,,"P/E: 45.2; ROCE: 11.6; ROE: 6.54; Div Yield: 0.92; Book Value: 125; Mkt Cap: 5,052",2026-06-24
PENIND,,,,,,,,,,,"Sales: 3,620 Cr (YoY +12.2%); NetProfit: 139 Cr (YoY +16.8%); EPS: 10.29","Sales last 3Q: 907, 943, 925 Cr; Net Profit last 3Q: 32, 34, 41 Cr",,,"P/E: 15.8; ROCE: 15.3; ROE: 12.8; Div Yield: 0.00; Book Value: 86.2; Mkt Cap: 2,192",2026-06-25
PERSISTENT,,,,,,,,,,,"Sales: 15,718 Cr (YoY +6.6%); NetProfit: 1,923 Cr (YoY +3.1%); EPS: 122.18","Sales last 3Q: 3,778, 4,056, 4,303 Cr; Net Profit last 3Q: 439, 529, 483 Cr",,,"P/E: 44.2; ROCE: 34.4; ROE: 27.2; Div Yield: 0.72; Book Value: 497; Mkt Cap: 88,024",2026-08-15
PETRONET,,,,,,,,,,,Sales: 43495 Cr (YoY -14.7%); NetProfit: 3913 Cr (YoY -1.5%); EPS: 26.08,"Sales last 4Q: 11880, 11009, 11164, 9442 Cr; Net Profit last 4Q: 842, 830, 870, 1371 Cr",Debt: 2341 Cr,,ROCE: 23%; EPS: 26.08; NPM: 9%,2026-08-15
PFC,,,,,,,,,,,Revenue: 115789 Cr (YoY +8.1%); NetProfit: 33386 Cr (YoY +9.4%); EPS: 76.42,"Sales last 4Q: 29265, 28539, 28890, 29095 Cr; Net Profit last 4Q: 8358, 8981, 7834, 8212 Cr",,,ROE: 20%; EPS: 76.42; NPM: 28.83%,2026-08-15
PFIZER,,,,,,,,,,,,,,,"P/E: 131; ROCE: 27.2; ROE: 19.8; Div Yield: 1.70; Book Value: 302; Mkt Cap: 20,129",2026-06-29
PFOCUS,,,,,,,,,,,"Sales: 4,676 Cr (YoY +29.9%); NetProfit: 301 Cr (YoY +165.7%); EPS: 2.82","Sales last 3Q: 1,061, 1,207, 1,384 Cr; Net Profit last 3Q: 4, 69, 118 Cr",,,"P/E: 95.7; ROCE: 11.5; ROE: 16.5; Div Yield: 0.00; Book Value: 26.9; Mkt Cap: 22,477",2026-07-16
PGEL,,,,,,,,,,,"Sales: 5,288 Cr (YoY +8.6%); NetProfit: 197 Cr (YoY -31.6%); EPS: 6.89","Sales last 3Q: 655, 1,412, 1,717 Cr; Net Profit last 3Q: 3, 62, 65 Cr",,,"P/E: 80.5; ROCE: 10.3; ROE: 6.69; Div Yield: 0.05; Book Value: 107; Mkt Cap: 15,821",2026-06-24
PGHH,,,,,,,,,,,,,,,P/E: 32.59; ROE: 114.93%; Div Yield: 1.33%; Book Value: ₹232.10; Mkt Cap: ₹27911 Cr,2026-07-29
PGHL,,,,,,,,,,,,,,,P/E: 30.78; ROE: 61.59%; Div Yield: 1.39%; Book Value: ₹316.00; Mkt Cap: ₹10073 Cr,2026-08-06
PGIL,,,,,,,,,,,"Sales: 5,025 Cr (YoY +11.5%); NetProfit: 270 Cr (YoY +16.9%); EPS: 60.17","Sales last 3Q: 1,313, 1,170, 1,314 Cr; Net Profit last 3Q: 72, 52, 81 Cr",,,"P/E: 28.8; ROCE: 19.2; ROE: 21.3; Div Yield: 0.83; Book Value: 316; Mkt Cap: 8,041",2026-06-18
PHOENIXLTD,,,,,,,,,,,Sales: 4423 Cr (YoY +16.2%); NetProfit: 1557 Cr (YoY +19.1%); EPS: 34.22,"Sales last 4Q: 953, 1115, 1121, 1233 Cr; Net Profit last 4Q: 321, 384, 366, 485 Cr",Debt: 5323 Cr,,ROCE: 7%; EPS: 34.22; NPM: 35.2%,2026-08-15
PICCADIL,,,,,,,,,,,"Sales: 1,075 Cr (YoY +3.6%); NetProfit: 141 Cr (YoY +2.2%); EPS: 14.26","Sales last 3Q: 276, 335, 251 Cr; Net Profit last 3Q: 48, 45, 21 Cr",,,"P/E: 45.0; ROCE: 18.0; ROE: 17.4; Div Yield: 0.00; Book Value: 91.4; Mkt Cap: 6,327",2026-08-15
PIDILITIND,,,,,,,,,,,"Sales: 14,601 Cr (YoY +11.1%); NetProfit: 2,471 Cr (YoY +17.9%); EPS: 24.06","Sales last 3Q: 3,554, 3,710, 3,583 Cr; Net Profit last 3Q: 585, 624, 584 Cr",,,"P/E: 64.7; ROCE: 31.0; ROE: 23.9; Div Yield: 0.74; Book Value: 106; Mkt Cap: 1,59,234",2026-07-23
PIGL,,,,,,,,,,,Sales: 219 Cr (YoY +29.6%); NetProfit: 15 Cr (YoY +25.0%); EPS: 6.81,"Sales last 3Q: 70.27, 48.66, 58.53 Cr; Net Profit last 3Q: 4.71, 3.57, 3.93 Cr",,,P/E: 17.2; ROCE: 15.5; ROE: 11.0; Div Yield: 0.17; Book Value: 72.1; Mkt Cap: 249,2026-07-03
PIIND,,,,,,,,,,,"Sales: 6,516 Cr (YoY -2.9%); NetProfit: 1,165 Cr (YoY -11.8%); EPS: 76.80","Sales last 3Q: 1,376, 1,565, 1,702 Cr; Net Profit last 3Q: 311, 200, 244 Cr",,,"P/E: 35.0; ROCE: 15.0; ROE: 11.2; Div Yield: 0.60; Book Value: 740; Mkt Cap: 37,779",2026-08-15
PINELABS,,,,,,,,,,,"Sales: 2,711 Cr (YoY +19.2%); NetProfit: 113 Cr (YoY +177.9%); EPS: 0.98","Sales last 3Q: 650, 744, 701 Cr; Net Profit last 3Q: 6, 42, 59 Cr",,,"P/E: 160; ROCE: 4.16; ROE: 2.46; Div Yield: 0.00; Book Value: 51.3; Mkt Cap: 18,383",2026-06-25
PIONRINV,,,,,,,,,,,Sales: 47 Cr (YoY +0.0%); NetProfit: 16 Cr (YoY +100.0%); EPS: 12.94,"Sales last 3Q: 15.57, 11.93, 3.90 Cr; Net Profit last 3Q: 4.85, 5.76, 1.69 Cr",,,P/E: 7.75; ROCE: 11.0; ROE: 9.71; Div Yield: 0.00; Book Value: 140; Mkt Cap: 123,2026-07-17
PIRAMALFIN,,,,,,,,,,,"Sales: 11,903 Cr (YoY +14.7%); NetProfit: 1,506 Cr (YoY +210.5%); EPS: 66.36","Sales last 3Q: 2,872, 2,918, 3,424 Cr; Net Profit last 3Q: 327, 401, 502 Cr",,,"P/E: 203; ROCE: 6.47; ROE: 0.86; Div Yield: 0.53; Book Value: 1,242; Mkt Cap: 48,171",2026-06-29
PITTIENG,,,,,,,,,,,"Sales: 1,985 Cr (YoY +3.8%); NetProfit: 124 Cr (YoY +5.1%); EPS: 33.04","Sales last 3Q: 477, 501, 529 Cr; Net Profit last 3Q: 28, 27, 30 Cr",,,"P/E: 32.1; ROCE: 14.8; ROE: 12.5; Div Yield: 0.14; Book Value: 262; Mkt Cap: 4,003",2026-08-13
PIXTRANS,,,,,,,,,,,Sales: 582 Cr (YoY -1.2%); NetProfit: 107 Cr (YoY -5.3%); EPS: 78.45,"Sales last 3Q: 139, 151, 171 Cr; Net Profit last 3Q: 24, 35, 20 Cr",,,"P/E: 23.0; ROCE: 21.8; ROE: 16.5; Div Yield: 0.50; Book Value: 511; Mkt Cap: 2,454",2026-06-25
PLASTIBLEN,,,,,,,,,,,,,,,P/E: 12.57; ROE: 8.37%; Div Yield: 1.39%; Book Value: ₹173.11; Mkt Cap: ₹461 Cr,2026-06-23
PLATIND,,,,,,,,,,,Sales: 450 Cr (YoY +14.8%); NetProfit: 51 Cr (YoY +2.0%); EPS: 9.46,"Sales last 3Q: 98, 105, 132 Cr; Net Profit last 3Q: 11, 12, 15 Cr",,,"P/E: 25.7; ROCE: 15.7; ROE: 12.7; Div Yield: 0.00; Book Value: 80.7; Mkt Cap: 1,347",2026-07-06
PNB,,,,,,,,,,,"Sales: 130,772 Cr (YoY +5.5%); NetProfit: 18,467 Cr (YoY -0.5%); EPS: 16.00","Sales last 3Q: 32,513, 32,889, 32,798 Cr; Net Profit last 3Q: 5,121, 5,577, 5,602 Cr",,,"P/E: 6.74; ROCE: 6.13; ROE: 13.0; Div Yield: 2.78; Book Value: 130; Mkt Cap: 1,23,986",2026-06-25
PNBHOUSING,,,,,,,,,,,Revenue: 8505 Cr (YoY +10.7%); NetProfit: 2291 Cr (YoY +18.3%); EPS: 87.94,"Sales last 3Q: 2128, 2119, 2182 Cr; Net Profit last 3Q: 582, 520, 656 Cr",,,ROE: 12%; EPS: 87.94; NPM: 26.94%,2026-08-15
PNCINFRA,,,,,,,,,,,"Sales: 5,368 Cr (YoY -20.7%); NetProfit: 832 Cr (YoY +2.1%); EPS: 32.42","Sales last 3Q: 1,128, 1,201, 1,617 Cr; Net Profit last 3Q: 216, 77, 108 Cr",,,"P/E: 13.4; ROCE: 8.46; ROE: 7.00; Div Yield: 0.26; Book Value: 266; Mkt Cap: 6,004",2026-06-24
PNGJL,,,,,,,,,,,"Sales: 11,438 Cr (YoY +6.5%); NetProfit: 446 Cr (YoY +8.8%); EPS: 32.84","Sales last 3Q: 3,303, 3,544, 2,413 Cr; Net Profit last 3Q: 171, 90, 105 Cr",,,"P/E: 20.0; ROCE: 20.9; ROE: 23.4; Div Yield: 0.00; Book Value: 145; Mkt Cap: 8,990",2026-08-15
PNGSREVA,,,,,,,,,,,,,,,P/E: 13.88; ROE: 21.01%; Div Yield: 0.00%; Book Value: ₹162.53; Mkt Cap: ₹1250 Cr,2026-06-29
POCL,,,,,,,,,,,"Sales: 2,958 Cr (YoY +43.8%); NetProfit: 132 Cr (YoY +127.6%); EPS: 43.22","Sales last 3Q: 640, 780, 935 Cr; Net Profit last 3Q: 34, 35, 38 Cr",,,"P/E: 31.1; ROCE: 23.2; ROE: 19.2; Div Yield: 0.26; Book Value: 258; Mkt Cap: 4,116",2026-06-24
POKARNA,,,,,,,,,,,Sales: 572 Cr (YoY -38.2%); NetProfit: 81 Cr (YoY -56.9%); EPS: 26.00,"Sales last 3Q: 118, 135, 147 Cr; Net Profit last 3Q: 6, 20, 26 Cr",,,"P/E: 41.9; ROCE: 11.6; ROE: 9.86; Div Yield: 0.06; Book Value: 276; Mkt Cap: 3,378",2026-06-23
POLICYBZR,,,,,,,,,,,"Sales: 7,334 Cr (YoY +7.9%); NetProfit: 748 Cr (YoY +11.6%); EPS: 16.19","Sales last 3Q: 1,771, 2,061, 1,888 Cr; Net Profit last 3Q: 189, 261, 163 Cr",,,"P/E: 108; ROCE: 10.3; ROE: 9.75; Div Yield: 0.00; Book Value: 158; Mkt Cap: 80,555",2026-08-15
POLYCAB,,,,,,,,,,,Sales: 28884 Cr (YoY +28.9%); NetProfit: 2708 Cr (YoY +32.4%); EPS: 177.48,"Sales last 4Q: 5906, 6477, 7636, 8864 Cr; Net Profit last 4Q: 600, 693, 630, 786 Cr",Debt: 236 Cr,,ROCE: 34%; EPS: 177.48; NPM: 9.38%,2026-08-15
POLYMED,,,,,,,,,,,"Sales: 1,997 Cr (YoY +6.5%); NetProfit: 313 Cr (YoY -2.5%); EPS: 31.09","Sales last 3Q: 494, 535, 525 Cr; Net Profit last 3Q: 71, 65, 85 Cr",,,"P/E: 56.6; ROCE: 14.0; ROE: 11.2; Div Yield: 0.20; Book Value: 306; Mkt Cap: 18,105",2026-08-15
POLYPLEX,,,,,,,,,,,"Sales: 7,086 Cr (YoY +2.9%); NetProfit: 41 Cr (YoY -88.5%); EPS: 14.32","Sales last 3Q: 1,794, 1,682, 1,871 Cr; Net Profit last 3Q: 34, 30, 38 Cr",,,"P/E: 66.4; ROCE: 0.98; ROE: 1.12; Div Yield: 1.42; Book Value: 1,351; Mkt Cap: 2,986",2026-06-20
POONAWALLA,,,,,,,,,,,"Sales: 7,806 Cr (YoY +15.0%); NetProfit: 787 Cr (YoY +45.2%); EPS: 9.38","Sales last 3Q: 1,818, 2,115, 2,330 Cr; Net Profit last 3Q: 150, 255, 308 Cr",,,"P/E: 55.7; ROCE: 7.51; ROE: 5.86; Div Yield: 0.00; Book Value: 127; Mkt Cap: 43,841",2026-08-15
POWERGRID,,,,,,,,,,,Sales: 47343 Cr (YoY +3.4%); NetProfit: 15524 Cr (YoY +0%); EPS: 16.68,"Sales last 4Q: 12275, 11196, 11476, 12395 Cr; Net Profit last 4Q: 4143, 3631, 3566, 4185 Cr",Debt: 135984 Cr,,ROCE: 13%; EPS: 16.68; NPM: 32.79%,2026-08-15
POWERICA,,,,,,,,,,,"Sales: 3,012 Cr (YoY +13.5%); NetProfit: 277 Cr (YoY +65.9%); EPS: 21.12","Sales last 3Q: 832, 763, 801 Cr; Net Profit last 3Q: 84, 98, 45 Cr",,,"P/E: 29.7; ROCE: 15.7; ROE: 17.4; Div Yield: 0.00; Mkt Cap: 7,947",2026-06-29
POWERINDIA,,,,,,,,,,,Sales: 7277 Cr (YoY +14%); NetProfit: 841 Cr (YoY +119%); EPS: 188.74,"Sales last 3Q: 1479, 1833, 2082 Cr; Net Profit last 3Q: 132, 264, 261 Cr",Debt: 84 Cr,,ROCE: 19%; EPS: 188.74; NPM: 11.56%,2026-08-15
POWERMECH,,,,,,,,,,,"Sales: 6,062 Cr (YoY +15.8%); NetProfit: 412 Cr (YoY +18.4%); EPS: 115.12","Sales last 3Q: 1,238, 1,420, 2,111 Cr; Net Profit last 3Q: 78, 100, 153 Cr",,,"P/E: 24.2; ROCE: 21.8; ROE: 15.6; Div Yield: 0.04; Book Value: 797; Mkt Cap: 8,802",2026-06-16
PPAP,,,,,,,,,,,Sales: 567 Cr (YoY +2.3%); NetProfit: 43 Cr (YoY +514.3%); EPS: 30.60,"Sales last 3Q: 137, 139, 175 Cr; Net Profit last 3Q: -0, 0, 45 Cr",,,P/E: 209; ROCE: 3.53; ROE: 0.60; Div Yield: 0.90; Book Value: 242; Mkt Cap: 395,2026-07-09
PPL,,,,,,,,,,,,,,,P/E: 14.44; ROE: 9.38%; Div Yield: 1.29%; Book Value: ₹191.11; Mkt Cap: ₹625 Cr,2026-06-24
PPLPHARMA,,,,,,,,,,,"Sales: 9,205 Cr (YoY +3.8%); NetProfit: -314 Cr (YoY +3.7%); EPS: -2.36","Sales last 3Q: 2,140, 2,752, 2,270 Cr; Net Profit last 3Q: -136, -9, -69 Cr",,,"ROCE: 2.52; ROE: -3.83; Div Yield: 0.07; Book Value: 61.4; Mkt Cap: 27,511",2026-08-15
PRABHA,,,,,,,,,,,Sales: 6.11 Cr (YoY +54.7%); NetProfit: 0.61 Cr (YoY +143.6%); EPS: 0.03,"Sales last 3Q: 1.77, 1.76, 1.44 Cr; Net Profit last 3Q: -0.18, 0.92, 0.10 Cr",,,"P/E: 3,744; ROCE: 0.10; ROE: 0.13; Div Yield: 0.00; Book Value: 23.4; Mkt Cap: 2,134",2026-07-03
PRAJIND,,,,,,,,,,,"Sales: 3,244 Cr (YoY +2.4%); NetProfit: 30 Cr (YoY +25.0%); EPS: 1.64","Sales last 3Q: 841, 845, 716 Cr; Net Profit last 3Q: -12, 12, 12 Cr",,,"P/E: 122; ROCE: 6.12; ROE: 1.48; Div Yield: 1.07; Book Value: 71.2; Mkt Cap: 6,162",2026-08-15
PRAKASH,,,,,,,,,,,,,,,"P/E: 6.89; ROE: 14.1; Div Yield: 1.00; Book Value: 174; Mkt Cap: 2,654",2026-06-18
PRAVEG,,,,,,,,,,,Sales: 241 Cr (YoY +44.3%); NetProfit: -10 Cr (YoY -162.5%); EPS: -4.41,"Sales last 3Q: 37.50, 90.45, 73.60 Cr; Net Profit last 3Q: -9.22, 9.93, -4.93 Cr",,,ROCE: 1.72; ROE: -2.51; Div Yield: 0.38; Book Value: 172; Mkt Cap: 689,2026-07-17
PRECAM,,,,,,,,,,,Sales: 773 Cr (YoY -10.6%); NetProfit: 51 Cr (YoY -5.6%); EPS: 5.40,"Sales last 3Q: 198, 179, 201 Cr; Net Profit last 3Q: 13, 9, 10 Cr",,,"P/E: 33.2; ROCE: 8.30; ROE: 5.45; Div Yield: 0.65; Book Value: 88.0; Mkt Cap: 1,471",2026-06-24
PRECWIRE,,,,,,,,,,,Sales: 843 Cr (YoY -4.3%); NetProfit: 17 Cr (YoY +70%); EPS: 0.98,"Sales last 3Q: 208, 190, 210 Cr; Net Profit last 3Q: 2, 3, 5 Cr",Debt: 28 Cr,,ROCE: 27%; EPS: 0.98; NPM: 2.02%,2026-08-15
PREMEXPLN,,,,,,,,,,,Sales: 349 Cr (YoY -10.1%); NetProfit: 34 Cr (YoY -26.1%); EPS: 6.23,"Sales last 3Q: 81.41, 89.21, 102.56 Cr; Net Profit last 3Q: 6.09, 6.58, 3.08 Cr",,,"P/E: 102; ROCE: 22.6; ROE: 18.6; Div Yield: 0.08; Book Value: 53.8; Mkt Cap: 3,505",2026-08-15
PREMIERENE,,,,,,,,,,,Sales: 7215 Cr (YoY +10.7%); NetProfit: 1331 Cr (YoY +42%); EPS: 29.44,"Sales last 3Q: 1821, 1837, 1936 Cr; Net Profit last 3Q: 308, 353, 392 Cr",Debt: 1622 Cr,,ROCE: 12%; EPS: 29.44; NPM: 18.45%,2026-08-15
PRESTIGE,,,,,,,,,,,Sales: 10140 Cr (YoY +38%); NetProfit: 1057 Cr (YoY +71.3%); EPS: 22.53,"Sales last 3Q: 2307, 2432, 3873 Cr; Net Profit last 3Q: 312, 457, 245 Cr",Debt: 14510 Cr,,ROCE: 4%; EPS: 22.53; NPM: 10.42%,2026-08-15
PRICOLLTD,,,,,,,,,,,Sales: 3711 Cr (YoY +37.9%); NetProfit: 213 Cr (YoY +27.5%); EPS: 17.44,"Sales last 4Q: 769, 895, 1007, 1039 Cr; Net Profit last 4Q: 35, 50, 64, 64 Cr",Debt: 169 Cr,,ROCE: 22%; EPS: 17.44; NPM: 5.74%,2026-08-15
PRIMESECU,,,,,,,,,,,Sales: 125 Cr (YoY -8.8%); NetProfit: 5 Cr (YoY -61.5%); EPS: 1.40,"Sales last 3Q: 30.18, 30.20, 33.68 Cr; Net Profit last 3Q: 2.10, -13.22, 2.01 Cr",,,P/E: 54.4; ROCE: 8.25; ROE: 4.09; Div Yield: 0.55; Book Value: 75.6; Mkt Cap: 928,2026-07-24
PRINCEPIPE,,,,,,,,,,,,,,,P/E: 44.24; ROE: 4.67%; Div Yield: 0.18%; Book Value: ₹148.61; Mkt Cap: ₹3233 Cr,2026-06-24
PRIVISCL,,,,,,,,,,,"Sales: 2,564 Cr (YoY +22.0%); NetProfit: 317 Cr (YoY +71.4%); EPS: 83.77","Sales last 3Q: 679, 605, 722 Cr; Net Profit last 3Q: 90, 75, 94 Cr",,,"P/E: 43.6; ROCE: 22.1; ROE: 26.0; Div Yield: 0.27; Book Value: 361; Mkt Cap: 14,279",2026-06-22
PROSTARM,,,,,,,,,,,Sales: 386 Cr (YoY +10.0%); NetProfit: 33 Cr (YoY +13.8%); EPS: 5.61,"Sales last 3Q: 65.92, 160.49, 104.45 Cr; Net Profit last 3Q: 8.27, 14.91, 7.95 Cr",,,P/E: 24.4; ROCE: 17.8; ROE: 16.9; Div Yield: 0.00; Book Value: 48.7; Mkt Cap: 805,2026-06-29
PROTEAN,,,,,,,,,,,Sales: 998 Cr (YoY +18.7%); NetProfit: 101 Cr (YoY +9.8%); EPS: 24.77,"Sales last 3Q: 250, 229, 308 Cr; Net Profit last 3Q: 24, 22, 30 Cr",,,"P/E: 23.7; ROCE: 12.7; ROE: 10.0; Div Yield: 1.65; Book Value: 265; Mkt Cap: 2,467",2026-06-24
PRSMJOHNSN,,,,,,,,,,,Sales: 7723 Cr (YoY +5.6%); NetProfit: 167 Cr (YoY +271.1%); EPS: 3.89,"Sales last 3Q: 1922, 1855, 1844 Cr; Net Profit last 3Q: -6, 2, 50 Cr",Debt: 1694 Cr,,ROCE: 3%; EPS: 3.89; NPM: 2.16%,2026-08-15
PRUDENT,,,,,,,,,,,"Sales: 1,371 Cr (YoY +2.2%); NetProfit: 245 Cr (YoY +10.4%); EPS: 59.19","Sales last 3Q: 343, 361, 348 Cr; Net Profit last 3Q: 58, 59, 75 Cr",,,"P/E: 52.2; ROCE: 37.5; ROE: 28.6; Div Yield: 0.11; Book Value: 213; Mkt Cap: 12,794",2026-07-28
PSPPROJECT,,,,,,,,,,,"Sales: 3,149 Cr (YoY +25.4%); NetProfit: 56 Cr (YoY +0.0%); EPS: 14.01","Sales last 3Q: 703, 813, 1,115 Cr; Net Profit last 3Q: 16, 18, 21 Cr",,,"P/E: 68.0; ROCE: 7.88; ROE: 4.55; Div Yield: 0.00; Book Value: 319; Mkt Cap: 3,826",2026-06-22
PSUBANK,,,,,,,,,,,,,,,P/E: 8.18; ROE: N/A (see financials); Div Yield: 0.00%; Book Value: ₹N/A; Mkt Cap: N/A,2026-06-29
PTC,,,,,,,,,,,Sales: 15797 Cr (YoY -2.7%); NetProfit: 968 Cr (YoY -0.8%); EPS: 28.78,"Sales last 3Q: 4009, 5459, 3405 Cr; Net Profit last 3Q: 243, 222, 131 Cr",Debt: 2264 Cr,,ROCE: 12%; EPS: 28.78; NPM: 6.13%,2026-08-15
PUNJABCHEM,,,,,,,,,,,"Sales: 1,058 Cr (YoY +2.7%); NetProfit: 65 Cr (YoY +1.6%); EPS: 53.33","Sales last 3Q: 247, 209, 347 Cr; Net Profit last 3Q: 14, 11, 22 Cr",,,"P/E: 21.1; ROCE: 18.6; ROE: 16.6; Div Yield: 0.25; Book Value: 345; Mkt Cap: 1,414",2026-07-31
PURVA,,,,,,,,,,,Sales: 2779 Cr (YoY +38%); NetProfit: -141 Cr (YoY +23%); EPS: -5.7,"Sales last 4Q: 542, 524, 644, 1069 Cr; Net Profit last 4Q: -88, -69, -43, 58 Cr",Debt: 4497 Cr,,ROCE: 1%; EPS: -5.7; NPM: -5.07%,2026-08-15
PVRINOX,,,,,,,,,,,"Sales: 6,646 Cr (YoY +15.0%); NetProfit: 333 Cr (YoY +218.5%); EPS: 34.02","Sales last 3Q: 1,823, 1,850, 1,547 Cr; Net Profit last 3Q: 106, 95, 186 Cr",,,"P/E: 40.4; ROCE: 6.96; ROE: 3.28; Div Yield: 0.00; Book Value: 751; Mkt Cap: 9,575",2026-06-29
PVSL,,,,,,,,,,,"Sales: 6,381 Cr (YoY +15.2%); NetProfit: -12 Cr (YoY -20.0%); EPS: -1.75","Sales last 3Q: 1,530.38, 1,785.36, 1,754.45 Cr; Net Profit last 3Q: 0.57, 0.67, -4.96 Cr",,,ROCE: 4.23; ROE: -0.61; Div Yield: 0.00; Book Value: 88.2; Mkt Cap: 752,2026-07-20
PWL,,,,,,,,,,,"Sales: 3,900 Cr (YoY +35.1%); NetProfit: -24 Cr (YoY +90.1%); EPS: -0.08","Sales last 3Q: 1,051, 1,082, 919 Cr; Net Profit last 3Q: 70, 102, -69 Cr",,,"ROCE: 4.02; ROE: -0.48; Div Yield: 0.00; Book Value: 15.8; Mkt Cap: 35,246",2026-06-29
PYRAMID,,,,,,,,,,,,,,,P/E: 23.06; ROE: 10.96%; Div Yield: 0.26%; Book Value: ₹77.32; Mkt Cap: ₹675 Cr,2026-07-28
QGOLDHALF,,,,,,,,,,,,,,,P/E: N/A; ROE: N/A (see financials); Div Yield: 0.00%; Book Value: ₹N/A; Mkt Cap: N/A,2026-06-25
QPOWER,,,,,,,,,,,"Sales: 1,003 Cr (YoY +5.9%); NetProfit: 195 Cr (YoY +4.8%); EPS: 17.21","Sales last 3Q: 284, 281, 233 Cr; Net Profit last 3Q: 63, 51, 47 Cr",,,"P/E: 73.6; ROCE: 31.5; ROE: 25.1; Div Yield: 0.08; Book Value: 70.0; Mkt Cap: 9,806",2026-08-13
QUADFUTURE,,,,,,,,,,,,,,,P/E: N/A; ROE: -15.45%; Div Yield: 0.00%; Book Value: ₹67.26; Mkt Cap: ₹1646 Cr,2026-06-16
QUESS,,,,,,,,,,,"Sales: 15,305 Cr (YoY +2.3%); NetProfit: 222 Cr (YoY +382.6%); EPS: 14.84","Sales last 3Q: 3,832, 3,930, 3,892 Cr; Net Profit last 3Q: 52, 55, 64 Cr",,,"P/E: 16.2; ROCE: 23.0; ROE: 20.4; Div Yield: 4.01; Book Value: 78.1; Mkt Cap: 3,716",2026-06-17
RACLGEAR,,,,,,,,,,,Sales: 490 Cr (YoY +18.1%); NetProfit: 49 Cr (YoY +104.2%); EPS: 41.52,"Sales last 3Q: 120, 137, 132 Cr; Net Profit last 3Q: 12, 16, 12 Cr",,,"P/E: 33.2; ROCE: 17.0; ROE: 17.0; Div Yield: 0.11; Book Value: 299; Mkt Cap: 1,630",2026-06-29
RADICO,,,,,,,,,,,Sales: 5851 Cr (YoY +20.8%); NetProfit: 517 Cr (YoY +49.4%); EPS: 38.62,"Sales last 3Q: 1506, 1494, 1547 Cr; Net Profit last 3Q: 131, 140, 155 Cr",Debt: 624 Cr,,ROCE: 16%; EPS: 38.62; NPM: 8.84%,2026-08-15
RAILTEL,,,,,,,,,,,"Sales: 2,225 Cr (YoY +13.3%); NetProfit: 215 Cr (YoY +13.8%); EPS: 6.69","Sales last 3Q: 704, 468, 599 Cr; Net Profit last 3Q: 76, 38, 68 Cr",,,"P/E: 53.0; ROCE: 16.2; ROE: 12.0; Div Yield: 0.92; Book Value: 53.7; Mkt Cap: 9,954",2026-06-29
RAIN,,,,,,,,,,,"Sales: 17,699 Cr (YoY +4.4%); NetProfit: 409 Cr (YoY +200.7%); EPS: 8.96","Sales last 3Q: 4,476, 4,301, 4,521 Cr; Net Profit last 3Q: 130, 38, 158 Cr",,,"P/E: 26.5; ROCE: 8.26; ROE: 0.60; Div Yield: 0.42; Book Value: 221; Mkt Cap: 8,005",2026-08-04
RAINBOW,,,,,,,,,,,"Sales: 1,820 Cr (YoY +6.9%); NetProfit: 290 Cr (YoY +2.8%); EPS: 28.10","Sales last 3Q: 445, 460, 470 Cr; Net Profit last 3Q: 74, 78, 63 Cr",,,"P/E: 54.9; ROCE: 17.4; ROE: 15.9; Div Yield: 0.23; Book Value: 162; Mkt Cap: 15,737",2026-08-03
RAJRATAN,,,,,,,,,,,"Sales: 1,156 Cr (YoY +23.6%); NetProfit: 70 Cr (YoY +18.6%); EPS: 13.81","Sales last 3Q: 294, 302, 314 Cr; Net Profit last 3Q: 21, 21, 15 Cr",,,"P/E: 34.1; ROCE: 13.2; ROE: 11.5; Div Yield: 0.43; Book Value: 128; Mkt Cap: 2,371",2026-07-06
RALLIS,,,,,,,,,,,"Sales: 2,604 Cr (YoY +7.2%); NetProfit: 164 Cr (YoY -28.4%); EPS: 8.44","Sales last 3Q: 728, 628, 508 Cr; Net Profit last 3Q: 56, 40, -14 Cr",,,"P/E: 27.9; ROCE: 12.8; ROE: 9.61; Div Yield: 1.32; Book Value: 87.2; Mkt Cap: 4,416",2026-06-29
RAMAPHO,,,,,,,,,,,,,,,P/E: 8.80; ROE: 13.28%; Div Yield: 0.60%; Book Value: ₹119.39; Mkt Cap: ₹464 Cr,2026-07-24
RAMCOCEM,,,,,,,,,,,"Sales: 9,228 Cr (YoY +2.2%); NetProfit: 645 Cr (YoY -7.7%); EPS: 27.29","Sales last 3Q: 2,106, 2,610, 2,273 Cr; Net Profit last 3Q: 386, 151, 31 Cr",,,"P/E: 112; ROCE: 6.13; ROE: 0.38; Div Yield: 0.28; Book Value: 343; Mkt Cap: 21,436",2026-08-15
RAMCOIND,,,,,,,,,,,"Sales: 1,792 Cr (YoY +8.0%); NetProfit: 306 Cr (YoY +69.1%); EPS: 35.27","Sales last 3Q: 365, 392, 502 Cr; Net Profit last 3Q: 41, 112, 88 Cr",,,"P/E: 8.77; ROCE: 4.57; ROE: 6.87; Div Yield: 0.33; Book Value: 521; Mkt Cap: 2,637",2026-06-24
RAMCOSYS,,,,,,,,,,,Sales: 701 Cr (YoY +18.6%); NetProfit: 42 Cr (YoY +223.5%); EPS: 11.17,"Sales last 3Q: 176, 178, 185 Cr; Net Profit last 3Q: 13, 3, 25 Cr",,,"P/E: 42.2; ROCE: 19.3; ROE: 18.0; Div Yield: 0.00; Book Value: 93.4; Mkt Cap: 2,537",2026-06-24
RAMKY,,,,,,,,,,,"Sales: 1,846 Cr (YoY -9.7%); NetProfit: 283 Cr (YoY +34.8%); EPS: 39.17","Sales last 3Q: 472, 489, 507 Cr; Net Profit last 3Q: 76, 78, 52 Cr",,,"P/E: 12.3; ROCE: 13.7; ROE: 11.1; Div Yield: 0.00; Book Value: 312; Mkt Cap: 2,795",2026-07-10
RAMRAT,,,,,,,,,,,"Sales: 5,177 Cr (YoY +40.8%); NetProfit: 109 Cr (YoY +55.7%); EPS: 11.47","Sales last 3Q: 1,163, 1,278, 1,753 Cr; Net Profit last 3Q: 22, 32, 39 Cr",,,"P/E: 34.3; ROCE: 23.6; ROE: 20.6; Div Yield: 0.31; Book Value: 62.1; Mkt Cap: 3,755",2026-06-17
RANEENGINE,,,,,,,,,,,Sales: 566 Cr (YoY -0.2%); NetProfit: 4 Cr (YoY -63.6%); EPS: 5.55,"Sales last 4Q: 150, 137, 147, 131 Cr; Net Profit last 4Q: 5, 2, 6, -9 Cr",Debt: 143 Cr,,ROCE: 13%; EPS: 5.55; NPM: 0.71%,2026-08-15
RATEGAIN,,,,,,,,,,,"Sales: 1,824 Cr (YoY +69.4%); NetProfit: 194 Cr (YoY -7.2%); EPS: 16.45","Sales last 3Q: 295, 540, 716 Cr; Net Profit last 3Q: 51, 26, 70 Cr",,,"P/E: 45.2; ROCE: 13.7; ROE: 12.0; Div Yield: 0.00; Book Value: 170; Mkt Cap: 9,985",2026-06-16
RATNAMANI,,,,,,,,,,,Sales: 5124 Cr (YoY -1.2%); NetProfit: 622 Cr (YoY +14.8%); EPS: 83.46,"Sales last 3Q: 1152, 1192, 1066 Cr; Net Profit last 3Q: 127, 156, 135 Cr",Debt: 241 Cr,,ROCE: 22%; EPS: 83.46; NPM: 12.14%,2026-08-15
RATNAVEER,,,,,,,,,,,"Sales: 1,069 Cr (YoY +19.8%); NetProfit: 64 Cr (YoY +36.2%); EPS: 9.46","Sales last 3Q: 269, 249, 315 Cr; Net Profit last 3Q: 17, 17, 18 Cr",,,"P/E: 24.3; ROE: 9.61; Div Yield: 0.00; Book Value: 98.4; Mkt Cap: 1,644",2026-08-15
RAYMOND,,,,,,,,,,,"Sales: 2,212 Cr (YoY +13.6%); NetProfit: 5,361 Cr (YoY -29.8%); EPS: 801.99","Sales last 3Q: 528, 557, 603 Cr; Net Profit last 3Q: 14, 7, 12 Cr",,,"P/E: 14.4; ROCE: 3.95; ROE: 8.30; Div Yield: 0.00; Book Value: 427; Mkt Cap: 3,932",2026-06-16
RAYMONDLSL,,,,,,,,,,,"Sales: 6,888 Cr (YoY +11.5%); NetProfit: 46 Cr (YoY +21.1%); EPS: 7.58","Sales last 3Q: 1,832, 1,849, 1,776 Cr; Net Profit last 3Q: 75, 43, -52 Cr",,,"P/E: 43.5; ROCE: 3.52; ROE: 1.14; Div Yield: 0.13; Book Value: 1,582; Mkt Cap: 4,787",2026-06-29
RAYMONDREL,,,,,,,,,,,"Sales: 2,991 Cr (YoY +429.4%); NetProfit: 305 Cr (YoY +1594.4%); EPS: 45.75","Sales last 3Q: 696, 758, 1,157 Cr; Net Profit last 3Q: 60, 67, 161 Cr",,,"P/E: 13.5; ROCE: 30.5; ROE: 37.7; Div Yield: 0.32; Book Value: 235; Mkt Cap: 4,117",2026-06-18
RBLBANK,,,,,,,,,,,Revenue: 14337 Cr (YoY +2.1%); NetProfit: 879 Cr (YoY +22.6%); EPS: 14.22,"Sales last 4Q: 3441, 3508, 3667, 3721 Cr; Net Profit last 4Q: 214, 192, 228, 244 Cr",,,ROE: 5%; EPS: 14.22; NPM: 6.13%,2026-08-15
RBZJEWEL,,,,,,,,,,,,,,,P/E: 10.50; ROE: 20.11%; Div Yield: 0.00%; Book Value: ₹74.96; Mkt Cap: ₹576 Cr,2026-07-08
RCF,,,,,,,,,,,"Sales: 18,480 Cr (YoY +9.1%); NetProfit: 427 Cr (YoY +76.4%); EPS: 7.75","Sales last 3Q: 5,293, 4,236, 5,581 Cr; Net Profit last 3Q: 105, 81, 187 Cr",,,"P/E: 18.7; ROCE: 10.2; ROE: 8.02; Div Yield: 0.98; Book Value: 92.8; Mkt Cap: 7,395",2026-06-24
RECLTD,,,,,,,,,,,"Sales: 59,202 Cr (YoY -0.6%); NetProfit: 16,035 Cr (YoY -1.7%); EPS: 60.90","Sales last 3Q: 15,051, 14,564, 14,435 Cr; Net Profit last 3Q: 4,052, 3,375, 4,193 Cr",,,"P/E: 5.50; ROCE: 9.71; ROE: 20.1; Div Yield: 5.54; Book Value: 321; Mkt Cap: 88,213",2026-08-15
REDINGTON,,,,,,,,,,,"Sales: 128,133 Cr (YoY +7.5%); NetProfit: 1,505 Cr (YoY +17.2%); EPS: 21.76","Sales last 3Q: 30,922, 33,213, 34,922 Cr; Net Profit last 3Q: 413, 288, 453 Cr",,,"P/E: 14.0; ROCE: 18.4; ROE: 16.9; Div Yield: 1.87; Book Value: 130; Mkt Cap: 25,146",2026-07-31
REDTAPE,,,,,,,,,,,"Sales: 2,419 Cr (YoY +19.7%); NetProfit: 241 Cr (YoY +41.8%); EPS: 4.35","Sales last 3Q: 492, 787, 676 Cr; Net Profit last 3Q: 28, 105, 70 Cr",,,"P/E: 30.5; ROCE: 24.1; ROE: 26.6; Div Yield: 1.51; Book Value: 18.5; Mkt Cap: 7,333",2026-06-17
REFEX,,,,,,,,,,,"Sales: 2,277 Cr (YoY -7.7%); NetProfit: 204 Cr (YoY +29.1%); EPS: 14.82","Sales last 3Q: 415, 576, 934 Cr; Net Profit last 3Q: 36, 53, 94 Cr",,,"P/E: 18.1; ROCE: 22.4; ROE: 17.8; Div Yield: 0.16; Book Value: 110; Mkt Cap: 4,370",2026-06-18
RELAXO,,,,,,,,,,,,,,,P/E: 51.10; ROE: 8.33%; Div Yield: 0.96%; Book Value: ₹88.69; Mkt Cap: ₹9185 Cr,2026-06-24
RELIANCE,,,,,,,,,,,Sales: 1057219 Cr (YoY +9.8%); NetProfit: 95754 Cr (YoY +17.8%); EPS: 59.69,"Sales last 3Q: 254623, 264905, 294059 Cr; Net Profit last 3Q: 22092, 22290, 20589 Cr",Debt: 398000 Cr,,ROCE: 8%; EPS: 59.69; NPM: 9.06%,2026-08-15
RELIGARE,,,,,,,,,,,"Sales: 8,954 Cr (YoY +5.9%); NetProfit: 18 Cr (YoY -75.3%); EPS: 1.51","Sales last 3Q: 2,056, 2,467, 2,353 Cr; Net Profit last 3Q: -77, 96, -47 Cr",,,"P/E: 163; ROCE: 3.06; ROE: 3.17; Div Yield: 0.00; Book Value: 87.4; Mkt Cap: 8,093",2026-08-15
RELINFRA,,,,,,,,,,,Sales: 20547 Cr (YoY -15.9%); NetProfit: 11460 Cr (YoY +24.9%); EPS: 159.25,"Sales last 3Q: 5908, 6235, 4297 Cr; Net Profit last 3Q: 305, 2575, 317 Cr",Debt: 5737 Cr,,ROCE: -1%; EPS: 159.25; NPM: 55.77%,2026-08-15
RELTD,,,,,,,,,,,Sales: 543 Cr (YoY +117.2%); NetProfit: 81 Cr (YoY +268.2%); EPS: 4.07,"Sales last 3Q: 120, 127, 133 Cr; Net Profit last 3Q: 31, 15, 13 Cr",,,"P/E: 39.1; ROCE: 15.9; ROE: 21.2; Div Yield: 0.00; Book Value: 21.3; Mkt Cap: 3,154",2026-06-24
REPCOHOME,,,,,,,,,,,"Sales: 1,792 Cr (YoY +4.4%); NetProfit: 475 Cr (YoY +3.0%); EPS: 75.99","Sales last 3Q: 441, 457, 454 Cr; Net Profit last 3Q: 110, 115, 135 Cr",,,"P/E: 5.52; ROCE: 10.2; ROE: 12.7; Div Yield: 1.07; Book Value: 646; Mkt Cap: 2,627",2026-06-25
REPRO,,,,,,,,,,,Sales: 517 Cr (YoY +4.7%); NetProfit: 98 Cr (YoY +397.0%); EPS: 68.29,"Sales last 3Q: 130, 139, 140 Cr; Net Profit last 3Q: 1, -11, 129 Cr",,,ROCE: 1.21; ROE: -4.42; Div Yield: 0.00; Book Value: 244; Mkt Cap: 561,2026-08-04
RESPONIND,,,,,,,,,,,"Sales: 1,394 Cr (YoY -1.7%); NetProfit: 148 Cr (YoY -25.6%); EPS: 5.57","Sales last 3Q: 314, 311, 430 Cr; Net Profit last 3Q: 53, 22, 23 Cr",,,"P/E: 34.7; ROCE: 10.8; ROE: 10.3; Div Yield: 0.05; Book Value: 58.5; Mkt Cap: 5,171",2026-06-25
RGL,,,,,,,,,,,"Sales: 2,813 Cr (YoY +35.2%); NetProfit: 90 Cr (YoY +21.6%); EPS: 8.39","Sales last 3Q: 546, 963, 773 Cr; Net Profit last 3Q: 20, 33, 30 Cr",,,"P/E: 12.4; ROCE: 8.00; ROE: 6.88; Div Yield: 0.00; Book Value: 141; Mkt Cap: 1,234",2026-06-24
RHIM,,,,,,,,,,,"Sales: 4,074 Cr (YoY +1.3%); NetProfit: -354 Cr (YoY +7.6%); EPS: -17.12","Sales last 3Q: 1,092, 932, 1,014 Cr; Net Profit last 3Q: 62, -518, 65 Cr",,,"P/E: 41.9; ROCE: 6.52; ROE: 2.91; Div Yield: 0.66; Book Value: 172; Mkt Cap: 7,844",2026-08-15
RHL,,,,,,,,,,,,,,,P/E: 12.13; ROE: 3.39%; Div Yield: 0.00%; Book Value: ₹428.71; Mkt Cap: ₹300 Cr,2026-07-16
RICOAUTO,,,,,,,,,,,Sales: 2346 Cr (YoY +6.1%); NetProfit: 53 Cr (YoY +152.4%); EPS: 3.83,"Sales last 4Q: 545, 543, 627, 629 Cr; Net Profit last 4Q: 7, 17, 18, 11 Cr",Debt: 692 Cr,,ROCE: 6%; EPS: 3.83; NPM: 2.26%,2026-08-15
RIIL,,,,,,,,,,,Sales: 45 Cr (YoY -8.2%); NetProfit: 12 Cr (YoY +0.0%); EPS: 8.21,"Sales last 3Q: 12.17, 12.36, 8.43 Cr; Net Profit last 3Q: 3.06, 3.01, 3.22 Cr",,,"P/E: 102; ROCE: 3.01; ROE: 2.65; Div Yield: 0.42; Book Value: 314; Mkt Cap: 1,260",2026-06-29
RISHABH,,,,,,,,,,,Sales: 775 Cr (YoY +7.6%); NetProfit: 82 Cr (YoY +290.5%); EPS: 21.15,"Sales last 3Q: 196, 184, 205 Cr; Net Profit last 3Q: 22, 21, 20 Cr",,,"P/E: 27.6; ROCE: 14.5; ROE: 12.0; Div Yield: 0.00; Book Value: 193; Mkt Cap: 2,246",2026-06-29
RITCO,,,,,,,,,,,"Sales: 1,499 Cr (YoY +26.3%); NetProfit: 32 Cr (YoY -22.0%); EPS: 12.57","Sales last 3Q: 360.38, 392.64, 391.83 Cr; Net Profit last 3Q: 9.33, 9.63, 4.01 Cr",,,P/E: 21.4; ROCE: 10.1; ROE: 10.5; Div Yield: 0.00; Book Value: 127; Mkt Cap: 769,2026-07-07
RITES,,,,,,,,,,,"Sales: 2,415 Cr (YoY +8.9%); NetProfit: 454 Cr (YoY +7.1%); EPS: 8.54","Sales last 3Q: 549, 609, 768 Cr; Net Profit last 3Q: 109, 115, 139 Cr",,,"P/E: 24.3; ROCE: 22.0; ROE: 15.4; Div Yield: 3.64; Book Value: 55.8; Mkt Cap: 9,953",2026-06-29
RKFORGE,,,,,,,,,,,"Sales: 4,440 Cr (YoY +4.8%); NetProfit: 107 Cr (YoY +48.6%); EPS: 5.88","Sales last 3Q: 1,099, 1,217, 1,217 Cr; Net Profit last 3Q: 14, 56, 47 Cr",,,"P/E: 116; ROCE: 5.60; ROE: 2.51; Div Yield: 0.14; Book Value: 181; Mkt Cap: 13,346",2026-08-15
RKSWAMY,,,,,,,,,,,Sales: 341 Cr (YoY +16.0%); NetProfit: 22 Cr (YoY +15.8%); EPS: 4.38,"Sales last 3Q: 74, 89, 101 Cr; Net Profit last 3Q: 1, 3, 16 Cr",,,P/E: 22.0; ROCE: 12.2; ROE: 9.50; Div Yield: 1.41; Book Value: 52.3; Mkt Cap: 537,2026-07-03
RML,,,,,,,,,,,"Sales: 3,863 Cr (YoY +13.4%); NetProfit: 107 Cr (YoY +181.6%); EPS: 38.89","Sales last 3Q: 919, 1,015, 1,048 Cr; Net Profit last 3Q: 21, 31, 37 Cr",,,"P/E: 28.2; ROCE: 14.0; ROE: 15.5; Div Yield: 1.43; Book Value: 272; Mkt Cap: 3,099",2026-06-20
ROLEXRINGS,,,,,,,,,,,,,,,P/E: 27.70; ROE: 12.35%; Div Yield: 0.00%; Book Value: ₹44.56; Mkt Cap: ₹3901 Cr,2026-06-20
ROSSARI,,,,,,,,,,,"Sales: 2,396 Cr (YoY +15.2%); NetProfit: 149 Cr (YoY +9.6%); EPS: 26.94","Sales last 3Q: 586, 582, 685 Cr; Net Profit last 3Q: 37, 33, 46 Cr",,,"P/E: 19.9; ROCE: 14.6; ROE: 11.8; Div Yield: 0.09; Book Value: 241; Mkt Cap: 2,974",2026-06-24
ROSSTECH,,,,,,,,,,,Sales: 485 Cr (YoY +86.5%); NetProfit: 22 Cr (YoY +175.0%); EPS: 5.81,"Sales last 3Q: 125.91, 129.93, 142.07 Cr; Net Profit last 3Q: 5.67, 5.41, 7.52 Cr",,,"P/E: 171; ROCE: 11.5; ROE: 15.7; Div Yield: 0.02; Book Value: 41.1; Mkt Cap: 3,874",2026-06-20
ROUTE,,,,,,,,,,,"Sales: 4,408 Cr (YoY -3.7%); NetProfit: 257 Cr (YoY -23.1%); EPS: 37.94","Sales last 3Q: 1,119, 1,107, 1,131 Cr; Net Profit last 3Q: -19, 103, 114 Cr",,,"P/E: 10.2; ROCE: 17.2; ROE: 12.5; Div Yield: 2.10; Book Value: 440; Mkt Cap: 3,308",2026-06-25
RPEL,,,,,,,,,,,Sales: 286 Cr (YoY +11.3%); NetProfit: 63 Cr (YoY +14.5%); EPS: 13.65,"Sales last 3Q: 64, 71, 87 Cr; Net Profit last 3Q: 14, 15, 20 Cr",,,"P/E: 105; ROCE: 30.3; ROE: 24.3; Div Yield: 0.07; Book Value: 53.3; Mkt Cap: 6,585",2026-08-15
RPGLIFE,,,,,,,,,,,Sales: 708 Cr (YoY +8.4%); NetProfit: 115 Cr (YoY -37.2%); EPS: 69.64,"Sales last 3Q: 182, 180, 177 Cr; Net Profit last 3Q: 37, 22, 30 Cr",,,"P/E: 43.1; ROCE: 25.7; ROE: 19.3; Div Yield: 0.84; Book Value: 366; Mkt Cap: 4,723",2026-07-10
RPSGVENT,,,,,,,,,,,"Sales: 11,323 Cr (YoY +17.8%); NetProfit: 2 Cr (YoY -98.8%); EPS: -41.70","Sales last 3Q: 2,668, 2,756, 2,927 Cr; Net Profit last 3Q: -41, -136, -72 Cr",,,"ROCE: 10.7; ROE: -5.35; Div Yield: 0.00; Book Value: 757; Mkt Cap: 3,040",2026-07-08
RPTECH,,,,,,,,,,,Sales: 14311 Cr (YoY +3.9%); NetProfit: 248 Cr (YoY +18.1%); EPS: 37.13,"Sales last 4Q: 2973, 3152, 4155, 4030 Cr; Net Profit last 4Q: 53, 62, 59, 75 Cr",Debt: 970 Cr,,ROCE: 14%; EPS: 37.13; NPM: 1.73%,2026-08-15
RRKABEL,,,,,,,,,,,Sales: 8976 Cr (YoY +17.8%); NetProfit: 453 Cr (YoY +45.2%); EPS: 40.1,"Sales last 3Q: 2059, 2164, 2536 Cr; Net Profit last 3Q: 90, 116, 118 Cr",Debt: 393 Cr,,ROCE: 20%; EPS: 40.1; NPM: 5.05%,2026-08-15
RSDFIN,,,,,,,,,,,Sales: 38 Cr (YoY -71.2%); NetProfit: 15 Cr (YoY -16.7%); EPS: 9.93,"Sales last 3Q: 6.28, 14.25, 5.58 Cr; Net Profit last 3Q: 2.76, 8.15, -3.30 Cr",,,P/E: 11.1; ROCE: 8.02; ROE: 5.96; Div Yield: 0.00; Book Value: 169; Mkt Cap: 143,2026-07-31
RSL,,,,,,,,,,,,,,,P/E: 17.95; ROE: 19.34%; Div Yield: 0.00%; Book Value: ₹52.13; Mkt Cap: ₹1074 Cr,2026-06-29
RSWM,,,,,,,,,,,"Sales: 4,554 Cr (YoY -5.6%); NetProfit: 52 Cr (YoY +230.0%); EPS: 11.04","Sales last 3Q: 1,151, 1,091, 1,142 Cr; Net Profit last 3Q: 7, 2, 34 Cr",,,P/E: 15.4; ROCE: 6.00; ROE: 4.68; Div Yield: 0.00; Book Value: 289; Mkt Cap: 961,2026-06-16
RSYSTEMS,,,,,,,,,,,"Sales: 2,091 Cr (YoY +6.8%); NetProfit: 213 Cr (YoY +14.5%); EPS: 17.99","Sales last 3Q: 499, 555, 575 Cr; Net Profit last 3Q: 35, 36, 65 Cr",,,"P/E: 12.8; ROCE: 19.5; ROE: 24.4; Div Yield: 5.04; Book Value: 66.9; Mkt Cap: 2,941",2026-06-29
RUBICON,,,,,,,,,,,"Sales: 1,936 Cr (YoY +10.4%); NetProfit: 288 Cr (YoY +16.6%); EPS: 17.69","Sales last 3Q: 476, 514, 534 Cr; Net Profit last 3Q: 73, 77, 85 Cr",,,"P/E: 93.0; ROCE: 28.4; ROE: 27.0; Div Yield: 0.09; Book Value: 78.1; Mkt Cap: 26,801",2026-08-15
RUCHIRA,,,,,,,,,,,,,,,P/E: 7.46; ROE: 9.18%; Div Yield: 4.45%; Book Value: ₹165.68; Mkt Cap: ₹329 Cr,2026-06-29
RUPA,,,,,,,,,,,"Sales: 1,259 Cr (YoY +1.6%); NetProfit: 72 Cr (YoY -13.3%); EPS: 9.12","Sales last 3Q: 320, 314, 442 Cr; Net Profit last 3Q: 14, 16, 36 Cr",,,"P/E: 17.5; ROCE: 9.55; ROE: 7.36; Div Yield: 1.78; Book Value: 134; Mkt Cap: 1,345",2026-06-24
RUSTOMJEE,,,,,,,,,,,"Sales: 2,635 Cr (YoY +31.5%); NetProfit: 95 Cr (YoY -49.5%); EPS: 6.25","Sales last 3Q: 499, 266, 1,596 Cr; Net Profit last 3Q: 10, 5, 64 Cr",,,"P/E: 68.0; ROCE: 4.68; ROE: 2.80; Div Yield: 0.35; Book Value: 227; Mkt Cap: 5,363",2026-06-29
RVNL,,,,,,,,,,,"Sales: 20,825 Cr (YoY +2.0%); NetProfit: 896 Cr (YoY +2.9%); EPS: 4.31","Sales last 3Q: 4,684, 6,696, 4,321 Cr; Net Profit last 3Q: 324, 182, 160 Cr",,,"P/E: 52.7; ROCE: 10.8; ROE: 9.02; Div Yield: 0.75; Book Value: 47.1; Mkt Cap: 47,403",2026-08-15
SAATVIKGL,,,,,,,,,,,"Sales: 4,548 Cr (YoY +110.8%); NetProfit: 357 Cr (YoY +66.8%); EPS: 28.11","Sales last 3Q: 768, 1,257, 1,608 Cr; Net Profit last 3Q: 83, 97, 60 Cr",,,"P/E: 17.2; ROCE: 32.9; ROE: 42.4; Div Yield: 0.00; Book Value: 107; Mkt Cap: 6,205",2026-06-24
SAFARI,,,,,,,,,,,"Sales: 2,047 Cr (YoY +15.5%); NetProfit: 168 Cr (YoY +17.5%); EPS: 34.24","Sales last 3Q: 534, 512, 473 Cr; Net Profit last 3Q: 47, 33, 37 Cr",,,"P/E: 47.1; ROCE: 19.5; ROE: 16.2; Div Yield: 0.25; Book Value: 228; Mkt Cap: 7,899",2026-07-07
SAGCEM,,,,,,,,,,,"Sales: 2,650 Cr (YoY +17.4%); NetProfit: -1 Cr (YoY +99.5%); EPS: -0.85","Sales last 3Q: 602, 591, 787 Cr; Net Profit last 3Q: -44, -64, 100 Cr",,,"ROCE: 1.97; ROE: -1.05; Div Yield: 0.00; Book Value: 130; Mkt Cap: 2,323",2026-06-29
SAHYADRI,,,,,,,,,,,,,,,P/E: 13.78; ROE: 7.39%; Div Yield: 0.44%; Book Value: ₹371.06; Mkt Cap: ₹400 Cr,2026-08-13
SAIL,,,,,,,,,,,Sales: 109313 Cr (YoY +6.7%); NetProfit: 2788 Cr (YoY +17.5%); EPS: 6.75,"Sales last 3Q: 25922, 26704, 27371 Cr; Net Profit last 3Q: 745, 419, 374 Cr",Debt: 33663 Cr,,ROCE: 7%; EPS: 6.75; NPM: 2.55%,2026-08-15
SAILIFE,,,,,,,,,,,Sales: 2170 Cr (YoY +28%); NetProfit: 333 Cr (YoY +95.9%); EPS: 15.89,"Sales last 4Q: 580, 496, 537, 556 Cr; Net Profit last 4Q: 88, 60, 84, 100 Cr",Debt: 418 Cr,,ROCE: 14%; EPS: 15.89; NPM: 15.35%,2026-08-15
SAIPARENT,,,,,,,,,,,Sales: 381 Cr (YoY +133.7%); NetProfit: 14 Cr (YoY +0.0%); EPS: 3.23,"Sales last 3Q: 96, 198 Cr; Net Profit last 3Q: -7, 13 Cr",,,"P/E: 180; ROCE: 5.97; ROE: 4.88; Div Yield: 0.00; Mkt Cap: 2,571",2026-06-29
SAKAR,,,,,,,,,,,Sales: 231 Cr (YoY +29.8%); NetProfit: 25 Cr (YoY +38.9%); EPS: 11.37,"Sales last 4Q: 50, 53, 58, 70 Cr; Net Profit last 4Q: 6, 5, 5, 10 Cr",Debt: 72 Cr,,ROCE: 9%; EPS: 11.37; NPM: 10.82%,2026-08-15
SAKSOFT,,,,,,,,,,,"Sales: 1,007 Cr (YoY +14.0%); NetProfit: 133 Cr (YoY +22.0%); EPS: 10.05","Sales last 3Q: 258, 251, 249 Cr; Net Profit last 3Q: 36, 29, 36 Cr",,,"P/E: 15.5; ROCE: 25.5; ROE: 19.6; Div Yield: 0.62; Book Value: 58.8; Mkt Cap: 2,124",2026-06-25
SALZERELEC,,,,,,,,,,,"Sales: 1,815 Cr (YoY +3.2%); NetProfit: 45 Cr (YoY -16.7%); EPS: 24.72","Sales last 3Q: 424.20, 474.14, 498.02 Cr; Net Profit last 3Q: 12.70, 10.47, 8.33 Cr",,,"P/E: 23.1; ROCE: 11.5; ROE: 9.32; Div Yield: 0.44; Book Value: 335; Mkt Cap: 1,010",2026-08-10
SAMBHV,,,,,,,,,,,"Sales: 2,413 Cr (YoY +59.7%); NetProfit: 142 Cr (YoY +149.1%); EPS: 4.82","Sales last 3Q: 580, 589, 685 Cr; Net Profit last 3Q: 31, 24, 53 Cr",,,"P/E: 23.0; ROCE: 19.4; ROE: 18.7; Div Yield: 0.00; Book Value: 35.8; Mkt Cap: 3,329",2026-06-24
SAMHI,,,,,,,,,,,"Sales: 1,248 Cr (YoY +10.4%); NetProfit: 567 Cr (YoY +559.3%); EPS: 22.64","Sales last 3Q: 293, 338, 345 Cr; Net Profit last 3Q: 100, 48, 399 Cr",,,"P/E: 9.92; ROCE: 8.92; ROE: 24.8; Div Yield: 0.00; Book Value: 98.2; Mkt Cap: 4,091",2026-06-24
SAMMAANCAP,,,,,,,,,,,"Sales: 8,166 Cr (YoY -5.9%); NetProfit: -7,145 Cr (YoY -295.4%); EPS: -61.66","Sales last 3Q: 2,251, 2,158, 1,358 Cr; Net Profit last 3Q: 308, 314, -8,101 Cr",,,"ROCE: 4.92; ROE: -3.18; Div Yield: 0.00; Book Value: 164; Mkt Cap: 20,442",2026-06-18
SANATHAN,,,,,,,,,,,"Sales: 3,811 Cr (YoY +27.1%); NetProfit: 77 Cr (YoY -51.9%); EPS: 9.16","Sales last 3Q: 818, 1,079, 1,169 Cr; Net Profit last 3Q: 20, -5, 22 Cr",,,"P/E: 50.8; ROCE: 6.71; ROE: 4.20; Div Yield: 0.00; Book Value: 222; Mkt Cap: 3,928",2026-07-21
SANDESH,,,,,,,,,,,Sales: 824 Cr (YoY +87.3%); NetProfit: 107 Cr (YoY +62.1%); EPS: 141.75,"Sales last 3Q: 77, 211, 458 Cr; Net Profit last 3Q: 38, -35, 99 Cr",,,"P/E: 7.94; ROCE: 7.03; ROE: 4.83; Div Yield: 0.43; Book Value: 1,886; Mkt Cap: 866",2026-08-07
SANDHAR,,,,,,,,,,,Sales: 4559 Cr (YoY +17.4%); NetProfit: 177 Cr (YoY +24.6%); EPS: 29.48,"Sales last 4Q: 1014, 1090, 1270, 1185 Cr; Net Profit last 4Q: 43, 28, 73, 33 Cr",Debt: 955 Cr,,ROCE: 15%; EPS: 29.48; NPM: 3.88%,2026-08-15
SANDUMA,,,,,,,,,,,"Sales: 5,088 Cr (YoY +62.3%); NetProfit: 658 Cr (YoY +39.7%); EPS: 13.51","Sales last 3Q: 1,232, 1,209, 1,511 Cr; Net Profit last 3Q: 139, 116, 236 Cr",,,"P/E: 14.8; ROCE: 24.4; ROE: 23.2; Div Yield: 0.20; Book Value: 66.9; Mkt Cap: 10,093",2026-06-24
SANGAMIND,,,,,,,,,,,"Sales: 3,235 Cr (YoY +13.2%); NetProfit: 83 Cr (YoY +159.4%); EPS: 18.34","Sales last 3Q: 786, 775, 884 Cr; Net Profit last 3Q: 23, 24, 33 Cr",,,"P/E: 31.8; ROCE: 10.4; ROE: 8.38; Div Yield: 0.36; Book Value: 239; Mkt Cap: 2,778",2026-06-24
SANGHVIMOV,,,,,,,,,,,"Sales: 1,070 Cr (YoY +36.8%); NetProfit: 184 Cr (YoY +17.2%); EPS: 21.29","Sales last 3Q: 210, 236, 351 Cr; Net Profit last 3Q: 36, 29, 69 Cr",,,"P/E: 19.2; ROCE: 16.7; ROE: 15.5; Div Yield: 0.47; Book Value: 151; Mkt Cap: 3,648",2026-06-16
SANOFI,,,,,,,,,,,"Sales: 2,013 Cr (YoY +0.9%); NetProfit: 413 Cr (YoY -31.5%); EPS: 179.70","Sales last 3Q: 464, 524, 515 Cr; Net Profit last 3Q: 103, 82, 91 Cr",,,"P/E: 17.8; ROCE: 49.2; ROE: 47.1; Div Yield: 2.19; Book Value: 374; Mkt Cap: 7,875",2026-07-29
SANOFICONR,,,,,,,,,,,,,,,P/E: 41.15; ROE: N/A (see financials); Div Yield: 1.60%; Book Value: ₹166.71; Mkt Cap: ₹10944 Cr,2026-07-29
SANSERA,,,,,,,,,,,Sales: 3281 Cr (YoY +8.8%); NetProfit: 263 Cr (YoY +21.2%); EPS: 42.21,"Sales last 4Q: 782, 766, 825, 908 Cr; Net Profit last 4Q: 59, 63, 71, 69 Cr",Debt: 439 Cr,,ROCE: 13%; EPS: 42.21; NPM: 8.02%,2026-08-15
SANSTAR,,,,,,,,,,,"Sales: 1,067 Cr (YoY -11.5%); NetProfit: 67 Cr (YoY +59.5%); EPS: 4.75","Sales last 3Q: 304, 291 Cr; Net Profit last 3Q: 14, 17 Cr",,,"P/E: 30.7; ROCE: 29.2; ROE: 29.9; Div Yield: 0.00; Mkt Cap: 2,100",2026-06-16
SAPPHIRE,,,,,,,,,,,"Sales: 3,239 Cr (YoY +3.6%); NetProfit: -16 Cr (YoY +50.0%); EPS: -0.50","Sales last 3Q: 814, 792, 891 Cr; Net Profit last 3Q: -5, -13, 14 Cr",,,"P/E: 3,065; ROCE: 3.98; ROE: -1.03; Div Yield: 0.00; Book Value: 43.3; Mkt Cap: 7,544",2026-08-15
SARDAEN,,,,,,,,,,,Sales: 5676 Cr (YoY +22.2%); NetProfit: 1055 Cr (YoY +50.3%); EPS: 29.97,"Sales last 4Q: 1239, 1633, 1528, 1276 Cr; Net Profit last 4Q: 100, 437, 328, 190 Cr",Debt: 2681 Cr,,ROCE: 17%; EPS: 29.97; NPM: 18.59%,2026-08-15
SAREGAMA,,,,,,,,,,,"Sales: 1,041 Cr (YoY +5.7%); NetProfit: 221 Cr (YoY +7.3%); EPS: 11.51","Sales last 3Q: 260, 287, 264 Cr; Net Profit last 3Q: 51, 74, 52 Cr",,,"P/E: 44.6; ROCE: 17.8; ROE: 13.0; Div Yield: 0.85; Book Value: 87.8; Mkt Cap: 10,167",2026-08-15
SARLAPOLY,,,,,,,,,,,Sales: 401 Cr (YoY -5.6%); NetProfit: -13 Cr (YoY -121.0%); EPS: -1.57,"Sales last 3Q: 107, 89, 103 Cr; Net Profit last 3Q: 19, 5, -60 Cr",,,P/E: 14.2; ROCE: 10.1; ROE: 12.5; Div Yield: 1.87; Book Value: 61.6; Mkt Cap: 895,2026-07-06
SASKEN,,,,,,,,,,,"Sales: 1,113 Cr (YoY +102.0%); NetProfit: 59 Cr (YoY +15.7%); EPS: 35.51","Sales last 3Q: 255, 250, 334 Cr; Net Profit last 3Q: 10, 9, 29 Cr",,,"P/E: 66.6; ROCE: 10.2; ROE: 7.18; Div Yield: 0.97; Book Value: 563; Mkt Cap: 3,927",2026-06-20
SATIN,,,,,,,,,,,Revenue: 2865 Cr (YoY +10.4%); NetProfit: 192 Cr (YoY +3.2%); EPS: 17.38,"Sales last 4Q: 621, 709, 788, 747 Cr; Net Profit last 4Q: 22, 45, 53, 72 Cr",,,ROE: 8%; EPS: 17.38; NPM: 6.7%,2026-08-15
SBCL,,,,,,,,,,,Sales: 616 Cr (YoY +7.9%); NetProfit: 106 Cr (YoY +10.4%); EPS: 18.41,"Sales last 3Q: 134, 163, 182 Cr; Net Profit last 3Q: 22, 26, 33 Cr",,,"P/E: 56.2; ROCE: 26.8; ROE: 21.8; Div Yield: 0.38; Book Value: 83.6; Mkt Cap: 5,991",2026-08-15
SBICARD,,,,,,,,,,,,,,,P/E: 26.45; ROE: N/A (see financials); Div Yield: 0.39%; Book Value: ₹165.18; Mkt Cap: ₹60239 Cr,2026-08-15
SBIETFPB,,,,,,,,,,,,,,,P/E: 19.46; ROE: N/A (see financials); Div Yield: 0.00%; Book Value: ₹N/A; Mkt Cap: N/A,2026-06-29
SBILIFE,,,,,,,,,,,Sales: 112315 Cr (YoY -3.9%); NetProfit: 2470 Cr (YoY +2.4%); EPS: 24.63,"Sales last 4Q: 38996, 23115, 46133, 4071 Cr; Net Profit last 4Q: 594, 495, 577, 805 Cr",Debt: 0 Cr,,ROCE: 15%; EPS: 24.63; NPM: 2.2%,2026-08-15
SBILIQETF,,,,,,,,,,,,,,,P/E: N/A; ROE: N/A (see financials); Div Yield: 0.00%; Book Value: ₹N/A; Mkt Cap: N/A,2026-08-15
SBIN,,,,,,,,,,,"Sales: 514,933 Cr (YoY +5.0%); NetProfit: 86,666 Cr (YoY +7.6%); EPS: 90.24","Sales last 3Q: 128,040, 130,386, 131,080 Cr; Net Profit last 3Q: 21,861, 22,176, 20,508 Cr",,,"P/E: 11.5; ROCE: 6.13; ROE: 15.4; Div Yield: 1.68; Book Value: 646; Mkt Cap: 9,55,186",2026-06-24
SBISILVER,,,,,,,,,,,,,,,P/E: N/A; ROE: N/A (see financials); Div Yield: 0.00%; Book Value: ₹N/A; Mkt Cap: N/A,2026-06-24
SCHAEFFLER,,,,,,,,,,,"Sales: 10,505 Cr (YoY +8.5%); NetProfit: 1,253 Cr (YoY +9.0%); EPS: 80.19","Sales last 3Q: 2,724, 2,586, 2,761 Cr; Net Profit last 3Q: 322, 316, 326 Cr",,,"P/E: 50.4; ROCE: 27.3; ROE: 20.2; Div Yield: 0.87; Book Value: 393; Mkt Cap: 63,197",2026-08-15
SCHNEIDER,,,,,,,,,,,Sales: 2888 Cr (YoY +9.5%); NetProfit: 245 Cr (YoY -8.6%); EPS: 10.25,"Sales last 3Q: 622, 650, 1029 Cr; Net Profit last 3Q: 41, 52, 97 Cr",Debt: 527 Cr,,ROCE: 41%; EPS: 10.25; NPM: 8.48%,2026-08-15
SCI,,,,,,,,,,,Sales: 5592 Cr (YoY -0.2%); NetProfit: 1133 Cr (YoY +34.2%); EPS: 24.32,"Sales last 4Q: 1325, 1316, 1339, 1612 Cr; Net Profit last 4Q: 185, 354, 189, 405 Cr",Debt: 2811 Cr,,ROCE: 10%; EPS: 24.32; NPM: 20.26%,2026-08-15
SCODATUBES,,,,,,,,,,,,,,,P/E: 21.22; ROE: 14.37%; Div Yield: 0.00%; Book Value: ₹63.00; Mkt Cap: ₹863 Cr,2026-06-25
SCPL,,,,,,,,,,,,,,,P/E: 30.84; ROE: 13.27%; Div Yield: 0.00%; Book Value: ₹149.43; Mkt Cap: ₹589 Cr,2026-07-03
SEAMECLTD,,,,,,,,,,,Sales: 952 Cr (YoY +46.0%); NetProfit: 254 Cr (YoY +188.6%); EPS: 98.88,"Sales last 3Q: 97, 317, 327 Cr; Net Profit last 3Q: -26, 100, 104 Cr",,,"P/E: 15.6; ROCE: 20.0; ROE: 21.8; Div Yield: 0.00; Book Value: 512; Mkt Cap: 3,920",2026-08-13
SEDEMAC,,,,,,,,,,,,,,,P/E: 115.52; ROE: 27.53%; Div Yield: 0.00%; Book Value: ₹102.50; Mkt Cap: ₹11969 Cr,2026-06-29
SEIL,,,,,,,,,,,Sales: 55.58 Cr (YoY -5.8%); NetProfit: 5.89 Cr (YoY -16.6%); EPS: 0.37,"Sales last 3Q: 11.42, 5.83, 23.17 Cr; Net Profit last 3Q: 2.62, -0.61, 0.98 Cr",,,"P/E: 640; ROCE: 10.3; ROE: 7.99; Div Yield: 0.00; Book Value: 4.76; Mkt Cap: 3,769",2026-07-03
SENCO,,,,,,,,,,,"Sales: 9,660 Cr (YoY +14.6%); NetProfit: 571 Cr (YoY -0.5%); EPS: 34.86","Sales last 3Q: 3,071, 1,997, 3,056 Cr; Net Profit last 3Q: 264, 157, 101 Cr",,,"P/E: 9.82; ROCE: 21.2; ROE: 25.6; Div Yield: 0.51; Book Value: 153; Mkt Cap: 5,603",2026-08-15
SENORES,,,,,,,,,,,Sales: 589 Cr (YoY +48%); NetProfit: 103 Cr (YoY +77.6%); EPS: 22.05,"Sales last 4Q: 114, 138, 162, 175 Cr; Net Profit last 4Q: 18, 21, 30, 34 Cr",Debt: 241 Cr,,ROCE: 2%; EPS: 22.05; NPM: 17.49%,2026-08-15
SERVOTECH,,,,,,,,,,,Sales: 672 Cr (YoY -0.3%); NetProfit: 32 Cr (YoY -3.0%); EPS: 1.49,"Sales last 3Q: 106, 211, 217 Cr; Net Profit last 3Q: 0, 16, 11 Cr",,,"P/E: 69.9; ROCE: 12.8; ROE: 12.8; Div Yield: 0.05; Book Value: 12.8; Mkt Cap: 2,347",2026-06-18
SESHAPAPER,,,,,,,,,,,"Sales: 1,710 Cr (YoY -2.5%); NetProfit: 83 Cr (YoY -23.9%); EPS: 13.09","Sales last 3Q: 346, 387, 592 Cr; Net Profit last 3Q: 22, 19, 26 Cr",,,"P/E: 17.3; ROCE: 5.60; ROE: 4.10; Div Yield: 0.91; Book Value: 324; Mkt Cap: 1,427",2026-06-29
SETFGOLD,,,,,,,,,,,,,,,P/E: N/A; ROE: N/A (see financials); Div Yield: 0.00%; Book Value: ₹N/A; Mkt Cap: N/A,2026-06-25
SETFNIF50,,,,,,,,,,,,,,,P/E: 21.65; ROE: N/A (see financials); Div Yield: 0.00%; Book Value: ₹N/A; Mkt Cap: N/A,2026-06-25
SETFNIFBK,,,,,,,,,,,,,,,P/E: 15.04; ROE: N/A (see financials); Div Yield: 0.00%; Book Value: ₹N/A; Mkt Cap: N/A,2026-06-29
SETL,,,,,,,,,,,Sales: 774 Cr (YoY +26.1%); NetProfit: 83 Cr (YoY +20.3%); EPS: 4.01,"Sales last 3Q: 183, 192, 227 Cr; Net Profit last 3Q: 20, 20, 21 Cr",,,"P/E: 57.6; ROCE: 14.7; ROE: 10.7; Div Yield: 0.00; Book Value: 39.5; Mkt Cap: 4,613",2026-06-29
SFL,,,,,,,,,,,"Sales: 3,821 Cr (YoY +11.1%); NetProfit: 161 Cr (YoY +66.0%); EPS: 14.62","Sales last 3Q: 875, 1,074, 1,050 Cr; Net Profit last 3Q: 10, 53, 92 Cr",,,"P/E: 50.0; ROCE: 6.17; ROE: 4.89; Div Yield: 0.00; Book Value: 298; Mkt Cap: 7,676",2026-06-18
SGFIN,,,,,,,,,,,Revenue: 333 Cr (YoY +94.7%); NetProfit: 128 Cr (YoY +58%); EPS: 19.56,"Sales last 4Q: 68, 75, 86, 105 Cr; Net Profit last 4Q: 25, 28, 32, 42 Cr",,,ROE: 10%; EPS: 19.56; NPM: 38.44%,2026-08-15
SGMART,,,,,,,,,,,"Sales: 6,315 Cr (YoY +7.8%); NetProfit: 111 Cr (YoY +7.8%); EPS: 8.81","Sales last 3Q: 1,704, 1,644, 1,823 Cr; Net Profit last 3Q: 27, 11, 41 Cr",,,"P/E: 66.8; ROCE: 10.2; ROE: 7.92; Div Yield: 0.00; Book Value: 127; Mkt Cap: 7,418",2026-06-18
SHADOWFAX,,,,,,,,,,,"Sales: 4,737 Cr (YoY +12.7%); NetProfit: 169 Cr (YoY +50.9%); EPS: 3.64","Sales last 3Q: 1,160, 1,237, 1,358 Cr; Net Profit last 3Q: 35, 56, 65 Cr",,,"P/E: 87.2; ROCE: 9.38; ROE: 10.4; Div Yield: 0.00; Book Value: 30.0; Mkt Cap: 14,742",2026-08-15
SHAILY,,,,,,,,,,,Sales: 972 Cr (YoY +23.5%); NetProfit: 158 Cr (YoY +69.9%); EPS: 34.45,"Sales last 3Q: 247, 257, 250 Cr; Net Profit last 3Q: 41, 51, 37 Cr",Debt: 189 Cr,,ROCE: 17%; EPS: 34.45; NPM: 16.26%,2026-08-15
SHAKTIPUMP,,,,,,,,,,,"Sales: 2,934 Cr (YoY +8.7%); NetProfit: 212 Cr (YoY -17.8%); EPS: 17.21","Sales last 3Q: 551, 858, 859 Cr; Net Profit last 3Q: 32, 38, 52 Cr",,,"P/E: 29.1; ROCE: 23.6; ROE: 18.0; Div Yield: 0.20; Book Value: 138; Mkt Cap: 6,174",2026-08-15
SHALBY,,,,,,,,,,,"Sales: 1,141 Cr (YoY +5.0%); NetProfit: 35 Cr (YoY +1650.0%); EPS: 3.46","Sales last 3Q: 285, 272, 287 Cr; Net Profit last 3Q: 7, 1, 18 Cr",,,"P/E: 48.8; ROCE: 6.48; ROE: 3.74; Div Yield: 0.00; Book Value: 93.1; Mkt Cap: 1,825",2026-07-08
SHANKARA,,,,,,,,,,,"Sales: 1,364 Cr (YoY -76.1%); NetProfit: 4 Cr (YoY -94.8%); EPS: 1.59","Sales last 3Q: 279.91, 420.40, 340.50 Cr; Net Profit last 3Q: -5.16, 1.23, 7.35 Cr",,,P/E: 72.5; ROCE: 2.92; ROE: 0.71; Div Yield: 2.15; Book Value: 185; Mkt Cap: 339,2026-07-17
SHANTIGEAR,,,,,,,,,,,,,,,P/E: 41.93; ROE: 18.19%; Div Yield: 0.96%; Book Value: ₹57.36; Mkt Cap: ₹3214 Cr,2026-07-29
SHANTIGOLD,,,,,,,,,,,EPS: 18.27,"Sales last 3Q: 293, 659, 716 Cr; Net Profit last 3Q: 34, 52, 50 Cr",,,"P/E: 12.2; Div Yield: 0.00; Mkt Cap: 1,901",2026-08-15
SHARDACROP,,,,,,,,,,,Sales: 5031 Cr (YoY +16.5%); NetProfit: 566 Cr (YoY +86.2%); EPS: 62.72,"Sales last 3Q: 985, 929, 1289 Cr; Net Profit last 3Q: 143, 74, 145 Cr",Debt: 4 Cr,,ROCE: 16%; EPS: 62.72; NPM: 11.25%,2026-08-15
SHARDAMOTR,,,,,,,,,,,Sales: 3175 Cr (YoY +11.9%); NetProfit: 340 Cr (YoY +7.9%); EPS: 59.21,"Sales last 4Q: 750, 756, 787, 882 Cr; Net Profit last 4Q: 84, 100, 75, 81 Cr",Debt: 50 Cr,,ROCE: 35%; EPS: 59.21; NPM: 10.71%,2026-08-15
SHAREINDIA,,,,,,,,,,,"Sales: 1,470 Cr (YoY +1.4%); NetProfit: 324 Cr (YoY -1.2%); EPS: 14.78","Sales last 3Q: 341, 372, 416 Cr; Net Profit last 3Q: 93, 89, 58 Cr",,,"P/E: 9.02; ROCE: 18.4; ROE: 13.0; Div Yield: 1.00; Book Value: 120; Mkt Cap: 2,917",2026-06-29
SHEMAROO,,,,,,,,,,,Sales: 583 Cr (YoY -14.9%); NetProfit: -218 Cr (YoY -159.5%); EPS: -76.09,"Sales last 3Q: 143, 161, 139 Cr; Net Profit last 3Q: -46, -55, -72 Cr",,,ROCE: -39.4; ROE: -59.0; Div Yield: 0.00; Book Value: 94.0; Mkt Cap: 394,2026-06-18
SHILCTECH,,,,,,,,,,,,,,,P/E: 33.98; ROE: N/A (see financials); Div Yield: 0.27%; Book Value: ₹429.10; Mkt Cap: ₹4524 Cr,2026-08-13
SHILPAMED,,,,,,,,,,,Sales: 1432 Cr (YoY +11.8%); NetProfit: 150 Cr (YoY +92.3%); EPS: 7.67,"Sales last 4Q: 331, 321, 370, 410 Cr; Net Profit last 4Q: 15, 47, 44, 45 Cr",Debt: 593 Cr,,ROCE: 6%; EPS: 7.67; NPM: 10.47%,2026-08-15
SHINDL,,,,,,,,,,,Sales: 525 Cr (YoY +37.8%); NetProfit: 16 Cr (YoY +60.0%); EPS: 4.05,"Sales last 3Q: 149.73, 142.54, 117.24 Cr; Net Profit last 3Q: 5.74, 4.74, 0.05 Cr",,,P/E: 36.2; ROCE: 12.9; ROE: 10.9; Div Yield: 0.17; Book Value: 39.4; Mkt Cap: 575,2026-07-03
SHIVAUM,,,,,,,,,,,Sales: 575 Cr (YoY +3.6%); NetProfit: 7 Cr (YoY -30.0%); EPS: 5.29,"Sales last 3Q: 114.38, 181.57, 163.45 Cr; Net Profit last 3Q: 0.68, 0.90, 4.11 Cr",,,P/E: 83.3; ROCE: 8.03; ROE: 6.08; Div Yield: 0.00; Book Value: 88.8; Mkt Cap: 600,2026-07-07
SHK,,,,,,,,,,,"Sales: 2,368 Cr (YoY +11.5%); NetProfit: 69 Cr (YoY -5.5%); EPS: 5.00","Sales last 3Q: 553.89, 583.80, 649.94 Cr; Net Profit last 3Q: 9.17, 32.63, 1.80 Cr",,,"P/E: 37.0; ROCE: 5.87; ROE: 3.72; Div Yield: 0.74; Book Value: 98.4; Mkt Cap: 1,815",2026-06-29
SHOPERSTOP,,,,,,,,,,,"Sales: 5,043 Cr (YoY +9.0%); NetProfit: -36 Cr (YoY -427.3%); EPS: -3.28","Sales last 3Q: 1,257, 1,416, 1,210 Cr; Net Profit last 3Q: -20, 16, -16 Cr",,,"ROCE: 7.03; ROE: -6.37; Div Yield: 0.00; Book Value: 26.4; Mkt Cap: 4,018",2026-07-10
SHREECEM,,,,,,,,,,,"Sales: 21,896 Cr (YoY +4.6%); NetProfit: 1,636 Cr (YoY -6.5%); EPS: 451.80","Sales last 3Q: 4,801, 6,101, 6,233 Cr; Net Profit last 3Q: 268, 528, 531 Cr",,,"P/E: 57.9; ROCE: 10.3; ROE: 7.51; Div Yield: 0.58; Book Value: 6,449; Mkt Cap: 94,380",2026-07-31
SHREEJISPG,,,,,,,,,,,Sales: 757 Cr (YoY +6.8%); NetProfit: 160 Cr (YoY +4.6%); EPS: 9.80,"Sales last 3Q: 198, 188, 209 Cr; Net Profit last 3Q: 32, 40, 44 Cr",,,"P/E: 66.6; ROCE: 26.4; ROE: 27.5; Div Yield: 0.15; Book Value: 47.2; Mkt Cap: 10,645",2026-08-15
SHREEPUSHK,,,,,,,,,,,Sales: 977 Cr (YoY +21.2%); NetProfit: 70 Cr (YoY +18.6%); EPS: 21.68,"Sales last 3Q: 255, 249, 218 Cr; Net Profit last 3Q: 18, 18, 13 Cr",,,"P/E: 18.7; ROCE: 13.0; ROE: 12.2; Div Yield: 0.50; Book Value: 189; Mkt Cap: 1,309",2026-06-25
SHRINGARMS,,,,,,,,,,,,,,,P/E: 15.97; ROE: 26.29%; Div Yield: 0.00%; Book Value: ₹70.36; Mkt Cap: ₹2089 Cr,2026-06-25
SHRIPISTON,,,,,,,,,,,Sales: 3991 Cr (YoY +12.4%); NetProfit: 554 Cr (YoY +7.4%); EPS: 123.29,"Sales last 4Q: 988, 963, 1016, 1023 Cr; Net Profit last 4Q: 152, 135, 142, 126 Cr",Debt: 537 Cr,,ROCE: 27%; EPS: 123.29; NPM: 13.88%,2026-08-15
SHRIRAMFIN,,,,,,,,,,,"Sales: 48,133 Cr (YoY +9.5%); NetProfit: 10,024 Cr (YoY +4.7%); EPS: 53.28","Sales last 3Q: 11,912, 12,171, 12,513 Cr; Net Profit last 3Q: 2,314, 2,530, 3,021 Cr",,,"P/E: 23.6; ROCE: 11.5; ROE: 16.4; Div Yield: 1.08; Book Value: 350; Mkt Cap: 2,36,032",2026-06-18
SHYAMMETL,,,,,,,,,,,"Sales: 18,552 Cr (YoY +22.6%); NetProfit: 1,060 Cr (YoY +16.6%); EPS: 38.34","Sales last 3Q: 4,467, 4,421, 5,240 Cr; Net Profit last 3Q: 260, 198, 312 Cr",,,"P/E: 25.0; ROCE: 13.0; ROE: 9.70; Div Yield: 0.47; Book Value: 413; Mkt Cap: 26,782",2026-06-17
SIEMENS,,,,,,,,,,,Sales: 17337 Cr (YoY -0.2%); NetProfit: 1769 Cr (YoY -16%); EPS: 49.63,"Sales last 4Q: 4259, 4347, 4900, 3831 Cr; Net Profit last 4Q: 582, 423, 485, 278 Cr",Debt: 145 Cr,,ROCE: 15%; EPS: 49.63; NPM: 10.2%,2026-08-15
SIGMAADV,,,,,,,,,,,Sales: 492 Cr; NetProfit: 268 Cr (YoY +993.3%); EPS: 15.21,"Sales last 3Q: 18, 146, 323 Cr; Net Profit last 3Q: 4, -1, 128 Cr",,,"P/E: 34.4; ROCE: 60.8; ROE: 90.6; Div Yield: 0.00; Book Value: 26.6; Mkt Cap: 9,528",2026-07-07
SIGNATURE,,,,,,,,,,,"Sales: 2,596 Cr (YoY +3.9%); NetProfit: 1,095 Cr (YoY +984.2%); EPS: 77.90","Sales last 3Q: 338, 284, 1,107 Cr; Net Profit last 3Q: -47, -45, 1,152 Cr",,,"P/E: 289; ROCE: 2.60; ROE: 2.79; Div Yield: 0.00; Book Value: 132; Mkt Cap: 10,376",2026-06-29
SIGNPOST,,,,,,,,,,,Sales: 525 Cr (YoY +15.9%); NetProfit: 50 Cr (YoY +47.1%); EPS: 9.36,"Sales last 4Q: 111, 138, 134, 142 Cr; Net Profit last 4Q: 1, 15, 16, 18 Cr",Debt: 209 Cr,,ROCE: 15%; EPS: 9.36; NPM: 9.52%,2026-08-15
SIKA,,,,,,,,,,,Sales: 211 Cr (YoY +42.6%); NetProfit: 36 Cr (YoY +44.0%); EPS: 17.19,"Sales last 3Q: 51.58, 50.31, 41.33 Cr; Net Profit last 3Q: 8.94, 9.49, 7.83 Cr",,,"P/E: 70.6; ROCE: 35.2; ROE: 26.1; Div Yield: 0.20; Book Value: 73.4; Mkt Cap: 2,572",2026-07-03
SILVER,,,,,,,,,,,,,,,P/E: N/A; ROE: N/A (see financials); Div Yield: 0.00%; Book Value: ₹N/A; Mkt Cap: N/A,2026-06-25
SILVERADD,,,,,,,,,,,,,,,P/E: N/A; ROE: N/A (see financials); Div Yield: 0.00%; Book Value: ₹N/A; Mkt Cap: N/A,2026-06-25
SILVERAG,,,,,,,,,,,,,,,P/E: N/A; ROE: N/A (see financials); Div Yield: 0.00%; Book Value: ₹N/A; Mkt Cap: N/A,2026-06-25
SILVERBEES,,,,,,,,,,,,,,,P/E: N/A; ROE: N/A (see financials); Div Yield: 0.00%; Book Value: ₹N/A; Mkt Cap: N/A,2026-08-15
SILVERBETA,,,,,,,,,,,,,,,P/E: N/A; ROE: N/A (see financials); Div Yield: 0.00%; Book Value: ₹N/A; Mkt Cap: N/A,2026-06-29
SILVERBND,,,,,,,,,,,,,,,P/E: N/A; ROE: N/A (see financials); Div Yield: 0.00%; Book Value: ₹N/A; Mkt Cap: N/A,2026-07-03
SILVERIETF,,,,,,,,,,,,,,,P/E: N/A; ROE: N/A (see financials); Div Yield: 0.00%; Book Value: ₹N/A; Mkt Cap: N/A,2026-08-15
SILVERTUC,,,,,,,,,,,Sales: 346 Cr (YoY +20.1%); NetProfit: 36 Cr (YoY +63.6%); EPS: 2.82,"Sales last 3Q: 86, 96, 101 Cr; Net Profit last 3Q: 7, 11, 13 Cr",,,"P/E: 70.4; ROCE: 28.9; ROE: 23.6; Div Yield: 0.03; Book Value: 13.4; Mkt Cap: 2,516",2026-06-16
SIMPLEXINF,,,,,,,,,,,"Sales: 1,021 Cr (YoY -5.1%); NetProfit: 40 Cr (YoY +233.3%); EPS: 5.06","Sales last 3Q: 248, 248, 283 Cr; Net Profit last 3Q: 9, 8, 19 Cr",,,"P/E: 50.9; ROCE: 2.40; ROE: 5.26; Div Yield: 0.00; Book Value: 123; Mkt Cap: 2,006",2026-06-25
SIRCA,,,,,,,,,,,Sales: 492 Cr (YoY +32.3%); NetProfit: 65 Cr (YoY +32.7%); EPS: 11.45,"Sales last 3Q: 131, 113, 134 Cr; Net Profit last 3Q: 18, 15, 18 Cr",,,"P/E: 35.7; ROCE: 21.2; ROE: 15.8; Div Yield: 0.37; Book Value: 83.7; Mkt Cap: 2,323",2026-06-29
SIS,,,,,,,,,,,"Sales: 15,982 Cr (YoY +21.2%); NetProfit: 138 Cr (YoY +1050.0%); EPS: 9.75","Sales last 3Q: 3,759, 4,185, 4,489 Cr; Net Profit last 3Q: 81, -138, 102 Cr",,,"P/E: 17.2; ROCE: 13.9; ROE: 14.2; Div Yield: 1.63; Book Value: 180; Mkt Cap: 6,072",2026-06-20
SIYSIL,,,,,,,,,,,"Sales: 2,572 Cr (YoY +15.8%); NetProfit: 231 Cr (YoY +17.3%); EPS: 50.89","Sales last 3Q: 706, 624, 853 Cr; Net Profit last 3Q: 87, 42, 98 Cr",,,"P/E: 12.7; ROCE: 20.1; ROE: 16.8; Div Yield: 1.86; Book Value: 322; Mkt Cap: 2,934",2026-06-25
SJS,,,,,,,,,,,Sales: 955 Cr (YoY +25.7%); NetProfit: 172 Cr (YoY +44.5%); EPS: 53.35,"Sales last 3Q: 242, 244, 260 Cr; Net Profit last 3Q: 43, 45, 49 Cr",,,"P/E: 41.3; ROCE: 28.6; ROE: 22.0; Div Yield: 0.16; Book Value: 271; Mkt Cap: 7,017",2026-06-17
SJVN,,,,,,,,,,,"Sales: 5,005 Cr (YoY +10.5%); NetProfit: 639 Cr (YoY -0.5%); EPS: 1.62","Sales last 3Q: 1,082, 1,496, 1,394 Cr; Net Profit last 3Q: 224, -118, 225 Cr",,,"P/E: 41.3; ROCE: 5.57; ROE: 4.52; Div Yield: 1.71; Book Value: 36.2; Mkt Cap: 26,412",2026-08-15
SKFINDIA,,,,,,,,,,,"Sales: 3,763 Cr (YoY -23.5%); NetProfit: 266 Cr (YoY -53.0%); EPS: 53.83","Sales last 3Q: 1,309, 577, 595 Cr; Net Profit last 3Q: 105, 62, -20 Cr",,,"P/E: 25.6; ROCE: 24.2; ROE: 14.8; Div Yield: 2.65; Book Value: 269; Mkt Cap: 7,462",2026-07-22
SKFINDUS,,,,,,,,,,,,,,,P/E: 64.28; ROE: 29.48%; Div Yield: 0.35%; Book Value: ₹297.93; Mkt Cap: ₹13993 Cr,2026-07-10
SKIPPER,,,,,,,,,,,"Sales: 5,553 Cr (YoY +20.1%); NetProfit: 213 Cr (YoY +43.0%); EPS: 18.87","Sales last 3Q: 1,262, 1,371, 1,667 Cr; Net Profit last 3Q: 37, 53, 78 Cr",,,"P/E: 28.3; ROCE: 23.3; ROE: 16.5; Div Yield: 0.02; Book Value: 132; Mkt Cap: 6,262",2026-06-16
SKMEGGPROD,,,,,,,,,,,Sales: 768 Cr (YoY +54.2%); NetProfit: 104 Cr (YoY +197.1%); EPS: 19.70,"Sales last 3Q: 202, 204, 187 Cr; Net Profit last 3Q: 25, 30, 33 Cr",,,"P/E: 14.0; ROCE: 30.0; ROE: 29.7; Div Yield: 0.27; Book Value: 75.1; Mkt Cap: 1,451",2026-06-25
SKYGOLD,,,,,,,,,,,"Sales: 7,176 Cr (YoY +14.0%); NetProfit: 343 Cr (YoY +21.6%); EPS: 21.64","Sales last 3Q: 1,768, 1,912, 2,013 Cr; Net Profit last 3Q: 81, 91, 105 Cr",,,"P/E: 36.2; ROCE: 27.0; ROE: 29.2; Div Yield: 0.00; Book Value: 77.4; Mkt Cap: 12,116",2026-08-10
SMARTWORKS,,,,,,,,,,,"Sales: 1,796 Cr (YoY +30.7%); NetProfit: 11 Cr (YoY +117.5%); EPS: 0.92","Sales last 3Q: 425, 472, 520 Cr; Net Profit last 3Q: -3, 1, 17 Cr",,,"P/E: 529; ROCE: 8.30; ROE: 3.30; Div Yield: 0.00; Book Value: 46.4; Mkt Cap: 5,573",2026-06-25
SMLMAH,,,,,,,,,,,,,,,P/E: 37.14; ROE: 35.42%; Div Yield: 0.58%; Book Value: ₹358.94; Mkt Cap: ₹5923 Cr,2026-06-25
SMSPHARMA,,,,,,,,,,,Sales: 897 Cr (YoY +14.6%); NetProfit: 90 Cr (YoY +30.4%); EPS: 9.81,"Sales last 4Q: 248, 196, 242, 210 Cr; Net Profit last 4Q: 20, 20, 25, 23 Cr",Debt: 324 Cr,,ROCE: 12%; EPS: 9.81; NPM: 10.03%,2026-08-15
SOBHA,,,,,,,,,,,Sales: 4443 Cr (YoY +10%); NetProfit: 142 Cr (YoY +49.5%); EPS: 13.31,"Sales last 3Q: 852, 1408, 943 Cr; Net Profit last 3Q: 14, 73, 15 Cr",Debt: 1062 Cr,,ROCE: 7%; EPS: 13.31; NPM: 3.2%,2026-08-15
SOLARA,,,,,,,,,,,"Sales: 1,369 Cr (YoY +6.6%); NetProfit: -7 Cr (YoY -800.0%); EPS: -2.05","Sales last 3Q: 313.54, 349.00, 387.29 Cr; Net Profit last 3Q: -10.10, -17.43, 9.60 Cr",,,"ROCE: 4.86; ROE: -0.13; Div Yield: 0.00; Book Value: 346; Mkt Cap: 2,691",2026-06-20
SOLARINDS,,,,,,,,,,,"Sales: 9,838 Cr (YoY +30.5%); NetProfit: 1,737 Cr (YoY +34.9%); EPS: 185.38","Sales last 3Q: 2,082, 2,548, 3,053 Cr; Net Profit last 3Q: 361, 467, 556 Cr",,,"P/E: 103; ROCE: 36.8; ROE: 31.5; Div Yield: 0.06; Book Value: 694; Mkt Cap: 1,72,244",2026-07-20
SOLARWORLD,,,,,,,,,,,"Sales: 1,376 Cr (YoY +152.5%); NetProfit: 120 Cr (YoY +55.8%); EPS: 13.90","Sales last 3Q: 138, 578, 592 Cr; Net Profit last 3Q: 9, 49, 49 Cr",,,"P/E: 13.1; ROCE: 23.8; ROE: 20.8; Div Yield: 0.00; Book Value: 97.8; Mkt Cap: 1,577",2026-06-29
SOLEX,,,,,,,,,,,"Sales: 1,618 Cr (YoY +144.4%); NetProfit: 98 Cr (YoY +127.9%); EPS: 88.88","Sales last 3Q: 155, 318, 886 Cr; Net Profit last 3Q: 6, 9, 59 Cr",,,"P/E: 11.5; ROCE: 35.8; ROE: 46.3; Div Yield: 0.05; Book Value: 234; Mkt Cap: 1,100",2026-07-09
SOMANYCERA,,,,,,,,,,,"Sales: 2,935 Cr (YoY +5.2%); NetProfit: 101 Cr (YoY +36.5%); EPS: 25.93","Sales last 3Q: 682, 818, 750 Cr; Net Profit last 3Q: 17, 37, 34 Cr",,,"P/E: 19.5; ROCE: 12.8; ROE: 10.4; Div Yield: 1.15; Book Value: 205; Mkt Cap: 2,144",2026-08-15
SOMICONVEY,,,,,,,,,,,,,,,P/E: 27.01; ROE: 6.36%; Div Yield: 0.00%; Book Value: ₹66.70; Mkt Cap: ₹140 Cr,2026-06-25
SONACOMS,,,,,,,,,,,Sales: 4057 Cr (YoY +14.4%); NetProfit: 606 Cr (YoY +1%); EPS: 9.86,"Sales last 4Q: 865, 854, 1138, 1200 Cr; Net Profit last 4Q: 164, 122, 170, 150 Cr",Debt: 211 Cr,,ROCE: 18%; EPS: 9.86; NPM: 14.94%,2026-08-15
SONATSOFTW,,,,,,,,,,,"Sales: 10,701 Cr (YoY +5.4%); NetProfit: 464 Cr (YoY +9.2%); EPS: 16.56","Sales last 3Q: 2,119, 3,081, 2,536 Cr; Net Profit last 3Q: 120, 104, 130 Cr",,,"P/E: 15.7; ROCE: 30.6; ROE: 28.2; Div Yield: 1.55; Book Value: 67.9; Mkt Cap: 7,961",2026-06-25
SOTL,,,,,,,,,,,"Sales: 4,853 Cr (YoY +11.3%); NetProfit: 414 Cr (YoY +127.5%); EPS: 60.38","Sales last 3Q: 1,074, 1,224, 1,480 Cr; Net Profit last 3Q: 38, 47, 288 Cr",,,"P/E: 11.6; ROCE: 13.4; ROE: 8.26; Div Yield: 0.72; Book Value: 265; Mkt Cap: 4,793",2026-08-15
SOUTHWEST,,,,,,,,,,,Sales: 243 Cr (YoY +35%); NetProfit: 33 Cr (YoY +106.2%); EPS: 11.07,"Sales last 4Q: 40, 62, 63, 78 Cr; Net Profit last 4Q: 2, 8, 9, 13 Cr",Debt: 80 Cr,,ROCE: 19%; EPS: 11.07; NPM: 13.58%,2026-08-15
SPAL,,,,,,,,,,,"Sales: 1,579 Cr (YoY +13.2%); NetProfit: 101 Cr (YoY +6.3%); EPS: 40.11","Sales last 3Q: 427, 383, 365 Cr; Net Profit last 3Q: 35, 27, 19 Cr",,,"P/E: 27.6; ROCE: 14.0; ROE: 11.2; Div Yield: 0.18; Book Value: 376; Mkt Cap: 2,784",2026-06-24
SPANDANA,,,,,,,,,,,"Sales: 1,024 Cr (YoY -56.5%); NetProfit: -699 Cr (YoY +32.5%); EPS: -78.82","Sales last 3Q: 229.55, 234.27, 259.69 Cr; Net Profit last 3Q: -249.16, -95.00, 5.27 Cr",,,"ROCE: -5.81; ROE: -29.4; Div Yield: 0.00; Book Value: 240; Mkt Cap: 2,119",2026-06-25
SPARC,,,,,,,,,,,"Sales: 1,879 Cr (YoY +2509.7%); NetProfit: 1,553 Cr (YoY +552.8%); EPS: 47.86","Sales last 3Q: 8, 8, 1,853 Cr; Net Profit last 3Q: -76, -80, 1,761 Cr",,,"P/E: 5.61; ROCE: 164; ROE: 279; Div Yield: 0.00; Book Value: 41.3; Mkt Cap: 8,775",2026-07-08
SPECIALITY,,,,,,,,,,,Sales: 476 Cr (YoY +9.2%); NetProfit: 21 Cr (YoY -4.5%); EPS: 4.52,"Sales last 3Q: 116.44, 134.84, 116.42 Cr; Net Profit last 3Q: 4.47, 8.29, 2.85 Cr",,,P/E: 25.2; ROCE: 9.14; ROE: 7.24; Div Yield: 0.79; Book Value: 71.8; Mkt Cap: 613,2026-06-25
SPECTRUM,,,,,,,,,,,Sales: 526 Cr (YoY +30.8%); NetProfit: 44 Cr (YoY +76.0%); EPS: 28.27,"Sales last 3Q: 118, 125, 283 Cr; Net Profit last 3Q: 8, 10, 26 Cr",,,"P/E: 72.4; ROCE: 16.8; ROE: 20.4; Div Yield: 0.00; Book Value: 156; Mkt Cap: 3,215",2026-07-06
SPLPETRO,,,,,,,,,,,"Sales: 5,406 Cr (YoY +235.2%); NetProfit: 330 Cr (YoY +450.0%); EPS: 17.51","Sales last 3Q: 1,118, 1,281, 1,606 Cr; Net Profit last 3Q: 48, 31, 169 Cr",,,"P/E: 41.9; ROE: 13.7; Div Yield: 1.44; Book Value: 126; Mkt Cap: 13,667",2026-07-06
SPMLINFRA,,,,,,,,,,,Sales: 868 Cr (YoY +12.6%); NetProfit: 75 Cr (YoY +56.2%); EPS: 9.47,"Sales last 3Q: 190, 230, 291 Cr; Net Profit last 3Q: 15, 20, 27 Cr",,,"P/E: 23.5; ROCE: 6.76; ROE: 8.69; Div Yield: 0.00; Book Value: 120; Mkt Cap: 1,755",2026-06-24
SPORTKING,,,,,,,,,,,Sales: 2488 Cr (YoY -1.4%); NetProfit: 123 Cr (YoY +12.8%); EPS: 9.68,"Sales last 4Q: 629, 586, 627, 646 Cr; Net Profit last 4Q: 36, 34, 28, 25 Cr",Debt: 512 Cr,,ROCE: 12%; EPS: 9.68; NPM: 4.94%,2026-08-15
SREEL,,,,,,,,,,,,,,,P/E: 18.56; ROE: 5.99%; Div Yield: 0.47%; Book Value: ₹215.12; Mkt Cap: ₹533 Cr,2026-07-21
SRF,,,,,,,,,,,"Sales: 17,001 Cr (YoY +7.7%); NetProfit: 2,162 Cr (YoY +17.8%); EPS: 72.93","Sales last 3Q: 3,713, 4,615, 5,033 Cr; Net Profit last 3Q: 433, 582, 759 Cr",,,"P/E: 34.5; ROCE: 14.6; ROE: 14.3; Div Yield: 0.35; Book Value: 474; Mkt Cap: 77,248",2026-08-15
SRM,,,,,,,,,,,"Sales: 1,026 Cr (YoY +94.3%); NetProfit: 111 Cr (YoY +101.8%); EPS: 48.39","Sales last 3Q: 206, 231, 446 Cr; Net Profit last 3Q: 20, 24, 54 Cr",,,"P/E: 10.5; ROCE: 37.1; ROE: 34.3; Div Yield: 0.00; Book Value: 162; Mkt Cap: 1,167",2026-06-25
SSWL,,,,,,,,,,,Sales: 4942 Cr (YoY +11.6%); NetProfit: 190 Cr (YoY -2.6%); EPS: 12.11,"Sales last 4Q: 1234, 1187, 1201, 1321 Cr; Net Profit last 4Q: 61, 47, 36, 47 Cr",Debt: 903 Cr,,ROCE: 17%; EPS: 12.11; NPM: 3.84%,2026-08-15
STALLION,,,,,,,,,,,,,,,P/E: 33.78; ROE: 8.93%; Div Yield: 0.00%; Book Value: ₹82.79; Mkt Cap: ₹2090 Cr,2026-06-29
STANLEY,,,,,,,,,,,Sales: 419 Cr (YoY -1.6%); NetProfit: 13 Cr (YoY -55.2%); EPS: 2.12,"Sales last 3Q: 105.40, 103.80, 101.40 Cr; Net Profit last 3Q: 6.00, -0.20, -0.60 Cr",,,P/E: 59.4; ROCE: 6.43; ROE: 3.08; Div Yield: 0.00; Book Value: 81.6; Mkt Cap: 851,2026-06-29
STAR,,,,,,,,,,,Sales: 4726 Cr (YoY +3.5%); NetProfit: 531 Cr (YoY -85.2%); EPS: 55.48,"Sales last 3Q: 1120, 1221, 1195 Cr; Net Profit last 3Q: 106, 132, 208 Cr",Debt: 1844 Cr,,ROCE: 5%; EPS: 55.48; NPM: 11.24%,2026-08-15
STARCEMENT,,,,,,,,,,,"Sales: 3,776 Cr (YoY +19.4%); NetProfit: 390 Cr (YoY +130.8%); EPS: 9.73","Sales last 3Q: 811, 880, 1,174 Cr; Net Profit last 3Q: 71, 74, 147 Cr",,,"P/E: 21.0; ROCE: 16.7; ROE: 13.2; Div Yield: 0.96; Book Value: 79.0; Mkt Cap: 8,449",2026-06-29
STARHEALTH,,,,,,,,,,,,,,,P/E: 57.83; ROE: N/A (see financials); Div Yield: 0.00%; Book Value: ₹129.30; Mkt Cap: ₹32324 Cr,2026-06-18
STARPAPER,,,,,,,,,,,,,,,P/E: 15.5; ROCE: 19.9; ROE: 13.7; Div Yield: 2.35; Book Value: 74.0; Mkt Cap: 233,2026-07-23
STCINDIA,,,,,,,,,,,Sales: 0 Cr; NetProfit: 642 Cr (YoY +2468.0%); EPS: 106.94,"Sales last 3Q: 0, 0, 0 Cr; Net Profit last 3Q: 10, 612, 17 Cr",,,P/E: 17.9; Div Yield: 0.00; Book Value: -663; Mkt Cap: 797,2026-06-23
STEELCAS,,,,,,,,,,,,,,,P/E: 34.92; ROE: 24.10%; Div Yield: 0.56%; Book Value: ₹35.51; Mkt Cap: ₹3028 Cr,2026-06-23
STERTOOLS,,,,,,,,,,,Sales: 828 Cr (YoY -19.3%); NetProfit: 29 Cr (YoY -50.0%); EPS: 8.07,"Sales last 3Q: 207.91, 205.85, 221.97 Cr; Net Profit last 3Q: 17.19, 1.56, 1.59 Cr",,,P/E: 37.8; ROCE: 7.23; ROE: 4.68; Div Yield: 1.00; Book Value: 145; Mkt Cap: 909,2026-06-25
STLTECH,,,,,,,,,,,Sales: 4363 Cr (YoY +9.2%); NetProfit: -43 Cr (YoY +65%); EPS: -0.89,"Sales last 3Q: 1020, 1034, 1257 Cr; Net Profit last 3Q: 10, 4, -17 Cr",Debt: 1921 Cr,,ROCE: 0%; EPS: -0.89; NPM: -0.99%,2026-08-15
STOVEKRAFT,,,,,,,,,,,Sales: 859 Cr (YoY +28.2%); NetProfit: 81 Cr (YoY +2600.0%); EPS: 24.99,"Sales last 3Q: 154, 295, 235 Cr; Net Profit last 3Q: -10, 33, 19 Cr",,,"P/E: 27.6; ROCE: 31.8; ROE: 67.5; Div Yield: 0.45; Book Value: 92.5; Mkt Cap: 2,243",2026-06-18
STUDDS,,,,,,,,,,,Sales: 634 Cr (YoY +8.6%); NetProfit: 83 Cr (YoY +18.6%); EPS: 21.00,"Sales last 3Q: 154, 163, 168 Cr; Net Profit last 3Q: 21, 21, 21 Cr",,,"P/E: 21.8; ROCE: 22.7; ROE: 17.0; Div Yield: 0.00; Book Value: 133; Mkt Cap: 1,798",2026-07-16
STYL,,,,,,,,,,,"Sales: 1,441 Cr (YoY -1.5%); NetProfit: 240 Cr (YoY +8.1%); EPS: 14.83","Sales last 3Q: 352, 374, 404 Cr; Net Profit last 3Q: 58, 64, 82 Cr",,,"P/E: 20.9; ROCE: 27.7; ROE: 23.3; Div Yield: 0.00; Book Value: 88.2; Mkt Cap: 5,020",2026-06-25
STYLAMIND,,,,,,,,,,,"Sales: 1,173 Cr (YoY +3.9%); NetProfit: 170 Cr (YoY +13.3%); EPS: 100.17","Sales last 3Q: 271, 283, 326 Cr; Net Profit last 3Q: 46, 38, 48 Cr",,,"P/E: 36.1; ROCE: 27.0; ROE: 20.5; Div Yield: 0.00; Book Value: 476; Mkt Cap: 6,122",2026-07-22
STYLEBAAZA,,,,,,,,,,,"Sales: 1,841 Cr (YoY +37.0%); NetProfit: 47 Cr (YoY +213.3%); EPS: 6.28","Sales last 3Q: 532, 466, 466 Cr; Net Profit last 3Q: 51, 19, -26 Cr",,,"P/E: 120; ROCE: 7.42; ROE: 5.16; Div Yield: 0.00; Book Value: 60.3; Mkt Cap: 2,634",2026-08-13
STYRENIX,,,,,,,,,,,"Sales: 3,438 Cr (YoY +15.3%); NetProfit: 183 Cr (YoY -22.1%); EPS: 103.98","Sales last 3Q: 799, 869, 826 Cr; Net Profit last 3Q: 45, 16, 73 Cr",,,"P/E: 22.5; ROCE: 15.1; ROE: 14.6; Div Yield: 2.29; Book Value: 777; Mkt Cap: 4,157",2026-07-20
SUBROS,,,,,,,,,,,"Sales: 3,756 Cr (YoY +11.5%); NetProfit: 166 Cr (YoY +9.9%); EPS: 25.39","Sales last 3Q: 880, 948, 1,050 Cr; Net Profit last 3Q: 41, 35, 49 Cr",,,"P/E: 31.8; ROCE: 19.8; ROE: 14.7; Div Yield: 0.31; Book Value: 191; Mkt Cap: 5,452",2026-06-25
SUDARCOLOR,,,,,,,,,,,,,,,P/E: 8.38; ROCE: 36.2; ROE: 27.7; Div Yield: 0.00; Book Value: 182; Mkt Cap: 988,2026-08-06
SUDARSCHEM,,,,,,,,,,,"Sales: 9,787 Cr (YoY +192.5%); NetProfit: 41 Cr (YoY -31.7%); EPS: 2.84","Sales last 3Q: 2,387, 2,103, 2,790 Cr; Net Profit last 3Q: 19, -116, 82 Cr",,,"P/E: 489; ROCE: 5.46; ROE: 0.54; Div Yield: 0.44; Book Value: 439; Mkt Cap: 9,067",2026-08-07
SUDEEPPHRM,,,,,,,,,,,Sales: 676 Cr (YoY +5.3%); NetProfit: 184 Cr (YoY +5.7%); EPS: 16.83,"Sales last 3Q: 172, 182, 158 Cr; Net Profit last 3Q: 48, 49, 41 Cr",,,"P/E: 68.4; ROCE: 28.2; ROE: 25.2; Div Yield: 0.14; Book Value: 78.2; Mkt Cap: 12,487",2026-08-15
SUKHJITS,,,,,,,,,,,"Sales: 1,459 Cr (YoY +1.9%); NetProfit: 34 Cr (YoY +25.9%); EPS: 10.94","Sales last 3Q: 347, 402, 396 Cr; Net Profit last 3Q: 3, 15, 12 Cr",,,P/E: 14.4; ROCE: 7.62; ROE: 4.87; Div Yield: 0.63; Book Value: 182; Mkt Cap: 493,2026-07-29
SULA,,,,,,,,,,,Sales: 556 Cr (YoY -4.0%); NetProfit: 26 Cr (YoY -62.9%); EPS: 3.04,"Sales last 3Q: 130.91, 180.39, 134.91 Cr; Net Profit last 3Q: 6.02, 9.10, 8.60 Cr",,,"P/E: 47.9; ROCE: 7.55; ROE: 4.61; Div Yield: 1.30; Book Value: 69.6; Mkt Cap: 1,297",2026-06-29
SUMICHEM,,,,,,,,,,,"Sales: 3,245 Cr (YoY +0.2%); NetProfit: 579 Cr (YoY +6.6%); EPS: 11.61","Sales last 3Q: 568, 684, 1,063 Cr; Net Profit last 3Q: 76, 111, 215 Cr",,,"P/E: 49.4; ROCE: 22.1; ROE: 16.2; Div Yield: 0.23; Book Value: 67.9; Mkt Cap: 28,199",2026-08-15
SUNCLAY,,,,,,,,,,,"Sales: 2,106 Cr (YoY +3.9%); NetProfit: 251 Cr (YoY -0.4%); EPS: 113.77","Sales last 3Q: 501, 518, 592 Cr; Net Profit last 3Q: -52, 426, -59 Cr",,,"ROCE: -3.34; ROE: -17.0; Div Yield: 0.36; Book Value: 588; Mkt Cap: 2,892",2026-07-28
SUNDARMFIN,,,,,,,,,,,"Sales: 10,104 Cr (YoY +2.6%); NetProfit: 2,220 Cr (YoY +7.8%); EPS: 199.81","Sales last 3Q: 2,514, 2,560, 2,644 Cr; Net Profit last 3Q: 541, 554, 636 Cr",,,"P/E: 21.8; ROCE: 9.44; ROE: 15.0; Div Yield: 0.89; Book Value: 1,341; Mkt Cap: 49,669",2026-08-15
SUNDRMBRAK,,,,,,,,,,,Sales: 351 Cr (YoY -0.3%); NetProfit: -4 Cr (YoY -180%); EPS: -9.08,"Sales last 4Q: 97, 92, 78, 84 Cr; Net Profit last 4Q: 1, -1, -3, -1 Cr",Debt: 39 Cr,,ROCE: 8%; EPS: -9.08; NPM: -1.14%,2026-08-15
SUNDRMFAST,,,,,,,,,,,Sales: 6126 Cr (YoY +2.9%); NetProfit: 556 Cr (YoY +2.6%); EPS: 26.37,"Sales last 4Q: 1531, 1533, 1521, 1541 Cr; Net Profit last 4Q: 124, 148, 153, 131 Cr",Debt: 741 Cr,,ROCE: 17%; EPS: 26.37; NPM: 9.08%,2026-08-15
SUNDROP,,,,,,,,,,,"Sales: 1,549 Cr (YoY +72.3%); NetProfit: 20 Cr (YoY +118.2%); EPS: 5.34","Sales last 3Q: 383.30, 407.47, 386.55 Cr; Net Profit last 3Q: -2.09, 8.06, 9.85 Cr",,,"P/E: 129; ROCE: 1.97; ROE: 1.38; Div Yield: 0.00; Book Value: 392; Mkt Cap: 2,589",2026-07-23
SUNFLAG,,,,,,,,,,,Sales: 3822 Cr (YoY +8.1%); NetProfit: 211 Cr (YoY +30.2%); EPS: 11.73,"Sales last 3Q: 1023, 973, 942 Cr; Net Profit last 3Q: 63, 46, 60 Cr",Debt: 580 Cr,,ROCE: 4%; EPS: 11.73; NPM: 5.52%,2026-08-15
SUNPHARMA,,,,,,,,,,,Sales: 56809 Cr (YoY +8%); NetProfit: 10953 Cr (YoY -0.1%); EPS: 45.5,"Sales last 3Q: 13851, 14478, 15521 Cr; Net Profit last 3Q: 2293, 3125, 3381 Cr",Debt: 5215 Cr,,ROCE: 17%; EPS: 45.5; NPM: 19.28%,2026-08-15
SUNTECK,,,,,,,,,,,Sales: 1124 Cr (YoY +31.8%); NetProfit: 202 Cr (YoY +34.7%); EPS: 13.92,"Sales last 3Q: 252, 344, 339 Cr; Net Profit last 3Q: 49, 57, 63 Cr",Debt: 774 Cr,,ROCE: 1%; EPS: 13.92; NPM: 17.97%,2026-08-15
SUNTV,,,,,,,,,,,"Sales: 4,335 Cr (YoY +8.0%); NetProfit: 1,441 Cr (YoY -15.4%); EPS: 36.53","Sales last 3Q: 1,300, 862, 883 Cr; Net Profit last 3Q: 355, 324, 232 Cr",,,"P/E: 13.5; ROCE: 16.5; ROE: 12.3; Div Yield: 2.94; Book Value: 321; Mkt Cap: 20,177",2026-06-29
SUPERHOUSE,,,,,,,,,,,Sales: 677 Cr (YoY +1.8%); NetProfit: 4 Cr (YoY -55.6%); EPS: 3.34,"Sales last 3Q: 190.05, 169.09, 154.95 Cr; Net Profit last 3Q: 4.25, 1.28, -1.29 Cr",,,P/E: 53.7; ROCE: 4.15; ROE: 0.80; Div Yield: 0.45; Book Value: 422; Mkt Cap: 197,2026-07-17
SUPRAJIT,,,,,,,,,,,Sales: 3660 Cr (YoY +11.7%); NetProfit: 139 Cr (YoY +40.4%); EPS: 10.12,"Sales last 4Q: 877, 863, 941, 979 Cr; Net Profit last 4Q: 27, 48, 51, 13 Cr",Debt: 927 Cr,,ROCE: 20%; EPS: 10.12; NPM: 3.8%,2026-08-15
SUPREMEIND,,,,,,,,,,,"Sales: 11,326 Cr (YoY +1.0%); NetProfit: 1,032 Cr (YoY +8.2%); EPS: 81.27","Sales last 3Q: 2,687, 3,528, 2,718 Cr; Net Profit last 3Q: 153, 434, 281 Cr",,,"P/E: 43.8; ROCE: 20.7; ROE: 15.8; Div Yield: 1.01; Book Value: 486; Mkt Cap: 45,208",2026-08-15
SUPRIYA,,,,,,,,,,,,,,,P/E: 36.45; ROE: 19.06%; Div Yield: 0.10%; Book Value: ₹148.77; Mkt Cap: ₹7621 Cr,2026-06-16
SURAJEST,,,,,,,,,,,Sales: 556 Cr (YoY +1.3%); NetProfit: 90 Cr (YoY -10.0%); EPS: 18.90,"Sales last 3Q: 145, 180, 99 Cr; Net Profit last 3Q: 33, 25, 11 Cr",,,P/E: 10.8; ROCE: 14.5; ROE: 9.52; Div Yield: 0.00; Book Value: 208; Mkt Cap: 978,2026-07-06
SURAKSHA,,,,,,,,,,,Sales: 310 Cr (YoY +23.0%); NetProfit: 31 Cr (YoY +0.0%); EPS: 6.18,"Sales last 3Q: 78.73, 77.69, 81.41 Cr; Net Profit last 3Q: 8.83, 7.24, 6.16 Cr",,,"P/E: 41.9; ROCE: 17.0; ROE: 14.1; Div Yield: 0.19; Book Value: 47.0; Mkt Cap: 1,350",2026-07-23
SURYAROSNI,,,,,,,,,,,"Sales: 7,540 Cr (YoY +1.4%); NetProfit: 286 Cr (YoY -17.6%); EPS: 13.13","Sales last 3Q: 1,845, 1,927, 2,163 Cr; Net Profit last 3Q: 74, 80, 98 Cr",,,"P/E: 19.9; ROCE: 15.8; ROE: 11.2; Div Yield: 1.62; Book Value: 121; Mkt Cap: 5,699",2026-06-25
SURYODAY,,,,,,,,,,,,,,,P/E: 12.75; ROE: 7.59%; Div Yield: 0.82%; Book Value: ₹195.63; Mkt Cap: ₹1936 Cr,2026-07-03
SUVEN,,,,,,,,,,,Sales: 9 Cr (YoY +28.6%); NetProfit: -352 Cr (YoY -27.5%); EPS: -14.44,"Sales last 3Q: 3, 2, 4 Cr; Net Profit last 3Q: -102, -46, -128 Cr",,,"ROCE: -79.5; ROE: -81.5; Div Yield: 0.00; Book Value: 22.4; Mkt Cap: 9,674",2026-08-15
SUYOG,,,,,,,,,,,Sales: 222 Cr (YoY +15.0%); NetProfit: 63 Cr (YoY +53.7%); EPS: 53.83,"Sales last 3Q: 55, 56, 56 Cr; Net Profit last 3Q: 17, 15, 14 Cr",,,P/E: 14.9; ROCE: 14.6; ROE: 14.2; Div Yield: 0.22; Book Value: 418; Mkt Cap: 940,2026-06-18
SUZLON,,,,,,,,,,,"Sales: 17,429 Cr (YoY +4.2%); NetProfit: 3,144 Cr (YoY -0.6%); EPS: 2.31","Sales last 3Q: 4,236, 5,493, 3,829 Cr; Net Profit last 3Q: 445, 1,114, 305 Cr",,,"P/E: 20.4; ROCE: 35.1; ROE: 40.6; Div Yield: 0.00; Book Value: 6.96; Mkt Cap: 64,223",2026-08-15
SWANCORP,,,,,,,,,,,"Sales: 4,172 Cr (YoY -4.6%); NetProfit: 208 Cr (YoY -23.2%); EPS: 7.14","Sales last 3Q: 1,150, 870, 1,014 Cr; Net Profit last 3Q: -1, 251, -36 Cr",,,"P/E: 42.7; ROCE: 3.87; ROE: 3.68; Div Yield: 0.05; Book Value: 240; Mkt Cap: 9,548",2026-08-15
SWARAJENG,,,,,,,,,,,,,,,P/E: 22.73; ROE: 43.23%; Div Yield: 2.97%; Book Value: ₹402.41; Mkt Cap: ₹4466 Cr,2026-07-20
SWIGGY,,,,,,,,,,,"Sales: 24,904 Cr (YoY +8.0%); NetProfit: -3,748 Cr (YoY +9.8%); EPS: -14.01","Sales last 3Q: 6,148, 6,383, 6,812 Cr; Net Profit last 3Q: -1,065, -800, -791 Cr",,,"ROCE: -24.1; ROE: -29.1; Div Yield: 0.00; Book Value: 66.4; Mkt Cap: 76,267",2026-08-15
SWSOLAR,,,,,,,,,,,"Sales: 7,548 Cr (YoY +19.8%); NetProfit: -296 Cr (YoY -444.2%); EPS: -13.25","Sales last 3Q: 1,749, 2,092, 1,946 Cr; Net Profit last 3Q: -478, 2, 142 Cr",,,"P/E: 17.5; ROCE: 26.8; ROE: 40.1; Div Yield: 0.00; Book Value: 27.8; Mkt Cap: 5,811",2026-06-23
SYMPHONY,,,,,,,,,,,"Sales: 1,131 Cr (YoY -28.2%); NetProfit: -141 Cr (YoY -166.5%); EPS: -20.53","Sales last 3Q: 163, 233, 338 Cr; Net Profit last 3Q: 19, 19, -218 Cr",,,"ROCE: 20.4; ROE: -3.68; Div Yield: 1.29; Book Value: 79.4; Mkt Cap: 4,782",2026-07-09
SYNGENE,,,,,,,,,,,"Sales: 3,600 Cr (YoY -3.7%); NetProfit: 221 Cr (YoY -30.3%); EPS: 5.49","Sales last 3Q: 917.10, 1,036.50, 736.00 Cr; Net Profit last 3Q: 15.00, 147.90, -9.00 Cr",,,"P/E: 54.7; ROCE: 9.99; ROE: 7.78; Div Yield: 0.31; Book Value: 120; Mkt Cap: 16,205",2026-08-15
SYRMA,,,,,,,,,,,Sales: 4278 Cr (YoY +13%); NetProfit: 298 Cr (YoY +62%); EPS: 15.12,"Sales last 4Q: 924, 944, 1146, 1264 Cr; Net Profit last 4Q: 71, 50, 66, 110 Cr",Debt: 332 Cr,,ROCE: 6%; EPS: 15.12; NPM: 6.97%,2026-08-15
TAJGVK,,,,,,,,,,,Sales: 508 Cr (YoY +12.9%); NetProfit: 410 Cr (YoY +250.4%); EPS: 65.43,"Sales last 3Q: 107, 136, 159 Cr; Net Profit last 3Q: 28, 37, 320 Cr",,,"P/E: 14.8; ROCE: 13.2; ROE: 18.4; Div Yield: 0.55; Book Value: 163; Mkt Cap: 2,274",2026-07-07
TALBROAUTO,,,,,,,,,,,Sales: 839 Cr (YoY +1.5%); NetProfit: 99 Cr (YoY +5.3%); EPS: 16.06,"Sales last 4Q: 206, 207, 213, 214 Cr; Net Profit last 4Q: 27, 22, 23, 27 Cr",Debt: 86 Cr,,ROCE: 18%; EPS: 16.06; NPM: 11.8%,2026-08-15
TANLA,,,,,,,,,,,"Sales: 4,418 Cr (YoY +9.7%); NetProfit: 509 Cr (YoY +0.4%); EPS: 38.39","Sales last 3Q: 1,078, 1,121, 1,178 Cr; Net Profit last 3Q: 125, 131, 134 Cr",,,"P/E: 13.6; ROCE: 26.2; ROE: 21.4; Div Yield: 2.31; Book Value: 188; Mkt Cap: 6,897",2026-06-27
TARC,,,,,,,,,,,Sales: 330 Cr (YoY +870.6%); NetProfit: 19 Cr (YoY +108.2%); EPS: 0.65,"Sales last 3Q: 6.87, 38.38, 208.70 Cr; Net Profit last 3Q: -15.77, -21.03, 1.61 Cr",,,"P/E: 190; ROCE: 2.26; ROE: 1.81; Div Yield: 0.00; Book Value: 36.0; Mkt Cap: 3,628",2026-06-29
TARIL,,,,,,,,,,,"Sales: 2,552 Cr (YoY +1.7%); NetProfit: 269 Cr (YoY -1.1%); EPS: 8.61","Sales last 3Q: 737, 783, 572 Cr; Net Profit last 3Q: 76, 91, 64 Cr",,,"P/E: 34.6; ROCE: 23.3; ROE: 19.1; Div Yield: 0.07; Book Value: 50.5; Mkt Cap: 8,946",2026-08-15
TARSONS,,,,,,,,,,,Sales: 441 Cr (YoY +4.3%); NetProfit: 11 Cr (YoY -21.4%); EPS: 2.09,"Sales last 3Q: 107.89, 120.93, 110.24 Cr; Net Profit last 3Q: 5.04, 4.18, -1.44 Cr",,,"P/E: 162; ROCE: 4.56; ROE: 2.38; Div Yield: 0.00; Book Value: 119; Mkt Cap: 1,917",2026-08-15
TATACAP,,,,,,,,,,,"Sales: 32,695 Cr (YoY +3.6%); NetProfit: 5,478 Cr (YoY +12.0%); EPS: 12.87","Sales last 3Q: 7,976, 8,160, 8,822 Cr; Net Profit last 3Q: 1,265, 1,466, 1,628 Cr",,,"P/E: 28.4; ROCE: 8.58; ROE: 12.4; Div Yield: 0.16; Book Value: 108; Mkt Cap: 1,54,598",2026-08-15
TATACHEM,,,,,,,,,,,Sales: 14655 Cr (YoY -1.6%); NetProfit: 352 Cr (YoY -9%); EPS: 7.06,"Sales last 3Q: 3719, 3877, 3550 Cr; Net Profit last 3Q: 316, 154, -69 Cr",Debt: 7495 Cr,,ROCE: 4%; EPS: 7.06; NPM: 2.4%,2026-08-15
TATACOMM,,,,,,,,,,,"Sales: 25,426 Cr (YoY +2.5%); NetProfit: 936 Cr (YoY -6.1%); EPS: 33.19","Sales last 3Q: 6,189, 6,554, 6,583 Cr; Net Profit last 3Q: 364, 259, 130 Cr",,,"P/E: 47.1; ROCE: 14.6; ROE: 32.6; Div Yield: 1.02; Book Value: 121; Mkt Cap: 48,969",2026-08-15
TATACONSUM,,,,,,,,,,,"Sales: 20,290 Cr (YoY +15.2%); NetProfit: 1,547 Cr (YoY +20.2%); EPS: 15.59","Sales last 3Q: 4,966, 5,112, 5,434 Cr; Net Profit last 3Q: 407, 385, 424 Cr",,,"P/E: 72.9; ROCE: 9.24; ROE: 7.35; Div Yield: 0.88; Book Value: 220; Mkt Cap: 1,11,959",2026-06-27
TATAELXSI,,,,,,,,,,,Sales: 849 Cr (YoY +9.5%); NetProfit: 102 Cr (YoY +41.7%); EPS: 16.38,"Sales last 3Q: 206, 221, 231 Cr; Net Profit last 3Q: 24, 28, 30 Cr",,,"P/E: 230; ROCE: 60.0; ROE: 39.3; Div Yield: 1.99; Book Value: 45.5; Mkt Cap: 23,504",2026-08-15
TATAINVEST,,,,,,,,,,,Sales: 404 Cr (YoY +0.2%); NetProfit: 431 Cr (YoY -0.7%); EPS: 8.52,"Sales last 3Q: 58, 40, 152 Cr; Net Profit last 3Q: 75, 64, 144 Cr",,,"P/E: 78.4; ROCE: 1.57; ROE: 1.44; Div Yield: 0.51; Book Value: 578; Mkt Cap: 33,762",2026-08-15
TATAPOWER,,,,,,,,,,,Sales: 64624 Cr (YoY -1.3%); NetProfit: 5008 Cr (YoY +4.9%); EPS: 11.88,"Sales last 3Q: 18035, 15545, 13948 Cr; Net Profit last 3Q: 1262, 1245, 1194 Cr",Debt: 70083 Cr,,ROCE: 15%; EPS: 11.88; NPM: 7.75%,2026-08-15
TATASTEEL,,,,,,,,,,,Sales: 225088 Cr (YoY +3%); NetProfit: 9122 Cr (YoY +187.4%); EPS: 7.33,"Sales last 4Q: 56218, 53178, 58689, 57002 Cr; Net Profit last 4Q: 1201, 2007, 3183, 2730 Cr",Debt: 95643 Cr,,ROCE: 13%; EPS: 7.33; NPM: 4.05%,2026-08-15
TATATECH,,,,,,,,,,,"Sales: 5,926 Cr (YoY +7.6%); NetProfit: 557 Cr (YoY +1.8%); EPS: 13.72","Sales last 3Q: 1,366, 1,572, 1,665 Cr; Net Profit last 3Q: 7, 204, 181 Cr",,,"P/E: 54.2; ROCE: 20.9; ROE: 16.3; Div Yield: 0.96; Book Value: 96.6; Mkt Cap: 35,241",2026-08-15
TATVA,,,,,,,,,,,Sales: 506 Cr (YoY +32.1%); NetProfit: 42 Cr (YoY +600.0%); EPS: 17.98,"Sales last 3Q: 124, 131, 134 Cr; Net Profit last 3Q: 10, 15, 10 Cr",,,"P/E: 73.7; ROCE: 7.14; ROE: 5.53; Div Yield: 0.08; Book Value: 334; Mkt Cap: 3,100",2026-07-10
TBOTEK,,,,,,,,,,,"Sales: 3,092 Cr (YoY +15.5%); NetProfit: 265 Cr (YoY +8.6%); EPS: 24.37","Sales last 3Q: 784, 814, 926 Cr; Net Profit last 3Q: 54, 60, 83 Cr",,,"P/E: 65.9; ROCE: 18.3; ROE: 17.4; Div Yield: 0.00; Book Value: 143; Mkt Cap: 17,736",2026-08-15
TBZ,,,,,,,,,,,"Sales: 3,420 Cr (YoY +6.8%); NetProfit: 214 Cr (YoY +5.9%); EPS: 32.02","Sales last 3Q: 1,061, 830, 841 Cr; Net Profit last 3Q: 81, 68, 34 Cr",,,"P/E: 7.85; ROCE: 21.4; ROE: 27.1; Div Yield: 0.99; Book Value: 126; Mkt Cap: 1,677",2026-08-15
TCC,,,,,,,,,,,Sales: 179 Cr (YoY +115.7%); NetProfit: 65 Cr (YoY +54.8%); EPS: 13.25,"Sales last 3Q: 27, 46, 84 Cr; Net Profit last 3Q: 10, 14, 31 Cr",,,"P/E: 22.0; ROCE: 5.65; ROE: 5.35; Div Yield: 0.00; Book Value: 346; Mkt Cap: 1,388",2026-07-17
TCI,,,,,,,,,,,"Sales: 5,026 Cr (YoY +2.2%); NetProfit: 460 Cr (YoY +0.0%); EPS: 59.50","Sales last 3Q: 1,249, 1,324, 1,248 Cr; Net Profit last 3Q: 116, 124, 107 Cr",,,"P/E: 15.8; ROCE: 19.4; ROE: 19.2; Div Yield: 1.07; Book Value: 334; Mkt Cap: 7,191",2026-08-10
TCIEXP,,,,,,,,,,,"Sales: 1,237 Cr (YoY +2.4%); NetProfit: 81 Cr (YoY -5.8%); EPS: 21.20","Sales last 3Q: 309, 314, 328 Cr; Net Profit last 3Q: 24, 22, 16 Cr",,,"P/E: 24.7; ROCE: 13.9; ROE: 10.5; Div Yield: 1.50; Book Value: 213; Mkt Cap: 2,049",2026-06-27
TCPLPACK,,,,,,,,,,,"Sales: 1,878 Cr (YoY +3.8%); NetProfit: 115 Cr (YoY +17.3%); EPS: 126.92","Sales last 3Q: 471, 454, 493 Cr; Net Profit last 3Q: 25, 22, 40 Cr",,,"P/E: 31.0; ROCE: 17.7; ROE: 15.7; Div Yield: 0.59; Book Value: 790; Mkt Cap: 3,856",2026-08-13
TCS,,,,,,,,,,,Sales: 267021 Cr (YoY +4.6%); NetProfit: 49454 Cr (YoY +1.3%); EPS: 136.01,"Sales last 3Q: 65799, 67087, 70698 Cr; Net Profit last 3Q: 12131, 10720, 13784 Cr",Debt: 11283 Cr,,ROCE: 77%; EPS: 136.01; NPM: 18.52%,2026-08-15
TDPOWERSYS,,,,,,,,,,,Sales: 1615 Cr (YoY +26.3%); NetProfit: 220 Cr (YoY +25.7%); EPS: 14.06,"Sales last 3Q: 372, 452, 443 Cr; Net Profit last 3Q: 50, 60, 56 Cr",Debt: 36 Cr,,ROCE: 28%; EPS: 14.06; NPM: 13.62%,2026-08-15
TEAMLEASE,,,,,,,,,,,"Sales: 11,791 Cr (YoY +5.7%); NetProfit: 141 Cr (YoY +28.2%); EPS: 83.30","Sales last 3Q: 3,032, 2,990, 2,925 Cr; Net Profit last 3Q: 28, 42, 46 Cr",,,"P/E: 15.4; ROCE: 15.4; ROE: 14.8; Div Yield: 0.00; Book Value: 622; Mkt Cap: 2,225",2026-07-21
TECHM,,,,,,,,,,,"Sales: 59,176 Cr (YoY +4.2%); NetProfit: 5,163 Cr (YoY +7.4%); EPS: 52.41","Sales last 3Q: 14,393, 15,076, 15,712 Cr; Net Profit last 3Q: 1,119, 1,356, 1,486 Cr",,,"P/E: 29.9; ROCE: 23.1; ROE: 17.5; Div Yield: 3.12; Book Value: 302; Mkt Cap: 1,59,146",2026-08-14
TECHNOE,,,,,,,,,,,"Sales: 3,252 Cr (YoY +43.3%); NetProfit: 474 Cr (YoY +12.1%); EPS: 40.75","Sales last 3Q: 843, 872, 1,010 Cr; Net Profit last 3Q: 104, 119, 115 Cr",,,"P/E: 28.2; ROCE: 14.8; ROE: 11.4; Div Yield: 0.83; Book Value: 357; Mkt Cap: 12,643",2026-06-27
TEGA,,,,,,,,,,,"Sales: 1,692 Cr (YoY +3.2%); NetProfit: 143 Cr (YoY -28.5%); EPS: 18.99","Sales last 3Q: 405, 404, 527 Cr; Net Profit last 3Q: 45, 20, 43 Cr",,,"P/E: 79.0; ROCE: 8.09; ROE: 5.94; Div Yield: 0.13; Book Value: 454; Mkt Cap: 11,266",2026-07-28
TEJASNET,,,,,,,,,,,"Sales: 1,303 Cr (YoY +18.1%); NetProfit: -917 Cr (YoY -0.9%); EPS: -51.68","Sales last 3Q: 307, 333, 402 Cr; Net Profit last 3Q: -197, -211, -202 Cr",,,"ROCE: -14.6; ROE: -26.8; Div Yield: 0.46; Book Value: 165; Mkt Cap: 9,584",2026-08-15
TEMBO,,,,,,,,,,,"Sales: 1,090 Cr (YoY +46.5%); NetProfit: 98 Cr (YoY +92.2%); EPS: 49.25","Sales last 3Q: 245, 251, 346 Cr; Net Profit last 3Q: 22, 26, 30 Cr",,,"P/E: 11.0; ROCE: 22.8; ROE: 27.5; Div Yield: 0.36; Book Value: 244; Mkt Cap: 1,001",2026-06-29
TENNIND,,,,,,,,,,,"Sales: 5,404 Cr (YoY +10.5%); NetProfit: 604 Cr (YoY +9.2%); EPS: 14.95","Sales last 3Q: 1,281, 1,285, 1,552 Cr; Net Profit last 3Q: 151, 119, 167 Cr",,,"P/E: 37.3; ROCE: 60.8; ROE: 44.4; Div Yield: 0.00; Book Value: 29.7; Mkt Cap: 23,260",2026-06-29
TERASOFT,,,,,,,,,,,Sales: 255 Cr (YoY +7.1%); NetProfit: 25 Cr (YoY +0.0%); EPS: 19.82,"Sales last 3Q: 59.14, 74.74, 49.87 Cr; Net Profit last 3Q: 6.37, 7.22, 4.65 Cr",,,P/E: 18.3; ROCE: 24.4; ROE: 18.5; Div Yield: 0.26; Book Value: 117; Mkt Cap: 453,2026-08-13
TEXINFRA,,,,,,,,,,,Sales: 17 Cr (YoY +6.2%); NetProfit: 11 Cr (YoY +257.1%); EPS: 0.86,"Sales last 3Q: 5.22, 3.82, 4.37 Cr; Net Profit last 3Q: 6.01, 1.07, 0.69 Cr",,,"P/E: 127; ROCE: 1.45; ROE: 0.91; Div Yield: 0.14; Book Value: 83.7; Mkt Cap: 1,393",2026-06-22
TEXRAIL,,,,,,,,,,,"Sales: 4,377 Cr (YoY -14.3%); NetProfit: 194 Cr (YoY -22.1%); EPS: 4.80","Sales last 3Q: 1,258, 1,042, 1,167 Cr; Net Profit last 3Q: 64, 42, 58 Cr",,,"P/E: 22.7; ROCE: 11.4; ROE: 7.63; Div Yield: 0.68; Book Value: 58.4; Mkt Cap: 4,476",2026-06-27
TFCILTD,,,,,,,,,,,Sales: 232 Cr (YoY -8.7%); NetProfit: 85 Cr (YoY +0.0%); EPS: 1.90,"Sales last 3Q: 63, 58, 51 Cr; Net Profit last 3Q: 25, 20, 18 Cr",,,"P/E: 54.4; ROCE: 10.4; ROE: 9.87; Div Yield: 0.60; Book Value: 21.5; Mkt Cap: 4,655",2026-07-29
THANGAMAYL,,,,,,,,,,,,,,,P/E: 41.48; ROE: N/A (see financials); Div Yield: 0.31%; Book Value: ₹455.57; Mkt Cap: ₹16245 Cr,2026-07-31
THELEELA,,,,,,,,,,,"Sales: 1,527 Cr (YoY +17.4%); NetProfit: 403 Cr (YoY +739.6%); EPS: 12.07","Sales last 3Q: 311, 457, 484 Cr; Net Profit last 3Q: 75, 148, 172 Cr",,,"P/E: 40.5; ROCE: 8.72; ROE: 8.20; Div Yield: 0.00; Book Value: 192; Mkt Cap: 16,546",2026-06-22
THEMISMED,,,,,,,,,,,Sales: 342 Cr (YoY -15.8%); NetProfit: 1 Cr (YoY -96.7%); EPS: 0.12,"Sales last 3Q: 77.99, 90.13, 76.53 Cr; Net Profit last 3Q: -3.62, 10.09, 8.89 Cr",,,"P/E: 653; ROCE: 2.74; ROE: 0.41; Div Yield: 0.43; Book Value: 43.3; Mkt Cap: 1,078",2026-06-22
THERMAX,,,,,,,,,,,Sales: 10351 Cr (YoY -0.4%); NetProfit: 681 Cr (YoY +8.6%); EPS: 57.24,"Sales last 3Q: 2158, 2474, 2635 Cr; Net Profit last 3Q: 151, 119, 205 Cr",Debt: 1811 Cr,,ROCE: 17%; EPS: 57.24; NPM: 6.58%,2026-08-15
THOMASCOOK,,,,,,,,,,,"Sales: 8,398 Cr (YoY +3.2%); NetProfit: 220 Cr (YoY -14.7%); EPS: 4.65","Sales last 3Q: 2,074, 2,146, 1,771 Cr; Net Profit last 3Q: 71, 45, 31 Cr",,,"P/E: 23.5; ROCE: 14.8; ROE: 9.27; Div Yield: 0.45; Book Value: 54.1; Mkt Cap: 5,245",2026-06-27
THOMASCOTT,,,,,,,,,,,,,,,P/E: 26.13; ROE: 15.87%; Div Yield: 0.00%; Book Value: ₹96.33; Mkt Cap: ₹512 Cr,2026-08-10
THYROCARE,,,,,,,,,,,Sales: 876 Cr (YoY +5.7%); NetProfit: 176 Cr (YoY +8.0%); EPS: 11.08,"Sales last 3Q: 196, 224, 240 Cr; Net Profit last 3Q: 28, 49, 51 Cr",,,"P/E: 54.9; ROCE: 35.4; ROE: 28.4; Div Yield: 1.50; Book Value: 36.8; Mkt Cap: 9,925",2026-08-14
TI,,,,,,,,,,,"Sales: 2,346 Cr (YoY +63.6%); NetProfit: 21 Cr (YoY -90.9%); EPS: 0.84","Sales last 3Q: 398, 623, 949 Cr; Net Profit last 3Q: 53, -105, -15 Cr",,,"P/E: 43.2; ROCE: 11.8; ROE: 13.1; Div Yield: 0.23; Book Value: 121; Mkt Cap: 10,910",2026-06-29
TIIL,,,,,,,,,,,"Sales: 2,759 Cr (YoY +6.3%); NetProfit: 293 Cr (YoY +11.4%); EPS: 125.84","Sales last 3Q: 752, 662, 712 Cr; Net Profit last 3Q: 79, 54, 78 Cr",,,"P/E: 22.9; ROCE: 16.1; ROE: 15.0; Div Yield: 0.66; Book Value: 892; Mkt Cap: 6,533",2026-08-13
TIINDIA,,,,,,,,,,,Sales: 21783 Cr (YoY +11.9%); NetProfit: 1042 Cr (YoY -1.1%); EPS: 30.9,"Sales last 4Q: 5150, 5309, 5523, 5801 Cr; Net Profit last 4Q: 158, 303, 302, 279 Cr",Debt: 705 Cr,,ROCE: 32%; EPS: 30.9; NPM: 4.78%,2026-08-15
TIL,,,,,,,,,,,Sales: 323 Cr (YoY +2.5%); NetProfit: -31 Cr (YoY -1133.3%); EPS: -3.73,"Sales last 3Q: 78.27, 73.23, 108.84 Cr; Net Profit last 3Q: -7.73, -6.85, -9.97 Cr",,,"ROCE: 2.60; ROE: -26.2; Div Yield: 0.00; Book Value: 13.5; Mkt Cap: 1,710",2026-06-27
TIMETECHNO,,,,,,,,,,,"Sales: 6,105 Cr (YoY +11.9%); NetProfit: 477 Cr (YoY +21.1%); EPS: 9.50","Sales last 3Q: 1,511, 1,565, 1,677 Cr; Net Profit last 3Q: 117, 129, 134 Cr",,,"P/E: 19.2; ROCE: 16.7; ROE: 13.4; Div Yield: 0.69; Book Value: 82.8; Mkt Cap: 8,988",2026-06-27
TIMEX,,,,,,,,,,,,,,,P/E: 70.30; ROE: 77.26%; Div Yield: 0.00%; Book Value: ₹11.80; Mkt Cap: ₹5294 Cr,2026-07-03
TIMKEN,,,,,,,,,,,"Sales: 3,478 Cr (YoY +8.8%); NetProfit: 415 Cr (YoY -10.2%); EPS: 55.16","Sales last 3Q: 786, 780, 1,090 Cr; Net Profit last 3Q: 94, 55, 158 Cr",,,"P/E: 68.1; ROCE: 19.0; ROE: 14.3; Div Yield: 0.96; Book Value: 387; Mkt Cap: 28,253",2026-06-22
TINNARUBR,,,,,,,,,,,Sales: 546 Cr (YoY +8.1%); NetProfit: 53 Cr (YoY +10.4%); EPS: 29.34,"Sales last 3Q: 120, 139, 157 Cr; Net Profit last 3Q: 12, 13, 17 Cr",,,"P/E: 32.3; ROCE: 22.3; ROE: 22.1; Div Yield: 0.42; Book Value: 167; Mkt Cap: 1,706",2026-06-23
TIPSFILMS,,,,,,,,,,,,,,,P/E: N/A; ROE: -42.09%; Div Yield: 0.00%; Book Value: ₹69.09; Mkt Cap: ₹177 Cr,2026-07-24
TIPSMUSIC,,,,,,,,,,,Sales: 376 Cr (YoY +20.9%); NetProfit: 217 Cr (YoY +29.9%); EPS: 16.96,"Sales last 3Q: 89, 94, 104 Cr; Net Profit last 3Q: 53, 59, 59 Cr",Debt: 5 Cr,,ROCE: 122%; EPS: 16.96; NPM: 57.71%,2026-08-15
TIRUMALCHM,,,,,,,,,,,"Sales: 1,736 Cr (YoY -15.3%); NetProfit: -168 Cr (YoY -265.2%); EPS: -13.93","Sales last 3Q: 445, 416, 424 Cr; Net Profit last 3Q: -33, -47, -28 Cr",,,"ROCE: -3.14; ROE: -11.8; Div Yield: 0.00; Book Value: 130; Mkt Cap: 1,941",2026-06-29
TITAGARH,,,,,,,,,,,"Sales: 3,272 Cr (YoY +2.7%); NetProfit: 188 Cr (YoY +52.8%); EPS: 14.00","Sales last 3Q: 832, 875, 765 Cr; Net Profit last 3Q: 45, 54, 53 Cr",,,"P/E: 57.7; ROCE: 10.6; ROE: 6.47; Div Yield: 0.12; Book Value: 182; Mkt Cap: 11,196",2026-08-15
TITAN,,,,,,,,,,,Sales: 75580 Cr (YoY +25%); NetProfit: 4766 Cr (YoY +42.8%); EPS: 53.69,"Sales last 4Q: 14916, 16523, 18725, 25416 Cr; Net Profit last 4Q: 871, 1091, 1120, 1684 Cr",Debt: 12465 Cr,,ROCE: 17%; EPS: 53.69; NPM: 6.31%,2026-08-15
TMB,,,,,,,,,,,Revenue: 5819 Cr (YoY +10%); NetProfit: 1338 Cr (YoY +13.1%); EPS: 84.47,"Sales last 4Q: 1386, 1413, 1469, 1550 Cr; Net Profit last 4Q: 305, 318, 342, 374 Cr",,,ROE: 14%; EPS: 84.47; NPM: 22.99%,2026-08-15
TMCV,,,,,,,,,,,"Sales: 87,197 Cr (YoY +4.0%); NetProfit: 4,187 Cr (YoY +38.2%); EPS: ","Sales last 3Q: 21,847, 26,098, 20,667 Cr; Net Profit last 3Q: 705, 1,793, 2,556 Cr",,,"P/E: 23.5; ROCE: 35.9; ROE: 34.0; Div Yield: 0.84; Book Value: 34.6; Mkt Cap: 1,74,670",2026-08-15
TMPV,,,,,,,,,,,Sales: 349637 Cr (YoY -20.5%); NetProfit: 85324 Cr (YoY +203.1%); EPS: 231.05,"Sales last 4Q: 119503, 87677, 72349, 70108 Cr; Net Profit last 4Q: 8556, 4003, 76248, -3483 Cr",Debt: 67258 Cr,,ROCE: 20%; EPS: 231.05; NPM: 24.4%,2026-08-15
TNPETRO,,,,,,,,,,,"Sales: 1,466 Cr (YoY -19.8%); NetProfit: 97 Cr (YoY +67.2%); EPS: 10.83","Sales last 3Q: 457.34, 421.29, 124.50 Cr; Net Profit last 3Q: 34.24, 19.88, 8.09 Cr",,,P/E: 9.90; ROCE: 10.9; ROE: 9.55; Div Yield: 1.18; Book Value: 113; Mkt Cap: 912,2026-08-07
TNPL,,,,,,,,,,,,,,,P/E: 4.05; ROE: 11.25%; Div Yield: 2.76%; Book Value: ₹334.63; Mkt Cap: ₹1005 Cr,2026-06-29
TOLINS,,,,,,,,,,,Sales: 327 Cr (YoY +12.0%); NetProfit: 36 Cr (YoY -7.7%); EPS: 9.03,"Sales last 3Q: 66.10, 93.29, 77.99 Cr; Net Profit last 3Q: 6.95, 10.49, 8.94 Cr",,,P/E: 12.0; ROCE: 13.0; ROE: 10.4; Div Yield: 0.00; Book Value: 91.4; Mkt Cap: 429,2026-07-03
TORNTPHARM,,,,,,,,,,,Sales: 12742 Cr (YoY +10.6%); NetProfit: 2272 Cr (YoY +18.9%); EPS: 67.12,"Sales last 4Q: 2959, 3178, 3302, 3303 Cr; Net Profit last 4Q: 498, 548, 591, 635 Cr",Debt: 2822 Cr,,ROCE: 28%; EPS: 67.12; NPM: 17.83%,2026-08-15
TORNTPOWER,,,,,,,,,,,Sales: 29017 Cr (YoY -0.5%); NetProfit: 3215 Cr (YoY +5.1%); EPS: 62.67,"Sales last 3Q: 7906, 7876, 6778 Cr; Net Profit last 3Q: 742, 742, 655 Cr",Debt: 10431 Cr,,ROCE: 17%; EPS: 62.67; NPM: 11.08%,2026-08-15
TRANSPEK,,,,,,,,,,,Sales: 621 Cr (YoY -4.5%); NetProfit: 46 Cr (YoY -6.1%); EPS: 81.73,"Sales last 3Q: 160.27, 158.48, 148.22 Cr; Net Profit last 3Q: 12.64, 10.85, 6.58 Cr",,,"P/E: 16.2; ROCE: 8.31; ROE: 6.04; Div Yield: 1.52; Book Value: 1,374; Mkt Cap: 738",2026-07-31
TRANSRAILL,,,,,,,,,,,"Sales: 6,880 Cr (YoY +29.6%); NetProfit: 404 Cr (YoY +23.5%); EPS: 30.06","Sales last 3Q: 1,561, 1,796, 1,863 Cr; Net Profit last 3Q: 91, 110, 96 Cr",,,"P/E: 16.5; ROCE: 29.2; ROE: 20.0; Div Yield: 0.16; Book Value: 170; Mkt Cap: 6,893",2026-06-29
TRAVELFOOD,,,,,,,,,,,"Sales: 1,648 Cr (YoY -2.4%); NetProfit: 452 Cr (YoY +18.9%); EPS: 33.49","Sales last 3Q: 356, 456, 461 Cr; Net Profit last 3Q: 98, 137, 123 Cr",,,"P/E: 42.8; ROCE: 42.4; ROE: 35.3; Div Yield: 0.00; Book Value: 110; Mkt Cap: 18,886",2026-08-07
TREJHARA,,,,,,,,,,,Sales: 142 Cr (YoY +22.4%); NetProfit: 9 Cr (YoY +125.0%); EPS: 3.54,"Sales last 3Q: 33.93, 33.81, 41.87 Cr; Net Profit last 3Q: 3.57, 1.21, 3.22 Cr",,,P/E: 37.1; ROCE: 4.28; ROE: 3.31; Div Yield: 0.00; Book Value: 123; Mkt Cap: 328,2026-07-20
TRENT,,,,,,,,,,,"Sales: 20,074 Cr (YoY +17.2%); NetProfit: 1,721 Cr (YoY +12.2%); EPS: 32.25","Sales last 3Q: 4,818, 5,345, 5,028 Cr; Net Profit last 3Q: 373, 510, 413 Cr",,,"P/E: 101; ROCE: 28.3; ROE: 27.7; Div Yield: 0.12; Book Value: 131; Mkt Cap: 1,74,212",2026-06-29
TRITURBINE,,,,,,,,,,,Sales: 2040 Cr (YoY +1.7%); NetProfit: 342 Cr (YoY -4.7%); EPS: 10.75,"Sales last 3Q: 371, 506, 624 Cr; Net Profit last 3Q: 64, 91, 92 Cr",Debt: 38 Cr,,ROCE: 48%; EPS: 10.75; NPM: 16.76%,2026-08-15
TRIVENI,,,,,,,,,,,"Sales: 6,173 Cr (YoY +3.7%); NetProfit: 270 Cr (YoY +0.4%); EPS: 12.55","Sales last 3Q: 1,478.14, 1,408.18, 1,580.52 Cr; Net Profit last 3Q: 77.78, 167.45, 3.65 Cr",,,"P/E: 22.4; ROCE: 6.75; ROE: 6.13; Div Yield: 1.03; Book Value: 153; Mkt Cap: 5,871",2026-08-15
TRUALT,,,,,,,,,,,"Sales: 1,728 Cr (YoY -9.4%); NetProfit: 97 Cr (YoY -34.0%); EPS: 11.19","Sales last 3Q: 115, 713, 596 Cr; Net Profit last 3Q: -38, 69, 61 Cr",,,"P/E: 43.9; ROCE: 10.4; ROE: 8.38; Div Yield: 0.00; Book Value: 177; Mkt Cap: 4,213",2026-06-18
TSFINV,,,,,,,,,,,Sales: 985 Cr (YoY +535.5%); NetProfit: 530 Cr (YoY +28.6%); EPS: 23.49,"Sales last 3Q: 250, 258, 298 Cr; Net Profit last 3Q: 103, 105, 164 Cr",,,"P/E: 18.0; ROCE: 4.13; ROE: 8.97; Div Yield: 2.64; Book Value: 272; Mkt Cap: 9,377",2026-06-29
TTKHLTCARE,,,,,,,,,,,,,,,P/E: 23.56; ROE: 6.03%; Div Yield: 0.96%; Book Value: ₹788.98; Mkt Cap: ₹1546 Cr,2026-08-06
TTKPRESTIG,,,,,,,,,,,"Sales: 2,974 Cr (YoY +9.5%); NetProfit: 157 Cr (YoY +45.4%); EPS: 11.73","Sales last 3Q: 834, 801, 729 Cr; Net Profit last 3Q: 63, 32, 36 Cr",,,"P/E: 45.5; ROCE: 12.5; ROE: 9.30; Div Yield: 1.26; Book Value: 145; Mkt Cap: 8,168",2026-06-29
TVSELECT,,,,,,,,,,,,,,,P/E: 92.7; ROCE: 18.6; ROE: 11.6; Div Yield: 0.00; Book Value: 46.7; Mkt Cap: 913,2026-06-29
TVSMOTOR,,,,,,,,,,,"Sales: 56,070 Cr (YoY +27.2%); NetProfit: 3,186 Cr (YoY +33.9%); EPS: 63.53","Sales last 3Q: 14,051, 14,756, 15,053 Cr; Net Profit last 3Q: 833, 891, 820 Cr",,,"P/E: 55.6; ROCE: 17.4; ROE: 33.8; Div Yield: 0.34; Book Value: 201; Mkt Cap: 1,69,592",2026-06-27
TVSSCS,,,,,,,,,,,Sales: 10470 Cr (YoY +4.7%); NetProfit: 95 Cr (YoY +1050%); EPS: 2.08,"Sales last 3Q: 2592, 2663, 2716 Cr; Net Profit last 3Q: 71, 16, 11 Cr",Debt: 2221 Cr,,ROCE: 4%; EPS: 2.08; NPM: 0.91%,2026-08-15
TVSSRICHAK,,,,,,,,,,,"Sales: 3,643 Cr (YoY +12.0%); NetProfit: 71 Cr (YoY +238.1%); EPS: 93.02","Sales last 3Q: 926, 917, 981 Cr; Net Profit last 3Q: 11, 11, 36 Cr",,,"P/E: 43.3; ROCE: 7.54; ROE: 5.89; Div Yield: 0.42; Book Value: 1,554; Mkt Cap: 3,027",2026-08-13
TVTODAY,,,,,,,,,,,Sales: 809 Cr (YoY -18.5%); NetProfit: 14 Cr (YoY -81.3%); EPS: 2.40,"Sales last 3Q: 185.68, 212.36, 213.47 Cr; Net Profit last 3Q: -1.98, -0.14, 9.02 Cr",,,P/E: 28.8; ROCE: 4.55; ROE: 2.91; Div Yield: 2.40; Book Value: 149; Mkt Cap: 745,2026-06-27
UBL,,,,,,,,,,,"Sales: 9,442 Cr (YoY +2.2%); NetProfit: 396 Cr (YoY -4.1%); EPS: 14.96","Sales last 3Q: 2,073, 2,250, 3,067 Cr; Net Profit last 3Q: 81, 102, 166 Cr",,,"P/E: 105; ROCE: 10.7; ROE: 7.69; Div Yield: 0.73; Book Value: 171; Mkt Cap: 36,398",2026-08-15
UCAL,,,,,,,,,,,Sales: 803 Cr (YoY +0.1%); NetProfit: -41 Cr (YoY -156.2%); EPS: -18.43,"Sales last 4Q: 199, 195, 211, 199 Cr; Net Profit last 4Q: -21, -6, -4, -10 Cr",Debt: 301 Cr,,ROCE: 7%; EPS: -18.43; NPM: -5.11%,2026-08-15
UCOBANK,,,,,,,,,,,"Sales: 25,067 Cr (YoY +14.7%); NetProfit: 2,468 Cr (YoY +47.6%); EPS: 1.97","Sales last 3Q: 6,078, 6,220, 6,745 Cr; Net Profit last 3Q: 607, 640, 666 Cr",,,"P/E: 13.2; ROCE: 5.76; ROE: 8.50; Div Yield: 1.69; Book Value: 24.6; Mkt Cap: 32,603",2026-08-15
UDS,,,,,,,,,,,"Sales: 2,940 Cr (YoY +7.5%); NetProfit: 83 Cr (YoY -30.3%); EPS: 12.80","Sales last 3Q: 729, 767, 743 Cr; Net Profit last 3Q: 20, 7, 27 Cr",,,"P/E: 13.6; ROCE: 9.98; ROE: 8.88; Div Yield: 0.00; Book Value: 157; Mkt Cap: 1,214",2026-06-27
UEL,,,,,,,,,,,,,,,"P/E: 123; ROCE: 10.6; ROE: 8.03; Div Yield: 0.00; Book Value: 1.71; Mkt Cap: 2,051",2026-07-31
UFBL,,,,,,,,,,,"Sales: 1,339 Cr (YoY +8.6%); NetProfit: -62 Cr (YoY -129.6%); EPS: -15.13","Sales last 3Q: 305, 377, 360 Cr; Net Profit last 3Q: -22, -8, -15 Cr",,,"ROCE: 1.52; ROE: -17.6; Div Yield: 0.00; Book Value: 79.4; Mkt Cap: 2,325",2026-06-16
UFLEX,,,,,,,,,,,"Sales: 15,401 Cr (YoY +2.4%); NetProfit: 317 Cr (YoY +123.2%); EPS: 43.91","Sales last 3Q: 3,832, 3,612, 4,056 Cr; Net Profit last 3Q: 27, 36, 196 Cr",,,"P/E: 9.55; ROCE: 6.97; ROE: 4.28; Div Yield: 0.68; Book Value: 1,125; Mkt Cap: 3,172",2026-07-03
ULTRACEMCO,,,,,,,,,,,"Sales: 88,512 Cr (YoY +16.5%); NetProfit: 8,188 Cr (YoY +35.6%); EPS: 277.10","Sales last 3Q: 19,607, 21,830, 25,799 Cr; Net Profit last 3Q: 1,238, 1,729, 3,000 Cr",,,"P/E: 40.5; ROCE: 12.8; ROE: 11.2; Div Yield: 0.66; Book Value: 2,600; Mkt Cap: 3,34,829",2026-06-29
ULTRAMAR,,,,,,,,,,,Sales: 775 Cr (YoY +11.5%); NetProfit: 81 Cr (YoY +8.0%); EPS: 27.66,"Sales last 3Q: 196, 196, 199 Cr; Net Profit last 3Q: 19, 27, 14 Cr",,,"P/E: 15.1; ROCE: 10.8; ROE: 8.59; Div Yield: 1.46; Book Value: 298; Mkt Cap: 1,198",2026-08-07
UNICHEMLAB,,,,,,,,,,,"Sales: 2,202 Cr (YoY +4.3%); NetProfit: 253 Cr (YoY +83.3%); EPS: 35.91","Sales last 3Q: 579, 521, 575 Cr; Net Profit last 3Q: -12, 264, 11 Cr",,,"P/E: 40.7; ROCE: 3.99; ROE: 3.03; Div Yield: 0.00; Book Value: 386; Mkt Cap: 3,188",2026-06-29
UNIMECH,,,,,,,,,,,Sales: 240 Cr (YoY -1.2%); NetProfit: 63 Cr (YoY -24.1%); EPS: 12.44,"Sales last 3Q: 62, 34, 82 Cr; Net Profit last 3Q: 16, 2, 26 Cr",,,"P/E: 91.1; ROCE: 11.8; ROE: 9.00; Div Yield: 0.00; Book Value: 145; Mkt Cap: 5,762",2026-06-18
UNIONBANK,,,,,,,,,,,"Sales: 107,127 Cr (YoY +0.3%); NetProfit: 20,644 Cr (YoY +6.2%); EPS: 27.05","Sales last 3Q: 26,819, 26,676, 27,427 Cr; Net Profit last 3Q: 5,073, 5,504, 5,642 Cr",,,"P/E: 6.93; ROCE: 6.30; ROE: 15.7; Div Yield: 2.67; Book Value: 183; Mkt Cap: 1,43,038",2026-08-15
UNIONGOLD,,,,,,,,,,,,,,,P/E: N/A; ROE: N/A (see financials); Div Yield: 0.00%; Book Value: ₹N/A; Mkt Cap: N/A,2026-06-29
UNIPARTS,,,,,,,,,,,"Sales: 1,170 Cr (YoY +21.4%); NetProfit: 158 Cr (YoY +79.5%); EPS: 35.07","Sales last 3Q: 277, 281, 339 Cr; Net Profit last 3Q: 39, 33, 51 Cr",,,"P/E: 20.4; ROCE: 21.6; ROE: 18.3; Div Yield: 2.09; Book Value: 193; Mkt Cap: 3,288",2026-07-31
UNITDSPR,,,,,,,,,,,"Sales: 12,467 Cr (YoY +3.3%); NetProfit: 1,838 Cr (YoY +16.2%); EPS: 25.27","Sales last 3Q: 3,173, 3,691, 3,054 Cr; Net Profit last 3Q: 464, 418, 539 Cr",,,"P/E: 55.2; ROCE: 27.5; ROE: 21.4; Div Yield: 1.23; Book Value: 123; Mkt Cap: 1,00,731",2026-06-27
UNIVCABLES,,,,,,,,,,,"Sales: 3,368 Cr (YoY +11.4%); NetProfit: 200 Cr (YoY +22.7%); EPS: 57.66","Sales last 3Q: 768, 840, 945 Cr; Net Profit last 3Q: 27, 55, 70 Cr",,,"P/E: 28.5; ROCE: 11.7; ROE: 8.90; Div Yield: 0.27; Book Value: 545; Mkt Cap: 5,705",2026-08-15
UNOMINDA,,,,,,,,,,,Sales: 18850 Cr (YoY +12.4%); NetProfit: 1222 Cr (YoY +19.7%); EPS: 19.76,"Sales last 4Q: 4528, 4489, 4814, 5018 Cr; Net Profit last 4Q: 289, 309, 323, 300 Cr",Debt: 2852 Cr,,ROCE: 19%; EPS: 19.76; NPM: 6.48%,2026-08-15
UPL,,,,,,,,,,,"Sales: 52,804 Cr (YoY +1.9%); NetProfit: 2,323 Cr (YoY +4.6%); EPS: 23.95","Sales last 3Q: 12,269, 18,335, 10,181 Cr; Net Profit last 3Q: 490, 1,294, -73 Cr",,,"P/E: 24.0; ROCE: 10.1; ROE: 5.64; Div Yield: 1.07; Book Value: 411; Mkt Cap: 47,512",2026-08-15
URAVIDEF,,,,,,,,,,,Sales: 38.62 Cr (YoY -6.6%); NetProfit: 2.14 Cr (YoY -16.1%); EPS: 0.91,"Sales last 3Q: 10.20, 10.20, 9.86 Cr; Net Profit last 3Q: -0.05, 0.16, 1.50 Cr",,,P/E: 238; ROCE: 3.69; ROE: 1.12; Div Yield: 0.00; Book Value: 44.6; Mkt Cap: 130,2026-06-27
URBANCO,,,,,,,,,,,"Sales: 1,556 Cr (YoY +36.0%); NetProfit: -235 Cr (YoY -197.9%); EPS: -1.52","Sales last 3Q: 380, 383, 426 Cr; Net Profit last 3Q: -59, -21, -161 Cr",,,"ROCE: -7.82; ROE: -12.0; Div Yield: 0.00; Book Value: 13.9; Mkt Cap: 20,022",2026-06-27
USHAMART,,,,,,,,,,,Sales: 3691 Cr (YoY +6.2%); NetProfit: 466 Cr (YoY +14.8%); EPS: 15.29,"Sales last 4Q: 887, 908, 917, 979 Cr; Net Profit last 4Q: 101, 110, 108, 148 Cr",Debt: 229 Cr,,ROCE: 30%; EPS: 15.29; NPM: 12.63%,2026-08-15
UTIAMC,,,,,,,,,,,"Sales: 1,698 Cr (YoY -8.3%); NetProfit: 472 Cr (YoY -41.9%); EPS: 31.44","Sales last 3Q: 419, 517, 390 Cr; Net Profit last 3Q: 132, 138, -51 Cr",,,"P/E: 25.3; ROCE: 15.8; ROE: 10.3; Div Yield: 4.31; Book Value: 350; Mkt Cap: 11,889",2026-06-29
UTLSOLAR,,,,,,,,,,,"Sales: 2,655 Cr (YoY +555.6%); NetProfit: 304 Cr (YoY +1420.0%); EPS: 9.93","Sales last 3Q: 597, 901, 1,346 Cr; Net Profit last 3Q: 68, 106, 58 Cr",,,"P/E: 31.1; Div Yield: 0.00; Mkt Cap: 13,008",2026-08-15
UTTAMSUGAR,,,,,,,,,,,"Sales: 2,202 Cr (YoY +19.3%); NetProfit: 101 Cr (YoY +17.4%); EPS: 26.30","Sales last 3Q: 582, 521, 470 Cr; Net Profit last 3Q: 1, 30, 55 Cr",,,P/E: 9.12; ROCE: 11.5; ROE: 12.2; Div Yield: 1.03; Book Value: 230; Mkt Cap: 923,2026-07-06
V2RETAIL,,,,,,,,,,,"Sales: 3,432 Cr (YoY +11.9%); NetProfit: 179 Cr (YoY +10.5%); EPS: 4.95","Sales last 3Q: 929, 797, 997 Cr; Net Profit last 3Q: 103, 18, 42 Cr",,,"P/E: 49.7; ROCE: 19.3; ROE: 22.9; Div Yield: 0.00; Book Value: 24.8; Mkt Cap: 7,891",2026-08-15
VADILALIND,,,,,,,,,,,"Sales: 1,676 Cr (YoY +11.5%); NetProfit: 219 Cr (YoY +41.3%); EPS: 304.73","Sales last 3Q: 239, 416, 680 Cr; Net Profit last 3Q: -0, 55, 131 Cr",,,"P/E: 25.7; ROCE: 22.2; ROE: 20.1; Div Yield: 0.27; Book Value: 1,183; Mkt Cap: 5,628",2026-08-13
VAIBHAVGBL,,,,,,,,,,,"Sales: 3,692 Cr (YoY +9.2%); NetProfit: 266 Cr (YoY +73.9%); EPS: 15.93","Sales last 3Q: 877, 1,066, 935 Cr; Net Profit last 3Q: 48, 90, 91 Cr",,,"P/E: 14.6; ROCE: 16.3; ROE: 17.8; Div Yield: 2.58; Book Value: 98.6; Mkt Cap: 3,898",2026-06-27
VARROC,,,,,,,,,,,Sales: 8622 Cr (YoY +5.7%); NetProfit: 182 Cr (YoY +160%); EPS: 11.55,"Sales last 4Q: 2099, 2028, 2207, 2288 Cr; Net Profit last 4Q: 23, 107, 63, -11 Cr",Debt: 915 Cr,,ROCE: 20%; EPS: 11.55; NPM: 2.11%,2026-08-15
VBL,,,,,,,,,,,Sales: 22693 Cr (YoY +4.6%); NetProfit: 3209 Cr (YoY +4.8%); EPS: 9.4,"Sales last 3Q: 4897, 4204, 6574 Cr; Net Profit last 3Q: 745, 260, 879 Cr",Debt: 2508 Cr,,ROCE: 19%; EPS: 9.4; NPM: 14.14%,2026-08-15
VEDL,,,,,,,,,,,Sales: 78437 Cr (YoY -48.7%); NetProfit: 25096 Cr (YoY +22.2%); EPS: 44.47,"Sales last 3Q: 18747, 21337, 24609 Cr; Net Profit last 3Q: 3479, 7807, 9352 Cr",Debt: 27844 Cr,,ROCE: 3%; EPS: 44.47; NPM: 32%,2026-08-15
VENKEYS,,,,,,,,,,,,,,,P/E: 16.14; ROE: 9.07%; Div Yield: 0.67%; Book Value: ₹1133.02; Mkt Cap: ₹2247 Cr,2026-08-04
VENUSPIPES,,,,,,,,,,,,,,,P/E: 29.95; ROE: 16.99%; Div Yield: 0.07%; Book Value: ₹297.02; Mkt Cap: ₹3071 Cr,2026-06-18
VERANDA,,,,,,,,,,,Sales: 482 Cr (YoY +2.3%); NetProfit: 130 Cr (YoY +151.6%); EPS: 10.97,"Sales last 3Q: 127, 117, 132 Cr; Net Profit last 3Q: 96, 13, 16 Cr",,,"P/E: 48.3; ROCE: 12.8; ROE: 7.75; Div Yield: 0.00; Book Value: 99.6; Mkt Cap: 2,273",2026-06-18
VESUVIUS,,,,,,,,,,,,,,,P/E: 36.12; ROE: N/A (see financials); Div Yield: 0.32%; Book Value: ₹81.98; Mkt Cap: ₹9421 Cr,2026-06-29
VETO,,,,,,,,,,,Sales: 387 Cr (YoY +29.0%); NetProfit: 25 Cr (YoY +13.6%); EPS: 13.15,"Sales last 3Q: 88.77, 94.22, 138.86 Cr; Net Profit last 3Q: 6.08, 6.27, 8.80 Cr",,,P/E: 11.0; ROCE: 11.7; ROE: 9.04; Div Yield: 0.69; Book Value: 152; Mkt Cap: 277,2026-06-16
VGUARD,,,,,,,,,,,"Sales: 5,966 Cr (YoY +7.0%); NetProfit: 308 Cr (YoY -1.9%); EPS: 7.06","Sales last 3Q: 1,341, 1,404, 1,755 Cr; Net Profit last 3Q: 65, 57, 112 Cr",,,"P/E: 41.2; ROCE: 18.6; ROE: 14.5; Div Yield: 0.49; Book Value: 54.3; Mkt Cap: 13,373",2026-06-29
VIDHIING,,,,,,,,,,,Sales: 438 Cr (YoY +15.3%); NetProfit: 53 Cr (YoY +8.2%); EPS: 10.66,"Sales last 3Q: 94, 123, 146 Cr; Net Profit last 3Q: 12, 13, 17 Cr",,,"P/E: 28.2; ROCE: 18.8; ROE: 15.6; Div Yield: 1.66; Book Value: 65.6; Mkt Cap: 1,501",2026-07-29
VIDYAWIRES,,,,,,,,,,,"Sales: 1,840 Cr (YoY +24.2%); NetProfit: 58 Cr (YoY +41.5%); EPS: 2.71","Sales last 3Q: 381, 448, 599 Cr; Net Profit last 3Q: 10, 15, 20 Cr",,,"P/E: 37.5; ROCE: 20.7; ROE: 17.8; Div Yield: 0.00; Book Value: 22.6; Mkt Cap: 2,161",2026-06-29
VIJAYA,,,,,,,,,,,Sales: 768 Cr (YoY +12.8%); NetProfit: 160 Cr (YoY +11.1%); EPS: 15.55,"Sales last 3Q: 188, 202, 205 Cr; Net Profit last 3Q: 39, 43, 43 Cr",Debt: 365 Cr,,ROCE: 20%; EPS: 15.55; NPM: 20.83%,2026-08-15
VIKRAMSOLR,,,,,,,,,,,"Sales: 4,802 Cr (YoY +40.3%); NetProfit: 470 Cr (YoY +235.7%); EPS: 12.98","Sales last 3Q: 1,110, 1,106, 1,453 Cr; Net Profit last 3Q: 128, 98, 110 Cr",,,"P/E: 14.4; ROCE: 30.5; ROE: 21.5; Div Yield: 0.00; Book Value: 87.4; Mkt Cap: 6,818",2026-07-03
VIMTALABS,,,,,,,,,,,Sales: 329 Cr (YoY +3.5%); NetProfit: 61 Cr (YoY +48.8%); EPS: 13.84,"Sales last 3Q: 75, 85, 90 Cr; Net Profit last 3Q: 12, 15, 22 Cr",,,"P/E: 43.9; ROCE: 17.6; ROE: 13.5; Div Yield: 0.33; Book Value: 77.2; Mkt Cap: 2,671",2026-06-27
VINATIORGA,,,,,,,,,,,"Sales: 2,227 Cr (YoY -0.9%); NetProfit: 444 Cr (YoY +9.6%); EPS: 42.80","Sales last 3Q: 550, 531, 604 Cr; Net Profit last 3Q: 115, 101, 124 Cr",,,"P/E: 31.4; ROCE: 19.8; ROE: 14.9; Div Yield: 0.56; Book Value: 305; Mkt Cap: 13,922",2026-07-06
VINCOFE,,,,,,,,,,,Sales: 553 Cr (YoY +79.0%); NetProfit: 72 Cr (YoY +80.0%); EPS: 4.96,"Sales last 3Q: 136, 151, 165 Cr; Net Profit last 3Q: 18, 19, 21 Cr",,,"P/E: 30.5; ROCE: 18.2; ROE: 16.6; Div Yield: 0.07; Book Value: 39.1; Mkt Cap: 2,202",2026-06-27
VINDHYATEL,,,,,,,,,,,"Sales: 3,593 Cr (YoY -11.4%); NetProfit: 220 Cr (YoY +8.4%); EPS: 185.79","Sales last 3Q: 960, 717, 1,009 Cr; Net Profit last 3Q: 59, -1, 103 Cr",,,"P/E: 12.8; ROCE: 8.14; ROE: 5.31; Div Yield: 0.67; Book Value: 3,548; Mkt Cap: 2,813",2026-06-20
VIPIND,,,,,,,,,,,"Sales: 1,858 Cr (YoY -14.7%); NetProfit: -338 Cr (YoY -389.9%); EPS: -23.79","Sales last 3Q: 406, 454, 436 Cr; Net Profit last 3Q: -143, -53, -129 Cr",,,"ROCE: -28.9; ROE: -91.8; Div Yield: 0.00; Book Value: 20.4; Mkt Cap: 4,438",2026-06-27
VISAKAIND,,,,,,,,,,,"Sales: 1,762 Cr (YoY +5.0%); NetProfit: 86 Cr (YoY +1.2%); EPS: 9.94","Sales last 3Q: 368, 480, 590 Cr; Net Profit last 3Q: 2, 40, 53 Cr",,,P/E: 13.2; ROCE: 6.82; ROE: 1.68; Div Yield: 1.16; Book Value: 95.7; Mkt Cap: 893,2026-08-10
VISHNU,,,,,,,,,,,Sales: 1552 Cr (YoY +7.3%); NetProfit: 138 Cr (YoY +8.7%); EPS: 20.47,"Sales last 4Q: 393, 347, 401, 411 Cr; Net Profit last 4Q: 39, 32, 33, 34 Cr",Debt: 418 Cr,,ROCE: 15%; EPS: 20.47; NPM: 8.89%,2026-08-15
VIYASH,,,,,,,,,,,"Sales: 3,575 Cr (YoY +4.5%); NetProfit: 267 Cr (YoY +18.7%); EPS: 5.76","Sales last 3Q: 858, 920, 946 Cr; Net Profit last 3Q: 49, 66, 79 Cr",,,"P/E: 50.8; ROCE: 13.4; ROE: 7.39; Div Yield: 0.00; Book Value: 66.6; Mkt Cap: 11,246",2026-08-15
VLSFINANCE,,,,,,,,,,,Sales: 39 Cr (YoY -61.4%); NetProfit: 22 Cr (YoY -52.2%); EPS: 6.93,"Sales last 3Q: 11, 29, -99 Cr; Net Profit last 3Q: 7, 18, -75 Cr",,,P/E: 37.8; ROCE: 0.96; ROE: 0.95; Div Yield: 0.57; Book Value: 673; Mkt Cap: 823,2026-06-27
VMART,,,,,,,,,,,,,,,P/E: 64.34; ROE: 14.08%; Div Yield: 0.13%; Book Value: ₹125.63; Mkt Cap: ₹6009 Cr,2026-06-29
VMM,,,,,,,,,,,"Sales: 13,493 Cr (YoY +4.5%); NetProfit: 892 Cr (YoY +6.3%); EPS: 1.91","Sales last 3Q: 3,670, 3,114, 3,727 Cr; Net Profit last 3Q: 313, 168, 259 Cr",,,"P/E: 55.3; ROCE: 14.8; ROE: 12.2; Div Yield: 0.00; Book Value: 15.9; Mkt Cap: 49,284",2026-08-15
VOLTAMP,,,,,,,,,,,Sales: 2161 Cr (YoY +11.7%); NetProfit: 354 Cr (YoY +8.9%); EPS: 350.21,"Sales last 3Q: 424, 483, 630 Cr; Net Profit last 3Q: 80, 79, 99 Cr",Debt: 1 Cr,,ROCE: 29%; EPS: 350.21; NPM: 16.38%,2026-08-15
VOLTAS,,,,,,,,,,,"Sales: 14,979 Cr (YoY +5.2%); NetProfit: 442 Cr (YoY +19.5%); EPS: 13.58","Sales last 3Q: 3,071, 4,888, 4,674 Cr; Net Profit last 3Q: 84, 113, 213 Cr",,,"P/E: 93.6; ROCE: 9.04; ROE: 6.10; Div Yield: 0.30; Book Value: 193; Mkt Cap: 43,693",2026-08-15
VRAJ,,,,,,,,,,,Sales: 588 Cr (YoY +23.8%); NetProfit: 32 Cr (YoY -27.3%); EPS: 9.71,"Sales last 3Q: 133, 146, 170 Cr; Net Profit last 3Q: 8, 1, 16 Cr",,,P/E: 15.1; ROCE: 10.5; ROE: 7.89; Div Yield: 0.00; Book Value: 126; Mkt Cap: 483,2026-07-16
VRLLOG,,,,,,,,,,,,,,,P/E: 17.28; ROE: 21.27%; Div Yield: 4.17%; Book Value: ₹62.63; Mkt Cap: ₹4094 Cr,2026-06-29
VSSL,,,,,,,,,,,"Sales: 1,764 Cr (YoY +6.2%); NetProfit: 93 Cr (YoY +1.1%); EPS: 11.39","Sales last 3Q: 495, 427, 428 Cr; Net Profit last 3Q: 26, 21, 20 Cr",,,"P/E: 37.1; ROCE: 16.5; ROE: 12.1; Div Yield: 0.85; Book Value: 97.6; Mkt Cap: 3,417",2026-08-15
VSTIND,,,,,,,,,,,Sales: 471 Cr (YoY +23.9%); NetProfit: 62 Cr (YoY +0%); EPS: 3.65,"Sales last 3Q: 336, 373, 457 Cr; Net Profit last 3Q: 59, 60, 117 Cr",Debt: 0 Cr,,ROCE: 28%; EPS: 3.65; NPM: 13.16%,2026-08-15
VTL,,,,,,,,,,,Sales: 9880 Cr (YoY +1%); NetProfit: 802 Cr (YoY -9.6%); EPS: 27.59,"Sales last 3Q: 2386, 2480, 2505 Cr; Net Profit last 3Q: 208, 188, 168 Cr",Debt: 1479 Cr,,ROCE: 11%; EPS: 27.59; NPM: 8.12%,2026-08-15
WAAREEENER,,,,,,,,,,,"Sales: 30,043 Cr (YoY +13.2%); NetProfit: 4,003 Cr (YoY +3.1%); EPS: 132.68","Sales last 3Q: 7,565, 8,480, 7,932 Cr; Net Profit last 3Q: 1,107, 1,126, 892 Cr",,,"P/E: 19.2; ROCE: 38.8; ROE: 32.8; Div Yield: 0.07; Book Value: 502; Mkt Cap: 77,148",2026-08-15
WAAREEINDO,,,,,,,,,,,,,,,P/E: 7.97; ROE: N/A (see financials); Div Yield: 0.00%; Book Value: ₹68.95; Mkt Cap: ₹1327 Cr,2026-07-28
WAAREERTL,,,,,,,,,,,"Sales: 3,331 Cr (YoY +108.4%); NetProfit: 479 Cr (YoY +109.2%); EPS: 45.88","Sales last 3Q: 775, 851, 1,102 Cr; Net Profit last 3Q: 116, 120, 156 Cr",,,"P/E: 22.2; ROCE: 83.6; ROE: 68.9; Div Yield: 0.10; Book Value: 89.5; Mkt Cap: 10,650",2026-06-27
WABAG,,,,,,,,,,,"Sales: 3,944 Cr (YoY +19.7%); NetProfit: 370 Cr (YoY +25.4%); EPS: 59.46","Sales last 3Q: 834, 961, 1,414 Cr; Net Profit last 3Q: 85, 91, 128 Cr",,,"P/E: 29.2; ROCE: 21.3; ROE: 15.9; Div Yield: 0.23; Book Value: 412; Mkt Cap: 10,931",2026-06-16
WAKEFIT,,,,,,,,,,,,,,,P/E: 20.00; ROE: 22.90%; Div Yield: 0.00%; Book Value: ₹34.16; Mkt Cap: ₹3975 Cr,2026-06-29
WALCHANNAG,,,,,,,,,,,,,,,P/E: N/A; ROE: -4.01%; Div Yield: 0.00%; Book Value: ₹52.48; Mkt Cap: ₹2119 Cr,2026-06-20
WANBURY,,,,,,,,,,,Sales: 630 Cr (YoY +5.0%); NetProfit: 43 Cr (YoY +38.7%); EPS: 13.10,"Sales last 3Q: 133, 172, 163 Cr; Net Profit last 3Q: 1, 20, 13 Cr",,,P/E: 23.1; ROCE: 36.6; ROE: 76.5; Div Yield: 0.00; Book Value: 18.1; Mkt Cap: 991,2026-06-29
WEBELSOLAR,,,,,,,,,,,Sales: 1049 Cr (YoY +82.4%); NetProfit: 303 Cr (YoY +95.5%); EPS: 6.98,"Sales last 3Q: 168, 261, 401 Cr; Net Profit last 3Q: 46, 65, 124 Cr",Debt: 131 Cr,,ROCE: 63%; EPS: 6.98; NPM: 28.88%,2026-08-15
WEL,,,,,,,,,,,Sales: 655 Cr (YoY -26.7%); NetProfit: 9 Cr (YoY -52.6%); EPS: 0.68,"Sales last 3Q: 95.23, 152.56, 252.22 Cr; Net Profit last 3Q: 0.26, 0.57, 7.18 Cr",,,"P/E: 155; ROCE: 9.39; ROE: 8.95; Div Yield: 0.29; Book Value: 7.81; Mkt Cap: 1,413",2026-07-03
WELCORP,,,,,,,,,,,Sales: 16383 Cr (YoY +17.2%); NetProfit: 1948 Cr (YoY +2.4%); EPS: 73.77,"Sales last 3Q: 3551, 4374, 4532 Cr; Net Profit last 3Q: 349, 444, 456 Cr",Debt: 1545 Cr,,ROCE: 18%; EPS: 73.77; NPM: 11.89%,2026-08-15
WELENT,,,,,,,,,,,"Sales: 3,615 Cr (YoY +0.9%); NetProfit: 393 Cr (YoY +11.0%); EPS: 25.28","Sales last 3Q: 784, 787, 1,199 Cr; Net Profit last 3Q: 98, 31, 163 Cr",,,"P/E: 19.4; ROCE: 16.8; ROE: 14.1; Div Yield: 0.55; Book Value: 220; Mkt Cap: 7,636",2026-06-18
WELSPUNLIV,,,,,,,,,,,"Sales: 9,399 Cr (YoY -10.9%); NetProfit: 213 Cr (YoY -66.9%); EPS: 2.13","Sales last 3Q: 2,441, 2,262, 2,435 Cr; Net Profit last 3Q: 15, 3, 106 Cr",,,"P/E: 74.9; ROCE: 6.25; ROE: 4.47; Div Yield: 0.06; Book Value: 51.3; Mkt Cap: 16,308",2026-06-24
WESTLIFE,,,,,,,,,,,"Sales: 2,626 Cr (YoY +5.4%); NetProfit: 32 Cr (YoY +166.7%); EPS: 2.07","Sales last 3Q: 641.85, 670.72, 655.36 Cr; Net Profit last 3Q: 27.71, 1.02, 2.38 Cr",,,"P/E: 1,432; ROCE: 6.11; ROE: 0.84; Div Yield: 0.16; Book Value: 39.7; Mkt Cap: 7,373",2026-06-29
WEWORK,,,,,,,,,,,"Sales: 2,589 Cr (YoY +6.1%); NetProfit: 85 Cr (YoY +13.3%); EPS: 6.25","Sales last 3Q: 634.11, 696.06, 683.83 Cr; Net Profit last 3Q: 16.79, 65.87, -4.06 Cr",,,"P/E: 111; ROCE: 20.7; ROE: 31.6; Div Yield: 0.00; Book Value: 22.0; Mkt Cap: 9,819",2026-08-15
WHEELS,,,,,,,,,,,Sales: 5178 Cr (YoY +9.1%); NetProfit: 138 Cr (YoY +23.2%); EPS: 55.32,"Sales last 4Q: 1277, 1266, 1264, 1371 Cr; Net Profit last 4Q: 39, 31, 32, 37 Cr",Debt: 736 Cr,,ROCE: 16%; EPS: 55.32; NPM: 2.67%,2026-08-15
WHIRLPOOL,,,,,,,,,,,"Sales: 8,034 Cr (YoY +1.5%); NetProfit: 295 Cr (YoY -18.7%); EPS: 23.15","Sales last 3Q: 1,647, 1,774, 2,181 Cr; Net Profit last 3Q: 42, 27, 80 Cr",,,"P/E: 32.4; ROCE: 11.1; ROE: 7.75; Div Yield: 0.62; Book Value: 328; Mkt Cap: 10,186",2026-06-29
WINDLAS,,,,,,,,,,,Sales: 904 Cr (YoY +18.9%); NetProfit: 66 Cr (YoY +8.2%); EPS: 31.49,"Sales last 3Q: 222, 233, 238 Cr; Net Profit last 3Q: 18, 15, 16 Cr",,,"P/E: 26.4; ROCE: 15.9; ROE: 12.2; Div Yield: 0.74; Book Value: 275; Mkt Cap: 1,755",2026-07-16
WINDMACHIN,,,,,,,,,,,Sales: 570 Cr (YoY +54.5%); NetProfit: 1 Cr (YoY +133.3%); EPS: 0.07,"Sales last 3Q: 136.64, 135.83, 184.64 Cr; Net Profit last 3Q: 4.29, -2.74, 7.24 Cr",,,"P/E: 2,399; ROCE: 2.11; ROE: 0.20; Div Yield: 0.00; Book Value: 56.2; Mkt Cap: 2,903",2026-06-16
WIPRO,,,,,,,,,,,"Sales: 92,624 Cr (YoY +4.0%); NetProfit: 13,266 Cr (YoY +0.4%); EPS: 12.58","Sales last 3Q: 22,697, 23,556, 24,236 Cr; Net Profit last 3Q: 3,262, 3,145, 3,522 Cr",,,"P/E: 14.0; ROCE: 17.8; ROE: 15.5; Div Yield: 6.25; Book Value: 83.9; Mkt Cap: 1,83,865",2026-06-29
WOCKPHARMA,,,,,,,,,,,"Sales: 3,373 Cr (YoY +12.0%); NetProfit: 199 Cr (YoY +449.1%); EPS: 13.11","Sales last 3Q: 782, 888, 965 Cr; Net Profit last 3Q: 82, 61, 164 Cr",,,"P/E: 116; ROCE: 7.55; ROE: 6.11; Div Yield: 0.00; Book Value: 304; Mkt Cap: 32,823",2026-06-17
WONDERLA,,,,,,,,,,,,,,,P/E: 36.28; ROE: 4.64%; Div Yield: 0.41%; Book Value: ₹272.32; Mkt Cap: ₹2947 Cr,2026-07-08
WORTHPERI,,,,,,,,,,,Sales: 311 Cr (YoY +2.0%); NetProfit: 19 Cr (YoY +0.0%); EPS: 9.76,"Sales last 3Q: 75.09, 76.13, 82.00 Cr; Net Profit last 3Q: 4.08, 4.56, 5.25 Cr",,,P/E: 16.8; ROCE: 12.9; ROE: 8.14; Div Yield: 0.61; Book Value: 119; Mkt Cap: 259,2026-08-07
WPIL,,,,,,,,,,,"Sales: 1,977 Cr (YoY +6.6%); NetProfit: 233 Cr (YoY +16.5%); EPS: 17.37","Sales last 3Q: 539, 511, 501 Cr; Net Profit last 3Q: 76, 47, 59 Cr",,,"P/E: 25.9; ROCE: 14.6; ROE: 10.7; Div Yield: 0.44; Book Value: 163; Mkt Cap: 4,389",2026-07-24
WSTCSTPAPR,,,,,,,,,,,"Sales: 4,375 Cr (YoY +2.2%); NetProfit: 237 Cr (YoY +51.9%); EPS: 34.78","Sales last 3Q: 1,036, 1,245, 1,051 Cr; Net Profit last 3Q: 30, 54, 142 Cr",,,"P/E: 17.4; ROCE: 6.17; ROE: 4.25; Div Yield: 0.49; Book Value: 546; Mkt Cap: 4,006",2026-08-13
XPROINDIA,,,,,,,,,,,Sales: 505 Cr (YoY -5.3%); NetProfit: 20 Cr (YoY -47.4%); EPS: 8.19,"Sales last 3Q: 120, 106, 134 Cr; Net Profit last 3Q: 5, 7, 13 Cr",,,"P/E: 170; ROCE: 3.78; ROE: 2.81; Div Yield: 0.14; Book Value: 324; Mkt Cap: 3,276",2026-06-16
YASHO,,,,,,,,,,,Sales: 939 Cr (YoY +13.1%); NetProfit: 58 Cr (YoY +132.0%); EPS: 47.83,"Sales last 3Q: 202, 246, 308 Cr; Net Profit last 3Q: 4, 12, 36 Cr",,,"P/E: 80.6; ROCE: 8.95; ROE: 5.85; Div Yield: 0.01; Book Value: 368; Mkt Cap: 4,648",2026-07-31
YATHARTH,,,,,,,,,,,Sales: 1089 Cr (YoY +26.6%); NetProfit: 165 Cr (YoY +26%); EPS: 17.37,"Sales last 3Q: 258, 279, 320 Cr; Net Profit last 3Q: 42, 41, 43 Cr",Debt: 26 Cr,,ROCE: 10%; EPS: 17.37; NPM: 15.15%,2026-08-15
YATRA,,,,,,,,,,,"Sales: 1,007 Cr (YoY +27.3%); NetProfit: 47 Cr (YoY +27.0%); EPS: 2.98","Sales last 3Q: 350.87, 256.82, 189.01 Cr; Net Profit last 3Q: 14.28, 8.34, 8.20 Cr",,,"P/E: 34.2; ROCE: 7.24; ROE: 6.23; Div Yield: 0.00; Book Value: 52.9; Mkt Cap: 1,721",2026-06-27
YESBANK,,,,,,,,,,,"Sales: 30,658 Cr (YoY +1.5%); NetProfit: 3,775 Cr (YoY +7.5%); EPS: 1.19","Sales last 3Q: 7,553, 7,662, 8,054 Cr; Net Profit last 3Q: 957, 1,082, 1,072 Cr",,,"P/E: 18.8; ROCE: 5.98; ROE: 7.10; Div Yield: 0.00; Book Value: 16.7; Mkt Cap: 71,156",2026-08-15
ZAGGLE,,,,,,,,,,,"Sales: 1,908 Cr (YoY +46.3%); NetProfit: 139 Cr (YoY +58.0%); EPS: 10.27","Sales last 3Q: 432, 526, 618 Cr; Net Profit last 3Q: 35, 37, 41 Cr",,,"P/E: 19.5; ROCE: 14.0; ROE: 10.4; Div Yield: 0.00; Book Value: 104; Mkt Cap: 2,696",2026-06-29
ZEEL,,,,,,,,,,,"Sales: 8,099 Cr (YoY -2.4%); NetProfit: 271 Cr (YoY -60.1%); EPS: 2.82","Sales last 3Q: 1,969, 2,280, 2,025 Cr; Net Profit last 3Q: 76, 155, -104 Cr",,,"P/E: 37.8; ROCE: 2.75; ROE: 2.40; Div Yield: 2.21; Book Value: 122; Mkt Cap: 10,553",2026-06-17
ZENSARTECH,,,,,,,,,,,"Sales: 5,811 Cr (YoY +2.2%); NetProfit: 776 Cr (YoY +0.1%); EPS: 34.14","Sales last 3Q: 1,431, 1,450, 1,508 Cr; Net Profit last 3Q: 200, 211, 184 Cr",,,"P/E: 14.0; ROCE: 22.8; ROE: 17.3; Div Yield: 3.06; Book Value: 207; Mkt Cap: 11,168",2026-08-15
ZENTEC,,,,,,,,,,,Sales: 688 Cr (YoY -29.4%); NetProfit: 218 Cr (YoY -27.1%); EPS: 21.43,"Sales last 3Q: 174, 178, 178 Cr; Net Profit last 3Q: 62, 56, 47 Cr",,,"P/E: 88.4; ROCE: 16.2; ROE: 10.7; Div Yield: 0.11; Book Value: 209; Mkt Cap: 17,040",2026-06-17
ZFCVINDIA,,,,,,,,,,,Sales: 3976 Cr (YoY +3.8%); NetProfit: 498 Cr (YoY +8%); EPS: 262.32,"Sales last 4Q: 1012, 976, 913, 1075 Cr; Net Profit last 4Q: 127, 122, 108, 140 Cr",Debt: 62 Cr,,ROCE: 20%; EPS: 262.32; NPM: 12.53%,2026-08-15
ZOTA,,,,,,,,,,,Sales: 609 Cr (YoY +13.0%); NetProfit: -104 Cr (YoY -40.5%); EPS: -30.60,"Sales last 3Q: 143, 163, 174 Cr; Net Profit last 3Q: -30, -14, -44 Cr",,,"ROCE: -8.47; ROE: -15.0; Div Yield: 0.09; Book Value: 200; Mkt Cap: 3,918",2026-08-15
ZUARI,,,,,,,,,,,"Sales: 3,200 Cr (YoY -27.9%); NetProfit: 982 Cr (YoY +325.1%); EPS: 218.70","Sales last 3Q: 1,423, 344, 187 Cr; Net Profit last 3Q: 840, 40, -25 Cr",,,P/E: 3.27; ROCE: 16.4; ROE: 15.1; Div Yield: 0.00; Book Value: 497; Mkt Cap: 971,2026-06-27
ZUARIIND,,,,,,,,,,,"Sales: 1,099 Cr (YoY +5.2%); NetProfit: 106 Cr (YoY +0.0%); EPS: 36.44","Sales last 3Q: 262.63, 283.56, 311.93 Cr; Net Profit last 3Q: -26.43, -31.61, 0.05 Cr",,,"P/E: 6.67; ROCE: 5.45; ROE: 2.69; Div Yield: 0.39; Book Value: 1,216; Mkt Cap: 770",2026-08-13
ZYDUSLIFE,,,,,,,,,,,Sales: 26089 Cr (YoY +12.2%); NetProfit: 5026 Cr (YoY +7.6%); EPS: 49.09,"Sales last 3Q: 6574, 6123, 6864 Cr; Net Profit last 3Q: 1521, 1239, 1023 Cr",Debt: 9636 Cr,,ROCE: 31%; EPS: 49.09; NPM: 19.26%,2026-08-15
ZYDUSWELL,,,,,,,,,,,"Sales: 3,961 Cr (YoY +46.2%); NetProfit: 197 Cr (YoY -43.2%); EPS: 6.20","Sales last 3Q: 650, 965, 1,485 Cr; Net Profit last 3Q: -53, -40, 162 Cr",,,"P/E: 69.2; ROCE: 4.96; ROE: 4.04; Div Yield: 0.24; Book Value: 183; Mkt Cap: 16,053",2026-06-18
