score_date,symbol,enhanced_fund_score,earnings_quality,sales_growth,financial_strength,institutional_backing,processed_date,source_file
2025-08-11,20MICRONS,53.32,54.78,51.0,57.27,48.0,2025-08-11,organized/data/fundamental_scores_database.csv
2026-06-22,20MICRONS,71.97,74.6,73.33,77.0,56.0,2026-06-22,tracker_enrich_derived
2025-08-11,21STCENMGM,46.66,44.57,40.83,52.63,54.0,2025-08-11,organized/data/fundamental_scores_database.csv
2025-08-11,360ONE,44.42,50.65,47.0,54.55,10.0,2025-08-11,organized/data/fundamental_scores_database.csv
2026-06-18,360ONE,69.32,75.0,71.67,53.75,71.0,2026-06-18,tracker_enrich_derived
2026-08-15,360ONE,79.53,87.5,87.5,60.0,71.0,2026-08-15,compute_fund_scores_from_db
2025-08-11,3IINFOLTD,52.3,51.0,53.33,58.12,46.25,2025-08-11,organized/data/fundamental_scores_database.csv
2025-08-11,3MINDIA,35.16,45.58,25.71,45.0,10.0,2025-08-11,organized/data/fundamental_scores_database.csv
2026-08-15,3MINDIA,82.68,85.75,75.0,93.0,73.5,2026-08-15,compute_fund_scores_from_db
2025-08-11,3PLAND,50.68,50.0,47.5,51.54,56.67,2025-08-11,organized/data/fundamental_scores_database.csv
2025-08-11,5PAISA,56.18,54.13,61.0,53.64,57.0,2025-08-11,organized/data/fundamental_scores_database.csv
2026-07-03,5PAISA,49.53,47.0,43.33,50.0,66.0,2026-07-03,tracker_enrich_derived
2025-08-11,63MOONS,58.48,63.33,60.0,54.74,48.0,2025-08-11,organized/data/fundamental_scores_database.csv
2026-06-18,63MOONS,66.17,63.75,76.67,65.5,56.0,2026-06-18,tracker_enrich_derived
2026-08-15,63MOONS,65.01,53.33,67.5,92.0,56.0,2026-08-15,compute_fund_scores_from_db
2025-08-11,A2ZINFRA,60.33,58.48,77.0,55.45,44.0,2025-08-11,organized/data/fundamental_scores_database.csv
2025-08-11,AAATECH,75.49,79.05,94.0,58.75,57.5,2025-08-11,organized/data/fundamental_scores_database.csv
2025-08-11,AADHARHFC,52.3,51.19,47.0,57.63,57.0,2025-08-11,organized/data/fundamental_scores_database.csv
2026-06-18,AADHARHFC,70.86,85.0,55.0,56.67,78.5,2026-06-18,tracker_enrich_derived
2025-08-11,AAKASH,62.24,56.3,83.0,54.55,53.75,2025-08-11,organized/data/fundamental_scores_database.csv
2025-08-11,AAREYDRUGS,57.75,61.52,59.0,57.27,46.25,2025-08-11,organized/data/fundamental_scores_database.csv
2025-08-11,AARON,31.99,45.38,21.0,35.42,10.0,2025-08-11,organized/data/fundamental_scores_database.csv
2026-07-24,AARON,59.27,55.0,55.0,70.0,63.5,2026-07-24,tracker_enrich_derived
2025-08-11,AARTECH,14.11,10.0,10.0,30.56,10.0,2025-08-11,organized/data/fundamental_scores_database.csv
2025-08-11,AARTIDRUGS,27.96,23.33,35.0,41.88,10.0,2025-08-11,organized/data/fundamental_scores_database.csv
2026-06-22,AARTIDRUGS,72.32,79.6,63.33,70.75,70.0,2026-06-22,tracker_enrich_derived
2025-08-11,AARTIIND,20.43,10.0,10.0,32.78,49.17,2025-08-11,organized/data/fundamental_scores_database.csv
2026-07-07,AARTIIND,64.74,68.6,60.0,54.5,76.0,2026-07-07,tracker_enrich_derived
2025-08-11,AARTIPHARM,55.42,55.53,57.0,59.77,46.67,2025-08-11,organized/data/fundamental_scores_database.csv
2026-06-20,AARTIPHARM,57.47,49.6,53.33,68.25,71.0,2026-06-20,tracker_enrich_derived
2026-08-15,AARTIPHARM,49.57,42.5,32.5,69.0,71.0,2026-08-15,compute_fund_scores_from_db
2025-08-11,AARTISURF,62.49,70.0,66.0,56.82,44.17,2025-08-11,organized/data/fundamental_scores_database.csv
2026-08-03,AARTISURF,69.47,76.0,71.67,63.75,56.0,2026-08-03,tracker_enrich_derived
2025-08-11,AARVEEDEN,69.06,70.43,86.0,60.91,48.0,2025-08-11,organized/data/fundamental_scores_database.csv
2025-08-11,AARVI,42.4,45.4,47.5,54.35,10.0,2025-08-11,organized/data/fundamental_scores_database.csv
2026-06-23,AARVI,72.81,74.0,73.33,76.75,63.5,2026-06-23,tracker_enrich_derived
2025-08-11,AAVAS,70.57,75.59,75.0,58.44,66.0,2025-08-11,organized/data/fundamental_scores_database.csv
2026-06-20,AAVAS,67.98,81.25,55.0,51.67,76.0,2026-06-20,tracker_enrich_derived
2025-08-11,ABAN,60.53,54.57,77.0,61.25,48.0,2025-08-11,organized/data/fundamental_scores_database.csv
2025-08-11,ABB,61.29,55.43,73.0,59.32,60.0,2025-08-11,organized/data/fundamental_scores_database.csv
2026-07-07,ABB,78.37,89.6,55.0,85.0,78.5,2026-07-07,tracker_enrich_derived
2025-08-11,ABBOTINDIA,36.93,45.96,28.57,49.52,10.0,2025-08-11,organized/data/fundamental_scores_database.csv
2026-08-15,ABBOTINDIA,57.77,55.0,55.0,55.0,73.5,2026-08-15,2026-08-15
2025-08-11,ABCAPITAL,24.24,35.38,17.0,21.67,10.0,2025-08-11,organized/data/fundamental_scores_database.csv
2026-07-06,ABCAPITAL,63.19,70.0,55.0,48.33,78.5,2026-07-06,tracker_enrich_derived
2026-08-15,ABCAPITAL,67.86,63.33,75.0,60.0,78.5,2026-08-15,compute_fund_scores_from_db
2025-08-11,ABDL,41.05,38.33,50.0,58.57,10.0,2025-08-11,organized/data/fundamental_scores_database.csv
2026-06-18,ABDL,69.92,69.6,65.0,74.0,73.5,2026-06-18,tracker_enrich_derived
2026-08-15,ABDL,75.36,80.75,70.0,72.67,73.5,2026-08-15,compute_fund_scores_from_db
2025-08-11,ABFRL,37.42,40.83,37.5,51.07,10.0,2025-08-11,organized/data/fundamental_scores_database.csv
2025-08-11,ABGSEC,10.0,10.0,10.0,10.0,10.0,2025-08-11,organized/data/fundamental_scores_database.csv
2025-08-11,ABINFRA,15.44,10.0,10.0,10.0,46.25,2025-08-11,organized/data/fundamental_scores_database.csv
2025-08-11,ABLBL,23.05,29.29,18.0,26.67,10.0,2025-08-11,organized/data/fundamental_scores_database.csv
2025-08-11,ABMINTLLTD,10.0,10.0,10.0,10.0,10.0,2025-08-11,organized/data/fundamental_scores_database.csv
2025-08-11,ABREL,10.0,10.0,10.0,10.0,10.0,2025-08-11,organized/data/fundamental_scores_database.csv
2026-06-25,ABREL,60.75,80.0,35.0,40.0,80.0,2026-06-25,tracker_enrich_derived
2026-08-15,ABREL,57.25,75.0,25.0,45.0,80.0,2026-08-15,compute_fund_scores_from_db
2026-07-06,ABSL10BANK,55.0,55.0,55.0,55.0,55.0,2026-07-06,tracker_enrich_derived
2025-08-11,ABSLAMC,10.0,10.0,10.0,10.0,10.0,2025-08-11,organized/data/fundamental_scores_database.csv
2026-07-07,ABSLAMC,67.94,62.0,51.67,92.25,78.5,2026-07-07,tracker_enrich_derived
2025-08-11,ABSLBANETF,10.0,10.0,10.0,10.0,10.0,2025-08-11,organized/data/fundamental_scores_database.csv
2025-08-11,ABSLLIQUID,10.0,10.0,10.0,10.0,10.0,2025-08-11,organized/data/fundamental_scores_database.csv
2025-08-11,ABSLNN50ET,10.0,10.0,10.0,10.0,10.0,2025-08-11,organized/data/fundamental_scores_database.csv
2025-08-11,ABSLPSE,10.0,10.0,10.0,10.0,10.0,2025-08-11,organized/data/fundamental_scores_database.csv
2025-08-11,ACC,10.0,10.0,10.0,10.0,10.0,2025-08-11,organized/data/fundamental_scores_database.csv
2026-06-27,ACC,61.35,45.0,75.0,63.0,80.0,2026-06-27,tracker_enrich_derived
2026-08-15,ACC,63.72,40.0,85.0,72.33,80.0,2026-08-15,compute_fund_scores_from_db
2025-08-11,ACCELYA,10.0,10.0,10.0,10.0,10.0,2025-08-11,organized/data/fundamental_scores_database.csv
2025-08-11,ACCURACY,10.0,10.0,10.0,10.0,10.0,2025-08-11,organized/data/fundamental_scores_database.csv
2025-08-11,ACE,10.0,10.0,10.0,10.0,10.0,2025-08-11,organized/data/fundamental_scores_database.csv
2026-06-18,ACE,71.1,62.6,68.33,89.75,73.5,2026-06-18,tracker_enrich_derived
2025-08-11,ACEINTEG,10.0,10.0,10.0,10.0,10.0,2025-08-11,organized/data/fundamental_scores_database.csv
2025-08-11,ACI,10.0,10.0,10.0,10.0,10.0,2025-08-11,organized/data/fundamental_scores_database.csv
2026-06-18,ACI,53.19,33.6,60.0,63.75,80.0,2026-06-18,tracker_enrich_derived
2025-08-11,ACL,10.0,10.0,10.0,10.0,10.0,2025-08-11,organized/data/fundamental_scores_database.csv
2025-08-11,ACLGATI,10.0,10.0,10.0,10.0,10.0,2025-08-11,organized/data/fundamental_scores_database.csv
2025-08-11,ACMESOLAR,10.0,10.0,10.0,10.0,10.0,2025-08-11,organized/data/fundamental_scores_database.csv
2026-06-29,ACMESOLAR,80.93,92.5,85.0,54.5,78.5,2026-06-29,tracker_enrich_derived
2025-08-11,ACUTAAS,10.0,10.0,10.0,10.0,10.0,2025-08-11,organized/data/fundamental_scores_database.csv
2026-06-29,ACUTAAS,86.87,93.0,86.67,86.75,71.0,2026-06-29,tracker_enrich_derived
2025-08-11,ADANIENSOL,10.0,10.0,10.0,10.0,10.0,2025-08-11,organized/data/fundamental_scores_database.csv
2026-07-06,ADANIENSOL,80.86,90.0,83.33,61.25,78.5,2026-07-06,tracker_enrich_derived
2025-08-11,ADANIENT,10.0,10.0,10.0,10.0,10.0,2025-08-11,organized/data/fundamental_scores_database.csv
2026-06-29,ADANIENT,66.2,74.6,63.33,43.75,78.5,2026-06-29,tracker_enrich_derived
2025-08-11,ADANIGREEN,10.0,10.0,10.0,10.0,10.0,2025-08-11,organized/data/fundamental_scores_database.csv
2026-07-03,ADANIGREEN,75.76,76.0,88.33,57.5,78.5,2026-07-03,tracker_enrich_derived
2025-08-11,ADANIPORTS,10.0,10.0,10.0,10.0,10.0,2025-08-11,organized/data/fundamental_scores_database.csv
2026-07-06,ADANIPORTS,79.93,80.0,85.0,70.75,83.5,2026-07-06,tracker_enrich_derived
2025-08-11,ADANIPOWER,10.0,10.0,10.0,10.0,10.0,2025-08-11,organized/data/fundamental_scores_database.csv
2026-07-07,ADANIPOWER,70.61,69.0,63.33,77.0,78.5,2026-07-07,tracker_enrich_derived
2026-08-15,ADANIPOWER,65.68,62.5,57.5,72.67,78.5,2026-08-15,compute_fund_scores_from_db
2025-08-11,ADFFOODS,10.0,10.0,10.0,10.0,10.0,2025-08-11,organized/data/fundamental_scores_database.csv
2026-06-16,ADFFOODS,78.76,84.6,71.67,81.75,71.0,2026-06-16,tracker_enrich_derived
2025-08-11,ADL,10.0,10.0,10.0,10.0,10.0,2025-08-11,organized/data/fundamental_scores_database.csv
2025-08-11,ADOR,10.0,10.0,10.0,10.0,10.0,2025-08-11,organized/data/fundamental_scores_database.csv
2026-07-16,ADOR,80.46,87.6,71.67,85.0,70.0,2026-07-16,tracker_enrich_derived
2025-08-11,ADORWELD,10.0,10.0,10.0,10.0,10.0,2025-08-11,organized/data/fundamental_scores_database.csv
2025-08-11,ADROITINFO,10.0,10.0,10.0,10.0,10.0,2025-08-11,organized/data/fundamental_scores_database.csv
2025-08-11,ADSL,10.0,10.0,10.0,10.0,10.0,2025-08-11,organized/data/fundamental_scores_database.csv
2026-06-20,ADSL,67.1,65.0,75.0,66.75,60.0,2026-06-20,tracker_enrich_derived
2026-08-07,ADVAIT,65.73,67.6,61.67,68.75,63.5,2026-08-07,tracker_enrich_derived
2026-06-22,ADVANCE,59.67,55.0,55.0,68.25,68.5,2026-06-22,tracker_enrich_derived
2025-08-11,ADVANIHOTR,10.0,10.0,10.0,10.0,10.0,2025-08-11,organized/data/fundamental_scores_database.csv
2026-06-29,ADVENTHTL,62.72,58.75,71.67,60.75,61.0,2026-06-29,tracker_enrich_derived
2025-08-11,ADVENZYMES,10.0,10.0,10.0,10.0,10.0,2025-08-11,organized/data/fundamental_scores_database.csv
2026-07-07,ADVENZYMES,79.97,82.0,81.67,76.75,76.0,2026-07-07,tracker_enrich_derived
2025-08-11,AEGISCHEM,10.0,10.0,10.0,10.0,10.0,2025-08-11,organized/data/fundamental_scores_database.csv
2025-08-11,AEGISLOG,10.0,10.0,10.0,10.0,10.0,2025-08-11,organized/data/fundamental_scores_database.csv
2026-06-16,AEGISLOG,80.55,91.0,75.0,70.75,75.0,2026-06-16,tracker_enrich_derived
2025-08-11,AEGISVOPAK,10.0,10.0,10.0,10.0,10.0,2025-08-11,organized/data/fundamental_scores_database.csv
2026-06-18,AEGISVOPAK,74.84,76.25,81.67,64.5,73.5,2026-06-18,tracker_enrich_derived
2026-06-29,AEQUS,55.42,36.25,81.67,46.25,75.0,2026-06-29,tracker_enrich_derived
2026-08-15,AEQUS,60.25,45.0,85.0,52.5,70.0,2026-08-15,compute_fund_scores_from_db
2025-08-11,AEROENTER,10.0,10.0,10.0,10.0,10.0,2025-08-11,organized/data/fundamental_scores_database.csv
2026-06-17,AEROENTER,68.57,71.6,73.33,63.0,60.0,2026-06-17,tracker_enrich_derived
2025-08-11,AEROFLEX,10.0,10.0,10.0,10.0,10.0,2025-08-11,organized/data/fundamental_scores_database.csv
2026-07-07,AEROFLEX,74.12,73.0,75.0,79.5,68.5,2026-07-07,tracker_enrich_derived
2026-08-15,AEROFLEX,76.53,72.5,85.0,80.0,68.5,2026-08-15,compute_fund_scores_from_db
2026-06-29,AERONEU,57.86,46.25,68.33,60.0,68.5,2026-06-29,tracker_enrich_derived
2025-08-11,AETHER,10.0,10.0,10.0,10.0,10.0,2025-08-11,organized/data/fundamental_scores_database.csv
2026-07-06,AETHER,73.78,76.0,75.0,64.25,78.5,2026-07-06,tracker_enrich_derived
2026-08-15,AETHER,85.87,91.25,92.5,72.33,78.5,2026-08-15,compute_fund_scores_from_db
2025-08-11,AFCONS,10.0,10.0,10.0,10.0,10.0,2025-08-11,organized/data/fundamental_scores_database.csv
2026-06-27,AFCONS,42.1,28.0,35.0,50.75,80.0,2026-06-27,tracker_enrich_derived
2025-08-11,AFFLE,10.0,10.0,10.0,10.0,10.0,2025-08-11,organized/data/fundamental_scores_database.csv
2026-06-18,AFFLE,79.27,79.0,76.67,82.5,80.0,2026-06-18,tracker_enrich_derived
2025-08-11,AFFORDABLE,10.0,10.0,10.0,10.0,10.0,2025-08-11,organized/data/fundamental_scores_database.csv
2025-08-11,AFIL,10.0,10.0,10.0,10.0,10.0,2025-08-11,organized/data/fundamental_scores_database.csv
2025-08-11,AFSL,10.0,10.0,10.0,10.0,10.0,2025-08-11,organized/data/fundamental_scores_database.csv
2025-08-11,AGARIND,10.0,10.0,10.0,10.0,10.0,2025-08-11,organized/data/fundamental_scores_database.csv
2026-06-18,AGARIND,49.25,45.0,35.0,63.75,65.0,2026-06-18,tracker_enrich_derived
2025-08-11,AGARWALEYE,10.0,10.0,10.0,10.0,10.0,2025-08-11,organized/data/fundamental_scores_database.csv
2026-06-20,AGARWALEYE,79.72,86.0,81.67,67.5,76.0,2026-06-20,tracker_enrich_derived
2026-08-15,AGARWALEYE,81.4,88.75,90.0,60.0,76.0,2026-08-15,compute_fund_scores_from_db
2025-08-11,AGI,10.0,10.0,10.0,10.0,10.0,2025-08-11,organized/data/fundamental_scores_database.csv
2026-06-18,AGI,76.94,80.0,71.67,80.0,73.5,2026-06-18,tracker_enrich_derived
2025-08-11,AGIGREEN,10.0,10.0,10.0,10.0,10.0,,organized/data/fundamental_scores_database.csv
2025-08-11,AGIIL,10.0,10.0,10.0,10.0,10.0,2025-08-11,organized/data/fundamental_scores_database.csv
2026-06-18,AGIIL,73.98,83.0,65.0,71.25,68.5,2026-06-18,tracker_enrich_derived
2026-08-15,AGIIL,81.44,92.5,70.0,83.33,68.5,2026-08-15,compute_fund_scores_from_db
2025-08-11,AGRITECH,10.0,10.0,10.0,10.0,10.0,2025-08-11,organized/data/fundamental_scores_database.csv
2025-08-11,AGROPHOS,10.0,10.0,10.0,10.0,10.0,2025-08-11,organized/data/fundamental_scores_database.csv
2025-08-11,AGSTRA,10.0,10.0,10.0,10.0,10.0,2025-08-11,organized/data/fundamental_scores_database.csv
2025-08-11,AHL,10.0,10.0,10.0,10.0,10.0,2025-08-11,organized/data/fundamental_scores_database.csv
2025-08-11,AHLADA,10.0,10.0,10.0,10.0,10.0,2025-08-11,organized/data/fundamental_scores_database.csv
2025-08-11,AHLEAST,10.0,10.0,10.0,10.0,10.0,2025-08-11,organized/data/fundamental_scores_database.csv
2025-08-11,AHLUCONT,10.0,10.0,10.0,10.0,10.0,2025-08-11,organized/data/fundamental_scores_database.csv
2026-07-24,AHLUCONT,82.43,83.0,83.33,82.0,80.0,2026-07-24,tracker_enrich_derived
2025-08-11,AIAENG,10.0,10.0,10.0,10.0,10.0,2025-08-11,organized/data/fundamental_scores_database.csv
2026-06-20,AIAENG,76.15,82.0,60.0,81.75,80.0,2026-06-20,tracker_enrich_derived
2026-08-15,AIAENG,72.84,78.75,47.5,87.33,80.0,2026-08-15,compute_fund_scores_from_db
2025-08-11,AIIL,10.0,10.0,10.0,10.0,10.0,2025-08-11,organized/data/fundamental_scores_database.csv
2026-06-18,AIIL,48.11,25.0,55.0,66.67,73.5,2026-06-18,tracker_enrich_derived
2025-08-11,AIRAN,10.0,10.0,10.0,10.0,10.0,2025-08-11,organized/data/fundamental_scores_database.csv
2025-08-11,AIROLAM,10.0,10.0,10.0,10.0,10.0,2025-08-11,organized/data/fundamental_scores_database.csv
2026-06-24,AIROLAM,60.18,56.0,58.33,57.5,78.0,2026-06-24,tracker_enrich_derived
2025-08-11,AJANTPHARM,10.0,10.0,10.0,10.0,10.0,2025-08-11,organized/data/fundamental_scores_database.csv
2026-06-22,AJANTPHARM,75.69,72.0,71.67,82.25,83.5,2026-06-22,tracker_enrich_derived
2026-08-15,AJANTPHARM,83.12,80.0,80.0,93.0,83.5,2026-08-15,compute_fund_scores_from_db
2025-08-11,AJAXENGG,10.0,10.0,10.0,10.0,10.0,2025-08-11,organized/data/fundamental_scores_database.csv
2026-08-05,AJAXENGG,63.93,55.0,55.0,82.0,78.5,2026-08-05,tracker_enrich_derived
2025-08-11,AJMERA,10.0,10.0,10.0,10.0,10.0,2025-08-11,organized/data/fundamental_scores_database.csv
2026-06-18,AJMERA,80.73,88.0,95.0,61.25,63.5,2026-06-18,tracker_enrich_derived
2025-08-11,AJOONI,10.0,10.0,10.0,10.0,10.0,2025-08-11,organized/data/fundamental_scores_database.csv
2025-08-11,AKASH,10.0,10.0,10.0,10.0,10.0,2025-08-11,organized/data/fundamental_scores_database.csv
2025-08-11,AKG,10.0,10.0,10.0,10.0,10.0,2025-08-11,organized/data/fundamental_scores_database.csv
2025-08-11,AKI,10.0,10.0,10.0,10.0,10.0,2025-08-11,organized/data/fundamental_scores_database.csv
2025-08-11,AKSHAR,10.0,10.0,10.0,10.0,10.0,2025-08-11,organized/data/fundamental_scores_database.csv
2025-08-11,AKSHARCHEM,10.0,10.0,10.0,10.0,10.0,2025-08-11,organized/data/fundamental_scores_database.csv
2026-06-20,AKSHARCHEM,77.03,90.0,65.0,76.25,63.5,2026-06-20,tracker_enrich_derived
2025-08-11,AKSHOPTFBR,10.0,10.0,10.0,10.0,10.0,2025-08-11,organized/data/fundamental_scores_database.csv
2025-08-11,AKUMS,10.0,10.0,10.0,10.0,10.0,2025-08-11,organized/data/fundamental_scores_database.csv
2026-06-18,AKUMS,65.13,59.6,56.67,76.75,78.5,2026-06-18,tracker_enrich_derived
2025-08-11,AKZOINDIA,10.0,10.0,10.0,10.0,10.0,2025-08-11,organized/data/fundamental_scores_database.csv
2025-08-11,ALANKIT,10.0,10.0,10.0,10.0,10.0,2025-08-11,organized/data/fundamental_scores_database.csv
2025-08-11,ALBERTDAVD,52.74,51.09,51.0,57.27,54.0,,organized/data/fundamental_scores_database.csv
2026-08-07,ALBERTDAVD,56.27,55.0,55.0,55.0,63.5,2026-08-07,tracker_enrich_derived
2025-08-11,ALEMBICLTD,63.73,68.57,64.0,58.75,57.0,,organized/data/fundamental_scores_database.csv
2025-08-11,ALICON,51.05,48.48,47.0,54.55,60.0,,organized/data/fundamental_scores_database.csv
2026-08-06,ALICON,59.08,45.0,68.33,67.5,70.0,2026-08-06,tracker_enrich_derived
2025-08-11,ALIVUS,55.45,52.14,59.0,54.24,60.0,,organized/data/fundamental_scores_database.csv
2026-07-08,ALIVUS,57.77,55.0,55.0,55.0,73.5,2026-07-08,tracker_enrich_derived
2025-08-11,ALKALI,64.36,66.09,74.0,56.82,53.75,,organized/data/fundamental_scores_database.csv
2025-08-11,ALKEM,56.97,60.22,47.0,58.41,63.0,,organized/data/fundamental_scores_database.csv
2026-07-07,ALKEM,68.94,63.6,60.0,82.5,80.0,2026-07-07,tracker_enrich_derived
2026-08-15,ALKEM,76.2,76.25,70.0,84.0,76.0,2026-08-15,compute_fund_scores_from_db
2025-08-11,ALKYLAMINE,54.48,52.39,55.0,56.14,57.0,,organized/data/fundamental_scores_database.csv
2026-06-18,ALKYLAMINE,77.34,78.0,71.67,89.75,68.5,2026-06-18,tracker_enrich_derived
2025-08-11,ALLCARGO,54.72,51.96,55.0,58.18,57.0,,organized/data/fundamental_scores_database.csv
2025-08-11,ALLDIGI,51.71,50.22,47.0,56.59,57.0,,organized/data/fundamental_scores_database.csv
2025-08-11,ALLSEC,10.0,10.0,10.0,10.0,10.0,,organized/data/fundamental_scores_database.csv
2025-08-11,ALLTIME,52.85,57.39,44.17,53.0,55.0,,organized/data/fundamental_scores_database.csv
2026-06-20,ALLTIME,55.88,39.6,56.67,74.25,73.5,2026-06-20,tracker_enrich_derived
2025-08-11,ALMONDZ,57.8,57.17,61.0,58.1,53.75,,organized/data/fundamental_scores_database.csv
2025-08-11,ALOKINDS,68.43,69.13,82.0,58.64,57.0,,organized/data/fundamental_scores_database.csv
2025-08-11,ALPA,60.89,60.22,67.0,59.77,54.0,,organized/data/fundamental_scores_database.csv
2025-08-11,ALPHA,10.0,10.0,10.0,10.0,10.0,,organized/data/fundamental_scores_database.csv
2025-08-11,ALPHAETF,10.0,10.0,10.0,10.0,10.0,,organized/data/fundamental_scores_database.csv
2025-08-11,ALPHAGEO,62.96,57.17,85.0,58.18,48.0,,organized/data/fundamental_scores_database.csv
2026-08-03,ALPHAGEO,54.33,46.25,68.33,51.75,56.0,2026-08-03,tracker_enrich_derived
2025-08-11,ALPL30IETF,10.0,10.0,10.0,10.0,10.0,,organized/data/fundamental_scores_database.csv
2025-08-11,ALPSINDUS,58.84,54.52,77.0,57.94,41.25,,organized/data/fundamental_scores_database.csv
2026-06-29,AMAGI,72.25,77.5,75.0,59.25,71.0,2026-06-29,tracker_enrich_derived
2026-06-16,AMANTA,58.77,55.0,55.0,60.0,73.5,2026-06-16,tracker_enrich_derived
2025-08-11,AMARAJABAT,10.0,10.0,10.0,10.0,10.0,,organized/data/fundamental_scores_database.csv
2025-08-11,AMBER,59.89,69.2,78.33,55.65,10.0,,organized/data/fundamental_scores_database.csv
2026-07-07,AMBER,67.67,58.0,91.67,50.75,76.0,2026-07-07,tracker_enrich_derived
2025-08-11,AMBICAAGAR,10.0,10.0,10.0,10.0,10.0,,organized/data/fundamental_scores_database.csv
2025-08-11,AMBIKCO,10.0,10.0,10.0,10.0,10.0,,organized/data/fundamental_scores_database.csv
2026-06-24,AMBIKCO,53.75,55.0,55.0,45.0,60.0,2026-06-24,tracker_enrich_derived
2025-08-11,AMBUJACEM,10.0,10.0,10.0,10.0,10.0,,organized/data/fundamental_scores_database.csv
2026-06-27,AMBUJACEM,74.25,76.6,68.33,70.0,83.5,2026-06-27,tracker_enrich_derived
2026-08-15,AMBUJACEM,73.29,68.25,80.0,67.33,83.5,2026-08-15,compute_fund_scores_from_db
2025-08-11,AMDIND,10.0,10.0,10.0,10.0,10.0,,organized/data/fundamental_scores_database.csv
2025-08-11,AMIORG,10.0,10.0,10.0,10.0,10.0,,organized/data/fundamental_scores_database.csv
2026-06-29,AMIRCHAND,72.78,73.0,85.0,60.25,68.5,2026-06-29,tracker_enrich_derived
2025-08-11,AMJLAND,10.0,10.0,10.0,10.0,10.0,,organized/data/fundamental_scores_database.csv
2025-08-11,AMNPLST,59.22,54.78,71.0,55.26,56.67,,organized/data/fundamental_scores_database.csv
2026-07-21,AMNPLST,65.12,62.6,43.33,82.5,85.0,2026-07-21,tracker_enrich_derived
2025-08-11,AMRUTANJAN,75.02,79.05,92.0,59.25,57.0,,organized/data/fundamental_scores_database.csv
2026-07-06,AMRUTANJAN,63.6,55.0,55.0,89.75,66.0,2026-07-06,tracker_enrich_derived
2025-08-11,ANANDRATHI,50.33,50.65,47.0,56.59,46.67,,organized/data/fundamental_scores_database.csv
2026-06-29,ANANDRATHI,80.2,84.0,75.0,86.0,71.0,2026-06-29,tracker_enrich_derived
2026-08-15,ANANDRATHI,89.21,93.75,92.5,89.67,71.0,2026-08-15,compute_fund_scores_from_db
2025-08-11,ANANTRAJ,51.15,49.0,44.17,55.3,63.0,,organized/data/fundamental_scores_database.csv
2026-07-07,ANANTRAJ,76.55,83.0,80.0,60.5,75.0,2026-07-07,tracker_enrich_derived
2025-08-11,ANDHRAPAP,52.91,51.3,51.0,55.45,57.0,,organized/data/fundamental_scores_database.csv
2025-08-11,ANDHRSUGAR,60.88,66.8,63.33,55.65,48.0,,organized/data/fundamental_scores_database.csv
2026-08-13,ANDHRSUGAR,69.62,83.6,53.33,69.25,60.0,2026-08-13,tracker_enrich_derived
2025-08-11,ANGELONE,48.22,47.61,40.83,52.83,56.0,,organized/data/fundamental_scores_database.csv
2026-06-16,ANGELONE,59.63,56.0,63.33,53.75,71.0,2026-06-16,tracker_enrich_derived
2026-08-15,ANGELONE,58.64,48.75,62.5,64.33,71.0,2026-08-15,compute_fund_scores_from_db
2025-08-11,ANIKINDS,59.96,69.2,80.0,53.91,10.0,,organized/data/fundamental_scores_database.csv
2025-08-11,ANKITMETAL,50.3,47.86,47.0,54.55,56.67,,organized/data/fundamental_scores_database.csv
2025-08-11,ANMOL,70.61,74.35,86.0,56.36,54.0,,organized/data/fundamental_scores_database.csv
2026-06-20,ANTELOPUS,59.27,55.0,55.0,70.0,63.5,2026-06-20,tracker_enrich_derived
2025-08-11,ANTGRAPHIC,56.6,68.41,51.67,52.86,38.33,,organized/data/fundamental_scores_database.csv
2025-08-11,ANTHEM,41.3,39.38,26.0,52.5,57.0,,organized/data/fundamental_scores_database.csv
2026-06-18,ANTHEM,88.28,92.0,90.0,89.75,73.5,2026-06-18,tracker_enrich_derived
2026-08-15,ANTHEM,88.08,91.25,87.5,89.67,78.5,2026-08-15,compute_fund_scores_from_db
2025-08-11,ANUHPHR,55.41,52.86,57.5,58.95,54.0,,organized/data/fundamental_scores_database.csv
2025-08-11,ANUP,30.78,40.0,21.67,39.33,10.0,,organized/data/fundamental_scores_database.csv
2026-06-20,ANUP,67.19,58.6,75.0,71.75,71.0,2026-06-20,tracker_enrich_derived
2025-08-11,ANURAS,55.72,58.04,51.0,58.27,54.0,,organized/data/fundamental_scores_database.csv
2026-07-07,ANURAS,72.12,73.0,86.67,57.5,65.0,2026-07-07,tracker_enrich_derived
2025-08-11,AONELIQUID,10.0,10.0,10.0,10.0,10.0,,organized/data/fundamental_scores_database.csv
2025-08-11,AONENIFTY,10.0,10.0,10.0,10.0,10.0,,organized/data/fundamental_scores_database.csv
2025-08-11,AONETOTAL,10.0,10.0,10.0,10.0,10.0,,organized/data/fundamental_scores_database.csv
2025-08-11,APARINDS,57.41,57.96,58.6,57.27,54.17,,organized/data/fundamental_scores_database.csv
2026-06-29,APARINDS,82.28,80.0,88.33,81.0,80.0,2026-06-29,tracker_enrich_derived
2026-08-15,APARINDS,78.83,77.5,87.5,88.5,55.0,2026-08-15,compute_fund_scores_from_db
2025-08-11,APCL,71.17,73.48,86.0,58.64,57.0,,organized/data/fundamental_scores_database.csv
2025-08-11,APCOTEXIND,54.57,57.71,48.33,56.52,54.0,,organized/data/fundamental_scores_database.csv
2026-06-20,APCOTEXIND,55.82,47.0,56.67,69.25,60.0,2026-06-20,tracker_enrich_derived
2025-08-11,APEX,57.85,71.74,64.0,58.27,10.0,,organized/data/fundamental_scores_database.csv
2026-07-08,APEX,57.02,55.0,55.0,55.0,68.5,2026-07-08,tracker_enrich_derived
2025-08-11,APLAPOLLO,10.0,10.0,10.0,10.0,10.0,,organized/data/fundamental_scores_database.csv
2026-06-27,APLAPOLLO,79.73,82.0,68.33,92.25,76.0,2026-06-27,tracker_enrich_derived
2026-08-15,APLAPOLLO,81.58,83.75,75.0,89.67,76.0,2026-08-15,compute_fund_scores_from_db
2025-08-11,APLLTD,10.0,10.0,10.0,10.0,10.0,,organized/data/fundamental_scores_database.csv
2026-06-20,APLLTD,75.36,84.6,60.0,73.75,78.5,2026-06-20,tracker_enrich_derived
2025-08-11,APOLLO,54.74,51.67,59.0,56.14,54.0,,organized/data/fundamental_scores_database.csv
2026-06-16,APOLLO,80.97,92.0,91.67,57.5,65.0,2026-06-16,tracker_enrich_derived
2026-08-15,APOLLO,83.15,91.25,95.0,65.0,66.0,2026-08-15,compute_fund_scores_from_db
2025-08-11,APOLLOHOSP,51.11,51.2,45.83,55.87,53.33,,organized/data/fundamental_scores_database.csv
2026-07-06,APOLLOHOSP,78.16,83.6,71.67,77.0,76.0,2026-07-06,tracker_enrich_derived
2025-08-11,APOLLOPIPE,55.88,55.87,53.0,58.64,57.0,,organized/data/fundamental_scores_database.csv
2026-06-23,APOLLOPIPE,57.82,42.0,76.67,56.75,70.0,2026-06-23,tracker_enrich_derived
2025-08-11,APOLLOTYRE,53.44,54.57,51.0,53.68,54.17,,organized/data/fundamental_scores_database.csv
2026-06-18,APOLLOTYRE,72.81,81.6,56.67,76.75,71.0,2026-06-18,tracker_enrich_derived
2026-08-15,APOLLOTYRE,72.67,78.25,65.0,72.33,71.0,2026-08-15,compute_fund_scores_from_db
2025-08-11,APOLSINHOT,61.59,67.14,58.75,59.74,54.0,,organized/data/fundamental_scores_database.csv
2025-08-11,APTECHT,51.74,50.71,47.0,60.25,51.0,,organized/data/fundamental_scores_database.csv
2026-06-16,APTECHT,58.08,54.0,48.33,80.0,56.0,2026-06-16,tracker_enrich_derived
2025-08-11,APTUS,53.73,50.65,51.0,54.09,66.0,,organized/data/fundamental_scores_database.csv
2026-06-18,APTUS,71.9,86.25,55.0,65.0,71.0,2026-06-18,tracker_enrich_derived
2025-08-11,ARCHIDPLY,59.4,62.61,60.0,56.45,53.75,,organized/data/fundamental_scores_database.csv
2025-08-11,ARCHIES,74.42,77.17,92.0,62.27,54.0,,organized/data/fundamental_scores_database.csv
2025-08-11,ARE&M,54.31,51.3,51.0,57.95,63.0,,organized/data/fundamental_scores_database.csv
2026-07-09,ARE&M,65.02,59.0,61.67,76.75,71.0,2026-07-09,tracker_enrich_derived
2026-08-15,ARE&M,61.5,50.0,65.0,85.0,55.0,2026-08-15,compute_fund_scores_from_db
2025-08-11,ARENTERP,62.74,74.21,56.0,55.88,52.5,,organized/data/fundamental_scores_database.csv
2025-08-11,ARFIN,55.43,53.7,59.0,60.0,48.0,,organized/data/fundamental_scores_database.csv
2025-08-11,ARIES,55.33,53.81,55.0,59.77,54.0,,organized/data/fundamental_scores_database.csv
2026-08-13,ARIES,74.31,81.6,61.67,82.5,65.0,2026-08-13,tracker_enrich_derived
2025-08-11,ARIHANTCAP,51.44,51.19,47.0,55.75,53.75,,organized/data/fundamental_scores_database.csv
2025-08-11,ARIHANTSUP,51.83,50.71,47.0,56.22,57.0,,organized/data/fundamental_scores_database.csv
2026-06-29,ARIS,79.57,83.75,86.67,80.0,56.0,2026-06-29,tracker_enrich_derived
2025-08-11,ARISINFRA,56.91,51.96,67.0,56.36,54.0,,organized/data/fundamental_scores_database.csv
2025-08-11,ARKADE,54.49,57.11,47.0,56.75,57.0,,organized/data/fundamental_scores_database.csv
2026-06-22,ARKADE,56.4,33.6,78.33,69.25,63.5,2026-06-22,tracker_enrich_derived
2025-08-11,ARMANFIN,54.56,55.79,57.0,54.71,47.0,,organized/data/fundamental_scores_database.csv
2026-07-10,ARMANFIN,56.07,62.5,55.0,48.33,51.0,2026-07-10,tracker_enrich_derived
2025-08-11,AROGRANITE,58.63,55.87,73.0,55.45,46.25,,organized/data/fundamental_scores_database.csv
2025-08-11,ARROWGREEN,59.66,60.53,64.0,56.75,54.0,,organized/data/fundamental_scores_database.csv
2026-06-20,ARSSBL,73.41,75.0,73.33,74.0,68.5,2026-06-20,tracker_enrich_derived
2025-08-11,ARTEMISMED,50.87,51.3,47.0,56.14,49.17,,organized/data/fundamental_scores_database.csv
2026-06-18,ARTEMISMED,76.96,82.6,71.67,73.75,75.0,2026-06-18,tracker_enrich_derived
2025-08-11,ARTNIRMAN,62.81,58.57,77.0,58.18,56.67,,organized/data/fundamental_scores_database.csv
2025-08-11,ARVEE,53.5,51.3,55.0,53.64,56.67,,organized/data/fundamental_scores_database.csv
2025-08-11,ARVIND,57.39,51.96,61.0,57.27,66.0,,organized/data/fundamental_scores_database.csv
2026-06-29,ARVIND,72.19,77.6,65.0,71.25,71.0,2026-06-29,tracker_enrich_derived
2025-08-11,ARVINDFASN,50.43,47.61,47.0,55.45,57.0,,organized/data/fundamental_scores_database.csv
2026-06-18,ARVINDFASN,72.49,88.6,60.0,57.0,71.0,2026-06-18,tracker_enrich_derived
2025-08-11,ARVSMART,71.78,76.09,86.0,56.45,57.0,,organized/data/fundamental_scores_database.csv
2026-07-24,ARVSMART,61.63,66.0,53.33,57.0,70.0,2026-07-24,tracker_enrich_derived
2025-08-11,ASAHIINDIA,52.31,50.43,51.0,56.45,54.0,,organized/data/fundamental_scores_database.csv
2026-06-25,ASAHIINDIA,62.15,56.0,65.0,65.0,70.0,2026-06-25,tracker_enrich_derived
2025-08-11,ASAHISONG,70.37,72.61,86.0,58.64,54.0,,organized/data/fundamental_scores_database.csv
2026-07-22,ASAHISONG,64.08,67.0,60.0,63.75,63.5,2026-07-22,tracker_enrich_derived
2025-08-11,ASAL,51.52,50.22,47.0,55.68,57.0,,organized/data/fundamental_scores_database.csv
2026-06-22,ASAL,63.68,55.0,55.0,92.0,63.5,2026-06-22,tracker_enrich_derived
2025-08-11,ASALCBR,51.12,50.0,46.25,57.27,54.0,,organized/data/fundamental_scores_database.csv
2025-08-11,ASHAPURMIN,52.76,51.96,47.0,58.41,57.0,,organized/data/fundamental_scores_database.csv
2026-06-18,ASHAPURMIN,85.0,87.0,95.0,79.0,71.0,2026-06-18,tracker_enrich_derived
2026-08-15,ASHAPURMIN,84.27,85.0,95.0,79.33,71.0,2026-08-15,compute_fund_scores_from_db
2025-08-11,ASHIANA,52.96,51.96,47.0,57.14,60.0,,organized/data/fundamental_scores_database.csv
2026-06-17,ASHIANA,73.64,73.0,71.67,73.75,78.5,2026-06-17,tracker_enrich_derived
2026-07-03,ASHIKA,63.94,77.5,55.0,48.33,63.5,2026-07-03,tracker_enrich_derived
2025-08-11,ASHIMASYN,70.43,72.61,86.0,56.67,57.0,,organized/data/fundamental_scores_database.csv
2025-08-11,ASHOKA,65.24,71.74,60.0,60.45,63.0,,organized/data/fundamental_scores_database.csv
2026-06-18,ASHOKA,66.82,75.6,43.33,72.5,75.0,2026-06-18,tracker_enrich_derived
2025-08-11,ASHOKAMET,72.83,78.26,86.0,61.36,51.67,,organized/data/fundamental_scores_database.csv
2025-08-11,ASHOKLEY,71.08,74.57,82.0,59.41,59.17,,organized/data/fundamental_scores_database.csv
2026-06-25,ASHOKLEY,75.36,79.6,81.67,55.5,80.0,2026-06-25,tracker_enrich_derived
2026-08-15,ASHOKLEY,70.97,72.5,70.0,62.33,80.0,2026-08-15,compute_fund_scores_from_db
2025-08-11,ASIANENE,75.48,78.33,94.0,62.75,54.0,,organized/data/fundamental_scores_database.csv
2026-06-16,ASIANENE,81.2,85.75,95.0,70.75,60.0,2026-06-16,tracker_enrich_derived
2026-08-15,ASIANENE,81.82,82.67,95.0,80.0,60.0,2026-08-15,compute_fund_scores_from_db
2025-08-11,ASIANHOTNR,69.59,70.87,94.0,55.71,44.0,,organized/data/fundamental_scores_database.csv
2026-07-06,ASIANHOTNR,58.98,56.25,78.33,46.25,51.0,2026-07-06,tracker_enrich_derived
2025-08-11,ASIANPAINT,62.21,68.26,60.0,57.05,56.67,,organized/data/fundamental_scores_database.csv
2026-06-18,ASIANPAINT,72.29,73.6,55.0,85.5,80.0,2026-06-18,tracker_enrich_derived
2025-08-11,ASIANTILES,69.29,72.61,86.0,57.73,48.0,,organized/data/fundamental_scores_database.csv
2025-08-11,ASKAUTOLTD,71.28,74.57,82.0,59.77,60.0,,organized/data/fundamental_scores_database.csv
2026-06-18,ASKAUTOLTD,77.35,75.6,78.33,78.75,78.5,2026-06-18,tracker_enrich_derived
2025-08-11,ASMS,58.36,55.95,65.0,55.91,57.0,,organized/data/fundamental_scores_database.csv
2025-08-11,ASPINWALL,68.53,74.35,76.0,58.64,53.75,,organized/data/fundamental_scores_database.csv
2025-08-11,ASTEC,51.25,47.61,51.0,54.55,57.0,,organized/data/fundamental_scores_database.csv
2026-07-16,ASTEC,70.19,81.25,66.67,53.75,68.5,2026-07-16,tracker_enrich_derived
2025-08-11,ASTERDM,60.89,64.13,56.0,56.68,66.0,,organized/data/fundamental_scores_database.csv
2026-07-06,ASTERDM,63.31,50.6,66.67,71.25,81.0,2026-07-06,tracker_enrich_derived
2025-08-11,ASTRAL,62.97,68.04,60.0,59.41,59.17,,organized/data/fundamental_scores_database.csv
2026-06-18,ASTRAL,74.32,65.6,78.33,82.5,80.0,2026-06-18,tracker_enrich_derived
2026-08-15,ASTRAL,68.8,58.25,70.0,80.0,80.0,2026-08-15,compute_fund_scores_from_db
2025-08-11,ASTRAMICRO,71.97,73.91,94.0,57.05,50.0,,organized/data/fundamental_scores_database.csv
2026-06-29,ASTRAMICRO,82.87,92.0,81.67,82.5,61.0,2026-06-29,tracker_enrich_derived
2025-08-11,ASTRAZEN,65.5,69.76,68.0,60.25,57.0,,organized/data/fundamental_scores_database.csv
2026-07-31,ASTRAZEN,63.18,55.0,55.0,82.0,73.5,2026-07-31,tracker_enrich_derived
2025-08-11,ASTRON,67.82,72.38,86.0,55.91,41.25,,organized/data/fundamental_scores_database.csv
2025-08-11,ATALREAL,46.1,47.0,40.83,50.79,46.25,,organized/data/fundamental_scores_database.csv
2025-08-11,ATAM,50.89,50.22,47.0,54.77,54.0,,organized/data/fundamental_scores_database.csv
2025-08-11,ATFL,10.0,10.0,10.0,10.0,10.0,,organized/data/fundamental_scores_database.csv
2025-08-11,ATGL,52.51,50.22,47.0,56.14,63.0,,organized/data/fundamental_scores_database.csv
2026-07-07,ATGL,69.73,61.6,71.67,77.0,78.5,2026-07-07,tracker_enrich_derived
2026-08-15,ATGL,68.55,63.75,80.0,74.0,55.0,2026-08-15,compute_fund_scores_from_db
2025-08-11,ATHERENERG,63.36,53.7,85.0,53.64,66.0,,organized/data/fundamental_scores_database.csv
2026-06-29,ATHERENERG,56.9,55.0,55.0,45.0,81.0,2026-06-29,tracker_enrich_derived
2025-08-11,ATL,57.09,57.14,56.0,58.41,57.0,,organized/data/fundamental_scores_database.csv
2025-08-11,ATLANTAA,61.44,58.48,77.0,58.0,48.0,,organized/data/fundamental_scores_database.csv
2026-06-22,ATLANTAELE,88.26,92.0,93.33,89.25,68.5,2026-06-22,tracker_enrich_derived
2026-08-15,ATLANTAELE,85.83,88.25,92.5,85.67,68.5,2026-08-15,compute_fund_scores_from_db
2025-08-11,ATLASCYCLE,62.58,57.17,85.0,58.57,45.0,,organized/data/fundamental_scores_database.csv
2025-08-11,ATUL,54.54,56.09,53.0,55.55,51.67,,organized/data/fundamental_scores_database.csv
2026-07-24,ATUL,79.47,87.0,71.67,76.75,76.0,2026-07-24,tracker_enrich_derived
2025-08-11,ATULAUTO,49.43,48.48,47.0,55.45,48.0,,organized/data/fundamental_scores_database.csv
2026-06-20,ATULAUTO,74.97,86.0,71.67,71.25,56.0,2026-06-20,tracker_enrich_derived
2025-08-11,AUBANK,55.0,51.19,55.0,57.35,62.0,,organized/data/fundamental_scores_database.csv
2026-07-07,AUBANK,62.2,55.0,55.0,79.0,71.0,2026-07-07,tracker_enrich_derived
2025-08-11,AURIONPRO,51.69,51.19,51.0,57.05,47.0,,organized/data/fundamental_scores_database.csv
2026-06-18,AURIONPRO,74.22,80.6,73.33,68.75,66.0,2026-06-18,tracker_enrich_derived
2025-08-11,AUROPHARMA,67.41,70.43,70.0,59.18,66.0,,organized/data/fundamental_scores_database.csv
2026-07-06,AUROPHARMA,70.65,67.0,65.0,74.25,85.0,2026-07-06,tracker_enrich_derived
2026-08-15,AUROPHARMA,68.45,70.0,70.0,73.5,55.0,2026-08-15,compute_fund_scores_from_db
2025-08-11,AURUM,55.03,57.09,54.6,55.24,50.0,,organized/data/fundamental_scores_database.csv
2026-06-17,AURUM,78.38,91.25,88.33,57.0,56.0,2026-06-17,tracker_enrich_derived
2025-08-11,AUSOMENT,51.53,49.21,47.0,57.35,57.5,,organized/data/fundamental_scores_database.csv
2025-08-11,AUTOAXLES,58.77,53.91,65.0,57.5,63.0,,organized/data/fundamental_scores_database.csv
2025-08-11,AUTOBEES,10.0,10.0,10.0,10.0,10.0,,organized/data/fundamental_scores_database.csv
2026-06-18,AUTOBEES,55.0,55.0,55.0,55.0,55.0,2026-06-18,tracker_enrich_derived
2025-08-11,AUTOIETF,10.0,10.0,10.0,10.0,10.0,,organized/data/fundamental_scores_database.csv
2025-08-11,AUTOIND,65.08,73.48,60.0,62.95,54.0,,organized/data/fundamental_scores_database.csv
2025-08-11,AVADHSUGAR,70.96,75.22,82.0,61.36,54.0,,organized/data/fundamental_scores_database.csv
2026-08-03,AVADHSUGAR,54.27,55.0,55.0,45.0,63.5,2026-08-03,tracker_enrich_derived
2025-08-11,AVALON,54.04,51.3,53.0,56.36,60.0,,organized/data/fundamental_scores_database.csv
2026-06-29,AVALON,80.94,87.6,85.0,66.25,76.0,2026-06-29,tracker_enrich_derived
2026-08-15,AVALON,80.25,83.75,90.0,80.0,55.0,2026-08-15,compute_fund_scores_from_db
2025-08-11,AVANTEL,51.41,52.39,47.0,57.5,48.0,,organized/data/fundamental_scores_database.csv
2026-06-18,AVANTEL,54.08,50.0,63.33,53.0,51.0,2026-06-18,tracker_enrich_derived
2025-08-11,AVANTIFEED,60.0,68.81,56.0,59.25,44.17,,organized/data/fundamental_scores_database.csv
2026-07-07,AVANTIFEED,70.15,66.0,65.0,88.0,66.0,2026-07-07,tracker_enrich_derived
2025-08-11,AVG,73.25,74.35,94.0,59.55,54.0,,organized/data/fundamental_scores_database.csv
2026-06-20,AVG,59.57,64.6,48.33,55.0,71.0,2026-06-20,tracker_enrich_derived
2025-08-11,AVL,73.11,74.35,86.0,59.86,66.0,,organized/data/fundamental_scores_database.csv
2026-06-17,AVL,63.55,55.0,55.0,82.0,76.0,2026-06-17,tracker_enrich_derived
2025-08-11,AVONMORE,72.81,78.26,86.0,59.55,54.0,,organized/data/fundamental_scores_database.csv
2025-08-11,AVROIND,61.65,70.0,56.0,57.73,54.0,,organized/data/fundamental_scores_database.csv
2025-08-11,AVTNPL,51.56,51.3,51.0,54.55,49.17,,organized/data/fundamental_scores_database.csv
2025-08-11,AWFIS,55.21,53.81,51.0,58.18,62.0,,organized/data/fundamental_scores_database.csv
2026-06-27,AWFIS,69.73,63.75,83.33,63.75,71.0,2026-06-27,tracker_enrich_derived
2025-08-11,AWHCL,61.84,58.04,77.0,56.36,54.0,,organized/data/fundamental_scores_database.csv
2026-06-22,AWHCL,64.38,59.0,68.33,65.25,71.0,2026-06-22,tracker_enrich_derived
2025-08-11,AWL,63.12,68.26,60.0,59.09,60.0,,organized/data/fundamental_scores_database.csv
2026-06-27,AWL,66.68,49.0,78.33,77.5,80.0,2026-06-27,tracker_enrich_derived
2026-08-15,AWL,63.42,45.0,75.0,73.33,80.0,2026-08-15,compute_fund_scores_from_db
2025-08-11,AXISBANK,52.47,51.19,47.0,54.71,62.0,,organized/data/fundamental_scores_database.csv
2026-06-18,AXISBANK,58.73,60.0,55.0,51.67,71.0,2026-06-18,tracker_enrich_derived
2025-08-11,AXISBNKETF,10.0,10.0,10.0,10.0,10.0,,organized/data/fundamental_scores_database.csv
2025-08-11,AXISBPSETF,10.0,10.0,10.0,10.0,10.0,,organized/data/fundamental_scores_database.csv
2025-08-11,AXISCADES,51.83,51.3,47.0,57.27,54.0,,organized/data/fundamental_scores_database.csv
2026-07-09,AXISCADES,53.03,43.25,58.33,60.75,60.0,2026-07-09,tracker_enrich_derived
2025-08-11,AXISCETF,10.0,10.0,10.0,10.0,10.0,,organized/data/fundamental_scores_database.csv
2025-08-11,AXISGOLD,10.0,10.0,10.0,10.0,10.0,,organized/data/fundamental_scores_database.csv
2026-06-18,AXISGOLD,55.0,55.0,55.0,55.0,55.0,2026-06-18,tracker_enrich_derived
2025-08-11,AXISHCETF,10.0,10.0,10.0,10.0,10.0,,organized/data/fundamental_scores_database.csv
2025-08-11,AXISILVER,10.0,10.0,10.0,10.0,10.0,,organized/data/fundamental_scores_database.csv
2026-06-18,AXISILVER,55.0,55.0,55.0,55.0,55.0,2026-06-18,tracker_enrich_derived
2025-08-11,AXISNIFTY,10.0,10.0,10.0,10.0,10.0,,organized/data/fundamental_scores_database.csv
2025-08-11,AXISTECETF,10.0,10.0,10.0,10.0,10.0,,organized/data/fundamental_scores_database.csv
2025-08-11,AXISVALUE,10.0,10.0,10.0,10.0,10.0,,organized/data/fundamental_scores_database.csv
2025-08-11,AXITA,68.32,72.61,82.0,59.18,46.25,,organized/data/fundamental_scores_database.csv
2025-08-11,AXSENSEX,10.0,10.0,10.0,10.0,10.0,,organized/data/fundamental_scores_database.csv
2026-06-29,AYE,60.05,55.0,55.0,60.0,82.0,2026-06-29,tracker_enrich_derived
2025-08-11,AYMSYNTEX,63.63,71.74,60.0,59.18,54.0,,organized/data/fundamental_scores_database.csv
2026-07-03,AYMSYNTEX,56.34,51.0,51.67,63.75,68.5,2026-07-03,tracker_enrich_derived
2025-08-11,AZAD,55.24,52.39,51.0,58.18,66.0,,organized/data/fundamental_scores_database.csv
2026-07-06,AZAD,79.12,88.0,81.67,57.5,80.0,2026-07-06,tracker_enrich_derived
2025-08-11,BAFNAPH,63.09,58.04,77.0,60.0,57.5,,organized/data/fundamental_scores_database.csv
2025-08-11,BAGFILMS,72.28,78.91,86.0,61.36,46.25,,organized/data/fundamental_scores_database.csv
2025-08-11,BAIDFIN,51.79,53.1,51.0,54.32,46.25,,organized/data/fundamental_scores_database.csv
2025-08-11,BAJAJ-AUTO,52.35,51.96,47.0,56.59,56.67,,organized/data/fundamental_scores_database.csv
2026-07-07,BAJAJ-AUTO,82.12,87.6,83.33,75.0,75.0,2026-07-07,tracker_enrich_derived
2025-08-11,BAJAJCON,61.4,60.24,65.0,60.25,60.0,,organized/data/fundamental_scores_database.csv
2026-07-06,BAJAJCON,83.38,88.0,73.33,92.25,76.0,2026-07-06,tracker_enrich_derived
2026-08-15,BAJAJCON,79.62,83.25,77.5,93.5,55.0,2026-08-15,compute_fund_scores_from_db
2025-08-11,BAJAJELEC,51.5,48.48,47.0,54.55,63.0,,organized/data/fundamental_scores_database.csv
2026-07-03,BAJAJELEC,50.12,28.75,55.0,65.5,78.5,2026-07-03,tracker_enrich_derived
2025-08-11,BAJAJFINSV,52.46,50.71,47.0,54.86,63.0,,organized/data/fundamental_scores_database.csv
2026-06-18,BAJAJFINSV,71.13,82.0,68.33,50.0,75.0,2026-06-18,tracker_enrich_derived
2025-08-11,BAJAJHCARE,52.34,53.04,47.0,56.36,54.0,,organized/data/fundamental_scores_database.csv
2026-06-18,BAJAJHCARE,54.5,55.0,55.0,45.0,65.0,2026-06-18,tracker_enrich_derived
2025-08-11,BAJAJHFL,51.36,53.1,47.0,56.84,46.67,,organized/data/fundamental_scores_database.csv
2025-08-11,BAJAJHIND,63.73,70.0,70.0,55.91,47.0,,organized/data/fundamental_scores_database.csv
2025-08-11,BAJAJHLDNG,53.83,50.65,55.0,54.09,60.0,,organized/data/fundamental_scores_database.csv
2026-07-21,BAJAJHLDNG,80.9,92.0,70.0,76.75,75.0,2026-07-21,tracker_enrich_derived
2025-08-11,BAJAJINDEF,55.61,60.0,48.33,54.52,57.5,,organized/data/fundamental_scores_database.csv
2026-06-27,BAJAJINDEF,65.25,47.6,88.33,73.0,63.5,2026-06-27,tracker_enrich_derived
2025-08-11,BAJEL,61.91,62.17,64.0,57.95,63.0,,organized/data/fundamental_scores_database.csv
2026-06-17,BAJEL,75.53,81.25,85.0,53.75,73.5,2026-06-17,tracker_enrich_derived
2025-08-11,BAJFINANCE,51.99,50.65,47.0,55.53,59.17,,organized/data/fundamental_scores_database.csv
2026-06-20,BAJFINANCE,71.88,85.0,55.0,60.67,80.0,2026-06-20,tracker_enrich_derived
2025-08-11,BALAJEE,61.51,67.61,60.0,56.82,54.0,,organized/data/fundamental_scores_database.csv
2025-08-11,BALAJITELE,53.41,54.13,51.0,58.18,49.17,,organized/data/fundamental_scores_database.csv
2025-08-11,BALAMINES,66.37,72.61,70.0,58.64,54.0,,organized/data/fundamental_scores_database.csv
2026-06-17,BALAMINES,64.65,66.0,55.0,73.75,65.0,2026-06-17,tracker_enrich_derived
2025-08-11,BALAXI,51.91,51.3,47.0,55.45,57.0,,organized/data/fundamental_scores_database.csv
2025-08-11,BALKRISHNA,50.18,49.2,47.5,52.62,54.0,,organized/data/fundamental_scores_database.csv
2025-08-11,BALKRISIND,51.38,50.22,47.0,55.23,56.67,,organized/data/fundamental_scores_database.csv
2026-06-20,BALKRISIND,58.43,44.0,58.33,71.25,80.0,2026-06-20,tracker_enrich_derived
2026-08-15,BALKRISIND,58.25,48.75,55.0,65.0,80.0,2026-08-15,compute_fund_scores_from_db
2025-08-11,BALMLAWRIE,68.31,75.22,82.0,61.59,36.0,,organized/data/fundamental_scores_database.csv
2026-06-20,BALMLAWRIE,68.47,70.6,68.33,76.75,52.0,2026-06-20,tracker_enrich_derived
2025-08-11,BALPHARMA,57.8,62.17,56.0,54.32,53.75,,organized/data/fundamental_scores_database.csv
2025-08-11,BALRAMCHIN,69.75,71.09,82.0,56.82,63.0,,organized/data/fundamental_scores_database.csv
2026-07-07,BALRAMCHIN,66.12,55.6,78.33,64.5,76.0,2026-07-07,tracker_enrich_derived
2026-08-15,BALRAMCHIN,58.85,45.75,80.0,61.5,55.0,2026-08-15,compute_fund_scores_from_db
2025-08-11,BALUFORGE,62.43,70.95,60.0,60.25,46.67,,organized/data/fundamental_scores_database.csv
2026-06-27,BALUFORGE,72.08,76.0,68.33,74.25,65.0,2026-06-27,tracker_enrich_derived
2026-08-15,BALUFORGE,83.72,85.0,90.0,87.33,65.0,2026-08-15,compute_fund_scores_from_db
2025-08-11,BANARBEADS,51.2,50.71,47.0,55.5,53.75,,organized/data/fundamental_scores_database.csv
2026-07-09,BANARBEADS,53.75,55.0,55.0,45.0,60.0,2026-07-09,tracker_enrich_derived
2025-08-11,BANARISUG,51.24,51.3,47.0,54.32,54.0,,organized/data/fundamental_scores_database.csv
2025-08-11,BANCOINDIA,54.64,53.7,51.0,59.32,57.0,,organized/data/fundamental_scores_database.csv
2026-06-20,BANCOINDIA,85.12,89.0,90.0,83.75,68.5,2026-06-20,tracker_enrich_derived
2025-08-11,BANDHANBNK,65.58,70.71,70.0,56.47,56.67,,organized/data/fundamental_scores_database.csv
2026-07-06,BANDHANBNK,56.15,55.0,55.0,45.0,76.0,2026-07-06,tracker_enrich_derived
2025-08-11,BANG,61.37,63.04,64.0,60.45,53.75,,organized/data/fundamental_scores_database.csv
2025-08-11,BANKA,51.19,49.35,47.0,58.18,53.75,,organized/data/fundamental_scores_database.csv
2025-08-11,BANKBARODA,53.65,55.48,47.0,57.94,54.17,,organized/data/fundamental_scores_database.csv
2026-06-20,BANKBARODA,59.61,55.0,55.0,56.67,83.5,2026-06-20,tracker_enrich_derived
2026-08-15,BANKBARODA,61.44,51.67,65.0,60.0,83.5,2026-08-15,compute_fund_scores_from_db
2025-08-11,BANKBEES,10.0,10.0,10.0,10.0,10.0,,organized/data/fundamental_scores_database.csv
2026-06-20,BANKBEES,55.0,55.0,55.0,55.0,55.0,2026-06-20,tracker_enrich_derived
2025-08-11,BANKBETF,10.0,10.0,10.0,10.0,10.0,,organized/data/fundamental_scores_database.csv
2025-08-11,BANKETF,10.0,10.0,10.0,10.0,10.0,,organized/data/fundamental_scores_database.csv
2025-08-11,BANKETFADD,10.0,10.0,10.0,10.0,10.0,,organized/data/fundamental_scores_database.csv
2025-08-11,BANKIETF,10.0,10.0,10.0,10.0,10.0,,organized/data/fundamental_scores_database.csv
2025-08-11,BANKINDIA,52.66,50.71,47.0,55.88,63.0,,organized/data/fundamental_scores_database.csv
2026-06-20,BANKINDIA,64.86,72.5,55.0,51.67,78.5,2026-06-20,tracker_enrich_derived
2026-08-15,BANKINDIA,72.53,75.0,75.0,60.0,78.5,2026-08-15,compute_fund_scores_from_db
2025-08-11,BANKNIFTY1,10.0,10.0,10.0,10.0,10.0,,organized/data/fundamental_scores_database.csv
2025-08-11,BANKPSU,10.0,10.0,10.0,10.0,10.0,,organized/data/fundamental_scores_database.csv
2025-08-11,BANSALWIRE,51.32,48.48,47.0,55.91,60.0,,organized/data/fundamental_scores_database.csv
2026-06-23,BANSALWIRE,74.14,68.0,81.67,73.75,78.5,2026-06-23,tracker_enrich_derived
2025-08-11,BANSWARA,10.0,10.0,10.0,10.0,10.0,,organized/data/fundamental_scores_database.csv
2025-08-11,BANSWRAS,41.89,44.04,25.71,48.75,54.0,,organized/data/fundamental_scores_database.csv
2026-06-20,BANSWRAS,59.87,61.6,53.33,60.75,65.0,2026-06-20,tracker_enrich_derived
2025-08-11,BARBEQUE,60.38,64.35,60.0,53.18,60.0,,organized/data/fundamental_scores_database.csv
2025-08-11,BASF,64.85,71.74,60.0,60.77,60.0,,organized/data/fundamental_scores_database.csv
2026-06-23,BASF,53.34,42.0,51.67,63.0,73.5,2026-06-23,tracker_enrich_derived
2025-08-11,BASML,66.53,72.61,76.0,57.73,46.25,,organized/data/fundamental_scores_database.csv
2025-08-11,BATAINDIA,69.28,71.96,76.0,60.23,63.0,,organized/data/fundamental_scores_database.csv
2026-06-20,BATAINDIA,50.34,33.6,45.0,68.25,80.0,2026-06-20,tracker_enrich_derived
2026-08-06,BATLIBOI,54.61,46.25,58.33,60.0,63.5,2026-08-06,tracker_enrich_derived
2025-08-11,BAYERCROP,51.4,50.0,44.17,54.57,63.0,,organized/data/fundamental_scores_database.csv
2026-06-29,BAYERCROP,78.73,87.0,65.0,79.5,78.5,2026-06-29,tracker_enrich_derived
2025-08-11,BBETF0432,10.0,10.0,10.0,10.0,10.0,,organized/data/fundamental_scores_database.csv
2025-08-11,BBL,50.99,49.57,47.0,54.32,57.0,,organized/data/fundamental_scores_database.csv
2026-08-04,BBL,54.65,55.0,55.0,45.0,66.0,2026-08-04,tracker_enrich_derived
2025-08-11,BBNPNBETF,10.0,10.0,10.0,10.0,10.0,,organized/data/fundamental_scores_database.csv
2025-08-11,BBNPPGOLD,10.0,10.0,10.0,10.0,10.0,,organized/data/fundamental_scores_database.csv
2026-06-24,BBNPPGOLD,55.0,55.0,55.0,55.0,55.0,2026-06-24,tracker_enrich_derived
2025-08-11,BBOX,59.11,60.65,65.0,56.14,49.17,,organized/data/fundamental_scores_database.csv
2026-07-06,BBOX,67.71,73.0,58.33,68.25,68.5,2026-07-06,tracker_enrich_derived
2025-08-11,BBTC,58.29,64.25,51.25,56.14,57.0,,organized/data/fundamental_scores_database.csv
2026-06-22,BBTC,72.94,75.75,56.67,87.25,73.5,2026-06-22,tracker_enrich_derived
2025-08-11,BBTCL,62.47,66.52,64.0,56.82,56.67,,organized/data/fundamental_scores_database.csv
2026-07-31,BBTCL,76.32,81.6,78.33,56.75,85.0,2026-07-31,tracker_enrich_derived
2025-08-11,BCG,50.75,52.62,53.0,53.5,38.33,,organized/data/fundamental_scores_database.csv
2025-08-11,BCLIND,72.93,76.09,94.0,60.0,46.67,,organized/data/fundamental_scores_database.csv
2025-08-11,BCONCEPTS,53.21,50.22,55.0,56.36,54.0,,organized/data/fundamental_scores_database.csv
2025-08-11,BDL,73.31,74.78,94.0,58.86,54.17,,organized/data/fundamental_scores_database.csv
2026-06-20,BDL,58.77,55.0,55.0,60.0,73.5,2026-06-20,tracker_enrich_derived
2025-08-11,BEARDSELL,60.18,63.7,61.0,62.27,46.67,,organized/data/fundamental_scores_database.csv
2025-08-11,BECTORFOOD,54.89,49.57,55.0,57.05,66.0,,organized/data/fundamental_scores_database.csv
2026-06-20,BECTORFOOD,63.09,54.6,60.0,74.25,76.0,2026-06-20,tracker_enrich_derived
2026-08-15,BECTORFOOD,66.0,58.25,70.0,69.0,76.0,2026-08-15,compute_fund_scores_from_db
2025-08-11,BEDMUTHA,63.93,70.0,64.0,59.32,53.75,,organized/data/fundamental_scores_database.csv
2025-08-11,BEL,54.37,52.39,47.0,56.59,69.0,,organized/data/fundamental_scores_database.csv
2026-06-20,BEL,83.73,83.0,88.33,82.25,80.0,2026-06-20,tracker_enrich_derived
2026-08-15,BEL,83.85,80.0,85.0,93.0,80.0,2026-08-15,compute_fund_scores_from_db
2025-08-11,BELLACASA,50.94,50.22,47.0,56.14,52.5,,organized/data/fundamental_scores_database.csv
2025-08-11,BELRISE,53.29,50.22,51.0,57.27,60.0,,organized/data/fundamental_scores_database.csv
2026-07-07,BELRISE,73.44,71.0,71.67,76.75,78.5,2026-07-07,tracker_enrich_derived
2026-08-15,BELRISE,68.3,75.75,75.0,55.0,55.0,2026-08-15,compute_fund_scores_from_db
2025-08-11,BEML,52.07,49.57,47.0,55.23,63.0,,organized/data/fundamental_scores_database.csv
2026-07-07,BEML,61.51,50.6,71.67,60.5,75.0,2026-07-07,tracker_enrich_derived
2026-08-15,BEML,54.75,36.25,60.0,85.0,55.0,2026-08-15,compute_fund_scores_from_db
2025-08-11,BEPL,74.21,77.14,92.0,61.25,54.0,,organized/data/fundamental_scores_database.csv
2026-06-18,BEPL,66.16,66.6,51.67,88.0,60.0,2026-06-18,tracker_enrich_derived
2025-08-11,BERGEPAINT,62.85,66.87,58.6,60.0,63.0,,organized/data/fundamental_scores_database.csv
2026-06-20,BERGEPAINT,66.12,60.6,50.0,88.0,78.5,2026-06-20,tracker_enrich_derived
2026-08-15,BERGEPAINT,63.62,53.25,55.0,84.0,78.5,2026-08-15,compute_fund_scores_from_db
2025-08-11,BESTAGRO,50.33,48.48,47.0,55.45,54.0,,organized/data/fundamental_scores_database.csv
2026-07-20,BETA,73.93,78.0,78.33,67.0,65.0,2026-07-20,tracker_enrich_derived
2025-08-11,BFINVEST,64.7,72.38,64.0,56.0,57.0,,organized/data/fundamental_scores_database.csv
2026-07-10,BFINVEST,79.16,83.0,93.33,65.5,63.5,2026-07-10,tracker_enrich_derived
2025-08-11,BFSI,10.0,10.0,10.0,10.0,10.0,,organized/data/fundamental_scores_database.csv
2025-08-11,BFUTILITIE,59.72,65.65,56.0,56.82,54.0,,organized/data/fundamental_scores_database.csv
2026-07-10,BFUTILITIE,66.95,73.0,55.0,75.0,60.0,2026-07-10,tracker_enrich_derived
2026-08-15,BFUTILITIE,66.75,75.0,55.0,70.0,60.0,2026-08-15,compute_fund_scores_from_db
2025-08-11,BGRENERGY,58.43,63.61,54.6,56.19,54.0,,organized/data/fundamental_scores_database.csv
2025-08-11,BHAGCHEM,58.51,56.3,71.0,58.18,44.0,,organized/data/fundamental_scores_database.csv
2026-06-18,BHAGCHEM,61.14,60.6,80.0,46.25,51.0,2026-06-18,tracker_enrich_derived
2025-08-11,BHAGERIA,52.11,49.57,51.0,54.55,57.5,,organized/data/fundamental_scores_database.csv
2025-08-11,BHAGYANGR,61.78,56.3,81.0,58.18,49.17,,organized/data/fundamental_scores_database.csv
2026-08-13,BHAGYANGR,69.38,74.0,65.0,70.0,63.5,2026-08-13,tracker_enrich_derived
2025-08-11,BHANDARI,70.62,71.82,94.0,57.27,46.25,,organized/data/fundamental_scores_database.csv
2025-08-11,BHARATFORG,54.83,55.22,53.0,56.82,54.17,,organized/data/fundamental_scores_database.csv
2026-06-29,BHARATFORG,68.74,68.6,65.0,64.5,81.0,2026-06-29,tracker_enrich_derived
2026-08-15,BHARATFORG,71.15,79.5,70.0,68.0,55.0,2026-08-15,compute_fund_scores_from_db
2025-08-11,BHARATGEAR,51.91,51.96,47.0,56.36,54.0,,organized/data/fundamental_scores_database.csv
2025-08-11,BHARATRAS,75.27,77.83,92.0,62.95,57.0,,organized/data/fundamental_scores_database.csv
2025-08-11,BHARATSE,52.61,50.22,51.0,56.14,57.0,,organized/data/fundamental_scores_database.csv
2026-07-03,BHARATSE,61.68,55.0,55.0,82.0,63.5,2026-07-03,tracker_enrich_derived
2025-08-11,BHARATWIRE,52.64,53.1,51.0,57.27,48.0,,organized/data/fundamental_scores_database.csv
2026-06-20,BHARATWIRE,69.85,78.0,65.0,66.25,61.0,2026-06-20,tracker_enrich_derived
2025-08-11,BHARTIARTL,52.75,50.65,51.0,54.32,59.17,,organized/data/fundamental_scores_database.csv
2026-06-20,BHARTIARTL,70.43,63.0,73.33,73.75,81.0,2026-06-20,tracker_enrich_derived
2025-08-11,BHARTIHEXA,53.93,52.39,51.0,56.14,60.0,,organized/data/fundamental_scores_database.csv
2026-06-27,BHARTIHEXA,65.18,55.0,55.0,92.0,73.5,2026-06-27,tracker_enrich_derived
2025-08-11,BHEL,53.94,54.13,47.0,55.45,63.0,,organized/data/fundamental_scores_database.csv
2026-06-29,BHEL,81.84,89.6,85.0,63.75,80.0,2026-06-29,tracker_enrich_derived
2026-08-15,BHEL,74.25,85.0,80.0,60.0,55.0,2026-08-15,compute_fund_scores_from_db
2025-08-11,BIGBLOC,56.0,51.96,67.0,55.45,49.17,,organized/data/fundamental_scores_database.csv
2025-08-11,BIKAJI,52.34,49.57,47.0,56.59,63.0,,organized/data/fundamental_scores_database.csv
2026-06-27,BIKAJI,75.68,76.6,66.67,83.0,78.5,2026-06-27,tracker_enrich_derived
2025-08-11,BIL,52.66,50.22,55.0,53.64,54.0,,organized/data/fundamental_scores_database.csv
2025-08-11,BINANIIND,10.0,10.0,10.0,10.0,10.0,,organized/data/fundamental_scores_database.csv
2025-08-11,BIOCON,58.99,60.43,56.0,56.82,63.0,,organized/data/fundamental_scores_database.csv
2026-07-06,BIOCON,60.07,50.0,71.67,53.75,76.0,2026-07-06,tracker_enrich_derived
2026-08-15,BIOCON,54.85,38.75,75.0,46.0,76.0,2026-08-15,compute_fund_scores_from_db
2025-08-11,BIOFILCHEM,50.64,51.96,47.0,54.55,48.0,,organized/data/fundamental_scores_database.csv
2025-08-11,BIRLACABLE,51.21,50.22,47.0,56.36,54.0,,organized/data/fundamental_scores_database.csv
2025-08-11,BIRLACORPN,55.28,66.0,65.0,55.65,10.0,,organized/data/fundamental_scores_database.csv
2026-06-22,BIRLACORPN,76.85,89.6,68.33,60.75,78.5,2026-06-22,tracker_enrich_derived
2025-08-11,BIRLAMONEY,10.0,10.0,10.0,10.0,10.0,,organized/data/fundamental_scores_database.csv
2026-06-20,BIRLAMONEY,64.44,71.0,61.67,55.5,63.5,2026-06-20,tracker_enrich_derived
2025-08-11,BIRLANU,67.35,71.07,83.75,58.68,41.67,,organized/data/fundamental_scores_database.csv
2026-08-06,BIRLANU,63.4,70.0,65.0,53.75,56.0,2026-08-06,tracker_enrich_derived
2025-08-11,BLACKBUCK,62.86,66.96,62.0,58.64,59.0,,organized/data/fundamental_scores_database.csv
2026-06-20,BLACKBUCK,85.0,91.25,85.0,79.25,76.0,2026-06-20,tracker_enrich_derived
2025-08-11,BLAL,55.13,62.67,45.0,51.33,57.0,,organized/data/fundamental_scores_database.csv
2026-07-03,BLAL,55.25,55.0,55.0,45.0,70.0,2026-07-03,tracker_enrich_derived
2025-08-11,BLBLIMITED,49.27,46.18,53.0,53.06,46.25,,organized/data/fundamental_scores_database.csv
2025-08-11,BLISSGVS,66.8,73.48,70.0,56.82,57.0,,organized/data/fundamental_scores_database.csv
2026-06-29,BLISSGVS,80.09,88.6,75.0,80.0,66.0,2026-06-29,tracker_enrich_derived
2025-08-11,BLKASHYAP,68.17,72.17,76.0,61.0,54.0,,organized/data/fundamental_scores_database.csv
2025-08-11,BLS,54.09,53.1,51.0,57.75,57.0,,organized/data/fundamental_scores_database.csv
2026-06-27,BLS,85.49,88.0,86.67,88.0,73.5,2026-06-27,tracker_enrich_derived
2026-08-15,BLS,87.37,91.25,92.5,87.33,68.5,2026-08-15,compute_fund_scores_from_db
2025-08-11,BLSE,53.15,50.0,55.0,56.5,54.0,,organized/data/fundamental_scores_database.csv
2026-06-17,BLSE,78.81,78.0,88.33,80.0,63.5,2026-06-17,tracker_enrich_derived
2026-08-15,BLSE,78.61,75.0,95.0,76.67,63.5,2026-08-15,compute_fund_scores_from_db
2025-08-11,BLUECHIP,52.55,64.21,48.33,47.65,35.0,,organized/data/fundamental_scores_database.csv
2025-08-11,BLUECOAST,47.89,51.09,36.67,48.95,56.67,,organized/data/fundamental_scores_database.csv
2025-08-11,BLUEDART,59.46,62.17,56.0,55.68,63.0,,organized/data/fundamental_scores_database.csv
2026-08-03,BLUEDART,71.83,74.6,61.67,74.0,78.5,2026-08-03,tracker_enrich_derived
2025-08-11,BLUEJET,51.68,51.19,47.0,56.75,54.0,,organized/data/fundamental_scores_database.csv
2026-06-20,BLUEJET,62.73,55.0,55.0,83.5,68.5,2026-06-20,tracker_enrich_derived
2025-08-11,BLUESTARCO,72.84,74.35,86.0,58.5,66.0,,organized/data/fundamental_scores_database.csv
2026-06-27,BLUESTARCO,66.53,53.0,78.33,71.75,76.0,2026-06-27,tracker_enrich_derived
2026-08-15,BLUESTARCO,62.7,42.5,70.0,84.0,76.0,2026-08-15,compute_fund_scores_from_db
2026-06-20,BLUESTONE,67.52,70.75,76.67,47.0,71.0,2026-06-20,tracker_enrich_derived
2025-08-11,BLUSPRING,47.63,47.95,40.83,46.18,60.0,,organized/data/fundamental_scores_database.csv
2026-06-17,BLUSPRING,65.1,76.67,53.33,53.0,70.0,2026-06-17,tracker_enrich_derived
2025-08-11,BODALCHEM,69.07,68.7,94.0,55.45,46.67,,organized/data/fundamental_scores_database.csv
2025-08-11,BOHRAIND,41.13,44.47,30.0,52.94,35.0,,organized/data/fundamental_scores_database.csv
2025-08-11,BOMDYEING,58.79,65.78,54.6,53.64,54.0,,organized/data/fundamental_scores_database.csv
2026-06-20,BOMDYEING,53.52,46.25,51.67,65.5,60.0,2026-06-20,tracker_enrich_derived
2025-08-11,BORANA,58.26,57.17,59.0,58.18,60.0,,organized/data/fundamental_scores_database.csv
2026-07-16,BORANA,64.43,55.0,55.0,92.0,68.5,2026-07-16,tracker_enrich_derived
2025-08-11,BOROLTD,64.73,68.33,68.0,57.0,60.0,,organized/data/fundamental_scores_database.csv
2026-06-25,BOROLTD,60.31,53.0,58.33,71.25,68.5,2026-06-25,tracker_enrich_derived
2025-08-11,BORORENEW,63.2,57.38,81.0,59.5,54.0,,organized/data/fundamental_scores_database.csv
2026-06-20,BORORENEW,83.72,93.0,76.67,88.0,65.0,2026-06-20,tracker_enrich_derived
2025-08-11,BOROSCI,51.59,50.71,47.0,57.27,54.0,,organized/data/fundamental_scores_database.csv
2026-06-16,BOROSCI,78.39,89.0,71.67,76.75,63.5,2026-06-16,tracker_enrich_derived
2026-07-31,BOSCH-HCIL,55.02,55.0,55.0,45.0,68.5,2026-07-31,tracker_enrich_derived
2025-08-11,BOSCHLTD,53.48,51.96,47.0,57.5,63.0,,organized/data/fundamental_scores_database.csv
2026-06-29,BOSCHLTD,80.56,82.6,75.0,85.0,78.5,2026-06-29,tracker_enrich_derived
2025-08-11,BPCL,62.6,70.0,56.0,58.64,59.17,,organized/data/fundamental_scores_database.csv
2026-06-20,BPCL,69.45,73.0,45.0,85.0,80.0,2026-06-20,tracker_enrich_derived
2026-08-15,BPCL,73.74,85.0,47.5,79.33,80.0,2026-08-15,compute_fund_scores_from_db
2025-08-11,BPL,63.76,68.82,64.0,60.83,53.75,,organized/data/fundamental_scores_database.csv
2025-08-11,BRIGADE,56.82,55.43,51.0,60.0,66.0,,organized/data/fundamental_scores_database.csv
2026-07-09,BRIGADE,65.32,64.0,66.67,54.5,81.0,2026-07-09,tracker_enrich_derived
2026-08-15,BRIGADE,67.05,70.0,80.0,54.0,55.0,2026-08-15,compute_fund_scores_from_db
2025-08-11,BRIGHOTEL,49.12,46.4,47.5,46.18,63.0,,organized/data/fundamental_scores_database.csv
2025-08-11,BRITANNIA,52.36,51.96,47.0,54.77,59.17,,organized/data/fundamental_scores_database.csv
2026-06-27,BRITANNIA,70.76,66.6,56.67,89.75,80.0,2026-06-27,tracker_enrich_derived
2025-08-11,BRNL,53.85,52.39,55.0,55.24,54.0,,organized/data/fundamental_scores_database.csv
2025-08-11,BROOKS,71.8,73.48,86.0,59.55,60.0,,organized/data/fundamental_scores_database.csv
2025-08-11,BSE,61.34,64.35,60.0,57.05,61.25,,organized/data/fundamental_scores_database.csv
2026-06-18,BSE,93.18,94.0,93.33,92.25,92.0,2026-06-18,tracker_enrich_derived
2026-08-15,BSE,93.65,93.75,95.0,93.0,92.0,2026-08-15,compute_fund_scores_from_db
2025-08-11,BSE500IETF,10.0,10.0,10.0,10.0,10.0,,organized/data/fundamental_scores_database.csv
2025-08-11,BSHSL,76.04,83.82,86.0,61.94,57.5,,organized/data/fundamental_scores_database.csv
2025-08-11,BSL,55.92,53.7,61.0,55.45,54.0,,organized/data/fundamental_scores_database.csv
2025-08-11,BSLGOLDETF,10.0,10.0,10.0,10.0,10.0,,organized/data/fundamental_scores_database.csv
2026-06-20,BSLGOLDETF,55.0,55.0,55.0,55.0,55.0,2026-06-20,tracker_enrich_derived
2025-08-11,BSLNIFTY,10.0,10.0,10.0,10.0,10.0,,organized/data/fundamental_scores_database.csv
2025-08-11,BSLSENETFG,10.0,10.0,10.0,10.0,10.0,,organized/data/fundamental_scores_database.csv
2025-08-11,BSOFT,55.22,53.91,51.0,57.27,63.0,,organized/data/fundamental_scores_database.csv
2026-06-27,BSOFT,67.74,68.6,50.0,82.0,76.0,2026-06-27,tracker_enrich_derived
2025-08-11,BTML,72.5,75.43,94.0,58.86,47.0,,organized/data/fundamental_scores_database.csv
2026-07-06,BUILDPRO,75.87,69.0,86.67,79.75,71.0,2026-07-06,tracker_enrich_derived
2025-08-11,BURNPUR,54.39,61.19,53.0,52.37,41.25,,organized/data/fundamental_scores_database.csv
2025-08-11,BUTTERFLY,51.8,50.22,47.0,57.05,57.0,,organized/data/fundamental_scores_database.csv
2026-07-03,BUTTERFLY,59.27,55.0,55.0,70.0,63.5,2026-07-03,tracker_enrich_derived
2025-08-11,BVCL,69.53,73.91,86.0,61.36,41.25,,organized/data/fundamental_scores_database.csv
2025-08-11,BYKE,69.11,72.61,86.0,56.82,48.0,,organized/data/fundamental_scores_database.csv
2025-08-11,CALSOFT,55.67,55.53,55.0,58.24,53.75,,organized/data/fundamental_scores_database.csv
2025-08-11,CAMLINFINE,49.22,48.48,47.0,57.27,44.17,,organized/data/fundamental_scores_database.csv
2026-06-20,CAMLINFINE,61.8,70.0,50.0,57.0,66.0,2026-06-20,tracker_enrich_derived
2025-08-11,CAMPUS,74.2,73.7,94.0,58.86,63.0,,organized/data/fundamental_scores_database.csv
2026-06-27,CAMPUS,74.77,75.6,75.0,70.0,78.5,2026-06-27,tracker_enrich_derived
2025-08-11,CAMS,53.24,52.39,47.0,58.41,59.0,,organized/data/fundamental_scores_database.csv
2026-06-18,CAMS,73.38,68.0,68.33,92.25,71.0,2026-06-18,tracker_enrich_derived
2025-08-11,CANBK,54.62,54.05,47.0,56.76,66.0,,organized/data/fundamental_scores_database.csv
2026-06-22,CANBK,61.11,61.25,55.0,51.67,83.5,2026-06-22,tracker_enrich_derived
2025-08-11,CANFINHOME,55.87,57.38,53.0,56.32,56.0,,organized/data/fundamental_scores_database.csv
2026-06-20,CANFINHOME,62.8,55.0,55.0,82.0,71.0,2026-06-20,tracker_enrich_derived
2026-06-20,CANHLIFE,60.27,55.0,55.0,60.0,83.5,2026-06-20,tracker_enrich_derived
2025-08-11,CANTABIL,60.3,66.09,56.0,56.59,57.0,,organized/data/fundamental_scores_database.csv
2026-06-22,CANTABIL,62.43,55.0,55.0,82.0,68.5,2026-06-22,tracker_enrich_derived
2025-08-11,CAPACITE,68.95,73.26,76.0,60.45,57.0,,organized/data/fundamental_scores_database.csv
2026-06-22,CAPACITE,64.31,55.6,71.67,71.25,66.0,2026-06-22,tracker_enrich_derived
2026-06-29,CAPILLARY,79.65,88.25,80.0,65.5,75.0,2026-06-29,tracker_enrich_derived
2026-08-15,CAPILLARY,79.58,86.0,92.5,54.0,75.0,2026-08-15,compute_fund_scores_from_db
2025-08-11,CAPITALSFB,52.07,53.42,47.0,55.0,53.0,,organized/data/fundamental_scores_database.csv
2026-06-17,CAPITALSFB,57.65,55.0,55.0,60.0,66.0,2026-06-17,tracker_enrich_derived
2025-08-11,CAPLIPOINT,52.33,51.19,47.0,57.75,57.0,,organized/data/fundamental_scores_database.csv
2026-06-16,CAPLIPOINT,79.18,81.0,75.0,85.0,73.5,2026-06-16,tracker_enrich_derived
2025-08-11,CAPTRUST,72.67,75.43,86.0,57.73,63.0,,organized/data/fundamental_scores_database.csv
2025-08-11,CARBORUNIV,53.07,51.96,51.0,57.05,54.17,,organized/data/fundamental_scores_database.csv
2026-06-17,CARBORUNIV,53.32,31.0,61.67,70.5,76.0,2026-06-17,tracker_enrich_derived
2026-08-15,CARBORUNIV,52.87,32.5,60.0,67.33,76.0,2026-08-15,compute_fund_scores_from_db
2025-08-11,CAREERP,10.0,10.0,10.0,10.0,10.0,,organized/data/fundamental_scores_database.csv
2025-08-11,CARERATING,52.76,51.19,47.0,56.75,61.25,,organized/data/fundamental_scores_database.csv
2026-07-23,CARERATING,89.05,91.0,85.0,88.0,92.0,2026-07-23,tracker_enrich_derived
2025-08-11,CARRARO,61.57,57.17,71.0,57.5,63.0,,organized/data/fundamental_scores_database.csv
2026-06-20,CARRARO,81.91,87.0,73.33,85.0,78.5,2026-06-20,tracker_enrich_derived
2025-08-11,CARTRADE,52.67,50.65,47.0,54.55,65.0,,organized/data/fundamental_scores_database.csv
2026-06-20,CARTRADE,83.48,90.0,73.33,76.75,92.0,2026-06-20,tracker_enrich_derived
2026-08-15,CARTRADE,88.27,93.75,90.0,72.33,92.0,2026-08-15,compute_fund_scores_from_db
2025-08-11,CARYSIL,52.42,50.0,55.0,56.45,49.17,,organized/data/fundamental_scores_database.csv
2026-06-17,CARYSIL,78.26,87.6,71.67,77.0,66.0,2026-06-17,tracker_enrich_derived
2026-08-15,CARYSIL,80.03,87.0,80.0,76.67,66.0,2026-08-15,compute_fund_scores_from_db
2025-08-11,CASHIETF,10.0,10.0,10.0,10.0,10.0,,organized/data/fundamental_scores_database.csv
2026-06-18,CASHIETF,55.0,55.0,55.0,55.0,55.0,2026-06-18,tracker_enrich_derived
2026-08-15,CASHIETF,55.0,55.0,55.0,55.0,55.0,2026-08-15,2026-08-15
2025-08-11,CASTROLIND,65.12,64.13,73.0,56.59,66.0,,organized/data/fundamental_scores_database.csv
2026-07-07,CASTROLIND,58.0,55.0,55.0,55.0,75.0,2026-07-07,tracker_enrich_derived
2025-08-11,CCCL,52.58,49.78,53.0,54.32,57.0,,organized/data/fundamental_scores_database.csv
2025-08-11,CCHHL,70.4,72.83,86.0,55.71,57.5,,organized/data/fundamental_scores_database.csv
2025-08-11,CCL,55.23,51.9,55.0,56.36,63.0,,organized/data/fundamental_scores_database.csv
2026-07-06,CCL,82.54,81.6,90.0,80.0,76.0,2026-07-06,tracker_enrich_derived
2025-08-11,CDSL,52.49,53.1,47.0,57.75,53.0,,organized/data/fundamental_scores_database.csv
2026-06-20,CDSL,62.85,50.0,60.0,89.75,66.0,2026-06-20,tracker_enrich_derived
2025-08-11,CEATLTD,58.73,59.57,56.0,55.0,66.0,,organized/data/fundamental_scores_database.csv
2026-06-22,CEATLTD,79.96,89.6,71.67,74.0,76.0,2026-06-22,tracker_enrich_derived
2025-08-11,CEIGALL,52.84,53.04,47.0,56.59,57.0,,organized/data/fundamental_scores_database.csv
2026-06-29,CEIGALL,76.22,76.6,90.0,60.25,73.5,2026-06-29,tracker_enrich_derived
2026-07-10,CEINSYS,78.17,81.0,81.67,74.25,70.0,2026-07-10,tracker_enrich_derived
2025-08-11,CELEBRITY,69.76,73.04,86.0,57.73,50.0,,organized/data/fundamental_scores_database.csv
2025-08-11,CELLO,54.29,55.0,47.0,55.45,63.0,,organized/data/fundamental_scores_database.csv
2026-06-27,CELLO,71.19,64.0,71.67,79.5,78.5,2026-06-27,tracker_enrich_derived
2026-08-15,CELLO,66.53,56.25,65.0,80.0,78.5,2026-08-15,compute_fund_scores_from_db
2026-06-17,CEMPRO,83.38,89.6,81.67,80.5,73.5,2026-06-17,tracker_enrich_derived
2026-08-15,CEMPRO,81.53,85.0,77.5,85.67,73.5,2026-08-15,compute_fund_scores_from_db
2025-08-11,CENTENKA,61.84,70.48,60.0,58.0,47.0,,organized/data/fundamental_scores_database.csv
2026-06-20,CENTENKA,66.35,79.0,50.0,69.25,56.0,2026-06-20,tracker_enrich_derived
2025-08-11,CENTEXT,62.09,68.7,60.0,57.73,53.75,,organized/data/fundamental_scores_database.csv
2025-08-11,CENTRALBK,51.15,49.76,47.0,54.71,57.0,,organized/data/fundamental_scores_database.csv
2025-08-11,CENTRUM,49.32,48.48,47.0,56.19,46.25,,organized/data/fundamental_scores_database.csv
2025-08-11,CENTUM,64.92,71.74,60.0,61.14,60.0,,organized/data/fundamental_scores_database.csv
2025-08-11,CENTURYPLY,53.0,51.09,47.0,56.82,63.0,,organized/data/fundamental_scores_database.csv
2026-07-10,CENTURYPLY,74.25,74.6,78.33,65.25,78.5,2026-07-10,tracker_enrich_derived
2025-08-11,CENTURYTEX,10.0,10.0,10.0,10.0,10.0,,organized/data/fundamental_scores_database.csv
2025-08-11,CERA,53.51,50.22,47.0,56.59,69.0,,organized/data/fundamental_scores_database.csv
2025-08-11,CEREBRAINT,67.04,71.74,86.0,55.45,38.33,,organized/data/fundamental_scores_database.csv
2025-08-11,CESC,54.43,55.22,51.0,55.45,56.67,,organized/data/fundamental_scores_database.csv
2026-07-07,CESC,71.16,75.6,61.67,67.5,80.0,2026-07-07,tracker_enrich_derived
2025-08-11,CEWATER,53.68,53.7,47.0,57.27,60.0,,organized/data/fundamental_scores_database.csv
2026-06-20,CEWATER,63.03,59.0,73.33,53.0,70.0,2026-06-20,tracker_enrich_derived
2025-08-11,CGCL,53.51,50.65,51.0,55.23,63.0,,organized/data/fundamental_scores_database.csv
2026-06-16,CGCL,73.08,90.0,55.0,56.67,80.0,2026-06-16,tracker_enrich_derived
2026-08-15,CGCL,87.25,95.0,95.0,67.5,80.0,2026-08-15,compute_fund_scores_from_db
2025-08-11,CGPOWER,55.37,53.04,51.0,57.5,66.0,,organized/data/fundamental_scores_database.csv
2026-06-29,CGPOWER,80.26,80.6,81.67,78.0,80.0,2026-06-29,tracker_enrich_derived
2025-08-11,CHALET,66.69,71.3,68.0,58.57,63.0,,organized/data/fundamental_scores_database.csv
2026-07-07,CHALET,84.69,94.0,76.67,77.0,83.5,2026-07-07,tracker_enrich_derived
2025-08-11,CHAMBLFERT,62.55,67.83,56.0,57.59,66.0,,organized/data/fundamental_scores_database.csv
2026-06-18,CHAMBLFERT,66.24,68.0,51.67,71.75,78.5,2026-06-18,tracker_enrich_derived
2025-08-11,CHEMBOND,52.77,49.57,55.0,55.45,54.0,,organized/data/fundamental_scores_database.csv
2025-08-11,CHEMBONDCH,48.72,48.41,40.83,55.22,54.0,,organized/data/fundamental_scores_database.csv
2025-08-11,CHEMCON,71.15,74.35,86.0,56.82,57.0,,organized/data/fundamental_scores_database.csv
2026-06-23,CHEMCON,54.27,55.0,55.0,45.0,63.5,2026-06-23,tracker_enrich_derived
2025-08-11,CHEMFAB,71.93,76.96,86.0,61.36,49.17,,organized/data/fundamental_scores_database.csv
2025-08-11,CHEMPLASTS,66.26,64.13,77.0,57.27,66.0,,organized/data/fundamental_scores_database.csv
2026-06-27,CHEMPLASTS,58.63,53.25,58.33,53.75,80.0,2026-06-27,tracker_enrich_derived
2025-08-11,CHENNPETRO,68.3,71.74,82.0,58.64,49.17,,organized/data/fundamental_scores_database.csv
2026-07-07,CHENNPETRO,74.73,78.6,56.67,86.75,78.5,2026-07-07,tracker_enrich_derived
2025-08-11,CHEVIOT,50.23,49.5,47.0,56.5,49.17,,organized/data/fundamental_scores_database.csv
2026-08-05,CHEVIOT,60.48,55.0,55.0,76.0,63.5,2026-08-05,tracker_enrich_derived
2025-08-11,CHOICEIN,54.36,51.52,55.0,55.0,60.0,,organized/data/fundamental_scores_database.csv
2026-06-20,CHOICEIN,76.75,84.0,80.0,63.25,70.0,2026-06-20,tracker_enrich_derived
2026-08-15,CHOICEIN,83.86,91.25,92.5,68.67,70.0,2026-08-15,compute_fund_scores_from_db
2025-08-11,CHOLAFIN,54.41,50.65,51.0,57.47,66.0,,organized/data/fundamental_scores_database.csv
2026-06-20,CHOLAFIN,73.03,90.0,55.0,55.67,81.0,2026-06-20,tracker_enrich_derived
2025-08-11,CHOLAHLDNG,50.66,50.22,47.0,51.59,56.67,,organized/data/fundamental_scores_database.csv
2026-06-24,CHOLAHLDNG,69.78,83.75,55.0,55.67,76.0,2026-06-24,tracker_enrich_derived
2025-08-11,CIEINDIA,55.88,56.96,53.0,58.64,54.17,,organized/data/fundamental_scores_database.csv
2026-07-08,CIEINDIA,68.7,65.6,58.33,76.75,83.5,2026-07-08,tracker_enrich_derived
2025-08-11,CIFL,60.25,65.65,56.0,56.82,57.5,,organized/data/fundamental_scores_database.csv
2025-08-11,CIGNITITEC,52.61,50.22,47.0,56.59,63.0,,organized/data/fundamental_scores_database.csv
2025-08-11,CINELINE,52.54,51.96,47.0,57.27,57.0,,organized/data/fundamental_scores_database.csv
2025-08-11,CINEVISTA,47.78,44.57,50.0,48.5,51.67,,organized/data/fundamental_scores_database.csv
2025-08-11,CIPLA,51.15,50.65,47.0,55.68,53.33,,organized/data/fundamental_scores_database.csv
2026-06-20,CIPLA,58.17,43.6,53.33,80.0,76.0,2026-06-20,tracker_enrich_derived
2025-08-11,CLEAN,52.58,51.19,47.0,56.75,60.0,,organized/data/fundamental_scores_database.csv
2026-06-22,CLEAN,64.77,54.0,56.67,85.0,80.0,2026-06-22,tracker_enrich_derived
2026-08-15,CLEAN,58.54,45.0,47.5,83.33,80.0,2026-08-15,compute_fund_scores_from_db
2026-06-29,CLEANMAX,76.32,76.25,91.67,53.75,81.0,2026-06-29,tracker_enrich_derived
2025-08-11,CLEDUCATE,59.78,62.61,64.0,53.18,54.0,,organized/data/fundamental_scores_database.csv
2025-08-11,CLSEL,67.84,67.83,83.0,57.05,57.0,,organized/data/fundamental_scores_database.csv
2026-06-16,CLSEL,60.02,55.0,55.0,70.0,68.5,2026-06-16,tracker_enrich_derived
2026-06-29,CMPDI,65.18,55.0,55.0,92.0,73.5,2026-06-29,tracker_enrich_derived
2025-08-11,CMSINFO,52.0,50.65,47.0,55.68,59.0,,organized/data/fundamental_scores_database.csv
2026-06-22,CMSINFO,63.53,56.0,58.33,79.5,71.0,2026-06-22,tracker_enrich_derived
2026-08-15,CMSINFO,60.15,46.25,60.0,80.0,71.0,2026-08-15,compute_fund_scores_from_db
2026-07-09,CNL,67.15,70.0,70.0,63.25,60.0,2026-07-09,tracker_enrich_derived
2025-08-11,COALINDIA,71.16,75.65,82.0,61.36,54.17,,organized/data/fundamental_scores_database.csv
2026-07-07,COALINDIA,72.09,53.0,81.67,89.75,83.5,2026-07-07,tracker_enrich_derived
2026-08-15,COALINDIA,62.7,42.5,75.0,93.5,55.0,2026-08-15,compute_fund_scores_from_db
2025-08-11,COASTCORP,57.3,53.7,69.0,58.18,46.25,,organized/data/fundamental_scores_database.csv
2025-08-11,COCHINSHIP,74.88,76.52,94.0,58.86,60.0,,organized/data/fundamental_scores_database.csv
2026-07-09,COCHINSHIP,67.38,64.0,70.0,66.25,73.5,2026-07-09,tracker_enrich_derived
2026-08-15,COCHINSHIP,65.78,53.25,72.5,76.67,73.5,2026-08-15,compute_fund_scores_from_db
2025-08-11,COFFEEDAY,55.94,62.61,56.0,55.71,38.33,,organized/data/fundamental_scores_database.csv
2025-08-11,COFORGE,54.71,51.3,53.0,58.18,62.0,,organized/data/fundamental_scores_database.csv
2026-06-20,COFORGE,88.43,92.0,83.33,85.0,92.0,2026-06-20,tracker_enrich_derived
2026-08-15,COFORGE,89.03,88.25,92.5,84.0,92.0,2026-08-15,compute_fund_scores_from_db
2025-08-11,COHANCE,60.05,57.61,67.0,60.68,54.17,,organized/data/fundamental_scores_database.csv
2026-06-23,COHANCE,60.04,33.6,85.0,66.75,80.0,2026-06-23,tracker_enrich_derived
2025-08-11,COLPAL,53.47,50.65,55.0,54.77,56.67,,organized/data/fundamental_scores_database.csv
2026-06-27,COLPAL,66.2,55.0,55.0,92.25,80.0,2026-06-27,tracker_enrich_derived
2025-08-11,COMMOIETF,10.0,10.0,10.0,10.0,10.0,,organized/data/fundamental_scores_database.csv
2026-07-07,COMMOIETF,55.0,55.0,55.0,55.0,55.0,2026-07-07,tracker_enrich_derived
2025-08-11,COMPUSOFT,53.05,53.7,47.0,56.36,57.0,,organized/data/fundamental_scores_database.csv
2025-08-11,COMSYN,71.65,75.43,86.0,59.55,53.75,,organized/data/fundamental_scores_database.csv
2026-07-03,COMSYN,72.63,81.0,68.33,70.75,60.0,2026-07-03,tracker_enrich_derived
2025-08-11,CONCOR,54.0,53.7,51.0,56.36,56.67,,organized/data/fundamental_scores_database.csv
2026-06-27,CONCOR,58.09,45.6,50.0,76.75,80.0,2026-06-27,tracker_enrich_derived
2026-08-15,CONCOR,61.72,53.75,55.0,72.33,80.0,2026-08-15,compute_fund_scores_from_db
2025-08-11,CONCORDBIO,68.6,74.78,76.0,57.95,54.0,,organized/data/fundamental_scores_database.csv
2026-06-20,CONCORDBIO,64.93,58.0,58.33,82.5,71.0,2026-06-20,tracker_enrich_derived
2025-08-11,CONFIPET,60.54,55.48,73.0,60.0,54.0,,organized/data/fundamental_scores_database.csv
2025-08-11,CONS,10.0,10.0,10.0,10.0,10.0,,organized/data/fundamental_scores_database.csv
2025-08-11,CONSOFINVT,62.98,75.79,56.0,50.59,57.0,,organized/data/fundamental_scores_database.csv
2026-07-09,CONSOFINVT,61.41,58.33,55.0,74.0,63.5,2026-07-09,tracker_enrich_derived
2025-08-11,CONSUMBEES,10.0,10.0,10.0,10.0,10.0,,organized/data/fundamental_scores_database.csv
2026-06-20,CONSUMBEES,55.0,55.0,55.0,55.0,55.0,2026-06-20,tracker_enrich_derived
2025-08-11,CONSUMER,10.0,10.0,10.0,10.0,10.0,,organized/data/fundamental_scores_database.csv
2025-08-11,CONSUMIETF,10.0,10.0,10.0,10.0,10.0,,organized/data/fundamental_scores_database.csv
2026-07-28,CONSUMIETF,55.0,55.0,55.0,55.0,55.0,2026-07-28,tracker_enrich_derived
2025-08-11,CONTROLPR,53.05,51.52,51.0,57.95,54.0,,organized/data/fundamental_scores_database.csv
2026-07-03,CONTROLPR,65.81,50.6,81.67,77.0,65.0,2026-07-03,tracker_enrich_derived
2025-08-11,CORALFINAC,73.23,79.52,86.0,56.84,57.0,,organized/data/fundamental_scores_database.csv
2025-08-11,CORDSCABLE,53.65,51.09,55.0,56.82,54.0,,organized/data/fundamental_scores_database.csv
2025-08-11,COROMANDEL,54.33,51.3,51.0,55.77,66.0,,organized/data/fundamental_scores_database.csv
2026-06-20,COROMANDEL,58.43,40.0,58.33,79.25,80.0,2026-06-20,tracker_enrich_derived
2026-08-15,COROMANDEL,64.92,43.75,75.0,83.33,80.0,2026-08-15,compute_fund_scores_from_db
2026-08-03,CORONA,80.48,80.0,75.0,89.75,78.5,2026-08-03,tracker_enrich_derived
2025-08-11,COSMOFILMS,10.0,10.0,10.0,10.0,10.0,,organized/data/fundamental_scores_database.csv
2025-08-11,COSMOFIRST,57.41,59.7,60.6,55.91,48.0,,organized/data/fundamental_scores_database.csv
2026-06-23,COSMOFIRST,69.56,70.6,76.67,65.0,61.0,2026-06-23,tracker_enrich_derived
2025-08-11,COUNCODOS,72.44,79.05,86.0,56.32,53.75,,organized/data/fundamental_scores_database.csv
2025-08-11,CPCAP,54.49,57.61,47.0,58.18,53.75,,organized/data/fundamental_scores_database.csv
2026-08-13,CPCAP,60.94,67.5,55.0,53.33,63.5,2026-08-13,tracker_enrich_derived
2026-07-29,CPEDU,67.63,71.0,45.0,92.25,63.5,2026-07-29,tracker_enrich_derived
2025-08-11,CPPLUS,40.08,38.12,24.0,51.39,57.0,,organized/data/fundamental_scores_database.csv
2026-06-29,CPPLUS,78.28,70.6,91.67,76.75,78.5,2026-06-29,tracker_enrich_derived
2025-08-11,CPSEETF,10.0,10.0,10.0,10.0,10.0,,organized/data/fundamental_scores_database.csv
2025-08-11,CRAFTSMAN,54.65,50.22,53.0,57.05,66.0,,organized/data/fundamental_scores_database.csv
2026-07-20,CRAFTSMAN,77.54,81.6,85.0,57.5,81.0,2026-07-20,tracker_enrich_derived
2026-06-20,CRAMC,65.18,55.0,55.0,92.0,73.5,2026-06-20,tracker_enrich_derived
2025-08-11,CREATIVE,51.87,48.81,51.0,57.5,54.0,,organized/data/fundamental_scores_database.csv
2025-08-11,CREATIVEYE,57.11,61.74,56.0,53.33,51.67,,organized/data/fundamental_scores_database.csv
2025-08-11,CREDITACC,53.16,50.22,47.0,57.11,66.0,,organized/data/fundamental_scores_database.csv
2026-06-18,CREDITACC,68.44,81.25,55.0,48.33,83.5,2026-06-18,tracker_enrich_derived
2026-08-15,CREDITACC,73.57,76.67,77.5,55.0,83.5,2026-08-15,compute_fund_scores_from_db
2025-08-11,CREST,73.77,79.52,86.0,59.55,57.0,,organized/data/fundamental_scores_database.csv
2025-08-11,CRISIL,53.29,52.39,47.0,55.68,63.0,,organized/data/fundamental_scores_database.csv
2026-07-06,CRISIL,69.89,65.0,56.67,89.75,78.5,2026-07-06,tracker_enrich_derived
2026-08-15,CRISIL,78.71,78.75,70.0,89.67,78.5,2026-08-15,compute_fund_scores_from_db
2025-08-11,CRIZAC,51.35,49.35,47.5,55.95,57.0,,organized/data/fundamental_scores_database.csv
2026-06-27,CRIZAC,87.86,91.0,93.33,89.25,68.5,2026-06-27,tracker_enrich_derived
2025-08-11,CROMPTON,57.18,56.52,61.0,56.59,53.33,,organized/data/fundamental_scores_database.csv
2026-06-20,CROMPTON,61.6,35.75,70.0,80.0,92.0,2026-06-20,tracker_enrich_derived
2026-08-15,CROMPTON,57.47,35.0,60.0,73.33,92.0,2026-08-15,compute_fund_scores_from_db
2025-08-11,CROWN,61.74,67.83,60.0,59.32,51.67,,organized/data/fundamental_scores_database.csv
2025-08-11,CSBBANK,62.59,64.05,61.0,59.12,66.0,,organized/data/fundamental_scores_database.csv
2026-06-27,CSBBANK,61.15,55.0,55.0,70.0,76.0,2026-06-27,tracker_enrich_derived
2025-08-11,CSLFINANCE,55.15,52.89,59.0,57.94,51.0,,organized/data/fundamental_scores_database.csv
2026-07-20,CSLFINANCE,58.9,55.0,55.0,70.0,61.0,2026-07-20,tracker_enrich_derived
2025-08-11,CTE,49.77,47.61,47.0,54.55,53.75,,organized/data/fundamental_scores_database.csv
2025-08-11,CUB,54.17,55.0,47.0,56.18,61.25,,organized/data/fundamental_scores_database.csv
2026-06-27,CUB,63.55,55.0,55.0,70.0,92.0,2026-06-27,tracker_enrich_derived
2026-08-15,CUB,60.55,55.0,55.0,55.0,92.0,2026-08-15,2026-08-15
2025-08-11,CUBEXTUB,73.57,79.05,94.0,61.0,41.67,,organized/data/fundamental_scores_database.csv
2025-08-11,CUMMINSIND,53.02,50.65,51.0,55.68,59.17,,organized/data/fundamental_scores_database.csv
2026-07-07,CUMMINSIND,83.5,87.0,70.0,92.25,85.0,2026-07-07,tracker_enrich_derived
2026-08-15,CUMMINSIND,86.6,85.0,85.0,93.0,85.0,2026-08-15,compute_fund_scores_from_db
2025-08-11,CUPID,52.86,51.84,53.0,58.35,48.0,,organized/data/fundamental_scores_database.csv
2026-06-16,CUPID,83.63,88.0,93.33,83.5,56.0,2026-06-16,tracker_enrich_derived
2026-08-15,CUPID,88.33,93.75,95.0,89.67,61.0,2026-08-15,compute_fund_scores_from_db
2025-08-11,CURAA,55.26,62.38,48.33,51.76,52.5,,organized/data/fundamental_scores_database.csv
2025-08-11,CYBERMEDIA,62.62,59.35,77.0,57.86,53.75,,organized/data/fundamental_scores_database.csv
2025-08-11,CYBERTECH,52.68,53.26,51.0,57.14,48.0,,organized/data/fundamental_scores_database.csv
2025-08-11,CYIENT,61.16,65.43,56.0,58.41,62.0,,organized/data/fundamental_scores_database.csv
2026-06-27,CYIENT,53.97,36.6,53.33,76.75,71.0,2026-06-27,tracker_enrich_derived
2025-08-11,CYIENTDLM,71.54,72.61,86.0,57.73,63.0,,organized/data/fundamental_scores_database.csv
2026-06-17,CYIENTDLM,70.97,77.6,63.33,60.5,80.0,2026-06-17,tracker_enrich_derived
2026-08-15,CYIENTDLM,64.3,70.0,50.0,59.0,80.0,2026-08-15,compute_fund_scores_from_db
2025-08-11,DABUR,51.29,50.22,47.0,54.77,56.67,,organized/data/fundamental_scores_database.csv
2026-06-27,DABUR,63.95,55.6,48.33,85.5,83.5,2026-06-27,tracker_enrich_derived
2026-08-15,DABUR,70.29,63.25,60.0,87.33,83.5,2026-08-15,compute_fund_scores_from_db
2025-08-11,DALBHARAT,68.15,73.7,76.0,57.73,54.17,,organized/data/fundamental_scores_database.csv
2026-06-27,DALBHARAT,75.25,84.0,70.0,60.75,80.0,2026-06-27,tracker_enrich_derived
2026-08-15,DALBHARAT,70.5,81.25,60.0,55.0,80.0,2026-08-15,compute_fund_scores_from_db
2025-08-11,DALMIASUG,69.58,73.7,84.0,58.64,49.17,,organized/data/fundamental_scores_database.csv
2026-07-07,DALMIASUG,57.1,50.6,63.33,57.5,63.5,2026-07-07,tracker_enrich_derived
2025-08-11,DAMCAPITAL,54.19,51.19,55.0,57.05,57.0,,organized/data/fundamental_scores_database.csv
2026-06-20,DAMCAPITAL,59.18,50.0,53.33,79.75,66.0,2026-06-20,tracker_enrich_derived
2025-08-11,DAMODARIND,71.59,74.35,86.0,59.55,56.25,,organized/data/fundamental_scores_database.csv
2025-08-11,DANGEE,62.98,69.57,60.0,60.45,53.75,,organized/data/fundamental_scores_database.csv
2025-08-11,DATAMATICS,55.34,56.74,53.0,56.45,54.0,,organized/data/fundamental_scores_database.csv
2026-07-06,DATAMATICS,68.34,61.0,71.67,82.5,63.5,2026-07-06,tracker_enrich_derived
2026-08-15,DATAMATICS,65.83,50.75,80.0,80.0,63.5,2026-08-15,compute_fund_scores_from_db
2025-08-11,DATAPATTNS,52.76,52.39,47.0,57.5,57.0,,organized/data/fundamental_scores_database.csv
2026-07-07,DATAPATTNS,60.4,55.0,55.0,70.0,71.0,2026-07-07,tracker_enrich_derived
2025-08-11,DAVANGERE,60.57,69.35,60.0,54.47,46.25,,organized/data/fundamental_scores_database.csv
2025-08-11,DBCORP,52.16,50.22,47.0,56.59,60.0,,organized/data/fundamental_scores_database.csv
2026-06-29,DBCORP,58.91,46.6,50.0,80.0,78.5,2026-06-29,tracker_enrich_derived
2025-08-11,DBEIL,71.14,69.78,92.0,58.41,57.0,,organized/data/fundamental_scores_database.csv
2025-08-11,DBL,59.47,55.65,67.0,57.27,60.0,,organized/data/fundamental_scores_database.csv
2026-06-22,DBL,62.56,70.75,43.33,62.0,73.5,2026-06-22,tracker_enrich_derived
2025-08-11,DBOL,54.44,55.0,51.0,57.95,54.0,,organized/data/fundamental_scores_database.csv
2026-07-29,DBOL,62.35,69.0,60.0,53.75,60.0,2026-07-29,tracker_enrich_derived
2025-08-11,DBREALTY,72.04,73.48,94.0,57.5,51.0,,organized/data/fundamental_scores_database.csv
2026-08-13,DBREALTY,65.17,63.75,71.67,63.0,61.0,2026-08-13,tracker_enrich_derived
2025-08-11,DBSTOCKBRO,59.25,67.83,56.0,55.91,46.25,,organized/data/fundamental_scores_database.csv
2025-08-11,DCAL,57.06,54.05,61.0,58.18,57.0,,organized/data/fundamental_scores_database.csv
2026-06-27,DCAL,75.12,88.25,71.67,57.0,70.0,2026-06-27,tracker_enrich_derived
2025-08-11,DCBBANK,51.91,50.0,51.0,53.82,56.0,,organized/data/fundamental_scores_database.csv
2026-06-18,DCBBANK,58.4,55.0,55.0,60.0,71.0,2026-06-18,tracker_enrich_derived
2025-08-11,DCI,53.58,50.22,55.0,58.41,53.75,,organized/data/fundamental_scores_database.csv
2026-07-31,DCI,73.61,69.0,93.33,65.75,63.5,2026-07-31,tracker_enrich_derived
2025-08-11,DCM,67.84,72.61,76.0,60.71,51.0,,organized/data/fundamental_scores_database.csv
2025-08-11,DCMFINSERV,44.31,46.43,30.0,52.94,51.0,,organized/data/fundamental_scores_database.csv
2025-08-11,DCMNVL,52.09,51.96,47.0,57.27,54.0,,organized/data/fundamental_scores_database.csv
2026-08-13,DCMNVL,69.03,88.25,53.33,57.0,60.0,2026-08-13,tracker_enrich_derived
2025-08-11,DCMSHRIRAM,61.96,68.26,60.0,59.55,51.67,,organized/data/fundamental_scores_database.csv
2026-07-06,DCMSHRIRAM,68.83,76.0,55.0,68.25,73.5,2026-07-06,tracker_enrich_derived
2025-08-11,DCMSRIND,53.41,51.09,51.0,56.14,60.0,,organized/data/fundamental_scores_database.csv
2025-08-11,DCW,64.46,66.22,74.6,56.14,54.0,,organized/data/fundamental_scores_database.csv
2025-08-11,DCXINDIA,62.14,56.3,81.0,56.36,54.0,,organized/data/fundamental_scores_database.csv
2026-07-07,DCXINDIA,50.68,46.25,48.33,51.75,65.0,2026-07-07,tracker_enrich_derived
2025-08-11,DDEVPLSTIK,52.26,49.57,51.0,55.68,57.0,,organized/data/fundamental_scores_database.csv
2026-06-20,DDEVPLSTIK,61.68,55.0,55.0,82.0,63.5,2026-06-20,tracker_enrich_derived
2025-08-11,DECCANCE,70.52,74.35,86.0,55.91,54.0,,organized/data/fundamental_scores_database.csv
2026-08-04,DECCANCE,79.72,87.0,91.67,53.75,75.0,2026-08-04,tracker_enrich_derived
2026-07-03,DECNGOLD,61.75,46.25,95.0,63.0,46.0,2026-07-03,tracker_enrich_derived
2026-08-15,DECNGOLD,56.65,30.0,95.0,70.0,46.0,2026-08-15,compute_fund_scores_from_db
2025-08-11,DEEDEV,67.63,72.83,70.0,57.73,63.0,,organized/data/fundamental_scores_database.csv
2026-08-13,DEEDEV,61.1,59.6,58.33,54.5,78.5,2026-08-13,tracker_enrich_derived
2025-08-11,DEEPAKFERT,70.76,75.43,76.0,62.95,60.0,,organized/data/fundamental_scores_database.csv
2026-06-17,DEEPAKFERT,52.44,36.6,65.0,54.5,71.0,2026-06-17,tracker_enrich_derived
2025-08-11,DEEPAKNTR,59.32,61.3,57.0,57.73,60.0,,organized/data/fundamental_scores_database.csv
2026-06-20,DEEPAKNTR,56.12,47.6,48.33,68.0,76.0,2026-06-20,tracker_enrich_derived
2026-08-15,DEEPAKNTR,49.5,35.75,40.0,69.0,76.0,2026-08-15,compute_fund_scores_from_db
2025-08-11,DEEPENR,61.26,64.74,64.0,56.32,54.0,,organized/data/fundamental_scores_database.csv
2025-08-11,DEEPINDS,62.64,63.48,74.6,58.0,46.67,,organized/data/fundamental_scores_database.csv
2026-06-18,DEEPINDS,78.81,78.0,88.33,80.0,63.5,2026-06-18,tracker_enrich_derived
2025-08-11,DELHIVERY,53.74,51.96,47.0,57.27,65.0,,organized/data/fundamental_scores_database.csv
2026-07-03,DELHIVERY,67.32,57.5,71.67,63.0,92.0,2026-07-03,tracker_enrich_derived
2026-08-15,DELHIVERY,57.95,45.0,80.0,58.5,55.0,2026-08-15,compute_fund_scores_from_db
2025-08-11,DELPHIFX,51.81,49.35,55.0,56.36,47.0,,organized/data/fundamental_scores_database.csv
2025-08-11,DELTACORP,50.21,50.65,47.0,52.73,51.0,,organized/data/fundamental_scores_database.csv
2025-08-11,DELTAMAGNT,68.14,68.7,82.0,58.64,56.25,,organized/data/fundamental_scores_database.csv
2025-08-11,DEN,52.64,53.1,47.0,55.5,57.0,,organized/data/fundamental_scores_database.csv
2026-06-20,DENTA,67.85,65.6,73.33,68.75,63.5,2026-06-20,tracker_enrich_derived
2026-06-20,DEVYANI,58.91,48.25,68.33,50.0,83.5,2026-06-20,tracker_enrich_derived
2026-06-20,DHAMPURSUG,64.07,73.6,53.33,60.75,61.0,2026-06-20,tracker_enrich_derived
2026-08-03,DHANUKA,79.84,86.0,66.67,85.0,78.5,2026-08-03,tracker_enrich_derived
2026-06-22,DHARMAJ,78.03,80.0,90.0,66.25,68.5,2026-06-22,tracker_enrich_derived
2026-06-16,DIACABS,78.24,83.75,91.67,61.5,63.5,2026-06-16,tracker_enrich_derived
2026-08-05,DIAMINESQ,67.27,77.5,61.67,59.25,60.0,2026-08-05,tracker_enrich_derived
2026-08-03,DIAMONDYD,67.43,70.0,63.33,65.5,70.0,2026-08-03,tracker_enrich_derived
2026-08-13,DICIND,64.0,55.0,55.0,77.5,85.0,2026-08-13,tracker_enrich_derived
2026-06-17,DIFFNKG,84.62,89.6,90.0,76.25,73.5,2026-06-17,tracker_enrich_derived
2026-07-03,DIGITIDE,48.4,32.5,45.0,64.5,75.0,2026-07-03,tracker_enrich_derived
2025-08-11,DIVGIITTS,49.92,50.71,42.14,54.25,55.0,,organized/data/fundamental_scores_database.csv
2026-07-03,DIVGIITTS,57.27,55.0,55.0,45.0,83.5,2026-07-03,tracker_enrich_derived
2026-07-07,DIVISLAB,80.92,85.0,71.67,85.0,80.0,2026-07-07,tracker_enrich_derived
2026-06-20,DIXON,77.3,73.0,75.0,89.75,76.0,2026-06-20,tracker_enrich_derived
2026-08-15,DIXON,84.96,81.25,92.5,89.67,76.0,2026-08-15,compute_fund_scores_from_db
2026-06-29,DJML,82.2,92.0,95.0,63.25,60.0,2026-06-29,tracker_enrich_derived
2026-07-07,DLF,66.89,69.0,51.67,73.0,78.5,2026-07-07,tracker_enrich_derived
2026-06-17,DLINKINDIA,63.37,54.0,71.67,74.25,60.0,2026-06-17,tracker_enrich_derived
2026-07-07,DMART,67.17,55.0,70.0,79.5,78.5,2026-07-07,tracker_enrich_derived
2026-06-25,DMCC,76.0,84.0,85.0,60.75,60.0,2026-06-25,tracker_enrich_derived
2026-07-31,DODLA,63.18,44.0,68.33,82.5,80.0,2026-07-31,tracker_enrich_derived
2026-06-27,DOLLAR,77.14,82.0,81.67,68.25,68.5,2026-06-27,tracker_enrich_derived
2026-07-21,DOLPHIN,84.53,91.0,95.0,70.5,68.5,2026-07-21,tracker_enrich_derived
2026-06-22,DOMS,76.2,70.6,78.33,79.25,83.5,2026-06-22,tracker_enrich_derived
2026-07-08,DPABHUSHAN,69.19,70.0,71.67,68.75,63.5,2026-07-08,tracker_enrich_derived
2026-06-23,DPWIRES,54.27,55.0,55.0,45.0,63.5,2026-06-23,tracker_enrich_derived
2026-06-17,DREDGECORP,55.77,55.0,55.0,45.0,73.5,2026-06-17,tracker_enrich_derived
2026-07-07,DRREDDY,51.57,31.0,51.67,74.25,76.0,2026-07-07,tracker_enrich_derived
2026-06-20,DSSL,71.61,69.0,83.33,68.25,63.5,2026-06-20,tracker_enrich_derived
2026-08-10,DVL,74.91,88.0,78.33,53.0,63.5,2026-08-10,tracker_enrich_derived
2026-06-20,DYCL,61.68,55.0,55.0,82.0,63.5,2026-06-20,tracker_enrich_derived
2026-08-15,DYCL,56.27,55.0,55.0,55.0,63.5,2026-08-15,2026-08-15
2026-06-29,E2E,53.15,55.0,55.0,45.0,56.0,2026-06-29,tracker_enrich_derived
2025-08-11,EBGNG,52.87,49.57,55.0,55.22,55.0,,organized/data/fundamental_scores_database.csv
2026-06-29,EBGNG,80.68,81.0,95.0,71.25,68.5,2026-06-29,tracker_enrich_derived
2026-06-27,ECLERX,79.92,77.0,76.67,89.75,80.0,2026-06-27,tracker_enrich_derived
2026-08-15,ECLERX,86.31,86.25,87.5,89.67,80.0,2026-08-15,compute_fund_scores_from_db
2025-08-11,EDELWEISS,72.31,75.0,92.0,55.29,55.0,,organized/data/fundamental_scores_database.csv
2026-07-07,EDELWEISS,65.15,75.0,55.0,53.75,71.0,2026-07-07,tracker_enrich_derived
2026-06-20,EFCIL,80.25,90.0,85.0,62.5,70.0,2026-06-20,tracker_enrich_derived
2026-06-23,EGOLD,55.0,55.0,55.0,55.0,55.0,2026-06-23,tracker_enrich_derived
2026-06-20,EICHERMOT,80.42,81.0,71.67,89.75,81.0,2026-06-20,tracker_enrich_derived
2026-06-27,EIDPARRY,52.82,34.0,56.67,68.25,76.0,2026-06-27,tracker_enrich_derived
2026-08-15,EIDPARRY,56.89,36.25,72.5,64.33,76.0,2026-08-15,compute_fund_scores_from_db
2026-06-20,EIEL,74.37,74.6,85.0,68.75,63.5,2026-06-20,tracker_enrich_derived
2026-06-18,EIFFL,54.27,55.0,55.0,45.0,63.5,2026-06-18,tracker_enrich_derived
2026-06-20,EIHOTEL,64.75,54.0,65.0,85.0,66.0,2026-06-20,tracker_enrich_derived
2026-06-22,EIMCOELECO,82.63,92.0,93.33,66.75,61.0,2026-06-22,tracker_enrich_derived
2026-08-15,EIMCOELECO,82.04,88.25,92.5,72.33,61.0,2026-08-15,compute_fund_scores_from_db
2026-06-22,EKC,69.62,85.0,45.0,74.25,63.5,2026-06-22,tracker_enrich_derived
2026-08-06,ELDEHSG,62.18,49.0,83.33,63.75,60.0,2026-08-06,tracker_enrich_derived
2026-06-17,ELECON,65.22,46.0,81.67,79.5,70.0,2026-06-17,tracker_enrich_derived
2026-07-06,ELECTHERM,54.4,46.25,60.0,62.5,56.0,2026-07-06,tracker_enrich_derived
2025-08-11,ELGIEQUIP,51.28,51.96,44.17,56.04,55.0,,organized/data/fundamental_scores_database.csv
2026-07-07,ELGIEQUIP,78.31,81.6,71.67,85.5,71.0,2026-07-07,tracker_enrich_derived
2026-07-03,ELIN,51.73,31.0,68.33,69.25,56.0,2026-07-03,tracker_enrich_derived
2026-07-06,ELIQUID,55.0,55.0,55.0,55.0,55.0,2026-07-06,tracker_enrich_derived
2026-06-20,ELLEN,60.77,55.0,55.0,70.0,73.5,2026-06-20,tracker_enrich_derived
2026-07-03,ELPROINTL,69.94,69.0,76.67,60.75,73.5,2026-07-03,tracker_enrich_derived
2026-06-27,EMAMILTD,60.1,50.0,40.0,90.5,80.0,2026-06-27,tracker_enrich_derived
2026-07-22,EMAMIPAP,57.27,55.0,55.0,60.0,63.5,2026-07-22,tracker_enrich_derived
2025-08-11,EMCURE,52.65,51.96,47.5,58.7,55.0,,organized/data/fundamental_scores_database.csv
2026-07-06,EMCURE,77.67,81.6,75.0,76.25,73.5,2026-07-06,tracker_enrich_derived
2026-08-15,EMCURE,82.0,88.75,85.0,85.0,55.0,2026-08-15,compute_fund_scores_from_db
2026-06-20,EMIL,56.56,48.0,53.33,57.5,83.5,2026-06-20,tracker_enrich_derived
2026-07-28,EMKAY,62.05,74.6,48.33,53.0,63.5,2026-07-28,tracker_enrich_derived
2026-06-23,EMMBI,70.41,86.0,68.33,47.0,63.5,2026-06-23,tracker_enrich_derived
2026-06-29,EMMVEE,82.48,80.0,95.0,78.5,73.5,2026-06-29,tracker_enrich_derived
2026-08-15,EMMVEE,79.74,76.25,95.0,72.33,73.5,2026-08-15,compute_fund_scores_from_db
2026-06-20,EMSLIMITED,46.68,36.6,41.67,60.5,63.5,2026-06-20,tracker_enrich_derived
2026-06-27,EMUDHRA,80.57,81.0,81.67,82.5,75.0,2026-06-27,tracker_enrich_derived
2025-08-11,ENDURANCE,51.27,49.57,47.5,56.59,55.0,,organized/data/fundamental_scores_database.csv
2026-07-08,ENDURANCE,80.45,79.6,83.33,80.0,78.5,2026-07-08,tracker_enrich_derived
2026-08-15,ENDURANCE,79.78,77.0,87.5,76.67,78.5,2026-08-15,compute_fund_scores_from_db
2025-08-11,ENGINERSIN,54.9,53.1,55.0,58.33,55.0,,organized/data/fundamental_scores_database.csv
2026-07-07,ENGINERSIN,71.19,70.6,60.0,83.5,75.0,2026-07-07,tracker_enrich_derived
2026-08-15,ENGINERSIN,78.43,82.0,77.5,90.0,55.0,2026-08-15,compute_fund_scores_from_db
2026-07-03,ENIL,54.88,50.0,45.0,63.0,73.5,2026-07-03,tracker_enrich_derived
2026-06-17,ENRIN,57.77,55.0,55.0,55.0,73.5,2026-06-17,tracker_enrich_derived
2026-06-20,ENTERO,75.25,80.0,85.0,53.75,75.0,2026-06-20,tracker_enrich_derived
2026-06-22,EPACK,44.42,28.0,61.67,43.25,61.0,2026-06-22,tracker_enrich_derived
2026-06-20,EPACKPEB,86.28,86.0,95.0,85.5,73.5,2026-06-20,tracker_enrich_derived
2026-08-15,EPACKPEB,83.48,83.75,95.0,76.0,73.5,2026-08-15,compute_fund_scores_from_db
2026-07-10,EPIGRAL,65.29,59.0,61.67,80.0,68.5,2026-07-10,tracker_enrich_derived
2025-08-11,EPL,50.44,49.57,44.17,56.59,55.0,,organized/data/fundamental_scores_database.csv
2026-06-18,EPL,74.17,77.0,71.67,74.0,71.0,2026-06-18,tracker_enrich_derived
2026-08-15,EPL,72.18,73.75,70.0,72.67,71.0,2026-08-15,compute_fund_scores_from_db
2026-06-20,ERIS,78.2,93.0,65.0,63.75,80.0,2026-06-20,tracker_enrich_derived
2026-06-27,ESCORTS,74.3,75.6,63.33,82.25,78.5,2026-06-27,tracker_enrich_derived
2026-08-15,ESCORTS,81.76,88.25,75.0,79.67,78.5,2026-08-15,compute_fund_scores_from_db
2026-06-20,ESILVER,55.0,55.0,55.0,55.0,55.0,2026-06-20,tracker_enrich_derived
2026-08-13,ESTER,74.09,85.0,76.67,57.0,63.5,2026-08-13,tracker_enrich_derived
2026-06-20,ETERNAL,64.15,46.25,85.0,53.0,92.0,2026-06-20,tracker_enrich_derived
2026-08-15,ETERNAL,61.02,30.0,95.0,57.33,92.0,2026-08-15,compute_fund_scores_from_db
2026-07-10,ETHOSLTD,63.02,54.6,68.33,60.5,80.0,2026-07-10,tracker_enrich_derived
2026-06-29,EUREKAFORB,69.15,67.6,68.33,66.25,78.5,2026-06-29,tracker_enrich_derived
2026-06-20,EUROPRATIK,73.54,61.0,86.67,86.0,68.5,2026-06-20,tracker_enrich_derived
2026-06-20,EVEREADY,71.28,87.0,48.33,72.5,66.0,2026-06-20,tracker_enrich_derived
2026-06-25,EVERESTIND,43.75,28.75,50.0,46.25,70.0,2026-06-25,tracker_enrich_derived
2026-06-16,EXICOM,61.34,45.0,91.67,50.75,68.5,2026-06-16,tracker_enrich_derived
2025-08-11,EXIDEIND,51.12,51.96,44.17,55.23,55.0,,organized/data/fundamental_scores_database.csv
2026-07-03,EXIDEIND,66.2,63.0,65.0,66.75,76.0,2026-07-03,tracker_enrich_derived
2026-08-15,EXIDEIND,62.2,60.0,60.0,59.0,76.0,2026-08-15,compute_fund_scores_from_db
2026-07-07,EXPLEOSOL,73.18,76.6,61.67,88.0,63.5,2026-07-07,tracker_enrich_derived
2026-06-22,FABTECH,68.88,59.6,91.67,63.0,63.5,2026-06-22,tracker_enrich_derived
2026-06-17,FACT,46.06,28.0,58.33,53.75,63.5,2026-06-17,tracker_enrich_derived
2026-08-15,FACT,38.48,28.75,32.5,46.67,63.5,2026-08-15,compute_fund_scores_from_db
2026-06-24,FAIRCHEMOR,55.77,55.0,55.0,45.0,73.5,2026-06-24,tracker_enrich_derived
2026-08-13,FAZE3Q,47.9,34.0,55.0,57.75,60.0,2026-08-13,tracker_enrich_derived
2026-06-20,FDC,73.86,73.6,70.0,79.5,73.5,2026-06-20,tracker_enrich_derived
2025-08-11,FEDERALBNK,55.83,55.95,55.0,57.22,55.0,,organized/data/fundamental_scores_database.csv
2026-07-06,FEDERALBNK,65.72,71.25,55.0,48.33,92.0,2026-07-06,tracker_enrich_derived
2026-08-15,FEDERALBNK,69.55,65.0,75.0,55.0,92.0,2026-08-15,compute_fund_scores_from_db
2026-06-18,FEDFINA,61.52,55.0,55.0,70.0,78.5,2026-06-18,tracker_enrich_derived
2026-07-06,FERMENTA,65.51,60.75,58.33,85.5,63.5,2026-07-06,tracker_enrich_derived
2025-08-11,FIEMIND,49.06,51.3,36.11,56.3,55.0,,organized/data/fundamental_scores_database.csv
2026-07-31,FIEMIND,80.22,82.6,78.33,81.75,75.0,2026-07-31,tracker_enrich_derived
2025-08-11,FINCABLES,50.3,50.22,45.83,52.5,55.0,,organized/data/fundamental_scores_database.csv
2026-06-29,FINCABLES,72.03,67.0,83.33,68.75,71.0,2026-06-29,tracker_enrich_derived
2026-08-13,FINEORG,73.03,70.0,65.0,85.0,78.5,2026-08-13,tracker_enrich_derived
2025-08-11,FINOPB,52.98,50.24,55.0,54.44,55.0,,organized/data/fundamental_scores_database.csv
2026-06-20,FINOPB,54.27,55.0,55.0,45.0,63.5,2026-06-20,tracker_enrich_derived
2026-06-20,FINPIPE,64.78,64.0,58.33,66.75,75.0,2026-06-20,tracker_enrich_derived
2026-06-29,FIRSTCRY,63.38,61.25,58.33,60.0,82.0,2026-06-29,tracker_enrich_derived
2026-08-15,FIRSTCRY,70.88,73.33,75.0,52.5,82.0,2026-08-15,compute_fund_scores_from_db
2026-06-20,FIVESTAR,58.6,55.0,55.0,61.0,71.0,2026-06-20,tracker_enrich_derived
2026-06-22,FLAIR,74.25,75.6,68.33,79.5,73.5,2026-06-22,tracker_enrich_derived
2026-06-18,FLUOROCHEM,65.38,60.0,65.0,66.75,78.5,2026-06-18,tracker_enrich_derived
2026-08-15,FLUOROCHEM,58.2,53.75,52.5,59.0,78.5,2026-08-15,compute_fund_scores_from_db
2026-06-22,FMGOETZE,69.63,73.6,56.67,82.5,63.5,2026-06-22,tracker_enrich_derived
2026-06-29,FORCEMOT,80.55,75.6,83.33,92.25,73.5,2026-06-29,tracker_enrich_derived
2026-06-18,FORTIS,79.57,90.0,71.67,71.25,76.0,2026-06-18,tracker_enrich_derived
2026-08-15,FORTIS,80.7,88.75,80.0,69.0,76.0,2026-08-15,compute_fund_scores_from_db
2026-06-29,FRACTAL,73.15,71.0,75.0,76.75,71.0,2026-06-29,tracker_enrich_derived
2026-08-15,FRACTAL,72.17,64.5,85.0,72.33,71.0,2026-08-15,compute_fund_scores_from_db
2026-08-13,FRONTSP,76.35,81.5,95.0,55.0,60.0,2026-08-13,tracker_enrich_derived
2026-06-20,FSL,77.22,75.6,78.33,77.0,80.0,2026-06-20,tracker_enrich_derived
2026-08-15,FSL,76.08,70.75,85.0,72.67,80.0,2026-08-15,compute_fund_scores_from_db
2026-06-20,FUSION,56.0,55.0,55.0,45.0,75.0,2026-06-20,tracker_enrich_derived
2025-08-11,GABRIEL,48.43,49.57,36.88,55.68,55.0,,organized/data/fundamental_scores_database.csv
2026-06-29,GABRIEL,73.99,68.0,71.67,85.5,78.5,2026-06-29,tracker_enrich_derived
2025-08-11,GAEL,59.04,62.3,62.6,51.11,55.0,,organized/data/fundamental_scores_database.csv
2026-07-07,GAEL,70.77,76.6,65.0,68.0,68.5,2026-07-07,tracker_enrich_derived
2026-06-20,GAIL,52.55,38.0,45.0,70.5,80.0,2026-06-20,tracker_enrich_derived
2026-06-16,GALAPREC,78.51,84.6,86.67,66.25,65.0,2026-06-16,tracker_enrich_derived
2025-08-11,GALLANTT,67.18,73.48,70.0,60.21,55.0,,organized/data/fundamental_scores_database.csv
2026-07-20,GALLANTT,75.58,86.6,61.67,80.0,63.5,2026-07-20,tracker_enrich_derived
2026-06-18,GANDHAR,63.26,67.0,53.33,68.0,63.5,2026-06-18,tracker_enrich_derived
2026-06-24,GANECOS,59.52,47.6,68.33,63.75,71.0,2026-06-24,tracker_enrich_derived
2026-06-16,GANESHBE,65.71,72.6,56.67,74.25,51.0,2026-06-16,tracker_enrich_derived
2026-06-29,GANESHCP,60.77,55.0,55.0,70.0,73.5,2026-06-29,tracker_enrich_derived
2026-07-03,GANESHHOU,59.07,62.0,40.0,73.75,63.5,2026-07-03,tracker_enrich_derived
2025-08-11,GARFAR,10.0,10.0,10.0,10.0,10.0,,organized/data/fundamental_scores_database.csv
2025-08-11,GARFIBRES,51.41,50.22,47.0,56.59,55.0,,organized/data/fundamental_scores_database.csv
2026-06-20,GARFIBRES,61.85,48.0,60.0,82.0,75.0,2026-06-20,tracker_enrich_derived
2026-06-23,GARUDA,82.38,86.0,85.0,82.25,68.5,2026-06-23,tracker_enrich_derived
2026-06-29,GCSL,65.41,78.0,48.33,63.0,63.5,2026-06-29,tracker_enrich_derived
2026-08-15,GCSL,74.03,83.75,60.0,80.0,63.5,2026-08-15,compute_fund_scores_from_db
2026-06-29,GEMAROMA,54.12,47.6,53.33,60.0,65.0,2026-06-29,tracker_enrich_derived
2026-06-20,GENESYS,66.23,66.0,83.33,53.0,56.0,2026-06-20,tracker_enrich_derived
2026-06-20,GENUSPOWER,82.09,88.6,95.0,65.0,66.0,2026-06-20,tracker_enrich_derived
2026-08-15,GENUSPOWER,84.82,88.25,95.0,79.33,66.0,2026-08-15,compute_fund_scores_from_db
2025-08-11,GESHIP,55.39,57.61,47.0,61.74,55.0,,organized/data/fundamental_scores_database.csv
2026-07-07,GESHIP,74.2,83.0,50.0,85.5,76.0,2026-07-07,tracker_enrich_derived
2026-06-29,GHCL,54.0,44.0,40.0,82.5,66.0,2026-06-29,tracker_enrich_derived
2026-07-03,GHCLTEXTIL,53.9,55.0,55.0,45.0,61.0,2026-07-03,tracker_enrich_derived
2026-06-20,GICHSGFIN,51.07,48.75,55.0,43.33,61.0,2026-06-20,tracker_enrich_derived
2025-08-11,GICRE,57.57,58.16,65.0,49.05,55.0,,organized/data/fundamental_scores_database.csv
2026-07-07,GICRE,74.35,85.6,58.33,68.75,78.5,2026-07-07,tracker_enrich_derived
2026-08-15,GICRE,76.08,83.25,60.0,80.0,78.5,2026-08-15,compute_fund_scores_from_db
2026-06-18,GIPCL,61.5,55.0,55.0,80.0,65.0,2026-06-18,tracker_enrich_derived
2026-06-20,GKENERGY,76.43,77.6,76.67,76.0,73.5,2026-06-20,tracker_enrich_derived
2026-06-29,GKSL,81.62,88.75,95.0,60.5,68.5,2026-06-29,tracker_enrich_derived
2026-06-17,GLAND,81.48,86.0,73.33,80.0,85.0,2026-06-17,tracker_enrich_derived
2026-06-20,GLAXO,72.01,73.0,53.33,92.25,73.5,2026-06-20,tracker_enrich_derived
2026-08-15,GLAXO,77.12,81.25,60.0,93.0,73.5,2026-08-15,compute_fund_scores_from_db
2025-08-11,GLENMARK,60.6,71.52,46.25,60.87,55.0,,organized/data/fundamental_scores_database.csv
2026-07-08,GLENMARK,78.13,78.0,68.33,92.25,76.0,2026-07-08,tracker_enrich_derived
2026-08-15,GLENMARK,86.46,91.25,82.5,89.67,76.0,2026-08-15,compute_fund_scores_from_db
2026-08-13,GLOBAL,56.71,50.0,43.33,81.75,63.5,2026-08-13,tracker_enrich_derived
2026-07-28,GLOBALVECT,54.27,55.0,55.0,45.0,63.5,2026-07-28,tracker_enrich_derived
2026-07-09,GLOBUSSPR,63.22,62.0,51.67,71.25,75.0,2026-07-09,tracker_enrich_derived
2026-07-06,GMBREW,77.23,88.0,75.0,68.75,63.5,2026-07-06,tracker_enrich_derived
2025-08-11,GMDCLTD,48.44,51.19,36.43,53.04,55.0,,organized/data/fundamental_scores_database.csv
2026-07-08,GMDCLTD,71.65,78.6,58.33,76.75,68.5,2026-07-08,tracker_enrich_derived
2026-07-10,GMMPFAUDLR,64.2,61.0,65.0,64.5,71.0,2026-07-10,tracker_enrich_derived
2026-08-15,GMMPFAUDLR,59.1,52.5,65.0,56.0,71.0,2026-08-15,compute_fund_scores_from_db
2026-06-17,GMRAIRPORT,83.49,93.75,76.67,71.5,83.5,2026-06-17,tracker_enrich_derived
2026-08-15,GMRAIRPORT,86.61,93.33,95.0,65.0,83.5,2026-08-15,compute_fund_scores_from_db
2026-07-06,GMRP&UI,58.32,49.0,71.67,54.5,66.0,2026-07-06,tracker_enrich_derived
2025-08-11,GNA,54.47,58.57,44.38,58.48,55.0,,organized/data/fundamental_scores_database.csv
2026-07-03,GNA,60.7,55.6,48.33,76.75,73.5,2026-07-03,tracker_enrich_derived
2026-06-16,GNFC,70.12,78.0,51.67,76.75,71.0,2026-06-16,tracker_enrich_derived
2026-07-03,GNRL,74.0,73.75,95.0,69.25,46.0,2026-07-03,tracker_enrich_derived
2026-06-18,GOCLCORP,59.62,70.0,35.0,63.0,68.5,2026-06-18,tracker_enrich_derived
2026-06-20,GOCOLORS,61.5,55.0,55.0,68.75,80.0,2026-06-20,tracker_enrich_derived
2026-06-22,GODAVARIB,69.66,75.6,65.0,60.75,73.5,2026-06-22,tracker_enrich_derived
2026-06-20,GODFRYPHLP,82.16,94.0,68.33,82.25,73.5,2026-06-20,tracker_enrich_derived
2026-08-15,GODFRYPHLP,86.08,91.25,82.5,89.67,73.5,2026-08-15,compute_fund_scores_from_db
2026-06-22,GODIGIT,59.52,55.0,55.0,60.0,78.5,2026-06-22,tracker_enrich_derived
2026-06-29,GODREJAGRO,63.81,62.0,48.33,79.5,73.5,2026-06-29,tracker_enrich_derived
2026-08-15,GODREJAGRO,68.36,67.5,60.0,76.67,73.5,2026-08-15,compute_fund_scores_from_db
2026-06-29,GODREJCP,63.53,57.0,53.33,77.0,80.0,2026-06-29,tracker_enrich_derived
2026-06-18,GODREJIND,72.85,85.6,78.33,43.75,68.5,2026-06-18,tracker_enrich_derived
2026-08-15,GODREJIND,69.86,80.0,70.0,46.67,73.5,2026-08-15,compute_fund_scores_from_db
2026-07-08,GODREJPROP,81.16,89.6,81.67,64.5,80.0,2026-07-08,tracker_enrich_derived
2026-08-15,GODREJPROP,74.45,81.25,75.0,56.0,80.0,2026-08-15,compute_fund_scores_from_db
2025-08-11,GOKEX,52.42,51.96,47.0,58.18,55.0,,organized/data/fundamental_scores_database.csv
2026-06-20,GOKEX,56.15,45.0,70.0,50.0,71.0,2026-06-20,tracker_enrich_derived
2026-06-18,GOKULAGRO,77.98,84.0,75.0,80.5,63.5,2026-06-18,tracker_enrich_derived
2026-06-20,GOLD1,55.0,55.0,55.0,55.0,55.0,2026-06-20,tracker_enrich_derived
2026-06-25,GOLD360,55.0,55.0,55.0,55.0,55.0,2026-06-25,tracker_enrich_derived
2026-06-29,GOLDADD,55.0,55.0,55.0,55.0,55.0,2026-06-29,tracker_enrich_derived
2026-06-20,GOLDBEES,55.0,55.0,55.0,55.0,55.0,2026-06-20,tracker_enrich_derived
2026-06-29,GOLDBETA,55.0,55.0,55.0,55.0,55.0,2026-06-29,tracker_enrich_derived
2026-06-20,GOLDETF,55.0,55.0,55.0,55.0,55.0,2026-06-20,tracker_enrich_derived
2026-06-16,GOLDIAM,72.48,77.0,68.33,78.0,60.0,2026-06-16,tracker_enrich_derived
2026-08-15,GOLDIAM,84.97,90.0,90.0,87.33,60.0,2026-08-15,compute_fund_scores_from_db
2026-06-20,GOLDIETF,55.0,55.0,55.0,55.0,55.0,2026-06-20,tracker_enrich_derived
2026-06-17,GOODLUCK,68.07,75.0,61.67,64.5,65.0,2026-06-17,tracker_enrich_derived
2026-08-15,GOODLUCK,68.12,71.25,65.0,64.33,70.0,2026-08-15,compute_fund_scores_from_db
2026-07-16,GOPAL,60.02,55.0,55.0,70.0,68.5,2026-07-16,tracker_enrich_derived
2025-08-11,GPIL,60.95,59.78,67.0,60.21,55.0,,organized/data/fundamental_scores_database.csv
2026-07-08,GPIL,68.66,62.0,63.33,85.0,73.5,2026-07-08,tracker_enrich_derived
2026-08-15,GPIL,61.07,53.75,47.5,83.33,73.5,2026-08-15,compute_fund_scores_from_db
2026-06-22,GPPL,82.92,90.0,71.67,88.0,76.0,2026-06-22,tracker_enrich_derived
2026-06-18,GPTHEALTH,63.18,55.0,55.0,82.0,73.5,2026-06-18,tracker_enrich_derived
2026-06-18,GPTINFRA,81.38,88.6,81.67,72.5,73.5,2026-06-18,tracker_enrich_derived
2025-08-11,GRANULES,74.61,77.14,94.0,60.0,55.0,,organized/data/fundamental_scores_database.csv
2026-06-29,GRANULES,75.97,80.0,71.67,77.0,71.0,2026-06-29,tracker_enrich_derived
2026-08-15,GRANULES,71.0,76.25,75.0,67.5,55.0,2026-08-15,compute_fund_scores_from_db
2025-08-11,GRAPHITE,41.42,58.65,28.57,46.59,10.0,,organized/data/fundamental_scores_database.csv
2026-07-08,GRAPHITE,51.61,31.0,68.33,51.75,78.5,2026-07-08,tracker_enrich_derived
2026-06-17,GRASIM,72.22,81.0,81.67,40.0,76.0,2026-06-17,tracker_enrich_derived
2026-06-20,GRAVITA,74.27,73.0,81.67,67.0,75.0,2026-06-20,tracker_enrich_derived
2026-08-15,GRAVITA,79.08,81.25,80.0,76.67,75.0,2026-08-15,compute_fund_scores_from_db
2026-06-20,GREAVESCOT,64.95,59.0,75.0,64.25,65.0,2026-06-20,tracker_enrich_derived
2026-06-20,GREENLAM,63.27,47.6,83.33,60.75,75.0,2026-06-20,tracker_enrich_derived
2026-06-29,GREENPANEL,57.99,46.6,55.0,68.0,80.0,2026-06-29,tracker_enrich_derived
2026-06-17,GREENPLY,68.27,54.0,81.67,71.25,80.0,2026-06-17,tracker_enrich_derived
2026-06-29,GRINDWELL,74.97,72.6,68.33,88.0,75.0,2026-06-29,tracker_enrich_derived
2026-06-22,GRINFRA,51.71,33.6,60.0,57.5,78.5,2026-06-22,tracker_enrich_derived
2026-06-23,GROWW,76.52,75.0,86.67,78.5,61.0,2026-06-23,tracker_enrich_derived
2025-08-11,GROWWLIQID,10.0,10.0,10.0,10.0,10.0,,organized/data/fundamental_scores_database.csv
2026-06-18,GROWWLIQID,55.0,55.0,55.0,55.0,55.0,2026-06-18,tracker_enrich_derived
2025-08-11,GRPLTD,63.93,73.91,55.0,61.82,55.0,,organized/data/fundamental_scores_database.csv
2026-07-08,GRSE,64.43,55.0,55.0,92.0,68.5,2026-07-08,tracker_enrich_derived
2026-06-16,GRWRHITECH,75.68,75.0,75.0,79.5,73.5,2026-06-16,tracker_enrich_derived
2026-06-22,GSEC10IETF,55.0,55.0,55.0,55.0,55.0,2026-06-22,tracker_enrich_derived
2026-06-29,GSFC,51.87,48.0,46.67,55.5,66.0,2026-06-29,tracker_enrich_derived
2026-06-29,GSPCROP,74.89,77.0,81.67,63.25,73.5,2026-06-29,tracker_enrich_derived
2026-06-23,GUFICBIO,60.53,53.6,71.67,54.5,68.5,2026-06-23,tracker_enrich_derived
2025-08-11,GUJALKALI,10.0,10.0,10.0,10.0,10.0,,organized/data/fundamental_scores_database.csv
2026-07-23,GUJALKALI,69.92,85.0,56.67,63.0,61.0,2026-07-23,tracker_enrich_derived
2026-06-20,GUJGASLTD,74.73,65.0,88.33,80.0,71.0,2026-06-20,tracker_enrich_derived
2026-08-15,GUJGASLTD,79.2,78.25,85.0,80.0,71.0,2026-08-15,compute_fund_scores_from_db
2026-06-20,GUJTHEM,61.68,55.0,55.0,82.0,63.5,2026-06-20,tracker_enrich_derived
2026-06-25,GULFOILLUB,70.0,61.6,68.33,82.5,78.5,2026-06-25,tracker_enrich_derived
2025-08-11,GULPOLY,10.0,10.0,10.0,10.0,10.0,,organized/data/fundamental_scores_database.csv
2026-07-08,GULPOLY,66.76,75.0,68.33,50.75,63.5,2026-07-08,tracker_enrich_derived
2026-06-29,GVPIL,76.14,91.25,46.67,92.25,63.5,2026-06-29,tracker_enrich_derived
2026-08-15,GVPIL,77.17,86.67,57.5,93.0,63.5,2026-08-15,compute_fund_scores_from_db
2025-08-11,GVT&D,10.0,10.0,10.0,10.0,10.0,,organized/data/fundamental_scores_database.csv
2026-07-08,GVT&D,60.17,55.0,55.0,58.33,85.0,2026-07-08,tracker_enrich_derived
2026-06-20,HAL,80.48,80.0,75.0,89.75,78.5,2026-06-20,tracker_enrich_derived
2026-06-29,HAPPSTMNDS,71.21,74.6,71.67,67.75,66.0,2026-06-29,tracker_enrich_derived
2026-08-15,HAPPSTMNDS,70.57,69.5,80.0,64.33,66.0,2026-08-15,compute_fund_scores_from_db
2026-06-17,HAPPYFORGE,74.43,76.0,65.0,80.0,78.5,2026-06-17,tracker_enrich_derived
2026-08-15,HAPPYFORGE,74.86,78.75,65.0,76.67,78.5,2026-08-15,compute_fund_scores_from_db
2026-06-20,HARIOMPIPE,78.89,85.6,75.0,77.0,70.0,2026-06-20,tracker_enrich_derived
2025-08-11,HARSHA,49.7,51.3,39.29,55.55,55.0,,organized/data/fundamental_scores_database.csv
2026-07-03,HARSHA,76.9,83.6,78.33,64.25,73.5,2026-07-03,tracker_enrich_derived
2026-06-29,HAVELLS,78.32,77.0,71.67,88.0,80.0,2026-06-29,tracker_enrich_derived
2026-06-20,HBLENGINE,76.36,75.6,71.67,92.25,65.0,2026-06-20,tracker_enrich_derived
2026-08-15,HBLENGINE,89.6,93.75,95.0,93.0,65.0,2026-08-15,compute_fund_scores_from_db
2026-06-22,HCG,62.0,55.6,68.33,54.5,78.5,2026-06-22,tracker_enrich_derived
2026-06-29,HCLTECH,69.13,56.0,65.0,89.75,83.5,2026-06-29,tracker_enrich_derived
2026-06-22,HDBFS,57.36,53.75,55.0,51.67,78.5,2026-06-22,tracker_enrich_derived
2026-06-22,HDFCAMC,76.93,75.0,68.33,89.25,80.0,2026-06-22,tracker_enrich_derived
2026-08-15,HDFCAMC,86.22,87.5,82.5,93.0,80.0,2026-08-15,compute_fund_scores_from_db
2026-06-22,HDFCBANK,65.4,67.5,55.0,70.0,71.0,2026-06-22,tracker_enrich_derived
2026-06-22,HDFCGOLD,55.0,55.0,55.0,55.0,55.0,2026-06-22,tracker_enrich_derived
2026-07-29,HDFCGROWTH,55.0,55.0,55.0,55.0,55.0,2026-07-29,tracker_enrich_derived
2026-06-22,HDFCLIFE,67.0,66.0,55.0,74.25,80.0,2026-06-22,tracker_enrich_derived
2026-08-15,HDFCLIFE,66.55,61.25,65.0,69.0,80.0,2026-08-15,compute_fund_scores_from_db
2026-07-17,HDFCLIQUID,55.0,55.0,55.0,55.0,55.0,2026-07-17,tracker_enrich_derived
2026-06-25,HDFCNIFTY,55.0,55.0,55.0,55.0,55.0,2026-06-25,tracker_enrich_derived
2026-06-22,HDFCSILVER,55.0,55.0,55.0,55.0,55.0,2026-06-22,tracker_enrich_derived
2026-06-18,HDFCSML250,55.0,55.0,55.0,55.0,55.0,2026-06-18,tracker_enrich_derived
2026-06-22,HEALTHIETF,55.0,55.0,55.0,55.0,55.0,2026-06-22,tracker_enrich_derived
2026-07-21,HECPROJECT,61.68,55.0,55.0,82.0,63.5,2026-07-21,tracker_enrich_derived
2025-08-11,HEG,10.0,10.0,10.0,10.0,10.0,,organized/data/fundamental_scores_database.csv
2026-07-08,HEG,60.0,56.0,60.0,56.75,75.0,2026-07-08,tracker_enrich_derived
2026-06-29,HEIDELBERG,59.52,55.0,55.0,60.0,78.5,2026-06-29,tracker_enrich_derived
2026-06-18,HEMIPROP,53.75,55.0,55.0,45.0,60.0,2026-06-18,tracker_enrich_derived
2026-06-29,HERITGFOOD,58.35,42.0,65.0,77.0,66.0,2026-06-29,tracker_enrich_derived
2026-06-29,HEROMOTOCO,82.41,86.6,71.67,92.25,76.0,2026-06-29,tracker_enrich_derived
2026-08-15,HEROMOTOCO,84.8,87.0,80.0,93.0,76.0,2026-08-15,compute_fund_scores_from_db
2026-06-22,HEXT,72.08,68.6,61.67,87.25,78.5,2026-06-22,tracker_enrich_derived
2026-08-15,HEXT,80.09,80.75,75.0,86.33,78.5,2026-08-15,compute_fund_scores_from_db
2025-08-11,HFCL,10.0,10.0,10.0,10.0,10.0,,organized/data/fundamental_scores_database.csv
2026-06-29,HFCL,73.29,81.6,80.0,53.75,66.0,2026-06-29,tracker_enrich_derived
2026-08-15,HFCL,72.08,78.25,72.5,60.0,71.0,2026-08-15,compute_fund_scores_from_db
2026-06-29,HGINFRA,50.41,36.6,55.0,55.0,73.5,2026-06-29,tracker_enrich_derived
2026-06-22,HIKAL,57.61,56.25,48.33,60.0,73.5,2026-06-22,tracker_enrich_derived
2025-08-11,HINDALCO,52.87,51.3,51.0,56.74,55.0,,organized/data/fundamental_scores_database.csv
2026-07-08,HINDALCO,64.97,54.6,78.33,60.75,76.0,2026-07-08,tracker_enrich_derived
2026-07-08,HINDCOPPER,90.41,94.0,93.33,92.25,73.5,2026-07-08,tracker_enrich_derived
2026-07-08,HINDOILEXP,37.15,28.75,25.0,65.5,42.0,2026-07-08,tracker_enrich_derived
2026-06-22,HINDPETRO,74.9,85.0,50.0,82.0,80.0,2026-06-22,tracker_enrich_derived
2026-08-15,HINDPETRO,73.42,81.67,55.0,75.0,80.0,2026-08-15,compute_fund_scores_from_db
2026-06-29,HINDUNILVR,73.56,74.0,53.33,90.5,83.5,2026-06-29,tracker_enrich_derived
2026-06-22,HINDWAREAP,60.25,67.5,45.0,57.5,70.0,2026-06-22,tracker_enrich_derived
2026-06-22,HINDZINC,82.43,87.0,80.0,86.75,68.5,2026-06-22,tracker_enrich_derived
2026-06-16,HIRECT,66.72,56.0,81.67,73.75,61.0,2026-06-16,tracker_enrich_derived
2026-06-22,HLEGLAS,67.97,57.0,85.0,68.25,68.5,2026-06-22,tracker_enrich_derived
2026-08-04,HMVL,72.8,89.6,53.33,70.5,63.5,2026-08-04,tracker_enrich_derived
2026-06-20,HNDFDS,75.51,80.0,78.33,60.75,78.5,2026-06-20,tracker_enrich_derived
2026-06-22,HNGSNGBEES,55.0,55.0,55.0,55.0,55.0,2026-06-22,tracker_enrich_derived
2026-06-22,HOMEFIRST,60.4,55.0,55.0,70.0,71.0,2026-06-22,tracker_enrich_derived
2025-08-11,HONASA,59.69,69.35,51.67,53.91,55.0,,organized/data/fundamental_scores_database.csv
2026-06-29,HONASA,81.43,88.25,78.33,79.5,71.0,2026-06-29,tracker_enrich_derived
2026-06-22,HPL,67.3,67.6,68.33,68.25,63.5,2026-06-22,tracker_enrich_derived
2026-06-29,HSBCGOLD,55.0,55.0,55.0,55.0,55.0,2026-06-29,tracker_enrich_derived
2025-08-11,HSCL,55.51,55.87,52.5,58.91,55.0,,organized/data/fundamental_scores_database.csv
2026-06-29,HSCL,74.37,83.6,58.33,79.25,70.0,2026-06-29,tracker_enrich_derived
2026-06-24,HUBTOWN,79.73,90.0,93.33,63.75,51.0,2026-06-24,tracker_enrich_derived
2026-06-22,HUDCO,73.91,95.0,55.0,55.67,73.5,2026-06-22,tracker_enrich_derived
2026-08-15,HUDCO,84.73,95.0,90.0,66.0,73.5,2026-08-15,compute_fund_scores_from_db
2026-06-22,HUHTAMAKI,63.91,61.0,65.0,68.67,63.5,2026-06-22,tracker_enrich_derived
2026-06-22,HYUNDAI,65.24,49.0,61.67,92.25,78.5,2026-06-22,tracker_enrich_derived
2026-07-22,ICEMAKE,61.11,45.0,93.33,51.25,63.5,2026-07-22,tracker_enrich_derived
2026-06-29,ICICIAMC,80.94,90.0,91.67,55.0,73.5,2026-06-29,tracker_enrich_derived
2025-08-11,ICICIB22,10.0,10.0,10.0,10.0,10.0,,organized/data/fundamental_scores_database.csv
2026-06-22,ICICIB22,55.0,55.0,55.0,55.0,55.0,2026-06-22,tracker_enrich_derived
2026-06-22,ICICIBANK,71.55,75.0,55.0,70.0,92.0,2026-06-22,tracker_enrich_derived
2026-06-22,ICICIGI,64.9,55.0,55.0,82.0,85.0,2026-06-22,tracker_enrich_derived
2026-06-29,ICICIPRULI,67.16,83.0,38.33,63.0,78.5,2026-06-29,tracker_enrich_derived
2026-08-15,ICICIPRULI,69.49,80.0,45.0,72.33,78.5,2026-08-15,compute_fund_scores_from_db
2026-06-17,ICIL,51.72,37.0,51.67,63.75,75.0,2026-06-17,tracker_enrich_derived
2026-08-15,ICIL,48.83,32.5,57.5,51.0,75.0,2026-08-15,compute_fund_scores_from_db
2026-08-03,ICRA,72.0,70.0,60.0,85.0,80.0,2026-08-03,tracker_enrich_derived
2026-08-15,IDBI,74.44,91.67,65.0,60.0,63.5,2026-08-15,compute_fund_scores_from_db
2026-08-15,IDEA,71.23,93.33,55.0,55.0,61.0,2026-08-15,compute_fund_scores_from_db
2026-08-13,IDEAFORGE,55.07,56.0,51.67,49.25,66.0,2026-08-13,tracker_enrich_derived
2026-08-15,IDFCFIRSTB,58.11,43.33,82.5,47.5,71.0,2026-08-15,compute_fund_scores_from_db
2026-06-29,IEX,83.87,78.0,81.67,92.25,92.0,2026-06-29,tracker_enrich_derived
2026-07-07,IFBIND,77.49,82.0,71.67,82.5,68.5,2026-07-07,tracker_enrich_derived
2026-06-29,IFGLEXPOR,57.46,45.0,68.33,56.75,73.5,2026-06-29,tracker_enrich_derived
2026-06-22,IGARASHI,58.14,55.0,55.0,64.33,63.5,2026-06-22,tracker_enrich_derived
2026-06-18,IGIL,81.38,81.0,80.0,89.75,73.5,2026-06-18,tracker_enrich_derived
2026-07-09,IGL,59.23,40.0,58.33,82.5,81.0,2026-07-09,tracker_enrich_derived
2026-08-15,IGL,58.75,43.75,60.0,90.0,55.0,2026-08-15,compute_fund_scores_from_db
2026-08-03,IGPL,53.58,47.6,46.67,63.0,68.5,2026-08-03,tracker_enrich_derived
2026-06-22,IIFL,68.48,83.75,55.0,56.67,66.0,2026-06-22,tracker_enrich_derived
2026-06-18,IIFLCAPS,60.7,52.0,65.0,68.75,66.0,2026-06-18,tracker_enrich_derived
2026-07-06,IITL,36.35,25.0,25.0,51.75,65.0,2026-07-06,tracker_enrich_derived
2026-07-03,IKIO,72.0,77.6,83.33,53.0,63.5,2026-07-03,tracker_enrich_derived
2026-06-18,IKS,84.19,90.0,81.67,83.75,73.5,2026-06-18,tracker_enrich_derived
2026-08-15,IKS,88.91,93.75,90.0,85.67,78.5,2026-08-15,compute_fund_scores_from_db
2025-08-11,IMFA,51.48,53.7,40.83,57.71,55.0,,organized/data/fundamental_scores_database.csv
2026-07-10,IMFA,68.4,69.0,65.0,74.0,65.0,2026-07-10,tracker_enrich_derived
2026-06-29,INA,82.12,89.6,95.0,65.0,63.5,2026-06-29,tracker_enrich_derived
2026-06-18,INDGN,67.14,49.6,80.0,82.5,72.0,2026-06-18,tracker_enrich_derived
2026-06-22,INDHOTEL,72.5,69.0,70.0,80.0,76.0,2026-06-22,tracker_enrich_derived
2026-07-09,INDIACEM,71.93,88.25,60.0,49.25,78.5,2026-07-09,tracker_enrich_derived
2026-06-29,INDIAGLYCO,73.26,84.6,61.67,71.25,65.0,2026-06-29,tracker_enrich_derived
2026-06-22,INDIAMART,66.92,50.0,71.67,88.0,76.0,2026-06-22,tracker_enrich_derived
2026-06-22,INDIANB,62.36,63.75,55.0,56.67,78.5,2026-06-22,tracker_enrich_derived
2026-08-15,INDIANB,67.94,66.67,70.0,60.0,78.5,2026-08-15,compute_fund_scores_from_db
2026-07-08,INDIANCARD,47.11,31.0,48.33,65.5,63.5,2026-07-08,tracker_enrich_derived
2026-06-22,INDIANHUME,57.27,55.0,55.0,60.0,63.5,2026-06-22,tracker_enrich_derived
2026-06-29,INDIASHLTR,73.28,90.0,55.0,60.67,76.0,2026-06-29,tracker_enrich_derived
2026-06-22,INDIGO,50.23,28.75,63.33,53.75,81.0,2026-06-22,tracker_enrich_derived
2026-06-25,INDIGOPNTS,72.78,68.0,68.33,82.5,80.0,2026-06-25,tracker_enrich_derived
2026-06-22,INDIQUBE,56.52,55.0,55.0,45.0,78.5,2026-06-22,tracker_enrich_derived
2026-06-24,INDNIPPON,80.62,89.6,80.0,76.25,63.5,2026-06-24,tracker_enrich_derived
2026-06-18,INDOAMIN,75.28,86.0,68.33,74.0,60.0,2026-06-18,tracker_enrich_derived
2026-06-23,INDOBORAX,73.2,77.0,75.0,80.0,51.0,2026-06-23,tracker_enrich_derived
2026-06-22,INDOCO,57.25,47.5,65.0,53.75,75.0,2026-06-22,tracker_enrich_derived
2025-08-11,INDOCOUNT,10.0,10.0,10.0,10.0,10.0,,organized/data/fundamental_scores_database.csv
2026-06-22,INDOFARM,71.02,71.6,80.0,60.5,68.5,2026-06-22,tracker_enrich_derived
2026-06-22,INDOSTAR,52.86,43.75,55.0,56.67,68.5,2026-06-22,tracker_enrich_derived
2026-06-29,INDOTHAI,85.95,93.75,95.0,78.5,60.0,2026-06-29,tracker_enrich_derived
2026-06-23,INDRAMEDCO,63.9,55.0,55.0,92.0,65.0,2026-06-23,tracker_enrich_derived
2025-08-11,INDSWFTLAB,61.64,70.87,55.0,56.46,55.0,,organized/data/fundamental_scores_database.csv
2026-06-29,INDSWFTLAB,55.07,50.6,58.33,51.75,66.0,2026-06-29,tracker_enrich_derived
2026-06-18,INDUSINDBK,50.07,42.5,55.0,43.33,71.0,2026-06-18,tracker_enrich_derived
2026-08-15,INDUSINDBK,43.27,25.0,52.5,47.5,71.0,2026-08-15,compute_fund_scores_from_db
2026-06-22,INDUSTOWER,65.28,58.0,53.33,80.0,85.0,2026-06-22,tracker_enrich_derived
2026-08-15,INDUSTOWER,65.78,58.75,60.0,72.67,85.0,2026-08-15,compute_fund_scores_from_db
2026-06-22,INFOBEAN,81.91,88.0,78.33,88.0,63.5,2026-06-22,tracker_enrich_derived
2026-07-09,INFY,75.32,77.0,61.67,92.25,71.0,2026-07-09,tracker_enrich_derived
2026-08-13,INGERRAND,65.18,55.0,55.0,92.0,73.5,2026-08-13,tracker_enrich_derived
2026-07-08,INNOVACAP,70.44,67.6,75.0,67.0,75.0,2026-07-08,tracker_enrich_derived
2026-07-03,INNOVISION,74.44,75.0,81.67,68.75,68.5,2026-07-03,tracker_enrich_derived
2026-06-22,INOXGREEN,68.6,76.25,55.0,69.25,70.0,2026-06-22,tracker_enrich_derived
2025-08-11,INOXINDIA,64.84,70.43,66.0,59.57,55.0,,organized/data/fundamental_scores_database.csv
2026-06-29,INOXINDIA,79.88,81.0,80.0,82.25,73.5,2026-06-29,tracker_enrich_derived
2026-08-15,INOXINDIA,80.33,78.75,87.5,93.5,55.0,2026-08-15,compute_fund_scores_from_db
2026-06-22,INTELLECT,75.98,70.0,83.33,82.5,71.0,2026-06-22,tracker_enrich_derived
2026-06-23,INTERARCH,60.25,55.0,55.0,70.0,70.0,2026-06-23,tracker_enrich_derived
2026-08-15,IOB,80.28,95.0,80.0,60.0,68.5,2026-08-15,compute_fund_scores_from_db
2026-07-09,IOC,73.39,85.6,50.0,77.0,75.0,2026-07-09,tracker_enrich_derived
2026-06-16,IOLCP,72.04,78.6,65.0,76.75,60.0,2026-06-16,tracker_enrich_derived
2026-06-22,IONEXCHANG,57.05,41.0,75.0,60.0,66.0,2026-06-22,tracker_enrich_derived
2025-08-11,IPCALAB,60.19,66.3,55.0,58.35,55.0,,organized/data/fundamental_scores_database.csv
2026-07-03,IPCALAB,74.58,78.0,63.33,77.0,81.0,2026-07-03,tracker_enrich_derived
2026-08-15,IPCALAB,82.73,91.25,75.0,76.67,81.0,2026-08-15,compute_fund_scores_from_db
2026-06-22,IPL,74.97,78.6,80.0,70.0,63.5,2026-06-22,tracker_enrich_derived
2026-08-15,IRB,56.23,51.25,60.0,46.67,76.0,2026-08-15,compute_fund_scores_from_db
2026-06-29,IRCON,52.96,48.0,53.33,50.75,68.5,2026-06-29,tracker_enrich_derived
2026-06-29,IRCTC,72.11,62.0,68.33,92.25,78.5,2026-06-29,tracker_enrich_derived
2026-08-15,IRCTC,78.62,73.75,75.0,93.0,78.5,2026-08-15,compute_fund_scores_from_db
2026-06-22,IREDA,60.36,65.0,55.0,51.67,68.5,2026-06-22,tracker_enrich_derived
2026-08-15,IREDA,76.73,78.33,92.5,60.0,68.5,2026-08-15,compute_fund_scores_from_db
2026-06-22,IRFC,60.02,55.0,55.0,70.0,68.5,2026-06-22,tracker_enrich_derived
2026-06-22,IRIS,73.07,75.6,73.33,76.75,61.0,2026-06-22,tracker_enrich_derived
2026-06-22,IRMENERGY,63.42,61.0,61.67,69.25,65.0,2026-06-22,tracker_enrich_derived
2026-07-31,ISGEC,57.61,40.0,68.33,67.5,73.5,2026-07-31,tracker_enrich_derived
2026-08-03,ITBETA,55.0,55.0,55.0,55.0,55.0,2026-08-03,tracker_enrich_derived
2026-06-29,ITC,64.3,52.0,45.0,92.25,92.0,2026-06-29,tracker_enrich_derived
2026-08-15,ITC,65.65,48.75,55.0,93.0,92.0,2026-08-15,compute_fund_scores_from_db
2026-06-22,ITCHOTELS,81.63,92.0,78.33,73.0,71.0,2026-06-22,tracker_enrich_derived
2026-08-15,ITCHOTELS,70.74,77.5,62.5,67.33,71.0,2026-08-15,compute_fund_scores_from_db
2026-06-17,ITDC,62.73,64.0,40.0,88.0,63.5,2026-06-17,tracker_enrich_derived
2026-06-22,ITI,67.94,81.25,66.67,46.25,63.5,2026-06-22,tracker_enrich_derived
2026-06-22,IVALUE,75.77,74.0,76.67,85.5,66.0,2026-06-22,tracker_enrich_derived
2026-07-06,IVP,59.27,55.0,55.0,70.0,63.5,2026-07-06,tracker_enrich_derived
2026-07-07,IVZINGOLD,55.0,55.0,55.0,55.0,55.0,2026-07-07,tracker_enrich_derived
2026-06-22,IXIGO,78.42,79.0,76.67,69.25,92.0,2026-06-22,tracker_enrich_derived
2026-07-10,IZMO,71.46,67.6,91.67,65.5,56.0,2026-07-10,tracker_enrich_derived
2025-08-11,J&KBANK,61.46,70.95,56.0,54.17,55.0,,organized/data/fundamental_scores_database.csv
2026-07-03,J&KBANK,68.08,83.75,55.0,51.67,70.0,2026-07-03,tracker_enrich_derived
2026-06-22,JAGSNPHARM,59.27,55.0,55.0,70.0,63.5,2026-06-22,tracker_enrich_derived
2026-06-22,JAICORPLTD,70.18,87.0,45.0,73.0,63.5,2026-06-22,tracker_enrich_derived
2026-06-22,JAINREC,74.76,70.0,88.33,68.25,73.5,2026-06-22,tracker_enrich_derived
2026-08-15,JAINREC,84.64,85.0,95.0,79.33,73.5,2026-08-15,compute_fund_scores_from_db
2025-08-11,JAMNAAUTO,48.3,49.57,35.62,56.59,55.0,,organized/data/fundamental_scores_database.csv
2026-07-07,JAMNAAUTO,80.11,83.6,76.67,88.0,66.0,2026-07-07,tracker_enrich_derived
2026-06-22,JARO,60.1,55.0,55.0,73.0,65.0,2026-06-22,tracker_enrich_derived
2026-06-22,JASH,67.15,60.0,80.0,73.75,56.0,2026-06-22,tracker_enrich_derived
2026-06-29,JAYBARMARU,76.91,89.6,71.67,70.75,60.0,2026-06-29,tracker_enrich_derived
2026-06-29,JAYKAY,78.14,84.0,81.67,73.0,63.5,2026-06-29,tracker_enrich_derived
2025-08-11,JAYNECOIND,54.22,51.96,51.0,62.17,55.0,,organized/data/fundamental_scores_database.csv
2025-08-11,JBCHEPHARM,62.27,64.78,64.0,60.52,55.0,,organized/data/fundamental_scores_database.csv
2026-06-29,JBCHEPHARM,66.52,63.0,51.67,85.0,76.0,2026-06-29,tracker_enrich_derived
2025-08-11,JBMA,56.91,66.09,45.71,53.96,55.0,,organized/data/fundamental_scores_database.csv
2026-07-07,JBMA,71.3,78.6,78.33,53.75,63.5,2026-07-07,tracker_enrich_derived
2026-06-22,JGCHEM,68.53,59.0,75.0,79.5,68.5,2026-06-22,tracker_enrich_derived
2025-08-11,JINDALPOLY,64.1,65.65,70.0,60.45,55.0,,organized/data/fundamental_scores_database.csv
2026-08-13,JINDALPOLY,40.67,28.75,30.0,60.75,63.5,2026-08-13,tracker_enrich_derived
2026-06-17,JINDALSAW,53.62,44.0,40.0,71.25,78.5,2026-06-17,tracker_enrich_derived
2025-08-11,JINDALSTEL,54.81,56.52,49.29,58.12,55.0,,organized/data/fundamental_scores_database.csv
2026-07-08,JINDALSTEL,72.77,74.6,70.0,64.5,83.5,2026-07-08,tracker_enrich_derived
2026-06-18,JINDRILL,73.59,71.0,81.67,76.25,63.5,2026-06-18,tracker_enrich_derived
2026-06-22,JIOFIN,68.18,64.0,88.33,49.25,71.0,2026-06-22,tracker_enrich_derived
2026-08-15,JIOFIN,71.7,66.25,95.0,54.0,71.0,2026-08-15,compute_fund_scores_from_db
2026-06-23,JKCEMENT,79.37,83.6,78.33,71.0,81.0,2026-06-23,tracker_enrich_derived
2026-08-15,JKCEMENT,78.18,80.75,80.0,68.67,81.0,2026-08-15,compute_fund_scores_from_db
2026-06-23,JKIL,71.17,63.6,73.33,80.0,76.0,2026-06-23,tracker_enrich_derived
2026-06-29,JKLAKSHMI,74.77,81.6,68.33,68.25,76.0,2026-06-29,tracker_enrich_derived
2026-06-22,JKPAPER,59.29,47.6,65.0,63.75,75.0,2026-06-22,tracker_enrich_derived
2026-06-22,JKTYRE,71.86,75.6,61.67,71.0,80.0,2026-06-22,tracker_enrich_derived
2026-08-15,JKTYRE,76.53,88.25,65.0,68.67,75.0,2026-08-15,compute_fund_scores_from_db
2026-06-24,JLHL,75.98,74.0,78.33,77.0,76.0,2026-06-24,tracker_enrich_derived
2026-06-29,JMFINANCIL,65.28,78.0,48.33,53.75,75.0,2026-06-29,tracker_enrich_derived
2026-06-16,JNKINDIA,81.85,85.6,93.33,66.25,73.5,2026-06-16,tracker_enrich_derived
2026-08-15,JNKINDIA,82.15,80.0,92.5,80.0,73.5,2026-08-15,compute_fund_scores_from_db
2026-07-08,JSFB,53.9,55.0,55.0,45.0,61.0,2026-07-08,tracker_enrich_derived
2026-07-09,JSL,75.22,77.6,65.0,77.0,83.5,2026-07-09,tracker_enrich_derived
2026-08-15,JSL,77.41,83.25,65.0,76.67,83.5,2026-08-15,compute_fund_scores_from_db
2026-07-09,JSLL,79.39,80.0,76.67,89.75,68.5,2026-07-09,tracker_enrich_derived
2026-06-17,JSWCEMENT,64.39,53.25,71.67,70.75,73.5,2026-06-17,tracker_enrich_derived
2026-07-08,JSWENERGY,78.14,83.0,86.67,53.75,83.5,2026-07-08,tracker_enrich_derived
2026-06-17,JSWINFRA,75.59,75.0,81.67,70.75,73.5,2026-06-17,tracker_enrich_derived
2026-08-15,JSWINFRA,75.69,72.5,85.0,68.33,78.5,2026-08-15,compute_fund_scores_from_db
2025-08-11,JSWSTEEL,47.74,48.48,39.29,51.4,55.0,,organized/data/fundamental_scores_database.csv
2026-07-08,JSWSTEEL,77.14,89.6,65.0,68.25,76.0,2026-07-08,tracker_enrich_derived
2025-08-11,JTEKTINDIA,51.54,50.22,47.0,57.27,55.0,,organized/data/fundamental_scores_database.csv
2026-07-08,JTEKTINDIA,73.84,71.0,76.67,76.25,73.5,2026-07-08,tracker_enrich_derived
2026-08-13,JUBLCPL,73.58,73.6,71.67,83.5,63.5,2026-08-13,tracker_enrich_derived
2026-08-15,JUBLCPL,71.58,71.25,62.5,89.67,63.5,2026-08-15,compute_fund_scores_from_db
2026-06-29,JUBLFOOD,76.51,79.6,76.67,66.75,81.0,2026-06-29,tracker_enrich_derived
2026-08-15,JUBLFOOD,79.33,83.75,87.5,59.0,81.0,2026-08-15,compute_fund_scores_from_db
2026-07-08,JUBLINGREA,69.49,70.6,60.0,74.25,76.0,2026-07-08,tracker_enrich_derived
2026-07-09,JUBLPHARMA,62.53,53.25,68.33,63.75,76.0,2026-07-09,tracker_enrich_derived
2026-06-18,JUNIORBEES,55.0,55.0,55.0,55.0,55.0,2026-06-18,tracker_enrich_derived
2026-06-22,JUNIPER,72.94,76.25,71.67,63.75,78.5,2026-06-22,tracker_enrich_derived
2026-06-22,JUSTDIAL,78.89,89.0,76.67,65.5,73.5,2026-06-22,tracker_enrich_derived
2026-06-29,JWL,47.09,41.0,41.67,50.0,68.5,2026-06-29,tracker_enrich_derived
2026-06-29,JYOTHYLAB,66.7,59.6,53.33,85.0,83.5,2026-06-29,tracker_enrich_derived
2026-06-22,JYOTICNC,71.61,66.25,78.33,68.75,78.5,2026-06-22,tracker_enrich_derived
2026-06-23,KABRAEXTRU,50.86,46.25,43.33,60.0,63.5,2026-06-23,tracker_enrich_derived
2026-08-15,KABRAEXTRU,41.35,30.0,32.5,58.5,63.5,2026-08-15,compute_fund_scores_from_db
2026-06-18,KAJARIACER,79.49,85.6,65.0,88.0,76.0,2026-06-18,tracker_enrich_derived
2026-08-15,KAJARIACER,75.92,83.25,55.0,87.33,76.0,2026-08-15,compute_fund_scores_from_db
2026-06-22,KALAMANDIR,57.77,55.0,55.0,55.0,73.5,2026-06-22,tracker_enrich_derived
2026-06-29,KALPATARU,75.49,88.25,76.67,50.0,73.5,2026-06-29,tracker_enrich_derived
2026-06-29,KALYANKJIL,76.74,76.0,76.67,73.25,83.5,2026-06-29,tracker_enrich_derived
2026-08-15,KALYANKJIL,84.61,85.0,95.0,71.67,83.5,2026-08-15,compute_fund_scores_from_db
2026-06-22,KAMATHOTEL,54.32,39.0,56.67,74.0,65.0,2026-06-22,tracker_enrich_derived
2026-07-24,KANPRPLA,76.81,87.0,68.33,77.0,63.5,2026-07-24,tracker_enrich_derived
2026-06-22,KANSAINER,56.43,42.0,50.0,76.75,78.5,2026-06-22,tracker_enrich_derived
2026-07-10,KAPSTON,75.78,79.0,78.33,59.25,85.0,2026-07-10,tracker_enrich_derived
2026-06-18,KARURVYSYA,62.8,55.0,55.0,82.0,71.0,2026-06-18,tracker_enrich_derived
2026-08-15,KARURVYSYA,79.9,92.5,85.0,55.0,71.0,2026-08-15,compute_fund_scores_from_db
2026-07-22,KAYA,44.75,45.0,40.0,35.0,65.0,2026-07-22,tracker_enrich_derived
2026-06-29,KAYNES,80.94,84.6,95.0,60.5,75.0,2026-06-29,tracker_enrich_derived
2026-06-22,KCP,71.51,83.6,61.67,67.5,61.0,2026-06-22,tracker_enrich_derived
2026-06-22,KDDL,64.49,55.6,75.0,65.0,70.0,2026-06-22,tracker_enrich_derived
2026-06-22,KEC,69.98,75.0,68.33,54.5,80.0,2026-06-22,tracker_enrich_derived
2026-08-15,KEC,70.57,70.0,70.0,65.33,80.0,2026-08-15,compute_fund_scores_from_db
2026-07-28,KECL,59.45,56.0,65.0,58.25,61.0,2026-07-28,tracker_enrich_derived
2025-08-11,KEI,64.52,63.91,75.0,59.78,55.0,,organized/data/fundamental_scores_database.csv
2026-07-08,KEI,84.07,85.0,86.67,85.0,76.0,2026-07-08,tracker_enrich_derived
2026-08-15,KEI,81.62,83.75,87.5,90.0,55.0,2026-08-15,compute_fund_scores_from_db
2026-07-08,KENNAMET,68.63,69.6,56.67,78.0,73.5,2026-07-08,tracker_enrich_derived
2026-06-16,KERNEX,82.9,93.75,95.0,70.0,51.0,2026-06-16,tracker_enrich_derived
2026-06-22,KFINTECH,71.72,63.0,71.67,89.75,71.0,2026-06-22,tracker_enrich_derived
2026-06-22,KILITCH,84.38,87.0,88.33,73.75,85.0,2026-06-22,tracker_enrich_derived
2026-06-17,KIMS,56.91,33.6,81.67,58.25,76.0,2026-06-17,tracker_enrich_derived
2026-08-15,KIMS,59.73,38.75,90.0,51.67,76.0,2026-08-15,compute_fund_scores_from_db
2026-07-22,KIOCL,54.27,55.0,55.0,45.0,63.5,2026-07-22,tracker_enrich_derived
2026-06-29,KIRIINDUS,66.5,70.0,70.0,51.75,71.0,2026-06-29,tracker_enrich_derived
2026-07-20,KIRLFER,74.71,83.6,61.67,76.75,70.0,2026-07-20,tracker_enrich_derived
2026-06-18,KIRLOSBROS,64.02,45.6,70.0,82.5,78.5,2026-06-18,tracker_enrich_derived
2025-08-11,KIRLOSENG,56.56,55.22,61.0,54.88,55.0,,organized/data/fundamental_scores_database.csv
2026-06-29,KIRLOSENG,79.17,83.6,83.33,67.5,76.0,2026-06-29,tracker_enrich_derived
2026-06-22,KIRLOSIND,65.73,68.6,61.67,66.75,63.5,2026-06-22,tracker_enrich_derived
2026-06-29,KIRLPNU,85.5,90.0,85.0,88.0,71.0,2026-06-29,tracker_enrich_derived
2026-08-15,KIRLPNU,82.45,88.75,80.0,93.5,55.0,2026-08-15,compute_fund_scores_from_db
2026-07-20,KISSHT,72.0,74.0,80.0,62.5,66.0,2026-07-20,tracker_enrich_derived
2026-08-15,KISSHT,77.86,76.25,92.5,71.67,66.0,2026-08-15,compute_fund_scores_from_db
2025-08-11,KITEX,52.69,53.1,47.0,57.25,55.0,,organized/data/fundamental_scores_database.csv
2026-06-22,KITEX,49.08,46.25,43.33,53.75,60.0,2026-06-22,tracker_enrich_derived
2026-07-03,KKCL,68.47,53.6,80.0,80.0,73.5,2026-07-03,tracker_enrich_derived
2026-07-10,KLBRENG-B,81.98,86.0,93.33,71.75,66.0,2026-07-10,tracker_enrich_derived
2026-06-18,KMEW,69.15,76.0,60.0,66.25,70.0,2026-06-18,tracker_enrich_derived
2026-08-15,KMEW,81.06,91.25,77.5,72.67,71.0,2026-08-15,compute_fund_scores_from_db
2026-06-22,KNRCON,48.4,45.0,30.0,57.5,76.0,2026-06-22,tracker_enrich_derived
2026-07-20,KOLTEPATIL,38.67,28.75,30.0,43.25,73.5,2026-07-20,tracker_enrich_derived
2026-06-22,KOTAKBANK,57.48,47.5,55.0,66.67,76.0,2026-06-22,tracker_enrich_derived
2026-08-15,KOTAKBANK,56.48,38.33,75.0,55.0,76.0,2026-08-15,compute_fund_scores_from_db
2026-07-03,KOTHARIPET,61.27,55.0,55.0,80.0,63.5,2026-07-03,tracker_enrich_derived
2026-07-06,KOTIC,47.67,28.75,71.67,49.25,56.0,2026-07-06,tracker_enrich_derived
2026-06-22,KPEL,83.7,92.0,95.0,73.75,56.0,2026-06-22,tracker_enrich_derived
2026-06-22,KPIGREEN,82.53,93.0,93.33,60.5,66.0,2026-06-22,tracker_enrich_derived
2026-08-15,KPIGREEN,84.82,93.75,95.0,68.33,66.0,2026-08-15,compute_fund_scores_from_db
2026-06-17,KPIL,82.67,87.0,86.67,74.0,76.0,2026-06-17,tracker_enrich_derived
2026-08-15,KPIL,81.01,85.0,87.5,68.67,76.0,2026-08-15,compute_fund_scores_from_db
2026-06-22,KPITTECH,70.36,58.6,76.67,85.5,71.0,2026-06-22,tracker_enrich_derived
2026-08-15,KPITTECH,68.38,50.75,82.5,84.0,71.0,2026-08-15,compute_fund_scores_from_db
2026-08-10,KPL,74.63,82.0,73.33,68.75,65.0,2026-08-10,tracker_enrich_derived
2025-08-11,KPRMILL,48.19,51.96,30.56,57.59,55.0,,organized/data/fundamental_scores_database.csv
2026-06-18,KPRMILL,72.09,66.0,66.67,82.5,83.5,2026-06-18,tracker_enrich_derived
2026-08-15,KPRMILL,67.58,63.25,55.0,80.0,83.5,2026-08-15,compute_fund_scores_from_db
2026-06-22,KRBL,68.65,67.6,58.33,80.0,73.5,2026-06-22,tracker_enrich_derived
2026-08-15,KRBL,70.41,74.5,60.0,76.67,68.5,2026-08-15,compute_fund_scores_from_db
2025-08-11,KRISHANA,51.08,49.57,47.5,55.65,55.0,,organized/data/fundamental_scores_database.csv
2026-07-08,KRISHANA,63.68,55.0,55.0,92.0,63.5,2026-07-08,tracker_enrich_derived
2026-07-22,KRISHIVAL,72.65,70.0,95.0,66.25,51.0,2026-07-22,tracker_enrich_derived
2026-06-29,KRISHNADEF,84.25,92.0,80.0,92.25,60.0,2026-06-29,tracker_enrich_derived
2025-08-11,KRN,59.53,59.35,64.17,57.5,55.0,,organized/data/fundamental_scores_database.csv
2026-08-13,KRN,82.8,87.6,93.33,63.25,78.5,2026-08-13,tracker_enrich_derived
2026-06-17,KRONOX,63.68,55.0,55.0,92.0,63.5,2026-06-17,tracker_enrich_derived
2026-06-22,KROSS,58.77,55.0,55.0,60.0,73.5,2026-06-22,tracker_enrich_derived
2026-07-24,KRSNAA,77.07,89.0,71.67,68.25,66.0,2026-07-24,tracker_enrich_derived
2026-07-03,KRYSTAL,73.53,75.0,80.0,66.25,68.5,2026-07-03,tracker_enrich_derived
2025-08-11,KSB,51.13,49.57,47.0,56.52,55.0,,organized/data/fundamental_scores_database.csv
2026-07-08,KSB,57.46,45.0,48.33,78.0,78.5,2026-07-08,tracker_enrich_derived
2026-06-23,KSCL,59.91,48.0,58.33,71.75,78.5,2026-06-23,tracker_enrich_derived
2026-06-29,KSHINTL,63.93,55.0,55.0,82.0,78.5,2026-06-29,tracker_enrich_derived
2026-07-08,KSL,64.03,66.0,50.0,70.5,73.5,2026-07-08,tracker_enrich_derived
2026-07-16,KSOLVES,66.55,63.0,60.0,86.75,60.0,2026-07-16,tracker_enrich_derived
2025-08-11,KTKBANK,51.62,55.0,40.83,55.83,55.0,,organized/data/fundamental_scores_database.csv
2026-07-07,KTKBANK,61.72,65.0,55.0,48.33,82.0,2026-07-07,tracker_enrich_derived
2026-08-15,KTKBANK,58.42,55.0,52.5,55.0,82.0,2026-08-15,compute_fund_scores_from_db
2026-06-17,LALPATHLAB,77.52,75.0,71.67,88.0,80.0,2026-06-17,tracker_enrich_derived
2026-08-15,LALPATHLAB,76.22,70.0,75.0,87.33,80.0,2026-08-15,compute_fund_scores_from_db
2026-06-23,LANDMARK,66.78,67.0,68.33,57.5,76.0,2026-06-23,tracker_enrich_derived
2026-06-23,LAOPALA,59.52,55.0,55.0,60.0,78.5,2026-06-23,tracker_enrich_derived
2026-06-29,LATENTVIEW,75.96,74.0,78.33,82.5,68.5,2026-06-29,tracker_enrich_derived
2025-08-11,LAURUSLABS,73.1,75.22,90.0,61.3,55.0,,organized/data/fundamental_scores_database.csv
2026-06-29,LAURUSLABS,75.32,80.0,66.67,80.0,71.0,2026-06-29,tracker_enrich_derived
2026-07-03,LAXMIDENTL,69.97,60.75,81.67,65.5,81.0,2026-07-03,tracker_enrich_derived
2026-06-23,LEMONTREE,76.92,89.0,71.67,67.5,66.0,2026-06-23,tracker_enrich_derived
2026-06-23,LENSKART,72.65,73.75,85.0,63.75,61.0,2026-06-23,tracker_enrich_derived
2026-06-23,LGEINDIA,63.18,55.0,55.0,82.0,73.5,2026-06-23,tracker_enrich_derived
2026-06-25,LIBERTSHOE,48.01,33.6,61.67,50.75,60.0,2026-06-25,tracker_enrich_derived
2026-06-18,LICHSGFIN,62.73,66.25,55.0,51.67,81.0,2026-06-18,tracker_enrich_derived
2026-08-15,LICHSGFIN,65.82,66.67,60.0,60.0,81.0,2026-08-15,compute_fund_scores_from_db
2026-06-23,LICI,74.34,78.0,71.67,78.5,63.5,2026-06-23,tracker_enrich_derived
2026-08-15,LICI,73.88,73.75,65.0,93.0,63.5,2026-08-15,compute_fund_scores_from_db
2026-06-29,LICMFGOLD,55.0,55.0,55.0,55.0,55.0,2026-06-29,tracker_enrich_derived
2026-06-24,LINC,59.75,50.6,58.33,77.0,63.5,2026-06-24,tracker_enrich_derived
2026-06-25,LINCOLN,65.77,57.6,68.33,82.5,61.0,2026-06-25,tracker_enrich_derived
2026-06-29,LINDEINDIA,64.73,68.0,40.0,82.5,73.5,2026-06-29,tracker_enrich_derived
2026-08-15,LINDEINDIA,74.53,81.25,60.0,80.0,73.5,2026-08-15,compute_fund_scores_from_db
2026-07-03,LIQGRWBEES,55.0,55.0,55.0,55.0,55.0,2026-07-03,tracker_enrich_derived
2026-06-23,LIQUID,55.0,55.0,55.0,55.0,55.0,2026-06-23,tracker_enrich_derived
2026-06-18,LIQUID1,55.0,55.0,55.0,55.0,55.0,2026-06-18,tracker_enrich_derived
2026-06-18,LIQUIDADD,55.0,55.0,55.0,55.0,55.0,2026-06-18,tracker_enrich_derived
2026-06-23,LIQUIDBEES,55.0,55.0,55.0,55.0,55.0,2026-06-23,tracker_enrich_derived
2026-06-18,LIQUIDBETF,55.0,55.0,55.0,55.0,55.0,2026-06-18,tracker_enrich_derived
2026-06-18,LIQUIDCASE,55.0,55.0,55.0,55.0,55.0,2026-06-18,tracker_enrich_derived
2026-06-24,LIQUIDETF,55.0,55.0,55.0,55.0,55.0,2026-06-24,tracker_enrich_derived
2026-06-23,LIQUIDIETF,55.0,55.0,55.0,55.0,55.0,2026-06-23,tracker_enrich_derived
2026-08-15,LIQUIDIETF,55.0,55.0,55.0,55.0,55.0,2026-08-15,2026-08-15
2026-06-18,LIQUIDPLUS,55.0,55.0,55.0,55.0,55.0,2026-06-18,tracker_enrich_derived
2025-08-11,LLOYDSME,52.0,54.13,42.14,57.83,55.0,,organized/data/fundamental_scores_database.csv
2026-07-08,LLOYDSME,85.19,93.75,91.67,72.5,68.5,2026-07-08,tracker_enrich_derived
2026-08-15,LLOYDSME,88.83,93.33,95.0,87.33,68.5,2026-08-15,compute_fund_scores_from_db
2026-07-08,LODHA,79.16,86.0,78.33,63.25,83.5,2026-07-08,tracker_enrich_derived
2026-07-28,LORDSCHLO,56.27,55.0,55.0,55.0,63.5,2026-07-28,tracker_enrich_derived
2026-06-23,LOTUSDEV,78.33,77.0,95.0,71.25,63.5,2026-06-23,tracker_enrich_derived
2026-07-16,LOTUSEYE,53.15,55.0,55.0,45.0,56.0,2026-07-16,tracker_enrich_derived
2025-08-11,LOYALTEX,69.75,71.74,86.0,56.52,55.0,,organized/data/fundamental_scores_database.csv
2026-06-18,LT,75.91,73.6,81.67,61.25,92.0,2026-06-18,tracker_enrich_derived
2026-06-23,LTF,65.69,76.25,55.0,48.33,78.5,2026-06-23,tracker_enrich_derived
2026-08-15,LTF,73.53,80.0,75.0,55.0,78.5,2026-08-15,compute_fund_scores_from_db
2026-06-23,LTFOODS,67.02,53.0,76.67,77.0,75.0,2026-06-23,tracker_enrich_derived
2026-06-29,LTM,72.87,69.6,65.0,85.0,78.5,2026-06-29,tracker_enrich_derived
2026-06-29,LTTS,68.63,59.6,61.67,88.0,78.5,2026-06-29,tracker_enrich_derived
2026-08-15,LTTS,71.29,58.25,75.0,87.33,78.5,2026-08-15,compute_fund_scores_from_db
2025-08-11,LUMAXIND,57.69,63.91,53.33,52.7,55.0,,organized/data/fundamental_scores_database.csv
2026-08-03,LUMAXIND,78.62,79.0,85.0,73.75,73.5,2026-08-03,tracker_enrich_derived
2025-08-11,LUMAXTECH,54.51,63.83,39.22,54.64,55.0,,organized/data/fundamental_scores_database.csv
2026-07-08,LUMAXTECH,80.67,78.6,88.33,75.75,80.0,2026-07-08,tracker_enrich_derived
2025-08-11,LUPIN,50.61,50.65,42.14,57.83,55.0,,organized/data/fundamental_scores_database.csv
2026-07-07,LUPIN,86.47,93.0,76.67,89.75,81.0,2026-07-07,tracker_enrich_derived
2026-08-15,LUPIN,83.42,93.75,87.5,79.0,55.0,2026-08-15,compute_fund_scores_from_db
2026-07-10,LUXIND,58.64,48.0,76.67,50.0,68.5,2026-07-10,tracker_enrich_derived
2026-06-23,LXCHEM,47.77,31.0,50.0,63.0,68.5,2026-06-23,tracker_enrich_derived
2026-06-25,M&M,75.24,79.6,80.0,63.75,71.0,2026-06-25,tracker_enrich_derived
2026-06-24,M&MFIN,69.83,82.5,55.0,51.67,85.0,2026-06-24,tracker_enrich_derived
2026-08-15,M&MFIN,78.75,85.0,80.0,60.0,85.0,2026-08-15,compute_fund_scores_from_db
2026-07-29,MAANALU,43.38,32.5,25.0,75.67,60.0,2026-07-29,tracker_enrich_derived
2026-06-20,MACPOWER,50.27,40.0,55.0,55.0,63.5,2026-06-20,tracker_enrich_derived
2026-06-18,MAFANG,55.0,55.0,55.0,55.0,55.0,2026-06-18,tracker_enrich_derived
2026-07-10,MAFATIND,73.51,62.0,93.33,79.25,63.5,2026-07-10,tracker_enrich_derived
2026-08-03,MAGADSUGAR,54.27,55.0,55.0,45.0,63.5,2026-08-03,tracker_enrich_derived
2026-08-15,MAHABANK,83.52,91.67,87.5,66.0,78.5,2026-08-15,compute_fund_scores_from_db
2025-08-11,MAHAPEX,10.0,10.0,10.0,10.0,10.0,,organized/data/fundamental_scores_database.csv
2026-06-25,MAHEPC,66.1,67.5,75.0,56.75,60.0,2026-06-25,tracker_enrich_derived
2026-06-23,MAHLIFE,77.43,70.0,93.33,70.5,80.0,2026-06-23,tracker_enrich_derived
2025-08-11,MAHLOG,57.28,60.43,53.33,57.61,55.0,,organized/data/fundamental_scores_database.csv
2026-07-08,MAHLOG,69.03,73.0,63.33,63.75,75.0,2026-07-08,tracker_enrich_derived
2026-06-18,MAHSEAMLES,55.91,42.6,50.0,76.75,73.5,2026-06-18,tracker_enrich_derived
2026-06-22,MAITHANALL,55.35,36.6,68.33,70.5,63.5,2026-06-22,tracker_enrich_derived
2026-07-16,MAKEINDIA,55.0,55.0,55.0,55.0,55.0,2026-07-16,tracker_enrich_derived
2026-06-23,MAMATA,47.49,28.0,56.67,63.0,63.5,2026-06-23,tracker_enrich_derived
2026-06-23,MANAKCOAT,70.85,73.0,80.0,63.25,60.0,2026-06-23,tracker_enrich_derived
2026-06-18,MANAPPURAM,50.07,42.5,55.0,43.33,71.0,2026-06-18,tracker_enrich_derived
2026-08-15,MANAPPURAM,45.27,25.0,57.5,47.5,76.0,2026-08-15,compute_fund_scores_from_db
2026-06-23,MANBA,57.27,55.0,55.0,60.0,63.5,2026-06-23,tracker_enrich_derived
2026-06-16,MANCREDIT,59.92,68.75,55.0,48.33,60.0,2026-06-16,tracker_enrich_derived
2026-06-22,MANGLMCEM,59.65,55.0,55.0,70.0,66.0,2026-06-22,tracker_enrich_derived
2025-08-11,MANINDS,69.25,75.0,76.0,60.0,55.0,,organized/data/fundamental_scores_database.csv
2026-07-07,MANINDS,69.07,63.6,78.33,74.5,61.0,2026-07-07,tracker_enrich_derived
2026-06-29,MANINFRA,45.02,36.6,30.0,63.0,68.5,2026-06-29,tracker_enrich_derived
2026-06-18,MANKIND,70.43,66.0,70.0,73.75,78.5,2026-06-18,tracker_enrich_derived
2026-08-15,MANKIND,70.19,58.75,85.0,68.33,78.5,2026-08-15,compute_fund_scores_from_db
2026-07-17,MANOMAY,58.75,55.0,55.0,70.0,60.0,2026-07-17,tracker_enrich_derived
2026-06-18,MANORAMA,79.55,78.0,85.0,86.75,65.0,2026-06-18,tracker_enrich_derived
2026-06-29,MANYAVAR,68.12,60.0,60.0,86.75,78.5,2026-06-29,tracker_enrich_derived
2026-06-29,MAPMYINDIA,73.63,66.0,78.33,82.0,75.0,2026-06-29,tracker_enrich_derived
2026-07-03,MARATHON,59.35,70.0,30.0,63.0,75.0,2026-07-03,tracker_enrich_derived
2025-08-11,MARICO,55.39,53.7,55.0,59.57,55.0,,organized/data/fundamental_scores_database.csv
2026-07-07,MARICO,70.87,59.6,68.33,89.75,80.0,2026-07-07,tracker_enrich_derived
2026-08-15,MARICO,77.86,68.25,82.5,89.67,80.0,2026-08-15,compute_fund_scores_from_db
2026-06-16,MARINE,79.24,87.0,86.67,66.25,63.5,2026-06-16,tracker_enrich_derived
2026-08-15,MARINE,79.48,85.0,82.5,76.67,63.5,2026-08-15,compute_fund_scores_from_db
2026-06-18,MARKOLINES,71.37,81.6,68.33,63.25,60.0,2026-06-18,tracker_enrich_derived
2026-06-16,MARKSANS,77.43,78.0,78.33,80.0,71.0,2026-06-16,tracker_enrich_derived
2026-08-15,MARKSANS,75.48,73.75,80.0,76.67,71.0,2026-08-15,compute_fund_scores_from_db
2026-06-29,MARSONS,84.6,91.25,95.0,76.75,60.0,2026-06-29,tracker_enrich_derived
2026-06-23,MARUTI,72.72,61.6,78.33,82.5,80.0,2026-06-23,tracker_enrich_derived
2026-06-24,MASFIN,70.36,83.75,55.0,56.67,78.5,2026-06-24,tracker_enrich_derived
2026-07-10,MASTEK,67.14,60.6,65.0,80.0,71.0,2026-07-10,tracker_enrich_derived
2026-07-06,MATRIMONY,59.99,45.6,55.0,80.0,80.0,2026-07-06,tracker_enrich_derived
2025-08-11,MAWANASUG,62.19,56.3,81.0,55.83,55.0,,organized/data/fundamental_scores_database.csv
2026-08-10,MAWANASUG,50.48,31.0,65.0,61.5,63.5,2026-08-10,tracker_enrich_derived
2026-07-03,MAXESTATES,50.78,31.0,73.33,43.25,76.0,2026-07-03,tracker_enrich_derived
2026-06-23,MAXHEALTH,76.77,82.0,76.67,70.75,71.0,2026-06-23,tracker_enrich_derived
2026-07-23,MAXIND,68.73,71.25,73.33,60.0,66.0,2026-07-23,tracker_enrich_derived
2026-06-16,MAYURUNIQ,80.27,89.0,71.67,85.0,65.0,2026-06-16,tracker_enrich_derived
2026-07-06,MAZDA,56.15,55.0,55.0,60.0,56.0,2026-07-06,tracker_enrich_derived
2026-06-23,MAZDOCK,70.17,63.6,75.0,78.5,68.5,2026-06-23,tracker_enrich_derived
2025-08-11,MBAPL,66.71,73.7,70.0,57.39,55.0,,organized/data/fundamental_scores_database.csv
2026-07-08,MBAPL,63.68,55.0,55.0,92.0,63.5,2026-07-08,tracker_enrich_derived
2026-06-29,MBEL,73.31,74.0,73.33,71.75,73.5,2026-06-29,tracker_enrich_derived
2026-06-23,MCX,93.6,94.0,95.0,92.25,92.0,2026-06-23,tracker_enrich_derived
2026-06-18,MEDANTA,78.45,86.0,75.0,77.0,66.0,2026-06-18,tracker_enrich_derived
2026-08-15,MEDANTA,80.73,83.75,85.0,76.67,71.0,2026-08-15,compute_fund_scores_from_db
2026-06-23,MEDIASSIST,70.43,64.0,78.33,73.0,71.0,2026-06-23,tracker_enrich_derived
2026-06-23,MEDPLUS,76.08,83.0,68.33,68.25,81.0,2026-06-23,tracker_enrich_derived
2026-06-29,MEESHO,74.42,81.25,81.67,65.5,56.0,2026-06-29,tracker_enrich_derived
2025-08-11,MEGAFLEX,54.67,53.04,55.0,57.27,55.0,,organized/data/fundamental_scores_database.csv
2025-08-11,MENONBE,52.38,55.43,40.71,58.86,55.0,,organized/data/fundamental_scores_database.csv
2026-06-29,MENONBE,78.23,84.0,80.0,75.5,63.5,2026-06-29,tracker_enrich_derived
2026-06-29,METROBRAND,69.91,71.0,63.33,73.25,73.5,2026-06-29,tracker_enrich_derived
2026-06-17,METROPOLIS,81.28,87.0,73.33,80.0,81.0,2026-06-17,tracker_enrich_derived
2026-06-23,MFSL,46.77,28.0,51.67,60.0,71.0,2026-06-23,tracker_enrich_derived
2026-08-15,MFSL,49.2,28.75,65.0,54.0,71.0,2026-08-15,compute_fund_scores_from_db
2026-07-08,MGL,58.74,39.6,60.0,82.5,76.0,2026-07-08,tracker_enrich_derived
2026-08-15,MGL,61.05,43.25,70.0,90.0,55.0,2026-08-15,compute_fund_scores_from_db
2026-06-29,MHLXMIRU,63.71,59.0,73.33,61.25,63.5,2026-06-29,tracker_enrich_derived
2026-06-23,MHRIL,59.52,50.0,65.0,57.5,78.5,2026-06-23,tracker_enrich_derived
2026-06-18,MID150BEES,55.0,55.0,55.0,55.0,55.0,2026-06-18,tracker_enrich_derived
2026-07-08,MIDHANI,76.49,77.0,81.67,71.25,73.5,2026-07-08,tracker_enrich_derived
2026-08-15,MIDHANI,70.7,72.5,75.0,73.5,55.0,2026-08-15,compute_fund_scores_from_db
2025-08-11,MINDACORP,49.42,50.22,40.71,54.55,55.0,,organized/data/fundamental_scores_database.csv
2026-06-29,MINDACORP,79.88,83.6,76.67,73.75,83.5,2026-06-29,tracker_enrich_derived
2026-06-29,MINDTECK,69.36,75.0,53.33,82.5,63.5,2026-06-29,tracker_enrich_derived
2026-06-23,MMFL,56.14,50.6,55.0,58.25,70.0,2026-06-23,tracker_enrich_derived
2026-06-22,MMP,67.44,55.0,86.67,71.25,63.5,2026-06-22,tracker_enrich_derived
2026-06-29,MOBIKWIK,64.82,73.75,56.67,60.0,61.0,2026-06-29,tracker_enrich_derived
2025-08-11,MODEFENCE,10.0,10.0,10.0,10.0,10.0,,organized/data/fundamental_scores_database.csv
2026-06-18,MODEFENCE,55.0,55.0,55.0,55.0,55.0,2026-06-18,tracker_enrich_derived
2026-07-03,MODIS,74.24,73.0,76.67,74.25,73.5,2026-07-03,tracker_enrich_derived
2026-07-07,MOGOLD,55.0,55.0,55.0,55.0,55.0,2026-07-07,tracker_enrich_derived
2026-07-09,MOIL,53.12,50.0,35.0,66.75,73.5,2026-07-09,tracker_enrich_derived
2026-07-23,MOLDTECH,53.88,28.0,73.33,76.75,60.0,2026-07-23,tracker_enrich_derived
2026-06-18,MOLDTKPAC,78.19,78.6,85.0,74.25,71.0,2026-06-18,tracker_enrich_derived
2026-08-03,MOM50,55.0,55.0,55.0,55.0,55.0,2026-08-03,tracker_enrich_derived
2026-06-17,MON100,55.0,55.0,55.0,55.0,55.0,2026-06-17,tracker_enrich_derived
2026-06-17,MONARCH,78.53,84.0,78.33,81.75,60.0,2026-06-17,tracker_enrich_derived
2026-08-15,MONARCH,84.22,91.25,85.0,87.33,60.0,2026-08-15,compute_fund_scores_from_db
2026-06-17,MONQ50,55.0,55.0,55.0,55.0,55.0,2026-06-17,tracker_enrich_derived
2026-07-06,MONTECARLO,60.97,62.0,55.0,64.5,63.5,2026-07-06,tracker_enrich_derived
2026-06-22,MOQUALITY,55.0,55.0,55.0,55.0,55.0,2026-06-22,tracker_enrich_derived
2026-06-23,MOSCHIP,71.7,73.0,80.0,74.25,51.0,2026-06-23,tracker_enrich_derived
2026-06-25,MOSILVER,55.0,55.0,55.0,55.0,55.0,2026-06-25,tracker_enrich_derived
2025-08-11,MOTHERSON,51.57,50.22,51.0,52.39,55.0,,organized/data/fundamental_scores_database.csv
2026-06-29,MOTHERSON,71.6,68.0,75.0,71.25,76.0,2026-06-29,tracker_enrich_derived
2026-06-20,MOTILALOFS,61.04,44.0,86.67,53.75,73.5,2026-06-20,tracker_enrich_derived
2026-08-15,MOTILALOFS,67.28,57.5,85.0,60.0,73.5,2026-08-15,compute_fund_scores_from_db
2026-07-06,MOVALUE,55.0,55.0,55.0,55.0,55.0,2026-07-06,tracker_enrich_derived
2026-06-29,MPHASIS,69.79,67.6,65.0,75.5,76.0,2026-06-29,tracker_enrich_derived
2026-08-15,MPHASIS,69.75,63.25,65.0,84.0,76.0,2026-08-15,compute_fund_scores_from_db
2026-07-06,MPSLTD,82.18,88.0,75.0,89.75,68.5,2026-07-06,tracker_enrich_derived
2025-08-11,MRF,49.41,46.67,44.17,57.27,55.0,,organized/data/fundamental_scores_database.csv
2026-06-29,MRPL,56.02,59.0,40.0,60.75,68.5,2026-06-29,tracker_enrich_derived
2026-06-22,MSTCLTD,64.56,55.0,68.33,76.0,68.5,2026-06-22,tracker_enrich_derived
2025-08-11,MSUMI,48.99,49.57,40.71,53.7,55.0,,organized/data/fundamental_scores_database.csv
2025-08-11,MTARTECH,50.93,52.17,43.57,54.58,55.0,,organized/data/fundamental_scores_database.csv
2026-06-17,MUFIN,71.32,95.0,55.0,48.33,66.0,2026-06-17,tracker_enrich_derived
2026-07-03,MUKANDLTD,67.38,84.0,45.0,65.0,63.5,2026-07-03,tracker_enrich_derived
2026-07-06,MUNJALAU,57.79,53.0,61.67,58.25,63.5,2026-07-06,tracker_enrich_derived
2026-07-06,MUNJALSHOW,54.27,55.0,55.0,45.0,63.5,2026-07-06,tracker_enrich_derived
2026-08-05,MUTHOOTCAP,56.27,55.0,55.0,55.0,63.5,2026-08-05,tracker_enrich_derived
2026-06-29,MUTHOOTFIN,76.69,93.75,55.0,68.33,78.5,2026-06-29,tracker_enrich_derived
2026-08-15,MUTHOOTFIN,90.53,95.0,95.0,85.0,78.5,2026-08-15,compute_fund_scores_from_db
2025-08-11,MUTHOOTMF,51.34,51.3,47.0,54.1,55.0,,organized/data/fundamental_scores_database.csv
2026-07-07,MUTHOOTMF,56.75,55.0,55.0,45.0,80.0,2026-07-07,tracker_enrich_derived
2026-07-08,MVGJL,59.27,55.0,55.0,70.0,63.5,2026-07-08,tracker_enrich_derived
2026-06-29,MWL,70.41,81.0,63.33,63.25,63.5,2026-06-29,tracker_enrich_derived
2025-08-11,NACLIND,72.94,76.09,94.0,53.8,55.0,,organized/data/fundamental_scores_database.csv
2026-07-09,NACLIND,64.08,70.0,68.33,50.0,60.0,2026-07-09,tracker_enrich_derived
2025-08-11,NAHARIND,10.0,10.0,10.0,10.0,10.0,,organized/data/fundamental_scores_database.csv
2026-08-10,NAHARINDUS,60.88,73.0,40.0,60.75,63.5,2026-08-10,tracker_enrich_derived
2026-08-06,NAHARPOLY,55.27,51.0,45.0,70.5,63.5,2026-08-06,tracker_enrich_derived
2026-08-03,NAHARSPING,54.27,55.0,55.0,45.0,63.5,2026-08-03,tracker_enrich_derived
2025-08-11,NAM-INDIA,52.09,50.65,51.0,54.17,55.0,,organized/data/fundamental_scores_database.csv
2026-07-06,NAM-INDIA,80.59,78.0,76.67,92.25,78.5,2026-07-06,tracker_enrich_derived
2026-08-15,NAM-INDIA,83.83,87.5,87.5,93.5,55.0,2026-08-15,compute_fund_scores_from_db
2026-07-23,NATCAPSUQ,54.9,46.25,75.0,43.25,60.0,2026-07-23,tracker_enrich_derived
2025-08-11,NATCOPHARM,53.91,54.13,47.0,61.3,55.0,,organized/data/fundamental_scores_database.csv
2026-07-08,NATCOPHARM,67.22,60.6,63.33,82.5,71.0,2026-07-08,tracker_enrich_derived
2025-08-11,NATIONALUM,72.1,76.09,86.0,59.58,55.0,,organized/data/fundamental_scores_database.csv
2026-07-08,NATIONALUM,78.7,80.0,65.0,92.25,80.0,2026-07-08,tracker_enrich_derived
2026-08-15,NATIONALUM,76.7,83.75,65.0,93.5,55.0,2026-08-15,compute_fund_scores_from_db
2026-07-06,NATIONSTD,57.5,55.0,55.0,45.0,85.0,2026-07-06,tracker_enrich_derived
2026-06-23,NAUKRI,81.5,93.75,75.0,69.25,76.0,2026-06-23,tracker_enrich_derived
2026-07-08,NAVA,59.67,41.0,71.67,74.25,70.0,2026-07-08,tracker_enrich_derived
2025-08-11,NAVINFLUOR,69.95,74.78,80.0,58.96,55.0,,organized/data/fundamental_scores_database.csv
2026-07-06,NAVINFLUOR,84.12,91.0,81.67,79.5,76.0,2026-07-06,tracker_enrich_derived
2026-06-23,NAVKARCORP,62.28,61.0,60.0,66.75,63.5,2026-06-23,tracker_enrich_derived
2026-06-29,NAVNETEDUL,61.6,46.6,63.33,76.75,78.5,2026-06-29,tracker_enrich_derived
2026-06-17,NAZARA,74.32,81.0,66.67,76.75,66.0,2026-06-17,tracker_enrich_derived
2026-08-15,NAZARA,77.53,73.75,80.0,90.67,66.0,2026-08-15,compute_fund_scores_from_db
2026-06-23,NBCC,83.11,86.0,78.33,86.75,78.5,2026-06-23,tracker_enrich_derived
2026-06-24,NCC,59.53,51.0,68.33,60.75,66.0,2026-06-24,tracker_enrich_derived
2026-07-09,NCLIND,71.19,88.6,45.0,76.75,61.0,2026-07-09,tracker_enrich_derived
2026-08-13,NDLVENTURE,44.32,35.75,50.0,36.25,68.5,2026-08-13,tracker_enrich_derived
2025-08-11,NDRAUTO,47.86,49.57,36.88,52.83,55.0,,organized/data/fundamental_scores_database.csv
2026-08-10,NDRAUTO,61.54,55.0,56.67,79.25,63.5,2026-08-10,tracker_enrich_derived
2026-06-22,NELCAST,68.83,72.0,65.0,71.25,63.5,2026-06-22,tracker_enrich_derived
2026-06-23,NELCO,52.4,45.0,50.0,60.75,65.0,2026-06-23,tracker_enrich_derived
2026-08-15,NELCO,45.62,32.5,47.5,55.0,65.0,2026-08-15,compute_fund_scores_from_db
2026-07-10,NEOGEN,57.71,47.6,71.67,43.75,80.0,2026-07-10,tracker_enrich_derived
2026-08-15,NEOGEN,52.35,35.75,70.0,61.5,55.0,2026-08-15,compute_fund_scores_from_db
2026-06-29,NEPHROPLUS,68.99,52.0,81.67,80.0,78.5,2026-06-29,tracker_enrich_derived
2026-07-03,NESCO,73.89,68.0,76.67,82.5,73.5,2026-07-03,tracker_enrich_derived
2026-07-07,NESTLEIND,76.98,70.0,75.0,92.25,78.5,2026-07-07,tracker_enrich_derived
2025-08-11,NETWEB,73.99,76.43,94.0,58.33,55.0,,organized/data/fundamental_scores_database.csv
2026-06-29,NETWEB,65.18,55.0,55.0,92.0,73.5,2026-06-29,tracker_enrich_derived
2026-06-23,NEULANDLAB,87.67,94.0,91.67,82.5,71.0,2026-06-23,tracker_enrich_derived
2026-06-29,NEWGEN,75.0,70.0,75.0,85.0,75.0,2026-06-29,tracker_enrich_derived
2026-06-20,NEXT50,55.0,55.0,55.0,55.0,55.0,2026-06-20,tracker_enrich_derived
2026-06-18,NH,77.44,70.0,91.67,73.75,78.5,2026-06-18,tracker_enrich_derived
2026-08-15,NH,74.93,63.75,92.5,72.67,78.5,2026-08-15,compute_fund_scores_from_db
2026-08-15,NHPC,70.98,77.5,65.0,56.0,83.5,2026-08-15,compute_fund_scores_from_db
2026-06-20,NIACL,69.62,80.0,65.0,51.75,73.5,2026-06-20,tracker_enrich_derived
2026-08-15,NIACL,70.49,76.25,70.0,57.33,73.5,2026-08-15,compute_fund_scores_from_db
2026-06-16,NIBE,61.42,56.25,76.67,46.25,70.0,2026-06-16,tracker_enrich_derived
2026-06-25,NIF100BEES,55.0,55.0,55.0,55.0,55.0,2026-06-25,tracker_enrich_derived
2026-06-25,NIFTY1,55.0,55.0,55.0,55.0,55.0,2026-06-25,tracker_enrich_derived
2026-06-29,NIFTYADD,55.0,55.0,55.0,55.0,55.0,2026-06-29,tracker_enrich_derived
2026-06-23,NIFTYBEES,55.0,55.0,55.0,55.0,55.0,2026-06-23,tracker_enrich_derived
2026-07-03,NIFTYBETA,55.0,55.0,55.0,55.0,55.0,2026-07-03,tracker_enrich_derived
2026-06-25,NIFTYETF,55.0,55.0,55.0,55.0,55.0,2026-06-25,tracker_enrich_derived
2026-06-24,NIFTYIETF,55.0,55.0,55.0,55.0,55.0,2026-06-24,tracker_enrich_derived
2026-06-24,NIITLTD,45.98,31.0,53.33,51.75,66.0,2026-06-24,tracker_enrich_derived
2026-06-29,NIITMTS,72.09,63.6,75.0,82.5,76.0,2026-06-29,tracker_enrich_derived
2025-08-11,NILKAMAL,51.22,48.48,53.0,51.67,55.0,,organized/data/fundamental_scores_database.csv
2026-07-16,NILKAMAL,67.73,64.0,65.0,74.25,73.5,2026-07-16,tracker_enrich_derived
2026-06-18,NITCO,71.55,81.25,85.0,50.75,51.0,2026-06-18,tracker_enrich_derived
2025-08-11,NITINSPIN,52.22,51.3,47.0,58.48,55.0,,organized/data/fundamental_scores_database.csv
2026-07-08,NITINSPIN,61.0,55.0,55.0,70.0,75.0,2026-07-08,tracker_enrich_derived
2025-08-11,NLCINDIA,53.9,54.13,51.0,56.25,55.0,,organized/data/fundamental_scores_database.csv
2026-07-08,NLCINDIA,80.56,94.0,68.33,70.5,78.5,2026-07-08,tracker_enrich_derived
2026-08-15,NLCINDIA,71.5,93.75,65.0,47.5,55.0,2026-08-15,compute_fund_scores_from_db
2026-08-15,NMDC,81.95,73.75,92.5,84.0,83.5,2026-08-15,compute_fund_scores_from_db
2026-06-22,NOCIL,51.5,45.0,45.0,65.5,61.0,2026-06-22,tracker_enrich_derived
2026-06-17,NORTHARC,69.72,92.5,55.0,48.33,62.0,2026-06-17,tracker_enrich_derived
2026-07-16,NOVARTIND,57.27,55.0,55.0,60.0,63.5,2026-07-16,tracker_enrich_derived
2026-07-10,NPBET,55.0,55.0,55.0,55.0,55.0,2026-07-10,tracker_enrich_derived
2026-06-25,NPST,69.62,59.0,85.0,68.75,73.5,2026-06-25,tracker_enrich_derived
2026-07-24,NRAIL,54.27,55.0,55.0,45.0,63.5,2026-07-24,tracker_enrich_derived
2026-06-16,NRBBEARING,79.41,85.6,71.67,80.0,75.0,2026-06-16,tracker_enrich_derived
2025-08-11,NTPC,52.87,51.96,51.0,55.42,55.0,,organized/data/fundamental_scores_database.csv
2026-07-08,NTPC,72.27,83.6,53.33,63.75,85.0,2026-07-08,tracker_enrich_derived
2026-08-15,NTPC,64.62,83.75,47.5,55.0,55.0,2026-08-15,compute_fund_scores_from_db
2026-08-15,NTPCGREEN,73.38,81.25,92.5,47.5,55.0,2026-08-15,compute_fund_scores_from_db
2026-07-31,NUCLEUS,50.42,31.0,45.0,82.5,68.5,2026-07-31,tracker_enrich_derived
2026-07-22,NURECA,74.54,85.0,71.67,65.5,63.5,2026-07-22,tracker_enrich_derived
2026-06-17,NUVAMA,73.35,74.0,80.0,58.75,80.0,2026-06-17,tracker_enrich_derived
2026-08-15,NUVAMA,76.46,76.25,82.5,66.67,80.0,2026-08-15,compute_fund_scores_from_db
2026-06-29,NUVOCO,77.27,89.6,70.0,60.75,78.5,2026-06-29,tracker_enrich_derived
2026-07-09,NV20BEES,55.0,55.0,55.0,55.0,55.0,2026-07-09,tracker_enrich_derived
2026-06-18,NYKAA,79.13,85.0,73.33,74.0,80.0,2026-06-18,tracker_enrich_derived
2026-08-15,NYKAA,81.37,85.0,90.0,64.33,80.0,2026-08-15,compute_fund_scores_from_db
2026-07-08,OAL,54.09,45.0,71.67,43.25,63.5,2026-07-08,tracker_enrich_derived
2026-07-06,OBEROIRLTY,77.26,76.0,78.33,73.75,83.5,2026-07-06,tracker_enrich_derived
2026-08-15,OBEROIRLTY,73.5,76.25,75.0,80.0,55.0,2026-08-15,compute_fund_scores_from_db
2026-06-29,OFSS,80.94,82.0,71.67,92.25,78.5,2026-06-29,tracker_enrich_derived
2026-08-15,OFSS,77.2,78.75,75.0,93.5,55.0,2026-08-15,compute_fund_scores_from_db
2026-07-08,OIL,68.75,69.0,60.0,70.75,80.0,2026-07-08,tracker_enrich_derived
2026-08-15,OIL,59.98,62.5,52.5,68.0,55.0,2026-08-15,compute_fund_scores_from_db
2026-06-18,OLECTRA,76.62,86.6,73.33,69.5,65.0,2026-06-18,tracker_enrich_derived
2025-08-11,OMAXAUTO,63.87,71.74,61.25,58.04,55.0,,organized/data/fundamental_scores_database.csv
2026-08-10,OMAXAUTO,55.5,55.0,55.0,53.75,60.0,2026-08-10,tracker_enrich_derived
2026-06-29,OMNI,84.11,94.0,88.33,63.25,78.5,2026-06-29,tracker_enrich_derived
2026-08-15,OMNI,87.56,93.75,95.0,72.67,78.5,2026-08-15,compute_fund_scores_from_db
2026-07-21,OMPOWER,65.18,55.0,55.0,92.0,73.5,2026-07-21,tracker_enrich_derived
2026-06-24,ONESOURCE,62.17,56.25,76.67,49.25,71.0,2026-06-24,tracker_enrich_derived
2026-08-15,ONESOURCE,57.31,43.33,67.5,58.5,76.0,2026-08-15,compute_fund_scores_from_db
2025-08-11,ONGC,64.8,70.65,64.0,61.46,55.0,,organized/data/fundamental_scores_database.csv
2026-07-08,ONGC,71.47,76.6,58.33,71.25,80.0,2026-07-08,tracker_enrich_derived
2026-08-15,ONGC,68.85,77.0,60.0,74.0,55.0,2026-08-15,compute_fund_scores_from_db
2026-06-24,ONWARDTEC,73.65,76.0,65.0,85.5,66.0,2026-06-24,tracker_enrich_derived
2026-06-24,OPTIEMUS,64.01,66.0,63.33,57.5,68.5,2026-06-24,tracker_enrich_derived
2026-06-24,ORBTEXP,52.43,36.6,51.67,76.75,63.5,2026-06-24,tracker_enrich_derived
2026-06-20,ORCHPHARMA,56.12,45.0,55.0,63.0,78.5,2026-06-20,tracker_enrich_derived
2026-08-13,ORIENTBELL,71.51,87.0,53.33,69.25,63.5,2026-08-13,tracker_enrich_derived
2026-06-29,ORIENTCEM,62.43,55.0,55.0,82.0,68.5,2026-06-29,tracker_enrich_derived
2026-06-24,ORIENTELEC,60.4,55.0,55.0,70.0,71.0,2026-06-24,tracker_enrich_derived
2026-06-24,ORIENTHOT,73.78,86.0,60.0,74.25,63.5,2026-06-24,tracker_enrich_derived
2026-07-03,ORIENTTECH,57.32,67.5,40.0,54.0,63.5,2026-07-03,tracker_enrich_derived
2026-07-29,ORISSAMINE,57.25,55.0,55.0,55.0,70.0,2026-07-29,tracker_enrich_derived
2026-06-25,ORKLAINDIA,62.77,59.6,50.0,77.0,73.5,2026-06-25,tracker_enrich_derived
2026-06-24,OSWALPUMPS,78.69,82.0,81.67,76.0,68.5,2026-06-24,tracker_enrich_derived
2026-06-24,PACEDIGITK,75.12,74.6,85.0,68.75,68.5,2026-06-24,tracker_enrich_derived
2025-08-11,PAGEIND,68.46,74.35,73.33,60.68,55.0,,organized/data/fundamental_scores_database.csv
2026-08-13,PAGEIND,66.3,55.0,55.0,92.0,81.0,2026-08-13,tracker_enrich_derived
2026-06-16,PANACEABIO,62.71,62.5,68.33,51.75,68.5,2026-06-16,tracker_enrich_derived
2026-06-16,PANAMAPET,69.06,68.0,68.33,68.75,73.5,2026-06-16,tracker_enrich_derived
2026-08-15,PANAMAPET,69.03,61.25,70.0,80.0,73.5,2026-08-15,compute_fund_scores_from_db
2026-07-03,PANSARI,75.67,84.0,71.67,57.0,85.0,2026-07-03,tracker_enrich_derived
2026-07-17,PAR,59.27,55.0,55.0,70.0,63.5,2026-07-17,tracker_enrich_derived
2026-06-24,PARADEEP,69.53,73.0,68.33,60.0,75.0,2026-06-24,tracker_enrich_derived
2026-06-25,PARAGMILK,66.8,71.0,60.0,67.5,66.0,2026-06-25,tracker_enrich_derived
2026-06-29,PARAS,84.38,92.0,93.33,72.5,65.0,2026-06-29,tracker_enrich_derived
2026-06-29,PARKHOSPS,79.43,81.0,80.0,80.0,73.5,2026-06-29,tracker_enrich_derived
2026-06-24,PARKHOTELS,58.61,46.0,63.33,66.75,73.5,2026-06-24,tracker_enrich_derived
2026-06-29,PATANJALI,70.29,63.75,81.67,63.0,78.5,2026-06-29,tracker_enrich_derived
2026-08-15,PATANJALI,80.08,76.67,90.0,75.67,78.5,2026-08-15,compute_fund_scores_from_db
2026-06-22,PATELRMART,60.02,55.0,55.0,70.0,68.5,2026-06-22,tracker_enrich_derived
2026-07-31,PAUSHAKLTD,57.27,55.0,55.0,60.0,63.5,2026-07-31,tracker_enrich_derived
2026-06-25,PAYTM,68.57,67.5,66.67,55.5,92.0,2026-06-25,tracker_enrich_derived
2026-08-15,PAYTM,77.06,81.67,72.5,62.33,92.0,2026-08-15,compute_fund_scores_from_db
2026-06-24,PCBL,57.62,47.6,63.33,57.5,75.0,2026-06-24,tracker_enrich_derived
2026-06-24,PDSL,56.97,42.0,65.0,64.5,73.5,2026-06-24,tracker_enrich_derived
2026-06-25,PENIND,70.1,81.0,60.0,67.75,61.0,2026-06-25,tracker_enrich_derived
2026-06-29,PERSISTENT,84.71,87.6,81.67,89.25,76.0,2026-06-29,tracker_enrich_derived
2026-08-15,PERSISTENT,87.3,87.0,90.0,93.0,76.0,2026-08-15,compute_fund_scores_from_db
2026-07-08,PETRONET,61.7,64.0,25.0,85.5,85.0,2026-07-08,tracker_enrich_derived
2026-08-15,PETRONET,52.8,53.25,25.0,85.0,55.0,2026-08-15,compute_fund_scores_from_db
2025-08-11,PFC,52.49,54.13,51.0,49.17,55.0,,organized/data/fundamental_scores_database.csv
2026-07-08,PFC,65.88,72.5,55.0,55.67,80.0,2026-07-08,tracker_enrich_derived
2026-08-15,PFC,73.48,78.33,70.0,82.0,55.0,2026-08-15,compute_fund_scores_from_db
2026-06-29,PFIZER,62.38,55.0,55.0,74.25,78.5,2026-06-29,tracker_enrich_derived
2026-07-16,PFOCUS,76.91,92.0,73.33,57.5,68.5,2026-07-16,tracker_enrich_derived
2026-06-24,PGEL,63.98,51.0,83.33,56.75,76.0,2026-06-24,tracker_enrich_derived
2026-07-29,PGHH,65.93,55.0,55.0,92.0,78.5,2026-07-29,tracker_enrich_derived
2026-08-06,PGHL,65.4,55.0,55.0,92.0,75.0,2026-08-06,tracker_enrich_derived
2026-06-18,PGIL,79.51,80.0,78.33,77.0,83.5,2026-06-18,tracker_enrich_derived
2025-08-11,PHOENIXLTD,57.97,58.48,59.0,57.92,55.0,,organized/data/fundamental_scores_database.csv
2026-07-06,PHOENIXLTD,79.18,83.0,78.33,71.25,81.0,2026-07-06,tracker_enrich_derived
2026-08-15,PHOENIXLTD,73.5,80.0,85.0,60.0,55.0,2026-08-15,compute_fund_scores_from_db
2026-06-24,PICCADIL,79.19,80.0,91.67,73.75,63.5,2026-06-24,tracker_enrich_derived
2026-08-15,PICCADIL,83.98,90.0,92.5,76.67,63.5,2026-08-15,compute_fund_scores_from_db
2026-06-23,PIDILITIND,75.13,76.0,60.0,89.75,78.5,2026-06-23,tracker_enrich_derived
2026-07-03,PIGL,74.77,74.0,91.67,66.25,60.0,2026-07-03,tracker_enrich_derived
2026-06-29,PIIND,55.22,42.0,51.67,66.75,81.0,2026-06-29,tracker_enrich_derived
2026-08-15,PIIND,55.98,46.25,40.0,76.67,81.0,2026-08-15,compute_fund_scores_from_db
2026-06-25,PINELABS,76.7,88.25,70.0,65.5,72.0,2026-06-25,tracker_enrich_derived
2026-07-17,PIONRINV,64.84,70.0,51.67,68.25,68.5,2026-07-17,tracker_enrich_derived
2026-06-29,PIRAMALFIN,77.23,92.5,83.33,40.0,76.0,2026-06-29,tracker_enrich_derived
2026-08-13,PITTIENG,69.72,69.6,68.33,67.75,75.0,2026-08-13,tracker_enrich_derived
2026-06-25,PIXTRANS,62.16,51.6,60.0,85.0,63.5,2026-06-25,tracker_enrich_derived
2026-06-23,PLASTIBLEN,57.27,55.0,55.0,60.0,63.5,2026-06-23,tracker_enrich_derived
2026-07-06,PLATIND,72.72,68.6,85.0,68.75,68.5,2026-07-06,tracker_enrich_derived
2026-06-25,PNB,58.86,57.5,55.0,51.67,78.5,2026-06-25,tracker_enrich_derived
2026-07-07,PNBHOUSING,70.48,87.5,55.0,51.67,76.0,2026-07-07,tracker_enrich_derived
2026-08-15,PNBHOUSING,74.42,86.67,70.0,70.0,55.0,2026-08-15,compute_fund_scores_from_db
2026-06-24,PNCINFRA,63.27,67.6,48.33,60.75,80.0,2026-06-24,tracker_enrich_derived
2026-06-29,PNGJL,72.67,70.0,85.0,65.75,68.5,2026-06-29,tracker_enrich_derived
2026-08-15,PNGJL,84.78,85.0,95.0,80.0,73.5,2026-08-15,compute_fund_scores_from_db
2026-06-29,PNGSREVA,63.93,55.0,55.0,82.0,78.5,2026-06-29,tracker_enrich_derived
2026-06-24,POCL,78.0,80.0,90.0,71.75,61.0,2026-06-24,tracker_enrich_derived
2026-06-23,POKARNA,60.33,60.0,43.33,71.25,75.0,2026-06-23,tracker_enrich_derived
2026-06-29,POLICYBZR,83.32,85.0,91.67,63.0,92.0,2026-06-29,tracker_enrich_derived
2026-08-15,POLICYBZR,84.68,81.67,95.0,72.33,92.0,2026-08-15,compute_fund_scores_from_db
2025-08-11,POLYCAB,60.69,58.26,67.5,61.3,55.0,,organized/data/fundamental_scores_database.csv
2026-07-07,POLYCAB,87.6,87.6,88.33,89.75,83.5,2026-07-07,tracker_enrich_derived
2026-08-15,POLYCAB,84.25,87.0,90.0,93.5,55.0,2026-08-15,compute_fund_scores_from_db
2025-08-11,POLYMED,52.53,54.13,44.17,57.95,55.0,,organized/data/fundamental_scores_database.csv
2026-06-25,POLYMED,67.98,58.0,75.0,71.25,78.5,2026-06-25,tracker_enrich_derived
2026-08-15,POLYMED,71.24,62.5,80.0,72.33,78.5,2026-08-15,compute_fund_scores_from_db
2025-08-11,POLYPLEX,66.8,70.0,76.0,57.73,55.0,,organized/data/fundamental_scores_database.csv
2026-06-20,POLYPLEX,52.32,41.0,56.67,63.0,61.0,2026-06-20,tracker_enrich_derived
2026-06-24,POONAWALLA,66.92,81.25,55.0,43.33,80.0,2026-06-24,tracker_enrich_derived
2026-08-15,POONAWALLA,75.92,76.67,95.0,47.5,80.0,2026-08-15,compute_fund_scores_from_db
2025-08-11,POWERGRID,54.35,55.87,47.0,60.0,55.0,,organized/data/fundamental_scores_database.csv
2026-07-08,POWERGRID,63.6,64.0,50.0,63.75,85.0,2026-07-08,tracker_enrich_derived
2026-08-15,POWERGRID,58.5,63.75,55.0,55.0,55.0,2026-08-15,compute_fund_scores_from_db
2026-06-29,POWERICA,68.23,59.0,65.0,83.0,78.5,2026-06-29,tracker_enrich_derived
2025-08-11,POWERINDIA,54.8,53.7,53.0,59.13,55.0,,organized/data/fundamental_scores_database.csv
2026-07-08,POWERINDIA,63.93,55.0,55.0,82.0,78.5,2026-07-08,tracker_enrich_derived
2026-06-16,POWERMECH,81.98,80.0,88.33,79.5,80.0,2026-06-16,tracker_enrich_derived
2026-07-09,PPAP,70.41,81.67,66.67,54.0,68.5,2026-07-09,tracker_enrich_derived
2026-06-24,PPL,56.15,55.0,55.0,60.0,56.0,2026-06-24,tracker_enrich_derived
2026-06-24,PPLPHARMA,60.35,53.25,65.0,57.0,76.0,2026-06-24,tracker_enrich_derived
2026-08-15,PPLPHARMA,48.27,35.0,52.5,52.5,71.0,2026-08-15,compute_fund_scores_from_db
2026-07-03,PRABHA,56.01,56.0,48.33,60.0,63.5,2026-07-03,tracker_enrich_derived
2026-06-24,PRAJIND,52.05,42.0,45.0,66.75,71.0,2026-06-24,tracker_enrich_derived
2026-08-15,PRAJIND,43.95,28.75,40.0,59.0,71.0,2026-08-15,compute_fund_scores_from_db
2026-06-18,PRAKASH,61.03,55.0,55.0,80.67,61.0,2026-06-18,tracker_enrich_derived
2026-07-17,PRAVEG,54.57,38.75,71.67,60.0,61.0,2026-07-17,tracker_enrich_derived
2026-06-24,PRECAM,56.03,55.6,41.67,69.25,63.5,2026-06-24,tracker_enrich_derived
2025-08-11,PRECWIRE,51.48,50.2,46.43,57.71,55.0,,organized/data/fundamental_scores_database.csv
2026-07-08,PRECWIRE,72.22,87.0,51.67,77.5,60.0,2026-07-08,tracker_enrich_derived
2026-08-15,PRECWIRE,69.25,85.0,40.0,85.0,55.0,2026-08-15,compute_fund_scores_from_db
2026-06-16,PREMEXPLN,71.7,78.0,65.0,71.75,66.0,2026-06-16,tracker_enrich_derived
2026-08-15,PREMEXPLN,76.95,85.0,65.0,84.0,66.0,2026-08-15,compute_fund_scores_from_db
2026-07-08,PREMIERENE,86.28,91.25,90.0,77.5,78.5,2026-07-08,tracker_enrich_derived
2026-08-15,PREMIERENE,81.01,93.33,92.5,61.5,55.0,2026-08-15,compute_fund_scores_from_db
2026-07-08,PRESTIGE,78.79,84.0,81.67,61.25,83.5,2026-07-08,tracker_enrich_derived
2026-08-15,PRESTIGE,73.55,83.75,90.0,46.5,55.0,2026-08-15,compute_fund_scores_from_db
2025-08-11,PRICOLLTD,49.98,51.3,38.12,58.41,55.0,,organized/data/fundamental_scores_database.csv
2026-07-08,PRICOLLTD,81.22,84.6,83.33,79.5,71.0,2026-07-08,tracker_enrich_derived
2026-08-15,PRICOLLTD,83.18,87.0,92.5,85.0,55.0,2026-08-15,compute_fund_scores_from_db
2026-07-24,PRIMESECU,57.48,50.0,68.33,55.5,62.0,2026-07-24,tracker_enrich_derived
2026-06-24,PRINCEPIPE,56.52,55.0,55.0,45.0,78.5,2026-06-24,tracker_enrich_derived
2026-06-22,PRIVISCL,85.49,91.0,86.67,82.0,73.5,2026-06-22,tracker_enrich_derived
2026-06-29,PROSTARM,58.36,54.0,58.33,63.25,63.5,2026-06-29,tracker_enrich_derived
2026-06-24,PROTEAN,74.94,66.6,85.0,73.75,82.0,2026-06-24,tracker_enrich_derived
2026-07-09,PRSMJOHNSN,53.74,36.25,66.67,57.75,73.5,2026-07-09,tracker_enrich_derived
2026-07-28,PRUDENT,77.65,82.0,60.0,89.25,80.0,2026-07-28,tracker_enrich_derived
2026-06-22,PSPPROJECT,65.73,49.0,90.0,66.75,68.5,2026-06-22,tracker_enrich_derived
2026-06-29,PSUBANK,55.0,55.0,55.0,55.0,55.0,2026-06-29,tracker_enrich_derived
2025-08-11,PTC,53.31,54.78,47.0,57.0,55.0,,organized/data/fundamental_scores_database.csv
2026-07-08,PTC,56.57,41.0,61.67,74.25,66.0,2026-07-08,tracker_enrich_derived
2026-07-31,PUNJABCHEM,67.92,67.6,68.33,77.0,56.0,2026-07-31,tracker_enrich_derived
2026-07-10,PURVA,77.43,81.0,95.0,47.5,78.5,2026-07-10,tracker_enrich_derived
2026-06-29,PVRINOX,75.88,91.25,63.33,60.75,76.0,2026-06-29,tracker_enrich_derived
2026-07-20,PVSL,47.86,28.75,63.33,43.75,78.5,2026-07-20,tracker_enrich_derived
2026-06-29,PWL,68.54,63.75,71.67,63.0,83.5,2026-06-29,tracker_enrich_derived
2026-07-28,PYRAMID,58.02,55.0,55.0,60.0,68.5,2026-07-28,tracker_enrich_derived
2026-06-25,QGOLDHALF,55.0,55.0,55.0,55.0,55.0,2026-06-25,tracker_enrich_derived
2026-08-13,QPOWER,69.48,64.6,61.67,86.0,73.5,2026-08-13,tracker_enrich_derived
2026-08-15,QPOWER,88.68,88.25,95.0,93.0,73.5,2026-08-15,compute_fund_scores_from_db
2026-06-16,QUADFUTURE,54.27,55.0,55.0,45.0,63.5,2026-06-16,tracker_enrich_derived
2026-06-17,QUESS,68.0,71.0,45.0,85.5,75.0,2026-06-17,tracker_enrich_derived
2026-06-29,RACLGEAR,70.77,72.0,66.67,77.0,66.0,2026-06-29,tracker_enrich_derived
2026-06-29,RADICO,82.62,87.6,73.33,85.5,81.0,2026-06-29,tracker_enrich_derived
2026-06-29,RAILTEL,77.4,77.6,83.33,76.25,68.5,2026-06-29,tracker_enrich_derived
2026-07-06,RAIN,68.03,88.25,53.33,47.5,66.0,2026-07-06,tracker_enrich_derived
2026-08-15,RAIN,61.91,70.75,57.5,46.67,66.0,2026-08-15,compute_fund_scores_from_db
2026-06-20,RAINBOW,74.88,76.0,68.33,80.0,76.0,2026-06-20,tracker_enrich_derived
2026-08-15,RAINBOW,76.18,78.75,75.0,72.67,76.0,2026-08-15,compute_fund_scores_from_db
2026-07-06,RAJRATAN,63.52,55.0,70.0,65.0,73.5,2026-07-06,tracker_enrich_derived
2026-06-29,RALLIS,52.52,34.0,51.67,73.75,75.0,2026-06-29,tracker_enrich_derived
2026-07-24,RAMAPHO,59.27,55.0,55.0,70.0,63.5,2026-07-24,tracker_enrich_derived
2026-06-25,RAMCOCEM,71.89,75.6,70.0,63.75,76.0,2026-06-25,tracker_enrich_derived
2026-08-15,RAMCOCEM,71.9,88.25,60.0,51.0,76.0,2026-08-15,compute_fund_scores_from_db
2026-06-24,RAMCOIND,71.42,75.6,73.33,65.5,65.0,2026-06-24,tracker_enrich_derived
2026-06-24,RAMCOSYS,80.92,91.25,71.67,80.0,70.0,2026-06-24,tracker_enrich_derived
2026-07-10,RAMKY,56.53,56.0,50.0,60.5,63.5,2026-07-10,tracker_enrich_derived
2026-06-17,RAMRAT,78.56,83.0,93.33,62.5,63.5,2026-06-17,tracker_enrich_derived
2025-08-11,RANEENGINE,50.88,51.96,40.83,58.18,55.0,,organized/data/fundamental_scores_database.csv
2026-06-16,RATEGAIN,77.3,70.0,95.0,70.75,76.0,2026-06-16,tracker_enrich_derived
2026-08-07,RATNAMANI,54.29,42.6,35.0,82.5,80.0,2026-08-07,tracker_enrich_derived
2026-06-17,RATNAVEER,67.6,73.0,70.0,55.0,66.0,2026-06-17,tracker_enrich_derived
2026-08-15,RATNAVEER,74.4,77.5,85.0,65.0,61.0,2026-08-15,compute_fund_scores_from_db
2026-06-16,RAYMOND,59.04,61.6,55.0,53.75,66.0,2026-06-16,tracker_enrich_derived
2026-06-29,RAYMONDLSL,59.47,57.0,56.67,60.0,70.0,2026-06-29,tracker_enrich_derived
2026-06-18,RAYMONDREL,84.25,90.0,95.0,70.0,70.0,2026-06-18,tracker_enrich_derived
2025-08-11,RBLBANK,50.62,49.05,47.0,55.0,55.0,,organized/data/fundamental_scores_database.csv
2026-07-06,RBLBANK,67.11,71.25,55.0,61.67,83.5,2026-07-06,tracker_enrich_derived
2026-08-15,RBLBANK,62.83,73.33,65.0,45.0,55.0,2026-08-15,compute_fund_scores_from_db
2026-07-08,RBZJEWEL,61.68,55.0,55.0,82.0,63.5,2026-07-08,tracker_enrich_derived
2026-06-24,RCF,66.29,73.0,66.67,54.5,63.5,2026-06-24,tracker_enrich_derived
2026-06-24,RECLTD,57.88,52.5,55.0,55.67,80.0,2026-06-24,tracker_enrich_derived
2026-08-15,RECLTD,67.37,61.67,70.0,66.0,80.0,2026-08-15,compute_fund_scores_from_db
2026-06-24,REDINGTON,59.4,34.0,75.0,66.25,92.0,2026-06-24,tracker_enrich_derived
2026-08-15,REDINGTON,62.83,36.25,80.0,72.67,92.0,2026-08-15,compute_fund_scores_from_db
2026-06-17,REDTAPE,71.86,73.6,65.0,75.75,73.5,2026-06-17,tracker_enrich_derived
2026-06-18,REFEX,75.49,86.6,70.0,71.75,60.0,2026-06-18,tracker_enrich_derived
2026-06-24,RELAXO,58.77,55.0,55.0,60.0,73.5,2026-06-24,tracker_enrich_derived
2026-07-09,RELIANCE,70.77,68.6,68.33,71.25,80.0,2026-07-09,tracker_enrich_derived
2026-06-24,RELIGARE,61.33,45.0,83.33,63.0,66.0,2026-06-24,tracker_enrich_derived
2026-08-15,RELIGARE,53.49,28.75,82.5,57.33,66.0,2026-08-15,compute_fund_scores_from_db
2026-06-24,RELTD,76.23,78.0,80.0,73.75,68.5,2026-06-24,tracker_enrich_derived
2026-06-25,REPCOHOME,62.73,67.5,55.0,56.67,71.0,2026-06-25,tracker_enrich_derived
2026-08-04,REPRO,66.5,84.0,55.0,46.25,66.0,2026-08-04,tracker_enrich_derived
2026-06-25,RESPONIND,62.0,51.0,70.0,60.5,80.0,2026-06-25,tracker_enrich_derived
2026-06-24,RGL,61.69,65.0,61.67,53.75,63.5,2026-06-24,tracker_enrich_derived
2026-06-29,RHIM,51.35,32.5,55.0,66.75,75.0,2026-06-29,tracker_enrich_derived
2026-08-15,RHIM,55.22,35.0,70.0,62.33,75.0,2026-08-15,compute_fund_scores_from_db
2026-07-16,RHL,54.27,55.0,55.0,45.0,63.5,2026-07-16,tracker_enrich_derived
2025-08-11,RICOAUTO,49.07,50.22,39.29,54.55,55.0,,organized/data/fundamental_scores_database.csv
2026-07-07,RICOAUTO,63.4,65.0,65.0,60.75,60.0,2026-07-07,tracker_enrich_derived
2026-06-29,RIIL,48.2,48.0,30.0,65.5,56.0,2026-06-29,tracker_enrich_derived
2026-06-29,RISHABH,74.93,76.6,71.67,76.75,73.5,2026-06-29,tracker_enrich_derived
2026-07-06,RITCO,53.31,38.0,73.33,51.25,63.5,2026-07-06,tracker_enrich_derived
2026-06-29,RITES,70.88,68.0,65.0,82.0,73.5,2026-06-29,tracker_enrich_derived
2026-06-18,RKFORGE,59.67,47.6,68.33,60.75,76.0,2026-06-18,tracker_enrich_derived
2026-08-15,RKFORGE,52.15,35.75,65.0,51.0,76.0,2026-08-15,compute_fund_scores_from_db
2026-07-03,RKSWAMY,72.88,74.0,75.0,71.25,68.5,2026-07-03,tracker_enrich_derived
2026-06-20,RML,74.34,85.0,71.67,64.5,63.5,2026-06-20,tracker_enrich_derived
2026-06-20,ROLEXRINGS,61.75,55.0,55.0,70.0,80.0,2026-06-20,tracker_enrich_derived
2026-06-24,ROSSARI,72.84,71.0,81.67,61.25,78.5,2026-06-24,tracker_enrich_derived
2026-06-17,ROSSTECH,76.33,87.0,85.0,50.0,68.5,2026-06-17,tracker_enrich_derived
2026-06-25,ROUTE,58.75,46.6,53.33,82.5,68.5,2026-06-25,tracker_enrich_derived
2026-06-16,RPEL,82.68,88.0,85.0,83.5,63.5,2026-06-16,tracker_enrich_derived
2026-08-15,RPEL,86.46,91.25,90.0,89.67,63.5,2026-08-15,compute_fund_scores_from_db
2026-07-10,RPGLIFE,60.58,47.6,56.67,81.75,73.5,2026-07-10,tracker_enrich_derived
2026-07-08,RPSGVENT,62.66,53.25,78.33,57.5,68.5,2026-07-08,tracker_enrich_derived
2025-08-11,RPTECH,55.77,57.14,56.0,53.33,55.0,,organized/data/fundamental_scores_database.csv
2026-06-29,RPTECH,77.56,82.0,78.33,67.0,78.5,2026-06-29,tracker_enrich_derived
2026-08-15,RPTECH,74.25,81.25,80.0,67.5,55.0,2026-08-15,compute_fund_scores_from_db
2025-08-11,RRKABEL,48.48,49.57,38.12,54.38,55.0,,organized/data/fundamental_scores_database.csv
2026-06-29,RRKABEL,83.76,87.0,88.33,75.5,78.5,2026-06-29,tracker_enrich_derived
2026-07-31,RSDFIN,53.33,36.25,55.0,61.67,85.0,2026-07-31,tracker_enrich_derived
2026-06-29,RSL,61.9,55.0,55.0,82.0,65.0,2026-06-29,tracker_enrich_derived
2026-06-16,RSWM,63.03,73.0,53.33,57.5,60.0,2026-06-16,tracker_enrich_derived
2026-06-29,RSYSTEMS,73.76,79.6,61.67,80.0,70.0,2026-06-29,tracker_enrich_derived
2026-06-16,RUBICON,83.0,83.75,85.0,85.0,75.0,2026-06-16,tracker_enrich_derived
2026-08-15,RUBICON,86.87,90.0,95.0,79.33,75.0,2026-08-15,compute_fund_scores_from_db
2026-06-29,RUCHIRA,57.27,55.0,55.0,60.0,63.5,2026-06-29,tracker_enrich_derived
2026-06-24,RUPA,61.75,57.6,68.33,56.75,68.5,2026-06-24,tracker_enrich_derived
2026-06-29,RUSTOMJEE,64.78,50.0,95.0,46.25,78.5,2026-06-29,tracker_enrich_derived
2026-06-29,RVNL,50.81,28.0,68.33,57.5,73.5,2026-06-29,tracker_enrich_derived
2026-08-15,RVNL,49.27,28.75,55.0,65.0,73.5,2026-08-15,compute_fund_scores_from_db
2026-06-24,SAATVIKGL,77.56,73.0,93.33,70.0,73.5,2026-06-24,tracker_enrich_derived
2025-08-11,SAFARI,55.07,53.04,57.0,56.74,55.0,,organized/data/fundamental_scores_database.csv
2026-07-07,SAFARI,75.34,77.6,70.0,77.0,76.0,2026-07-07,tracker_enrich_derived
2026-06-29,SAGCEM,74.57,85.0,81.67,47.5,71.0,2026-06-29,tracker_enrich_derived
2026-08-13,SAHYADRI,54.27,55.0,55.0,45.0,63.5,2026-08-13,tracker_enrich_derived
2025-08-11,SAIL,50.86,50.22,44.17,57.39,55.0,,organized/data/fundamental_scores_database.csv
2026-07-09,SAIL,75.81,87.6,65.0,63.75,78.5,2026-07-09,tracker_enrich_derived
2026-08-15,SAIL,67.05,82.5,60.0,54.0,55.0,2026-08-15,compute_fund_scores_from_db
2026-06-29,SAILIFE,80.82,84.0,81.67,77.0,76.0,2026-06-29,tracker_enrich_derived
2026-08-15,SAILIFE,81.95,91.25,90.0,73.5,55.0,2026-08-15,compute_fund_scores_from_db
2026-06-29,SAIPARENT,74.19,67.6,95.0,60.75,75.0,2026-06-29,tracker_enrich_derived
2025-08-11,SAKAR,52.27,56.74,45.0,50.38,55.0,,organized/data/fundamental_scores_database.csv
2026-06-29,SAKAR,81.5,90.0,80.0,71.25,75.0,2026-06-29,tracker_enrich_derived
2026-08-15,SAKAR,79.88,91.25,92.5,60.0,55.0,2026-08-15,compute_fund_scores_from_db
2026-06-25,SAKSOFT,76.8,84.6,63.33,88.0,63.5,2026-06-25,tracker_enrich_derived
2026-08-10,SALZERELEC,50.73,34.0,68.33,58.25,56.0,2026-08-10,tracker_enrich_derived
2026-06-24,SAMBHV,83.91,89.6,91.67,77.0,65.0,2026-06-24,tracker_enrich_derived
2026-06-24,SAMHI,83.22,93.75,71.67,70.0,92.0,2026-06-24,tracker_enrich_derived
2026-06-18,SAMMAANCAP,45.22,25.0,55.0,38.33,92.0,2026-06-18,tracker_enrich_derived
2026-07-21,SANATHAN,58.67,45.0,70.0,60.75,73.5,2026-07-21,tracker_enrich_derived
2026-08-07,SANDESH,72.38,70.0,95.0,55.5,63.5,2026-08-07,tracker_enrich_derived
2025-08-11,SANDHAR,47.8,48.48,35.0,57.05,55.0,,organized/data/fundamental_scores_database.csv
2026-07-03,SANDHAR,80.31,87.0,83.33,64.5,78.5,2026-07-03,tracker_enrich_derived
2026-08-15,SANDHAR,77.72,85.0,87.5,68.0,55.0,2026-08-15,compute_fund_scores_from_db
2026-06-24,SANDUMA,86.16,92.0,93.33,82.5,63.5,2026-06-24,tracker_enrich_derived
2026-06-24,SANGAMIND,70.08,75.6,71.67,62.0,63.5,2026-06-24,tracker_enrich_derived
2026-06-16,SANGHVIMOV,82.95,90.0,95.0,74.0,56.0,2026-06-16,tracker_enrich_derived
2026-07-29,SANOFI,61.88,46.0,50.0,92.25,83.5,2026-07-29,tracker_enrich_derived
2026-07-29,SANOFICONR,58.52,55.0,55.0,55.0,78.5,2026-07-29,tracker_enrich_derived
2025-08-11,SANSERA,48.59,49.57,39.29,53.48,55.0,,organized/data/fundamental_scores_database.csv
2026-06-29,SANSERA,81.07,89.6,78.33,71.25,76.0,2026-06-29,tracker_enrich_derived
2026-06-16,SANSTAR,66.66,72.0,53.33,75.0,63.5,2026-06-16,tracker_enrich_derived
2026-06-24,SAPPHIRE,51.45,35.75,60.0,53.75,76.0,2026-06-24,tracker_enrich_derived
2026-08-15,SAPPHIRE,53.93,39.33,70.0,46.5,76.0,2026-08-15,compute_fund_scores_from_db
2025-08-11,SARDAEN,58.23,58.91,61.0,55.8,55.0,,organized/data/fundamental_scores_database.csv
2026-07-09,SARDAEN,73.56,77.0,68.33,77.0,68.5,2026-07-09,tracker_enrich_derived
2026-06-16,SAREGAMA,68.86,70.0,58.33,72.5,78.5,2026-06-16,tracker_enrich_derived
2026-08-15,SAREGAMA,65.78,63.75,50.0,80.0,78.5,2026-08-15,compute_fund_scores_from_db
2026-07-06,SARLAPOLY,50.25,28.75,60.0,73.75,60.0,2026-07-06,tracker_enrich_derived
2026-06-18,SASKEN,72.25,65.0,95.0,59.25,71.0,2026-06-18,tracker_enrich_derived
2025-08-11,SATIN,53.26,51.9,53.0,55.0,55.0,,organized/data/fundamental_scores_database.csv
2026-06-29,SATIN,72.23,95.0,55.0,56.67,61.0,2026-06-29,tracker_enrich_derived
2026-06-16,SBCL,77.72,82.0,76.67,79.25,66.0,2026-06-16,tracker_enrich_derived
2026-08-15,SBCL,76.7,81.25,70.0,84.0,66.0,2026-08-15,compute_fund_scores_from_db
2026-06-29,SBICARD,62.27,55.0,55.0,70.0,83.5,2026-06-29,tracker_enrich_derived
2026-06-29,SBIETFPB,55.0,55.0,55.0,55.0,55.0,2026-06-29,tracker_enrich_derived
2026-07-09,SBILIFE,62.5,55.0,55.0,70.0,85.0,2026-07-09,tracker_enrich_derived
2026-06-29,SBILIQETF,55.0,55.0,55.0,55.0,55.0,2026-06-29,tracker_enrich_derived
2026-06-24,SBIN,59.58,58.75,55.0,51.67,80.0,2026-06-24,tracker_enrich_derived
2026-06-24,SBISILVER,55.0,55.0,55.0,55.0,55.0,2026-06-24,tracker_enrich_derived
2026-06-20,SCHAEFFLER,68.58,62.6,56.67,88.0,78.5,2026-06-20,tracker_enrich_derived
2026-08-15,SCHAEFFLER,80.54,78.25,80.0,87.33,78.5,2026-08-15,compute_fund_scores_from_db
2026-07-09,SCHNEIDER,64.43,55.0,55.0,92.0,68.5,2026-07-09,tracker_enrich_derived
2025-08-11,SCI,56.67,54.13,61.0,57.61,55.0,,organized/data/fundamental_scores_database.csv
2026-07-09,SCI,69.23,84.0,45.0,66.75,73.5,2026-07-09,tracker_enrich_derived
2026-08-15,SCI,71.33,91.25,47.5,73.5,55.0,2026-08-15,compute_fund_scores_from_db
2026-06-25,SCODATUBES,61.52,55.0,55.0,70.0,78.5,2026-06-25,tracker_enrich_derived
2026-07-03,SCPL,59.27,55.0,55.0,70.0,63.5,2026-07-03,tracker_enrich_derived
2026-08-13,SEAMECLTD,81.93,86.0,80.0,82.5,73.5,2026-08-13,tracker_enrich_derived
2026-08-15,SEAMECLTD,88.45,93.75,92.5,84.0,73.5,2026-08-15,compute_fund_scores_from_db
2026-06-29,SEDEMAC,65.55,55.0,55.0,92.0,76.0,2026-06-29,tracker_enrich_derived
2026-07-03,SEIL,63.67,55.0,76.67,59.25,71.0,2026-07-03,tracker_enrich_derived
2026-06-18,SENCO,72.52,75.6,70.0,65.0,78.5,2026-06-18,tracker_enrich_derived
2026-08-15,SENCO,85.2,88.25,92.5,75.0,78.5,2026-08-15,compute_fund_scores_from_db
2025-08-11,SENORES,51.12,50.65,47.5,53.7,55.0,,organized/data/fundamental_scores_database.csv
2026-06-29,SENORES,78.12,86.0,81.67,67.0,66.0,2026-06-29,tracker_enrich_derived
2026-06-18,SERVOTECH,57.83,54.0,63.33,57.0,60.0,2026-06-18,tracker_enrich_derived
2026-06-29,SESHAPAPER,55.13,42.0,58.33,69.25,66.0,2026-06-29,tracker_enrich_derived
2026-06-25,SETFGOLD,55.0,55.0,55.0,55.0,55.0,2026-06-25,tracker_enrich_derived
2026-06-25,SETFNIF50,55.0,55.0,55.0,55.0,55.0,2026-06-25,tracker_enrich_derived
2026-06-29,SETFNIFBK,55.0,55.0,55.0,55.0,55.0,2026-06-29,tracker_enrich_derived
2026-06-29,SETL,75.88,79.6,86.67,64.25,63.5,2026-06-29,tracker_enrich_derived
2026-06-18,SFL,70.53,76.0,60.0,66.75,78.5,2026-06-18,tracker_enrich_derived
2025-08-11,SGFIN,53.34,51.84,55.0,53.0,55.0,,organized/data/fundamental_scores_database.csv
2026-07-03,SGFIN,57.5,55.0,55.0,60.0,65.0,2026-07-03,tracker_enrich_derived
2026-06-18,SGMART,68.88,67.0,78.33,70.5,56.0,2026-06-18,tracker_enrich_derived
2026-06-29,SHADOWFAX,79.25,85.0,85.0,70.5,66.0,2026-06-29,tracker_enrich_derived
2026-08-15,SHADOWFAX,77.12,76.67,95.0,64.0,66.0,2026-08-15,compute_fund_scores_from_db
2025-08-11,SHAILY,52.91,52.39,50.83,55.0,55.0,,organized/data/fundamental_scores_database.csv
2026-07-06,SHAILY,81.32,86.0,71.67,88.0,76.0,2026-07-06,tracker_enrich_derived
2026-06-25,SHAKTIPUMP,70.4,57.0,85.0,79.25,70.0,2026-06-25,tracker_enrich_derived
2026-08-15,SHAKTIPUMP,67.85,53.25,80.0,84.0,65.0,2026-08-15,compute_fund_scores_from_db
2026-07-08,SHALBY,65.73,73.0,65.0,50.0,68.5,2026-07-08,tracker_enrich_derived
2026-07-17,SHANKARA,42.2,42.0,25.0,46.25,66.0,2026-07-17,tracker_enrich_derived
2026-07-29,SHANTIGEAR,62.43,55.0,55.0,82.0,68.5,2026-07-29,tracker_enrich_derived
2026-06-17,SHANTIGOLD,64.43,55.0,55.0,92.0,68.5,2026-06-17,tracker_enrich_derived
2026-08-15,SHANTIGOLD,57.02,55.0,55.0,55.0,68.5,2026-08-15,compute_fund_scores_from_db
2026-07-10,SHARDACROP,84.96,91.0,83.33,83.5,73.5,2026-07-10,tracker_enrich_derived
2025-08-11,SHARDAMOTR,49.87,52.62,36.88,56.75,55.0,,organized/data/fundamental_scores_database.csv
2026-08-06,SHARDAMOTR,76.07,69.6,75.0,92.25,73.5,2026-08-06,tracker_enrich_derived
2026-06-29,SHAREINDIA,56.73,45.0,68.33,66.25,56.0,2026-06-29,tracker_enrich_derived
2026-06-18,SHEMAROO,37.77,28.75,35.0,40.0,63.5,2026-06-18,tracker_enrich_derived
2026-08-13,SHILCTECH,57.02,55.0,55.0,55.0,68.5,2026-08-13,tracker_enrich_derived
2026-06-29,SHILPAMED,81.17,91.25,76.67,74.25,71.0,2026-06-29,tracker_enrich_derived
2026-07-03,SHINDL,64.38,70.0,68.33,54.5,56.0,2026-07-03,tracker_enrich_derived
2026-07-07,SHIVAUM,55.03,42.0,53.33,60.75,85.0,2026-07-07,tracker_enrich_derived
2026-06-29,SHK,58.6,43.0,75.0,60.75,70.0,2026-06-29,tracker_enrich_derived
2026-07-10,SHOPERSTOP,50.49,35.75,51.67,53.75,83.5,2026-07-10,tracker_enrich_derived
2026-07-31,SHREECEM,58.73,48.0,55.0,70.0,78.5,2026-07-31,tracker_enrich_derived
2026-06-17,SHREEJISPG,67.48,68.0,55.0,85.0,63.5,2026-06-17,tracker_enrich_derived
2026-08-15,SHREEJISPG,67.02,65.0,62.5,79.33,63.5,2026-08-15,compute_fund_scores_from_db
2026-06-25,SHREEPUSHK,67.91,68.0,63.33,76.75,63.5,2026-06-25,tracker_enrich_derived
2026-06-25,SHRINGARMS,64.43,55.0,55.0,92.0,68.5,2026-06-25,tracker_enrich_derived
2025-08-11,SHRIPISTON,48.69,50.22,36.88,55.68,55.0,,organized/data/fundamental_scores_database.csv
2026-07-20,SHRIPISTON,79.29,75.6,90.0,79.5,71.0,2026-07-20,tracker_enrich_derived
2026-06-18,SHRIRAMFIN,63.73,70.0,55.0,56.67,71.0,2026-06-18,tracker_enrich_derived
2026-06-17,SHYAMMETL,79.05,79.6,83.33,76.75,73.5,2026-06-17,tracker_enrich_derived
2025-08-11,SIEMENS,51.32,50.22,47.0,56.17,55.0,,organized/data/fundamental_scores_database.csv
2026-07-09,SIEMENS,77.28,70.0,83.33,83.33,78.5,2026-07-09,tracker_enrich_derived
2026-07-07,SIGMAADV,83.12,89.6,95.0,70.0,63.5,2026-07-07,tracker_enrich_derived
2026-06-29,SIGNATURE,71.11,81.25,78.33,40.0,73.5,2026-06-29,tracker_enrich_derived
2025-08-11,SIGNPOST,52.5,50.0,55.0,52.5,55.0,,organized/data/fundamental_scores_database.csv
2026-07-03,SIGNPOST,79.61,89.0,83.33,68.25,63.5,2026-07-03,tracker_enrich_derived
2026-07-03,SIKA,77.84,78.0,71.67,92.25,68.5,2026-07-03,tracker_enrich_derived
2026-06-25,SILVER,55.0,55.0,55.0,55.0,55.0,2026-06-25,tracker_enrich_derived
2026-06-25,SILVERADD,55.0,55.0,55.0,55.0,55.0,2026-06-25,tracker_enrich_derived
2026-06-25,SILVERAG,55.0,55.0,55.0,55.0,55.0,2026-06-25,tracker_enrich_derived
2026-06-25,SILVERBEES,55.0,55.0,55.0,55.0,55.0,2026-06-25,tracker_enrich_derived
2026-06-29,SILVERBETA,55.0,55.0,55.0,55.0,55.0,2026-06-29,tracker_enrich_derived
2026-07-03,SILVERBND,55.0,55.0,55.0,55.0,55.0,2026-07-03,tracker_enrich_derived
2026-06-25,SILVERIETF,55.0,55.0,55.0,55.0,55.0,2026-06-25,tracker_enrich_derived
2026-06-16,SILVERTUC,81.04,90.0,81.67,75.5,63.5,2026-06-16,tracker_enrich_derived
2026-06-25,SIMPLEXINF,64.82,85.0,46.67,53.75,56.0,2026-06-25,tracker_enrich_derived
2026-06-29,SIRCA,81.97,83.6,90.0,78.75,68.5,2026-06-29,tracker_enrich_derived
2026-06-20,SIS,73.09,70.0,76.67,70.75,78.5,2026-06-20,tracker_enrich_derived
2026-06-25,SIYSIL,74.2,74.6,78.33,72.5,68.5,2026-06-25,tracker_enrich_derived
2026-06-17,SJS,83.48,86.0,83.33,88.0,71.0,2026-06-17,tracker_enrich_derived
2026-08-15,SJVN,58.61,41.25,90.0,46.67,68.5,2026-08-15,compute_fund_scores_from_db
2026-07-22,SKFINDIA,51.4,31.0,40.0,85.0,80.0,2026-07-22,tracker_enrich_derived
2026-07-10,SKFINDUS,66.15,55.0,55.0,92.0,80.0,2026-07-10,tracker_enrich_derived
2026-06-16,SKIPPER,81.29,87.0,91.67,66.5,68.5,2026-06-16,tracker_enrich_derived
2026-06-25,SKMEGGPROD,74.62,84.0,66.67,76.75,60.0,2026-06-25,tracker_enrich_derived
2026-06-17,SKYGOLD,78.6,83.0,85.0,68.25,70.0,2026-06-17,tracker_enrich_derived
2026-06-25,SMARTWORKS,80.83,93.75,88.33,53.75,70.0,2026-06-25,tracker_enrich_derived
2026-06-25,SMLMAH,63.15,55.0,55.0,92.0,60.0,2026-06-25,tracker_enrich_derived
2025-08-11,SMSPHARMA,51.66,53.7,43.57,55.21,55.0,,organized/data/fundamental_scores_database.csv
2026-07-09,SMSPHARMA,77.91,88.25,78.33,63.75,68.5,2026-07-09,tracker_enrich_derived
2026-07-09,SOBHA,82.25,86.0,90.0,66.75,80.0,2026-07-09,tracker_enrich_derived
2026-06-20,SOLARA,58.35,53.25,60.0,57.0,71.0,2026-06-20,tracker_enrich_derived
2026-06-18,SOLARINDS,84.58,89.0,85.0,79.75,78.5,2026-06-18,tracker_enrich_derived
2026-06-29,SOLARWORLD,76.79,79.0,81.67,68.75,73.5,2026-06-29,tracker_enrich_derived
2026-07-09,SOLEX,84.18,87.0,95.0,80.5,63.5,2026-07-09,tracker_enrich_derived
2026-06-16,SOMANYCERA,72.95,78.0,65.0,71.25,75.0,2026-06-16,tracker_enrich_derived
2026-08-15,SOMANYCERA,67.5,73.75,55.0,65.0,75.0,2026-08-15,compute_fund_scores_from_db
2025-08-11,SOMATEX,62.02,67.39,64.0,54.09,55.0,,organized/data/fundamental_scores_database.csv
2026-06-25,SOMICONVEY,53.75,55.0,55.0,45.0,60.0,2026-06-25,tracker_enrich_derived
2025-08-11,SONACOMS,49.66,51.96,36.88,57.05,55.0,,organized/data/fundamental_scores_database.csv
2026-07-06,SONACOMS,75.32,75.0,76.67,73.75,76.0,2026-07-06,tracker_enrich_derived
2026-08-15,SONACOMS,75.62,71.25,87.5,85.0,55.0,2026-08-15,compute_fund_scores_from_db
2026-06-25,SONATSOFTW,68.15,66.0,55.0,86.75,71.0,2026-06-25,tracker_enrich_derived
2026-06-16,SOTL,73.14,72.0,71.67,77.0,73.5,2026-06-16,tracker_enrich_derived
2026-08-15,SOTL,71.49,71.25,70.0,72.33,73.5,2026-08-15,compute_fund_scores_from_db
2025-08-11,SOUTHWEST,70.44,68.61,93.75,56.52,55.0,,organized/data/fundamental_scores_database.csv
2026-07-09,SOUTHWEST,82.99,92.0,91.67,68.75,63.5,2026-07-09,tracker_enrich_derived
2026-06-16,SPAL,64.9,57.6,63.33,71.25,78.5,2026-06-16,tracker_enrich_derived
2026-06-25,SPANDANA,70.82,95.0,55.0,38.33,76.0,2026-06-25,tracker_enrich_derived
2026-06-16,SPARC,85.38,93.75,95.0,73.0,63.5,2026-06-16,tracker_enrich_derived
2026-06-25,SPECIALITY,51.71,42.6,51.67,63.75,60.0,2026-06-25,tracker_enrich_derived
2026-07-06,SPECTRUM,84.2,89.6,93.33,73.75,68.5,2026-07-06,tracker_enrich_derived
2026-07-06,SPLPETRO,84.58,89.6,93.33,75.67,68.5,2026-07-06,tracker_enrich_derived
2026-06-24,SPMLINFRA,70.23,85.0,68.33,53.75,56.0,2026-06-24,tracker_enrich_derived
2025-08-11,SPORTKING,50.63,51.96,40.83,56.96,55.0,,organized/data/fundamental_scores_database.csv
2026-06-29,SPORTKING,57.27,55.0,55.0,60.0,63.5,2026-06-29,tracker_enrich_derived
2026-07-21,SREEL,55.02,55.0,55.0,45.0,68.5,2026-07-21,tracker_enrich_derived
2026-06-25,SRF,76.65,81.0,70.0,73.75,80.0,2026-06-25,tracker_enrich_derived
2026-08-15,SRF,71.67,77.5,60.0,68.33,80.0,2026-08-15,compute_fund_scores_from_db
2026-06-25,SRM,85.22,89.6,95.0,80.5,63.5,2026-06-25,tracker_enrich_derived
2025-08-11,SSWL,45.44,48.48,29.55,52.08,55.0,,organized/data/fundamental_scores_database.csv
2026-06-29,SSWL,63.98,53.0,75.0,65.0,73.5,2026-06-29,tracker_enrich_derived
2026-06-29,STALLION,56.9,55.0,55.0,60.0,61.0,2026-06-29,tracker_enrich_derived
2026-06-29,STANLEY,48.09,33.6,45.0,60.75,75.0,2026-06-29,tracker_enrich_derived
2025-08-11,STAR,51.96,53.7,47.0,52.4,55.0,,organized/data/fundamental_scores_database.csv
2026-07-09,STAR,58.18,35.75,68.33,77.0,76.0,2026-07-09,tracker_enrich_derived
2026-06-29,STARCEMENT,83.0,90.0,85.0,80.0,65.0,2026-06-29,tracker_enrich_derived
2025-08-11,STARHEALTH,52.32,52.06,53.0,50.0,55.0,,organized/data/fundamental_scores_database.csv
2026-06-18,STARHEALTH,58.75,55.0,55.0,55.0,80.0,2026-06-18,tracker_enrich_derived
2026-07-23,STARPAPER,59.55,55.0,55.0,77.0,56.0,2026-07-23,tracker_enrich_derived
2026-06-23,STCINDIA,72.28,77.5,55.0,90.0,63.5,2026-06-23,tracker_enrich_derived
2026-06-23,STEELCAS,60.55,55.0,55.0,82.0,56.0,2026-06-23,tracker_enrich_derived
2026-06-25,STERTOOLS,48.56,34.0,48.33,66.75,63.5,2026-06-25,tracker_enrich_derived
2025-08-11,STLTECH,65.32,70.87,70.0,56.09,55.0,,organized/data/fundamental_scores_database.csv
2026-06-18,STOVEKRAFT,72.12,67.5,66.67,89.75,70.0,2026-06-18,tracker_enrich_derived
2026-07-16,STUDDS,75.08,77.6,61.67,88.0,73.5,2026-07-16,tracker_enrich_derived
2026-06-25,STYL,68.16,72.0,48.33,85.0,68.5,2026-06-25,tracker_enrich_derived
2026-07-22,STYLAMIND,75.98,77.0,68.33,88.0,70.0,2026-07-22,tracker_enrich_derived
2026-08-13,STYLEBAAZA,67.52,73.0,81.67,43.75,61.0,2026-08-13,tracker_enrich_derived
2026-08-15,STYLEBAAZA,76.53,88.25,95.0,41.67,61.0,2026-08-15,compute_fund_scores_from_db
2026-07-20,STYRENIX,68.19,61.6,70.0,77.0,71.0,2026-07-20,tracker_enrich_derived
2026-06-25,SUBROS,75.45,77.0,75.0,72.5,76.0,2026-06-25,tracker_enrich_derived
2026-08-06,SUDARCOLOR,60.98,55.0,55.0,78.5,63.5,2026-08-06,tracker_enrich_derived
2026-07-03,SUDARSCHEM,65.0,48.0,95.0,60.75,66.0,2026-07-03,tracker_enrich_derived
2026-06-29,SUDEEPPHRM,78.14,79.0,76.67,78.0,78.5,2026-06-29,tracker_enrich_derived
2026-08-15,SUDEEPPHRM,83.87,85.0,82.5,87.33,78.5,2026-08-15,compute_fund_scores_from_db
2026-07-29,SUKHJITS,54.22,57.0,50.0,47.0,63.5,2026-07-29,tracker_enrich_derived
2026-06-29,SULA,47.5,39.0,40.0,63.75,61.0,2026-06-29,tracker_enrich_derived
2026-06-18,SUMICHEM,72.84,72.0,61.67,88.0,73.5,2026-06-18,tracker_enrich_derived
2026-08-15,SUMICHEM,66.07,66.25,47.5,83.33,73.5,2026-08-15,compute_fund_scores_from_db
2026-07-28,SUNCLAY,50.83,36.25,68.33,40.0,75.0,2026-07-28,tracker_enrich_derived
2026-06-25,SUNDARMFIN,60.73,65.0,55.0,51.67,71.0,2026-06-25,tracker_enrich_derived
2026-08-15,SUNDARMFIN,71.86,68.33,87.5,60.0,71.0,2026-08-15,compute_fund_scores_from_db
2025-08-11,SUNDRMBRAK,47.66,50.22,33.12,55.22,55.0,,organized/data/fundamental_scores_database.csv
2025-08-11,SUNDRMFAST,48.05,51.3,33.12,55.0,55.0,,organized/data/fundamental_scores_database.csv
2026-07-09,SUNDRMFAST,71.06,70.6,61.67,80.0,76.0,2026-07-09,tracker_enrich_derived
2026-07-23,SUNDROP,70.6,79.0,75.0,55.5,61.0,2026-07-23,tracker_enrich_derived
2026-07-09,SUNFLAG,62.19,59.6,65.0,65.5,60.0,2026-07-09,tracker_enrich_derived
2025-08-11,SUNPHARMA,54.04,56.74,45.0,59.22,55.0,,organized/data/fundamental_scores_database.csv
2026-07-06,SUNPHARMA,68.23,60.0,63.33,82.0,80.0,2026-07-06,tracker_enrich_derived
2026-07-09,SUNTECK,77.49,88.0,76.67,53.0,83.5,2026-07-09,tracker_enrich_derived
2026-06-29,SUNTV,59.26,41.0,58.33,82.5,78.5,2026-06-29,tracker_enrich_derived
2026-07-17,SUPERHOUSE,44.65,31.0,45.0,60.0,60.0,2026-07-17,tracker_enrich_derived
2025-08-11,SUPRAJIT,51.48,50.22,45.83,58.41,55.0,,organized/data/fundamental_scores_database.csv
2026-07-06,SUPRAJIT,76.39,83.6,75.0,67.75,71.0,2026-07-06,tracker_enrich_derived
2025-08-11,SUPREMEIND,46.85,49.57,30.56,55.68,55.0,,organized/data/fundamental_scores_database.csv
2026-06-29,SUPREMEIND,70.99,59.6,75.0,85.0,76.0,2026-06-29,tracker_enrich_derived
2026-08-15,SUPREMEIND,64.62,50.75,65.0,83.33,76.0,2026-08-15,compute_fund_scores_from_db
2026-06-16,SUPRIYA,63.18,55.0,55.0,82.0,73.5,2026-06-16,tracker_enrich_derived
2026-07-06,SURAJEST,58.54,58.0,56.67,54.5,68.5,2026-07-06,tracker_enrich_derived
2026-07-23,SURAKSHA,70.77,62.0,76.67,77.0,76.0,2026-07-23,tracker_enrich_derived
2026-06-25,SURYAROSNI,59.24,47.0,56.67,80.0,68.5,2026-06-25,tracker_enrich_derived
2026-07-03,SURYODAY,53.15,55.0,55.0,45.0,56.0,2026-07-03,tracker_enrich_derived
2026-06-16,SUVEN,50.62,46.25,35.0,65.5,68.5,2026-06-16,tracker_enrich_derived
2026-08-15,SUVEN,50.68,30.0,40.0,92.0,68.5,2026-08-15,compute_fund_scores_from_db
2026-06-18,SUYOG,69.9,75.0,75.0,60.75,60.0,2026-06-18,tracker_enrich_derived
2026-08-15,SUZLON,83.55,78.25,95.0,93.0,66.0,2026-08-15,compute_fund_scores_from_db
2026-06-29,SWANCORP,51.68,46.25,48.33,49.25,75.0,2026-06-29,tracker_enrich_derived
2026-08-15,SWANCORP,48.25,30.0,60.0,50.0,75.0,2026-08-15,compute_fund_scores_from_db
2026-07-20,SWARAJENG,64.65,55.0,55.0,92.0,70.0,2026-07-20,tracker_enrich_derived
2026-06-29,SWIGGY,64.22,45.0,81.67,60.0,92.0,2026-06-29,tracker_enrich_derived
2026-08-15,SWIGGY,65.95,30.0,95.0,82.0,92.0,2026-08-15,compute_fund_scores_from_db
2026-06-23,SWSOLAR,61.23,50.0,73.33,65.0,66.0,2026-06-23,tracker_enrich_derived
2026-07-09,SYMPHONY,50.56,35.75,53.33,59.5,73.5,2026-07-09,tracker_enrich_derived
2026-06-29,SYNGENE,63.6,50.0,65.0,73.0,85.0,2026-06-29,tracker_enrich_derived
2026-08-15,SYNGENE,54.3,38.75,60.0,59.0,80.0,2026-08-15,compute_fund_scores_from_db
2025-08-11,SYRMA,49.62,51.3,40.71,53.33,55.0,,organized/data/fundamental_scores_database.csv
2026-06-29,SYRMA,81.34,83.6,90.0,73.75,71.0,2026-06-29,tracker_enrich_derived
2025-08-11,TAINWALCHM,63.24,70.43,64.0,54.09,55.0,,organized/data/fundamental_scores_database.csv
2026-07-07,TAJGVK,82.58,94.0,75.0,79.75,68.5,2026-07-07,tracker_enrich_derived
2025-08-11,TALBROAUTO,47.2,50.22,30.56,56.14,55.0,,organized/data/fundamental_scores_database.csv
2026-06-29,TALBROAUTO,73.76,78.6,71.67,77.0,60.0,2026-06-29,tracker_enrich_derived
2026-06-27,TANLA,66.04,57.6,65.0,88.0,61.0,2026-06-27,tracker_enrich_derived
2026-06-29,TARC,66.64,73.0,76.67,40.0,68.5,2026-06-29,tracker_enrich_derived
2026-06-27,TARIL,79.43,85.6,81.67,68.75,73.5,2026-06-27,tracker_enrich_derived
2026-08-15,TARIL,84.63,85.75,90.0,84.0,73.5,2026-08-15,compute_fund_scores_from_db
2026-06-29,TARSONS,52.12,36.0,71.67,57.0,56.0,2026-06-29,tracker_enrich_derived
2026-08-15,TARSONS,51.4,38.75,70.0,50.0,56.0,2026-08-15,compute_fund_scores_from_db
2026-06-27,TATACAP,70.11,87.5,55.0,51.67,73.5,2026-06-27,tracker_enrich_derived
2026-08-15,TATACAP,79.61,88.33,85.0,60.0,73.5,2026-08-15,compute_fund_scores_from_db
2026-07-09,TATACHEM,44.4,32.5,40.0,53.75,71.0,2026-07-09,tracker_enrich_derived
2026-08-15,TATACHEM,44.48,39.33,40.0,52.5,55.0,2026-08-15,compute_fund_scores_from_db
2026-06-18,TATACOMM,57.33,36.0,68.33,69.25,80.0,2026-06-18,tracker_enrich_derived
2026-08-15,TATACOMM,56.27,35.75,70.0,62.33,80.0,2026-08-15,compute_fund_scores_from_db
2026-06-27,TATACONSUM,74.54,77.6,75.0,66.75,76.0,2026-06-27,tracker_enrich_derived
2026-06-29,TATAELXSI,80.58,86.0,68.33,92.25,71.0,2026-06-29,tracker_enrich_derived
2026-08-15,TATAELXSI,84.5,91.25,75.0,93.0,71.0,2026-08-15,compute_fund_scores_from_db
2026-06-29,TATAINVEST,70.83,78.0,65.0,65.5,68.5,2026-06-29,tracker_enrich_derived
2026-08-15,TATAINVEST,79.49,91.25,85.0,57.33,68.5,2026-08-15,compute_fund_scores_from_db
2025-08-11,TATAPOWER,56.55,70.43,62.5,56.25,10.0,,organized/data/fundamental_scores_database.csv
2026-07-09,TATAPOWER,62.37,66.6,53.33,55.0,76.0,2026-07-09,tracker_enrich_derived
2026-08-15,TATAPOWER,58.42,65.0,47.5,61.5,55.0,2026-08-15,compute_fund_scores_from_db
2025-08-11,TATASTEEL,51.39,50.22,47.0,56.52,55.0,,organized/data/fundamental_scores_database.csv
2026-07-09,TATASTEEL,71.89,79.6,60.0,68.25,76.0,2026-07-09,tracker_enrich_derived
2026-06-17,TATATECH,65.16,50.6,71.67,82.5,70.0,2026-06-17,tracker_enrich_derived
2026-08-15,TATATECH,59.22,39.5,65.0,83.33,70.0,2026-08-15,compute_fund_scores_from_db
2026-07-10,TATVA,66.34,67.0,71.67,56.75,68.5,2026-07-10,tracker_enrich_derived
2026-07-03,TBOTEK,74.46,71.6,81.67,66.25,81.0,2026-07-03,tracker_enrich_derived
2026-08-15,TBOTEK,80.33,70.75,95.0,80.67,81.0,2026-08-15,compute_fund_scores_from_db
2026-06-27,TBZ,68.6,75.6,63.33,65.0,63.5,2026-06-27,tracker_enrich_derived
2026-08-15,TBZ,79.15,85.0,82.5,75.0,63.5,2026-08-15,compute_fund_scores_from_db
2026-07-17,TCC,82.25,90.0,95.0,66.75,61.0,2026-07-17,tracker_enrich_derived
2026-08-10,TCI,62.11,51.0,53.33,83.0,78.5,2026-08-10,tracker_enrich_derived
2026-06-27,TCIEXP,53.68,37.0,50.0,76.75,73.5,2026-06-27,tracker_enrich_derived
2025-08-11,TCPLPACK,50.68,50.43,44.17,56.09,55.0,,organized/data/fundamental_scores_database.csv
2026-08-13,TCPLPACK,72.56,79.6,61.67,74.0,70.0,2026-08-13,tracker_enrich_derived
2026-07-09,TCS,66.28,57.0,55.0,89.75,78.5,2026-07-09,tracker_enrich_derived
2025-08-11,TDPOWERSYS,53.43,50.71,55.0,55.71,55.0,,organized/data/fundamental_scores_database.csv
2026-07-09,TDPOWERSYS,86.87,88.6,93.33,83.5,76.0,2026-07-09,tracker_enrich_derived
2026-07-21,TEAMLEASE,70.4,70.0,60.0,80.0,76.0,2026-07-21,tracker_enrich_derived
2026-06-29,TECHM,70.82,69.6,58.33,85.0,76.0,2026-06-29,tracker_enrich_derived
2026-06-27,TECHNOE,75.76,70.6,91.67,63.0,80.0,2026-06-27,tracker_enrich_derived
2026-07-28,TEGA,63.08,48.0,75.0,66.75,78.5,2026-07-28,tracker_enrich_derived
2026-06-17,TEJASNET,44.42,32.5,51.67,40.0,70.0,2026-06-17,tracker_enrich_derived
2026-08-15,TEJASNET,45.35,30.0,45.0,58.0,70.0,2026-08-15,compute_fund_scores_from_db
2026-06-29,TEMBO,80.55,85.0,95.0,68.25,61.0,2026-06-29,tracker_enrich_derived
2026-06-29,TENNIND,78.8,75.6,73.33,92.25,78.5,2026-06-29,tracker_enrich_derived
2026-08-13,TERASOFT,62.01,59.6,61.67,71.75,56.0,2026-08-13,tracker_enrich_derived
2026-06-22,TEXINFRA,64.88,70.0,65.0,51.75,68.5,2026-06-22,tracker_enrich_derived
2026-06-27,TEXRAIL,62.83,59.0,63.33,67.5,66.0,2026-06-27,tracker_enrich_derived
2026-07-29,TFCILTD,54.57,51.25,55.0,63.33,51.0,2026-07-29,tracker_enrich_derived
2026-06-16,THANGAMAYL,65.93,55.0,55.0,92.0,78.5,2026-06-16,tracker_enrich_derived
2026-06-22,THELEELA,82.38,91.25,80.0,70.5,78.5,2026-06-22,tracker_enrich_derived
2026-06-22,THEMISMED,40.83,28.0,30.0,63.0,63.5,2026-06-22,tracker_enrich_derived
2026-06-29,THERMAX,74.59,75.0,71.67,70.75,83.5,2026-06-29,tracker_enrich_derived
2026-08-15,THERMAX,67.05,72.5,60.0,74.0,55.0,2026-08-15,compute_fund_scores_from_db
2026-06-27,THOMASCOOK,56.43,42.0,55.0,74.25,73.5,2026-06-27,tracker_enrich_derived
2026-08-10,THOMASCOTT,58.75,55.0,55.0,70.0,60.0,2026-08-10,tracker_enrich_derived
2026-07-03,THYROCARE,89.41,94.0,83.33,92.25,83.5,2026-07-03,tracker_enrich_derived
2026-06-29,TI,63.67,47.6,93.33,57.0,66.0,2026-06-29,tracker_enrich_derived
2026-08-13,TIIL,71.91,76.0,68.33,70.75,68.5,2026-08-13,tracker_enrich_derived
2025-08-11,TIINDIA,48.73,48.48,40.71,54.57,55.0,,organized/data/fundamental_scores_database.csv
2026-07-17,TIINDIA,65.13,45.0,78.33,77.0,81.0,2026-07-17,tracker_enrich_derived
2026-08-15,TIINDIA,67.2,50.0,85.0,88.5,55.0,2026-08-15,compute_fund_scores_from_db
2026-06-27,TIL,50.94,32.5,81.67,36.25,68.5,2026-06-27,tracker_enrich_derived
2026-06-27,TIMETECHNO,73.56,75.6,71.67,70.0,76.0,2026-06-27,tracker_enrich_derived
2026-07-03,TIMEX,63.15,55.0,55.0,92.0,60.0,2026-07-03,tracker_enrich_derived
2026-06-20,TIMKEN,67.25,50.0,75.0,82.5,80.0,2026-06-20,tracker_enrich_derived
2026-06-23,TINNARUBR,76.38,77.6,76.67,79.5,68.5,2026-06-23,tracker_enrich_derived
2026-07-24,TIPSFILMS,54.27,55.0,55.0,45.0,63.5,2026-07-24,tracker_enrich_derived
2026-07-07,TIPSMUSIC,65.18,55.0,55.0,92.0,73.5,2026-07-07,tracker_enrich_derived
2026-06-29,TIRUMALCHM,48.4,46.25,40.0,53.75,61.0,2026-06-29,tracker_enrich_derived
2026-06-18,TITAGARH,55.63,47.0,48.33,70.5,71.0,2026-06-18,tracker_enrich_derived
2026-08-15,TITAGARH,48.7,36.25,40.0,64.0,76.0,2026-08-15,compute_fund_scores_from_db
2025-08-11,TITAN,62.9,68.54,62.86,57.61,55.0,,organized/data/fundamental_scores_database.csv
2026-07-09,TITAN,76.38,71.0,83.33,75.75,80.0,2026-07-09,tracker_enrich_derived
2025-08-11,TMB,54.24,55.0,51.0,56.22,55.0,,organized/data/fundamental_scores_database.csv
2026-07-07,TMB,59.05,55.0,55.0,70.0,62.0,2026-07-07,tracker_enrich_derived
2026-06-29,TMCV,75.97,60.75,91.67,86.75,76.0,2026-06-29,tracker_enrich_derived
2026-08-15,TMCV,61.41,40.0,67.5,85.67,76.0,2026-08-15,compute_fund_scores_from_db
2025-08-11,TMPV,47.98,52.39,30.56,55.68,55.0,,organized/data/fundamental_scores_database.csv
2026-07-09,TMPV,73.93,87.0,58.33,65.75,76.0,2026-07-09,tracker_enrich_derived
2026-08-15,TMPV,66.85,85.0,40.0,73.0,55.0,2026-08-15,compute_fund_scores_from_db
2026-08-07,TNPETRO,52.9,65.0,25.0,57.5,61.0,2026-08-07,tracker_enrich_derived
2026-06-29,TNPL,57.65,55.0,55.0,60.0,66.0,2026-06-29,tracker_enrich_derived
2026-07-03,TOLINS,58.6,51.6,63.33,63.0,63.5,2026-07-03,tracker_enrich_derived
2025-08-11,TORNTPHARM,56.67,53.26,61.0,59.35,55.0,,organized/data/fundamental_scores_database.csv
2026-06-29,TORNTPHARM,76.42,70.0,85.0,73.25,83.5,2026-06-29,tracker_enrich_derived
2025-08-11,TORNTPOWER,66.97,73.48,70.0,59.17,55.0,,organized/data/fundamental_scores_database.csv
2026-07-09,TORNTPOWER,53.24,39.6,45.0,70.75,80.0,2026-07-09,tracker_enrich_derived
2026-08-15,TORNTPOWER,52.23,43.25,47.5,74.0,55.0,2026-08-15,compute_fund_scores_from_db
2026-07-31,TRANSPEK,46.27,37.0,40.0,62.33,60.0,2026-07-31,tracker_enrich_derived
2026-06-29,TRANSRAILL,76.11,71.0,78.33,85.5,73.5,2026-06-29,tracker_enrich_derived
2026-08-07,TRAVELFOOD,73.78,76.0,60.0,86.75,73.5,2026-08-07,tracker_enrich_derived
2026-07-20,TREJHARA,72.92,80.0,91.67,51.75,51.0,2026-07-20,tracker_enrich_derived
2026-06-29,TRENT,72.42,67.6,73.33,82.0,71.0,2026-06-29,tracker_enrich_derived
2025-08-11,TRIDENT,56.02,56.52,55.0,57.05,55.0,,organized/data/fundamental_scores_database.csv
2026-07-09,TRITURBINE,71.82,62.6,73.33,82.25,80.0,2026-07-09,tracker_enrich_derived
2026-08-15,TRITURBINE,71.33,62.5,77.5,93.5,55.0,2026-08-15,compute_fund_scores_from_db
2026-06-18,TRIVENI,65.13,67.6,61.67,54.5,78.5,2026-06-18,tracker_enrich_derived
2026-08-15,TRIVENI,58.73,57.5,55.0,51.0,78.5,2026-08-15,compute_fund_scores_from_db
2026-06-18,TRUALT,54.61,50.0,53.33,51.25,73.5,2026-06-18,tracker_enrich_derived
2026-06-29,TSFINV,81.56,87.6,91.67,69.25,65.0,2026-06-29,tracker_enrich_derived
2026-08-06,TTKHLTCARE,55.02,55.0,55.0,45.0,68.5,2026-08-06,tracker_enrich_derived
2026-06-29,TTKPRESTIG,68.06,69.0,53.33,76.75,78.5,2026-06-29,tracker_enrich_derived
2025-08-11,TULSI,68.39,74.29,73.33,60.45,55.0,,organized/data/fundamental_scores_database.csv
2026-06-29,TVSELECT,58.0,55.0,55.0,66.25,60.0,2026-06-29,tracker_enrich_derived
2026-06-27,TVSMOTOR,76.27,78.6,78.33,62.5,85.0,2026-06-27,tracker_enrich_derived
2026-07-09,TVSSCS,73.28,87.0,68.33,61.25,61.0,2026-07-09,tracker_enrich_derived
2026-08-13,TVSSRICHAK,68.78,76.0,68.33,60.75,61.0,2026-08-13,tracker_enrich_derived
2026-06-27,TVTODAY,47.43,42.0,40.0,51.75,68.5,2026-06-27,tracker_enrich_derived
2026-06-29,UBL,65.44,60.0,61.67,71.25,78.5,2026-06-29,tracker_enrich_derived
2026-08-15,UBL,60.57,52.5,60.0,64.0,78.5,2026-08-15,compute_fund_scores_from_db
2025-08-11,UCAL,59.6,70.0,47.5,57.39,55.0,,organized/data/fundamental_scores_database.csv
2026-08-13,UCAL,67.61,85.0,48.33,60.0,63.5,2026-08-13,tracker_enrich_derived
2026-08-15,UCOBANK,79.28,95.0,80.0,55.0,68.5,2026-08-15,compute_fund_scores_from_db
2026-06-27,UDS,64.45,59.0,60.0,73.0,75.0,2026-06-27,tracker_enrich_derived
2026-07-31,UEL,59.4,55.0,55.0,54.5,85.0,2026-07-31,tracker_enrich_derived
2026-06-16,UFBL,48.28,35.75,53.33,50.0,71.0,2026-06-16,tracker_enrich_derived
2025-08-11,UFLEX,50.67,51.96,39.29,59.09,55.0,,organized/data/fundamental_scores_database.csv
2026-07-03,UFLEX,65.06,75.6,61.67,47.5,66.0,2026-07-03,tracker_enrich_derived
2026-06-29,ULTRACEMCO,82.67,90.0,81.67,71.25,80.0,2026-06-29,tracker_enrich_derived
2026-08-07,ULTRAMAR,63.87,57.6,68.33,76.75,56.0,2026-08-07,tracker_enrich_derived
2026-06-29,UNICHEMLAB,65.79,67.5,71.67,49.25,73.5,2026-06-29,tracker_enrich_derived
2026-06-18,UNIMECH,70.69,66.0,76.67,74.25,68.5,2026-06-18,tracker_enrich_derived
2026-06-27,UNIONBANK,64.86,72.5,55.0,51.67,78.5,2026-06-27,tracker_enrich_derived
2026-08-15,UNIONBANK,68.78,75.0,60.0,60.0,78.5,2026-08-15,compute_fund_scores_from_db
2026-06-29,UNIONGOLD,55.0,55.0,55.0,55.0,55.0,2026-06-29,tracker_enrich_derived
2026-06-16,UNIPARTS,78.26,81.0,73.33,82.5,73.5,2026-06-16,tracker_enrich_derived
2026-06-27,UNITDSPR,74.12,82.6,48.33,85.0,80.0,2026-06-27,tracker_enrich_derived
2026-06-16,UNIVCABLES,73.54,83.0,76.67,54.5,68.5,2026-06-16,tracker_enrich_derived
2026-08-15,UNIVCABLES,75.9,80.0,82.5,65.0,68.5,2026-08-15,compute_fund_scores_from_db
2025-08-11,UNOMINDA,49.36,53.04,33.5,57.61,55.0,,organized/data/fundamental_scores_database.csv
2026-07-09,UNOMINDA,81.33,82.0,80.0,80.0,83.5,2026-07-09,tracker_enrich_derived
2026-08-15,UNOMINDA,77.42,81.25,87.5,74.0,55.0,2026-08-15,compute_fund_scores_from_db
2026-06-29,UPL,69.29,75.6,70.0,50.75,76.0,2026-06-29,tracker_enrich_derived
2026-08-15,UPL,65.28,70.75,57.5,56.0,76.0,2026-08-15,compute_fund_scores_from_db
2026-06-27,URAVIDEF,47.3,42.0,40.0,53.75,65.0,2026-06-27,tracker_enrich_derived
2026-06-27,URBANCO,54.58,28.75,88.33,51.75,71.0,2026-06-27,tracker_enrich_derived
2025-08-11,USHAMART,54.81,59.78,42.78,59.78,55.0,,organized/data/fundamental_scores_database.csv
2026-07-06,USHAMART,75.02,78.0,61.67,85.0,76.0,2026-07-06,tracker_enrich_derived
2026-06-29,UTIAMC,54.47,34.0,46.67,77.0,92.0,2026-06-29,tracker_enrich_derived
2026-06-29,UTLSOLAR,57.77,55.0,55.0,58.75,68.5,2026-06-29,tracker_enrich_derived
2026-08-15,UTLSOLAR,68.33,70.75,95.0,30.0,68.5,2026-08-15,compute_fund_scores_from_db
2026-07-06,UTTAMSUGAR,67.47,72.0,60.0,70.75,63.5,2026-07-06,tracker_enrich_derived
2026-06-17,V2RETAIL,68.72,70.75,71.67,60.0,70.0,2026-06-17,tracker_enrich_derived
2026-08-15,V2RETAIL,81.32,86.0,95.0,63.33,70.0,2026-08-15,compute_fund_scores_from_db
2026-08-13,VADILALIND,81.64,88.0,81.67,82.5,63.5,2026-08-13,tracker_enrich_derived
2026-06-27,VAIBHAVGBL,73.2,79.0,55.0,83.0,75.0,2026-06-27,tracker_enrich_derived
2025-08-11,VARROC,49.61,50.22,42.14,53.7,55.0,,organized/data/fundamental_scores_database.csv
2026-07-06,VARROC,75.34,85.0,61.67,70.75,78.5,2026-07-06,tracker_enrich_derived
2026-08-15,VARROC,71.77,81.67,65.0,73.0,55.0,2026-08-15,compute_fund_scores_from_db
2026-07-09,VBL,75.75,74.0,75.0,77.0,80.0,2026-07-09,tracker_enrich_derived
2026-08-15,VBL,77.0,85.0,75.0,80.0,55.0,2026-08-15,compute_fund_scores_from_db
2026-07-09,VEDL,79.77,88.0,66.67,79.5,80.0,2026-07-09,tracker_enrich_derived
2026-08-15,VEDL,64.62,88.75,57.5,32.5,55.0,2026-08-15,compute_fund_scores_from_db
2026-08-04,VENKEYS,56.75,55.0,55.0,60.0,60.0,2026-08-04,tracker_enrich_derived
2026-06-18,VENUSPIPES,60.4,55.0,55.0,70.0,71.0,2026-06-18,tracker_enrich_derived
2026-06-18,VERANDA,75.65,92.5,75.0,61.25,51.0,2026-06-18,tracker_enrich_derived
2026-06-29,VESUVIUS,58.75,55.0,55.0,55.0,80.0,2026-06-29,tracker_enrich_derived
2026-06-16,VETO,72.62,73.0,86.67,66.75,56.0,2026-06-16,tracker_enrich_derived
2026-06-29,VGUARD,72.87,63.0,76.67,82.5,80.0,2026-06-29,tracker_enrich_derived
2026-07-29,VIDHIING,74.78,73.6,81.67,77.0,63.5,2026-07-29,tracker_enrich_derived
2026-06-29,VIDYAWIRES,79.49,78.0,91.67,71.75,73.5,2026-06-29,tracker_enrich_derived
2026-06-29,VIJAYA,84.05,87.0,80.0,82.5,85.0,2026-06-29,tracker_enrich_derived
2026-07-03,VIKRAMSOLR,85.12,85.6,95.0,84.25,68.5,2026-07-03,tracker_enrich_derived
2026-06-27,VIMTALABS,75.72,90.0,61.67,79.5,56.0,2026-06-27,tracker_enrich_derived
2026-07-06,VINATIORGA,70.09,71.0,56.67,82.5,73.5,2026-07-06,tracker_enrich_derived
2026-06-27,VINCOFE,77.89,85.6,85.0,66.25,61.0,2026-06-27,tracker_enrich_derived
2026-06-20,VINDHYATEL,62.92,69.0,61.67,50.0,66.0,2026-06-20,tracker_enrich_derived
2025-08-11,VIPIND,61.02,68.7,55.0,57.73,55.0,,organized/data/fundamental_scores_database.csv
2026-06-27,VIPIND,38.15,28.75,35.0,36.25,71.0,2026-06-27,tracker_enrich_derived
2026-08-10,VISAKAIND,68.69,73.6,70.0,63.75,60.0,2026-08-10,tracker_enrich_derived
2025-08-11,VISHNU,49.81,51.3,39.29,56.09,55.0,,organized/data/fundamental_scores_database.csv
2026-07-20,VISHNU,70.47,72.6,65.0,70.75,73.5,2026-07-20,tracker_enrich_derived
2026-06-29,VIYASH,82.28,91.25,85.0,67.5,73.5,2026-06-29,tracker_enrich_derived
2026-08-15,VIYASH,79.48,86.0,85.0,64.0,73.5,2026-08-15,compute_fund_scores_from_db
2026-06-27,VLSFINANCE,35.6,25.0,25.0,51.75,60.0,2026-06-27,tracker_enrich_derived
2026-06-29,VMART,61.9,55.0,55.0,70.0,81.0,2026-06-29,tracker_enrich_derived
2026-06-29,VMM,74.41,75.6,66.67,76.75,81.0,2026-06-29,tracker_enrich_derived
2026-08-15,VMM,83.79,88.25,87.5,72.33,81.0,2026-08-15,compute_fund_scores_from_db
2026-07-31,VOLTAMP,63.55,55.0,55.0,82.0,76.0,2026-07-31,tracker_enrich_derived
2026-06-29,VOLTAS,62.65,56.0,70.0,56.75,76.0,2026-06-29,tracker_enrich_derived
2026-08-15,VOLTAS,56.07,46.25,57.5,59.0,76.0,2026-08-15,compute_fund_scores_from_db
2026-07-16,VRAJ,61.33,47.6,76.67,64.25,68.5,2026-07-16,tracker_enrich_derived
2026-06-29,VRLLOG,64.68,55.0,55.0,82.0,83.5,2026-06-29,tracker_enrich_derived
2026-06-18,VSSL,61.97,52.0,61.67,80.0,65.0,2026-06-18,tracker_enrich_derived
2026-08-15,VSSL,63.33,55.0,65.0,76.67,65.0,2026-08-15,compute_fund_scores_from_db
2026-07-07,VSTIND,62.1,55.0,55.0,89.75,56.0,2026-07-07,tracker_enrich_derived
2025-08-11,VTL,50.16,49.57,47.0,51.67,55.0,,organized/data/fundamental_scores_database.csv
2026-07-06,VTL,55.02,46.6,45.0,66.75,78.5,2026-07-06,tracker_enrich_derived
2026-06-27,WAAREEENER,81.7,81.6,88.33,79.75,73.5,2026-06-27,tracker_enrich_derived
2026-08-15,WAAREEENER,89.21,91.25,95.0,89.67,73.5,2026-08-15,compute_fund_scores_from_db
2026-07-28,WAAREEINDO,56.27,55.0,55.0,55.0,63.5,2026-07-28,tracker_enrich_derived
2026-06-27,WAAREERTL,85.4,89.6,93.33,83.5,63.5,2026-06-27,tracker_enrich_derived
2026-06-16,WABAG,80.15,85.0,85.0,78.75,61.0,2026-06-16,tracker_enrich_derived
2026-06-29,WAKEFIT,63.55,55.0,55.0,82.0,76.0,2026-06-29,tracker_enrich_derived
2026-06-16,WALCHANNAG,52.4,55.0,55.0,45.0,51.0,2026-06-16,tracker_enrich_derived
2026-06-29,WANBURY,63.47,70.75,56.67,63.0,56.0,2026-06-29,tracker_enrich_derived
2026-07-09,WEBELSOLAR,86.45,94.0,95.0,83.5,56.0,2026-07-09,tracker_enrich_derived
2026-07-03,WEL,52.16,42.0,48.33,61.25,73.5,2026-07-03,tracker_enrich_derived
2025-08-11,WELCORP,49.35,50.22,38.12,57.39,55.0,,organized/data/fundamental_scores_database.csv
2026-06-29,WELCORP,65.04,47.6,70.0,85.5,76.0,2026-06-29,tracker_enrich_derived
2026-06-18,WELENT,67.67,68.0,71.67,60.25,70.0,2026-06-18,tracker_enrich_derived
2025-08-11,WELSPUNLIV,49.31,51.96,33.12,60.0,55.0,,organized/data/fundamental_scores_database.csv
2026-06-18,WELSPUNLIV,57.84,51.0,51.67,63.75,78.5,2026-06-18,tracker_enrich_derived
2026-06-29,WESTLIFE,66.32,75.6,53.33,53.75,80.0,2026-06-29,tracker_enrich_derived
2026-06-24,WEWORK,71.07,58.75,81.67,75.0,81.0,2026-06-24,tracker_enrich_derived
2026-08-15,WEWORK,67.32,46.67,90.0,70.0,81.0,2026-08-15,compute_fund_scores_from_db
2025-08-11,WHEELS,46.83,50.22,30.5,54.32,55.0,,organized/data/fundamental_scores_database.csv
2026-06-29,WHEELS,78.85,87.0,75.0,74.0,70.0,2026-06-29,tracker_enrich_derived
2026-08-15,WHEELS,74.6,85.0,75.0,68.0,55.0,2026-08-15,compute_fund_scores_from_db
2026-06-29,WHIRLPOOL,64.1,53.0,70.0,70.0,76.0,2026-06-29,tracker_enrich_derived
2026-07-16,WINDLAS,73.49,67.0,76.67,82.5,73.5,2026-07-16,tracker_enrich_derived
2026-06-16,WINDMACHIN,63.48,56.0,88.33,49.25,61.0,2026-06-16,tracker_enrich_derived
2026-06-29,WIPRO,67.93,66.0,55.0,80.0,78.5,2026-06-29,tracker_enrich_derived
2026-06-17,WOCKPHARMA,75.73,91.25,68.33,57.5,71.0,2026-06-17,tracker_enrich_derived
2026-07-08,WONDERLA,56.52,55.0,55.0,45.0,78.5,2026-07-08,tracker_enrich_derived
2026-08-07,WORTHPERI,65.79,65.0,61.67,74.25,63.5,2026-08-07,tracker_enrich_derived
2026-07-24,WPIL,63.33,66.6,56.67,57.5,73.5,2026-07-24,tracker_enrich_derived
2026-06-17,WSTCSTPAPR,60.39,47.6,65.0,69.25,75.0,2026-06-17,tracker_enrich_derived
2025-08-11,XPROINDIA,56.93,62.17,48.33,58.64,55.0,,organized/data/fundamental_scores_database.csv
2026-06-16,XPROINDIA,55.86,47.6,56.67,60.0,71.0,2026-06-16,tracker_enrich_derived
2026-07-31,YASHO,76.21,84.0,83.33,57.5,68.5,2026-07-31,tracker_enrich_derived
2025-08-11,YATHARTH,57.52,60.43,55.0,56.74,55.0,,organized/data/fundamental_scores_database.csv
2026-07-07,YATHARTH,80.55,83.0,85.0,74.25,75.0,2026-07-07,tracker_enrich_derived
2026-08-15,YATHARTH,83.7,90.0,95.0,78.5,55.0,2026-08-15,compute_fund_scores_from_db
2026-06-27,YATRA,71.03,71.0,70.0,66.75,78.5,2026-06-27,tracker_enrich_derived
2026-08-15,YESBANK,74.42,95.0,52.5,47.5,92.0,2026-08-15,compute_fund_scores_from_db
2026-06-29,ZAGGLE,78.62,83.0,91.67,63.0,66.0,2026-06-29,tracker_enrich_derived
2026-06-17,ZEEL,49.8,42.0,40.0,65.5,66.0,2026-06-17,tracker_enrich_derived
2026-06-29,ZENSARTECH,76.26,79.6,61.67,88.0,76.0,2026-06-29,tracker_enrich_derived
2026-08-15,ZENSARTECH,78.42,83.25,65.0,87.33,76.0,2026-08-15,compute_fund_scores_from_db
2026-06-17,ZENTEC,61.23,50.0,58.33,80.0,71.0,2026-06-17,tracker_enrich_derived
2025-08-11,ZFCVINDIA,50.29,54.52,33.12,59.75,55.0,,organized/data/fundamental_scores_database.csv
2026-07-09,ZFCVINDIA,73.92,71.6,65.0,82.5,83.5,2026-07-09,tracker_enrich_derived
2026-06-27,ZOTA,61.23,50.0,88.33,46.25,66.0,2026-06-27,tracker_enrich_derived
2026-08-15,ZOTA,59.25,35.0,95.0,58.0,66.0,2026-08-15,compute_fund_scores_from_db
2026-06-27,ZUARI,57.52,69.0,25.0,70.75,63.5,2026-06-27,tracker_enrich_derived
2026-08-13,ZUARIIND,59.83,54.0,68.33,60.75,60.0,2026-08-13,tracker_enrich_derived
2026-06-29,ZYDUSLIFE,80.29,84.0,81.67,72.5,78.5,2026-06-29,tracker_enrich_derived
2026-06-18,ZYDUSWELL,64.15,47.6,93.33,50.0,78.5,2026-06-18,tracker_enrich_derived
