symbol,period_label,period_end,period_type,revenue,expenses,operating_profit,opm_pct,other_income,interest,depreciation,pbt,tax_pct,pat,eps,source
20MICRONS,Dec 2024,2024-12-31,quarter,215.0,188.0,26.0,12.0,1.0,5.0,5.0,17.0,23.0,13.0,3.65,screener
20MICRONS,Mar 2025,2025-03-31,quarter,227.0,199.0,29.0,13.0,0.0,5.0,5.0,19.0,20.0,15.0,4.31,screener
20MICRONS,Jun 2025,2025-06-30,quarter,247.0,216.0,32.0,13.0,1.0,5.0,5.0,23.0,26.0,17.0,4.78,screener
20MICRONS,Sep 2025,2025-09-30,quarter,231.0,199.0,32.0,14.0,2.0,4.0,5.0,23.0,26.0,17.0,4.93,screener
20MICRONS,Dec 2025,2025-12-31,quarter,215.0,187.0,28.0,13.0,1.0,4.0,5.0,20.0,25.0,15.0,4.24,screener
20MICRONS,Mar 2026,2026-03-31,quarter,261.0,229.0,32.0,12.0,2.0,4.0,5.0,24.0,28.0,18.0,4.99,screener
360ONE,Dec 2024,2024-12-31,quarter,780.0,336.0,444.0,57.0,154.0,222.0,17.0,359.0,23.0,276.0,7.12,screener
360ONE,Mar 2025,2025-03-31,quarter,821.0,360.0,461.0,56.0,101.0,218.0,20.0,324.0,23.0,250.0,6.35,screener
360ONE,Jun 2025,2025-06-30,quarter,911.0,346.0,566.0,62.0,69.0,229.0,32.0,374.0,24.0,285.0,7.04,screener
360ONE,Sep 2025,2025-09-30,quarter,1098.0,401.0,697.0,63.0,9.0,254.0,39.0,413.0,24.0,315.0,7.79,screener
360ONE,Dec 2025,2025-12-31,quarter,1181.0,456.0,725.0,61.0,39.0,296.0,41.0,427.0,23.0,327.0,8.08,screener
360ONE,Mar 2026,2026-03-31,quarter,1115.0,452.0,663.0,59.0,54.0,312.0,43.0,363.0,20.0,289.0,7.11,screener
360ONE,Jun 2026,2026-06-30,quarter,1226.0,454.0,773.0,63.0,47.0,354.0,42.0,424.0,22.0,331.0,8.13,screener
3MINDIA,Mar 2023,2023-03-31,quarter,1046.0,852.0,194.0,19.0,10.0,6.0,14.0,184.0,26.0,136.0,120.48,screener
3MINDIA,Jun 2023,2023-06-30,quarter,1050.0,877.0,173.0,16.0,15.0,1.0,14.0,173.0,25.0,129.0,114.7,screener
3MINDIA,Sep 2023,2023-09-30,quarter,1040.0,847.0,192.0,18.0,17.0,1.0,13.0,196.0,25.0,146.0,129.7,screener
3MINDIA,Dec 2023,2023-12-31,quarter,1006.0,827.0,179.0,18.0,17.0,1.0,13.0,181.0,25.0,135.0,120.05,screener
3MINDIA,Mar 2024,2024-03-31,quarter,1095.0,880.0,214.0,20.0,30.0,1.0,13.0,231.0,25.0,173.0,153.44,screener
3MINDIA,Jun 2024,2024-06-30,quarter,1047.0,841.0,205.0,20.0,22.0,3.0,14.0,211.0,26.0,157.0,139.5,screener
5PAISA,Dec 2024,2024-12-31,quarter,85.0,55.0,30.0,35.0,0.0,5.0,3.0,22.0,25.0,16.0,3.46,screener
5PAISA,Mar 2025,2025-03-31,quarter,71.0,50.0,21.0,30.0,0.0,5.0,3.0,13.0,25.0,10.0,2.15,screener
5PAISA,Jun 2025,2025-06-30,quarter,78.0,52.0,25.0,32.0,0.0,7.0,2.0,15.0,26.0,12.0,2.46,screener
5PAISA,Sep 2025,2025-09-30,quarter,77.0,54.0,23.0,30.0,0.0,8.0,2.0,13.0,26.0,9.0,2.02,screener
5PAISA,Dec 2025,2025-12-31,quarter,79.0,52.0,27.0,34.0,0.0,8.0,2.0,17.0,26.0,12.0,2.62,screener
5PAISA,Mar 2026,2026-03-31,quarter,85.0,60.0,26.0,30.0,0.0,9.0,2.0,15.0,25.0,11.0,2.32,screener
63MOONS,Dec 2024,2024-12-31,quarter,12.0,73.0,-61.0,-520.0,44.0,0.0,8.0,-25.0,-7.0,-23.0,-3.62,screener
63MOONS,Mar 2025,2025-03-31,quarter,14.0,75.0,-62.0,-454.0,83.0,0.0,7.0,14.0,27.0,11.0,2.39,screener
63MOONS,Jun 2025,2025-06-30,quarter,30.0,85.0,-55.0,-180.0,64.0,0.0,8.0,1.0,216.0,-3.0,0.67,screener
63MOONS,Sep 2025,2025-09-30,quarter,21.0,107.0,-87.0,-423.0,55.0,1.0,8.0,-41.0,10.0,-45.0,-6.13,screener
63MOONS,Dec 2025,2025-12-31,quarter,27.0,91.0,-64.0,-237.0,41.0,0.0,8.0,-31.0,2.0,-32.0,-4.29,screener
63MOONS,Mar 2026,2026-03-31,quarter,134.0,210.0,-76.0,-57.0,119.0,0.0,9.0,34.0,25.0,25.0,4.88,screener
63MOONS,Jun 2026,2026-06-30,quarter,137.0,209.0,-72.0,-52.0,35.0,0.0,9.0,-46.0,3.0,-48.0,-8.61,screener
AADHARHFC,Dec 2024,2024-12-31,quarter,798.0,187.0,,,0.0,297.0,6.0,308.0,22.0,239.0,5.56,screener
AADHARHFC,Mar 2025,2025-03-31,quarter,833.0,197.0,,,1.0,315.0,6.0,316.0,22.0,245.0,5.68,screener
AADHARHFC,Jun 2025,2025-06-30,quarter,848.0,207.0,,,3.0,332.0,7.0,305.0,22.0,237.0,5.49,screener
AADHARHFC,Sep 2025,2025-09-30,quarter,897.0,208.0,,,2.0,342.0,7.0,343.0,22.0,266.0,6.15,screener
AADHARHFC,Dec 2025,2025-12-31,quarter,943.0,214.0,,,-15.0,348.0,7.0,360.0,22.0,281.0,6.48,screener
AADHARHFC,Mar 2026,2026-03-31,quarter,985.0,240.0,,,8.0,343.0,11.0,398.0,22.0,311.0,7.14,screener
AARTIDRUGS,Dec 2024,2024-12-31,quarter,557.0,495.0,62.0,11.0,12.0,9.0,14.0,51.0,27.0,37.0,4.06,screener
AARTIDRUGS,Mar 2025,2025-03-31,quarter,677.0,583.0,93.0,14.0,2.0,9.0,15.0,71.0,12.0,63.0,6.89,screener
AARTIDRUGS,Jun 2025,2025-06-30,quarter,591.0,516.0,74.0,13.0,0.0,9.0,15.0,51.0,-6.0,54.0,5.91,screener
AARTIDRUGS,Sep 2025,2025-09-30,quarter,653.0,569.0,84.0,13.0,0.0,8.0,16.0,60.0,25.0,45.0,4.96,screener
AARTIDRUGS,Dec 2025,2025-12-31,quarter,602.0,547.0,55.0,9.0,1.0,9.0,18.0,29.0,-40.0,41.0,4.44,screener
AARTIDRUGS,Mar 2026,2026-03-31,quarter,720.0,624.0,96.0,13.0,1.0,8.0,18.0,70.0,21.0,55.0,6.05,screener
AARTIIND,Dec 2024,2024-12-31,quarter,1843.0,1612.0,231.0,13.0,5.0,85.0,111.0,40.0,-15.0,46.0,1.27,screener
AARTIIND,Mar 2025,2025-03-31,quarter,1949.0,1687.0,262.0,13.0,3.0,64.0,113.0,88.0,-9.0,96.0,2.65,screener
AARTIIND,Jun 2025,2025-06-30,quarter,1675.0,1463.0,212.0,13.0,4.0,60.0,114.0,42.0,-2.0,43.0,1.19,screener
AARTIIND,Sep 2025,2025-09-30,quarter,2100.0,1809.0,291.0,14.0,22.0,100.0,120.0,93.0,-14.0,106.0,2.92,screener
AARTIIND,Dec 2025,2025-12-31,quarter,2318.0,1997.0,321.0,14.0,-13.0,69.0,121.0,118.0,-13.0,133.0,3.67,screener
AARTIIND,Mar 2026,2026-03-31,quarter,2205.0,1864.0,341.0,15.0,1.0,112.0,119.0,111.0,-23.0,137.0,3.78,screener
AARTIPHARM,Dec 2024,2024-12-31,quarter,538.0,409.0,129.0,24.0,5.0,10.0,23.0,101.0,26.0,74.0,8.16,screener
AARTIPHARM,Mar 2025,2025-03-31,quarter,564.0,418.0,146.0,26.0,-2.0,7.0,23.0,115.0,23.0,88.0,9.75,screener
AARTIPHARM,Jun 2025,2025-06-30,quarter,386.0,293.0,93.0,24.0,2.0,7.0,23.0,65.0,24.0,50.0,5.46,screener
AARTIPHARM,Sep 2025,2025-09-30,quarter,418.0,344.0,74.0,18.0,0.0,11.0,25.0,39.0,28.0,28.0,3.08,screener
AARTIPHARM,Dec 2025,2025-12-31,quarter,432.0,330.0,102.0,24.0,2.0,13.0,29.0,63.0,24.0,48.0,5.29,screener
AARTIPHARM,Mar 2026,2026-03-31,quarter,583.0,470.0,113.0,19.0,14.0,17.0,28.0,82.0,25.0,61.0,6.74,screener
AARTIPHARM,Jun 2026,2026-06-30,quarter,536.0,400.0,136.0,25.0,8.0,13.0,30.0,101.0,25.0,76.0,8.4,screener
AARTISURF,Mar 2025,2025-03-31,quarter,202.05,182.36,19.69,9.75,1.14,3.26,4.41,13.16,26.22,9.72,11.49,screener
AARTISURF,Jun 2025,2025-06-30,quarter,215.9,204.27,11.63,5.39,0.04,3.28,4.35,4.04,27.23,2.94,3.48,screener
AARTISURF,Sep 2025,2025-09-30,quarter,179.17,169.83,9.34,5.21,0.06,2.8,4.41,2.19,29.22,1.56,1.84,screener
AARTISURF,Dec 2025,2025-12-31,quarter,207.79,195.1,12.69,6.11,0.04,3.16,4.47,5.1,28.24,3.66,4.32,screener
AARTISURF,Mar 2026,2026-03-31,quarter,256.28,243.07,13.21,5.15,0.19,3.06,4.46,5.88,28.74,4.19,4.95,screener
AARTISURF,Jun 2026,2026-06-30,quarter,272.87,252.58,20.29,7.44,0.17,3.52,4.75,12.19,26.17,9.0,10.62,screener
AARVI,Dec 2024,2024-12-31,quarter,131.64,128.0,3.64,2.77,0.46,0.79,0.47,2.84,16.2,2.37,1.6,screener
AARVI,Mar 2025,2025-03-31,quarter,144.45,140.0,4.45,3.08,0.49,0.83,0.5,3.61,18.28,2.95,1.99,screener
AARVI,Jun 2025,2025-06-30,quarter,151.3,146.37,4.93,3.26,0.68,0.78,0.39,4.44,4.95,4.22,2.85,screener
AARVI,Sep 2025,2025-09-30,quarter,158.85,153.27,5.58,3.51,0.65,0.71,0.44,5.08,5.71,4.8,3.24,screener
AARVI,Dec 2025,2025-12-31,quarter,167.45,162.09,5.36,3.2,-0.22,0.69,0.46,3.99,-0.75,4.01,2.71,screener
AARVI,Mar 2026,2026-03-31,quarter,172.25,165.44,6.81,3.95,0.8,0.71,0.48,6.42,28.5,4.58,3.09,screener
AAVAS,Dec 2022,2022-12-31,quarter,411.0,117.0,,,1.0,150.0,7.0,138.0,22.0,107.0,13.55,screener
AAVAS,Mar 2023,2023-03-31,quarter,450.0,118.0,,,1.0,165.0,9.0,159.0,20.0,127.0,16.04,screener
AAVAS,Jun 2023,2023-06-30,quarter,467.0,132.0,,,0.0,187.0,7.0,141.0,22.0,110.0,13.89,screener
AAVAS,Sep 2023,2023-09-30,quarter,497.0,129.0,,,1.0,204.0,8.0,157.0,23.0,122.0,15.38,screener
AAVAS,Dec 2023,2023-12-31,quarter,508.0,134.0,,,1.0,217.0,9.0,150.0,22.0,117.0,14.75,screener
AAVAS,Mar 2024,2024-03-31,quarter,546.0,139.0,,,1.0,222.0,9.0,177.0,20.0,142.0,18.0,screener
ABB,Dec 2024,2024-12-31,quarter,3365.0,2708.0,657.0,20.0,83.0,5.0,34.0,702.0,25.0,528.0,24.94,screener
ABB,Mar 2025,2025-03-31,quarter,3010.0,2450.0,560.0,19.0,110.0,5.0,34.0,631.0,25.0,475.0,22.4,screener
ABB,Jun 2025,2025-06-30,quarter,2940.0,2539.0,401.0,14.0,109.0,4.0,35.0,471.0,25.0,352.0,16.6,screener
ABB,Sep 2025,2025-09-30,quarter,3311.0,2810.0,500.0,15.0,84.0,6.0,37.0,542.0,25.0,409.0,19.3,screener
ABB,Dec 2025,2025-12-31,quarter,3423.0,2896.0,527.0,15.0,89.0,5.0,39.0,571.0,24.0,433.0,20.43,screener
ABB,Mar 2026,2026-03-31,quarter,3184.0,2776.0,408.0,13.0,1541.0,4.0,42.0,1904.0,6.0,1784.0,84.17,screener
ABB,Jun 2026,2026-06-30,quarter,3559.0,3112.0,447.0,13.0,85.0,2.0,39.0,491.0,26.0,362.0,17.1,screener
ABCAPITAL,Dec 2024,2024-12-31,quarter,9381.0,5876.0,,,85.0,2496.0,64.0,1030.0,30.0,724.0,2.72,screener
ABCAPITAL,Mar 2025,2025-03-31,quarter,12214.0,8419.0,,,219.0,2585.0,68.0,1361.0,35.0,886.0,3.32,screener
ABCAPITAL,Jun 2025,2025-06-30,quarter,9503.0,5652.0,,,139.0,2736.0,71.0,1182.0,28.0,854.0,3.21,screener
ABCAPITAL,Sep 2025,2025-09-30,quarter,10595.0,6594.0,,,92.0,2804.0,77.0,1212.0,27.0,882.0,3.27,screener
ABCAPITAL,Dec 2025,2025-12-31,quarter,11952.0,7645.0,,,72.0,2981.0,76.0,1322.0,27.0,966.0,3.61,screener
ABCAPITAL,Mar 2026,2026-03-31,quarter,13459.0,8924.0,,,89.0,3101.0,82.0,1441.0,27.0,1047.0,3.86,screener
ABCAPITAL,Jun 2026,2026-06-30,quarter,12180.0,7221.0,,,153.0,3390.0,82.0,1641.0,25.0,1224.0,4.3,screener
ABDL,Dec 2024,2024-12-31,quarter,974.0,857.0,117.0,12.0,3.0,27.0,13.0,80.0,28.0,57.0,2.05,screener
ABDL,Mar 2025,2025-03-31,quarter,921.0,785.0,136.0,15.0,14.0,28.0,16.0,106.0,26.0,79.0,2.81,screener
ABDL,Jun 2025,2025-06-30,quarter,923.0,811.0,112.0,12.0,7.0,27.0,16.0,76.0,26.0,56.0,2.02,screener
ABDL,Sep 2025,2025-09-30,quarter,990.0,865.0,125.0,13.0,5.0,30.0,16.0,84.0,25.0,63.0,2.3,screener
ABDL,Dec 2025,2025-12-31,quarter,1003.0,867.0,136.0,14.0,-2.0,26.0,18.0,89.0,28.0,64.0,2.38,screener
ABDL,Mar 2026,2026-03-31,quarter,1007.0,838.0,169.0,17.0,13.0,51.0,29.0,103.0,63.0,38.0,1.46,screener
ABDL,Jun 2026,2026-06-30,quarter,979.0,863.0,115.0,12.0,5.0,29.0,23.0,68.0,33.0,45.0,1.76,screener
ABLBL,Mar 2025,2025-03-31,quarter,1942.0,1633.0,309.0,16.0,21.0,89.0,188.0,52.0,26.0,38.0,,screener
ABLBL,Jun 2025,2025-06-30,quarter,1841.0,1577.0,263.0,14.0,23.0,85.0,173.0,28.0,15.0,24.0,0.2,screener
ABLBL,Sep 2025,2025-09-30,quarter,2038.0,1721.0,317.0,16.0,21.0,98.0,209.0,31.0,25.0,23.0,0.19,screener
ABLBL,Dec 2025,2025-12-31,quarter,2343.0,1931.0,412.0,18.0,-22.0,95.0,204.0,91.0,24.0,69.0,0.57,screener
ABLBL,Mar 2026,2026-03-31,quarter,2174.0,1822.0,352.0,16.0,15.0,86.0,210.0,70.0,23.0,55.0,0.45,screener
ABLBL,Jun 2026,2026-06-30,quarter,2046.0,1738.0,308.0,15.0,18.0,83.0,204.0,39.0,26.0,29.0,0.24,screener
ABREL,Dec 2024,2024-12-31,quarter,204.44,222.41,-17.97,-8.79,-7.96,7.75,16.12,-49.8,-14.92,-42.37,-3.63,screener
ABREL,Mar 2025,2025-03-31,quarter,395.0,425.0,-31.0,-8.0,-119.0,12.0,16.0,-177.0,-24.0,-135.0,-11.73,screener
ABREL,Jun 2025,2025-06-30,quarter,146.0,188.0,-42.0,-29.0,32.0,7.0,16.0,-33.0,-18.0,-27.0,-2.28,screener
ABREL,Sep 2025,2025-09-30,quarter,98.0,172.0,-74.0,-75.0,71.0,18.0,16.0,-37.0,-51.0,-18.0,-1.41,screener
ABREL,Dec 2025,2025-12-31,quarter,81.0,172.0,-91.0,-112.0,19.0,19.0,18.0,-108.0,-31.0,-75.0,-6.52,screener
ABREL,Mar 2026,2026-03-31,quarter,83.0,248.0,-166.0,-200.0,129.0,21.0,18.0,-76.0,-107.0,5.0,0.97,screener
ABREL,Jun 2026,2026-06-30,quarter,189.0,246.0,-57.0,-30.0,49.0,26.0,17.0,-51.0,-32.0,-35.0,-3.45,screener
ABSLAMC,Dec 2024,2024-12-31,quarter,445.0,171.0,274.0,62.0,38.0,2.0,11.0,300.0,25.0,224.0,7.78,screener
ABSLAMC,Mar 2025,2025-03-31,quarter,429.0,185.0,244.0,57.0,72.0,1.0,10.0,305.0,25.0,228.0,7.91,screener
ABSLAMC,Jun 2025,2025-06-30,quarter,447.0,181.0,266.0,59.0,118.0,1.0,10.0,372.0,26.0,277.0,9.6,screener
ABSLAMC,Sep 2025,2025-09-30,quarter,461.0,179.0,283.0,61.0,45.0,1.0,11.0,316.0,24.0,241.0,8.36,screener
ABSLAMC,Dec 2025,2025-12-31,quarter,478.0,188.0,290.0,61.0,82.0,1.0,12.0,358.0,25.0,270.0,9.33,screener
ABSLAMC,Mar 2026,2026-03-31,quarter,458.0,192.0,266.0,58.0,-33.0,1.0,13.0,219.0,15.0,187.0,6.48,screener
ACC,Dec 2024,2024-12-31,quarter,5972.0,4856.0,1116.0,19.0,649.0,28.0,260.0,1476.0,26.0,1092.0,58.14,screener
ACC,Mar 2025,2025-03-31,quarter,6115.0,5284.0,830.0,14.0,330.0,14.0,265.0,882.0,15.0,751.0,39.99,screener
ACC,Jun 2025,2025-06-30,quarter,6087.0,5309.0,778.0,13.0,70.0,30.0,255.0,563.0,33.0,375.0,19.99,screener
ACC,Sep 2025,2025-09-30,quarter,6005.0,5159.0,846.0,14.0,225.0,29.0,279.0,763.0,-47.0,1119.0,59.6,screener
ACC,Dec 2025,2025-12-31,quarter,6483.0,5783.0,700.0,11.0,91.0,26.0,306.0,460.0,12.0,404.0,21.52,screener
ACC,Mar 2026,2026-03-31,quarter,7146.0,6520.0,626.0,9.0,50.0,27.0,279.0,370.0,36.0,238.0,12.69,screener
ACC,Jun 2026,2026-06-30,quarter,5808.0,5351.0,457.0,8.0,31.0,27.0,261.0,200.0,26.0,147.0,7.83,screener
ACE,Dec 2024,2024-12-31,quarter,875.0,740.0,135.0,15.0,30.0,8.0,7.0,149.0,25.0,112.0,9.38,screener
ACE,Mar 2025,2025-03-31,quarter,961.0,797.0,164.0,17.0,8.0,4.0,7.0,161.0,26.0,119.0,9.96,screener
ACE,Jun 2025,2025-06-30,quarter,652.0,559.0,93.0,14.0,51.0,8.0,8.0,128.0,23.0,98.0,8.21,screener
ACE,Sep 2025,2025-09-30,quarter,744.0,635.0,109.0,15.0,29.0,6.0,9.0,124.0,27.0,90.0,7.56,screener
ACE,Dec 2025,2025-12-31,quarter,855.0,725.0,130.0,15.0,36.0,5.0,9.0,152.0,23.0,116.0,9.78,screener
ACE,Mar 2026,2026-03-31,quarter,1029.0,857.0,172.0,17.0,-6.0,3.0,10.0,153.0,28.0,111.0,9.31,screener
ACE,Jun 2026,2026-06-30,quarter,786.0,668.0,118.0,15.0,55.0,5.0,9.0,158.0,25.0,119.0,10.03,screener
ACI,Dec 2024,2024-12-31,quarter,242.0,162.0,80.0,33.0,9.0,3.0,20.0,66.0,27.0,48.0,3.89,screener
ACI,Mar 2025,2025-03-31,quarter,346.0,257.0,88.0,26.0,8.0,0.0,21.0,75.0,28.0,54.0,4.34,screener
ACI,Jun 2025,2025-06-30,quarter,292.0,214.0,78.0,27.0,8.0,5.0,23.0,58.0,31.0,40.0,3.26,screener
ACI,Sep 2025,2025-09-30,quarter,233.0,171.0,63.0,27.0,6.0,6.0,24.0,40.0,27.0,29.0,2.36,screener
ACI,Dec 2025,2025-12-31,quarter,255.0,200.0,54.0,21.0,7.0,4.0,24.0,33.0,28.0,24.0,1.91,screener
ACI,Mar 2026,2026-03-31,quarter,301.0,257.0,44.0,15.0,5.0,10.0,23.0,16.0,23.0,12.0,1.09,screener
ACI,Jun 2026,2026-06-30,quarter,327.0,260.0,67.0,21.0,6.0,5.0,23.0,44.0,31.0,30.0,2.49,screener
ACMESOLAR,Dec 2024,2024-12-31,quarter,349.0,42.0,307.0,88.0,45.0,179.0,70.0,103.0,-8.0,112.0,1.85,screener
ACMESOLAR,Mar 2025,2025-03-31,quarter,487.0,51.0,436.0,90.0,38.0,206.0,102.0,166.0,27.0,122.0,2.04,screener
ACMESOLAR,Jun 2025,2025-06-30,quarter,511.0,53.0,458.0,90.0,57.0,233.0,108.0,174.0,25.0,131.0,2.16,screener
ACMESOLAR,Sep 2025,2025-09-30,quarter,468.0,68.0,400.0,86.0,138.0,265.0,117.0,156.0,26.0,115.0,1.9,screener
ACMESOLAR,Dec 2025,2025-12-31,quarter,497.0,52.0,444.0,89.0,120.0,288.0,120.0,156.0,27.0,114.0,1.88,screener
ACMESOLAR,Mar 2026,2026-03-31,quarter,548.0,69.0,479.0,87.0,171.0,337.0,123.0,190.0,27.0,138.0,2.3,screener
ACUTAAS,Dec 2024,2024-12-31,quarter,275.0,206.0,69.0,25.0,2.0,1.0,6.0,63.0,28.0,45.0,5.49,screener
ACUTAAS,Mar 2025,2025-03-31,quarter,308.0,224.0,85.0,28.0,6.0,1.0,7.0,83.0,24.0,63.0,7.63,screener
ACUTAAS,Jun 2025,2025-06-30,quarter,207.0,156.0,51.0,25.0,16.0,1.0,8.0,58.0,24.0,44.0,5.41,screener
ACUTAAS,Sep 2025,2025-09-30,quarter,306.0,211.0,95.0,31.0,10.0,1.0,8.0,96.0,25.0,72.0,8.82,screener
ACUTAAS,Dec 2025,2025-12-31,quarter,393.0,243.0,151.0,38.0,5.0,1.0,10.0,145.0,27.0,106.0,13.19,screener
ACUTAAS,Mar 2026,2026-03-31,quarter,433.0,249.0,184.0,42.0,11.0,1.0,10.0,184.0,27.0,134.0,16.09,screener
ADANIENSOL,Dec 2024,2024-12-31,quarter,5830.0,4170.0,1661.0,28.0,170.0,809.0,462.0,559.0,-12.0,625.0,4.68,screener
ADANIENSOL,Mar 2025,2025-03-31,quarter,6375.0,4335.0,2040.0,32.0,222.0,826.0,462.0,974.0,27.0,714.0,5.39,screener
ADANIENSOL,Jun 2025,2025-06-30,quarter,6819.0,5009.0,1811.0,27.0,206.0,894.0,465.0,658.0,18.0,539.0,4.27,screener
ADANIENSOL,Sep 2025,2025-09-30,quarter,6596.0,4640.0,1955.0,30.0,171.0,872.0,509.0,746.0,25.0,557.0,4.44,screener
ADANIENSOL,Dec 2025,2025-12-31,quarter,6730.0,4734.0,1995.0,30.0,215.0,913.0,496.0,801.0,28.0,574.0,4.6,screener
ADANIENSOL,Mar 2026,2026-03-31,quarter,7443.0,5298.0,2145.0,29.0,227.0,954.0,508.0,910.0,21.0,723.0,5.69,screener
ADANIENT,Dec 2024,2024-12-31,quarter,22848.0,19778.0,3070.0,13.0,648.0,2141.0,1006.0,572.0,103.0,229.0,0.45,screener
ADANIENT,Mar 2025,2025-03-31,quarter,26966.0,23256.0,3710.0,14.0,4582.0,1796.0,1236.0,5259.0,24.0,4015.0,29.74,screener
ADANIENT,Jun 2025,2025-06-30,quarter,21961.0,18651.0,3310.0,15.0,475.0,1035.0,1284.0,1466.0,39.0,976.0,5.68,screener
ADANIENT,Sep 2025,2025-09-30,quarter,21249.0,17942.0,3307.0,16.0,4179.0,1711.0,1377.0,4398.0,23.0,3414.0,24.74,screener
ADANIENT,Dec 2025,2025-12-31,quarter,24820.0,21178.0,3642.0,15.0,6288.0,1626.0,1372.0,6932.0,20.0,5727.0,43.53,screener
ADANIENT,Mar 2026,2026-03-31,quarter,32439.0,28709.0,3731.0,12.0,748.0,1646.0,2103.0,729.0,117.0,-167.0,-1.71,screener
ADANIGREEN,Dec 2024,2024-12-31,quarter,2340.0,460.0,1880.0,80.0,280.0,1251.0,618.0,291.0,-37.0,474.0,3.11,screener
ADANIGREEN,Mar 2025,2025-03-31,quarter,3073.0,671.0,2402.0,78.0,39.0,1368.0,663.0,410.0,29.0,383.0,1.45,screener
ADANIGREEN,Jun 2025,2025-06-30,quarter,3800.0,758.0,3042.0,80.0,189.0,1525.0,767.0,939.0,25.0,824.0,4.39,screener
ADANIGREEN,Sep 2025,2025-09-30,quarter,3008.0,405.0,2603.0,87.0,158.0,1635.0,834.0,292.0,-81.0,644.0,3.54,screener
ADANIGREEN,Dec 2025,2025-12-31,quarter,2618.0,377.0,2241.0,86.0,208.0,1698.0,886.0,-135.0,-27.0,5.0,-0.25,screener
ADANIGREEN,Mar 2026,2026-03-31,quarter,3502.0,620.0,2882.0,82.0,117.0,1626.0,885.0,488.0,11.0,514.0,2.41,screener
ADANIPORTS,Dec 2024,2024-12-31,quarter,7964.0,3161.0,4802.0,60.0,247.0,923.0,1106.0,3020.0,17.0,2518.0,11.67,screener
ADANIPORTS,Mar 2025,2025-03-31,quarter,8488.0,3482.0,5006.0,59.0,426.0,715.0,1185.0,3532.0,14.0,3023.0,13.95,screener
ADANIPORTS,Jun 2025,2025-06-30,quarter,9126.0,3631.0,5495.0,60.0,453.0,846.0,1255.0,3848.0,14.0,3311.0,15.34,screener
ADANIPORTS,Sep 2025,2025-09-30,quarter,9167.0,3827.0,5340.0,58.0,837.0,1223.0,1264.0,3690.0,15.0,3120.0,14.39,screener
ADANIPORTS,Dec 2025,2025-12-31,quarter,9705.0,3919.0,5786.0,60.0,189.0,980.0,1384.0,3611.0,16.0,3043.0,13.25,screener
ADANIPORTS,Mar 2026,2026-03-31,quarter,10738.0,4718.0,6020.0,56.0,900.0,1605.0,1615.0,3700.0,11.0,3308.0,14.45,screener
ADANIPOWER,Dec 2024,2024-12-31,quarter,13671.0,8648.0,5023.0,37.0,1162.0,957.0,1170.0,4059.0,28.0,2940.0,1.59,screener
ADANIPOWER,Mar 2025,2025-03-31,quarter,14237.0,9425.0,4813.0,34.0,298.0,765.0,1085.0,3261.0,20.0,2599.0,1.37,screener
ADANIPOWER,Jun 2025,2025-06-30,quarter,14109.0,8424.0,5685.0,40.0,465.0,857.0,1089.0,4204.0,21.0,3305.0,1.76,screener
ADANIPOWER,Sep 2025,2025-09-30,quarter,13457.0,8307.0,5150.0,38.0,851.0,842.0,1193.0,3966.0,27.0,2906.0,1.53,screener
ADANIPOWER,Dec 2025,2025-12-31,quarter,12451.0,8213.0,4238.0,34.0,543.0,701.0,1135.0,2945.0,16.0,2488.0,1.29,screener
ADANIPOWER,Mar 2026,2026-03-31,quarter,14223.0,9491.0,4732.0,33.0,1766.0,967.0,1147.0,4384.0,3.0,4271.0,2.08,screener
ADANIPOWER,Jun 2026,2026-06-30,quarter,18902.0,10953.0,7949.0,42.0,538.0,901.0,1167.0,6418.0,24.0,4867.0,2.49,screener
ADFFOODS,Dec 2024,2024-12-31,quarter,147.0,121.0,26.0,18.0,4.0,1.0,5.0,25.0,25.0,19.0,1.71,screener
ADFFOODS,Mar 2025,2025-03-31,quarter,159.0,134.0,25.0,16.0,2.0,1.0,5.0,21.0,21.0,16.0,1.5,screener
ADFFOODS,Jun 2025,2025-06-30,quarter,133.0,109.0,24.0,18.0,3.0,1.0,5.0,21.0,28.0,15.0,1.39,screener
ADFFOODS,Sep 2025,2025-09-30,quarter,163.0,127.0,36.0,22.0,6.0,1.0,5.0,36.0,26.0,26.0,2.4,screener
ADFFOODS,Dec 2025,2025-12-31,quarter,191.0,154.0,37.0,19.0,-4.0,1.0,5.0,27.0,17.0,22.0,2.04,screener
ADFFOODS,Mar 2026,2026-03-31,quarter,197.0,162.0,34.0,17.0,9.0,1.0,6.0,36.0,29.0,26.0,2.36,screener
ADOR,Dec 2024,2024-12-31,quarter,274.0,251.0,23.0,8.0,4.0,1.0,5.0,21.0,28.0,15.0,8.85,screener
ADOR,Mar 2025,2025-03-31,quarter,310.0,279.0,31.0,10.0,4.0,1.0,5.0,29.0,38.0,18.0,10.39,screener
ADOR,Jun 2025,2025-06-30,quarter,252.0,256.0,-4.0,-2.0,5.0,1.0,5.0,-5.0,-22.0,-4.0,-2.27,screener
ADOR,Sep 2025,2025-09-30,quarter,281.0,246.0,35.0,12.0,4.0,1.0,5.0,34.0,26.0,25.0,14.37,screener
ADOR,Dec 2025,2025-12-31,quarter,288.0,244.0,44.0,15.0,-2.0,0.0,5.0,36.0,26.0,27.0,15.35,screener
ADOR,Mar 2026,2026-03-31,quarter,319.0,272.0,47.0,15.0,9.0,0.0,5.0,50.0,32.0,34.0,19.65,screener
ADROITINFO,Dec 2024,2024-12-31,quarter,7.68,6.73,0.95,12.37,0.49,0.23,0.49,0.72,25.0,0.54,0.22,screener
ADROITINFO,Mar 2025,2025-03-31,quarter,10.4,14.45,-4.05,-38.94,4.76,0.31,0.51,-0.11,618.18,-0.79,-0.15,screener
ADROITINFO,Jun 2025,2025-06-30,quarter,9.83,8.49,1.34,13.63,0.64,0.36,0.46,1.16,27.59,0.84,0.16,screener
ADROITINFO,Sep 2025,2025-09-30,quarter,11.44,10.18,1.26,11.01,0.67,0.41,0.47,1.05,25.71,0.77,0.14,screener
ADROITINFO,Dec 2025,2025-12-31,quarter,14.33,12.26,2.07,14.45,0.75,0.42,0.49,1.91,20.42,1.52,0.28,screener
ADROITINFO,Mar 2026,2026-03-31,quarter,13.07,12.62,0.45,3.44,1.87,0.47,0.54,1.31,48.85,0.68,0.13,screener
ADSL,Dec 2024,2024-12-31,quarter,220.57,195.52,25.05,11.36,2.29,2.42,4.85,20.07,11.76,17.71,3.15,screener
ADSL,Mar 2025,2025-03-31,quarter,204.35,213.65,-9.3,-4.55,37.53,1.95,15.3,10.98,167.94,-7.61,-1.35,screener
ADSL,Jun 2025,2025-06-30,quarter,219.02,200.19,18.83,8.6,2.69,2.3,5.06,14.16,-1.98,14.44,2.56,screener
ADSL,Sep 2025,2025-09-30,quarter,233.7,212.38,21.32,9.12,6.96,2.91,4.81,20.56,25.0,15.42,2.73,screener
ADSL,Dec 2025,2025-12-31,quarter,247.42,221.26,26.16,10.57,3.38,3.12,4.98,21.44,35.12,13.91,2.46,screener
ADSL,Mar 2026,2026-03-31,quarter,267.77,277.89,-10.12,-3.78,6.08,3.45,5.08,-12.57,-73.03,-3.39,-0.6,screener
ADVAIT,Mar 2025,2025-03-31,quarter,193.0,174.0,19.0,10.0,3.0,4.0,1.0,18.0,30.0,13.0,10.5,screener
ADVAIT,Jun 2025,2025-06-30,quarter,118.0,105.0,14.0,12.0,3.0,3.0,1.0,13.0,24.0,9.0,7.73,screener
ADVAIT,Sep 2025,2025-09-30,quarter,157.0,140.0,17.0,11.0,2.0,4.0,1.0,15.0,27.0,10.0,8.78,screener
ADVAIT,Dec 2025,2025-12-31,quarter,211.0,187.0,24.0,11.0,5.0,4.0,1.0,24.0,24.0,17.0,15.17,screener
ADVAIT,Mar 2026,2026-03-31,quarter,228.0,199.0,29.0,13.0,3.0,4.0,1.0,27.0,26.0,19.0,16.15,screener
ADVAIT,Jun 2026,2026-06-30,quarter,179.0,154.0,25.0,14.0,2.0,5.0,1.0,21.0,25.0,15.0,12.69,screener
ADVENTHTL,Dec 2024,2024-12-31,quarter,110.29,74.83,35.46,32.15,0.05,15.67,6.98,12.86,11.51,11.37,5175.0,screener
ADVENTHTL,Mar 2025,2025-03-31,quarter,108.06,55.67,52.39,48.48,0.56,14.47,6.47,32.01,27.27,23.28,11900.0,screener
ADVENTHTL,Jun 2025,2025-06-30,quarter,80.48,59.1,21.38,26.57,46.76,13.64,7.38,47.12,31.01,32.51,16255.0,screener
ADVENTHTL,Sep 2025,2025-09-30,quarter,76.98,65.95,11.03,14.33,6.15,13.24,6.74,-2.8,-56.79,-1.21,0.06,screener
ADVENTHTL,Dec 2025,2025-12-31,quarter,114.72,60.01,54.71,47.69,-5.25,13.29,7.52,28.65,-6.25,30.44,5.28,screener
ADVENTHTL,Mar 2026,2026-03-31,quarter,115.41,71.74,43.67,37.84,-13.05,11.19,7.89,11.54,68.28,3.67,0.53,screener
ADVENZYMES,Dec 2024,2024-12-31,quarter,169.0,114.0,55.0,33.0,8.0,1.0,9.0,53.0,27.0,39.0,3.37,screener
ADVENZYMES,Mar 2025,2025-03-31,quarter,167.0,122.0,46.0,27.0,9.0,1.0,10.0,43.0,38.0,27.0,2.37,screener
ADVENZYMES,Jun 2025,2025-06-30,quarter,186.0,129.0,56.0,30.0,9.0,1.0,10.0,55.0,26.0,40.0,3.57,screener
ADVENZYMES,Sep 2025,2025-09-30,quarter,185.0,124.0,60.0,33.0,10.0,1.0,10.0,60.0,25.0,45.0,3.87,screener
ADVENZYMES,Dec 2025,2025-12-31,quarter,172.0,123.0,49.0,29.0,20.0,1.0,10.0,58.0,26.0,43.0,3.8,screener
ADVENZYMES,Mar 2026,2026-03-31,quarter,203.0,140.0,63.0,31.0,7.0,1.0,10.0,60.0,24.0,45.0,3.84,screener
AEGISLOG,Dec 2024,2024-12-31,quarter,1707.0,1474.0,233.0,14.0,60.0,51.0,37.0,204.0,22.0,160.0,3.54,screener
AEGISLOG,Mar 2025,2025-03-31,quarter,1705.0,1296.0,409.0,24.0,65.0,52.0,41.0,381.0,17.0,318.0,8.02,screener
AEGISLOG,Jun 2025,2025-06-30,quarter,1719.0,1479.0,240.0,14.0,63.0,33.0,42.0,228.0,23.0,175.0,3.74,screener
AEGISLOG,Sep 2025,2025-09-30,quarter,2294.0,2003.0,291.0,13.0,96.0,24.0,52.0,310.0,21.0,244.0,5.12,screener
AEGISLOG,Dec 2025,2025-12-31,quarter,1725.0,1428.0,297.0,17.0,81.0,26.0,53.0,299.0,22.0,233.0,5.04,screener
AEGISLOG,Mar 2026,2026-03-31,quarter,2594.0,1970.0,624.0,24.0,87.0,63.0,53.0,596.0,24.0,455.0,11.69,screener
AEGISLOG,Jun 2026,2026-06-30,quarter,2357.0,1643.0,714.0,30.0,106.0,48.0,53.0,719.0,24.0,545.0,13.8,screener
AEGISVOPAK,Dec 2024,2024-12-31,quarter,162.0,43.0,119.0,73.0,8.0,50.0,32.0,45.0,16.0,38.0,0.38,screener
AEGISVOPAK,Mar 2025,2025-03-31,quarter,199.0,55.0,144.0,72.0,16.0,48.0,37.0,75.0,15.0,64.0,0.59,screener
AEGISVOPAK,Jun 2025,2025-06-30,quarter,208.0,53.0,155.0,75.0,11.0,30.0,42.0,95.0,17.0,79.0,0.64,screener
AEGISVOPAK,Sep 2025,2025-09-30,quarter,188.0,50.0,137.0,73.0,1.0,18.0,50.0,71.0,24.0,54.0,0.49,screener
AEGISVOPAK,Dec 2025,2025-12-31,quarter,239.0,61.0,179.0,75.0,4.0,20.0,56.0,107.0,17.0,89.0,0.74,screener
AEGISVOPAK,Mar 2026,2026-03-31,quarter,243.0,64.0,179.0,74.0,4.0,41.0,55.0,87.0,15.0,74.0,0.62,screener
AEGISVOPAK,Jun 2026,2026-06-30,quarter,234.0,54.0,179.0,77.0,4.0,39.0,55.0,89.0,22.0,69.0,0.6,screener
AEQUS,Dec 2024,2024-12-31,quarter,216.0,209.0,7.0,3.0,3.0,18.0,26.0,-34.0,17.0,-40.0,-0.94,screener
AEQUS,Mar 2025,2025-03-31,quarter,249.0,225.0,25.0,10.0,19.0,13.0,24.0,6.0,-54.0,9.0,0.15,screener
AEQUS,Jun 2025,2025-06-30,quarter,256.0,228.0,27.0,11.0,14.0,10.0,25.0,6.0,42.0,4.0,0.06,screener
AEQUS,Sep 2025,2025-09-30,quarter,282.0,253.0,29.0,10.0,18.0,26.0,33.0,-12.0,72.0,-21.0,-0.34,screener
AEQUS,Dec 2025,2025-12-31,quarter,326.0,297.0,29.0,9.0,-6.0,21.0,35.0,-33.0,29.0,-43.0,-0.64,screener
AEQUS,Mar 2026,2026-03-31,quarter,367.0,363.0,4.0,1.1,44.0,36.0,46.0,-33.0,63.0,-54.0,-0.8,screener
AEQUS,Jun 2026,2026-06-30,quarter,396.0,381.0,15.0,3.7,10.0,19.0,45.0,-40.0,34.0,-53.0,-0.79,screener
AEROENTER,Dec 2024,2024-12-31,quarter,157.0,129.0,29.0,18.0,4.0,1.0,3.0,27.0,20.0,22.0,1.24,screener
AEROENTER,Mar 2025,2025-03-31,quarter,161.0,133.0,27.0,17.0,6.0,1.0,5.0,27.0,31.0,19.0,0.98,screener
AEROENTER,Jun 2025,2025-06-30,quarter,134.0,116.0,18.0,14.0,8.0,1.0,7.0,17.0,17.0,14.0,0.9,screener
AEROENTER,Sep 2025,2025-09-30,quarter,172.0,143.0,30.0,17.0,8.0,1.0,8.0,28.0,28.0,20.0,1.24,screener
AEROENTER,Dec 2025,2025-12-31,quarter,191.0,154.0,38.0,20.0,5.0,2.0,8.0,33.0,25.0,25.0,1.42,screener
AEROENTER,Mar 2026,2026-03-31,quarter,200.0,164.0,36.0,18.0,7.0,1.0,10.0,32.0,20.0,26.0,2.12,screener
AEROFLEX,Dec 2024,2024-12-31,quarter,100.0,78.0,22.0,22.0,1.0,0.0,3.0,20.0,23.0,15.0,1.18,screener
AEROFLEX,Mar 2025,2025-03-31,quarter,92.0,73.0,19.0,21.0,0.0,0.0,4.0,15.0,25.0,11.0,0.87,screener
AEROFLEX,Jun 2025,2025-06-30,quarter,84.0,69.0,15.0,18.0,0.0,0.0,6.0,10.0,26.0,7.0,0.55,screener
AEROFLEX,Sep 2025,2025-09-30,quarter,111.0,85.0,26.0,23.0,0.0,0.0,6.0,20.0,28.0,14.0,1.1,screener
AEROFLEX,Dec 2025,2025-12-31,quarter,121.0,93.0,28.0,23.0,0.0,0.0,6.0,22.0,25.0,16.0,1.28,screener
AEROFLEX,Mar 2026,2026-03-31,quarter,126.0,96.0,30.0,24.0,1.0,0.0,8.0,23.0,22.0,18.0,1.33,screener
AEROFLEX,Jun 2026,2026-06-30,quarter,145.0,112.0,33.0,23.0,1.0,0.0,8.0,26.0,27.0,19.0,1.42,screener
AERONEU,Dec 2024,2024-12-31,quarter,32.33,30.93,1.4,4.33,0.09,0.82,0.65,0.02,150.0,0.0,0.0,screener
AERONEU,Mar 2025,2025-03-31,quarter,33.89,33.7,0.19,0.56,0.85,0.75,0.74,-0.45,-28.89,-0.34,-0.14,screener
AERONEU,Jun 2025,2025-06-30,quarter,29.7,28.99,0.71,2.39,1.47,0.61,0.64,0.93,12.9,0.81,0.31,screener
AERONEU,Sep 2025,2025-09-30,quarter,34.52,33.81,0.71,2.06,1.66,0.61,0.69,1.07,0.0,1.07,0.4,screener
AERONEU,Dec 2025,2025-12-31,quarter,30.88,28.88,2.0,6.48,0.41,0.63,0.74,1.04,29.81,0.74,0.29,screener
AERONEU,Mar 2026,2026-03-31,quarter,34.06,34.0,0.06,0.18,1.41,0.62,0.87,-0.02,4250.0,-0.87,-0.35,screener
AETHER,Dec 2024,2024-12-31,quarter,220.0,155.0,65.0,29.0,11.0,3.0,11.0,61.0,29.0,43.0,3.27,screener
AETHER,Mar 2025,2025-03-31,quarter,240.0,161.0,80.0,33.0,2.0,5.0,13.0,64.0,21.0,50.0,3.79,screener
AETHER,Jun 2025,2025-06-30,quarter,257.0,175.0,81.0,32.0,-1.0,5.0,14.0,62.0,24.0,47.0,3.55,screener
AETHER,Sep 2025,2025-09-30,quarter,280.0,192.0,88.0,31.0,6.0,3.0,17.0,74.0,27.0,54.0,4.07,screener
AETHER,Dec 2025,2025-12-31,quarter,319.0,207.0,112.0,35.0,-4.0,4.0,17.0,87.0,26.0,64.0,4.86,screener
AETHER,Mar 2026,2026-03-31,quarter,305.0,222.0,83.0,27.0,10.0,6.0,18.0,68.0,21.0,54.0,4.07,screener
AETHER,Jun 2026,2026-06-30,quarter,327.0,224.0,103.0,31.0,8.0,6.0,21.0,83.0,25.0,63.0,4.73,screener
AFCONS,Dec 2024,2024-12-31,quarter,3211.0,2847.0,364.0,11.0,121.0,169.0,117.0,200.0,26.0,149.0,4.05,screener
AFCONS,Mar 2025,2025-03-31,quarter,3223.0,2930.0,294.0,9.0,164.0,150.0,124.0,184.0,40.0,111.0,3.02,screener
AFCONS,Jun 2025,2025-06-30,quarter,3370.0,2935.0,435.0,13.0,49.0,162.0,139.0,183.0,25.0,137.0,3.74,screener
AFCONS,Sep 2025,2025-09-30,quarter,2988.0,2660.0,329.0,11.0,113.0,170.0,122.0,149.0,30.0,105.0,2.87,screener
AFCONS,Dec 2025,2025-12-31,quarter,2976.0,2565.0,410.0,14.0,-27.0,167.0,93.0,123.0,21.0,97.0,2.64,screener
AFCONS,Mar 2026,2026-03-31,quarter,2614.0,2571.0,43.0,2.0,163.0,175.0,100.0,-69.0,29.0,-89.0,-2.4,screener
AFFLE,Dec 2024,2024-12-31,quarter,602.0,470.0,131.0,22.0,21.0,3.0,26.0,124.0,19.0,100.0,7.13,screener
AFFLE,Mar 2025,2025-03-31,quarter,602.0,468.0,134.0,22.0,19.0,2.0,27.0,124.0,17.0,103.0,7.34,screener
AFFLE,Jun 2025,2025-06-30,quarter,621.0,481.0,140.0,23.0,17.0,2.0,26.0,129.0,18.0,106.0,7.5,screener
AFFLE,Sep 2025,2025-09-30,quarter,647.0,501.0,146.0,23.0,22.0,1.0,32.0,135.0,18.0,111.0,7.86,screener
AFFLE,Dec 2025,2025-12-31,quarter,717.0,554.0,163.0,23.0,18.0,1.0,33.0,146.0,18.0,119.0,8.48,screener
AFFLE,Mar 2026,2026-03-31,quarter,724.0,563.0,161.0,22.0,21.0,1.0,33.0,148.0,19.0,120.0,8.49,screener
AGARIND,Dec 2024,2024-12-31,quarter,542.0,489.0,53.0,10.0,2.0,7.0,15.0,34.0,18.0,28.0,18.52,screener
AGARIND,Mar 2025,2025-03-31,quarter,823.0,770.0,54.0,6.0,5.0,9.0,12.0,37.0,17.0,31.0,20.42,screener
AGARIND,Jun 2025,2025-06-30,quarter,594.0,557.0,36.0,6.0,2.0,8.0,13.0,17.0,22.0,13.0,8.71,screener
AGARIND,Sep 2025,2025-09-30,quarter,245.0,217.0,28.0,11.0,5.0,7.0,13.0,14.0,12.0,12.0,8.02,screener
AGARIND,Dec 2025,2025-12-31,quarter,408.0,388.0,21.0,5.0,5.0,7.0,13.0,5.0,40.0,3.0,1.87,screener
AGARIND,Mar 2026,2026-03-31,quarter,405.0,373.0,32.0,8.0,6.0,5.0,13.0,20.0,23.0,16.0,10.53,screener
AGARWALEYE,Dec 2024,2024-12-31,quarter,431.0,316.0,115.0,27.0,13.0,28.0,58.0,41.0,31.0,28.0,0.72,screener
AGARWALEYE,Mar 2025,2025-03-31,quarter,460.0,329.0,131.0,28.0,13.0,25.0,60.0,59.0,27.0,43.0,1.03,screener
AGARWALEYE,Jun 2025,2025-06-30,quarter,487.0,360.0,128.0,26.0,13.0,25.0,63.0,54.0,29.0,38.0,0.95,screener
AGARWALEYE,Sep 2025,2025-09-30,quarter,499.0,363.0,136.0,27.0,8.0,23.0,68.0,54.0,32.0,36.0,0.94,screener
AGARWALEYE,Dec 2025,2025-12-31,quarter,530.0,386.0,144.0,27.0,11.0,21.0,69.0,65.0,33.0,44.0,1.07,screener
AGARWALEYE,Mar 2026,2026-03-31,quarter,564.0,403.0,161.0,29.0,14.0,22.0,77.0,77.0,35.0,50.0,1.25,screener
AGARWALEYE,Jun 2026,2026-06-30,quarter,614.0,444.0,170.0,28.0,6.0,23.0,78.0,75.0,27.0,55.0,1.43,screener
AGI,Dec 2024,2024-12-31,quarter,658.0,489.0,169.0,26.0,16.0,20.0,44.0,121.0,25.0,91.0,13.99,screener
AGI,Mar 2025,2025-03-31,quarter,705.0,551.0,154.0,22.0,37.0,21.0,44.0,126.0,23.0,97.0,14.93,screener
AGI,Jun 2025,2025-06-30,quarter,688.0,546.0,142.0,21.0,34.0,17.0,41.0,118.0,25.0,89.0,13.73,screener
AGI,Sep 2025,2025-09-30,quarter,602.0,452.0,150.0,25.0,5.0,11.0,43.0,101.0,25.0,76.0,11.74,screener
AGI,Dec 2025,2025-12-31,quarter,634.0,483.0,150.0,24.0,-1.0,11.0,44.0,94.0,24.0,71.0,11.04,screener
AGI,Mar 2026,2026-03-31,quarter,742.0,589.0,153.0,21.0,53.0,9.0,44.0,153.0,24.0,115.0,17.83,screener
AGIIL,Dec 2024,2024-12-31,quarter,91.0,63.0,29.0,31.0,3.0,3.0,5.0,23.0,17.0,19.0,1.56,screener
AGIIL,Mar 2025,2025-03-31,quarter,83.0,68.0,16.0,19.0,6.0,4.0,5.0,12.0,-27.0,16.0,1.29,screener
AGIIL,Jun 2025,2025-06-30,quarter,92.0,61.0,30.0,33.0,2.0,3.0,5.0,24.0,18.0,20.0,1.64,screener
AGIIL,Sep 2025,2025-09-30,quarter,85.0,52.0,34.0,39.0,2.0,4.0,5.0,27.0,17.0,22.0,1.8,screener
AGIIL,Dec 2025,2025-12-31,quarter,88.0,50.0,38.0,43.0,2.0,4.0,5.0,31.0,16.0,26.0,2.14,screener
AGIIL,Mar 2026,2026-03-31,quarter,88.0,67.0,21.0,24.0,4.0,4.0,7.0,14.0,-93.0,27.0,2.14,screener
AGIIL,Jun 2026,2026-06-30,quarter,96.0,56.0,40.0,42.0,3.0,4.0,6.0,33.0,17.0,28.0,2.2,screener
AHLEAST,Sep 2024,2024-09-30,quarter,23.0,19.0,4.0,17.0,10.0,9.0,1.0,4.0,26.0,3.0,1.75,screener
AHLEAST,Dec 2024,2024-12-31,quarter,33.0,22.0,11.0,33.0,10.0,12.0,1.0,8.0,37.0,5.0,2.79,screener
AHLEAST,Mar 2025,2025-03-31,quarter,35.0,21.0,14.0,40.0,11.0,9.0,1.0,15.0,31.0,10.0,5.82,screener
AHLEAST,Jun 2025,2025-06-30,quarter,25.0,19.0,6.0,23.0,0.0,10.0,1.0,-5.0,31.0,-7.0,-3.78,screener
AHLEAST,Sep 2025,2025-09-30,quarter,26.0,20.0,6.0,23.0,0.0,10.0,1.0,-5.0,30.0,-7.0,-4.04,screener
AHLEAST,Dec 2025,2025-12-31,quarter,37.0,23.0,14.0,38.0,-62.0,0.0,1.0,-49.0,7.0,-53.0,-30.44,screener
AHLUCONT,Dec 2024,2024-12-31,quarter,952.0,868.0,84.0,9.0,15.0,15.0,18.0,67.0,26.0,50.0,7.39,screener
AHLUCONT,Mar 2025,2025-03-31,quarter,1216.0,1092.0,124.0,10.0,18.0,13.0,17.0,112.0,26.0,83.0,12.44,screener
AHLUCONT,Jun 2025,2025-06-30,quarter,1005.0,919.0,86.0,9.0,16.0,12.0,21.0,70.0,26.0,51.0,7.64,screener
AHLUCONT,Sep 2025,2025-09-30,quarter,1177.0,1049.0,128.0,11.0,15.0,15.0,22.0,106.0,26.0,79.0,11.73,screener
AHLUCONT,Dec 2025,2025-12-31,quarter,1061.0,965.0,96.0,9.0,15.0,11.0,26.0,74.0,27.0,54.0,8.07,screener
AHLUCONT,Mar 2026,2026-03-31,quarter,1322.0,1199.0,124.0,9.0,27.0,12.0,29.0,110.0,25.0,82.0,12.24,screener
AIAENG,Dec 2024,2024-12-31,quarter,1066.0,783.0,283.0,27.0,72.0,1.0,26.0,327.0,21.0,259.0,27.78,screener
AIAENG,Mar 2025,2025-03-31,quarter,1157.0,855.0,302.0,26.0,98.0,8.0,28.0,363.0,21.0,285.0,30.56,screener
AIAENG,Jun 2025,2025-06-30,quarter,1039.0,733.0,306.0,29.0,114.0,7.0,28.0,386.0,21.0,305.0,32.69,screener
AIAENG,Sep 2025,2025-09-30,quarter,1048.0,751.0,297.0,28.0,99.0,8.0,28.0,360.0,23.0,277.0,29.73,screener
AIAENG,Dec 2025,2025-12-31,quarter,1067.0,777.0,290.0,27.0,132.0,16.0,28.0,378.0,22.0,293.0,31.55,screener
AIAENG,Mar 2026,2026-03-31,quarter,1266.0,904.0,363.0,29.0,140.0,5.0,29.0,468.0,16.0,393.0,42.14,screener
AIAENG,Jun 2026,2026-06-30,quarter,1168.0,860.0,308.0,26.0,117.0,0.0,29.0,395.0,24.0,301.0,32.27,screener
AIIL,Dec 2024,2024-12-31,quarter,617.0,-7.0,,,3.0,10.0,3.0,614.0,12.0,539.0,6.35,screener
AIIL,Mar 2025,2025-03-31,quarter,1452.0,188.0,,,5.0,18.0,3.0,1248.0,-41.0,1763.0,20.76,screener
AIIL,Jun 2025,2025-06-30,quarter,1215.0,56.0,,,9.0,21.0,3.0,1144.0,18.0,943.0,11.1,screener
AIIL,Sep 2025,2025-09-30,quarter,605.0,22.0,,,4.0,42.0,5.0,539.0,-42.0,767.0,9.03,screener
AIIL,Dec 2025,2025-12-31,quarter,478.0,123.0,,,0.0,69.0,8.0,278.0,42.0,161.0,1.9,screener
AIIL,Mar 2026,2026-03-31,quarter,311.0,109.0,,,32.0,66.0,14.0,154.0,63.0,58.0,0.7,screener
AIROLAM,Dec 2024,2024-12-31,quarter,53.99,50.6,3.39,6.28,0.22,1.02,1.22,1.37,20.44,1.09,0.7,screener
AIROLAM,Mar 2025,2025-03-31,quarter,56.17,50.18,5.99,10.66,0.81,2.24,1.17,3.39,17.99,2.78,1.87,screener
AIROLAM,Jun 2025,2025-06-30,quarter,53.68,48.92,4.76,8.87,0.39,2.19,1.15,1.81,32.04,1.23,0.86,screener
AIROLAM,Sep 2025,2025-09-30,quarter,61.85,55.73,6.12,9.89,-0.01,1.98,1.38,2.75,13.45,2.37,1.64,screener
AIROLAM,Dec 2025,2025-12-31,quarter,69.76,64.55,5.21,7.47,0.18,2.23,1.29,1.87,25.13,1.4,0.97,screener
AIROLAM,Mar 2026,2026-03-31,quarter,57.92,54.64,3.28,5.66,0.77,2.26,1.16,0.63,60.32,0.25,0.21,screener
AJANTPHARM,Dec 2024,2024-12-31,quarter,1146.0,825.0,321.0,28.0,30.0,8.0,36.0,307.0,24.0,233.0,18.64,screener
AJANTPHARM,Mar 2025,2025-03-31,quarter,1170.0,873.0,297.0,25.0,18.0,6.0,40.0,269.0,16.0,225.0,18.03,screener
AJANTPHARM,Jun 2025,2025-06-30,quarter,1303.0,951.0,351.0,27.0,26.0,5.0,41.0,331.0,23.0,255.0,20.44,screener
AJANTPHARM,Sep 2025,2025-09-30,quarter,1354.0,1026.0,328.0,24.0,59.0,3.0,43.0,341.0,24.0,260.0,20.83,screener
AJANTPHARM,Dec 2025,2025-12-31,quarter,1375.0,993.0,382.0,28.0,25.0,5.0,44.0,359.0,24.0,274.0,21.91,screener
AJANTPHARM,Mar 2026,2026-03-31,quarter,1422.0,1088.0,333.0,23.0,61.0,2.0,45.0,347.0,23.0,267.0,21.35,screener
AJANTPHARM,Jun 2026,2026-06-30,quarter,1626.0,1202.0,424.0,26.0,71.0,3.0,44.0,447.0,25.0,334.0,26.75,screener
AJMERA,Dec 2024,2024-12-31,quarter,193.0,130.0,63.0,32.0,6.0,24.0,1.0,45.0,26.0,33.0,1.72,screener
AJMERA,Mar 2025,2025-03-31,quarter,151.0,108.0,43.0,29.0,2.0,12.0,1.0,33.0,27.0,24.0,1.28,screener
AJMERA,Jun 2025,2025-06-30,quarter,258.0,180.0,78.0,30.0,1.0,21.0,1.0,57.0,31.0,39.0,1.95,screener
AJMERA,Sep 2025,2025-09-30,quarter,219.0,161.0,58.0,26.0,2.0,17.0,1.0,43.0,27.0,31.0,1.54,screener
AJMERA,Dec 2025,2025-12-31,quarter,182.0,127.0,55.0,30.0,2.0,14.0,1.0,42.0,33.0,28.0,1.3,screener
AJMERA,Mar 2026,2026-03-31,quarter,431.0,324.0,107.0,25.0,3.0,22.0,1.0,87.0,33.0,59.0,2.83,screener
AKANKSHA,Sep 2023,2023-09-30,quarter,19.85,18.24,1.61,8.11,0.48,0.75,0.17,1.17,29.06,0.82,0.61,screener
AKANKSHA,Mar 2024,2024-03-31,quarter,36.72,32.7,4.02,10.95,0.44,1.1,0.4,2.96,26.35,2.19,1.12,screener
AKANKSHA,Sep 2024,2024-09-30,quarter,26.25,23.49,2.76,10.51,0.76,0.94,0.47,2.11,26.54,1.55,0.82,screener
AKANKSHA,Mar 2025,2025-03-31,quarter,52.5,47.04,5.46,10.4,0.82,1.79,0.54,3.95,28.35,2.83,1.45,screener
AKANKSHA,Sep 2025,2025-09-30,quarter,43.8,38.83,4.97,11.35,0.69,1.95,0.54,3.17,23.97,2.41,1.23,screener
AKG,Dec 2024,2024-12-31,quarter,29.61,29.47,0.14,0.47,0.35,0.26,0.04,0.19,21.05,0.15,0.05,screener
AKG,Mar 2025,2025-03-31,quarter,29.56,29.06,0.5,1.69,0.06,0.18,0.04,0.34,17.65,0.27,0.08,screener
AKG,Jun 2025,2025-06-30,quarter,28.56,28.52,0.04,0.14,0.32,0.22,0.03,0.11,36.36,0.08,0.03,screener
AKG,Sep 2025,2025-09-30,quarter,23.23,22.84,0.39,1.68,0.01,0.22,0.03,0.15,26.67,0.11,0.03,screener
AKG,Dec 2025,2025-12-31,quarter,18.19,18.68,-0.49,-2.69,0.82,0.17,0.02,0.14,28.57,0.1,0.03,screener
AKG,Mar 2026,2026-03-31,quarter,16.39,16.15,0.24,1.46,0.01,0.15,0.02,0.08,25.0,0.07,0.02,screener
AKSHARCHEM,Mar 2015,2015-03-31,quarter,50.26,44.2,6.06,12.06,0.39,0.84,1.0,4.61,44.03,2.58,3.53,screener
AKSHARCHEM,Jun 2015,2015-06-30,quarter,47.9,40.87,7.03,14.68,0.04,0.9,1.06,5.11,36.59,3.24,4.43,screener
AKSHARCHEM,Sep 2015,2015-09-30,quarter,41.83,34.36,7.47,17.86,0.86,0.77,1.04,6.52,33.9,4.3,5.88,screener
AKSHARCHEM,Dec 2015,2015-12-31,quarter,49.63,39.87,9.76,19.67,0.21,0.85,1.06,8.06,37.22,5.06,6.92,screener
AKSHARCHEM,Mar 2016,2016-03-31,quarter,48.47,40.38,8.09,16.69,0.07,0.83,1.08,6.25,35.36,4.03,5.51,screener
AKSHARCHEM,Jun 2016,2016-06-30,quarter,59.32,42.82,16.5,27.82,0.0,0.94,1.13,14.43,34.58,9.45,12.92,screener
AKUMS,Dec 2024,2024-12-31,quarter,1010.0,889.0,121.0,12.0,19.0,5.0,45.0,91.0,27.0,66.0,4.14,screener
AKUMS,Mar 2025,2025-03-31,quarter,1056.0,962.0,94.0,9.0,26.0,5.0,40.0,75.0,-99.0,150.0,9.38,screener
AKUMS,Jun 2025,2025-06-30,quarter,1024.0,895.0,129.0,13.0,27.0,23.0,37.0,96.0,32.0,65.0,4.03,screener
AKUMS,Sep 2025,2025-09-30,quarter,1018.0,923.0,94.0,9.0,32.0,23.0,38.0,66.0,35.0,43.0,2.59,screener
AKUMS,Dec 2025,2025-12-31,quarter,1160.0,1013.0,147.0,13.0,16.0,24.0,40.0,100.0,32.0,68.0,4.21,screener
AKUMS,Mar 2026,2026-03-31,quarter,1158.0,1006.0,152.0,13.0,34.0,24.0,40.0,121.0,33.0,81.0,5.38,screener
AKUMS,Jun 2026,2026-06-30,quarter,1167.0,992.0,175.0,15.0,30.0,25.0,41.0,139.0,27.0,101.0,6.35,screener
ALICON,Dec 2024,2024-12-31,quarter,392.1,357.84,34.26,8.74,0.83,10.54,23.5,1.05,25.71,0.78,0.48,screener
ALICON,Mar 2025,2025-03-31,quarter,425.0,378.0,47.0,11.0,1.0,12.0,22.0,13.0,28.0,9.0,5.8,screener
ALICON,Jun 2025,2025-06-30,quarter,418.0,369.0,49.0,12.0,-2.0,10.0,25.0,13.0,26.0,9.0,5.7,screener
ALICON,Sep 2025,2025-09-30,quarter,428.0,373.0,55.0,13.0,1.0,10.0,27.0,19.0,27.0,14.0,8.5,screener
ALICON,Dec 2025,2025-12-31,quarter,430.0,386.0,44.0,10.0,-2.0,9.0,27.0,6.0,41.0,3.0,2.02,screener
ALICON,Mar 2026,2026-03-31,quarter,495.0,449.0,46.0,9.0,1.0,9.0,27.0,10.0,20.0,8.0,4.86,screener
ALICON,Jun 2026,2026-06-30,quarter,578.0,524.0,54.0,9.0,1.0,10.0,27.0,18.0,37.0,11.0,6.98,screener
ALKEM,Dec 2024,2024-12-31,quarter,3374.0,2615.0,759.0,23.0,93.0,36.0,85.0,731.0,12.0,641.0,52.34,screener
ALKEM,Mar 2025,2025-03-31,quarter,3144.0,2752.0,391.0,12.0,146.0,28.0,112.0,396.0,18.0,322.0,25.58,screener
ALKEM,Jun 2025,2025-06-30,quarter,3371.0,2632.0,739.0,22.0,149.0,30.0,88.0,771.0,13.0,668.0,55.56,screener
ALKEM,Sep 2025,2025-09-30,quarter,4001.0,3080.0,921.0,23.0,104.0,35.0,94.0,896.0,13.0,779.0,63.99,screener
ALKEM,Dec 2025,2025-12-31,quarter,3737.0,2909.0,828.0,22.0,90.0,42.0,95.0,781.0,16.0,653.0,53.19,screener
ALKEM,Mar 2026,2026-03-31,quarter,3603.0,3086.0,517.0,14.0,65.0,54.0,106.0,423.0,40.0,251.0,19.78,screener
ALKEM,Jun 2026,2026-06-30,quarter,3740.0,2974.0,766.0,20.0,153.0,47.0,100.0,772.0,32.0,521.0,43.49,screener
ALKYLAMINE,Dec 2018,2018-12-31,quarter,213.0,174.0,39.0,18.0,3.0,4.0,6.0,32.0,31.0,22.0,4.36,screener
ALKYLAMINE,Mar 2019,2019-03-31,quarter,237.0,199.0,38.0,16.0,3.0,3.0,6.0,32.0,40.0,19.0,3.71,screener
ALKYLAMINE,Jun 2019,2019-06-30,quarter,266.0,207.0,59.0,22.0,3.0,4.0,6.0,52.0,30.0,37.0,7.19,screener
ALKYLAMINE,Sep 2019,2019-09-30,quarter,235.0,177.0,58.0,25.0,2.0,3.0,7.0,51.0,-9.0,55.0,10.77,screener
ALKYLAMINE,Dec 2019,2019-12-31,quarter,257.0,184.0,73.0,28.0,18.0,2.0,7.0,82.0,26.0,60.0,11.85,screener
ALKYLAMINE,Mar 2020,2020-03-31,quarter,235.0,167.0,68.0,29.0,3.0,2.0,7.0,61.0,19.0,49.0,9.65,screener
ALLTIME,Dec 2024,2024-12-31,quarter,148.82,122.76,26.06,17.51,0.04,3.94,5.67,16.49,27.17,12.01,2.29,screener
ALLTIME,Mar 2025,2025-03-31,quarter,148.25,123.94,24.31,16.4,0.14,4.54,6.64,13.27,26.98,9.68,1.84,screener
ALLTIME,Jun 2025,2025-06-30,quarter,157.98,129.23,28.75,18.2,0.61,5.54,6.6,17.22,25.55,12.81,2.32,screener
ALLTIME,Sep 2025,2025-09-30,quarter,147.4,131.25,16.15,10.96,1.62,5.0,7.17,5.6,27.14,4.09,0.62,screener
ALLTIME,Dec 2025,2025-12-31,quarter,159.4,135.87,23.53,14.76,-1.22,2.37,7.47,12.47,26.46,9.17,1.4,screener
ALLTIME,Mar 2026,2026-03-31,quarter,145.75,124.24,21.51,14.76,1.39,2.39,7.8,12.71,26.59,9.32,1.43,screener
ALPA,Dec 2024,2024-12-31,quarter,26.15,25.41,0.74,2.83,8.8,0.09,0.55,8.9,0.0,8.9,4.23,screener
ALPA,Mar 2025,2025-03-31,quarter,39.92,39.72,0.2,0.5,2.48,0.02,0.58,2.08,201.92,-2.12,-1.01,screener
ALPA,Jun 2025,2025-06-30,quarter,19.11,18.68,0.43,2.25,11.94,0.05,0.55,11.77,0.0,11.77,5.59,screener
ALPA,Sep 2025,2025-09-30,quarter,26.26,28.51,-2.25,-8.57,3.06,0.03,0.67,0.11,0.0,0.11,0.05,screener
ALPA,Dec 2025,2025-12-31,quarter,29.05,27.54,1.51,5.2,0.91,0.03,0.65,1.74,9.2,1.59,0.76,screener
ALPA,Mar 2026,2026-03-31,quarter,31.4,27.8,3.6,11.46,-0.16,0.15,0.22,3.07,55.05,1.38,0.66,screener
ALPHAGEO,Dec 2024,2024-12-31,quarter,11.16,18.15,-6.99,-62.63,0.53,0.14,3.4,-10.0,-20.4,-7.96,-12.33,screener
ALPHAGEO,Mar 2025,2025-03-31,quarter,70.56,71.1,-0.54,-0.77,1.23,0.06,4.34,-3.71,-4.31,-3.54,-5.94,screener
ALPHAGEO,Jun 2025,2025-06-30,quarter,40.84,38.47,2.37,5.8,2.88,0.05,4.32,0.88,15.91,0.74,1.27,screener
ALPHAGEO,Sep 2025,2025-09-30,quarter,5.2,9.27,-4.07,-78.27,1.02,0.06,4.41,-7.52,-23.67,-5.74,-8.99,screener
ALPHAGEO,Dec 2025,2025-12-31,quarter,16.84,22.52,-5.68,-33.73,2.25,0.12,4.39,-7.94,-24.94,-5.97,-9.27,screener
ALPHAGEO,Mar 2026,2026-03-31,quarter,49.29,50.22,-0.93,-1.89,0.04,0.1,3.25,-4.24,-29.48,-2.99,-4.85,screener
ALPSINDUS,Sep 2024,2024-09-30,quarter,0.0,0.0,0.0,,0.0,16.0,0.0,-16.0,0.0,-16.0,-4.03,screener
ALPSINDUS,Dec 2024,2024-12-31,quarter,0.0,0.0,0.0,,0.0,16.0,0.0,-16.0,0.0,-16.0,-4.1,screener
ALPSINDUS,Mar 2025,2025-03-31,quarter,0.0,0.0,0.0,,0.0,16.0,0.0,-16.0,0.0,-16.0,-4.16,screener
ALPSINDUS,Jun 2025,2025-06-30,quarter,0.0,0.0,0.0,,0.0,17.0,0.0,-17.0,0.0,-17.0,-4.33,screener
ALPSINDUS,Sep 2025,2025-09-30,quarter,0.0,0.0,0.0,,0.0,17.0,0.0,-17.0,0.0,-17.0,-4.37,screener
ALPSINDUS,Dec 2025,2025-12-31,quarter,0.0,0.0,0.0,,77.0,15.0,0.0,62.0,0.0,62.0,15.86,screener
AMAGI,Dec 2024,2024-12-31,quarter,330.0,331.0,-1.0,0.0,14.0,1.0,4.0,8.0,-2.0,8.0,2.31,screener
AMAGI,Mar 2025,2025-03-31,quarter,309.0,322.0,-13.0,-4.0,20.0,1.0,5.0,1.0,1960.0,-11.0,-3.1,screener
AMAGI,Sep 2025,2025-09-30,quarter,375.0,378.0,-3.0,-1.0,15.0,2.0,5.0,5.0,50.0,3.0,0.73,screener
AMAGI,Dec 2025,2025-12-31,quarter,404.0,373.0,31.0,8.0,11.0,1.0,6.0,35.0,12.0,31.0,1.6,screener
AMAGI,Mar 2026,2026-03-31,quarter,397.0,373.0,24.0,6.0,24.0,1.0,6.0,41.0,15.0,34.0,1.58,screener
AMBANIORGO,Sep 2023,2023-09-30,quarter,62.0,58.0,5.0,8.0,0.0,3.0,1.0,0.0,63.0,0.0,0.16,screener
AMBANIORGO,Mar 2024,2024-03-31,quarter,74.0,74.0,0.0,0.0,5.0,4.0,1.0,0.0,-5960.0,3.0,4.15,screener
AMBANIORGO,Sep 2024,2024-09-30,quarter,82.0,77.0,4.0,5.0,0.0,4.0,1.0,-1.0,33.0,-2.0,-2.52,screener
AMBANIORGO,Mar 2025,2025-03-31,quarter,112.0,106.0,6.0,6.0,0.0,3.0,2.0,2.0,47.0,1.0,1.21,screener
AMBANIORGO,Sep 2025,2025-09-30,quarter,111.0,103.0,8.0,7.0,0.0,5.0,2.0,1.0,87.0,0.0,0.25,screener
AMBANIORGO,Mar 2026,2026-03-31,quarter,133.0,125.0,8.0,6.0,0.0,4.0,2.0,3.0,57.0,1.0,1.49,screener
AMBER,Dec 2024,2024-12-31,quarter,2133.0,1984.0,150.0,7.0,16.0,54.0,59.0,53.0,30.0,37.0,10.61,screener
AMBER,Mar 2025,2025-03-31,quarter,3754.0,3472.0,282.0,8.0,19.0,55.0,58.0,189.0,37.0,118.0,34.32,screener
AMBER,Jun 2025,2025-06-30,quarter,3449.0,3199.0,250.0,7.0,30.0,63.0,62.0,154.0,31.0,106.0,30.66,screener
AMBER,Sep 2025,2025-09-30,quarter,1647.0,1563.0,84.0,5.0,16.0,77.0,70.0,-48.0,-33.0,-32.0,-9.35,screener
AMBER,Dec 2025,2025-12-31,quarter,2943.0,2705.0,237.0,8.0,-48.0,79.0,91.0,19.0,150.0,-9.0,-7.74,screener
AMBER,Mar 2026,2026-03-31,quarter,4148.0,3856.0,291.0,7.0,84.0,65.0,99.0,211.0,23.0,162.0,38.04,screener
AMBUJACEM,Dec 2024,2024-12-31,quarter,9411.0,7700.0,1712.0,18.0,1355.0,67.0,607.0,2393.0,-11.0,2663.0,8.76,screener
AMBUJACEM,Mar 2025,2025-03-31,quarter,9981.0,8113.0,1868.0,19.0,713.0,14.0,694.0,1872.0,28.0,1351.0,4.16,screener
AMBUJACEM,Jun 2025,2025-06-30,quarter,10289.0,8328.0,1961.0,19.0,300.0,67.0,767.0,1427.0,27.0,1041.0,3.53,screener
AMBUJACEM,Sep 2025,2025-09-30,quarter,9174.0,7414.0,1761.0,19.0,39.0,77.0,885.0,838.0,-175.0,2302.0,7.14,screener
AMBUJACEM,Dec 2025,2025-12-31,quarter,10277.0,8924.0,1353.0,13.0,77.0,59.0,911.0,460.0,12.0,403.0,0.97,screener
AMBUJACEM,Mar 2026,2026-03-31,quarter,10916.0,9451.0,1465.0,13.0,136.0,21.0,1053.0,527.0,-252.0,1857.0,7.4,screener
AMBUJACEM,Jun 2026,2026-06-30,quarter,9500.0,7911.0,1589.0,17.0,150.0,57.0,834.0,848.0,22.0,660.0,2.32,screener
AMIRCHAND,Dec 2024,2024-12-31,quarter,497.0,452.0,45.0,9.0,0.0,20.0,2.0,23.0,24.0,18.0,2.18,screener
AMIRCHAND,Mar 2025,2025-03-31,quarter,580.0,540.0,40.0,7.0,0.0,23.0,2.0,16.0,25.0,12.0,1.47,screener
AMIRCHAND,Sep 2025,2025-09-30,quarter,593.0,532.0,61.0,10.0,3.0,21.0,1.0,42.0,22.0,33.0,3.93,screener
AMIRCHAND,Dec 2025,2025-12-31,quarter,571.0,496.0,75.0,13.0,-1.0,24.0,2.0,48.0,27.0,35.0,4.19,screener
AMIRCHAND,Mar 2026,2026-03-31,quarter,695.0,650.0,44.0,6.0,3.0,19.0,2.0,26.0,25.0,20.0,1.93,screener
AMJLAND,Mar 2025,2025-03-31,quarter,25.55,9.96,15.59,61.02,1.85,0.0,0.47,16.97,35.3,10.98,2.54,screener
AMJLAND,Jun 2025,2025-06-30,quarter,14.27,10.29,3.98,27.89,1.93,0.0,0.47,5.44,33.64,3.61,0.85,screener
AMJLAND,Sep 2025,2025-09-30,quarter,11.06,8.09,2.97,26.85,4.19,0.0,0.47,6.69,26.31,4.94,1.18,screener
AMJLAND,Dec 2025,2025-12-31,quarter,11.82,11.26,0.56,4.74,1.92,0.0,0.47,2.01,32.84,1.36,0.32,screener
AMJLAND,Mar 2026,2026-03-31,quarter,15.36,8.51,6.85,44.6,1.75,0.0,0.47,8.13,33.33,5.42,1.26,screener
AMJLAND,Jun 2026,2026-06-30,quarter,14.3,11.26,3.04,21.26,2.33,0.0,0.47,4.9,31.43,3.38,0.8,screener
AMNPLST,Dec 2024,2024-12-31,quarter,191.0,174.0,17.0,9.0,0.0,3.0,1.0,13.0,26.0,10.0,1.77,screener
AMNPLST,Mar 2025,2025-03-31,quarter,166.0,145.0,21.0,13.0,0.0,3.0,1.0,17.0,25.0,13.0,2.33,screener
AMNPLST,Jun 2025,2025-06-30,quarter,140.0,127.0,13.0,9.0,0.0,2.0,1.0,10.0,26.0,7.0,1.35,screener
AMNPLST,Sep 2025,2025-09-30,quarter,133.0,122.0,11.0,8.0,0.0,1.0,1.0,8.0,25.0,6.0,1.12,screener
AMNPLST,Dec 2025,2025-12-31,quarter,142.0,130.0,13.0,9.0,0.0,1.0,1.0,11.0,28.0,8.0,1.38,screener
AMNPLST,Mar 2026,2026-03-31,quarter,155.0,132.0,23.0,15.0,0.0,2.0,1.0,21.0,25.0,15.0,2.79,screener
ANANDRATHI,Dec 2024,2024-12-31,quarter,237.0,130.0,107.0,45.0,7.0,4.0,7.0,104.0,26.0,77.0,4.64,screener
ANANDRATHI,Mar 2025,2025-03-31,quarter,222.0,131.0,91.0,41.0,19.0,4.0,7.0,99.0,26.0,74.0,4.42,screener
ANANDRATHI,Jun 2025,2025-06-30,quarter,274.0,146.0,128.0,47.0,10.0,4.0,8.0,126.0,26.0,94.0,5.64,screener
ANANDRATHI,Sep 2025,2025-09-30,quarter,297.0,160.0,137.0,46.0,10.0,5.0,8.0,134.0,26.0,100.0,5.98,screener
ANANDRATHI,Dec 2025,2025-12-31,quarter,290.0,158.0,131.0,45.0,16.0,4.0,9.0,135.0,26.0,100.0,6.02,screener
ANANDRATHI,Mar 2026,2026-03-31,quarter,288.0,203.0,85.0,29.0,68.0,3.0,10.0,140.0,26.0,103.0,6.21,screener
ANANDRATHI,Jun 2026,2026-06-30,quarter,322.0,213.0,109.0,34.0,110.0,4.0,9.0,206.0,21.0,163.0,9.8,screener
ANANTRAJ,Dec 2024,2024-12-31,quarter,535.0,401.0,134.0,25.0,9.0,3.0,8.0,132.0,17.0,110.0,3.23,screener
ANANTRAJ,Mar 2025,2025-03-31,quarter,541.0,398.0,142.0,26.0,10.0,3.0,9.0,141.0,16.0,119.0,3.46,screener
ANANTRAJ,Jun 2025,2025-06-30,quarter,592.0,442.0,151.0,25.0,10.0,2.0,8.0,150.0,17.0,126.0,3.67,screener
ANANTRAJ,Sep 2025,2025-09-30,quarter,631.0,463.0,168.0,27.0,10.0,3.0,11.0,164.0,17.0,138.0,4.02,screener
ANANTRAJ,Dec 2025,2025-12-31,quarter,642.0,472.0,170.0,26.0,19.0,3.0,13.0,172.0,17.0,144.0,4.01,screener
ANANTRAJ,Mar 2026,2026-03-31,quarter,647.0,479.0,167.0,26.0,29.0,4.0,17.0,175.0,15.0,149.0,4.07,screener
ANDHRSUGAR,Mar 2025,2025-03-31,quarter,500.0,454.0,46.0,9.0,-13.0,1.0,21.0,12.0,46.0,6.0,0.43,screener
ANDHRSUGAR,Jun 2025,2025-06-30,quarter,600.0,548.0,51.0,9.0,3.0,1.0,20.0,34.0,29.0,25.0,1.73,screener
ANDHRSUGAR,Sep 2025,2025-09-30,quarter,597.0,542.0,55.0,9.0,11.0,1.0,21.0,44.0,24.0,34.0,2.41,screener
ANDHRSUGAR,Dec 2025,2025-12-31,quarter,631.0,584.0,48.0,8.0,6.0,1.0,21.0,32.0,27.0,23.0,1.65,screener
ANDHRSUGAR,Mar 2026,2026-03-31,quarter,637.0,590.0,48.0,7.0,-16.0,1.0,22.0,10.0,39.0,6.0,0.35,screener
ANDHRSUGAR,Jun 2026,2026-06-30,quarter,627.0,555.0,72.0,12.0,10.0,0.0,20.0,62.0,25.0,47.0,3.37,screener
ANGELONE,Dec 2024,2024-12-31,quarter,1262.0,766.0,496.0,39.0,2.0,84.0,27.0,387.0,27.0,281.0,3.12,screener
ANGELONE,Mar 2025,2025-03-31,quarter,1056.0,713.0,343.0,32.0,2.0,80.0,29.0,236.0,26.0,175.0,1.93,screener
ANGELONE,Jun 2025,2025-06-30,quarter,1141.0,866.0,275.0,24.0,3.0,83.0,30.0,164.0,30.0,114.0,1.26,screener
ANGELONE,Sep 2025,2025-09-30,quarter,1202.0,786.0,415.0,35.0,2.0,93.0,31.0,294.0,28.0,212.0,2.33,screener
ANGELONE,Dec 2025,2025-12-31,quarter,1335.0,806.0,529.0,40.0,3.0,127.0,32.0,373.0,28.0,269.0,2.96,screener
ANGELONE,Mar 2026,2026-03-31,quarter,1459.0,861.0,599.0,41.0,8.0,134.0,33.0,440.0,27.0,320.0,3.52,screener
ANGELONE,Jun 2026,2026-06-30,quarter,1430.0,945.0,485.0,34.0,4.0,129.0,35.0,325.0,29.0,231.0,2.53,screener
ANIKINDS,Dec 2024,2024-12-31,quarter,29.23,28.71,0.52,1.78,0.73,0.18,0.14,0.93,35.48,0.61,0.22,screener
ANIKINDS,Mar 2025,2025-03-31,quarter,48.74,47.81,0.93,1.91,-0.13,0.19,0.11,0.5,12.0,0.43,0.15,screener
ANIKINDS,Jun 2025,2025-06-30,quarter,47.76,47.51,0.25,0.52,0.35,0.14,0.11,0.35,34.29,0.23,0.08,screener
ANIKINDS,Sep 2025,2025-09-30,quarter,71.68,71.17,0.51,0.71,0.29,0.14,0.11,0.55,49.09,0.28,0.1,screener
ANIKINDS,Dec 2025,2025-12-31,quarter,16.58,16.07,0.51,3.08,0.66,0.05,0.11,1.01,27.72,0.74,0.27,screener
ANIKINDS,Mar 2026,2026-03-31,quarter,8.04,10.72,-2.68,-33.33,1.81,0.03,0.08,-0.98,123.47,-2.19,-0.79,screener
ANSALAPI,Sep 2023,2023-09-30,quarter,109.0,110.0,-1.0,-0.5,3.0,8.0,14.0,-19.0,54.0,-29.0,-1.8,screener
ANSALAPI,Dec 2023,2023-12-31,quarter,137.0,104.0,33.0,24.0,2.0,4.0,3.0,27.0,3.0,26.0,1.67,screener
ANSALAPI,Mar 2024,2024-03-31,quarter,190.0,222.0,-32.0,-17.0,3.0,3.0,9.0,-41.0,-19.0,-33.0,-1.96,screener
ANSALAPI,Jun 2024,2024-06-30,quarter,117.0,117.0,-1.0,-0.5,6.0,3.0,9.0,-6.0,-29.0,-5.0,-0.29,screener
ANSALAPI,Sep 2024,2024-09-30,quarter,227.0,506.0,-280.0,-123.0,2.0,3.0,9.0,-290.0,-2.0,-284.0,-18.37,screener
ANSALAPI,Dec 2024,2024-12-31,quarter,234.0,56.0,178.0,76.0,1.0,3.0,9.0,167.0,2.0,163.0,10.51,screener
ANTHEM,Dec 2024,2024-12-31,quarter,498.0,338.0,160.0,32.0,24.0,3.0,20.0,161.0,23.0,124.0,2.22,screener
ANTHEM,Mar 2025,2025-03-31,quarter,483.0,288.0,195.0,40.0,14.0,1.0,30.0,178.0,54.0,83.0,1.48,screener
ANTHEM,Jun 2025,2025-06-30,quarter,540.0,349.0,191.0,35.0,23.0,2.0,26.0,186.0,27.0,136.0,2.42,screener
ANTHEM,Sep 2025,2025-09-30,quarter,550.0,332.0,218.0,40.0,48.0,3.0,34.0,230.0,24.0,173.0,3.09,screener
ANTHEM,Dec 2025,2025-12-31,quarter,423.0,266.0,157.0,37.0,8.0,0.0,35.0,130.0,29.0,93.0,1.65,screener
ANTHEM,Mar 2026,2026-03-31,quarter,611.0,344.0,267.0,44.0,52.0,2.0,40.0,278.0,32.0,190.0,3.38,screener
ANTHEM,Jun 2026,2026-06-30,quarter,418.0,268.0,151.0,36.0,25.0,1.0,30.0,145.0,17.0,120.0,2.13,screener
ANUP,Dec 2024,2024-12-31,quarter,172.0,133.0,39.0,23.0,1.0,1.0,6.0,33.0,8.0,30.0,15.09,screener
ANUP,Mar 2025,2025-03-31,quarter,222.0,172.0,50.0,22.0,1.0,1.0,6.0,43.0,27.0,32.0,15.75,screener
ANUP,Jun 2025,2025-06-30,quarter,175.0,135.0,40.0,23.0,2.0,1.0,7.0,35.0,26.0,26.0,13.11,screener
ANUP,Sep 2025,2025-09-30,quarter,232.0,181.0,51.0,22.0,0.0,2.0,7.0,43.0,26.0,32.0,16.0,screener
ANUP,Dec 2025,2025-12-31,quarter,207.0,163.0,44.0,21.0,-1.0,4.0,7.0,32.0,21.0,26.0,12.74,screener
ANUP,Mar 2026,2026-03-31,quarter,208.0,170.0,38.0,18.0,0.0,2.0,8.0,29.0,8.0,27.0,13.25,screener
ANURAS,Dec 2024,2024-12-31,quarter,390.0,266.0,124.0,32.0,-4.0,32.0,29.0,59.0,9.0,54.0,2.56,screener
ANURAS,Mar 2025,2025-03-31,quarter,500.0,356.0,144.0,29.0,6.0,31.0,31.0,88.0,29.0,63.0,4.05,screener
ANURAS,Jun 2025,2025-06-30,quarter,486.0,362.0,124.0,26.0,5.0,36.0,31.0,63.0,23.0,48.0,3.1,screener
ANURAS,Sep 2025,2025-09-30,quarter,731.0,596.0,136.0,19.0,8.0,36.0,32.0,76.0,24.0,57.0,3.9,screener
ANURAS,Dec 2025,2025-12-31,quarter,512.0,385.0,127.0,25.0,2.0,35.0,34.0,60.0,-1.0,61.0,4.31,screener
ANURAS,Mar 2026,2026-03-31,quarter,636.0,498.0,137.0,22.0,3.0,42.0,43.0,56.0,0.0,56.0,3.75,screener
APARINDS,Dec 2024,2024-12-31,quarter,4716.0,4360.0,356.0,8.0,34.0,118.0,33.0,238.0,27.0,175.0,43.55,screener
APARINDS,Mar 2025,2025-03-31,quarter,5210.0,4755.0,455.0,9.0,20.0,100.0,36.0,340.0,26.0,250.0,62.24,screener
APARINDS,Jun 2025,2025-06-30,quarter,5104.0,4652.0,452.0,9.0,25.0,86.0,38.0,353.0,25.0,263.0,65.45,screener
APARINDS,Sep 2025,2025-09-30,quarter,5715.0,5250.0,465.0,8.0,23.0,108.0,40.0,341.0,26.0,252.0,62.66,screener
APARINDS,Dec 2025,2025-12-31,quarter,5480.0,5028.0,452.0,8.0,-17.0,106.0,41.0,288.0,27.0,209.0,52.01,screener
APARINDS,Mar 2026,2026-03-31,quarter,6603.0,6107.0,496.0,8.0,12.0,137.0,42.0,329.0,23.0,253.0,63.09,screener
APCOTEXIND,Jun 2015,2015-06-30,quarter,66.86,57.34,9.52,14.24,1.25,0.42,2.05,8.3,26.51,6.1,1.18,screener
APCOTEXIND,Sep 2015,2015-09-30,quarter,67.84,58.31,9.53,14.05,0.63,0.54,2.47,7.15,25.45,5.33,1.03,screener
APCOTEXIND,Dec 2015,2015-12-31,quarter,65.69,56.16,9.53,14.51,0.3,0.76,2.22,6.85,31.68,4.68,0.9,screener
APCOTEXIND,Mar 2016,2016-03-31,quarter,96.06,85.19,10.87,11.32,6.09,0.72,2.65,13.59,-65.05,22.42,4.33,screener
APCOTEXIND,Jun 2016,2016-06-30,quarter,106.45,95.76,10.69,10.04,2.09,0.64,2.97,9.17,25.3,6.85,1.32,screener
APCOTEXIND,Sep 2016,2016-09-30,quarter,92.46,87.84,4.62,5.0,2.84,0.72,3.06,3.68,3.26,3.56,0.69,screener
APLAPOLLO,Dec 2024,2024-12-31,quarter,5433.0,5087.0,346.0,6.0,22.0,37.0,50.0,280.0,23.0,217.0,7.82,screener
APLAPOLLO,Mar 2025,2025-03-31,quarter,5509.0,5095.0,414.0,8.0,35.0,32.0,58.0,359.0,18.0,293.0,10.56,screener
APLAPOLLO,Jun 2025,2025-06-30,quarter,5170.0,4798.0,372.0,7.0,26.0,33.0,54.0,310.0,23.0,237.0,8.55,screener
APLAPOLLO,Sep 2025,2025-09-30,quarter,5206.0,4759.0,447.0,9.0,25.0,28.0,58.0,386.0,22.0,302.0,10.86,screener
APLAPOLLO,Dec 2025,2025-12-31,quarter,5982.0,5511.0,472.0,8.0,25.0,33.0,59.0,404.0,23.0,310.0,11.17,screener
APLAPOLLO,Mar 2026,2026-03-31,quarter,6269.0,5758.0,511.0,8.0,36.0,32.0,59.0,457.0,22.0,354.0,12.76,screener
APLAPOLLO,Jun 2026,2026-06-30,quarter,5607.0,5195.0,411.0,7.0,40.0,39.0,59.0,352.0,25.0,263.0,9.48,screener
APLLTD,Dec 2024,2024-12-31,quarter,1693.0,1433.0,260.0,15.0,10.0,22.0,70.0,178.0,23.0,138.0,7.04,screener
APLLTD,Mar 2025,2025-03-31,quarter,1770.0,1498.0,271.0,15.0,14.0,25.0,69.0,192.0,18.0,157.0,7.98,screener
APLLTD,Jun 2025,2025-06-30,quarter,1711.0,1430.0,281.0,16.0,6.0,24.0,74.0,190.0,19.0,154.0,7.85,screener
APLLTD,Sep 2025,2025-09-30,quarter,1910.0,1594.0,316.0,17.0,8.0,24.0,76.0,224.0,18.0,184.0,9.4,screener
APLLTD,Dec 2025,2025-12-31,quarter,1876.0,1585.0,292.0,16.0,-27.0,23.0,80.0,162.0,18.0,132.0,6.76,screener
APLLTD,Mar 2026,2026-03-31,quarter,1848.0,1620.0,228.0,12.0,2.0,23.0,89.0,119.0,-70.0,202.0,10.31,screener
APOLLO,Dec 2024,2024-12-31,quarter,148.0,110.0,38.0,26.0,1.0,9.0,4.0,26.0,30.0,18.0,0.6,screener
APOLLO,Mar 2025,2025-03-31,quarter,162.0,126.0,36.0,22.0,1.0,11.0,4.0,22.0,36.0,14.0,0.46,screener
APOLLO,Jun 2025,2025-06-30,quarter,134.0,93.0,41.0,31.0,1.0,12.0,4.0,25.0,30.0,18.0,0.55,screener
APOLLO,Sep 2025,2025-09-30,quarter,225.0,166.0,59.0,26.0,1.0,13.0,5.0,43.0,30.0,30.0,0.93,screener
APOLLO,Dec 2025,2025-12-31,quarter,252.0,202.0,50.0,20.0,1.0,14.0,6.0,32.0,28.0,23.0,0.72,screener
APOLLO,Mar 2026,2026-03-31,quarter,293.0,226.0,68.0,23.0,3.0,9.0,7.0,55.0,33.0,37.0,1.05,screener
APOLLO,Jun 2026,2026-06-30,quarter,251.0,198.0,54.0,21.0,2.0,11.0,8.0,38.0,33.0,25.0,0.72,screener
APOLLOHOSP,Dec 2024,2024-12-31,quarter,5527.0,4765.0,762.0,14.0,69.0,110.0,185.0,536.0,29.0,379.0,25.89,screener
APOLLOHOSP,Mar 2025,2025-03-31,quarter,5592.0,4822.0,770.0,14.0,72.0,115.0,211.0,516.0,20.0,414.0,27.1,screener
APOLLOHOSP,Jun 2025,2025-06-30,quarter,5842.0,4990.0,852.0,15.0,54.0,108.0,215.0,583.0,24.0,441.0,30.1,screener
APOLLOHOSP,Sep 2025,2025-09-30,quarter,6304.0,5362.0,941.0,15.0,61.0,110.0,218.0,675.0,27.0,494.0,33.19,screener
APOLLOHOSP,Dec 2025,2025-12-31,quarter,6477.0,5512.0,965.0,15.0,48.0,113.0,219.0,682.0,24.0,516.0,34.93,screener
APOLLOHOSP,Mar 2026,2026-03-31,quarter,6606.0,5594.0,1011.0,15.0,54.0,119.0,224.0,722.0,24.0,551.0,36.81,screener
APOLLOPIPE,Dec 2024,2024-12-31,quarter,307.93,284.66,23.27,7.56,0.28,3.13,11.78,8.64,26.16,6.39,1.41,screener
APOLLOPIPE,Mar 2025,2025-03-31,quarter,314.78,290.74,24.04,7.64,3.36,1.93,12.25,13.22,25.26,9.87,2.22,screener
APOLLOPIPE,Jun 2025,2025-06-30,quarter,275.0,254.32,20.68,7.52,3.0,2.44,12.12,9.12,10.53,8.16,1.85,screener
APOLLOPIPE,Sep 2025,2025-09-30,quarter,235.71,219.94,15.77,6.69,5.35,2.51,14.5,4.11,66.42,1.39,0.37,screener
APOLLOPIPE,Dec 2025,2025-12-31,quarter,247.18,235.17,12.01,4.86,0.57,2.43,15.21,-5.06,-6.13,-4.75,-0.74,screener
APOLLOPIPE,Mar 2026,2026-03-31,quarter,347.02,328.98,18.04,5.2,1.49,3.05,15.06,1.42,109.86,-0.13,0.22,screener
APOLLOTYRE,Dec 2024,2024-12-31,quarter,6928.0,5981.0,947.0,14.0,4.0,111.0,376.0,465.0,27.0,337.0,5.31,screener
APOLLOTYRE,Mar 2025,2025-03-31,quarter,6424.0,5586.0,837.0,13.0,-91.0,109.0,377.0,260.0,29.0,185.0,2.91,screener
APOLLOTYRE,Jun 2025,2025-06-30,quarter,6561.0,5693.0,868.0,13.0,-351.0,101.0,378.0,38.0,66.0,13.0,0.2,screener
APOLLOTYRE,Sep 2025,2025-09-30,quarter,6831.0,5810.0,1021.0,15.0,-150.0,101.0,383.0,386.0,33.0,258.0,4.06,screener
APOLLOTYRE,Dec 2025,2025-12-31,quarter,7743.0,6557.0,1186.0,15.0,23.0,100.0,385.0,723.0,35.0,471.0,7.41,screener
APOLLOTYRE,Mar 2026,2026-03-31,quarter,7336.0,6267.0,1069.0,15.0,-421.0,90.0,397.0,162.0,-290.0,631.0,9.93,screener
APOLLOTYRE,Jun 2026,2026-06-30,quarter,7398.0,6530.0,868.0,12.0,82.0,91.0,391.0,468.0,25.0,349.0,5.49,screener
APTECHT,Dec 2024,2024-12-31,quarter,110.21,103.77,6.44,5.84,4.63,0.33,2.16,8.58,58.28,3.58,0.62,screener
APTECHT,Mar 2025,2025-03-31,quarter,118.69,110.91,7.78,6.55,3.59,0.13,1.94,9.3,46.77,4.94,0.85,screener
APTECHT,Jun 2025,2025-06-30,quarter,120.43,113.1,7.33,6.09,4.65,0.44,2.02,9.52,29.31,6.73,1.16,screener
APTECHT,Sep 2025,2025-09-30,quarter,134.88,127.24,7.64,5.66,4.25,0.65,2.05,9.19,29.71,6.46,1.11,screener
APTECHT,Dec 2025,2025-12-31,quarter,137.11,123.48,13.63,9.94,0.91,0.41,2.04,12.09,29.28,8.56,1.48,screener
APTECHT,Mar 2026,2026-03-31,quarter,111.0,108.08,2.92,2.63,3.94,0.32,1.93,4.61,61.17,1.78,0.31,screener
APTUS,Dec 2024,2024-12-31,quarter,450.0,67.0,,,9.0,143.0,3.0,246.0,22.0,190.0,3.81,screener
APTUS,Mar 2025,2025-03-31,quarter,484.0,75.0,,,15.0,150.0,3.0,271.0,24.0,207.0,4.14,screener
APTUS,Jun 2025,2025-06-30,quarter,520.0,81.0,,,10.0,160.0,3.0,286.0,23.0,219.0,4.39,screener
APTUS,Sep 2025,2025-09-30,quarter,544.0,91.0,,,10.0,165.0,3.0,294.0,23.0,227.0,4.53,screener
APTUS,Dec 2025,2025-12-31,quarter,554.0,99.0,,,15.0,162.0,3.0,304.0,22.0,236.0,4.72,screener
APTUS,Mar 2026,2026-03-31,quarter,574.0,101.0,,,19.0,161.0,4.0,328.0,20.0,261.0,5.21,screener
ARE&M,Dec 2024,2024-12-31,quarter,3272.0,2867.0,406.0,12.0,146.0,11.0,132.0,409.0,27.0,298.0,16.3,screener
ARE&M,Mar 2025,2025-03-31,quarter,3060.0,2719.0,341.0,11.0,26.0,10.0,144.0,213.0,24.0,162.0,8.83,screener
ARE&M,Jun 2025,2025-06-30,quarter,3401.0,3038.0,364.0,11.0,18.0,11.0,142.0,229.0,28.0,165.0,9.0,screener
ARE&M,Sep 2025,2025-09-30,quarter,3467.0,3093.0,374.0,11.0,150.0,9.0,150.0,365.0,24.0,276.0,15.11,screener
ARE&M,Dec 2025,2025-12-31,quarter,3410.0,3036.0,374.0,11.0,-15.0,10.0,157.0,192.0,27.0,140.0,7.66,screener
ARE&M,Mar 2026,2026-03-31,quarter,3536.0,3150.0,386.0,11.0,208.0,15.0,158.0,421.0,25.0,314.0,17.17,screener
ARHAM,Mar 2024,2024-03-31,quarter,28.0,22.0,5.0,19.0,0.0,1.0,1.0,4.0,28.0,3.0,1.88,screener
ARHAM,Sep 2024,2024-09-30,quarter,32.0,27.0,5.0,16.0,0.0,1.0,1.0,4.0,25.0,3.0,1.56,screener
ARHAM,Mar 2025,2025-03-31,quarter,37.0,30.0,8.0,20.0,0.0,1.0,0.0,6.0,23.0,5.0,2.74,screener
ARHAM,Sep 2025,2025-09-30,quarter,46.0,37.0,8.0,19.0,1.0,1.0,0.0,7.0,18.0,6.0,3.49,screener
ARHAM,Mar 2026,2026-03-31,quarter,73.0,62.0,11.0,15.0,-1.0,1.0,0.0,9.0,26.0,6.0,2.89,screener
ARIES,Mar 2025,2025-03-31,quarter,128.0,127.0,1.0,0.8,0.0,3.0,3.0,-5.0,-20.0,-4.0,-2.84,screener
ARIES,Jun 2025,2025-06-30,quarter,161.0,139.0,22.0,14.0,0.0,5.0,2.0,14.0,31.0,10.0,7.71,screener
ARIES,Sep 2025,2025-09-30,quarter,204.0,166.0,38.0,19.0,0.0,8.0,3.0,28.0,29.0,20.0,15.39,screener
ARIES,Dec 2025,2025-12-31,quarter,202.0,174.0,29.0,14.0,0.0,2.0,3.0,24.0,27.0,17.0,13.26,screener
ARIES,Mar 2026,2026-03-31,quarter,185.0,184.0,0.0,0.2,0.0,3.0,3.0,-6.0,-22.0,-5.0,-3.4,screener
ARIES,Jun 2026,2026-06-30,quarter,188.0,160.0,27.0,14.0,0.0,5.0,3.0,20.0,24.0,15.0,11.47,screener
ARIS,Dec 2024,2024-12-31,quarter,182.0,170.0,12.0,7.0,2.0,11.0,1.0,3.0,35.0,2.0,0.08,screener
ARIS,Mar 2025,2025-03-31,quarter,221.0,211.0,10.0,5.0,3.0,11.0,1.0,1.0,177.0,-1.0,-0.23,screener
ARIS,Jun 2025,2025-06-30,quarter,212.0,194.0,18.0,9.0,1.0,12.0,1.0,6.0,19.0,5.0,0.41,screener
ARIS,Sep 2025,2025-09-30,quarter,241.0,219.0,23.0,9.0,2.0,5.0,1.0,19.0,19.0,15.0,1.76,screener
ARIS,Dec 2025,2025-12-31,quarter,271.0,241.0,30.0,11.0,2.0,5.0,1.0,25.0,26.0,18.0,1.88,screener
ARIS,Mar 2026,2026-03-31,quarter,343.0,313.0,30.0,9.0,6.0,6.0,2.0,29.0,25.0,22.0,2.43,screener
ARKADE,Dec 2024,2024-12-31,quarter,225.0,164.0,61.0,27.0,7.0,0.0,1.0,67.0,25.0,50.0,2.7,screener
ARKADE,Mar 2025,2025-03-31,quarter,131.0,87.0,44.0,34.0,3.0,0.0,1.0,45.0,27.0,33.0,1.79,screener
ARKADE,Jun 2025,2025-06-30,quarter,159.0,125.0,34.0,21.0,6.0,0.0,2.0,38.0,25.0,29.0,1.55,screener
ARKADE,Sep 2025,2025-09-30,quarter,264.0,200.0,63.0,24.0,1.0,0.0,3.0,62.0,26.0,46.0,2.47,screener
ARKADE,Dec 2025,2025-12-31,quarter,197.0,143.0,54.0,27.0,2.0,0.0,3.0,53.0,24.0,40.0,2.17,screener
ARKADE,Mar 2026,2026-03-31,quarter,197.0,159.0,38.0,19.0,-180.0,0.0,3.0,-145.0,-25.0,-110.0,-5.9,screener
ARMANFIN,Dec 2024,2024-12-31,quarter,165.0,114.0,,,0.0,57.0,0.0,-7.0,5.0,-7.0,-6.92,screener
ARMANFIN,Mar 2025,2025-03-31,quarter,199.0,134.0,,,0.0,52.0,0.0,13.0,-1.0,13.0,12.16,screener
ARMANFIN,Jun 2025,2025-06-30,quarter,151.0,110.0,,,0.0,52.0,0.0,-11.0,31.0,-15.0,-13.9,screener
ARMANFIN,Sep 2025,2025-09-30,quarter,159.0,91.0,,,0.0,50.0,0.0,18.0,55.0,8.0,7.6,screener
ARMANFIN,Dec 2025,2025-12-31,quarter,160.0,80.0,,,0.0,51.0,0.0,29.0,22.0,22.0,21.1,screener
ARMANFIN,Mar 2026,2026-03-31,quarter,176.0,80.0,,,0.0,53.0,0.0,42.0,3.0,41.0,39.01,screener
ARSHIYA,Dec 2022,2022-12-31,quarter,37.0,24.0,13.0,34.0,2.0,45.0,20.0,-51.0,0.0,-51.0,-1.93,screener
ARSHIYA,Mar 2023,2023-03-31,quarter,35.0,30.0,5.0,14.0,8.0,108.0,24.0,-120.0,0.0,-120.0,-4.54,screener
ARSHIYA,Jun 2023,2023-06-30,quarter,36.0,63.0,-27.0,-76.0,1.0,55.0,20.0,-102.0,0.0,-102.0,-3.86,screener
ARSHIYA,Sep 2023,2023-09-30,quarter,40.0,17.0,23.0,59.0,1.0,57.0,21.0,-53.0,1.0,-54.0,-2.04,screener
ARSHIYA,Dec 2023,2023-12-31,quarter,41.0,19.0,22.0,54.0,1.0,122.0,27.0,-125.0,0.0,-125.0,-4.73,screener
ARSHIYA,Mar 2024,2024-03-31,quarter,34.0,30.0,4.0,11.0,-2206.0,181.0,34.0,-2417.0,0.0,-2417.0,-91.74,screener
ARSSBL,Dec 2024,2024-12-31,quarter,204.0,127.0,77.0,38.0,0.0,43.0,6.0,29.0,25.0,22.0,4.86,screener
ARSSBL,Mar 2025,2025-03-31,quarter,200.0,127.0,73.0,37.0,0.0,39.0,8.0,26.0,28.0,18.0,4.15,screener
ARSSBL,Jun 2025,2025-06-30,quarter,201.0,126.0,75.0,37.0,1.0,38.0,6.0,30.0,25.0,23.0,5.14,screener
ARSSBL,Sep 2025,2025-09-30,quarter,227.0,135.0,93.0,41.0,1.0,50.0,7.0,38.0,26.0,28.0,4.45,screener
ARSSBL,Dec 2025,2025-12-31,quarter,248.0,147.0,101.0,41.0,1.0,46.0,6.0,50.0,26.0,37.0,5.9,screener
ARSSBL,Mar 2026,2026-03-31,quarter,256.0,145.0,110.0,43.0,0.0,50.0,7.0,54.0,23.0,42.0,6.63,screener
ARTEMISMED,Dec 2024,2024-12-31,quarter,232.0,195.0,37.0,16.0,9.0,8.0,11.0,27.0,23.0,21.0,1.5,screener
ARTEMISMED,Mar 2025,2025-03-31,quarter,240.0,204.0,36.0,15.0,12.0,8.0,12.0,29.0,20.0,23.0,1.67,screener
ARTEMISMED,Jun 2025,2025-06-30,quarter,255.0,214.0,41.0,16.0,7.0,7.0,11.0,30.0,29.0,21.0,1.53,screener
ARTEMISMED,Sep 2025,2025-09-30,quarter,275.0,224.0,51.0,18.0,8.0,7.0,12.0,39.0,24.0,30.0,2.16,screener
ARTEMISMED,Dec 2025,2025-12-31,quarter,272.0,228.0,45.0,16.0,4.0,7.0,12.0,30.0,25.0,22.0,1.41,screener
ARTEMISMED,Mar 2026,2026-03-31,quarter,279.0,228.0,52.0,18.0,8.0,6.0,13.0,40.0,25.0,30.0,1.9,screener
ARVIND,Dec 2024,2024-12-31,quarter,2089.0,1853.0,236.0,11.0,11.0,40.0,62.0,145.0,27.0,106.0,3.95,screener
ARVIND,Mar 2025,2025-03-31,quarter,2221.0,1976.0,245.0,11.0,30.0,47.0,69.0,158.0,2.0,155.0,5.77,screener
ARVIND,Jun 2025,2025-06-30,quarter,2006.0,1829.0,177.0,9.0,9.0,41.0,69.0,76.0,28.0,55.0,2.03,screener
ARVIND,Sep 2025,2025-09-30,quarter,2371.0,2124.0,247.0,10.0,15.0,41.0,72.0,149.0,28.0,107.0,3.94,screener
ARVIND,Dec 2025,2025-12-31,quarter,2373.0,2100.0,273.0,11.0,-12.0,42.0,72.0,147.0,31.0,101.0,3.72,screener
ARVIND,Mar 2026,2026-03-31,quarter,2553.0,2247.0,306.0,12.0,35.0,41.0,78.0,223.0,26.0,165.0,6.09,screener
ARVINDFASN,Dec 2024,2024-12-31,quarter,1203.0,1037.0,166.0,14.0,8.0,40.0,65.0,67.0,31.0,47.0,2.0,screener
ARVINDFASN,Mar 2025,2025-03-31,quarter,1189.0,1030.0,159.0,13.0,11.0,39.0,65.0,66.0,210.0,-72.0,-6.99,screener
ARVINDFASN,Jun 2025,2025-06-30,quarter,1107.0,974.0,133.0,12.0,14.0,41.0,69.0,39.0,36.0,25.0,0.94,screener
ARVINDFASN,Sep 2025,2025-09-30,quarter,1418.0,1230.0,187.0,13.0,13.0,42.0,71.0,87.0,35.0,56.0,2.81,screener
ARVINDFASN,Dec 2025,2025-12-31,quarter,1377.0,1182.0,195.0,14.0,-23.0,43.0,75.0,53.0,32.0,36.0,1.91,screener
ARVINDFASN,Mar 2026,2026-03-31,quarter,1365.0,1176.0,189.0,14.0,13.0,45.0,75.0,82.0,19.0,66.0,3.51,screener
ARVINDFASN,Jun 2026,2026-06-30,quarter,1278.0,1119.0,160.0,12.0,7.0,48.0,79.0,40.0,30.0,28.0,0.72,screener
ARVINDPORT,Mar 2025,2025-03-31,quarter,13.02,2.12,10.9,83.72,0.01,0.5,2.9,7.51,23.57,5.74,3.36,screener
ARVINDPORT,Sep 2025,2025-09-30,quarter,4.57,1.17,3.4,74.4,0.51,0.22,3.18,0.51,25.49,0.39,0.19,screener
ARVINDPORT,Mar 2026,2026-03-31,quarter,8.3,3.06,5.24,63.13,0.14,0.2,3.65,1.53,35.29,0.99,0.51,screener
ARVSMART,Dec 2024,2024-12-31,quarter,210.0,151.0,59.0,28.0,5.0,5.0,1.0,58.0,14.0,50.0,10.48,screener
ARVSMART,Mar 2025,2025-03-31,quarter,163.0,130.0,34.0,21.0,11.0,8.0,1.0,36.0,39.0,22.0,4.2,screener
ARVSMART,Jun 2025,2025-06-30,quarter,102.0,80.0,21.0,21.0,5.0,8.0,2.0,17.0,28.0,12.0,2.44,screener
ARVSMART,Sep 2025,2025-09-30,quarter,141.0,111.0,30.0,21.0,4.0,6.0,1.0,25.0,29.0,18.0,3.09,screener
ARVSMART,Dec 2025,2025-12-31,quarter,166.0,125.0,42.0,25.0,4.0,5.0,2.0,39.0,25.0,29.0,6.27,screener
ARVSMART,Mar 2026,2026-03-31,quarter,155.0,96.0,59.0,38.0,8.0,12.0,2.0,54.0,19.0,44.0,9.23,screener
ASAHIINDIA,Dec 2024,2024-12-31,quarter,1124.0,949.0,175.0,16.0,46.0,32.0,49.0,140.0,26.0,105.0,4.34,screener
ASAHIINDIA,Mar 2025,2025-03-31,quarter,1180.0,983.0,197.0,17.0,9.0,33.0,49.0,124.0,26.0,92.0,3.8,screener
ASAHIINDIA,Jun 2025,2025-06-30,quarter,1229.0,1036.0,192.0,16.0,11.0,59.0,68.0,76.0,28.0,55.0,2.31,screener
ASAHIINDIA,Sep 2025,2025-09-30,quarter,1151.0,963.0,188.0,16.0,11.0,59.0,69.0,71.0,18.0,58.0,2.22,screener
ASAHIINDIA,Dec 2025,2025-12-31,quarter,1256.0,1005.0,250.0,20.0,-2.0,43.0,73.0,133.0,25.0,99.0,3.9,screener
ASAHIINDIA,Mar 2026,2026-03-31,quarter,1354.0,1067.0,287.0,21.0,10.0,42.0,75.0,180.0,26.0,133.0,5.2,screener
ASAHISONG,Dec 2024,2024-12-31,quarter,134.0,122.0,12.0,9.0,2.0,4.0,5.0,4.0,47.0,2.0,2.63,screener
ASAHISONG,Mar 2025,2025-03-31,quarter,153.0,136.0,17.0,11.0,1.0,4.0,5.0,9.0,25.0,7.0,6.48,screener
ASAHISONG,Jun 2025,2025-06-30,quarter,150.0,139.0,11.0,7.0,1.0,3.0,5.0,4.0,39.0,3.0,2.68,screener
ASAHISONG,Sep 2025,2025-09-30,quarter,121.0,111.0,10.0,8.0,2.0,3.0,5.0,4.0,42.0,2.0,1.91,screener
ASAHISONG,Dec 2025,2025-12-31,quarter,121.0,110.0,10.0,8.0,0.0,3.0,5.0,3.0,15.0,2.0,2.1,screener
ASAHISONG,Mar 2026,2026-03-31,quarter,144.0,125.0,20.0,14.0,3.0,3.0,5.0,15.0,28.0,11.0,9.22,screener
ASHALOG,Sep 2023,2023-09-30,quarter,91.0,79.0,13.0,14.0,0.0,2.0,3.0,8.0,27.0,6.0,,screener
ASHALOG,Mar 2024,2024-03-31,quarter,108.0,94.0,14.0,13.0,0.0,2.0,4.0,9.0,25.0,6.0,6.51,screener
ASHALOG,Sep 2024,2024-09-30,quarter,94.0,81.0,13.0,14.0,0.0,2.0,2.0,9.0,25.0,7.0,4.8,screener
ASHALOG,Mar 2025,2025-03-31,quarter,137.0,124.0,13.0,10.0,2.0,2.0,5.0,8.0,27.0,6.0,4.26,screener
ASHALOG,Sep 2025,2025-09-30,quarter,165.0,148.0,18.0,11.0,0.0,3.0,5.0,10.0,26.0,7.0,5.34,screener
ASHALOG,Mar 2026,2026-03-31,quarter,153.0,141.0,12.0,8.0,0.0,3.0,6.0,4.0,28.0,3.0,1.88,screener
ASHAPURMIN,Dec 2024,2024-12-31,quarter,865.0,731.0,135.0,16.0,20.0,23.0,12.0,119.0,10.0,108.0,11.04,screener
ASHAPURMIN,Mar 2025,2025-03-31,quarter,555.0,471.0,84.0,15.0,56.0,30.0,29.0,82.0,7.0,79.0,9.05,screener
ASHAPURMIN,Jun 2025,2025-06-30,quarter,1356.0,1174.0,182.0,13.0,12.0,31.0,32.0,132.0,14.0,114.0,11.5,screener
ASHAPURMIN,Sep 2025,2025-09-30,quarter,952.0,822.0,131.0,14.0,12.0,29.0,32.0,81.0,-30.0,106.0,10.11,screener
ASHAPURMIN,Dec 2025,2025-12-31,quarter,960.0,846.0,114.0,12.0,28.0,24.0,34.0,85.0,10.0,76.0,8.82,screener
ASHAPURMIN,Mar 2026,2026-03-31,quarter,1969.0,1841.0,128.0,6.0,88.0,34.0,35.0,147.0,18.0,121.0,11.59,screener
ASHAPURMIN,Jun 2026,2026-06-30,quarter,1616.0,1435.0,181.0,11.0,14.0,29.0,37.0,130.0,17.0,108.0,12.07,screener
ASHIANA,Dec 2024,2024-12-31,quarter,133.0,116.0,17.0,13.0,2.0,1.0,3.0,15.0,27.0,11.0,1.08,screener
ASHIANA,Mar 2025,2025-03-31,quarter,218.0,200.0,18.0,8.0,12.0,0.0,3.0,26.0,23.0,20.0,2.02,screener
ASHIANA,Jun 2025,2025-06-30,quarter,293.0,281.0,12.0,4.0,10.0,0.0,3.0,18.0,30.0,13.0,1.27,screener
ASHIANA,Sep 2025,2025-09-30,quarter,166.0,136.0,29.0,18.0,11.0,0.0,3.0,36.0,24.0,28.0,2.74,screener
ASHIANA,Dec 2025,2025-12-31,quarter,362.0,294.0,68.0,19.0,11.0,0.0,3.0,76.0,25.0,57.0,5.64,screener
ASHIANA,Mar 2026,2026-03-31,quarter,323.0,303.0,20.0,6.0,12.0,1.0,3.0,29.0,27.0,21.0,2.09,screener
ASHIKA,Mar 2025,2025-03-31,quarter,44.0,98.0,,,1.0,10.0,4.0,-67.0,-30.0,-47.0,-14.11,screener
ASHIKA,Jun 2025,2025-06-30,quarter,70.0,4.0,,,0.0,0.0,0.0,66.0,24.0,50.0,13.2,screener
ASHIKA,Sep 2025,2025-09-30,quarter,21.0,4.0,,,0.0,0.0,0.0,17.0,25.0,12.0,3.31,screener
ASHIKA,Dec 2025,2025-12-31,quarter,45.0,31.0,,,7.0,11.0,5.0,5.0,176.0,-4.0,-0.85,screener
ASHIKA,Mar 2026,2026-03-31,quarter,50.0,68.0,,,4.0,3.0,5.0,-22.0,65.0,-36.0,-7.85,screener
ASHOKA,Dec 2024,2024-12-31,quarter,2388.0,1749.0,639.0,27.0,39.0,313.0,58.0,307.0,-116.0,662.0,23.32,screener
ASHOKA,Mar 2025,2025-03-31,quarter,2694.0,1917.0,777.0,29.0,61.0,318.0,40.0,481.0,6.0,452.0,15.4,screener
ASHOKA,Jun 2025,2025-06-30,quarter,1887.0,1288.0,599.0,32.0,50.0,311.0,38.0,300.0,24.0,227.0,7.74,screener
ASHOKA,Sep 2025,2025-09-30,quarter,1851.0,1266.0,585.0,32.0,-163.0,318.0,40.0,64.0,-41.0,91.0,2.78,screener
ASHOKA,Dec 2025,2025-12-31,quarter,1827.0,1392.0,435.0,24.0,2416.0,200.0,42.0,2609.0,19.0,2111.0,75.21,screener
ASHOKA,Mar 2026,2026-03-31,quarter,1954.0,1696.0,258.0,13.0,25.0,82.0,41.0,160.0,8.0,147.0,5.1,screener
ASHOKLEY,Dec 2024,2024-12-31,quarter,11995.0,9659.0,2336.0,19.0,75.0,1011.0,268.0,1132.0,28.0,820.0,1.3,screener
ASHOKLEY,Mar 2025,2025-03-31,quarter,14696.0,11705.0,2991.0,20.0,22.0,1053.0,340.0,1621.0,23.0,1246.0,1.92,screener
ASHOKLEY,Jun 2025,2025-06-30,quarter,11709.0,9535.0,2173.0,19.0,103.0,1112.0,273.0,891.0,26.0,658.0,1.04,screener
ASHOKLEY,Sep 2025,2025-09-30,quarter,12577.0,10136.0,2441.0,19.0,103.0,1152.0,268.0,1124.0,27.0,820.0,1.29,screener
ASHOKLEY,Dec 2025,2025-12-31,quarter,14830.0,12008.0,2822.0,19.0,-140.0,1200.0,282.0,1200.0,28.0,862.0,1.38,screener
ASHOKLEY,Mar 2026,2026-03-31,quarter,17246.0,13938.0,3308.0,19.0,186.0,1241.0,314.0,1940.0,29.0,1381.0,2.2,screener
ASHOKLEY,Jun 2026,2026-06-30,quarter,13070.0,10660.0,2410.0,18.0,195.0,1341.0,315.0,950.0,30.0,668.0,1.05,screener
ASIANENE,Dec 2024,2024-12-31,quarter,92.0,79.0,13.0,14.0,3.0,1.0,4.0,11.0,26.0,8.0,1.84,screener
ASIANENE,Mar 2025,2025-03-31,quarter,215.0,184.0,31.0,15.0,4.0,2.0,5.0,29.0,23.0,23.0,5.03,screener
ASIANENE,Jun 2025,2025-06-30,quarter,115.0,104.0,11.0,10.0,3.0,2.0,5.0,8.0,28.0,6.0,1.24,screener
ASIANENE,Sep 2025,2025-09-30,quarter,102.0,94.0,8.0,8.0,-4.0,2.0,5.0,-3.0,48.0,-4.0,-0.85,screener
ASIANENE,Dec 2025,2025-12-31,quarter,235.0,207.0,28.0,12.0,4.0,4.0,4.0,24.0,27.0,18.0,3.9,screener
ASIANENE,Mar 2026,2026-03-31,quarter,338.0,290.0,48.0,14.0,0.0,3.0,5.0,40.0,18.0,33.0,7.11,screener
ASIANENE,Jun 2026,2026-06-30,quarter,271.0,250.0,21.0,8.0,4.0,4.0,4.0,17.0,25.0,13.0,2.46,screener
ASIANHOTNR,Jun 2022,2022-06-30,quarter,53.0,50.0,3.0,6.0,0.0,31.0,6.0,-33.0,0.0,-33.0,-17.18,screener
ASIANHOTNR,Sep 2022,2022-09-30,quarter,60.0,51.0,9.0,15.0,0.0,33.0,6.0,-30.0,0.0,-30.0,-15.34,screener
ASIANHOTNR,Dec 2022,2022-12-31,quarter,69.0,51.0,19.0,27.0,1.0,31.0,6.0,-17.0,0.0,-17.0,-8.68,screener
ASIANHOTNR,Mar 2025,2025-03-31,quarter,92.0,62.0,29.0,32.0,187.0,33.0,7.0,176.0,1.0,174.0,89.54,screener
ASIANHOTNR,Dec 2025,2025-12-31,quarter,91.0,81.0,10.0,11.0,-40.0,21.0,5.0,-56.0,0.0,-56.0,-29.03,screener
ASIANHOTNR,Mar 2026,2026-03-31,quarter,103.0,79.0,23.0,23.0,-7.0,14.0,4.0,-2.0,-1634.0,31.0,7.34,screener
ASIANPAINT,Dec 2024,2024-12-31,quarter,8549.0,6913.0,1637.0,19.0,193.0,56.0,256.0,1518.0,26.0,1128.0,11.58,screener
ASIANPAINT,Mar 2025,2025-03-31,quarter,8359.0,6923.0,1436.0,17.0,-60.0,53.0,301.0,1022.0,31.0,701.0,7.22,screener
ASIANPAINT,Jun 2025,2025-06-30,quarter,8939.0,7314.0,1625.0,18.0,229.0,44.0,301.0,1509.0,26.0,1117.0,11.47,screener
ASIANPAINT,Sep 2025,2025-09-30,quarter,8531.0,7028.0,1503.0,18.0,237.0,44.0,305.0,1392.0,27.0,1018.0,10.36,screener
ASIANPAINT,Dec 2025,2025-12-31,quarter,8867.0,7086.0,1781.0,20.0,69.0,48.0,313.0,1489.0,28.0,1074.0,11.05,screener
ASIANPAINT,Mar 2026,2026-03-31,quarter,9247.0,7460.0,1787.0,19.0,197.0,59.0,310.0,1614.0,27.0,1185.0,12.22,screener
ASKAUTOLTD,Dec 2024,2024-12-31,quarter,915.0,804.0,111.0,12.0,5.0,8.0,23.0,86.0,23.0,66.0,3.34,screener
ASKAUTOLTD,Mar 2025,2025-03-31,quarter,850.0,746.0,104.0,12.0,6.0,9.0,25.0,76.0,24.0,58.0,2.92,screener
ASKAUTOLTD,Jun 2025,2025-06-30,quarter,891.0,772.0,120.0,13.0,4.0,10.0,26.0,87.0,24.0,66.0,3.35,screener
ASKAUTOLTD,Sep 2025,2025-09-30,quarter,1054.0,917.0,137.0,13.0,7.0,12.0,28.0,104.0,23.0,80.0,4.05,screener
ASKAUTOLTD,Dec 2025,2025-12-31,quarter,1084.0,943.0,141.0,13.0,5.0,12.0,29.0,105.0,24.0,80.0,4.05,screener
ASKAUTOLTD,Mar 2026,2026-03-31,quarter,1147.0,1015.0,132.0,12.0,7.0,14.0,31.0,95.0,25.0,72.0,3.63,screener
ASTEC,Dec 2024,2024-12-31,quarter,93.86,99.6,-5.74,-6.12,1.91,9.92,11.4,-25.15,60.52,-40.37,-18.03,screener
ASTEC,Mar 2025,2025-03-31,quarter,119.53,114.0,5.53,4.63,0.79,10.4,11.58,-15.66,2.62,-16.08,-7.18,screener
ASTEC,Jun 2025,2025-06-30,quarter,91.08,102.07,-10.99,-12.07,0.51,11.04,11.49,-33.01,0.03,-33.03,-14.75,screener
ASTEC,Sep 2025,2025-09-30,quarter,73.72,80.41,-6.69,-9.07,1.12,8.4,10.44,-24.41,0.04,-24.42,-10.96,screener
ASTEC,Dec 2025,2025-12-31,quarter,124.72,120.74,3.98,3.19,-1.27,7.17,11.22,-15.68,0.06,-15.69,-7.05,screener
ASTEC,Mar 2026,2026-03-31,quarter,158.62,149.46,9.16,5.77,2.63,7.92,11.77,-7.9,-1.9,-7.75,-3.48,screener
ASTERDM,Dec 2024,2024-12-31,quarter,1050.0,864.0,186.0,18.0,9.0,31.0,62.0,102.0,37.0,64.0,1.14,screener
ASTERDM,Mar 2025,2025-03-31,quarter,1000.0,818.0,182.0,18.0,5.0,32.0,64.0,91.0,6.0,86.0,1.58,screener
ASTERDM,Jun 2025,2025-06-30,quarter,1078.0,876.0,202.0,19.0,29.0,31.0,63.0,136.0,31.0,94.0,1.65,screener
ASTERDM,Sep 2025,2025-09-30,quarter,1197.0,961.0,236.0,20.0,28.0,31.0,66.0,167.0,27.0,121.0,2.12,screener
ASTERDM,Dec 2025,2025-12-31,quarter,1186.0,983.0,202.0,17.0,0.0,31.0,68.0,103.0,43.0,59.0,1.01,screener
ASTERDM,Mar 2026,2026-03-31,quarter,1182.0,958.0,224.0,19.0,37.0,30.0,67.0,163.0,6.0,154.0,2.71,screener
ASTRAL,Dec 2024,2024-12-31,quarter,1397.0,1178.0,219.0,16.0,12.0,14.0,63.0,154.0,27.0,113.0,4.25,screener
ASTRAL,Mar 2025,2025-03-31,quarter,1681.0,1380.0,302.0,18.0,9.0,10.0,65.0,236.0,25.0,178.0,6.67,screener
ASTRAL,Jun 2025,2025-06-30,quarter,1361.0,1176.0,185.0,14.0,9.0,12.0,72.0,110.0,28.0,79.0,3.02,screener
ASTRAL,Sep 2025,2025-09-30,quarter,1577.0,1321.0,257.0,16.0,11.0,16.0,72.0,180.0,25.0,135.0,5.02,screener
ASTRAL,Dec 2025,2025-12-31,quarter,1542.0,1304.0,237.0,15.0,-7.0,13.0,73.0,144.0,25.0,108.0,4.01,screener
ASTRAL,Mar 2026,2026-03-31,quarter,2088.0,1706.0,383.0,18.0,11.0,24.0,74.0,297.0,28.0,213.0,7.93,screener
ASTRAL,Jun 2026,2026-06-30,quarter,1578.0,1347.0,231.0,15.0,13.0,6.0,75.0,163.0,26.0,120.0,4.47,screener
ASTRAMICRO,Dec 2024,2024-12-31,quarter,259.0,182.0,76.0,29.0,10.0,15.0,10.0,62.0,23.0,47.0,5.0,screener
ASTRAMICRO,Mar 2025,2025-03-31,quarter,408.0,289.0,118.0,29.0,11.0,19.0,11.0,99.0,26.0,73.0,7.74,screener
ASTRAMICRO,Jun 2025,2025-06-30,quarter,200.0,159.0,41.0,20.0,4.0,15.0,9.0,21.0,23.0,16.0,1.71,screener
ASTRAMICRO,Sep 2025,2025-09-30,quarter,215.0,167.0,48.0,22.0,8.0,13.0,10.0,32.0,26.0,24.0,2.52,screener
ASTRAMICRO,Dec 2025,2025-12-31,quarter,260.0,178.0,83.0,32.0,8.0,13.0,11.0,66.0,29.0,47.0,4.93,screener
ASTRAMICRO,Mar 2026,2026-03-31,quarter,488.0,327.0,161.0,33.0,7.0,14.0,13.0,141.0,25.0,106.0,11.16,screener
ASTRAMICRO,Jun 2026,2026-06-30,quarter,177.0,144.0,33.0,19.0,5.0,11.0,12.0,16.0,21.0,12.0,1.3,screener
ASTRON,Dec 2024,2024-12-31,quarter,1.37,16.53,-15.16,-1106.57,0.0,2.91,1.79,-19.86,40.74,-27.95,-6.01,screener
ASTRON,Mar 2025,2025-03-31,quarter,0.88,3.0,-2.12,-240.91,0.11,3.53,1.74,-7.28,55.63,-11.33,-2.44,screener
ASTRON,Jun 2025,2025-06-30,quarter,1.28,1.48,-0.2,-15.62,0.0,3.18,1.89,-5.27,0.0,-5.26,-1.13,screener
ASTRON,Sep 2025,2025-09-30,quarter,0.0,0.86,-0.86,,0.0,2.13,1.77,-4.76,0.0,-4.75,-1.02,screener
ASTRON,Dec 2025,2025-12-31,quarter,1.45,0.64,0.81,55.86,0.0,4.1,1.77,-5.06,0.0,-5.06,-1.09,screener
ASTRON,Mar 2026,2026-03-31,quarter,0.07,2.31,-2.24,-3200.0,0.0,2.15,1.73,-6.12,0.0,-6.11,-1.31,screener
ATGL,Dec 2024,2024-12-31,quarter,1294.0,1030.0,265.0,20.0,8.0,27.0,53.0,192.0,26.0,142.0,1.29,screener
ATGL,Mar 2025,2025-03-31,quarter,1341.0,1075.0,266.0,20.0,14.0,24.0,53.0,204.0,24.0,155.0,1.41,screener
ATGL,Jun 2025,2025-06-30,quarter,1379.0,1085.0,293.0,21.0,12.0,28.0,56.0,222.0,26.0,165.0,1.5,screener
ATGL,Sep 2025,2025-09-30,quarter,1451.0,1156.0,295.0,20.0,12.0,26.0,62.0,219.0,25.0,163.0,1.49,screener
ATGL,Dec 2025,2025-12-31,quarter,1507.0,1202.0,305.0,20.0,12.0,41.0,62.0,214.0,26.0,159.0,1.44,screener
ATGL,Mar 2026,2026-03-31,quarter,1557.0,1256.0,301.0,19.0,24.0,35.0,63.0,227.0,26.0,168.0,1.53,screener
ATHERENERG,Jun 2025,2025-06-30,quarter,645.0,779.0,-134.0,-21.0,28.0,24.0,48.0,-178.0,0.0,-178.0,-4.79,screener
ATHERENERG,Mar 2026,2026-03-31,quarter,1175.0,1244.0,-70.0,-6.0,39.0,18.0,52.0,-100.0,0.0,-100.0,-2.62,screener
ATHERENERG,Jun 2026,2026-06-30,quarter,1217.0,1250.0,-33.0,-2.7,43.0,22.0,39.0,-51.0,0.0,-51.0,-1.33,screener
ATLANTAELE,Dec 2024,2024-12-31,quarter,263.0,221.0,42.0,16.0,0.0,11.0,2.0,28.0,21.0,22.0,3.11,screener
ATLANTAELE,Mar 2025,2025-03-31,quarter,411.0,343.0,69.0,17.0,3.0,10.0,2.0,60.0,25.0,45.0,6.24,screener
ATLANTAELE,Jun 2025,2025-06-30,quarter,315.0,266.0,49.0,15.0,2.0,7.0,2.0,42.0,26.0,31.0,4.35,screener
ATLANTAELE,Sep 2025,2025-09-30,quarter,317.0,262.0,55.0,17.0,2.0,13.0,6.0,38.0,33.0,25.0,3.26,screener
ATLANTAELE,Dec 2025,2025-12-31,quarter,472.0,381.0,91.0,19.0,3.0,21.0,9.0,65.0,33.0,43.0,5.64,screener
ATLANTAELE,Mar 2026,2026-03-31,quarter,748.0,598.0,150.0,20.0,7.0,16.0,9.0,132.0,22.0,102.0,13.29,screener
ATLANTAELE,Jun 2026,2026-06-30,quarter,466.0,389.0,77.0,17.0,2.0,6.0,10.0,64.0,26.0,47.0,6.09,screener
ATUL,Mar 2025,2025-03-31,quarter,1452.0,1229.0,223.0,15.0,50.0,5.0,82.0,186.0,30.0,130.0,42.97,screener
ATUL,Jun 2025,2025-06-30,quarter,1478.0,1242.0,236.0,16.0,28.0,5.0,82.0,177.0,25.0,132.0,43.4,screener
ATUL,Sep 2025,2025-09-30,quarter,1552.0,1284.0,267.0,17.0,50.0,5.0,81.0,231.0,21.0,182.0,60.88,screener
ATUL,Dec 2025,2025-12-31,quarter,1574.0,1327.0,247.0,16.0,40.0,4.0,80.0,203.0,20.0,164.0,54.6,screener
ATUL,Mar 2026,2026-03-31,quarter,1670.0,1389.0,281.0,17.0,92.0,4.0,79.0,289.0,27.0,211.0,71.38,screener
ATUL,Jun 2026,2026-06-30,quarter,1848.0,1454.0,394.0,21.0,35.0,4.0,78.0,347.0,27.0,254.0,83.32,screener
ATULAUTO,Dec 2024,2024-12-31,quarter,195.0,178.0,17.0,9.0,1.0,3.0,5.0,10.0,29.0,7.0,2.79,screener
ATULAUTO,Mar 2025,2025-03-31,quarter,211.0,196.0,15.0,7.0,1.0,3.0,4.0,9.0,33.0,6.0,2.58,screener
ATULAUTO,Jun 2025,2025-06-30,quarter,153.0,143.0,10.0,7.0,0.0,2.0,5.0,3.0,37.0,2.0,1.06,screener
ATULAUTO,Sep 2025,2025-09-30,quarter,200.0,182.0,19.0,9.0,0.0,3.0,5.0,12.0,29.0,8.0,3.3,screener
ATULAUTO,Dec 2025,2025-12-31,quarter,231.0,203.0,28.0,12.0,-1.0,3.0,5.0,20.0,27.0,15.0,5.53,screener
ATULAUTO,Mar 2026,2026-03-31,quarter,241.0,213.0,27.0,11.0,1.0,1.0,5.0,22.0,18.0,18.0,5.33,screener
AURIONPRO,Dec 2024,2024-12-31,quarter,306.0,242.0,64.0,21.0,4.0,2.0,7.0,59.0,19.0,48.0,8.57,screener
AURIONPRO,Mar 2025,2025-03-31,quarter,327.0,261.0,66.0,20.0,3.0,2.0,9.0,59.0,14.0,51.0,9.12,screener
AURIONPRO,Jun 2025,2025-06-30,quarter,337.0,269.0,68.0,20.0,3.0,2.0,10.0,60.0,15.0,51.0,9.29,screener
AURIONPRO,Sep 2025,2025-09-30,quarter,358.0,286.0,72.0,20.0,10.0,1.0,11.0,69.0,20.0,56.0,9.84,screener
AURIONPRO,Dec 2025,2025-12-31,quarter,371.0,296.0,75.0,20.0,-7.0,2.0,10.0,56.0,22.0,44.0,7.63,screener
AURIONPRO,Mar 2026,2026-03-31,quarter,346.0,279.0,67.0,19.0,15.0,5.0,10.0,67.0,8.0,61.0,11.13,screener
AUROPHARMA,Dec 2024,2024-12-31,quarter,7979.0,6401.0,1578.0,20.0,159.0,118.0,419.0,1200.0,30.0,846.0,14.56,screener
AUROPHARMA,Mar 2025,2025-03-31,quarter,8382.0,6622.0,1760.0,21.0,135.0,115.0,444.0,1335.0,32.0,903.0,15.56,screener
AUROPHARMA,Jun 2025,2025-06-30,quarter,7868.0,6265.0,1603.0,20.0,107.0,98.0,406.0,1207.0,32.0,824.0,14.2,screener
AUROPHARMA,Sep 2025,2025-09-30,quarter,8286.0,6608.0,1678.0,20.0,122.0,95.0,429.0,1276.0,34.0,848.0,14.61,screener
AUROPHARMA,Dec 2025,2025-12-31,quarter,8646.0,6873.0,1773.0,21.0,123.0,93.0,465.0,1339.0,32.0,910.0,15.67,screener
AUROPHARMA,Mar 2026,2026-03-31,quarter,8853.0,7103.0,1750.0,20.0,117.0,98.0,479.0,1291.0,29.0,921.0,15.86,screener
AUROPHARMA,Jun 2026,2026-06-30,quarter,9150.0,7271.0,1880.0,21.0,224.0,102.0,487.0,1515.0,32.0,1032.0,17.78,screener
AURUM,Dec 2024,2024-12-31,quarter,65.0,53.0,12.0,18.0,6.0,6.0,21.0,-10.0,-12.0,-9.0,-2.26,screener
AURUM,Mar 2025,2025-03-31,quarter,68.0,54.0,14.0,21.0,7.0,8.0,22.0,-9.0,11.0,-10.0,-2.46,screener
AURUM,Jun 2025,2025-06-30,quarter,65.0,54.0,11.0,17.0,8.0,7.0,24.0,-11.0,-7.0,-10.0,-1.34,screener
AURUM,Sep 2025,2025-09-30,quarter,82.0,61.0,21.0,26.0,3.0,8.0,26.0,-10.0,-12.0,-8.0,-1.19,screener
AURUM,Dec 2025,2025-12-31,quarter,112.0,86.0,27.0,24.0,10.0,7.0,27.0,3.0,-2.0,3.0,0.45,screener
AURUM,Mar 2026,2026-03-31,quarter,124.0,95.0,28.0,23.0,21.0,7.0,28.0,15.0,-10.0,16.0,2.31,screener
AURUM,Jun 2026,2026-06-30,quarter,112.0,83.0,29.0,26.0,53.0,7.0,28.0,47.0,4.0,45.0,6.33,screener
AVALON,Dec 2024,2024-12-31,quarter,281.0,246.0,35.0,12.0,10.0,5.0,7.0,33.0,27.0,24.0,3.63,screener
AVALON,Mar 2025,2025-03-31,quarter,343.0,301.0,41.0,12.0,3.0,4.0,8.0,33.0,25.0,24.0,3.67,screener
AVALON,Jun 2025,2025-06-30,quarter,323.0,293.0,30.0,9.0,2.0,4.0,8.0,19.0,26.0,14.0,2.14,screener
AVALON,Sep 2025,2025-09-30,quarter,382.0,344.0,39.0,10.0,8.0,4.0,9.0,34.0,26.0,25.0,3.74,screener
AVALON,Dec 2025,2025-12-31,quarter,418.0,370.0,48.0,11.0,7.0,3.0,8.0,44.0,27.0,33.0,4.88,screener
AVALON,Mar 2026,2026-03-31,quarter,480.0,423.0,57.0,12.0,12.0,4.0,8.0,56.0,27.0,41.0,6.16,screener
AVANTEL,Dec 2024,2024-12-31,quarter,70.68,38.63,32.05,45.35,0.51,1.02,3.05,28.49,29.48,20.08,0.76,screener
AVANTEL,Mar 2025,2025-03-31,quarter,49.26,37.65,11.61,23.57,0.48,0.66,2.94,8.49,28.39,6.08,0.23,screener
AVANTEL,Jun 2025,2025-06-30,quarter,51.91,41.46,10.45,20.13,0.05,0.8,4.4,5.3,39.25,3.23,0.12,screener
AVANTEL,Sep 2025,2025-09-30,quarter,55.42,44.1,11.32,20.43,0.91,1.26,4.76,6.21,31.4,4.27,0.16,screener
AVANTEL,Dec 2025,2025-12-31,quarter,51.72,39.18,12.54,24.25,0.41,1.77,5.36,5.82,52.92,2.74,0.1,screener
AVANTEL,Mar 2026,2026-03-31,quarter,63.83,50.24,13.59,21.29,1.1,1.81,5.57,7.31,34.75,4.77,0.18,screener
AVANTIFEED,Dec 2024,2024-12-31,quarter,1366.0,1205.0,160.0,12.0,39.0,1.0,15.0,184.0,23.0,141.0,9.92,screener
AVANTIFEED,Mar 2025,2025-03-31,quarter,1382.0,1205.0,177.0,13.0,50.0,1.0,15.0,211.0,26.0,157.0,11.14,screener
AVANTIFEED,Jun 2025,2025-06-30,quarter,1606.0,1392.0,214.0,13.0,51.0,1.0,16.0,249.0,25.0,186.0,13.09,screener
AVANTIFEED,Sep 2025,2025-09-30,quarter,1609.0,1416.0,193.0,12.0,50.0,0.0,16.0,227.0,26.0,169.0,11.25,screener
AVANTIFEED,Dec 2025,2025-12-31,quarter,1384.0,1208.0,176.0,13.0,63.0,1.0,16.0,222.0,26.0,163.0,10.96,screener
AVANTIFEED,Mar 2026,2026-03-31,quarter,1468.0,1303.0,165.0,11.0,35.0,1.0,15.0,184.0,24.0,139.0,9.18,screener
AVG,Sep 2024,2024-09-30,quarter,138.46,115.14,23.32,16.84,1.1,6.76,10.6,7.06,23.8,5.38,3.11,screener
AVG,Dec 2024,2024-12-31,quarter,142.0,117.0,26.0,18.0,1.0,6.0,12.0,8.0,30.0,6.0,2.98,screener
AVG,Mar 2025,2025-03-31,quarter,148.0,124.0,24.0,16.0,0.0,6.0,10.0,8.0,31.0,5.0,2.8,screener
AVG,Jun 2025,2025-06-30,quarter,125.0,101.0,24.0,19.0,1.0,6.0,11.0,7.0,29.0,5.0,2.66,screener
AVG,Sep 2025,2025-09-30,quarter,143.0,119.0,24.0,17.0,2.0,8.0,12.0,7.0,23.0,5.0,2.72,screener
AVG,Dec 2025,2025-12-31,quarter,134.0,108.0,26.0,19.0,1.0,8.0,12.0,7.0,24.0,5.0,2.89,screener
AVG,Mar 2026,2026-03-31,quarter,176.0,142.0,35.0,20.0,0.0,9.0,12.0,14.0,22.0,11.0,5.73,screener
AVL,Mar 2025,2025-03-31,quarter,486.69,,32.37,6.65,,,,,,15.98,,screener_yfinance_fallback_normalized
AVL,Jun 2025,2025-06-30,quarter,940.23,,80.52,8.56,,,,,,55.16,,screener_yfinance_fallback_normalized
AVL,Sep 2025,2025-09-30,quarter,457.5,,24.39,5.33,,,,,,12.72,,screener_yfinance_fallback_normalized
AVL,Dec 2025,2025-12-31,quarter,648.86,,42.66,6.57,,,,,,27.31,,screener_yfinance_fallback_normalized
AVL,Mar 2026,2026-03-31,quarter,625.03,,39.87,6.38,,,,,,21.73,,screener_yfinance_fallback_normalized
AWFIS,Dec 2024,2024-12-31,quarter,318.0,210.0,107.0,34.0,15.0,35.0,72.0,15.0,0.0,15.0,2.14,screener
AWFIS,Mar 2025,2025-03-31,quarter,340.0,224.0,116.0,34.0,20.0,43.0,81.0,12.0,7.0,11.0,1.58,screener
AWFIS,Jun 2025,2025-06-30,quarter,335.0,208.0,127.0,38.0,18.0,46.0,89.0,10.0,4.0,10.0,1.4,screener
AWFIS,Sep 2025,2025-09-30,quarter,367.0,235.0,132.0,36.0,26.0,47.0,95.0,16.0,2.0,16.0,2.23,screener
AWFIS,Dec 2025,2025-12-31,quarter,382.0,243.0,139.0,36.0,29.0,47.0,99.0,22.0,2.0,22.0,3.03,screener
AWFIS,Mar 2026,2026-03-31,quarter,410.0,258.0,152.0,37.0,19.0,46.0,101.0,24.0,1.0,23.0,3.25,screener
AWHCL,Dec 2024,2024-12-31,quarter,243.0,191.0,52.0,21.0,6.0,15.0,18.0,25.0,29.0,18.0,5.55,screener
AWHCL,Mar 2025,2025-03-31,quarter,243.0,192.0,51.0,21.0,31.0,15.0,18.0,48.0,5.0,46.0,14.09,screener
AWHCL,Jun 2025,2025-06-30,quarter,247.0,192.0,55.0,22.0,7.0,16.0,21.0,26.0,10.0,23.0,6.26,screener
AWHCL,Sep 2025,2025-09-30,quarter,258.0,207.0,51.0,20.0,6.0,15.0,22.0,20.0,14.0,17.0,4.81,screener
AWHCL,Dec 2025,2025-12-31,quarter,262.0,220.0,43.0,16.0,7.0,14.0,22.0,13.0,-12.0,15.0,4.05,screener
AWHCL,Mar 2026,2026-03-31,quarter,286.0,229.0,57.0,20.0,11.0,15.0,22.0,31.0,-20.0,37.0,11.46,screener
AWL,Dec 2024,2024-12-31,quarter,16839.0,16047.0,792.0,5.0,67.0,204.0,108.0,546.0,28.0,411.0,3.16,screener
AWL,Mar 2025,2025-03-31,quarter,18230.0,17781.0,448.0,2.5,62.0,178.0,98.0,234.0,25.0,191.0,1.46,screener
AWL,Jun 2025,2025-06-30,quarter,17059.0,16693.0,366.0,2.1,212.0,159.0,103.0,317.0,25.0,238.0,1.82,screener
AWL,Sep 2025,2025-09-30,quarter,17605.0,16916.0,688.0,3.9,-79.0,189.0,107.0,313.0,27.0,245.0,1.88,screener
AWL,Dec 2025,2025-12-31,quarter,18603.0,18050.0,553.0,3.0,106.0,185.0,111.0,363.0,28.0,269.0,2.07,screener
AWL,Mar 2026,2026-03-31,quarter,21465.0,20941.0,524.0,2.4,182.0,174.0,128.0,404.0,27.0,293.0,2.25,screener
AWL,Jun 2026,2026-06-30,quarter,20048.0,19355.0,693.0,3.5,88.0,186.0,117.0,478.0,27.0,351.0,2.7,screener
AXISBANK,Dec 2024,2024-12-31,quarter,32162.0,11913.0,,,6797.0,18040.0,0.0,9007.0,25.0,6779.0,21.78,screener
AXISBANK,Mar 2025,2025-03-31,quarter,32452.0,11943.0,,,7506.0,18121.0,0.0,9895.0,24.0,7509.0,24.13,screener
AXISBANK,Jun 2025,2025-06-30,quarter,32348.0,13983.0,,,8053.0,18239.0,0.0,8180.0,23.0,6279.0,20.13,screener
AXISBANK,Sep 2025,2025-09-30,quarter,32310.0,14302.0,,,7460.0,17971.0,0.0,7496.0,26.0,5567.0,17.82,screener
AXISBANK,Dec 2025,2025-12-31,quarter,33709.0,12743.0,,,7189.0,18785.0,0.0,9371.0,25.0,7060.0,22.58,screener
AXISBANK,Mar 2026,2026-03-31,quarter,34171.0,14816.0,,,6972.0,19080.0,0.0,7247.0,-5.0,7642.0,24.46,screener
AXISCADES,Dec 2024,2024-12-31,quarter,274.53,234.13,40.4,14.72,0.85,7.29,10.82,23.14,36.17,14.76,3.49,screener
AXISCADES,Mar 2025,2025-03-31,quarter,267.97,230.52,37.45,13.98,1.9,8.37,9.56,21.42,-47.06,31.5,7.24,screener
AXISCADES,Jun 2025,2025-06-30,quarter,243.71,209.64,34.07,13.98,10.59,7.32,9.36,27.98,25.45,20.86,4.88,screener
AXISCADES,Sep 2025,2025-09-30,quarter,299.06,251.98,47.08,15.74,5.94,6.55,10.21,36.26,36.21,23.13,5.42,screener
AXISCADES,Dec 2025,2025-12-31,quarter,343.18,280.43,62.75,18.28,-5.87,7.04,10.99,38.85,28.78,27.66,6.52,screener
AXISCADES,Mar 2026,2026-03-31,quarter,273.01,239.56,33.45,12.25,0.94,10.07,13.81,10.51,96.0,0.42,0.1,screener
AYMSYNTEX,Dec 2024,2024-12-31,quarter,377.67,348.75,28.92,7.66,1.42,9.82,15.31,5.21,34.74,3.4,0.58,screener
AYMSYNTEX,Mar 2025,2025-03-31,quarter,360.62,333.92,26.7,7.4,2.3,8.56,15.88,4.56,55.7,2.02,0.35,screener
AYMSYNTEX,Jun 2025,2025-06-30,quarter,326.48,309.81,16.67,5.11,2.1,7.59,16.74,-5.56,-35.97,-3.56,-0.61,screener
AYMSYNTEX,Sep 2025,2025-09-30,quarter,349.15,329.73,19.42,5.56,4.92,8.31,16.59,-0.56,-30.36,-0.39,-0.07,screener
AYMSYNTEX,Dec 2025,2025-12-31,quarter,323.72,300.3,23.42,7.23,1.29,8.36,14.04,2.31,35.93,1.48,0.25,screener
AYMSYNTEX,Mar 2026,2026-03-31,quarter,365.77,332.46,33.31,9.11,2.2,7.76,14.32,13.43,32.84,9.02,1.54,screener
AZAD,Dec 2024,2024-12-31,quarter,120.0,78.0,43.0,36.0,5.0,6.0,7.0,34.0,30.0,24.0,4.05,screener
AZAD,Mar 2025,2025-03-31,quarter,127.0,81.0,46.0,36.0,3.0,4.0,9.0,36.0,31.0,25.0,3.91,screener
AZAD,Jun 2025,2025-06-30,quarter,137.0,88.0,49.0,36.0,9.0,6.0,10.0,42.0,30.0,29.0,4.6,screener
AZAD,Sep 2025,2025-09-30,quarter,146.0,93.0,53.0,36.0,12.0,7.0,12.0,46.0,30.0,33.0,5.07,screener
AZAD,Dec 2025,2025-12-31,quarter,159.0,96.0,62.0,39.0,8.0,8.0,14.0,48.0,27.0,35.0,5.34,screener
AZAD,Mar 2026,2026-03-31,quarter,162.0,100.0,61.0,38.0,17.0,10.0,17.0,51.0,28.0,37.0,5.57,screener
AZAD,Jun 2026,2026-06-30,quarter,173.0,108.0,64.0,37.0,4.0,10.0,19.0,39.0,10.0,35.0,5.54,screener
BAJAJ-AUTO,Dec 2024,2024-12-31,quarter,13169.0,10418.0,2751.0,21.0,348.0,120.0,102.0,2876.0,24.0,2196.0,78.62,screener
BAJAJ-AUTO,Mar 2025,2025-03-31,quarter,12646.0,10289.0,2358.0,19.0,392.0,147.0,119.0,2484.0,27.0,1802.0,64.52,screener
BAJAJ-AUTO,Jun 2025,2025-06-30,quarter,13133.0,10340.0,2793.0,21.0,509.0,224.0,118.0,2961.0,25.0,2210.0,79.15,screener
BAJAJ-AUTO,Sep 2025,2025-09-30,quarter,15735.0,12906.0,2829.0,18.0,576.0,287.0,119.0,2999.0,29.0,2122.0,75.99,screener
BAJAJ-AUTO,Dec 2025,2025-12-31,quarter,16204.0,12475.0,3730.0,23.0,359.0,314.0,119.0,3656.0,25.0,2750.0,98.38,screener
BAJAJ-AUTO,Mar 2026,2026-03-31,quarter,17832.0,14757.0,3075.0,17.0,1894.0,344.0,289.0,4336.0,19.0,3492.0,131.02,screener
BAJAJ-AUTO,Jun 2026,2026-06-30,quarter,21689.0,17161.0,4528.0,21.0,688.0,387.0,405.0,4423.0,28.0,3189.0,115.41,screener
BAJAJCON,Dec 2024,2024-12-31,quarter,234.0,208.0,26.0,11.0,8.0,0.0,3.0,31.0,19.0,25.0,1.85,screener
BAJAJCON,Mar 2025,2025-03-31,quarter,250.0,219.0,32.0,13.0,9.0,0.0,3.0,38.0,18.0,31.0,2.26,screener
BAJAJCON,Jun 2025,2025-06-30,quarter,267.0,226.0,40.0,15.0,8.0,0.0,2.0,46.0,17.0,38.0,2.77,screener
BAJAJCON,Sep 2025,2025-09-30,quarter,265.0,217.0,48.0,18.0,8.0,0.0,4.0,51.0,18.0,42.0,3.24,screener
BAJAJCON,Dec 2025,2025-12-31,quarter,306.0,250.0,56.0,18.0,5.0,0.0,5.0,56.0,18.0,46.0,3.55,screener
BAJAJCON,Mar 2026,2026-03-31,quarter,327.0,250.0,77.0,23.0,6.0,0.0,5.0,78.0,18.0,64.0,4.87,screener
BAJAJELEC,Dec 2024,2024-12-31,quarter,1290.0,1202.0,87.0,7.0,13.0,19.0,36.0,45.0,27.0,33.0,2.89,screener
BAJAJELEC,Mar 2025,2025-03-31,quarter,1265.0,1172.0,93.0,7.0,38.0,18.0,41.0,71.0,17.0,59.0,5.12,screener
BAJAJELEC,Jun 2025,2025-06-30,quarter,1065.0,1032.0,33.0,3.0,24.0,18.0,37.0,2.0,40.0,1.0,0.08,screener
BAJAJELEC,Sep 2025,2025-09-30,quarter,1107.0,1050.0,57.0,5.0,8.0,13.0,37.0,16.0,36.0,10.0,0.85,screener
BAJAJELEC,Dec 2025,2025-12-31,quarter,1051.0,1043.0,8.0,1.0,-14.0,13.0,35.0,-54.0,-37.0,-34.0,-2.96,screener
BAJAJELEC,Mar 2026,2026-03-31,quarter,1240.0,1200.0,40.0,3.0,-46.0,13.0,33.0,-52.0,30.0,-68.0,-5.85,screener
BAJAJFINSV,Dec 2024,2024-12-31,quarter,32042.0,19669.0,12373.0,39.0,3.0,6276.0,288.0,5812.0,24.0,4412.0,13.97,screener
BAJAJFINSV,Mar 2025,2025-03-31,quarter,36595.0,23868.0,12728.0,35.0,10.0,6396.0,339.0,6002.0,21.0,4756.0,15.14,screener
BAJAJFINSV,Jun 2025,2025-06-30,quarter,35439.0,21124.0,14315.0,40.0,13.0,6807.0,317.0,7204.0,26.0,5329.0,17.46,screener
BAJAJFINSV,Sep 2025,2025-09-30,quarter,37403.0,23352.0,14050.0,38.0,3.0,6901.0,327.0,6825.0,30.0,4746.0,14.04,screener
BAJAJFINSV,Dec 2025,2025-12-31,quarter,39708.0,25842.0,13866.0,35.0,-378.0,7232.0,330.0,5926.0,26.0,4368.0,13.95,screener
BAJAJFINSV,Mar 2026,2026-03-31,quarter,38494.0,23983.0,14511.0,38.0,25.0,7291.0,317.0,6928.0,25.0,5226.0,15.86,screener
BAJAJHLDNG,Dec 2024,2024-12-31,quarter,126.0,31.0,96.0,76.0,1694.0,0.0,8.0,1781.0,2.0,1750.0,157.09,screener
BAJAJHLDNG,Mar 2025,2025-03-31,quarter,145.0,42.0,103.0,71.0,1695.0,0.0,8.0,1789.0,2.0,1751.0,155.04,screener
BAJAJHLDNG,Jun 2025,2025-06-30,quarter,325.0,41.0,284.0,87.0,3428.0,0.0,8.0,3704.0,5.0,3504.0,313.27,screener
BAJAJHLDNG,Sep 2025,2025-09-30,quarter,397.0,43.0,353.0,89.0,1630.0,0.0,8.0,1976.0,14.0,1690.0,140.08,screener
BAJAJHLDNG,Dec 2025,2025-12-31,quarter,288.0,41.0,247.0,86.0,1846.0,0.0,8.0,2084.0,3.0,2018.0,181.16,screener
BAJAJHLDNG,Mar 2026,2026-03-31,quarter,61.0,37.0,24.0,39.0,2278.0,0.0,8.0,2293.0,-12.0,2577.0,231.37,screener
BAJAJINDEF,Dec 2024,2024-12-31,quarter,44.74,37.27,7.47,16.7,3.3,0.1,1.33,9.34,24.95,7.02,2.19,screener
BAJAJINDEF,Mar 2025,2025-03-31,quarter,52.98,42.3,10.68,20.16,4.29,0.09,1.29,13.59,25.46,10.13,3.17,screener
BAJAJINDEF,Jun 2025,2025-06-30,quarter,39.71,36.0,3.71,9.34,5.3,0.1,1.34,7.57,25.23,5.65,1.77,screener
BAJAJINDEF,Sep 2025,2025-09-30,quarter,49.31,43.03,6.28,12.74,2.7,0.11,1.45,7.42,16.17,6.26,1.96,screener
BAJAJINDEF,Dec 2025,2025-12-31,quarter,50.64,46.54,4.1,8.1,4.19,0.08,1.42,6.79,29.16,4.9,1.53,screener
BAJAJINDEF,Mar 2026,2026-03-31,quarter,68.04,58.87,9.17,13.48,-4.62,0.08,2.26,2.21,-203.17,6.82,2.13,screener
BAJAJINDEF,Jun 2026,2026-06-30,quarter,34.46,35.44,-0.98,-2.84,8.77,0.1,1.41,6.28,12.74,5.5,1.72,screener
BAJEL,Dec 2024,2024-12-31,quarter,622.0,608.0,15.0,2.0,7.0,15.0,3.0,3.0,57.0,1.0,0.13,screener
BAJEL,Mar 2025,2025-03-31,quarter,801.0,781.0,21.0,3.0,7.0,17.0,4.0,6.0,24.0,5.0,0.42,screener
BAJEL,Jun 2025,2025-06-30,quarter,608.0,591.0,16.0,3.0,8.0,16.0,5.0,4.0,28.0,3.0,0.26,screener
BAJEL,Sep 2025,2025-09-30,quarter,614.0,593.0,20.0,3.0,7.0,17.0,5.0,6.0,36.0,4.0,0.31,screener
BAJEL,Dec 2025,2025-12-31,quarter,562.0,538.0,25.0,4.0,-3.0,16.0,5.0,0.0,185.0,0.0,-0.04,screener
BAJEL,Mar 2026,2026-03-31,quarter,1008.0,977.0,31.0,3.0,7.0,14.0,6.0,17.0,17.0,14.0,1.22,screener
BAJFINANCE,Dec 2024,2024-12-31,quarter,18035.0,5691.0,,,26.0,6386.0,219.0,5765.0,25.0,4308.0,6.86,screener
BAJFINANCE,Mar 2025,2025-03-31,quarter,18294.0,5865.0,,,21.0,6551.0,252.0,5647.0,20.0,4546.0,7.21,screener
BAJFINANCE,Jun 2025,2025-06-30,quarter,19524.0,5992.0,,,5.0,6918.0,251.0,6368.0,25.0,4765.0,7.56,screener
BAJFINANCE,Sep 2025,2025-09-30,quarter,20179.0,6307.0,,,5.0,7011.0,258.0,6608.0,25.0,4948.0,7.84,screener
BAJFINANCE,Dec 2025,2025-12-31,quarter,21013.0,7737.0,,,-262.0,7339.0,244.0,5431.0,25.0,4066.0,6.39,screener
BAJFINANCE,Mar 2026,2026-03-31,quarter,21606.0,6553.0,,,11.0,7398.0,256.0,7410.0,25.0,5553.0,8.78,screener
BALAMINES,Dec 2024,2024-12-31,quarter,313.0,267.0,46.0,15.0,8.0,1.0,12.0,41.0,24.0,31.0,10.24,screener
BALAMINES,Mar 2025,2025-03-31,quarter,353.0,293.0,60.0,17.0,8.0,1.0,13.0,54.0,25.0,40.0,12.36,screener
BALAMINES,Jun 2025,2025-06-30,quarter,358.0,304.0,55.0,15.0,9.0,1.0,14.0,49.0,25.0,37.0,11.73,screener
BALAMINES,Sep 2025,2025-09-30,quarter,341.0,281.0,60.0,18.0,7.0,1.0,14.0,52.0,28.0,37.0,10.67,screener
BALAMINES,Dec 2025,2025-12-31,quarter,331.0,275.0,57.0,17.0,5.0,2.0,14.0,46.0,33.0,31.0,9.7,screener
BALAMINES,Mar 2026,2026-03-31,quarter,395.0,301.0,94.0,24.0,8.0,2.0,14.0,86.0,25.0,65.0,19.51,screener
BALKRISIND,Dec 2024,2024-12-31,quarter,2560.0,1960.0,601.0,23.0,187.0,16.0,173.0,600.0,25.0,449.0,23.25,screener
BALKRISIND,Mar 2025,2025-03-31,quarter,2752.0,2139.0,614.0,22.0,99.0,50.0,178.0,485.0,24.0,369.0,19.06,screener
BALKRISIND,Jun 2025,2025-06-30,quarter,2760.0,2254.0,506.0,18.0,107.0,31.0,188.0,394.0,27.0,288.0,14.91,screener
BALKRISIND,Sep 2025,2025-09-30,quarter,2393.0,1882.0,511.0,21.0,71.0,33.0,193.0,357.0,24.0,273.0,14.13,screener
BALKRISIND,Dec 2025,2025-12-31,quarter,2737.0,2094.0,643.0,24.0,77.0,34.0,195.0,491.0,22.0,382.0,19.77,screener
BALKRISIND,Mar 2026,2026-03-31,quarter,2933.0,2293.0,640.0,22.0,-4.0,36.0,199.0,401.0,25.0,299.0,15.49,screener
BALKRISIND,Jun 2026,2026-06-30,quarter,3455.0,2711.0,744.0,22.0,100.0,37.0,206.0,601.0,25.0,451.0,23.32,screener
BALLARPUR,Mar 2024,2024-03-31,quarter,8.0,88.0,-80.0,-979.0,-157.0,37.0,3.0,-277.0,0.0,-277.0,-2.14,screener
BALLARPUR,Dec 2024,2024-12-31,quarter,1.0,77.0,-76.0,-7477.0,44.0,34.0,2.0,-69.0,0.0,-69.0,-0.53,screener
BALLARPUR,Mar 2025,2025-03-31,quarter,3.0,48.0,-46.0,-1669.0,36.0,86.0,2.0,-98.0,0.0,-98.0,-0.78,screener
BALLARPUR,Jun 2025,2025-06-30,quarter,2.0,19.0,-17.0,-942.0,18.0,42.0,2.0,-43.0,0.0,-43.0,-0.34,screener
BALLARPUR,Sep 2025,2025-09-30,quarter,2.0,47.0,-45.0,-2667.0,11.0,45.0,2.0,-81.0,0.0,-81.0,-0.62,screener
BALLARPUR,Dec 2025,2025-12-31,quarter,11.0,68.0,-57.0,-535.0,12.0,45.0,1.0,-92.0,0.0,-92.0,-0.71,screener
BALLARPUR,Mar 2026,2026-03-31,quarter,63.0,120.0,-57.0,-91.0,31.0,45.0,2.0,-73.0,0.0,-73.0,-0.57,screener
BALLARPUR,Jun 2026,2026-06-30,quarter,84.0,127.0,-43.0,-51.0,12.0,48.0,2.0,-81.0,0.0,-81.0,-0.62,screener
BALMLAWRIE,Dec 2024,2024-12-31,quarter,630.0,546.0,84.0,13.0,9.0,9.0,15.0,68.0,29.0,62.0,3.77,screener
BALMLAWRIE,Mar 2025,2025-03-31,quarter,608.0,514.0,95.0,16.0,18.0,6.0,16.0,90.0,35.0,74.0,4.39,screener
BALMLAWRIE,Jun 2025,2025-06-30,quarter,681.0,597.0,83.0,12.0,9.0,7.0,14.0,71.0,27.0,67.0,4.03,screener
BALMLAWRIE,Sep 2025,2025-09-30,quarter,635.0,568.0,67.0,11.0,11.0,7.0,16.0,55.0,31.0,55.0,3.31,screener
BALMLAWRIE,Dec 2025,2025-12-31,quarter,657.0,571.0,86.0,13.0,7.0,10.0,18.0,65.0,28.0,65.0,3.89,screener
BALMLAWRIE,Mar 2026,2026-03-31,quarter,744.0,630.0,114.0,15.0,20.0,10.0,28.0,95.0,32.0,83.0,4.94,screener
BALMLAWRIE,Jun 2026,2026-06-30,quarter,749.0,649.0,100.0,13.0,11.0,13.0,20.0,78.0,28.0,71.0,4.18,screener
BALRAMCHIN,Dec 2024,2024-12-31,quarter,1192.0,1068.0,124.0,10.0,16.0,7.0,44.0,89.0,21.0,70.0,3.49,screener_yfinance_fallback_normalized
BALRAMCHIN,Mar 2025,2025-03-31,quarter,1504.0,1138.0,365.0,24.0,20.0,30.0,43.0,312.0,26.0,229.0,11.35,screener_yfinance_fallback_normalized
BALRAMCHIN,Jun 2025,2025-06-30,quarter,1542.0,1408.0,134.0,9.0,16.0,34.0,44.0,73.0,29.0,52.0,2.55,screener_yfinance_fallback_normalized
BALRAMCHIN,Sep 2025,2025-09-30,quarter,1671.0,1550.0,120.0,7.0,18.0,14.0,44.0,80.0,33.0,54.0,2.67,screener_yfinance_fallback_normalized
BALRAMCHIN,Dec 2025,2025-12-31,quarter,1454.0,1252.0,202.0,14.0,17.0,4.0,44.0,171.0,34.0,113.0,5.62,screener_yfinance_fallback_normalized
BALRAMCHIN,Mar 2026,2026-03-31,quarter,1604.0,1319.0,285.0,18.0,22.0,26.0,45.0,236.0,32.0,160.0,7.9,screener_yfinance_fallback_normalized
BALUFORGE,Dec 2024,2024-12-31,quarter,256.0,188.0,68.0,26.0,10.0,2.0,1.0,74.0,20.0,59.0,5.39,screener
BALUFORGE,Mar 2025,2025-03-31,quarter,270.0,195.0,75.0,28.0,4.0,4.0,1.0,74.0,15.0,63.0,5.73,screener
BALUFORGE,Jun 2025,2025-06-30,quarter,233.0,161.0,72.0,31.0,2.0,2.0,2.0,70.0,19.0,57.0,5.0,screener
BALUFORGE,Sep 2025,2025-09-30,quarter,300.0,217.0,83.0,28.0,3.0,4.0,2.0,80.0,19.0,65.0,5.71,screener
BALUFORGE,Dec 2025,2025-12-31,quarter,311.0,227.0,85.0,27.0,4.0,5.0,3.0,81.0,12.0,71.0,6.18,screener
BALUFORGE,Mar 2026,2026-03-31,quarter,264.0,204.0,60.0,23.0,23.0,5.0,3.0,75.0,13.0,66.0,5.42,screener
BALUFORGE,Jun 2026,2026-06-30,quarter,301.0,216.0,85.0,28.0,4.0,5.0,3.0,81.0,18.0,66.0,5.44,screener
BANCOINDIA,Dec 2024,2024-12-31,quarter,639.0,581.0,58.0,9.0,5.0,5.0,20.0,39.0,21.0,31.0,2.16,screener
BANCOINDIA,Mar 2025,2025-03-31,quarter,875.0,660.0,214.0,24.0,19.0,8.0,36.0,190.0,19.0,154.0,10.73,screener
BANCOINDIA,Jun 2025,2025-06-30,quarter,970.0,788.0,182.0,19.0,14.0,7.0,24.0,164.0,33.0,110.0,7.66,screener
BANCOINDIA,Sep 2025,2025-09-30,quarter,1038.0,889.0,149.0,14.0,59.0,8.0,25.0,175.0,20.0,139.0,9.71,screener
BANCOINDIA,Dec 2025,2025-12-31,quarter,789.0,664.0,125.0,16.0,27.0,8.0,26.0,119.0,28.0,86.0,6.0,screener
BANCOINDIA,Mar 2026,2026-03-31,quarter,1099.0,874.0,225.0,20.0,20.0,0.0,60.0,186.0,21.0,147.0,10.31,screener
BANKBARODA,Dec 2024,2024-12-31,quarter,32570.0,10654.0,,,5163.0,20143.0,0.0,6935.0,26.0,5250.0,10.08,screener
BANKBARODA,Mar 2025,2025-03-31,quarter,32820.0,12712.0,,,7076.0,20273.0,0.0,6911.0,23.0,5447.0,10.48,screener
BANKBARODA,Jun 2025,2025-06-30,quarter,32866.0,12928.0,,,5538.0,20307.0,0.0,5170.0,35.0,3517.0,6.71,screener
BANKBARODA,Sep 2025,2025-09-30,quarter,33318.0,11548.0,,,5116.0,20191.0,0.0,6695.0,24.0,5181.0,9.93,screener
BANKBARODA,Dec 2025,2025-12-31,quarter,33600.0,12390.0,,,6399.0,20586.0,0.0,7024.0,23.0,5501.0,10.53,screener
BANKBARODA,Mar 2026,2026-03-31,quarter,34514.0,13155.0,,,5474.0,20776.0,0.0,6057.0,7.0,5872.0,11.22,screener
BANKBARODA,Jun 2026,2026-06-30,quarter,35115.0,12130.0,,,522.0,21301.0,0.0,2206.0,29.0,1839.0,3.45,screener
BANKINDIA,Dec 2024,2024-12-31,quarter,18317.0,4485.0,,,1780.0,12166.0,0.0,3447.0,26.0,2638.0,5.79,screener
BANKINDIA,Mar 2025,2025-03-31,quarter,18479.0,6050.0,,,3455.0,12333.0,0.0,3551.0,25.0,2602.0,5.72,screener
BANKINDIA,Jun 2025,2025-06-30,quarter,18467.0,5399.0,,,1692.0,12321.0,0.0,2439.0,28.0,1831.0,4.02,screener
BANKINDIA,Sep 2025,2025-09-30,quarter,18521.0,4849.0,,,2218.0,12530.0,0.0,3361.0,25.0,2576.0,5.66,screener
BANKINDIA,Dec 2025,2025-12-31,quarter,19052.0,5201.0,,,2327.0,12504.0,0.0,3674.0,25.0,2814.0,6.18,screener
BANKINDIA,Mar 2026,2026-03-31,quarter,19573.0,5989.0,,,3280.0,12785.0,0.0,4079.0,25.0,3089.0,6.78,screener
BANKINDIA,Jun 2026,2026-06-30,quarter,20097.0,5390.0,,,2615.0,13156.0,0.0,4167.0,25.0,3304.0,7.25,screener
BANSALWIRE,Dec 2024,2024-12-31,quarter,925.0,853.0,72.0,8.0,1.0,7.0,8.0,58.0,28.0,42.0,2.66,screener
BANSALWIRE,Mar 2025,2025-03-31,quarter,940.0,871.0,70.0,7.0,3.0,11.0,11.0,51.0,35.0,33.0,2.11,screener
BANSALWIRE,Jun 2025,2025-06-30,quarter,939.0,867.0,72.0,8.0,3.0,12.0,12.0,50.0,21.0,39.0,2.51,screener
BANSALWIRE,Sep 2025,2025-09-30,quarter,1055.0,979.0,77.0,7.0,5.0,16.0,15.0,51.0,25.0,38.0,2.45,screener
BANSALWIRE,Dec 2025,2025-12-31,quarter,1029.0,944.0,85.0,8.0,0.0,15.0,15.0,56.0,23.0,43.0,2.76,screener
BANSALWIRE,Mar 2026,2026-03-31,quarter,1136.0,1060.0,76.0,7.0,3.0,14.0,15.0,50.0,20.0,40.0,2.56,screener
BANSWRAS,Dec 2024,2024-12-31,quarter,339.0,305.0,34.0,10.0,3.0,11.0,12.0,14.0,25.0,10.0,2.96,screener
BANSWRAS,Mar 2025,2025-03-31,quarter,340.0,315.0,25.0,7.0,7.0,11.0,12.0,9.0,35.0,6.0,1.71,screener
BANSWRAS,Jun 2025,2025-06-30,quarter,306.0,288.0,18.0,6.0,4.0,11.0,13.0,-2.0,-25.0,-1.0,-0.4,screener
BANSWRAS,Sep 2025,2025-09-30,quarter,345.0,315.0,30.0,9.0,4.0,11.0,14.0,10.0,26.0,7.0,2.07,screener
BANSWRAS,Dec 2025,2025-12-31,quarter,340.0,302.0,38.0,11.0,5.0,11.0,13.0,19.0,25.0,14.0,4.09,screener
BANSWRAS,Mar 2026,2026-03-31,quarter,366.0,323.0,43.0,12.0,-4.0,10.0,13.0,15.0,25.0,11.0,3.36,screener
BASF,Dec 2024,2024-12-31,quarter,3635.0,3465.0,170.0,5.0,18.0,4.0,45.0,138.0,25.0,104.0,23.92,screener
BASF,Mar 2025,2025-03-31,quarter,3287.0,3237.0,50.0,2.0,35.0,4.0,41.0,41.0,33.0,27.0,6.24,screener
BASF,Jun 2025,2025-06-30,quarter,3875.0,3661.0,214.0,6.0,19.0,5.0,41.0,188.0,27.0,137.0,31.74,screener
BASF,Sep 2025,2025-09-30,quarter,3896.0,3741.0,155.0,4.0,31.0,7.0,37.0,142.0,24.0,107.0,24.75,screener
BASF,Dec 2025,2025-12-31,quarter,3863.0,3693.0,170.0,4.0,11.0,5.0,34.0,143.0,25.0,107.0,24.64,screener
BASF,Mar 2026,2026-03-31,quarter,3444.0,3333.0,111.0,3.0,17.0,2.0,37.0,90.0,23.0,69.0,15.91,screener
BASML,Dec 2024,2024-12-31,quarter,213.11,192.87,20.24,9.5,-0.69,10.97,6.48,2.1,49.52,1.06,0.13,screener
BASML,Mar 2025,2025-03-31,quarter,225.52,204.43,21.09,9.35,-0.38,11.04,6.39,3.28,43.6,1.84,0.23,screener
BASML,Jun 2025,2025-06-30,quarter,217.39,194.55,22.84,10.51,1.06,10.7,6.68,6.52,30.06,4.56,0.57,screener
BASML,Sep 2025,2025-09-30,quarter,228.32,205.78,22.54,9.87,1.34,9.82,6.86,7.2,22.78,5.55,0.69,screener
BASML,Dec 2025,2025-12-31,quarter,203.9,183.8,20.1,9.86,2.09,11.35,7.2,3.64,37.64,2.26,0.28,screener
BASML,Mar 2026,2026-03-31,quarter,220.71,200.28,20.43,9.26,0.86,11.15,6.98,3.16,56.33,1.38,0.17,screener
BATAINDIA,Dec 2024,2024-12-31,quarter,918.79,719.28,199.51,21.71,-0.92,31.11,90.18,77.3,24.08,58.7,4.57,screener
BATAINDIA,Mar 2025,2025-03-31,quarter,788.21,610.37,177.84,22.56,22.8,34.76,103.7,62.18,26.15,45.92,3.57,screener
BATAINDIA,Jun 2025,2025-06-30,quarter,941.85,743.03,198.82,21.11,12.21,34.87,106.09,70.07,25.79,52.0,4.05,screener
BATAINDIA,Sep 2025,2025-09-30,quarter,801.33,656.39,144.94,18.09,13.16,33.83,104.98,19.29,27.94,13.9,1.08,screener
BATAINDIA,Dec 2025,2025-12-31,quarter,944.68,732.63,212.05,22.45,13.11,32.29,104.0,88.87,25.62,66.1,5.14,screener
BATAINDIA,Mar 2026,2026-03-31,quarter,827.63,676.88,150.75,18.21,-8.31,33.63,105.0,3.81,41.99,2.21,0.17,screener
BATLIBOI,Dec 2024,2024-12-31,quarter,95.54,93.43,2.11,2.21,1.31,1.33,1.24,0.85,158.82,-0.51,-0.15,screener
BATLIBOI,Mar 2025,2025-03-31,quarter,119.04,111.71,7.33,6.16,1.43,1.27,1.3,6.19,11.95,5.45,1.59,screener
BATLIBOI,Jun 2025,2025-06-30,quarter,69.54,71.17,-1.63,-2.34,1.88,1.49,1.48,-2.72,-10.29,-2.44,-0.55,screener
BATLIBOI,Sep 2025,2025-09-30,quarter,120.94,111.89,9.05,7.48,1.49,1.27,1.52,7.75,21.29,6.1,1.21,screener
BATLIBOI,Dec 2025,2025-12-31,quarter,124.32,117.24,7.08,5.69,-6.12,2.03,1.61,-2.68,-31.72,-1.83,-0.52,screener
BATLIBOI,Mar 2026,2026-03-31,quarter,125.63,118.87,6.76,5.38,1.72,1.35,1.64,5.49,14.21,4.71,1.07,screener
BAYERCROP,Dec 2005,2005-12-31,quarter,223.0,194.0,29.0,13.0,7.0,2.0,6.0,27.0,71.0,8.0,1.97,screener
BAYERCROP,Dec 2006,2006-12-31,quarter,242.0,225.0,18.0,7.0,18.0,3.0,6.0,27.0,36.0,17.0,4.37,screener
BBOX,Dec 2024,2024-12-31,quarter,1502.0,1368.0,134.0,9.0,-12.0,31.0,31.0,59.0,5.0,56.0,3.31,screener
BBOX,Mar 2025,2025-03-31,quarter,1545.0,1402.0,143.0,9.0,-10.0,47.0,28.0,58.0,-5.0,60.0,3.57,screener
BBOX,Jun 2025,2025-06-30,quarter,1387.0,1282.0,105.0,8.0,1.0,34.0,27.0,45.0,-5.0,47.0,2.79,screener
BBOX,Sep 2025,2025-09-30,quarter,1585.0,1442.0,143.0,9.0,-13.0,39.0,29.0,61.0,9.0,56.0,3.27,screener
BBOX,Dec 2025,2025-12-31,quarter,1660.0,1513.0,147.0,9.0,-21.0,40.0,30.0,57.0,12.0,50.0,2.92,screener
BBOX,Mar 2026,2026-03-31,quarter,1691.0,1534.0,157.0,9.0,-5.0,45.0,31.0,76.0,15.0,65.0,3.65,screener
BBTC,Dec 2024,2024-12-31,quarter,4685.0,3811.0,873.0,19.0,81.0,51.0,86.0,818.0,23.0,627.0,48.58,screener
BBTC,Mar 2025,2025-03-31,quarter,4519.0,3717.0,802.0,18.0,109.0,39.0,84.0,788.0,26.0,585.0,44.24,screener
BBTC,Jun 2025,2025-06-30,quarter,4712.0,3988.0,724.0,15.0,74.0,34.0,86.0,678.0,27.0,498.0,34.5,screener
BBTC,Sep 2025,2025-09-30,quarter,4943.0,4007.0,936.0,19.0,85.0,41.0,89.0,891.0,36.0,566.0,34.64,screener
BBTC,Dec 2025,2025-12-31,quarter,5066.0,4123.0,943.0,19.0,78.0,39.0,88.0,893.0,27.0,655.0,45.34,screener
BBTC,Mar 2026,2026-03-31,quarter,4818.0,3991.0,827.0,17.0,174.0,24.0,89.0,889.0,12.0,781.0,63.63,screener
BBTCL,Dec 2024,2024-12-31,quarter,123.44,116.18,7.26,5.88,0.18,5.73,10.63,-8.92,-24.55,-6.73,-3.22,screener
BBTCL,Mar 2025,2025-03-31,quarter,141.57,125.76,15.81,11.17,0.31,5.76,13.04,-2.68,-26.12,-1.98,-0.89,screener
BBTCL,Jun 2025,2025-06-30,quarter,152.25,134.0,18.25,11.99,0.26,6.02,10.05,2.44,28.69,1.74,0.95,screener
BBTCL,Sep 2025,2025-09-30,quarter,146.33,124.83,21.5,14.69,0.38,5.71,10.2,5.97,26.97,4.36,2.28,screener
BBTCL,Dec 2025,2025-12-31,quarter,155.43,132.91,22.52,14.49,0.21,5.91,10.28,6.54,28.13,4.7,2.41,screener
BBTCL,Mar 2026,2026-03-31,quarter,162.34,134.05,28.29,17.43,0.39,5.09,12.08,11.51,22.76,8.9,4.43,screener
BECTORFOOD,Dec 2024,2024-12-31,quarter,492.0,431.0,61.0,12.0,7.0,3.0,19.0,46.0,26.0,35.0,1.13,screener
BECTORFOOD,Mar 2025,2025-03-31,quarter,446.0,391.0,56.0,12.0,11.0,2.0,20.0,45.0,24.0,34.0,1.12,screener
BECTORFOOD,Jun 2025,2025-06-30,quarter,473.0,415.0,58.0,12.0,7.0,3.0,21.0,41.0,25.0,31.0,1.01,screener
BECTORFOOD,Sep 2025,2025-09-30,quarter,551.0,482.0,69.0,13.0,7.0,3.0,24.0,49.0,25.0,37.0,1.19,screener
BECTORFOOD,Dec 2025,2025-12-31,quarter,533.0,465.0,68.0,13.0,7.0,2.0,23.0,50.0,25.0,38.0,1.24,screener
BECTORFOOD,Mar 2026,2026-03-31,quarter,486.0,424.0,62.0,13.0,10.0,3.0,22.0,47.0,24.0,35.0,1.15,screener
BECTORFOOD,Jun 2026,2026-06-30,quarter,549.0,477.0,72.0,13.0,9.0,3.0,26.0,52.0,25.0,39.0,1.26,screener
BEL,Dec 2024,2024-12-31,quarter,5771.0,4101.0,1669.0,29.0,186.0,1.0,111.0,1744.0,25.0,1312.0,1.79,screener
BEL,Mar 2025,2025-03-31,quarter,9150.0,6334.0,2816.0,31.0,195.0,6.0,138.0,2867.0,26.0,2127.0,2.91,screener
BEL,Jun 2025,2025-06-30,quarter,4440.0,3201.0,1238.0,28.0,163.0,1.0,121.0,1279.0,25.0,969.0,1.33,screener
BEL,Sep 2025,2025-09-30,quarter,5792.0,4090.0,1702.0,29.0,154.0,2.0,126.0,1728.0,26.0,1287.0,1.76,screener
BEL,Dec 2025,2025-12-31,quarter,7154.0,5027.0,2127.0,30.0,139.0,2.0,135.0,2128.0,26.0,1580.0,2.16,screener
BEL,Mar 2026,2026-03-31,quarter,10224.0,7243.0,2982.0,29.0,110.0,2.0,173.0,2917.0,24.0,2226.0,3.04,screener
BEL,Jun 2026,2026-06-30,quarter,5547.0,4159.0,1388.0,25.0,170.0,1.0,161.0,1396.0,25.0,1055.0,1.44,screener
BELRISE,Dec 2024,2024-12-31,quarter,2167.0,1905.0,262.0,12.0,29.0,77.0,83.0,131.0,23.0,101.0,1.55,screener
BELRISE,Mar 2025,2025-03-31,quarter,2274.0,1998.0,276.0,12.0,10.0,64.0,83.0,139.0,21.0,110.0,1.69,screener
BELRISE,Jun 2025,2025-06-30,quarter,2262.0,1982.0,281.0,12.0,29.0,80.0,90.0,140.0,20.0,112.0,1.26,screener
BELRISE,Sep 2025,2025-09-30,quarter,2354.0,2057.0,296.0,13.0,27.0,56.0,87.0,181.0,26.0,133.0,1.49,screener
BELRISE,Dec 2025,2025-12-31,quarter,2341.0,2054.0,287.0,12.0,27.0,50.0,93.0,171.0,29.0,122.0,1.37,screener
BELRISE,Mar 2026,2026-03-31,quarter,2553.0,2263.0,290.0,11.0,21.0,46.0,92.0,174.0,25.0,130.0,1.46,screener
BEML,Dec 2024,2024-12-31,quarter,876.0,815.0,60.0,7.0,5.0,17.0,19.0,30.0,17.0,24.0,2.93,screener
BEML,Mar 2025,2025-03-31,quarter,1653.0,1230.0,422.0,26.0,4.0,13.0,19.0,395.0,27.0,288.0,34.52,screener
BEML,Jun 2025,2025-06-30,quarter,634.0,683.0,-49.0,-8.0,9.0,10.0,20.0,-70.0,-9.0,-64.0,-7.7,screener
BEML,Sep 2025,2025-09-30,quarter,839.0,766.0,73.0,9.0,7.0,10.0,20.0,50.0,5.0,48.0,5.77,screener
BEML,Dec 2025,2025-12-31,quarter,1083.0,1080.0,4.0,0.0,4.0,12.0,21.0,-25.0,-12.0,-22.0,-2.69,screener
BEML,Mar 2026,2026-03-31,quarter,1794.0,1523.0,272.0,15.0,10.0,14.0,22.0,245.0,27.0,180.0,21.59,screener
BEPL,Dec 2024,2024-12-31,quarter,346.0,294.0,52.0,15.0,7.0,0.0,2.0,57.0,28.0,41.0,1.64,screener
BEPL,Mar 2025,2025-03-31,quarter,345.0,297.0,48.0,14.0,8.0,0.0,2.0,54.0,27.0,40.0,1.59,screener
BEPL,Jun 2025,2025-06-30,quarter,308.0,255.0,53.0,17.0,12.0,0.0,2.0,62.0,26.0,46.0,1.84,screener
BEPL,Sep 2025,2025-09-30,quarter,325.0,276.0,49.0,15.0,8.0,0.0,2.0,55.0,26.0,40.0,1.63,screener
BEPL,Dec 2025,2025-12-31,quarter,301.0,251.0,51.0,17.0,10.0,0.0,2.0,58.0,28.0,42.0,1.7,screener
BEPL,Mar 2026,2026-03-31,quarter,342.0,278.0,64.0,19.0,10.0,0.0,2.0,72.0,29.0,52.0,2.07,screener
BERGEPAINT,Dec 2024,2024-12-31,quarter,2975.0,2503.0,472.0,16.0,27.0,16.0,89.0,394.0,25.0,296.0,2.53,screener
BERGEPAINT,Mar 2025,2025-03-31,quarter,2704.0,2276.0,428.0,16.0,26.0,15.0,89.0,350.0,25.0,263.0,2.25,screener
BERGEPAINT,Jun 2025,2025-06-30,quarter,3201.0,2672.0,528.0,17.0,3.0,14.0,94.0,423.0,25.0,315.0,2.7,screener
BERGEPAINT,Sep 2025,2025-09-30,quarter,2827.0,2475.0,352.0,12.0,37.0,17.0,97.0,275.0,25.0,206.0,1.77,screener
BERGEPAINT,Dec 2025,2025-12-31,quarter,2984.0,2513.0,471.0,16.0,-5.0,14.0,100.0,352.0,23.0,271.0,2.33,screener
BERGEPAINT,Mar 2026,2026-03-31,quarter,2868.0,2386.0,482.0,17.0,69.0,12.0,101.0,438.0,24.0,335.0,2.87,screener
BERGEPAINT,Jun 2026,2026-06-30,quarter,3584.0,2976.0,607.0,17.0,51.0,12.0,103.0,543.0,25.0,405.0,3.47,screener
BETA,Mar 2025,2025-03-31,quarter,94.0,76.0,17.0,18.0,2.0,3.0,4.0,12.0,26.0,9.0,8.95,screener
BETA,Jun 2025,2025-06-30,quarter,100.0,81.0,20.0,20.0,3.0,3.0,4.0,16.0,25.0,12.0,11.59,screener
BETA,Sep 2025,2025-09-30,quarter,103.0,82.0,21.0,21.0,3.0,4.0,4.0,16.0,26.0,12.0,12.11,screener
BETA,Dec 2025,2025-12-31,quarter,87.0,70.0,17.0,19.0,2.0,4.0,4.0,10.0,19.0,9.0,8.4,screener
BETA,Mar 2026,2026-03-31,quarter,94.0,76.0,18.0,19.0,3.0,4.0,5.0,12.0,24.0,9.0,8.93,screener
BETA,Jun 2026,2026-06-30,quarter,126.0,98.0,27.0,22.0,2.0,3.0,4.0,22.0,25.0,16.0,15.59,screener
BFINVEST,Dec 2024,2024-12-31,quarter,9.0,0.0,9.0,95.0,1.0,0.0,0.0,10.0,30.0,7.0,1.86,screener
BFINVEST,Mar 2025,2025-03-31,quarter,26.0,32.0,-5.0,-21.0,0.0,0.0,0.0,-6.0,-40.0,-3.0,-0.88,screener
BFINVEST,Jun 2025,2025-06-30,quarter,9.0,1.0,8.0,85.0,43.0,0.0,0.0,51.0,25.0,38.0,10.21,screener
BFINVEST,Sep 2025,2025-09-30,quarter,19.0,3.0,17.0,86.0,37.0,0.0,0.0,53.0,25.0,40.0,10.61,screener
BFINVEST,Dec 2025,2025-12-31,quarter,10.0,1.0,9.0,89.0,111.0,0.0,0.0,120.0,25.0,89.0,23.73,screener
BFINVEST,Mar 2026,2026-03-31,quarter,37.0,7.0,30.0,81.0,121.0,0.0,0.0,152.0,25.0,114.0,30.33,screener
BFUTILITIE,Mar 2024,2024-03-31,quarter,242.0,88.0,154.0,64.0,5.0,32.0,18.0,109.0,27.0,80.0,9.9,screener
BFUTILITIE,Jun 2024,2024-06-30,quarter,197.0,46.0,152.0,77.0,5.0,32.0,18.0,108.0,26.0,79.0,9.81,screener
BFUTILITIE,Sep 2024,2024-09-30,quarter,221.0,54.0,167.0,76.0,6.0,30.0,18.0,126.0,28.0,91.0,10.38,screener
BFUTILITIE,Dec 2024,2024-12-31,quarter,210.0,57.0,153.0,73.0,7.0,28.0,18.0,114.0,26.0,84.0,9.2,screener
BFUTILITIE,Sep 2025,2025-09-30,quarter,232.0,55.0,177.0,76.0,7.0,20.0,18.0,146.0,33.0,98.0,11.27,screener
BFUTILITIE,Dec 2025,2025-12-31,quarter,235.0,56.0,179.0,76.0,6.0,19.0,18.0,149.0,31.0,103.0,11.05,screener
BGLOBAL,Dec 2024,2024-12-31,quarter,0.0,0.19,-0.19,,0.0,0.0,0.19,-0.38,-52.63,-0.18,-0.11,screener
BGLOBAL,Mar 2025,2025-03-31,quarter,0.25,0.61,-0.36,-144.0,0.2,0.0,0.22,-0.38,715.79,-3.1,-1.96,screener
BGLOBAL,Jun 2025,2025-06-30,quarter,0.0,0.29,-0.29,,0.04,0.0,0.2,-0.45,-2.22,-0.44,-0.27,screener
BGLOBAL,Sep 2025,2025-09-30,quarter,0.0,0.2,-0.2,,0.0,0.0,0.2,-0.4,-265.0,0.67,0.43,screener
BGLOBAL,Dec 2025,2025-12-31,quarter,0.0,0.32,-0.32,,0.0,0.0,0.2,-0.52,-201.92,0.53,0.35,screener
BGLOBAL,Mar 2026,2026-03-31,quarter,0.33,-0.15,0.48,145.45,0.0,0.0,0.01,0.47,-423.4,2.47,1.28,screener
BGLOBAL,Jun 2026,2026-06-30,quarter,0.11,0.23,-0.12,-109.09,0.0,0.0,0.0,-0.12,-41.67,-0.08,-0.05,screener
BHAGCHEM,Dec 2024,2024-12-31,quarter,102.73,93.57,9.16,8.92,2.45,2.45,3.61,5.55,35.32,3.59,0.29,screener
BHAGCHEM,Mar 2025,2025-03-31,quarter,122.62,116.55,6.07,4.95,1.32,1.55,3.6,2.24,139.73,-0.88,-0.07,screener
BHAGCHEM,Jun 2025,2025-06-30,quarter,123.78,114.79,8.99,7.26,0.64,3.26,3.87,2.5,-58.8,3.98,0.31,screener
BHAGCHEM,Sep 2025,2025-09-30,quarter,140.1,125.04,15.06,10.75,0.46,4.06,3.95,7.51,26.76,5.5,0.42,screener
BHAGCHEM,Dec 2025,2025-12-31,quarter,113.97,100.3,13.67,11.99,0.59,3.1,4.88,6.28,26.75,4.62,0.36,screener
BHAGCHEM,Mar 2026,2026-03-31,quarter,158.1,138.67,19.43,12.29,0.67,7.05,8.24,4.81,15.38,4.07,0.31,screener
BHAGYANGR,Mar 2025,2025-03-31,quarter,454.0,443.0,11.0,2.5,2.0,5.0,2.0,6.0,24.0,5.0,1.43,screener
BHAGYANGR,Jun 2025,2025-06-30,quarter,486.0,469.0,16.0,3.3,3.0,7.0,2.0,10.0,25.0,8.0,2.37,screener
BHAGYANGR,Sep 2025,2025-09-30,quarter,580.0,555.0,25.0,4.3,1.0,9.0,2.0,15.0,26.0,11.0,3.52,screener
BHAGYANGR,Dec 2025,2025-12-31,quarter,577.0,549.0,29.0,5.0,1.0,10.0,2.0,18.0,28.0,13.0,4.01,screener
BHAGYANGR,Mar 2026,2026-03-31,quarter,735.0,698.0,36.0,4.9,1.0,10.0,2.0,24.0,25.0,18.0,5.78,screener
BHAGYANGR,Jun 2026,2026-06-30,quarter,705.0,667.0,38.0,5.0,1.0,10.0,2.0,27.0,25.0,20.0,6.33,screener
BHARATFORG,Dec 2024,2024-12-31,quarter,3476.0,2853.0,623.0,18.0,38.0,96.0,218.0,347.0,39.0,213.0,4.45,screener
BHARATFORG,Mar 2025,2025-03-31,quarter,3853.0,3174.0,679.0,18.0,57.0,88.0,224.0,424.0,33.0,283.0,5.9,screener
BHARATFORG,Jun 2025,2025-06-30,quarter,3909.0,3239.0,670.0,17.0,50.0,82.0,226.0,411.0,31.0,284.0,5.93,screener
BHARATFORG,Sep 2025,2025-09-30,quarter,4032.0,3308.0,724.0,18.0,54.0,80.0,241.0,457.0,34.0,299.0,6.26,screener
BHARATFORG,Dec 2025,2025-12-31,quarter,4343.0,3597.0,746.0,17.0,-13.0,77.0,249.0,407.0,33.0,273.0,5.53,screener
BHARATFORG,Mar 2026,2026-03-31,quarter,4528.0,3751.0,777.0,17.0,-46.0,84.0,255.0,392.0,40.0,233.0,4.86,screener
BHARATFORG,Jun 2026,2026-06-30,quarter,4640.0,3942.0,698.0,15.0,-301.0,90.0,263.0,44.0,302.0,-90.0,-1.88,screener
BHARATWIRE,Dec 2022,2022-12-31,quarter,144.0,108.0,37.0,25.0,0.0,7.0,5.0,25.0,25.0,19.0,2.93,screener
BHARATWIRE,Mar 2023,2023-03-31,quarter,162.0,117.0,46.0,28.0,0.0,6.0,5.0,34.0,54.0,16.0,2.35,screener
BHARATWIRE,Jun 2023,2023-06-30,quarter,158.0,117.0,41.0,26.0,0.0,4.0,5.0,32.0,26.0,24.0,3.5,screener
BHARATWIRE,Sep 2023,2023-09-30,quarter,159.0,118.0,42.0,26.0,0.0,4.0,5.0,33.0,26.0,24.0,3.59,screener
BHARATWIRE,Dec 2023,2023-12-31,quarter,157.0,113.0,44.0,28.0,0.0,3.0,5.0,35.0,25.0,26.0,3.87,screener
BHARATWIRE,Mar 2024,2024-03-31,quarter,147.0,110.0,37.0,25.0,0.0,4.0,5.0,29.0,24.0,22.0,3.19,screener
BHARTIARTL,Dec 2024,2024-12-31,quarter,45129.0,20533.0,24597.0,54.0,9675.0,5676.0,11704.0,16892.0,4.0,16135.0,25.95,screener
BHARTIARTL,Mar 2025,2025-03-31,quarter,47876.0,20867.0,27009.0,56.0,403.0,5502.0,12326.0,9584.0,-30.0,12476.0,19.33,screener
BHARTIARTL,Jun 2025,2025-06-30,quarter,49463.0,21624.0,27839.0,56.0,592.0,5461.0,12465.0,10504.0,29.0,7422.0,10.43,screener
BHARTIARTL,Sep 2025,2025-09-30,quarter,52145.0,22584.0,29561.0,57.0,809.0,4866.0,13182.0,12322.0,30.0,8651.0,11.91,screener
BHARTIARTL,Dec 2025,2025-12-31,quarter,53982.0,23199.0,30783.0,57.0,562.0,5623.0,13420.0,12301.0,31.0,8503.0,11.63,screener
BHARTIARTL,Mar 2026,2026-03-31,quarter,55383.0,23892.0,31492.0,57.0,-2198.0,5606.0,13644.0,10045.0,8.0,9247.0,12.02,screener
BHEL,Dec 2024,2024-12-31,quarter,7277.0,6973.0,304.0,4.0,126.0,184.0,68.0,179.0,25.0,135.0,0.39,screener
BHEL,Mar 2025,2025-03-31,quarter,8993.0,8162.0,832.0,9.0,159.0,201.0,85.0,704.0,28.0,504.0,1.45,screener
BHEL,Jun 2025,2025-06-30,quarter,5487.0,6024.0,-537.0,-10.0,185.0,181.0,75.0,-608.0,-25.0,-456.0,-1.31,screener
BHEL,Sep 2025,2025-09-30,quarter,7512.0,6931.0,581.0,8.0,189.0,195.0,75.0,499.0,25.0,375.0,1.08,screener
BHEL,Dec 2025,2025-12-31,quarter,8473.0,7928.0,545.0,6.0,235.0,182.0,78.0,520.0,25.0,390.0,1.12,screener
BHEL,Mar 2026,2026-03-31,quarter,12310.0,10557.0,1753.0,14.0,260.0,198.0,88.0,1728.0,25.0,1290.0,3.71,screener
BIKAJI,Dec 2024,2024-12-31,quarter,715.0,659.0,55.0,8.0,8.0,4.0,21.0,39.0,28.0,28.0,1.14,screener
BIKAJI,Mar 2025,2025-03-31,quarter,611.0,537.0,74.0,12.0,10.0,5.0,25.0,55.0,27.0,40.0,1.78,screener
BIKAJI,Jun 2025,2025-06-30,quarter,653.0,556.0,96.0,15.0,10.0,5.0,23.0,79.0,26.0,59.0,2.39,screener
BIKAJI,Sep 2025,2025-09-30,quarter,830.0,702.0,128.0,15.0,8.0,5.0,24.0,107.0,28.0,78.0,3.18,screener
BIKAJI,Dec 2025,2025-12-31,quarter,790.0,692.0,98.0,12.0,11.0,4.0,24.0,82.0,24.0,62.0,2.48,screener
BIKAJI,Mar 2026,2026-03-31,quarter,721.0,633.0,88.0,12.0,18.0,4.0,24.0,77.0,28.0,56.0,2.25,screener
BILVYAPAR,Dec 2024,2024-12-31,quarter,0.0,0.39,-0.39,,0.0,0.0,0.0,-0.39,0.0,-0.39,-0.12,screener
BILVYAPAR,Mar 2025,2025-03-31,quarter,0.0,0.42,-0.42,,0.02,0.0,0.0,-0.4,0.0,-0.4,-0.13,screener
BILVYAPAR,Jun 2025,2025-06-30,quarter,0.0,0.7,-0.7,,0.0,0.0,0.0,-0.7,0.0,-0.7,-0.22,screener
BILVYAPAR,Sep 2025,2025-09-30,quarter,0.0,0.81,-0.81,,0.0,0.0,0.0,-0.81,0.0,-0.81,-0.26,screener
BILVYAPAR,Dec 2025,2025-12-31,quarter,0.0,0.17,-0.17,,0.23,0.0,0.0,0.06,0.0,0.06,0.02,screener
BILVYAPAR,Mar 2026,2026-03-31,quarter,0.0,0.1,-0.1,,1.51,0.0,0.0,1.41,0.0,1.41,0.45,screener
BIOCON,Dec 2024,2024-12-31,quarter,3821.0,3070.0,752.0,20.0,53.0,223.0,425.0,156.0,48.0,81.0,0.21,screener
BIOCON,Mar 2025,2025-03-31,quarter,4417.0,3339.0,1078.0,24.0,57.0,212.0,436.0,487.0,6.0,459.0,2.87,screener
BIOCON,Jun 2025,2025-06-30,quarter,3942.0,3176.0,766.0,19.0,62.0,277.0,455.0,97.0,8.0,89.0,0.23,screener
BIOCON,Sep 2025,2025-09-30,quarter,4296.0,3460.0,835.0,19.0,81.0,272.0,473.0,171.0,22.0,133.0,0.63,screener
BIOCON,Dec 2025,2025-12-31,quarter,4173.0,3340.0,834.0,20.0,-176.0,210.0,515.0,-68.0,-24.0,-52.0,1.08,screener
BIOCON,Mar 2026,2026-03-31,quarter,4517.0,3496.0,1020.0,23.0,-28.0,232.0,513.0,248.0,20.0,199.0,0.78,screener
BIOCON,Jun 2026,2026-06-30,quarter,4336.0,3489.0,847.0,20.0,41.0,213.0,547.0,128.0,-7.0,137.0,0.87,screener
BIRLACORPN,Dec 2024,2024-12-31,quarter,2257.0,2009.0,248.0,11.0,15.0,83.0,139.0,41.0,25.0,31.0,4.05,screener
BIRLACORPN,Mar 2025,2025-03-31,quarter,2815.0,2281.0,534.0,19.0,10.0,73.0,142.0,328.0,22.0,257.0,33.32,screener
BIRLACORPN,Jun 2025,2025-06-30,quarter,2454.0,2107.0,347.0,14.0,32.0,71.0,131.0,177.0,33.0,120.0,15.53,screener
BIRLACORPN,Sep 2025,2025-09-30,quarter,2207.0,1902.0,305.0,14.0,27.0,67.0,134.0,131.0,31.0,90.0,11.75,screener
BIRLACORPN,Dec 2025,2025-12-31,quarter,2159.0,1866.0,293.0,14.0,-15.0,65.0,133.0,80.0,34.0,53.0,6.85,screener
BIRLACORPN,Mar 2026,2026-03-31,quarter,2836.0,2326.0,510.0,18.0,67.0,62.0,134.0,380.0,23.0,295.0,38.28,screener
BIRLAMONEY,Jun 2017,2017-06-30,quarter,35.9,33.24,2.66,7.41,0.71,1.36,0.61,1.4,8.57,1.28,0.23,screener
BIRLAMONEY,Sep 2017,2017-09-30,quarter,39.26,34.55,4.71,12.0,0.56,2.2,0.56,2.51,42.63,1.45,0.26,screener
BIRLAMONEY,Dec 2017,2017-12-31,quarter,43.13,37.04,6.09,14.12,0.58,2.54,0.53,3.6,20.83,2.85,0.51,screener
BIRLAMONEY,Mar 2018,2018-03-31,quarter,43.82,36.6,7.22,16.48,0.78,4.13,0.48,3.39,32.45,2.29,0.41,screener
BIRLAMONEY,Jun 2018,2018-06-30,quarter,42.14,34.07,8.07,19.15,0.92,5.93,0.49,2.57,21.79,2.02,0.36,screener
BIRLAMONEY,Sep 2018,2018-09-30,quarter,43.11,32.59,10.52,24.4,0.97,7.49,0.5,3.5,32.29,2.36,0.42,screener
BIRLANU,Mar 2025,2025-03-31,quarter,928.91,906.5,22.41,2.41,10.04,16.57,35.69,-19.81,24.73,-24.71,-32.77,screener
BIRLANU,Jun 2025,2025-06-30,quarter,1052.28,1012.6,39.68,3.77,19.39,16.89,37.0,5.18,125.48,-1.32,-1.75,screener
BIRLANU,Sep 2025,2025-09-30,quarter,810.15,819.89,-9.74,-1.2,13.64,15.04,37.56,-48.7,-11.99,-42.86,-56.84,screener
BIRLANU,Dec 2025,2025-12-31,quarter,857.84,870.64,-12.8,-1.49,11.93,18.48,37.71,-57.06,-7.06,-53.03,-70.32,screener
BIRLANU,Mar 2026,2026-03-31,quarter,1010.13,1017.78,-7.65,-0.76,49.17,17.82,39.13,-15.43,44.85,-22.35,-29.64,screener
BIRLANU,Jun 2026,2026-06-30,quarter,1174.02,1101.07,72.95,6.21,7.09,16.53,38.13,25.38,62.96,9.4,12.47,screener
BLACKBUCK,Dec 2024,2024-12-31,quarter,114.0,84.0,30.0,26.0,-69.0,2.0,8.0,-48.0,0.0,-48.0,-2.72,screener
BLACKBUCK,Mar 2025,2025-03-31,quarter,122.0,82.0,40.0,33.0,9.0,1.0,12.0,35.0,-696.0,280.0,15.79,screener
BLACKBUCK,Jun 2025,2025-06-30,quarter,144.0,103.0,40.0,28.0,16.0,1.0,9.0,46.0,26.0,34.0,1.88,screener
BLACKBUCK,Sep 2025,2025-09-30,quarter,151.0,115.0,37.0,24.0,16.0,1.0,12.0,39.0,25.0,29.0,1.62,screener
BLACKBUCK,Dec 2025,2025-12-31,quarter,172.0,127.0,45.0,26.0,13.0,1.0,14.0,42.0,25.0,32.0,1.75,screener
BLACKBUCK,Mar 2026,2026-03-31,quarter,185.0,140.0,45.0,24.0,14.0,1.0,17.0,40.0,-63.0,66.0,3.62,screener
BLISSGVS,Dec 2024,2024-12-31,quarter,210.0,181.0,30.0,14.0,15.0,1.0,8.0,36.0,29.0,26.0,2.26,screener
BLISSGVS,Mar 2025,2025-03-31,quarter,198.0,177.0,21.0,11.0,12.0,2.0,8.0,23.0,29.0,17.0,1.47,screener
BLISSGVS,Jun 2025,2025-06-30,quarter,207.0,166.0,41.0,20.0,35.0,5.0,8.0,63.0,30.0,44.0,4.08,screener
BLISSGVS,Sep 2025,2025-09-30,quarter,244.0,201.0,43.0,18.0,8.0,3.0,8.0,41.0,30.0,29.0,2.58,screener
BLISSGVS,Dec 2025,2025-12-31,quarter,218.0,183.0,35.0,16.0,16.0,1.0,8.0,41.0,39.0,25.0,2.2,screener
BLISSGVS,Mar 2026,2026-03-31,quarter,257.0,213.0,44.0,17.0,11.0,2.0,9.0,45.0,18.0,37.0,3.36,screener
BLS,Dec 2024,2024-12-31,quarter,513.0,355.0,158.0,31.0,15.0,11.0,22.0,140.0,9.0,128.0,2.93,screener
BLS,Mar 2025,2025-03-31,quarter,693.0,519.0,174.0,25.0,25.0,9.0,23.0,167.0,13.0,145.0,3.28,screener
BLS,Jun 2025,2025-06-30,quarter,711.0,506.0,204.0,29.0,25.0,6.0,23.0,200.0,10.0,181.0,4.15,screener
BLS,Sep 2025,2025-09-30,quarter,737.0,524.0,213.0,29.0,19.0,6.0,23.0,203.0,8.0,186.0,4.26,screener
BLS,Dec 2025,2025-12-31,quarter,736.0,538.0,198.0,27.0,21.0,5.0,23.0,191.0,11.0,170.0,3.95,screener
BLS,Mar 2026,2026-03-31,quarter,815.0,611.0,204.0,25.0,30.0,6.0,25.0,204.0,8.0,187.0,4.32,screener
BLS,Jun 2026,2026-06-30,quarter,891.0,638.0,252.0,28.0,23.0,8.0,32.0,236.0,14.0,202.0,4.62,screener
BLSE,Dec 2024,2024-12-31,quarter,128.0,112.0,16.0,12.0,5.0,0.0,2.0,19.0,27.0,14.0,1.44,screener
BLSE,Mar 2025,2025-03-31,quarter,239.0,220.0,19.0,8.0,6.0,0.0,2.0,23.0,26.0,17.0,1.45,screener
BLSE,Jun 2025,2025-06-30,quarter,244.0,226.0,18.0,7.0,7.0,0.0,1.0,23.0,25.0,18.0,1.62,screener
BLSE,Sep 2025,2025-09-30,quarter,270.0,250.0,20.0,7.0,6.0,0.0,2.0,25.0,26.0,18.0,1.7,screener
BLSE,Dec 2025,2025-12-31,quarter,281.0,264.0,17.0,6.0,6.0,0.0,2.0,21.0,27.0,15.0,1.39,screener
BLSE,Mar 2026,2026-03-31,quarter,323.0,303.0,20.0,6.0,6.0,0.0,2.0,24.0,24.0,18.0,1.62,screener
BLSE,Jun 2026,2026-06-30,quarter,304.0,283.0,21.0,7.0,6.0,0.0,1.0,25.0,26.0,19.0,1.68,screener
BLUEBLENDS,Dec 2024,2024-12-31,quarter,1.61,1.44,0.17,10.56,0.0,0.0,0.0,0.17,0.0,0.17,0.08,screener
BLUEBLENDS,Mar 2025,2025-03-31,quarter,1.07,1.1,-0.03,-2.8,0.2,0.0,1.27,-1.1,0.0,-1.1,-0.51,screener
BLUEBLENDS,Jun 2025,2025-06-30,quarter,0.99,2.27,-1.28,-129.29,-0.03,0.0,0.32,-1.63,0.0,-1.63,-0.75,screener
BLUEBLENDS,Sep 2025,2025-09-30,quarter,5.28,4.55,0.73,13.83,0.01,0.0,0.32,0.42,0.0,0.42,0.19,screener
BLUEBLENDS,Dec 2025,2025-12-31,quarter,72.32,71.59,0.73,1.01,0.01,0.0,0.32,0.42,0.0,0.42,0.19,screener
BLUEBLENDS,Mar 2026,2026-03-31,quarter,74.55,74.85,-0.3,-0.4,0.11,0.0,0.32,-0.51,23.53,-0.64,-0.3,screener
BLUEDART,Mar 2025,2025-03-31,quarter,1417.0,1204.0,213.0,15.0,12.0,20.0,124.0,81.0,32.0,55.0,23.24,screener
BLUEDART,Jun 2025,2025-06-30,quarter,1442.0,1246.0,196.0,14.0,10.0,19.0,121.0,66.0,26.0,49.0,20.58,screener
BLUEDART,Sep 2025,2025-09-30,quarter,1549.0,1297.0,252.0,16.0,10.0,22.0,131.0,109.0,26.0,81.0,34.3,screener
BLUEDART,Dec 2025,2025-12-31,quarter,1616.0,1335.0,281.0,17.0,-33.0,24.0,145.0,79.0,14.0,68.0,28.8,screener
BLUEDART,Mar 2026,2026-03-31,quarter,1533.0,1311.0,222.0,14.0,12.0,22.0,140.0,73.0,33.0,49.0,20.59,screener
BLUEDART,Jun 2026,2026-06-30,quarter,1658.0,1396.0,261.0,16.0,15.0,21.0,137.0,119.0,26.0,88.0,37.29,screener
BLUESTARCO,Dec 2024,2024-12-31,quarter,2807.0,2599.0,209.0,7.0,21.0,16.0,35.0,179.0,26.0,132.0,6.45,screener
BLUESTARCO,Mar 2025,2025-03-31,quarter,4019.0,3740.0,279.0,7.0,24.0,19.0,35.0,249.0,22.0,194.0,9.42,screener
BLUESTARCO,Jun 2025,2025-06-30,quarter,2982.0,2784.0,199.0,7.0,16.0,10.0,41.0,163.0,26.0,121.0,5.88,screener
BLUESTARCO,Sep 2025,2025-09-30,quarter,2422.0,2240.0,182.0,8.0,10.0,17.0,43.0,132.0,25.0,99.0,4.82,screener
BLUESTARCO,Dec 2025,2025-12-31,quarter,2925.0,2705.0,220.0,8.0,-44.0,22.0,46.0,108.0,25.0,81.0,3.92,screener
BLUESTARCO,Mar 2026,2026-03-31,quarter,4072.0,3746.0,326.0,8.0,45.0,23.0,48.0,300.0,24.0,227.0,11.04,screener
BLUESTARCO,Jun 2026,2026-06-30,quarter,3378.0,3203.0,175.0,5.0,30.0,13.0,57.0,135.0,24.0,103.0,4.99,screener
BLUESTONE,Dec 2024,2024-12-31,quarter,587.0,537.0,50.0,9.0,16.0,53.0,40.0,-27.0,0.0,-27.0,-7.94,screener
BLUESTONE,Mar 2025,2025-03-31,quarter,461.3,436.21,25.09,5.44,22.99,54.47,44.89,-51.28,0.0,-51.28,-14.51,screener
BLUESTONE,Jun 2025,2025-06-30,quarter,492.68,437.93,54.75,11.11,12.06,52.87,48.68,-34.74,0.0,-34.75,-9.8,screener
BLUESTONE,Sep 2025,2025-09-30,quarter,513.63,473.49,40.14,7.81,11.66,52.42,51.48,-52.1,0.0,-52.1,-3.42,screener
BLUESTONE,Dec 2025,2025-12-31,quarter,748.65,583.97,164.68,22.0,10.77,52.59,54.01,68.85,0.0,68.85,4.57,screener
BLUESTONE,Mar 2026,2026-03-31,quarter,681.47,557.1,124.37,18.25,15.09,52.53,55.75,31.18,0.0,31.18,2.1,screener
BLUESTONE,Jun 2026,2026-06-30,quarter,736.85,630.04,106.81,14.5,14.97,55.37,60.45,5.96,0.0,5.96,0.46,screener
BLUSPRING,Dec 2024,2024-12-31,quarter,790.92,770.18,20.74,2.62,-154.37,6.9,11.45,-151.98,4.05,-158.13,,screener
BLUSPRING,Mar 2025,2025-03-31,quarter,801.51,796.76,4.75,0.59,-5.75,7.93,11.47,-20.4,13.92,-23.24,,screener
BLUSPRING,Jun 2025,2025-06-30,quarter,797.23,785.56,11.67,1.46,-0.4,7.49,12.29,-8.51,-15.86,-7.15,-0.32,screener
BLUSPRING,Sep 2025,2025-09-30,quarter,857.48,840.13,17.35,2.02,5.29,7.79,12.69,2.16,-62.96,3.52,0.35,screener
BLUSPRING,Dec 2025,2025-12-31,quarter,862.53,838.55,23.98,2.78,-27.76,11.06,11.21,-26.05,-10.79,-23.24,-1.34,screener
BLUSPRING,Mar 2026,2026-03-31,quarter,864.8,839.67,25.13,2.91,1.11,7.48,10.8,7.96,51.88,3.82,0.28,screener
BOMDYEING,Dec 2024,2024-12-31,quarter,415.0,399.0,16.0,4.0,90.0,3.0,8.0,94.0,25.0,70.0,3.39,screener
BOMDYEING,Mar 2025,2025-03-31,quarter,359.0,372.0,-13.0,-4.0,36.0,3.0,8.0,13.0,8.0,12.0,0.56,screener
BOMDYEING,Jun 2025,2025-06-30,quarter,378.0,392.0,-14.0,-4.0,37.0,4.0,8.0,11.0,-24.0,14.0,0.67,screener
BOMDYEING,Sep 2025,2025-09-30,quarter,363.0,375.0,-13.0,-4.0,30.0,4.0,9.0,5.0,59.0,2.0,0.09,screener
BOMDYEING,Dec 2025,2025-12-31,quarter,324.0,352.0,-27.0,-8.0,26.0,3.0,8.0,-13.0,-22.0,-10.0,-0.48,screener
BOMDYEING,Mar 2026,2026-03-31,quarter,396.0,397.0,-2.0,0.0,42.0,3.0,9.0,28.0,26.0,21.0,1.02,screener
BOROLTD,Dec 2024,2024-12-31,quarter,338.0,284.0,54.0,16.0,16.0,2.0,21.0,48.0,25.0,35.0,2.97,screener
BOROLTD,Mar 2025,2025-03-31,quarter,270.0,233.0,37.0,14.0,2.0,2.0,20.0,17.0,34.0,11.0,0.93,screener
BOROLTD,Jun 2025,2025-06-30,quarter,233.0,195.0,37.0,16.0,10.0,2.0,22.0,23.0,26.0,17.0,1.46,screener
BOROLTD,Sep 2025,2025-09-30,quarter,340.0,292.0,48.0,14.0,6.0,1.0,22.0,30.0,25.0,23.0,1.9,screener
BOROLTD,Dec 2025,2025-12-31,quarter,339.0,286.0,53.0,16.0,2.0,1.0,22.0,32.0,26.0,24.0,2.0,screener
BOROLTD,Mar 2026,2026-03-31,quarter,284.0,254.0,30.0,11.0,8.0,2.0,21.0,15.0,28.0,11.0,0.89,screener
BORORENEW,Dec 2024,2024-12-31,quarter,361.0,372.0,-10.0,-3.0,15.0,5.0,32.0,-32.0,-6.0,-30.0,-2.05,screener
BORORENEW,Mar 2025,2025-03-31,quarter,374.0,358.0,15.0,4.1,12.0,10.0,36.0,-18.0,60.0,-30.0,-1.52,screener
BORORENEW,Jun 2025,2025-06-30,quarter,347.0,284.0,63.0,18.0,-216.0,4.0,30.0,-187.0,9.0,-203.0,-12.52,screener
BORORENEW,Sep 2025,2025-09-30,quarter,379.0,260.0,118.0,31.0,-6.0,4.0,22.0,87.0,29.0,62.0,1.98,screener
BORORENEW,Dec 2025,2025-12-31,quarter,390.0,268.0,123.0,31.0,25.0,3.0,22.0,122.0,18.0,100.0,7.14,screener
BORORENEW,Mar 2026,2026-03-31,quarter,440.0,304.0,136.0,31.0,9.0,3.0,21.0,120.0,-41.0,169.0,12.07,screener
BORORENEW,Jun 2026,2026-06-30,quarter,406.0,279.0,127.0,31.0,15.0,2.0,22.0,118.0,27.0,87.0,6.19,screener
BOROSCI,Dec 2024,2024-12-31,quarter,101.0,91.0,10.0,10.0,2.0,0.0,5.0,7.0,38.0,4.0,0.48,screener
BOROSCI,Mar 2025,2025-03-31,quarter,129.0,113.0,17.0,13.0,3.0,0.0,5.0,14.0,39.0,9.0,0.97,screener
BOROSCI,Jun 2025,2025-06-30,quarter,96.0,91.0,5.0,5.0,-4.0,0.0,5.0,-4.0,3.0,-4.0,-0.47,screener
BOROSCI,Sep 2025,2025-09-30,quarter,107.0,99.0,8.0,8.0,2.0,0.0,5.0,5.0,44.0,3.0,0.32,screener
BOROSCI,Dec 2025,2025-12-31,quarter,121.0,104.0,17.0,14.0,0.0,0.0,5.0,13.0,31.0,9.0,0.98,screener
BOROSCI,Mar 2026,2026-03-31,quarter,143.0,111.0,32.0,22.0,2.0,0.0,5.0,29.0,7.0,27.0,3.06,screener
BOSCHLTD,Dec 2024,2024-12-31,quarter,4466.0,3883.0,583.0,13.0,142.0,6.0,101.0,618.0,26.0,459.0,155.53,screener
BOSCHLTD,Mar 2025,2025-03-31,quarter,4911.0,4264.0,647.0,13.0,237.0,6.0,99.0,778.0,29.0,554.0,187.67,screener
BOSCHLTD,Jun 2025,2025-06-30,quarter,4789.0,4149.0,639.0,13.0,844.0,4.0,85.0,1394.0,20.0,1116.0,378.42,screener
BOSCHLTD,Sep 2025,2025-09-30,quarter,4795.0,4178.0,617.0,13.0,210.0,4.0,92.0,730.0,24.0,554.0,188.01,screener
BOSCHLTD,Dec 2025,2025-12-31,quarter,4886.0,4273.0,612.0,13.0,200.0,4.0,99.0,709.0,25.0,533.0,180.58,screener
BOSCHLTD,Mar 2026,2026-03-31,quarter,5566.0,4784.0,782.0,14.0,156.0,14.0,116.0,808.0,30.0,570.0,193.26,screener
BOSCHLTD,Jun 2026,2026-06-30,quarter,5842.0,5021.0,821.0,14.0,226.0,6.0,99.0,942.0,25.0,706.0,239.39,screener
BPCL,Dec 2024,2024-12-31,quarter,113166.0,105710.0,7456.0,7.0,548.0,861.0,1810.0,5333.0,29.0,3806.0,8.77,screener
BPCL,Mar 2025,2025-03-31,quarter,111230.0,103494.0,7737.0,7.0,1061.0,919.0,1982.0,5897.0,26.0,4392.0,10.12,screener
BPCL,Jun 2025,2025-06-30,quarter,112551.0,102874.0,9678.0,9.0,1840.0,758.0,1889.0,8872.0,23.0,6839.0,15.76,screener
BPCL,Sep 2025,2025-09-30,quarter,104946.0,95185.0,9761.0,9.0,1375.0,833.0,1958.0,8345.0,26.0,6191.0,14.27,screener
BPCL,Dec 2025,2025-12-31,quarter,119029.0,107343.0,11687.0,10.0,687.0,657.0,1979.0,9737.0,26.0,7188.0,16.57,screener
BPCL,Mar 2026,2026-03-31,quarter,118701.0,109067.0,9634.0,8.0,940.0,705.0,2031.0,7838.0,28.0,5625.0,12.96,screener
BPCL,Jun 2026,2026-06-30,quarter,151277.0,155332.0,-4055.0,-2.7,3535.0,627.0,2069.0,-3216.0,-42.0,-1873.0,-4.32,screener
BRIGADE,Dec 2024,2024-12-31,quarter,1464.0,1050.0,414.0,28.0,66.0,114.0,76.0,289.0,18.0,236.0,7.25,screener
BRIGADE,Mar 2025,2025-03-31,quarter,1460.0,1044.0,416.0,28.0,72.0,107.0,76.0,306.0,18.0,249.0,7.58,screener
BRIGADE,Jun 2025,2025-06-30,quarter,1281.0,958.0,323.0,25.0,52.0,106.0,76.0,194.0,18.0,158.0,4.6,screener
BRIGADE,Sep 2025,2025-09-30,quarter,1383.0,1056.0,328.0,24.0,46.0,102.0,76.0,196.0,13.0,170.0,4.98,screener
BRIGADE,Dec 2025,2025-12-31,quarter,1575.0,1164.0,411.0,26.0,29.0,90.0,80.0,270.0,24.0,206.0,5.72,screener
BRIGADE,Mar 2026,2026-03-31,quarter,1458.0,1093.0,365.0,25.0,72.0,112.0,80.0,245.0,22.0,191.0,4.46,screener
BRITANNIA,Dec 2024,2024-12-31,quarter,4593.0,3750.0,843.0,18.0,62.0,45.0,82.0,778.0,25.0,582.0,24.15,screener
BRITANNIA,Mar 2025,2025-03-31,quarter,4432.0,3632.0,801.0,18.0,63.0,31.0,81.0,752.0,26.0,559.0,23.25,screener
BRITANNIA,Jun 2025,2025-06-30,quarter,4622.0,3870.0,752.0,16.0,57.0,26.0,82.0,701.0,26.0,520.0,21.62,screener
BRITANNIA,Sep 2025,2025-09-30,quarter,4841.0,3889.0,951.0,20.0,52.0,35.0,85.0,884.0,26.0,655.0,27.17,screener
BRITANNIA,Dec 2025,2025-12-31,quarter,4970.0,3992.0,977.0,20.0,59.0,33.0,85.0,919.0,26.0,682.0,28.23,screener
BRITANNIA,Mar 2026,2026-03-31,quarter,4719.0,3885.0,834.0,18.0,55.0,19.0,85.0,785.0,13.0,680.0,28.16,screener
BSE,Dec 2024,2024-12-31,quarter,768.0,533.0,236.0,31.0,83.0,0.0,30.0,288.0,24.0,219.0,5.41,screener
BSE,Mar 2025,2025-03-31,quarter,847.0,362.0,484.0,57.0,205.0,0.0,30.0,660.0,25.0,494.0,12.17,screener
BSE,Jun 2025,2025-06-30,quarter,958.0,332.0,625.0,65.0,115.0,0.0,27.0,713.0,25.0,538.0,13.28,screener
BSE,Sep 2025,2025-09-30,quarter,1068.0,388.0,680.0,64.0,91.0,0.0,32.0,739.0,25.0,557.0,13.73,screener
BSE,Dec 2025,2025-12-31,quarter,1244.0,512.0,732.0,59.0,108.0,0.0,45.0,795.0,25.0,597.0,14.78,screener
BSE,Mar 2026,2026-03-31,quarter,1564.0,523.0,1041.0,67.0,78.0,0.0,55.0,1063.0,25.0,795.0,19.58,screener
BSE,Jun 2026,2026-06-30,quarter,1566.0,520.0,1046.0,67.0,160.0,0.0,43.0,1164.0,25.0,873.0,21.46,screener
BSOFT,Dec 2024,2024-12-31,quarter,1363.0,1199.0,163.0,12.0,21.0,7.0,21.0,156.0,25.0,117.0,4.23,screener
BSOFT,Mar 2025,2025-03-31,quarter,1317.0,1143.0,174.0,13.0,20.0,6.0,22.0,166.0,27.0,122.0,4.39,screener
BSOFT,Jun 2025,2025-06-30,quarter,1285.0,1126.0,159.0,12.0,33.0,5.0,21.0,166.0,36.0,106.0,3.83,screener
BSOFT,Sep 2025,2025-09-30,quarter,1329.0,1116.0,213.0,16.0,22.0,5.0,20.0,210.0,45.0,116.0,4.17,screener
BSOFT,Dec 2025,2025-12-31,quarter,1348.0,1103.0,245.0,18.0,-27.0,6.0,20.0,192.0,37.0,120.0,4.3,screener
BSOFT,Mar 2026,2026-03-31,quarter,1349.0,1099.0,249.0,18.0,-4.0,4.0,19.0,222.0,21.0,176.0,6.29,screener
BUILDPRO,Dec 2024,2024-12-31,quarter,1291.0,1255.0,35.0,3.0,0.0,9.0,2.0,24.0,25.0,18.0,18010.0,screener
BUILDPRO,Mar 2025,2025-03-31,quarter,1560.0,1513.0,47.0,3.0,1.0,9.0,2.0,37.0,21.0,29.0,29190.0,screener
BUILDPRO,Jun 2025,2025-06-30,quarter,1568.0,1515.0,53.0,3.0,0.0,9.0,2.0,42.0,23.0,32.0,32070.0,screener
BUILDPRO,Sep 2025,2025-09-30,quarter,1595.0,1545.0,50.0,3.0,0.0,10.0,2.0,39.0,25.0,29.0,12.11,screener
BUILDPRO,Dec 2025,2025-12-31,quarter,1666.0,1612.0,54.0,3.0,-2.0,11.0,3.0,38.0,35.0,25.0,10.29,screener
BUILDPRO,Mar 2026,2026-03-31,quarter,1996.0,1927.0,70.0,3.0,0.0,13.0,3.0,55.0,24.0,42.0,17.06,screener
CAMLINFINE,Dec 2024,2024-12-31,quarter,431.0,375.0,56.0,13.0,-8.0,34.0,14.0,0.0,2164.0,-7.0,-0.22,screener
CAMLINFINE,Mar 2025,2025-03-31,quarter,432.0,370.0,62.0,14.0,-22.0,15.0,17.0,8.0,98.0,0.0,-0.04,screener
CAMLINFINE,Jun 2025,2025-06-30,quarter,424.0,405.0,19.0,4.0,3.0,16.0,17.0,-11.0,0.0,-11.0,-0.53,screener
CAMLINFINE,Sep 2025,2025-09-30,quarter,460.0,427.0,33.0,7.0,-4.0,19.0,19.0,-9.0,65.0,-15.0,-0.76,screener
CAMLINFINE,Dec 2025,2025-12-31,quarter,441.0,420.0,21.0,5.0,-24.0,17.0,16.0,-37.0,0.0,-37.0,-1.89,screener
CAMLINFINE,Mar 2026,2026-03-31,quarter,425.0,404.0,21.0,5.0,103.0,23.0,21.0,80.0,-8.0,86.0,4.59,screener
CAMPUS,Mar 2021,2021-03-31,quarter,275.0,210.0,65.0,24.0,0.0,4.0,11.0,50.0,80.0,10.0,0.66,screener
CAMPUS,Jun 2021,2021-06-30,quarter,135.0,120.0,15.0,11.0,1.0,4.0,11.0,1.0,-151.0,2.0,0.13,screener
CAMPUS,Dec 2021,2021-12-31,quarter,434.0,341.0,93.0,21.0,0.0,5.0,14.0,75.0,27.0,55.0,1.8,screener
CAMPUS,Mar 2022,2022-03-31,quarter,352.0,274.0,78.0,22.0,0.0,6.0,15.0,57.0,31.0,40.0,1.3,screener
CAMPUS,Jun 2022,2022-06-30,quarter,338.0,276.0,62.0,18.0,1.0,6.0,15.0,42.0,32.0,29.0,0.94,screener
CAMS,Dec 2024,2024-12-31,quarter,370.0,197.0,173.0,47.0,15.0,2.0,20.0,166.0,25.0,124.0,5.08,screener
CAMS,Mar 2025,2025-03-31,quarter,356.0,197.0,159.0,45.0,13.0,2.0,23.0,148.0,24.0,113.0,4.61,screener
CAMS,Jun 2025,2025-06-30,quarter,354.0,200.0,154.0,43.0,13.0,2.0,21.0,144.0,25.0,108.0,4.41,screener
CAMS,Sep 2025,2025-09-30,quarter,377.0,209.0,168.0,44.0,12.0,2.0,25.0,153.0,26.0,114.0,4.64,screener
CAMS,Dec 2025,2025-12-31,quarter,390.0,211.0,179.0,46.0,13.0,2.0,25.0,165.0,24.0,125.0,5.07,screener
CAMS,Mar 2026,2026-03-31,quarter,395.0,213.0,183.0,46.0,13.0,2.0,28.0,166.0,24.0,125.0,5.1,screener
CANBK,Dec 2024,2024-12-31,quarter,30751.0,10752.0,,,6679.0,21163.0,0.0,5515.0,25.0,4256.0,4.65,screener
CANBK,Mar 2025,2025-03-31,quarter,31496.0,12124.0,,,8761.0,21556.0,0.0,6576.0,22.0,5111.0,5.59,screener
CANBK,Jun 2025,2025-06-30,quarter,31523.0,13141.0,,,8086.0,21992.0,0.0,4475.0,33.0,3233.0,3.52,screener
CANBK,Sep 2025,2025-09-30,quarter,32072.0,13251.0,,,9942.0,22412.0,0.0,6351.0,23.0,4896.0,5.35,screener
CANBK,Dec 2025,2025-12-31,quarter,30938.0,4002.0,,,2152.0,22709.0,0.0,6379.0,24.0,5174.0,5.79,screener
CANBK,Mar 2026,2026-03-31,quarter,31839.0,8870.0,,,4700.0,22024.0,0.0,5644.0,22.0,4575.0,5.04,screener
CAPACITE,Dec 2024,2024-12-31,quarter,590.0,500.0,90.0,15.0,23.0,25.0,25.0,64.0,18.0,52.0,6.15,screener
CAPACITE,Mar 2025,2025-03-31,quarter,671.0,586.0,86.0,13.0,36.0,25.0,26.0,71.0,25.0,53.0,6.21,screener
CAPACITE,Jun 2025,2025-06-30,quarter,589.0,488.0,102.0,17.0,12.0,24.0,25.0,65.0,27.0,47.0,5.4,screener
CAPACITE,Sep 2025,2025-09-30,quarter,646.0,538.0,108.0,17.0,6.0,23.0,24.0,67.0,23.0,51.0,5.8,screener
CAPACITE,Dec 2025,2025-12-31,quarter,675.0,567.0,108.0,16.0,7.0,24.0,23.0,68.0,26.0,50.0,5.91,screener
CAPACITE,Mar 2026,2026-03-31,quarter,712.0,603.0,109.0,15.0,3.0,25.0,27.0,60.0,25.0,45.0,5.52,screener
CAPILLARY,Dec 2024,2024-12-31,quarter,159.0,136.0,23.0,14.0,0.0,2.0,13.0,9.0,-17.0,10.0,1.4,screener
CAPILLARY,Mar 2025,2025-03-31,quarter,152.08,124.55,27.53,18.1,-0.66,1.6,16.5,8.77,-12.2,9.84,1.34,screener
CAPILLARY,Jun 2025,2025-06-30,quarter,179.89,162.05,17.84,9.92,1.16,1.17,17.28,0.55,-34.55,0.75,0.1,screener
CAPILLARY,Sep 2025,2025-09-30,quarter,179.33,160.68,18.65,10.4,2.18,1.77,19.1,-0.04,-800.0,0.29,0.04,screener
CAPILLARY,Dec 2025,2025-12-31,quarter,184.04,159.06,24.98,13.57,3.68,1.46,19.08,8.12,1.48,7.99,1.01,screener
CAPILLARY,Mar 2026,2026-03-31,quarter,191.35,159.95,31.4,16.41,31.67,1.07,19.52,42.48,-2.1,43.36,5.46,screener
CAPILLARY,Jun 2026,2026-06-30,quarter,256.64,216.34,40.3,15.7,-27.68,1.17,20.04,-8.59,11.18,-9.55,-1.2,screener
CAPLIPOINT,Dec 2024,2024-12-31,quarter,493.0,331.0,162.0,33.0,31.0,0.0,16.0,177.0,21.0,140.0,18.28,screener
CAPLIPOINT,Mar 2025,2025-03-31,quarter,502.0,334.0,168.0,33.0,26.0,0.0,17.0,177.0,18.0,145.0,18.76,screener
CAPLIPOINT,Jun 2025,2025-06-30,quarter,510.0,332.0,178.0,35.0,23.0,0.0,16.0,184.0,18.0,151.0,20.1,screener
CAPLIPOINT,Sep 2025,2025-09-30,quarter,534.0,345.0,189.0,35.0,30.0,0.0,18.0,201.0,20.0,160.0,20.32,screener
CAPLIPOINT,Dec 2025,2025-12-31,quarter,543.0,353.0,190.0,35.0,34.0,0.0,19.0,204.0,19.0,166.0,21.56,screener
CAPLIPOINT,Mar 2026,2026-03-31,quarter,600.0,396.0,204.0,34.0,28.0,0.0,19.0,213.0,19.0,173.0,22.38,screener
CARBORUNIV,Dec 2024,2024-12-31,quarter,1255.0,1078.0,177.0,14.0,-77.0,4.0,53.0,43.0,13.0,38.0,1.83,screener
CARBORUNIV,Mar 2025,2025-03-31,quarter,1217.0,1071.0,146.0,12.0,18.0,3.0,56.0,105.0,71.0,30.0,1.53,screener
CARBORUNIV,Jun 2025,2025-06-30,quarter,1219.0,1098.0,121.0,10.0,27.0,3.0,59.0,86.0,30.0,60.0,3.25,screener
CARBORUNIV,Sep 2025,2025-09-30,quarter,1298.0,1142.0,156.0,12.0,23.0,4.0,62.0,113.0,34.0,74.0,3.91,screener
CARBORUNIV,Dec 2025,2025-12-31,quarter,1291.0,1134.0,157.0,12.0,22.0,5.0,61.0,113.0,35.0,73.0,3.99,screener
CARBORUNIV,Mar 2026,2026-03-31,quarter,1398.0,1254.0,144.0,10.0,-103.0,6.0,65.0,-30.0,34.0,-40.0,-0.92,screener
CARBORUNIV,Jun 2026,2026-06-30,quarter,1427.0,1292.0,135.0,9.0,55.0,6.0,66.0,119.0,33.0,80.0,4.01,screener
CARERATING,Dec 2024,2024-12-31,quarter,96.0,66.0,30.0,32.0,12.0,1.0,3.0,39.0,27.0,28.0,9.29,screener
CARERATING,Mar 2025,2025-03-31,quarter,110.0,62.0,47.0,43.0,15.0,1.0,3.0,59.0,26.0,43.0,14.24,screener
CARERATING,Jun 2025,2025-06-30,quarter,94.0,66.0,28.0,30.0,14.0,1.0,3.0,37.0,29.0,26.0,8.61,screener
CARERATING,Sep 2025,2025-09-30,quarter,136.0,68.0,68.0,50.0,13.0,1.0,3.0,77.0,26.0,57.0,18.89,screener
CARERATING,Dec 2025,2025-12-31,quarter,112.0,72.0,40.0,36.0,13.0,1.0,4.0,49.0,25.0,37.0,11.96,screener
CARERATING,Mar 2026,2026-03-31,quarter,131.0,70.0,61.0,46.0,16.0,1.0,4.0,72.0,26.0,53.0,17.58,screener
CARRARO,Dec 2024,2024-12-31,quarter,449.0,416.0,32.0,7.0,4.0,5.0,11.0,20.0,26.0,15.0,2.58,screener
CARRARO,Mar 2025,2025-03-31,quarter,444.0,399.0,45.0,10.0,4.0,5.0,12.0,32.0,26.0,24.0,4.17,screener
CARRARO,Jun 2025,2025-06-30,quarter,493.0,445.0,48.0,10.0,7.0,5.0,11.0,38.0,24.0,29.0,5.12,screener
CARRARO,Sep 2025,2025-09-30,quarter,586.0,534.0,52.0,9.0,7.0,5.0,12.0,43.0,25.0,32.0,5.58,screener
CARRARO,Dec 2025,2025-12-31,quarter,570.0,514.0,55.0,10.0,-2.0,4.0,12.0,37.0,24.0,28.0,4.94,screener
CARRARO,Mar 2026,2026-03-31,quarter,607.0,543.0,63.0,10.0,8.0,5.0,11.0,55.0,24.0,42.0,7.33,screener
CARTRADE,Dec 2024,2024-12-31,quarter,176.0,126.0,50.0,28.0,17.0,3.0,11.0,53.0,15.0,46.0,9.01,screener
CARTRADE,Mar 2025,2025-03-31,quarter,170.0,123.0,46.0,27.0,20.0,3.0,10.0,53.0,14.0,46.0,8.82,screener
CARTRADE,Jun 2025,2025-06-30,quarter,173.0,130.0,44.0,25.0,25.0,3.0,9.0,57.0,17.0,47.0,9.03,screener
CARTRADE,Sep 2025,2025-09-30,quarter,193.0,130.0,64.0,33.0,29.0,3.0,9.0,80.0,20.0,64.0,12.53,screener
CARTRADE,Dec 2025,2025-12-31,quarter,210.0,131.0,78.0,37.0,12.0,3.0,9.0,78.0,21.0,62.0,11.68,screener
CARTRADE,Mar 2026,2026-03-31,quarter,203.0,132.0,72.0,35.0,18.0,3.0,11.0,75.0,6.0,71.0,13.49,screener
CARTRADE,Jun 2026,2026-06-30,quarter,201.0,138.0,63.0,31.0,26.0,3.0,11.0,75.0,24.0,57.0,10.67,screener
CARYSIL,Dec 2024,2024-12-31,quarter,203.0,174.0,29.0,14.0,4.0,6.0,9.0,18.0,31.0,13.0,4.4,screener
CARYSIL,Mar 2025,2025-03-31,quarter,204.0,169.0,35.0,17.0,2.0,5.0,8.0,24.0,20.0,19.0,6.54,screener
CARYSIL,Jun 2025,2025-06-30,quarter,227.0,183.0,44.0,19.0,1.0,5.0,9.0,30.0,24.0,23.0,8.02,screener
CARYSIL,Sep 2025,2025-09-30,quarter,241.0,195.0,46.0,19.0,5.0,5.0,10.0,36.0,25.0,27.0,9.56,screener
CARYSIL,Dec 2025,2025-12-31,quarter,223.0,180.0,42.0,19.0,1.0,5.0,10.0,29.0,28.0,21.0,7.41,screener
CARYSIL,Mar 2026,2026-03-31,quarter,234.0,189.0,45.0,19.0,5.0,5.0,11.0,34.0,19.0,27.0,9.53,screener
CARYSIL,Jun 2026,2026-06-30,quarter,262.0,209.0,53.0,20.0,4.0,5.0,11.0,42.0,24.0,32.0,11.05,screener
CCL,Dec 2024,2024-12-31,quarter,758.0,634.0,124.0,16.0,3.0,31.0,25.0,72.0,12.0,63.0,4.72,screener
CCL,Mar 2025,2025-03-31,quarter,836.0,673.0,163.0,20.0,4.0,34.0,27.0,106.0,4.0,102.0,7.63,screener
CCL,Jun 2025,2025-06-30,quarter,1056.0,897.0,159.0,15.0,2.0,34.0,34.0,94.0,23.0,72.0,5.43,screener
CCL,Sep 2025,2025-09-30,quarter,1127.0,930.0,197.0,18.0,1.0,33.0,39.0,127.0,21.0,101.0,7.55,screener
CCL,Dec 2025,2025-12-31,quarter,1051.0,866.0,185.0,18.0,3.0,32.0,39.0,116.0,14.0,100.0,7.51,screener
CCL,Mar 2026,2026-03-31,quarter,1224.0,1033.0,192.0,16.0,2.0,30.0,40.0,123.0,7.0,115.0,8.58,screener
CDSL,Dec 2024,2024-12-31,quarter,278.0,117.0,161.0,58.0,21.0,0.0,13.0,168.0,23.0,130.0,6.22,screener
CDSL,Mar 2025,2025-03-31,quarter,224.0,115.0,109.0,49.0,32.0,0.0,14.0,127.0,21.0,100.0,4.8,screener
CDSL,Jun 2025,2025-06-30,quarter,259.0,129.0,130.0,50.0,36.0,0.0,15.0,151.0,32.0,102.0,4.9,screener
CDSL,Sep 2025,2025-09-30,quarter,319.0,143.0,176.0,55.0,22.0,0.0,16.0,183.0,23.0,140.0,6.71,screener
CDSL,Dec 2025,2025-12-31,quarter,304.0,145.0,160.0,52.0,29.0,0.0,17.0,172.0,23.0,133.0,6.38,screener
CDSL,Mar 2026,2026-03-31,quarter,263.0,147.0,116.0,44.0,6.0,0.0,18.0,103.0,23.0,80.0,3.84,screener
CEATLTD,Dec 2024,2024-12-31,quarter,3300.0,2959.0,341.0,10.0,3.0,75.0,141.0,128.0,28.0,97.0,24.01,screener
CEATLTD,Mar 2025,2025-03-31,quarter,3421.0,3033.0,388.0,11.0,-33.0,74.0,152.0,129.0,28.0,99.0,24.6,screener
CEATLTD,Jun 2025,2025-06-30,quarter,3529.0,3142.0,388.0,11.0,1.0,82.0,151.0,156.0,27.0,112.0,27.8,screener
CEATLTD,Sep 2025,2025-09-30,quarter,3773.0,3269.0,503.0,13.0,4.0,87.0,174.0,246.0,28.0,186.0,45.97,screener
CEATLTD,Dec 2025,2025-12-31,quarter,4157.0,3594.0,563.0,14.0,-52.0,105.0,188.0,218.0,31.0,155.0,38.51,screener
CEATLTD,Mar 2026,2026-03-31,quarter,4219.0,3626.0,593.0,14.0,16.0,85.0,184.0,340.0,30.0,244.0,60.28,screener
CEIGALL,Dec 2024,2024-12-31,quarter,831.0,707.0,123.0,15.0,11.0,27.0,12.0,95.0,25.0,71.0,4.2,screener
CEIGALL,Mar 2025,2025-03-31,quarter,1012.0,884.0,128.0,13.0,23.0,37.0,16.0,98.0,26.0,72.0,4.25,screener
CEIGALL,Jun 2025,2025-06-30,quarter,838.0,729.0,109.0,13.0,14.0,42.0,14.0,67.0,24.0,51.0,3.05,screener
CEIGALL,Sep 2025,2025-09-30,quarter,807.0,693.0,114.0,14.0,17.0,37.0,16.0,77.0,27.0,56.0,3.33,screener
CEIGALL,Dec 2025,2025-12-31,quarter,991.0,852.0,139.0,14.0,11.0,37.0,16.0,97.0,25.0,72.0,4.25,screener
CEIGALL,Mar 2026,2026-03-31,quarter,1387.0,1163.0,224.0,16.0,12.0,44.0,16.0,176.0,27.0,129.0,7.27,screener
CEINSYS,Dec 2024,2024-12-31,quarter,112.0,91.0,21.0,19.0,6.0,0.0,3.0,24.0,26.0,18.0,10.21,screener
CEINSYS,Mar 2025,2025-03-31,quarter,142.0,116.0,27.0,19.0,6.0,2.0,3.0,28.0,23.0,22.0,12.54,screener
CEINSYS,Jun 2025,2025-06-30,quarter,157.0,126.0,30.0,19.0,7.0,1.0,3.0,34.0,7.0,32.0,18.14,screener
CEINSYS,Sep 2025,2025-09-30,quarter,163.0,128.0,36.0,22.0,8.0,1.0,3.0,40.0,35.0,26.0,14.43,screener
CEINSYS,Dec 2025,2025-12-31,quarter,170.0,130.0,40.0,23.0,6.0,2.0,3.0,41.0,5.0,39.0,21.79,screener
CEINSYS,Mar 2026,2026-03-31,quarter,171.0,130.0,40.0,24.0,6.0,2.0,3.0,42.0,11.0,37.0,17.75,screener
CELLO,Dec 2024,2024-12-31,quarter,557.0,430.0,127.0,23.0,12.0,0.0,15.0,124.0,26.0,92.0,3.91,screener
CELLO,Mar 2025,2025-03-31,quarter,589.0,454.0,135.0,23.0,13.0,0.0,18.0,130.0,26.0,96.0,3.99,screener
CELLO,Jun 2025,2025-06-30,quarter,529.0,420.0,109.0,21.0,17.0,0.0,19.0,108.0,25.0,81.0,3.31,screener
CELLO,Sep 2025,2025-09-30,quarter,587.0,460.0,128.0,22.0,14.0,0.0,20.0,121.0,25.0,91.0,3.88,screener
CELLO,Dec 2025,2025-12-31,quarter,554.0,448.0,106.0,19.0,9.0,1.0,20.0,94.0,26.0,69.0,2.88,screener
CELLO,Mar 2026,2026-03-31,quarter,654.0,525.0,129.0,20.0,8.0,0.0,20.0,116.0,23.0,90.0,4.08,screener
CELLO,Jun 2026,2026-06-30,quarter,527.0,428.0,99.0,19.0,18.0,1.0,22.0,95.0,22.0,73.0,3.32,screener
CEMPRO,Dec 2024,2024-12-31,quarter,2270.0,2063.0,207.0,9.0,10.0,59.0,45.0,113.0,23.0,87.0,5.07,screener
CEMPRO,Mar 2025,2025-03-31,quarter,2532.0,2277.0,255.0,10.0,16.0,62.0,51.0,157.0,28.0,113.0,6.6,screener
CEMPRO,Jun 2025,2025-06-30,quarter,2542.0,2310.0,233.0,9.0,22.0,50.0,41.0,164.0,16.0,137.0,7.99,screener
CEMPRO,Sep 2025,2025-09-30,quarter,2195.0,1993.0,202.0,9.0,41.0,53.0,43.0,146.0,26.0,108.0,6.27,screener
CEMPRO,Dec 2025,2025-12-31,quarter,2315.0,2094.0,222.0,10.0,23.0,50.0,43.0,152.0,27.0,111.0,6.46,screener
CEMPRO,Mar 2026,2026-03-31,quarter,2973.0,2616.0,358.0,12.0,92.0,61.0,39.0,350.0,31.0,242.0,14.1,screener
CENTENKA,Dec 2024,2024-12-31,quarter,493.0,467.0,27.0,5.0,7.0,1.0,14.0,19.0,25.0,14.0,6.4,screener
CENTENKA,Mar 2025,2025-03-31,quarter,444.0,435.0,9.0,2.0,15.0,1.0,14.0,9.0,27.0,7.0,3.09,screener
CENTENKA,Jun 2025,2025-06-30,quarter,402.0,382.0,20.0,5.0,14.0,1.0,14.0,19.0,19.0,15.0,7.04,screener
CENTENKA,Sep 2025,2025-09-30,quarter,409.0,377.0,31.0,8.0,8.0,1.0,14.0,25.0,12.0,22.0,10.22,screener
CENTENKA,Dec 2025,2025-12-31,quarter,412.0,371.0,41.0,10.0,5.0,1.0,14.0,32.0,25.0,24.0,10.86,screener
CENTENKA,Mar 2026,2026-03-31,quarter,484.0,429.0,55.0,11.0,13.0,1.0,15.0,53.0,25.0,39.0,18.03,screener
CENTURYPLY,Dec 2024,2024-12-31,quarter,1140.0,1011.0,130.0,11.0,2.0,18.0,34.0,80.0,26.0,59.0,2.63,screener
CENTURYPLY,Mar 2025,2025-03-31,quarter,1198.0,1064.0,135.0,11.0,2.0,19.0,36.0,82.0,35.0,53.0,2.36,screener
CENTURYPLY,Jun 2025,2025-06-30,quarter,1169.0,1041.0,128.0,11.0,2.0,22.0,37.0,71.0,26.0,53.0,2.33,screener
CENTURYPLY,Sep 2025,2025-09-30,quarter,1386.0,1211.0,175.0,13.0,2.0,31.0,48.0,98.0,28.0,71.0,3.1,screener
CENTURYPLY,Dec 2025,2025-12-31,quarter,1350.0,1180.0,170.0,13.0,-6.0,31.0,48.0,85.0,23.0,65.0,2.87,screener
CENTURYPLY,Mar 2026,2026-03-31,quarter,1492.0,1315.0,177.0,12.0,5.0,29.0,49.0,104.0,23.0,79.0,3.51,screener
CESC,Dec 2024,2024-12-31,quarter,3561.0,2951.0,610.0,17.0,396.0,339.0,305.0,362.0,22.0,282.0,2.0,screener
CESC,Mar 2025,2025-03-31,quarter,3877.0,3065.0,812.0,21.0,293.0,335.0,304.0,466.0,17.0,385.0,2.81,screener
CESC,Jun 2025,2025-06-30,quarter,5202.0,4338.0,864.0,17.0,311.0,363.0,304.0,508.0,20.0,404.0,2.92,screener
CESC,Sep 2025,2025-09-30,quarter,5267.0,4206.0,1061.0,20.0,156.0,337.0,311.0,569.0,21.0,448.0,3.23,screener
CESC,Dec 2025,2025-12-31,quarter,4005.0,3226.0,779.0,19.0,257.0,343.0,308.0,385.0,21.0,304.0,2.15,screener
CESC,Mar 2026,2026-03-31,quarter,4096.0,3353.0,743.0,18.0,531.0,317.0,304.0,653.0,30.0,459.0,3.31,screener
CEWATER,Dec 2024,2024-12-31,quarter,123.0,119.0,3.0,3.0,-3.0,6.0,3.0,-8.0,10.0,-9.0,-4.14,screener
CEWATER,Mar 2025,2025-03-31,quarter,207.0,149.0,58.0,28.0,1.0,6.0,3.0,51.0,7.0,47.0,22.77,screener
CEWATER,Jun 2025,2025-06-30,quarter,102.0,104.0,-1.0,-1.0,14.0,5.0,4.0,5.0,14.0,4.0,1.99,screener
CEWATER,Sep 2025,2025-09-30,quarter,125.0,117.0,7.0,6.0,5.0,5.0,4.0,4.0,-12.0,4.0,2.17,screener
CEWATER,Dec 2025,2025-12-31,quarter,125.0,121.0,3.0,3.0,-2.0,6.0,4.0,-9.0,-5.0,-8.0,-3.95,screener
CEWATER,Mar 2026,2026-03-31,quarter,206.0,188.0,18.0,9.0,9.0,6.0,5.0,17.0,18.0,14.0,6.84,screener
CGCL,Dec 2024,2024-12-31,quarter,821.0,293.0,,,1.0,333.0,26.0,171.0,25.0,128.0,1.55,screener
CGCL,Mar 2025,2025-03-31,quarter,957.0,336.0,,,1.0,358.0,29.0,236.0,25.0,178.0,2.15,screener
CGCL,Jun 2025,2025-06-30,quarter,1004.0,356.0,,,1.0,394.0,25.0,230.0,24.0,175.0,1.82,screener
CGCL,Sep 2025,2025-09-30,quarter,1121.0,378.0,,,3.0,406.0,26.0,314.0,25.0,236.0,2.45,screener
CGCL,Dec 2025,2025-12-31,quarter,1223.0,426.0,,,2.0,431.0,28.0,340.0,25.0,255.0,2.65,screener
CGCL,Mar 2026,2026-03-31,quarter,1385.0,485.0,,,3.0,499.0,31.0,373.0,24.0,283.0,2.94,screener
CGCL,Jun 2026,2026-06-30,quarter,1576.0,496.0,,,5.0,586.0,29.0,470.0,25.0,353.0,3.67,screener
CGPOWER,Dec 2024,2024-12-31,quarter,2516.0,2185.0,331.0,13.0,34.0,1.0,28.0,335.0,29.0,238.0,1.57,screener
CGPOWER,Mar 2025,2025-03-31,quarter,2753.0,2406.0,347.0,13.0,71.0,3.0,32.0,384.0,29.0,274.0,1.78,screener
CGPOWER,Jun 2025,2025-06-30,quarter,2878.0,2497.0,381.0,13.0,28.0,2.0,44.0,364.0,27.0,267.0,1.76,screener
CGPOWER,Sep 2025,2025-09-30,quarter,2923.0,2546.0,377.0,13.0,66.0,3.0,52.0,388.0,27.0,284.0,1.82,screener
CGPOWER,Dec 2025,2025-12-31,quarter,3175.0,2778.0,397.0,13.0,41.0,4.0,51.0,384.0,26.0,284.0,1.81,screener
CGPOWER,Mar 2026,2026-03-31,quarter,3442.0,2975.0,466.0,14.0,79.0,4.0,49.0,492.0,26.0,363.0,2.32,screener
CHALET,Dec 2024,2024-12-31,quarter,458.0,253.0,205.0,45.0,7.0,45.0,48.0,118.0,18.0,97.0,4.42,screener
CHALET,Mar 2025,2025-03-31,quarter,522.0,281.0,241.0,46.0,15.0,48.0,50.0,159.0,22.0,124.0,5.67,screener
CHALET,Jun 2025,2025-06-30,quarter,895.0,537.0,357.0,40.0,14.0,49.0,54.0,269.0,24.0,203.0,9.3,screener
CHALET,Sep 2025,2025-09-30,quarter,735.0,436.0,299.0,41.0,9.0,45.0,57.0,205.0,24.0,155.0,7.08,screener
CHALET,Dec 2025,2025-12-31,quarter,582.0,317.0,265.0,46.0,7.0,46.0,58.0,167.0,26.0,124.0,5.67,screener
CHALET,Mar 2026,2026-03-31,quarter,558.0,292.0,266.0,48.0,13.0,41.0,60.0,178.0,8.0,163.0,7.44,screener
CHAMBLFERT,Dec 2024,2024-12-31,quarter,4918.0,4140.0,778.0,16.0,95.0,7.0,83.0,783.0,32.0,534.0,13.34,screener
CHAMBLFERT,Mar 2025,2025-03-31,quarter,2449.0,2285.0,163.0,7.0,86.0,0.0,82.0,168.0,22.0,130.0,3.25,screener
CHAMBLFERT,Jun 2025,2025-06-30,quarter,5698.0,4937.0,761.0,13.0,79.0,2.0,84.0,754.0,27.0,549.0,13.7,screener
CHAMBLFERT,Sep 2025,2025-09-30,quarter,6413.0,5571.0,842.0,13.0,88.0,1.0,87.0,842.0,23.0,649.0,16.19,screener
CHAMBLFERT,Dec 2025,2025-12-31,quarter,5898.0,5078.0,821.0,14.0,36.0,1.0,88.0,768.0,24.0,586.0,14.64,screener
CHAMBLFERT,Mar 2026,2026-03-31,quarter,2785.0,2530.0,255.0,9.0,53.0,3.0,90.0,215.0,21.0,169.0,4.22,screener
CHANDAN,Dec 2024,2024-12-31,quarter,54.64,45.75,8.89,16.27,0.17,1.09,1.35,6.62,30.21,4.2,2.1,screener
CHANDAN,Mar 2025,2025-03-31,quarter,62.65,52.41,10.24,16.34,2.42,1.3,2.7,8.66,29.56,6.02,2.46,screener
CHANDAN,Sep 2025,2025-09-30,quarter,67.9,53.75,14.15,20.84,0.84,1.4,2.46,11.13,25.79,7.8,3.19,screener
CHANDAN,Dec 2025,2025-12-31,quarter,65.01,53.17,11.84,18.21,-1.46,1.28,2.4,6.7,24.93,4.54,1.86,screener
CHANDAN,Mar 2026,2026-03-31,quarter,75.58,63.15,12.43,16.45,1.13,1.8,2.45,9.31,24.7,6.92,2.83,screener
CHEMPLASTS,Dec 2024,2024-12-31,quarter,1058.0,1026.0,32.0,3.0,11.0,59.0,47.0,-63.0,-22.0,-49.0,-3.09,screener
CHEMPLASTS,Mar 2025,2025-03-31,quarter,1151.0,1114.0,37.0,3.2,14.0,62.0,62.0,-73.0,-26.0,-54.0,-3.43,screener
CHEMPLASTS,Jun 2025,2025-06-30,quarter,1100.0,1083.0,17.0,1.6,9.0,59.0,53.0,-86.0,-26.0,-64.0,-4.06,screener
CHEMPLASTS,Sep 2025,2025-09-30,quarter,1033.0,990.0,43.0,4.2,7.0,60.0,52.0,-62.0,-18.0,-51.0,-3.23,screener
CHEMPLASTS,Dec 2025,2025-12-31,quarter,835.0,892.0,-57.0,-7.0,5.0,58.0,53.0,-163.0,-27.0,-119.0,-7.54,screener
CHEMPLASTS,Mar 2026,2026-03-31,quarter,1256.0,1061.0,194.0,15.0,-143.0,58.0,55.0,-61.0,-26.0,-45.0,-2.87,screener
CHENNPETRO,Dec 2024,2024-12-31,quarter,12925.0,12683.0,242.0,2.0,15.0,79.0,153.0,24.0,15.0,21.0,1.4,screener
CHENNPETRO,Mar 2025,2025-03-31,quarter,17249.0,16464.0,785.0,5.0,32.0,66.0,150.0,602.0,22.0,470.0,31.56,screener
CHENNPETRO,Jun 2025,2025-06-30,quarter,14812.0,14714.0,99.0,1.0,26.0,37.0,151.0,-64.0,-37.0,-40.0,-2.69,screener
CHENNPETRO,Sep 2025,2025-09-30,quarter,16327.0,15183.0,1144.0,7.0,23.0,34.0,152.0,982.0,27.0,719.0,48.3,screener
CHENNPETRO,Dec 2025,2025-12-31,quarter,15683.0,14205.0,1478.0,9.0,43.0,33.0,157.0,1331.0,25.0,1002.0,67.26,screener
CHENNPETRO,Mar 2026,2026-03-31,quarter,16817.0,14781.0,2036.0,12.0,43.0,16.0,150.0,1913.0,26.0,1422.0,95.48,screener
CHENNPETRO,Jun 2026,2026-06-30,quarter,27369.0,25814.0,1555.0,6.0,32.0,52.0,155.0,1380.0,25.0,1031.0,69.26,screener
CHOICEIN,Dec 2024,2024-12-31,quarter,209.0,150.0,60.0,28.0,2.0,16.0,2.0,43.0,29.0,31.0,1.47,screener
CHOICEIN,Mar 2025,2025-03-31,quarter,253.0,157.0,96.0,38.0,2.0,22.0,3.0,74.0,28.0,54.0,2.59,screener
CHOICEIN,Jun 2025,2025-06-30,quarter,235.0,151.0,83.0,36.0,3.0,21.0,3.0,63.0,24.0,48.0,2.19,screener
CHOICEIN,Sep 2025,2025-09-30,quarter,274.0,185.0,89.0,33.0,10.0,21.0,4.0,74.0,24.0,56.0,2.69,screener
CHOICEIN,Dec 2025,2025-12-31,quarter,303.0,192.0,112.0,37.0,5.0,21.0,3.0,92.0,29.0,66.0,2.56,screener
CHOICEIN,Mar 2026,2026-03-31,quarter,307.0,191.0,116.0,38.0,7.0,26.0,10.0,87.0,22.0,68.0,2.71,screener
CHOICEIN,Jun 2026,2026-06-30,quarter,310.0,205.0,105.0,34.0,9.0,28.0,6.0,80.0,24.0,61.0,2.48,screener
CHOLAFIN,Dec 2024,2024-12-31,quarter,6733.0,2038.0,,,105.0,3275.0,59.0,1466.0,26.0,1088.0,12.94,screener
CHOLAFIN,Mar 2025,2025-03-31,quarter,7046.0,2010.0,,,92.0,3365.0,64.0,1699.0,26.0,1260.0,14.98,screener
CHOLAFIN,Jun 2025,2025-06-30,quarter,7267.0,2286.0,,,87.0,3468.0,67.0,1532.0,26.0,1138.0,13.53,screener
CHOLAFIN,Sep 2025,2025-09-30,quarter,7491.0,2460.0,,,123.0,3517.0,71.0,1566.0,26.0,1160.0,13.78,screener
CHOLAFIN,Dec 2025,2025-12-31,quarter,7898.0,2554.0,,,111.0,3646.0,74.0,1736.0,26.0,1290.0,15.28,screener
CHOLAFIN,Mar 2026,2026-03-31,quarter,8417.0,2597.0,,,148.0,3753.0,72.0,2143.0,23.0,1645.0,19.31,screener
CHOLAHLDNG,Dec 2024,2024-12-31,quarter,8489.0,3772.0,,,106.0,3280.0,72.0,1471.0,26.0,1093.0,25.89,screener
CHOLAHLDNG,Mar 2025,2025-03-31,quarter,8913.0,3709.0,,,98.0,3361.0,79.0,1862.0,27.0,1362.0,32.68,screener
CHOLAHLDNG,Jun 2025,2025-06-30,quarter,9296.0,4142.0,,,88.0,3468.0,79.0,1696.0,26.0,1260.0,30.81,screener
CHOLAHLDNG,Sep 2025,2025-09-30,quarter,9461.0,4359.0,,,130.0,3518.0,83.0,1632.0,26.0,1214.0,29.29,screener
CHOLAHLDNG,Dec 2025,2025-12-31,quarter,9949.0,4487.0,,,137.0,3648.0,87.0,1863.0,26.0,1386.0,33.32,screener
CHOLAHLDNG,Mar 2026,2026-03-31,quarter,10366.0,4541.0,,,156.0,3755.0,84.0,2142.0,24.0,1626.0,36.59,screener
CIEINDIA,Dec 2024,2024-12-31,quarter,2110.0,1811.0,299.0,14.0,40.0,18.0,81.0,240.0,23.0,185.0,4.88,screener
CIEINDIA,Mar 2025,2025-03-31,quarter,2273.0,1937.0,335.0,15.0,37.0,13.0,86.0,273.0,25.0,206.0,5.44,screener
CIEINDIA,Jun 2025,2025-06-30,quarter,2369.0,2032.0,337.0,14.0,23.0,2.0,87.0,271.0,25.0,204.0,5.37,screener
CIEINDIA,Sep 2025,2025-09-30,quarter,2372.0,2016.0,356.0,15.0,20.0,4.0,89.0,283.0,24.0,214.0,5.64,screener
CIEINDIA,Dec 2025,2025-12-31,quarter,2393.0,2058.0,335.0,14.0,28.0,9.0,96.0,259.0,21.0,204.0,5.39,screener
CIEINDIA,Mar 2026,2026-03-31,quarter,2612.0,2210.0,402.0,15.0,31.0,9.0,94.0,329.0,24.0,249.0,6.57,screener
CIEINDIA,Jun 2026,2026-06-30,quarter,2621.0,2231.0,390.0,15.0,31.0,10.0,97.0,313.0,25.0,236.0,6.21,screener
CIPLA,Dec 2024,2024-12-31,quarter,7073.0,5084.0,1989.0,28.0,222.0,15.0,280.0,1916.0,17.0,1575.0,19.45,screener
CIPLA,Mar 2025,2025-03-31,quarter,6730.0,5192.0,1538.0,23.0,289.0,14.0,309.0,1504.0,19.0,1214.0,15.13,screener
CIPLA,Jun 2025,2025-06-30,quarter,6957.0,5179.0,1778.0,26.0,259.0,14.0,253.0,1770.0,27.0,1292.0,16.06,screener
CIPLA,Sep 2025,2025-09-30,quarter,7589.0,5695.0,1895.0,25.0,269.0,13.0,297.0,1854.0,27.0,1353.0,16.73,screener
CIPLA,Dec 2025,2025-12-31,quarter,7074.0,5819.0,1255.0,18.0,-70.0,14.0,278.0,893.0,24.0,674.0,8.37,screener
CIPLA,Mar 2026,2026-03-31,quarter,6541.0,5586.0,955.0,15.0,148.0,13.0,383.0,707.0,22.0,543.0,6.87,screener
CLCIND,Jun 2018,2018-06-30,quarter,92.0,91.0,1.0,1.4,2.0,6.0,3.0,-6.0,0.0,-6.0,-0.62,screener
CLCIND,Sep 2018,2018-09-30,quarter,69.0,83.0,-14.0,-20.0,8.0,6.0,3.0,-14.0,0.0,-14.0,-1.6,screener
CLCIND,Dec 2018,2018-12-31,quarter,56.0,67.0,-11.0,-20.0,-2.0,2.0,2.0,-18.0,0.0,-18.0,-1.96,screener
CLCIND,Mar 2019,2019-03-31,quarter,29.0,61.0,-33.0,-113.0,41.0,5.0,2.0,1.0,0.0,1.0,0.13,screener
CLCIND,Jun 2019,2019-06-30,quarter,13.0,27.0,-14.0,-109.0,4.0,6.0,2.0,-19.0,0.0,-19.0,-2.07,screener
CLCIND,Sep 2019,2019-09-30,quarter,12.0,27.0,-16.0,-133.0,6.0,1.0,2.0,-13.0,0.0,-13.0,-1.43,screener
CLEAN,Dec 2024,2024-12-31,quarter,241.0,142.0,98.0,41.0,5.0,0.0,18.0,85.0,23.0,66.0,6.18,screener
CLEAN,Mar 2025,2025-03-31,quarter,264.0,159.0,105.0,40.0,12.0,0.0,17.0,100.0,26.0,74.0,6.97,screener
CLEAN,Jun 2025,2025-06-30,quarter,243.0,143.0,100.0,41.0,13.0,0.0,19.0,95.0,26.0,70.0,6.59,screener
CLEAN,Sep 2025,2025-09-30,quarter,245.0,158.0,87.0,36.0,7.0,0.0,19.0,75.0,26.0,55.0,5.22,screener
CLEAN,Dec 2025,2025-12-31,quarter,220.0,147.0,72.0,33.0,10.0,0.0,19.0,63.0,27.0,46.0,4.32,screener
CLEAN,Mar 2026,2026-03-31,quarter,249.0,153.0,96.0,38.0,3.0,0.0,21.0,78.0,25.0,58.0,5.48,screener
CLEAN,Jun 2026,2026-06-30,quarter,268.0,172.0,96.0,36.0,22.0,0.0,21.0,98.0,25.0,73.0,6.9,screener
CLEANMAX,Dec 2024,2024-12-31,quarter,374.0,189.0,184.0,49.0,36.0,154.0,83.0,-17.0,-73.0,-4.0,4.85,screener
CLEANMAX,Mar 2025,2025-03-31,quarter,446.0,189.0,257.0,58.0,54.0,204.0,81.0,26.0,34.0,17.0,43.39,screener
CLEANMAX,Sep 2025,2025-09-30,quarter,531.0,195.0,335.0,63.0,27.0,195.0,89.0,79.0,60.0,36.0,2.49,screener
CLEANMAX,Dec 2025,2025-12-31,quarter,422.0,159.0,263.0,62.0,44.0,190.0,111.0,7.0,-219.0,21.0,2.69,screener
CLEANMAX,Mar 2026,2026-03-31,quarter,557.0,290.0,268.0,48.0,84.0,180.0,97.0,75.0,40.0,45.0,4.73,screener
CMICABLES,Sep 2017,2017-09-30,quarter,134.32,115.84,18.48,13.76,0.63,6.98,2.64,9.49,35.3,6.14,4.09,screener
CMICABLES,Dec 2017,2017-12-31,quarter,134.49,115.26,19.23,14.3,0.59,6.85,2.61,10.36,33.98,6.84,4.55,screener
CMICABLES,Mar 2018,2018-03-31,quarter,159.73,138.69,21.04,13.17,1.39,9.36,2.65,10.42,34.84,6.79,4.52,screener
CMICABLES,Jun 2018,2018-06-30,quarter,128.22,109.45,18.77,14.64,1.81,8.31,2.99,9.28,36.42,5.89,3.92,screener
CMICABLES,Sep 2018,2018-09-30,quarter,147.23,129.8,17.43,11.84,3.28,7.84,3.15,9.72,34.16,6.4,4.26,screener
CMICABLES,Dec 2018,2018-12-31,quarter,175.93,156.91,19.02,10.81,3.12,8.66,2.87,10.61,35.72,6.83,4.55,screener
CMSINFO,Dec 2024,2024-12-31,quarter,581.0,422.0,159.0,27.0,12.0,5.0,41.0,125.0,26.0,93.0,5.67,screener
CMSINFO,Mar 2025,2025-03-31,quarter,619.0,457.0,162.0,26.0,14.0,5.0,43.0,129.0,24.0,98.0,5.94,screener
CMSINFO,Jun 2025,2025-06-30,quarter,627.0,470.0,158.0,25.0,16.0,4.0,45.0,126.0,25.0,94.0,5.69,screener
CMSINFO,Sep 2025,2025-09-30,quarter,609.0,471.0,137.0,23.0,11.0,5.0,48.0,96.0,23.0,73.0,4.46,screener
CMSINFO,Dec 2025,2025-12-31,quarter,618.0,479.0,140.0,23.0,-2.0,4.0,56.0,77.0,25.0,57.0,3.49,screener
CMSINFO,Mar 2026,2026-03-31,quarter,633.0,472.0,161.0,25.0,12.0,6.0,59.0,107.0,26.0,79.0,4.8,screener
CMSINFO,Jun 2026,2026-06-30,quarter,635.0,466.0,169.0,27.0,15.0,6.0,73.0,105.0,20.0,84.0,5.07,screener
CNL,Dec 2024,2024-12-31,quarter,659.0,647.0,12.0,2.0,12.0,4.0,0.0,20.0,14.0,17.0,11.99,screener
CNL,Mar 2025,2025-03-31,quarter,404.0,390.0,15.0,4.0,4.0,3.0,0.0,16.0,13.0,14.0,9.14,screener
CNL,Jun 2025,2025-06-30,quarter,393.0,382.0,11.0,3.0,4.0,3.0,0.0,12.0,14.0,10.0,6.78,screener
CNL,Sep 2025,2025-09-30,quarter,656.0,633.0,23.0,3.0,4.0,4.0,0.0,22.0,13.0,19.0,12.62,screener
CNL,Dec 2025,2025-12-31,quarter,914.0,888.0,26.0,3.0,6.0,6.0,0.0,26.0,12.0,23.0,15.56,screener
CNL,Mar 2026,2026-03-31,quarter,741.0,711.0,30.0,4.0,0.0,7.0,0.0,22.0,18.0,18.0,11.85,screener
COALINDIA,Dec 2024,2024-12-31,quarter,36859.0,24541.0,12317.0,33.0,2214.0,226.0,2513.0,11792.0,28.0,8491.0,13.8,screener
COALINDIA,Mar 2025,2025-03-31,quarter,37825.0,26034.0,11790.0,31.0,4106.0,241.0,2782.0,12873.0,25.0,9593.0,15.58,screener
COALINDIA,Jun 2025,2025-06-30,quarter,35842.0,23321.0,12521.0,35.0,1760.0,265.0,2307.0,11709.0,25.0,8734.0,14.19,screener
COALINDIA,Sep 2025,2025-09-30,quarter,30187.0,23471.0,6716.0,22.0,2350.0,287.0,2664.0,6115.0,30.0,4263.0,7.07,screener
COALINDIA,Dec 2025,2025-12-31,quarter,34924.0,25593.0,9331.0,27.0,2680.0,321.0,2218.0,9473.0,24.0,7166.0,11.61,screener
COALINDIA,Mar 2026,2026-03-31,quarter,46490.0,33817.0,12673.0,27.0,5244.0,344.0,2947.0,14627.0,25.0,10908.0,17.59,screener
COCHINSHIP,Dec 2024,2024-12-31,quarter,1148.0,910.0,237.0,21.0,47.0,11.0,32.0,242.0,27.0,177.0,6.73,screener
COCHINSHIP,Mar 2025,2025-03-31,quarter,1758.0,1492.0,266.0,15.0,157.0,12.0,27.0,384.0,25.0,287.0,10.92,screener
COCHINSHIP,Jun 2025,2025-06-30,quarter,1069.0,827.0,241.0,23.0,54.0,12.0,34.0,250.0,25.0,188.0,7.14,screener
COCHINSHIP,Sep 2025,2025-09-30,quarter,1119.0,1045.0,74.0,7.0,127.0,20.0,31.0,150.0,28.0,108.0,4.09,screener
COCHINSHIP,Dec 2025,2025-12-31,quarter,1350.0,1164.0,187.0,14.0,71.0,28.0,33.0,197.0,26.0,145.0,5.5,screener
COCHINSHIP,Mar 2026,2026-03-31,quarter,1484.0,1175.0,310.0,21.0,157.0,32.0,32.0,403.0,31.0,276.0,10.51,screener
COCHINSHIP,Jun 2026,2026-06-30,quarter,1094.0,901.0,193.0,18.0,67.0,25.0,32.0,202.0,25.0,151.0,5.76,screener
COFORGE,Dec 2024,2024-12-31,quarter,3258.0,2823.0,435.0,13.0,56.0,32.0,116.0,343.0,25.0,256.0,6.45,screener
COFORGE,Mar 2025,2025-03-31,quarter,3422.0,2895.0,527.0,15.0,33.0,40.0,125.0,395.0,22.0,307.0,7.81,screener
COFORGE,Jun 2025,2025-06-30,quarter,3704.0,3127.0,577.0,16.0,64.0,46.0,159.0,436.0,18.0,356.0,9.49,screener
COFORGE,Sep 2025,2025-09-30,quarter,3986.0,3253.0,732.0,18.0,38.0,41.0,172.0,558.0,24.0,425.0,11.23,screener
COFORGE,Dec 2025,2025-12-31,quarter,4232.0,3508.0,723.0,17.0,-127.0,42.0,171.0,384.0,23.0,297.0,7.47,screener
COFORGE,Mar 2026,2026-03-31,quarter,4450.0,3574.0,876.0,20.0,-32.0,40.0,180.0,625.0,-7.0,666.0,18.23,screener
COFORGE,Jun 2026,2026-06-30,quarter,5528.0,4470.0,1058.0,19.0,-28.0,87.0,241.0,702.0,24.0,532.0,11.71,screener
COHANCE,Dec 2024,2024-12-31,quarter,676.23,438.86,237.37,35.1,21.56,10.8,43.56,204.57,24.97,153.48,6.01,screener
COHANCE,Mar 2025,2025-03-31,quarter,840.42,611.2,229.22,27.27,-3.73,10.45,54.17,160.87,27.18,117.15,4.73,screener
COHANCE,Jun 2025,2025-06-30,quarter,549.31,437.3,112.01,20.39,6.07,10.18,45.14,62.76,26.07,46.4,1.28,screener
COHANCE,Sep 2025,2025-09-30,quarter,555.57,434.62,120.95,21.77,15.6,8.76,44.02,83.77,20.75,66.39,1.94,screener
COHANCE,Dec 2025,2025-12-31,quarter,544.55,449.2,95.35,17.51,1.3,9.11,46.94,40.6,28.52,29.02,0.96,screener
COHANCE,Mar 2026,2026-03-31,quarter,619.12,520.44,98.68,15.94,-18.35,9.19,51.23,19.91,58.26,8.31,0.51,screener
COMPUSOFT,Mar 2025,2025-03-31,quarter,9.61,8.09,1.52,15.82,2.24,0.91,1.5,1.35,37.04,0.85,0.11,screener
COMPUSOFT,Jun 2025,2025-06-30,quarter,8.78,6.5,2.28,25.97,1.49,0.53,1.43,1.81,25.97,1.34,0.17,screener
COMPUSOFT,Sep 2025,2025-09-30,quarter,8.47,6.92,1.55,18.3,1.54,0.56,1.42,1.11,37.84,0.69,0.09,screener
COMPUSOFT,Dec 2025,2025-12-31,quarter,8.96,7.77,1.19,13.28,1.09,0.93,1.52,-0.17,41.18,-0.24,-0.03,screener
COMPUSOFT,Mar 2026,2026-03-31,quarter,7.93,10.36,-2.43,-30.64,6.52,0.95,1.66,1.48,27.03,1.09,0.14,screener
COMPUSOFT,Jun 2026,2026-06-30,quarter,8.07,6.91,1.16,14.37,3.23,0.84,1.66,1.89,27.51,1.37,0.17,screener
COMSYN,Dec 2024,2024-12-31,quarter,86.49,77.04,9.45,10.93,0.13,2.74,2.64,4.2,16.19,3.52,0.88,screener
COMSYN,Mar 2025,2025-03-31,quarter,97.79,86.41,11.38,11.64,2.25,2.2,0.52,10.91,26.12,8.07,2.02,screener
COMSYN,Jun 2025,2025-06-30,quarter,90.51,79.49,11.02,12.18,0.71,2.44,2.72,6.57,15.53,5.55,1.39,screener
COMSYN,Sep 2025,2025-09-30,quarter,98.45,85.45,13.0,13.2,0.36,2.1,2.67,8.59,1.98,8.42,2.11,screener
COMSYN,Dec 2025,2025-12-31,quarter,97.48,85.39,12.09,12.4,0.15,2.16,2.73,7.35,18.37,6.0,1.5,screener
COMSYN,Mar 2026,2026-03-31,quarter,100.56,88.66,11.9,11.83,1.41,2.43,2.75,8.13,22.02,6.34,1.57,screener
COMSYN,Jun 2026,2026-06-30,quarter,109.13,93.45,15.68,14.37,0.8,1.99,2.98,11.51,22.42,8.93,2.21,screener
CONCOR,Dec 2024,2024-12-31,quarter,2208.0,1743.0,465.0,21.0,96.0,18.0,85.0,457.0,26.0,367.0,4.81,screener
CONCOR,Mar 2025,2025-03-31,quarter,2288.0,1847.0,441.0,19.0,129.0,17.0,160.0,392.0,27.0,300.0,3.94,screener
CONCOR,Jun 2025,2025-06-30,quarter,2154.0,1721.0,433.0,20.0,95.0,17.0,162.0,349.0,26.0,267.0,3.5,screener
CONCOR,Sep 2025,2025-09-30,quarter,2355.0,1779.0,576.0,24.0,88.0,19.0,147.0,498.0,26.0,380.0,4.97,screener
CONCOR,Dec 2025,2025-12-31,quarter,2308.0,1793.0,514.0,22.0,92.0,20.0,154.0,433.0,24.0,335.0,4.38,screener
CONCOR,Mar 2026,2026-03-31,quarter,2263.0,1836.0,427.0,19.0,89.0,21.0,153.0,342.0,24.0,264.0,3.45,screener
CONCOR,Jun 2026,2026-06-30,quarter,2160.0,1715.0,444.0,21.0,86.0,20.0,150.0,360.0,24.0,269.0,3.5,screener
CONCORDBIO,Dec 2024,2024-12-31,quarter,244.0,146.0,98.0,40.0,17.0,0.0,13.0,101.0,25.0,76.0,7.26,screener
CONCORDBIO,Mar 2025,2025-03-31,quarter,430.0,241.0,189.0,44.0,9.0,0.0,15.0,184.0,24.0,140.0,13.42,screener
CONCORDBIO,Jun 2025,2025-06-30,quarter,204.0,143.0,61.0,30.0,15.0,0.0,18.0,59.0,25.0,44.0,4.21,screener
CONCORDBIO,Sep 2025,2025-09-30,quarter,247.0,159.0,88.0,36.0,16.0,0.0,18.0,86.0,26.0,63.0,6.08,screener
CONCORDBIO,Dec 2025,2025-12-31,quarter,278.0,179.0,98.0,35.0,7.0,0.0,19.0,86.0,26.0,64.0,6.16,screener
CONCORDBIO,Mar 2026,2026-03-31,quarter,326.0,208.0,118.0,36.0,15.0,0.0,20.0,114.0,22.0,88.0,8.49,screener
CONSOFINVT,Sep 2020,2020-09-30,quarter,5.0,0.0,,,71.0,0.0,0.0,76.0,2.0,75.0,23.0,screener
CONSOFINVT,Dec 2020,2020-12-31,quarter,6.0,0.0,,,47.0,0.0,0.0,53.0,2.0,52.0,15.85,screener
CONSOFINVT,Mar 2021,2021-03-31,quarter,3.0,0.0,,,273.0,0.0,0.0,276.0,1.0,273.0,78.79,screener
CONSOFINVT,Jun 2021,2021-06-30,quarter,5.0,0.0,,,63.0,0.0,0.0,68.0,2.0,67.0,20.61,screener
CONSOFINVT,Sep 2021,2021-09-30,quarter,11.0,16.0,,,58.0,0.0,0.0,54.0,2.0,53.0,16.22,screener
CONSOFINVT,Dec 2021,2021-12-31,quarter,7.0,-2.0,,,49.0,0.0,0.0,58.0,2.0,57.0,17.37,screener
CONTROLPR,Dec 2024,2024-12-31,quarter,103.0,86.0,17.0,17.0,0.0,1.0,4.0,12.0,32.0,8.0,5.17,screener
CONTROLPR,Mar 2025,2025-03-31,quarter,122.07,99.96,22.11,18.11,3.72,0.74,3.81,21.28,-213.16,66.64,41.67,screener
CONTROLPR,Jun 2025,2025-06-30,quarter,111.29,92.71,18.58,16.7,4.27,0.59,4.41,17.85,52.04,8.57,5.21,screener
CONTROLPR,Sep 2025,2025-09-30,quarter,111.96,86.04,25.92,23.15,1.07,0.64,4.65,21.7,14.38,18.59,11.62,screener
CONTROLPR,Dec 2025,2025-12-31,quarter,118.84,101.01,17.83,15.0,0.19,0.56,4.71,12.75,58.75,5.26,3.29,screener
CONTROLPR,Mar 2026,2026-03-31,quarter,139.87,113.6,26.27,18.78,0.75,1.76,4.83,20.43,45.23,11.19,7.0,screener
CONTROLPR,Jun 2026,2026-06-30,quarter,115.56,100.27,15.29,13.23,0.17,0.85,4.8,9.81,60.14,3.92,2.45,screener
COROMANDEL,Dec 2024,2024-12-31,quarter,6935.0,6222.0,713.0,10.0,114.0,73.0,71.0,683.0,26.0,508.0,17.37,screener
COROMANDEL,Mar 2025,2025-03-31,quarter,4988.0,4579.0,409.0,8.0,473.0,66.0,85.0,731.0,21.0,578.0,19.67,screener
COROMANDEL,Jun 2025,2025-06-30,quarter,7042.0,6260.0,782.0,11.0,84.0,68.0,121.0,677.0,26.0,502.0,17.13,screener
COROMANDEL,Sep 2025,2025-09-30,quarter,9654.0,8508.0,1147.0,12.0,116.0,102.0,102.0,1059.0,25.0,793.0,27.31,screener
COROMANDEL,Dec 2025,2025-12-31,quarter,8779.0,7980.0,800.0,9.0,83.0,84.0,147.0,653.0,25.0,488.0,17.15,screener
COROMANDEL,Mar 2026,2026-03-31,quarter,6004.0,5516.0,488.0,8.0,-6.0,89.0,165.0,228.0,50.0,115.0,4.74,screener
COROMANDEL,Jun 2026,2026-06-30,quarter,8165.0,7409.0,756.0,9.0,50.0,89.0,203.0,514.0,26.0,382.0,12.91,screener
CORONA,Mar 2025,2025-03-31,quarter,294.0,239.0,54.0,18.0,2.0,2.0,10.0,44.0,28.0,32.0,5.16,screener
CORONA,Jun 2025,2025-06-30,quarter,347.0,277.0,70.0,20.0,2.0,2.0,9.0,61.0,24.0,46.0,7.55,screener
CORONA,Sep 2025,2025-09-30,quarter,361.0,283.0,78.0,22.0,2.0,2.0,9.0,70.0,25.0,52.0,8.55,screener
CORONA,Dec 2025,2025-12-31,quarter,342.0,259.0,83.0,24.0,-17.0,2.0,9.0,55.0,25.0,41.0,6.75,screener
CORONA,Mar 2026,2026-03-31,quarter,353.0,291.0,62.0,18.0,4.0,1.0,10.0,55.0,17.0,45.0,7.41,screener
CORONA,Jun 2026,2026-06-30,quarter,422.0,329.0,93.0,22.0,3.0,3.0,13.0,80.0,25.0,60.0,9.83,screener
COSMOFIRST,Dec 2024,2024-12-31,quarter,701.0,638.0,63.0,9.0,23.0,25.0,25.0,36.0,19.0,30.0,11.26,screener
COSMOFIRST,Mar 2025,2025-03-31,quarter,746.0,676.0,70.0,9.0,15.0,27.0,26.0,33.0,17.0,27.0,10.32,screener
COSMOFIRST,Jun 2025,2025-06-30,quarter,800.0,708.0,92.0,11.0,24.0,32.0,30.0,54.0,21.0,43.0,16.33,screener
COSMOFIRST,Sep 2025,2025-09-30,quarter,919.0,816.0,103.0,11.0,25.0,37.0,34.0,57.0,19.0,47.0,17.79,screener
COSMOFIRST,Dec 2025,2025-12-31,quarter,899.0,831.0,68.0,8.0,35.0,37.0,35.0,31.0,5.0,30.0,11.24,screener
COSMOFIRST,Mar 2026,2026-03-31,quarter,1021.0,900.0,121.0,12.0,10.0,36.0,37.0,58.0,36.0,37.0,14.06,screener
CPCAP,Dec 2024,2024-12-31,quarter,13.46,3.0,,,1.0,1.09,0.72,9.65,13.47,8.35,4.59,screener
CPCAP,Mar 2025,2025-03-31,quarter,16.01,1.9,,,0.05,1.05,0.68,12.43,30.81,8.6,4.73,screener
CPCAP,Jun 2025,2025-06-30,quarter,14.89,3.7,,,4.54,1.11,0.68,13.94,22.6,10.78,5.92,screener
CPCAP,Sep 2025,2025-09-30,quarter,14.85,2.16,,,3.23,1.92,0.68,13.32,23.65,10.16,5.58,screener
CPCAP,Dec 2025,2025-12-31,quarter,20.69,3.36,,,-0.29,2.07,0.69,14.28,12.39,12.5,6.87,screener
CPCAP,Mar 2026,2026-03-31,quarter,18.47,3.72,,,0.15,1.95,0.68,12.27,25.51,9.14,5.02,screener
CPEDU,Dec 2024,2024-12-31,quarter,13.51,6.81,6.7,49.59,0.65,0.0,0.24,7.11,19.13,5.76,93.82,screener
CPEDU,Mar 2025,2025-03-31,quarter,11.21,7.4,3.81,33.99,0.85,0.0,0.22,4.44,12.84,3.86,62.98,screener
CPEDU,Jun 2025,2025-06-30,quarter,14.52,5.45,9.07,62.47,0.76,0.0,0.16,9.67,25.65,7.18,3.95,screener
CPEDU,Sep 2025,2025-09-30,quarter,11.42,6.16,5.26,46.06,1.65,0.0,0.15,6.76,25.0,5.07,2.78,screener
CPEDU,Dec 2025,2025-12-31,quarter,14.63,9.0,5.63,38.48,1.73,0.0,0.15,7.21,29.13,5.11,2.81,screener
CPEDU,Mar 2026,2026-03-31,quarter,10.66,4.75,5.91,55.44,1.66,0.04,0.14,7.39,24.36,5.59,3.07,screener
CPPLUS,Dec 2024,2024-12-31,quarter,830.0,760.0,69.0,8.0,4.0,11.0,9.0,53.0,24.0,40.0,3.66,screener_yfinance_fallback_normalized
CPPLUS,Mar 2025,2025-03-31,quarter,977.0,879.0,98.0,10.0,0.0,12.0,12.0,74.0,26.0,55.0,5.01,screener_yfinance_fallback_normalized
CPPLUS,Jun 2025,2025-06-30,quarter,740.0,679.0,61.0,8.0,4.0,11.0,10.0,44.0,25.0,33.0,2.99,screener_yfinance_fallback_normalized
CPPLUS,Sep 2025,2025-09-30,quarter,920.0,811.0,109.0,12.0,3.0,7.0,11.0,94.0,25.0,70.0,5.97,screener_yfinance_fallback_normalized
CPPLUS,Dec 2025,2025-12-31,quarter,1139.0,999.0,140.0,12.0,5.0,5.0,12.0,127.0,25.0,96.0,8.17,screener_yfinance_fallback_normalized
CPPLUS,Mar 2026,2026-03-31,quarter,1422.0,1165.0,257.0,18.0,2.0,8.0,23.0,228.0,26.0,169.0,14.36,screener_yfinance_fallback_normalized
CRAFTSMAN,Dec 2024,2024-12-31,quarter,1576.0,1377.0,199.0,13.0,-6.0,58.0,103.0,31.0,59.0,13.0,5.42,screener
CRAFTSMAN,Mar 2025,2025-03-31,quarter,1749.0,1506.0,244.0,14.0,-5.0,68.0,95.0,76.0,12.0,67.0,27.99,screener
CRAFTSMAN,Jun 2025,2025-06-30,quarter,1784.0,1519.0,265.0,15.0,-3.0,66.0,102.0,94.0,26.0,70.0,29.18,screener
CRAFTSMAN,Sep 2025,2025-09-30,quarter,2002.0,1700.0,302.0,15.0,9.0,77.0,109.0,125.0,28.0,91.0,38.09,screener
CRAFTSMAN,Dec 2025,2025-12-31,quarter,2057.0,1745.0,312.0,15.0,24.0,79.0,115.0,142.0,25.0,107.0,44.9,screener
CRAFTSMAN,Mar 2026,2026-03-31,quarter,2226.0,1868.0,359.0,16.0,19.0,86.0,118.0,173.0,33.0,116.0,48.8,screener
CRAFTSMAN,Jun 2026,2026-06-30,quarter,2432.0,2048.0,384.0,16.0,24.0,86.0,120.0,201.0,25.0,151.0,57.56,screener
CREDITACC,Dec 2024,2024-12-31,quarter,1380.0,1020.0,,,2.0,475.0,16.0,-129.0,-23.0,-100.0,-6.24,screener
CREDITACC,Mar 2025,2025-03-31,quarter,1407.0,864.0,,,1.0,478.0,15.0,51.0,8.0,47.0,2.96,screener
CREDITACC,Jun 2025,2025-06-30,quarter,1463.0,885.0,,,1.0,482.0,15.0,81.0,26.0,60.0,3.77,screener
CREDITACC,Sep 2025,2025-09-30,quarter,1508.0,845.0,,,1.0,480.0,16.0,169.0,26.0,126.0,7.87,screener
CREDITACC,Dec 2025,2025-12-31,quarter,1490.0,678.0,,,1.0,459.0,16.0,338.0,25.0,252.0,15.75,screener
CREDITACC,Mar 2026,2026-03-31,quarter,1597.0,660.0,,,1.0,478.0,16.0,445.0,24.0,340.0,21.2,screener
CREDITACC,Jun 2026,2026-06-30,quarter,1783.0,558.0,,,1.0,550.0,16.0,660.0,25.0,493.0,30.79,screener
CRISIL,Dec 2024,2024-12-31,quarter,913.0,626.0,287.0,31.0,30.0,2.0,21.0,294.0,24.0,225.0,30.72,screener
CRISIL,Mar 2025,2025-03-31,quarter,813.0,581.0,232.0,29.0,31.0,6.0,30.0,227.0,30.0,160.0,21.86,screener
CRISIL,Jun 2025,2025-06-30,quarter,843.0,604.0,239.0,28.0,24.0,6.0,32.0,225.0,24.0,172.0,23.46,screener
CRISIL,Sep 2025,2025-09-30,quarter,911.0,648.0,263.0,29.0,37.0,6.0,32.0,262.0,26.0,193.0,26.41,screener
CRISIL,Dec 2025,2025-12-31,quarter,1082.0,742.0,340.0,31.0,27.0,5.0,35.0,327.0,26.0,242.0,33.02,screener
CRISIL,Mar 2026,2026-03-31,quarter,1058.0,739.0,319.0,30.0,36.0,7.0,39.0,308.0,24.0,233.0,31.9,screener
CRISIL,Jun 2026,2026-06-30,quarter,1075.0,768.0,308.0,29.0,21.0,7.0,42.0,280.0,23.0,216.0,29.6,screener
CRIZAC,Dec 2024,2024-12-31,quarter,218.0,155.0,63.0,29.0,8.0,0.0,12.0,60.0,28.0,43.0,2.47,screener
CRIZAC,Mar 2025,2025-03-31,quarter,341.0,276.0,65.0,19.0,9.0,0.0,11.0,62.0,20.0,50.0,2.85,screener
CRIZAC,Jun 2025,2025-06-30,quarter,210.0,148.0,61.0,29.0,8.0,0.0,7.0,62.0,26.0,46.0,2.62,screener
CRIZAC,Sep 2025,2025-09-30,quarter,162.0,99.0,63.0,39.0,8.0,0.0,6.0,65.0,25.0,48.0,2.76,screener
CRIZAC,Dec 2025,2025-12-31,quarter,279.0,213.0,66.0,24.0,7.0,0.0,6.0,67.0,25.0,51.0,2.85,screener
CRIZAC,Mar 2026,2026-03-31,quarter,392.0,297.0,95.0,24.0,7.0,0.0,9.0,93.0,20.0,74.0,4.29,screener
CROMPTON,Dec 2024,2024-12-31,quarter,1769.0,1581.0,188.0,11.0,12.0,10.0,38.0,151.0,26.0,112.0,1.71,screener
CROMPTON,Mar 2025,2025-03-31,quarter,2061.0,1793.0,267.0,13.0,16.0,13.0,40.0,231.0,26.0,172.0,2.63,screener
CROMPTON,Jun 2025,2025-06-30,quarter,1998.0,1807.0,192.0,10.0,24.0,10.0,40.0,166.0,25.0,124.0,1.9,screener
CROMPTON,Sep 2025,2025-09-30,quarter,1916.0,1757.0,158.0,8.0,-7.0,5.0,44.0,102.0,26.0,75.0,1.11,screener
CROMPTON,Dec 2025,2025-12-31,quarter,1898.0,1703.0,195.0,10.0,-7.0,8.0,44.0,136.0,26.0,101.0,1.53,screener
CROMPTON,Mar 2026,2026-03-31,quarter,2283.0,2013.0,271.0,12.0,-700.0,9.0,45.0,-484.0,10.0,-531.0,-8.29,screener
CROMPTON,Jun 2026,2026-06-30,quarter,2235.0,2011.0,224.0,10.0,22.0,10.0,45.0,191.0,25.0,143.0,2.18,screener
CUMMINSIND,Dec 2024,2024-12-31,quarter,3096.0,2499.0,598.0,19.0,168.0,3.0,49.0,714.0,22.0,558.0,20.15,screener
CUMMINSIND,Mar 2025,2025-03-31,quarter,2470.0,1945.0,525.0,21.0,217.0,5.0,46.0,690.0,23.0,530.0,19.1,screener
CUMMINSIND,Jun 2025,2025-06-30,quarter,2907.0,2283.0,624.0,21.0,212.0,3.0,48.0,785.0,23.0,604.0,21.79,screener
CUMMINSIND,Sep 2025,2025-09-30,quarter,3170.0,2475.0,695.0,22.0,181.0,3.0,49.0,824.0,24.0,622.0,22.45,screener
CUMMINSIND,Dec 2025,2025-12-31,quarter,3055.0,2420.0,634.0,21.0,46.0,5.0,50.0,626.0,22.0,486.0,17.53,screener
CUMMINSIND,Mar 2026,2026-03-31,quarter,3011.0,2369.0,642.0,21.0,263.0,2.0,51.0,852.0,24.0,649.0,23.43,screener
CUMMINSIND,Jun 2026,2026-06-30,quarter,3426.0,2810.0,616.0,18.0,227.0,4.0,53.0,787.0,23.0,609.0,21.98,screener
CUPID,Dec 2024,2024-12-31,quarter,46.0,35.0,11.0,25.0,4.0,0.0,1.0,14.0,21.0,11.0,0.08,screener
CUPID,Mar 2025,2025-03-31,quarter,56.0,43.0,13.0,24.0,5.0,1.0,1.0,16.0,28.0,12.0,0.09,screener
CUPID,Jun 2025,2025-06-30,quarter,60.0,43.0,16.0,28.0,5.0,1.0,1.0,20.0,23.0,15.0,0.11,screener
CUPID,Sep 2025,2025-09-30,quarter,84.0,56.0,28.0,34.0,6.0,1.0,1.0,32.0,25.0,24.0,0.18,screener
CUPID,Dec 2025,2025-12-31,quarter,94.0,59.0,34.0,37.0,11.0,1.0,1.0,43.0,24.0,33.0,0.24,screener
CUPID,Mar 2026,2026-03-31,quarter,120.0,82.0,38.0,31.0,12.0,1.0,1.0,47.0,24.0,36.0,0.27,screener
CUPID,Jun 2026,2026-06-30,quarter,155.0,95.0,60.0,39.0,2.0,1.0,1.0,60.0,26.0,44.0,0.33,screener
CURIS,Jun 2024,2024-06-30,quarter,9.12,6.39,2.73,29.93,0.0,0.25,0.17,2.31,48.05,1.2,24.0,screener
CYIENT,Dec 2024,2024-12-31,quarter,1926.0,1648.0,278.0,14.0,-17.0,20.0,68.0,174.0,26.0,128.0,11.02,screener
CYIENT,Mar 2025,2025-03-31,quarter,1909.0,1611.0,298.0,16.0,41.0,19.0,68.0,252.0,26.0,186.0,15.35,screener
CYIENT,Jun 2025,2025-06-30,quarter,1712.0,1484.0,228.0,13.0,70.0,16.0,68.0,214.0,26.0,157.0,13.85,screener
CYIENT,Sep 2025,2025-09-30,quarter,1781.0,1567.0,214.0,12.0,71.0,16.0,72.0,197.0,27.0,143.0,11.48,screener
CYIENT,Dec 2025,2025-12-31,quarter,1848.0,1614.0,235.0,13.0,-11.0,14.0,70.0,139.0,30.0,97.0,8.26,screener
CYIENT,Mar 2026,2026-03-31,quarter,1927.0,1705.0,222.0,12.0,-45.0,14.0,68.0,95.0,31.0,66.0,4.93,screener
CYIENTDLM,Dec 2024,2024-12-31,quarter,444.0,416.0,28.0,6.0,7.0,10.0,10.0,15.0,27.0,11.0,1.39,screener
CYIENTDLM,Mar 2025,2025-03-31,quarter,428.0,371.0,57.0,13.0,3.0,9.0,10.0,42.0,26.0,31.0,3.91,screener
CYIENTDLM,Jun 2025,2025-06-30,quarter,278.0,253.0,25.0,9.0,4.0,9.0,11.0,10.0,26.0,7.0,0.94,screener
CYIENTDLM,Sep 2025,2025-09-30,quarter,311.0,279.0,31.0,10.0,23.0,7.0,11.0,36.0,12.0,32.0,4.05,screener
CYIENTDLM,Dec 2025,2025-12-31,quarter,303.0,276.0,28.0,9.0,4.0,6.0,11.0,15.0,25.0,11.0,1.41,screener
CYIENTDLM,Mar 2026,2026-03-31,quarter,369.0,326.0,43.0,12.0,5.0,6.0,11.0,32.0,29.0,22.0,2.83,screener
CYIENTDLM,Jun 2026,2026-06-30,quarter,374.0,335.0,39.0,10.0,0.0,6.0,11.0,22.0,27.0,16.0,2.05,screener
DABUR,Dec 2024,2024-12-31,quarter,3355.0,2673.0,682.0,20.0,129.0,44.0,109.0,658.0,22.0,516.0,2.95,screener
DABUR,Mar 2025,2025-03-31,quarter,2830.0,2403.0,427.0,15.0,141.0,39.0,117.0,412.0,24.0,313.0,1.81,screener
DABUR,Jun 2025,2025-06-30,quarter,3405.0,2737.0,667.0,20.0,144.0,35.0,114.0,663.0,23.0,508.0,2.9,screener
DABUR,Sep 2025,2025-09-30,quarter,3191.0,2603.0,588.0,18.0,140.0,40.0,115.0,573.0,22.0,445.0,2.55,screener
DABUR,Dec 2025,2025-12-31,quarter,3559.0,2825.0,734.0,21.0,126.0,31.0,117.0,711.0,22.0,554.0,3.16,screener
DABUR,Mar 2026,2026-03-31,quarter,3038.0,2577.0,461.0,15.0,175.0,40.0,122.0,474.0,24.0,362.0,2.08,screener
DABUR,Jun 2026,2026-06-30,quarter,3764.0,3024.0,741.0,20.0,173.0,37.0,121.0,756.0,22.0,586.0,3.33,screener
DALBHARAT,Dec 2024,2024-12-31,quarter,3181.0,2670.0,511.0,16.0,37.0,101.0,364.0,83.0,20.0,66.0,3.25,screener
DALBHARAT,Mar 2025,2025-03-31,quarter,4091.0,3298.0,793.0,19.0,93.0,105.0,314.0,467.0,6.0,439.0,23.19,screener
DALBHARAT,Jun 2025,2025-06-30,quarter,3636.0,2753.0,883.0,24.0,65.0,108.0,322.0,518.0,24.0,395.0,20.95,screener
DALBHARAT,Sep 2025,2025-09-30,quarter,3417.0,2721.0,696.0,20.0,66.0,122.0,322.0,318.0,25.0,239.0,12.58,screener
DALBHARAT,Dec 2025,2025-12-31,quarter,3506.0,2904.0,602.0,17.0,30.0,118.0,340.0,174.0,26.0,128.0,6.5,screener
DALBHARAT,Mar 2026,2026-03-31,quarter,4245.0,3343.0,902.0,21.0,34.0,132.0,365.0,439.0,10.0,394.0,20.63,screener
DALBHARAT,Jun 2026,2026-06-30,quarter,3890.0,3085.0,805.0,21.0,-43.0,147.0,361.0,254.0,24.0,192.0,10.02,screener
DALMIASUG,Sep 2024,2024-09-30,quarter,926.0,861.0,66.0,7.0,16.0,12.0,32.0,38.0,-75.0,66.0,8.18,screener
DALMIASUG,Dec 2024,2024-12-31,quarter,838.0,736.0,101.0,12.0,19.0,9.0,35.0,76.0,22.0,59.0,7.33,screener
DALMIASUG,Mar 2025,2025-03-31,quarter,1016.0,818.0,197.0,19.0,16.0,16.0,38.0,160.0,-25.0,199.0,24.57,screener
DALMIASUG,Sep 2025,2025-09-30,quarter,989.0,932.0,56.0,6.0,20.0,10.0,34.0,31.0,25.0,23.0,2.88,screener
DALMIASUG,Dec 2025,2025-12-31,quarter,698.0,588.0,109.0,16.0,29.0,12.0,33.0,93.0,25.0,70.0,8.61,screener
DALMIASUG,Mar 2026,2026-03-31,quarter,991.0,821.0,170.0,17.0,34.0,25.0,37.0,143.0,27.0,104.0,12.91,screener
DAMCAPITAL,Dec 2024,2024-12-31,quarter,103.98,33.06,70.92,68.21,0.03,0.37,1.28,69.3,25.67,51.51,7.29,screener
DAMCAPITAL,Mar 2025,2025-03-31,quarter,36.61,23.42,13.19,36.03,0.0,1.46,2.61,9.12,6.8,8.5,1.2,screener
DAMCAPITAL,Jun 2025,2025-06-30,quarter,30.85,24.82,6.03,19.55,0.03,2.25,3.38,0.43,46.51,0.23,0.03,screener
DAMCAPITAL,Sep 2025,2025-09-30,quarter,107.05,31.15,75.9,70.9,0.0,2.25,3.65,70.0,25.5,52.15,7.38,screener
DAMCAPITAL,Dec 2025,2025-12-31,quarter,69.94,37.13,32.81,46.91,0.0,2.23,3.61,26.97,25.62,20.06,2.84,screener
DAMCAPITAL,Mar 2026,2026-03-31,quarter,29.27,23.23,6.04,20.64,0.0,2.21,3.62,0.21,-19.05,0.25,0.04,screener
DATAMATICS,Dec 2024,2024-12-31,quarter,425.0,371.0,55.0,13.0,46.0,2.0,10.0,88.0,15.0,75.0,12.57,screener
DATAMATICS,Mar 2025,2025-03-31,quarter,497.0,423.0,75.0,15.0,8.0,7.0,20.0,56.0,19.0,45.0,7.59,screener
DATAMATICS,Jun 2025,2025-06-30,quarter,468.0,392.0,76.0,16.0,12.0,5.0,20.0,64.0,21.0,50.0,8.52,screener
DATAMATICS,Sep 2025,2025-09-30,quarter,490.0,401.0,89.0,18.0,16.0,4.0,20.0,81.0,21.0,63.0,10.7,screener
DATAMATICS,Dec 2025,2025-12-31,quarter,510.0,414.0,96.0,19.0,-28.0,5.0,22.0,42.0,13.0,36.0,6.16,screener
DATAMATICS,Mar 2026,2026-03-31,quarter,519.0,409.0,111.0,21.0,-9.0,5.0,23.0,74.0,39.0,45.0,7.48,screener
DATAMATICS,Jun 2026,2026-06-30,quarter,514.0,413.0,101.0,20.0,18.0,5.0,23.0,92.0,21.0,72.0,12.24,screener
DBCORP,Dec 2024,2024-12-31,quarter,643.0,465.0,177.0,28.0,13.0,6.0,24.0,160.0,26.0,118.0,6.63,screener
DBCORP,Mar 2025,2025-03-31,quarter,548.0,465.0,83.0,15.0,19.0,7.0,24.0,71.0,26.0,52.0,2.94,screener
DBCORP,Jun 2025,2025-06-30,quarter,559.0,449.0,111.0,20.0,28.0,7.0,24.0,108.0,25.0,81.0,4.54,screener
DBCORP,Sep 2025,2025-09-30,quarter,614.0,476.0,138.0,22.0,20.0,7.0,25.0,126.0,26.0,93.0,5.24,screener
DBCORP,Dec 2025,2025-12-31,quarter,605.0,470.0,135.0,22.0,24.0,6.0,25.0,129.0,26.0,96.0,5.36,screener
DBCORP,Mar 2026,2026-03-31,quarter,576.0,472.0,104.0,18.0,13.0,7.0,26.0,85.0,27.0,62.0,3.49,screener
DBL,Dec 2024,2024-12-31,quarter,2590.0,2113.0,477.0,18.0,138.0,320.0,86.0,208.0,24.0,158.0,7.88,screener
DBL,Mar 2025,2025-03-31,quarter,3096.0,2435.0,661.0,21.0,86.0,309.0,87.0,350.0,21.0,277.0,11.68,screener
DBL,Jun 2025,2025-06-30,quarter,2620.0,2100.0,521.0,20.0,386.0,498.0,78.0,330.0,18.0,271.0,14.1,screener
DBL,Sep 2025,2025-09-30,quarter,1926.0,1455.0,471.0,24.0,191.0,320.0,77.0,265.0,19.0,214.0,11.17,screener
DBL,Dec 2025,2025-12-31,quarter,2138.0,1756.0,382.0,18.0,755.0,349.0,75.0,713.0,-11.0,789.0,51.09,screener
DBL,Mar 2026,2026-03-31,quarter,2300.0,1908.0,392.0,17.0,65.0,236.0,68.0,153.0,19.0,124.0,3.82,screener
DBOL,Mar 2025,2025-03-31,quarter,464.0,369.0,96.0,21.0,1.0,20.0,16.0,61.0,26.0,45.0,6.75,screener
DBOL,Jun 2025,2025-06-30,quarter,492.0,484.0,9.0,1.8,-6.0,19.0,12.0,-29.0,-24.0,-22.0,-3.31,screener
DBOL,Sep 2025,2025-09-30,quarter,558.0,566.0,-8.0,-1.4,13.0,14.0,15.0,-23.0,-32.0,-16.0,-2.41,screener
DBOL,Dec 2025,2025-12-31,quarter,486.0,444.0,43.0,9.0,9.0,11.0,15.0,26.0,34.0,17.0,2.55,screener
DBOL,Mar 2026,2026-03-31,quarter,460.0,380.0,80.0,17.0,15.0,14.0,13.0,69.0,33.0,46.0,6.97,screener
DBOL,Jun 2026,2026-06-30,quarter,533.0,524.0,9.0,1.7,52.0,16.0,13.0,32.0,-14.0,37.0,5.54,screener
DBREALTY,Dec 2024,2024-12-31,quarter,330.0,312.0,18.0,5.0,11.0,27.0,14.0,-12.0,-163.0,8.0,0.08,screener
DBREALTY,Mar 2025,2025-03-31,quarter,537.0,560.0,-23.0,-4.2,35.0,12.0,0.0,-1.0,47.0,-2.0,-0.04,screener
DBREALTY,Jun 2025,2025-06-30,quarter,840.0,870.0,-30.0,-3.6,75.0,18.0,0.0,27.0,48.0,14.0,0.23,screener
DBREALTY,Sep 2025,2025-09-30,quarter,137.0,95.0,42.0,31.0,1.0,29.0,0.0,14.0,31.0,10.0,0.19,screener
DBREALTY,Dec 2025,2025-12-31,quarter,529.0,439.0,90.0,17.0,7.0,25.0,1.0,71.0,12.0,62.0,1.15,screener
DBREALTY,Mar 2026,2026-03-31,quarter,87.0,166.0,-79.0,-91.0,51.0,27.0,4.0,-59.0,0.0,-59.0,-1.09,screener
DBSTOCKBRO,Dec 2024,2024-12-31,quarter,9.15,7.53,1.62,17.7,0.0,0.36,0.31,0.95,-9.47,1.03,0.29,screener
DBSTOCKBRO,Mar 2025,2025-03-31,quarter,7.78,5.38,2.4,30.85,0.03,0.18,0.47,1.78,24.72,1.34,0.38,screener
DBSTOCKBRO,Jun 2025,2025-06-30,quarter,6.96,5.05,1.91,27.44,0.0,0.29,0.3,1.32,23.48,1.01,0.29,screener
DBSTOCKBRO,Sep 2025,2025-09-30,quarter,8.01,6.14,1.87,23.35,0.01,0.28,0.29,1.31,24.43,0.98,0.28,screener
DBSTOCKBRO,Dec 2025,2025-12-31,quarter,6.61,4.81,1.8,27.23,0.0,0.34,0.3,1.16,23.28,0.89,0.25,screener
DBSTOCKBRO,Mar 2026,2026-03-31,quarter,6.08,4.9,1.18,19.41,0.01,0.29,0.32,0.58,58.62,0.23,0.07,screener
DCAL,Dec 2024,2024-12-31,quarter,682.0,542.0,140.0,21.0,8.0,49.0,72.0,27.0,83.0,5.0,0.3,screener
DCAL,Mar 2025,2025-03-31,quarter,716.0,564.0,153.0,21.0,-4.0,42.0,79.0,28.0,-56.0,43.0,2.75,screener
DCAL,Jun 2025,2025-06-30,quarter,708.0,567.0,141.0,20.0,22.0,43.0,81.0,39.0,39.0,23.0,1.49,screener
DCAL,Sep 2025,2025-09-30,quarter,653.0,504.0,149.0,23.0,8.0,42.0,84.0,31.0,-114.0,65.0,4.16,screener
DCAL,Dec 2025,2025-12-31,quarter,720.0,607.0,113.0,16.0,7.0,46.0,84.0,-10.0,24.0,-13.0,-0.83,screener
DCAL,Mar 2026,2026-03-31,quarter,851.0,688.0,163.0,19.0,15.0,43.0,89.0,46.0,53.0,22.0,1.39,screener
DCI,Dec 2024,2024-12-31,quarter,134.19,126.72,7.47,5.57,-0.15,1.77,0.15,5.4,25.37,4.04,2.85,screener
DCI,Mar 2025,2025-03-31,quarter,172.72,165.76,6.96,4.03,0.88,2.11,0.16,5.57,33.21,3.72,2.62,screener
DCI,Sep 2025,2025-09-30,quarter,153.42,144.95,8.47,5.52,0.07,1.42,0.15,6.97,28.12,5.01,3.13,screener
DCI,Dec 2025,2025-12-31,quarter,196.0,185.74,10.26,5.23,0.51,2.25,0.22,8.3,21.81,6.49,4.06,screener
DCI,Mar 2026,2026-03-31,quarter,239.46,229.23,10.23,4.27,0.62,3.2,0.25,7.4,23.38,5.66,3.45,screener
DCMNVL,Mar 2025,2025-03-31,quarter,281.0,263.0,19.0,7.0,2.0,6.0,7.0,8.0,31.0,5.0,2.96,screener
DCMNVL,Jun 2025,2025-06-30,quarter,253.0,237.0,16.0,6.0,1.0,5.0,7.0,4.0,58.0,2.0,1.2,screener
DCMNVL,Sep 2025,2025-09-30,quarter,239.0,230.0,9.0,3.8,1.0,4.0,7.0,-2.0,18.0,-2.0,-1.04,screener
DCMNVL,Dec 2025,2025-12-31,quarter,273.0,260.0,12.0,4.5,-1.0,4.0,7.0,0.0,202.0,-2.0,-0.59,screener
DCMNVL,Mar 2026,2026-03-31,quarter,263.0,245.0,18.0,7.0,0.0,5.0,7.0,6.0,35.0,4.0,2.37,screener
DCMNVL,Jun 2026,2026-06-30,quarter,287.0,239.0,49.0,17.0,2.0,5.0,7.0,38.0,28.0,28.0,14.98,screener
DCMSHRIRAM,Dec 2024,2024-12-31,quarter,3367.0,2871.0,496.0,15.0,41.0,43.0,109.0,386.0,32.0,262.0,16.81,screener
DCMSHRIRAM,Mar 2025,2025-03-31,quarter,2877.0,2472.0,405.0,14.0,21.0,43.0,114.0,270.0,34.0,179.0,11.47,screener
DCMSHRIRAM,Jun 2025,2025-06-30,quarter,3262.0,2958.0,304.0,9.0,22.0,44.0,112.0,170.0,33.0,114.0,7.27,screener
DCMSHRIRAM,Sep 2025,2025-09-30,quarter,3272.0,2963.0,309.0,9.0,99.0,43.0,119.0,246.0,35.0,159.0,10.13,screener
DCMSHRIRAM,Dec 2025,2025-12-31,quarter,3811.0,3280.0,532.0,14.0,-26.0,49.0,134.0,322.0,34.0,213.0,13.6,screener
DCMSHRIRAM,Mar 2026,2026-03-31,quarter,3193.0,2840.0,353.0,11.0,78.0,40.0,138.0,254.0,-46.0,371.0,23.72,screener
DCXINDIA,Dec 2024,2024-12-31,quarter,200.01,197.01,3.0,1.5,18.18,1.71,3.52,15.95,37.24,10.01,0.9,screener
DCXINDIA,Mar 2025,2025-03-31,quarter,549.96,539.74,10.22,1.86,23.52,1.54,3.73,28.47,27.26,20.7,1.86,screener
DCXINDIA,Jun 2025,2025-06-30,quarter,222.16,221.04,1.12,0.5,13.95,0.91,3.53,10.63,61.81,4.06,0.36,screener
DCXINDIA,Sep 2025,2025-09-30,quarter,192.85,205.66,-12.81,-6.64,12.05,0.75,3.8,-5.31,70.24,-9.04,-0.81,screener
DCXINDIA,Dec 2025,2025-12-31,quarter,121.06,126.19,-5.13,-4.24,10.71,0.92,3.99,0.67,462.69,-2.43,-0.22,screener
DCXINDIA,Mar 2026,2026-03-31,quarter,207.27,207.6,-0.33,-0.16,8.42,0.73,4.03,3.33,109.31,-0.3,-0.03,screener
DECCANCE,Dec 2024,2024-12-31,quarter,115.45,106.71,8.74,7.57,3.31,3.51,7.07,1.47,45.58,0.81,0.58,screener
DECCANCE,Mar 2025,2025-03-31,quarter,118.92,105.8,13.12,11.03,6.98,2.81,6.89,10.4,23.65,7.95,5.68,screener
DECCANCE,Jun 2025,2025-06-30,quarter,150.56,122.68,27.88,18.52,2.74,3.47,6.68,20.47,24.96,15.35,10.96,screener
DECCANCE,Sep 2025,2025-09-30,quarter,140.31,120.15,20.16,14.37,2.32,3.27,6.74,12.47,27.19,9.07,6.48,screener
DECCANCE,Dec 2025,2025-12-31,quarter,130.85,119.47,11.38,8.7,1.58,5.5,8.15,-0.69,-20.29,-0.56,-0.4,screener
DECCANCE,Mar 2026,2026-03-31,quarter,213.89,196.67,17.22,8.05,13.87,15.04,14.04,2.01,-135.32,4.72,3.37,screener
DECCANTRAN,Sep 2024,2024-09-30,quarter,77.0,69.0,8.0,10.0,1.0,2.0,1.0,6.0,20.0,5.0,2.15,screener
DECCANTRAN,Mar 2025,2025-03-31,quarter,90.0,87.0,2.0,3.0,0.0,1.0,1.0,1.0,-9.0,1.0,0.57,screener
DECCANTRAN,Sep 2025,2025-09-30,quarter,73.0,64.0,9.0,12.0,1.0,2.0,2.0,6.0,27.0,4.0,1.9,screener
DECCANTRAN,Mar 2026,2026-03-31,quarter,87.0,78.0,9.0,10.0,2.0,4.0,4.0,3.0,-41.0,4.0,1.69,screener
DECNGOLD,Dec 2024,2024-12-31,quarter,1.07,23.57,-22.5,-2102.8,0.0,0.0,3.2,-25.7,0.0,-24.55,-1.09,screener
DECNGOLD,Mar 2025,2025-03-31,quarter,0.47,21.65,-21.18,-4506.38,0.0,2.7,3.18,-27.06,0.0,11.82,0.74,screener
DECNGOLD,Jun 2025,2025-06-30,quarter,0.38,24.52,-24.14,-6352.63,0.0,3.65,3.19,-30.98,-0.39,-28.12,-1.25,screener
DECNGOLD,Sep 2025,2025-09-30,quarter,3.06,12.33,-9.27,-302.94,0.0,4.88,3.25,-17.4,0.0,-19.88,-0.84,screener
DECNGOLD,Dec 2025,2025-12-31,quarter,1.41,11.5,-10.09,-715.6,0.0,6.24,3.24,-19.57,-0.31,-22.19,-0.96,screener
DECNGOLD,Mar 2026,2026-03-31,quarter,9.33,10.63,-1.3,-13.93,0.0,0.15,6.78,-8.23,0.97,5.73,0.39,screener
DECNGOLD,Jun 2026,2026-06-30,quarter,0.6,12.23,-11.63,-1938.33,0.0,0.61,3.13,-15.37,0.0,-8.73,-0.33,screener
DEEDEV,Mar 2025,2025-03-31,quarter,286.0,223.0,64.0,22.0,3.0,12.0,12.0,42.0,26.0,32.0,4.56,screener
DEEDEV,Jun 2025,2025-06-30,quarter,224.0,188.0,36.0,16.0,4.0,11.0,13.0,16.0,17.0,13.0,1.91,screener
DEEDEV,Sep 2025,2025-09-30,quarter,270.0,226.0,44.0,16.0,5.0,14.0,13.0,22.0,20.0,18.0,2.58,screener
DEEDEV,Dec 2025,2025-12-31,quarter,287.0,239.0,48.0,17.0,1.0,15.0,14.0,20.0,8.0,19.0,2.64,screener
DEEDEV,Mar 2026,2026-03-31,quarter,362.0,298.0,64.0,18.0,4.0,16.0,14.0,38.0,27.0,28.0,4.04,screener
DEEDEV,Jun 2026,2026-06-30,quarter,294.0,245.0,50.0,17.0,2.0,17.0,15.0,20.0,20.0,16.0,2.33,screener
DEEPAKFERT,Dec 2024,2024-12-31,quarter,2579.0,2093.0,486.0,19.0,13.0,98.0,100.0,301.0,16.0,253.0,19.86,screener
DEEPAKFERT,Mar 2025,2025-03-31,quarter,2667.0,2187.0,480.0,18.0,50.0,101.0,109.0,320.0,13.0,278.0,21.96,screener
DEEPAKFERT,Jun 2025,2025-06-30,quarter,2659.0,2146.0,513.0,19.0,24.0,88.0,103.0,345.0,29.0,244.0,19.26,screener
DEEPAKFERT,Sep 2025,2025-09-30,quarter,3006.0,2542.0,464.0,15.0,27.0,75.0,106.0,310.0,31.0,214.0,16.89,screener
DEEPAKFERT,Dec 2025,2025-12-31,quarter,2830.0,2477.0,353.0,12.0,46.0,96.0,108.0,195.0,27.0,141.0,11.21,screener
DEEPAKFERT,Mar 2026,2026-03-31,quarter,3011.0,2657.0,354.0,12.0,6.0,93.0,106.0,161.0,13.0,139.0,11.04,screener
DEEPAKNTR,Dec 2024,2024-12-31,quarter,1903.0,1735.0,169.0,9.0,21.0,6.0,48.0,135.0,27.0,98.0,7.19,screener
DEEPAKNTR,Mar 2025,2025-03-31,quarter,2180.0,1863.0,317.0,15.0,23.0,9.0,51.0,279.0,27.0,202.0,14.84,screener
DEEPAKNTR,Jun 2025,2025-06-30,quarter,1890.0,1700.0,190.0,10.0,25.0,8.0,51.0,155.0,27.0,112.0,8.23,screener
DEEPAKNTR,Sep 2025,2025-09-30,quarter,1902.0,1698.0,204.0,11.0,20.0,8.0,53.0,163.0,27.0,119.0,8.7,screener
DEEPAKNTR,Dec 2025,2025-12-31,quarter,1975.0,1764.0,211.0,11.0,-4.0,11.0,58.0,138.0,28.0,100.0,7.32,screener
DEEPAKNTR,Mar 2026,2026-03-31,quarter,2120.0,1744.0,376.0,18.0,7.0,19.0,63.0,301.0,27.0,220.0,16.11,screener
DEEPAKNTR,Jun 2026,2026-06-30,quarter,2578.0,2037.0,540.0,21.0,14.0,23.0,64.0,468.0,26.0,345.0,25.3,screener
DEEPINDS,Dec 2024,2024-12-31,quarter,154.83,88.1,66.73,43.1,8.53,3.22,10.45,61.59,22.7,47.62,6.81,screener
DEEPINDS,Mar 2025,2025-03-31,quarter,167.23,110.57,56.66,33.88,-245.22,3.04,10.66,-202.26,2.18,-206.66,-32.68,screener
DEEPINDS,Jun 2025,2025-06-30,quarter,199.5,117.9,81.6,40.9,13.43,4.13,13.04,77.86,20.74,61.7,9.19,screener
DEEPINDS,Sep 2025,2025-09-30,quarter,221.01,129.41,91.6,41.45,21.26,6.51,14.9,91.45,22.12,71.22,10.53,screener
DEEPINDS,Dec 2025,2025-12-31,quarter,221.5,121.33,100.17,45.22,9.91,4.32,15.65,90.11,20.82,71.35,10.63,screener
DEEPINDS,Mar 2026,2026-03-31,quarter,248.71,166.81,81.9,32.93,-183.34,2.67,15.64,-119.75,-93.97,-7.22,-2.24,screener
DELHIVERY,Dec 2024,2024-12-31,quarter,2378.0,2278.0,100.0,4.0,99.0,33.0,142.0,24.0,-5.0,25.0,0.34,screener
DELHIVERY,Mar 2025,2025-03-31,quarter,2192.0,2072.0,119.0,5.0,129.0,34.0,142.0,72.0,-1.0,73.0,0.97,screener
DELHIVERY,Jun 2025,2025-06-30,quarter,2294.0,2153.0,141.0,6.0,130.0,34.0,147.0,90.0,-2.0,91.0,1.22,screener
DELHIVERY,Sep 2025,2025-09-30,quarter,2559.0,2491.0,68.0,3.0,96.0,39.0,178.0,-53.0,-5.0,-50.0,-0.67,screener
DELHIVERY,Dec 2025,2025-12-31,quarter,2805.0,2596.0,209.0,7.0,52.0,37.0,187.0,37.0,-8.0,40.0,0.53,screener
DELHIVERY,Mar 2026,2026-03-31,quarter,2850.0,2636.0,214.0,8.0,70.0,34.0,183.0,67.0,-8.0,72.0,0.97,screener
DENEERS,Mar 2025,2025-03-31,quarter,75.0,64.0,12.0,16.0,1.0,2.0,0.0,10.0,31.0,7.0,8.1,screener
DENEERS,Sep 2025,2025-09-30,quarter,72.0,58.0,15.0,20.0,0.0,2.0,0.0,12.0,29.0,9.0,10.21,screener
DENEERS,Mar 2026,2026-03-31,quarter,106.0,82.0,24.0,23.0,0.0,3.0,0.0,21.0,21.0,16.0,19.1,screener
DENTA,Dec 2024,2024-12-31,quarter,51.35,32.94,18.41,35.85,0.95,0.05,0.13,19.18,21.95,14.96,7.79,screener
DENTA,Mar 2025,2025-03-31,quarter,54.0,38.0,17.0,30.0,3.0,0.0,0.0,19.0,29.0,14.0,5.14,screener
DENTA,Jun 2025,2025-06-30,quarter,67.0,45.0,22.0,33.0,3.0,0.0,0.0,25.0,25.0,19.0,6.95,screener
DENTA,Sep 2025,2025-09-30,quarter,74.0,51.0,24.0,32.0,3.0,0.0,0.0,26.0,26.0,19.0,7.09,screener
DENTA,Dec 2025,2025-12-31,quarter,54.0,36.0,17.0,33.0,2.0,0.0,0.0,19.0,26.0,14.0,5.36,screener
DENTA,Mar 2026,2026-03-31,quarter,55.0,45.0,11.0,19.0,2.0,0.0,0.0,12.0,26.0,9.0,3.41,screener
DENTA,Jun 2026,2026-06-30,quarter,59.0,46.0,13.0,22.0,2.0,0.0,0.0,15.0,25.0,11.0,4.18,screener
DEVYANI,Dec 2024,2024-12-31,quarter,1294.4,1081.19,213.21,16.47,9.05,66.98,146.76,8.52,189.67,-7.64,0.0,screener
DEVYANI,Mar 2025,2025-03-31,quarter,1212.59,1026.82,185.77,15.32,13.19,69.53,151.78,-22.35,-25.01,-16.77,-0.12,screener
DEVYANI,Jun 2025,2025-06-30,quarter,1356.97,1151.09,205.88,15.17,13.32,66.78,149.68,2.74,18.61,2.23,0.03,screener
DEVYANI,Sep 2025,2025-09-30,quarter,1376.75,1184.64,192.11,13.95,2.76,68.84,155.18,-29.15,-17.84,-23.95,-0.18,screener
DEVYANI,Dec 2025,2025-12-31,quarter,1440.9,1209.97,230.93,16.03,-10.16,70.02,166.65,-15.9,-30.94,-10.98,-0.08,screener
DEVYANI,Mar 2026,2026-03-31,quarter,1436.86,1216.56,220.3,15.33,17.7,70.1,182.48,-14.58,-32.44,-9.84,-0.08,screener
DHAMPURSUG,Dec 2024,2024-12-31,quarter,412.0,370.0,42.0,10.0,7.0,10.0,16.0,22.0,30.0,15.0,2.31,screener
DHAMPURSUG,Mar 2025,2025-03-31,quarter,619.0,518.0,101.0,16.0,1.0,12.0,19.0,71.0,31.0,49.0,7.5,screener
DHAMPURSUG,Jun 2025,2025-06-30,quarter,521.0,499.0,23.0,4.4,8.0,16.0,14.0,1.0,30.0,1.0,0.13,screener
DHAMPURSUG,Sep 2025,2025-09-30,quarter,504.0,495.0,10.0,1.9,2.0,10.0,14.0,-13.0,-38.0,-8.0,-1.23,screener
DHAMPURSUG,Dec 2025,2025-12-31,quarter,451.0,395.0,56.0,12.0,6.0,8.0,16.0,37.0,29.0,27.0,4.12,screener
DHAMPURSUG,Mar 2026,2026-03-31,quarter,491.0,406.0,85.0,17.0,7.0,14.0,18.0,60.0,24.0,46.0,7.1,screener
DHANUKA,Dec 2023,2023-12-31,quarter,403.0,341.0,62.0,15.0,7.0,1.0,13.0,56.0,19.0,45.0,9.95,screener
DHANUKA,Mar 2024,2024-03-31,quarter,368.0,288.0,80.0,22.0,15.0,1.0,13.0,81.0,28.0,59.0,12.95,screener
DHANUKA,Jun 2024,2024-06-30,quarter,494.0,422.0,72.0,15.0,7.0,1.0,12.0,66.0,26.0,49.0,10.73,screener
DHANUKA,Sep 2024,2024-09-30,quarter,654.0,495.0,160.0,24.0,11.0,1.0,13.0,157.0,25.0,118.0,26.07,screener
DHANUKA,Dec 2024,2024-12-31,quarter,445.0,370.0,76.0,17.0,7.0,1.0,13.0,68.0,19.0,55.0,12.21,screener
DHANUKA,Mar 2025,2025-03-31,quarter,442.0,332.0,110.0,25.0,11.0,2.0,17.0,102.0,26.0,76.0,16.75,screener
DHARAN,Jun 2024,2024-06-30,quarter,9.33,23.11,-13.78,-147.7,1.16,2.76,0.03,-15.41,0.0,-15.41,-0.06,screener
DHARAN,Sep 2024,2024-09-30,quarter,6.2,6.42,-0.22,-3.55,1.74,1.91,0.03,-0.42,0.0,-0.43,0.0,screener
DHARAN,Dec 2024,2024-12-31,quarter,1.09,25.23,-24.14,-2214.68,1.02,-3.13,0.03,-20.02,0.05,-20.03,-0.04,screener
DHARAN,Mar 2025,2025-03-31,quarter,1.37,2.84,-1.47,-107.3,1.07,2.04,0.02,-2.46,0.41,-2.47,0.0,screener
DHARAN,Jun 2025,2025-06-30,quarter,0.11,8.58,-8.47,-7700.0,0.97,0.83,0.02,-8.35,0.0,-8.36,-0.02,screener
DHARAN,Sep 2025,2025-09-30,quarter,3.5,5.0,-1.5,-42.86,0.02,2.69,0.02,-4.19,0.0,-4.19,-0.01,screener
DHARMAJ,Dec 2024,2024-12-31,quarter,174.51,165.01,9.5,5.44,-0.04,3.26,4.66,1.54,23.38,1.18,0.35,screener
DHARMAJ,Mar 2025,2025-03-31,quarter,209.93,206.09,3.84,1.83,1.51,3.97,4.58,-3.2,-23.12,-2.45,-0.72,screener
DHARMAJ,Jun 2025,2025-06-30,quarter,367.38,316.65,50.73,13.81,0.77,3.12,4.66,43.72,25.48,32.59,9.64,screener
DHARMAJ,Sep 2025,2025-09-30,quarter,347.26,315.47,31.79,9.15,0.04,4.5,4.79,22.54,23.11,17.33,5.13,screener
DHARMAJ,Dec 2025,2025-12-31,quarter,189.54,182.22,7.32,3.86,3.17,4.64,4.88,0.97,22.68,0.76,0.22,screener
DHARMAJ,Mar 2026,2026-03-31,quarter,233.78,223.16,10.62,4.54,4.37,4.95,4.81,5.23,24.28,3.97,1.17,screener
DIACABS,Dec 2024,2024-12-31,quarter,307.0,291.0,16.0,5.0,0.0,5.0,5.0,6.0,0.0,6.0,0.12,screener
DIACABS,Mar 2025,2025-03-31,quarter,334.0,320.0,14.0,4.1,0.0,1.0,5.0,8.0,0.0,8.0,0.15,screener
DIACABS,Jun 2025,2025-06-30,quarter,302.0,271.0,31.0,10.0,0.0,4.0,7.0,20.0,0.0,20.0,0.38,screener
DIACABS,Sep 2025,2025-09-30,quarter,438.0,392.0,46.0,10.0,0.0,10.0,7.0,29.0,4.0,28.0,0.53,screener
DIACABS,Dec 2025,2025-12-31,quarter,474.0,405.0,69.0,15.0,1.0,11.0,8.0,51.0,2.0,50.0,0.94,screener
DIACABS,Mar 2026,2026-03-31,quarter,696.0,618.0,78.0,11.0,7.0,14.0,8.0,62.0,3.0,61.0,1.15,screener
DIAMINESQ,Mar 2025,2025-03-31,quarter,17.93,16.24,1.69,9.43,0.93,0.09,0.87,1.66,20.48,1.26,1.29,screener
DIAMINESQ,Jun 2025,2025-06-30,quarter,12.25,16.2,-3.95,-32.24,1.89,0.01,0.89,-2.96,-7.43,-2.81,-2.87,screener
DIAMINESQ,Sep 2025,2025-09-30,quarter,9.3,13.19,-3.89,-41.83,0.61,0.07,0.96,-4.31,-5.57,-4.15,-4.24,screener
DIAMINESQ,Dec 2025,2025-12-31,quarter,7.64,10.5,-2.86,-37.43,0.53,0.13,0.98,-3.44,-3.2,-3.4,-3.48,screener
DIAMINESQ,Mar 2026,2026-03-31,quarter,9.29,12.4,-3.11,-33.48,0.92,0.1,0.96,-3.25,-25.85,-2.42,-2.41,screener
DIAMINESQ,Jun 2026,2026-06-30,quarter,14.37,13.99,0.38,2.64,0.51,0.02,0.92,-0.05,0.0,-0.1,-0.1,screener
DIAMONDYD,Dec 2021,2021-12-31,quarter,385.0,367.0,18.0,4.7,-12.0,2.0,13.0,-8.0,-15.0,-7.0,-3.09,screener
DIAMONDYD,Mar 2022,2022-03-31,quarter,361.0,357.0,5.0,1.4,2.0,2.0,14.0,-9.0,-68.0,-3.0,-1.26,screener
DIAMONDYD,Jun 2022,2022-06-30,quarter,383.0,385.0,-2.0,-0.5,2.0,2.0,14.0,-16.0,-28.0,-11.0,-4.86,screener
DIAMONDYD,Sep 2022,2022-09-30,quarter,457.0,435.0,22.0,4.8,3.0,2.0,18.0,5.0,18.0,4.0,1.81,screener
DIAMONDYD,Dec 2022,2022-12-31,quarter,426.0,403.0,23.0,5.0,2.0,2.0,15.0,8.0,38.0,5.0,2.24,screener
DIAMONDYD,Mar 2023,2023-03-31,quarter,387.0,368.0,19.0,4.9,1.0,1.0,15.0,4.0,-495.0,22.0,9.21,screener
DIFFNKG,Dec 2024,2024-12-31,quarter,79.0,69.0,10.0,13.0,0.0,0.0,1.0,8.0,13.0,7.0,1.89,screener
DIFFNKG,Mar 2025,2025-03-31,quarter,103.0,88.0,15.0,14.0,5.0,0.0,1.0,18.0,28.0,13.0,3.48,screener
DIFFNKG,Jun 2025,2025-06-30,quarter,81.0,70.0,11.0,13.0,7.0,0.0,2.0,16.0,21.0,12.0,3.26,screener
DIFFNKG,Sep 2025,2025-09-30,quarter,84.0,72.0,12.0,14.0,3.0,1.0,2.0,13.0,20.0,10.0,2.7,screener
DIFFNKG,Dec 2025,2025-12-31,quarter,101.0,87.0,14.0,13.0,5.0,1.0,2.0,16.0,24.0,12.0,3.22,screener
DIFFNKG,Mar 2026,2026-03-31,quarter,142.0,121.0,21.0,15.0,3.0,1.0,2.0,21.0,24.0,16.0,4.27,screener
DIGISPICE,Dec 2024,2024-12-31,quarter,112.98,114.6,-1.62,-1.43,-14.26,0.8,1.53,-18.21,7.3,-19.55,-0.84,screener
DIGISPICE,Mar 2025,2025-03-31,quarter,116.81,116.11,0.7,0.6,-8.76,0.74,1.6,-10.4,17.79,-12.25,-0.53,screener
DIGISPICE,Jun 2025,2025-06-30,quarter,123.76,117.36,6.4,5.17,5.48,0.68,1.78,9.42,26.33,6.93,0.29,screener
DIGISPICE,Sep 2025,2025-09-30,quarter,124.58,117.66,6.92,5.55,5.59,0.28,2.17,10.06,28.83,7.16,0.3,screener
DIGISPICE,Dec 2025,2025-12-31,quarter,109.13,103.11,6.02,5.52,0.83,0.55,2.17,4.13,41.89,2.41,0.1,screener
DIGISPICE,Mar 2026,2026-03-31,quarter,107.17,105.99,1.18,1.1,5.77,0.52,1.84,4.59,39.87,2.76,0.12,screener
DIGISPICE,Jun 2026,2026-06-30,quarter,107.75,99.18,8.57,7.95,3.68,0.38,1.96,9.91,33.5,6.59,0.28,screener
DIGITIDE,Dec 2024,2024-12-31,quarter,732.63,622.15,110.48,15.08,-8.18,9.56,47.49,45.25,35.76,29.07,,screener
DIGITIDE,Mar 2025,2025-03-31,quarter,732.52,650.59,81.93,11.18,-23.17,10.53,48.79,-0.56,146.43,-1.39,,screener
DIGITIDE,Jun 2025,2025-06-30,quarter,735.74,653.16,82.58,11.22,-5.29,11.22,46.08,19.99,51.53,9.69,0.38,screener
DIGITIDE,Sep 2025,2025-09-30,quarter,764.19,679.05,85.14,11.14,-9.73,13.13,50.63,11.65,75.11,2.91,-0.12,screener
DIGITIDE,Dec 2025,2025-12-31,quarter,780.3,692.75,87.55,11.22,-22.47,12.01,49.05,4.02,151.0,-2.05,-0.51,screener
DIGITIDE,Mar 2026,2026-03-31,quarter,799.95,712.05,87.9,10.99,-10.92,14.66,66.41,-4.09,22.49,-5.01,-0.85,screener
DIRL,Sep 2023,2023-09-30,quarter,0.84,1.28,-0.44,-52.38,0.75,0.54,0.05,-0.28,0.0,-0.28,-0.36,screener
DIRL,Mar 2024,2024-03-31,quarter,0.62,0.88,-0.26,-41.94,2.49,0.52,0.05,1.66,21.69,1.3,1.68,screener
DIRL,Sep 2024,2024-09-30,quarter,0.39,1.34,-0.95,-243.59,0.77,0.4,0.05,-0.63,0.0,-0.63,-0.81,screener
DIRL,Mar 2025,2025-03-31,quarter,3.64,1.33,2.31,63.46,1.38,0.27,0.05,3.37,20.77,2.68,3.46,screener
DIRL,Sep 2025,2025-09-30,quarter,0.63,0.94,-0.31,-49.21,0.66,0.13,0.04,0.18,0.0,0.18,0.19,screener
DIRL,Mar 2026,2026-03-31,quarter,2.33,2.57,-0.24,-10.3,1.62,0.08,0.04,1.26,29.37,0.89,0.93,screener
DIVISLAB,Dec 2024,2024-12-31,quarter,2319.0,1576.0,743.0,32.0,82.0,0.0,99.0,726.0,19.0,589.0,22.19,screener
DIVISLAB,Mar 2025,2025-03-31,quarter,2585.0,1699.0,886.0,34.0,86.0,1.0,107.0,864.0,23.0,662.0,24.94,screener
DIVISLAB,Jun 2025,2025-06-30,quarter,2410.0,1681.0,729.0,30.0,119.0,3.0,112.0,733.0,26.0,545.0,20.53,screener
DIVISLAB,Sep 2025,2025-09-30,quarter,2715.0,1827.0,888.0,33.0,145.0,8.0,113.0,912.0,24.0,689.0,25.95,screener
DIVISLAB,Dec 2025,2025-12-31,quarter,2604.0,1714.0,890.0,34.0,14.0,6.0,118.0,780.0,25.0,583.0,21.96,screener
DIVISLAB,Mar 2026,2026-03-31,quarter,2831.0,1897.0,934.0,33.0,155.0,6.0,120.0,963.0,22.0,751.0,28.29,screener
DIVISLAB,Jun 2026,2026-06-30,quarter,3080.0,1825.0,1255.0,41.0,64.0,6.0,133.0,1180.0,24.0,902.0,33.98,screener
DIXON,Dec 2024,2024-12-31,quarter,10454.0,10063.0,391.0,4.0,10.0,41.0,75.0,285.0,24.0,216.0,28.5,screener
DIXON,Mar 2025,2025-03-31,quarter,10293.0,9850.0,443.0,4.3,265.0,46.0,86.0,576.0,19.0,465.0,66.54,screener
DIXON,Jun 2025,2025-06-30,quarter,12836.0,12353.0,482.0,3.8,8.0,33.0,93.0,366.0,23.0,280.0,37.2,screener
DIXON,Sep 2025,2025-09-30,quarter,14855.0,14294.0,561.0,3.8,497.0,38.0,96.0,924.0,19.0,746.0,110.72,screener
DIXON,Dec 2025,2025-12-31,quarter,10672.0,10257.0,414.0,3.9,139.0,43.0,99.0,412.0,22.0,321.0,47.34,screener
DIXON,Mar 2026,2026-03-31,quarter,10511.0,10102.0,408.0,3.9,90.0,24.0,105.0,370.0,19.0,298.0,42.17,screener
DIXON,Jun 2026,2026-06-30,quarter,15548.0,15085.0,463.0,3.0,537.0,24.0,107.0,869.0,17.0,718.0,108.6,screener
DJML,Dec 2024,2024-12-31,quarter,20.42,16.07,4.35,21.3,0.05,0.69,1.67,2.04,11.27,1.81,0.56,screener
DJML,Mar 2025,2025-03-31,quarter,27.73,22.11,5.62,20.27,0.23,0.68,1.89,3.28,25.3,2.46,0.76,screener
DJML,Jun 2025,2025-06-30,quarter,25.24,20.69,4.55,18.03,0.08,0.78,1.63,2.22,19.37,1.79,0.54,screener
DJML,Sep 2025,2025-09-30,quarter,32.19,27.15,5.04,15.66,0.2,0.85,1.77,2.62,22.14,2.04,0.62,screener
DJML,Dec 2025,2025-12-31,quarter,27.6,22.6,5.0,18.12,0.07,0.71,1.94,2.42,20.25,1.93,0.56,screener
DJML,Mar 2026,2026-03-31,quarter,52.86,41.69,11.17,21.13,0.14,1.6,2.43,7.28,22.66,5.62,1.63,screener
DLF,Dec 2024,2024-12-31,quarter,1529.0,1129.0,400.0,26.0,-94.0,94.0,39.0,174.0,-154.0,1059.0,4.28,screener
DLF,Mar 2025,2025-03-31,quarter,3128.0,2150.0,978.0,31.0,220.0,109.0,37.0,1053.0,17.0,1282.0,5.18,screener
DLF,Jun 2025,2025-06-30,quarter,2717.0,2353.0,364.0,13.0,264.0,79.0,34.0,515.0,26.0,763.0,3.08,screener
DLF,Sep 2025,2025-09-30,quarter,1643.0,1359.0,284.0,17.0,854.0,63.0,30.0,1045.0,26.0,1180.0,4.77,screener
DLF,Dec 2025,2025-12-31,quarter,2020.0,1630.0,390.0,19.0,399.0,36.0,30.0,723.0,-1.0,1203.0,4.86,screener
DLF,Mar 2026,2026-03-31,quarter,1814.0,1403.0,411.0,23.0,308.0,21.0,48.0,649.0,-14.0,1269.0,5.12,screener
DLINKINDIA,Dec 2024,2024-12-31,quarter,331.0,298.0,33.0,10.0,4.0,0.0,2.0,36.0,25.0,26.0,7.46,screener
DLINKINDIA,Mar 2025,2025-03-31,quarter,370.0,337.0,32.0,9.0,6.0,0.0,2.0,37.0,26.0,27.0,7.73,screener
DLINKINDIA,Jun 2025,2025-06-30,quarter,350.0,321.0,29.0,8.0,5.0,0.0,2.0,33.0,26.0,24.0,6.87,screener
DLINKINDIA,Sep 2025,2025-09-30,quarter,377.0,344.0,33.0,9.0,4.0,0.0,2.0,34.0,26.0,25.0,7.15,screener
DLINKINDIA,Dec 2025,2025-12-31,quarter,395.0,361.0,35.0,9.0,4.0,0.0,2.0,36.0,26.0,27.0,7.52,screener
DLINKINDIA,Mar 2026,2026-03-31,quarter,444.0,409.0,35.0,8.0,4.0,0.0,2.0,37.0,25.0,28.0,7.78,screener
DMART,Dec 2024,2024-12-31,quarter,15973.0,14755.0,1217.0,8.0,24.0,18.0,228.0,995.0,27.0,724.0,11.12,screener
DMART,Mar 2025,2025-03-31,quarter,14872.0,13917.0,955.0,6.0,25.0,19.0,241.0,720.0,24.0,551.0,8.47,screener
DMART,Jun 2025,2025-06-30,quarter,16360.0,15061.0,1299.0,8.0,19.0,29.0,232.0,1057.0,27.0,773.0,11.88,screener
DMART,Sep 2025,2025-09-30,quarter,16676.0,15463.0,1214.0,7.0,20.0,35.0,253.0,945.0,28.0,685.0,10.53,screener
DMART,Dec 2025,2025-12-31,quarter,18101.0,16638.0,1463.0,8.0,17.0,37.0,268.0,1175.0,27.0,856.0,13.15,screener
DMART,Mar 2026,2026-03-31,quarter,17684.0,16473.0,1211.0,7.0,18.0,41.0,284.0,904.0,27.0,656.0,10.07,screener
DMCC,Dec 2024,2024-12-31,quarter,118.04,100.31,17.73,15.02,0.39,2.53,4.25,11.34,30.6,7.87,3.16,screener
DMCC,Mar 2025,2025-03-31,quarter,125.22,110.09,15.13,12.08,0.44,2.19,4.04,9.34,30.73,6.47,2.59,screener
DMCC,Jun 2025,2025-06-30,quarter,127.04,110.15,16.89,13.3,0.37,2.03,4.2,11.03,29.74,7.76,3.11,screener
DMCC,Sep 2025,2025-09-30,quarter,126.03,112.02,14.01,11.12,0.3,1.91,4.12,8.28,30.68,5.75,2.31,screener
DMCC,Dec 2025,2025-12-31,quarter,150.87,136.15,14.72,9.76,0.19,2.31,3.76,8.84,30.2,6.17,2.47,screener
DMCC,Mar 2026,2026-03-31,quarter,177.64,159.94,17.7,9.96,0.16,3.37,3.68,10.81,29.23,7.65,3.07,screener
DODLA,Mar 2025,2025-03-31,quarter,910.0,826.0,84.0,9.0,26.0,1.0,18.0,90.0,25.0,68.0,11.27,screener
DODLA,Jun 2025,2025-06-30,quarter,1007.0,924.0,83.0,8.0,17.0,1.0,18.0,81.0,22.0,63.0,10.42,screener
DODLA,Sep 2025,2025-09-30,quarter,1019.0,926.0,93.0,9.0,11.0,1.0,21.0,83.0,21.0,66.0,10.89,screener
DODLA,Dec 2025,2025-12-31,quarter,1025.0,946.0,79.0,8.0,6.0,1.0,22.0,63.0,-10.0,69.0,11.39,screener
DODLA,Mar 2026,2026-03-31,quarter,1074.0,1021.0,54.0,5.0,23.0,1.0,22.0,54.0,-29.0,70.0,11.56,screener
DODLA,Jun 2026,2026-06-30,quarter,1198.0,1133.0,65.0,5.0,14.0,1.0,23.0,55.0,26.0,41.0,6.74,screener
DOLLAR,Dec 2024,2024-12-31,quarter,381.0,339.0,42.0,11.0,2.0,7.0,9.0,27.0,26.0,20.0,3.52,screener
DOLLAR,Mar 2025,2025-03-31,quarter,549.0,493.0,57.0,10.0,2.0,7.0,11.0,41.0,27.0,30.0,5.16,screener
DOLLAR,Jun 2025,2025-06-30,quarter,399.0,356.0,43.0,11.0,1.0,6.0,9.0,28.0,23.0,22.0,3.76,screener
DOLLAR,Sep 2025,2025-09-30,quarter,472.0,412.0,60.0,13.0,2.0,6.0,10.0,46.0,25.0,35.0,6.2,screener
DOLLAR,Dec 2025,2025-12-31,quarter,388.0,350.0,39.0,10.0,2.0,6.0,9.0,25.0,30.0,18.0,3.24,screener
DOLLAR,Mar 2026,2026-03-31,quarter,622.0,564.0,58.0,9.0,2.0,6.0,11.0,43.0,22.0,33.0,5.74,screener
DOLPHIN,Dec 2024,2024-12-31,quarter,28.0,13.0,16.0,55.0,1.0,0.0,0.0,16.0,6.0,16.0,3.89,screener
DOLPHIN,Mar 2025,2025-03-31,quarter,20.0,9.0,11.0,55.0,0.0,1.0,0.0,10.0,-2.0,10.0,2.61,screener
DOLPHIN,Jun 2025,2025-06-30,quarter,16.0,1.0,16.0,95.0,0.0,2.0,2.0,11.0,-5.0,11.0,2.83,screener
DOLPHIN,Sep 2025,2025-09-30,quarter,25.0,3.0,22.0,89.0,4.0,3.0,4.0,19.0,18.0,16.0,3.9,screener
DOLPHIN,Dec 2025,2025-12-31,quarter,30.0,8.0,22.0,75.0,2.0,4.0,5.0,16.0,17.0,13.0,3.32,screener
DOLPHIN,Mar 2026,2026-03-31,quarter,45.0,33.0,12.0,27.0,12.0,5.0,5.0,14.0,-100.0,28.0,7.08,screener
DOLPHIN,Jun 2026,2026-06-30,quarter,43.0,18.0,25.0,59.0,0.0,4.0,5.0,16.0,10.0,15.0,3.7,screener
DOMS,Dec 2024,2024-12-31,quarter,501.0,413.0,88.0,18.0,6.0,4.0,18.0,73.0,26.0,54.0,8.36,screener
DOMS,Mar 2025,2025-03-31,quarter,509.0,420.0,88.0,17.0,5.0,4.0,21.0,69.0,25.0,51.0,7.98,screener
DOMS,Jun 2025,2025-06-30,quarter,562.0,464.0,99.0,18.0,4.0,3.0,20.0,79.0,26.0,59.0,9.44,screener
DOMS,Sep 2025,2025-09-30,quarter,568.0,468.0,100.0,18.0,6.0,2.0,22.0,82.0,26.0,61.0,9.6,screener
DOMS,Dec 2025,2025-12-31,quarter,592.0,489.0,103.0,17.0,4.0,2.0,22.0,82.0,25.0,61.0,9.54,screener
DOMS,Mar 2026,2026-03-31,quarter,604.0,503.0,101.0,17.0,4.0,3.0,23.0,79.0,26.0,58.0,9.35,screener
DPABHUSHAN,Dec 2020,2020-12-31,quarter,414.28,398.73,15.55,3.75,0.02,2.96,0.86,11.75,25.79,8.72,3.92,screener
DPABHUSHAN,Mar 2021,2021-03-31,quarter,590.18,573.96,16.22,2.75,0.07,3.8,1.49,11.0,24.73,8.28,3.72,screener
DPABHUSHAN,Jun 2021,2021-06-30,quarter,175.34,164.96,10.38,5.92,0.02,3.49,1.19,5.72,25.35,4.26,1.91,screener
DPABHUSHAN,Sep 2021,2021-09-30,quarter,448.27,428.99,19.28,4.3,0.01,3.55,1.19,14.55,25.5,10.84,4.87,screener
DPABHUSHAN,Dec 2021,2021-12-31,quarter,668.11,641.86,26.25,3.93,0.03,4.03,1.19,21.06,25.07,15.79,7.1,screener
DPABHUSHAN,Mar 2022,2022-03-31,quarter,439.66,420.55,19.11,4.35,0.26,4.12,1.9,13.35,27.72,9.65,4.34,screener
DREAMFOLKS,Dec 2024,2024-12-31,quarter,340.0,317.0,23.0,7.0,2.0,0.0,1.0,24.0,28.0,17.0,3.23,screener
DREAMFOLKS,Mar 2025,2025-03-31,quarter,314.0,294.0,20.0,6.0,4.0,2.0,1.0,21.0,28.0,15.0,2.8,screener
DREAMFOLKS,Jun 2025,2025-06-30,quarter,349.0,322.0,27.0,8.0,3.0,0.0,1.0,28.0,25.0,21.0,3.99,screener
DREAMFOLKS,Sep 2025,2025-09-30,quarter,206.0,194.0,12.0,6.0,4.0,0.0,1.0,15.0,25.0,11.0,2.11,screener
DREAMFOLKS,Dec 2025,2025-12-31,quarter,53.0,68.0,-14.0,-26.0,6.0,0.0,1.0,-10.0,-19.0,-8.0,-1.48,screener
DREAMFOLKS,Mar 2026,2026-03-31,quarter,53.0,75.0,-22.0,-42.0,7.0,2.0,1.0,-18.0,-27.0,-13.0,-2.46,screener
DRREDDY,Dec 2024,2024-12-31,quarter,8381.0,6108.0,2273.0,27.0,154.0,82.0,471.0,1874.0,25.0,1404.0,16.94,screener
DRREDDY,Mar 2025,2025-03-31,quarter,8528.0,6530.0,1998.0,23.0,528.0,66.0,455.0,2005.0,21.0,1587.0,19.09,screener
DRREDDY,Jun 2025,2025-06-30,quarter,8572.0,6398.0,2174.0,25.0,290.0,83.0,476.0,1905.0,26.0,1410.0,16.99,screener
DRREDDY,Sep 2025,2025-09-30,quarter,8828.0,6818.0,2010.0,23.0,330.0,91.0,505.0,1745.0,23.0,1337.0,16.14,screener
DRREDDY,Dec 2025,2025-12-31,quarter,8753.0,6866.0,1888.0,22.0,271.0,94.0,521.0,1543.0,23.0,1190.0,14.5,screener
DRREDDY,Mar 2026,2026-03-31,quarter,7546.0,7164.0,382.0,5.0,480.0,106.0,557.0,200.0,-11.0,221.0,2.65,screener
DSSL,Dec 2024,2024-12-31,quarter,311.0,284.0,27.0,9.0,1.0,3.0,0.0,25.0,25.0,18.0,14.43,screener
DSSL,Mar 2025,2025-03-31,quarter,329.0,299.0,29.0,9.0,2.0,6.0,1.0,25.0,27.0,18.0,14.3,screener
DSSL,Jun 2025,2025-06-30,quarter,329.0,297.0,32.0,10.0,1.0,5.0,1.0,26.0,25.0,20.0,15.42,screener
DSSL,Sep 2025,2025-09-30,quarter,352.0,315.0,37.0,11.0,1.0,5.0,3.0,31.0,26.0,23.0,17.81,screener
DSSL,Dec 2025,2025-12-31,quarter,341.0,300.0,41.0,12.0,1.0,6.0,4.0,31.0,25.0,24.0,18.45,screener
DSSL,Mar 2026,2026-03-31,quarter,402.0,366.0,36.0,9.0,2.0,7.0,6.0,25.0,25.0,19.0,14.85,screener
DTL,Jun 2025,2025-06-30,quarter,22.15,21.35,0.8,3.61,0.26,0.98,0.86,-0.78,-20.51,-0.61,-0.74,screener
DTL,Sep 2025,2025-09-30,quarter,29.2,27.93,1.27,4.35,0.47,1.25,1.03,-0.54,-24.07,-0.41,-0.5,screener
DTL,Dec 2025,2025-12-31,quarter,52.03,49.45,2.58,4.96,-0.38,1.26,0.58,0.36,1180.56,-3.88,-4.7,screener
DTL,Mar 2026,2026-03-31,quarter,59.4,55.05,4.35,7.32,0.42,1.26,0.75,2.76,22.46,2.14,2.59,screener
DTL,Jun 2026,2026-06-30,quarter,65.43,61.84,3.59,5.49,1.1,1.55,0.89,2.25,27.56,1.63,1.97,screener
DUCOL,Sep 2024,2024-09-30,quarter,39.0,34.0,4.0,11.0,1.0,1.0,1.0,3.0,22.0,3.0,1.73,screener
DUCOL,Mar 2025,2025-03-31,quarter,39.0,36.0,3.0,7.0,2.0,1.0,1.0,3.0,30.0,2.0,1.29,screener
DUCOL,Sep 2025,2025-09-30,quarter,65.0,59.0,5.0,8.0,2.0,2.0,2.0,3.0,8.0,3.0,1.73,screener
DUCOL,Mar 2026,2026-03-31,quarter,72.0,63.0,9.0,12.0,1.0,2.0,2.0,6.0,25.0,4.0,2.72,screener
DVL,Mar 2025,2025-03-31,quarter,134.0,243.0,-109.0,-81.0,21.0,16.0,7.0,-110.0,-21.0,-87.0,-24.87,screener
DVL,Jun 2025,2025-06-30,quarter,160.0,78.0,82.0,51.0,44.0,27.0,7.0,93.0,24.0,71.0,20.36,screener
DVL,Sep 2025,2025-09-30,quarter,69.0,110.0,-41.0,-59.0,52.0,15.0,6.0,-10.0,30.0,-13.0,-3.05,screener
DVL,Dec 2025,2025-12-31,quarter,72.0,114.0,-42.0,-59.0,62.0,10.0,6.0,4.0,-52.0,6.0,1.73,screener
DVL,Mar 2026,2026-03-31,quarter,71.0,132.0,-61.0,-85.0,108.0,15.0,6.0,26.0,6.0,24.0,6.96,screener
DVL,Jun 2026,2026-06-30,quarter,232.0,141.0,91.0,39.0,145.0,4.0,6.0,226.0,23.0,174.0,49.8,screener
EBGNG,Dec 2024,2024-12-31,quarter,347.0,317.0,31.0,9.0,1.0,9.0,2.0,21.0,9.0,19.0,1.96,screener
EBGNG,Mar 2025,2025-03-31,quarter,456.0,428.0,28.0,6.0,3.0,10.0,3.0,18.0,18.0,15.0,1.52,screener
EBGNG,Jun 2025,2025-06-30,quarter,312.0,280.0,32.0,10.0,3.0,11.0,2.0,22.0,18.0,19.0,1.91,screener
EBGNG,Sep 2025,2025-09-30,quarter,440.0,393.0,47.0,11.0,0.0,8.0,2.0,36.0,10.0,33.0,2.86,screener
EBGNG,Dec 2025,2025-12-31,quarter,487.0,433.0,54.0,11.0,1.0,9.0,3.0,43.0,10.0,39.0,3.39,screener
EBGNG,Mar 2026,2026-03-31,quarter,652.0,588.0,63.0,10.0,1.0,14.0,3.0,46.0,9.0,42.0,3.7,screener
ECLERX,Dec 2024,2024-12-31,quarter,854.0,646.0,207.0,24.0,21.0,8.0,36.0,184.0,25.0,137.0,14.38,screener
ECLERX,Mar 2025,2025-03-31,quarter,898.0,680.0,219.0,24.0,32.0,11.0,41.0,199.0,23.0,153.0,15.97,screener
ECLERX,Jun 2025,2025-06-30,quarter,935.0,710.0,224.0,24.0,11.0,10.0,37.0,188.0,25.0,142.0,14.87,screener
ECLERX,Sep 2025,2025-09-30,quarter,1005.0,734.0,271.0,27.0,27.0,11.0,42.0,245.0,25.0,183.0,19.22,screener
ECLERX,Dec 2025,2025-12-31,quarter,1070.0,794.0,276.0,26.0,30.0,10.0,46.0,250.0,23.0,192.0,20.4,screener
ECLERX,Mar 2026,2026-03-31,quarter,1107.0,824.0,283.0,26.0,30.0,12.0,50.0,252.0,25.0,190.0,20.13,screener
ECLERX,Jun 2026,2026-06-30,quarter,1152.0,887.0,265.0,23.0,18.0,15.0,50.0,219.0,25.0,164.0,17.47,screener
EDELWEISS,Dec 2024,2024-12-31,quarter,1898.0,1168.0,730.0,38.0,99.0,613.0,34.0,181.0,14.0,155.0,1.32,screener
EDELWEISS,Mar 2025,2025-03-31,quarter,2280.0,1553.0,727.0,32.0,63.0,550.0,43.0,196.0,19.0,158.0,1.11,screener
EDELWEISS,Jun 2025,2025-06-30,quarter,2246.0,1449.0,797.0,35.0,35.0,686.0,36.0,110.0,7.0,103.0,0.71,screener
EDELWEISS,Sep 2025,2025-09-30,quarter,1861.0,1255.0,606.0,33.0,39.0,655.0,36.0,-46.0,-479.0,175.0,1.36,screener
EDELWEISS,Dec 2025,2025-12-31,quarter,4400.0,3202.0,1198.0,27.0,221.0,589.0,37.0,792.0,66.0,270.0,2.79,screener
EDELWEISS,Mar 2026,2026-03-31,quarter,1918.0,1420.0,498.0,26.0,69.0,561.0,35.0,-29.0,-555.0,132.0,0.93,screener
EFCIL,Dec 2024,2024-12-31,quarter,177.0,85.0,93.0,52.0,4.0,18.0,26.0,52.0,23.0,40.0,4.12,screener
EFCIL,Mar 2025,2025-03-31,quarter,211.0,102.0,109.0,52.0,5.0,15.0,30.0,71.0,32.0,48.0,4.09,screener
EFCIL,Jun 2025,2025-06-30,quarter,220.0,117.0,102.0,47.0,4.0,12.0,28.0,66.0,29.0,47.0,3.21,screener
EFCIL,Sep 2025,2025-09-30,quarter,255.0,144.0,111.0,44.0,2.0,6.0,31.0,76.0,25.0,57.0,5.17,screener
EFCIL,Dec 2025,2025-12-31,quarter,270.0,158.0,112.0,41.0,7.0,10.0,26.0,82.0,24.0,62.0,4.28,screener
EFCIL,Mar 2026,2026-03-31,quarter,293.0,149.0,144.0,49.0,4.0,28.0,35.0,85.0,19.0,69.0,4.69,screener
EICHERMOT,Dec 2024,2024-12-31,quarter,4973.0,3772.0,1201.0,24.0,452.0,13.0,179.0,1461.0,20.0,1170.0,42.7,screener
EICHERMOT,Mar 2025,2025-03-31,quarter,5241.0,3983.0,1258.0,24.0,628.0,16.0,201.0,1669.0,18.0,1362.0,49.68,screener
EICHERMOT,Jun 2025,2025-06-30,quarter,5042.0,3839.0,1203.0,24.0,603.0,15.0,198.0,1593.0,24.0,1205.0,43.95,screener
EICHERMOT,Sep 2025,2025-09-30,quarter,6172.0,4660.0,1512.0,24.0,486.0,19.0,200.0,1779.0,23.0,1369.0,49.93,screener
EICHERMOT,Dec 2025,2025-12-31,quarter,6114.0,4557.0,1557.0,25.0,465.0,17.0,211.0,1793.0,21.0,1421.0,51.79,screener
EICHERMOT,Mar 2026,2026-03-31,quarter,6080.0,4566.0,1514.0,25.0,675.0,20.0,232.0,1937.0,22.0,1520.0,55.41,screener
EICHERMOT,Jun 2026,2026-06-30,quarter,6632.0,5042.0,1591.0,24.0,634.0,22.0,278.0,1925.0,24.0,1463.0,53.28,screener
EIDPARRY,Dec 2024,2024-12-31,quarter,8720.0,8027.0,694.0,8.0,117.0,99.0,130.0,582.0,29.0,416.0,10.97,screener
EIDPARRY,Mar 2025,2025-03-31,quarter,6811.0,6298.0,513.0,8.0,459.0,96.0,142.0,735.0,27.0,539.0,16.12,screener
EIDPARRY,Jun 2025,2025-06-30,quarter,8720.0,7914.0,805.0,9.0,90.0,104.0,176.0,615.0,25.0,464.0,13.85,screener
EIDPARRY,Sep 2025,2025-09-30,quarter,11624.0,10427.0,1198.0,10.0,151.0,129.0,158.0,1062.0,28.0,766.0,23.86,screener
EIDPARRY,Dec 2025,2025-12-31,quarter,10312.0,9477.0,835.0,8.0,60.0,103.0,204.0,588.0,26.0,437.0,13.05,screener
EIDPARRY,Mar 2026,2026-03-31,quarter,7882.0,7271.0,611.0,8.0,-430.0,119.0,226.0,-162.0,77.0,-287.0,-18.74,screener
EIDPARRY,Jun 2026,2026-06-30,quarter,9018.0,8267.0,751.0,8.0,30.0,115.0,243.0,423.0,26.0,312.0,7.96,screener
EIEL,Dec 2024,2024-12-31,quarter,247.0,194.0,54.0,22.0,5.0,8.0,3.0,48.0,24.0,37.0,2.09,screener
EIEL,Mar 2025,2025-03-31,quarter,393.0,293.0,99.0,25.0,11.0,8.0,3.0,99.0,25.0,74.0,4.17,screener
EIEL,Jun 2025,2025-06-30,quarter,241.0,177.0,64.0,27.0,3.0,7.0,3.0,57.0,26.0,42.0,2.39,screener
EIEL,Sep 2025,2025-09-30,quarter,227.0,162.0,65.0,29.0,10.0,7.0,5.0,63.0,22.0,50.0,2.78,screener
EIEL,Dec 2025,2025-12-31,quarter,250.0,182.0,68.0,27.0,8.0,10.0,8.0,58.0,28.0,42.0,2.3,screener
EIEL,Mar 2026,2026-03-31,quarter,427.0,347.0,80.0,19.0,11.0,12.0,9.0,71.0,23.0,54.0,2.96,screener
EIHOTEL,Dec 2024,2024-12-31,quarter,800.0,443.0,357.0,45.0,48.0,6.0,34.0,364.0,23.0,279.0,4.23,screener
EIHOTEL,Mar 2025,2025-03-31,quarter,827.0,477.0,351.0,42.0,43.0,6.0,33.0,355.0,26.0,262.0,4.04,screener
EIHOTEL,Jun 2025,2025-06-30,quarter,574.0,414.0,160.0,28.0,-66.0,6.0,33.0,54.0,32.0,37.0,0.54,screener
EIHOTEL,Sep 2025,2025-09-30,quarter,598.0,444.0,154.0,26.0,53.0,6.0,35.0,166.0,30.0,117.0,1.82,screener
EIHOTEL,Dec 2025,2025-12-31,quarter,873.0,497.0,376.0,43.0,26.0,6.0,37.0,360.0,29.0,255.0,3.89,screener
EIHOTEL,Mar 2026,2026-03-31,quarter,895.0,561.0,334.0,37.0,78.0,6.0,38.0,368.0,32.0,249.0,3.8,screener
EIMCOELECO,Dec 2022,2022-12-31,quarter,38.0,32.0,6.0,16.0,3.0,0.0,2.0,7.0,28.0,5.0,8.51,screener
EIMCOELECO,Mar 2023,2023-03-31,quarter,64.0,51.0,13.0,21.0,2.0,0.0,2.0,14.0,28.0,10.0,17.01,screener
EIMCOELECO,Jun 2023,2023-06-30,quarter,44.0,41.0,2.0,6.0,5.0,0.0,2.0,5.0,-4.0,5.0,9.29,screener
EIMCOELECO,Sep 2023,2023-09-30,quarter,51.0,38.0,13.0,25.0,3.0,0.0,2.0,14.0,23.0,11.0,18.72,screener
EIMCOELECO,Dec 2023,2023-12-31,quarter,48.0,40.0,8.0,16.0,4.0,0.0,2.0,10.0,23.0,8.0,13.09,screener
EIMCOELECO,Mar 2024,2024-03-31,quarter,84.0,68.0,17.0,20.0,5.0,0.0,2.0,19.0,22.0,15.0,25.73,screener
EKC,Dec 2024,2024-12-31,quarter,367.0,327.0,40.0,11.0,2.0,5.0,10.0,27.0,34.0,18.0,1.61,screener
EKC,Mar 2025,2025-03-31,quarter,422.0,384.0,38.0,9.0,-4.0,4.0,11.0,19.0,31.0,13.0,1.19,screener
EKC,Jun 2025,2025-06-30,quarter,387.0,326.0,61.0,16.0,19.0,4.0,11.0,65.0,21.0,52.0,4.6,screener
EKC,Sep 2025,2025-09-30,quarter,360.0,317.0,43.0,12.0,-7.0,4.0,11.0,21.0,35.0,14.0,1.22,screener
EKC,Dec 2025,2025-12-31,quarter,365.0,306.0,59.0,16.0,7.0,3.0,14.0,51.0,29.0,36.0,3.18,screener
EKC,Mar 2026,2026-03-31,quarter,358.0,319.0,40.0,11.0,2.0,4.0,15.0,23.0,-101.0,46.0,4.09,screener
ELDEHSG,Dec 2024,2024-12-31,quarter,34.66,28.82,5.84,16.85,3.47,1.07,0.2,8.04,28.23,5.77,5.87,screener
ELDEHSG,Mar 2025,2025-03-31,quarter,36.72,31.0,5.72,15.58,0.89,0.97,0.24,5.4,40.19,3.24,3.3,screener
ELDEHSG,Jun 2025,2025-06-30,quarter,28.69,25.48,3.21,11.19,2.24,0.94,0.1,4.41,28.8,3.13,3.18,screener
ELDEHSG,Sep 2025,2025-09-30,quarter,33.05,29.76,3.29,9.95,2.25,0.9,0.33,4.31,39.21,2.63,2.67,screener
ELDEHSG,Dec 2025,2025-12-31,quarter,43.08,25.43,17.65,40.97,2.12,1.02,0.2,18.55,26.31,13.67,13.9,screener
ELDEHSG,Mar 2026,2026-03-31,quarter,60.11,53.54,6.57,10.93,4.18,0.28,0.22,10.25,52.68,4.85,4.93,screener
ELECON,Dec 2024,2024-12-31,quarter,528.89,386.31,142.58,26.96,16.66,3.46,15.54,140.24,23.32,107.54,4.79,screener
ELECON,Mar 2025,2025-03-31,quarter,798.0,602.0,195.0,24.0,21.0,5.0,19.0,192.0,24.0,146.0,6.53,screener
ELECON,Jun 2025,2025-06-30,quarter,491.0,360.0,130.0,27.0,108.0,6.0,25.0,207.0,15.0,175.0,7.82,screener
ELECON,Sep 2025,2025-09-30,quarter,578.0,452.0,126.0,22.0,18.0,6.0,25.0,113.0,22.0,88.0,3.91,screener
ELECON,Dec 2025,2025-12-31,quarter,552.0,443.0,109.0,20.0,19.0,7.0,27.0,94.0,23.0,72.0,3.21,screener
ELECON,Mar 2026,2026-03-31,quarter,746.0,588.0,158.0,21.0,-84.0,6.0,27.0,40.0,85.0,6.0,0.27,screener
ELECON,Jun 2026,2026-06-30,quarter,521.0,411.0,109.0,21.0,22.0,8.0,30.0,93.0,24.0,70.0,3.14,screener
ELECTHERM,Dec 2024,2024-12-31,quarter,1081.0,974.0,107.0,10.0,3.0,12.0,11.0,88.0,0.0,88.0,69.33,screener
ELECTHERM,Mar 2025,2025-03-31,quarter,1161.0,1097.0,64.0,6.0,109.0,8.0,12.0,153.0,-21.0,186.0,145.57,screener
ELECTHERM,Jun 2025,2025-06-30,quarter,834.0,782.0,52.0,6.0,1.0,8.0,11.0,34.0,18.0,28.0,21.78,screener
ELECTHERM,Sep 2025,2025-09-30,quarter,814.0,826.0,-12.0,-1.0,1.0,7.0,11.0,-28.0,-24.0,-22.0,-16.97,screener
ELECTHERM,Dec 2025,2025-12-31,quarter,904.0,934.0,-31.0,-3.0,0.0,5.0,11.0,-46.0,-23.0,-35.0,-27.8,screener
ELECTHERM,Mar 2026,2026-03-31,quarter,1140.0,1115.0,24.0,2.0,8.0,4.0,11.0,18.0,24.0,14.0,10.7,screener
ELGIEQUIP,Dec 2024,2024-12-31,quarter,848.0,728.0,119.0,14.0,15.0,6.0,19.0,111.0,27.0,81.0,2.54,screener
ELGIEQUIP,Mar 2025,2025-03-31,quarter,993.0,843.0,150.0,15.0,18.0,8.0,20.0,140.0,27.0,102.0,3.22,screener
ELGIEQUIP,Jun 2025,2025-06-30,quarter,867.0,746.0,121.0,14.0,23.0,7.0,19.0,118.0,27.0,86.0,2.7,screener
ELGIEQUIP,Sep 2025,2025-09-30,quarter,968.0,828.0,140.0,14.0,55.0,7.0,21.0,167.0,27.0,121.0,3.83,screener
ELGIEQUIP,Dec 2025,2025-12-31,quarter,1003.0,860.0,144.0,14.0,11.0,5.0,21.0,129.0,26.0,95.0,3.0,screener
ELGIEQUIP,Mar 2026,2026-03-31,quarter,1113.0,940.0,173.0,16.0,22.0,6.0,25.0,164.0,22.0,128.0,4.04,screener
ELGNZ,Sep 2024,2024-09-30,quarter,192.0,176.0,16.0,8.0,0.0,2.0,1.0,13.0,25.0,10.0,5.74,screener
ELGNZ,Mar 2025,2025-03-31,quarter,201.0,183.0,17.0,9.0,2.0,2.0,2.0,15.0,27.0,11.0,4.94,screener
ELGNZ,Sep 2025,2025-09-30,quarter,111.0,106.0,5.0,4.0,3.0,2.0,1.0,5.0,33.0,2.0,1.02,screener
ELGNZ,Mar 2026,2026-03-31,quarter,289.0,260.0,30.0,10.0,2.0,2.0,2.0,28.0,27.0,20.0,9.03,screener
ELIN,Dec 2024,2024-12-31,quarter,266.32,258.76,7.56,2.84,2.14,1.63,6.07,2.0,29.5,1.4,0.28,screener
ELIN,Mar 2025,2025-03-31,quarter,315.75,295.5,20.25,6.41,11.24,2.11,7.36,22.02,21.8,17.22,3.47,screener
ELIN,Jun 2025,2025-06-30,quarter,295.48,277.92,17.56,5.94,2.99,2.02,5.86,12.67,25.89,9.39,1.89,screener
ELIN,Sep 2025,2025-09-30,quarter,374.54,354.18,20.36,5.44,1.77,2.23,6.03,13.87,25.74,10.3,2.07,screener
ELIN,Dec 2025,2025-12-31,quarter,293.52,281.83,11.69,3.98,0.78,1.65,6.0,4.82,24.07,3.66,0.74,screener
ELIN,Mar 2026,2026-03-31,quarter,324.19,318.23,5.96,1.84,1.11,2.3,6.48,-1.71,-55.56,-0.76,-0.15,screener
ELPROINTL,Dec 2024,2024-12-31,quarter,-7.0,21.0,-28.0,,23.0,19.0,4.0,-28.0,-24.0,-21.0,-1.24,screener
ELPROINTL,Mar 2025,2025-03-31,quarter,70.0,38.0,32.0,45.0,-3.0,22.0,3.0,3.0,-164.0,7.0,0.43,screener
ELPROINTL,Jun 2025,2025-06-30,quarter,100.0,29.0,71.0,71.0,43.0,23.0,3.0,87.0,15.0,74.0,4.39,screener
ELPROINTL,Sep 2025,2025-09-30,quarter,54.0,31.0,22.0,42.0,13.0,26.0,5.0,4.0,-186.0,11.0,0.66,screener
ELPROINTL,Dec 2025,2025-12-31,quarter,189.0,54.0,135.0,71.0,27.0,28.0,3.0,132.0,29.0,94.0,5.53,screener
ELPROINTL,Mar 2026,2026-03-31,quarter,185.0,256.0,-71.0,-38.0,-19.0,29.0,4.0,-123.0,-25.0,-92.0,-5.43,screener
EMAMILTD,Dec 2024,2024-12-31,quarter,1049.0,715.0,334.0,32.0,15.0,2.0,46.0,301.0,7.0,279.0,6.39,screener
EMAMILTD,Mar 2025,2025-03-31,quarter,963.0,744.0,219.0,23.0,21.0,3.0,44.0,194.0,16.0,162.0,3.72,screener
EMAMILTD,Jun 2025,2025-06-30,quarter,904.0,692.0,212.0,23.0,22.0,2.0,44.0,187.0,12.0,164.0,3.76,screener
EMAMILTD,Sep 2025,2025-09-30,quarter,799.0,622.0,177.0,22.0,21.0,3.0,45.0,150.0,1.0,148.0,3.4,screener
EMAMILTD,Dec 2025,2025-12-31,quarter,1152.0,768.0,384.0,33.0,9.0,3.0,45.0,345.0,7.0,319.0,7.32,screener
EMAMILTD,Mar 2026,2026-03-31,quarter,925.0,739.0,186.0,20.0,23.0,3.0,42.0,164.0,13.0,143.0,3.28,screener
EMAPARTNER,Sep 2023,2023-09-30,quarter,29.0,22.0,7.0,23.0,0.0,0.0,0.0,6.0,12.0,6.0,131.71,screener
EMAPARTNER,Mar 2024,2024-03-31,quarter,38.0,29.0,10.0,25.0,1.0,0.0,1.0,10.0,13.0,9.0,205.96,screener
EMAPARTNER,Sep 2024,2024-09-30,quarter,39.0,30.0,9.0,24.0,1.0,0.0,1.0,9.0,24.0,7.0,3.81,screener
EMAPARTNER,Mar 2025,2025-03-31,quarter,35.0,31.0,4.0,11.0,4.0,0.0,1.0,7.0,18.0,6.0,2.5,screener
EMAPARTNER,Sep 2025,2025-09-30,quarter,41.0,33.0,8.0,19.0,2.0,0.0,1.0,9.0,21.0,7.0,3.06,screener
EMAPARTNER,Mar 2026,2026-03-31,quarter,47.0,40.0,7.0,14.0,1.0,0.0,1.0,6.0,15.0,5.0,2.24,screener
EMCURE,Dec 2024,2024-12-31,quarter,1963.0,1608.0,355.0,18.0,4.0,32.0,97.0,230.0,32.0,156.0,8.11,screener
EMCURE,Mar 2025,2025-03-31,quarter,2116.0,1714.0,402.0,19.0,-6.0,39.0,97.0,261.0,24.0,197.0,9.97,screener
EMCURE,Jun 2025,2025-06-30,quarter,2101.0,1684.0,417.0,20.0,0.0,27.0,99.0,291.0,26.0,215.0,10.92,screener
EMCURE,Sep 2025,2025-09-30,quarter,2270.0,1794.0,475.0,21.0,3.0,33.0,105.0,341.0,26.0,251.0,12.84,screener
EMCURE,Dec 2025,2025-12-31,quarter,2363.0,1871.0,493.0,21.0,-36.0,38.0,105.0,314.0,26.0,231.0,12.16,screener
EMCURE,Mar 2026,2026-03-31,quarter,2470.0,1990.0,480.0,19.0,14.0,46.0,106.0,341.0,29.0,244.0,12.84,screener
EMIL,Dec 2024,2024-12-31,quarter,1805.0,1703.0,102.0,6.0,2.0,30.0,30.0,44.0,24.0,34.0,0.87,screener
EMIL,Mar 2025,2025-03-31,quarter,1664.0,1557.0,107.0,6.0,2.0,36.0,35.0,38.0,29.0,27.0,0.69,screener
EMIL,Jun 2025,2025-06-30,quarter,1739.0,1629.0,110.0,6.0,-7.0,37.0,37.0,29.0,25.0,22.0,0.56,screener
EMIL,Sep 2025,2025-09-30,quarter,1591.0,1509.0,82.0,5.0,17.0,39.0,38.0,22.0,25.0,16.0,0.42,screener
EMIL,Dec 2025,2025-12-31,quarter,1940.0,1821.0,118.0,6.0,0.0,38.0,40.0,39.0,25.0,30.0,0.77,screener
EMIL,Mar 2026,2026-03-31,quarter,1913.0,1785.0,129.0,7.0,6.0,40.0,41.0,53.0,26.0,40.0,1.03,screener
EMKAY,Mar 2025,2025-03-31,quarter,71.04,70.93,0.11,0.15,5.81,1.68,3.29,0.95,-786.32,8.49,3.35,screener
EMKAY,Jun 2025,2025-06-30,quarter,72.97,67.14,5.83,7.99,4.78,2.44,2.91,5.26,8.75,4.78,1.88,screener
EMKAY,Sep 2025,2025-09-30,quarter,72.09,70.68,1.41,1.96,4.99,2.8,3.28,0.32,6.25,0.46,0.18,screener
EMKAY,Dec 2025,2025-12-31,quarter,87.08,78.82,8.26,9.49,4.74,3.43,3.55,6.02,28.07,4.3,1.66,screener
EMKAY,Mar 2026,2026-03-31,quarter,148.39,135.64,12.75,8.59,4.82,4.28,3.69,9.6,41.25,5.66,2.16,screener
EMKAY,Jun 2026,2026-06-30,quarter,91.91,80.49,11.42,12.43,4.61,4.29,3.01,8.73,8.25,9.11,3.33,screener
EMMBI,Dec 2024,2024-12-31,quarter,102.89,93.15,9.74,9.47,0.05,4.53,2.97,2.29,25.33,1.7,0.92,screener
EMMBI,Mar 2025,2025-03-31,quarter,107.52,97.69,9.83,9.14,0.03,4.76,3.01,2.09,30.14,1.47,0.8,screener
EMMBI,Jun 2025,2025-06-30,quarter,104.16,94.53,9.63,9.25,0.06,4.62,3.01,2.06,28.16,1.48,0.77,screener
EMMBI,Sep 2025,2025-09-30,quarter,122.13,110.36,11.77,9.64,0.06,4.83,3.07,3.93,27.23,2.86,1.49,screener
EMMBI,Dec 2025,2025-12-31,quarter,112.24,101.09,11.15,9.93,-1.11,4.99,3.08,1.97,43.15,1.12,0.58,screener
EMMBI,Mar 2026,2026-03-31,quarter,117.01,106.23,10.78,9.21,0.11,4.53,3.02,3.34,27.25,2.43,1.26,screener
EMMVEE,Dec 2024,2024-12-31,quarter,528.0,326.0,202.0,38.0,10.0,37.0,54.0,122.0,19.0,99.0,91.92,screener
EMMVEE,Mar 2025,2025-03-31,quarter,1072.0,711.0,361.0,34.0,3.0,46.0,66.0,253.0,18.0,207.0,38.39,screener
EMMVEE,Jun 2025,2025-06-30,quarter,1028.0,677.0,350.0,34.0,14.0,53.0,72.0,240.0,22.0,188.0,3.16,screener
EMMVEE,Sep 2025,2025-09-30,quarter,1131.0,732.0,399.0,35.0,18.0,55.0,71.0,292.0,18.0,238.0,4.01,screener
EMMVEE,Dec 2025,2025-12-31,quarter,1152.0,739.0,413.0,36.0,16.0,33.0,74.0,322.0,18.0,264.0,3.81,screener
EMMVEE,Mar 2026,2026-03-31,quarter,1739.0,1168.0,571.0,33.0,5.0,13.0,79.0,484.0,19.0,392.0,5.67,screener
EMMVEE,Jun 2026,2026-06-30,quarter,1556.0,1007.0,548.0,35.0,16.0,11.0,84.0,470.0,19.0,380.0,5.49,screener
EMSLIMITED,Dec 2024,2024-12-31,quarter,245.29,174.2,71.09,28.98,2.63,1.36,2.56,69.8,27.49,50.6,9.09,screener
EMSLIMITED,Mar 2025,2025-03-31,quarter,269.84,205.0,64.84,24.03,2.23,1.86,2.52,62.69,25.16,46.92,8.39,screener
EMSLIMITED,Jun 2025,2025-06-30,quarter,238.89,184.78,54.11,22.65,2.33,3.05,2.55,50.84,25.14,38.06,6.82,screener
EMSLIMITED,Sep 2025,2025-09-30,quarter,173.49,136.32,37.17,21.42,4.38,2.65,2.48,36.42,22.76,28.14,5.09,screener
EMSLIMITED,Dec 2025,2025-12-31,quarter,200.36,169.61,30.75,15.35,2.52,3.48,2.63,27.16,29.01,19.29,3.39,screener
EMSLIMITED,Mar 2026,2026-03-31,quarter,120.5,102.19,18.31,15.2,3.07,4.06,2.55,14.77,61.27,5.71,1.01,screener
EMUDHRA,Dec 2024,2024-12-31,quarter,139.0,109.0,30.0,22.0,2.0,0.0,6.0,25.0,12.0,22.0,2.53,screener
EMUDHRA,Mar 2025,2025-03-31,quarter,147.0,112.0,35.0,24.0,2.0,0.0,6.0,31.0,22.0,24.0,2.88,screener
EMUDHRA,Jun 2025,2025-06-30,quarter,147.0,113.0,35.0,24.0,3.0,0.0,7.0,31.0,19.0,25.0,3.0,screener
EMUDHRA,Sep 2025,2025-09-30,quarter,173.0,132.0,41.0,24.0,2.0,1.0,9.0,33.0,20.0,26.0,3.05,screener
EMUDHRA,Dec 2025,2025-12-31,quarter,188.0,147.0,41.0,22.0,3.0,1.0,9.0,34.0,15.0,29.0,3.46,screener
EMUDHRA,Mar 2026,2026-03-31,quarter,193.0,151.0,42.0,22.0,3.0,3.0,9.0,33.0,11.0,30.0,3.5,screener
ENDURANCE,Dec 2024,2024-12-31,quarter,2859.0,2487.0,373.0,13.0,22.0,12.0,136.0,247.0,25.0,184.0,13.11,screener
ENDURANCE,Mar 2025,2025-03-31,quarter,2963.0,2541.0,422.0,14.0,47.0,12.0,142.0,314.0,22.0,245.0,17.43,screener
ENDURANCE,Jun 2025,2025-06-30,quarter,3319.0,2875.0,444.0,13.0,36.0,14.0,164.0,302.0,25.0,226.0,16.09,screener
ENDURANCE,Sep 2025,2025-09-30,quarter,3583.0,3106.0,477.0,13.0,21.0,14.0,180.0,304.0,25.0,227.0,16.16,screener
ENDURANCE,Dec 2025,2025-12-31,quarter,3608.0,3131.0,477.0,13.0,16.0,15.0,178.0,301.0,26.0,222.0,15.76,screener
ENDURANCE,Mar 2026,2026-03-31,quarter,4086.0,3518.0,568.0,14.0,30.0,15.0,212.0,371.0,25.0,276.0,19.65,screener
ENDURANCE,Jun 2026,2026-06-30,quarter,4315.0,3779.0,536.0,12.0,33.0,17.0,222.0,330.0,26.0,245.0,17.38,screener
ENGINERSIN,Dec 2024,2024-12-31,quarter,765.0,667.0,98.0,13.0,38.0,1.0,10.0,126.0,25.0,109.0,1.93,screener
ENGINERSIN,Mar 2025,2025-03-31,quarter,1010.0,709.0,301.0,30.0,74.0,0.0,11.0,364.0,23.0,280.0,4.98,screener
ENGINERSIN,Jun 2025,2025-06-30,quarter,870.0,798.0,72.0,8.0,36.0,1.0,11.0,97.0,25.0,65.0,1.16,screener
ENGINERSIN,Sep 2025,2025-09-30,quarter,921.0,802.0,120.0,13.0,37.0,1.0,10.0,146.0,25.0,83.0,1.49,screener
ENGINERSIN,Dec 2025,2025-12-31,quarter,1210.0,858.0,352.0,29.0,101.0,1.0,10.0,442.0,21.0,347.0,6.18,screener
ENGINERSIN,Mar 2026,2026-03-31,quarter,926.0,774.0,152.0,16.0,101.0,0.0,11.0,242.0,19.0,196.0,3.48,screener
ENIL,Dec 2024,2024-12-31,quarter,158.9,128.42,30.48,19.18,6.58,3.44,21.3,12.32,24.76,9.26,1.92,screener
ENIL,Mar 2025,2025-03-31,quarter,158.21,128.77,29.44,18.61,11.62,3.51,21.81,15.74,22.74,12.17,2.53,screener
ENIL,Jun 2025,2025-06-30,quarter,116.95,109.38,7.57,6.47,7.96,3.33,20.5,-8.3,-36.51,-5.26,-1.13,screener
ENIL,Sep 2025,2025-09-30,quarter,141.14,129.77,11.37,8.06,6.75,3.59,20.73,-6.2,-34.03,-4.09,-0.86,screener
ENIL,Dec 2025,2025-12-31,quarter,164.96,149.61,15.35,9.31,-1.44,3.75,22.03,-11.87,-46.84,-6.3,-1.35,screener
ENIL,Mar 2026,2026-03-31,quarter,142.14,131.49,10.65,7.49,9.75,3.67,21.5,-4.77,-273.17,8.27,1.73,screener
ENTERO,Dec 2024,2024-12-31,quarter,1359.0,1309.0,50.0,4.0,8.0,10.0,8.0,39.0,25.0,29.0,5.85,screener
ENTERO,Mar 2025,2025-03-31,quarter,1339.0,1290.0,49.0,4.0,7.0,10.0,8.0,37.0,16.0,31.0,5.9,screener
ENTERO,Jun 2025,2025-06-30,quarter,1404.0,1354.0,50.0,4.0,6.0,11.0,9.0,36.0,17.0,30.0,6.39,screener
ENTERO,Sep 2025,2025-09-30,quarter,1571.0,1509.0,62.0,4.0,5.0,12.0,10.0,45.0,18.0,37.0,7.26,screener
ENTERO,Dec 2025,2025-12-31,quarter,1707.0,1639.0,68.0,4.0,-4.0,14.0,10.0,40.0,16.0,34.0,6.35,screener
ENTERO,Mar 2026,2026-03-31,quarter,1910.0,1824.0,86.0,4.0,4.0,17.0,15.0,58.0,22.0,45.0,6.44,screener
EPACK,Dec 2024,2024-12-31,quarter,376.84,353.66,23.18,6.15,4.87,12.44,12.11,3.5,28.0,2.51,0.26,screener
EPACK,Mar 2025,2025-03-31,quarter,643.25,572.36,70.89,11.02,5.5,13.73,12.36,50.3,25.01,37.72,3.93,screener
EPACK,Jun 2025,2025-06-30,quarter,662.39,608.04,54.35,8.21,5.68,15.85,12.72,31.46,27.21,22.89,2.39,screener
EPACK,Sep 2025,2025-09-30,quarter,213.26,214.36,-1.1,-0.52,6.16,20.23,13.51,-28.68,-22.42,-22.25,-2.31,screener
EPACK,Dec 2025,2025-12-31,quarter,427.75,398.39,29.36,6.86,2.77,13.48,13.61,5.04,48.61,2.59,0.27,screener
EPACK,Mar 2026,2026-03-31,quarter,591.05,567.38,23.67,4.0,2.85,11.37,14.15,1.0,97.0,0.02,0.0,screener
EPACKPEB,Dec 2024,2024-12-31,quarter,266.0,239.0,27.0,10.0,0.0,6.0,5.0,16.0,27.0,12.0,1.5,screener
EPACKPEB,Mar 2025,2025-03-31,quarter,331.0,295.0,35.0,11.0,4.0,7.0,4.0,28.0,28.0,20.0,2.58,screener
EPACKPEB,Jun 2025,2025-06-30,quarter,295.0,264.0,31.0,10.0,3.0,7.0,5.0,21.0,25.0,16.0,2.07,screener
EPACKPEB,Sep 2025,2025-09-30,quarter,434.0,384.0,50.0,12.0,3.0,8.0,6.0,39.0,25.0,29.0,2.93,screener
EPACKPEB,Dec 2025,2025-12-31,quarter,325.0,293.0,33.0,10.0,6.0,8.0,6.0,24.0,30.0,17.0,1.68,screener
EPACKPEB,Mar 2026,2026-03-31,quarter,471.0,425.0,46.0,10.0,6.0,8.0,6.0,38.0,20.0,30.0,3.01,screener
EPACKPEB,Jun 2026,2026-06-30,quarter,366.0,331.0,34.0,9.0,4.0,8.0,6.0,24.0,25.0,18.0,1.81,screener
EPIGRAL,Dec 2024,2024-12-31,quarter,645.0,463.0,183.0,28.0,4.0,0.0,33.0,154.0,33.0,104.0,24.02,screener
EPIGRAL,Mar 2025,2025-03-31,quarter,628.0,454.0,173.0,28.0,4.0,12.0,34.0,131.0,34.0,87.0,20.14,screener
EPIGRAL,Jun 2025,2025-06-30,quarter,607.0,443.0,163.0,27.0,9.0,23.0,42.0,107.0,-50.0,161.0,37.25,screener
EPIGRAL,Sep 2025,2025-09-30,quarter,587.0,455.0,132.0,22.0,2.0,22.0,42.0,70.0,26.0,51.0,11.87,screener
EPIGRAL,Dec 2025,2025-12-31,quarter,597.0,494.0,103.0,17.0,6.0,11.0,43.0,55.0,28.0,39.0,9.07,screener
EPIGRAL,Mar 2026,2026-03-31,quarter,736.0,569.0,168.0,23.0,-1.0,16.0,42.0,110.0,26.0,81.0,18.76,screener
EPL,Dec 2024,2024-12-31,quarter,1014.0,813.0,202.0,20.0,13.0,27.0,86.0,100.0,6.0,94.0,2.93,screener
EPL,Mar 2025,2025-03-31,quarter,1105.0,877.0,228.0,21.0,11.0,28.0,88.0,123.0,6.0,116.0,3.58,screener
EPL,Jun 2025,2025-06-30,quarter,1108.0,881.0,227.0,20.0,8.0,28.0,90.0,117.0,14.0,101.0,3.13,screener
EPL,Sep 2025,2025-09-30,quarter,1206.0,954.0,252.0,21.0,12.0,28.0,94.0,141.0,25.0,106.0,3.26,screener
EPL,Dec 2025,2025-12-31,quarter,1149.0,919.0,230.0,20.0,2.0,29.0,97.0,107.0,22.0,83.0,2.55,screener
EPL,Mar 2026,2026-03-31,quarter,1300.0,1044.0,256.0,20.0,-7.0,29.0,104.0,116.0,11.0,103.0,3.21,screener
EPL,Jun 2026,2026-06-30,quarter,1388.0,1127.0,261.0,19.0,6.0,29.0,109.0,129.0,22.0,101.0,3.08,screener
ERIS,Dec 2024,2024-12-31,quarter,727.0,477.0,250.0,34.0,4.0,57.0,81.0,116.0,25.0,87.0,6.15,screener
ERIS,Mar 2025,2025-03-31,quarter,705.0,453.0,252.0,36.0,8.0,54.0,77.0,129.0,21.0,102.0,6.89,screener
ERIS,Jun 2025,2025-06-30,quarter,773.0,496.0,277.0,36.0,4.0,49.0,71.0,161.0,22.0,125.0,8.66,screener
ERIS,Sep 2025,2025-09-30,quarter,792.0,504.0,288.0,36.0,3.0,50.0,69.0,173.0,22.0,134.0,8.82,screener
ERIS,Dec 2025,2025-12-31,quarter,807.0,526.0,282.0,35.0,-17.0,49.0,70.0,145.0,25.0,109.0,7.32,screener
ERIS,Mar 2026,2026-03-31,quarter,757.0,484.0,272.0,36.0,2.0,46.0,70.0,159.0,-75.0,279.0,20.33,screener
EROSMEDIA,Dec 2024,2024-12-31,quarter,13.0,26.0,-12.0,-95.0,26.0,2.0,0.0,11.0,0.0,11.0,1.19,screener
EROSMEDIA,Mar 2025,2025-03-31,quarter,12.0,91.0,-79.0,-658.0,50.0,2.0,0.0,-31.0,-27.0,-23.0,-2.35,screener
EROSMEDIA,Jun 2025,2025-06-30,quarter,4.0,32.0,-28.0,-653.0,0.0,2.0,0.0,-29.0,0.0,-29.0,-3.07,screener
EROSMEDIA,Sep 2025,2025-09-30,quarter,10.0,29.0,-19.0,-193.0,1.0,2.0,0.0,-21.0,0.0,-21.0,-2.15,screener
EROSMEDIA,Dec 2025,2025-12-31,quarter,9.0,27.0,-17.0,-183.0,13.0,2.0,0.0,-6.0,45.0,-9.0,-0.92,screener
EROSMEDIA,Mar 2026,2026-03-31,quarter,6.0,99.0,-94.0,-1594.0,17.0,2.0,0.0,-79.0,0.0,-79.0,-8.19,screener
ESCONET,Sep 2023,2023-09-30,quarter,71.0,66.0,5.0,7.0,0.0,1.0,0.0,4.0,26.0,3.0,39.21,screener
ESCONET,Mar 2024,2024-03-31,quarter,69.0,64.0,5.0,7.0,0.0,1.0,1.0,3.0,29.0,2.0,1.93,screener
ESCONET,Sep 2024,2024-09-30,quarter,107.0,102.0,4.0,4.0,0.0,0.0,1.0,4.0,23.0,3.0,2.18,screener
ESCONET,Mar 2025,2025-03-31,quarter,123.0,118.0,6.0,5.0,3.0,0.0,1.0,7.0,25.0,5.0,4.06,screener
ESCONET,Sep 2025,2025-09-30,quarter,145.0,143.0,2.0,2.0,1.0,0.0,1.0,2.0,27.0,1.0,1.01,screener
ESCONET,Mar 2026,2026-03-31,quarter,209.0,202.0,7.0,3.0,2.0,1.0,1.0,7.0,32.0,5.0,3.65,screener
ESCORTS,Dec 2024,2024-12-31,quarter,2948.0,2616.0,332.0,11.0,143.0,4.0,62.0,410.0,22.0,321.0,28.66,screener
ESCORTS,Mar 2025,2025-03-31,quarter,2445.0,2158.0,287.0,12.0,178.0,5.0,62.0,398.0,20.0,318.0,28.46,screener
ESCORTS,Jun 2025,2025-06-30,quarter,2500.0,2179.0,321.0,13.0,1260.0,4.0,60.0,1518.0,8.0,1397.0,124.88,screener
ESCORTS,Sep 2025,2025-09-30,quarter,2792.0,2432.0,360.0,13.0,134.0,5.0,62.0,427.0,26.0,318.0,28.44,screener
ESCORTS,Dec 2025,2025-12-31,quarter,3280.0,2846.0,435.0,13.0,102.0,6.0,64.0,466.0,23.0,358.0,32.03,screener
ESCORTS,Mar 2026,2026-03-31,quarter,2968.0,2588.0,381.0,13.0,122.0,6.0,69.0,428.0,25.0,321.0,28.65,screener
ESCORTS,Jun 2026,2026-06-30,quarter,3208.0,2853.0,354.0,11.0,208.0,5.0,65.0,492.0,22.0,386.0,34.5,screener
ESSENTIA,Dec 2024,2024-12-31,quarter,124.63,123.01,1.62,1.3,1.78,0.51,1.04,1.85,32.97,1.24,0.01,screener
ESSENTIA,Mar 2025,2025-03-31,quarter,99.94,99.9,0.04,0.04,2.5,0.67,1.02,0.85,105.88,-0.05,0.0,screener
ESSENTIA,Jun 2025,2025-06-30,quarter,78.73,77.7,1.03,1.31,1.15,0.62,0.91,0.65,15.38,0.54,0.0,screener
ESSENTIA,Sep 2025,2025-09-30,quarter,120.67,118.29,2.38,1.97,0.91,0.76,0.92,1.61,32.3,1.09,0.01,screener
ESSENTIA,Dec 2025,2025-12-31,quarter,140.05,137.75,2.3,1.64,1.6,0.89,0.92,2.09,40.67,1.24,0.01,screener
ESSENTIA,Mar 2026,2026-03-31,quarter,134.15,140.38,-6.23,-4.64,3.08,0.98,-0.36,-3.77,-32.63,-2.54,-0.01,screener
ESTER,Mar 2025,2025-03-31,quarter,319.0,283.0,36.0,11.0,3.0,16.0,17.0,6.0,69.0,2.0,0.21,screener
ESTER,Jun 2025,2025-06-30,quarter,338.0,318.0,20.0,6.0,9.0,15.0,17.0,-4.0,88.0,-7.0,-0.73,screener
ESTER,Sep 2025,2025-09-30,quarter,354.0,340.0,14.0,4.0,3.0,17.0,17.0,-17.0,-8.0,-16.0,-1.62,screener
ESTER,Dec 2025,2025-12-31,quarter,339.0,323.0,16.0,4.8,5.0,16.0,18.0,-13.0,-2.0,-12.0,-1.27,screener
ESTER,Mar 2026,2026-03-31,quarter,344.0,302.0,42.0,12.0,1.0,16.0,18.0,9.0,17.0,8.0,0.81,screener
ESTER,Jun 2026,2026-06-30,quarter,432.0,383.0,49.0,11.0,10.0,17.0,18.0,24.0,21.0,19.0,1.79,screener
ETERNAL,Dec 2024,2024-12-31,quarter,5405.0,5243.0,162.0,3.0,252.0,43.0,247.0,124.0,52.0,59.0,0.06,screener
ETERNAL,Mar 2025,2025-03-31,quarter,5833.0,5761.0,72.0,1.2,368.0,56.0,287.0,97.0,60.0,39.0,0.04,screener
ETERNAL,Jun 2025,2025-06-30,quarter,7167.0,7052.0,115.0,1.6,354.0,67.0,314.0,88.0,72.0,25.0,0.03,screener
ETERNAL,Sep 2025,2025-09-30,quarter,13590.0,13351.0,239.0,1.8,352.0,86.0,376.0,129.0,50.0,65.0,0.07,screener
ETERNAL,Dec 2025,2025-12-31,quarter,16315.0,15947.0,368.0,2.3,348.0,107.0,439.0,170.0,40.0,102.0,0.11,screener
ETERNAL,Mar 2026,2026-03-31,quarter,17292.0,16806.0,486.0,2.8,342.0,132.0,468.0,228.0,24.0,174.0,0.18,screener
ETERNAL,Jun 2026,2026-06-30,quarter,20211.0,19617.0,594.0,2.9,375.0,151.0,546.0,272.0,66.0,92.0,0.1,screener
ETHOSLTD,Dec 2024,2024-12-31,quarter,370.0,313.0,57.0,15.0,6.0,5.0,17.0,41.0,27.0,29.0,11.0,screener
ETHOSLTD,Mar 2025,2025-03-31,quarter,311.0,265.0,46.0,15.0,6.0,5.0,17.0,30.0,25.0,23.0,8.49,screener
ETHOSLTD,Jun 2025,2025-06-30,quarter,346.0,301.0,45.0,13.0,6.0,6.0,19.0,26.0,27.0,19.0,7.11,screener
ETHOSLTD,Sep 2025,2025-09-30,quarter,383.0,336.0,48.0,12.0,12.0,7.0,21.0,32.0,25.0,24.0,8.89,screener
ETHOSLTD,Dec 2025,2025-12-31,quarter,469.0,408.0,61.0,13.0,14.0,8.0,25.0,42.0,27.0,31.0,11.37,screener
ETHOSLTD,Mar 2026,2026-03-31,quarter,414.0,364.0,50.0,12.0,13.0,7.0,25.0,31.0,26.0,23.0,8.22,screener
EUREKAFORB,Dec 2024,2024-12-31,quarter,598.0,539.0,59.0,10.0,4.0,1.0,15.0,47.0,26.0,35.0,1.81,screener
EUREKAFORB,Mar 2025,2025-03-31,quarter,613.0,536.0,77.0,13.0,6.0,1.0,15.0,66.0,26.0,49.0,2.56,screener
EUREKAFORB,Jun 2025,2025-06-30,quarter,608.0,546.0,61.0,10.0,7.0,1.0,16.0,52.0,26.0,39.0,2.0,screener
EUREKAFORB,Sep 2025,2025-09-30,quarter,772.0,674.0,98.0,13.0,6.0,2.0,16.0,85.0,26.0,63.0,3.25,screener
EUREKAFORB,Dec 2025,2025-12-31,quarter,645.0,577.0,69.0,11.0,-35.0,3.0,17.0,14.0,27.0,10.0,0.52,screener
EUREKAFORB,Mar 2026,2026-03-31,quarter,684.0,598.0,86.0,13.0,5.0,2.0,20.0,69.0,26.0,51.0,2.64,screener
EUROPRATIK,Dec 2024,2024-12-31,quarter,75.0,48.0,27.0,37.0,3.0,1.0,2.0,28.0,27.0,20.0,1.96,screener
EUROPRATIK,Mar 2025,2025-03-31,quarter,73.0,54.0,19.0,26.0,1.0,0.0,2.0,17.0,17.0,14.0,1.42,screener
EUROPRATIK,Jun 2025,2025-06-30,quarter,65.0,42.0,22.0,34.0,-7.0,1.0,1.0,14.0,31.0,9.0,0.95,screener
EUROPRATIK,Sep 2025,2025-09-30,quarter,97.0,66.0,31.0,32.0,1.0,1.0,1.0,30.0,23.0,23.0,2.25,screener
EUROPRATIK,Dec 2025,2025-12-31,quarter,80.0,46.0,35.0,43.0,1.0,1.0,1.0,34.0,31.0,24.0,2.28,screener
EUROPRATIK,Mar 2026,2026-03-31,quarter,93.0,68.0,26.0,27.0,5.0,2.0,2.0,27.0,20.0,22.0,2.07,screener
EVEREADY,Dec 2024,2024-12-31,quarter,334.0,304.0,29.0,9.0,0.0,7.0,7.0,16.0,18.0,13.0,1.8,screener
EVEREADY,Mar 2025,2025-03-31,quarter,299.0,273.0,26.0,9.0,0.0,6.0,8.0,12.0,14.0,10.0,1.43,screener
EVEREADY,Jun 2025,2025-06-30,quarter,374.0,320.0,54.0,14.0,-5.0,6.0,7.0,36.0,17.0,30.0,4.16,screener
EVEREADY,Sep 2025,2025-09-30,quarter,387.0,338.0,49.0,13.0,-37.0,5.0,7.0,0.0,1740.0,-8.0,-1.09,screener
EVEREADY,Dec 2025,2025-12-31,quarter,367.0,334.0,33.0,9.0,-9.0,5.0,7.0,12.0,39.0,7.0,1.02,screener
EVEREADY,Mar 2026,2026-03-31,quarter,327.0,299.0,28.0,9.0,103.0,4.0,9.0,119.0,-19.0,142.0,19.5,screener
EVERESTIND,Dec 2024,2024-12-31,quarter,371.0,377.0,-6.0,-2.0,1.0,6.0,9.0,-20.0,-22.0,-15.0,-9.79,screener
EVERESTIND,Mar 2025,2025-03-31,quarter,453.0,442.0,10.0,2.0,14.0,7.0,12.0,6.0,-36.0,8.0,4.83,screener
EVERESTIND,Jun 2025,2025-06-30,quarter,501.0,484.0,16.0,3.0,3.0,6.0,10.0,3.0,51.0,2.0,1.03,screener
EVERESTIND,Sep 2025,2025-09-30,quarter,306.0,315.0,-9.0,-3.0,2.0,7.0,10.0,-25.0,-27.0,-18.0,-11.46,screener
EVERESTIND,Dec 2025,2025-12-31,quarter,283.0,302.0,-19.0,-7.0,-12.0,7.0,10.0,-48.0,-21.0,-38.0,-23.95,screener
EVERESTIND,Mar 2026,2026-03-31,quarter,327.0,353.0,-26.0,-8.0,5.0,9.0,11.0,-42.0,12.0,-47.0,-29.75,screener
EXICOM,Dec 2024,2024-12-31,quarter,197.0,228.0,-31.0,-16.0,6.0,16.0,11.0,-52.0,-6.0,-49.0,-3.53,screener
EXICOM,Mar 2025,2025-03-31,quarter,266.0,282.0,-16.0,-6.0,3.0,15.0,33.0,-61.0,1.0,-62.0,-4.48,screener
EXICOM,Jun 2025,2025-06-30,quarter,205.0,244.0,-39.0,-19.0,-4.0,16.0,25.0,-83.0,0.0,-83.0,-5.98,screener
EXICOM,Sep 2025,2025-09-30,quarter,282.0,314.0,-33.0,-12.0,3.0,13.0,27.0,-70.0,-2.0,-69.0,-4.95,screener
EXICOM,Dec 2025,2025-12-31,quarter,277.0,309.0,-32.0,-12.0,6.0,11.0,29.0,-68.0,0.0,-68.0,-4.88,screener
EXICOM,Mar 2026,2026-03-31,quarter,388.0,388.0,0.0,0.1,1.0,16.0,35.0,-49.0,11.0,-54.0,-3.9,screener
EXICOM,Jun 2026,2026-06-30,quarter,331.0,353.0,-22.0,-7.0,5.0,16.0,39.0,-72.0,2.0,-74.0,-5.29,screener
EXIDEIND,Dec 2024,2024-12-31,quarter,4017.0,3592.0,425.0,11.0,13.0,54.0,145.0,238.0,33.0,158.0,1.84,screener
EXIDEIND,Mar 2025,2025-03-31,quarter,4335.0,3907.0,428.0,10.0,44.0,35.0,148.0,290.0,35.0,188.0,2.2,screener
EXIDEIND,Jun 2025,2025-06-30,quarter,4695.0,4157.0,538.0,11.0,28.0,32.0,149.0,385.0,29.0,275.0,3.21,screener
EXIDEIND,Sep 2025,2025-09-30,quarter,4365.0,3973.0,391.0,9.0,54.0,40.0,152.0,253.0,31.0,174.0,2.02,screener
EXIDEIND,Dec 2025,2025-12-31,quarter,4201.0,3748.0,452.0,11.0,5.0,25.0,149.0,283.0,31.0,195.0,2.28,screener
EXIDEIND,Mar 2026,2026-03-31,quarter,4735.0,4247.0,488.0,10.0,4.0,27.0,138.0,327.0,34.0,217.0,2.53,screener
EXIDEIND,Jun 2026,2026-06-30,quarter,5528.0,4907.0,621.0,11.0,27.0,20.0,142.0,487.0,28.0,351.0,4.12,screener
EXPLEOSOL,Dec 2024,2024-12-31,quarter,258.0,219.0,39.0,15.0,3.0,1.0,12.0,28.0,30.0,20.0,12.75,screener
EXPLEOSOL,Mar 2025,2025-03-31,quarter,256.0,216.0,40.0,16.0,5.0,1.0,8.0,36.0,32.0,24.0,15.52,screener
EXPLEOSOL,Jun 2025,2025-06-30,quarter,260.0,230.0,30.0,11.0,7.0,1.0,8.0,28.0,28.0,20.0,13.16,screener
EXPLEOSOL,Sep 2025,2025-09-30,quarter,283.0,236.0,47.0,17.0,13.0,1.0,7.0,51.0,23.0,40.0,25.62,screener
EXPLEOSOL,Dec 2025,2025-12-31,quarter,279.0,233.0,46.0,16.0,-6.0,0.0,7.0,32.0,31.0,22.0,14.26,screener
EXPLEOSOL,Mar 2026,2026-03-31,quarter,286.0,244.0,43.0,15.0,15.0,1.0,6.0,51.0,18.0,42.0,26.85,screener
FABTECH,Dec 2024,2024-12-31,quarter,104.0,81.0,23.0,22.0,2.0,0.0,1.0,24.0,13.0,20.0,6.32,screener
FABTECH,Mar 2025,2025-03-31,quarter,135.0,116.0,18.0,14.0,3.0,1.0,1.0,20.0,24.0,15.0,4.66,screener
FABTECH,Jun 2025,2025-06-30,quarter,68.0,74.0,-6.0,-9.0,3.0,1.0,1.0,-6.0,-1.0,-6.0,-1.89,screener
FABTECH,Sep 2025,2025-09-30,quarter,121.0,91.0,30.0,25.0,3.0,1.0,1.0,31.0,10.0,28.0,8.68,screener
FABTECH,Dec 2025,2025-12-31,quarter,63.0,74.0,-12.0,-18.0,7.0,1.0,1.0,-7.0,-15.0,-6.0,-1.28,screener
FABTECH,Mar 2026,2026-03-31,quarter,159.0,136.0,22.0,14.0,10.0,1.0,1.0,30.0,26.0,22.0,4.96,screener
FACT,Sep 2024,2024-09-30,quarter,1449.0,1414.0,35.0,2.4,48.0,61.0,6.0,15.0,28.0,11.0,0.17,screener
FACT,Dec 2024,2024-12-31,quarter,949.0,918.0,32.0,3.3,57.0,62.0,12.0,15.0,46.0,8.0,0.12,screener
FACT,Mar 2025,2025-03-31,quarter,1053.0,968.0,85.0,8.0,76.0,60.0,13.0,88.0,20.0,71.0,1.09,screener
FACT,Jun 2025,2025-06-30,quarter,1043.0,1019.0,24.0,2.3,52.0,62.0,7.0,7.0,40.0,4.0,0.07,screener
FACT,Sep 2025,2025-09-30,quarter,1629.0,1590.0,39.0,2.4,51.0,62.0,8.0,21.0,2.0,21.0,0.32,screener
FACT,Dec 2025,2025-12-31,quarter,1568.0,1611.0,-43.0,-2.7,39.0,62.0,9.0,-74.0,-8.0,-68.0,-1.05,screener
FAZE3Q,Mar 2025,2025-03-31,quarter,210.55,186.01,24.54,11.66,7.69,4.08,6.86,21.29,18.13,17.43,7.17,screener
FAZE3Q,Jun 2025,2025-06-30,quarter,211.97,187.32,24.65,11.63,3.88,4.19,7.22,17.12,25.41,12.77,5.25,screener
FAZE3Q,Sep 2025,2025-09-30,quarter,206.98,201.65,5.33,2.58,0.24,4.56,7.66,-6.65,-21.8,-5.2,-2.14,screener
FAZE3Q,Dec 2025,2025-12-31,quarter,226.93,208.35,18.58,8.19,2.4,4.65,7.9,8.43,24.08,6.4,2.63,screener
FAZE3Q,Mar 2026,2026-03-31,quarter,277.18,243.19,33.99,12.26,3.17,6.06,7.96,23.14,15.3,19.6,8.06,screener
FAZE3Q,Jun 2026,2026-06-30,quarter,229.39,208.01,21.38,9.32,5.71,5.64,8.07,13.38,27.95,9.64,3.96,screener
FDC,Dec 2024,2024-12-31,quarter,464.0,417.0,47.0,10.0,19.0,1.0,13.0,51.0,28.0,37.0,2.28,screener
FDC,Mar 2025,2025-03-31,quarter,492.0,438.0,54.0,11.0,16.0,1.0,16.0,53.0,27.0,39.0,2.38,screener
FDC,Jun 2025,2025-06-30,quarter,648.0,508.0,140.0,22.0,36.0,1.0,15.0,160.0,24.0,121.0,7.45,screener
FDC,Sep 2025,2025-09-30,quarter,473.0,439.0,34.0,7.0,21.0,1.0,15.0,38.0,26.0,28.0,1.74,screener
FDC,Dec 2025,2025-12-31,quarter,465.0,412.0,52.0,11.0,0.0,1.0,15.0,36.0,22.0,28.0,1.74,screener
FDC,Mar 2026,2026-03-31,quarter,585.0,478.0,106.0,18.0,50.0,2.0,14.0,140.0,26.0,103.0,6.35,screener
FEDERALBNK,Dec 2024,2024-12-31,quarter,7265.0,2349.0,,,931.0,4570.0,0.0,1277.0,26.0,951.0,3.85,screener
FEDERALBNK,Mar 2025,2025-03-31,quarter,7108.0,2265.0,,,1047.0,4456.0,0.0,1434.0,23.0,1120.0,4.44,screener
FEDERALBNK,Jun 2025,2025-06-30,quarter,7151.0,2506.0,,,1164.0,4540.0,0.0,1270.0,25.0,951.0,3.74,screener
FEDERALBNK,Sep 2025,2025-09-30,quarter,7216.0,2519.0,,,1105.0,4429.0,0.0,1373.0,26.0,1023.0,4.03,screener
FEDERALBNK,Dec 2025,2025-12-31,quarter,7360.0,2595.0,,,1143.0,4401.0,0.0,1507.0,25.0,1125.0,4.44,screener
FEDERALBNK,Mar 2026,2026-03-31,quarter,7947.0,3017.0,,,1186.0,4402.0,0.0,1714.0,19.0,1392.0,5.44,screener
FEDERALBNK,Jun 2026,2026-06-30,quarter,7862.0,2665.0,,,1082.0,4538.0,0.0,1741.0,25.0,1302.0,5.09,screener
FERMENTA,Dec 2024,2024-12-31,quarter,156.0,103.0,53.0,34.0,2.0,4.0,6.0,45.0,16.0,38.0,12.54,screener
FERMENTA,Mar 2025,2025-03-31,quarter,140.0,103.0,37.0,26.0,4.0,3.0,6.0,32.0,-4.0,33.0,11.68,screener
FERMENTA,Jun 2025,2025-06-30,quarter,136.0,108.0,28.0,21.0,9.0,3.0,6.0,28.0,23.0,22.0,7.42,screener
FERMENTA,Sep 2025,2025-09-30,quarter,130.0,104.0,27.0,20.0,5.0,3.0,5.0,24.0,25.0,18.0,6.14,screener
FERMENTA,Dec 2025,2025-12-31,quarter,137.0,112.0,25.0,18.0,1.0,3.0,5.0,17.0,31.0,12.0,4.31,screener
FERMENTA,Mar 2026,2026-03-31,quarter,122.0,102.0,20.0,16.0,14.0,3.0,5.0,26.0,29.0,19.0,6.52,screener
FIEMIND,Dec 2024,2024-12-31,quarter,593.0,516.0,78.0,13.0,4.0,0.0,16.0,65.0,27.0,47.0,17.86,screener
FIEMIND,Mar 2025,2025-03-31,quarter,639.0,554.0,85.0,13.0,9.0,0.0,17.0,77.0,24.0,59.0,22.36,screener
FIEMIND,Jun 2025,2025-06-30,quarter,659.0,569.0,89.0,14.0,6.0,0.0,17.0,78.0,26.0,58.0,21.85,screener
FIEMIND,Sep 2025,2025-09-30,quarter,715.0,616.0,99.0,14.0,6.0,0.0,19.0,85.0,25.0,64.0,24.19,screener
FIEMIND,Dec 2025,2025-12-31,quarter,690.0,592.0,98.0,14.0,5.0,0.0,18.0,84.0,25.0,63.0,24.08,screener
FIEMIND,Mar 2026,2026-03-31,quarter,751.0,642.0,110.0,15.0,4.0,2.0,18.0,95.0,25.0,71.0,26.99,screener
FINCABLES,Dec 2024,2024-12-31,quarter,1182.0,1044.0,138.0,12.0,67.0,0.0,12.0,193.0,24.0,147.0,9.63,screener
FINCABLES,Mar 2025,2025-03-31,quarter,1595.0,1424.0,171.0,11.0,104.0,0.0,12.0,261.0,27.0,192.0,12.54,screener
FINCABLES,Jun 2025,2025-06-30,quarter,1396.0,1259.0,136.0,10.0,80.0,0.0,14.0,203.0,20.0,163.0,10.63,screener
FINCABLES,Sep 2025,2025-09-30,quarter,1376.0,1231.0,145.0,11.0,76.0,0.0,14.0,206.0,21.0,163.0,10.63,screener
FINCABLES,Dec 2025,2025-12-31,quarter,1599.0,1441.0,158.0,10.0,74.0,0.0,15.0,216.0,24.0,164.0,10.73,screener
FINCABLES,Mar 2026,2026-03-31,quarter,1951.0,1771.0,180.0,9.0,140.0,0.0,17.0,303.0,26.0,224.0,14.67,screener
FINEORG,Mar 2025,2025-03-31,quarter,607.0,487.0,120.0,20.0,26.0,1.0,15.0,130.0,25.0,97.0,31.68,screener
FINEORG,Jun 2025,2025-06-30,quarter,588.0,466.0,123.0,21.0,47.0,1.0,12.0,157.0,26.0,117.0,38.19,screener
FINEORG,Sep 2025,2025-09-30,quarter,597.0,463.0,134.0,22.0,21.0,0.0,13.0,142.0,24.0,109.0,35.4,screener
FINEORG,Dec 2025,2025-12-31,quarter,555.0,461.0,94.0,17.0,21.0,0.0,14.0,101.0,27.0,74.0,24.11,screener
FINEORG,Mar 2026,2026-03-31,quarter,625.0,496.0,129.0,21.0,35.0,3.0,18.0,143.0,18.0,117.0,38.32,screener
FINEORG,Jun 2026,2026-06-30,quarter,694.0,520.0,174.0,25.0,24.0,1.0,14.0,184.0,25.0,138.0,45.06,screener
FINPIPE,Dec 2024,2024-12-31,quarter,1001.0,918.0,83.0,8.0,66.0,10.0,27.0,112.0,16.0,94.0,1.52,screener
FINPIPE,Mar 2025,2025-03-31,quarter,1172.0,1001.0,171.0,15.0,85.0,6.0,27.0,223.0,26.0,165.0,2.65,screener
FINPIPE,Jun 2025,2025-06-30,quarter,1043.0,950.0,94.0,9.0,69.0,6.0,27.0,131.0,25.0,98.0,1.58,screener
FINPIPE,Sep 2025,2025-09-30,quarter,859.0,729.0,130.0,15.0,68.0,4.0,27.0,166.0,26.0,124.0,1.99,screener
FINPIPE,Dec 2025,2025-12-31,quarter,898.0,775.0,123.0,14.0,63.0,3.0,26.0,157.0,26.0,116.0,1.87,screener
FINPIPE,Mar 2026,2026-03-31,quarter,1314.0,982.0,332.0,25.0,53.0,8.0,26.0,351.0,26.0,261.0,4.21,screener
FIRSTCRY,Dec 2024,2024-12-31,quarter,2172.0,2064.0,108.0,5.0,45.0,42.0,104.0,7.0,314.0,-15.0,-0.15,screener
FIRSTCRY,Mar 2025,2025-03-31,quarter,1930.0,1914.0,16.0,0.8,12.0,38.0,108.0,-118.0,-5.0,-112.0,-1.47,screener
FIRSTCRY,Jun 2025,2025-06-30,quarter,1863.0,1829.0,33.0,1.8,42.0,40.0,101.0,-66.0,0.0,-67.0,-0.89,screener
FIRSTCRY,Sep 2025,2025-09-30,quarter,2099.0,2037.0,62.0,3.0,35.0,40.0,98.0,-41.0,22.0,-51.0,-0.67,screener
FIRSTCRY,Dec 2025,2025-12-31,quarter,2424.0,2327.0,97.0,4.0,41.0,39.0,104.0,-5.0,605.0,-39.0,-0.55,screener
FIRSTCRY,Mar 2026,2026-03-31,quarter,2163.0,2093.0,70.0,3.2,17.0,36.0,104.0,-53.0,-10.0,-48.0,-0.58,screener
FIRSTCRY,Jun 2026,2026-06-30,quarter,2106.0,2047.0,60.0,2.8,28.0,37.0,94.0,-43.0,3.0,-44.0,-0.6,screener
FIVESTAR,Mar 2025,2025-03-31,quarter,745.64,,382.33,51.28,,,,,,279.12,,screener_yfinance_fallback_normalized
FIVESTAR,Jun 2025,2025-06-30,quarter,774.31,,385.86,49.83,,,,,,266.31,,screener_yfinance_fallback_normalized
FIVESTAR,Dec 2025,2025-12-31,quarter,807.42,,411.1,50.92,,,,,,277.03,,screener_yfinance_fallback_normalized
FIVESTAR,Mar 2026,2026-03-31,quarter,809.58,,401.06,49.54,,,,,,269.27,,screener_yfinance_fallback_normalized
FIVESTAR,Jun 2026,2026-06-30,quarter,821.2,,406.22,49.47,,,,,,271.41,,screener_yfinance_fallback_normalized
FLAIR,Dec 2024,2024-12-31,quarter,265.0,219.0,45.0,17.0,7.0,1.0,12.0,39.0,25.0,29.0,2.78,screener
FLAIR,Mar 2025,2025-03-31,quarter,298.0,251.0,47.0,16.0,8.0,1.0,12.0,41.0,26.0,31.0,2.93,screener
FLAIR,Jun 2025,2025-06-30,quarter,289.0,239.0,50.0,17.0,3.0,1.0,13.0,39.0,25.0,29.0,2.72,screener
FLAIR,Sep 2025,2025-09-30,quarter,321.0,261.0,60.0,19.0,9.0,1.0,13.0,54.0,21.0,43.0,4.04,screener
FLAIR,Dec 2025,2025-12-31,quarter,318.0,261.0,57.0,18.0,3.0,1.0,13.0,45.0,27.0,33.0,3.11,screener
FLAIR,Mar 2026,2026-03-31,quarter,323.0,265.0,58.0,18.0,6.0,1.0,14.0,49.0,25.0,37.0,3.4,screener
FLUOROCHEM,Dec 2024,2024-12-31,quarter,1148.0,854.0,294.0,26.0,14.0,42.0,91.0,175.0,28.0,126.0,11.47,screener
FLUOROCHEM,Mar 2025,2025-03-31,quarter,1225.0,919.0,306.0,25.0,26.0,26.0,89.0,217.0,12.0,191.0,17.39,screener
FLUOROCHEM,Jun 2025,2025-06-30,quarter,1281.0,937.0,344.0,27.0,23.0,30.0,90.0,247.0,26.0,182.0,16.57,screener
FLUOROCHEM,Sep 2025,2025-09-30,quarter,1210.0,846.0,364.0,30.0,6.0,33.0,91.0,246.0,27.0,179.0,16.29,screener
FLUOROCHEM,Dec 2025,2025-12-31,quarter,1136.0,861.0,275.0,24.0,-10.0,33.0,89.0,143.0,29.0,102.0,9.29,screener
FLUOROCHEM,Mar 2026,2026-03-31,quarter,1369.0,1062.0,307.0,22.0,3.0,42.0,97.0,171.0,42.0,100.0,9.38,screener
FLUOROCHEM,Jun 2026,2026-06-30,quarter,1588.0,1162.0,426.0,27.0,12.0,26.0,102.0,310.0,29.0,219.0,20.12,screener
FMGOETZE,Dec 2024,2024-12-31,quarter,433.0,378.0,55.0,13.0,10.0,1.0,22.0,42.0,27.0,31.0,5.2,screener
FMGOETZE,Mar 2025,2025-03-31,quarter,459.0,362.0,97.0,21.0,12.0,2.0,22.0,85.0,27.0,61.0,10.68,screener
FMGOETZE,Jun 2025,2025-06-30,quarter,484.0,413.0,71.0,15.0,13.0,1.0,22.0,61.0,26.0,45.0,7.77,screener
FMGOETZE,Sep 2025,2025-09-30,quarter,490.0,409.0,82.0,17.0,12.0,2.0,22.0,70.0,27.0,51.0,8.85,screener
FMGOETZE,Dec 2025,2025-12-31,quarter,496.0,427.0,68.0,14.0,-4.0,2.0,22.0,40.0,24.0,31.0,5.22,screener
FMGOETZE,Mar 2026,2026-03-31,quarter,489.0,406.0,82.0,17.0,11.0,2.0,21.0,69.0,27.0,51.0,8.83,screener
FOCE,Sep 2023,2023-09-30,quarter,26.0,19.0,7.0,27.0,0.0,0.0,0.0,7.0,26.0,5.0,4.42,screener
FOCE,Mar 2024,2024-03-31,quarter,54.0,41.0,13.0,24.0,0.0,1.0,0.0,12.0,13.0,11.0,9.16,screener
FOCE,Sep 2024,2024-09-30,quarter,34.0,25.0,9.0,26.0,0.0,0.0,0.0,9.0,20.0,7.0,5.86,screener
FOCE,Mar 2025,2025-03-31,quarter,70.0,60.0,10.0,14.0,0.0,1.0,0.0,9.0,20.0,8.0,6.44,screener
FOCE,Sep 2025,2025-09-30,quarter,59.0,51.0,8.0,14.0,0.0,0.0,0.0,8.0,24.0,6.0,4.97,screener
FOCE,Mar 2026,2026-03-31,quarter,87.0,75.0,12.0,14.0,0.0,1.0,0.0,11.0,18.0,9.0,7.8,screener
FORCEMOT,Dec 2024,2024-12-31,quarter,1889.0,1658.0,232.0,12.0,20.0,4.0,71.0,177.0,35.0,115.0,87.51,screener
FORCEMOT,Mar 2025,2025-03-31,quarter,2356.0,2027.0,329.0,14.0,418.0,7.0,72.0,668.0,35.0,435.0,329.92,screener
FORCEMOT,Jun 2025,2025-06-30,quarter,2297.0,1974.0,323.0,14.0,25.0,0.0,70.0,278.0,36.0,176.0,133.82,screener
FORCEMOT,Sep 2025,2025-09-30,quarter,2081.0,1719.0,363.0,17.0,26.0,0.0,71.0,317.0,-11.0,351.0,266.14,screener
FORCEMOT,Dec 2025,2025-12-31,quarter,2129.0,1755.0,374.0,18.0,241.0,0.0,73.0,543.0,25.0,406.0,308.21,screener
FORCEMOT,Mar 2026,2026-03-31,quarter,2550.0,2136.0,414.0,16.0,39.0,3.0,72.0,378.0,26.0,279.0,211.38,screener
FORTIS,Dec 2024,2024-12-31,quarter,1928.0,1553.0,375.0,19.0,47.0,45.0,97.0,279.0,9.0,254.0,3.28,screener
FORTIS,Mar 2025,2025-03-31,quarter,2007.0,1572.0,435.0,22.0,-29.0,68.0,102.0,237.0,21.0,188.0,2.44,screener
FORTIS,Jun 2025,2025-06-30,quarter,2167.0,1676.0,491.0,23.0,31.0,70.0,101.0,351.0,24.0,267.0,3.45,screener
FORTIS,Sep 2025,2025-09-30,quarter,2331.0,1775.0,556.0,24.0,50.0,75.0,106.0,425.0,23.0,329.0,4.26,screener
FORTIS,Dec 2025,2025-12-31,quarter,2265.0,1759.0,506.0,22.0,-34.0,86.0,120.0,266.0,26.0,197.0,2.57,screener
FORTIS,Mar 2026,2026-03-31,quarter,2365.0,1832.0,532.0,23.0,-2.0,84.0,122.0,324.0,16.0,271.0,3.52,screener
FORTIS,Jun 2026,2026-06-30,quarter,2545.0,2008.0,537.0,21.0,28.0,80.0,122.0,363.0,25.0,273.0,3.53,screener
FOSECOIND,Dec 2024,2024-12-31,quarter,136.0,114.0,23.0,17.0,6.0,0.0,3.0,26.0,26.0,20.0,30.61,screener
FOSECOIND,Mar 2025,2025-03-31,quarter,149.0,121.0,27.0,18.0,4.0,0.0,2.0,29.0,26.0,22.0,33.93,screener
FOSECOIND,Sep 2025,2025-09-30,quarter,151.0,123.0,28.0,18.0,-1.0,0.0,3.0,24.0,31.0,16.0,25.82,screener
FOSECOIND,Dec 2025,2025-12-31,quarter,189.0,147.0,42.0,22.0,-12.0,0.0,6.0,24.0,36.0,15.0,16.72,screener
FOSECOIND,Mar 2026,2026-03-31,quarter,202.0,161.0,41.0,20.0,11.0,0.0,8.0,44.0,23.0,33.0,41.5,screener
FOSECOIND,Jun 2026,2026-06-30,quarter,231.0,178.0,53.0,23.0,5.0,0.0,8.0,50.0,27.0,36.0,44.74,screener
FRACTAL,Dec 2024,2024-12-31,quarter,707.0,622.0,86.0,12.0,50.0,10.0,24.0,102.0,10.0,92.0,27.78,screener
FRACTAL,Mar 2025,2025-03-31,quarter,758.0,635.0,122.0,16.0,8.0,11.0,34.0,86.0,35.0,56.0,16.36,screener
FRACTAL,Jun 2025,2025-06-30,quarter,760.0,680.0,80.0,11.0,14.0,12.0,30.0,53.0,29.0,38.0,10.96,screener
FRACTAL,Sep 2025,2025-09-30,quarter,798.0,724.0,75.0,9.0,16.0,12.0,34.0,46.0,28.0,33.0,2.5,screener
FRACTAL,Dec 2025,2025-12-31,quarter,854.0,744.0,110.0,13.0,2.0,11.0,36.0,65.0,-54.0,100.0,7.44,screener
FRACTAL,Mar 2026,2026-03-31,quarter,886.0,713.0,173.0,20.0,20.0,13.0,37.0,143.0,19.0,116.0,6.85,screener
FRACTAL,Jun 2026,2026-06-30,quarter,912.0,793.0,120.0,13.0,26.0,9.0,40.0,97.0,26.0,72.0,4.31,screener
FRONTSP,Mar 2014,2014-03-31,quarter,11.49,9.71,1.78,15.49,0.02,0.22,0.3,1.28,17.97,1.06,0.9,screener
FRONTSP,Dec 2014,2014-12-31,quarter,8.6,8.16,0.44,5.12,0.03,0.23,0.36,-0.12,-25.0,-0.09,-0.08,screener
FRONTSP,Mar 2015,2015-03-31,quarter,12.64,10.94,1.7,13.45,0.04,0.21,0.24,1.29,5.43,1.22,1.03,screener
FSL,Dec 2024,2024-12-31,quarter,2102.0,1785.0,318.0,15.0,7.0,39.0,84.0,201.0,20.0,160.0,2.27,screener
FSL,Mar 2025,2025-03-31,quarter,2161.0,1829.0,333.0,15.0,2.0,43.0,91.0,202.0,20.0,161.0,2.27,screener
FSL,Jun 2025,2025-06-30,quarter,2218.0,1871.0,347.0,16.0,7.0,43.0,97.0,213.0,21.0,169.0,2.39,screener
FSL,Sep 2025,2025-09-30,quarter,2312.0,1936.0,376.0,16.0,1.0,43.0,110.0,224.0,20.0,180.0,2.54,screener
FSL,Dec 2025,2025-12-31,quarter,2443.0,2040.0,403.0,16.0,-97.0,43.0,111.0,152.0,21.0,120.0,1.7,screener
FSL,Mar 2026,2026-03-31,quarter,2583.0,2153.0,430.0,17.0,-2.0,52.0,116.0,261.0,21.0,205.0,2.9,screener
FSL,Jun 2026,2026-06-30,quarter,2725.0,2274.0,451.0,17.0,-66.0,52.0,115.0,219.0,24.0,166.0,2.35,screener
GABRIEL,Dec 2024,2024-12-31,quarter,1017.0,925.0,91.0,9.0,9.0,3.0,19.0,79.0,23.0,60.0,4.18,screener
GABRIEL,Mar 2025,2025-03-31,quarter,1073.0,964.0,109.0,10.0,5.0,3.0,24.0,87.0,26.0,64.0,4.48,screener_yfinance_fallback_normalized
GABRIEL,Jun 2025,2025-06-30,quarter,1234.0,1116.0,118.0,10.0,43.0,5.0,31.0,126.0,16.0,105.0,7.33,screener_yfinance_fallback_normalized
GABRIEL,Sep 2025,2025-09-30,quarter,1180.0,1067.0,113.0,10.0,6.0,3.0,25.0,91.0,24.0,69.0,4.81,screener_yfinance_fallback_normalized
GABRIEL,Dec 2025,2025-12-31,quarter,1179.0,1072.0,107.0,9.0,-6.0,3.0,25.0,72.0,24.0,55.0,3.81,screener_yfinance_fallback_normalized
GABRIEL,Mar 2026,2026-03-31,quarter,1381.0,1248.0,133.0,10.0,53.0,8.0,31.0,147.0,19.0,119.0,8.23,screener_yfinance_fallback_normalized
GABRIEL,Jun 2026,2026-06-30,quarter,1426.0,1302.0,124.0,9.0,47.0,6.0,32.0,133.0,19.0,108.0,7.47,screener_yfinance_fallback_normalized
GAEL,Dec 2024,2024-12-31,quarter,1131.0,1008.0,123.0,11.0,9.0,3.0,32.0,97.0,27.0,71.0,1.56,screener
GAEL,Mar 2025,2025-03-31,quarter,1267.0,1204.0,62.0,5.0,25.0,6.0,32.0,49.0,35.0,32.0,0.7,screener
GAEL,Jun 2025,2025-06-30,quarter,1291.0,1195.0,96.0,7.0,30.0,5.0,35.0,86.0,24.0,65.0,1.42,screener
GAEL,Sep 2025,2025-09-30,quarter,1487.0,1411.0,76.0,5.0,19.0,9.0,35.0,51.0,25.0,38.0,0.83,screener
GAEL,Dec 2025,2025-12-31,quarter,1484.0,1385.0,99.0,7.0,28.0,6.0,33.0,88.0,25.0,66.0,1.44,screener
GAEL,Mar 2026,2026-03-31,quarter,1467.0,1272.0,195.0,13.0,26.0,7.0,34.0,180.0,25.0,135.0,2.95,screener
GAIL,Dec 2024,2024-12-31,quarter,36835.0,33665.0,3169.0,9.0,3211.0,169.0,939.0,5272.0,23.0,4084.0,6.21,screener
GAIL,Mar 2025,2025-03-31,quarter,36440.0,32914.0,3526.0,10.0,674.0,174.0,786.0,3240.0,23.0,2506.0,3.79,screener
GAIL,Jun 2025,2025-06-30,quarter,35311.0,31642.0,3669.0,10.0,566.0,213.0,993.0,3029.0,21.0,2382.0,3.6,screener
GAIL,Sep 2025,2025-09-30,quarter,35537.0,32077.0,3460.0,10.0,516.0,234.0,1177.0,2565.0,22.0,1989.0,3.0,screener
GAIL,Dec 2025,2025-12-31,quarter,35173.0,32246.0,2927.0,8.0,683.0,254.0,1192.0,2165.0,20.0,1729.0,2.67,screener
GAIL,Mar 2026,2026-03-31,quarter,35577.0,34123.0,1453.0,4.0,1250.0,263.0,474.0,1966.0,25.0,1481.0,2.26,screener
GALAPREC,Dec 2024,2024-12-31,quarter,58.0,50.0,8.0,13.0,2.0,1.0,2.0,7.0,27.0,5.0,4.18,screener
GALAPREC,Mar 2025,2025-03-31,quarter,75.0,62.0,13.0,17.0,1.0,1.0,2.0,11.0,11.0,10.0,7.88,screener
GALAPREC,Jun 2025,2025-06-30,quarter,63.0,53.0,10.0,15.0,1.0,1.0,2.0,8.0,20.0,7.0,5.14,screener
GALAPREC,Sep 2025,2025-09-30,quarter,71.0,60.0,11.0,16.0,1.0,1.0,2.0,10.0,12.0,8.0,6.58,screener
GALAPREC,Dec 2025,2025-12-31,quarter,85.0,71.0,15.0,17.0,0.0,1.0,3.0,11.0,25.0,8.0,6.52,screener
GALAPREC,Mar 2026,2026-03-31,quarter,95.0,78.0,17.0,18.0,2.0,1.0,3.0,15.0,16.0,12.0,9.56,screener
GALLANTT,Dec 2024,2024-12-31,quarter,1118.0,919.0,199.0,18.0,1.0,5.0,29.0,165.0,31.0,114.0,4.71,screener
GALLANTT,Mar 2025,2025-03-31,quarter,1072.0,889.0,183.0,17.0,12.0,5.0,31.0,159.0,27.0,116.0,4.82,screener
GALLANTT,Jun 2025,2025-06-30,quarter,1128.0,881.0,247.0,22.0,7.0,6.0,32.0,216.0,20.0,174.0,7.2,screener
GALLANTT,Sep 2025,2025-09-30,quarter,1013.0,881.0,132.0,13.0,13.0,9.0,33.0,103.0,15.0,89.0,3.69,screener
GALLANTT,Dec 2025,2025-12-31,quarter,1074.0,920.0,154.0,14.0,15.0,13.0,32.0,123.0,18.0,100.0,4.16,screener
GALLANTT,Mar 2026,2026-03-31,quarter,1205.0,1020.0,184.0,15.0,25.0,14.0,34.0,162.0,24.0,123.0,5.09,screener
GANDHAR,Dec 2024,2024-12-31,quarter,1005.0,964.0,42.0,4.0,2.0,10.0,6.0,27.0,24.0,20.0,1.98,screener
GANDHAR,Mar 2025,2025-03-31,quarter,962.0,928.0,34.0,3.0,4.0,14.0,7.0,17.0,27.0,12.0,1.19,screener
GANDHAR,Jun 2025,2025-06-30,quarter,903.0,857.0,46.0,5.0,3.0,10.0,7.0,32.0,18.0,26.0,2.68,screener
GANDHAR,Sep 2025,2025-09-30,quarter,1060.0,994.0,66.0,6.0,3.0,10.0,7.0,51.0,22.0,40.0,3.68,screener
GANDHAR,Dec 2025,2025-12-31,quarter,1167.0,1108.0,59.0,5.0,4.0,10.0,7.0,45.0,24.0,34.0,3.31,screener
GANDHAR,Mar 2026,2026-03-31,quarter,1093.0,1030.0,64.0,6.0,4.0,8.0,8.0,52.0,29.0,37.0,4.16,screener
GANECOS,Dec 2024,2024-12-31,quarter,398.0,341.0,57.0,14.0,5.0,11.0,14.0,37.0,20.0,30.0,11.72,screener
GANECOS,Mar 2025,2025-03-31,quarter,344.0,293.0,51.0,15.0,5.0,10.0,14.0,32.0,27.0,24.0,9.33,screener
GANECOS,Jun 2025,2025-06-30,quarter,337.0,301.0,36.0,11.0,3.0,10.0,16.0,14.0,25.0,11.0,4.22,screener
GANECOS,Sep 2025,2025-09-30,quarter,363.0,341.0,22.0,6.0,5.0,11.0,16.0,1.0,186.0,0.0,-0.19,screener
GANECOS,Dec 2025,2025-12-31,quarter,357.0,326.0,31.0,9.0,4.0,10.0,16.0,8.0,42.0,5.0,1.77,screener
GANECOS,Mar 2026,2026-03-31,quarter,424.0,372.0,52.0,12.0,5.0,9.0,17.0,31.0,25.0,23.0,8.66,screener
GANESHBE,Dec 2024,2024-12-31,quarter,89.0,62.0,27.0,30.0,4.0,1.0,6.0,24.0,24.0,18.0,2.55,screener
GANESHBE,Mar 2025,2025-03-31,quarter,100.0,68.0,32.0,32.0,-40.0,2.0,6.0,-16.0,-18.0,-13.0,-1.83,screener
GANESHBE,Jun 2025,2025-06-30,quarter,96.0,67.0,29.0,30.0,4.0,2.0,6.0,25.0,28.0,18.0,2.52,screener
GANESHBE,Sep 2025,2025-09-30,quarter,99.0,77.0,22.0,22.0,17.0,1.0,6.0,32.0,25.0,24.0,3.3,screener
GANESHBE,Dec 2025,2025-12-31,quarter,105.0,83.0,22.0,21.0,8.0,1.0,6.0,22.0,27.0,16.0,2.24,screener
GANESHBE,Mar 2026,2026-03-31,quarter,111.0,91.0,21.0,18.0,5.0,1.0,6.0,19.0,18.0,15.0,2.12,screener
GANESHHOU,Dec 2024,2024-12-31,quarter,257.0,46.0,211.0,82.0,7.0,1.0,2.0,215.0,25.0,161.0,19.29,screener
GANESHHOU,Mar 2025,2025-03-31,quarter,251.0,35.0,217.0,86.0,8.0,1.0,2.0,221.0,26.0,165.0,19.78,screener
GANESHHOU,Jun 2025,2025-06-30,quarter,151.0,23.0,128.0,85.0,0.0,1.0,1.0,126.0,26.0,93.0,11.16,screener
GANESHHOU,Sep 2025,2025-09-30,quarter,174.0,26.0,148.0,85.0,0.0,1.0,2.0,145.0,26.0,108.0,12.96,screener
GANESHHOU,Dec 2025,2025-12-31,quarter,91.0,16.0,75.0,82.0,0.0,1.0,2.0,73.0,26.0,54.0,6.44,screener
GANESHHOU,Mar 2026,2026-03-31,quarter,95.0,23.0,72.0,75.0,27.0,1.0,2.0,96.0,36.0,61.0,7.36,screener
GANGESSECU,Dec 2024,2024-12-31,quarter,13.1,11.6,1.5,11.45,-0.19,0.0,0.19,1.12,28.57,0.8,0.8,screener
GANGESSECU,Mar 2025,2025-03-31,quarter,2.0,7.67,-5.67,-283.5,0.73,0.01,0.47,-5.42,-31.55,-3.71,-3.71,screener
GANGESSECU,Jun 2025,2025-06-30,quarter,6.36,5.48,0.88,13.84,0.6,0.0,0.16,1.32,21.97,1.03,1.03,screener
GANGESSECU,Sep 2025,2025-09-30,quarter,15.51,10.56,4.95,31.91,0.04,0.0,0.2,4.79,39.25,2.91,2.91,screener
GANGESSECU,Dec 2025,2025-12-31,quarter,11.24,9.01,2.23,19.84,0.19,0.0,0.22,2.2,33.64,1.46,1.46,screener
GANGESSECU,Mar 2026,2026-03-31,quarter,3.0,6.61,-3.61,-120.33,0.15,0.0,0.2,-3.66,-26.23,-2.71,-2.71,screener
GARFIBRES,Dec 2024,2024-12-31,quarter,351.0,286.0,65.0,18.0,9.0,4.0,7.0,62.0,23.0,48.0,4.81,screener
GARFIBRES,Mar 2025,2025-03-31,quarter,433.0,334.0,98.0,23.0,9.0,3.0,7.0,97.0,27.0,71.0,7.16,screener
GARFIBRES,Jun 2025,2025-06-30,quarter,367.0,299.0,68.0,19.0,13.0,3.0,7.0,70.0,25.0,53.0,5.35,screener
GARFIBRES,Sep 2025,2025-09-30,quarter,348.0,299.0,48.0,14.0,9.0,3.0,9.0,46.0,30.0,32.0,3.22,screener
GARFIBRES,Dec 2025,2025-12-31,quarter,387.0,316.0,71.0,18.0,18.0,4.0,9.0,75.0,25.0,56.0,5.68,screener
GARFIBRES,Mar 2026,2026-03-31,quarter,426.0,330.0,96.0,23.0,-6.0,3.0,9.0,78.0,27.0,57.0,5.77,screener
GARUDA,Dec 2024,2024-12-31,quarter,62.0,45.0,17.0,28.0,0.0,0.0,0.0,17.0,25.0,13.0,1.38,screener
GARUDA,Mar 2025,2025-03-31,quarter,82.0,57.0,24.0,30.0,1.0,0.0,0.0,24.0,26.0,18.0,1.94,screener
GARUDA,Jun 2025,2025-06-30,quarter,125.0,89.0,36.0,29.0,2.0,0.0,0.0,37.0,25.0,28.0,3.01,screener
GARUDA,Sep 2025,2025-09-30,quarter,116.0,82.0,34.0,30.0,2.0,0.0,0.0,36.0,25.0,27.0,2.92,screener
GARUDA,Dec 2025,2025-12-31,quarter,140.0,95.0,45.0,32.0,0.0,2.0,0.0,44.0,25.0,33.0,3.54,screener
GARUDA,Mar 2026,2026-03-31,quarter,149.0,101.0,48.0,32.0,0.0,1.0,0.0,47.0,26.0,34.0,3.7,screener
GAYAHWS,Dec 2024,2024-12-31,quarter,2.18,5.34,-3.16,-144.95,-68.22,3.77,0.02,-75.17,-0.05,-98.17,-4.1,screener
GAYAHWS,Mar 2025,2025-03-31,quarter,1.18,3.26,-2.08,-176.27,1338.74,3.77,0.01,1332.88,0.0,1347.3,56.22,screener
GAYAHWS,Jun 2025,2025-06-30,quarter,0.0,0.21,-0.21,,35.57,3.77,0.01,31.58,0.19,-2.12,-0.09,screener
GAYAHWS,Sep 2025,2025-09-30,quarter,0.0,1.88,-1.88,,0.82,3.77,0.01,-4.84,5.17,-3.24,-0.14,screener
GAYAHWS,Dec 2025,2025-12-31,quarter,0.0,0.28,-0.28,,0.55,3.77,0.01,-3.51,0.0,-2.76,-0.12,screener
GAYAHWS,Mar 2026,2026-03-31,quarter,14.55,13.71,0.84,5.77,0.57,3.77,0.01,-2.37,0.84,6.9,0.29,screener
GCSL,Dec 2024,2024-12-31,quarter,65.7,78.15,-12.45,-18.95,14.5,0.46,0.79,0.8,-60.0,1.28,1.53,screener
GCSL,Mar 2025,2025-03-31,quarter,60.0,72.0,-12.0,-20.0,-11.0,0.0,1.0,-24.0,-11.0,-21.0,-7.57,screener
GCSL,Jun 2025,2025-06-30,quarter,22.0,20.0,2.0,8.0,1.0,0.0,1.0,2.0,37.0,1.0,0.34,screener
GCSL,Sep 2025,2025-09-30,quarter,80.0,48.0,32.0,40.0,-12.0,0.0,1.0,19.0,33.0,13.0,5.06,screener
GCSL,Dec 2025,2025-12-31,quarter,42.0,42.0,0.0,-0.8,13.0,0.0,1.0,11.0,40.0,7.0,0.71,screener
GCSL,Mar 2026,2026-03-31,quarter,35.0,25.0,10.0,28.0,-1.0,1.0,0.0,8.0,7.0,7.0,2.07,screener
GCSL,Jun 2026,2026-06-30,quarter,38.0,20.0,17.0,46.0,1.0,0.0,1.0,17.0,26.0,13.0,3.86,screener
GEMAROMA,Dec 2024,2024-12-31,quarter,96.84,83.81,13.03,13.46,0.5,2.22,1.89,9.42,20.81,7.46,1.59,screener
GEMAROMA,Mar 2025,2025-03-31,quarter,202.22,156.35,45.87,22.68,-0.43,3.44,1.92,40.08,31.11,27.6,5.89,screener
GEMAROMA,Jun 2025,2025-06-30,quarter,87.63,72.77,14.86,16.96,1.27,3.52,1.82,10.79,25.95,7.98,1.7,screener
GEMAROMA,Sep 2025,2025-09-30,quarter,89.53,86.48,3.05,3.41,0.98,3.5,3.05,-2.52,2.38,-2.58,-0.49,screener
GEMAROMA,Dec 2025,2025-12-31,quarter,78.9,71.88,7.02,8.9,-1.66,2.58,8.71,-5.93,-15.85,-4.99,-0.96,screener
GEMAROMA,Mar 2026,2026-03-31,quarter,110.41,94.7,15.71,14.23,0.3,2.97,9.01,4.03,74.94,1.01,0.19,screener
GENCON,Dec 2024,2024-12-31,quarter,93.29,85.21,8.08,8.66,0.63,2.5,3.19,3.02,39.74,1.82,0.32,screener
GENCON,Mar 2025,2025-03-31,quarter,106.8,95.61,11.19,10.48,6.87,3.23,4.77,10.06,38.27,6.21,1.09,screener
GENCON,Jun 2025,2025-06-30,quarter,51.96,43.37,8.59,16.53,0.45,2.09,3.47,3.48,42.24,2.0,0.35,screener
GENCON,Sep 2025,2025-09-30,quarter,61.59,53.31,8.28,13.44,2.05,4.23,3.48,2.62,17.94,2.15,0.38,screener
GENCON,Dec 2025,2025-12-31,quarter,80.59,70.65,9.94,12.33,0.41,2.63,3.47,4.25,42.35,2.46,0.43,screener
GENCON,Mar 2026,2026-03-31,quarter,111.22,103.71,7.51,6.75,1.79,1.99,3.47,3.84,50.78,1.89,0.33,screener
GENESYS,Dec 2024,2024-12-31,quarter,89.0,47.0,43.0,48.0,2.0,3.0,16.0,26.0,21.0,21.0,5.2,screener
GENESYS,Mar 2025,2025-03-31,quarter,94.0,44.0,50.0,53.0,0.0,3.0,15.0,32.0,40.0,19.0,4.76,screener
GENESYS,Jun 2025,2025-06-30,quarter,71.0,41.0,30.0,42.0,1.0,3.0,15.0,12.0,43.0,7.0,1.71,screener
GENESYS,Sep 2025,2025-09-30,quarter,77.0,47.0,30.0,39.0,4.0,3.0,16.0,15.0,20.0,12.0,2.88,screener
GENESYS,Dec 2025,2025-12-31,quarter,76.0,60.0,16.0,21.0,6.0,3.0,17.0,2.0,51.0,1.0,0.26,screener
GENESYS,Mar 2026,2026-03-31,quarter,104.0,70.0,34.0,33.0,3.0,3.0,17.0,17.0,26.0,13.0,2.96,screener
GENUSPOWER,Dec 2024,2024-12-31,quarter,604.0,511.0,93.0,15.0,13.0,27.0,7.0,72.0,34.0,57.0,1.86,screener
GENUSPOWER,Mar 2025,2025-03-31,quarter,937.0,740.0,196.0,21.0,22.0,40.0,16.0,163.0,27.0,123.0,4.06,screener
GENUSPOWER,Jun 2025,2025-06-30,quarter,942.0,743.0,199.0,21.0,22.0,36.0,11.0,174.0,26.0,137.0,4.52,screener
GENUSPOWER,Sep 2025,2025-09-30,quarter,1149.0,915.0,234.0,20.0,11.0,41.0,12.0,192.0,27.0,143.0,4.7,screener
GENUSPOWER,Dec 2025,2025-12-31,quarter,1122.0,910.0,212.0,19.0,14.0,42.0,14.0,171.0,25.0,140.0,4.61,screener
GENUSPOWER,Mar 2026,2026-03-31,quarter,1537.0,1270.0,267.0,17.0,24.0,43.0,18.0,231.0,27.0,172.0,5.65,screener
GENUSPOWER,Jun 2026,2026-06-30,quarter,1365.0,1105.0,260.0,19.0,42.0,50.0,20.0,233.0,25.0,197.0,6.46,screener
GENXAI,Mar 2025,2025-03-31,quarter,18.0,10.0,8.0,43.0,0.0,0.0,0.0,7.0,27.0,5.0,285.86,screener
GENXAI,Mar 2026,2026-03-31,quarter,46.0,34.0,12.0,25.0,1.0,1.0,1.0,11.0,27.0,8.0,4.85,screener
GEOJITFSL,Dec 2024,2024-12-31,quarter,172.0,109.0,63.0,37.0,0.0,8.0,8.0,48.0,24.0,37.0,1.29,screener
GEOJITFSL,Mar 2025,2025-03-31,quarter,177.0,125.0,52.0,29.0,1.0,5.0,8.0,40.0,23.0,32.0,1.12,screener
GEOJITFSL,Jun 2025,2025-06-30,quarter,144.0,106.0,38.0,27.0,9.0,3.0,8.0,37.0,26.0,29.0,0.99,screener
GEOJITFSL,Sep 2025,2025-09-30,quarter,170.0,131.0,39.0,23.0,3.0,3.0,9.0,30.0,27.0,23.0,0.8,screener
GEOJITFSL,Dec 2025,2025-12-31,quarter,160.0,122.0,38.0,24.0,-9.0,2.0,10.0,16.0,20.0,14.0,0.46,screener
GEOJITFSL,Mar 2026,2026-03-31,quarter,182.0,151.0,30.0,17.0,8.0,2.0,11.0,25.0,32.0,17.0,0.63,screener
GEOJITFSL,Jun 2026,2026-06-30,quarter,160.0,129.0,32.0,20.0,9.0,3.0,11.0,26.0,28.0,20.0,0.71,screener
GESHIP,Dec 2024,2024-12-31,quarter,1237.0,626.0,611.0,49.0,264.0,61.0,205.0,608.0,2.0,594.0,41.58,screener
GESHIP,Mar 2025,2025-03-31,quarter,1223.0,721.0,502.0,41.0,150.0,51.0,205.0,396.0,8.0,363.0,25.43,screener
GESHIP,Jun 2025,2025-06-30,quarter,1201.0,559.0,643.0,54.0,135.0,45.0,197.0,536.0,6.0,504.0,35.34,screener
GESHIP,Sep 2025,2025-09-30,quarter,1242.0,514.0,728.0,59.0,140.0,44.0,224.0,601.0,3.0,581.0,40.72,screener
GESHIP,Dec 2025,2025-12-31,quarter,1454.0,619.0,836.0,57.0,282.0,25.0,246.0,847.0,4.0,813.0,56.91,screener
GESHIP,Mar 2026,2026-03-31,quarter,1511.0,570.0,941.0,62.0,346.0,23.0,222.0,1043.0,0.0,1044.0,73.13,screener
GESHIP,Jun 2026,2026-06-30,quarter,2005.0,668.0,1338.0,67.0,281.0,20.0,234.0,1365.0,4.0,1309.0,91.68,screener
GFLLIMITED,Dec 2024,2024-12-31,quarter,1.0,0.0,0.0,52.0,5.0,0.0,0.0,5.0,15.0,5.0,0.42,screener
GFLLIMITED,Mar 2025,2025-03-31,quarter,0.84,22.2,-21.36,-2542.86,0.08,0.0,0.0,-21.28,-14.05,-18.29,-1.66,screener
GFLLIMITED,Jun 2025,2025-06-30,quarter,0.92,10.45,-9.53,-1035.87,0.1,0.0,0.01,-9.44,-13.56,-8.16,-0.74,screener
GFLLIMITED,Sep 2025,2025-09-30,quarter,0.92,0.39,0.53,57.61,16.59,0.0,0.0,17.12,14.54,14.63,1.33,screener
GFLLIMITED,Dec 2025,2025-12-31,quarter,0.95,0.41,0.54,56.84,14.68,0.0,0.0,15.22,14.59,13.0,1.18,screener
GFLLIMITED,Mar 2026,2026-03-31,quarter,0.89,0.72,0.17,19.1,29.7,0.0,0.0,29.87,14.43,25.56,2.33,screener
GFLLIMITED,Jun 2026,2026-06-30,quarter,1.03,0.74,0.29,28.16,8.43,0.0,0.01,8.71,14.58,7.44,0.68,screener
GHCL,Dec 2024,2024-12-31,quarter,779.0,549.0,230.0,30.0,29.0,4.0,28.0,227.0,26.0,168.0,17.59,screener
GHCL,Mar 2025,2025-03-31,quarter,781.0,563.0,218.0,28.0,23.0,4.0,28.0,209.0,28.0,150.0,15.69,screener
GHCL,Jun 2025,2025-06-30,quarter,796.0,599.0,197.0,25.0,27.0,2.0,27.0,195.0,26.0,144.0,15.0,screener
GHCL,Sep 2025,2025-09-30,quarter,721.0,564.0,157.0,22.0,17.0,2.0,28.0,145.0,26.0,107.0,11.11,screener
GHCL,Dec 2025,2025-12-31,quarter,757.0,598.0,159.0,21.0,16.0,3.0,29.0,143.0,26.0,106.0,11.53,screener
GHCL,Mar 2026,2026-03-31,quarter,791.0,615.0,176.0,22.0,14.0,2.0,27.0,160.0,28.0,116.0,12.58,screener
GICHSGFIN,Dec 2024,2024-12-31,quarter,269.0,31.0,,,1.0,179.0,4.0,56.0,12.0,50.0,9.23,screener
GICHSGFIN,Mar 2025,2025-03-31,quarter,272.0,30.0,,,-9.0,174.0,4.0,56.0,37.0,35.0,6.54,screener
GICHSGFIN,Jun 2025,2025-06-30,quarter,265.0,110.0,,,0.0,173.0,3.0,-20.0,-137.0,7.0,1.38,screener
GICHSGFIN,Sep 2025,2025-09-30,quarter,272.0,35.0,,,0.0,173.0,3.0,61.0,18.0,50.0,9.29,screener
GICHSGFIN,Dec 2025,2025-12-31,quarter,273.0,42.0,,,0.0,173.0,3.0,55.0,20.0,44.0,8.11,screener
GICHSGFIN,Mar 2026,2026-03-31,quarter,273.0,39.0,,,1.0,168.0,3.0,63.0,15.0,54.0,9.97,screener
GICRE,Dec 2024,2024-12-31,quarter,11144.0,9215.0,1929.0,17.0,255.0,0.0,0.0,2184.0,26.0,1677.0,9.56,screener
GICRE,Mar 2025,2025-03-31,quarter,13209.0,10210.0,2998.0,23.0,146.0,0.0,0.0,3144.0,25.0,2499.0,14.24,screener
GICRE,Jun 2025,2025-06-30,quarter,14623.0,12018.0,2605.0,18.0,59.0,0.0,0.0,2664.0,18.0,2531.0,14.42,screener
GICRE,Sep 2025,2025-09-30,quarter,12755.0,9993.0,2762.0,22.0,553.0,0.0,0.0,3315.0,19.0,2874.0,16.38,screener
GICRE,Dec 2025,2025-12-31,quarter,12589.0,10223.0,2366.0,19.0,135.0,0.0,0.0,2501.0,24.0,1726.0,9.84,screener
GICRE,Mar 2026,2026-03-31,quarter,13018.0,10556.0,2463.0,19.0,645.0,0.0,0.0,3108.0,23.0,2533.0,14.44,screener
GICRE,Jun 2026,2026-06-30,quarter,14401.0,12380.0,2021.0,14.0,171.0,0.0,0.0,2192.0,26.0,1744.0,9.94,screener
GKENERGY,Dec 2024,2024-12-31,quarter,320.0,265.0,55.0,17.0,2.0,6.0,0.0,50.0,25.0,37.0,2.19,screener
GKENERGY,Mar 2025,2025-03-31,quarter,353.0,286.0,66.0,19.0,1.0,7.0,0.0,60.0,25.0,45.0,2.63,screener
GKENERGY,Jun 2025,2025-06-30,quarter,325.0,267.0,57.0,18.0,2.0,8.0,1.0,51.0,26.0,37.0,2.19,screener
GKENERGY,Sep 2025,2025-09-30,quarter,404.0,331.0,73.0,18.0,2.0,11.0,1.0,63.0,25.0,47.0,2.31,screener
GKENERGY,Dec 2025,2025-12-31,quarter,510.0,415.0,95.0,19.0,3.0,11.0,1.0,86.0,30.0,61.0,3.0,screener
GKENERGY,Mar 2026,2026-03-31,quarter,477.0,393.0,84.0,18.0,3.0,11.0,1.0,75.0,21.0,59.0,2.92,screener
GKSL,Dec 2024,2024-12-31,quarter,11.79,7.19,4.6,39.02,0.05,0.17,0.88,3.6,29.72,2.53,15.53,screener
GKSL,Mar 2025,2025-03-31,quarter,9.78,7.17,2.61,26.69,0.05,0.16,0.9,1.6,16.88,1.34,0.23,screener
GKSL,Jun 2025,2025-06-30,quarter,15.26,6.64,8.62,56.49,0.01,0.18,0.96,7.49,27.77,5.4,0.85,screener
GKSL,Sep 2025,2025-09-30,quarter,12.93,7.81,5.12,39.6,0.09,0.28,0.9,4.03,28.54,2.88,0.47,screener
GKSL,Dec 2025,2025-12-31,quarter,23.25,16.35,6.9,29.68,0.06,0.6,1.33,5.03,26.44,3.7,0.37,screener
GKSL,Mar 2026,2026-03-31,quarter,30.58,24.28,6.3,20.6,0.71,0.82,1.51,4.68,-2.99,4.82,0.64,screener
GLAND,Dec 2024,2024-12-31,quarter,1384.0,1024.0,360.0,26.0,58.0,23.0,96.0,299.0,32.0,205.0,12.42,screener
GLAND,Mar 2025,2025-03-31,quarter,1425.0,1077.0,348.0,24.0,44.0,7.0,96.0,288.0,35.0,187.0,11.32,screener
GLAND,Jun 2025,2025-06-30,quarter,1506.0,1138.0,368.0,24.0,58.0,12.0,101.0,313.0,31.0,215.0,13.08,screener
GLAND,Sep 2025,2025-09-30,quarter,1487.0,1173.0,314.0,21.0,84.0,8.0,106.0,284.0,35.0,184.0,11.15,screener
GLAND,Dec 2025,2025-12-31,quarter,1695.0,1260.0,435.0,26.0,39.0,4.0,108.0,362.0,28.0,261.0,15.87,screener
GLAND,Mar 2026,2026-03-31,quarter,1743.0,1230.0,513.0,29.0,111.0,10.0,109.0,506.0,28.0,367.0,22.26,screener
GLAND,Jun 2026,2026-06-30,quarter,1800.0,1311.0,489.0,27.0,61.0,4.0,111.0,435.0,27.0,317.0,19.21,screener
GLAXO,Dec 2024,2024-12-31,quarter,949.0,658.0,292.0,31.0,35.0,0.0,19.0,308.0,25.0,230.0,13.57,screener
GLAXO,Mar 2025,2025-03-31,quarter,974.0,641.0,333.0,34.0,41.0,1.0,15.0,359.0,27.0,263.0,15.52,screener
GLAXO,Jun 2025,2025-06-30,quarter,805.0,554.0,251.0,31.0,44.0,0.0,16.0,279.0,27.0,205.0,12.1,screener
GLAXO,Sep 2025,2025-09-30,quarter,980.0,644.0,336.0,34.0,36.0,1.0,17.0,354.0,27.0,257.0,15.2,screener
GLAXO,Dec 2025,2025-12-31,quarter,1041.0,670.0,371.0,36.0,50.0,1.0,20.0,400.0,26.0,296.0,17.45,screener
GLAXO,Mar 2026,2026-03-31,quarter,995.0,644.0,351.0,35.0,36.0,1.0,13.0,373.0,26.0,278.0,16.4,screener
GLAXO,Jun 2026,2026-06-30,quarter,938.0,643.0,296.0,31.0,44.0,1.0,16.0,322.0,26.0,237.0,14.0,screener
GLENMARK,Dec 2024,2024-12-31,quarter,3388.0,2787.0,600.0,18.0,31.0,52.0,123.0,456.0,24.0,348.0,12.33,screener
GLENMARK,Mar 2025,2025-03-31,quarter,3256.0,2695.0,561.0,17.0,-361.0,67.0,125.0,8.0,45.0,4.0,0.16,screener
GLENMARK,Jun 2025,2025-06-30,quarter,3264.0,2684.0,581.0,18.0,-297.0,58.0,130.0,96.0,51.0,47.0,1.66,screener
GLENMARK,Sep 2025,2025-09-30,quarter,6047.0,3687.0,2360.0,39.0,-1184.0,66.0,141.0,967.0,37.0,610.0,21.63,screener
GLENMARK,Dec 2025,2025-12-31,quarter,3901.0,3031.0,870.0,22.0,-140.0,41.0,154.0,534.0,24.0,403.0,14.29,screener
GLENMARK,Mar 2026,2026-03-31,quarter,3771.0,3008.0,763.0,20.0,-184.0,43.0,148.0,388.0,22.0,301.0,10.68,screener
GLENMARK,Jun 2026,2026-06-30,quarter,4018.0,3214.0,805.0,20.0,66.0,54.0,173.0,643.0,25.0,483.0,17.11,screener
GLOBAL,Mar 2025,2025-03-31,quarter,16.48,9.96,6.52,39.56,0.68,0.0,1.48,5.72,25.17,4.27,0.83,screener
GLOBAL,Jun 2025,2025-06-30,quarter,14.83,8.8,6.03,40.66,0.55,0.0,0.98,5.6,24.82,4.22,0.83,screener
GLOBAL,Sep 2025,2025-09-30,quarter,25.92,17.32,8.6,33.18,2.52,0.0,1.14,9.98,26.05,7.38,1.45,screener
GLOBAL,Dec 2025,2025-12-31,quarter,29.0,19.17,9.83,33.9,0.31,0.0,1.2,8.94,25.39,6.68,1.31,screener
GLOBAL,Mar 2026,2026-03-31,quarter,24.14,12.79,11.35,47.02,0.5,0.0,1.16,10.69,23.11,8.22,1.62,screener
GLOBAL,Jun 2026,2026-06-30,quarter,14.04,8.29,5.75,40.95,0.18,0.0,0.89,5.04,25.4,3.75,0.74,screener
GLOBUSSPR,Dec 2024,2024-12-31,quarter,602.0,568.0,34.0,6.0,2.0,14.0,21.0,1.0,65.0,0.0,0.19,screener
GLOBUSSPR,Mar 2025,2025-03-31,quarter,655.0,616.0,39.0,6.0,4.0,13.0,21.0,9.0,44.0,5.0,1.92,screener
GLOBUSSPR,Jun 2025,2025-06-30,quarter,700.0,642.0,57.0,8.0,2.0,15.0,22.0,23.0,23.0,18.0,6.16,screener
GLOBUSSPR,Sep 2025,2025-09-30,quarter,661.0,602.0,59.0,9.0,3.0,14.0,22.0,26.0,12.0,22.0,7.58,screener
GLOBUSSPR,Dec 2025,2025-12-31,quarter,717.0,642.0,75.0,10.0,3.0,13.0,22.0,42.0,26.0,30.0,10.58,screener
GLOBUSSPR,Mar 2026,2026-03-31,quarter,632.0,566.0,67.0,11.0,5.0,16.0,25.0,30.0,29.0,21.0,7.34,screener
GLOBUSSPR,Jun 2026,2026-06-30,quarter,789.0,711.0,78.0,10.0,2.0,16.0,26.0,37.0,27.0,26.0,9.14,screener
GMBREW,Mar 2025,2025-03-31,quarter,169.0,141.0,29.0,17.0,40.0,0.0,1.0,68.0,12.0,60.0,26.46,screener
GMBREW,Jun 2025,2025-06-30,quarter,163.0,132.0,31.0,19.0,5.0,0.0,1.0,35.0,25.0,26.0,11.32,screener
GMBREW,Dec 2025,2025-12-31,quarter,202.0,150.0,53.0,26.0,5.0,0.0,1.0,56.0,25.0,42.0,18.39,screener
GMBREW,Mar 2026,2026-03-31,quarter,202.0,150.0,52.0,26.0,17.0,0.0,2.0,68.0,21.0,54.0,23.67,screener
GMBREW,Jun 2026,2026-06-30,quarter,200.0,153.0,46.0,23.0,6.0,0.0,2.0,50.0,25.0,38.0,16.52,screener
GMDCLTD,Dec 2024,2024-12-31,quarter,653.0,562.0,92.0,14.0,114.0,1.0,26.0,179.0,18.0,148.0,4.64,screener
GMDCLTD,Mar 2025,2025-03-31,quarter,786.0,593.0,194.0,25.0,118.0,0.0,27.0,285.0,21.0,226.0,7.11,screener
GMDCLTD,Jun 2025,2025-06-30,quarter,733.0,563.0,169.0,23.0,78.0,1.0,22.0,224.0,27.0,164.0,5.15,screener
GMDCLTD,Sep 2025,2025-09-30,quarter,528.0,458.0,69.0,13.0,583.0,1.0,22.0,629.0,26.0,466.0,14.65,screener
GMDCLTD,Dec 2025,2025-12-31,quarter,579.0,478.0,101.0,17.0,101.0,1.0,22.0,179.0,26.0,133.0,4.18,screener
GMDCLTD,Mar 2026,2026-03-31,quarter,814.0,710.0,104.0,13.0,185.0,5.0,49.0,235.0,17.0,194.0,6.1,screener
GMMPFAUDLR,Dec 2024,2024-12-31,quarter,801.0,706.0,96.0,12.0,26.0,25.0,35.0,62.0,35.0,40.0,9.23,screener
GMMPFAUDLR,Mar 2025,2025-03-31,quarter,807.0,723.0,83.0,10.0,-52.0,27.0,38.0,-34.0,-18.0,-28.0,-5.99,screener
GMMPFAUDLR,Jun 2025,2025-06-30,quarter,795.0,694.0,101.0,13.0,9.0,43.0,36.0,32.0,68.0,10.0,2.48,screener
GMMPFAUDLR,Sep 2025,2025-09-30,quarter,902.0,781.0,122.0,13.0,9.0,30.0,36.0,64.0,39.0,39.0,9.22,screener
GMMPFAUDLR,Dec 2025,2025-12-31,quarter,884.0,779.0,105.0,12.0,-48.0,34.0,41.0,-17.0,-34.0,-11.0,-2.3,screener
GMMPFAUDLR,Mar 2026,2026-03-31,quarter,944.0,868.0,75.0,8.0,9.0,16.0,42.0,26.0,41.0,15.0,3.82,screener
GMMPFAUDLR,Jun 2026,2026-06-30,quarter,925.0,831.0,94.0,10.0,10.0,23.0,41.0,40.0,45.0,22.0,5.32,screener
GMRAIRPORT,Dec 2024,2024-12-31,quarter,2653.0,1662.0,992.0,37.0,562.0,829.0,479.0,246.0,18.0,202.0,0.25,screener
GMRAIRPORT,Mar 2025,2025-03-31,quarter,2863.0,1854.0,1009.0,35.0,241.0,955.0,491.0,-196.0,29.0,-253.0,-0.23,screener
GMRAIRPORT,Jun 2025,2025-06-30,quarter,3205.0,2041.0,1165.0,36.0,208.0,949.0,489.0,-65.0,111.0,-137.0,-0.2,screener
GMRAIRPORT,Sep 2025,2025-09-30,quarter,3670.0,2223.0,1447.0,39.0,130.0,1043.0,431.0,103.0,66.0,35.0,-0.04,screener
GMRAIRPORT,Dec 2025,2025-12-31,quarter,3994.0,2293.0,1701.0,43.0,-73.0,917.0,465.0,246.0,29.0,174.0,0.12,screener
GMRAIRPORT,Mar 2026,2026-03-31,quarter,3938.0,2493.0,1445.0,37.0,260.0,950.0,452.0,302.0,-32.0,400.0,0.29,screener
GMRAIRPORT,Jun 2026,2026-06-30,quarter,3967.0,2517.0,1450.0,37.0,167.0,938.0,456.0,223.0,34.0,148.0,0.09,screener
GMRP&UI,Dec 2024,2024-12-31,quarter,1611.0,1336.0,275.0,17.0,135.0,364.0,139.0,-94.0,16.0,-108.0,-1.49,screener
GMRP&UI,Mar 2025,2025-03-31,quarter,1737.0,1448.0,290.0,17.0,291.0,394.0,148.0,38.0,-28.0,49.0,0.61,screener
GMRP&UI,Jun 2025,2025-06-30,quarter,1648.0,1248.0,401.0,24.0,213.0,441.0,160.0,13.0,155.0,-7.0,-0.11,screener
GMRP&UI,Sep 2025,2025-09-30,quarter,1810.0,1469.0,341.0,19.0,1134.0,446.0,164.0,865.0,-3.0,895.0,12.43,screener
GMRP&UI,Dec 2025,2025-12-31,quarter,1869.0,1500.0,369.0,20.0,104.0,379.0,166.0,-72.0,122.0,-160.0,-2.36,screener
GMRP&UI,Mar 2026,2026-03-31,quarter,2004.0,1545.0,459.0,23.0,112.0,392.0,176.0,2.0,5147.0,-114.0,-1.43,screener
GNA,Dec 2024,2024-12-31,quarter,375.0,323.0,52.0,14.0,1.0,4.0,15.0,35.0,27.0,25.0,5.91,screener
GNA,Mar 2025,2025-03-31,quarter,378.0,327.0,50.0,13.0,1.0,3.0,14.0,34.0,26.0,25.0,5.93,screener
GNA,Jun 2025,2025-06-30,quarter,344.0,294.0,50.0,15.0,1.0,4.0,16.0,31.0,27.0,23.0,5.36,screener
GNA,Sep 2025,2025-09-30,quarter,348.0,287.0,61.0,18.0,0.0,3.0,16.0,42.0,26.0,31.0,7.27,screener
GNA,Dec 2025,2025-12-31,quarter,375.0,306.0,69.0,18.0,1.0,4.0,19.0,47.0,33.0,32.0,7.44,screener
GNA,Mar 2026,2026-03-31,quarter,411.0,354.0,57.0,14.0,0.0,3.0,19.0,37.0,16.0,31.0,7.18,screener
GNA,Jun 2026,2026-06-30,quarter,470.0,398.0,72.0,15.0,1.0,4.0,18.0,52.0,26.0,38.0,8.91,screener
GNFC,Dec 2024,2024-12-31,quarter,1899.0,1767.0,132.0,7.0,157.0,3.0,75.0,211.0,25.0,163.0,11.09,screener
GNFC,Mar 2025,2025-03-31,quarter,2055.0,1815.0,240.0,12.0,122.0,1.0,74.0,287.0,27.0,211.0,14.36,screener
GNFC,Jun 2025,2025-06-30,quarter,1601.0,1570.0,31.0,2.0,150.0,2.0,74.0,105.0,26.0,83.0,5.65,screener
GNFC,Sep 2025,2025-09-30,quarter,1968.0,1783.0,185.0,9.0,127.0,1.0,81.0,230.0,23.0,179.0,12.18,screener
GNFC,Dec 2025,2025-12-31,quarter,1996.0,1815.0,181.0,9.0,97.0,1.0,73.0,204.0,26.0,150.0,10.21,screener
GNFC,Mar 2026,2026-03-31,quarter,2208.0,1726.0,482.0,22.0,125.0,2.0,79.0,526.0,25.0,396.0,26.95,screener
GNRL,Dec 2024,2024-12-31,quarter,4.38,4.26,0.12,2.74,0.09,1.24,1.57,-2.6,0.0,-2.59,-0.2,screener
GNRL,Mar 2025,2025-03-31,quarter,4.33,7.18,-2.85,-65.82,2.53,1.56,0.36,-2.24,-29.02,-1.59,-0.12,screener
GNRL,Jun 2025,2025-06-30,quarter,3.35,3.08,0.27,8.06,3.38,0.6,1.13,1.92,0.0,1.93,0.15,screener
GNRL,Sep 2025,2025-09-30,quarter,8.65,3.81,4.84,55.95,1.32,0.57,1.25,4.34,11.75,3.84,0.3,screener
GNRL,Dec 2025,2025-12-31,quarter,7.32,3.77,3.55,48.5,2.01,0.61,1.29,3.66,16.12,3.07,0.2,screener
GNRL,Mar 2026,2026-03-31,quarter,11.2,8.94,2.26,20.18,2.77,-1.25,2.73,3.55,70.7,1.05,0.07,screener
GOCLCORP,Dec 2024,2024-12-31,quarter,5.0,12.0,-7.0,-163.0,119.0,25.0,1.0,87.0,-7.0,92.0,18.64,screener
GOCLCORP,Mar 2025,2025-03-31,quarter,3.0,8.0,-5.0,-169.0,61.0,24.0,0.0,31.0,26.0,23.0,4.66,screener
GOCLCORP,Jun 2025,2025-06-30,quarter,3.0,9.0,-6.0,-177.0,1264.0,26.0,1.0,1232.0,1.0,1223.0,246.62,screener
GOCLCORP,Sep 2025,2025-09-30,quarter,2.0,9.0,-7.0,-327.0,44.0,12.0,1.0,24.0,42.0,14.0,2.83,screener
GOCLCORP,Dec 2025,2025-12-31,quarter,2.0,12.0,-10.0,-549.0,253.0,7.0,1.0,236.0,11.0,210.0,42.42,screener
GOCLCORP,Mar 2026,2026-03-31,quarter,2.0,10.0,-8.0,-348.0,109.0,4.0,1.0,97.0,22.0,75.0,15.16,screener
GODAVARIB,Dec 2024,2024-12-31,quarter,447.0,411.0,36.0,8.0,4.0,19.0,12.0,8.0,32.0,6.0,1.13,screener
GODAVARIB,Mar 2025,2025-03-31,quarter,580.0,467.0,112.0,19.0,9.0,13.0,13.0,96.0,25.0,72.0,14.06,screener
GODAVARIB,Jun 2025,2025-06-30,quarter,533.0,527.0,6.0,1.0,1.0,15.0,14.0,-22.0,-28.0,-16.0,-3.13,screener
GODAVARIB,Sep 2025,2025-09-30,quarter,431.0,439.0,-8.0,-2.0,-23.0,12.0,14.0,-57.0,-27.0,-42.0,-8.13,screener
GODAVARIB,Dec 2025,2025-12-31,quarter,460.0,417.0,43.0,9.0,-6.0,10.0,14.0,13.0,39.0,8.0,1.61,screener
GODAVARIB,Mar 2026,2026-03-31,quarter,564.0,478.0,86.0,15.0,9.0,11.0,14.0,70.0,25.0,53.0,10.33,screener
GODFRYPHLP,Dec 2024,2024-12-31,quarter,1589.0,1228.0,361.0,23.0,80.0,3.0,28.0,411.0,23.0,316.0,20.25,screener
GODFRYPHLP,Mar 2025,2025-03-31,quarter,1573.0,1304.0,269.0,17.0,136.0,4.0,42.0,359.0,22.0,280.0,17.9,screener
GODFRYPHLP,Jun 2025,2025-06-30,quarter,1486.0,1149.0,338.0,23.0,141.0,3.0,28.0,448.0,20.0,356.0,22.84,screener
GODFRYPHLP,Sep 2025,2025-09-30,quarter,1289.0,975.0,314.0,24.0,101.0,3.0,29.0,383.0,20.0,305.0,19.56,screener
GODFRYPHLP,Dec 2025,2025-12-31,quarter,1829.0,1449.0,380.0,21.0,94.0,3.0,31.0,440.0,22.0,343.0,22.01,screener
GODFRYPHLP,Mar 2026,2026-03-31,quarter,1787.0,1235.0,553.0,31.0,152.0,3.0,33.0,669.0,22.0,521.0,33.43,screener
GODFRYPHLP,Jun 2026,2026-06-30,quarter,1206.0,1024.0,181.0,15.0,107.0,3.0,34.0,251.0,21.0,198.0,12.72,screener
GODREJAGRO,Dec 2024,2024-12-31,quarter,2450.0,2230.0,220.0,9.0,22.0,34.0,57.0,151.0,27.0,110.0,5.8,screener
GODREJAGRO,Mar 2025,2025-03-31,quarter,2134.0,1987.0,147.0,7.0,25.0,29.0,56.0,87.0,24.0,66.0,3.68,screener
GODREJAGRO,Jun 2025,2025-06-30,quarter,2614.0,2345.0,270.0,10.0,24.0,35.0,58.0,200.0,26.0,149.0,8.35,screener
GODREJAGRO,Sep 2025,2025-09-30,quarter,2567.0,2354.0,213.0,8.0,18.0,40.0,57.0,135.0,38.0,84.0,4.81,screener
GODREJAGRO,Dec 2025,2025-12-31,quarter,2718.0,2477.0,242.0,9.0,-5.0,35.0,56.0,146.0,25.0,110.0,5.97,screener
GODREJAGRO,Mar 2026,2026-03-31,quarter,2333.0,2194.0,139.0,6.0,78.0,29.0,58.0,130.0,21.0,102.0,5.45,screener
GODREJAGRO,Jun 2026,2026-06-30,quarter,2855.0,2615.0,240.0,8.0,27.0,30.0,57.0,181.0,29.0,128.0,6.99,screener
GODREJCP,Dec 2024,2024-12-31,quarter,3768.0,3012.0,756.0,20.0,77.0,90.0,62.0,682.0,27.0,498.0,4.87,screener
GODREJCP,Mar 2025,2025-03-31,quarter,3514.0,2755.0,759.0,22.0,42.0,90.0,73.0,639.0,36.0,412.0,4.03,screener
GODREJCP,Jun 2025,2025-06-30,quarter,3662.0,2967.0,695.0,19.0,65.0,86.0,59.0,614.0,26.0,452.0,4.42,screener
GODREJCP,Sep 2025,2025-09-30,quarter,3825.0,3092.0,733.0,19.0,33.0,76.0,66.0,625.0,27.0,459.0,4.49,screener
GODREJCP,Dec 2025,2025-12-31,quarter,3998.0,3118.0,880.0,22.0,-35.0,79.0,66.0,700.0,29.0,498.0,4.87,screener
GODREJCP,Mar 2026,2026-03-31,quarter,3900.0,3059.0,841.0,22.0,-24.0,90.0,76.0,651.0,31.0,452.0,4.42,screener
GODREJIND,Dec 2024,2024-12-31,quarter,4825.0,4228.0,597.0,12.0,436.0,505.0,111.0,417.0,25.0,312.0,5.59,screener
GODREJIND,Mar 2025,2025-03-31,quarter,5780.0,5186.0,593.0,10.0,695.0,542.0,110.0,635.0,34.0,416.0,5.44,screener
GODREJIND,Jun 2025,2025-06-30,quarter,4460.0,4063.0,397.0,9.0,1352.0,576.0,114.0,1059.0,31.0,725.0,10.37,screener
GODREJIND,Sep 2025,2025-09-30,quarter,5032.0,4898.0,134.0,2.7,1294.0,584.0,121.0,723.0,32.0,493.0,7.2,screener
GODREJIND,Dec 2025,2025-12-31,quarter,5051.0,4507.0,544.0,11.0,694.0,626.0,126.0,486.0,27.0,353.0,6.07,screener
GODREJIND,Mar 2026,2026-03-31,quarter,7694.0,6527.0,1167.0,15.0,784.0,684.0,141.0,1126.0,25.0,841.0,13.19,screener
GODREJIND,Jun 2026,2026-06-30,quarter,5448.0,4873.0,575.0,11.0,1036.0,745.0,133.0,732.0,29.0,523.0,8.44,screener
GODREJPROP,Dec 2024,2024-12-31,quarter,969.0,960.0,9.0,1.0,271.0,42.0,18.0,220.0,28.0,158.0,5.4,screener
GODREJPROP,Mar 2025,2025-03-31,quarter,2122.0,2047.0,75.0,3.5,559.0,46.0,21.0,567.0,33.0,378.0,12.68,screener
GODREJPROP,Jun 2025,2025-06-30,quarter,435.0,705.0,-270.0,-62.0,1186.0,33.0,22.0,861.0,30.0,598.0,19.92,screener
GODREJPROP,Sep 2025,2025-09-30,quarter,740.0,1336.0,-596.0,-80.0,1210.0,22.0,26.0,566.0,29.0,403.0,13.45,screener
GODREJPROP,Dec 2025,2025-12-31,quarter,498.0,695.0,-197.0,-40.0,514.0,31.0,32.0,255.0,24.0,194.0,6.48,screener
GODREJPROP,Mar 2026,2026-03-31,quarter,3458.0,2936.0,522.0,15.0,434.0,52.0,36.0,869.0,26.0,645.0,21.58,screener
GODREJPROP,Jun 2026,2026-06-30,quarter,506.0,800.0,-294.0,-58.0,839.0,36.0,30.0,480.0,27.0,349.0,11.62,screener
GOENKA,Dec 2024,2024-12-31,quarter,0.21,0.64,-0.43,-204.76,0.0,0.14,0.11,-0.68,0.0,-0.69,-0.02,screener
GOENKA,Mar 2025,2025-03-31,quarter,0.47,0.57,-0.1,-21.28,0.0,0.14,0.11,-0.35,0.0,-0.35,-0.01,screener
GOENKA,Jun 2025,2025-06-30,quarter,0.09,0.2,-0.11,-122.22,0.13,0.14,0.11,-0.23,0.0,-0.23,-0.01,screener
GOENKA,Sep 2025,2025-09-30,quarter,0.39,0.52,-0.13,-33.33,0.02,0.14,0.11,-0.36,0.0,-0.36,-0.01,screener
GOENKA,Dec 2025,2025-12-31,quarter,1.24,1.09,0.15,12.1,0.04,0.14,0.11,-0.06,33.33,-0.07,0.0,screener
GOENKA,Mar 2026,2026-03-31,quarter,0.42,0.62,-0.2,-47.62,0.07,0.14,0.11,-0.38,-2.63,-0.36,-0.01,screener
GOKEX,Dec 2024,2024-12-31,quarter,988.0,884.0,104.0,11.0,13.0,19.0,30.0,67.0,25.0,50.0,7.04,screener_yfinance_fallback_normalized
GOKEX,Mar 2025,2025-03-31,quarter,1015.0,893.0,123.0,12.0,20.0,21.0,42.0,79.0,33.0,53.0,7.4,screener_yfinance_fallback_normalized
GOKEX,Jun 2025,2025-06-30,quarter,956.0,858.0,97.0,10.0,21.0,22.0,39.0,57.0,27.0,41.0,5.67,screener_yfinance_fallback_normalized
GOKEX,Sep 2025,2025-09-30,quarter,984.0,920.0,65.0,7.0,19.0,22.0,43.0,19.0,57.0,8.0,1.1,screener_yfinance_fallback_normalized
GOKEX,Dec 2025,2025-12-31,quarter,979.0,902.0,77.0,8.0,20.0,24.0,46.0,26.0,44.0,15.0,1.99,screener_yfinance_fallback_normalized
GOKEX,Mar 2026,2026-03-31,quarter,1069.0,952.0,117.0,11.0,18.0,26.0,39.0,70.0,49.0,36.0,4.91,screener_yfinance_fallback_normalized
GOKULAGRO,Dec 2024,2024-12-31,quarter,4988.0,4848.0,140.0,3.0,8.0,44.0,13.0,91.0,20.0,72.0,2.46,screener
GOKULAGRO,Mar 2025,2025-03-31,quarter,5462.0,5340.0,122.0,2.0,10.0,48.0,14.0,70.0,30.0,49.0,1.65,screener
GOKULAGRO,Jun 2025,2025-06-30,quarter,4924.0,4791.0,134.0,3.0,9.0,40.0,13.0,90.0,20.0,72.0,2.43,screener
GOKULAGRO,Sep 2025,2025-09-30,quarter,6638.0,6452.0,186.0,3.0,9.0,42.0,14.0,139.0,27.0,101.0,3.43,screener
GOKULAGRO,Dec 2025,2025-12-31,quarter,6314.0,6153.0,162.0,3.0,8.0,46.0,15.0,109.0,28.0,78.0,2.63,screener
GOKULAGRO,Mar 2026,2026-03-31,quarter,6200.0,6005.0,195.0,3.0,13.0,46.0,15.0,148.0,20.0,119.0,4.03,screener
GOLDIAM,Dec 2024,2024-12-31,quarter,280.0,217.0,63.0,22.0,8.0,0.0,2.0,69.0,28.0,50.0,4.66,screener
GOLDIAM,Mar 2025,2025-03-31,quarter,199.0,159.0,40.0,20.0,3.0,1.0,4.0,38.0,38.0,23.0,1.62,screener
GOLDIAM,Jun 2025,2025-06-30,quarter,230.0,189.0,41.0,18.0,6.0,0.0,2.0,45.0,26.0,34.0,2.37,screener
GOLDIAM,Sep 2025,2025-09-30,quarter,193.0,154.0,38.0,20.0,9.0,0.0,2.0,46.0,31.0,31.0,2.08,screener
GOLDIAM,Dec 2025,2025-12-31,quarter,320.0,244.0,75.0,24.0,21.0,2.0,6.0,89.0,23.0,68.0,4.54,screener
GOLDIAM,Mar 2026,2026-03-31,quarter,235.0,185.0,50.0,21.0,9.0,1.0,6.0,51.0,27.0,37.0,2.48,screener
GOLDIAM,Jun 2026,2026-06-30,quarter,326.0,260.0,66.0,20.0,38.0,2.0,5.0,97.0,24.0,74.0,4.91,screener
GOLDSTAR,Sep 2024,2024-09-30,quarter,15.0,13.0,2.0,15.0,1.0,0.0,0.0,2.0,33.0,2.0,0.06,screener
GOLDSTAR,Dec 2024,2024-12-31,quarter,7.0,8.0,0.0,-5.0,0.0,0.0,0.0,-1.0,3.0,-1.0,-0.05,screener
GOLDSTAR,Jun 2025,2025-06-30,quarter,10.0,8.0,1.0,14.0,0.0,0.0,0.0,1.0,34.0,1.0,0.03,screener
GOLDSTAR,Sep 2025,2025-09-30,quarter,127.0,126.0,1.0,0.0,1.0,0.0,1.0,1.0,-29.0,1.0,0.02,screener
GOLDSTAR,Dec 2025,2025-12-31,quarter,270.0,258.0,11.0,4.0,0.0,0.0,1.0,10.0,0.0,10.0,0.36,screener
GOLDSTAR,Mar 2026,2026-03-31,quarter,432.0,413.0,19.0,4.0,0.0,1.0,0.0,18.0,1.0,18.0,0.61,screener
GOODLUCK,Dec 2024,2024-12-31,quarter,942.0,862.0,80.0,9.0,4.0,20.0,10.0,54.0,23.0,41.0,12.51,screener
GOODLUCK,Mar 2025,2025-03-31,quarter,1105.0,1020.0,85.0,8.0,8.0,22.0,14.0,57.0,27.0,42.0,12.81,screener
GOODLUCK,Jun 2025,2025-06-30,quarter,983.0,891.0,92.0,9.0,4.0,28.0,15.0,53.0,25.0,40.0,12.0,screener
GOODLUCK,Sep 2025,2025-09-30,quarter,991.0,900.0,92.0,9.0,6.0,26.0,15.0,57.0,25.0,43.0,12.75,screener
GOODLUCK,Dec 2025,2025-12-31,quarter,1037.0,936.0,101.0,10.0,2.0,27.0,17.0,59.0,25.0,44.0,13.13,screener
GOODLUCK,Mar 2026,2026-03-31,quarter,1088.0,975.0,113.0,10.0,9.0,25.0,20.0,77.0,27.0,56.0,16.41,screener
GOODLUCK,Jun 2026,2026-06-30,quarter,1287.0,1153.0,135.0,10.0,5.0,30.0,21.0,88.0,24.0,67.0,19.14,screener
GPIL,Dec 2024,2024-12-31,quarter,1298.0,1076.0,221.0,17.0,20.0,13.0,37.0,192.0,24.0,145.0,2.16,screener
GPIL,Mar 2025,2025-03-31,quarter,1468.0,1150.0,318.0,22.0,32.0,15.0,40.0,295.0,25.0,222.0,3.31,screener
GPIL,Jun 2025,2025-06-30,quarter,1323.0,999.0,324.0,24.0,26.0,15.0,44.0,291.0,26.0,216.0,3.23,screener
GPIL,Sep 2025,2025-09-30,quarter,1308.0,1048.0,260.0,20.0,23.0,11.0,41.0,231.0,30.0,162.0,2.41,screener
GPIL,Dec 2025,2025-12-31,quarter,1139.0,922.0,218.0,19.0,27.0,13.0,45.0,188.0,24.0,143.0,2.14,screener
GPIL,Mar 2026,2026-03-31,quarter,1610.0,1171.0,439.0,27.0,18.0,19.0,48.0,390.0,28.0,280.0,4.17,screener
GPIL,Jun 2026,2026-06-30,quarter,1750.0,1417.0,334.0,19.0,38.0,20.0,50.0,302.0,26.0,222.0,3.29,screener
GPPL,Dec 2024,2024-12-31,quarter,263.0,124.0,139.0,53.0,25.0,1.0,31.0,132.0,25.0,99.0,2.06,screener
GPPL,Mar 2025,2025-03-31,quarter,252.0,95.0,157.0,62.0,23.0,2.0,28.0,150.0,25.0,112.0,2.32,screener
GPPL,Jun 2025,2025-06-30,quarter,250.0,102.0,148.0,59.0,24.0,2.0,31.0,139.0,25.0,104.0,2.16,screener
GPPL,Sep 2025,2025-09-30,quarter,299.0,122.0,178.0,59.0,70.0,1.0,32.0,215.0,25.0,161.0,3.32,screener
GPPL,Dec 2025,2025-12-31,quarter,292.0,132.0,160.0,55.0,19.0,2.0,32.0,144.0,25.0,108.0,2.23,screener
GPPL,Mar 2026,2026-03-31,quarter,317.0,94.0,223.0,70.0,0.0,1.0,30.0,192.0,26.0,142.0,2.94,screener
GPTINFRA,Dec 2024,2024-12-31,quarter,278.0,244.0,34.0,12.0,2.0,5.0,4.0,27.0,20.0,21.0,1.7,screener
GPTINFRA,Mar 2025,2025-03-31,quarter,381.0,342.0,39.0,10.0,1.0,6.0,5.0,29.0,22.0,22.0,1.92,screener
GPTINFRA,Jun 2025,2025-06-30,quarter,313.0,276.0,37.0,12.0,9.0,6.0,7.0,33.0,25.0,25.0,1.86,screener
GPTINFRA,Sep 2025,2025-09-30,quarter,279.0,239.0,40.0,14.0,3.0,8.0,5.0,29.0,26.0,21.0,1.73,screener
GPTINFRA,Dec 2025,2025-12-31,quarter,284.0,246.0,38.0,14.0,3.0,9.0,6.0,27.0,24.0,20.0,1.59,screener
GPTINFRA,Mar 2026,2026-03-31,quarter,415.0,355.0,59.0,14.0,-1.0,10.0,7.0,41.0,28.0,30.0,2.52,screener
GRANULES,Dec 2024,2024-12-31,quarter,1138.0,907.0,230.0,20.0,6.0,27.0,57.0,153.0,23.0,118.0,4.85,screener
GRANULES,Mar 2025,2025-03-31,quarter,1197.0,945.0,252.0,21.0,33.0,24.0,64.0,198.0,23.0,152.0,6.27,screener
GRANULES,Jun 2025,2025-06-30,quarter,1210.0,963.0,247.0,20.0,-10.0,24.0,69.0,145.0,22.0,113.0,4.64,screener
GRANULES,Sep 2025,2025-09-30,quarter,1297.0,1019.0,278.0,21.0,-1.0,29.0,72.0,176.0,26.0,131.0,5.38,screener
GRANULES,Dec 2025,2025-12-31,quarter,1388.0,1080.0,308.0,22.0,-4.0,29.0,74.0,202.0,26.0,150.0,6.19,screener
GRANULES,Mar 2026,2026-03-31,quarter,1471.0,1119.0,352.0,24.0,25.0,33.0,82.0,262.0,23.0,202.0,8.13,screener
GRANULES,Jun 2026,2026-06-30,quarter,1477.0,1138.0,339.0,23.0,2.0,21.0,80.0,240.0,25.0,180.0,7.26,screener
GRAPHITE,Dec 2024,2024-12-31,quarter,523.0,531.0,-8.0,-2.0,19.0,2.0,23.0,-14.0,50.0,-21.0,-1.02,screener
GRAPHITE,Mar 2025,2025-03-31,quarter,666.0,627.0,39.0,6.0,57.0,2.0,25.0,69.0,29.0,49.0,2.56,screener
GRAPHITE,Jun 2025,2025-06-30,quarter,665.0,622.0,43.0,6.0,150.0,2.0,24.0,167.0,20.0,133.0,6.86,screener
GRAPHITE,Sep 2025,2025-09-30,quarter,729.0,686.0,43.0,6.0,89.0,3.0,24.0,105.0,28.0,76.0,3.94,screener
GRAPHITE,Dec 2025,2025-12-31,quarter,642.0,600.0,42.0,7.0,81.0,2.0,24.0,97.0,31.0,67.0,3.48,screener
GRAPHITE,Mar 2026,2026-03-31,quarter,816.0,955.0,-139.0,-17.0,55.0,18.0,23.0,-125.0,-16.0,-105.0,-5.32,screener
GRASIM,Dec 2024,2024-12-31,quarter,35378.0,28575.0,6804.0,19.0,382.0,3270.0,1608.0,2308.0,25.0,1734.0,12.45,screener
GRASIM,Mar 2025,2025-03-31,quarter,44267.0,35517.0,8750.0,20.0,485.0,3407.0,1831.0,3996.0,26.0,2973.0,21.98,screener
GRASIM,Jun 2025,2025-06-30,quarter,40118.0,31296.0,8822.0,22.0,372.0,3551.0,1810.0,3834.0,28.0,2767.0,20.85,screener
GRASIM,Sep 2025,2025-09-30,quarter,39900.0,32228.0,7671.0,19.0,406.0,3669.0,1899.0,2510.0,40.0,1498.0,8.13,screener
GRASIM,Dec 2025,2025-12-31,quarter,44312.0,35442.0,8870.0,20.0,65.0,3909.0,1975.0,3051.0,27.0,2233.0,15.23,screener
GRASIM,Mar 2026,2026-03-31,quarter,51101.0,40225.0,10876.0,21.0,259.0,4015.0,2042.0,5078.0,25.0,3802.0,28.77,screener
GRAVITA,Dec 2024,2024-12-31,quarter,996.0,916.0,81.0,8.0,29.0,13.0,8.0,89.0,12.0,78.0,10.56,screener
GRAVITA,Mar 2025,2025-03-31,quarter,1037.0,945.0,92.0,9.0,36.0,6.0,8.0,115.0,17.0,95.0,12.89,screener
GRAVITA,Jun 2025,2025-06-30,quarter,1040.0,939.0,101.0,10.0,30.0,6.0,9.0,116.0,20.0,93.0,12.64,screener
GRAVITA,Sep 2025,2025-09-30,quarter,1036.0,933.0,102.0,10.0,26.0,8.0,9.0,111.0,14.0,96.0,13.01,screener
GRAVITA,Dec 2025,2025-12-31,quarter,1017.0,897.0,120.0,12.0,12.0,7.0,10.0,115.0,15.0,97.0,13.23,screener
GRAVITA,Mar 2026,2026-03-31,quarter,1173.0,1060.0,113.0,10.0,9.0,4.0,11.0,106.0,13.0,92.0,12.45,screener
GRAVITA,Jun 2026,2026-06-30,quarter,1475.0,1365.0,110.0,7.0,48.0,11.0,14.0,131.0,19.0,106.0,14.41,screener
GREAVESCOT,Dec 2024,2024-12-31,quarter,750.6,710.93,39.67,5.29,17.81,3.15,25.73,28.6,76.64,6.68,0.9,screener
GREAVESCOT,Mar 2025,2025-03-31,quarter,822.83,777.09,45.74,5.56,12.28,5.92,25.27,26.83,94.3,1.53,1.03,screener
GREAVESCOT,Jun 2025,2025-06-30,quarter,745.43,688.5,56.93,7.64,17.52,4.87,26.56,43.02,51.53,20.85,1.42,screener
GREAVESCOT,Sep 2025,2025-09-30,quarter,815.46,763.58,51.88,6.36,6.85,4.83,26.95,26.95,76.55,6.32,1.12,screener
GREAVESCOT,Dec 2025,2025-12-31,quarter,875.47,813.35,62.12,7.1,-10.84,6.37,27.6,17.31,65.8,5.92,1.1,screener
GREAVESCOT,Mar 2026,2026-03-31,quarter,1000.26,932.09,68.17,6.82,-2.88,9.98,27.68,27.63,92.04,2.2,0.97,screener
GREENLAM,Dec 2024,2024-12-31,quarter,602.0,538.0,64.0,11.0,1.0,16.0,27.0,21.0,41.0,13.0,0.5,screener
GREENLAM,Mar 2025,2025-03-31,quarter,682.0,618.0,64.0,9.0,0.0,20.0,33.0,11.0,86.0,1.0,0.08,screener
GREENLAM,Jun 2025,2025-06-30,quarter,674.0,630.0,44.0,7.0,2.0,26.0,35.0,-14.0,8.0,-16.0,-0.6,screener
GREENLAM,Sep 2025,2025-09-30,quarter,808.0,704.0,104.0,13.0,1.0,24.0,36.0,46.0,31.0,32.0,1.27,screener
GREENLAM,Dec 2025,2025-12-31,quarter,706.0,638.0,68.0,10.0,-4.0,23.0,36.0,6.0,111.0,-1.0,-0.01,screener
GREENLAM,Mar 2026,2026-03-31,quarter,858.0,749.0,108.0,13.0,2.0,23.0,35.0,52.0,22.0,41.0,1.55,screener
GREENPANEL,Dec 2022,2022-12-31,quarter,420.0,328.0,92.0,22.0,-4.0,11.0,18.0,58.0,36.0,38.0,3.06,screener
GREENPANEL,Mar 2023,2023-03-31,quarter,441.0,365.0,76.0,17.0,9.0,3.0,17.0,64.0,-7.0,69.0,5.62,screener
GREENPANEL,Jun 2023,2023-06-30,quarter,386.0,320.0,66.0,17.0,6.0,4.0,18.0,50.0,25.0,37.0,3.04,screener
GREENPANEL,Sep 2023,2023-09-30,quarter,399.0,330.0,69.0,17.0,7.0,2.0,18.0,55.0,26.0,41.0,3.34,screener
GREENPANEL,Dec 2023,2023-12-31,quarter,386.0,325.0,60.0,16.0,1.0,6.0,18.0,37.0,8.0,35.0,2.82,screener
GREENPANEL,Mar 2024,2024-03-31,quarter,397.0,345.0,51.0,13.0,7.0,0.0,18.0,40.0,26.0,30.0,2.43,screener
GREENPLY,Dec 2024,2024-12-31,quarter,614.0,564.0,51.0,8.0,3.0,5.0,15.0,33.0,27.0,24.0,1.96,screener
GREENPLY,Mar 2025,2025-03-31,quarter,649.0,602.0,46.0,7.0,6.0,13.0,15.0,24.0,32.0,17.0,1.32,screener
GREENPLY,Jun 2025,2025-06-30,quarter,601.0,548.0,52.0,9.0,18.0,19.0,15.0,36.0,21.0,28.0,2.28,screener
GREENPLY,Sep 2025,2025-09-30,quarter,689.0,638.0,51.0,7.0,2.0,13.0,16.0,23.0,31.0,16.0,1.28,screener
GREENPLY,Dec 2025,2025-12-31,quarter,673.0,622.0,51.0,8.0,-3.0,10.0,17.0,22.0,35.0,14.0,1.15,screener
GREENPLY,Mar 2026,2026-03-31,quarter,776.0,690.0,87.0,11.0,-13.0,13.0,17.0,44.0,29.0,31.0,2.46,screener
GRINDWELL,Dec 2024,2024-12-31,quarter,703.0,579.0,123.0,18.0,18.0,2.0,23.0,116.0,24.0,88.0,7.84,screener
GRINDWELL,Mar 2025,2025-03-31,quarter,710.0,582.0,127.0,18.0,23.0,2.0,25.0,123.0,24.0,93.0,8.36,screener
GRINDWELL,Jun 2025,2025-06-30,quarter,703.0,574.0,130.0,18.0,24.0,2.0,26.0,126.0,25.0,94.0,8.53,screener
GRINDWELL,Sep 2025,2025-09-30,quarter,775.0,634.0,141.0,18.0,31.0,2.0,26.0,143.0,25.0,107.0,9.65,screener
GRINDWELL,Dec 2025,2025-12-31,quarter,753.0,614.0,139.0,18.0,19.0,2.0,27.0,128.0,26.0,96.0,8.6,screener
GRINDWELL,Mar 2026,2026-03-31,quarter,842.0,678.0,164.0,19.0,21.0,2.0,26.0,158.0,24.0,119.0,10.72,screener
GRINFRA,Dec 2024,2024-12-31,quarter,1694.0,1325.0,370.0,22.0,154.0,113.0,61.0,350.0,25.0,263.0,27.05,screener
GRINFRA,Mar 2025,2025-03-31,quarter,2276.0,1730.0,545.0,24.0,136.0,121.0,57.0,504.0,20.0,403.0,41.75,screener
GRINFRA,Jun 2025,2025-06-30,quarter,1988.0,1590.0,398.0,20.0,92.0,117.0,52.0,321.0,24.0,244.0,25.23,screener
GRINFRA,Sep 2025,2025-09-30,quarter,1602.0,1215.0,387.0,24.0,50.0,126.0,51.0,260.0,27.0,190.0,19.91,screener
GRINFRA,Dec 2025,2025-12-31,quarter,2308.0,1840.0,468.0,20.0,91.0,153.0,49.0,356.0,27.0,259.0,26.79,screener
GRINFRA,Mar 2026,2026-03-31,quarter,2500.0,2132.0,368.0,15.0,110.0,112.0,47.0,320.0,34.0,210.0,21.39,screener
GROWW,Dec 2024,2024-12-31,quarter,975.0,-40.0,1014.0,104.0,30.0,16.0,7.0,1022.0,26.0,757.0,20.71,screener
GROWW,Mar 2025,2025-03-31,quarter,801.0,413.0,388.0,48.0,49.0,16.0,7.0,414.0,25.0,309.0,1.69,screener
GROWW,Jun 2025,2025-06-30,quarter,904.0,422.0,483.0,53.0,44.0,16.0,7.0,503.0,25.0,378.0,1.81,screener
GROWW,Sep 2025,2025-09-30,quarter,1019.0,415.0,603.0,59.0,52.0,11.0,7.0,638.0,26.0,471.0,0.79,screener
GROWW,Dec 2025,2025-12-31,quarter,1216.0,496.0,720.0,59.0,45.0,10.0,9.0,745.0,27.0,547.0,0.89,screener
GROWW,Mar 2026,2026-03-31,quarter,1505.0,567.0,938.0,62.0,30.0,8.0,24.0,936.0,27.0,686.0,1.09,screener
GRWRHITECH,Dec 2024,2024-12-31,quarter,466.0,385.0,81.0,17.0,12.0,2.0,10.0,81.0,25.0,61.0,26.17,screener
GRWRHITECH,Mar 2025,2025-03-31,quarter,548.0,443.0,104.0,19.0,17.0,2.0,10.0,109.0,29.0,78.0,33.49,screener
GRWRHITECH,Jun 2025,2025-06-30,quarter,495.0,385.0,110.0,22.0,13.0,2.0,11.0,110.0,25.0,83.0,35.73,screener
GRWRHITECH,Sep 2025,2025-09-30,quarter,570.0,450.0,119.0,21.0,14.0,2.0,11.0,120.0,24.0,91.0,39.27,screener
GRWRHITECH,Dec 2025,2025-12-31,quarter,459.0,388.0,70.0,15.0,16.0,2.0,12.0,73.0,24.0,56.0,24.01,screener
GRWRHITECH,Mar 2026,2026-03-31,quarter,597.0,461.0,135.0,23.0,21.0,2.0,12.0,142.0,24.0,108.0,46.58,screener
GRWRHITECH,Jun 2026,2026-06-30,quarter,633.0,461.0,172.0,27.0,20.0,2.0,13.0,176.0,25.0,133.0,57.1,screener
GSFC,Dec 2024,2024-12-31,quarter,2814.0,2656.0,158.0,6.0,60.0,2.0,49.0,168.0,20.0,134.0,3.36,screener
GSFC,Mar 2025,2025-03-31,quarter,1922.0,1842.0,80.0,4.0,61.0,4.0,48.0,89.0,19.0,72.0,1.8,screener
GSFC,Jun 2025,2025-06-30,quarter,2184.0,1992.0,193.0,9.0,47.0,8.0,48.0,184.0,25.0,139.0,3.48,screener
GSFC,Sep 2025,2025-09-30,quarter,3187.0,2851.0,337.0,11.0,144.0,2.0,51.0,428.0,24.0,324.0,8.13,screener
GSFC,Dec 2025,2025-12-31,quarter,2941.0,2763.0,178.0,6.0,57.0,1.0,50.0,183.0,14.0,158.0,3.97,screener
GSFC,Mar 2026,2026-03-31,quarter,2633.0,2550.0,83.0,3.0,39.0,4.0,53.0,65.0,20.0,52.0,1.31,screener
GSPCROP,Dec 2024,2024-12-31,quarter,276.0,273.0,3.0,1.0,1.0,8.0,6.0,-11.0,-43.0,-6.0,-1.49,screener
GSPCROP,Mar 2025,2025-03-31,quarter,308.0,268.0,40.0,13.0,8.0,8.0,7.0,32.0,32.0,22.0,5.81,screener
GSPCROP,Sep 2025,2025-09-30,quarter,467.0,374.0,93.0,20.0,1.0,9.0,7.0,78.0,25.0,58.0,15.2,screener
GSPCROP,Dec 2025,2025-12-31,quarter,270.0,257.0,13.0,5.0,-3.0,10.0,8.0,-8.0,-22.0,-6.0,-1.38,screener
GSPCROP,Mar 2026,2026-03-31,quarter,402.0,366.0,36.0,9.0,9.0,10.0,8.0,27.0,28.0,20.0,4.4,screener
GUFICBIO,Dec 2024,2024-12-31,quarter,208.0,174.0,34.0,16.0,2.0,5.0,5.0,26.0,26.0,19.0,1.93,screener
GUFICBIO,Mar 2025,2025-03-31,quarter,205.0,179.0,26.0,13.0,0.0,8.0,8.0,11.0,27.0,8.0,0.77,screener
GUFICBIO,Jun 2025,2025-06-30,quarter,224.0,190.0,33.0,15.0,1.0,9.0,8.0,17.0,24.0,13.0,1.3,screener
GUFICBIO,Sep 2025,2025-09-30,quarter,237.0,199.0,38.0,16.0,2.0,10.0,8.0,23.0,26.0,17.0,1.68,screener
GUFICBIO,Dec 2025,2025-12-31,quarter,231.0,198.0,33.0,14.0,1.0,8.0,8.0,18.0,30.0,12.0,1.24,screener
GUFICBIO,Mar 2026,2026-03-31,quarter,252.0,205.0,47.0,19.0,-1.0,9.0,8.0,29.0,24.0,22.0,2.18,screener
GUJALKALI,Dec 2024,2024-12-31,quarter,1029.0,951.0,78.0,8.0,15.0,10.0,98.0,-15.0,-27.0,-11.0,-1.53,screener
GUJALKALI,Mar 2025,2025-03-31,quarter,1075.0,974.0,101.0,9.0,24.0,18.0,97.0,10.0,13.0,9.0,1.2,screener
GUJALKALI,Jun 2025,2025-06-30,quarter,1105.0,1010.0,95.0,9.0,8.0,14.0,102.0,-12.0,15.0,-14.0,-1.88,screener
GUJALKALI,Sep 2025,2025-09-30,quarter,1083.0,1009.0,74.0,7.0,59.0,16.0,104.0,14.0,-21.0,16.0,2.23,screener
GUJALKALI,Dec 2025,2025-12-31,quarter,1044.0,948.0,96.0,9.0,30.0,18.0,104.0,4.0,621.0,-20.0,-2.72,screener
GUJALKALI,Mar 2026,2026-03-31,quarter,1125.0,1015.0,110.0,10.0,25.0,15.0,104.0,15.0,3.0,15.0,2.04,screener
GUJGASLTD,Dec 2024,2024-12-31,quarter,4153.0,3772.0,380.0,9.0,58.0,9.0,129.0,300.0,26.0,221.0,3.21,screener
GUJGASLTD,Mar 2025,2025-03-31,quarter,4102.0,3652.0,450.0,11.0,75.0,7.0,129.0,389.0,26.0,288.0,4.18,screener
GUJGASLTD,Jun 2025,2025-06-30,quarter,3871.0,3351.0,520.0,13.0,60.0,8.0,131.0,441.0,26.0,328.0,4.76,screener
GUJGASLTD,Sep 2025,2025-09-30,quarter,3780.0,3333.0,447.0,12.0,72.0,8.0,134.0,377.0,26.0,280.0,4.06,screener
GUJGASLTD,Dec 2025,2025-12-31,quarter,3658.0,3211.0,447.0,12.0,56.0,9.0,135.0,359.0,26.0,267.0,3.88,screener
GUJGASLTD,Mar 2026,2026-03-31,quarter,5792.0,5183.0,609.0,11.0,34.0,46.0,224.0,374.0,59.0,152.0,2.21,screener
GULFOILLUB,Dec 2024,2024-12-31,quarter,920.0,798.0,123.0,13.0,34.0,15.0,13.0,129.0,25.0,97.0,19.86,screener
GULFOILLUB,Mar 2025,2025-03-31,quarter,953.0,824.0,129.0,14.0,23.0,10.0,16.0,125.0,26.0,93.0,18.7,screener
GULFOILLUB,Jun 2025,2025-06-30,quarter,1016.0,889.0,127.0,13.0,23.0,6.0,16.0,128.0,26.0,95.0,19.45,screener
GULFOILLUB,Sep 2025,2025-09-30,quarter,967.0,849.0,117.0,12.0,26.0,13.0,16.0,113.0,26.0,84.0,17.35,screener
GULFOILLUB,Dec 2025,2025-12-31,quarter,1018.0,885.0,132.0,13.0,2.0,14.0,18.0,102.0,25.0,76.0,15.5,screener
GULFOILLUB,Mar 2026,2026-03-31,quarter,1055.0,919.0,136.0,13.0,25.0,23.0,19.0,120.0,25.0,90.0,18.17,screener
GULPOLY,Jun 2024,2024-06-30,quarter,455.0,431.0,24.0,5.0,2.0,4.0,8.0,13.0,25.0,10.0,1.55,screener
GULPOLY,Sep 2024,2024-09-30,quarter,440.0,424.0,16.0,4.0,1.0,7.0,8.0,2.0,34.0,1.0,0.2,screener
GULPOLY,Dec 2024,2024-12-31,quarter,610.0,583.0,27.0,4.0,1.0,8.0,11.0,9.0,26.0,7.0,1.08,screener
GULPOLY,Mar 2025,2025-03-31,quarter,515.0,486.0,29.0,6.0,1.0,9.0,10.0,11.0,33.0,7.0,1.12,screener
GULPOLY,Jun 2025,2025-06-30,quarter,593.0,557.0,37.0,6.0,2.0,8.0,11.0,20.0,34.0,13.0,2.11,screener
GULPOLY,Sep 2025,2025-09-30,quarter,542.0,500.0,42.0,8.0,0.0,8.0,11.0,23.0,30.0,16.0,2.53,screener
GVPIL,Dec 2024,2024-12-31,quarter,317.0,313.0,4.0,1.0,-15.0,4.0,4.0,-19.0,0.0,-19.0,-2.76,screener
GVPIL,Mar 2025,2025-03-31,quarter,266.0,287.0,-21.0,-8.0,223.0,2.0,3.0,197.0,17.0,164.0,24.43,screener
GVPIL,Jun 2025,2025-06-30,quarter,287.0,287.0,0.0,0.0,44.0,6.0,3.0,35.0,0.0,35.0,5.16,screener
GVPIL,Sep 2025,2025-09-30,quarter,281.0,253.0,28.0,10.0,16.0,6.0,3.0,35.0,8.0,32.0,4.81,screener
GVPIL,Dec 2025,2025-12-31,quarter,386.0,261.0,125.0,32.0,-42.0,6.0,3.0,73.0,2.0,72.0,10.76,screener
GVPIL,Mar 2026,2026-03-31,quarter,316.0,210.0,107.0,34.0,16.0,4.0,3.0,115.0,2.0,113.0,16.84,screener
GVPIL,Jun 2026,2026-06-30,quarter,309.0,264.0,45.0,14.0,20.0,5.0,3.0,57.0,5.0,54.0,7.99,screener
HAL,Dec 2024,2024-12-31,quarter,6957.0,5275.0,1683.0,24.0,637.0,0.0,277.0,2042.0,30.0,1440.0,21.53,screener
HAL,Mar 2025,2025-03-31,quarter,13700.0,8405.0,5295.0,39.0,669.0,8.0,736.0,5219.0,24.0,3977.0,59.46,screener
HAL,Jun 2025,2025-06-30,quarter,4819.0,3537.0,1282.0,27.0,757.0,0.0,185.0,1854.0,25.0,1384.0,20.69,screener
HAL,Sep 2025,2025-09-30,quarter,6629.0,5071.0,1558.0,24.0,895.0,0.0,226.0,2227.0,25.0,1669.0,24.96,screener
HAL,Dec 2025,2025-12-31,quarter,7699.0,5828.0,1871.0,24.0,927.0,1.0,310.0,2487.0,25.0,1867.0,27.91,screener
HAL,Mar 2026,2026-03-31,quarter,13942.0,8884.0,5059.0,36.0,1164.0,4.0,634.0,5584.0,25.0,4196.0,62.74,screener
HAPPSTMNDS,Dec 2024,2024-12-31,quarter,531.0,437.0,94.0,18.0,23.0,27.0,21.0,69.0,27.0,50.0,3.29,screener
HAPPSTMNDS,Mar 2025,2025-03-31,quarter,545.0,461.0,84.0,15.0,14.0,25.0,23.0,50.0,33.0,34.0,2.23,screener
HAPPSTMNDS,Jun 2025,2025-06-30,quarter,550.0,456.0,94.0,17.0,30.0,25.0,22.0,77.0,26.0,57.0,3.75,screener
HAPPSTMNDS,Sep 2025,2025-09-30,quarter,574.0,475.0,99.0,17.0,22.0,25.0,22.0,73.0,26.0,54.0,3.55,screener
HAPPSTMNDS,Dec 2025,2025-12-31,quarter,588.0,480.0,107.0,18.0,-6.0,25.0,22.0,54.0,26.0,40.0,2.65,screener
HAPPSTMNDS,Mar 2026,2026-03-31,quarter,604.0,500.0,104.0,17.0,21.0,23.0,22.0,80.0,24.0,61.0,4.02,screener
HAPPSTMNDS,Jun 2026,2026-06-30,quarter,629.0,511.0,118.0,19.0,24.0,28.0,23.0,90.0,25.0,68.0,4.44,screener
HAPPYFORGE,Dec 2024,2024-12-31,quarter,354.0,253.0,101.0,29.0,7.0,2.0,19.0,87.0,26.0,65.0,6.85,screener
HAPPYFORGE,Mar 2025,2025-03-31,quarter,352.0,250.0,102.0,29.0,10.0,2.0,20.0,90.0,24.0,68.0,7.18,screener
HAPPYFORGE,Jun 2025,2025-06-30,quarter,354.0,253.0,101.0,29.0,10.0,2.0,21.0,89.0,26.0,66.0,6.97,screener
HAPPYFORGE,Sep 2025,2025-09-30,quarter,377.0,262.0,116.0,31.0,6.0,2.0,22.0,99.0,26.0,73.0,7.79,screener
HAPPYFORGE,Dec 2025,2025-12-31,quarter,391.0,271.0,120.0,31.0,8.0,2.0,22.0,104.0,24.0,79.0,8.37,screener
HAPPYFORGE,Mar 2026,2026-03-31,quarter,424.0,291.0,133.0,31.0,6.0,4.0,25.0,111.0,25.0,84.0,8.86,screener
HAPPYFORGE,Jun 2026,2026-06-30,quarter,449.0,309.0,141.0,31.0,11.0,3.0,26.0,123.0,25.0,91.0,9.69,screener
HARDWYN,Dec 2024,2024-12-31,quarter,46.39,39.99,6.4,13.8,0.26,0.59,0.44,5.63,28.95,3.99,0.06,screener
HARDWYN,Mar 2025,2025-03-31,quarter,45.64,42.66,2.98,6.53,0.39,0.29,0.45,2.63,29.28,1.86,0.03,screener
HARDWYN,Jun 2025,2025-06-30,quarter,42.94,37.25,5.69,13.25,0.05,0.17,0.41,5.16,29.46,3.63,0.05,screener
HARDWYN,Sep 2025,2025-09-30,quarter,50.69,43.91,6.78,13.38,0.03,0.2,0.46,6.15,29.27,4.35,0.06,screener
HARDWYN,Dec 2025,2025-12-31,quarter,49.08,46.06,3.02,6.15,0.14,0.23,0.47,2.46,27.24,1.79,0.03,screener
HARDWYN,Mar 2026,2026-03-31,quarter,57.15,51.42,5.73,10.03,0.32,0.5,0.51,5.04,31.94,3.43,0.05,screener
HARIOMPIPE,Dec 2024,2024-12-31,quarter,300.0,260.0,40.0,13.0,0.0,12.0,13.0,15.0,27.0,11.0,3.63,screener
HARIOMPIPE,Mar 2025,2025-03-31,quarter,400.0,351.0,49.0,12.0,0.0,12.0,14.0,23.0,26.0,17.0,5.57,screener
HARIOMPIPE,Jun 2025,2025-06-30,quarter,461.0,403.0,58.0,12.0,1.0,12.0,14.0,32.0,27.0,24.0,7.62,screener
HARIOMPIPE,Sep 2025,2025-09-30,quarter,336.0,293.0,43.0,13.0,1.0,13.0,16.0,14.0,27.0,10.0,3.36,screener
HARIOMPIPE,Dec 2025,2025-12-31,quarter,363.0,318.0,45.0,12.0,1.0,14.0,18.0,16.0,26.0,12.0,3.74,screener
HARIOMPIPE,Mar 2026,2026-03-31,quarter,507.0,443.0,64.0,13.0,9.0,14.0,17.0,42.0,28.0,30.0,9.72,screener
HARSHA,Dec 2024,2024-12-31,quarter,339.0,296.0,43.0,13.0,7.0,2.0,10.0,37.0,28.0,27.0,2.93,screener
HARSHA,Mar 2025,2025-03-31,quarter,373.0,338.0,35.0,9.0,-17.0,1.0,10.0,7.0,133.0,-2.0,-0.26,screener
HARSHA,Jun 2025,2025-06-30,quarter,365.0,310.0,55.0,15.0,11.0,3.0,11.0,53.0,29.0,38.0,4.17,screener
HARSHA,Sep 2025,2025-09-30,quarter,378.0,325.0,54.0,14.0,10.0,3.0,11.0,50.0,26.0,36.0,4.0,screener
HARSHA,Dec 2025,2025-12-31,quarter,409.0,352.0,57.0,14.0,7.0,5.0,12.0,47.0,29.0,34.0,3.69,screener
HARSHA,Mar 2026,2026-03-31,quarter,474.0,400.0,73.0,15.0,11.0,6.0,13.0,65.0,28.0,47.0,5.19,screener
HAVELLS,Dec 2024,2024-12-31,quarter,4889.0,4462.0,426.0,9.0,64.0,9.0,104.0,377.0,26.0,278.0,4.44,screener
HAVELLS,Mar 2025,2025-03-31,quarter,6544.0,5787.0,757.0,12.0,69.0,15.0,110.0,701.0,26.0,517.0,8.26,screener
HAVELLS,Jun 2025,2025-06-30,quarter,5455.0,4940.0,516.0,9.0,69.0,9.0,106.0,470.0,26.0,348.0,5.55,screener
HAVELLS,Sep 2025,2025-09-30,quarter,4779.0,4341.0,438.0,9.0,91.0,9.0,106.0,415.0,23.0,318.0,5.09,screener
HAVELLS,Dec 2025,2025-12-31,quarter,5588.0,5072.0,516.0,9.0,9.0,9.0,109.0,408.0,26.0,300.0,4.8,screener
HAVELLS,Mar 2026,2026-03-31,quarter,6705.0,5976.0,729.0,11.0,310.0,10.0,112.0,918.0,21.0,723.0,11.53,screener
HAVELLS,Jun 2026,2026-06-30,quarter,6518.0,6052.0,466.0,7.0,54.0,7.0,121.0,392.0,26.0,290.0,4.63,screener
HBLENGINE,Dec 2024,2024-12-31,quarter,451.0,357.0,94.0,21.0,2.0,5.0,11.0,79.0,26.0,65.0,2.33,screener
HBLENGINE,Mar 2025,2025-03-31,quarter,476.0,396.0,79.0,17.0,6.0,4.0,11.0,71.0,26.0,45.0,1.62,screener
HBLENGINE,Jun 2025,2025-06-30,quarter,602.0,410.0,192.0,32.0,17.0,6.0,12.0,191.0,26.0,143.0,5.17,screener
HBLENGINE,Sep 2025,2025-09-30,quarter,1223.0,679.0,544.0,44.0,-8.0,3.0,12.0,520.0,26.0,387.0,13.97,screener
HBLENGINE,Dec 2025,2025-12-31,quarter,874.0,572.0,302.0,35.0,10.0,3.0,12.0,297.0,27.0,220.0,7.96,screener
HBLENGINE,Mar 2026,2026-03-31,quarter,604.0,529.0,75.0,12.0,10.0,2.0,15.0,67.0,18.0,64.0,2.3,screener
HBLENGINE,Jun 2026,2026-06-30,quarter,638.0,491.0,147.0,23.0,21.0,5.0,12.0,149.0,26.0,109.0,3.94,screener
HCG,Dec 2024,2024-12-31,quarter,558.57,470.19,88.38,15.82,5.54,40.7,56.52,-3.3,-334.85,7.75,0.47,screener
HCG,Mar 2025,2025-03-31,quarter,585.0,480.0,106.0,18.0,10.0,44.0,58.0,14.0,50.0,7.0,0.5,screener
HCG,Jun 2025,2025-06-30,quarter,613.0,505.0,108.0,18.0,8.0,45.0,58.0,12.0,50.0,6.0,0.32,screener
HCG,Sep 2025,2025-09-30,quarter,647.0,524.0,123.0,19.0,3.0,44.0,63.0,20.0,-4.0,21.0,1.09,screener
HCG,Dec 2025,2025-12-31,quarter,633.0,524.0,110.0,17.0,-10.0,45.0,61.0,-6.0,30.0,-8.0,-0.63,screener
HCG,Mar 2026,2026-03-31,quarter,652.0,527.0,125.0,19.0,-18.0,43.0,63.0,1.0,-223.0,4.0,0.15,screener
HCG,Jun 2026,2026-06-30,quarter,695.0,573.0,122.0,18.0,13.0,40.0,70.0,25.0,34.0,16.0,0.92,screener
HCLTECH,Dec 2024,2024-12-31,quarter,29890.0,23030.0,6860.0,23.0,477.0,166.0,1039.0,6132.0,25.0,4594.0,16.92,screener
HCLTECH,Mar 2025,2025-03-31,quarter,30246.0,23764.0,6482.0,21.0,449.0,156.0,1040.0,5735.0,25.0,4309.0,15.87,screener
HCLTECH,Jun 2025,2025-06-30,quarter,30349.0,24314.0,6035.0,20.0,456.0,209.0,1093.0,5189.0,26.0,3844.0,14.16,screener
HCLTECH,Sep 2025,2025-09-30,quarter,31942.0,25397.0,6545.0,20.0,415.0,215.0,1043.0,5702.0,26.0,4236.0,15.61,screener
HCLTECH,Dec 2025,2025-12-31,quarter,33872.0,26460.0,7412.0,22.0,-571.0,205.0,1127.0,5509.0,26.0,4082.0,15.02,screener
HCLTECH,Mar 2026,2026-03-31,quarter,33981.0,27269.0,6712.0,20.0,322.0,240.0,1092.0,5702.0,21.0,4490.0,16.54,screener
HDBFS,Mar 2024,2024-03-31,quarter,3667.0,1368.0,,,0.0,1377.0,40.0,882.0,26.0,656.0,8.27,screener
HDBFS,Dec 2024,2024-12-31,quarter,4144.0,1809.0,,,0.0,1645.0,49.0,641.0,26.0,472.0,5.95,screener
HDBFS,Mar 2025,2025-03-31,quarter,4266.0,1858.0,,,0.0,1650.0,54.0,704.0,25.0,531.0,6.67,screener
HDFCAMC,Dec 2024,2024-12-31,quarter,935.0,171.0,764.0,82.0,93.0,2.0,15.0,840.0,24.0,641.0,15.0,screener
HDFCAMC,Mar 2025,2025-03-31,quarter,901.0,171.0,730.0,81.0,124.0,3.0,17.0,835.0,24.0,638.0,14.93,screener
HDFCAMC,Jun 2025,2025-06-30,quarter,968.0,195.0,773.0,80.0,233.0,3.0,17.0,986.0,24.0,748.0,17.47,screener
HDFCAMC,Sep 2025,2025-09-30,quarter,1027.0,227.0,801.0,78.0,96.0,3.0,18.0,876.0,18.0,718.0,16.79,screener
HDFCAMC,Dec 2025,2025-12-31,quarter,1075.0,199.0,876.0,82.0,159.0,3.0,18.0,1014.0,24.0,769.0,17.96,screener
HDFCAMC,Mar 2026,2026-03-31,quarter,1052.0,206.0,845.0,80.0,12.0,4.0,19.0,834.0,25.0,623.0,14.53,screener
HDFCAMC,Jun 2026,2026-06-30,quarter,1100.0,249.0,850.0,77.0,263.0,4.0,21.0,1089.0,23.0,837.0,19.53,screener
HDFCBANK,Dec 2024,2024-12-31,quarter,85040.0,41307.0,,,27154.0,46914.0,0.0,23973.0,24.0,18340.0,11.54,screener
HDFCBANK,Mar 2025,2025-03-31,quarter,86779.0,47709.0,,,33489.0,46986.0,0.0,25573.0,25.0,19285.0,12.31,screener
HDFCBANK,Jun 2025,2025-06-30,quarter,87372.0,64497.0,,,45683.0,47709.0,0.0,20850.0,18.0,17090.0,10.6,screener
HDFCBANK,Sep 2025,2025-09-30,quarter,86994.0,45161.0,,,31567.0,46741.0,0.0,26659.0,24.0,20364.0,12.76,screener
HDFCBANK,Dec 2025,2025-12-31,quarter,87067.0,54145.0,,,39860.0,45821.0,0.0,26961.0,23.0,20691.0,12.87,screener
HDFCBANK,Mar 2026,2026-03-31,quarter,87182.0,44028.0,,,29737.0,45220.0,0.0,27672.0,24.0,21074.0,13.22,screener
HDFCLIFE,Dec 2024,2024-12-31,quarter,17300.0,16852.0,448.0,3.0,-29.0,0.0,0.0,419.0,-1.0,421.0,1.96,screener
HDFCLIFE,Mar 2025,2025-03-31,quarter,24191.0,23814.0,377.0,1.6,124.0,0.0,0.0,500.0,5.0,475.0,2.21,screener
HDFCLIFE,Jun 2025,2025-06-30,quarter,29463.0,29024.0,439.0,1.5,164.0,0.0,0.0,604.0,9.0,548.0,2.54,screener
HDFCLIFE,Sep 2025,2025-09-30,quarter,20651.0,20336.0,315.0,1.5,157.0,0.0,0.0,471.0,5.0,448.0,2.08,screener
HDFCLIFE,Dec 2025,2025-12-31,quarter,29428.0,29157.0,271.0,0.9,174.0,0.0,0.0,445.0,6.0,418.0,1.94,screener
HDFCLIFE,Mar 2026,2026-03-31,quarter,19890.0,19782.0,108.0,0.6,428.0,0.0,0.0,537.0,7.0,497.0,2.31,screener
HDFCLIFE,Jun 2026,2026-06-30,quarter,33759.0,33253.0,506.0,1.5,171.0,0.0,0.0,677.0,10.0,611.0,2.81,screener
HEG,Dec 2024,2024-12-31,quarter,478.0,411.0,67.0,14.0,112.0,9.0,51.0,119.0,30.0,83.0,4.32,screener
HEG,Mar 2025,2025-03-31,quarter,537.0,598.0,-61.0,-11.0,43.0,12.0,55.0,-85.0,-13.0,-74.0,-3.82,screener
HEG,Jun 2025,2025-06-30,quarter,617.0,512.0,105.0,17.0,83.0,8.0,53.0,127.0,18.0,105.0,5.43,screener
HEG,Sep 2025,2025-09-30,quarter,699.0,581.0,118.0,17.0,120.0,9.0,54.0,175.0,18.0,143.0,7.43,screener
HEG,Dec 2025,2025-12-31,quarter,656.0,513.0,143.0,22.0,167.0,9.0,54.0,246.0,16.0,207.0,10.73,screener
HEG,Mar 2026,2026-03-31,quarter,603.0,752.0,-148.0,-25.0,72.0,11.0,53.0,-140.0,-19.0,-114.0,-5.9,screener
HERITGFOOD,Dec 2024,2024-12-31,quarter,1034.0,962.0,72.0,7.0,8.0,4.0,18.0,59.0,27.0,43.0,4.64,screener
HERITGFOOD,Mar 2025,2025-03-31,quarter,1048.0,970.0,78.0,7.0,-2.0,4.0,18.0,54.0,30.0,38.0,4.11,screener
HERITGFOOD,Jun 2025,2025-06-30,quarter,1137.0,1064.0,73.0,6.0,5.0,4.0,19.0,55.0,26.0,41.0,4.37,screener
HERITGFOOD,Sep 2025,2025-09-30,quarter,1113.0,1035.0,77.0,7.0,15.0,4.0,20.0,68.0,25.0,51.0,5.5,screener
HERITGFOOD,Dec 2025,2025-12-31,quarter,1119.0,1056.0,63.0,6.0,8.0,4.0,20.0,46.0,25.0,35.0,3.73,screener
HERITGFOOD,Mar 2026,2026-03-31,quarter,1158.0,1105.0,52.0,5.0,7.0,5.0,22.0,32.0,25.0,24.0,2.58,screener
HEROMOTOCO,Dec 2024,2024-12-31,quarter,10260.0,8844.0,1416.0,14.0,306.0,17.0,209.0,1497.0,26.0,1108.0,55.38,screener
HEROMOTOCO,Mar 2025,2025-03-31,quarter,9970.0,8529.0,1441.0,14.0,345.0,17.0,204.0,1565.0,25.0,1169.0,58.06,screener
HEROMOTOCO,Jun 2025,2025-06-30,quarter,9728.0,8315.0,1413.0,15.0,939.0,21.0,206.0,2126.0,20.0,1706.0,85.26,screener
HEROMOTOCO,Sep 2025,2025-09-30,quarter,12218.0,10452.0,1766.0,14.0,240.0,19.0,210.0,1777.0,26.0,1321.0,65.42,screener
HEROMOTOCO,Dec 2025,2025-12-31,quarter,12487.0,10735.0,1752.0,14.0,179.0,20.0,219.0,1692.0,25.0,1275.0,63.35,screener
HEROMOTOCO,Mar 2026,2026-03-31,quarter,12978.0,11109.0,1870.0,14.0,210.0,19.0,220.0,1841.0,20.0,1474.0,72.97,screener
HEROMOTOCO,Jun 2026,2026-06-30,quarter,13126.0,11424.0,1702.0,13.0,460.0,21.0,220.0,1921.0,26.0,1418.0,70.59,screener
HEXT,Dec 2024,2024-12-31,quarter,3154.0,2664.0,490.0,16.0,24.0,21.0,76.0,417.0,23.0,321.0,5.25,screener
HEXT,Mar 2025,2025-03-31,quarter,3208.0,2680.0,528.0,16.0,4.0,22.0,74.0,436.0,25.0,327.0,5.38,screener
HEXT,Jun 2025,2025-06-30,quarter,3261.0,2856.0,404.0,12.0,160.0,21.0,75.0,468.0,19.0,380.0,6.24,screener
HEXT,Sep 2025,2025-09-30,quarter,3484.0,2882.0,601.0,17.0,10.0,26.0,89.0,497.0,26.0,370.0,6.08,screener
HEXT,Dec 2025,2025-12-31,quarter,3478.0,3100.0,378.0,11.0,102.0,31.0,124.0,326.0,10.0,292.0,4.78,screener
HEXT,Mar 2026,2026-03-31,quarter,3613.0,3042.0,571.0,16.0,22.0,29.0,91.0,473.0,26.0,352.0,5.75,screener
HEXT,Jun 2026,2026-06-30,quarter,3845.0,3240.0,605.0,16.0,-50.0,33.0,82.0,441.0,25.0,330.0,5.4,screener
HFCL,Dec 2024,2024-12-31,quarter,1012.0,860.0,152.0,15.0,21.0,47.0,26.0,100.0,28.0,73.0,0.51,screener
HFCL,Mar 2025,2025-03-31,quarter,801.0,838.0,-37.0,-4.6,14.0,51.0,30.0,-105.0,-21.0,-83.0,-0.56,screener
HFCL,Jun 2025,2025-06-30,quarter,871.0,843.0,28.0,3.3,15.0,56.0,32.0,-45.0,-34.0,-29.0,-0.22,screener
HFCL,Sep 2025,2025-09-30,quarter,1043.0,853.0,190.0,18.0,13.0,61.0,36.0,106.0,32.0,72.0,0.47,screener
HFCL,Dec 2025,2025-12-31,quarter,1211.0,983.0,228.0,19.0,17.0,63.0,44.0,138.0,26.0,102.0,0.64,screener
HFCL,Mar 2026,2026-03-31,quarter,1824.0,1510.0,314.0,17.0,22.0,63.0,45.0,228.0,19.0,184.0,1.17,screener
HFCL,Jun 2026,2026-06-30,quarter,1915.0,1501.0,414.0,22.0,31.0,62.0,51.0,332.0,26.0,246.0,1.49,screener
HGINFRA,Dec 2024,2024-12-31,quarter,1265.0,978.0,287.0,23.0,4.0,75.0,36.0,180.0,36.0,115.0,17.67,screener
HGINFRA,Mar 2025,2025-03-31,quarter,1361.0,1121.0,239.0,18.0,20.0,71.0,37.0,151.0,3.0,147.0,22.55,screener
HGINFRA,Jun 2025,2025-06-30,quarter,1482.0,1223.0,259.0,18.0,2.0,95.0,36.0,132.0,25.0,99.0,15.16,screener
HGINFRA,Sep 2025,2025-09-30,quarter,904.0,699.0,206.0,23.0,13.0,108.0,40.0,71.0,27.0,52.0,8.01,screener
HGINFRA,Dec 2025,2025-12-31,quarter,1421.0,1113.0,309.0,22.0,4.0,129.0,44.0,139.0,32.0,94.0,14.47,screener
HGINFRA,Mar 2026,2026-03-31,quarter,1427.0,1189.0,237.0,17.0,60.0,137.0,48.0,113.0,25.0,85.0,13.06,screener
HIKAL,Dec 2024,2024-12-31,quarter,448.0,376.0,72.0,16.0,4.0,19.0,33.0,24.0,28.0,17.0,1.39,screener
HIKAL,Mar 2025,2025-03-31,quarter,552.0,429.0,123.0,22.0,0.0,18.0,38.0,68.0,26.0,50.0,4.07,screener
HIKAL,Jun 2025,2025-06-30,quarter,380.0,355.0,25.0,7.0,1.0,17.0,39.0,-30.0,-26.0,-22.0,-1.82,screener
HIKAL,Sep 2025,2025-09-30,quarter,318.0,311.0,7.0,2.0,2.0,15.0,41.0,-47.0,-26.0,-35.0,-2.83,screener
HIKAL,Dec 2025,2025-12-31,quarter,494.0,412.0,83.0,17.0,-35.0,16.0,41.0,-9.0,-36.0,-6.0,-0.48,screener
HIKAL,Mar 2026,2026-03-31,quarter,519.0,414.0,105.0,20.0,-40.0,15.0,42.0,8.0,-73.0,14.0,1.17,screener
HILINFRA,Dec 2024,2024-12-31,quarter,139.75,133.32,6.43,4.6,2.26,2.74,0.01,5.94,21.72,4.66,0.57,screener
HILINFRA,Mar 2025,2025-03-31,quarter,132.1,116.97,15.13,11.45,3.53,2.07,0.58,16.01,25.23,11.96,2.06,screener
HILINFRA,Jun 2025,2025-06-30,quarter,111.95,100.42,11.53,10.3,0.52,1.77,0.57,9.71,25.85,7.19,1.25,screener
HILINFRA,Sep 2025,2025-09-30,quarter,94.57,101.59,-7.02,-7.42,20.74,0.46,0.61,12.65,23.64,9.67,1.34,screener
HILINFRA,Dec 2025,2025-12-31,quarter,126.86,118.82,8.04,6.34,1.58,1.14,0.61,7.87,20.58,6.26,0.89,screener
HILINFRA,Mar 2026,2026-03-31,quarter,274.63,261.12,13.51,4.92,2.58,2.98,0.72,12.39,29.86,8.69,1.23,screener
HINDALCO,Dec 2024,2024-12-31,quarter,58390.0,50807.0,7583.0,13.0,469.0,817.0,1939.0,5296.0,29.0,3735.0,16.62,screener
HINDALCO,Mar 2025,2025-03-31,quarter,64890.0,56054.0,8836.0,14.0,706.0,874.0,2118.0,6550.0,19.0,5284.0,23.51,screener
HINDALCO,Jun 2025,2025-06-30,quarter,64232.0,56326.0,7906.0,12.0,604.0,754.0,2080.0,5676.0,29.0,4004.0,17.82,screener
HINDALCO,Sep 2025,2025-09-30,quarter,66058.0,57092.0,8966.0,14.0,532.0,803.0,2155.0,6540.0,28.0,4741.0,21.1,screener
HINDALCO,Dec 2025,2025-12-31,quarter,66521.0,58530.0,7991.0,12.0,-2061.0,881.0,2220.0,2829.0,28.0,2049.0,9.12,screener
HINDALCO,Mar 2026,2026-03-31,quarter,78133.0,68119.0,10014.0,13.0,-3146.0,1042.0,2375.0,3451.0,25.0,2597.0,11.56,screener
HINDCOPPER,Dec 2024,2024-12-31,quarter,328.0,220.0,108.0,33.0,16.0,1.0,38.0,84.0,26.0,63.0,0.65,screener
HINDCOPPER,Mar 2025,2025-03-31,quarter,731.0,465.0,267.0,36.0,46.0,2.0,52.0,259.0,27.0,187.0,1.94,screener
HINDCOPPER,Jun 2025,2025-06-30,quarter,516.0,304.0,212.0,41.0,10.0,2.0,41.0,179.0,25.0,134.0,1.39,screener
HINDCOPPER,Sep 2025,2025-09-30,quarter,718.0,436.0,282.0,39.0,11.0,0.0,44.0,249.0,25.0,184.0,1.9,screener
HINDCOPPER,Dec 2025,2025-12-31,quarter,687.0,347.0,340.0,50.0,-78.0,2.0,48.0,213.0,26.0,156.0,1.62,screener
HINDCOPPER,Mar 2026,2026-03-31,quarter,1156.0,528.0,628.0,54.0,33.0,1.0,67.0,592.0,25.0,444.0,4.59,screener
HINDOILEXP,Dec 2024,2024-12-31,quarter,146.52,72.5,74.02,50.52,3.67,5.36,19.86,52.47,17.44,43.32,3.28,screener
HINDOILEXP,Mar 2025,2025-03-31,quarter,43.39,38.61,4.78,11.02,57.08,4.57,21.71,35.58,-43.82,51.16,3.87,screener
HINDOILEXP,Jun 2025,2025-06-30,quarter,78.65,46.47,32.18,40.92,35.37,4.45,18.36,44.74,1.94,43.87,3.32,screener
HINDOILEXP,Sep 2025,2025-09-30,quarter,315.01,292.26,22.75,7.22,2.4,4.24,16.94,3.97,28.72,2.83,0.21,screener
HINDOILEXP,Dec 2025,2025-12-31,quarter,75.38,48.12,27.26,36.16,3.73,4.23,19.9,6.86,-20.7,8.28,0.63,screener
HINDOILEXP,Mar 2026,2026-03-31,quarter,-205.89,-232.51,26.62,,6.7,4.13,20.19,9.0,13.78,7.77,0.59,screener
HINDPETRO,Dec 2024,2024-12-31,quarter,110608.0,105113.0,5495.0,5.0,462.0,931.0,1518.0,3509.0,28.0,2544.0,11.95,screener
HINDPETRO,Mar 2025,2025-03-31,quarter,109633.0,103845.0,5788.0,5.0,930.0,757.0,1623.0,4338.0,21.0,3415.0,16.05,screener
HINDPETRO,Jun 2025,2025-06-30,quarter,110825.0,103365.0,7461.0,7.0,507.0,817.0,1604.0,5547.0,26.0,4111.0,19.32,screener
HINDPETRO,Sep 2025,2025-09-30,quarter,100856.0,94003.0,6852.0,7.0,715.0,824.0,1612.0,5131.0,25.0,3859.0,18.14,screener
HINDPETRO,Dec 2025,2025-12-31,quarter,115153.0,108155.0,6998.0,6.0,727.0,734.0,1674.0,5317.0,25.0,4011.0,18.85,screener
HINDPETRO,Mar 2026,2026-03-31,quarter,114937.0,105726.0,9211.0,8.0,1910.0,1020.0,2457.0,7644.0,21.0,6065.0,28.5,screener
HINDPETRO,Jun 2026,2026-06-30,quarter,140584.0,156707.0,-16122.0,-11.0,648.0,818.0,1878.0,-18170.0,-32.0,-12265.0,-57.64,screener
HINDUNILVR,Dec 2024,2024-12-31,quarter,15556.0,11867.0,3689.0,24.0,733.0,109.0,318.0,3995.0,25.0,2989.0,12.7,screener
HINDUNILVR,Mar 2025,2025-03-31,quarter,15190.0,11572.0,3618.0,24.0,149.0,77.0,318.0,3372.0,27.0,2475.0,10.49,screener
HINDUNILVR,Jun 2025,2025-06-30,quarter,16514.0,12797.0,3717.0,23.0,74.0,127.0,361.0,3303.0,16.0,2768.0,11.73,screener
HINDUNILVR,Sep 2025,2025-09-30,quarter,15919.0,12137.0,3782.0,24.0,269.0,124.0,322.0,3605.0,25.0,2694.0,11.43,screener
HINDUNILVR,Dec 2025,2025-12-31,quarter,16441.0,12660.0,3781.0,23.0,4048.0,88.0,337.0,7404.0,11.0,6603.0,28.12,screener
HINDUNILVR,Mar 2026,2026-03-31,quarter,16351.0,12514.0,3837.0,23.0,503.0,76.0,348.0,3916.0,24.0,2994.0,12.73,screener
HINDWAREAP,Dec 2024,2024-12-31,quarter,594.0,565.0,29.0,5.0,7.0,23.0,31.0,-16.0,-23.0,-18.0,-2.12,screener
HINDWAREAP,Mar 2025,2025-03-31,quarter,699.0,658.0,41.0,6.0,-16.0,19.0,30.0,-25.0,2.0,-31.0,-3.7,screener
HINDWAREAP,Jun 2025,2025-06-30,quarter,531.0,482.0,49.0,9.0,-40.0,18.0,30.0,-40.0,-37.0,-29.0,-3.48,screener
HINDWAREAP,Sep 2025,2025-09-30,quarter,676.0,620.0,56.0,8.0,4.0,17.0,29.0,15.0,44.0,5.0,0.59,screener
HINDWAREAP,Dec 2025,2025-12-31,quarter,640.0,592.0,48.0,8.0,3.0,17.0,29.0,6.0,20.0,4.0,0.42,screener
HINDWAREAP,Mar 2026,2026-03-31,quarter,663.0,618.0,44.0,7.0,15.0,19.0,29.0,11.0,27.0,-19.0,-2.28,screener
HINDZINC,Dec 2024,2024-12-31,quarter,8614.0,4115.0,4499.0,52.0,218.0,285.0,905.0,3527.0,24.0,2678.0,6.34,screener
HINDZINC,Mar 2025,2025-03-31,quarter,9087.0,4267.0,4820.0,53.0,227.0,251.0,1014.0,3782.0,21.0,3003.0,7.11,screener
HINDZINC,Jun 2025,2025-06-30,quarter,7771.0,3912.0,3859.0,50.0,279.0,240.0,913.0,2985.0,25.0,2234.0,5.29,screener
HINDZINC,Sep 2025,2025-09-30,quarter,8549.0,4104.0,4445.0,52.0,238.0,259.0,882.0,3542.0,25.0,2649.0,6.27,screener
HINDZINC,Dec 2025,2025-12-31,quarter,10980.0,4926.0,6054.0,55.0,318.0,195.0,947.0,5230.0,25.0,3916.0,9.27,screener
HINDZINC,Mar 2026,2026-03-31,quarter,13544.0,5838.0,7706.0,57.0,280.0,187.0,1048.0,6751.0,25.0,5033.0,11.91,screener
HINDZINC,Jun 2026,2026-06-30,quarter,13747.0,5697.0,8050.0,59.0,316.0,132.0,920.0,7314.0,25.0,5469.0,12.94,screener
HIRECT,Dec 2024,2024-12-31,quarter,168.94,151.31,17.63,10.44,0.5,2.52,2.15,13.46,25.63,10.01,2.92,screener
HIRECT,Mar 2025,2025-03-31,quarter,185.05,165.15,19.9,10.75,0.34,4.02,2.22,14.0,28.71,9.99,2.91,screener
HIRECT,Jun 2025,2025-06-30,quarter,214.77,190.55,24.22,11.28,0.23,3.62,2.73,18.1,29.5,12.77,3.72,screener
HIRECT,Sep 2025,2025-09-30,quarter,227.15,201.27,25.88,11.39,0.13,3.56,2.81,19.64,25.05,14.72,4.28,screener
HIRECT,Dec 2025,2025-12-31,quarter,277.39,251.84,25.55,9.21,-1.07,4.71,4.45,15.32,17.1,12.7,3.69,screener
HIRECT,Mar 2026,2026-03-31,quarter,279.82,271.39,8.43,3.01,0.36,4.09,3.85,0.85,285.88,-1.59,-0.46,screener
HLEGLAS,Dec 2024,2024-12-31,quarter,231.0,205.0,26.0,11.0,2.0,9.0,7.0,11.0,10.0,10.0,1.24,screener
HLEGLAS,Mar 2025,2025-03-31,quarter,334.0,282.0,52.0,16.0,2.0,9.0,8.0,37.0,15.0,32.0,2.98,screener
HLEGLAS,Jun 2025,2025-06-30,quarter,284.0,246.0,38.0,13.0,2.0,9.0,8.0,23.0,22.0,18.0,2.16,screener
HLEGLAS,Sep 2025,2025-09-30,quarter,351.0,313.0,38.0,11.0,-1.0,9.0,9.0,19.0,27.0,14.0,1.73,screener
HLEGLAS,Dec 2025,2025-12-31,quarter,327.0,305.0,21.0,6.0,0.0,8.0,10.0,4.0,-26.0,5.0,0.41,screener
HLEGLAS,Mar 2026,2026-03-31,quarter,392.0,349.0,43.0,11.0,1.0,9.0,10.0,25.0,20.0,20.0,2.62,screener
HMVL,Mar 2025,2025-03-31,quarter,182.0,158.0,24.0,13.0,26.0,1.0,5.0,44.0,-4.0,45.0,6.16,screener
HMVL,Jun 2025,2025-06-30,quarter,165.0,155.0,9.0,6.0,11.0,1.0,4.0,14.0,28.0,10.0,1.39,screener
HMVL,Sep 2025,2025-09-30,quarter,197.0,207.0,-10.0,-4.9,28.0,2.0,5.0,11.0,11.0,10.0,1.37,screener
HMVL,Dec 2025,2025-12-31,quarter,183.0,163.0,20.0,11.0,-10.0,2.0,4.0,5.0,81.0,1.0,0.12,screener
HMVL,Mar 2026,2026-03-31,quarter,216.0,150.0,65.0,30.0,-22.0,2.0,4.0,38.0,27.0,27.0,3.73,screener
HMVL,Jun 2026,2026-06-30,quarter,197.0,169.0,28.0,14.0,42.0,2.0,4.0,65.0,21.0,51.0,6.95,screener
HNDFDS,Dec 2024,2024-12-31,quarter,880.0,806.0,73.0,8.0,6.0,20.0,20.0,39.0,27.0,29.0,2.44,screener
HNDFDS,Mar 2025,2025-03-31,quarter,959.0,880.0,78.0,8.0,3.0,20.0,20.0,42.0,24.0,32.0,2.69,screener
HNDFDS,Jun 2025,2025-06-30,quarter,995.0,915.0,80.0,8.0,3.0,20.0,21.0,42.0,25.0,32.0,2.66,screener
HNDFDS,Sep 2025,2025-09-30,quarter,1039.0,953.0,86.0,8.0,4.0,20.0,22.0,47.0,26.0,35.0,2.95,screener
HNDFDS,Dec 2025,2025-12-31,quarter,1044.0,949.0,95.0,9.0,-2.0,19.0,23.0,51.0,23.0,39.0,3.24,screener
HNDFDS,Mar 2026,2026-03-31,quarter,1117.0,1017.0,100.0,9.0,3.0,23.0,23.0,57.0,27.0,42.0,3.48,screener
HONASA,Dec 2024,2024-12-31,quarter,518.0,491.0,26.0,5.0,19.0,3.0,13.0,29.0,12.0,26.0,0.8,screener
HONASA,Mar 2025,2025-03-31,quarter,534.0,507.0,27.0,5.0,21.0,3.0,12.0,32.0,22.0,25.0,0.77,screener
HONASA,Jun 2025,2025-06-30,quarter,595.0,549.0,46.0,8.0,24.0,3.0,11.0,56.0,26.0,41.0,1.27,screener
HONASA,Sep 2025,2025-09-30,quarter,538.0,490.0,48.0,9.0,20.0,3.0,12.0,53.0,26.0,39.0,1.21,screener
HONASA,Dec 2025,2025-12-31,quarter,602.0,536.0,65.0,11.0,16.0,3.0,11.0,67.0,25.0,50.0,1.54,screener
HONASA,Mar 2026,2026-03-31,quarter,657.0,580.0,77.0,12.0,19.0,3.0,11.0,82.0,15.0,69.0,2.13,screener
HPL,Dec 2024,2024-12-31,quarter,392.0,337.0,56.0,14.0,1.0,21.0,11.0,24.0,26.0,18.0,2.81,screener
HPL,Mar 2025,2025-03-31,quarter,493.0,410.0,82.0,17.0,2.0,23.0,11.0,51.0,27.0,37.0,5.78,screener
HPL,Jun 2025,2025-06-30,quarter,383.0,325.0,58.0,15.0,1.0,23.0,12.0,25.0,26.0,18.0,2.87,screener
HPL,Sep 2025,2025-09-30,quarter,434.0,369.0,66.0,15.0,1.0,24.0,13.0,30.0,27.0,22.0,3.46,screener
HPL,Dec 2025,2025-12-31,quarter,474.0,402.0,72.0,15.0,-5.0,26.0,15.0,26.0,25.0,20.0,3.02,screener
HPL,Mar 2026,2026-03-31,quarter,520.0,434.0,86.0,17.0,2.0,22.0,24.0,42.0,26.0,31.0,4.8,screener
HSCL,Dec 2024,2024-12-31,quarter,1141.0,920.0,221.0,19.0,12.0,12.0,15.0,206.0,31.0,141.0,2.88,screener
HSCL,Mar 2025,2025-03-31,quarter,1135.0,901.0,233.0,21.0,14.0,9.0,14.0,224.0,31.0,155.0,3.15,screener
HSCL,Jun 2025,2025-06-30,quarter,1118.0,873.0,245.0,22.0,27.0,16.0,15.0,241.0,26.0,179.0,3.68,screener
HSCL,Sep 2025,2025-09-30,quarter,1071.0,838.0,233.0,22.0,36.0,15.0,17.0,237.0,26.0,176.0,3.57,screener
HSCL,Dec 2025,2025-12-31,quarter,1184.0,941.0,243.0,20.0,47.0,16.0,18.0,255.0,25.0,192.0,3.81,screener
HSCL,Mar 2026,2026-03-31,quarter,1288.0,1046.0,242.0,19.0,62.0,17.0,19.0,268.0,23.0,208.0,3.98,screener
HSCL,Jun 2026,2026-06-30,quarter,1432.0,1144.0,288.0,20.0,56.0,22.0,21.0,301.0,24.0,228.0,4.55,screener
HUBTOWN,Dec 2024,2024-12-31,quarter,92.0,60.0,33.0,36.0,28.0,37.0,1.0,23.0,31.0,20.0,1.61,screener
HUBTOWN,Mar 2025,2025-03-31,quarter,97.0,88.0,8.0,9.0,44.0,19.0,1.0,33.0,87.0,2.0,0.26,screener
HUBTOWN,Jun 2025,2025-06-30,quarter,187.0,147.0,41.0,22.0,48.0,16.0,1.0,72.0,-14.0,82.0,5.85,screener
HUBTOWN,Sep 2025,2025-09-30,quarter,209.0,177.0,31.0,15.0,55.0,27.0,1.0,58.0,46.0,32.0,1.69,screener
HUBTOWN,Dec 2025,2025-12-31,quarter,88.0,85.0,2.0,2.0,44.0,23.0,1.0,22.0,-10.0,23.0,1.57,screener
HUBTOWN,Mar 2026,2026-03-31,quarter,160.0,82.0,78.0,49.0,43.0,85.0,1.0,36.0,16.0,26.0,1.61,screener
HUDCO,Dec 2024,2024-12-31,quarter,2760.0,73.0,,,10.0,1762.0,3.0,932.0,21.0,735.0,3.67,screener
HUDCO,Mar 2025,2025-03-31,quarter,2845.0,-28.0,,,10.0,1859.0,4.0,1020.0,29.0,728.0,3.64,screener
HUDCO,Jun 2025,2025-06-30,quarter,2937.0,109.0,,,8.0,1976.0,3.0,857.0,26.0,630.0,3.15,screener
HUDCO,Sep 2025,2025-09-30,quarter,3219.0,147.0,,,32.0,2147.0,3.0,955.0,26.0,710.0,3.55,screener
HUDCO,Dec 2025,2025-12-31,quarter,3431.0,320.0,,,74.0,2394.0,3.0,788.0,10.0,713.0,3.56,screener
HUDCO,Mar 2026,2026-03-31,quarter,3563.0,587.0,,,62.0,2413.0,4.0,621.0,-219.0,1981.0,9.9,screener
HUDCO,Jun 2026,2026-06-30,quarter,3717.0,109.0,,,20.0,2561.0,2.0,1066.0,20.0,851.0,4.25,screener
HUHTAMAKI,Sep 2015,2015-09-30,quarter,522.0,472.0,50.0,10.0,5.0,11.0,24.0,21.0,22.0,16.0,2.2,screener
HUHTAMAKI,Dec 2015,2015-12-31,quarter,528.0,463.0,65.0,12.0,3.0,10.0,23.0,35.0,41.0,20.0,2.83,screener
HUHTAMAKI,Mar 2016,2016-03-31,quarter,526.0,446.0,79.0,15.0,4.0,10.0,23.0,50.0,30.0,35.0,4.71,screener
HUHTAMAKI,Jun 2016,2016-06-30,quarter,572.0,513.0,59.0,10.0,4.0,8.0,23.0,33.0,39.0,20.0,2.51,screener
HUHTAMAKI,Sep 2016,2016-09-30,quarter,557.0,502.0,56.0,10.0,4.0,8.0,23.0,29.0,40.0,18.0,2.31,screener
HUHTAMAKI,Dec 2016,2016-12-31,quarter,523.0,469.0,53.0,10.0,5.0,8.0,22.0,28.0,43.0,16.0,2.1,screener
HYUNDAI,Dec 2024,2024-12-31,quarter,16648.0,14772.0,1876.0,11.0,244.0,30.0,527.0,1563.0,26.0,1161.0,14.29,screener
HYUNDAI,Mar 2025,2025-03-31,quarter,17940.0,15408.0,2533.0,14.0,210.0,36.0,530.0,2175.0,26.0,1614.0,19.87,screener
HYUNDAI,Jun 2025,2025-06-30,quarter,16413.0,14228.0,2185.0,13.0,215.0,25.0,528.0,1847.0,26.0,1369.0,16.85,screener
HYUNDAI,Sep 2025,2025-09-30,quarter,17461.0,15032.0,2429.0,14.0,231.0,17.0,518.0,2126.0,26.0,1572.0,19.35,screener
HYUNDAI,Dec 2025,2025-12-31,quarter,17973.0,15955.0,2018.0,11.0,244.0,27.0,569.0,1666.0,26.0,1234.0,15.19,screener
HYUNDAI,Mar 2026,2026-03-31,quarter,18916.0,16950.0,1966.0,10.0,259.0,38.0,584.0,1604.0,22.0,1256.0,15.45,screener
ICDSLTD,Dec 2024,2024-12-31,quarter,0.51,0.35,0.16,31.37,0.39,0.02,0.09,0.44,277.27,-0.77,-0.59,screener
ICDSLTD,Mar 2025,2025-03-31,quarter,2.35,0.84,1.51,64.26,-0.48,0.02,0.09,0.92,8.7,0.84,0.64,screener
ICDSLTD,Jun 2025,2025-06-30,quarter,0.77,0.4,0.37,48.05,1.27,0.02,0.09,1.53,9.8,1.38,1.06,screener
ICDSLTD,Sep 2025,2025-09-30,quarter,0.53,0.44,0.09,16.98,-0.17,0.01,0.09,-0.18,72.22,-0.32,-0.25,screener
ICDSLTD,Dec 2025,2025-12-31,quarter,0.57,0.31,0.26,45.61,0.38,0.02,0.1,0.52,13.46,0.46,0.35,screener
ICDSLTD,Mar 2026,2026-03-31,quarter,0.52,0.97,-0.45,-86.54,0.06,0.01,0.1,-0.5,-16.0,-0.42,-0.32,screener
ICDSLTD,Jun 2026,2026-06-30,quarter,0.61,0.6,0.01,1.64,1.12,0.02,0.09,1.02,7.84,0.93,0.71,screener
ICEMAKE,Dec 2024,2024-12-31,quarter,111.0,104.0,7.0,6.0,0.0,1.0,2.0,4.0,22.0,3.0,1.82,screener
ICEMAKE,Mar 2025,2025-03-31,quarter,180.0,159.0,21.0,12.0,0.0,2.0,4.0,16.0,27.0,12.0,7.42,screener
ICEMAKE,Jun 2025,2025-06-30,quarter,112.0,107.0,4.0,4.0,0.0,2.0,4.0,-2.0,-20.0,-1.0,-0.9,screener
ICEMAKE,Sep 2025,2025-09-30,quarter,147.0,138.0,10.0,7.0,0.0,3.0,4.0,3.0,27.0,2.0,1.29,screener
ICEMAKE,Dec 2025,2025-12-31,quarter,153.0,143.0,10.0,6.0,0.0,4.0,4.0,2.0,24.0,1.0,0.93,screener
ICEMAKE,Mar 2026,2026-03-31,quarter,256.0,234.0,21.0,8.0,0.0,4.0,4.0,14.0,25.0,10.0,6.41,screener
ICICIAMC,Sep 2024,2024-09-30,quarter,2458.0,621.0,1838.0,75.0,0.0,9.0,41.0,1788.0,26.0,1327.0,751.81,screener
ICICIAMC,Sep 2025,2025-09-30,quarter,2949.0,740.0,2210.0,75.0,0.0,9.0,52.0,2149.0,25.0,1618.0,91.65,screener
ICICIBANK,Dec 2024,2024-12-31,quarter,47037.0,33510.0,,,27589.0,22633.0,0.0,18483.0,25.0,13847.0,18.25,screener
ICICIBANK,Mar 2025,2025-03-31,quarter,48387.0,37588.0,,,31361.0,23047.0,0.0,19113.0,25.0,14354.0,18.96,screener
ICICIBANK,Jun 2025,2025-06-30,quarter,49080.0,31991.0,,,25496.0,23090.0,0.0,19494.0,26.0,14456.0,19.0,screener
ICICIBANK,Sep 2025,2025-09-30,quarter,48181.0,35065.0,,,27966.0,22017.0,0.0,19065.0,25.0,14318.0,18.7,screener
ICICIBANK,Dec 2025,2025-12-31,quarter,48364.0,37154.0,,,28418.0,21874.0,0.0,17754.0,24.0,13481.0,17.53,screener
ICICIBANK,Mar 2026,2026-03-31,quarter,49594.0,41823.0,,,35020.0,22047.0,0.0,20744.0,25.0,15681.0,20.61,screener
ICICIPRULI,Dec 2024,2024-12-31,quarter,4536.0,4295.0,241.0,5.0,169.0,0.0,0.0,410.0,21.0,325.0,2.25,screener
ICICIPRULI,Mar 2025,2025-03-31,quarter,15687.0,15272.0,415.0,2.6,183.0,0.0,0.0,598.0,36.0,385.0,2.67,screener
ICICIPRULI,Jun 2025,2025-06-30,quarter,25401.0,25188.0,213.0,0.8,177.0,0.0,0.0,390.0,23.0,301.0,2.08,screener
ICICIPRULI,Sep 2025,2025-09-30,quarter,11936.0,11955.0,-19.0,-0.2,408.0,0.0,0.0,389.0,24.0,296.0,2.04,screener
ICICIPRULI,Dec 2025,2025-12-31,quarter,22834.0,22093.0,741.0,3.2,-243.0,0.0,0.0,498.0,22.0,387.0,2.67,screener
ICICIPRULI,Mar 2026,2026-03-31,quarter,3185.0,3940.0,-754.0,-24.0,1036.0,0.0,0.0,281.0,-122.0,624.0,4.3,screener
ICIL,Dec 2024,2024-12-31,quarter,1152.0,1006.0,146.0,13.0,16.0,36.0,32.0,95.0,25.0,71.0,3.57,screener
ICIL,Mar 2025,2025-03-31,quarter,1023.0,933.0,90.0,9.0,6.0,36.0,34.0,26.0,18.0,21.0,1.06,screener
ICIL,Jun 2025,2025-06-30,quarter,959.0,848.0,111.0,12.0,9.0,31.0,38.0,51.0,23.0,39.0,1.97,screener
ICIL,Sep 2025,2025-09-30,quarter,1062.0,958.0,104.0,10.0,19.0,32.0,39.0,52.0,25.0,39.0,1.97,screener
ICIL,Dec 2025,2025-12-31,quarter,1063.0,972.0,91.0,9.0,11.0,30.0,39.0,34.0,27.0,24.0,1.23,screener
ICIL,Mar 2026,2026-03-31,quarter,1058.0,971.0,86.0,8.0,30.0,44.0,43.0,30.0,20.0,24.0,1.22,screener
ICIL,Jun 2026,2026-06-30,quarter,1207.0,1064.0,143.0,12.0,17.0,32.0,45.0,84.0,24.0,63.0,3.19,screener
ICRA,Mar 2025,2025-03-31,quarter,136.0,77.0,59.0,43.0,21.0,1.0,4.0,74.0,24.0,56.0,57.75,screener
ICRA,Jun 2025,2025-06-30,quarter,124.0,85.0,40.0,32.0,24.0,2.0,4.0,58.0,27.0,43.0,43.97,screener
ICRA,Sep 2025,2025-09-30,quarter,137.0,88.0,49.0,36.0,21.0,1.0,4.0,64.0,25.0,48.0,49.54,screener
ICRA,Dec 2025,2025-12-31,quarter,164.0,106.0,57.0,35.0,9.0,1.0,10.0,55.0,29.0,39.0,40.22,screener
ICRA,Mar 2026,2026-03-31,quarter,175.0,105.0,70.0,40.0,14.0,1.0,10.0,73.0,28.0,53.0,54.35,screener
ICRA,Jun 2026,2026-06-30,quarter,163.0,108.0,55.0,34.0,32.0,0.0,11.0,76.0,26.0,56.0,58.19,screener
IDBI,Mar 2025,2025-03-31,quarter,6983.0,2415.0,,,2107.0,3683.0,0.0,2991.0,31.0,2094.0,1.94,screener
IDBI,Jun 2025,2025-06-30,quarter,7027.0,2091.0,,,1472.0,3851.0,0.0,2557.0,21.0,2024.0,1.88,screener
IDBI,Sep 2025,2025-09-30,quarter,7109.0,1651.0,,,2155.0,3816.0,0.0,3797.0,15.0,3241.0,3.0,screener
IDBI,Dec 2025,2025-12-31,quarter,7080.0,2000.0,,,1271.0,3862.0,0.0,2489.0,21.0,1959.0,1.82,screener
IDBI,Mar 2026,2026-03-31,quarter,7804.0,2757.0,,,1714.0,3944.0,0.0,2816.0,29.0,2013.0,1.87,screener
IDBI,Jun 2026,2026-06-30,quarter,7549.0,1751.0,,,1084.0,4053.0,0.0,2829.0,25.0,2131.0,1.98,screener
IDEA,Mar 2025,2025-03-31,quarter,11015.0,6356.0,4659.0,42.0,216.0,6471.0,5571.0,-7167.0,0.0,-7167.0,-1.0,screener
IDEA,Jun 2025,2025-06-30,quarter,11022.0,6410.0,4612.0,42.0,142.0,5893.0,5472.0,-6611.0,0.0,-6608.0,-0.61,screener
IDEA,Sep 2025,2025-09-30,quarter,11195.0,6511.0,4684.0,42.0,140.0,4784.0,5567.0,-5527.0,0.0,-5524.0,-0.51,screener
IDEA,Dec 2025,2025-12-31,quarter,11323.0,6506.0,4817.0,43.0,1271.0,5828.0,5550.0,-5290.0,0.0,-5286.0,-0.49,screener
IDEA,Mar 2026,2026-03-31,quarter,11332.0,6443.0,4889.0,43.0,57595.0,4990.0,5518.0,51976.0,0.0,51970.0,4.8,screener
IDEA,Jun 2026,2026-06-30,quarter,11689.0,6655.0,5034.0,43.0,1806.0,5120.0,5467.0,-3747.0,0.0,-3754.0,-0.35,screener
IDEAFORGE,Mar 2025,2025-03-31,quarter,20.31,42.16,-21.85,-107.58,4.43,0.25,8.03,-25.7,0.08,-25.71,-5.97,screener
IDEAFORGE,Jun 2025,2025-06-30,quarter,12.78,31.86,-19.08,-149.3,3.94,0.37,9.78,-25.29,-6.88,-23.56,-5.45,screener
IDEAFORGE,Sep 2025,2025-09-30,quarter,40.76,52.04,-11.28,-27.67,3.29,0.92,10.55,-19.46,0.82,-19.62,-4.54,screener
IDEAFORGE,Dec 2025,2025-12-31,quarter,31.55,58.08,-26.53,-84.09,2.61,1.05,10.97,-35.94,-5.79,-33.85,-7.83,screener
IDEAFORGE,Mar 2026,2026-03-31,quarter,141.04,79.33,61.71,43.75,12.45,1.64,11.78,60.74,1.23,59.99,13.86,screener
IDEAFORGE,Jun 2026,2026-06-30,quarter,68.59,66.26,2.33,3.4,1.95,2.04,14.21,-11.97,-78.28,-2.59,-0.6,screener
IDFCFIRSTB,Mar 2025,2025-03-31,quarter,9413.0,6459.0,,,1895.0,4505.0,0.0,344.0,14.0,296.0,0.4,screener
IDFCFIRSTB,Jun 2025,2025-06-30,quarter,9642.0,6589.0,,,2227.0,4709.0,0.0,571.0,21.0,453.0,0.62,screener
IDFCFIRSTB,Sep 2025,2025-09-30,quarter,9937.0,6581.0,,,1891.0,4824.0,0.0,424.0,18.0,348.0,0.47,screener
IDFCFIRSTB,Dec 2025,2025-12-31,quarter,10417.0,7006.0,,,2125.0,4924.0,0.0,611.0,22.0,479.0,0.56,screener
IDFCFIRSTB,Mar 2026,2026-03-31,quarter,10553.0,7106.0,,,1630.0,4876.0,0.0,201.0,-65.0,331.0,0.38,screener
IDFCFIRSTB,Jun 2026,2026-06-30,quarter,11051.0,6802.0,,,2310.0,5077.0,0.0,1482.0,23.0,1148.0,1.33,screener
IEX,Dec 2024,2024-12-31,quarter,132.0,19.0,113.0,86.0,32.0,1.0,5.0,139.0,23.0,107.0,1.2,screener
IEX,Mar 2025,2025-03-31,quarter,142.0,21.0,121.0,85.0,37.0,1.0,5.0,152.0,23.0,117.0,1.31,screener
IEX,Jun 2025,2025-06-30,quarter,142.0,26.0,115.0,81.0,49.0,1.0,5.0,158.0,24.0,121.0,1.35,screener
IEX,Sep 2025,2025-09-30,quarter,154.0,20.0,133.0,87.0,34.0,1.0,6.0,161.0,23.0,123.0,1.38,screener
IEX,Dec 2025,2025-12-31,quarter,146.0,24.0,122.0,84.0,42.0,1.0,6.0,157.0,24.0,119.0,1.34,screener
IEX,Mar 2026,2026-03-31,quarter,174.0,25.0,149.0,86.0,27.0,1.0,6.0,169.0,23.0,130.0,1.46,screener
IFBIND,Dec 2024,2024-12-31,quarter,1270.0,1186.0,83.0,7.0,4.0,8.0,38.0,42.0,26.0,31.0,7.67,screener
IFBIND,Mar 2025,2025-03-31,quarter,1334.0,1278.0,56.0,4.0,11.0,7.0,34.0,27.0,29.0,19.0,4.66,screener
IFBIND,Jun 2025,2025-06-30,quarter,1338.0,1277.0,62.0,5.0,10.0,6.0,31.0,35.0,25.0,26.0,6.46,screener
IFBIND,Sep 2025,2025-09-30,quarter,1370.0,1272.0,98.0,7.0,7.0,5.0,30.0,70.0,27.0,51.0,12.53,screener
IFBIND,Dec 2025,2025-12-31,quarter,1413.0,1338.0,74.0,5.0,-6.0,5.0,31.0,32.0,24.0,24.0,5.91,screener
IFBIND,Mar 2026,2026-03-31,quarter,1498.0,1420.0,79.0,5.0,13.0,5.0,30.0,56.0,24.0,43.0,10.53,screener
IFGLEXPOR,Dec 2024,2024-12-31,quarter,379.0,362.0,17.0,4.0,3.0,4.0,18.0,-2.0,11.0,-2.0,-0.3,screener
IFGLEXPOR,Mar 2025,2025-03-31,quarter,449.0,415.0,33.0,7.0,4.0,4.0,20.0,13.0,34.0,8.0,1.17,screener
IFGLEXPOR,Jun 2025,2025-06-30,quarter,454.0,418.0,36.0,8.0,3.0,5.0,19.0,15.0,29.0,11.0,1.5,screener
IFGLEXPOR,Sep 2025,2025-09-30,quarter,489.0,451.0,38.0,8.0,2.0,4.0,20.0,17.0,24.0,13.0,1.76,screener
IFGLEXPOR,Dec 2025,2025-12-31,quarter,469.0,446.0,23.0,5.0,-3.0,4.0,20.0,-4.0,-18.0,-3.0,-0.43,screener
IFGLEXPOR,Mar 2026,2026-03-31,quarter,483.0,444.0,39.0,8.0,2.0,4.0,21.0,17.0,16.0,14.0,1.98,screener
IGIL,Dec 2024,2024-12-31,quarter,265.0,113.0,152.0,57.0,12.0,1.0,10.0,153.0,26.0,114.0,2.63,screener
IGIL,Mar 2025,2025-03-31,quarter,305.0,109.0,196.0,64.0,8.0,3.0,10.0,191.0,26.0,141.0,3.26,screener
IGIL,Jun 2025,2025-06-30,quarter,301.0,127.0,174.0,58.0,14.0,2.0,10.0,175.0,28.0,127.0,2.93,screener
IGIL,Sep 2025,2025-09-30,quarter,304.0,128.0,176.0,58.0,12.0,2.0,11.0,175.0,26.0,130.0,3.0,screener
IGIL,Dec 2025,2025-12-31,quarter,320.0,128.0,191.0,60.0,11.0,2.0,12.0,188.0,29.0,135.0,3.11,screener
IGIL,Mar 2026,2026-03-31,quarter,369.0,133.0,236.0,64.0,18.0,3.0,13.0,239.0,25.0,180.0,4.16,screener
IGIL,Jun 2026,2026-06-30,quarter,371.0,147.0,224.0,60.0,16.0,3.0,14.0,223.0,26.0,166.0,3.84,screener
IGL,Dec 2024,2024-12-31,quarter,3759.0,3397.0,362.0,10.0,170.0,2.0,122.0,408.0,20.0,325.0,2.33,screener
IGL,Mar 2025,2025-03-31,quarter,3948.0,3455.0,493.0,12.0,202.0,4.0,121.0,570.0,20.0,453.0,3.25,screener
IGL,Jun 2025,2025-06-30,quarter,3914.0,3403.0,511.0,13.0,164.0,3.0,124.0,548.0,22.0,428.0,3.06,screener
IGL,Sep 2025,2025-09-30,quarter,4023.0,3582.0,441.0,11.0,178.0,3.0,128.0,488.0,21.0,385.0,2.76,screener
IGL,Dec 2025,2025-12-31,quarter,4068.0,3597.0,471.0,12.0,167.0,2.0,132.0,503.0,22.0,392.0,2.81,screener
IGL,Mar 2026,2026-03-31,quarter,4163.0,3742.0,421.0,10.0,166.0,8.0,133.0,447.0,24.0,339.0,2.43,screener
IGPL,Dec 2024,2024-12-31,quarter,558.0,511.0,47.0,8.0,8.0,3.0,16.0,36.0,21.0,29.0,9.27,screener
IGPL,Mar 2025,2025-03-31,quarter,480.0,433.0,47.0,10.0,5.0,11.0,16.0,25.0,23.0,19.0,6.16,screener
IGPL,Jun 2025,2025-06-30,quarter,470.0,471.0,-1.0,-0.1,10.0,9.0,16.0,-16.0,-17.0,-13.0,-4.22,screener
IGPL,Sep 2025,2025-09-30,quarter,465.0,445.0,20.0,4.3,6.0,11.0,16.0,-1.0,42.0,-2.0,-0.65,screener
IGPL,Dec 2025,2025-12-31,quarter,465.0,457.0,8.0,1.8,5.0,10.0,16.0,-13.0,-16.0,-11.0,-3.53,screener
IGPL,Mar 2026,2026-03-31,quarter,524.0,458.0,67.0,13.0,5.0,11.0,20.0,40.0,30.0,28.0,9.12,screener
IIFL,Dec 2024,2024-12-31,quarter,2443.0,1307.0,,,6.0,996.0,46.0,101.0,19.0,82.0,0.96,screener
IIFL,Mar 2025,2025-03-31,quarter,2591.0,1065.0,,,3.0,1169.0,51.0,309.0,19.0,251.0,4.89,screener
IIFL,Jun 2025,2025-06-30,quarter,2953.0,1267.0,,,6.0,1289.0,47.0,356.0,23.0,274.0,5.49,screener
IIFL,Sep 2025,2025-09-30,quarter,3305.0,1323.0,,,4.0,1382.0,47.0,557.0,25.0,418.0,8.86,screener
IIFL,Dec 2025,2025-12-31,quarter,3427.0,1280.0,,,5.0,1437.0,53.0,663.0,24.0,501.0,10.92,screener
IIFL,Mar 2026,2026-03-31,quarter,3692.0,1194.0,,,7.0,1610.0,64.0,833.0,25.0,623.0,13.8,screener
IIFL,Jun 2026,2026-06-30,quarter,3919.0,1211.0,,,3.0,1719.0,63.0,929.0,23.0,713.0,15.87,screener
IIFLCAPS,Dec 2024,2024-12-31,quarter,583.0,337.0,245.0,42.0,64.0,45.0,14.0,250.0,21.0,197.0,6.36,screener
IIFLCAPS,Mar 2025,2025-03-31,quarter,537.0,351.0,186.0,35.0,36.0,43.0,16.0,163.0,22.0,128.0,4.13,screener
IIFLCAPS,Jun 2025,2025-06-30,quarter,617.0,396.0,221.0,36.0,63.0,40.0,16.0,228.0,23.0,176.0,5.66,screener
IIFLCAPS,Sep 2025,2025-09-30,quarter,572.0,359.0,213.0,37.0,-25.0,53.0,15.0,120.0,29.0,85.0,2.72,screener
IIFLCAPS,Dec 2025,2025-12-31,quarter,586.0,396.0,190.0,32.0,134.0,53.0,17.0,254.0,26.0,188.0,6.01,screener
IIFLCAPS,Mar 2026,2026-03-31,quarter,644.0,421.0,224.0,35.0,10.0,63.0,17.0,155.0,26.0,115.0,3.68,screener
IITL,Dec 2024,2024-12-31,quarter,-4.0,3.0,-7.0,,0.0,0.0,1.0,-8.0,-31.0,-6.0,-2.29,screener
IITL,Mar 2025,2025-03-31,quarter,-5.0,2.0,-8.0,,1.0,0.0,1.0,-8.0,-19.0,-6.0,-3.34,screener
IITL,Jun 2025,2025-06-30,quarter,16.0,2.0,13.0,87.0,0.0,0.0,0.0,13.0,20.0,10.0,4.56,screener
IITL,Sep 2025,2025-09-30,quarter,-1.0,3.0,-3.0,,0.0,0.0,0.0,-4.0,-19.0,-3.0,-1.46,screener
IITL,Dec 2025,2025-12-31,quarter,11.0,3.0,9.0,77.0,0.0,0.0,0.0,8.0,22.0,6.0,2.71,screener
IITL,Mar 2026,2026-03-31,quarter,-41.0,-9.0,-32.0,,0.0,0.0,1.0,-32.0,-21.0,-25.0,-11.31,screener
IKIO,Dec 2024,2024-12-31,quarter,122.0,107.0,15.0,12.0,4.0,2.0,7.0,9.0,17.0,8.0,1.02,screener
IKIO,Mar 2025,2025-03-31,quarter,112.0,106.0,6.0,6.0,2.0,2.0,6.0,1.0,181.0,-1.0,-0.3,screener
IKIO,Jun 2025,2025-06-30,quarter,120.0,109.0,11.0,9.0,2.0,2.0,7.0,4.0,44.0,2.0,0.27,screener
IKIO,Sep 2025,2025-09-30,quarter,164.0,146.0,18.0,11.0,4.0,2.0,7.0,13.0,19.0,11.0,1.3,screener
IKIO,Dec 2025,2025-12-31,quarter,146.0,124.0,22.0,15.0,3.0,2.0,8.0,15.0,27.0,11.0,1.19,screener
IKIO,Mar 2026,2026-03-31,quarter,165.0,139.0,26.0,16.0,5.0,2.0,8.0,21.0,15.0,18.0,2.13,screener
IKS,Dec 2024,2024-12-31,quarter,657.0,476.0,181.0,28.0,27.0,21.0,28.0,160.0,19.0,130.0,7.56,screener
IKS,Mar 2025,2025-03-31,quarter,724.0,498.0,226.0,31.0,3.0,21.0,28.0,180.0,18.0,148.0,8.61,screener
IKS,Jun 2025,2025-06-30,quarter,740.0,502.0,238.0,32.0,3.0,18.0,28.0,195.0,22.0,152.0,8.83,screener
IKS,Sep 2025,2025-09-30,quarter,781.0,511.0,270.0,35.0,4.0,16.0,30.0,228.0,21.0,181.0,10.53,screener
IKS,Dec 2025,2025-12-31,quarter,815.0,536.0,279.0,34.0,6.0,23.0,32.0,229.0,20.0,183.0,10.68,screener
IKS,Mar 2026,2026-03-31,quarter,858.0,563.0,295.0,34.0,5.0,13.0,34.0,253.0,19.0,206.0,12.0,screener
IKS,Jun 2026,2026-06-30,quarter,894.0,604.0,290.0,32.0,6.0,10.0,34.0,251.0,23.0,194.0,11.29,screener
IMAGICAA,Dec 2024,2024-12-31,quarter,91.86,62.25,29.61,32.23,1.7,3.69,23.13,4.49,28.51,3.22,0.06,screener
IMAGICAA,Mar 2025,2025-03-31,quarter,94.0,54.0,40.0,43.0,3.0,4.0,23.0,16.0,3.0,16.0,0.28,screener
IMAGICAA,Jun 2025,2025-06-30,quarter,148.0,76.0,73.0,49.0,2.0,4.0,26.0,45.0,1.0,44.0,0.78,screener
IMAGICAA,Sep 2025,2025-09-30,quarter,42.0,51.0,-9.0,-22.0,4.0,4.0,26.0,-35.0,12.0,-39.0,-0.69,screener
IMAGICAA,Dec 2025,2025-12-31,quarter,92.0,70.0,22.0,24.0,2.0,5.0,23.0,-4.0,20.0,-5.0,-0.09,screener
IMAGICAA,Mar 2026,2026-03-31,quarter,92.0,62.0,30.0,33.0,2.0,6.0,24.0,3.0,85.0,0.0,0.01,screener
IMAGICAA,Jun 2026,2026-06-30,quarter,178.0,88.0,90.0,51.0,3.0,7.0,25.0,61.0,6.0,58.0,1.02,screener
IMFA,Dec 2024,2024-12-31,quarter,643.0,515.0,128.0,20.0,17.0,8.0,14.0,123.0,24.0,93.0,17.3,screener
IMFA,Mar 2025,2025-03-31,quarter,567.0,497.0,71.0,12.0,17.0,10.0,14.0,64.0,26.0,47.0,8.77,screener
IMFA,Jun 2025,2025-06-30,quarter,642.0,516.0,125.0,20.0,22.0,7.0,15.0,126.0,26.0,93.0,17.11,screener
IMFA,Sep 2025,2025-09-30,quarter,719.0,580.0,138.0,19.0,16.0,8.0,15.0,131.0,25.0,98.0,18.07,screener
IMFA,Dec 2025,2025-12-31,quarter,703.0,539.0,164.0,23.0,22.0,9.0,15.0,161.0,19.0,131.0,24.33,screener
IMFA,Mar 2026,2026-03-31,quarter,763.0,604.0,159.0,21.0,6.0,11.0,18.0,136.0,24.0,103.0,19.13,screener
INA,Dec 2024,2024-12-31,quarter,325.0,301.0,24.0,7.0,5.0,4.0,3.0,23.0,18.0,19.0,0.84,screener
INA,Mar 2025,2025-03-31,quarter,397.0,339.0,57.0,14.0,0.0,1.0,3.0,53.0,20.0,42.0,1.92,screener
INA,Sep 2025,2025-09-30,quarter,415.0,370.0,45.0,11.0,11.0,5.0,6.0,45.0,18.0,37.0,1.68,screener
INA,Dec 2025,2025-12-31,quarter,575.0,501.0,75.0,13.0,7.0,8.0,12.0,62.0,18.0,51.0,2.3,screener
INA,Mar 2026,2026-03-31,quarter,794.0,683.0,111.0,14.0,-2.0,8.0,15.0,86.0,19.0,70.0,3.17,screener
INDGN,Dec 2024,2024-12-31,quarter,720.0,589.0,132.0,18.0,38.0,3.0,20.0,146.0,25.0,110.0,4.58,screener
INDGN,Mar 2025,2025-03-31,quarter,756.0,608.0,148.0,20.0,26.0,3.0,21.0,149.0,21.0,118.0,4.9,screener
INDGN,Jun 2025,2025-06-30,quarter,761.0,606.0,155.0,20.0,22.0,4.0,22.0,152.0,23.0,116.0,4.85,screener
INDGN,Sep 2025,2025-09-30,quarter,804.0,664.0,141.0,17.0,20.0,4.0,23.0,133.0,23.0,102.0,4.25,screener
INDGN,Dec 2025,2025-12-31,quarter,942.0,783.0,160.0,17.0,19.0,5.0,40.0,135.0,24.0,103.0,4.28,screener
INDGN,Mar 2026,2026-03-31,quarter,1003.0,840.0,164.0,16.0,-10.0,7.0,42.0,105.0,24.0,80.0,3.31,screener
INDHOTEL,Dec 2024,2024-12-31,quarter,2533.0,1571.0,962.0,38.0,59.0,52.0,134.0,834.0,26.0,633.0,4.09,screener
INDHOTEL,Mar 2025,2025-03-31,quarter,2425.0,1568.0,857.0,35.0,59.0,54.0,142.0,720.0,25.0,563.0,3.67,screener
INDHOTEL,Jun 2025,2025-06-30,quarter,2041.0,1465.0,576.0,28.0,61.0,55.0,143.0,440.0,27.0,329.0,2.08,screener
INDHOTEL,Sep 2025,2025-09-30,quarter,2041.0,1471.0,570.0,28.0,83.0,56.0,145.0,453.0,30.0,318.0,2.0,screener
INDHOTEL,Dec 2025,2025-12-31,quarter,2842.0,1766.0,1076.0,38.0,334.0,56.0,150.0,1203.0,22.0,954.0,6.35,screener
INDHOTEL,Mar 2026,2026-03-31,quarter,2765.0,1793.0,973.0,35.0,79.0,55.0,167.0,830.0,25.0,645.0,4.21,screener
INDIACEM,Dec 2024,2024-12-31,quarter,940.0,1130.0,-190.0,-20.0,396.0,73.0,55.0,77.0,-51.0,119.0,3.95,screener
INDIACEM,Mar 2025,2025-03-31,quarter,1198.0,1200.0,-2.0,0.0,110.0,38.0,75.0,-5.0,-486.0,18.0,0.47,screener
INDIACEM,Jun 2025,2025-06-30,quarter,1025.0,942.0,83.0,8.0,-115.0,27.0,74.0,-132.0,-1.0,-133.0,-4.29,screener
INDIACEM,Sep 2025,2025-09-30,quarter,1117.0,1036.0,81.0,7.0,23.0,25.0,74.0,4.0,-101.0,9.0,0.28,screener
INDIACEM,Dec 2025,2025-12-31,quarter,1114.0,1035.0,79.0,7.0,15.0,24.0,75.0,-5.0,-41.0,-3.0,-0.09,screener
INDIACEM,Mar 2026,2026-03-31,quarter,1229.0,1076.0,153.0,12.0,15.0,23.0,76.0,69.0,13.0,60.0,1.92,screener
INDIAGLYCO,Dec 2024,2024-12-31,quarter,975.0,852.0,124.0,13.0,19.0,44.0,27.0,71.0,20.0,57.0,9.18,screener
INDIAGLYCO,Mar 2025,2025-03-31,quarter,863.0,717.0,146.0,17.0,13.0,45.0,33.0,82.0,22.0,64.0,10.34,screener
INDIAGLYCO,Jun 2025,2025-06-30,quarter,1040.0,891.0,150.0,14.0,20.0,45.0,34.0,91.0,19.0,73.0,11.83,screener
INDIAGLYCO,Sep 2025,2025-09-30,quarter,1092.0,935.0,158.0,14.0,14.0,49.0,38.0,84.0,22.0,65.0,10.51,screener
INDIAGLYCO,Dec 2025,2025-12-31,quarter,1102.0,927.0,175.0,16.0,3.0,47.0,41.0,91.0,25.0,68.0,10.08,screener
INDIAGLYCO,Mar 2026,2026-03-31,quarter,976.0,810.0,166.0,17.0,14.0,26.0,41.0,112.0,23.0,87.0,12.96,screener
INDIAMART,Dec 2024,2024-12-31,quarter,354.0,230.0,124.0,35.0,45.0,2.0,8.0,159.0,24.0,121.0,20.16,screener
INDIAMART,Mar 2025,2025-03-31,quarter,355.0,236.0,119.0,34.0,109.0,2.0,8.0,218.0,17.0,181.0,30.08,screener
INDIAMART,Jun 2025,2025-06-30,quarter,372.0,253.0,119.0,32.0,92.0,1.0,7.0,204.0,25.0,154.0,25.57,screener
INDIAMART,Sep 2025,2025-09-30,quarter,391.0,275.0,116.0,30.0,10.0,1.0,7.0,119.0,30.0,83.0,13.78,screener
INDIAMART,Dec 2025,2025-12-31,quarter,402.0,282.0,120.0,30.0,135.0,1.0,7.0,247.0,24.0,188.0,31.34,screener
INDIAMART,Mar 2026,2026-03-31,quarter,404.0,284.0,120.0,30.0,-34.0,1.0,7.0,78.0,36.0,50.0,8.35,screener
INDIAMART,Jun 2026,2026-06-30,quarter,414.0,282.0,132.0,32.0,107.0,0.0,6.0,232.0,26.0,172.0,28.63,screener
INDIANB,Dec 2024,2024-12-31,quarter,15770.0,5102.0,,,2397.0,9345.0,0.0,3721.0,23.0,2910.0,21.6,screener
INDIANB,Mar 2025,2025-03-31,quarter,15860.0,5097.0,,,2935.0,9467.0,0.0,4230.0,30.0,2982.0,22.14,screener
INDIANB,Jun 2025,2025-06-30,quarter,16285.0,4880.0,,,1854.0,9924.0,0.0,3335.0,33.0,2277.0,16.9,screener
INDIANB,Sep 2025,2025-09-30,quarter,16628.0,5108.0,,,2643.0,10040.0,0.0,4123.0,26.0,3109.0,23.07,screener
INDIANB,Dec 2025,2025-12-31,quarter,17102.0,5492.0,,,2793.0,10203.0,0.0,4199.0,27.0,3148.0,23.36,screener
INDIANB,Mar 2026,2026-03-31,quarter,17488.0,5811.0,,,2773.0,10372.0,0.0,4078.0,24.0,3174.0,23.56,screener
INDIANB,Jun 2026,2026-06-30,quarter,18095.0,5946.0,,,2902.0,10657.0,0.0,4394.0,25.0,3357.0,24.92,screener
INDIANCARD,Dec 2024,2024-12-31,quarter,10.56,13.87,-3.31,-31.34,4.49,0.79,1.24,-0.85,-70.59,-0.25,-0.42,screener
INDIANCARD,Mar 2025,2025-03-31,quarter,10.22,13.84,-3.62,-35.42,25.92,0.73,1.32,20.25,13.68,17.48,29.42,screener
INDIANCARD,Jun 2025,2025-06-30,quarter,9.65,12.5,-2.85,-29.53,7.16,0.32,1.11,2.88,20.14,2.29,3.85,screener
INDIANCARD,Sep 2025,2025-09-30,quarter,10.73,14.08,-3.35,-31.22,11.38,0.25,1.15,6.63,18.25,5.41,9.11,screener
INDIANCARD,Dec 2025,2025-12-31,quarter,10.41,13.51,-3.1,-29.78,3.89,0.22,1.23,-0.66,-9.09,-0.61,-1.03,screener
INDIANCARD,Mar 2026,2026-03-31,quarter,11.24,15.16,-3.92,-34.88,1.46,0.17,1.22,-3.85,-12.21,-3.38,-5.69,screener
INDIASHLTR,Dec 2024,2024-12-31,quarter,304.0,85.0,,,0.0,92.0,3.0,124.0,23.0,96.0,8.92,screener
INDIASHLTR,Mar 2025,2025-03-31,quarter,327.0,83.0,,,0.0,102.0,3.0,140.0,23.0,108.0,10.02,screener
INDIASHLTR,Jun 2025,2025-06-30,quarter,361.0,97.0,,,0.0,106.0,3.0,155.0,23.0,119.0,11.07,screener
INDIASHLTR,Sep 2025,2025-09-30,quarter,369.0,98.0,,,0.0,110.0,3.0,158.0,23.0,122.0,11.26,screener
INDIASHLTR,Dec 2025,2025-12-31,quarter,390.0,113.0,,,0.0,114.0,3.0,160.0,22.0,124.0,11.42,screener
INDIASHLTR,Mar 2026,2026-03-31,quarter,408.0,110.0,,,0.0,115.0,3.0,180.0,24.0,138.0,12.65,screener
INDIGO,Dec 2024,2024-12-31,quarter,22111.0,16932.0,5179.0,23.0,882.0,1308.0,2226.0,2527.0,3.0,2449.0,63.38,screener
INDIGO,Mar 2025,2025-03-31,quarter,22152.0,16062.0,6089.0,27.0,946.0,1374.0,2491.0,3169.0,3.0,3068.0,79.38,screener
INDIGO,Jun 2025,2025-06-30,quarter,20496.0,15270.0,5226.0,26.0,1046.0,1396.0,2566.0,2311.0,6.0,2176.0,56.31,screener
INDIGO,Sep 2025,2025-09-30,quarter,18555.0,17976.0,580.0,3.0,1044.0,1465.0,2640.0,-2482.0,4.0,-2582.0,-66.79,screener
INDIGO,Dec 2025,2025-12-31,quarter,23472.0,18104.0,5367.0,23.0,-478.0,1545.0,2782.0,562.0,2.0,549.0,14.22,screener
INDIGO,Mar 2026,2026-03-31,quarter,22438.0,21628.0,810.0,4.0,1142.0,1485.0,2820.0,-2352.0,8.0,-2537.0,-65.6,screener
INDIGOPNTS,Dec 2024,2024-12-31,quarter,343.0,285.0,57.0,17.0,3.0,1.0,15.0,45.0,20.0,36.0,7.56,screener
INDIGOPNTS,Mar 2025,2025-03-31,quarter,388.0,300.0,87.0,23.0,6.0,2.0,13.0,79.0,27.0,57.0,11.95,screener
INDIGOPNTS,Jun 2025,2025-06-30,quarter,309.0,265.0,44.0,14.0,6.0,1.0,15.0,35.0,25.0,26.0,5.44,screener
INDIGOPNTS,Sep 2025,2025-09-30,quarter,312.0,266.0,47.0,15.0,3.0,1.0,15.0,34.0,25.0,25.0,5.27,screener
INDIGOPNTS,Dec 2025,2025-12-31,quarter,359.0,290.0,68.0,19.0,-2.0,1.0,15.0,50.0,26.0,37.0,7.63,screener
INDIGOPNTS,Mar 2026,2026-03-31,quarter,425.0,330.0,96.0,22.0,0.0,1.0,15.0,80.0,26.0,59.0,12.1,screener
INDNIPPON,Dec 2024,2024-12-31,quarter,215.0,189.0,26.0,12.0,2.0,0.0,6.0,21.0,25.0,16.0,7.06,screener
INDNIPPON,Mar 2025,2025-03-31,quarter,234.0,206.0,28.0,12.0,9.0,0.0,6.0,30.0,10.0,27.0,11.94,screener
INDNIPPON,Jun 2025,2025-06-30,quarter,225.0,202.0,23.0,10.0,12.0,0.0,4.0,30.0,24.0,23.0,10.26,screener
INDNIPPON,Sep 2025,2025-09-30,quarter,273.0,243.0,30.0,11.0,7.0,0.0,4.0,32.0,28.0,23.0,10.26,screener
INDNIPPON,Dec 2025,2025-12-31,quarter,272.0,242.0,29.0,11.0,9.0,0.0,4.0,33.0,25.0,25.0,11.02,screener
INDNIPPON,Mar 2026,2026-03-31,quarter,299.0,263.0,37.0,12.0,18.0,0.0,5.0,50.0,20.0,40.0,17.61,screener
INDOAMIN,Dec 2024,2024-12-31,quarter,259.0,234.0,24.0,9.0,2.0,6.0,4.0,17.0,33.0,11.0,1.56,screener
INDOAMIN,Mar 2025,2025-03-31,quarter,285.0,261.0,25.0,9.0,0.0,6.0,4.0,15.0,22.0,12.0,1.63,screener
INDOAMIN,Jun 2025,2025-06-30,quarter,288.0,256.0,31.0,11.0,16.0,6.0,5.0,36.0,19.0,29.0,3.97,screener
INDOAMIN,Sep 2025,2025-09-30,quarter,277.0,245.0,32.0,12.0,5.0,6.0,5.0,26.0,29.0,18.0,2.49,screener
INDOAMIN,Dec 2025,2025-12-31,quarter,277.0,252.0,25.0,9.0,2.0,6.0,5.0,16.0,27.0,12.0,1.64,screener
INDOAMIN,Mar 2026,2026-03-31,quarter,318.0,283.0,34.0,11.0,6.0,6.0,6.0,29.0,28.0,21.0,2.83,screener
INDOBORAX,Dec 2024,2024-12-31,quarter,38.0,27.0,10.0,27.0,4.0,0.0,1.0,14.0,34.0,9.0,2.83,screener
INDOBORAX,Mar 2025,2025-03-31,quarter,50.0,40.0,10.0,20.0,4.0,0.0,1.0,13.0,20.0,10.0,3.19,screener
INDOBORAX,Jun 2025,2025-06-30,quarter,54.0,41.0,12.0,23.0,3.0,0.0,1.0,14.0,29.0,10.0,3.18,screener
INDOBORAX,Sep 2025,2025-09-30,quarter,58.0,47.0,10.0,18.0,13.0,0.0,1.0,23.0,28.0,16.0,5.07,screener
INDOBORAX,Dec 2025,2025-12-31,quarter,41.0,32.0,9.0,21.0,4.0,0.0,1.0,12.0,24.0,9.0,2.89,screener
INDOBORAX,Mar 2026,2026-03-31,quarter,63.0,50.0,13.0,20.0,5.0,0.0,1.0,17.0,17.0,15.0,4.53,screener
INDOCO,Dec 2024,2024-12-31,quarter,411.0,399.0,12.0,3.0,2.0,16.0,29.0,-31.0,-8.0,-28.0,-2.86,screener
INDOCO,Mar 2025,2025-03-31,quarter,390.0,391.0,-1.0,0.0,2.0,18.0,29.0,-46.0,-9.0,-41.0,-4.38,screener
INDOCO,Jun 2025,2025-06-30,quarter,440.0,422.0,18.0,4.0,2.0,26.0,30.0,-37.0,-1.0,-36.0,-3.88,screener
INDOCO,Sep 2025,2025-09-30,quarter,485.0,442.0,43.0,9.0,0.0,25.0,32.0,-14.0,-32.0,-9.0,-0.86,screener
INDOCO,Dec 2025,2025-12-31,quarter,445.0,414.0,32.0,7.0,-5.0,26.0,32.0,-31.0,-6.0,-29.0,-3.23,screener
INDOCO,Mar 2026,2026-03-31,quarter,476.0,426.0,50.0,10.0,4.0,46.0,32.0,-25.0,-5.0,-24.0,-2.34,screener
INDOFARM,Dec 2024,2024-12-31,quarter,96.17,81.34,14.83,15.42,0.14,6.53,2.75,5.69,30.05,3.98,1.01,screener
INDOFARM,Mar 2025,2025-03-31,quarter,129.97,111.54,18.43,14.18,1.61,5.16,3.0,11.88,-13.8,13.51,2.81,screener
INDOFARM,Jun 2025,2025-06-30,quarter,96.26,83.09,13.17,13.68,1.75,4.41,2.99,7.52,27.66,5.43,1.13,screener
INDOFARM,Sep 2025,2025-09-30,quarter,103.89,91.13,12.76,12.28,1.86,4.41,3.04,7.17,30.4,4.98,1.04,screener
INDOFARM,Dec 2025,2025-12-31,quarter,105.87,92.35,13.52,12.77,1.76,4.38,3.04,7.86,29.26,5.56,1.16,screener
INDOFARM,Mar 2026,2026-03-31,quarter,133.99,115.37,18.62,13.9,1.17,4.25,3.18,12.36,29.53,8.72,1.81,screener
INDOSTAR,Dec 2024,2024-12-31,quarter,373.0,162.0,,,17.0,193.0,7.0,28.0,0.0,28.0,2.04,screener
INDOSTAR,Mar 2025,2025-03-31,quarter,373.0,161.0,,,26.0,193.0,8.0,36.0,0.0,36.0,2.66,screener
INDOSTAR,Jun 2025,2025-06-30,quarter,344.0,622.0,,,1186.0,185.0,7.0,715.0,24.0,546.0,39.92,screener
INDOSTAR,Sep 2025,2025-09-30,quarter,357.0,172.0,,,0.0,167.0,8.0,11.0,0.0,10.0,0.77,screener
INDOSTAR,Dec 2025,2025-12-31,quarter,346.0,193.0,,,0.0,137.0,8.0,8.0,0.0,8.0,0.51,screener
INDOSTAR,Mar 2026,2026-03-31,quarter,347.0,633.0,,,0.0,132.0,6.0,-424.0,0.0,-424.0,-26.24,screener
INDOTHAI,Dec 2024,2024-12-31,quarter,6.0,4.0,2.0,30.0,0.0,0.0,0.0,1.0,21.0,1.0,0.09,screener
INDOTHAI,Mar 2025,2025-03-31,quarter,6.0,8.0,-2.0,-34.0,0.0,0.0,0.0,-2.0,9.0,-3.0,-0.22,screener
INDOTHAI,Jun 2025,2025-06-30,quarter,14.0,4.0,10.0,72.0,0.0,0.0,0.0,10.0,12.0,9.0,0.72,screener
INDOTHAI,Sep 2025,2025-09-30,quarter,24.0,4.0,20.0,84.0,0.0,0.0,0.0,19.0,26.0,14.0,1.19,screener
INDOTHAI,Dec 2025,2025-12-31,quarter,28.0,4.0,23.0,84.0,0.0,1.0,0.0,23.0,25.0,17.0,1.33,screener
INDOTHAI,Mar 2026,2026-03-31,quarter,38.0,6.0,33.0,85.0,0.0,1.0,0.0,31.0,17.0,26.0,4.78,screener
INDOWIND,Dec 2024,2024-12-31,quarter,5.56,4.8,0.76,13.67,0.34,0.42,0.74,-0.06,0.0,-0.07,0.0,screener
INDOWIND,Mar 2025,2025-03-31,quarter,6.63,6.92,-0.29,-4.37,0.0,0.53,1.09,-1.91,127.23,-4.34,-0.27,screener
INDOWIND,Jun 2025,2025-06-30,quarter,11.55,6.34,5.21,45.11,0.0,0.27,2.42,2.52,-2.38,2.57,0.14,screener
INDOWIND,Sep 2025,2025-09-30,quarter,17.55,7.22,10.33,58.86,0.19,2.38,3.61,4.53,-1.1,4.57,0.29,screener
INDOWIND,Dec 2025,2025-12-31,quarter,6.19,6.61,-0.42,-6.79,1.67,0.18,0.84,0.23,-56.52,0.36,0.03,screener
INDOWIND,Mar 2026,2026-03-31,quarter,5.27,7.33,-2.06,-39.09,-2.44,0.1,1.33,-5.93,26.64,-7.51,-0.46,screener
INDOWIND,Jun 2026,2026-06-30,quarter,8.44,3.96,4.48,53.08,0.0,0.29,2.4,1.79,-17.32,2.1,0.12,screener
INDSWFTLAB,Dec 2024,2024-12-31,quarter,129.0,135.0,-7.0,-5.0,16.0,10.0,6.0,-7.0,-16.0,-5.0,-0.93,screener
INDSWFTLAB,Mar 2025,2025-03-31,quarter,138.0,147.0,-9.0,-7.0,220.0,-27.0,7.0,230.0,4.0,222.0,36.67,screener
INDSWFTLAB,Jun 2025,2025-06-30,quarter,153.0,149.0,4.0,2.0,15.0,1.0,7.0,10.0,17.0,9.0,1.45,screener
INDSWFTLAB,Sep 2025,2025-09-30,quarter,153.0,151.0,1.0,1.0,18.0,2.0,7.0,10.0,22.0,8.0,0.98,screener
INDSWFTLAB,Dec 2025,2025-12-31,quarter,151.0,147.0,4.0,3.0,22.0,1.0,9.0,16.0,42.0,10.0,1.17,screener
INDSWFTLAB,Mar 2026,2026-03-31,quarter,170.0,149.0,21.0,12.0,-3.0,-2.0,8.0,12.0,-26.0,15.0,1.74,screener
INDUSINDBK,Dec 2024,2024-12-31,quarter,12801.0,5726.0,,,2355.0,7573.0,0.0,1857.0,24.0,1402.0,18.0,screener
INDUSINDBK,Mar 2025,2025-03-31,quarter,10634.0,6770.0,,,709.0,7586.0,0.0,-3013.0,-23.0,-2329.0,-29.89,screener
INDUSINDBK,Jun 2025,2025-06-30,quarter,12264.0,5989.0,,,2157.0,7624.0,0.0,807.0,25.0,604.0,7.75,screener
INDUSINDBK,Sep 2025,2025-09-30,quarter,11609.0,6644.0,,,1651.0,7199.0,0.0,-584.0,-25.0,-437.0,-5.61,screener
INDUSINDBK,Dec 2025,2025-12-31,quarter,11373.0,6095.0,,,1707.0,6811.0,0.0,174.0,26.0,128.0,1.64,screener
INDUSINDBK,Mar 2026,2026-03-31,quarter,11005.0,5272.0,,,1714.0,6634.0,0.0,813.0,27.0,594.0,7.63,screener
INDUSINDBK,Jun 2026,2026-06-30,quarter,11310.0,5082.0,,,1787.0,6625.0,0.0,1389.0,25.0,1037.0,13.31,screener
INDUSTOWER,Dec 2024,2024-12-31,quarter,7547.0,589.0,6958.0,92.0,84.0,255.0,1568.0,5219.0,23.0,4003.0,15.17,screener
INDUSTOWER,Mar 2025,2025-03-31,quarter,7727.0,3332.0,4395.0,57.0,92.0,431.0,1693.0,2363.0,25.0,1779.0,6.74,screener
INDUSTOWER,Jun 2025,2025-06-30,quarter,8058.0,3668.0,4390.0,54.0,85.0,437.0,1704.0,2334.0,26.0,1737.0,6.58,screener
INDUSTOWER,Sep 2025,2025-09-30,quarter,8188.0,3616.0,4572.0,56.0,83.0,376.0,1801.0,2478.0,26.0,1839.0,6.97,screener
INDUSTOWER,Dec 2025,2025-12-31,quarter,8146.0,3678.0,4468.0,55.0,154.0,404.0,1798.0,2420.0,27.0,1776.0,6.73,screener
INDUSTOWER,Mar 2026,2026-03-31,quarter,8101.0,3677.0,4424.0,55.0,155.0,376.0,1838.0,2365.0,24.0,1793.0,6.8,screener
INDUSTOWER,Jun 2026,2026-06-30,quarter,8431.0,3953.0,4478.0,53.0,121.0,358.0,1894.0,2347.0,26.0,1746.0,6.62,screener
INFOBEAN,Dec 2024,2024-12-31,quarter,96.0,82.0,14.0,15.0,3.0,1.0,7.0,10.0,32.0,7.0,0.72,screener
INFOBEAN,Mar 2025,2025-03-31,quarter,103.0,84.0,19.0,19.0,3.0,0.0,7.0,15.0,30.0,10.0,1.08,screener
INFOBEAN,Jun 2025,2025-06-30,quarter,112.0,89.0,23.0,21.0,12.0,0.0,6.0,29.0,19.0,23.0,2.4,screener
INFOBEAN,Sep 2025,2025-09-30,quarter,125.0,94.0,31.0,25.0,4.0,0.0,6.0,29.0,21.0,23.0,2.33,screener
INFOBEAN,Dec 2025,2025-12-31,quarter,134.0,105.0,30.0,22.0,4.0,0.0,6.0,27.0,29.0,19.0,1.99,screener
INFOBEAN,Mar 2026,2026-03-31,quarter,142.0,114.0,28.0,20.0,5.0,0.0,6.0,27.0,22.0,21.0,2.21,screener
INFOBEAN,Jun 2026,2026-06-30,quarter,153.0,121.0,31.0,21.0,4.0,0.0,6.0,29.0,26.0,22.0,2.23,screener
INFY,Dec 2024,2024-12-31,quarter,41764.0,31649.0,10115.0,24.0,859.0,101.0,1203.0,9670.0,29.0,6822.0,16.39,screener
INFY,Mar 2025,2025-03-31,quarter,40925.0,31051.0,9874.0,24.0,1190.0,102.0,1299.0,9663.0,27.0,7038.0,16.93,screener
INFY,Jun 2025,2025-06-30,quarter,42279.0,32336.0,9943.0,24.0,1042.0,105.0,1140.0,9740.0,29.0,6924.0,16.66,screener
INFY,Sep 2025,2025-09-30,quarter,44490.0,33955.0,10535.0,24.0,982.0,106.0,1182.0,10229.0,28.0,7375.0,17.73,screener
INFY,Dec 2025,2025-12-31,quarter,45479.0,34845.0,10634.0,23.0,-150.0,100.0,1155.0,9229.0,28.0,6666.0,16.41,screener
INFY,Mar 2026,2026-03-31,quarter,46402.0,35235.0,11167.0,24.0,1159.0,105.0,1424.0,10797.0,21.0,8509.0,20.96,screener
INNOVACAP,Dec 2024,2024-12-31,quarter,316.0,270.0,47.0,15.0,4.0,0.0,5.0,46.0,25.0,34.0,5.98,screener
INNOVACAP,Mar 2025,2025-03-31,quarter,315.0,267.0,48.0,15.0,3.0,2.0,10.0,39.0,25.0,30.0,5.17,screener
INNOVACAP,Jun 2025,2025-06-30,quarter,352.0,299.0,52.0,15.0,4.0,3.0,11.0,43.0,27.0,31.0,5.42,screener
INNOVACAP,Sep 2025,2025-09-30,quarter,380.0,329.0,52.0,14.0,4.0,6.0,11.0,39.0,24.0,30.0,5.18,screener
INNOVACAP,Dec 2025,2025-12-31,quarter,450.0,381.0,69.0,15.0,2.0,4.0,11.0,56.0,24.0,42.0,7.37,screener
INNOVACAP,Mar 2026,2026-03-31,quarter,448.0,383.0,65.0,15.0,2.0,5.0,11.0,51.0,25.0,38.0,6.65,screener
INNOVISION,Dec 2024,2024-12-31,quarter,228.0,221.0,8.0,3.0,1.0,2.0,1.0,5.0,42.0,3.0,1.65,screener
INNOVISION,Mar 2025,2025-03-31,quarter,252.0,232.0,20.0,8.0,1.0,4.0,1.0,16.0,33.0,11.0,5.84,screener
INNOVISION,Sep 2025,2025-09-30,quarter,257.0,246.0,11.0,4.0,2.0,3.0,1.0,10.0,22.0,8.0,4.16,screener
INNOVISION,Dec 2025,2025-12-31,quarter,233.0,223.0,11.0,5.0,1.0,4.0,1.0,8.0,46.0,4.0,2.37,screener
INNOVISION,Mar 2026,2026-03-31,quarter,268.0,250.0,17.0,6.0,1.0,4.0,1.0,14.0,16.0,12.0,5.01,screener
INOXGREEN,Dec 2024,2024-12-31,quarter,61.0,46.0,16.0,26.0,12.0,4.0,13.0,10.0,50.0,5.0,0.11,screener
INOXGREEN,Mar 2025,2025-03-31,quarter,65.0,68.0,-3.0,-5.0,19.0,4.0,0.0,11.0,43.0,6.0,0.15,screener
INOXGREEN,Jun 2025,2025-06-30,quarter,56.0,50.0,6.0,11.0,42.0,4.0,11.0,33.0,32.0,22.0,0.6,screener
INOXGREEN,Sep 2025,2025-09-30,quarter,86.0,77.0,9.0,10.0,44.0,1.0,10.0,41.0,31.0,28.0,0.76,screener
INOXGREEN,Dec 2025,2025-12-31,quarter,78.0,59.0,19.0,24.0,23.0,2.0,0.0,39.0,37.0,25.0,0.66,screener
INOXGREEN,Mar 2026,2026-03-31,quarter,69.0,71.0,-3.0,-4.0,50.0,2.0,0.0,45.0,38.0,28.0,0.69,screener
INOXINDIA,Dec 2024,2024-12-31,quarter,334.0,265.0,69.0,21.0,16.0,2.0,6.0,76.0,23.0,58.0,6.43,screener
INOXINDIA,Mar 2025,2025-03-31,quarter,369.0,288.0,81.0,22.0,14.0,1.0,7.0,86.0,24.0,66.0,7.22,screener
INOXINDIA,Jun 2025,2025-06-30,quarter,340.0,263.0,76.0,22.0,13.0,1.0,8.0,81.0,24.0,61.0,6.73,screener
INOXINDIA,Sep 2025,2025-09-30,quarter,358.0,280.0,78.0,22.0,13.0,2.0,8.0,81.0,25.0,61.0,6.7,screener
INOXINDIA,Dec 2025,2025-12-31,quarter,429.0,335.0,94.0,22.0,-1.0,3.0,9.0,80.0,24.0,61.0,6.69,screener
INOXINDIA,Mar 2026,2026-03-31,quarter,461.0,366.0,95.0,21.0,18.0,4.0,9.0,100.0,25.0,75.0,8.29,screener
INOXWIND,Dec 2024,2024-12-31,quarter,911.0,707.0,204.0,22.0,68.0,34.0,47.0,190.0,42.0,110.0,0.84,screener
INOXWIND,Mar 2025,2025-03-31,quarter,1275.0,1021.0,254.0,20.0,36.0,35.0,48.0,208.0,8.0,190.0,1.35,screener
INOXWIND,Jun 2025,2025-06-30,quarter,826.0,643.0,184.0,22.0,36.0,34.0,49.0,138.0,29.0,97.0,0.61,screener
INOXWIND,Sep 2025,2025-09-30,quarter,1119.0,891.0,228.0,20.0,43.0,51.0,51.0,169.0,29.0,121.0,0.53,screener
INOXWIND,Dec 2025,2025-12-31,quarter,1207.0,926.0,282.0,23.0,31.0,50.0,53.0,209.0,40.0,127.0,0.68,screener
INOXWIND,Mar 2026,2026-03-31,quarter,1244.0,1045.0,200.0,16.0,61.0,65.0,52.0,144.0,27.0,106.0,0.53,screener
INOXWIND,Jun 2026,2026-06-30,quarter,814.0,662.0,152.0,19.0,58.0,57.0,59.0,95.0,32.0,64.0,0.25,screener
INTELLECT,Dec 2024,2024-12-31,quarter,610.0,491.0,119.0,19.0,16.0,1.0,40.0,94.0,24.0,71.0,5.06,screener
INTELLECT,Mar 2025,2025-03-31,quarter,726.0,524.0,202.0,28.0,23.0,1.0,41.0,182.0,25.0,136.0,9.75,screener
INTELLECT,Jun 2025,2025-06-30,quarter,702.0,560.0,142.0,20.0,33.0,1.0,48.0,125.0,25.0,94.0,6.8,screener
INTELLECT,Sep 2025,2025-09-30,quarter,758.0,605.0,153.0,20.0,32.0,1.0,49.0,136.0,25.0,102.0,7.35,screener
INTELLECT,Dec 2025,2025-12-31,quarter,731.0,631.0,100.0,14.0,-9.0,1.0,53.0,37.0,26.0,27.0,2.04,screener
INTELLECT,Mar 2026,2026-03-31,quarter,847.0,664.0,183.0,22.0,40.0,2.0,59.0,162.0,26.0,120.0,8.61,screener
IOB,Mar 2025,2025-03-31,quarter,7635.0,3152.0,,,1581.0,4510.0,0.0,1554.0,32.0,1092.0,0.57,screener
IOB,Jun 2025,2025-06-30,quarter,7387.0,2714.0,,,1480.0,4639.0,0.0,1515.0,27.0,1178.0,0.61,screener
IOB,Sep 2025,2025-09-30,quarter,7851.0,2698.0,,,1365.0,4790.0,0.0,1729.0,29.0,1259.0,0.65,screener
IOB,Dec 2025,2025-12-31,quarter,8172.0,3430.0,,,1499.0,4874.0,0.0,1367.0,0.0,1427.0,0.74,screener
IOB,Mar 2026,2026-03-31,quarter,8489.0,3102.0,,,1291.0,5019.0,0.0,1659.0,9.0,1556.0,0.81,screener
IOB,Jun 2026,2026-06-30,quarter,8778.0,3989.0,,,2160.0,5090.0,0.0,1859.0,11.0,1716.0,0.89,screener
IOC,Dec 2024,2024-12-31,quarter,194014.0,186442.0,7573.0,3.9,1936.0,2458.0,4284.0,2766.0,22.0,2147.0,1.5,screener
IOC,Mar 2025,2025-03-31,quarter,195270.0,180241.0,15029.0,8.0,1519.0,2178.0,4325.0,10045.0,17.0,8368.0,5.75,screener
IOC,Jun 2025,2025-06-30,quarter,192341.0,179073.0,13267.0,7.0,1732.0,2070.0,4179.0,8750.0,22.0,6808.0,4.83,screener
IOC,Sep 2025,2025-09-30,quarter,178628.0,162383.0,16245.0,9.0,1356.0,2270.0,4227.0,11104.0,26.0,8191.0,5.54,screener
IOC,Dec 2025,2025-12-31,quarter,205157.0,182412.0,22745.0,11.0,1627.0,2088.0,4457.0,17827.0,24.0,13502.0,9.21,screener
IOC,Mar 2026,2026-03-31,quarter,208289.0,183485.0,24804.0,12.0,2424.0,1880.0,5557.0,19791.0,23.0,15176.0,10.24,screener
IOLCP,Dec 2024,2024-12-31,quarter,523.0,476.0,47.0,9.0,4.0,4.0,19.0,28.0,26.0,21.0,0.7,screener
IOLCP,Mar 2025,2025-03-31,quarter,528.0,465.0,63.0,12.0,5.0,4.0,19.0,45.0,30.0,31.0,1.07,screener
IOLCP,Jun 2025,2025-06-30,quarter,552.0,490.0,62.0,11.0,7.0,4.0,20.0,46.0,25.0,34.0,1.16,screener
IOLCP,Sep 2025,2025-09-30,quarter,568.0,510.0,57.0,10.0,7.0,3.0,20.0,40.0,26.0,30.0,1.02,screener
IOLCP,Dec 2025,2025-12-31,quarter,580.0,523.0,57.0,10.0,-6.0,4.0,20.0,28.0,25.0,21.0,0.7,screener
IOLCP,Mar 2026,2026-03-31,quarter,619.0,527.0,92.0,15.0,2.0,3.0,20.0,71.0,25.0,53.0,1.81,screener
IONEXCHANG,Dec 2024,2024-12-31,quarter,691.0,615.0,75.0,11.0,9.0,3.0,11.0,70.0,29.0,50.0,3.31,screener
IONEXCHANG,Mar 2025,2025-03-31,quarter,835.0,749.0,86.0,10.0,15.0,4.0,12.0,85.0,26.0,63.0,4.32,screener
IONEXCHANG,Jun 2025,2025-06-30,quarter,583.0,521.0,63.0,11.0,18.0,3.0,12.0,66.0,27.0,48.0,3.32,screener
IONEXCHANG,Sep 2025,2025-09-30,quarter,734.0,665.0,68.0,9.0,15.0,3.0,12.0,68.0,26.0,50.0,3.38,screener
IONEXCHANG,Dec 2025,2025-12-31,quarter,734.0,675.0,59.0,8.0,-4.0,8.0,19.0,29.0,28.0,21.0,1.38,screener
IONEXCHANG,Mar 2026,2026-03-31,quarter,863.0,844.0,20.0,2.0,43.0,11.0,20.0,32.0,25.0,24.0,1.65,screener
IPCALAB,Dec 2024,2024-12-31,quarter,2245.0,1782.0,463.0,21.0,20.0,17.0,98.0,368.0,25.0,276.0,9.78,screener
IPCALAB,Mar 2025,2025-03-31,quarter,2247.0,1818.0,429.0,19.0,-179.0,22.0,100.0,128.0,49.0,64.0,2.67,screener
IPCALAB,Jun 2025,2025-06-30,quarter,2309.0,1892.0,416.0,18.0,33.0,19.0,100.0,331.0,29.0,233.0,9.19,screener
IPCALAB,Sep 2025,2025-09-30,quarter,2556.0,2012.0,545.0,21.0,-30.0,20.0,103.0,392.0,28.0,281.0,11.14,screener
IPCALAB,Dec 2025,2025-12-31,quarter,2392.0,1859.0,533.0,22.0,38.0,18.0,108.0,446.0,18.0,364.0,12.86,screener
IPCALAB,Mar 2026,2026-03-31,quarter,2388.0,1905.0,484.0,20.0,48.0,20.0,107.0,404.0,24.0,307.0,11.79,screener
IPCALAB,Jun 2026,2026-06-30,quarter,2788.0,2119.0,670.0,24.0,25.0,12.0,111.0,572.0,26.0,424.0,15.84,screener
IPL,Dec 2024,2024-12-31,quarter,172.0,146.0,27.0,15.0,3.0,1.0,5.0,23.0,31.0,16.0,1.4,screener
IPL,Mar 2025,2025-03-31,quarter,207.0,176.0,32.0,15.0,3.0,1.0,5.0,29.0,25.0,22.0,1.89,screener
IPL,Jun 2025,2025-06-30,quarter,275.0,230.0,45.0,16.0,9.0,2.0,5.0,47.0,26.0,35.0,3.03,screener
IPL,Sep 2025,2025-09-30,quarter,290.0,242.0,49.0,17.0,5.0,1.0,5.0,47.0,33.0,32.0,2.74,screener
IPL,Dec 2025,2025-12-31,quarter,225.0,188.0,38.0,17.0,3.0,1.0,6.0,34.0,33.0,23.0,1.97,screener
IPL,Mar 2026,2026-03-31,quarter,266.0,225.0,42.0,16.0,4.0,3.0,5.0,38.0,19.0,31.0,2.66,screener
IPL,Jun 2026,2026-06-30,quarter,252.0,216.0,35.0,14.0,4.0,3.0,6.0,31.0,26.0,23.0,1.97,screener
IRB,Mar 2025,2025-03-31,quarter,2149.0,1151.0,998.0,46.0,69.0,458.0,286.0,323.0,33.0,215.0,0.18,screener
IRB,Jun 2025,2025-06-30,quarter,2099.0,1147.0,952.0,45.0,66.0,462.0,269.0,286.0,29.0,202.0,0.17,screener
IRB,Sep 2025,2025-09-30,quarter,1751.0,826.0,925.0,53.0,49.0,451.0,262.0,261.0,46.0,141.0,0.12,screener
IRB,Dec 2025,2025-12-31,quarter,1871.0,849.0,1022.0,55.0,-2.0,436.0,289.0,295.0,29.0,211.0,0.17,screener
IRB,Mar 2026,2026-03-31,quarter,1927.0,844.0,1083.0,56.0,50.0,406.0,321.0,406.0,27.0,296.0,0.25,screener
IRB,Jun 2026,2026-06-30,quarter,2137.0,985.0,1153.0,54.0,35.0,438.0,333.0,417.0,26.0,306.0,0.25,screener
IRCON,Dec 2024,2024-12-31,quarter,2613.0,2481.0,132.0,5.0,86.0,56.0,31.0,132.0,35.0,86.0,0.92,screener
IRCON,Mar 2025,2025-03-31,quarter,3412.0,3158.0,254.0,7.0,103.0,62.0,32.0,263.0,19.0,212.0,2.24,screener
IRCON,Jun 2025,2025-06-30,quarter,1786.0,1586.0,200.0,11.0,124.0,75.0,37.0,212.0,22.0,164.0,1.75,screener
IRCON,Sep 2025,2025-09-30,quarter,1977.0,1836.0,141.0,7.0,156.0,85.0,40.0,172.0,21.0,137.0,1.47,screener
IRCON,Dec 2025,2025-12-31,quarter,2119.0,1961.0,158.0,7.0,112.0,93.0,42.0,135.0,26.0,100.0,1.07,screener
IRCON,Mar 2026,2026-03-31,quarter,3189.0,2922.0,267.0,8.0,122.0,97.0,44.0,248.0,23.0,191.0,2.04,screener
IRCTC,Dec 2024,2024-12-31,quarter,1225.0,808.0,417.0,34.0,57.0,3.0,13.0,457.0,25.0,341.0,4.26,screener
IRCTC,Mar 2025,2025-03-31,quarter,1269.0,883.0,385.0,30.0,107.0,8.0,12.0,472.0,24.0,358.0,4.48,screener
IRCTC,Jun 2025,2025-06-30,quarter,1160.0,762.0,397.0,34.0,61.0,4.0,12.0,442.0,25.0,331.0,4.13,screener
IRCTC,Sep 2025,2025-09-30,quarter,1146.0,742.0,404.0,35.0,69.0,4.0,11.0,457.0,25.0,342.0,4.28,screener
IRCTC,Dec 2025,2025-12-31,quarter,1449.0,984.0,465.0,32.0,81.0,5.0,12.0,529.0,25.0,394.0,4.93,screener
IRCTC,Mar 2026,2026-03-31,quarter,1460.0,1061.0,399.0,27.0,67.0,5.0,14.0,447.0,27.0,326.0,4.08,screener
IRCTC,Jun 2026,2026-06-30,quarter,1370.0,983.0,387.0,28.0,72.0,4.0,12.0,442.0,25.0,330.0,4.13,screener
IREDA,Dec 2024,2024-12-31,quarter,1698.0,119.0,,,1.0,1032.0,10.0,538.0,21.0,425.0,1.58,screener
IREDA,Mar 2025,2025-03-31,quarter,1905.0,171.0,,,11.0,1104.0,11.0,630.0,20.0,502.0,1.87,screener
IREDA,Jun 2025,2025-06-30,quarter,1948.0,427.0,,,12.0,1218.0,10.0,305.0,19.0,247.0,0.88,screener
IREDA,Sep 2025,2025-09-30,quarter,2057.0,138.0,,,1.0,1213.0,10.0,696.0,21.0,549.0,1.96,screener
IREDA,Dec 2025,2025-12-31,quarter,2130.0,179.0,,,10.0,1233.0,11.0,717.0,18.0,585.0,2.08,screener
IREDA,Mar 2026,2026-03-31,quarter,2175.0,309.0,,,6.0,1241.0,13.0,619.0,20.0,493.0,1.75,screener
IREDA,Jun 2026,2026-06-30,quarter,2249.0,486.0,,,1.0,1341.0,10.0,414.0,18.0,339.0,1.21,screener
IRIS,Dec 2024,2024-12-31,quarter,32.83,27.63,5.2,15.84,0.49,0.19,0.52,4.98,27.91,3.59,1.77,screener
IRIS,Mar 2025,2025-03-31,quarter,29.74,24.23,5.51,18.53,0.32,0.2,0.45,5.18,44.4,2.88,1.37,screener
IRIS,Jun 2025,2025-06-30,quarter,25.19,24.94,0.25,0.99,1.05,0.16,0.5,0.64,65.62,0.23,0.09,screener
IRIS,Sep 2025,2025-09-30,quarter,28.56,28.42,0.14,0.49,117.55,0.08,0.51,117.1,0.22,116.85,56.84,screener
IRIS,Dec 2025,2025-12-31,quarter,35.59,30.99,4.6,12.92,3.28,0.21,0.54,7.13,25.53,5.31,2.58,screener
IRIS,Mar 2026,2026-03-31,quarter,39.15,33.8,5.35,13.67,-0.04,0.11,0.54,4.66,10.94,4.15,2.02,screener
IRMENERGY,Dec 2024,2024-12-31,quarter,251.0,229.0,22.0,9.0,7.0,5.0,8.0,16.0,32.0,10.0,2.46,screener
IRMENERGY,Mar 2025,2025-03-31,quarter,268.0,251.0,17.0,6.0,9.0,6.0,10.0,11.0,57.0,4.0,1.07,screener
IRMENERGY,Jun 2025,2025-06-30,quarter,262.0,237.0,26.0,10.0,8.0,4.0,11.0,20.0,27.0,14.0,3.39,screener
IRMENERGY,Sep 2025,2025-09-30,quarter,259.0,233.0,27.0,10.0,6.0,3.0,10.0,19.0,25.0,13.0,3.06,screener
IRMENERGY,Dec 2025,2025-12-31,quarter,265.0,235.0,30.0,11.0,6.0,3.0,11.0,22.0,32.0,14.0,3.4,screener
IRMENERGY,Mar 2026,2026-03-31,quarter,280.0,250.0,30.0,11.0,5.0,6.0,12.0,18.0,25.0,13.0,3.11,screener
ISGEC,Dec 2024,2024-12-31,quarter,1495.0,1364.0,132.0,9.0,-31.0,8.0,40.0,52.0,56.0,23.0,2.73,screener
ISGEC,Mar 2025,2025-03-31,quarter,1744.0,1592.0,152.0,9.0,3.0,13.0,12.0,130.0,24.0,98.0,12.4,screener
ISGEC,Jun 2025,2025-06-30,quarter,1341.0,1221.0,120.0,9.0,12.0,16.0,26.0,90.0,35.0,59.0,7.11,screener
ISGEC,Sep 2025,2025-09-30,quarter,1691.0,1544.0,147.0,9.0,-7.0,19.0,27.0,94.0,40.0,56.0,5.98,screener
ISGEC,Dec 2025,2025-12-31,quarter,1739.0,1545.0,194.0,11.0,-26.0,17.0,28.0,123.0,31.0,84.0,9.49,screener
ISGEC,Mar 2026,2026-03-31,quarter,2048.0,1892.0,156.0,8.0,63.0,20.0,68.0,131.0,35.0,85.0,9.96,screener
ITC,Dec 2024,2024-12-31,quarter,18790.0,12428.0,6362.0,34.0,803.0,10.0,416.0,6740.0,26.0,5013.0,3.94,screener
ITC,Mar 2025,2025-03-31,quarter,18765.0,12246.0,6519.0,35.0,15391.0,11.0,411.0,21489.0,8.0,19808.0,15.76,screener
ITC,Jun 2025,2025-06-30,quarter,21495.0,14678.0,6816.0,32.0,751.0,16.0,423.0,7128.0,25.0,5343.0,4.19,screener
ITC,Sep 2025,2025-09-30,quarter,19502.0,12807.0,6695.0,34.0,739.0,20.0,435.0,6979.0,26.0,5187.0,4.09,screener
ITC,Dec 2025,2025-12-31,quarter,20047.0,13165.0,6883.0,34.0,322.0,19.0,431.0,6754.0,26.0,5018.0,3.94,screener
ITC,Mar 2026,2026-03-31,quarter,17825.0,10900.0,6924.0,39.0,700.0,29.0,422.0,7173.0,24.0,5470.0,4.3,screener
ITC,Jun 2026,2026-06-30,quarter,19114.0,13934.0,5181.0,27.0,1148.0,40.0,428.0,5861.0,23.0,4509.0,3.51,screener
ITCHOTELS,Dec 2024,2024-12-31,quarter,1015.0,635.0,381.0,37.0,19.0,2.0,104.0,294.0,27.0,216.0,,screener
ITCHOTELS,Mar 2025,2025-03-31,quarter,1061.0,648.0,412.0,39.0,43.0,2.0,100.0,354.0,27.0,258.0,1.23,screener
ITCHOTELS,Jun 2025,2025-06-30,quarter,816.0,571.0,245.0,30.0,48.0,2.0,102.0,189.0,29.0,134.0,0.64,screener
ITCHOTELS,Sep 2025,2025-09-30,quarter,839.0,594.0,246.0,29.0,49.0,2.0,104.0,189.0,29.0,133.0,0.64,screener
ITCHOTELS,Dec 2025,2025-12-31,quarter,1231.0,764.0,467.0,38.0,-34.0,2.0,104.0,327.0,28.0,237.0,1.13,screener
ITCHOTELS,Mar 2026,2026-03-31,quarter,1254.0,787.0,466.0,37.0,60.0,2.0,106.0,418.0,24.0,317.0,1.52,screener
ITCHOTELS,Jun 2026,2026-06-30,quarter,936.0,644.0,292.0,31.0,62.0,2.0,104.0,248.0,27.0,182.0,0.87,screener
ITDC,Dec 2024,2024-12-31,quarter,144.0,118.0,25.0,18.0,7.0,0.0,2.0,30.0,31.0,21.0,2.42,screener
ITDC,Mar 2025,2025-03-31,quarter,200.0,168.0,32.0,16.0,4.0,0.0,2.0,35.0,28.0,25.0,2.93,screener
ITDC,Jun 2025,2025-06-30,quarter,88.0,79.0,9.0,10.0,6.0,0.0,2.0,12.0,21.0,10.0,1.15,screener
ITDC,Sep 2025,2025-09-30,quarter,118.0,99.0,19.0,16.0,6.0,0.0,2.0,23.0,30.0,16.0,1.92,screener
ITDC,Dec 2025,2025-12-31,quarter,185.0,152.0,33.0,18.0,8.0,0.0,2.0,38.0,27.0,28.0,3.27,screener
ITDC,Mar 2026,2026-03-31,quarter,142.0,112.0,30.0,21.0,10.0,1.0,2.0,38.0,25.0,28.0,3.3,screener
ITI,Dec 2024,2024-12-31,quarter,1035.0,1045.0,-11.0,-1.0,38.0,64.0,13.0,-49.0,0.0,-49.0,-0.51,screener
ITI,Mar 2025,2025-03-31,quarter,1046.0,1074.0,-28.0,-3.0,98.0,45.0,29.0,-4.0,0.0,-4.0,-0.05,screener
ITI,Jun 2025,2025-06-30,quarter,498.0,506.0,-8.0,-2.0,9.0,51.0,15.0,-64.0,0.0,-64.0,-0.66,screener
ITI,Sep 2025,2025-09-30,quarter,543.0,545.0,-1.0,0.0,13.0,53.0,13.0,-54.0,0.0,-54.0,-0.56,screener
ITI,Dec 2025,2025-12-31,quarter,515.0,489.0,25.0,5.0,8.0,48.0,11.0,-25.0,0.0,-25.0,-0.26,screener
ITI,Mar 2026,2026-03-31,quarter,628.0,739.0,-111.0,-18.0,472.0,81.0,-95.0,375.0,0.0,375.0,3.89,screener
IVALUE,Dec 2024,2024-12-31,quarter,250.0,223.0,27.0,11.0,3.0,4.0,2.0,24.0,19.0,19.0,4.5,screener
IVALUE,Mar 2025,2025-03-31,quarter,261.0,215.0,46.0,18.0,11.0,4.0,2.0,50.0,25.0,38.0,9.07,screener
IVALUE,Jun 2025,2025-06-30,quarter,228.0,218.0,10.0,4.0,7.0,2.0,2.0,14.0,25.0,10.0,2.47,screener
IVALUE,Sep 2025,2025-09-30,quarter,329.0,288.0,41.0,12.0,4.0,4.0,2.0,39.0,25.0,30.0,5.53,screener
IVALUE,Dec 2025,2025-12-31,quarter,226.0,197.0,29.0,13.0,-4.0,2.0,2.0,21.0,25.0,16.0,2.87,screener
IVALUE,Mar 2026,2026-03-31,quarter,273.0,218.0,54.0,20.0,7.0,3.0,2.0,56.0,24.0,43.0,7.78,screener
IXIGO,Dec 2024,2024-12-31,quarter,242.0,222.0,19.0,8.0,5.0,1.0,3.0,21.0,28.0,16.0,0.4,screener
IXIGO,Mar 2025,2025-03-31,quarter,284.0,263.0,21.0,8.0,6.0,1.0,3.0,24.0,30.0,17.0,0.43,screener
IXIGO,Jun 2025,2025-06-30,quarter,314.0,291.0,23.0,7.0,7.0,1.0,3.0,26.0,28.0,19.0,0.49,screener
IXIGO,Sep 2025,2025-09-30,quarter,283.0,288.0,-5.0,-2.0,5.0,1.0,3.0,-4.0,-12.0,-3.0,-0.08,screener
IXIGO,Dec 2025,2025-12-31,quarter,320.0,296.0,24.0,7.0,14.0,1.0,4.0,32.0,26.0,24.0,0.55,screener
IXIGO,Mar 2026,2026-03-31,quarter,308.0,288.0,20.0,6.0,19.0,1.0,4.0,34.0,5.0,32.0,0.73,screener
IZMO,Dec 2024,2024-12-31,quarter,59.0,50.0,8.0,14.0,2.0,0.0,4.0,6.0,6.0,6.0,4.07,screener
IZMO,Mar 2025,2025-03-31,quarter,60.0,49.0,11.0,19.0,1.0,1.0,5.0,7.0,-1.0,7.0,4.63,screener
IZMO,Jun 2025,2025-06-30,quarter,57.0,47.0,10.0,17.0,1.0,0.0,4.0,6.0,0.0,6.0,4.03,screener
IZMO,Sep 2025,2025-09-30,quarter,60.0,47.0,14.0,22.0,4.0,0.0,4.0,13.0,5.0,13.0,8.43,screener
IZMO,Dec 2025,2025-12-31,quarter,59.0,45.0,14.0,24.0,3.0,0.0,5.0,12.0,2.0,12.0,7.82,screener
IZMO,Mar 2026,2026-03-31,quarter,109.0,94.0,15.0,14.0,7.0,0.0,4.0,17.0,-4.0,17.0,11.56,screener
J&KBANK,Dec 2024,2024-12-31,quarter,3210.0,996.0,,,242.0,1697.0,0.0,758.0,30.0,529.0,4.8,screener
J&KBANK,Mar 2025,2025-03-31,quarter,3213.0,1075.0,,,403.0,1732.0,0.0,810.0,28.0,582.0,5.28,screener
J&KBANK,Jun 2025,2025-06-30,quarter,3269.0,1061.0,,,253.0,1803.0,0.0,659.0,26.0,485.0,4.4,screener
J&KBANK,Sep 2025,2025-09-30,quarter,3293.0,958.0,,,157.0,1858.0,0.0,635.0,22.0,495.0,4.49,screener
J&KBANK,Dec 2025,2025-12-31,quarter,3315.0,964.0,,,280.0,1824.0,0.0,807.0,27.0,581.0,5.28,screener
J&KBANK,Mar 2026,2026-03-31,quarter,3273.0,889.0,,,262.0,1784.0,0.0,862.0,7.0,799.0,7.25,screener
JAICORPLTD,Dec 2024,2024-12-31,quarter,126.0,114.0,12.0,10.0,7.0,0.0,3.0,16.0,23.0,12.0,0.71,screener
JAICORPLTD,Mar 2025,2025-03-31,quarter,135.0,125.0,10.0,8.0,19.0,0.0,3.0,27.0,13.0,23.0,1.32,screener
JAICORPLTD,Jun 2025,2025-06-30,quarter,131.0,123.0,8.0,6.0,104.0,0.0,3.0,109.0,4.0,104.0,5.94,screener
JAICORPLTD,Sep 2025,2025-09-30,quarter,146.0,129.0,17.0,12.0,20.0,0.0,3.0,34.0,21.0,27.0,1.52,screener
JAICORPLTD,Dec 2025,2025-12-31,quarter,116.0,103.0,13.0,11.0,13.0,0.0,3.0,23.0,24.0,17.0,1.0,screener
JAICORPLTD,Mar 2026,2026-03-31,quarter,121.0,105.0,16.0,13.0,14.0,0.0,3.0,27.0,23.0,21.0,1.18,screener
JAINREC,Dec 2024,2024-12-31,quarter,1781.0,1691.0,89.0,5.0,13.0,21.0,4.0,77.0,24.0,59.0,14.29,screener
JAINREC,Mar 2025,2025-03-31,quarter,1760.0,1667.0,93.0,5.0,8.0,23.0,4.0,75.0,30.0,53.0,1.62,screener
JAINREC,Jun 2025,2025-06-30,quarter,1549.0,1459.0,90.0,6.0,6.0,16.0,3.0,77.0,26.0,57.0,1.75,screener
JAINREC,Sep 2025,2025-09-30,quarter,2114.0,1954.0,160.0,8.0,5.0,27.0,3.0,135.0,27.0,99.0,2.86,screener
JAINREC,Dec 2025,2025-12-31,quarter,2775.0,2577.0,199.0,7.0,2.0,26.0,4.0,171.0,26.0,126.0,3.66,screener
JAINREC,Mar 2026,2026-03-31,quarter,3105.0,2995.0,110.0,3.5,10.0,26.0,4.0,89.0,26.0,66.0,1.91,screener
JAINREC,Jun 2026,2026-06-30,quarter,2724.0,2616.0,108.0,4.0,9.0,19.0,4.0,94.0,26.0,69.0,2.01,screener
JAMNAAUTO,Dec 2024,2024-12-31,quarter,562.0,485.0,77.0,14.0,1.0,1.0,14.0,63.0,31.0,44.0,1.1,screener_yfinance_fallback_normalized
JAMNAAUTO,Mar 2025,2025-03-31,quarter,638.0,554.0,84.0,13.0,2.0,2.0,11.0,72.0,30.0,50.0,1.26,screener_yfinance_fallback_normalized
JAMNAAUTO,Jun 2025,2025-06-30,quarter,573.0,497.0,76.0,13.0,2.0,1.0,13.0,64.0,29.0,46.0,1.15,screener_yfinance_fallback_normalized
JAMNAAUTO,Sep 2025,2025-09-30,quarter,531.0,462.0,69.0,13.0,3.0,3.0,13.0,56.0,29.0,40.0,1.0,screener_yfinance_fallback_normalized
JAMNAAUTO,Dec 2025,2025-12-31,quarter,668.0,554.0,114.0,17.0,-9.0,5.0,17.0,83.0,30.0,58.0,1.46,screener_yfinance_fallback_normalized
JAMNAAUTO,Mar 2026,2026-03-31,quarter,840.0,703.0,137.0,16.0,1.0,5.0,17.0,116.0,25.0,87.0,2.18,screener_yfinance_fallback_normalized
JASH,Dec 2024,2024-12-31,quarter,181.0,140.0,41.0,23.0,1.0,4.0,4.0,35.0,0.0,35.0,5.6,screener
JASH,Mar 2025,2025-03-31,quarter,300.0,242.0,59.0,20.0,3.0,4.0,7.0,51.0,30.0,36.0,5.76,screener
JASH,Jun 2025,2025-06-30,quarter,128.0,132.0,-4.0,-3.0,5.0,3.0,4.0,-6.0,-17.0,-5.0,-0.81,screener
JASH,Sep 2025,2025-09-30,quarter,158.0,137.0,20.0,13.0,2.0,3.0,5.0,14.0,22.0,11.0,1.77,screener
JASH,Dec 2025,2025-12-31,quarter,160.0,144.0,17.0,11.0,4.0,3.0,5.0,13.0,-1.0,13.0,2.13,screener
JASH,Mar 2026,2026-03-31,quarter,291.0,222.0,69.0,24.0,9.0,3.0,5.0,69.0,18.0,57.0,8.97,screener
JAYBARMARU,Dec 2024,2024-12-31,quarter,591.0,555.0,35.0,6.0,1.0,9.0,21.0,6.0,34.0,4.0,0.36,screener
JAYBARMARU,Mar 2025,2025-03-31,quarter,611.0,553.0,58.0,9.0,2.0,8.0,21.0,30.0,32.0,21.0,1.9,screener
JAYBARMARU,Jun 2025,2025-06-30,quarter,557.0,491.0,66.0,12.0,0.0,9.0,21.0,36.0,35.0,23.0,2.15,screener
JAYBARMARU,Sep 2025,2025-09-30,quarter,583.0,521.0,61.0,11.0,2.0,10.0,24.0,29.0,36.0,18.0,1.7,screener
JAYBARMARU,Dec 2025,2025-12-31,quarter,645.0,581.0,64.0,10.0,2.0,13.0,25.0,29.0,36.0,18.0,1.7,screener
JAYBARMARU,Mar 2026,2026-03-31,quarter,766.0,675.0,91.0,12.0,2.0,12.0,25.0,56.0,-41.0,80.0,7.35,screener
JAYKAY,Dec 2024,2024-12-31,quarter,22.0,20.0,1.0,6.0,4.0,1.0,1.0,3.0,-79.0,5.0,0.44,screener
JAYKAY,Mar 2025,2025-03-31,quarter,11.0,16.0,-5.0,-44.0,6.0,2.0,1.0,-2.0,108.0,-4.0,-0.31,screener
JAYKAY,Jun 2025,2025-06-30,quarter,55.0,49.0,7.0,12.0,22.0,1.0,4.0,24.0,15.0,20.0,1.65,screener
JAYKAY,Sep 2025,2025-09-30,quarter,63.0,52.0,11.0,17.0,6.0,2.0,4.0,11.0,18.0,9.0,0.65,screener
JAYKAY,Dec 2025,2025-12-31,quarter,60.0,48.0,12.0,20.0,2.0,1.0,4.0,9.0,23.0,7.0,0.51,screener
JAYKAY,Mar 2026,2026-03-31,quarter,61.0,67.0,-6.0,-10.0,191.0,2.0,4.0,179.0,-1.0,180.0,15.12,screener
JBCHEPHARM,Dec 2024,2024-12-31,quarter,963.0,709.0,255.0,26.0,8.0,3.0,42.0,218.0,25.0,162.0,10.45,screener
JBCHEPHARM,Mar 2025,2025-03-31,quarter,949.0,723.0,226.0,24.0,14.0,1.0,46.0,193.0,25.0,146.0,9.36,screener
JBCHEPHARM,Jun 2025,2025-06-30,quarter,1094.0,793.0,301.0,28.0,15.0,1.0,43.0,272.0,25.0,202.0,12.97,screener
JBCHEPHARM,Sep 2025,2025-09-30,quarter,1085.0,775.0,310.0,29.0,15.0,1.0,44.0,279.0,26.0,208.0,13.27,screener
JBCHEPHARM,Dec 2025,2025-12-31,quarter,1065.0,769.0,296.0,28.0,18.0,2.0,45.0,267.0,26.0,198.0,12.63,screener
JBCHEPHARM,Mar 2026,2026-03-31,quarter,904.0,703.0,201.0,22.0,-15.0,1.0,50.0,135.0,25.0,101.0,6.31,screener
JBMA,Dec 2024,2024-12-31,quarter,1396.0,1228.0,168.0,12.0,18.0,68.0,44.0,73.0,22.0,56.0,2.23,screener
JBMA,Mar 2025,2025-03-31,quarter,1646.0,1461.0,185.0,11.0,17.0,67.0,44.0,90.0,20.0,72.0,2.81,screener
JBMA,Jun 2025,2025-06-30,quarter,1254.0,1134.0,120.0,10.0,40.0,66.0,44.0,51.0,23.0,39.0,1.56,screener
JBMA,Sep 2025,2025-09-30,quarter,1368.0,1218.0,150.0,11.0,39.0,70.0,44.0,74.0,26.0,55.0,2.23,screener
JBMA,Dec 2025,2025-12-31,quarter,1614.0,1441.0,173.0,11.0,21.0,74.0,42.0,77.0,23.0,60.0,2.33,screener
JBMA,Mar 2026,2026-03-31,quarter,1852.0,1623.0,229.0,12.0,30.0,108.0,43.0,108.0,22.0,84.0,3.14,screener
JGCHEM,Dec 2024,2024-12-31,quarter,209.0,186.0,23.0,11.0,3.0,0.0,1.0,24.0,26.0,18.0,4.33,screener
JGCHEM,Mar 2025,2025-03-31,quarter,224.0,205.0,19.0,9.0,4.0,0.0,1.0,22.0,26.0,16.0,3.92,screener
JGCHEM,Jun 2025,2025-06-30,quarter,218.0,198.0,20.0,9.0,3.0,0.0,1.0,22.0,25.0,16.0,4.02,screener
JGCHEM,Sep 2025,2025-09-30,quarter,220.0,202.0,18.0,8.0,4.0,0.0,1.0,20.0,26.0,15.0,3.67,screener
JGCHEM,Dec 2025,2025-12-31,quarter,248.0,226.0,23.0,9.0,3.0,0.0,1.0,25.0,25.0,18.0,4.47,screener
JGCHEM,Mar 2026,2026-03-31,quarter,286.0,265.0,21.0,8.0,5.0,0.0,1.0,25.0,26.0,19.0,4.65,screener
JINDALPOLY,Sep 2024,2024-09-30,quarter,1135.0,1068.0,67.0,6.0,245.0,128.0,42.0,141.0,17.0,117.0,26.62,screener
JINDALPOLY,Dec 2024,2024-12-31,quarter,1186.0,1110.0,76.0,6.0,19.0,16.0,40.0,40.0,90.0,4.0,0.94,screener
JINDALPOLY,Mar 2025,2025-03-31,quarter,1420.0,1363.0,56.0,4.0,-101.0,171.0,59.0,-275.0,-35.0,-179.0,-40.87,screener
JINDALPOLY,Jun 2025,2025-06-30,quarter,914.0,899.0,15.0,1.6,123.0,34.0,45.0,58.0,37.0,36.0,8.42,screener
JINDALPOLY,Sep 2025,2025-09-30,quarter,410.0,399.0,11.0,2.7,50.0,33.0,47.0,-18.0,-27.0,-13.0,-2.92,screener
JINDALPOLY,Dec 2025,2025-12-31,quarter,372.0,449.0,-77.0,-21.0,75.0,29.0,46.0,-77.0,25.0,-97.0,-22.01,screener
JINDALSAW,Dec 2024,2024-12-31,quarter,5271.0,4332.0,939.0,18.0,29.0,173.0,151.0,645.0,26.0,479.0,7.92,screener
JINDALSAW,Mar 2025,2025-03-31,quarter,5047.0,4310.0,736.0,15.0,28.0,139.0,153.0,473.0,82.0,87.0,4.55,screener
JINDALSAW,Jun 2025,2025-06-30,quarter,4085.0,3415.0,670.0,16.0,29.0,171.0,153.0,374.0,-11.0,415.0,6.63,screener
JINDALSAW,Sep 2025,2025-09-30,quarter,4234.0,3782.0,451.0,11.0,40.0,153.0,156.0,183.0,24.0,139.0,2.38,screener
JINDALSAW,Dec 2025,2025-12-31,quarter,4943.0,4331.0,613.0,12.0,22.0,133.0,155.0,347.0,29.0,248.0,4.03,screener
JINDALSAW,Mar 2026,2026-03-31,quarter,4633.0,4156.0,478.0,10.0,23.0,163.0,167.0,172.0,28.0,124.0,2.18,screener
JINDALSTEL,Dec 2024,2024-12-31,quarter,11751.0,9567.0,2184.0,19.0,26.0,313.0,698.0,1199.0,21.0,951.0,9.32,screener
JINDALSTEL,Mar 2025,2025-03-31,quarter,13183.0,10922.0,2262.0,17.0,-1158.0,342.0,691.0,72.0,523.0,-304.0,-3.33,screener
JINDALSTEL,Jun 2025,2025-06-30,quarter,12294.0,9289.0,3006.0,24.0,30.0,297.0,722.0,2018.0,26.0,1496.0,14.65,screener
JINDALSTEL,Sep 2025,2025-09-30,quarter,11686.0,9605.0,2081.0,18.0,22.0,371.0,750.0,982.0,35.0,635.0,6.26,screener
JINDALSTEL,Dec 2025,2025-12-31,quarter,13027.0,11398.0,1629.0,13.0,-45.0,406.0,839.0,339.0,44.0,189.0,1.87,screener
JINDALSTEL,Mar 2026,2026-03-31,quarter,16218.0,13289.0,2929.0,18.0,-550.0,442.0,862.0,1074.0,3.0,1041.0,10.24,screener
JINDRILL,Dec 2024,2024-12-31,quarter,239.0,159.0,81.0,34.0,32.0,4.0,26.0,82.0,20.0,66.0,22.76,screener
JINDRILL,Mar 2025,2025-03-31,quarter,245.0,158.0,87.0,36.0,37.0,3.0,31.0,90.0,20.0,72.0,24.71,screener
JINDRILL,Jun 2025,2025-06-30,quarter,254.0,147.0,107.0,42.0,18.0,3.0,37.0,85.0,22.0,66.0,22.81,screener
JINDRILL,Sep 2025,2025-09-30,quarter,238.0,145.0,93.0,39.0,121.0,2.0,38.0,173.0,24.0,133.0,45.73,screener
JINDRILL,Dec 2025,2025-12-31,quarter,242.0,170.0,72.0,30.0,-77.0,2.0,38.0,-45.0,-27.0,-33.0,-11.52,screener
JINDRILL,Mar 2026,2026-03-31,quarter,263.0,185.0,78.0,30.0,18.0,2.0,38.0,57.0,20.0,45.0,15.66,screener
JIOFIN,Dec 2024,2024-12-31,quarter,438.0,125.0,313.0,71.0,70.0,0.0,6.0,377.0,22.0,295.0,0.46,screener
JIOFIN,Mar 2025,2025-03-31,quarter,493.0,155.0,338.0,69.0,71.0,8.0,6.0,396.0,20.0,316.0,0.5,screener
JIOFIN,Jun 2025,2025-06-30,quarter,612.0,156.0,457.0,75.0,67.0,99.0,6.0,419.0,23.0,325.0,0.51,screener
JIOFIN,Sep 2025,2025-09-30,quarter,981.0,293.0,688.0,70.0,238.0,136.0,8.0,783.0,11.0,695.0,1.09,screener
JIOFIN,Dec 2025,2025-12-31,quarter,901.0,346.0,555.0,62.0,36.0,212.0,8.0,371.0,28.0,269.0,0.42,screener
JIOFIN,Mar 2026,2026-03-31,quarter,1019.0,414.0,605.0,59.0,40.0,298.0,8.0,339.0,20.0,272.0,0.43,screener
JIOFIN,Jun 2026,2026-06-30,quarter,2004.0,607.0,1397.0,70.0,0.0,418.0,9.0,970.0,14.0,830.0,1.26,screener
JKCEMENT,Dec 2024,2024-12-31,quarter,2930.0,2438.0,492.0,17.0,45.0,112.0,146.0,279.0,32.0,190.0,24.54,screener
JKCEMENT,Mar 2025,2025-03-31,quarter,3581.0,2816.0,765.0,21.0,46.0,113.0,162.0,535.0,32.0,361.0,46.64,screener
JKCEMENT,Jun 2025,2025-06-30,quarter,3353.0,2665.0,688.0,21.0,56.0,109.0,146.0,489.0,34.0,324.0,41.99,screener
JKCEMENT,Sep 2025,2025-09-30,quarter,3019.0,2573.0,447.0,15.0,51.0,105.0,149.0,243.0,34.0,159.0,20.78,screener
JKCEMENT,Dec 2025,2025-12-31,quarter,3463.0,2906.0,557.0,16.0,-2.0,113.0,175.0,268.0,35.0,174.0,22.6,screener
JKCEMENT,Mar 2026,2026-03-31,quarter,3888.0,3205.0,682.0,18.0,41.0,98.0,182.0,444.0,25.0,331.0,43.08,screener
JKCEMENT,Jun 2026,2026-06-30,quarter,4032.0,3384.0,648.0,16.0,39.0,114.0,167.0,406.0,32.0,275.0,35.91,screener
JKIL,Dec 2024,2024-12-31,quarter,1487.0,1268.0,219.0,15.0,7.0,47.0,42.0,137.0,27.0,100.0,13.21,screener
JKIL,Mar 2025,2025-03-31,quarter,1633.0,1398.0,235.0,14.0,10.0,43.0,45.0,157.0,27.0,114.0,15.09,screener
JKIL,Jun 2025,2025-06-30,quarter,1484.0,1267.0,217.0,15.0,12.0,39.0,45.0,145.0,29.0,103.0,13.66,screener
JKIL,Sep 2025,2025-09-30,quarter,1343.0,1148.0,195.0,14.0,13.0,41.0,42.0,124.0,27.0,91.0,11.99,screener
JKIL,Dec 2025,2025-12-31,quarter,1311.0,1123.0,188.0,14.0,11.0,46.0,43.0,110.0,25.0,83.0,10.95,screener
JKIL,Mar 2026,2026-03-31,quarter,1585.0,1362.0,224.0,14.0,33.0,42.0,66.0,149.0,26.0,110.0,14.49,screener
JKIL,Jun 2026,2026-06-30,quarter,1511.0,1297.0,215.0,14.0,20.0,44.0,52.0,139.0,30.0,97.0,12.89,screener
JKLAKSHMI,Dec 2024,2024-12-31,quarter,1497.0,1297.0,199.0,13.0,9.0,45.0,76.0,87.0,14.0,75.0,6.37,screener
JKLAKSHMI,Mar 2025,2025-03-31,quarter,1898.0,1546.0,351.0,19.0,23.0,44.0,77.0,253.0,31.0,175.0,14.93,screener
JKLAKSHMI,Jun 2025,2025-06-30,quarter,1741.0,1430.0,311.0,18.0,22.0,52.0,77.0,204.0,27.0,150.0,12.76,screener
JKLAKSHMI,Sep 2025,2025-09-30,quarter,1532.0,1324.0,208.0,14.0,23.0,51.0,78.0,103.0,22.0,81.0,6.52,screener
JKLAKSHMI,Dec 2025,2025-12-31,quarter,1588.0,1383.0,205.0,13.0,10.0,55.0,85.0,75.0,24.0,57.0,4.58,screener
JKLAKSHMI,Mar 2026,2026-03-31,quarter,1902.0,1626.0,275.0,14.0,38.0,53.0,84.0,177.0,29.0,125.0,9.99,screener
JKPAPER,Dec 2024,2024-12-31,quarter,1632.0,1464.0,168.0,10.0,22.0,24.0,83.0,83.0,21.0,65.0,3.86,screener
JKPAPER,Mar 2025,2025-03-31,quarter,1677.0,1460.0,218.0,13.0,12.0,50.0,86.0,93.0,29.0,67.0,4.0,screener
JKPAPER,Jun 2025,2025-06-30,quarter,1674.0,1427.0,247.0,15.0,25.0,67.0,89.0,116.0,26.0,85.0,4.8,screener
JKPAPER,Sep 2025,2025-09-30,quarter,1749.0,1525.0,224.0,13.0,20.0,51.0,91.0,101.0,23.0,78.0,4.41,screener
JKPAPER,Dec 2025,2025-12-31,quarter,1717.0,1541.0,176.0,10.0,3.0,47.0,97.0,34.0,34.0,24.0,1.24,screener
JKPAPER,Mar 2026,2026-03-31,quarter,1966.0,1689.0,277.0,14.0,0.0,60.0,100.0,117.0,23.0,90.0,5.07,screener
JKTYRE,Dec 2024,2024-12-31,quarter,3674.0,3359.0,314.0,9.0,3.0,123.0,114.0,80.0,29.0,53.0,1.92,screener
JKTYRE,Mar 2025,2025-03-31,quarter,3759.0,3396.0,363.0,10.0,19.0,121.0,117.0,144.0,29.0,99.0,3.54,screener
JKTYRE,Jun 2025,2025-06-30,quarter,3869.0,3467.0,402.0,10.0,34.0,115.0,114.0,208.0,26.0,163.0,5.97,screener
JKTYRE,Sep 2025,2025-09-30,quarter,4011.0,3490.0,521.0,13.0,7.0,108.0,116.0,304.0,27.0,227.0,8.28,screener
JKTYRE,Dec 2025,2025-12-31,quarter,4223.0,3652.0,571.0,14.0,-92.0,106.0,119.0,254.0,18.0,208.0,7.21,screener
JKTYRE,Mar 2026,2026-03-31,quarter,4223.0,3686.0,537.0,13.0,-37.0,101.0,123.0,277.0,32.0,178.0,6.17,screener
JKTYRE,Jun 2026,2026-06-30,quarter,3946.0,3688.0,258.0,7.0,20.0,99.0,126.0,54.0,21.0,44.0,1.53,screener
JLHL,Dec 2024,2024-12-31,quarter,333.0,256.0,76.0,23.0,7.0,3.0,14.0,67.0,22.0,52.0,7.94,screener
JLHL,Mar 2025,2025-03-31,quarter,337.0,257.0,80.0,24.0,7.0,6.0,18.0,63.0,28.0,45.0,1.38,screener
JLHL,Jun 2025,2025-06-30,quarter,353.0,275.0,78.0,22.0,13.0,8.0,21.0,62.0,29.0,44.0,1.34,screener
JLHL,Sep 2025,2025-09-30,quarter,394.0,301.0,92.0,23.0,11.0,8.0,21.0,74.0,23.0,57.0,1.75,screener
JLHL,Dec 2025,2025-12-31,quarter,365.0,282.0,83.0,23.0,3.0,8.0,22.0,57.0,25.0,42.0,1.3,screener
JLHL,Mar 2026,2026-03-31,quarter,388.0,299.0,89.0,23.0,11.0,9.0,23.0,68.0,26.0,50.0,1.53,screener
JLHL,Jun 2026,2026-06-30,quarter,411.0,332.0,79.0,19.0,11.0,13.0,26.0,51.0,26.0,38.0,1.14,screener
JMFINANCIL,Dec 2024,2024-12-31,quarter,1106.0,500.0,607.0,55.0,14.0,318.0,16.0,287.0,28.0,207.0,2.19,screener
JMFINANCIL,Mar 2025,2025-03-31,quarter,1004.0,426.0,578.0,58.0,23.0,274.0,16.0,311.0,25.0,235.0,2.19,screener
JMFINANCIL,Jun 2025,2025-06-30,quarter,1111.0,261.0,850.0,76.0,10.0,251.0,17.0,593.0,23.0,459.0,4.75,screener
JMFINANCIL,Sep 2025,2025-09-30,quarter,1031.0,426.0,605.0,59.0,13.0,254.0,19.0,344.0,26.0,262.0,2.82,screener
JMFINANCIL,Dec 2025,2025-12-31,quarter,999.0,436.0,563.0,56.0,105.0,248.0,20.0,400.0,24.0,318.0,3.27,screener
JMFINANCIL,Mar 2026,2026-03-31,quarter,949.0,458.0,491.0,52.0,20.0,246.0,22.0,243.0,34.0,162.0,1.73,screener
JNKINDIA,Dec 2024,2024-12-31,quarter,94.0,87.0,7.0,7.0,3.0,5.0,2.0,3.0,2.0,3.0,0.51,screener
JNKINDIA,Mar 2025,2025-03-31,quarter,190.94,176.09,14.85,7.78,12.71,3.51,1.98,22.07,40.01,13.24,2.37,screener
JNKINDIA,Jun 2025,2025-06-30,quarter,99.1,95.8,3.3,3.33,3.87,3.64,1.55,1.98,42.93,1.13,0.2,screener
JNKINDIA,Sep 2025,2025-09-30,quarter,178.38,161.87,16.51,9.26,5.83,2.84,1.69,17.81,26.9,13.02,2.36,screener
JNKINDIA,Dec 2025,2025-12-31,quarter,202.64,176.72,25.92,12.79,3.59,4.16,2.58,22.77,22.57,17.63,3.21,screener
JNKINDIA,Mar 2026,2026-03-31,quarter,338.44,292.27,46.17,13.64,6.14,6.66,3.01,42.64,22.51,33.04,5.84,screener
JNKINDIA,Jun 2026,2026-06-30,quarter,179.96,164.06,15.9,8.84,6.04,4.44,2.87,14.63,34.24,9.63,2.05,screener
JSL,Dec 2024,2024-12-31,quarter,9907.0,8714.0,1193.0,12.0,99.0,161.0,242.0,890.0,26.0,654.0,7.95,screener
JSL,Mar 2025,2025-03-31,quarter,10198.0,9165.0,1033.0,10.0,87.0,150.0,241.0,729.0,19.0,590.0,7.17,screener
JSL,Jun 2025,2025-06-30,quarter,10207.0,8911.0,1296.0,13.0,69.0,144.0,252.0,969.0,26.0,715.0,8.67,screener
JSL,Sep 2025,2025-09-30,quarter,10893.0,9519.0,1374.0,13.0,107.0,141.0,262.0,1078.0,25.0,808.0,9.79,screener
JSL,Dec 2025,2025-12-31,quarter,10518.0,9110.0,1408.0,13.0,77.0,134.0,269.0,1082.0,24.0,828.0,10.05,screener
JSL,Mar 2026,2026-03-31,quarter,11337.0,9882.0,1455.0,13.0,84.0,149.0,278.0,1112.0,25.0,834.0,10.23,screener
JSL,Jun 2026,2026-06-30,quarter,11279.0,9949.0,1329.0,12.0,153.0,146.0,302.0,1034.0,26.0,769.0,9.33,screener
JSLL,Dec 2024,2024-12-31,quarter,116.0,86.0,30.0,26.0,0.0,4.0,8.0,18.0,26.0,13.0,1.06,screener
JSLL,Mar 2025,2025-03-31,quarter,139.0,93.0,46.0,33.0,0.0,3.0,9.0,34.0,25.0,25.0,2.04,screener
JSLL,Jun 2025,2025-06-30,quarter,174.0,96.0,79.0,45.0,1.0,2.0,10.0,69.0,25.0,51.0,4.12,screener
JSLL,Sep 2025,2025-09-30,quarter,190.0,98.0,92.0,48.0,1.0,4.0,10.0,79.0,25.0,59.0,4.73,screener
JSLL,Dec 2025,2025-12-31,quarter,222.0,121.0,101.0,45.0,3.0,3.0,11.0,89.0,25.0,67.0,5.36,screener
JSLL,Mar 2026,2026-03-31,quarter,216.0,138.0,78.0,36.0,3.0,4.0,16.0,61.0,26.0,45.0,3.63,screener
JSWCEMENT,Dec 2024,2024-12-31,quarter,1433.0,1317.0,116.0,8.0,28.0,116.0,81.0,-53.0,51.0,-80.0,-0.68,screener
JSWCEMENT,Mar 2025,2025-03-31,quarter,1709.0,1469.0,240.0,14.0,28.0,114.0,79.0,76.0,79.0,16.0,0.34,screener
JSWCEMENT,Jun 2025,2025-06-30,quarter,1560.0,1237.0,323.0,21.0,-1444.0,102.0,78.0,-1302.0,5.0,-1366.0,-13.31,screener
JSWCEMENT,Sep 2025,2025-09-30,quarter,1436.0,1169.0,268.0,19.0,34.0,100.0,80.0,121.0,38.0,75.0,0.63,screener
JSWCEMENT,Dec 2025,2025-12-31,quarter,1621.0,1336.0,285.0,18.0,67.0,87.0,81.0,184.0,29.0,131.0,1.04,screener
JSWCEMENT,Mar 2026,2026-03-31,quarter,1895.0,1530.0,365.0,19.0,22.0,89.0,84.0,215.0,-68.0,362.0,2.72,screener
JSWENERGY,Dec 2024,2024-12-31,quarter,2439.0,1525.0,914.0,37.0,206.0,564.0,406.0,150.0,-5.0,157.0,0.96,screener
JSWENERGY,Mar 2025,2025-03-31,quarter,3189.0,1985.0,1204.0,38.0,313.0,675.0,482.0,361.0,-15.0,415.0,2.33,screener
JSWENERGY,Jun 2025,2025-06-30,quarter,5143.0,2355.0,2789.0,54.0,271.0,1306.0,739.0,1015.0,18.0,836.0,4.25,screener
JSWENERGY,Sep 2025,2025-09-30,quarter,5177.0,2181.0,2996.0,58.0,186.0,1418.0,809.0,955.0,14.0,824.0,4.03,screener
JSWENERGY,Dec 2025,2025-12-31,quarter,4082.0,2052.0,2030.0,50.0,111.0,1485.0,829.0,-173.0,-406.0,529.0,2.4,screener
JSWENERGY,Mar 2026,2026-03-31,quarter,4499.0,2249.0,2250.0,50.0,356.0,1608.0,809.0,188.0,-205.0,574.0,2.11,screener
JSWINFRA,Dec 2024,2024-12-31,quarter,1182.0,596.0,586.0,50.0,83.0,256.0,138.0,276.0,-22.0,336.0,1.57,screener
JSWINFRA,Mar 2025,2025-03-31,quarter,1283.0,642.0,641.0,50.0,89.0,8.0,140.0,581.0,11.0,516.0,2.43,screener
JSWINFRA,Jun 2025,2025-06-30,quarter,1224.0,643.0,581.0,47.0,90.0,55.0,143.0,473.0,18.0,390.0,1.83,screener
JSWINFRA,Sep 2025,2025-09-30,quarter,1266.0,656.0,610.0,48.0,107.0,105.0,149.0,463.0,20.0,369.0,1.72,screener
JSWINFRA,Dec 2025,2025-12-31,quarter,1350.0,706.0,644.0,48.0,52.0,93.0,164.0,439.0,17.0,365.0,1.71,screener
JSWINFRA,Mar 2026,2026-03-31,quarter,1522.0,753.0,769.0,51.0,17.0,130.0,158.0,498.0,15.0,424.0,1.99,screener
JSWINFRA,Jun 2026,2026-06-30,quarter,1445.0,771.0,674.0,47.0,57.0,102.0,166.0,463.0,23.0,358.0,1.49,screener
JSWSTEEL,Dec 2024,2024-12-31,quarter,41378.0,35799.0,5579.0,13.0,50.0,2115.0,2336.0,1178.0,39.0,719.0,2.93,screener
JSWSTEEL,Mar 2025,2025-03-31,quarter,44819.0,38684.0,6135.0,14.0,186.0,2094.0,2497.0,1730.0,13.0,1501.0,6.15,screener
JSWSTEEL,Jun 2025,2025-06-30,quarter,43147.0,35671.0,7476.0,17.0,350.0,2217.0,2537.0,3072.0,28.0,2209.0,8.93,screener
JSWSTEEL,Sep 2025,2025-09-30,quarter,45152.0,38125.0,7027.0,16.0,284.0,2413.0,2554.0,2344.0,30.0,1646.0,6.64,screener
JSWSTEEL,Dec 2025,2025-12-31,quarter,45991.0,39612.0,6379.0,14.0,-256.0,2304.0,2362.0,1457.0,-65.0,2410.0,8.75,screener
JSWSTEEL,Mar 2026,2026-03-31,quarter,51180.0,42716.0,8464.0,17.0,18229.0,2168.0,2148.0,22377.0,14.0,19243.0,66.94,screener
JSWSTEEL,Jun 2026,2026-06-30,quarter,47364.0,38079.0,9285.0,20.0,724.0,1712.0,2137.0,6160.0,24.0,4696.0,19.02,screener
JTEKTINDIA,Jun 2022,2022-06-30,quarter,472.0,432.0,40.0,8.0,-1.0,1.0,17.0,21.0,26.0,16.0,0.53,screener
JTEKTINDIA,Sep 2022,2022-09-30,quarter,571.0,513.0,58.0,10.0,2.0,1.0,18.0,41.0,27.0,30.0,1.04,screener
JTEKTINDIA,Dec 2022,2022-12-31,quarter,471.0,433.0,38.0,8.0,2.0,1.0,19.0,20.0,23.0,15.0,0.54,screener
JTEKTINDIA,Mar 2023,2023-03-31,quarter,530.0,480.0,50.0,10.0,2.0,1.0,19.0,32.0,18.0,26.0,0.94,screener
JTEKTINDIA,Jun 2023,2023-06-30,quarter,478.0,443.0,34.0,7.0,11.0,1.0,19.0,25.0,25.0,19.0,0.64,screener
JTEKTINDIA,Sep 2023,2023-09-30,quarter,584.0,524.0,60.0,10.0,2.0,1.0,20.0,42.0,27.0,30.0,1.01,screener
JUBLCPL,Mar 2025,2025-03-31,quarter,398.0,371.0,27.0,7.0,1.0,2.0,4.0,21.0,25.0,16.0,10.63,screener
JUBLCPL,Jun 2025,2025-06-30,quarter,442.0,379.0,63.0,14.0,1.0,2.0,4.0,58.0,24.0,44.0,29.29,screener
JUBLCPL,Sep 2025,2025-09-30,quarter,513.0,449.0,64.0,12.0,0.0,1.0,4.0,58.0,28.0,42.0,28.06,screener
JUBLCPL,Dec 2025,2025-12-31,quarter,451.0,414.0,37.0,8.0,-2.0,2.0,5.0,29.0,26.0,22.0,14.21,screener
JUBLCPL,Mar 2026,2026-03-31,quarter,485.0,453.0,33.0,7.0,0.0,2.0,5.0,27.0,25.0,20.0,13.15,screener
JUBLCPL,Jun 2026,2026-06-30,quarter,523.0,455.0,68.0,13.0,1.0,2.0,5.0,62.0,25.0,46.0,30.43,screener
JUBLFOOD,Dec 2024,2024-12-31,quarter,2151.0,1749.0,402.0,19.0,6.0,133.0,208.0,67.0,35.0,43.0,0.65,screener
JUBLFOOD,Mar 2025,2025-03-31,quarter,2095.0,1703.0,392.0,19.0,5.0,116.0,210.0,71.0,30.0,49.0,0.73,screener
JUBLFOOD,Jun 2025,2025-06-30,quarter,2261.0,1823.0,438.0,19.0,19.0,111.0,220.0,126.0,25.0,94.0,1.39,screener
JUBLFOOD,Sep 2025,2025-09-30,quarter,2340.0,1864.0,476.0,20.0,102.0,106.0,230.0,242.0,20.0,195.0,2.82,screener
JUBLFOOD,Dec 2025,2025-12-31,quarter,2429.0,1945.0,484.0,20.0,-18.0,103.0,247.0,116.0,37.0,73.0,1.07,screener
JUBLFOOD,Mar 2026,2026-03-31,quarter,2499.0,2015.0,485.0,19.0,13.0,117.0,269.0,111.0,26.0,82.0,1.21,screener
JUBLFOOD,Jun 2026,2026-06-30,quarter,2570.0,2066.0,504.0,20.0,20.0,120.0,255.0,148.0,32.0,100.0,1.47,screener
JUBLINGREA,Dec 2024,2024-12-31,quarter,1057.0,918.0,138.0,13.0,9.0,12.0,40.0,96.0,27.0,69.0,4.36,screener
JUBLINGREA,Mar 2025,2025-03-31,quarter,1051.0,905.0,147.0,14.0,8.0,14.0,39.0,102.0,27.0,74.0,4.65,screener
JUBLINGREA,Jun 2025,2025-06-30,quarter,1038.0,896.0,142.0,14.0,11.0,13.0,41.0,100.0,25.0,75.0,4.71,screener
JUBLINGREA,Sep 2025,2025-09-30,quarter,1121.0,985.0,135.0,12.0,11.0,12.0,41.0,93.0,25.0,69.0,4.36,screener
JUBLINGREA,Dec 2025,2025-12-31,quarter,1051.0,924.0,126.0,12.0,-4.0,12.0,45.0,65.0,28.0,47.0,2.94,screener
JUBLINGREA,Mar 2026,2026-03-31,quarter,1179.0,1016.0,163.0,14.0,9.0,12.0,48.0,112.0,23.0,86.0,5.43,screener
JUBLINGREA,Jun 2026,2026-06-30,quarter,1300.0,1101.0,199.0,15.0,10.0,17.0,51.0,141.0,25.0,106.0,6.64,screener
JUBLPHARMA,Dec 2024,2024-12-31,quarter,1822.0,1535.0,287.0,16.0,-10.0,56.0,91.0,130.0,23.0,101.0,6.33,screener
JUBLPHARMA,Mar 2025,2025-03-31,quarter,1929.0,1584.0,345.0,18.0,9.0,53.0,95.0,206.0,27.0,151.0,9.64,screener
JUBLPHARMA,Jun 2025,2025-06-30,quarter,1901.0,1611.0,290.0,15.0,12.0,49.0,98.0,154.0,34.0,102.0,6.46,screener
JUBLPHARMA,Sep 2025,2025-09-30,quarter,1966.0,1625.0,341.0,17.0,4.0,50.0,105.0,190.0,37.0,120.0,7.55,screener
JUBLPHARMA,Dec 2025,2025-12-31,quarter,2122.0,1833.0,289.0,14.0,-19.0,56.0,121.0,93.0,40.0,56.0,3.51,screener
JUBLPHARMA,Mar 2026,2026-03-31,quarter,2290.0,1951.0,339.0,15.0,10.0,56.0,117.0,176.0,32.0,119.0,7.5,screener
JUNIPER,Dec 2024,2024-12-31,quarter,252.0,160.0,93.0,37.0,8.0,30.0,28.0,44.0,25.0,32.0,1.46,screener
JUNIPER,Mar 2025,2025-03-31,quarter,278.0,161.0,117.0,42.0,9.0,24.0,28.0,73.0,25.0,55.0,2.47,screener
JUNIPER,Jun 2025,2025-06-30,quarter,221.0,141.0,80.0,36.0,-11.0,22.0,29.0,18.0,50.0,9.0,0.4,screener
JUNIPER,Sep 2025,2025-09-30,quarter,230.0,148.0,83.0,36.0,1.0,30.0,30.0,24.0,29.0,17.0,0.76,screener
JUNIPER,Dec 2025,2025-12-31,quarter,295.0,168.0,128.0,43.0,6.0,22.0,28.0,84.0,22.0,65.0,2.94,screener
JUNIPER,Mar 2026,2026-03-31,quarter,301.0,169.0,133.0,44.0,-18.0,22.0,26.0,67.0,25.0,50.0,2.26,screener
JUSTDIAL,Dec 2022,2022-12-31,quarter,221.0,194.0,27.0,12.0,71.0,2.0,8.0,88.0,14.0,75.0,8.93,screener
JUSTDIAL,Mar 2023,2023-03-31,quarter,233.0,199.0,33.0,14.0,74.0,3.0,9.0,96.0,13.0,84.0,9.91,screener
JUSTDIAL,Jun 2023,2023-06-30,quarter,247.0,210.0,37.0,15.0,81.0,2.0,10.0,106.0,21.0,83.0,9.81,screener
JUSTDIAL,Sep 2023,2023-09-30,quarter,261.0,212.0,49.0,19.0,58.0,2.0,12.0,92.0,22.0,72.0,8.44,screener
JUSTDIAL,Dec 2023,2023-12-31,quarter,265.0,205.0,60.0,23.0,75.0,2.0,12.0,121.0,24.0,92.0,10.82,screener
JUSTDIAL,Mar 2024,2024-03-31,quarter,270.0,200.0,71.0,26.0,91.0,3.0,12.0,147.0,22.0,116.0,13.61,screener
JWL,Dec 2024,2024-12-31,quarter,1030.0,887.0,143.0,14.0,15.0,14.0,14.0,130.0,26.0,96.0,2.29,screener
JWL,Mar 2025,2025-03-31,quarter,1045.0,898.0,147.0,14.0,12.0,17.0,15.0,127.0,20.0,103.0,2.43,screener
JWL,Jun 2025,2025-06-30,quarter,459.0,400.0,59.0,13.0,17.0,16.0,16.0,44.0,29.0,31.0,0.77,screener
JWL,Sep 2025,2025-09-30,quarter,786.0,683.0,103.0,13.0,0.0,19.0,16.0,68.0,33.0,45.0,1.1,screener
JWL,Dec 2025,2025-12-31,quarter,890.0,778.0,113.0,13.0,9.0,18.0,17.0,87.0,28.0,62.0,1.47,screener
JWL,Mar 2026,2026-03-31,quarter,780.0,701.0,79.0,10.0,2.0,16.0,18.0,46.0,41.0,27.0,0.67,screener
JYOTHYLAB,Dec 2023,2023-12-31,quarter,678.0,559.0,119.0,18.0,11.0,1.0,13.0,115.0,21.0,91.0,2.48,screener
JYOTHYLAB,Mar 2024,2024-03-31,quarter,660.0,552.0,108.0,16.0,13.0,1.0,13.0,107.0,27.0,78.0,2.13,screener
JYOTHYLAB,Jun 2024,2024-06-30,quarter,742.0,608.0,133.0,18.0,14.0,1.0,13.0,132.0,23.0,102.0,2.77,screener
JYOTHYLAB,Sep 2024,2024-09-30,quarter,734.0,595.0,138.0,19.0,13.0,1.0,14.0,136.0,23.0,105.0,2.86,screener
JYOTHYLAB,Dec 2024,2024-12-31,quarter,704.0,589.0,116.0,16.0,14.0,1.0,14.0,114.0,23.0,87.0,2.38,screener
JYOTHYLAB,Mar 2025,2025-03-31,quarter,667.0,555.0,112.0,17.0,11.0,2.0,15.0,107.0,29.0,76.0,2.08,screener
JYOTICNC,Dec 2024,2024-12-31,quarter,450.0,337.0,113.0,25.0,0.0,11.0,9.0,93.0,14.0,80.0,3.53,screener
JYOTICNC,Mar 2025,2025-03-31,quarter,576.0,398.0,178.0,31.0,0.0,11.0,10.0,156.0,30.0,109.0,4.79,screener
JYOTICNC,Jun 2025,2025-06-30,quarter,410.0,310.0,100.0,24.0,20.0,12.0,12.0,96.0,26.0,71.0,3.14,screener
JYOTICNC,Sep 2025,2025-09-30,quarter,508.0,383.0,125.0,25.0,9.0,14.0,10.0,109.0,22.0,86.0,3.76,screener
JYOTICNC,Dec 2025,2025-12-31,quarter,576.0,421.0,155.0,27.0,6.0,24.0,13.0,124.0,28.0,89.0,3.89,screener
JYOTICNC,Mar 2026,2026-03-31,quarter,599.0,452.0,147.0,25.0,25.0,20.0,14.0,138.0,34.0,91.0,3.98,screener
KABRAEXTRU,Dec 2024,2024-12-31,quarter,121.17,107.14,14.03,11.58,2.85,3.02,4.94,8.92,21.08,7.04,2.01,screener
KABRAEXTRU,Mar 2025,2025-03-31,quarter,139.54,135.19,4.35,3.12,16.17,3.36,5.4,11.76,7.91,10.83,3.1,screener
KABRAEXTRU,Jun 2025,2025-06-30,quarter,85.97,88.94,-2.97,-3.45,4.05,2.66,6.25,-7.83,-2.68,-7.61,-2.18,screener
KABRAEXTRU,Sep 2025,2025-09-30,quarter,134.6,125.63,8.97,6.66,1.15,2.68,7.99,-0.55,-160.0,0.33,0.09,screener
KABRAEXTRU,Dec 2025,2025-12-31,quarter,110.34,108.85,1.49,1.35,1.41,2.97,8.1,-8.17,-39.05,-4.98,-1.42,screener
KABRAEXTRU,Mar 2026,2026-03-31,quarter,120.15,117.21,2.94,2.45,16.83,3.09,7.92,8.76,21.35,6.9,1.97,screener
KABRAEXTRU,Jun 2026,2026-06-30,quarter,124.49,118.29,6.2,4.98,0.44,3.82,8.16,-5.34,-67.42,-1.74,-0.5,screener
KAJARIACER,Dec 2024,2024-12-31,quarter,1156.0,1003.0,152.0,13.0,4.0,7.0,40.0,110.0,28.0,79.0,4.88,screener
KAJARIACER,Mar 2025,2025-03-31,quarter,1222.0,1083.0,138.0,11.0,-11.0,6.0,43.0,78.0,44.0,43.0,2.67,screener
KAJARIACER,Jun 2025,2025-06-30,quarter,1103.0,916.0,187.0,17.0,12.0,5.0,44.0,150.0,26.0,110.0,6.84,screener
KAJARIACER,Sep 2025,2025-09-30,quarter,1186.0,973.0,213.0,18.0,15.0,6.0,42.0,181.0,26.0,134.0,8.35,screener
KAJARIACER,Dec 2025,2025-12-31,quarter,1168.0,968.0,200.0,17.0,-28.0,6.0,42.0,125.0,31.0,86.0,5.51,screener
KAJARIACER,Mar 2026,2026-03-31,quarter,1373.0,1110.0,263.0,19.0,9.0,6.0,42.0,224.0,30.0,157.0,9.78,screener
KAJARIACER,Jun 2026,2026-06-30,quarter,1328.0,1068.0,260.0,20.0,18.0,5.0,42.0,231.0,26.0,171.0,10.64,screener
KALPATARU,Dec 2024,2024-12-31,quarter,588.0,550.0,38.0,6.0,32.0,66.0,9.0,-4.0,448.0,-23.0,-1.57,screener
KALPATARU,Mar 2025,2025-03-31,quarter,597.0,617.0,-20.0,-3.0,70.0,11.0,11.0,29.0,29.0,20.0,0.84,screener
KALPATARU,Jun 2025,2025-06-30,quarter,443.0,471.0,-28.0,-6.0,14.0,32.0,10.0,-56.0,-8.0,-52.0,-2.4,screener
KALPATARU,Sep 2025,2025-09-30,quarter,794.0,788.0,6.0,1.0,22.0,12.0,11.0,5.0,-4.0,5.0,0.26,screener
KALPATARU,Dec 2025,2025-12-31,quarter,505.0,580.0,-75.0,-15.0,23.0,15.0,12.0,-79.0,-15.0,-67.0,-3.05,screener
KALPATARU,Mar 2026,2026-03-31,quarter,1694.0,1478.0,216.0,13.0,35.0,11.0,14.0,226.0,14.0,194.0,9.74,screener
KALYANI,Dec 2020,2020-12-31,quarter,88.88,87.71,1.17,1.32,0.13,0.68,0.38,0.24,45.83,0.12,-5.3,screener
KALYANI,Mar 2021,2021-03-31,quarter,75.83,74.51,1.32,1.74,0.07,0.76,0.07,0.56,37.5,0.95,9.5,screener
KALYANI,Jun 2021,2021-06-30,quarter,36.02,34.23,1.79,4.97,0.24,1.66,0.11,0.26,38.46,1.07,10.7,screener
KALYANI,Sep 2021,2021-09-30,quarter,39.28,37.69,1.59,4.05,-0.62,0.51,0.09,0.37,113.51,0.19,1.9,screener
KALYANI,Dec 2021,2021-12-31,quarter,63.27,61.86,1.41,2.23,0.6,0.4,0.09,1.52,16.45,1.28,12.8,screener
KALYANI,Mar 2022,2022-03-31,quarter,91.09,91.47,-0.38,-0.42,0.07,-0.23,0.13,-0.21,19.05,-0.25,-2.5,screener
KALYANKJIL,Dec 2024,2024-12-31,quarter,7278.0,6848.0,430.0,6.0,40.0,88.0,89.0,294.0,26.0,219.0,2.12,screener
KALYANKJIL,Mar 2025,2025-03-31,quarter,6182.0,5782.0,399.0,6.0,41.0,96.0,93.0,251.0,25.0,188.0,1.82,screener
KALYANKJIL,Jun 2025,2025-06-30,quarter,7268.0,6760.0,508.0,7.0,46.0,104.0,98.0,353.0,25.0,264.0,2.56,screener
KALYANKJIL,Sep 2025,2025-09-30,quarter,7856.0,7359.0,497.0,6.0,51.0,95.0,103.0,350.0,26.0,261.0,2.52,screener
KALYANKJIL,Dec 2025,2025-12-31,quarter,10343.0,9593.0,750.0,7.0,23.0,104.0,109.0,560.0,26.0,416.0,4.03,screener
KALYANKJIL,Mar 2026,2026-03-31,quarter,10275.0,9539.0,736.0,7.0,46.0,130.0,113.0,539.0,24.0,410.0,3.97,screener
KALYANKJIL,Jun 2026,2026-06-30,quarter,10589.0,9956.0,633.0,6.0,56.0,108.0,115.0,465.0,25.0,349.0,3.38,screener
KAMATHOTEL,Dec 2024,2024-12-31,quarter,105.0,61.0,44.0,42.0,2.0,6.0,5.0,36.0,26.0,26.0,8.88,screener
KAMATHOTEL,Mar 2025,2025-03-31,quarter,92.0,68.0,25.0,27.0,2.0,5.0,5.0,16.0,32.0,11.0,3.73,screener
KAMATHOTEL,Jun 2025,2025-06-30,quarter,83.0,65.0,18.0,22.0,2.0,6.0,6.0,8.0,46.0,4.0,1.23,screener
KAMATHOTEL,Sep 2025,2025-09-30,quarter,75.0,67.0,8.0,10.0,4.0,6.0,7.0,-1.0,311.0,-2.0,-1.0,screener
KAMATHOTEL,Dec 2025,2025-12-31,quarter,118.0,79.0,39.0,33.0,-2.0,7.0,7.0,23.0,17.0,19.0,5.87,screener
KAMATHOTEL,Mar 2026,2026-03-31,quarter,110.0,78.0,32.0,29.0,10.0,10.0,8.0,24.0,27.0,17.0,5.56,screener
KANPRPLA,Dec 2024,2024-12-31,quarter,161.0,146.0,15.0,9.0,3.0,5.0,4.0,10.0,19.0,8.0,3.48,screener
KANPRPLA,Mar 2025,2025-03-31,quarter,168.0,151.0,17.0,10.0,-4.0,4.0,3.0,5.0,44.0,3.0,1.33,screener
KANPRPLA,Jun 2025,2025-06-30,quarter,180.0,167.0,13.0,7.0,2.0,3.0,3.0,8.0,29.0,6.0,2.6,screener
KANPRPLA,Sep 2025,2025-09-30,quarter,165.0,150.0,15.0,9.0,1.0,3.0,3.0,10.0,25.0,8.0,3.28,screener
KANPRPLA,Dec 2025,2025-12-31,quarter,192.0,178.0,15.0,8.0,5.0,2.0,3.0,14.0,23.0,11.0,4.47,screener
KANPRPLA,Mar 2026,2026-03-31,quarter,180.0,160.0,20.0,11.0,5.0,3.0,3.0,20.0,25.0,15.0,6.12,screener
KANSAINER,Dec 2024,2024-12-31,quarter,1922.0,1687.0,235.0,12.0,671.0,9.0,53.0,844.0,22.0,662.0,8.42,screener
KANSAINER,Mar 2025,2025-03-31,quarter,1817.0,1651.0,166.0,9.0,37.0,8.0,52.0,144.0,29.0,102.0,1.34,screener
KANSAINER,Jun 2025,2025-06-30,quarter,2162.0,1859.0,303.0,14.0,53.0,7.0,53.0,295.0,27.0,216.0,2.73,screener
KANSAINER,Sep 2025,2025-09-30,quarter,1954.0,1739.0,215.0,11.0,28.0,8.0,54.0,182.0,27.0,133.0,1.67,screener
KANSAINER,Dec 2025,2025-12-31,quarter,1982.0,1742.0,240.0,12.0,-10.0,9.0,60.0,161.0,27.0,117.0,1.5,screener
KANSAINER,Mar 2026,2026-03-31,quarter,1954.0,1737.0,216.0,11.0,11.0,8.0,61.0,158.0,31.0,110.0,1.39,screener
KAPSTON,Dec 2024,2024-12-31,quarter,182.55,174.54,8.01,4.39,0.22,3.23,1.32,3.68,-23.1,4.53,1.49,screener
KAPSTON,Mar 2025,2025-03-31,quarter,185.27,175.88,9.39,5.07,0.21,3.34,1.14,5.12,-18.16,6.05,1.99,screener
KAPSTON,Jun 2025,2025-06-30,quarter,190.7,181.56,9.14,4.79,0.59,3.31,0.91,5.51,-11.43,6.13,2.02,screener
KAPSTON,Sep 2025,2025-09-30,quarter,210.65,200.7,9.95,4.72,0.62,3.25,0.93,6.39,-10.49,7.06,2.32,screener
KAPSTON,Dec 2025,2025-12-31,quarter,212.66,201.44,11.22,5.28,0.2,3.26,1.03,7.13,-4.07,7.43,2.44,screener
KAPSTON,Mar 2026,2026-03-31,quarter,216.19,202.72,13.47,6.23,0.28,4.41,1.02,8.32,9.62,7.52,2.47,screener
KARNIKA,Dec 2025,2025-12-31,quarter,73.69,63.55,10.14,13.76,0.51,1.37,0.43,8.85,25.31,6.61,1.05,screener
KARNIKA,Mar 2026,2026-03-31,quarter,71.74,64.05,7.69,10.72,7.15,1.3,0.41,13.13,29.02,9.32,1.45,screener
KARNIKA,Jun 2026,2026-06-30,quarter,73.77,61.05,12.72,17.24,1.71,1.4,0.25,12.78,28.48,9.14,1.45,screener
KARURVYSYA,Mar 2025,2025-03-31,quarter,1598.59,,,,,,,,,513.36,,screener_yfinance_fallback_normalized
KARURVYSYA,Jun 2025,2025-06-30,quarter,1526.6,,,,,,,,,521.45,,screener_yfinance_fallback_normalized
KARURVYSYA,Dec 2025,2025-12-31,quarter,1748.2,,,,,,,,,689.96,,screener_yfinance_fallback_normalized
KARURVYSYA,Mar 2026,2026-03-31,quarter,1974.57,,,,,,,,,724.96,,screener_yfinance_fallback_normalized
KARURVYSYA,Jun 2026,2026-06-30,quarter,1864.54,,,,,,,,,755.7,,screener_yfinance_fallback_normalized
KAYA,Dec 2024,2024-12-31,quarter,58.0,53.0,5.0,8.0,16.0,8.0,10.0,4.0,0.0,4.0,2.81,screener
KAYA,Mar 2025,2025-03-31,quarter,55.0,53.0,2.0,3.0,9.0,8.0,9.0,-7.0,0.0,-7.0,-5.36,screener
KAYA,Jun 2025,2025-06-30,quarter,53.0,49.0,4.0,7.0,1.0,8.0,10.0,-14.0,0.0,-14.0,-10.76,screener
KAYA,Sep 2025,2025-09-30,quarter,54.0,57.0,-3.0,-6.0,4.0,9.0,11.0,-19.0,0.0,-19.0,-12.35,screener
KAYA,Dec 2025,2025-12-31,quarter,60.0,71.0,-11.0,-19.0,-4.0,9.0,12.0,-36.0,0.0,-36.0,-23.41,screener
KAYA,Mar 2026,2026-03-31,quarter,56.0,68.0,-13.0,-23.0,6.0,9.0,12.0,-28.0,0.0,-28.0,-18.28,screener
KAYNES,Dec 2024,2024-12-31,quarter,661.0,567.0,94.0,14.0,25.0,27.0,11.0,81.0,18.0,66.0,10.38,screener
KAYNES,Mar 2025,2025-03-31,quarter,984.0,817.0,168.0,17.0,20.0,29.0,17.0,142.0,18.0,116.0,18.15,screener
KAYNES,Jun 2025,2025-06-30,quarter,673.0,560.0,113.0,17.0,27.0,28.0,16.0,96.0,22.0,75.0,11.14,screener
KAYNES,Sep 2025,2025-09-30,quarter,906.0,758.0,148.0,16.0,43.0,23.0,17.0,152.0,20.0,121.0,18.11,screener
KAYNES,Dec 2025,2025-12-31,quarter,804.0,685.0,119.0,15.0,42.0,25.0,20.0,116.0,34.0,77.0,11.43,screener
KAYNES,Mar 2026,2026-03-31,quarter,1243.0,1049.0,194.0,16.0,42.0,41.0,54.0,140.0,35.0,91.0,13.61,screener
KCP,Dec 2024,2024-12-31,quarter,601.0,552.0,49.0,8.0,-3.0,7.0,22.0,18.0,-73.0,32.0,1.24,screener
KCP,Mar 2025,2025-03-31,quarter,635.0,532.0,102.0,16.0,22.0,6.0,21.0,97.0,25.0,71.0,2.92,screener
KCP,Jun 2025,2025-06-30,quarter,677.0,565.0,111.0,16.0,16.0,9.0,22.0,97.0,7.0,89.0,4.92,screener
KCP,Sep 2025,2025-09-30,quarter,602.0,519.0,82.0,14.0,13.0,10.0,23.0,62.0,22.0,49.0,2.56,screener
KCP,Dec 2025,2025-12-31,quarter,614.0,583.0,32.0,5.0,15.0,8.0,19.0,19.0,15.0,17.0,1.2,screener
KCP,Mar 2026,2026-03-31,quarter,684.0,566.0,118.0,17.0,20.0,6.0,21.0,110.0,-10.0,121.0,6.6,screener
KDDL,Dec 2024,2024-12-31,quarter,472.0,394.0,78.0,16.0,12.0,9.0,24.0,57.0,17.0,47.0,26.4,screener
KDDL,Mar 2025,2025-03-31,quarter,420.0,355.0,64.0,15.0,11.0,8.0,24.0,44.0,28.0,32.0,16.51,screener
KDDL,Jun 2025,2025-06-30,quarter,465.0,397.0,68.0,15.0,12.0,9.0,27.0,44.0,32.0,30.0,16.61,screener
KDDL,Sep 2025,2025-09-30,quarter,517.0,445.0,72.0,14.0,14.0,10.0,29.0,47.0,30.0,33.0,15.76,screener
KDDL,Dec 2025,2025-12-31,quarter,597.0,514.0,83.0,14.0,16.0,11.0,33.0,54.0,30.0,38.0,18.69,screener
KDDL,Mar 2026,2026-03-31,quarter,575.0,490.0,85.0,15.0,10.0,12.0,33.0,50.0,32.0,35.0,20.58,screener
KDDL,Jun 2026,2026-06-30,quarter,634.0,539.0,95.0,15.0,13.0,12.0,35.0,62.0,28.0,45.0,23.87,screener
KEC,Dec 2024,2024-12-31,quarter,5349.0,4975.0,374.0,7.0,1.0,170.0,45.0,160.0,19.0,130.0,4.87,screener
KEC,Mar 2025,2025-03-31,quarter,6872.0,6333.0,539.0,8.0,20.0,170.0,47.0,342.0,22.0,268.0,10.08,screener
KEC,Jun 2025,2025-06-30,quarter,5023.0,4673.0,350.0,7.0,5.0,151.0,46.0,159.0,21.0,125.0,4.68,screener
KEC,Sep 2025,2025-09-30,quarter,6092.0,5661.0,430.0,7.0,5.0,171.0,51.0,213.0,25.0,161.0,6.04,screener
KEC,Dec 2025,2025-12-31,quarter,6001.0,5571.0,430.0,7.0,-49.0,171.0,50.0,160.0,20.0,127.0,4.79,screener
KEC,Mar 2026,2026-03-31,quarter,6390.0,5942.0,448.0,7.0,30.0,170.0,51.0,258.0,25.0,193.0,7.24,screener
KEC,Jun 2026,2026-06-30,quarter,5024.0,4733.0,291.0,6.0,14.0,164.0,51.0,90.0,19.0,73.0,2.73,screener
KECL,Dec 2024,2024-12-31,quarter,119.75,114.01,5.74,4.79,1.56,5.49,1.24,0.57,0.0,0.57,0.09,screener
KECL,Mar 2025,2025-03-31,quarter,129.13,128.43,0.7,0.54,3.17,6.44,1.1,-3.67,4.9,-3.85,-0.58,screener
KECL,Jun 2025,2025-06-30,quarter,132.24,125.36,6.88,5.2,0.96,6.35,1.07,0.42,0.0,0.42,0.06,screener
KECL,Sep 2025,2025-09-30,quarter,142.11,135.7,6.41,4.51,11.09,6.44,1.08,9.98,0.0,9.98,1.5,screener
KECL,Dec 2025,2025-12-31,quarter,151.42,135.61,15.81,10.44,-4.41,6.03,1.06,4.31,4.87,4.1,0.62,screener
KECL,Mar 2026,2026-03-31,quarter,163.57,157.13,6.44,3.94,0.81,6.66,1.13,-0.54,16.67,-0.63,-0.09,screener
KEI,Dec 2024,2024-12-31,quarter,2472.0,2226.0,246.0,10.0,9.0,14.0,19.0,221.0,26.0,165.0,17.25,screener
KEI,Mar 2025,2025-03-31,quarter,2915.0,2614.0,301.0,10.0,37.0,14.0,19.0,305.0,26.0,227.0,23.71,screener
KEI,Jun 2025,2025-06-30,quarter,2590.0,2332.0,258.0,10.0,40.0,14.0,20.0,263.0,26.0,196.0,20.49,screener
KEI,Sep 2025,2025-09-30,quarter,2726.0,2457.0,269.0,10.0,42.0,14.0,20.0,277.0,27.0,204.0,21.29,screener
KEI,Dec 2025,2025-12-31,quarter,2955.0,2635.0,320.0,11.0,34.0,17.0,23.0,315.0,25.0,235.0,24.57,screener
KEI,Mar 2026,2026-03-31,quarter,3476.0,3095.0,382.0,11.0,43.0,19.0,28.0,377.0,25.0,284.0,29.74,screener
KELLTONTEC,Dec 2024,2024-12-31,quarter,279.0,245.0,34.0,12.0,0.0,5.0,4.0,25.0,17.0,21.0,0.43,screener
KELLTONTEC,Mar 2025,2025-03-31,quarter,286.0,257.0,29.0,10.0,1.0,6.0,4.0,21.0,7.0,19.0,0.39,screener
KELLTONTEC,Jun 2025,2025-06-30,quarter,295.0,260.0,35.0,12.0,1.0,5.0,4.0,27.0,16.0,23.0,0.46,screener
KELLTONTEC,Sep 2025,2025-09-30,quarter,300.0,263.0,37.0,12.0,1.0,5.0,4.0,29.0,17.0,24.0,0.46,screener
KELLTONTEC,Dec 2025,2025-12-31,quarter,308.0,269.0,39.0,13.0,1.0,6.0,4.0,30.0,16.0,25.0,0.48,screener
KELLTONTEC,Mar 2026,2026-03-31,quarter,314.0,289.0,25.0,8.0,6.0,6.0,4.0,21.0,7.0,20.0,0.37,screener
KENNAMET,Jun 2021,2021-06-30,quarter,212.0,175.0,37.0,18.0,1.0,0.0,9.0,29.0,26.0,22.0,9.83,screener
KENNAMET,Sep 2021,2021-09-30,quarter,238.0,192.0,45.0,19.0,2.0,0.0,9.0,38.0,25.0,28.0,12.88,screener
KENNAMET,Dec 2021,2021-12-31,quarter,239.0,193.0,46.0,19.0,4.0,0.0,9.0,41.0,25.0,31.0,13.92,screener
KENNAMET,Mar 2022,2022-03-31,quarter,246.0,203.0,43.0,17.0,2.0,0.0,9.0,36.0,25.0,27.0,12.24,screener
KENNAMET,Jun 2022,2022-06-30,quarter,269.0,224.0,45.0,17.0,2.0,0.0,9.0,38.0,26.0,28.0,12.79,screener
KENNAMET,Sep 2022,2022-09-30,quarter,267.0,220.0,47.0,18.0,1.0,0.0,9.0,39.0,19.0,32.0,14.33,screener
KERNEX,Dec 2024,2024-12-31,quarter,37.0,28.0,9.0,23.0,0.0,1.0,1.0,7.0,-1.0,7.0,4.28,screener
KERNEX,Mar 2025,2025-03-31,quarter,83.0,66.0,17.0,21.0,1.0,2.0,1.0,15.0,-114.0,33.0,19.45,screener
KERNEX,Jun 2025,2025-06-30,quarter,56.0,43.0,13.0,22.0,0.0,3.0,1.0,10.0,22.0,7.0,4.45,screener
KERNEX,Sep 2025,2025-09-30,quarter,47.0,33.0,14.0,30.0,0.0,5.0,1.0,9.0,28.0,7.0,3.92,screener
KERNEX,Dec 2025,2025-12-31,quarter,73.0,56.0,17.0,23.0,0.0,9.0,2.0,6.0,3.0,6.0,3.59,screener
KERNEX,Mar 2026,2026-03-31,quarter,255.0,149.0,105.0,41.0,1.0,12.0,2.0,92.0,26.0,68.0,40.63,screener
KFINTECH,Dec 2024,2024-12-31,quarter,290.0,159.0,131.0,45.0,9.0,1.0,16.0,122.0,26.0,90.0,5.25,screener
KFINTECH,Mar 2025,2025-03-31,quarter,283.0,160.0,122.0,43.0,10.0,1.0,17.0,114.0,26.0,85.0,4.94,screener
KFINTECH,Jun 2025,2025-06-30,quarter,274.0,160.0,114.0,41.0,10.0,1.0,18.0,105.0,26.0,77.0,4.49,screener
KFINTECH,Sep 2025,2025-09-30,quarter,309.0,174.0,136.0,44.0,11.0,1.0,18.0,127.0,26.0,93.0,5.42,screener
KFINTECH,Dec 2025,2025-12-31,quarter,371.0,219.0,152.0,41.0,-2.0,1.0,23.0,125.0,27.0,92.0,5.33,screener
KFINTECH,Mar 2026,2026-03-31,quarter,347.0,219.0,128.0,37.0,11.0,1.0,27.0,111.0,27.0,81.0,4.7,screener
KHAITANLTD,Jun 2022,2022-06-30,quarter,17.87,18.69,-0.82,-4.59,0.04,0.65,0.45,-1.88,0.0,-1.88,-3.96,screener
KHAITANLTD,Sep 2022,2022-09-30,quarter,13.84,13.44,0.4,2.89,0.1,0.75,0.45,-0.7,0.0,-0.7,-1.47,screener
KHAITANLTD,Dec 2024,2024-12-31,quarter,17.89,16.35,1.54,8.61,0.11,0.67,0.07,0.91,15.38,0.77,1.62,screener
KHAITANLTD,Sep 2025,2025-09-30,quarter,19.58,18.81,0.77,3.93,0.14,0.41,0.12,0.38,10.53,0.34,0.72,screener
KHAITANLTD,Dec 2025,2025-12-31,quarter,26.83,25.13,1.7,6.34,0.14,0.48,0.09,1.27,3.15,1.22,2.57,screener
KHAITANLTD,Mar 2026,2026-03-31,quarter,36.16,33.21,2.95,8.16,0.32,0.33,0.12,2.82,-3.55,2.92,6.15,screener
KHANDSE,Mar 2025,2025-03-31,quarter,1.18,2.41,-1.23,-104.24,0.37,0.03,0.11,-1.0,105.0,-2.05,-1.34,screener
KHANDSE,Jun 2025,2025-06-30,quarter,1.14,1.78,-0.64,-56.14,0.16,0.04,0.07,-0.59,0.0,-0.59,-0.39,screener
KHANDSE,Sep 2025,2025-09-30,quarter,3.4,3.23,0.17,5.0,0.21,0.06,0.08,0.24,0.0,0.24,0.16,screener
KHANDSE,Dec 2025,2025-12-31,quarter,1.06,2.07,-1.01,-95.28,0.66,0.06,0.08,-0.49,0.0,-0.49,-0.32,screener
KHANDSE,Mar 2026,2026-03-31,quarter,2.3,3.06,-0.76,-33.04,0.44,0.07,0.06,-0.45,-2.22,-0.44,-0.29,screener
KHANDSE,Jun 2026,2026-06-30,quarter,2.27,2.35,-0.08,-3.52,0.32,0.08,0.07,0.09,0.0,0.08,0.05,screener
KILITCH,Dec 2024,2024-12-31,quarter,56.0,47.0,9.0,16.0,2.0,1.0,1.0,8.0,32.0,6.0,1.7,screener
KILITCH,Mar 2025,2025-03-31,quarter,61.0,47.0,15.0,24.0,2.0,2.0,1.0,14.0,26.0,10.0,2.97,screener
KILITCH,Jun 2025,2025-06-30,quarter,43.0,40.0,3.0,8.0,3.0,2.0,1.0,3.0,34.0,2.0,0.87,screener
KILITCH,Sep 2025,2025-09-30,quarter,49.0,44.0,5.0,10.0,7.0,1.0,1.0,9.0,14.0,8.0,2.34,screener
KILITCH,Dec 2025,2025-12-31,quarter,54.0,48.0,6.0,11.0,2.0,1.0,1.0,6.0,23.0,4.0,1.27,screener
KILITCH,Mar 2026,2026-03-31,quarter,90.0,67.0,22.0,25.0,0.0,1.0,1.0,20.0,26.0,15.0,4.15,screener
KIMS,Dec 2024,2024-12-31,quarter,772.0,585.0,187.0,24.0,18.0,26.0,45.0,135.0,31.0,92.0,2.22,screener
KIMS,Mar 2025,2025-03-31,quarter,797.0,599.0,198.0,25.0,15.0,27.0,53.0,134.0,21.0,106.0,2.54,screener
KIMS,Jun 2025,2025-06-30,quarter,872.0,679.0,193.0,22.0,7.0,33.0,53.0,114.0,25.0,85.0,1.96,screener
KIMS,Sep 2025,2025-09-30,quarter,961.0,757.0,204.0,21.0,4.0,45.0,66.0,97.0,26.0,72.0,1.67,screener
KIMS,Dec 2025,2025-12-31,quarter,998.0,799.0,199.0,20.0,5.0,57.0,79.0,69.0,24.0,52.0,1.33,screener
KIMS,Mar 2026,2026-03-31,quarter,1075.0,868.0,206.0,19.0,1.0,68.0,85.0,55.0,40.0,33.0,1.06,screener
KIMS,Jun 2026,2026-06-30,quarter,1180.0,956.0,223.0,19.0,17.0,83.0,101.0,57.0,34.0,37.0,0.99,screener
KIRIINDUS,Dec 2024,2024-12-31,quarter,179.0,223.0,-44.0,-25.0,92.0,50.0,11.0,-14.0,1.0,177.0,31.8,screener
KIRIINDUS,Mar 2025,2025-03-31,quarter,205.0,210.0,-5.0,-2.0,6.0,54.0,11.0,-64.0,0.0,-85.0,-15.22,screener
KIRIINDUS,Jun 2025,2025-06-30,quarter,202.0,218.0,-16.0,-8.0,35.0,60.0,12.0,-53.0,-2.0,10.0,1.82,screener
KIRIINDUS,Sep 2025,2025-09-30,quarter,213.0,227.0,-14.0,-6.0,1.0,61.0,12.0,-85.0,-7.0,20.0,3.27,screener
KIRIINDUS,Dec 2025,2025-12-31,quarter,174.0,222.0,-49.0,-28.0,5956.0,67.0,12.0,5829.0,14.0,5023.0,836.69,screener
KIRIINDUS,Mar 2026,2026-03-31,quarter,250.0,393.0,-142.0,-57.0,66.0,8.0,12.0,-97.0,-615.0,514.0,85.69,screener
KIRLFER,Dec 2024,2024-12-31,quarter,1608.0,1434.0,174.0,11.0,9.0,39.0,65.0,79.0,31.0,54.0,3.3,screener
KIRLFER,Mar 2025,2025-03-31,quarter,1737.0,1536.0,201.0,12.0,24.0,35.0,67.0,124.0,25.0,92.0,5.61,screener
KIRLFER,Jun 2025,2025-06-30,quarter,1698.0,1481.0,217.0,13.0,11.0,34.0,64.0,130.0,27.0,95.0,5.78,screener
KIRLFER,Sep 2025,2025-09-30,quarter,1755.0,1541.0,214.0,12.0,4.0,33.0,66.0,120.0,28.0,86.0,5.24,screener
KIRLFER,Dec 2025,2025-12-31,quarter,1618.0,1432.0,186.0,11.0,-13.0,29.0,67.0,77.0,29.0,55.0,3.34,screener
KIRLFER,Mar 2026,2026-03-31,quarter,1817.0,1593.0,225.0,12.0,44.0,30.0,69.0,170.0,26.0,126.0,7.62,screener
KIRLOSBROS,Dec 2024,2024-12-31,quarter,1144.0,978.0,166.0,14.0,11.0,8.0,22.0,146.0,22.0,118.0,14.76,screener
KIRLOSBROS,Mar 2025,2025-03-31,quarter,1281.0,1092.0,190.0,15.0,24.0,6.0,24.0,184.0,33.0,138.0,17.27,screener_yfinance_fallback_normalized
KIRLOSBROS,Jun 2025,2025-06-30,quarter,979.0,867.0,112.0,11.0,16.0,6.0,23.0,98.0,28.0,68.0,8.4,screener_yfinance_fallback_normalized
KIRLOSBROS,Sep 2025,2025-09-30,quarter,1028.0,919.0,108.0,11.0,18.0,6.0,24.0,96.0,30.0,72.0,8.94,screener_yfinance_fallback_normalized
KIRLOSBROS,Dec 2025,2025-12-31,quarter,1116.0,974.0,142.0,13.0,4.0,9.0,25.0,112.0,-7.0,125.0,15.65,screener_yfinance_fallback_normalized
KIRLOSBROS,Mar 2026,2026-03-31,quarter,1415.0,1233.0,182.0,13.0,1.0,9.0,28.0,146.0,29.0,112.0,14.04,screener_yfinance_fallback_normalized
KIRLOSBROS,Jun 2026,2026-06-30,quarter,1105.0,989.0,116.0,10.0,15.0,8.0,27.0,95.0,30.0,68.0,8.39,screener_yfinance_fallback_normalized
KIRLOSENG,Dec 2024,2024-12-31,quarter,1454.0,1199.0,255.0,18.0,11.0,133.0,37.0,95.0,28.0,68.0,4.91,screener
KIRLOSENG,Mar 2025,2025-03-31,quarter,1749.0,1437.0,312.0,18.0,36.0,131.0,39.0,179.0,29.0,127.0,9.03,screener
KIRLOSENG,Jun 2025,2025-06-30,quarter,1764.0,1437.0,327.0,19.0,39.0,139.0,40.0,187.0,26.0,139.0,9.77,screener
KIRLOSENG,Sep 2025,2025-09-30,quarter,1948.0,1567.0,382.0,20.0,13.0,136.0,42.0,216.0,26.0,159.0,11.18,screener
KIRLOSENG,Dec 2025,2025-12-31,quarter,1873.0,1541.0,331.0,18.0,-13.0,128.0,43.0,148.0,26.0,109.0,7.66,screener
KIRLOSENG,Mar 2026,2026-03-31,quarter,2116.0,1741.0,376.0,18.0,4.0,120.0,49.0,210.0,26.0,155.0,10.91,screener
KIRLOSIND,Dec 2024,2024-12-31,quarter,1614.0,1441.0,172.0,11.0,12.0,39.0,66.0,79.0,33.0,53.0,23.09,screener
KIRLOSIND,Mar 2025,2025-03-31,quarter,1748.0,1542.0,206.0,12.0,39.0,36.0,67.0,142.0,32.0,97.0,44.94,screener
KIRLOSIND,Jun 2025,2025-06-30,quarter,1705.0,1487.0,219.0,13.0,14.0,34.0,65.0,133.0,28.0,95.0,42.1,screener
KIRLOSIND,Sep 2025,2025-09-30,quarter,1782.0,1548.0,233.0,13.0,13.0,33.0,68.0,145.0,32.0,98.0,49.17,screener
KIRLOSIND,Dec 2025,2025-12-31,quarter,1624.0,1440.0,184.0,11.0,-11.0,29.0,68.0,75.0,34.0,49.0,19.35,screener
KIRLOSIND,Mar 2026,2026-03-31,quarter,1827.0,1612.0,216.0,12.0,47.0,30.0,70.0,162.0,32.0,110.0,41.01,screener
KIRLPNU,Dec 2024,2024-12-31,quarter,343.0,293.0,49.0,14.0,6.0,0.0,6.0,49.0,25.0,37.0,5.61,screener
KIRLPNU,Mar 2025,2025-03-31,quarter,592.0,482.0,110.0,19.0,2.0,0.0,7.0,104.0,23.0,80.0,12.37,screener
KIRLPNU,Jun 2025,2025-06-30,quarter,282.0,248.0,33.0,12.0,8.0,0.0,8.0,34.0,26.0,25.0,4.1,screener
KIRLPNU,Sep 2025,2025-09-30,quarter,386.0,328.0,58.0,15.0,7.0,0.0,8.0,57.0,24.0,44.0,6.7,screener
KIRLPNU,Dec 2025,2025-12-31,quarter,407.0,346.0,61.0,15.0,6.0,0.0,8.0,59.0,30.0,42.0,6.5,screener
KIRLPNU,Mar 2026,2026-03-31,quarter,712.0,526.0,186.0,26.0,10.0,0.0,8.0,188.0,23.0,144.0,22.14,screener
KIRLPNU,Jun 2026,2026-06-30,quarter,303.0,258.0,46.0,15.0,8.0,0.0,9.0,45.0,26.0,33.0,5.14,screener
KISSHT,Mar 2025,2025-03-31,quarter,369.0,246.0,123.0,33.0,4.0,52.0,5.0,70.0,23.0,54.0,101.01,screener
KISSHT,Dec 2025,2025-12-31,quarter,591.0,417.0,175.0,30.0,10.0,75.0,5.0,104.0,26.0,77.0,14.25,screener
KISSHT,Mar 2026,2026-03-31,quarter,619.0,433.0,186.0,30.0,6.0,77.0,5.0,110.0,25.0,82.0,6.92,screener
KITEX,Dec 2024,2024-12-31,quarter,276.32,221.92,54.4,19.69,8.04,3.53,3.66,55.25,26.66,40.51,2.06,screener
KITEX,Mar 2025,2025-03-31,quarter,300.17,249.03,51.14,17.04,4.68,4.98,3.16,47.68,33.28,31.82,1.66,screener
KITEX,Jun 2025,2025-06-30,quarter,196.69,162.5,34.19,17.38,0.72,3.54,3.17,28.2,31.52,19.3,1.04,screener
KITEX,Sep 2025,2025-09-30,quarter,122.1,138.06,-15.96,-13.07,29.89,8.24,7.98,-2.29,171.18,-6.22,-0.08,screener
KITEX,Dec 2025,2025-12-31,quarter,181.99,173.5,8.49,4.67,5.01,12.68,13.19,-12.37,37.43,-17.0,-0.47,screener
KITEX,Mar 2026,2026-03-31,quarter,166.17,164.5,1.67,1.0,34.2,20.76,20.24,-5.13,81.09,-9.28,-0.2,screener
KKCL,Dec 2024,2024-12-31,quarter,255.0,208.0,47.0,18.0,2.0,3.0,10.0,36.0,27.0,26.0,3.99,screener
KKCL,Mar 2025,2025-03-31,quarter,288.0,236.0,52.0,18.0,3.0,4.0,10.0,41.0,26.0,30.0,4.73,screener
KKCL,Jun 2025,2025-06-30,quarter,234.0,192.0,42.0,18.0,14.0,4.0,11.0,41.0,22.0,32.0,5.08,screener
KKCL,Sep 2025,2025-09-30,quarter,354.0,283.0,71.0,20.0,7.0,4.0,11.0,63.0,25.0,47.0,7.28,screener
KKCL,Dec 2025,2025-12-31,quarter,301.0,238.0,63.0,21.0,3.0,4.0,11.0,51.0,26.0,38.0,5.54,screener
KKCL,Mar 2026,2026-03-31,quarter,324.0,262.0,62.0,19.0,0.0,3.0,12.0,47.0,27.0,35.0,5.03,screener
KLBRENG-B,Dec 2024,2024-12-31,quarter,108.0,85.0,23.0,22.0,1.0,3.0,2.0,20.0,22.0,15.0,3.19,screener
KLBRENG-B,Mar 2025,2025-03-31,quarter,127.0,91.0,36.0,28.0,1.0,5.0,3.0,29.0,31.0,20.0,4.3,screener
KLBRENG-B,Jun 2025,2025-06-30,quarter,129.0,96.0,33.0,26.0,3.0,3.0,3.0,30.0,28.0,21.0,4.4,screener
KLBRENG-B,Sep 2025,2025-09-30,quarter,154.0,114.0,40.0,26.0,4.0,3.0,3.0,37.0,28.0,27.0,5.23,screener
KLBRENG-B,Dec 2025,2025-12-31,quarter,157.0,121.0,36.0,23.0,2.0,3.0,3.0,32.0,28.0,23.0,4.46,screener
KLBRENG-B,Mar 2026,2026-03-31,quarter,189.0,151.0,38.0,20.0,7.0,5.0,3.0,37.0,33.0,25.0,4.69,screener
KMEW,Dec 2024,2024-12-31,quarter,58.0,33.0,25.0,43.0,1.0,3.0,3.0,19.0,19.0,16.0,7.38,screener
KMEW,Mar 2025,2025-03-31,quarter,47.0,31.0,17.0,35.0,3.0,3.0,3.0,14.0,23.0,11.0,5.04,screener
KMEW,Jun 2025,2025-06-30,quarter,48.0,29.0,20.0,41.0,1.0,4.0,3.0,13.0,17.0,11.0,5.22,screener
KMEW,Sep 2025,2025-09-30,quarter,50.0,30.0,20.0,40.0,1.0,4.0,4.0,14.0,13.0,12.0,5.19,screener
KMEW,Dec 2025,2025-12-31,quarter,90.0,51.0,39.0,43.0,3.0,3.0,4.0,35.0,5.0,33.0,12.45,screener
KMEW,Mar 2026,2026-03-31,quarter,68.0,49.0,19.0,27.0,11.0,4.0,8.0,17.0,-36.0,24.0,10.72,screener
KMEW,Jun 2026,2026-06-30,quarter,115.0,42.0,73.0,64.0,3.0,5.0,6.0,65.0,4.0,63.0,25.09,screener
KNRCON,Dec 2024,2024-12-31,quarter,848.0,593.0,256.0,30.0,122.0,41.0,23.0,313.0,20.0,248.0,8.84,screener
KNRCON,Mar 2025,2025-03-31,quarter,975.0,754.0,221.0,23.0,-100.0,41.0,23.0,58.0,87.0,8.0,4.95,screener
KNRCON,Jun 2025,2025-06-30,quarter,613.0,430.0,183.0,30.0,25.0,48.0,15.0,144.0,16.0,123.0,4.39,screener
KNRCON,Sep 2025,2025-09-30,quarter,646.0,454.0,193.0,30.0,7.0,53.0,15.0,132.0,22.0,105.0,3.72,screener
KNRCON,Dec 2025,2025-12-31,quarter,743.0,576.0,167.0,22.0,14.0,55.0,15.0,110.0,8.0,103.0,3.66,screener
KNRCON,Mar 2026,2026-03-31,quarter,696.0,526.0,169.0,24.0,19.0,56.0,14.0,118.0,21.0,106.0,3.78,screener
KODYTECH,Mar 2025,2025-03-31,quarter,32.0,21.0,11.0,34.0,1.0,1.0,1.0,10.0,28.0,7.0,5.82,screener
KODYTECH,Sep 2025,2025-09-30,quarter,32.0,24.0,8.0,26.0,0.0,0.0,1.0,7.0,34.0,4.0,3.64,screener
KODYTECH,Mar 2026,2026-03-31,quarter,49.0,34.0,14.0,29.0,6.0,0.0,1.0,19.0,35.0,12.0,8.59,screener
KOHINOOR,Dec 2024,2024-12-31,quarter,19.0,22.0,-2.0,-13.0,1.0,5.0,2.0,-8.0,0.0,-8.0,-2.24,screener
KOHINOOR,Mar 2025,2025-03-31,quarter,20.0,20.0,0.0,-2.0,387.0,4.0,2.0,381.0,2.0,376.0,101.33,screener
KOHINOOR,Jun 2025,2025-06-30,quarter,16.0,17.0,0.0,-2.0,1.0,1.0,1.0,-2.0,0.0,-2.0,-0.55,screener
KOHINOOR,Sep 2025,2025-09-30,quarter,48.0,49.0,-1.0,-2.0,2.0,1.0,1.0,-1.0,0.0,-1.0,-0.19,screener
KOHINOOR,Dec 2025,2025-12-31,quarter,55.0,57.0,-1.0,-2.0,8.0,9.0,1.0,-4.0,0.0,-4.0,-1.14,screener
KOHINOOR,Mar 2026,2026-03-31,quarter,28.0,32.0,-4.0,-15.0,96.0,-5.0,1.0,96.0,9.0,88.0,23.64,screener
KOLTEPATIL,Dec 2024,2024-12-31,quarter,350.0,324.0,26.0,7.0,20.0,6.0,3.0,36.0,27.0,26.0,3.33,screener
KOLTEPATIL,Mar 2025,2025-03-31,quarter,719.0,612.0,106.0,15.0,6.0,6.0,4.0,101.0,35.0,66.0,8.59,screener
KOLTEPATIL,Jun 2025,2025-06-30,quarter,82.0,108.0,-26.0,-32.0,15.0,7.0,4.0,-22.0,-24.0,-17.0,-1.92,screener
KOLTEPATIL,Sep 2025,2025-09-30,quarter,139.0,176.0,-37.0,-27.0,31.0,3.0,4.0,-14.0,-21.0,-11.0,-1.18,screener
KOLTEPATIL,Dec 2025,2025-12-31,quarter,265.0,257.0,8.0,3.0,17.0,11.0,4.0,10.0,59.0,4.0,0.51,screener
KOLTEPATIL,Mar 2026,2026-03-31,quarter,249.0,255.0,-6.0,-2.0,14.0,6.0,4.0,-2.0,640.0,-15.0,-1.8,screener
KOTAKBANK,Dec 2024,2024-12-31,quarter,16633.0,10596.0,,,7313.0,7170.0,0.0,6180.0,25.0,4701.0,4.73,screener
KOTAKBANK,Mar 2025,2025-03-31,quarter,16772.0,13666.0,,,10402.0,7157.0,0.0,6351.0,23.0,4933.0,4.96,screener
KOTAKBANK,Jun 2025,2025-06-30,quarter,17248.0,13123.0,,,9456.0,7527.0,0.0,6053.0,27.0,4472.0,4.5,screener
KOTAKBANK,Sep 2025,2025-09-30,quarter,17199.0,11606.0,,,7703.0,7333.0,0.0,5963.0,25.0,4468.0,4.49,screener
KOTAKBANK,Dec 2025,2025-12-31,quarter,17507.0,13933.0,,,10344.0,7384.0,0.0,6533.0,25.0,4924.0,4.95,screener
KOTAKBANK,Mar 2026,2026-03-31,quarter,17827.0,13656.0,,,10648.0,7376.0,0.0,7443.0,27.0,5423.0,5.45,screener
KOTAKBANK,Jun 2026,2026-06-30,quarter,18355.0,14857.0,,,11714.0,7703.0,0.0,7509.0,27.0,5480.0,5.51,screener
KOTIC,Dec 2024,2024-12-31,quarter,25.0,26.0,-1.0,-3.0,0.0,2.0,1.0,-4.0,0.0,-4.0,-0.83,screener
KOTIC,Mar 2025,2025-03-31,quarter,26.0,40.0,-14.0,-53.0,0.0,0.0,-1.0,-13.0,0.0,-13.0,-1.4,screener
KOTIC,Jun 2025,2025-06-30,quarter,39.0,40.0,0.0,-1.0,0.0,0.0,2.0,-2.0,0.0,-2.0,-0.2,screener
KOTIC,Sep 2025,2025-09-30,quarter,49.0,54.0,-5.0,-10.0,1.0,0.0,2.0,-7.0,0.0,-7.0,-0.61,screener
KOTIC,Dec 2025,2025-12-31,quarter,51.0,67.0,-16.0,-32.0,0.0,0.0,2.0,-19.0,0.0,-19.0,-1.72,screener
KOTIC,Mar 2026,2026-03-31,quarter,45.0,69.0,-24.0,-54.0,1.0,3.0,6.0,-32.0,0.0,-32.0,-2.96,screener
KPEL,Dec 2024,2024-12-31,quarter,212.0,169.0,43.0,20.0,1.0,7.0,3.0,34.0,22.0,26.0,3.96,screener
KPEL,Mar 2025,2025-03-31,quarter,401.0,331.0,70.0,18.0,7.0,9.0,5.0,65.0,29.0,46.0,6.87,screener
KPEL,Jun 2025,2025-06-30,quarter,219.0,171.0,48.0,22.0,1.0,9.0,6.0,35.0,27.0,25.0,3.8,screener
KPEL,Sep 2025,2025-09-30,quarter,301.0,235.0,66.0,22.0,3.0,9.0,6.0,54.0,33.0,36.0,5.37,screener
KPEL,Dec 2025,2025-12-31,quarter,345.0,270.0,75.0,22.0,3.0,11.0,9.0,57.0,28.0,41.0,6.18,screener
KPEL,Mar 2026,2026-03-31,quarter,632.0,501.0,131.0,21.0,2.0,16.0,9.0,108.0,27.0,79.0,11.64,screener
KPIGREEN,Dec 2024,2024-12-31,quarter,458.0,322.0,137.0,30.0,8.0,15.0,15.0,115.0,26.0,85.0,4.29,screener
KPIGREEN,Mar 2025,2025-03-31,quarter,569.0,408.0,161.0,28.0,8.0,14.0,16.0,139.0,25.0,104.0,5.04,screener
KPIGREEN,Jun 2025,2025-06-30,quarter,603.0,397.0,206.0,34.0,11.0,38.0,30.0,149.0,25.0,111.0,5.27,screener
KPIGREEN,Sep 2025,2025-09-30,quarter,634.0,409.0,226.0,36.0,7.0,43.0,32.0,158.0,26.0,117.0,5.53,screener
KPIGREEN,Dec 2025,2025-12-31,quarter,663.0,427.0,236.0,36.0,16.0,48.0,33.0,170.0,26.0,126.0,5.97,screener
KPIGREEN,Mar 2026,2026-03-31,quarter,796.0,505.0,291.0,37.0,14.0,53.0,39.0,214.0,27.0,155.0,7.36,screener
KPIGREEN,Jun 2026,2026-06-30,quarter,694.0,448.0,246.0,35.0,16.0,80.0,51.0,131.0,28.0,95.0,4.33,screener
KPIL,Dec 2024,2024-12-31,quarter,5732.0,5253.0,479.0,8.0,10.0,164.0,123.0,202.0,31.0,140.0,8.31,screener
KPIL,Mar 2025,2025-03-31,quarter,7067.0,6529.0,538.0,8.0,13.0,118.0,138.0,296.0,26.0,218.0,13.2,screener
KPIL,Jun 2025,2025-06-30,quarter,6171.0,5646.0,525.0,9.0,16.0,122.0,129.0,290.0,26.0,214.0,12.51,screener
KPIL,Sep 2025,2025-09-30,quarter,6529.0,5967.0,561.0,9.0,23.0,137.0,126.0,322.0,26.0,237.0,14.06,screener
KPIL,Dec 2025,2025-12-31,quarter,6665.0,6152.0,513.0,8.0,-1.0,137.0,128.0,247.0,40.0,149.0,8.91,screener
KPIL,Mar 2026,2026-03-31,quarter,7778.0,7138.0,640.0,8.0,103.0,105.0,127.0,511.0,16.0,431.0,25.43,screener
KPIL,Jun 2026,2026-06-30,quarter,6408.0,5846.0,562.0,9.0,77.0,82.0,137.0,420.0,26.0,312.0,18.16,screener
KPITTECH,Dec 2024,2024-12-31,quarter,1478.0,1172.0,306.0,21.0,19.0,10.0,58.0,257.0,27.0,187.0,6.82,screener
KPITTECH,Mar 2025,2025-03-31,quarter,1528.0,1205.0,323.0,21.0,60.0,9.0,58.0,316.0,23.0,245.0,8.93,screener
KPITTECH,Jun 2025,2025-06-30,quarter,1539.0,1244.0,295.0,19.0,16.0,12.0,63.0,236.0,27.0,172.0,6.27,screener
KPITTECH,Sep 2025,2025-09-30,quarter,1588.0,1290.0,298.0,19.0,24.0,16.0,75.0,231.0,27.0,169.0,6.17,screener
KPITTECH,Dec 2025,2025-12-31,quarter,1617.0,1306.0,311.0,19.0,-26.0,23.0,81.0,181.0,26.0,133.0,4.86,screener
KPITTECH,Mar 2026,2026-03-31,quarter,1711.0,1394.0,317.0,18.0,12.0,22.0,82.0,225.0,27.0,163.0,5.95,screener
KPITTECH,Jun 2026,2026-06-30,quarter,1675.0,1418.0,257.0,15.0,8.0,23.0,83.0,160.0,27.0,116.0,4.27,screener
KPL,Mar 2025,2025-03-31,quarter,116.0,90.0,26.0,22.0,1.0,2.0,5.0,19.0,24.0,14.0,13.96,screener
KPL,Jun 2025,2025-06-30,quarter,111.0,87.0,24.0,22.0,0.0,3.0,5.0,17.0,30.0,12.0,11.5,screener
KPL,Sep 2025,2025-09-30,quarter,111.0,86.0,25.0,23.0,1.0,3.0,5.0,18.0,23.0,14.0,13.61,screener
KPL,Dec 2025,2025-12-31,quarter,123.0,93.0,30.0,24.0,0.0,2.0,5.0,22.0,28.0,16.0,15.43,screener
KPL,Mar 2026,2026-03-31,quarter,157.0,118.0,39.0,25.0,1.0,3.0,5.0,32.0,20.0,25.0,24.38,screener
KPL,Jun 2026,2026-06-30,quarter,162.0,121.0,41.0,25.0,1.0,3.0,5.0,34.0,25.0,26.0,24.69,screener
KPRMILL,Dec 2024,2024-12-31,quarter,1529.0,1227.0,302.0,20.0,16.0,9.0,53.0,256.0,21.0,202.0,5.92,screener
KPRMILL,Mar 2025,2025-03-31,quarter,1769.0,1436.0,333.0,19.0,11.0,11.0,52.0,281.0,27.0,205.0,5.98,screener
KPRMILL,Jun 2025,2025-06-30,quarter,1766.0,1456.0,310.0,18.0,36.0,14.0,53.0,279.0,24.0,213.0,6.22,screener
KPRMILL,Sep 2025,2025-09-30,quarter,1632.0,1318.0,314.0,19.0,24.0,12.0,54.0,272.0,20.0,218.0,6.38,screener
KPRMILL,Dec 2025,2025-12-31,quarter,1467.0,1173.0,295.0,20.0,34.0,11.0,54.0,263.0,21.0,209.0,6.1,screener
KPRMILL,Mar 2026,2026-03-31,quarter,1785.0,1436.0,348.0,20.0,41.0,15.0,54.0,320.0,29.0,227.0,6.65,screener
KPRMILL,Jun 2026,2026-06-30,quarter,1936.0,1561.0,375.0,19.0,35.0,15.0,56.0,339.0,24.0,259.0,7.56,screener
KRBL,Dec 2024,2024-12-31,quarter,1682.0,1487.0,195.0,12.0,8.0,1.0,20.0,182.0,27.0,133.0,5.79,screener
KRBL,Mar 2025,2025-03-31,quarter,1442.0,1219.0,224.0,16.0,11.0,8.0,21.0,207.0,25.0,154.0,6.74,screener
KRBL,Jun 2025,2025-06-30,quarter,1584.0,1392.0,193.0,12.0,32.0,1.0,22.0,202.0,25.0,151.0,6.58,screener
KRBL,Sep 2025,2025-09-30,quarter,1511.0,1285.0,226.0,15.0,30.0,1.0,23.0,233.0,26.0,172.0,7.52,screener
KRBL,Dec 2025,2025-12-31,quarter,1477.0,1248.0,229.0,15.0,25.0,1.0,23.0,229.0,26.0,170.0,7.43,screener
KRBL,Mar 2026,2026-03-31,quarter,1526.0,1296.0,229.0,15.0,8.0,4.0,23.0,210.0,26.0,155.0,6.79,screener
KRBL,Jun 2026,2026-06-30,quarter,1496.0,1188.0,308.0,21.0,64.0,1.0,23.0,348.0,25.0,261.0,11.39,screener
KRISHCA,Sep 2023,2023-09-30,quarter,48.0,41.0,8.0,16.0,0.0,1.0,0.0,8.0,25.0,6.0,4.71,screener
KRISHCA,Sep 2024,2024-09-30,quarter,64.0,54.0,9.0,15.0,0.0,1.0,1.0,7.0,26.0,5.0,3.83,screener
KRISHCA,Mar 2025,2025-03-31,quarter,86.0,72.0,13.0,15.0,2.0,2.0,4.0,9.0,28.0,6.0,4.34,screener
KRISHCA,Sep 2025,2025-09-30,quarter,93.0,78.0,15.0,16.0,0.0,3.0,4.0,8.0,28.0,6.0,4.21,screener
KRISHCA,Mar 2026,2026-03-31,quarter,141.0,127.0,14.0,10.0,1.0,3.0,4.0,7.0,28.0,5.0,3.59,screener
KRISHIVAL,Dec 2024,2024-12-31,quarter,54.7,51.7,3.0,5.48,0.18,0.32,1.29,1.57,96.18,0.05,0.45,screener
KRISHIVAL,Mar 2025,2025-03-31,quarter,73.74,67.1,6.64,9.0,2.23,0.38,1.54,6.95,25.18,5.2,1.6,screener
KRISHIVAL,Jun 2025,2025-06-30,quarter,49.52,44.11,5.41,10.92,2.3,0.54,1.31,5.86,24.91,4.4,1.67,screener
KRISHIVAL,Sep 2025,2025-09-30,quarter,66.67,59.26,7.41,11.11,2.23,0.74,1.49,7.41,21.73,5.8,2.2,screener
KRISHIVAL,Dec 2025,2025-12-31,quarter,74.41,65.32,9.09,12.22,2.44,1.19,2.06,8.28,22.58,6.41,2.4,screener
KRISHIVAL,Mar 2026,2026-03-31,quarter,102.07,96.65,5.42,5.31,4.77,0.65,2.56,6.98,20.06,5.59,2.12,screener
KRISHNADEF,Dec 2024,2024-12-31,quarter,52.0,46.0,6.0,11.0,0.0,0.0,1.0,5.0,25.0,4.0,2.85,screener
KRISHNADEF,Mar 2025,2025-03-31,quarter,46.0,35.0,10.0,23.0,1.0,0.0,1.0,10.0,27.0,7.0,5.27,screener
KRISHNADEF,Sep 2025,2025-09-30,quarter,48.0,39.0,9.0,19.0,1.0,0.0,1.0,9.0,25.0,9.0,5.98,screener
KRISHNADEF,Dec 2025,2025-12-31,quarter,64.0,49.0,14.0,22.0,1.0,0.0,1.0,13.0,24.0,10.0,6.78,screener
KRISHNADEF,Mar 2026,2026-03-31,quarter,65.0,49.0,16.0,25.0,2.0,0.0,1.0,17.0,26.0,13.0,8.58,screener
KRN,Mar 2025,2025-03-31,quarter,132.0,113.0,19.0,14.0,4.0,1.0,1.0,21.0,30.0,15.0,2.39,screener
KRN,Jun 2025,2025-06-30,quarter,115.0,98.0,18.0,15.0,4.0,1.0,2.0,18.0,32.0,12.0,2.0,screener
KRN,Sep 2025,2025-09-30,quarter,152.0,122.0,30.0,20.0,2.0,1.0,5.0,27.0,33.0,18.0,2.9,screener
KRN,Dec 2025,2025-12-31,quarter,153.0,122.0,31.0,20.0,2.0,2.0,6.0,26.0,12.0,23.0,3.65,screener
KRN,Mar 2026,2026-03-31,quarter,179.0,146.0,34.0,19.0,2.0,3.0,6.0,27.0,13.0,23.0,3.76,screener
KRN,Jun 2026,2026-06-30,quarter,252.0,203.0,49.0,19.0,3.0,3.0,6.0,42.0,22.0,33.0,5.03,screener
KRSNAA,Dec 2024,2024-12-31,quarter,175.0,129.0,45.0,26.0,9.0,6.0,23.0,25.0,24.0,19.0,6.01,screener
KRSNAA,Mar 2025,2025-03-31,quarter,186.0,133.0,53.0,28.0,4.0,7.0,22.0,29.0,28.0,21.0,6.4,screener
KRSNAA,Jun 2025,2025-06-30,quarter,193.0,142.0,51.0,27.0,4.0,6.0,22.0,27.0,25.0,21.0,6.33,screener
KRSNAA,Sep 2025,2025-09-30,quarter,206.0,147.0,59.0,29.0,4.0,8.0,24.0,32.0,24.0,24.0,7.38,screener
KRSNAA,Dec 2025,2025-12-31,quarter,181.0,135.0,46.0,26.0,4.0,8.0,23.0,20.0,23.0,15.0,4.7,screener
KRSNAA,Mar 2026,2026-03-31,quarter,193.0,138.0,55.0,28.0,32.0,12.0,23.0,52.0,19.0,42.0,12.86,screener
KRYSTAL,Dec 2024,2024-12-31,quarter,276.0,259.0,18.0,6.0,4.0,2.0,2.0,17.0,12.0,15.0,10.84,screener
KRYSTAL,Mar 2025,2025-03-31,quarter,413.0,386.0,27.0,6.0,4.0,3.0,2.0,26.0,34.0,17.0,12.12,screener
KRYSTAL,Jun 2025,2025-06-30,quarter,323.0,302.0,21.0,7.0,4.0,3.0,3.0,19.0,15.0,16.0,8.23,screener
KRYSTAL,Sep 2025,2025-09-30,quarter,283.0,265.0,18.0,6.0,4.0,4.0,3.0,16.0,17.0,13.0,9.43,screener
KRYSTAL,Dec 2025,2025-12-31,quarter,306.0,285.0,20.0,7.0,5.0,4.0,3.0,18.0,13.0,16.0,11.38,screener
KRYSTAL,Mar 2026,2026-03-31,quarter,365.0,341.0,24.0,7.0,6.0,5.0,3.0,22.0,13.0,19.0,13.49,screener
KSB,Dec 2024,2024-12-31,quarter,726.0,628.0,98.0,14.0,14.0,0.0,14.0,98.0,25.0,73.0,4.2,screener
KSB,Mar 2025,2025-03-31,quarter,595.0,528.0,68.0,11.0,16.0,1.0,14.0,69.0,25.0,52.0,2.96,screener
KSB,Jun 2025,2025-06-30,quarter,667.0,575.0,91.0,14.0,16.0,1.0,14.0,92.0,24.0,70.0,4.05,screener
KSB,Sep 2025,2025-09-30,quarter,650.0,565.0,85.0,13.0,22.0,1.0,15.0,91.0,26.0,68.0,3.88,screener
KSB,Dec 2025,2025-12-31,quarter,784.0,654.0,130.0,17.0,-5.0,1.0,16.0,108.0,25.0,81.0,4.65,screener
KSB,Mar 2026,2026-03-31,quarter,601.0,550.0,51.0,8.0,18.0,1.0,14.0,53.0,25.0,40.0,2.29,screener
KSB,Jun 2026,2026-06-30,quarter,691.0,609.0,82.0,12.0,9.0,1.0,15.0,75.0,23.0,57.0,3.29,screener
KSCL,Dec 2024,2024-12-31,quarter,174.0,160.0,14.0,8.0,11.0,0.0,9.0,17.0,11.0,15.0,3.0,screener
KSCL,Mar 2025,2025-03-31,quarter,90.0,107.0,-17.0,-18.0,13.0,0.0,16.0,-20.0,17.0,-23.0,-4.46,screener
KSCL,Jun 2025,2025-06-30,quarter,859.0,520.0,338.0,39.0,10.0,0.0,14.0,334.0,2.0,327.0,63.39,screener
KSCL,Sep 2025,2025-09-30,quarter,219.0,225.0,-6.0,-3.0,6.0,0.0,15.0,-15.0,7.0,-16.0,-3.0,screener
KSCL,Dec 2025,2025-12-31,quarter,210.0,189.0,21.0,10.0,8.0,0.0,15.0,14.0,6.0,13.0,2.53,screener
KSCL,Mar 2026,2026-03-31,quarter,107.0,123.0,-16.0,-15.0,6.0,0.0,16.0,-27.0,3.0,-28.0,-5.41,screener
KSHITIJPOL,Dec 2024,2024-12-31,quarter,10.61,11.64,-1.03,-9.71,0.95,0.31,0.36,-0.75,0.0,-0.5,-0.06,screener
KSHITIJPOL,Mar 2025,2025-03-31,quarter,6.66,10.99,-4.33,-65.02,0.62,0.95,0.93,-5.59,-3.04,-3.81,-0.43,screener
KSHITIJPOL,Jun 2025,2025-06-30,quarter,9.1,8.32,0.78,8.57,0.5,0.46,0.5,0.32,0.0,0.45,0.05,screener
KSHITIJPOL,Sep 2025,2025-09-30,quarter,11.97,11.34,0.63,5.26,0.86,0.47,0.66,0.36,0.0,0.51,0.03,screener
KSHITIJPOL,Dec 2025,2025-12-31,quarter,10.54,9.82,0.72,6.83,0.62,0.27,0.57,0.5,0.0,0.61,0.04,screener
KSHITIJPOL,Mar 2026,2026-03-31,quarter,13.14,9.41,3.73,28.39,0.35,0.22,1.2,2.66,15.79,2.17,0.14,screener
KSHITIJPOL,Jun 2026,2026-06-30,quarter,14.35,13.17,1.18,8.22,0.6,0.56,0.67,0.55,0.0,0.47,0.04,screener
KSL,Dec 2024,2024-12-31,quarter,484.0,401.0,83.0,17.0,13.0,6.0,16.0,76.0,25.0,56.0,12.93,screener
KSL,Mar 2025,2025-03-31,quarter,544.0,430.0,114.0,21.0,14.0,4.0,16.0,108.0,26.0,80.0,18.37,screener
KSL,Jun 2025,2025-06-30,quarter,443.0,357.0,85.0,19.0,15.0,3.0,15.0,83.0,26.0,62.0,14.13,screener
KSL,Sep 2025,2025-09-30,quarter,456.0,371.0,85.0,19.0,15.0,2.0,15.0,84.0,25.0,63.0,14.33,screener
KSL,Dec 2025,2025-12-31,quarter,462.0,371.0,92.0,20.0,8.0,2.0,14.0,83.0,26.0,62.0,14.19,screener
KSL,Mar 2026,2026-03-31,quarter,484.0,385.0,99.0,20.0,14.0,1.0,14.0,98.0,26.0,72.0,16.42,screener
KSOLVES,Mar 2025,2025-03-31,quarter,33.34,24.79,8.55,25.64,0.16,0.14,0.76,7.81,24.97,5.86,2.47,screener
KSOLVES,Jun 2025,2025-06-30,quarter,37.67,27.73,9.94,26.39,0.1,0.26,0.77,9.01,28.63,6.43,2.71,screener
KSOLVES,Sep 2025,2025-09-30,quarter,39.67,27.6,12.07,30.43,0.14,0.16,0.79,11.26,25.4,8.41,3.55,screener
KSOLVES,Dec 2025,2025-12-31,quarter,42.3,28.6,13.7,32.39,0.16,0.21,0.78,12.87,23.93,9.8,4.13,screener
KSOLVES,Mar 2026,2026-03-31,quarter,43.03,30.43,12.6,29.28,0.44,0.23,0.85,11.96,18.98,9.69,4.09,screener
KSOLVES,Jun 2026,2026-06-30,quarter,41.44,28.88,12.56,30.31,0.67,0.21,0.86,12.16,24.34,9.21,3.88,screener
KTKBANK,Dec 2024,2024-12-31,quarter,2243.0,743.0,,,299.0,1450.0,0.0,349.0,19.0,284.0,7.5,screener
KTKBANK,Mar 2025,2025-03-31,quarter,2258.0,865.0,,,428.0,1478.0,0.0,344.0,27.0,253.0,6.68,screener
KTKBANK,Jun 2025,2025-06-30,quarter,2261.0,757.0,,,358.0,1506.0,0.0,357.0,18.0,292.0,7.74,screener
KTKBANK,Sep 2025,2025-09-30,quarter,2179.0,651.0,,,343.0,1451.0,0.0,420.0,24.0,319.0,8.44,screener
KTKBANK,Dec 2025,2025-12-31,quarter,2220.0,737.0,,,302.0,1428.0,0.0,357.0,19.0,291.0,7.69,screener
KTKBANK,Mar 2026,2026-03-31,quarter,2257.0,717.0,,,399.0,1414.0,0.0,525.0,22.0,408.0,10.8,screener
KTKBANK,Jun 2026,2026-06-30,quarter,2383.0,742.0,,,355.0,1444.0,0.0,552.0,24.0,419.0,11.08,screener
LALPATHLAB,Dec 2024,2024-12-31,quarter,597.0,443.0,154.0,26.0,25.0,5.0,36.0,138.0,29.0,98.0,5.78,screener
LALPATHLAB,Mar 2025,2025-03-31,quarter,603.0,434.0,169.0,28.0,26.0,5.0,36.0,153.0,-1.0,156.0,9.26,screener
LALPATHLAB,Jun 2025,2025-06-30,quarter,670.0,478.0,192.0,29.0,28.0,5.0,35.0,181.0,26.0,134.0,7.9,screener
LALPATHLAB,Sep 2025,2025-09-30,quarter,731.0,506.0,224.0,31.0,25.0,5.0,40.0,204.0,25.0,152.0,8.99,screener
LALPATHLAB,Dec 2025,2025-12-31,quarter,660.0,480.0,179.0,27.0,-6.0,7.0,42.0,124.0,26.0,91.0,5.4,screener
LALPATHLAB,Mar 2026,2026-03-31,quarter,703.0,516.0,187.0,27.0,24.0,6.0,45.0,160.0,17.0,132.0,7.84,screener
LALPATHLAB,Jun 2026,2026-06-30,quarter,798.0,550.0,248.0,31.0,32.0,6.0,44.0,229.0,25.0,170.0,10.11,screener
LANDMARK,Dec 2024,2024-12-31,quarter,1195.0,1129.0,66.0,6.0,3.0,20.0,34.0,16.0,26.0,12.0,2.75,screener
LANDMARK,Mar 2025,2025-03-31,quarter,1091.0,1037.0,55.0,5.0,6.0,21.0,36.0,4.0,57.0,2.0,0.34,screener
LANDMARK,Jun 2025,2025-06-30,quarter,1062.0,1001.0,61.0,6.0,5.0,20.0,36.0,10.0,25.0,7.0,1.67,screener
LANDMARK,Sep 2025,2025-09-30,quarter,1211.0,1157.0,54.0,4.0,5.0,20.0,38.0,1.0,-148.0,2.0,0.29,screener
LANDMARK,Dec 2025,2025-12-31,quarter,1345.0,1271.0,74.0,5.0,3.0,20.0,38.0,19.0,26.0,14.0,3.42,screener
LANDMARK,Mar 2026,2026-03-31,quarter,1279.0,1203.0,76.0,6.0,2.0,19.0,37.0,21.0,27.0,15.0,3.62,screener
LATENTVIEW,Dec 2024,2024-12-31,quarter,228.0,178.0,50.0,22.0,15.0,0.0,8.0,56.0,24.0,43.0,2.03,screener
LATENTVIEW,Mar 2025,2025-03-31,quarter,232.0,177.0,55.0,24.0,21.0,5.0,9.0,62.0,18.0,51.0,2.59,screener
LATENTVIEW,Jun 2025,2025-06-30,quarter,236.0,186.0,50.0,21.0,23.0,2.0,10.0,62.0,18.0,51.0,2.46,screener
LATENTVIEW,Sep 2025,2025-09-30,quarter,258.0,201.0,56.0,22.0,19.0,3.0,10.0,62.0,26.0,46.0,2.15,screener
LATENTVIEW,Dec 2025,2025-12-31,quarter,278.0,216.0,62.0,22.0,18.0,2.0,10.0,67.0,24.0,51.0,2.42,screener
LATENTVIEW,Mar 2026,2026-03-31,quarter,289.0,221.0,68.0,23.0,16.0,3.0,10.0,71.0,22.0,55.0,2.55,screener
LATTEYS,Dec 2024,2024-12-31,quarter,17.39,16.6,0.79,4.54,0.08,0.42,0.16,0.29,20.69,0.24,0.04,screener
LATTEYS,Mar 2025,2025-03-31,quarter,24.44,23.34,1.1,4.5,0.09,0.21,0.16,0.82,40.24,0.49,0.09,screener
LATTEYS,Jun 2025,2025-06-30,quarter,23.56,22.33,1.23,5.22,0.04,0.21,0.16,0.9,26.67,0.66,0.11,screener
LATTEYS,Sep 2025,2025-09-30,quarter,20.49,19.44,1.05,5.12,0.01,0.18,0.13,0.75,24.0,0.58,0.1,screener
LATTEYS,Dec 2025,2025-12-31,quarter,33.92,32.03,1.89,5.57,-0.07,0.29,0.12,1.41,33.33,0.94,0.16,screener
LATTEYS,Mar 2026,2026-03-31,quarter,38.91,36.52,2.39,6.14,0.01,0.58,0.12,1.7,18.24,1.39,0.24,screener
LAURUSLABS,Dec 2024,2024-12-31,quarter,1415.0,1130.0,285.0,20.0,9.0,58.0,106.0,131.0,31.0,93.0,1.71,screener
LAURUSLABS,Mar 2025,2025-03-31,quarter,1720.0,1300.0,421.0,24.0,59.0,56.0,110.0,312.0,25.0,233.0,4.33,screener
LAURUSLABS,Jun 2025,2025-06-30,quarter,1570.0,1187.0,382.0,24.0,10.0,52.0,117.0,224.0,28.0,162.0,3.02,screener
LAURUSLABS,Sep 2025,2025-09-30,quarter,1653.0,1250.0,403.0,24.0,27.0,40.0,120.0,270.0,28.0,194.0,3.61,screener
LAURUSLABS,Dec 2025,2025-12-31,quarter,1778.0,1298.0,480.0,27.0,6.0,39.0,121.0,327.0,22.0,252.0,4.66,screener
LAURUSLABS,Mar 2026,2026-03-31,quarter,1812.0,1299.0,512.0,28.0,12.0,40.0,122.0,361.0,22.0,282.0,5.17,screener
LAURUSLABS,Jun 2026,2026-06-30,quarter,2026.0,1388.0,638.0,32.0,9.0,42.0,124.0,481.0,25.0,362.0,6.8,screener
LAXMIDENTL,Dec 2024,2024-12-31,quarter,62.0,52.0,10.0,16.0,1.0,2.0,4.0,5.0,23.0,5.0,0.93,screener
LAXMIDENTL,Mar 2025,2025-03-31,quarter,61.0,51.0,10.0,16.0,2.0,1.0,4.0,6.0,41.0,4.0,0.78,screener
LAXMIDENTL,Jun 2025,2025-06-30,quarter,66.0,54.0,12.0,18.0,2.0,0.0,4.0,10.0,24.0,8.0,1.53,screener
LAXMIDENTL,Sep 2025,2025-09-30,quarter,72.0,61.0,11.0,15.0,2.0,0.0,4.0,9.0,20.0,9.0,1.55,screener
LAXMIDENTL,Dec 2025,2025-12-31,quarter,66.0,59.0,7.0,11.0,-4.0,0.0,4.0,-1.0,-175.0,2.0,0.36,screener
LAXMIDENTL,Mar 2026,2026-03-31,quarter,74.0,60.0,14.0,18.0,2.0,0.0,4.0,11.0,4.0,10.0,1.83,screener
LEMONTREE,Dec 2024,2024-12-31,quarter,355.0,171.0,184.0,52.0,1.0,50.0,35.0,100.0,20.0,80.0,0.79,screener
LEMONTREE,Mar 2025,2025-03-31,quarter,379.0,175.0,203.0,54.0,1.0,47.0,35.0,122.0,12.0,108.0,1.07,screener
LEMONTREE,Jun 2025,2025-06-30,quarter,316.0,176.0,140.0,44.0,2.0,45.0,34.0,63.0,23.0,48.0,0.48,screener
LEMONTREE,Sep 2025,2025-09-30,quarter,306.0,176.0,131.0,43.0,2.0,42.0,34.0,56.0,25.0,42.0,0.44,screener
LEMONTREE,Dec 2025,2025-12-31,quarter,406.0,201.0,205.0,50.0,-30.0,41.0,35.0,99.0,17.0,82.0,0.79,screener
LEMONTREE,Mar 2026,2026-03-31,quarter,416.0,202.0,215.0,52.0,1.0,39.0,35.0,142.0,18.0,116.0,1.15,screener
LENSKART,Dec 2024,2024-12-31,quarter,1669.0,1459.0,210.0,13.0,32.0,34.0,199.0,8.0,77.0,2.0,0.02,screener
LENSKART,Mar 2025,2025-03-31,quarter,1728.0,1436.0,292.0,17.0,212.0,48.0,215.0,241.0,9.0,220.0,2.84,screener
LENSKART,Jun 2025,2025-06-30,quarter,1894.0,1558.0,336.0,18.0,42.0,41.0,237.0,100.0,39.0,61.0,0.78,screener
LENSKART,Sep 2025,2025-09-30,quarter,2096.0,1683.0,413.0,20.0,33.0,45.0,253.0,148.0,30.0,103.0,1.24,screener
LENSKART,Dec 2025,2025-12-31,quarter,2308.0,1845.0,462.0,20.0,35.0,49.0,270.0,178.0,26.0,133.0,0.76,screener
LENSKART,Mar 2026,2026-03-31,quarter,2516.0,1979.0,536.0,21.0,49.0,44.0,288.0,254.0,20.0,204.0,1.15,screener
LIBAS,Dec 2024,2024-12-31,quarter,21.5,23.5,-2.0,-9.3,0.0,0.37,0.03,-2.4,-5.42,-2.27,-0.86,screener
LIBAS,Mar 2025,2025-03-31,quarter,31.34,29.46,1.88,6.0,0.29,0.35,0.03,1.79,15.08,1.51,0.57,screener
LIBAS,Jun 2025,2025-06-30,quarter,18.2,17.12,1.08,5.93,-2.39,0.3,0.03,-1.64,0.0,-1.65,-0.63,screener
LIBAS,Sep 2025,2025-09-30,quarter,20.85,19.4,1.45,6.95,0.01,0.33,0.03,1.1,0.91,1.09,0.41,screener
LIBAS,Dec 2025,2025-12-31,quarter,21.88,20.51,1.37,6.26,0.26,0.18,0.03,1.42,1.41,1.39,0.53,screener
LIBAS,Mar 2026,2026-03-31,quarter,17.14,18.97,-1.83,-10.68,1.63,0.39,0.03,-0.62,1.61,-0.63,-0.24,screener
LIBERTSHOE,Dec 2005,2005-12-31,quarter,50.18,42.03,8.15,16.24,0.43,0.96,1.1,6.52,23.62,4.98,,screener
LIBERTSHOE,Mar 2006,2006-03-31,quarter,58.88,50.63,8.25,14.01,0.26,1.1,1.13,6.28,20.7,4.88,2.85,screener
LIBERTSHOE,Jun 2006,2006-06-30,quarter,46.34,40.24,6.1,13.16,0.77,1.61,1.07,4.19,14.32,3.49,2.03,screener
LIBERTSHOE,Sep 2006,2006-09-30,quarter,44.78,38.57,6.21,13.87,0.52,1.74,1.16,3.83,9.66,3.36,1.99,screener
LIBERTSHOE,Dec 2006,2006-12-31,quarter,62.64,53.43,9.21,14.7,0.13,2.01,1.24,6.09,24.3,4.61,2.71,screener
LIBERTSHOE,Mar 2007,2007-03-31,quarter,66.36,57.59,8.77,13.22,0.0,2.71,1.61,4.45,18.65,3.52,2.07,screener
LICHSGFIN,Dec 2024,2024-12-31,quarter,7070.0,297.0,,,1.0,4950.0,25.0,1798.0,20.0,1435.0,26.09,screener
LICHSGFIN,Mar 2025,2025-03-31,quarter,7303.0,546.0,,,0.0,4951.0,26.0,1780.0,23.0,1374.0,24.97,screener
LICHSGFIN,Jun 2025,2025-06-30,quarter,7186.0,410.0,,,0.0,5047.0,25.0,1705.0,20.0,1364.0,24.8,screener
LICHSGFIN,Sep 2025,2025-09-30,quarter,7179.0,450.0,,,1.0,4994.0,32.0,1703.0,21.0,1349.0,24.53,screener
LICHSGFIN,Dec 2025,2025-12-31,quarter,7206.0,474.0,,,6.0,4942.0,34.0,1762.0,21.0,1398.0,25.42,screener
LICHSGFIN,Mar 2026,2026-03-31,quarter,7094.0,346.0,,,2.0,4786.0,31.0,1933.0,23.0,1493.0,27.13,screener
LICHSGFIN,Jun 2026,2026-06-30,quarter,7083.0,210.0,,,5.0,4946.0,30.0,1901.0,21.0,1499.0,27.25,screener
LICI,Dec 2024,2024-12-31,quarter,203751.0,191818.0,11934.0,6.0,818.0,0.0,0.0,12752.0,14.0,11009.0,8.7,screener
LICI,Mar 2025,2025-03-31,quarter,243134.0,221621.0,21514.0,9.0,954.0,0.0,0.0,22468.0,15.0,19039.0,15.05,screener
LICI,Jun 2025,2025-06-30,quarter,224671.0,214198.0,10474.0,4.7,780.0,0.0,0.0,11253.0,15.0,10955.0,8.66,screener
LICI,Sep 2025,2025-09-30,quarter,241524.0,232032.0,9492.0,3.9,1044.0,0.0,0.0,10537.0,14.0,10096.0,7.98,screener
LICI,Dec 2025,2025-12-31,quarter,235954.0,223588.0,12366.0,5.0,822.0,0.0,0.0,13188.0,15.0,12908.0,10.22,screener
LICI,Mar 2026,2026-03-31,quarter,276744.0,265521.0,11222.0,4.1,3166.0,0.0,0.0,14388.0,-63.0,23467.0,18.55,screener
LICI,Jun 2026,2026-06-30,quarter,239866.0,225854.0,14012.0,6.0,1301.0,0.0,0.0,15312.0,11.0,13584.0,10.74,screener
LINC,Dec 2024,2024-12-31,quarter,122.0,108.0,15.0,12.0,1.0,1.0,4.0,11.0,25.0,9.0,1.47,screener
LINC,Mar 2025,2025-03-31,quarter,154.0,135.0,19.0,12.0,2.0,1.0,4.0,17.0,28.0,12.0,2.04,screener
LINC,Jun 2025,2025-06-30,quarter,137.0,124.0,13.0,10.0,1.0,1.0,4.0,10.0,25.0,7.0,1.19,screener
LINC,Sep 2025,2025-09-30,quarter,139.0,123.0,16.0,11.0,2.0,1.0,4.0,13.0,25.0,8.0,1.42,screener
LINC,Dec 2025,2025-12-31,quarter,129.0,116.0,13.0,10.0,2.0,1.0,4.0,10.0,26.0,7.0,1.14,screener
LINC,Mar 2026,2026-03-31,quarter,138.0,120.0,18.0,13.0,3.0,1.0,4.0,16.0,27.0,10.0,1.76,screener
LINCOLN,Dec 2024,2024-12-31,quarter,147.0,123.0,24.0,16.0,9.0,1.0,3.0,29.0,28.0,21.0,10.37,screener
LINCOLN,Mar 2025,2025-03-31,quarter,168.0,141.0,27.0,16.0,-7.0,0.0,3.0,16.0,29.0,12.0,5.78,screener
LINCOLN,Jun 2025,2025-06-30,quarter,154.0,130.0,24.0,15.0,15.0,0.0,3.0,35.0,22.0,28.0,13.82,screener
LINCOLN,Sep 2025,2025-09-30,quarter,163.0,138.0,25.0,16.0,7.0,0.0,4.0,29.0,31.0,20.0,9.98,screener
LINCOLN,Dec 2025,2025-12-31,quarter,166.0,143.0,24.0,14.0,15.0,0.0,4.0,35.0,18.0,29.0,14.28,screener
LINCOLN,Mar 2026,2026-03-31,quarter,187.0,162.0,25.0,13.0,-4.0,0.0,4.0,17.0,30.0,12.0,5.81,screener
LINDEINDIA,Dec 2024,2024-12-31,quarter,606.0,414.0,192.0,32.0,22.0,2.0,55.0,157.0,26.0,116.0,13.64,screener
LINDEINDIA,Mar 2025,2025-03-31,quarter,592.0,382.0,210.0,35.0,13.0,7.0,56.0,161.0,27.0,118.0,13.88,screener
LINDEINDIA,Jun 2025,2025-06-30,quarter,571.0,374.0,197.0,34.0,6.0,3.0,56.0,144.0,26.0,107.0,12.57,screener
LINDEINDIA,Sep 2025,2025-09-30,quarter,644.0,362.0,282.0,44.0,6.0,3.0,56.0,228.0,25.0,171.0,20.05,screener
LINDEINDIA,Dec 2025,2025-12-31,quarter,701.0,444.0,257.0,37.0,55.0,6.0,62.0,245.0,21.0,193.0,22.67,screener
LINDEINDIA,Mar 2026,2026-03-31,quarter,614.0,441.0,173.0,28.0,7.0,3.0,61.0,116.0,33.0,77.0,9.08,screener
LINDEINDIA,Jun 2026,2026-06-30,quarter,694.0,494.0,201.0,29.0,7.0,6.0,62.0,140.0,25.0,105.0,12.26,screener
LLOYDSME,Dec 2024,2024-12-31,quarter,1675.0,1139.0,536.0,32.0,18.0,8.0,22.0,524.0,26.0,389.0,7.44,screener
LLOYDSME,Mar 2025,2025-03-31,quarter,1193.0,932.0,261.0,22.0,19.0,13.0,22.0,245.0,17.0,202.0,3.86,screener
LLOYDSME,Jun 2025,2025-06-30,quarter,2384.0,1589.0,794.0,33.0,28.0,15.0,31.0,777.0,17.0,642.0,12.26,screener
LLOYDSME,Sep 2025,2025-09-30,quarter,3651.0,2608.0,1043.0,29.0,55.0,176.0,167.0,756.0,25.0,567.0,10.87,screener
LLOYDSME,Dec 2025,2025-12-31,quarter,5058.0,3302.0,1756.0,35.0,98.0,152.0,186.0,1517.0,28.0,1090.0,19.24,screener
LLOYDSME,Mar 2026,2026-03-31,quarter,6020.0,3474.0,2545.0,42.0,34.0,168.0,224.0,2187.0,30.0,1530.0,25.22,screener
LLOYDSME,Jun 2026,2026-06-30,quarter,7354.0,4573.0,2781.0,38.0,161.0,276.0,262.0,2405.0,28.0,1734.0,30.67,screener
LODHA,Dec 2024,2024-12-31,quarter,4083.0,2777.0,1306.0,32.0,64.0,144.0,67.0,1158.0,18.0,945.0,9.47,screener
LODHA,Mar 2025,2025-03-31,quarter,4224.0,3004.0,1220.0,29.0,196.0,152.0,78.0,1186.0,22.0,923.0,9.24,screener
LODHA,Jun 2025,2025-06-30,quarter,3492.0,2508.0,984.0,28.0,133.0,148.0,66.0,904.0,25.0,675.0,6.76,screener
LODHA,Sep 2025,2025-09-30,quarter,3798.0,2690.0,1108.0,29.0,80.0,156.0,71.0,961.0,18.0,790.0,7.9,screener
LODHA,Dec 2025,2025-12-31,quarter,4672.0,3257.0,1415.0,30.0,110.0,185.0,98.0,1243.0,23.0,958.0,9.58,screener
LODHA,Mar 2026,2026-03-31,quarter,4714.0,3301.0,1413.0,30.0,129.0,167.0,111.0,1264.0,20.0,1008.0,10.09,screener
LODHA,Jun 2026,2026-06-30,quarter,4997.0,3074.0,1922.0,38.0,102.0,179.0,69.0,1776.0,23.0,1373.0,13.73,screener
LOTUSDEV,Dec 2024,2024-12-31,quarter,116.0,55.0,62.0,53.0,7.0,0.0,0.0,69.0,25.0,51.0,1.17,screener
LOTUSDEV,Mar 2025,2025-03-31,quarter,190.0,81.0,109.0,57.0,8.0,0.0,0.0,117.0,26.0,86.0,1.97,screener
LOTUSDEV,Jun 2025,2025-06-30,quarter,61.0,32.0,29.0,48.0,7.0,0.0,0.0,35.0,27.0,26.0,0.59,screener
LOTUSDEV,Sep 2025,2025-09-30,quarter,176.0,126.0,50.0,29.0,13.0,0.0,0.0,62.0,26.0,46.0,0.94,screener
LOTUSDEV,Dec 2025,2025-12-31,quarter,224.0,145.0,79.0,35.0,16.0,0.0,0.0,94.0,26.0,70.0,1.43,screener
LOTUSDEV,Mar 2026,2026-03-31,quarter,308.0,186.0,121.0,39.0,15.0,0.0,0.0,135.0,25.0,101.0,1.96,screener
LT,Dec 2024,2024-12-31,quarter,64668.0,56770.0,7898.0,12.0,968.0,2486.0,1047.0,5333.0,25.0,3974.0,24.43,screener
LT,Mar 2025,2025-03-31,quarter,74392.0,64516.0,9876.0,13.0,1610.0,2419.0,1052.0,8014.0,23.0,6156.0,39.97,screener
LT,Jun 2025,2025-06-30,quarter,63679.0,55655.0,8024.0,13.0,1357.0,2488.0,1033.0,5860.0,26.0,4318.0,26.3,screener
LT,Sep 2025,2025-09-30,quarter,67984.0,59470.0,8513.0,13.0,1384.0,2470.0,1092.0,6336.0,26.0,4678.0,28.54,screener
LT,Dec 2025,2025-12-31,quarter,71450.0,62259.0,9190.0,13.0,-350.0,2399.0,1072.0,5370.0,29.0,3825.0,23.37,screener
LT,Mar 2026,2026-03-31,quarter,82762.0,72343.0,10419.0,13.0,1647.0,2488.0,1168.0,8410.0,25.0,6133.0,38.71,screener
LTF,Dec 2024,2024-12-31,quarter,4098.0,1676.0,,,8.0,1569.0,36.0,824.0,24.0,626.0,2.51,screener
LTF,Mar 2025,2025-03-31,quarter,4023.0,1581.0,,,4.0,1600.0,41.0,806.0,21.0,636.0,2.55,screener
LTF,Jun 2025,2025-06-30,quarter,4260.0,1640.0,,,0.0,1636.0,41.0,943.0,26.0,701.0,2.81,screener
LTF,Sep 2025,2025-09-30,quarter,4336.0,1662.0,,,0.0,1634.0,51.0,989.0,26.0,735.0,2.94,screener
LTF,Dec 2025,2025-12-31,quarter,4578.0,1800.0,,,-25.0,1703.0,58.0,992.0,26.0,738.0,2.95,screener
LTF,Mar 2026,2026-03-31,quarter,4771.0,1890.0,,,0.0,1747.0,60.0,1074.0,25.0,809.0,3.22,screener
LTF,Jun 2026,2026-06-30,quarter,5213.0,1974.0,,,30.0,1970.0,63.0,1236.0,26.0,916.0,3.6,screener
LTFOODS,Dec 2024,2024-12-31,quarter,2275.0,2025.0,250.0,11.0,17.0,24.0,46.0,198.0,27.0,145.0,4.13,screener
LTFOODS,Mar 2025,2025-03-31,quarter,2228.0,1970.0,258.0,12.0,36.0,26.0,53.0,216.0,26.0,161.0,4.62,screener
LTFOODS,Jun 2025,2025-06-30,quarter,2464.0,2199.0,265.0,11.0,43.0,28.0,52.0,228.0,26.0,168.0,4.85,screener
LTFOODS,Sep 2025,2025-09-30,quarter,2766.0,2456.0,309.0,11.0,8.0,28.0,60.0,229.0,28.0,164.0,4.72,screener
LTFOODS,Dec 2025,2025-12-31,quarter,2809.0,2495.0,314.0,11.0,4.0,35.0,63.0,220.0,29.0,157.0,4.53,screener
LTFOODS,Mar 2026,2026-03-31,quarter,2907.0,2639.0,267.0,9.0,31.0,40.0,70.0,189.0,28.0,136.0,3.91,screener
LTM,Dec 2024,2024-12-31,quarter,9661.0,8068.0,1593.0,16.0,212.0,69.0,264.0,1472.0,26.0,1087.0,36.63,screener
LTM,Mar 2025,2025-03-31,quarter,9772.0,8176.0,1596.0,16.0,251.0,67.0,251.0,1529.0,26.0,1129.0,38.09,screener
LTM,Jun 2025,2025-06-30,quarter,9841.0,8191.0,1649.0,17.0,392.0,72.0,243.0,1726.0,27.0,1255.0,42.32,screener
LTM,Sep 2025,2025-09-30,quarter,10394.0,8464.0,1930.0,19.0,300.0,69.0,282.0,1879.0,26.0,1381.0,47.27,screener
LTM,Dec 2025,2025-12-31,quarter,10781.0,8778.0,2003.0,19.0,-363.0,69.0,266.0,1305.0,26.0,960.0,32.74,screener
LTM,Mar 2026,2026-03-31,quarter,11292.0,9319.0,1973.0,17.0,237.0,65.0,264.0,1881.0,26.0,1387.0,46.96,screener
LTTS,Dec 2024,2024-12-31,quarter,2653.0,2158.0,495.0,19.0,34.0,16.0,73.0,440.0,27.0,320.0,30.45,screener
LTTS,Mar 2025,2025-03-31,quarter,2638.0,2205.0,433.0,16.0,80.0,16.0,81.0,416.0,25.0,310.0,29.38,screener
LTTS,Jun 2025,2025-06-30,quarter,2638.0,2197.0,441.0,17.0,83.0,16.0,81.0,427.0,26.0,316.0,29.79,screener
LTTS,Sep 2025,2025-09-30,quarter,2980.0,2489.0,491.0,16.0,66.0,16.0,93.0,448.0,27.0,329.0,31.01,screener
LTTS,Dec 2025,2025-12-31,quarter,2787.0,2289.0,498.0,18.0,9.0,15.0,86.0,406.0,25.0,303.0,28.55,screener
LTTS,Mar 2026,2026-03-31,quarter,2858.0,2336.0,521.0,18.0,31.0,17.0,86.0,449.0,26.0,333.0,31.33,screener
LTTS,Jun 2026,2026-06-30,quarter,2940.0,2392.0,548.0,19.0,34.0,14.0,87.0,481.0,26.0,357.0,33.62,screener
LUMAXIND,Dec 2024,2024-12-31,quarter,887.0,817.0,70.0,8.0,18.0,19.0,27.0,42.0,19.0,33.0,35.82,screener
LUMAXIND,Mar 2025,2025-03-31,quarter,923.0,844.0,79.0,9.0,25.0,18.0,33.0,53.0,18.0,44.0,47.04,screener
LUMAXIND,Jun 2025,2025-06-30,quarter,923.0,841.0,82.0,9.0,16.0,18.0,32.0,48.0,25.0,36.0,38.72,screener
LUMAXIND,Sep 2025,2025-09-30,quarter,1009.0,920.0,89.0,9.0,14.0,19.0,37.0,47.0,24.0,36.0,38.13,screener
LUMAXIND,Dec 2025,2025-12-31,quarter,1053.0,942.0,111.0,11.0,1.0,19.0,38.0,55.0,15.0,47.0,49.8,screener
LUMAXIND,Mar 2026,2026-03-31,quarter,1200.0,1076.0,124.0,10.0,11.0,18.0,45.0,72.0,25.0,54.0,57.88,screener
LUMAXTECH,Dec 2024,2024-12-31,quarter,906.0,788.0,118.0,13.0,9.0,20.0,33.0,74.0,25.0,56.0,6.58,screener
LUMAXTECH,Mar 2025,2025-03-31,quarter,1133.0,976.0,157.0,14.0,9.0,21.0,37.0,108.0,26.0,80.0,8.57,screener
LUMAXTECH,Jun 2025,2025-06-30,quarter,1026.0,901.0,125.0,12.0,11.0,23.0,38.0,74.0,27.0,54.0,6.08,screener
LUMAXTECH,Sep 2025,2025-09-30,quarter,1156.0,1002.0,155.0,13.0,16.0,24.0,41.0,104.0,26.0,78.0,9.81,screener
LUMAXTECH,Dec 2025,2025-12-31,quarter,1271.0,1095.0,176.0,14.0,0.0,27.0,48.0,101.0,-7.0,108.0,12.1,screener
LUMAXTECH,Mar 2026,2026-03-31,quarter,1417.0,1214.0,203.0,14.0,5.0,31.0,52.0,126.0,23.0,98.0,12.93,screener
LUPIN,Dec 2024,2024-12-31,quarter,5768.0,4412.0,1356.0,24.0,54.0,67.0,271.0,1071.0,20.0,859.0,18.74,screener
LUPIN,Mar 2025,2025-03-31,quarter,5667.0,4346.0,1321.0,23.0,57.0,89.0,393.0,896.0,13.0,782.0,16.92,screener
LUPIN,Jun 2025,2025-06-30,quarter,6268.0,4541.0,1727.0,28.0,79.0,92.0,299.0,1416.0,14.0,1221.0,26.69,screener
LUPIN,Sep 2025,2025-09-30,quarter,7048.0,4706.0,2341.0,33.0,90.0,108.0,317.0,2007.0,26.0,1485.0,32.36,screener
LUPIN,Dec 2025,2025-12-31,quarter,7168.0,4906.0,2262.0,32.0,-312.0,115.0,313.0,1522.0,22.0,1181.0,25.73,screener
LUPIN,Mar 2026,2026-03-31,quarter,7475.0,4989.0,2486.0,33.0,9.0,120.0,447.0,1928.0,24.0,1469.0,31.94,screener
LUXIND,Dec 2024,2024-12-31,quarter,553.0,503.0,50.0,9.0,4.0,5.0,6.0,43.0,26.0,32.0,10.66,screener
LUXIND,Mar 2025,2025-03-31,quarter,818.0,741.0,77.0,9.0,2.0,6.0,7.0,66.0,27.0,48.0,15.99,screener
LUXIND,Jun 2025,2025-06-30,quarter,604.0,569.0,35.0,6.0,9.0,7.0,7.0,30.0,24.0,23.0,7.84,screener
LUXIND,Sep 2025,2025-09-30,quarter,779.0,735.0,44.0,6.0,5.0,10.0,7.0,31.0,27.0,23.0,7.8,screener
LUXIND,Dec 2025,2025-12-31,quarter,673.0,637.0,36.0,5.0,0.0,10.0,8.0,19.0,34.0,13.0,4.29,screener
LUXIND,Mar 2026,2026-03-31,quarter,873.0,809.0,64.0,7.0,11.0,11.0,8.0,57.0,17.0,47.0,14.59,screener
LXCHEM,Dec 2024,2024-12-31,quarter,786.0,712.0,75.0,10.0,6.0,2.0,31.0,47.0,38.0,29.0,1.06,screener
LXCHEM,Mar 2025,2025-03-31,quarter,710.0,651.0,59.0,8.0,1.0,7.0,40.0,13.0,-64.0,22.0,0.79,screener
LXCHEM,Jun 2025,2025-06-30,quarter,693.0,662.0,31.0,4.0,6.0,5.0,17.0,14.0,-51.0,21.0,0.77,screener
LXCHEM,Sep 2025,2025-09-30,quarter,700.0,663.0,37.0,5.0,4.0,6.0,20.0,16.0,29.0,11.0,0.4,screener
LXCHEM,Dec 2025,2025-12-31,quarter,719.0,669.0,50.0,7.0,3.0,7.0,20.0,26.0,2.0,25.0,0.92,screener
LXCHEM,Mar 2026,2026-03-31,quarter,735.0,682.0,54.0,7.0,3.0,5.0,19.0,32.0,34.0,22.0,0.78,screener
M&M,Dec 2024,2024-12-31,quarter,41470.0,33239.0,8231.0,20.0,719.0,2362.0,1495.0,5092.0,29.0,3624.0,25.58,screener
M&M,Mar 2025,2025-03-31,quarter,42599.0,34658.0,7942.0,19.0,1110.0,2397.0,2029.0,4627.0,23.0,3542.0,26.5,screener
M&M,Jun 2025,2025-06-30,quarter,45529.0,37301.0,8228.0,18.0,1395.0,2431.0,1548.0,5644.0,22.0,4377.0,32.84,screener
M&M,Sep 2025,2025-09-30,quarter,46106.0,37166.0,8940.0,19.0,1134.0,2347.0,1669.0,6058.0,35.0,3964.0,29.54,screener
M&M,Dec 2025,2025-12-31,quarter,52100.0,41939.0,10160.0,20.0,976.0,2405.0,2163.0,6569.0,24.0,5021.0,37.59,screener
M&M,Mar 2026,2026-03-31,quarter,54982.0,44855.0,10127.0,18.0,1137.0,2407.0,1943.0,6914.0,24.0,5260.0,37.53,screener
M&MFIN,Dec 2024,2024-12-31,quarter,4797.0,1325.0,,,19.0,2175.0,82.0,1233.0,26.0,918.0,6.6,screener
M&MFIN,Mar 2025,2025-03-31,quarter,4886.0,2001.0,,,27.0,2218.0,85.0,609.0,25.0,456.0,3.29,screener
M&MFIN,Jun 2025,2025-06-30,quarter,4991.0,1964.0,,,43.0,2280.0,86.0,704.0,25.0,529.0,3.8,screener
M&MFIN,Sep 2025,2025-09-30,quarter,5026.0,2015.0,,,39.0,2198.0,94.0,759.0,25.0,566.0,4.06,screener
M&MFIN,Dec 2025,2025-12-31,quarter,5450.0,1913.0,,,-100.0,2236.0,96.0,1105.0,25.0,826.0,5.93,screener
M&MFIN,Mar 2026,2026-03-31,quarter,5539.0,1987.0,,,37.0,2220.0,110.0,1259.0,25.0,940.0,6.75,screener
M&MFIN,Jun 2026,2026-06-30,quarter,5718.0,2034.0,,,29.0,2372.0,99.0,1242.0,25.0,927.0,6.66,screener
MAANALU,Dec 2008,2008-12-31,quarter,10.83,10.17,0.66,6.09,0.0,0.15,0.3,0.21,23.81,0.16,0.03,screener
MAANALU,Mar 2009,2009-03-31,quarter,7.6,7.61,-0.01,-0.13,0.0,0.11,0.29,-0.41,-41.46,-0.24,-0.04,screener
MACPOWER,Dec 2021,2021-12-31,quarter,6896.91,9946.49,-3049.58,-44.22,13655.63,9599.42,1888.61,-881.98,30.76,-1153.26,-1152.78,screener
MAFATIND,Dec 2024,2024-12-31,quarter,910.0,896.0,14.0,2.0,13.0,3.0,4.0,20.0,-19.0,24.0,3.4,screener
MAFATIND,Mar 2025,2025-03-31,quarter,450.0,439.0,11.0,2.0,6.0,2.0,4.0,10.0,-124.0,23.0,3.23,screener
MAFATIND,Jun 2025,2025-06-30,quarter,1240.0,1197.0,43.0,4.0,5.0,2.0,4.0,42.0,-9.0,46.0,6.35,screener
MAFATIND,Sep 2025,2025-09-30,quarter,1030.0,1005.0,24.0,2.0,11.0,3.0,4.0,28.0,24.0,22.0,3.03,screener
MAFATIND,Dec 2025,2025-12-31,quarter,717.0,704.0,14.0,2.0,4.0,2.0,4.0,11.0,65.0,4.0,0.62,screener
MAFATIND,Mar 2026,2026-03-31,quarter,884.0,874.0,10.0,1.0,9.0,2.0,4.0,13.0,-37.0,18.0,2.49,screener
MAHABANK,Mar 2025,2025-03-31,quarter,6731.0,2561.0,,,981.0,3614.0,0.0,1537.0,3.0,1502.0,1.95,screener
MAHABANK,Jun 2025,2025-06-30,quarter,7054.0,2414.0,,,825.0,3762.0,0.0,1703.0,6.0,1504.0,1.96,screener
MAHABANK,Sep 2025,2025-09-30,quarter,7128.0,2275.0,,,846.0,3880.0,0.0,1819.0,10.0,1669.0,2.17,screener
MAHABANK,Dec 2025,2025-12-31,quarter,7344.0,2348.0,,,933.0,3922.0,0.0,2008.0,11.0,1799.0,2.34,screener
MAHABANK,Mar 2026,2026-03-31,quarter,7755.0,2312.0,,,938.0,4052.0,0.0,2330.0,14.0,2045.0,2.66,screener
MAHABANK,Jun 2026,2026-06-30,quarter,8035.0,2522.0,,,1029.0,4264.0,0.0,2277.0,11.0,2023.0,2.63,screener
MAHEPC,Dec 2024,2024-12-31,quarter,81.45,71.79,9.66,11.86,0.15,0.47,0.81,8.53,25.56,6.35,2.27,screener
MAHEPC,Mar 2025,2025-03-31,quarter,95.89,86.3,9.59,10.0,1.54,0.76,0.94,9.43,33.72,6.25,2.24,screener
MAHEPC,Jun 2025,2025-06-30,quarter,62.04,59.3,2.74,4.42,0.13,0.76,0.8,1.31,25.19,0.98,0.35,screener
MAHEPC,Sep 2025,2025-09-30,quarter,49.58,48.23,1.35,2.72,0.82,0.8,0.79,0.58,25.86,0.43,0.15,screener
MAHEPC,Dec 2025,2025-12-31,quarter,93.47,83.01,10.46,11.19,-0.25,0.69,0.78,8.74,25.74,6.49,2.32,screener
MAHEPC,Mar 2026,2026-03-31,quarter,107.0,99.96,7.04,6.58,1.0,0.89,0.79,6.36,24.69,4.79,1.71,screener
MAHLIFE,Dec 2024,2024-12-31,quarter,167.0,193.0,-25.0,-15.0,28.0,4.0,4.0,-5.0,336.0,-22.0,-1.05,screener
MAHLIFE,Mar 2025,2025-03-31,quarter,9.0,64.0,-55.0,-597.0,149.0,2.0,6.0,87.0,2.0,85.0,3.99,screener
MAHLIFE,Jun 2025,2025-06-30,quarter,32.0,87.0,-55.0,-172.0,107.0,4.0,6.0,42.0,-23.0,51.0,2.4,screener
MAHLIFE,Sep 2025,2025-09-30,quarter,18.0,70.0,-52.0,-299.0,112.0,2.0,7.0,51.0,6.0,48.0,2.25,screener
MAHLIFE,Dec 2025,2025-12-31,quarter,459.0,429.0,30.0,6.0,107.0,2.0,6.0,129.0,16.0,109.0,5.1,screener
MAHLIFE,Mar 2026,2026-03-31,quarter,670.0,714.0,-44.0,-7.0,137.0,3.0,6.0,84.0,-7.0,90.0,4.22,screener
MAHLOG,Dec 2024,2024-12-31,quarter,1594.0,1521.0,74.0,5.0,6.0,22.0,59.0,-1.0,531.0,-7.0,-0.91,screener
MAHLOG,Mar 2025,2025-03-31,quarter,1570.0,1492.0,78.0,5.0,2.0,21.0,58.0,1.0,671.0,-5.0,-0.68,screener
MAHLOG,Jun 2025,2025-06-30,quarter,1625.0,1548.0,76.0,4.7,5.0,23.0,65.0,-6.0,62.0,-9.0,-1.09,screener
MAHLOG,Sep 2025,2025-09-30,quarter,1685.0,1600.0,85.0,5.0,3.0,22.0,72.0,-5.0,55.0,-8.0,-1.04,screener
MAHLOG,Dec 2025,2025-12-31,quarter,1898.0,1795.0,103.0,5.0,-2.0,17.0,72.0,12.0,52.0,6.0,0.33,screener
MAHLOG,Mar 2026,2026-03-31,quarter,1791.0,1679.0,112.0,6.0,4.0,14.0,70.0,32.0,30.0,22.0,2.03,screener
MAHLOG,Jun 2026,2026-06-30,quarter,2003.0,1888.0,115.0,6.0,10.0,14.0,72.0,39.0,29.0,28.0,2.56,screener
MAHSEAMLES,Dec 2024,2024-12-31,quarter,1408.0,1132.0,276.0,20.0,2.0,1.0,25.0,252.0,26.0,186.0,13.89,screener
MAHSEAMLES,Mar 2025,2025-03-31,quarter,1418.0,1133.0,285.0,20.0,40.0,0.0,25.0,299.0,19.0,242.0,18.06,screener
MAHSEAMLES,Jun 2025,2025-06-30,quarter,1145.0,980.0,165.0,14.0,160.0,0.0,25.0,300.0,23.0,230.0,17.19,screener
MAHSEAMLES,Sep 2025,2025-09-30,quarter,1159.0,1040.0,119.0,10.0,76.0,0.0,25.0,169.0,26.0,125.0,9.35,screener
MAHSEAMLES,Dec 2025,2025-12-31,quarter,1090.0,941.0,149.0,14.0,200.0,1.0,29.0,319.0,24.0,243.0,18.13,screener
MAHSEAMLES,Mar 2026,2026-03-31,quarter,1280.0,1046.0,234.0,18.0,-51.0,1.0,31.0,151.0,32.0,103.0,7.67,screener
MAITHANALL,Dec 2024,2024-12-31,quarter,531.0,502.0,29.0,6.0,97.0,6.0,6.0,114.0,21.0,90.0,31.2,screener
MAITHANALL,Mar 2025,2025-03-31,quarter,435.0,359.0,76.0,18.0,-116.0,8.0,6.0,-54.0,7.0,-58.0,-20.96,screener
MAITHANALL,Jun 2025,2025-06-30,quarter,632.0,567.0,65.0,10.0,649.0,12.0,6.0,696.0,23.0,538.0,184.17,screener
MAITHANALL,Sep 2025,2025-09-30,quarter,491.0,459.0,32.0,7.0,-153.0,14.0,6.0,-141.0,-16.0,-119.0,-41.55,screener
MAITHANALL,Dec 2025,2025-12-31,quarter,490.0,435.0,55.0,11.0,76.0,4.0,6.0,122.0,24.0,93.0,30.54,screener
MAITHANALL,Mar 2026,2026-03-31,quarter,559.0,453.0,106.0,19.0,-159.0,14.0,6.0,-72.0,-2.0,-71.0,-24.2,screener
MALLCOM,Mar 2025,2025-03-31,quarter,137.57,122.17,15.4,11.19,25.54,2.41,2.68,35.85,16.96,29.77,47.71,screener
MALLCOM,Jun 2025,2025-06-30,quarter,122.43,104.78,17.65,14.42,0.17,2.0,2.39,13.43,26.66,9.85,15.79,screener
MALLCOM,Sep 2025,2025-09-30,quarter,139.34,129.48,9.86,7.08,0.3,2.14,2.97,5.05,26.14,3.74,5.99,screener
MALLCOM,Dec 2025,2025-12-31,quarter,131.2,111.91,19.29,14.7,-0.09,2.05,3.33,13.82,26.56,10.15,16.27,screener
MALLCOM,Mar 2026,2026-03-31,quarter,146.69,133.04,13.65,9.31,0.3,2.01,3.67,8.27,23.7,6.3,10.1,screener
MALLCOM,Jun 2026,2026-06-30,quarter,109.49,95.83,13.66,12.48,0.19,1.56,3.56,8.73,24.86,6.57,10.53,screener
MAMATA,Dec 2024,2024-12-31,quarter,73.44,60.72,12.72,17.32,1.16,0.29,0.91,12.68,30.84,8.77,3.56,screener
MAMATA,Mar 2025,2025-03-31,quarter,111.04,74.37,36.67,33.02,1.34,0.16,0.86,36.99,26.68,27.12,11.02,screener
MAMATA,Jun 2025,2025-06-30,quarter,38.66,35.57,3.09,7.99,1.5,0.12,0.82,3.65,27.67,2.65,1.08,screener
MAMATA,Sep 2025,2025-09-30,quarter,53.37,46.75,6.62,12.4,0.8,0.08,1.02,6.32,28.48,4.53,1.84,screener
MAMATA,Dec 2025,2025-12-31,quarter,67.22,58.71,8.51,12.66,2.49,0.23,1.21,9.56,17.78,7.87,3.2,screener
MAMATA,Mar 2026,2026-03-31,quarter,73.75,69.97,3.78,5.13,-2.16,0.31,1.25,0.06,83.33,0.01,0.0,screener
MANAKCOAT,Dec 2024,2024-12-31,quarter,205.05,190.58,14.47,7.06,2.78,8.23,2.31,6.71,25.19,5.01,0.67,screener
MANAKCOAT,Mar 2025,2025-03-31,quarter,207.89,192.72,15.17,7.3,1.96,8.2,2.21,6.72,25.15,5.03,0.63,screener
MANAKCOAT,Jun 2025,2025-06-30,quarter,249.8,225.33,24.47,9.8,4.14,7.77,2.15,18.69,25.09,14.01,1.34,screener
MANAKCOAT,Sep 2025,2025-09-30,quarter,220.33,194.23,26.1,11.85,3.35,8.26,2.17,19.02,26.6,13.96,1.32,screener
MANAKCOAT,Dec 2025,2025-12-31,quarter,186.9,171.4,15.5,8.29,3.01,6.67,2.19,9.65,23.73,7.35,0.69,screener
MANAKCOAT,Mar 2026,2026-03-31,quarter,227.46,213.11,14.35,6.31,1.29,6.55,2.71,6.38,15.83,5.37,0.51,screener
MANAPPURAM,Dec 2024,2024-12-31,quarter,2560.0,1191.0,,,3.0,925.0,70.0,376.0,26.0,278.0,3.33,screener_yfinance_fallback_normalized
MANAPPURAM,Mar 2025,2025-03-31,quarter,2361.0,1637.0,,,2.0,895.0,66.0,-236.0,-14.0,-203.0,-2.26,screener
MANAPPURAM,Jun 2025,2025-06-30,quarter,2262.0,1233.0,,,3.0,855.0,75.0,102.0,-30.0,132.0,1.63,screener
MANAPPURAM,Sep 2025,2025-09-30,quarter,2273.0,1018.0,,,2.0,876.0,79.0,302.0,28.0,217.0,2.6,screener
MANAPPURAM,Dec 2025,2025-12-31,quarter,2354.0,1034.0,,,5.0,945.0,77.0,303.0,21.0,239.0,2.85,screener
MANAPPURAM,Mar 2026,2026-03-31,quarter,2614.0,877.0,,,12.0,1109.0,75.0,564.0,28.0,405.0,4.3,screener
MANAPPURAM,Jun 2026,2026-06-30,quarter,3034.0,906.0,,,6.0,1274.0,78.0,782.0,25.0,585.0,6.22,screener
MANCREDIT,Sep 2018,2018-09-30,quarter,7.35,15.43,,,2.31,2.42,1.8,-9.99,3.9,-10.39,-2.56,screener
MANCREDIT,Dec 2018,2018-12-31,quarter,14.25,3.8,,,1.62,1.88,1.86,8.33,4.8,7.93,2.65,screener
MANCREDIT,Mar 2019,2019-03-31,quarter,81.01,67.28,,,1.25,3.82,2.83,8.33,13.45,7.22,2.32,screener
MANCREDIT,Jun 2019,2019-06-30,quarter,12.34,8.45,,,1.1,1.74,1.71,1.54,33.77,1.03,0.68,screener
MANCREDIT,Sep 2019,2019-09-30,quarter,5.55,4.7,,,1.27,1.65,1.79,-1.32,45.45,-1.92,-0.14,screener
MANCREDIT,Dec 2019,2019-12-31,quarter,8.84,4.0,,,0.93,1.53,1.91,2.33,15.88,1.96,0.76,screener
MANINDS,Dec 2024,2024-12-31,quarter,732.0,653.0,79.0,11.0,6.0,26.0,11.0,47.0,27.0,34.0,5.27,screener
MANINDS,Mar 2025,2025-03-31,quarter,1218.0,1097.0,121.0,10.0,15.0,35.0,11.0,91.0,25.0,68.0,10.53,screener
MANINDS,Jun 2025,2025-06-30,quarter,742.0,693.0,49.0,7.0,31.0,30.0,13.0,38.0,28.0,28.0,4.11,screener
MANINDS,Sep 2025,2025-09-30,quarter,834.0,713.0,121.0,15.0,-19.0,30.0,22.0,49.0,25.0,37.0,4.93,screener
MANINDS,Dec 2025,2025-12-31,quarter,830.0,703.0,128.0,15.0,8.0,38.0,21.0,76.0,28.0,55.0,7.34,screener
MANINDS,Mar 2026,2026-03-31,quarter,1157.0,1018.0,140.0,12.0,8.0,52.0,23.0,73.0,30.0,51.0,6.78,screener
MANINFRA,Dec 2024,2024-12-31,quarter,242.0,181.0,61.0,25.0,33.0,3.0,2.0,89.0,5.0,84.0,2.23,screener
MANINFRA,Mar 2025,2025-03-31,quarter,294.0,187.0,106.0,36.0,37.0,5.0,2.0,136.0,28.0,97.0,2.05,screener
MANINFRA,Jun 2025,2025-06-30,quarter,183.0,142.0,41.0,22.0,45.0,3.0,2.0,80.0,27.0,58.0,1.44,screener
MANINFRA,Sep 2025,2025-09-30,quarter,149.0,112.0,37.0,25.0,46.0,2.0,3.0,78.0,23.0,60.0,1.37,screener
MANINFRA,Dec 2025,2025-12-31,quarter,153.0,121.0,33.0,21.0,45.0,2.0,4.0,72.0,28.0,52.0,1.16,screener
MANINFRA,Mar 2026,2026-03-31,quarter,146.0,127.0,19.0,13.0,42.0,3.0,4.0,55.0,25.0,41.0,1.06,screener
MANINFRA,Jun 2026,2026-06-30,quarter,218.0,147.0,72.0,33.0,22.0,5.0,3.0,85.0,26.0,63.0,1.77,screener
MANKIND,Dec 2024,2024-12-31,quarter,3199.0,2383.0,816.0,26.0,87.0,221.0,187.0,495.0,22.0,385.0,9.22,screener
MANKIND,Mar 2025,2025-03-31,quarter,3079.0,2396.0,683.0,22.0,249.0,191.0,231.0,511.0,17.0,425.0,10.2,screener
MANKIND,Jun 2025,2025-06-30,quarter,3570.0,2724.0,847.0,24.0,83.0,171.0,219.0,540.0,18.0,445.0,10.62,screener
MANKIND,Sep 2025,2025-09-30,quarter,3697.0,2776.0,921.0,25.0,94.0,170.0,222.0,624.0,17.0,520.0,12.39,screener
MANKIND,Dec 2025,2025-12-31,quarter,3567.0,2648.0,919.0,26.0,-31.0,157.0,223.0,509.0,19.0,414.0,9.9,screener
MANKIND,Mar 2026,2026-03-31,quarter,3443.0,2513.0,930.0,27.0,94.0,142.0,223.0,659.0,15.0,559.0,13.43,screener
MANKIND,Jun 2026,2026-06-30,quarter,4031.0,2974.0,1056.0,26.0,49.0,110.0,226.0,769.0,25.0,574.0,13.75,screener
MANORAMA,Dec 2024,2024-12-31,quarter,209.0,155.0,54.0,26.0,4.0,11.0,6.0,41.0,26.0,30.0,5.11,screener
MANORAMA,Mar 2025,2025-03-31,quarter,233.0,172.0,61.0,26.0,10.0,12.0,6.0,52.0,24.0,40.0,6.72,screener
MANORAMA,Jun 2025,2025-06-30,quarter,290.0,215.0,75.0,26.0,6.0,9.0,6.0,65.0,28.0,47.0,7.87,screener
MANORAMA,Sep 2025,2025-09-30,quarter,323.0,236.0,88.0,27.0,1.0,8.0,6.0,74.0,26.0,55.0,9.19,screener
MANORAMA,Dec 2025,2025-12-31,quarter,363.0,260.0,102.0,28.0,12.0,11.0,6.0,96.0,25.0,72.0,12.1,screener
MANORAMA,Mar 2026,2026-03-31,quarter,391.0,294.0,97.0,25.0,-7.0,9.0,7.0,74.0,29.0,52.0,8.79,screener
MANUGRAPH,Dec 2021,2021-12-31,quarter,12.93,16.52,-3.59,-27.76,-0.54,0.6,0.33,-5.06,-11.86,-4.46,-1.47,screener
MANUGRAPH,Mar 2022,2022-03-31,quarter,12.52,15.23,-2.71,-21.65,1.56,0.59,0.32,-2.06,14.56,-2.36,-0.78,screener
MANUGRAPH,Jun 2022,2022-06-30,quarter,6.02,10.37,-4.35,-72.26,0.08,0.68,0.32,-5.27,2.85,-5.42,-1.78,screener
MANUGRAPH,Sep 2022,2022-09-30,quarter,25.43,28.17,-2.74,-10.77,0.36,0.64,0.39,-3.41,2.64,-3.5,-1.15,screener
MANUGRAPH,Dec 2022,2022-12-31,quarter,13.02,19.68,-6.66,-51.15,7.79,0.76,0.36,0.01,800.0,-0.07,-0.02,screener
MANUGRAPH,Mar 2023,2023-03-31,quarter,35.1,36.37,-1.27,-3.62,0.18,0.64,0.32,-2.05,-0.49,-2.04,-0.67,screener
MANYAVAR,Jun 2023,2023-06-30,quarter,312.0,163.0,148.0,48.0,15.0,9.0,30.0,124.0,26.0,92.0,3.79,screener
MANYAVAR,Sep 2023,2023-09-30,quarter,218.0,125.0,93.0,43.0,15.0,11.0,32.0,65.0,25.0,49.0,2.01,screener
MANYAVAR,Dec 2023,2023-12-31,quarter,474.0,232.0,242.0,51.0,15.0,11.0,34.0,212.0,26.0,158.0,6.49,screener
MANYAVAR,Mar 2024,2024-03-31,quarter,363.0,188.0,175.0,48.0,24.0,13.0,38.0,148.0,22.0,116.0,4.77,screener
MANYAVAR,Jun 2024,2024-06-30,quarter,240.0,127.0,113.0,47.0,21.0,14.0,37.0,83.0,25.0,62.0,2.57,screener
MANYAVAR,Sep 2024,2024-09-30,quarter,268.0,146.0,122.0,46.0,19.0,14.0,37.0,90.0,26.0,67.0,2.75,screener
MAPMYINDIA,Dec 2024,2024-12-31,quarter,115.0,73.0,41.0,36.0,9.0,1.0,5.0,44.0,27.0,32.0,5.96,screener
MAPMYINDIA,Mar 2025,2025-03-31,quarter,144.0,88.0,55.0,38.0,23.0,1.0,4.0,74.0,33.0,49.0,8.93,screener
MAPMYINDIA,Jun 2025,2025-06-30,quarter,122.0,67.0,54.0,45.0,14.0,1.0,7.0,60.0,24.0,46.0,8.47,screener
MAPMYINDIA,Sep 2025,2025-09-30,quarter,114.0,87.0,26.0,23.0,10.0,0.0,8.0,28.0,35.0,19.0,3.38,screener
MAPMYINDIA,Dec 2025,2025-12-31,quarter,94.0,69.0,25.0,26.0,11.0,0.0,8.0,27.0,31.0,19.0,3.43,screener
MAPMYINDIA,Mar 2026,2026-03-31,quarter,145.0,82.0,64.0,44.0,18.0,0.0,8.0,73.0,30.0,51.0,9.27,screener
MARATHON,Dec 2024,2024-12-31,quarter,123.0,87.0,36.0,30.0,26.0,9.0,1.0,53.0,21.0,49.0,9.35,screener
MARATHON,Mar 2025,2025-03-31,quarter,149.0,107.0,41.0,28.0,39.0,18.0,1.0,62.0,22.0,54.0,10.41,screener
MARATHON,Jun 2025,2025-06-30,quarter,141.0,110.0,31.0,22.0,50.0,12.0,0.0,68.0,23.0,62.0,11.69,screener
MARATHON,Sep 2025,2025-09-30,quarter,117.0,75.0,42.0,36.0,38.0,2.0,0.0,78.0,18.0,67.0,9.8,screener
MARATHON,Dec 2025,2025-12-31,quarter,125.0,100.0,25.0,20.0,14.0,0.0,0.0,38.0,27.0,33.0,4.8,screener
MARATHON,Mar 2026,2026-03-31,quarter,114.0,89.0,25.0,22.0,38.0,0.0,0.0,63.0,29.0,46.0,6.63,screener
MARATHON,Jun 2026,2026-06-30,quarter,198.0,151.0,47.0,24.0,19.0,1.0,0.0,65.0,24.0,52.0,7.45,screener
MARICO,Dec 2024,2024-12-31,quarter,2794.0,2261.0,533.0,19.0,42.0,13.0,44.0,518.0,22.0,406.0,3.08,screener
MARICO,Mar 2025,2025-03-31,quarter,2730.0,2272.0,458.0,17.0,47.0,12.0,52.0,441.0,22.0,345.0,2.65,screener
MARICO,Jun 2025,2025-06-30,quarter,3221.0,2566.0,655.0,20.0,56.0,10.0,45.0,656.0,22.0,513.0,3.89,screener
MARICO,Sep 2025,2025-09-30,quarter,3482.0,2922.0,560.0,16.0,49.0,12.0,47.0,550.0,21.0,432.0,3.24,screener
MARICO,Dec 2025,2025-12-31,quarter,3537.0,2945.0,592.0,17.0,39.0,14.0,50.0,567.0,19.0,460.0,3.44,screener
MARICO,Mar 2026,2026-03-31,quarter,3301.0,2780.0,521.0,16.0,60.0,17.0,60.0,504.0,19.0,408.0,3.01,screener
MARICO,Jun 2026,2026-06-30,quarter,3957.0,3138.0,819.0,21.0,48.0,21.0,56.0,790.0,17.0,652.0,4.85,screener
MARINE,Dec 2024,2024-12-31,quarter,194.0,182.0,11.0,6.0,4.0,4.0,4.0,8.0,40.0,5.0,0.38,screener
MARINE,Mar 2025,2025-03-31,quarter,251.0,228.0,22.0,9.0,4.0,3.0,4.0,18.0,27.0,14.0,0.97,screener
MARINE,Jun 2025,2025-06-30,quarter,167.0,150.0,17.0,10.0,5.0,3.0,3.0,15.0,25.0,12.0,0.84,screener
MARINE,Sep 2025,2025-09-30,quarter,222.0,196.0,26.0,12.0,4.0,4.0,4.0,22.0,26.0,17.0,1.2,screener
MARINE,Dec 2025,2025-12-31,quarter,210.0,190.0,20.0,10.0,4.0,4.0,4.0,16.0,24.0,12.0,0.85,screener
MARINE,Mar 2026,2026-03-31,quarter,277.0,246.0,32.0,11.0,2.0,8.0,4.0,22.0,17.0,19.0,1.32,screener
MARINE,Jun 2026,2026-06-30,quarter,259.0,231.0,28.0,11.0,4.0,4.0,5.0,24.0,26.0,18.0,1.23,screener
MARKOLINES,Dec 2024,2024-12-31,quarter,80.0,73.0,8.0,9.0,2.0,1.0,2.0,7.0,16.0,6.0,2.86,screener
MARKOLINES,Mar 2025,2025-03-31,quarter,122.0,102.0,20.0,16.0,2.0,3.0,2.0,17.0,28.0,12.0,5.59,screener
MARKOLINES,Jun 2025,2025-06-30,quarter,73.0,66.0,7.0,9.0,1.0,1.0,2.0,5.0,29.0,4.0,1.72,screener
MARKOLINES,Sep 2025,2025-09-30,quarter,78.0,71.0,7.0,9.0,2.0,1.0,2.0,6.0,32.0,4.0,1.85,screener
MARKOLINES,Dec 2025,2025-12-31,quarter,93.0,83.0,10.0,11.0,2.0,1.0,2.0,8.0,19.0,7.0,3.18,screener
MARKOLINES,Mar 2026,2026-03-31,quarter,105.0,89.0,16.0,15.0,3.0,2.0,2.0,15.0,25.0,11.0,5.12,screener
MARKSANS,Dec 2024,2024-12-31,quarter,682.0,543.0,139.0,20.0,28.0,3.0,21.0,143.0,27.0,105.0,2.31,screener
MARKSANS,Mar 2025,2025-03-31,quarter,708.0,582.0,127.0,18.0,15.0,3.0,23.0,116.0,22.0,91.0,2.0,screener
MARKSANS,Jun 2025,2025-06-30,quarter,620.0,520.0,100.0,16.0,6.0,6.0,23.0,77.0,24.0,58.0,1.29,screener
MARKSANS,Sep 2025,2025-09-30,quarter,720.0,576.0,144.0,20.0,22.0,6.0,27.0,133.0,26.0,99.0,2.17,screener
MARKSANS,Dec 2025,2025-12-31,quarter,754.0,594.0,161.0,21.0,20.0,6.0,24.0,151.0,25.0,114.0,2.5,screener
MARKSANS,Mar 2026,2026-03-31,quarter,856.0,661.0,195.0,23.0,35.0,6.0,24.0,200.0,25.0,149.0,3.27,screener
MARKSANS,Jun 2026,2026-06-30,quarter,841.0,628.0,213.0,25.0,25.0,7.0,25.0,207.0,23.0,159.0,3.47,screener
MARSONS,Dec 2024,2024-12-31,quarter,44.0,40.0,4.0,9.0,2.0,0.0,0.0,6.0,0.0,6.0,0.37,screener
MARSONS,Mar 2025,2025-03-31,quarter,56.0,46.0,10.0,18.0,-1.0,0.0,0.0,9.0,0.0,9.0,0.52,screener
MARSONS,Jun 2025,2025-06-30,quarter,47.0,40.0,7.0,16.0,1.0,0.0,0.0,8.0,0.0,8.0,0.47,screener
MARSONS,Sep 2025,2025-09-30,quarter,60.0,51.0,9.0,14.0,1.0,0.0,0.0,9.0,0.0,9.0,0.53,screener
MARSONS,Dec 2025,2025-12-31,quarter,46.0,39.0,7.0,15.0,1.0,1.0,0.0,6.0,0.0,6.0,0.38,screener
MARSONS,Mar 2026,2026-03-31,quarter,93.0,74.0,19.0,21.0,0.0,0.0,0.0,19.0,-22.0,23.0,1.31,screener
MARUTI,Dec 2024,2024-12-31,quarter,38764.0,33688.0,5076.0,13.0,1125.0,46.0,1429.0,4726.0,21.0,3727.0,118.54,screener
MARUTI,Mar 2025,2025-03-31,quarter,40920.0,36076.0,4844.0,12.0,1583.0,48.0,1462.0,4918.0,20.0,3911.0,124.4,screener
MARUTI,Jun 2025,2025-06-30,quarter,38605.0,33983.0,4623.0,12.0,1924.0,47.0,1556.0,4944.0,23.0,3792.0,120.62,screener
MARUTI,Sep 2025,2025-09-30,quarter,42344.0,37258.0,5086.0,12.0,1014.0,57.0,1703.0,4339.0,23.0,3349.0,106.52,screener
MARUTI,Dec 2025,2025-12-31,quarter,49904.0,44331.0,5573.0,11.0,1140.0,62.0,1735.0,4917.0,21.0,3879.0,123.38,screener
MARUTI,Mar 2026,2026-03-31,quarter,52462.0,46304.0,6158.0,12.0,581.0,73.0,1748.0,4918.0,26.0,3659.0,116.38,screener
MARUTI,Jun 2026,2026-06-30,quarter,52470.0,48156.0,4313.0,8.0,1972.0,64.0,1780.0,4441.0,22.0,3447.0,109.63,screener
MASFIN,Dec 2024,2024-12-31,quarter,410.0,106.0,,,1.0,195.0,1.0,108.0,26.0,80.0,4.38,screener
MASFIN,Mar 2025,2025-03-31,quarter,439.0,124.0,,,0.0,202.0,2.0,112.0,26.0,83.0,4.54,screener
MASFIN,Jun 2025,2025-06-30,quarter,466.0,132.0,,,1.0,217.0,2.0,116.0,25.0,87.0,4.71,screener
MASFIN,Sep 2025,2025-09-30,quarter,480.0,134.0,,,2.0,224.0,2.0,123.0,26.0,91.0,4.98,screener
MASFIN,Dec 2025,2025-12-31,quarter,507.0,143.0,,,-4.0,231.0,2.0,127.0,27.0,93.0,5.08,screener
MASFIN,Mar 2026,2026-03-31,quarter,542.0,170.0,,,3.0,235.0,2.0,139.0,25.0,104.0,5.68,screener
MASTEK,Dec 2024,2024-12-31,quarter,870.0,729.0,141.0,16.0,13.0,12.0,17.0,126.0,25.0,95.0,30.67,screener
MASTEK,Mar 2025,2025-03-31,quarter,905.0,767.0,139.0,15.0,-5.0,10.0,19.0,106.0,23.0,81.0,26.2,screener
MASTEK,Jun 2025,2025-06-30,quarter,915.0,777.0,137.0,15.0,11.0,9.0,18.0,121.0,24.0,92.0,29.75,screener
MASTEK,Sep 2025,2025-09-30,quarter,940.0,795.0,146.0,15.0,15.0,9.0,18.0,134.0,27.0,97.0,31.46,screener
MASTEK,Dec 2025,2025-12-31,quarter,906.0,754.0,152.0,17.0,14.0,7.0,18.0,141.0,23.0,108.0,34.96,screener
MASTEK,Mar 2026,2026-03-31,quarter,938.0,787.0,151.0,16.0,0.0,7.0,18.0,125.0,15.0,106.0,34.24,screener
MASTERTR,Dec 2024,2024-12-31,quarter,148.0,84.0,64.0,43.0,0.0,16.0,1.0,47.0,26.0,35.0,3.13,screener
MASTERTR,Mar 2025,2025-03-31,quarter,122.0,69.0,53.0,43.0,0.0,15.0,1.0,37.0,34.0,25.0,2.19,screener
MASTERTR,Jun 2025,2025-06-30,quarter,132.0,80.0,52.0,39.0,0.0,15.0,1.0,36.0,24.0,27.0,2.41,screener
MASTERTR,Sep 2025,2025-09-30,quarter,127.0,68.0,59.0,47.0,0.0,15.0,1.0,43.0,27.0,31.0,2.55,screener
MASTERTR,Dec 2025,2025-12-31,quarter,137.0,76.0,61.0,45.0,0.0,15.0,1.0,45.0,29.0,32.0,2.56,screener
MASTERTR,Mar 2026,2026-03-31,quarter,181.0,117.0,64.0,35.0,0.0,14.0,1.0,49.0,26.0,36.0,2.93,screener
MATRIMONY,Dec 2024,2024-12-31,quarter,111.43,97.78,13.65,12.25,7.01,1.19,7.35,12.12,17.74,9.97,4.62,screener
MATRIMONY,Mar 2025,2025-03-31,quarter,108.32,101.27,7.05,6.51,11.29,1.11,7.04,10.19,19.73,8.18,3.79,screener
MATRIMONY,Jun 2025,2025-06-30,quarter,115.33,102.9,12.43,10.78,6.38,1.13,6.84,10.84,22.51,8.4,3.9,screener
MATRIMONY,Sep 2025,2025-09-30,quarter,114.59,102.55,12.04,10.51,6.13,1.2,7.03,9.94,21.93,7.76,3.6,screener
MATRIMONY,Dec 2025,2025-12-31,quarter,113.24,100.86,12.38,10.93,6.12,1.19,6.65,10.66,22.14,8.3,3.85,screener
MATRIMONY,Mar 2026,2026-03-31,quarter,116.83,102.44,14.39,12.32,5.07,1.13,6.47,11.86,18.13,9.71,4.7,screener
MAWANASUG,Mar 2025,2025-03-31,quarter,343.0,254.0,89.0,26.0,5.0,7.0,9.0,78.0,21.0,62.0,15.77,screener
MAWANASUG,Jun 2025,2025-06-30,quarter,401.0,401.0,-1.0,-0.1,1.0,11.0,7.0,-18.0,-25.0,-14.0,-3.46,screener
MAWANASUG,Sep 2025,2025-09-30,quarter,429.0,439.0,-10.0,-2.4,0.0,4.0,7.0,-22.0,-25.0,-16.0,-4.12,screener
MAWANASUG,Dec 2025,2025-12-31,quarter,367.0,339.0,28.0,8.0,-14.0,1.0,8.0,5.0,28.0,4.0,1.0,screener
MAWANASUG,Mar 2026,2026-03-31,quarter,374.0,287.0,88.0,23.0,11.0,6.0,8.0,84.0,25.0,63.0,16.06,screener
MAWANASUG,Jun 2026,2026-06-30,quarter,416.0,432.0,-17.0,-4.0,1.0,8.0,7.0,-31.0,-25.0,-23.0,-5.9,screener
MAXESTATES,Dec 2024,2024-12-31,quarter,40.04,28.47,11.57,28.9,31.85,14.83,8.16,20.43,22.61,15.82,1.23,screener
MAXESTATES,Mar 2025,2025-03-31,quarter,39.78,30.72,9.06,22.78,37.52,16.55,8.76,21.27,34.23,13.99,1.08,screener
MAXESTATES,Jun 2025,2025-06-30,quarter,51.47,37.56,13.91,27.03,28.66,17.32,8.41,16.84,29.1,11.94,0.71,screener
MAXESTATES,Sep 2025,2025-09-30,quarter,48.77,38.68,10.09,20.69,25.86,16.28,8.04,11.63,32.85,7.82,0.45,screener
MAXESTATES,Dec 2025,2025-12-31,quarter,49.77,46.84,2.93,5.89,21.68,15.63,8.02,0.96,96.88,0.02,-0.07,screener
MAXESTATES,Mar 2026,2026-03-31,quarter,49.43,52.63,-3.2,-6.47,21.15,16.19,7.93,-6.17,-33.87,-4.08,-0.31,screener
MAXHEALTH,Dec 2024,2024-12-31,quarter,1868.0,1369.0,499.0,27.0,-40.0,52.0,98.0,309.0,23.0,239.0,2.46,screener
MAXHEALTH,Mar 2025,2025-03-31,quarter,1910.0,1398.0,512.0,27.0,47.0,55.0,101.0,402.0,21.0,319.0,3.28,screener
MAXHEALTH,Jun 2025,2025-06-30,quarter,2028.0,1505.0,523.0,26.0,37.0,55.0,104.0,400.0,23.0,308.0,3.17,screener
MAXHEALTH,Sep 2025,2025-09-30,quarter,2135.0,1560.0,575.0,27.0,33.0,54.0,108.0,446.0,-10.0,491.0,5.05,screener
MAXHEALTH,Dec 2025,2025-12-31,quarter,2068.0,1529.0,538.0,26.0,-3.0,60.0,111.0,365.0,17.0,301.0,3.09,screener
MAXHEALTH,Mar 2026,2026-03-31,quarter,2143.0,1536.0,606.0,28.0,48.0,67.0,123.0,465.0,26.0,342.0,3.52,screener
MAXIND,Dec 2024,2024-12-31,quarter,35.0,64.0,-30.0,-85.0,-8.0,2.0,5.0,-44.0,0.0,-45.0,-8.68,screener
MAXIND,Mar 2025,2025-03-31,quarter,42.0,82.0,-41.0,-98.0,4.0,3.0,5.0,-45.0,2.0,-46.0,-8.88,screener
MAXIND,Jun 2025,2025-06-30,quarter,37.0,65.0,-28.0,-76.0,13.0,4.0,6.0,-25.0,4.0,-26.0,-4.91,screener
MAXIND,Sep 2025,2025-09-30,quarter,45.0,76.0,-31.0,-69.0,5.0,4.0,6.0,-36.0,-5.0,-34.0,-6.52,screener
MAXIND,Dec 2025,2025-12-31,quarter,43.0,79.0,-36.0,-83.0,4.0,3.0,6.0,-41.0,3.0,-43.0,-8.17,screener
MAXIND,Mar 2026,2026-03-31,quarter,66.0,81.0,-15.0,-23.0,6.0,3.0,7.0,-19.0,2.0,-19.0,-3.67,screener
MAYURUNIQ,Dec 2024,2024-12-31,quarter,208.0,162.0,47.0,22.0,3.0,0.0,7.0,42.0,28.0,31.0,7.04,screener
MAYURUNIQ,Mar 2025,2025-03-31,quarter,251.0,198.0,53.0,21.0,12.0,0.0,7.0,57.0,27.0,42.0,9.55,screener
MAYURUNIQ,Jun 2025,2025-06-30,quarter,216.0,173.0,43.0,20.0,20.0,0.0,7.0,55.0,26.0,41.0,9.37,screener
MAYURUNIQ,Sep 2025,2025-09-30,quarter,240.0,190.0,50.0,21.0,13.0,0.0,7.0,56.0,27.0,41.0,9.4,screener
MAYURUNIQ,Dec 2025,2025-12-31,quarter,237.0,182.0,56.0,23.0,19.0,0.0,7.0,67.0,24.0,51.0,11.67,screener
MAYURUNIQ,Mar 2026,2026-03-31,quarter,273.0,188.0,86.0,31.0,3.0,0.0,7.0,81.0,27.0,59.0,13.68,screener
MAZDOCK,Dec 2024,2024-12-31,quarter,3144.0,2327.0,817.0,26.0,291.0,5.0,40.0,1063.0,28.0,807.0,20.01,screener
MAZDOCK,Mar 2025,2025-03-31,quarter,3174.0,3055.0,119.0,4.0,287.0,8.0,29.0,370.0,21.0,325.0,8.06,screener
MAZDOCK,Jun 2025,2025-06-30,quarter,2626.0,2324.0,302.0,11.0,324.0,35.0,23.0,567.0,26.0,452.0,11.21,screener
MAZDOCK,Sep 2025,2025-09-30,quarter,2929.0,2235.0,695.0,24.0,271.0,8.0,24.0,934.0,24.0,749.0,18.58,screener
MAZDOCK,Dec 2025,2025-12-31,quarter,3601.0,2714.0,887.0,25.0,262.0,6.0,23.0,1120.0,25.0,880.0,21.81,screener
MAZDOCK,Mar 2026,2026-03-31,quarter,3850.0,3308.0,543.0,14.0,283.0,10.0,23.0,793.0,20.0,674.0,16.84,screener
MBEL,Dec 2024,2024-12-31,quarter,328.0,296.0,33.0,10.0,1.0,4.0,3.0,26.0,31.0,18.0,3.55,screener
MBEL,Mar 2025,2025-03-31,quarter,314.0,272.0,42.0,13.0,2.0,5.0,4.0,35.0,18.0,29.0,5.7,screener
MBEL,Jun 2025,2025-06-30,quarter,238.0,208.0,29.0,12.0,4.0,6.0,4.0,24.0,27.0,18.0,3.59,screener
MBEL,Sep 2025,2025-09-30,quarter,307.0,272.0,34.0,11.0,2.0,4.0,4.0,29.0,23.0,22.0,3.88,screener
MBEL,Dec 2025,2025-12-31,quarter,352.0,312.0,40.0,11.0,3.0,4.0,4.0,35.0,26.0,25.0,4.46,screener
MBEL,Mar 2026,2026-03-31,quarter,364.0,326.0,38.0,10.0,5.0,3.0,4.0,36.0,24.0,27.0,4.72,screener
MCLOUD,Dec 2024,2024-12-31,quarter,151.0,96.0,56.0,37.0,0.0,6.0,11.0,39.0,25.0,29.0,0.5,screener
MCLOUD,Mar 2025,2025-03-31,quarter,156.0,111.0,45.0,29.0,3.0,7.0,11.0,30.0,26.0,23.0,0.38,screener
MCLOUD,Jun 2025,2025-06-30,quarter,164.0,107.0,57.0,35.0,0.0,6.0,11.0,40.0,31.0,28.0,0.47,screener
MCLOUD,Sep 2025,2025-09-30,quarter,164.0,111.0,54.0,33.0,1.0,6.0,12.0,38.0,27.0,28.0,0.48,screener
MCLOUD,Dec 2025,2025-12-31,quarter,164.0,111.0,53.0,32.0,-1.0,7.0,12.0,33.0,13.0,29.0,0.5,screener
MCLOUD,Mar 2026,2026-03-31,quarter,206.0,153.0,53.0,26.0,6.0,7.0,16.0,35.0,15.0,30.0,0.5,screener
MCX,Dec 2024,2024-12-31,quarter,301.0,108.0,193.0,64.0,24.0,0.0,15.0,202.0,21.0,160.0,6.28,screener
MCX,Mar 2025,2025-03-31,quarter,291.0,131.0,160.0,55.0,30.0,0.0,22.0,168.0,20.0,135.0,5.31,screener
MCX,Jun 2025,2025-06-30,quarter,373.0,132.0,241.0,65.0,33.0,0.0,17.0,256.0,21.0,203.0,7.97,screener
MCX,Sep 2025,2025-09-30,quarter,374.0,132.0,242.0,65.0,27.0,0.0,20.0,249.0,21.0,197.0,7.74,screener
MCX,Dec 2025,2025-12-31,quarter,666.0,172.0,494.0,74.0,31.0,0.0,22.0,503.0,20.0,401.0,15.73,screener
MCX,Mar 2026,2026-03-31,quarter,889.0,224.0,665.0,75.0,36.0,0.0,19.0,682.0,22.0,530.0,20.78,screener
MCX,Jun 2026,2026-06-30,quarter,702.0,208.0,494.0,70.0,50.0,0.0,21.0,523.0,21.0,413.0,16.21,screener
MEDANTA,Dec 2024,2024-12-31,quarter,943.0,706.0,238.0,25.0,16.0,16.0,48.0,189.0,24.0,143.0,5.32,screener
MEDANTA,Mar 2025,2025-03-31,quarter,931.0,707.0,225.0,24.0,-27.0,15.0,49.0,133.0,24.0,101.0,3.78,screener
MEDANTA,Jun 2025,2025-06-30,quarter,1031.0,784.0,247.0,24.0,20.0,14.0,45.0,208.0,24.0,159.0,5.92,screener
MEDANTA,Sep 2025,2025-09-30,quarter,1099.0,868.0,231.0,21.0,36.0,17.0,50.0,200.0,21.0,158.0,5.89,screener
MEDANTA,Dec 2025,2025-12-31,quarter,1121.0,904.0,217.0,19.0,-15.0,22.0,61.0,120.0,21.0,95.0,3.54,screener
MEDANTA,Mar 2026,2026-03-31,quarter,1159.0,915.0,244.0,21.0,37.0,27.0,67.0,187.0,24.0,142.0,5.36,screener
MEDIASSIST,Dec 2024,2024-12-31,quarter,186.0,146.0,40.0,21.0,4.0,2.0,14.0,27.0,-10.0,30.0,4.19,screener
MEDIASSIST,Mar 2025,2025-03-31,quarter,189.0,148.0,41.0,22.0,8.0,4.0,14.0,30.0,28.0,22.0,3.05,screener
MEDIASSIST,Jun 2025,2025-06-30,quarter,191.0,149.0,42.0,22.0,7.0,5.0,14.0,31.0,26.0,23.0,3.18,screener
MEDIASSIST,Sep 2025,2025-09-30,quarter,233.0,193.0,40.0,17.0,2.0,8.0,21.0,13.0,40.0,8.0,1.13,screener
MEDIASSIST,Dec 2025,2025-12-31,quarter,240.0,195.0,45.0,19.0,-7.0,8.0,21.0,8.0,51.0,4.0,0.56,screener
MEDIASSIST,Mar 2026,2026-03-31,quarter,242.0,194.0,48.0,20.0,1.0,1.0,21.0,28.0,-95.0,54.0,7.16,screener
MEDPLUS,Dec 2024,2024-12-31,quarter,1561.0,1429.0,133.0,8.0,13.0,26.0,62.0,57.0,19.0,46.0,3.83,screener
MEDPLUS,Mar 2025,2025-03-31,quarter,1510.0,1373.0,136.0,9.0,16.0,27.0,64.0,61.0,16.0,51.0,4.29,screener
MEDPLUS,Jun 2025,2025-06-30,quarter,1543.0,1412.0,131.0,8.0,15.0,27.0,66.0,53.0,20.0,42.0,3.54,screener
MEDPLUS,Sep 2025,2025-09-30,quarter,1679.0,1530.0,149.0,9.0,17.0,29.0,69.0,69.0,19.0,56.0,4.63,screener
MEDPLUS,Dec 2025,2025-12-31,quarter,1806.0,1648.0,159.0,9.0,18.0,31.0,73.0,73.0,21.0,58.0,4.82,screener
MEDPLUS,Mar 2026,2026-03-31,quarter,1864.0,1695.0,169.0,9.0,21.0,33.0,76.0,80.0,20.0,64.0,5.33,screener
MEESHO,Dec 2024,2024-12-31,quarter,2679.0,2809.0,-131.0,-5.0,160.0,2.0,12.0,15.0,342.0,-37.0,-4.44,screener
MEESHO,Mar 2025,2025-03-31,quarter,2400.0,2631.0,-231.0,-10.0,-1158.0,1.0,5.0,-1395.0,0.0,-1391.0,-159.79,screener
MEESHO,Jun 2025,2025-06-30,quarter,2504.0,2768.0,-264.0,-11.0,34.0,1.0,8.0,-240.0,21.0,-289.0,-1.49,screener
MEESHO,Sep 2025,2025-09-30,quarter,3074.0,3530.0,-456.0,-15.0,136.0,1.0,9.0,-330.0,24.0,-411.0,-2.11,screener
MEESHO,Dec 2025,2025-12-31,quarter,3518.0,4056.0,-539.0,-15.0,75.0,4.0,11.0,-479.0,3.0,-491.0,-1.09,screener
MEESHO,Mar 2026,2026-03-31,quarter,3531.0,3786.0,-255.0,-7.0,116.0,2.0,19.0,-160.0,4.0,-166.0,-0.36,screener
MENONBE,Dec 2024,2024-12-31,quarter,58.0,49.0,10.0,17.0,1.0,1.0,2.0,7.0,25.0,5.0,0.98,screener
MENONBE,Mar 2025,2025-03-31,quarter,64.0,54.0,10.0,16.0,2.0,1.0,2.0,9.0,29.0,7.0,1.18,screener
MENONBE,Jun 2025,2025-06-30,quarter,67.0,54.0,13.0,19.0,2.0,1.0,2.0,11.0,24.0,8.0,1.5,screener
MENONBE,Sep 2025,2025-09-30,quarter,63.0,53.0,10.0,16.0,2.0,1.0,2.0,9.0,21.0,7.0,1.21,screener
MENONBE,Dec 2025,2025-12-31,quarter,77.0,62.0,14.0,19.0,2.0,1.0,2.0,12.0,25.0,9.0,1.65,screener
MENONBE,Mar 2026,2026-03-31,quarter,87.0,66.0,22.0,25.0,1.0,1.0,3.0,18.0,24.0,14.0,2.46,screener
MENONBE,Jun 2026,2026-06-30,quarter,92.0,72.0,20.0,22.0,3.0,1.0,3.0,19.0,24.0,14.0,2.52,screener
METROBRAND,Dec 2024,2024-12-31,quarter,703.0,478.0,225.0,32.0,24.0,23.0,66.0,160.0,41.0,95.0,3.48,screener
METROBRAND,Mar 2025,2025-03-31,quarter,643.0,446.0,197.0,31.0,23.0,24.0,70.0,126.0,24.0,95.0,3.48,screener
METROBRAND,Jun 2025,2025-06-30,quarter,628.0,434.0,194.0,31.0,29.0,24.0,69.0,131.0,24.0,99.0,3.62,screener
METROBRAND,Sep 2025,2025-09-30,quarter,651.0,480.0,171.0,26.0,28.0,29.0,78.0,91.0,24.0,69.0,2.49,screener
METROBRAND,Dec 2025,2025-12-31,quarter,811.0,546.0,265.0,33.0,17.0,29.0,80.0,173.0,25.0,130.0,4.71,screener
METROBRAND,Mar 2026,2026-03-31,quarter,773.0,535.0,238.0,31.0,32.0,29.0,84.0,157.0,25.0,118.0,4.28,screener
METROPOLIS,Dec 2024,2024-12-31,quarter,323.0,251.0,72.0,22.0,3.0,5.0,28.0,42.0,26.0,31.0,1.53,screener
METROPOLIS,Mar 2025,2025-03-31,quarter,345.0,283.0,62.0,18.0,7.0,5.0,29.0,36.0,19.0,29.0,1.41,screener
METROPOLIS,Jun 2025,2025-06-30,quarter,386.0,296.0,90.0,23.0,8.0,5.0,31.0,61.0,26.0,45.0,2.17,screener
METROPOLIS,Sep 2025,2025-09-30,quarter,429.0,321.0,108.0,25.0,1.0,6.0,32.0,71.0,26.0,53.0,2.54,screener
METROPOLIS,Dec 2025,2025-12-31,quarter,406.0,311.0,95.0,23.0,0.0,6.0,32.0,57.0,26.0,42.0,2.0,screener
METROPOLIS,Mar 2026,2026-03-31,quarter,425.0,317.0,108.0,25.0,8.0,8.0,39.0,70.0,27.0,51.0,2.46,screener
MFML,Dec 2024,2024-12-31,quarter,39.16,40.86,-1.7,-4.34,0.72,0.64,0.71,-2.33,-54.51,-1.07,-1.01,screener
MFML,Mar 2025,2025-03-31,quarter,26.36,28.06,-1.7,-6.45,13.64,0.2,1.09,10.65,32.02,7.23,6.81,screener
MFML,Jun 2025,2025-06-30,quarter,33.52,30.74,2.78,8.29,0.94,0.87,0.9,1.95,-32.82,2.59,2.44,screener
MFML,Sep 2025,2025-09-30,quarter,31.62,29.41,2.21,6.99,-3.54,0.8,0.3,-2.43,39.92,-3.4,-3.2,screener
MFML,Dec 2025,2025-12-31,quarter,31.53,28.86,2.67,8.47,-2.27,0.76,0.64,-1.0,-24.0,-0.76,-0.72,screener
MFML,Mar 2026,2026-03-31,quarter,38.43,36.78,1.65,4.29,1.42,0.73,0.93,1.41,-9.22,1.55,1.46,screener
MFSL,Dec 2024,2024-12-31,quarter,8923.0,8834.0,89.0,1.0,3.0,10.0,1.0,81.0,14.0,70.0,1.62,screener
MFSL,Mar 2025,2025-03-31,quarter,12376.0,12356.0,20.0,0.2,18.0,15.0,1.0,22.0,-73.0,38.0,0.91,screener
MFSL,Jun 2025,2025-06-30,quarter,12822.0,12703.0,119.0,0.9,3.0,20.0,1.0,101.0,14.0,86.0,2.02,screener
MFSL,Sep 2025,2025-09-30,quarter,9792.0,9771.0,21.0,0.2,7.0,21.0,1.0,6.0,6.0,6.0,0.12,screener
MFSL,Dec 2025,2025-12-31,quarter,14259.0,14181.0,78.0,0.6,9.0,36.0,1.0,50.0,11.0,45.0,1.06,screener
MFSL,Mar 2026,2026-03-31,quarter,10802.0,10808.0,-6.0,-0.1,5.0,35.0,0.0,-36.0,-13.0,-32.0,-0.76,screener
MFSL,Jun 2026,2026-06-30,quarter,14970.0,14803.0,167.0,1.1,7.0,36.0,0.0,138.0,14.0,118.0,2.77,screener
MGL,Dec 2024,2024-12-31,quarter,1847.0,1523.0,325.0,18.0,42.0,3.0,91.0,272.0,19.0,221.0,22.4,screener
MGL,Mar 2025,2025-03-31,quarter,1964.0,1570.0,394.0,20.0,42.0,4.0,93.0,339.0,27.0,247.0,25.01,screener
MGL,Jun 2025,2025-06-30,quarter,2083.0,1583.0,500.0,24.0,32.0,5.0,96.0,431.0,26.0,319.0,32.26,screener
MGL,Sep 2025,2025-09-30,quarter,2050.0,1714.0,336.0,16.0,29.0,5.0,104.0,256.0,25.0,191.0,19.37,screener
MGL,Dec 2025,2025-12-31,quarter,2060.0,1709.0,351.0,17.0,30.0,6.0,104.0,271.0,26.0,201.0,20.36,screener
MGL,Mar 2026,2026-03-31,quarter,2052.0,1794.0,258.0,13.0,29.0,5.0,106.0,176.0,26.0,130.0,13.15,screener
MGL,Jun 2026,2026-06-30,quarter,2373.0,2030.0,342.0,14.0,30.0,6.0,109.0,258.0,25.0,193.0,19.54,screener
MHLXMIRU,Sep 2022,2022-09-30,quarter,66.77,62.02,4.75,7.11,0.86,1.17,2.09,2.35,20.43,1.86,1.75,screener
MHLXMIRU,Dec 2022,2022-12-31,quarter,66.25,60.9,5.35,8.08,0.66,1.23,2.13,2.65,20.0,2.11,1.99,screener
MHLXMIRU,Mar 2023,2023-03-31,quarter,74.93,69.57,5.36,7.15,1.4,1.46,2.14,3.16,21.52,2.47,2.33,screener
MHLXMIRU,Jun 2023,2023-06-30,quarter,65.19,61.0,4.19,6.43,1.11,1.0,1.99,2.31,31.6,1.57,1.48,screener
MHLXMIRU,Sep 2023,2023-09-30,quarter,70.03,65.05,4.98,7.11,1.98,1.19,2.01,3.76,25.53,2.81,2.65,screener
MHLXMIRU,Dec 2023,2023-12-31,quarter,74.76,69.57,5.19,6.94,0.77,0.98,2.09,2.89,21.8,2.26,2.13,screener
MHRIL,Dec 2024,2024-12-31,quarter,678.0,533.0,146.0,21.0,32.0,37.0,93.0,48.0,26.0,35.0,1.72,screener
MHRIL,Mar 2025,2025-03-31,quarter,778.83,574.5,204.33,26.24,28.33,38.38,91.87,102.41,28.77,72.95,3.62,screener
MHRIL,Jun 2025,2025-06-30,quarter,701.4,579.49,121.91,17.38,38.75,38.73,95.64,26.29,72.73,7.17,0.39,screener
MHRIL,Sep 2025,2025-09-30,quarter,717.34,565.22,152.12,21.21,32.11,48.13,100.6,35.5,52.28,16.93,0.88,screener
MHRIL,Dec 2025,2025-12-31,quarter,752.7,608.52,144.18,19.16,19.02,47.24,104.42,11.54,87.78,1.4,0.11,screener
MHRIL,Mar 2026,2026-03-31,quarter,820.29,623.09,197.2,24.04,23.7,46.95,108.63,65.32,36.48,41.49,2.06,screener
MHRIL,Jun 2026,2026-06-30,quarter,732.81,620.26,112.55,15.36,40.73,47.07,109.4,-3.19,168.03,-8.55,-0.43,screener
MIDHANI,Dec 2024,2024-12-31,quarter,238.0,186.0,52.0,22.0,7.0,7.0,16.0,36.0,30.0,26.0,1.36,screener
MIDHANI,Mar 2025,2025-03-31,quarter,411.0,317.0,93.0,23.0,8.0,7.0,16.0,77.0,27.0,56.0,3.0,screener
MIDHANI,Jun 2025,2025-06-30,quarter,170.0,136.0,34.0,20.0,7.0,6.0,16.0,19.0,32.0,13.0,0.69,screener
MIDHANI,Sep 2025,2025-09-30,quarter,210.0,177.0,33.0,16.0,9.0,6.0,17.0,19.0,33.0,13.0,0.69,screener
MIDHANI,Dec 2025,2025-12-31,quarter,276.0,221.0,55.0,20.0,8.0,6.0,17.0,39.0,29.0,28.0,1.48,screener
MIDHANI,Mar 2026,2026-03-31,quarter,553.0,437.0,116.0,21.0,15.0,7.0,17.0,107.0,27.0,78.0,4.16,screener
MINDACORP,Dec 2024,2024-12-31,quarter,1253.0,1109.0,144.0,11.0,9.0,12.0,50.0,90.0,29.0,65.0,2.71,screener_yfinance_fallback_normalized
MINDACORP,Mar 2025,2025-03-31,quarter,1321.0,1168.0,153.0,12.0,3.0,34.0,57.0,65.0,36.0,52.0,2.18,screener_yfinance_fallback_normalized
MINDACORP,Jun 2025,2025-06-30,quarter,1386.0,1230.0,156.0,11.0,3.0,33.0,56.0,71.0,26.0,65.0,2.73,screener_yfinance_fallback_normalized
MINDACORP,Sep 2025,2025-09-30,quarter,1535.0,1357.0,178.0,12.0,3.0,31.0,57.0,93.0,27.0,85.0,3.54,screener_yfinance_fallback_normalized
MINDACORP,Dec 2025,2025-12-31,quarter,1560.0,1377.0,184.0,12.0,-1.0,29.0,58.0,97.0,33.0,84.0,3.58,screener_yfinance_fallback_normalized
MINDACORP,Mar 2026,2026-03-31,quarter,1704.0,1500.0,203.0,12.0,8.0,30.0,59.0,123.0,25.0,124.0,5.21,screener_yfinance_fallback_normalized
MINDTECK,Dec 2024,2024-12-31,quarter,104.0,95.0,9.0,9.0,2.0,0.0,1.0,9.0,15.0,8.0,2.49,screener
MINDTECK,Mar 2025,2025-03-31,quarter,104.0,95.0,9.0,8.0,2.0,0.0,1.0,9.0,25.0,7.0,2.13,screener
MINDTECK,Jun 2025,2025-06-30,quarter,101.0,92.0,10.0,10.0,3.0,0.0,1.0,11.0,19.0,9.0,2.74,screener
MINDTECK,Sep 2025,2025-09-30,quarter,102.0,94.0,7.0,7.0,4.0,0.0,1.0,10.0,23.0,8.0,2.37,screener
MINDTECK,Dec 2025,2025-12-31,quarter,100.0,90.0,10.0,10.0,-3.0,0.0,1.0,6.0,16.0,5.0,1.58,screener
MINDTECK,Mar 2026,2026-03-31,quarter,104.0,93.0,11.0,10.0,3.0,0.0,1.0,12.0,18.0,10.0,3.18,screener
MMFL,Dec 2024,2024-12-31,quarter,374.0,301.0,73.0,20.0,4.0,15.0,23.0,39.0,31.0,27.0,5.5,screener
MMFL,Mar 2025,2025-03-31,quarter,371.0,298.0,73.0,20.0,6.0,14.0,26.0,40.0,17.0,33.0,6.89,screener
MMFL,Jun 2025,2025-06-30,quarter,362.0,298.0,63.0,18.0,8.0,18.0,25.0,28.0,31.0,19.0,3.97,screener
MMFL,Sep 2025,2025-09-30,quarter,385.0,318.0,67.0,17.0,4.0,21.0,24.0,25.0,34.0,17.0,3.43,screener
MMFL,Dec 2025,2025-12-31,quarter,414.0,344.0,69.0,17.0,3.0,20.0,26.0,26.0,33.0,18.0,3.64,screener
MMFL,Mar 2026,2026-03-31,quarter,430.0,349.0,81.0,19.0,1.0,18.0,28.0,35.0,-26.0,45.0,9.27,screener
MMP,Dec 2024,2024-12-31,quarter,168.0,152.0,17.0,10.0,2.0,3.0,3.0,14.0,22.0,11.0,4.27,screener
MMP,Mar 2025,2025-03-31,quarter,223.0,205.0,18.0,8.0,1.0,3.0,3.0,14.0,24.0,11.0,4.28,screener
MMP,Jun 2025,2025-06-30,quarter,183.0,171.0,13.0,7.0,-15.0,3.0,3.0,-8.0,-30.0,-5.0,-2.13,screener
MMP,Sep 2025,2025-09-30,quarter,188.0,175.0,13.0,7.0,2.0,3.0,3.0,9.0,21.0,7.0,2.76,screener
MMP,Dec 2025,2025-12-31,quarter,203.0,186.0,18.0,9.0,3.0,4.0,3.0,14.0,21.0,11.0,4.5,screener
MMP,Mar 2026,2026-03-31,quarter,250.0,228.0,22.0,9.0,10.0,4.0,3.0,25.0,27.0,18.0,7.08,screener
MMTC,Dec 2024,2024-12-31,quarter,0.0,31.0,-31.0,-12224.0,39.0,1.0,1.0,7.0,49.0,4.0,0.02,screener
MMTC,Mar 2025,2025-03-31,quarter,0.0,27.0,-27.0,-12971.0,48.0,5.0,1.0,14.0,85.0,2.0,0.01,screener
MMTC,Jun 2025,2025-06-30,quarter,1.0,24.0,-23.0,-1699.0,78.0,0.0,1.0,53.0,17.0,44.0,0.3,screener
MMTC,Sep 2025,2025-09-30,quarter,1.0,23.0,-22.0,-2005.0,453.0,0.0,1.0,430.0,60.0,171.0,1.14,screener
MMTC,Dec 2025,2025-12-31,quarter,0.0,23.0,-23.0,-6768.0,70.0,0.0,1.0,46.0,-1.0,46.0,0.31,screener
MMTC,Mar 2026,2026-03-31,quarter,1.0,114.0,-113.0,-18605.0,226.0,0.0,2.0,110.0,-15.0,126.0,0.84,screener
MMTC,Jun 2026,2026-06-30,quarter,1.0,21.0,-20.0,-2969.0,156.0,0.0,1.0,135.0,23.0,104.0,0.69,screener
MOBIKWIK,Dec 2024,2024-12-31,quarter,269.48,317.15,-47.67,-17.69,4.99,7.07,3.44,-53.19,3.95,-55.28,-7.12,screener
MOBIKWIK,Mar 2025,2025-03-31,quarter,267.78,324.28,-56.5,-21.1,10.74,6.66,4.29,-56.71,-1.18,-56.04,-7.21,screener
MOBIKWIK,Jun 2025,2025-06-30,quarter,271.36,312.81,-41.45,-15.27,10.25,7.83,2.86,-41.89,0.1,-41.92,-5.36,screener
MOBIKWIK,Sep 2025,2025-09-30,quarter,270.21,285.7,-15.49,-5.73,-2.71,7.21,3.17,-28.58,0.14,-28.62,-3.64,screener
MOBIKWIK,Dec 2025,2025-12-31,quarter,288.95,282.25,6.7,2.32,8.27,7.23,3.69,4.05,0.0,4.05,0.51,screener
MOBIKWIK,Mar 2026,2026-03-31,quarter,288.71,278.61,10.1,3.5,3.55,5.1,4.07,4.48,2.23,4.38,0.56,screener
MODIS,Mar 2025,2025-03-31,quarter,19.94,16.81,3.13,15.7,0.78,0.46,1.48,1.97,23.86,1.51,0.77,screener
MODIS,Dec 2025,2025-12-31,quarter,54.43,39.74,14.69,26.99,0.16,0.08,0.3,14.47,11.75,12.77,6.52,screener
MODIS,Mar 2026,2026-03-31,quarter,51.49,46.72,4.77,9.26,2.79,1.57,0.09,5.9,25.25,4.41,2.25,screener
MOIL,Sep 2019,2019-09-30,quarter,253.0,170.0,83.0,33.0,53.0,0.0,32.0,104.0,15.0,89.0,3.44,screener
MOIL,Dec 2019,2019-12-31,quarter,256.0,201.0,55.0,22.0,45.0,0.0,26.0,74.0,25.0,55.0,2.15,screener
MOIL,Mar 2020,2020-03-31,quarter,249.0,242.0,6.0,3.0,34.0,0.0,19.0,22.0,38.0,13.0,0.57,screener
MOIL,Jun 2020,2020-06-30,quarter,152.0,104.0,48.0,32.0,-24.0,0.0,22.0,2.0,11.0,2.0,0.08,screener
MOIL,Sep 2020,2020-09-30,quarter,307.0,301.0,7.0,2.0,26.0,0.0,24.0,9.0,15.0,7.0,0.31,screener
MOIL,Dec 2020,2020-12-31,quarter,268.0,192.0,76.0,28.0,19.0,0.0,25.0,70.0,27.0,51.0,2.16,screener
MOLDTECH,Dec 2024,2024-12-31,quarter,33.6,30.86,2.74,8.15,-0.29,0.15,1.59,0.71,23.94,0.54,0.19,screener
MOLDTECH,Mar 2025,2025-03-31,quarter,29.88,32.92,-3.04,-10.17,2.73,0.14,1.52,-1.97,-20.81,-1.56,-0.55,screener
MOLDTECH,Jun 2025,2025-06-30,quarter,33.29,32.82,0.47,1.41,1.97,0.13,1.5,0.81,16.05,0.68,0.24,screener
MOLDTECH,Sep 2025,2025-09-30,quarter,40.23,35.79,4.44,11.04,1.53,0.12,1.51,4.34,25.35,3.24,1.12,screener
MOLDTECH,Dec 2025,2025-12-31,quarter,52.67,47.23,5.44,10.33,1.23,0.12,1.5,5.05,22.97,3.89,1.35,screener
MOLDTECH,Mar 2026,2026-03-31,quarter,55.49,54.46,1.03,1.86,3.53,0.26,1.46,2.84,19.72,2.28,0.79,screener
MOLDTKPAC,Dec 2020,2020-12-31,quarter,134.0,106.0,28.0,21.0,0.0,2.0,5.0,20.0,26.0,15.0,5.28,screener
MOLDTKPAC,Mar 2021,2021-03-31,quarter,161.0,129.0,32.0,20.0,0.0,3.0,6.0,24.0,24.0,18.0,6.5,screener
MOLDTKPAC,Jun 2021,2021-06-30,quarter,134.0,108.0,25.0,19.0,0.0,3.0,6.0,17.0,27.0,12.0,4.32,screener
MOLDTKPAC,Sep 2021,2021-09-30,quarter,160.0,128.0,32.0,20.0,0.0,3.0,7.0,23.0,23.0,18.0,6.24,screener
MOLDTKPAC,Dec 2021,2021-12-31,quarter,160.0,129.0,32.0,20.0,0.0,3.0,7.0,22.0,25.0,17.0,5.51,screener
MOLDTKPAC,Mar 2022,2022-03-31,quarter,178.0,146.0,32.0,18.0,1.0,1.0,7.0,25.0,30.0,17.0,5.54,screener
MONARCH,Dec 2024,2024-12-31,quarter,77.0,21.0,55.0,72.0,0.0,3.0,2.0,50.0,19.0,41.0,5.16,screener
MONARCH,Mar 2025,2025-03-31,quarter,61.0,23.0,38.0,63.0,1.0,2.0,2.0,35.0,29.0,25.0,3.15,screener
MONARCH,Jun 2025,2025-06-30,quarter,98.0,35.0,63.0,64.0,0.0,2.0,2.0,60.0,24.0,45.0,5.71,screener
MONARCH,Sep 2025,2025-09-30,quarter,83.0,19.0,64.0,77.0,0.0,1.0,2.0,61.0,26.0,45.0,5.67,screener
MONARCH,Dec 2025,2025-12-31,quarter,91.0,28.0,64.0,70.0,1.0,2.0,2.0,61.0,25.0,45.0,5.73,screener
MONARCH,Mar 2026,2026-03-31,quarter,100.0,32.0,68.0,68.0,0.0,2.0,2.0,63.0,28.0,46.0,5.75,screener
MONARCH,Jun 2026,2026-06-30,quarter,91.0,31.0,60.0,66.0,0.0,2.0,2.0,56.0,19.0,45.0,5.7,screener
MONTECARLO,Dec 2024,2024-12-31,quarter,548.78,393.91,154.87,28.22,5.87,14.78,15.89,130.07,25.62,96.74,46.66,screener
MONTECARLO,Mar 2025,2025-03-31,quarter,206.0,200.0,6.0,2.8,13.0,12.0,16.0,-9.0,11.0,-10.0,-4.99,screener
MONTECARLO,Jun 2025,2025-06-30,quarter,139.0,144.0,-6.0,-4.2,10.0,11.0,15.0,-22.0,-25.0,-16.0,-7.82,screener
MONTECARLO,Sep 2025,2025-09-30,quarter,249.0,207.0,42.0,17.0,9.0,13.0,16.0,22.0,25.0,16.0,7.84,screener
MONTECARLO,Dec 2025,2025-12-31,quarter,608.0,443.0,166.0,27.0,8.0,15.0,17.0,142.0,25.0,107.0,51.61,screener
MONTECARLO,Mar 2026,2026-03-31,quarter,280.0,254.0,26.0,9.0,8.0,12.0,17.0,5.0,-1.0,5.0,2.43,screener
MONTECARLO,Jun 2026,2026-06-30,quarter,149.0,162.0,-13.0,-9.0,10.0,12.0,17.0,-32.0,-26.0,-23.0,-11.3,screener
MOSCHIP,Dec 2024,2024-12-31,quarter,126.16,109.1,17.06,13.52,1.26,2.11,5.09,11.12,0.63,11.06,0.58,screener
MOSCHIP,Mar 2025,2025-03-31,quarter,134.71,120.37,14.34,10.65,0.22,1.74,4.11,8.71,0.0,8.71,0.46,screener
MOSCHIP,Jun 2025,2025-06-30,quarter,135.59,119.01,16.58,12.23,0.57,0.9,4.8,11.45,4.8,10.9,0.57,screener
MOSCHIP,Sep 2025,2025-09-30,quarter,146.94,130.12,16.82,11.45,1.42,1.16,4.49,12.59,3.49,12.15,0.63,screener
MOSCHIP,Dec 2025,2025-12-31,quarter,149.39,134.26,15.13,10.13,-4.56,1.2,4.26,5.11,15.66,4.3,0.22,screener
MOSCHIP,Mar 2026,2026-03-31,quarter,153.23,142.11,11.12,7.26,2.32,1.56,5.17,6.71,-18.33,7.95,0.41,screener
MOTHERSON,Dec 2024,2024-12-31,quarter,27666.0,24980.0,2686.0,10.0,214.0,466.0,1112.0,1322.0,26.0,984.0,0.83,screener
MOTHERSON,Mar 2025,2025-03-31,quarter,29317.0,26674.0,2643.0,9.0,248.0,426.0,1214.0,1252.0,11.0,1115.0,1.0,screener
MOTHERSON,Jun 2025,2025-06-30,quarter,30212.0,27754.0,2458.0,8.0,68.0,425.0,1230.0,872.0,30.0,606.0,0.48,screener
MOTHERSON,Sep 2025,2025-09-30,quarter,30173.0,27562.0,2611.0,9.0,231.0,387.0,1218.0,1237.0,32.0,846.0,0.78,screener
MOTHERSON,Dec 2025,2025-12-31,quarter,31409.0,28366.0,3043.0,10.0,145.0,341.0,1321.0,1527.0,30.0,1072.0,0.97,screener
MOTHERSON,Mar 2026,2026-03-31,quarter,34309.0,30519.0,3791.0,11.0,36.0,472.0,1365.0,1989.0,22.0,1562.0,1.42,screener
MOTILALOFS,Dec 2024,2024-12-31,quarter,1993.0,932.0,1061.0,53.0,26.0,319.0,27.0,741.0,24.0,566.0,9.42,screener
MOTILALOFS,Mar 2025,2025-03-31,quarter,1190.0,910.0,280.0,24.0,18.0,298.0,26.0,-27.0,137.0,-63.0,-1.08,screener
MOTILALOFS,Jun 2025,2025-06-30,quarter,2737.0,1018.0,1720.0,63.0,7.0,295.0,26.0,1406.0,18.0,1163.0,19.38,screener
MOTILALOFS,Sep 2025,2025-09-30,quarter,1849.0,1009.0,840.0,45.0,11.0,317.0,28.0,506.0,28.0,363.0,6.04,screener
MOTILALOFS,Dec 2025,2025-12-31,quarter,2112.0,1006.0,1105.0,52.0,8.0,336.0,29.0,748.0,24.0,566.0,9.42,screener
MOTILALOFS,Mar 2026,2026-03-31,quarter,2676.0,2471.0,205.0,8.0,16.0,388.0,28.0,-194.0,13.0,-219.0,-3.68,screener
MOTILALOFS,Jun 2026,2026-06-30,quarter,3426.0,1456.0,1970.0,57.0,6.0,414.0,28.0,1534.0,17.0,1274.0,21.14,screener
MPHASIS,Dec 2024,2024-12-31,quarter,3561.0,2883.0,678.0,19.0,63.0,39.0,132.0,569.0,25.0,428.0,22.56,screener
MPHASIS,Mar 2025,2025-03-31,quarter,3710.0,3007.0,703.0,19.0,60.0,36.0,135.0,591.0,24.0,446.0,23.49,screener
MPHASIS,Jun 2025,2025-06-30,quarter,3732.0,3030.0,703.0,19.0,81.0,42.0,132.0,610.0,28.0,442.0,23.22,screener
MPHASIS,Sep 2025,2025-09-30,quarter,3902.0,3180.0,722.0,18.0,75.0,44.0,128.0,625.0,25.0,469.0,24.65,screener
MPHASIS,Dec 2025,2025-12-31,quarter,4003.0,3252.0,750.0,19.0,27.0,41.0,143.0,593.0,25.0,442.0,23.21,screener
MPHASIS,Mar 2026,2026-03-31,quarter,4243.0,3439.0,804.0,19.0,108.0,77.0,153.0,681.0,25.0,510.0,26.71,screener
MPHASIS,Jun 2026,2026-06-30,quarter,4384.0,3589.0,795.0,18.0,83.0,49.0,147.0,683.0,28.0,490.0,25.65,screener
MPSLTD,Dec 2024,2024-12-31,quarter,186.0,126.0,60.0,32.0,2.0,0.0,7.0,55.0,26.0,41.0,23.8,screener
MPSLTD,Mar 2025,2025-03-31,quarter,182.0,126.0,56.0,31.0,13.0,0.0,7.0,62.0,24.0,47.0,27.52,screener
MPSLTD,Jun 2025,2025-06-30,quarter,186.0,136.0,50.0,27.0,6.0,0.0,7.0,50.0,29.0,35.0,20.6,screener
MPSLTD,Sep 2025,2025-09-30,quarter,194.0,134.0,60.0,31.0,15.0,0.0,6.0,69.0,20.0,55.0,32.41,screener
MPSLTD,Dec 2025,2025-12-31,quarter,182.0,125.0,58.0,32.0,-5.0,0.0,6.0,46.0,22.0,36.0,20.75,screener
MPSLTD,Mar 2026,2026-03-31,quarter,205.0,138.0,68.0,33.0,7.0,1.0,8.0,65.0,28.0,47.0,27.5,screener
MRPL,Dec 2024,2024-12-31,quarter,21871.0,20840.0,1031.0,5.0,38.0,264.0,332.0,474.0,35.0,309.0,1.76,screener
MRPL,Mar 2025,2025-03-31,quarter,24596.0,23466.0,1130.0,5.0,45.0,245.0,338.0,592.0,37.0,371.0,2.11,screener
MRPL,Jun 2025,2025-06-30,quarter,17356.0,17177.0,180.0,1.0,39.0,257.0,363.0,-402.0,-33.0,-271.0,-1.54,screener
MRPL,Sep 2025,2025-09-30,quarter,22649.0,21160.0,1489.0,7.0,65.0,219.0,371.0,963.0,35.0,627.0,3.58,screener
MRPL,Dec 2025,2025-12-31,quarter,24712.0,21927.0,2785.0,11.0,45.0,219.0,391.0,2220.0,35.0,1451.0,8.28,screener
MRPL,Mar 2026,2026-03-31,quarter,23950.0,22169.0,1781.0,7.0,59.0,212.0,395.0,1233.0,91.0,117.0,0.67,screener
MSTCLTD,Dec 2024,2024-12-31,quarter,81.0,34.0,47.0,58.0,291.0,0.0,2.0,336.0,25.0,251.0,35.63,screener
MSTCLTD,Mar 2025,2025-03-31,quarter,89.0,36.0,53.0,59.0,13.0,0.0,2.0,64.0,-19.0,76.0,10.73,screener
MSTCLTD,Jun 2025,2025-06-30,quarter,77.0,34.0,44.0,56.0,16.0,0.0,2.0,58.0,27.0,42.0,6.01,screener
MSTCLTD,Sep 2025,2025-09-30,quarter,85.0,35.0,50.0,59.0,17.0,0.0,3.0,65.0,26.0,48.0,6.75,screener
MSTCLTD,Dec 2025,2025-12-31,quarter,88.0,39.0,50.0,56.0,18.0,0.0,3.0,65.0,22.0,51.0,7.3,screener
MSTCLTD,Mar 2026,2026-03-31,quarter,119.0,43.0,76.0,64.0,32.0,0.0,3.0,105.0,26.0,77.0,10.97,screener
MTARTECH,Dec 2024,2024-12-31,quarter,174.0,141.0,33.0,19.0,3.0,6.0,9.0,21.0,26.0,16.0,5.19,screener
MTARTECH,Mar 2025,2025-03-31,quarter,183.0,149.0,34.0,19.0,0.0,6.0,10.0,19.0,26.0,14.0,4.46,screener
MTARTECH,Jun 2025,2025-06-30,quarter,157.0,128.0,28.0,18.0,1.0,6.0,8.0,15.0,27.0,11.0,3.51,screener
MTARTECH,Sep 2025,2025-09-30,quarter,136.0,119.0,17.0,13.0,4.0,6.0,9.0,6.0,25.0,4.0,1.38,screener
MTARTECH,Dec 2025,2025-12-31,quarter,278.0,214.0,64.0,23.0,-1.0,8.0,9.0,46.0,25.0,35.0,11.28,screener
MTARTECH,Mar 2026,2026-03-31,quarter,306.0,244.0,62.0,20.0,16.0,10.0,9.0,60.0,26.0,44.0,14.4,screener
MUFIN,Dec 2024,2024-12-31,quarter,49.0,17.0,,,0.0,24.0,1.0,8.0,26.0,6.0,0.36,screener
MUFIN,Mar 2025,2025-03-31,quarter,50.0,22.0,,,0.0,23.0,1.0,4.0,18.0,3.0,0.22,screener
MUFIN,Jun 2025,2025-06-30,quarter,49.0,18.0,,,0.0,26.0,1.0,4.0,26.0,3.0,0.2,screener
MUFIN,Sep 2025,2025-09-30,quarter,53.0,19.0,,,0.0,26.0,1.0,8.0,27.0,6.0,0.33,screener
MUFIN,Dec 2025,2025-12-31,quarter,53.0,12.0,,,0.0,31.0,1.0,9.0,25.0,7.0,0.4,screener
MUFIN,Mar 2026,2026-03-31,quarter,65.0,12.0,,,0.0,38.0,1.0,15.0,25.0,11.0,0.64,screener
MUKANDLTD,Dec 2024,2024-12-31,quarter,1262.0,1190.0,72.0,6.0,2.0,32.0,13.0,29.0,49.0,15.0,1.03,screener
MUKANDLTD,Mar 2025,2025-03-31,quarter,1107.0,1042.0,65.0,6.0,6.0,33.0,13.0,24.0,55.0,11.0,0.75,screener
MUKANDLTD,Jun 2025,2025-06-30,quarter,1129.0,1081.0,47.0,4.0,39.0,34.0,14.0,38.0,23.0,29.0,2.01,screener
MUKANDLTD,Sep 2025,2025-09-30,quarter,1161.0,1091.0,69.0,6.0,3.0,38.0,14.0,20.0,50.0,10.0,0.68,screener
MUKANDLTD,Dec 2025,2025-12-31,quarter,1329.0,1257.0,72.0,5.0,4.0,40.0,16.0,21.0,51.0,10.0,0.71,screener
MUKANDLTD,Mar 2026,2026-03-31,quarter,1269.0,1287.0,-17.0,-1.0,508.0,39.0,18.0,434.0,-28.0,555.0,38.41,screener
MUNJALAU,Dec 2024,2024-12-31,quarter,522.09,499.79,22.3,4.27,4.64,8.48,15.49,2.97,167.0,-1.99,-0.22,screener
MUNJALAU,Mar 2025,2025-03-31,quarter,511.88,477.27,34.61,6.76,1.27,8.08,15.24,12.56,18.15,10.28,0.83,screener
MUNJALAU,Jun 2025,2025-06-30,quarter,491.02,462.65,28.37,5.78,23.68,8.52,15.11,28.42,32.05,19.31,1.58,screener
MUNJALAU,Sep 2025,2025-09-30,quarter,584.09,557.69,26.4,4.52,11.33,9.71,15.41,12.61,-6.98,13.49,1.12,screener
MUNJALAU,Dec 2025,2025-12-31,quarter,605.81,563.79,42.02,6.94,4.91,10.38,16.96,19.59,25.27,14.64,1.35,screener
MUNJALAU,Mar 2026,2026-03-31,quarter,614.24,595.57,18.67,3.04,11.69,9.97,17.95,2.44,151.64,-1.26,-0.03,screener
MUTHOOTFIN,Dec 2024,2024-12-31,quarter,5190.0,1405.0,,,32.0,1900.0,31.0,1886.0,26.0,1392.0,34.6,screener
MUTHOOTFIN,Mar 2025,2025-03-31,quarter,5622.0,1549.0,,,6.0,2111.0,35.0,1932.0,25.0,1444.0,36.81,screener
MUTHOOTFIN,Jun 2025,2025-06-30,quarter,6450.0,1422.0,,,16.0,2355.0,35.0,2654.0,26.0,1974.0,50.22,screener
MUTHOOTFIN,Sep 2025,2025-09-30,quarter,7283.0,1480.0,,,50.0,2571.0,38.0,3244.0,26.0,2412.0,60.29,screener
MUTHOOTFIN,Dec 2025,2025-12-31,quarter,8188.0,1426.0,,,20.0,2919.0,40.0,3822.0,26.0,2823.0,69.84,screener
MUTHOOTFIN,Mar 2026,2026-03-31,quarter,9289.0,1528.0,,,3.0,3155.0,24.0,4584.0,26.0,3397.0,83.43,screener
MUTHOOTFIN,Jun 2026,2026-06-30,quarter,8672.0,1408.0,,,23.0,3458.0,31.0,3797.0,26.0,2825.0,69.72,screener
MWL,Dec 2024,2024-12-31,quarter,270.0,255.0,15.0,6.0,2.0,7.0,2.0,8.0,-1.0,8.0,2.71,screener
MWL,Mar 2025,2025-03-31,quarter,324.0,309.0,15.0,5.0,2.0,7.0,2.0,8.0,-2.0,8.0,2.86,screener
MWL,Jun 2025,2025-06-30,quarter,276.0,260.0,16.0,6.0,4.0,7.0,2.0,10.0,-3.0,10.0,3.41,screener
MWL,Sep 2025,2025-09-30,quarter,317.0,296.0,21.0,7.0,1.0,9.0,3.0,10.0,-2.0,11.0,3.55,screener
MWL,Dec 2025,2025-12-31,quarter,350.0,324.0,26.0,7.0,0.0,10.0,3.0,14.0,1.0,14.0,4.74,screener
MWL,Mar 2026,2026-03-31,quarter,265.0,237.0,28.0,10.0,2.0,10.0,3.0,16.0,6.0,15.0,5.17,screener
NACLIND,Dec 2024,2024-12-31,quarter,267.77,293.89,-26.12,-9.75,1.82,15.29,7.13,-46.72,-22.45,-36.23,-1.56,screener
NACLIND,Mar 2025,2025-03-31,quarter,201.0,275.0,-74.0,-37.0,30.0,14.0,8.0,-66.0,-24.0,-50.0,-2.14,screener
NACLIND,Jun 2025,2025-06-30,quarter,448.0,410.0,38.0,8.0,1.0,14.0,7.0,18.0,27.0,13.0,0.56,screener
NACLIND,Sep 2025,2025-09-30,quarter,457.0,412.0,45.0,10.0,-17.0,13.0,8.0,6.0,60.0,3.0,0.11,screener
NACLIND,Dec 2025,2025-12-31,quarter,318.0,312.0,7.0,2.0,0.0,12.0,8.0,-14.0,-25.0,-10.0,-0.43,screener
NACLIND,Mar 2026,2026-03-31,quarter,361.0,348.0,13.0,4.0,2.0,7.0,9.0,-1.0,-28.0,-1.0,-0.04,screener
NACLIND,Jun 2026,2026-06-30,quarter,383.0,342.0,41.0,11.0,2.0,6.0,9.0,28.0,26.0,21.0,0.89,screener
NAHARINDUS,Dec 2024,2024-12-31,quarter,430.0,414.0,16.0,3.7,15.0,10.0,13.0,8.0,39.0,5.0,1.07,screener
NAHARINDUS,Mar 2025,2025-03-31,quarter,390.0,358.0,32.0,8.0,16.0,15.0,13.0,19.0,16.0,16.0,3.74,screener
NAHARINDUS,Jun 2025,2025-06-30,quarter,389.0,373.0,15.0,3.9,14.0,13.0,11.0,6.0,28.0,4.0,0.95,screener
NAHARINDUS,Sep 2025,2025-09-30,quarter,340.0,344.0,-3.0,-1.0,46.0,10.0,13.0,20.0,16.0,16.0,3.82,screener
NAHARINDUS,Dec 2025,2025-12-31,quarter,340.0,325.0,15.0,4.5,18.0,11.0,13.0,10.0,40.0,6.0,1.34,screener
NAHARINDUS,Mar 2026,2026-03-31,quarter,339.0,306.0,33.0,10.0,22.0,10.0,13.0,32.0,21.0,25.0,5.78,screener
NAHARPOLY,Mar 2025,2025-03-31,quarter,157.0,133.0,23.0,15.0,7.0,2.0,8.0,20.0,34.0,14.0,5.75,screener
NAHARPOLY,Jun 2025,2025-06-30,quarter,197.0,169.0,28.0,14.0,3.0,2.0,8.0,20.0,27.0,18.0,7.42,screener
NAHARPOLY,Sep 2025,2025-09-30,quarter,172.0,145.0,28.0,16.0,6.0,2.0,8.0,23.0,30.0,21.0,8.45,screener
NAHARPOLY,Dec 2025,2025-12-31,quarter,167.0,147.0,20.0,12.0,12.0,2.0,8.0,22.0,26.0,19.0,7.86,screener
NAHARPOLY,Mar 2026,2026-03-31,quarter,168.0,136.0,31.0,19.0,4.0,2.0,8.0,25.0,21.0,20.0,8.34,screener
NAHARPOLY,Jun 2026,2026-06-30,quarter,160.0,145.0,15.0,9.0,5.0,2.0,8.0,10.0,38.0,12.0,4.75,screener
NAM-INDIA,Dec 2024,2024-12-31,quarter,588.0,202.0,386.0,66.0,15.0,2.0,8.0,392.0,25.0,295.0,4.66,screener
NAM-INDIA,Mar 2025,2025-03-31,quarter,567.0,201.0,365.0,64.0,23.0,2.0,9.0,378.0,21.0,299.0,4.7,screener
NAM-INDIA,Jun 2025,2025-06-30,quarter,607.0,218.0,388.0,64.0,146.0,2.0,8.0,524.0,24.0,396.0,6.23,screener
NAM-INDIA,Sep 2025,2025-09-30,quarter,658.0,229.0,430.0,65.0,37.0,2.0,9.0,456.0,24.0,345.0,5.41,screener
NAM-INDIA,Dec 2025,2025-12-31,quarter,705.0,235.0,470.0,67.0,75.0,2.0,11.0,533.0,24.0,404.0,6.34,screener
NAM-INDIA,Mar 2026,2026-03-31,quarter,739.0,232.0,507.0,69.0,-34.0,2.0,12.0,460.0,16.0,385.0,6.03,screener
NATCAPSUQ,Dec 2024,2024-12-31,quarter,43.83,39.56,4.27,9.74,0.11,1.54,2.33,0.51,78.43,0.11,0.11,screener
NATCAPSUQ,Mar 2025,2025-03-31,quarter,44.97,40.58,4.39,9.76,0.3,1.64,2.16,0.89,41.57,0.52,0.35,screener
NATCAPSUQ,Jun 2025,2025-06-30,quarter,45.2,44.88,0.32,0.71,0.36,2.53,4.21,-6.06,-8.09,-5.58,-5.4,screener
NATCAPSUQ,Sep 2025,2025-09-30,quarter,45.8,46.69,-0.89,-1.94,0.16,2.68,4.29,-7.7,-9.09,-6.99,-6.76,screener
NATCAPSUQ,Dec 2025,2025-12-31,quarter,37.75,40.07,-2.32,-6.15,0.45,2.85,4.36,-9.08,-21.7,-7.12,-4.77,screener
NATCAPSUQ,Mar 2026,2026-03-31,quarter,58.45,57.12,1.33,2.28,0.76,2.89,4.28,-5.08,-1.97,-4.98,-3.32,screener
NATCOPHARM,Dec 2024,2024-12-31,quarter,475.0,436.0,39.0,8.0,176.0,4.0,47.0,164.0,19.0,132.0,7.43,screener
NATCOPHARM,Mar 2025,2025-03-31,quarter,1221.0,673.0,548.0,45.0,66.0,10.0,98.0,506.0,20.0,406.0,22.7,screener
NATCOPHARM,Jun 2025,2025-06-30,quarter,1329.0,758.0,571.0,43.0,62.0,3.0,58.0,572.0,16.0,480.0,26.84,screener
NATCOPHARM,Sep 2025,2025-09-30,quarter,1363.0,784.0,579.0,42.0,100.0,13.0,52.0,614.0,16.0,518.0,28.94,screener
NATCOPHARM,Dec 2025,2025-12-31,quarter,647.0,489.0,159.0,25.0,58.0,10.0,46.0,161.0,13.0,151.0,8.46,screener
NATCOPHARM,Mar 2026,2026-03-31,quarter,739.0,612.0,128.0,17.0,78.0,11.0,50.0,144.0,-62.0,269.0,14.96,screener
NATIONALUM,Dec 2024,2024-12-31,quarter,4662.0,2351.0,2311.0,50.0,99.0,19.0,286.0,2105.0,26.0,1566.0,8.53,screener
NATIONALUM,Mar 2025,2025-03-31,quarter,5268.0,2525.0,2743.0,52.0,126.0,32.0,88.0,2748.0,25.0,2067.0,11.26,screener
NATIONALUM,Jun 2025,2025-06-30,quarter,3807.0,2329.0,1478.0,39.0,124.0,8.0,178.0,1415.0,26.0,1049.0,5.71,screener
NATIONALUM,Sep 2025,2025-09-30,quarter,4292.0,2370.0,1923.0,45.0,151.0,8.0,174.0,1892.0,24.0,1430.0,7.79,screener
NATIONALUM,Dec 2025,2025-12-31,quarter,4731.0,2558.0,2173.0,46.0,194.0,60.0,182.0,2126.0,25.0,1595.0,8.69,screener
NATIONALUM,Mar 2026,2026-03-31,quarter,5013.0,2663.0,2349.0,47.0,202.0,24.0,211.0,2316.0,26.0,1722.0,9.38,screener
NAUKRI,Dec 2024,2024-12-31,quarter,722.0,457.0,266.0,37.0,141.0,6.0,30.0,371.0,22.0,288.0,3.74,screener
NAUKRI,Mar 2025,2025-03-31,quarter,750.0,517.0,232.0,31.0,546.0,6.0,31.0,742.0,9.0,678.0,7.15,screener
NAUKRI,Jun 2025,2025-06-30,quarter,791.0,531.0,260.0,33.0,209.0,7.0,31.0,431.0,20.0,343.0,4.57,screener
NAUKRI,Sep 2025,2025-09-30,quarter,805.0,526.0,280.0,35.0,187.0,7.0,31.0,429.0,19.0,348.0,4.88,screener
NAUKRI,Dec 2025,2025-12-31,quarter,819.0,525.0,294.0,36.0,136.0,7.0,30.0,393.0,19.0,317.0,4.19,screener
NAUKRI,Mar 2026,2026-03-31,quarter,869.0,536.0,334.0,38.0,572.0,7.0,30.0,869.0,13.0,756.0,8.73,screener
NAVA,Dec 2024,2024-12-31,quarter,842.0,393.0,450.0,53.0,32.0,6.0,88.0,388.0,9.0,353.0,8.63,screener
NAVA,Mar 2025,2025-03-31,quarter,1018.0,637.0,382.0,37.0,37.0,5.0,90.0,324.0,7.0,303.0,8.28,screener
NAVA,Jun 2025,2025-06-30,quarter,1193.0,605.0,588.0,49.0,39.0,1.0,90.0,536.0,25.0,399.0,10.88,screener
NAVA,Sep 2025,2025-09-30,quarter,964.0,648.0,315.0,33.0,26.0,3.0,94.0,244.0,27.0,178.0,4.58,screener
NAVA,Dec 2025,2025-12-31,quarter,991.0,549.0,443.0,45.0,70.0,1.0,116.0,396.0,18.0,326.0,7.84,screener
NAVA,Mar 2026,2026-03-31,quarter,1143.0,772.0,371.0,32.0,52.0,7.0,91.0,325.0,58.0,136.0,4.49,screener
NAVINFLUOR,Dec 2024,2024-12-31,quarter,606.0,459.0,147.0,24.0,10.0,20.0,30.0,108.0,23.0,84.0,16.86,screener
NAVINFLUOR,Mar 2025,2025-03-31,quarter,701.0,522.0,179.0,26.0,12.0,28.0,35.0,127.0,25.0,95.0,19.15,screener
NAVINFLUOR,Jun 2025,2025-06-30,quarter,725.0,519.0,207.0,29.0,14.0,30.0,35.0,155.0,24.0,117.0,23.62,screener
NAVINFLUOR,Sep 2025,2025-09-30,quarter,758.0,512.0,246.0,32.0,18.0,30.0,37.0,198.0,25.0,148.0,28.96,screener
NAVINFLUOR,Dec 2025,2025-12-31,quarter,892.0,585.0,308.0,34.0,-5.0,28.0,36.0,238.0,22.0,185.0,36.18,screener
NAVINFLUOR,Mar 2026,2026-03-31,quarter,938.0,617.0,321.0,34.0,31.0,29.0,41.0,282.0,25.0,213.0,41.48,screener
NAVKARCORP,Sep 2016,2016-09-30,quarter,90.0,56.0,34.0,38.0,3.0,7.0,5.0,26.0,12.0,22.0,1.57,screener
NAVKARCORP,Dec 2016,2016-12-31,quarter,92.0,59.0,33.0,36.0,2.0,9.0,5.0,22.0,10.0,19.0,1.36,screener
NAVKARCORP,Mar 2017,2017-03-31,quarter,99.0,64.0,35.0,35.0,3.0,8.0,5.0,26.0,22.0,20.0,1.42,screener
NAVKARCORP,Jun 2017,2017-06-30,quarter,99.0,60.0,39.0,39.0,1.0,7.0,5.0,28.0,21.0,22.0,1.52,screener
NAVKARCORP,Sep 2017,2017-09-30,quarter,108.0,67.0,40.0,38.0,0.0,5.0,5.0,30.0,18.0,25.0,1.74,screener
NAVKARCORP,Dec 2017,2017-12-31,quarter,106.0,69.0,38.0,35.0,0.0,1.0,5.0,31.0,25.0,23.0,1.56,screener
NAVNETEDUL,Dec 2024,2024-12-31,quarter,282.0,264.0,18.0,6.0,27.0,4.0,17.0,24.0,38.0,15.0,0.63,screener
NAVNETEDUL,Mar 2025,2025-03-31,quarter,434.0,355.0,79.0,18.0,0.0,5.0,19.0,55.0,13.0,48.0,2.17,screener
NAVNETEDUL,Jun 2025,2025-06-30,quarter,794.0,567.0,227.0,29.0,8.0,6.0,17.0,212.0,26.0,157.0,7.1,screener
NAVNETEDUL,Sep 2025,2025-09-30,quarter,247.0,246.0,1.0,0.0,4.0,4.0,18.0,-17.0,-12.0,-15.0,-0.68,screener
NAVNETEDUL,Dec 2025,2025-12-31,quarter,250.0,258.0,-8.0,-3.0,248.0,4.0,21.0,215.0,13.0,188.0,7.78,screener
NAVNETEDUL,Mar 2026,2026-03-31,quarter,430.0,377.0,53.0,12.0,20.0,3.0,23.0,47.0,17.0,39.0,1.72,screener
NAZARA,Dec 2024,2024-12-31,quarter,535.0,498.0,37.0,7.0,22.0,3.0,31.0,25.0,46.0,14.0,0.9,screener
NAZARA,Mar 2025,2025-03-31,quarter,520.0,491.0,29.0,6.0,9.0,5.0,37.0,-4.0,-203.0,4.0,0.18,screener
NAZARA,Jun 2025,2025-06-30,quarter,499.0,476.0,23.0,4.7,92.0,5.0,65.0,46.0,-13.0,51.0,1.85,screener
NAZARA,Sep 2025,2025-09-30,quarter,526.0,690.0,-164.0,-31.0,190.0,7.0,61.0,-42.0,-19.0,-34.0,-0.79,screener
NAZARA,Dec 2025,2025-12-31,quarter,406.0,338.0,68.0,17.0,10.0,4.0,60.0,14.0,36.0,9.0,0.27,screener
NAZARA,Mar 2026,2026-03-31,quarter,398.0,354.0,44.0,11.0,51.0,6.0,46.0,42.0,-31.0,56.0,1.27,screener
NAZARA,Jun 2026,2026-06-30,quarter,429.0,467.0,-38.0,-9.0,9.0,4.0,48.0,-80.0,3.0,-82.0,-2.16,screener
NBCC,Dec 2024,2024-12-31,quarter,2809.0,2665.0,144.0,5.0,54.0,0.0,2.0,196.0,27.0,142.0,0.51,screener
NBCC,Mar 2025,2025-03-31,quarter,4644.0,4353.0,291.0,6.0,-39.0,0.0,3.0,249.0,27.0,183.0,0.65,screener
NBCC,Jun 2025,2025-06-30,quarter,2391.0,2281.0,110.0,5.0,74.0,0.0,3.0,181.0,26.0,135.0,0.49,screener
NBCC,Sep 2025,2025-09-30,quarter,2914.0,2809.0,104.0,4.0,103.0,0.0,3.0,205.0,23.0,157.0,0.57,screener
NBCC,Dec 2025,2025-12-31,quarter,3022.0,2909.0,114.0,4.0,152.0,0.0,3.0,263.0,25.0,197.0,0.71,screener
NBCC,Mar 2026,2026-03-31,quarter,4560.0,4273.0,287.0,6.0,59.0,0.0,4.0,342.0,26.0,254.0,0.89,screener
NCC,Dec 2024,2024-12-31,quarter,5345.0,4904.0,441.0,8.0,48.0,166.0,54.0,270.0,24.0,206.0,3.08,screener
NCC,Mar 2025,2025-03-31,quarter,6131.0,5576.0,555.0,9.0,58.0,193.0,54.0,367.0,28.0,265.0,4.04,screener
NCC,Jun 2025,2025-06-30,quarter,5179.0,4723.0,456.0,9.0,31.0,164.0,55.0,268.0,24.0,205.0,3.06,screener
NCC,Sep 2025,2025-09-30,quarter,4543.0,4150.0,393.0,9.0,44.0,172.0,57.0,209.0,20.0,167.0,2.46,screener
NCC,Dec 2025,2025-12-31,quarter,4868.0,4432.0,436.0,9.0,0.0,196.0,59.0,182.0,26.0,135.0,1.95,screener
NCC,Mar 2026,2026-03-31,quarter,6233.0,5682.0,550.0,9.0,21.0,213.0,65.0,294.0,26.0,217.0,3.28,screener
NCLIND,Dec 2024,2024-12-31,quarter,341.0,322.0,19.0,6.0,5.0,5.0,14.0,5.0,44.0,3.0,0.66,screener
NCLIND,Mar 2025,2025-03-31,quarter,375.0,352.0,24.0,6.0,6.0,5.0,14.0,11.0,36.0,7.0,1.53,screener
NCLIND,Jun 2025,2025-06-30,quarter,338.0,288.0,51.0,15.0,4.0,5.0,13.0,36.0,44.0,20.0,4.48,screener
NCLIND,Sep 2025,2025-09-30,quarter,345.0,296.0,49.0,14.0,-2.0,4.0,13.0,29.0,32.0,20.0,4.4,screener
NCLIND,Dec 2025,2025-12-31,quarter,343.0,306.0,37.0,11.0,7.0,5.0,15.0,24.0,44.0,13.0,2.93,screener
NCLIND,Mar 2026,2026-03-31,quarter,400.0,349.0,51.0,13.0,-12.0,5.0,15.0,19.0,-122.0,42.0,9.28,screener
NDLVENTURE,Jun 2021,2021-06-30,quarter,247.0,215.0,31.0,13.0,20.0,35.0,54.0,-38.0,-25.0,-29.0,-9.39,screener
NDLVENTURE,Sep 2021,2021-09-30,quarter,271.0,225.0,45.0,17.0,7.0,36.0,54.0,-38.0,-27.0,-27.0,-8.87,screener
NDLVENTURE,Dec 2021,2021-12-31,quarter,250.0,212.0,37.0,15.0,15.0,36.0,56.0,-40.0,-34.0,-27.0,-8.97,screener
NDLVENTURE,Mar 2022,2022-03-31,quarter,313.0,244.0,69.0,22.0,32.0,29.0,59.0,13.0,-575.0,84.0,23.46,screener
NDLVENTURE,Jun 2022,2022-06-30,quarter,237.0,225.0,12.0,5.0,42.0,37.0,59.0,-42.0,-7.0,-39.0,-11.53,screener
NDLVENTURE,Sep 2022,2022-09-30,quarter,245.0,215.0,31.0,12.0,26.0,35.0,68.0,-46.0,2.0,-46.0,-14.23,screener
NDRAUTO,Mar 2025,2025-03-31,quarter,192.0,171.0,21.0,11.0,5.0,1.0,4.0,20.0,19.0,16.0,6.89,screener
NDRAUTO,Jun 2025,2025-06-30,quarter,185.0,165.0,20.0,11.0,3.0,1.0,5.0,17.0,22.0,14.0,5.72,screener
NDRAUTO,Sep 2025,2025-09-30,quarter,200.0,178.0,22.0,11.0,4.0,1.0,5.0,20.0,24.0,15.0,6.24,screener
NDRAUTO,Dec 2025,2025-12-31,quarter,208.0,186.0,23.0,11.0,3.0,1.0,6.0,19.0,20.0,15.0,6.39,screener
NDRAUTO,Mar 2026,2026-03-31,quarter,229.0,203.0,26.0,12.0,4.0,1.0,6.0,24.0,22.0,18.0,7.76,screener
NDRAUTO,Jun 2026,2026-06-30,quarter,221.0,196.0,25.0,11.0,3.0,1.0,6.0,21.0,22.0,16.0,6.9,screener
NELCAST,Dec 2024,2024-12-31,quarter,291.0,274.0,17.0,6.0,6.0,9.0,6.0,8.0,25.0,6.0,0.69,screener
NELCAST,Mar 2025,2025-03-31,quarter,330.0,300.0,30.0,9.0,5.0,9.0,7.0,18.0,26.0,14.0,1.56,screener
NELCAST,Jun 2025,2025-06-30,quarter,332.0,304.0,28.0,9.0,4.0,9.0,6.0,17.0,25.0,12.0,1.44,screener
NELCAST,Sep 2025,2025-09-30,quarter,299.0,282.0,17.0,6.0,4.0,8.0,7.0,6.0,25.0,5.0,0.55,screener
NELCAST,Dec 2025,2025-12-31,quarter,330.0,296.0,33.0,10.0,3.0,8.0,7.0,21.0,26.0,16.0,1.83,screener
NELCAST,Mar 2026,2026-03-31,quarter,368.0,336.0,32.0,9.0,3.0,7.0,7.0,21.0,26.0,15.0,1.76,screener
NELCO,Dec 2024,2024-12-31,quarter,80.72,68.54,12.18,15.09,1.57,1.51,5.26,6.98,29.08,4.95,2.17,screener
NELCO,Mar 2025,2025-03-31,quarter,67.52,61.08,6.44,9.54,2.64,1.52,6.43,1.13,461.06,-4.08,-1.79,screener
NELCO,Jun 2025,2025-06-30,quarter,74.79,67.05,7.74,10.35,0.76,1.18,4.92,2.4,25.0,1.8,0.79,screener
NELCO,Sep 2025,2025-09-30,quarter,74.33,66.86,7.47,10.05,1.31,1.52,5.09,2.17,25.35,1.62,0.71,screener
NELCO,Dec 2025,2025-12-31,quarter,78.3,70.48,7.82,9.99,-3.09,1.44,5.02,-1.73,-31.21,-1.19,-0.52,screener
NELCO,Mar 2026,2026-03-31,quarter,79.18,73.71,5.47,6.91,1.93,0.73,4.92,1.75,37.71,1.09,0.48,screener
NELCO,Jun 2026,2026-06-30,quarter,80.03,71.71,8.32,10.4,1.2,1.27,5.12,3.13,25.24,2.34,1.03,screener
NEOGEN,Dec 2024,2024-12-31,quarter,201.0,167.0,35.0,17.0,1.0,13.0,7.0,15.0,34.0,10.0,3.79,screener
NEOGEN,Mar 2025,2025-03-31,quarter,203.0,166.0,36.0,18.0,-13.0,12.0,7.0,4.0,35.0,2.0,0.91,screener
NEOGEN,Jun 2025,2025-06-30,quarter,187.0,155.0,32.0,17.0,1.0,13.0,6.0,14.0,28.0,10.0,3.89,screener
NEOGEN,Sep 2025,2025-09-30,quarter,209.0,179.0,30.0,14.0,2.0,19.0,7.0,5.0,35.0,3.0,1.28,screener
NEOGEN,Dec 2025,2025-12-31,quarter,220.0,188.0,32.0,14.0,2.0,22.0,7.0,6.0,36.0,4.0,1.4,screener
NEOGEN,Mar 2026,2026-03-31,quarter,247.0,203.0,44.0,18.0,1.0,21.0,8.0,16.0,28.0,11.0,4.32,screener
NEPHROCARE,Mar 2026,2026-03-31,quarter,26.97,24.73,2.24,8.31,0.61,-0.01,1.56,1.3,23.08,1.0,0.61,screener
NEPHROPLUS,Dec 2024,2024-12-31,quarter,197.0,153.0,44.0,22.0,5.0,5.0,18.0,26.0,24.0,20.0,96.5,screener
NEPHROPLUS,Mar 2025,2025-03-31,quarter,219.0,168.0,51.0,23.0,4.0,6.0,19.0,30.0,17.0,25.0,119.3,screener
NEPHROPLUS,Sep 2025,2025-09-30,quarter,246.0,182.0,64.0,26.0,4.0,45.0,23.0,-1.0,1427.0,-9.0,-5.24,screener
NEPHROPLUS,Dec 2025,2025-12-31,quarter,260.0,199.0,61.0,23.0,3.0,6.0,22.0,36.0,11.0,32.0,3.21,screener
NEPHROPLUS,Mar 2026,2026-03-31,quarter,266.0,215.0,51.0,19.0,12.0,3.0,26.0,33.0,9.0,30.0,3.03,screener
NESCO,Dec 2024,2024-12-31,quarter,207.0,81.0,125.0,61.0,31.0,2.0,13.0,142.0,22.0,110.0,15.6,screener
NESCO,Mar 2025,2025-03-31,quarter,192.0,85.0,107.0,56.0,20.0,1.0,13.0,112.0,21.0,89.0,12.58,screener
NESCO,Jun 2025,2025-06-30,quarter,193.0,83.0,110.0,57.0,28.0,4.0,11.0,124.0,22.0,96.0,13.64,screener
NESCO,Sep 2025,2025-09-30,quarter,239.0,103.0,136.0,57.0,24.0,5.0,12.0,143.0,17.0,119.0,16.88,screener
NESCO,Dec 2025,2025-12-31,quarter,248.0,122.0,126.0,51.0,27.0,8.0,13.0,132.0,21.0,105.0,14.85,screener
NESCO,Mar 2026,2026-03-31,quarter,252.0,134.0,118.0,47.0,21.0,8.0,14.0,116.0,20.0,93.0,13.21,screener
NESTLEIND,Dec 2024,2024-12-31,quarter,4780.0,3685.0,1095.0,23.0,4.0,35.0,150.0,914.0,25.0,688.0,3.57,screener
NESTLEIND,Mar 2025,2025-03-31,quarter,5504.0,4128.0,1376.0,25.0,9.0,38.0,155.0,1192.0,27.0,873.0,4.53,screener
NESTLEIND,Jun 2025,2025-06-30,quarter,5096.0,4009.0,1088.0,21.0,4.0,47.0,157.0,888.0,27.0,647.0,3.35,screener
NESTLEIND,Sep 2025,2025-09-30,quarter,5644.0,4417.0,1227.0,22.0,2.0,46.0,163.0,1018.0,27.0,743.0,3.85,screener
NESTLEIND,Dec 2025,2025-12-31,quarter,5667.0,4486.0,1181.0,21.0,170.0,28.0,174.0,1148.0,13.0,998.0,5.18,screener
NESTLEIND,Mar 2026,2026-03-31,quarter,6748.0,4979.0,1768.0,26.0,-18.0,37.0,205.0,1509.0,26.0,1111.0,5.76,screener
NETWEB,Jun 2025,2025-06-30,quarter,301.21,,41.48,13.77,,,,,,30.48,,screener_yfinance_fallback_normalized
NETWEB,Sep 2025,2025-09-30,quarter,nan,,60.74,nan,,,,,,nan,,screener_yfinance_fallback_normalized
NETWEB,Dec 2025,2025-12-31,quarter,804.92,,109.66,13.62,,,,,,73.31,,screener_yfinance_fallback_normalized
NETWEB,Mar 2026,2026-03-31,quarter,773.7,,92.74,11.99,,,,,,70.59,,screener_yfinance_fallback_normalized
NETWEB,Jun 2026,2026-06-30,quarter,819.69,,117.19,14.3,,,,,,85.32,,screener_yfinance_fallback_normalized
NETWORK18,Dec 2024,2024-12-31,quarter,1360.0,1382.0,-22.0,-2.0,-1225.0,102.0,52.0,-1400.0,0.0,-1400.0,-9.31,screener
NETWORK18,Mar 2025,2025-03-31,quarter,561.0,542.0,19.0,3.4,40.0,55.0,33.0,-29.0,0.0,-29.0,-0.2,screener
NETWORK18,Jun 2025,2025-06-30,quarter,468.0,464.0,4.0,0.9,231.0,52.0,34.0,149.0,0.0,149.0,0.96,screener
NETWORK18,Sep 2025,2025-09-30,quarter,498.0,498.0,0.0,-0.1,124.0,48.0,34.0,41.0,0.0,41.0,0.26,screener
NETWORK18,Dec 2025,2025-12-31,quarter,539.0,530.0,10.0,1.8,69.0,50.0,33.0,-5.0,0.0,-5.0,-0.04,screener
NETWORK18,Mar 2026,2026-03-31,quarter,616.0,585.0,30.0,4.9,26.0,54.0,32.0,-30.0,0.0,-30.0,-0.2,screener
NETWORK18,Jun 2026,2026-06-30,quarter,516.0,509.0,8.0,1.4,42.0,57.0,31.0,-38.0,0.0,-38.0,-0.25,screener
NEUEON,Dec 2024,2024-12-31,quarter,0.0,2.0,-2.0,-16800.0,0.0,0.0,24.0,-25.0,0.0,-25.0,-4.48,screener
NEUEON,Mar 2025,2025-03-31,quarter,5.35,6.74,-1.39,-25.98,0.17,0.12,41.71,-43.05,0.0,-43.05,-7.61,screener
NEUEON,Jun 2025,2025-06-30,quarter,4.46,4.95,-0.49,-10.99,0.01,0.01,21.6,-22.09,0.0,-22.08,-3.9,screener
NEUEON,Sep 2025,2025-09-30,quarter,4.12,70.98,-66.86,-1622.82,-0.44,0.0,21.61,-88.91,0.0,-88.91,-15.72,screener
NEUEON,Dec 2025,2025-12-31,quarter,1.22,-64.46,65.68,5383.61,-57.5,0.0,16.98,-8.8,0.0,-8.8,-0.16,screener
NEUEON,Mar 2026,2026-03-31,quarter,6.17,199.64,-193.47,-3135.66,-12.92,0.0,0.0,-206.39,0.0,-206.39,-3.65,screener
NEUEON,Jun 2026,2026-06-30,quarter,0.06,0.69,-0.63,-1050.0,0.17,0.01,0.44,-0.91,0.0,-0.91,-0.02,screener
NEULANDLAB,Dec 2024,2024-12-31,quarter,398.0,311.0,87.0,22.0,60.0,2.0,16.0,128.0,20.0,102.0,79.18,screener
NEULANDLAB,Mar 2025,2025-03-31,quarter,328.0,277.0,51.0,16.0,7.0,2.0,17.0,39.0,29.0,28.0,21.68,screener
NEULANDLAB,Jun 2025,2025-06-30,quarter,293.0,258.0,34.0,12.0,8.0,5.0,20.0,18.0,21.0,14.0,10.83,screener
NEULANDLAB,Sep 2025,2025-09-30,quarter,514.0,359.0,156.0,30.0,2.0,5.0,23.0,129.0,25.0,97.0,75.49,screener
NEULANDLAB,Dec 2025,2025-12-31,quarter,440.0,363.0,77.0,18.0,8.0,7.0,24.0,54.0,26.0,41.0,31.62,screener
NEULANDLAB,Mar 2026,2026-03-31,quarter,776.0,469.0,307.0,40.0,12.0,7.0,25.0,287.0,26.0,213.0,165.76,screener
NEULANDLAB,Jun 2026,2026-06-30,quarter,642.0,419.0,223.0,35.0,8.0,7.0,27.0,198.0,25.0,148.0,115.1,screener
NEWGEN,Dec 2024,2024-12-31,quarter,381.0,273.0,108.0,28.0,8.0,1.0,9.0,107.0,17.0,89.0,6.34,screener
NEWGEN,Mar 2025,2025-03-31,quarter,430.0,293.0,137.0,32.0,14.0,1.0,9.0,141.0,23.0,108.0,7.65,screener
NEWGEN,Jun 2025,2025-06-30,quarter,321.0,276.0,45.0,14.0,29.0,1.0,9.0,64.0,22.0,50.0,3.51,screener
NEWGEN,Sep 2025,2025-09-30,quarter,401.0,298.0,102.0,26.0,13.0,1.0,9.0,105.0,22.0,82.0,5.77,screener
NEWGEN,Dec 2025,2025-12-31,quarter,400.0,294.0,106.0,27.0,-15.0,2.0,9.0,80.0,22.0,63.0,4.41,screener
NEWGEN,Mar 2026,2026-03-31,quarter,453.0,301.0,152.0,34.0,-4.0,1.0,9.0,138.0,23.0,106.0,7.47,screener
NH,Dec 2024,2024-12-31,quarter,1335.0,1027.0,307.0,23.0,18.0,37.0,70.0,219.0,12.0,193.0,9.44,screener
NH,Mar 2025,2025-03-31,quarter,1475.0,1118.0,358.0,24.0,20.0,41.0,82.0,254.0,22.0,197.0,9.65,screener
NH,Jun 2025,2025-06-30,quarter,1507.0,1171.0,337.0,22.0,24.0,45.0,84.0,232.0,15.0,197.0,9.62,screener
NH,Sep 2025,2025-09-30,quarter,1644.0,1243.0,401.0,24.0,24.0,42.0,87.0,296.0,13.0,258.0,12.64,screener
NH,Dec 2025,2025-12-31,quarter,2151.0,1786.0,365.0,17.0,-29.0,65.0,122.0,149.0,15.0,127.0,6.2,screener
NH,Mar 2026,2026-03-31,quarter,2594.0,2086.0,508.0,20.0,25.0,91.0,154.0,288.0,22.0,224.0,10.96,screener
NH,Jun 2026,2026-06-30,quarter,2684.0,2216.0,468.0,17.0,35.0,87.0,156.0,260.0,20.0,207.0,10.14,screener
NHPC,Mar 2025,2025-03-31,quarter,2347.0,1142.0,1205.0,51.0,265.0,-12.0,315.0,1167.0,21.0,920.0,0.85,screener
NHPC,Jun 2025,2025-06-30,quarter,3214.0,1412.0,1802.0,56.0,413.0,261.0,436.0,1518.0,26.0,1131.0,1.06,screener
NHPC,Sep 2025,2025-09-30,quarter,3365.0,1338.0,2027.0,60.0,448.0,278.0,441.0,1755.0,31.0,1219.0,1.02,screener
NHPC,Dec 2025,2025-12-31,quarter,2221.0,2009.0,212.0,10.0,1449.0,310.0,457.0,894.0,64.0,321.0,0.22,screener
NHPC,Mar 2026,2026-03-31,quarter,2816.0,2179.0,637.0,23.0,306.0,574.0,642.0,-274.0,-666.0,1549.0,1.45,screener
NHPC,Jun 2026,2026-06-30,quarter,3808.0,1456.0,2352.0,62.0,407.0,606.0,600.0,1554.0,24.0,1178.0,1.09,screener
NIACL,Dec 2024,2024-12-31,quarter,10703.0,10605.0,98.0,1.0,9.0,0.0,0.0,107.0,-221.0,349.0,2.12,screener
NIACL,Mar 2025,2025-03-31,quarter,11664.0,11239.0,426.0,3.6,77.0,0.0,0.0,502.0,36.0,356.0,2.18,screener
NIACL,Jun 2025,2025-06-30,quarter,11719.0,11530.0,189.0,1.6,202.0,0.0,0.0,391.0,0.0,402.0,2.43,screener
NIACL,Sep 2025,2025-09-30,quarter,13450.0,13524.0,-74.0,-0.6,98.0,0.0,0.0,23.0,14.0,55.0,0.33,screener
NIACL,Dec 2025,2025-12-31,quarter,12069.0,11863.0,206.0,1.7,166.0,0.0,0.0,372.0,-1.0,380.0,2.31,screener
NIACL,Mar 2026,2026-03-31,quarter,12544.0,12525.0,19.0,0.1,427.0,0.0,0.0,446.0,-26.0,580.0,3.51,screener
NIACL,Jun 2026,2026-06-30,quarter,11900.0,12105.0,-205.0,-1.7,27.0,0.0,0.0,-179.0,37.0,-239.0,-1.47,screener
NIBE,Dec 2024,2024-12-31,quarter,149.0,142.0,7.0,5.0,2.0,2.0,5.0,2.0,-1.0,2.0,1.45,screener
NIBE,Mar 2025,2025-03-31,quarter,113.0,93.0,19.0,17.0,1.0,2.0,4.0,15.0,41.0,9.0,5.34,screener
NIBE,Jun 2025,2025-06-30,quarter,82.0,75.0,8.0,9.0,1.0,2.0,5.0,2.0,42.0,1.0,1.31,screener
NIBE,Sep 2025,2025-09-30,quarter,73.0,78.0,-4.0,-6.0,1.0,2.0,7.0,-13.0,-26.0,-10.0,-5.82,screener
NIBE,Dec 2025,2025-12-31,quarter,59.0,69.0,-10.0,-16.0,1.0,4.0,8.0,-22.0,-13.0,-19.0,-11.76,screener
NIBE,Mar 2026,2026-03-31,quarter,260.0,208.0,51.0,20.0,2.0,7.0,8.0,37.0,26.0,28.0,19.56,screener
NIITLTD,Dec 2024,2024-12-31,quarter,98.11,91.22,6.89,7.02,16.85,0.35,6.11,17.28,19.04,13.99,0.99,screener
NIITLTD,Mar 2025,2025-03-31,quarter,86.29,87.78,-1.49,-1.73,24.14,0.21,5.93,16.51,17.02,13.7,0.97,screener
NIITLTD,Jun 2025,2025-06-30,quarter,84.12,93.96,-9.84,-11.7,21.73,0.26,6.68,4.95,15.35,4.19,0.32,screener
NIITLTD,Sep 2025,2025-09-30,quarter,104.95,106.13,-1.18,-1.12,10.95,0.23,7.25,2.29,71.18,0.65,0.1,screener
NIITLTD,Dec 2025,2025-12-31,quarter,101.37,102.27,-0.9,-0.89,15.22,0.24,7.61,6.47,29.52,4.57,0.29,screener
NIITLTD,Mar 2026,2026-03-31,quarter,99.74,101.2,-1.46,-1.46,7.5,0.31,7.42,-1.69,106.51,-3.48,-0.32,screener
NIITLTD,Jun 2026,2026-06-30,quarter,95.65,99.33,-3.68,-3.85,20.41,0.24,9.6,6.89,-9.0,7.52,0.59,screener
NIITMTS,Dec 2024,2024-12-31,quarter,419.0,327.0,92.0,22.0,6.0,0.0,16.0,81.0,24.0,62.0,4.54,screener
NIITMTS,Mar 2025,2025-03-31,quarter,430.0,350.0,80.0,19.0,12.0,6.0,17.0,69.0,30.0,49.0,3.58,screener
NIITMTS,Jun 2025,2025-06-30,quarter,451.0,361.0,90.0,20.0,7.0,6.0,18.0,73.0,32.0,49.0,3.61,screener
NIITMTS,Sep 2025,2025-09-30,quarter,476.0,383.0,93.0,19.0,2.0,7.0,18.0,69.0,32.0,47.0,3.43,screener
NIITMTS,Dec 2025,2025-12-31,quarter,500.0,403.0,96.0,19.0,21.0,4.0,19.0,95.0,22.0,74.0,5.42,screener
NIITMTS,Mar 2026,2026-03-31,quarter,525.0,438.0,88.0,17.0,33.0,6.0,21.0,94.0,18.0,77.0,5.61,screener
NILKAMAL,Dec 2024,2024-12-31,quarter,854.0,791.0,63.0,7.0,6.0,11.0,30.0,28.0,23.0,22.0,14.4,screener
NILKAMAL,Mar 2025,2025-03-31,quarter,894.0,809.0,85.0,10.0,3.0,11.0,31.0,46.0,26.0,34.0,22.87,screener
NILKAMAL,Jun 2025,2025-06-30,quarter,883.0,825.0,58.0,7.0,6.0,11.0,34.0,20.0,22.0,15.0,10.21,screener
NILKAMAL,Sep 2025,2025-09-30,quarter,968.0,882.0,85.0,9.0,5.0,11.0,35.0,45.0,25.0,34.0,22.5,screener
NILKAMAL,Dec 2025,2025-12-31,quarter,962.0,872.0,90.0,9.0,-9.0,11.0,37.0,33.0,23.0,25.0,16.93,screener
NILKAMAL,Mar 2026,2026-03-31,quarter,965.0,869.0,96.0,10.0,6.0,11.0,37.0,54.0,23.0,42.0,27.82,screener
NIMBSPROJ,Dec 2024,2024-12-31,quarter,2.0,-106.0,108.0,4948.0,-34.0,3.0,0.0,71.0,25.0,53.0,49.34,screener
NIMBSPROJ,Mar 2025,2025-03-31,quarter,1.0,148.0,-147.0,-17733.0,12.0,5.0,0.0,-141.0,-19.0,-114.0,-104.92,screener
NIMBSPROJ,Jun 2025,2025-06-30,quarter,4.0,51.0,-47.0,-1211.0,17.0,2.0,0.0,-33.0,8.0,-36.0,-14.9,screener
NIMBSPROJ,Sep 2025,2025-09-30,quarter,4.0,-1.0,6.0,127.0,25.0,2.0,0.0,28.0,28.0,20.0,9.04,screener
NIMBSPROJ,Dec 2025,2025-12-31,quarter,2.0,26.0,-23.0,-1034.0,-19.0,2.0,0.0,-45.0,-8.0,-41.0,-21.2,screener
NIMBSPROJ,Mar 2026,2026-03-31,quarter,218.0,242.0,-24.0,-11.0,7.0,18.0,0.0,-36.0,-12.0,-31.0,-8.24,screener
NINSYS,Dec 2024,2024-12-31,quarter,35.19,26.3,8.89,25.26,0.83,0.08,0.63,9.01,25.42,6.73,3.62,screener
NINSYS,Mar 2025,2025-03-31,quarter,37.85,29.53,8.32,21.98,2.07,0.06,0.65,9.68,24.17,7.35,3.96,screener
NINSYS,Jun 2025,2025-06-30,quarter,38.83,30.4,8.43,21.71,2.4,0.07,0.6,10.16,24.7,7.65,4.12,screener
NINSYS,Sep 2025,2025-09-30,quarter,41.69,31.45,10.24,24.56,0.83,0.07,0.63,10.37,24.11,7.87,4.24,screener
NINSYS,Dec 2025,2025-12-31,quarter,43.28,32.22,11.06,25.55,0.05,0.06,0.64,10.41,25.55,7.75,4.17,screener
NINSYS,Mar 2026,2026-03-31,quarter,46.37,32.41,13.96,30.11,-1.31,0.13,0.64,11.88,26.35,8.74,4.7,screener
NITCO,Dec 2024,2024-12-31,quarter,84.63,89.65,-5.02,-5.93,-472.6,12.67,169.88,-660.17,0.0,-660.18,-91.87,screener
NITCO,Mar 2025,2025-03-31,quarter,93.54,99.69,-6.15,-6.57,10.18,3.38,3.55,-2.9,0.34,-2.9,-0.12,screener
NITCO,Jun 2025,2025-06-30,quarter,150.22,100.6,49.62,33.03,3.47,2.53,3.11,47.45,0.0,47.46,2.08,screener
NITCO,Sep 2025,2025-09-30,quarter,107.7,121.41,-13.71,-12.73,3.5,2.38,-13.53,0.94,0.0,0.94,0.04,screener
NITCO,Dec 2025,2025-12-31,quarter,131.76,137.78,-6.02,-4.57,-1.4,2.48,2.06,-11.96,0.0,-11.96,-0.52,screener
NITCO,Mar 2026,2026-03-31,quarter,152.33,157.26,-4.93,-3.24,2.32,2.92,2.23,-7.76,0.39,-7.79,-0.32,screener
NITINFIRE,Dec 2024,2024-12-31,quarter,6.79,3.65,3.14,46.24,976.13,0.2,0.07,979.0,0.0,979.01,33.5,screener
NITINFIRE,Mar 2025,2025-03-31,quarter,-4.03,1.54,-5.57,,3.93,-0.2,0.07,-1.51,-116.56,-0.53,-0.02,screener
NITINFIRE,Jun 2025,2025-06-30,quarter,3.27,4.02,-0.75,-22.94,7.48,0.0,0.1,6.63,0.0,6.62,0.23,screener
NITINFIRE,Sep 2025,2025-09-30,quarter,5.54,6.89,-1.35,-24.37,8.68,0.0,0.1,7.23,0.0,7.24,0.25,screener
NITINFIRE,Dec 2025,2025-12-31,quarter,7.11,7.59,-0.48,-6.75,1.15,0.0,0.09,0.58,20.69,0.46,0.02,screener
NITINFIRE,Mar 2026,2026-03-31,quarter,8.29,10.05,-1.76,-21.23,-0.21,0.01,0.24,-2.22,-5.41,-2.47,-0.08,screener
NLCINDIA,Dec 2024,2024-12-31,quarter,4411.0,3377.0,1035.0,23.0,489.0,237.0,458.0,830.0,16.0,696.0,4.82,screener
NLCINDIA,Mar 2025,2025-03-31,quarter,3836.0,2975.0,861.0,22.0,957.0,325.0,581.0,912.0,49.0,468.0,3.48,screener
NLCINDIA,Jun 2025,2025-06-30,quarter,3826.0,2891.0,935.0,24.0,497.0,299.0,539.0,594.0,-41.0,839.0,5.75,screener
NLCINDIA,Sep 2025,2025-09-30,quarter,4178.0,2779.0,1400.0,34.0,359.0,289.0,548.0,921.0,21.0,725.0,4.8,screener
NLCINDIA,Dec 2025,2025-12-31,quarter,4443.0,3099.0,1344.0,30.0,364.0,269.0,597.0,843.0,14.0,724.0,4.8,screener
NLCINDIA,Mar 2026,2026-03-31,quarter,5042.0,3268.0,1774.0,35.0,802.0,364.0,695.0,1518.0,2.0,1481.0,10.05,screener
NMDC,Mar 2025,2025-03-31,quarter,7005.0,4953.0,2051.0,29.0,492.0,65.0,141.0,2338.0,37.0,1477.0,1.68,screener
NMDC,Jun 2025,2025-06-30,quarter,6739.0,4260.0,2478.0,37.0,300.0,27.0,109.0,2643.0,26.0,1968.0,2.24,screener
NMDC,Sep 2025,2025-09-30,quarter,6378.0,4385.0,1993.0,31.0,383.0,8.0,110.0,2259.0,26.0,1698.0,1.93,screener
NMDC,Dec 2025,2025-12-31,quarter,7611.0,5467.0,2144.0,28.0,372.0,35.0,107.0,2375.0,26.0,1757.0,2.0,screener
NMDC,Mar 2026,2026-03-31,quarter,11343.0,8700.0,2644.0,23.0,432.0,51.0,152.0,2873.0,30.0,2027.0,2.31,screener
NMDC,Jun 2026,2026-06-30,quarter,6795.0,4327.0,2468.0,36.0,347.0,22.0,103.0,2691.0,25.0,1976.0,2.25,screener
NOCIL,Dec 2024,2024-12-31,quarter,318.0,294.0,24.0,8.0,9.0,0.0,14.0,19.0,32.0,13.0,0.77,screener
NOCIL,Mar 2025,2025-03-31,quarter,340.0,305.0,34.0,10.0,6.0,0.0,13.0,26.0,20.0,21.0,1.24,screener
NOCIL,Jun 2025,2025-06-30,quarter,336.0,306.0,31.0,9.0,7.0,0.0,14.0,23.0,25.0,17.0,1.03,screener
NOCIL,Sep 2025,2025-09-30,quarter,321.0,298.0,22.0,7.0,10.0,0.0,14.0,19.0,35.0,12.0,0.73,screener
NOCIL,Dec 2025,2025-12-31,quarter,316.0,289.0,27.0,8.0,1.0,0.0,14.0,13.0,31.0,9.0,0.55,screener
NOCIL,Mar 2026,2026-03-31,quarter,330.0,309.0,21.0,6.0,14.0,0.0,14.0,21.0,19.0,17.0,1.02,screener
NORTHARC,Dec 2024,2024-12-31,quarter,576.0,267.0,,,5.0,214.0,6.0,94.0,22.0,73.0,4.69,screener
NORTHARC,Mar 2025,2025-03-31,quarter,603.0,367.0,,,4.0,200.0,5.0,35.0,-10.0,38.0,2.34,screener
NORTHARC,Jun 2025,2025-06-30,quarter,605.0,283.0,,,2.0,216.0,4.0,104.0,25.0,78.0,5.02,screener
NORTHARC,Sep 2025,2025-09-30,quarter,627.0,295.0,,,1.0,208.0,5.0,121.0,25.0,91.0,5.68,screener
NORTHARC,Dec 2025,2025-12-31,quarter,721.0,354.0,,,4.0,231.0,5.0,135.0,24.0,102.0,6.24,screener
NORTHARC,Mar 2026,2026-03-31,quarter,742.0,326.0,,,3.0,239.0,5.0,176.0,24.0,133.0,8.2,screener
NPST,Dec 2024,2024-12-31,quarter,21.0,15.0,7.0,31.0,2.0,0.0,2.0,7.0,25.0,5.0,2.65,screener
NPST,Mar 2025,2025-03-31,quarter,26.0,18.0,9.0,33.0,2.0,0.0,2.0,8.0,37.0,5.0,2.69,screener
NPST,Jun 2025,2025-06-30,quarter,34.0,24.0,10.0,29.0,1.0,0.0,1.0,10.0,26.0,7.0,3.71,screener
NPST,Sep 2025,2025-09-30,quarter,47.0,33.0,14.0,29.0,2.0,0.0,2.0,13.0,27.0,10.0,4.72,screener
NPST,Dec 2025,2025-12-31,quarter,53.0,38.0,14.0,27.0,5.0,0.0,3.0,16.0,28.0,12.0,5.53,screener
NPST,Mar 2026,2026-03-31,quarter,62.0,49.0,13.0,21.0,6.0,0.0,3.0,16.0,23.0,12.0,5.88,screener
NRBBEARING,Dec 2024,2024-12-31,quarter,279.0,234.0,45.0,16.0,2.0,3.0,12.0,32.0,31.0,22.0,2.2,screener
NRBBEARING,Mar 2025,2025-03-31,quarter,329.0,269.0,60.0,18.0,-45.0,2.0,12.0,1.0,284.0,-1.0,-0.21,screener
NRBBEARING,Jun 2025,2025-06-30,quarter,310.0,259.0,51.0,17.0,9.0,3.0,13.0,45.0,27.0,33.0,3.31,screener
NRBBEARING,Sep 2025,2025-09-30,quarter,325.0,272.0,54.0,16.0,14.0,2.0,13.0,52.0,21.0,41.0,4.19,screener
NRBBEARING,Dec 2025,2025-12-31,quarter,328.0,267.0,60.0,18.0,-3.0,2.0,14.0,41.0,29.0,29.0,2.95,screener
NRBBEARING,Mar 2026,2026-03-31,quarter,372.0,305.0,67.0,18.0,7.0,2.0,16.0,56.0,25.0,42.0,4.27,screener
NRVANDANA,Sep 2024,2024-09-30,quarter,127.0,118.0,9.0,7.0,0.0,4.0,0.0,5.0,27.0,4.0,,screener
NRVANDANA,Mar 2025,2025-03-31,quarter,144.0,134.0,10.0,7.0,0.0,4.0,0.0,6.0,25.0,5.0,2.69,screener
NRVANDANA,Sep 2025,2025-09-30,quarter,131.0,119.0,11.0,9.0,0.0,4.0,0.0,8.0,25.0,6.0,2.47,screener
NTPC,Dec 2024,2024-12-31,quarter,45069.0,31729.0,13341.0,30.0,986.0,2764.0,4318.0,7245.0,29.0,5170.0,5.22,screener
NTPC,Mar 2025,2025-03-31,quarter,49834.0,35080.0,14754.0,30.0,4180.0,3648.0,4663.0,10623.0,26.0,7897.0,7.85,screener
NTPC,Jun 2025,2025-06-30,quarter,47065.0,34485.0,12580.0,27.0,3240.0,3468.0,4587.0,7765.0,21.0,6108.0,6.2,screener
NTPC,Sep 2025,2025-09-30,quarter,44786.0,31970.0,12816.0,29.0,2734.0,3432.0,4816.0,7301.0,28.0,5225.0,5.23,screener
NTPC,Dec 2025,2025-12-31,quarter,45846.0,31276.0,14570.0,32.0,1738.0,3164.0,5093.0,8050.0,30.0,5597.0,5.66,screener
NTPC,Mar 2026,2026-03-31,quarter,49688.0,41181.0,8507.0,17.0,1917.0,3737.0,5134.0,1553.0,-584.0,10615.0,10.81,screener
NTPCGREEN,Dec 2024,2024-12-31,quarter,505.0,82.0,424.0,84.0,76.0,206.0,195.0,99.0,34.0,66.0,0.08,screener
NTPCGREEN,Mar 2025,2025-03-31,quarter,622.0,62.0,560.0,90.0,129.0,177.0,206.0,307.0,24.0,233.0,0.28,screener
NTPCGREEN,Jun 2025,2025-06-30,quarter,680.0,77.0,604.0,89.0,89.0,193.0,223.0,277.0,20.0,220.0,0.26,screener
NTPCGREEN,Sep 2025,2025-09-30,quarter,612.0,83.0,530.0,86.0,60.0,207.0,261.0,122.0,29.0,86.0,0.1,screener
NTPCGREEN,Dec 2025,2025-12-31,quarter,653.0,118.0,535.0,82.0,31.0,230.0,300.0,37.0,53.0,17.0,0.02,screener
NTPCGREEN,Mar 2026,2026-03-31,quarter,913.0,138.0,774.0,85.0,48.0,257.0,318.0,247.0,20.0,197.0,0.23,screener
NTPCGREEN,Jun 2026,2026-06-30,quarter,1107.0,118.0,989.0,89.0,44.0,322.0,343.0,368.0,17.0,305.0,0.36,screener
NUCLEUS,Mar 2025,2025-03-31,quarter,229.0,154.0,74.0,33.0,17.0,0.0,3.0,88.0,26.0,65.0,24.6,screener
NUCLEUS,Jun 2025,2025-06-30,quarter,218.0,184.0,34.0,16.0,18.0,0.0,3.0,48.0,27.0,35.0,13.37,screener
NUCLEUS,Sep 2025,2025-09-30,quarter,214.0,190.0,23.0,11.0,16.0,0.0,4.0,35.0,26.0,26.0,9.99,screener
NUCLEUS,Dec 2025,2025-12-31,quarter,220.0,187.0,33.0,15.0,-4.0,0.0,4.0,25.0,16.0,21.0,7.86,screener
NUCLEUS,Mar 2026,2026-03-31,quarter,225.0,190.0,35.0,16.0,12.0,0.0,5.0,42.0,17.0,35.0,13.12,screener
NUCLEUS,Jun 2026,2026-06-30,quarter,210.0,202.0,8.0,3.8,28.0,0.0,5.0,30.0,21.0,24.0,9.07,screener
NURECA,Dec 2024,2024-12-31,quarter,26.46,30.47,-4.01,-15.15,1.48,0.18,0.54,-3.25,-13.85,-2.8,-2.8,screener
NURECA,Mar 2025,2025-03-31,quarter,31.74,30.54,1.2,3.78,1.99,0.62,0.52,2.05,-20.0,2.47,2.47,screener
NURECA,Jun 2025,2025-06-30,quarter,34.18,34.74,-0.56,-1.64,2.57,0.25,0.53,1.23,34.15,0.81,0.81,screener
NURECA,Sep 2025,2025-09-30,quarter,37.74,34.47,3.27,8.66,2.32,0.46,0.54,4.59,21.13,3.63,3.63,screener
NURECA,Dec 2025,2025-12-31,quarter,39.64,36.39,3.25,8.2,2.19,0.28,0.5,4.66,19.96,3.73,3.91,screener
NURECA,Mar 2026,2026-03-31,quarter,35.41,41.19,-5.78,-16.32,1.02,0.3,0.45,-5.51,10.71,-6.09,-6.38,screener
NURECA,Jun 2026,2026-06-30,quarter,40.34,36.92,3.42,8.48,1.82,0.2,0.61,4.43,30.93,3.07,3.22,screener
NUVAMA,Dec 2024,2024-12-31,quarter,1034.0,453.0,582.0,56.0,1.0,225.0,24.0,334.0,25.0,252.0,14.05,screener
NUVAMA,Mar 2025,2025-03-31,quarter,1120.0,545.0,575.0,51.0,9.0,215.0,29.0,340.0,25.0,255.0,14.2,screener
NUVAMA,Jun 2025,2025-06-30,quarter,1123.0,511.0,612.0,54.0,3.0,240.0,24.0,351.0,25.0,264.0,14.66,screener
NUVAMA,Sep 2025,2025-09-30,quarter,1135.0,541.0,593.0,52.0,8.0,237.0,25.0,339.0,25.0,254.0,14.09,screener
NUVAMA,Dec 2025,2025-12-31,quarter,1104.0,497.0,607.0,55.0,2.0,242.0,27.0,340.0,25.0,254.0,13.96,screener
NUVAMA,Mar 2026,2026-03-31,quarter,1269.0,641.0,629.0,50.0,20.0,258.0,36.0,355.0,24.0,269.0,14.79,screener
NUVOCO,Dec 2024,2024-12-31,quarter,2409.0,2151.0,258.0,11.0,0.0,126.0,217.0,-85.0,-28.0,-61.0,-1.72,screener
NUVOCO,Mar 2025,2025-03-31,quarter,3042.0,2491.0,552.0,18.0,4.0,113.0,220.0,224.0,26.0,166.0,4.63,screener
NUVOCO,Jun 2025,2025-06-30,quarter,2873.0,2354.0,519.0,18.0,15.0,117.0,215.0,202.0,34.0,133.0,3.73,screener
NUVOCO,Sep 2025,2025-09-30,quarter,2458.0,2091.0,367.0,15.0,4.0,102.0,218.0,51.0,29.0,36.0,1.02,screener
NUVOCO,Dec 2025,2025-12-31,quarter,2701.0,2318.0,384.0,14.0,3.0,99.0,223.0,65.0,24.0,49.0,1.37,screener
NUVOCO,Mar 2026,2026-03-31,quarter,3307.0,2719.0,588.0,18.0,-46.0,81.0,228.0,233.0,40.0,141.0,3.94,screener
NYKAA,Dec 2024,2024-12-31,quarter,2267.0,2126.0,141.0,6.0,6.0,32.0,70.0,45.0,39.0,26.0,0.09,screener
NYKAA,Mar 2025,2025-03-31,quarter,2062.0,1928.0,133.0,6.0,9.0,30.0,73.0,40.0,52.0,19.0,0.07,screener
NYKAA,Jun 2025,2025-06-30,quarter,2155.0,2014.0,141.0,7.0,9.0,30.0,76.0,44.0,44.0,24.0,0.08,screener
NYKAA,Sep 2025,2025-09-30,quarter,2346.0,2187.0,159.0,7.0,7.0,31.0,79.0,55.0,40.0,33.0,0.12,screener
NYKAA,Dec 2025,2025-12-31,quarter,2873.0,2644.0,230.0,8.0,-10.0,29.0,81.0,110.0,38.0,68.0,0.22,screener
NYKAA,Mar 2026,2026-03-31,quarter,2648.0,2425.0,223.0,8.0,9.0,26.0,84.0,122.0,35.0,79.0,0.27,screener
NYKAA,Jun 2026,2026-06-30,quarter,2782.0,2546.0,236.0,8.0,9.0,27.0,89.0,129.0,38.0,80.0,0.28,screener
OAL,Dec 2024,2024-12-31,quarter,222.57,200.02,22.55,10.13,0.09,6.36,6.4,9.88,27.73,7.14,2.12,screener
OAL,Mar 2025,2025-03-31,quarter,253.16,233.89,19.27,7.61,0.24,8.62,7.23,3.66,60.93,1.42,0.42,screener
OAL,Jun 2025,2025-06-30,quarter,225.52,207.46,18.06,8.01,0.27,8.07,7.7,2.56,80.47,0.5,0.15,screener
OAL,Sep 2025,2025-09-30,quarter,271.33,254.09,17.24,6.35,3.0,9.72,7.81,2.71,73.06,0.74,0.22,screener
OAL,Dec 2025,2025-12-31,quarter,251.56,238.34,13.22,5.26,2.06,9.3,7.82,-1.84,4.35,-1.92,-0.57,screener
OAL,Mar 2026,2026-03-31,quarter,282.37,262.91,19.46,6.89,4.27,8.66,7.74,7.33,45.7,3.99,1.19,screener
OBEROIRLTY,Dec 2024,2024-12-31,quarter,1411.0,555.0,856.0,61.0,52.0,75.0,23.0,810.0,24.0,618.0,17.01,screener
OBEROIRLTY,Mar 2025,2025-03-31,quarter,1150.0,532.0,618.0,54.0,63.0,80.0,24.0,577.0,25.0,433.0,11.91,screener
OBEROIRLTY,Jun 2025,2025-06-30,quarter,988.0,467.0,520.0,53.0,93.0,75.0,32.0,507.0,17.0,421.0,11.59,screener
OBEROIRLTY,Sep 2025,2025-09-30,quarter,1779.0,759.0,1020.0,57.0,77.0,71.0,33.0,993.0,23.0,760.0,20.91,screener
OBEROIRLTY,Dec 2025,2025-12-31,quarter,1493.0,635.0,857.0,57.0,55.0,67.0,33.0,813.0,23.0,623.0,17.12,screener
OBEROIRLTY,Mar 2026,2026-03-31,quarter,1750.0,801.0,949.0,54.0,74.0,27.0,33.0,963.0,27.0,703.0,19.34,screener
OBEROIRLTY,Jun 2026,2026-06-30,quarter,1301.0,567.0,734.0,56.0,65.0,52.0,35.0,712.0,24.0,544.0,14.95,screener
OFSS,Dec 2024,2024-12-31,quarter,1715.0,1001.0,714.0,42.0,70.0,-3.0,17.0,770.0,30.0,541.0,62.35,screener
OFSS,Mar 2025,2025-03-31,quarter,1716.0,952.0,765.0,45.0,82.0,-9.0,17.0,839.0,23.0,644.0,74.13,screener
OFSS,Jun 2025,2025-06-30,quarter,1852.0,1006.0,846.0,46.0,72.0,-4.0,18.0,905.0,29.0,642.0,73.87,screener
OFSS,Sep 2025,2025-09-30,quarter,1789.0,1034.0,755.0,42.0,66.0,8.0,16.0,797.0,32.0,546.0,62.82,screener
OFSS,Dec 2025,2025-12-31,quarter,1966.0,1146.0,820.0,42.0,60.0,7.0,16.0,857.0,29.0,610.0,70.06,screener
OFSS,Mar 2026,2026-03-31,quarter,2065.0,1009.0,1056.0,51.0,71.0,-8.0,15.0,1120.0,25.0,842.0,96.71,screener
OIL,Dec 2024,2024-12-31,quarter,8337.0,5795.0,2542.0,30.0,302.0,304.0,624.0,1917.0,24.0,1457.0,8.23,screener
OIL,Mar 2025,2025-03-31,quarter,8808.0,6220.0,2588.0,29.0,382.0,244.0,533.0,2193.0,32.0,1497.0,8.05,screener
OIL,Jun 2025,2025-06-30,quarter,7929.0,5578.0,2351.0,30.0,980.0,199.0,627.0,2505.0,18.0,2047.0,11.66,screener
OIL,Sep 2025,2025-09-30,quarter,8394.0,6091.0,2303.0,27.0,721.0,305.0,671.0,2048.0,20.0,1644.0,8.78,screener
OIL,Dec 2025,2025-12-31,quarter,8330.0,6043.0,2287.0,27.0,657.0,319.0,715.0,1910.0,25.0,1436.0,7.35,screener
OIL,Mar 2026,2026-03-31,quarter,9293.0,6012.0,3281.0,35.0,919.0,381.0,699.0,3119.0,22.0,2424.0,12.91,screener
OLECTRA,Dec 2024,2024-12-31,quarter,515.0,436.0,79.0,15.0,3.0,11.0,9.0,62.0,25.0,47.0,5.64,screener
OLECTRA,Mar 2025,2025-03-31,quarter,449.0,395.0,54.0,12.0,5.0,20.0,10.0,29.0,29.0,21.0,2.56,screener
OLECTRA,Jun 2025,2025-06-30,quarter,347.0,299.0,48.0,14.0,8.0,12.0,10.0,34.0,23.0,26.0,3.17,screener
OLECTRA,Sep 2025,2025-09-30,quarter,657.0,568.0,89.0,14.0,4.0,14.0,11.0,68.0,28.0,49.0,6.04,screener
OLECTRA,Dec 2025,2025-12-31,quarter,664.0,570.0,93.0,14.0,4.0,20.0,13.0,64.0,27.0,47.0,5.65,screener
OLECTRA,Mar 2026,2026-03-31,quarter,645.0,545.0,100.0,15.0,7.0,15.0,11.0,80.0,28.0,57.0,6.76,screener
OMFREIGHT,Dec 2024,2024-12-31,quarter,116.48,112.16,4.32,3.71,1.53,0.69,2.53,2.63,37.26,1.65,0.52,screener
OMFREIGHT,Mar 2025,2025-03-31,quarter,123.38,112.02,11.36,9.21,0.97,0.62,2.5,9.21,22.37,7.15,2.24,screener
OMFREIGHT,Jun 2025,2025-06-30,quarter,94.43,88.9,5.53,5.86,1.82,0.58,2.5,4.27,24.12,3.25,1.02,screener
OMFREIGHT,Sep 2025,2025-09-30,quarter,113.84,106.02,7.82,6.87,0.65,0.54,2.51,5.42,25.28,4.06,1.27,screener
OMFREIGHT,Dec 2025,2025-12-31,quarter,119.11,111.64,7.47,6.27,1.95,0.67,2.57,6.18,24.92,4.64,1.38,screener
OMFREIGHT,Mar 2026,2026-03-31,quarter,149.54,142.45,7.09,4.74,1.79,0.71,2.65,5.52,25.54,4.11,1.22,screener
OMNI,Dec 2024,2024-12-31,quarter,74.0,50.0,24.0,33.0,4.0,8.0,10.0,11.0,25.0,8.0,0.79,screener
OMNI,Mar 2025,2025-03-31,quarter,107.0,64.0,43.0,40.0,1.0,8.0,10.0,26.0,22.0,20.0,1.94,screener
OMNI,Jun 2025,2025-06-30,quarter,103.0,77.0,27.0,26.0,1.0,10.0,10.0,8.0,31.0,5.0,0.5,screener
OMNI,Sep 2025,2025-09-30,quarter,125.0,81.0,44.0,35.0,7.0,10.0,12.0,29.0,23.0,23.0,2.15,screener
OMNI,Dec 2025,2025-12-31,quarter,134.0,83.0,51.0,38.0,4.0,10.0,12.0,32.0,32.0,22.0,2.12,screener
OMNI,Mar 2026,2026-03-31,quarter,149.0,99.0,50.0,33.0,12.0,10.0,13.0,39.0,24.0,29.0,2.37,screener
OMNI,Jun 2026,2026-06-30,quarter,167.0,116.0,51.0,30.0,6.0,10.0,6.0,40.0,25.0,30.0,2.4,screener
ONESOURCE,Dec 2024,2024-12-31,quarter,392.56,250.68,141.88,36.14,-93.8,45.82,68.77,-66.51,3.53,-68.85,-6.02,screener
ONESOURCE,Mar 2025,2025-03-31,quarter,426.0,243.0,183.0,43.0,2.0,33.0,68.0,83.0,-19.0,98.0,8.61,screener
ONESOURCE,Jun 2025,2025-06-30,quarter,327.0,239.0,88.0,27.0,2.0,27.0,68.0,-4.0,-96.0,0.0,-0.02,screener
ONESOURCE,Sep 2025,2025-09-30,quarter,376.0,269.0,106.0,28.0,3.0,34.0,70.0,6.0,-83.0,10.0,0.92,screener
ONESOURCE,Dec 2025,2025-12-31,quarter,290.0,273.0,17.0,6.0,-2.0,38.0,70.0,-93.0,-5.0,-89.0,-7.74,screener
ONESOURCE,Mar 2026,2026-03-31,quarter,428.0,336.0,92.0,21.0,2.0,23.0,72.0,0.0,-1630.0,5.0,0.4,screener
ONESOURCE,Jun 2026,2026-06-30,quarter,449.0,326.0,123.0,27.0,0.0,31.0,72.0,20.0,-23.0,25.0,2.18,screener
ONGC,Dec 2024,2024-12-31,quarter,167213.0,142858.0,24354.0,15.0,2415.0,3750.0,9539.0,13480.0,28.0,9747.0,6.82,screener
ONGC,Mar 2025,2025-03-31,quarter,167749.0,145983.0,21766.0,13.0,3548.0,3264.0,8912.0,13137.0,32.0,8965.0,5.91,screener
ONGC,Jun 2025,2025-06-30,quarter,163108.0,137429.0,25679.0,16.0,2555.0,3341.0,9384.0,15509.0,26.0,11554.0,7.79,screener
ONGC,Sep 2025,2025-09-30,quarter,157911.0,131390.0,26521.0,17.0,3447.0,3411.0,9273.0,17284.0,27.0,12615.0,8.57,screener
ONGC,Dec 2025,2025-12-31,quarter,167423.0,142088.0,25335.0,15.0,3450.0,3207.0,9388.0,16190.0,26.0,11946.0,7.96,screener
ONGC,Mar 2026,2026-03-31,quarter,173805.0,148449.0,25356.0,15.0,5699.0,3070.0,9345.0,18640.0,27.0,13678.0,8.6,screener
ONWARDTEC,Dec 2024,2024-12-31,quarter,123.39,112.18,11.21,9.09,1.13,0.59,3.3,8.45,28.64,6.04,2.66,screener
ONWARDTEC,Mar 2025,2025-03-31,quarter,127.29,113.44,13.85,10.88,2.69,0.53,3.44,12.57,17.1,10.41,4.59,screener
ONWARDTEC,Jun 2025,2025-06-30,quarter,133.15,116.01,17.14,12.87,2.47,0.5,3.18,15.93,20.03,12.73,5.6,screener
ONWARDTEC,Sep 2025,2025-09-30,quarter,138.97,119.1,19.87,14.3,1.13,0.96,4.21,15.83,24.57,11.94,5.25,screener
ONWARDTEC,Dec 2025,2025-12-31,quarter,134.62,115.09,19.53,14.51,-1.64,0.71,4.04,13.14,23.14,10.1,4.44,screener
ONWARDTEC,Mar 2026,2026-03-31,quarter,137.12,121.81,15.31,11.17,1.92,0.71,4.36,12.16,21.38,9.55,4.2,screener
OPTIEMUS,Dec 2024,2024-12-31,quarter,472.0,438.0,34.0,7.0,1.0,8.0,6.0,21.0,27.0,15.0,1.75,screener
OPTIEMUS,Mar 2025,2025-03-31,quarter,449.0,426.0,23.0,5.0,10.0,7.0,4.0,21.0,-7.0,22.0,2.57,screener
OPTIEMUS,Jun 2025,2025-06-30,quarter,435.0,409.0,27.0,6.0,3.0,5.0,6.0,19.0,23.0,15.0,1.67,screener
OPTIEMUS,Sep 2025,2025-09-30,quarter,418.0,385.0,34.0,8.0,2.0,5.0,6.0,25.0,33.0,17.0,1.9,screener
OPTIEMUS,Dec 2025,2025-12-31,quarter,430.0,400.0,30.0,7.0,3.0,6.0,8.0,19.0,37.0,12.0,1.38,screener
OPTIEMUS,Mar 2026,2026-03-31,quarter,485.0,478.0,7.0,1.0,32.0,7.0,5.0,28.0,18.0,22.0,2.53,screener
ORBTEXP,Dec 2024,2024-12-31,quarter,53.98,42.34,11.64,21.56,1.24,0.45,3.58,8.85,25.42,6.6,2.49,screener
ORBTEXP,Mar 2025,2025-03-31,quarter,50.78,39.3,11.48,22.61,1.36,0.41,3.58,8.85,25.42,6.61,2.5,screener
ORBTEXP,Jun 2025,2025-06-30,quarter,67.04,48.1,18.94,28.25,4.25,0.45,3.48,19.26,22.07,15.01,5.66,screener
ORBTEXP,Sep 2025,2025-09-30,quarter,58.28,46.41,11.87,20.37,5.32,0.27,3.52,13.4,25.0,10.05,3.79,screener
ORBTEXP,Dec 2025,2025-12-31,quarter,56.36,44.58,11.78,20.9,1.5,0.26,3.76,9.26,29.16,6.56,2.47,screener
ORBTEXP,Mar 2026,2026-03-31,quarter,49.28,41.79,7.49,15.2,-1.73,0.43,3.91,1.42,30.28,1.0,0.38,screener
ORCHPHARMA,Dec 2024,2024-12-31,quarter,217.0,191.0,26.0,12.0,8.0,4.0,9.0,22.0,0.0,21.0,4.1,screener
ORCHPHARMA,Mar 2025,2025-03-31,quarter,237.0,209.0,28.0,12.0,4.0,4.0,9.0,19.0,0.0,22.0,4.39,screener
ORCHPHARMA,Jun 2025,2025-06-30,quarter,173.0,159.0,14.0,8.0,11.0,3.0,9.0,14.0,0.0,15.0,2.94,screener
ORCHPHARMA,Sep 2025,2025-09-30,quarter,194.0,195.0,-1.0,-1.0,11.0,4.0,9.0,-3.0,0.0,-6.0,-1.13,screener
ORCHPHARMA,Dec 2025,2025-12-31,quarter,207.0,206.0,2.0,1.0,-2.0,3.0,9.0,-12.0,0.0,-13.0,-2.49,screener
ORCHPHARMA,Mar 2026,2026-03-31,quarter,238.0,211.0,27.0,11.0,8.0,3.0,9.0,23.0,0.0,24.0,4.69,screener
ORIENTBELL,Mar 2025,2025-03-31,quarter,198.26,189.58,8.68,4.38,1.44,1.07,5.5,3.55,22.82,2.75,1.88,screener
ORIENTBELL,Jun 2025,2025-06-30,quarter,142.91,137.94,4.97,3.48,0.86,1.02,5.39,-0.58,-34.48,-0.37,-0.25,screener
ORIENTBELL,Sep 2025,2025-09-30,quarter,165.09,155.82,9.27,5.62,0.96,0.99,5.39,3.85,17.14,3.19,2.17,screener
ORIENTBELL,Dec 2025,2025-12-31,quarter,168.82,158.56,10.26,6.08,0.76,0.94,5.36,4.72,28.18,3.39,2.3,screener
ORIENTBELL,Mar 2026,2026-03-31,quarter,214.64,199.62,15.02,7.0,0.16,0.68,6.14,8.36,25.6,6.22,4.23,screener
ORIENTBELL,Jun 2026,2026-06-30,quarter,203.82,187.48,16.34,8.02,1.02,0.71,5.49,11.16,25.45,8.32,5.66,screener
ORIENTCER,Dec 2024,2024-12-31,quarter,74.12,67.87,6.25,8.43,1.38,1.87,3.61,2.15,20.47,1.7,0.14,screener
ORIENTCER,Mar 2025,2025-03-31,quarter,84.57,75.39,9.18,10.85,0.92,1.98,3.54,4.58,24.24,3.47,0.29,screener
ORIENTCER,Jun 2025,2025-06-30,quarter,98.45,89.14,9.31,9.46,1.25,1.45,3.62,5.49,21.49,4.3,0.36,screener
ORIENTCER,Sep 2025,2025-09-30,quarter,113.55,100.84,12.71,11.19,1.8,1.21,3.49,9.81,23.65,7.49,0.63,screener
ORIENTCER,Dec 2025,2025-12-31,quarter,93.35,81.72,11.63,12.46,-0.67,1.23,3.84,5.89,25.13,4.41,0.37,screener
ORIENTCER,Mar 2026,2026-03-31,quarter,98.24,89.03,9.21,9.38,6.24,1.22,7.12,7.11,20.39,5.66,0.47,screener
ORIENTHOT,Dec 2024,2024-12-31,quarter,122.0,87.0,35.0,28.0,1.0,5.0,9.0,22.0,34.0,15.0,0.86,screener
ORIENTHOT,Mar 2025,2025-03-31,quarter,133.0,94.0,39.0,29.0,1.0,4.0,9.0,26.0,32.0,19.0,1.09,screener
ORIENTHOT,Jun 2025,2025-06-30,quarter,108.0,82.0,26.0,24.0,0.0,4.0,8.0,14.0,33.0,7.0,0.37,screener
ORIENTHOT,Sep 2025,2025-09-30,quarter,110.0,84.0,26.0,24.0,5.0,4.0,9.0,19.0,33.0,8.0,0.45,screener
ORIENTHOT,Dec 2025,2025-12-31,quarter,139.0,97.0,42.0,30.0,1.0,4.0,9.0,31.0,33.0,21.0,1.17,screener
ORIENTHOT,Mar 2026,2026-03-31,quarter,136.0,98.0,39.0,28.0,2.0,3.0,9.0,29.0,-3.0,32.0,1.81,screener
ORIENTTECH,Dec 2025,2025-12-31,quarter,200.1,197.24,2.86,1.43,-18.15,1.49,3.27,-20.05,-27.63,-14.64,-3.2,screener
ORIENTTECH,Mar 2026,2026-03-31,quarter,184.07,179.6,4.47,2.43,-3.01,2.17,6.37,-7.08,-13.84,-4.99,-1.09,screener
ORKLAINDIA,Dec 2024,2024-12-31,quarter,615.0,530.0,86.0,14.0,20.0,2.0,17.0,88.0,25.0,66.0,49.17,screener
ORKLAINDIA,Mar 2025,2025-03-31,quarter,596.0,501.0,95.0,16.0,-20.0,1.0,15.0,59.0,40.0,35.0,25.72,screener
ORKLAINDIA,Jun 2025,2025-06-30,quarter,597.0,485.0,112.0,19.0,8.0,2.0,12.0,106.0,26.0,79.0,5.76,screener
ORKLAINDIA,Sep 2025,2025-09-30,quarter,650.0,544.0,106.0,16.0,10.0,2.0,13.0,102.0,25.0,77.0,5.6,screener
ORKLAINDIA,Dec 2025,2025-12-31,quarter,636.0,533.0,103.0,16.0,-8.0,2.0,17.0,76.0,26.0,57.0,4.13,screener
ORKLAINDIA,Mar 2026,2026-03-31,quarter,626.0,529.0,97.0,16.0,14.0,2.0,12.0,98.0,25.0,73.0,5.36,screener
OSWALPUMPS,Dec 2024,2024-12-31,quarter,380.0,261.0,118.0,31.0,1.0,12.0,3.0,104.0,23.0,80.0,8.08,screener
OSWALPUMPS,Mar 2025,2025-03-31,quarter,365.0,266.0,99.0,27.0,1.0,13.0,4.0,82.0,23.0,64.0,6.42,screener
OSWALPUMPS,Jun 2025,2025-06-30,quarter,514.0,373.0,141.0,27.0,1.0,13.0,4.0,125.0,25.0,95.0,8.31,screener
OSWALPUMPS,Sep 2025,2025-09-30,quarter,540.0,412.0,128.0,24.0,7.0,5.0,4.0,126.0,24.0,98.0,8.55,screener
OSWALPUMPS,Dec 2025,2025-12-31,quarter,501.0,374.0,127.0,25.0,5.0,8.0,4.0,119.0,24.0,92.0,8.03,screener
OSWALPUMPS,Mar 2026,2026-03-31,quarter,510.0,392.0,118.0,23.0,8.0,10.0,4.0,112.0,18.0,93.0,8.12,screener
PACEDIGITK,Dec 2024,2024-12-31,quarter,567.0,446.0,121.0,21.0,0.0,22.0,1.0,98.0,28.0,71.0,24.08,screener
PACEDIGITK,Mar 2025,2025-03-31,quarter,683.0,607.0,76.0,11.0,7.0,7.0,2.0,75.0,25.0,56.0,3.21,screener
PACEDIGITK,Jun 2025,2025-06-30,quarter,367.0,287.0,80.0,22.0,6.0,10.0,2.0,74.0,26.0,55.0,3.03,screener
PACEDIGITK,Sep 2025,2025-09-30,quarter,533.0,439.0,94.0,18.0,10.0,7.0,2.0,96.0,29.0,68.0,3.59,screener
PACEDIGITK,Dec 2025,2025-12-31,quarter,644.0,526.0,118.0,18.0,10.0,9.0,5.0,114.0,31.0,79.0,3.51,screener
PACEDIGITK,Mar 2026,2026-03-31,quarter,1097.0,934.0,163.0,15.0,20.0,34.0,3.0,146.0,27.0,106.0,4.59,screener
PANACEABIO,Dec 2024,2024-12-31,quarter,163.49,155.53,7.96,4.87,6.39,0.99,8.98,4.38,-1.37,4.44,0.74,screener
PANACEABIO,Mar 2025,2025-03-31,quarter,132.53,159.41,-26.88,-20.28,36.3,1.04,8.42,-0.04,4875.0,-1.99,-0.31,screener
PANACEABIO,Jun 2025,2025-06-30,quarter,166.7,167.88,-1.18,-0.71,16.99,0.86,8.39,6.56,39.63,3.96,0.66,screener
PANACEABIO,Sep 2025,2025-09-30,quarter,141.13,158.92,-17.79,-12.61,9.1,2.14,8.34,-19.17,-26.92,-14.01,-2.27,screener
PANACEABIO,Dec 2025,2025-12-31,quarter,165.19,153.45,11.74,7.11,5.05,1.85,8.45,6.49,40.06,3.89,0.65,screener
PANACEABIO,Mar 2026,2026-03-31,quarter,166.75,164.18,2.57,1.54,5.26,1.2,7.88,-1.25,-20.0,-1.0,0.08,screener
PANAMAPET,Dec 2024,2024-12-31,quarter,728.0,665.0,63.0,9.0,4.0,4.0,4.0,59.0,18.0,48.0,8.02,screener
PANAMAPET,Mar 2025,2025-03-31,quarter,695.0,636.0,59.0,9.0,4.0,5.0,3.0,55.0,20.0,44.0,7.32,screener
PANAMAPET,Jun 2025,2025-06-30,quarter,693.0,638.0,55.0,8.0,4.0,3.0,3.0,53.0,19.0,43.0,7.05,screener
PANAMAPET,Sep 2025,2025-09-30,quarter,773.0,705.0,69.0,9.0,3.0,3.0,3.0,65.0,18.0,53.0,8.76,screener
PANAMAPET,Dec 2025,2025-12-31,quarter,775.0,714.0,61.0,8.0,3.0,2.0,3.0,58.0,21.0,46.0,7.57,screener
PANAMAPET,Mar 2026,2026-03-31,quarter,823.0,731.0,91.0,11.0,3.0,3.0,4.0,88.0,19.0,71.0,11.75,screener
PANSARI,Dec 2024,2024-12-31,quarter,21.3,15.45,5.85,27.46,2.58,2.79,2.97,2.67,21.35,2.11,1.21,screener
PANSARI,Mar 2025,2025-03-31,quarter,18.68,11.93,6.75,36.13,2.29,1.47,0.21,7.36,26.9,5.39,3.09,screener
PANSARI,Jun 2025,2025-06-30,quarter,17.74,12.1,5.64,31.79,1.17,0.85,0.71,5.25,20.95,4.14,2.37,screener
PANSARI,Sep 2025,2025-09-30,quarter,27.57,23.53,4.04,14.65,2.1,0.59,0.59,4.96,34.48,3.26,1.87,screener
PANSARI,Dec 2025,2025-12-31,quarter,37.21,31.75,5.46,14.67,1.51,0.68,0.56,5.73,26.0,4.24,2.43,screener
PANSARI,Mar 2026,2026-03-31,quarter,13.58,13.91,-0.33,-2.43,13.41,2.39,0.57,10.12,18.38,8.25,4.73,screener
PARADEEP,Dec 2024,2024-12-31,quarter,4990.0,4551.0,438.0,9.0,42.0,103.0,88.0,289.0,28.0,209.0,2.57,screener
PARADEEP,Mar 2025,2025-03-31,quarter,4194.0,3811.0,383.0,9.0,60.0,119.0,86.0,238.0,28.0,172.0,2.11,screener
PARADEEP,Jun 2025,2025-06-30,quarter,4504.0,3923.0,580.0,13.0,34.0,104.0,86.0,424.0,25.0,317.0,3.88,screener
PARADEEP,Sep 2025,2025-09-30,quarter,6872.0,6216.0,657.0,10.0,42.0,140.0,90.0,469.0,27.0,342.0,4.19,screener
PARADEEP,Dec 2025,2025-12-31,quarter,5749.0,5276.0,472.0,8.0,-10.0,127.0,102.0,233.0,22.0,182.0,1.75,screener
PARADEEP,Mar 2026,2026-03-31,quarter,4702.0,4260.0,442.0,9.0,42.0,156.0,126.0,202.0,23.0,156.0,1.5,screener
PARAGMILK,Dec 2024,2024-12-31,quarter,885.0,811.0,74.0,8.0,5.0,26.0,16.0,38.0,4.0,36.0,3.02,screener
PARAGMILK,Mar 2025,2025-03-31,quarter,918.0,856.0,62.0,7.0,13.0,25.0,17.0,33.0,19.0,26.0,2.2,screener
PARAGMILK,Jun 2025,2025-06-30,quarter,852.0,794.0,58.0,7.0,8.0,20.0,16.0,29.0,5.0,28.0,2.31,screener
PARAGMILK,Sep 2025,2025-09-30,quarter,1008.0,937.0,71.0,7.0,18.0,20.0,19.0,50.0,10.0,46.0,3.65,screener
PARAGMILK,Dec 2025,2025-12-31,quarter,1013.0,944.0,68.0,7.0,3.0,21.0,18.0,33.0,9.0,30.0,2.36,screener
PARAGMILK,Mar 2026,2026-03-31,quarter,945.0,886.0,59.0,6.0,19.0,21.0,18.0,40.0,20.0,32.0,2.58,screener
PARAS,Dec 2024,2024-12-31,quarter,86.0,64.0,22.0,26.0,2.0,1.0,4.0,19.0,28.0,14.0,1.87,screener
PARAS,Mar 2025,2025-03-31,quarter,108.0,80.0,28.0,26.0,4.0,2.0,4.0,27.0,22.0,21.0,2.45,screener
PARAS,Jun 2025,2025-06-30,quarter,93.0,71.0,22.0,23.0,2.0,1.0,4.0,19.0,27.0,14.0,1.84,screener
PARAS,Sep 2025,2025-09-30,quarter,106.0,76.0,30.0,28.0,2.0,1.0,4.0,27.0,27.0,19.0,2.56,screener
PARAS,Dec 2025,2025-12-31,quarter,106.0,80.0,26.0,25.0,2.0,1.0,4.0,23.0,27.0,17.0,2.26,screener
PARAS,Mar 2026,2026-03-31,quarter,171.0,129.0,43.0,25.0,12.0,2.0,4.0,48.0,20.0,39.0,4.27,screener
PARAS,Jun 2026,2026-06-30,quarter,128.0,96.0,32.0,25.0,2.0,1.0,4.0,28.0,26.0,21.0,2.63,screener
PARKHOSPS,Dec 2024,2024-12-31,quarter,348.0,265.0,83.0,24.0,15.0,16.0,15.0,67.0,32.0,46.0,2.97,screener
PARKHOSPS,Mar 2025,2025-03-31,quarter,354.0,265.0,88.0,25.0,9.0,16.0,16.0,66.0,20.0,52.0,1.17,screener
PARKHOSPS,Sep 2025,2025-09-30,quarter,410.0,297.0,113.0,27.0,8.0,15.0,15.0,91.0,14.0,79.0,1.91,screener
PARKHOSPS,Dec 2025,2025-12-31,quarter,410.0,311.0,99.0,24.0,9.0,15.0,15.0,78.0,32.0,53.0,1.17,screener
PARKHOSPS,Mar 2026,2026-03-31,quarter,460.0,333.0,127.0,28.0,8.0,14.0,18.0,103.0,26.0,77.0,1.64,screener
PARKHOTELS,Dec 2024,2024-12-31,quarter,177.0,113.0,64.0,36.0,1.0,6.0,15.0,45.0,29.0,32.0,1.51,screener
PARKHOTELS,Mar 2025,2025-03-31,quarter,177.0,115.0,62.0,35.0,3.0,6.0,20.0,39.0,32.0,27.0,1.25,screener
PARKHOTELS,Jun 2025,2025-06-30,quarter,154.0,109.0,45.0,29.0,2.0,6.0,18.0,22.0,40.0,13.0,0.63,screener
PARKHOTELS,Sep 2025,2025-09-30,quarter,167.0,118.0,49.0,29.0,1.0,5.0,18.0,28.0,42.0,16.0,0.76,screener
PARKHOTELS,Dec 2025,2025-12-31,quarter,200.0,129.0,71.0,35.0,1.0,10.0,19.0,42.0,42.0,24.0,1.13,screener
PARKHOTELS,Mar 2026,2026-03-31,quarter,184.0,131.0,53.0,29.0,0.0,9.0,19.0,25.0,52.0,12.0,0.56,screener
PARTYCRUS,Sep 2023,2023-09-30,quarter,20.0,18.0,1.0,7.0,0.0,0.0,1.0,1.0,36.0,0.0,0.41,screener
PARTYCRUS,Mar 2024,2024-03-31,quarter,44.0,35.0,9.0,20.0,0.0,0.0,1.0,8.0,26.0,6.0,5.23,screener
PARTYCRUS,Sep 2024,2024-09-30,quarter,32.0,28.0,4.0,12.0,0.0,0.0,1.0,3.0,24.0,2.0,1.96,screener
PARTYCRUS,Mar 2025,2025-03-31,quarter,84.0,75.0,9.0,11.0,0.0,0.0,1.0,9.0,29.0,6.0,5.18,screener
PARTYCRUS,Sep 2025,2025-09-30,quarter,36.0,32.0,4.0,10.0,0.0,0.0,1.0,3.0,18.0,3.0,2.28,screener
PATANJALI,Dec 2024,2024-12-31,quarter,8997.0,8439.0,558.0,6.0,24.0,20.0,70.0,491.0,24.0,371.0,3.42,screener
PATANJALI,Mar 2025,2025-03-31,quarter,9692.0,9176.0,516.0,5.0,53.0,25.0,85.0,458.0,22.0,359.0,3.3,screener
PATANJALI,Jun 2025,2025-06-30,quarter,8766.0,8445.0,321.0,3.7,13.0,24.0,62.0,249.0,27.0,180.0,1.66,screener
PATANJALI,Sep 2025,2025-09-30,quarter,9777.0,9225.0,552.0,6.0,51.0,35.0,63.0,505.0,-2.0,517.0,4.75,screener
PATANJALI,Dec 2025,2025-12-31,quarter,10484.0,10049.0,434.0,4.1,27.0,35.0,62.0,364.0,-63.0,593.0,5.46,screener
PATANJALI,Mar 2026,2026-03-31,quarter,11156.0,10710.0,445.0,4.0,-112.0,36.0,62.0,236.0,-122.0,524.0,4.82,screener
PATANJALI,Jun 2026,2026-06-30,quarter,11337.0,10794.0,543.0,4.8,4.0,41.0,53.0,453.0,26.0,336.0,3.09,screener
PAYTM,Dec 2024,2024-12-31,quarter,1828.0,2051.0,-223.0,-12.0,189.0,4.0,165.0,-203.0,2.0,-208.0,-3.26,screener
PAYTM,Mar 2025,2025-03-31,quarter,1912.0,2000.0,-88.0,-4.6,-299.0,5.0,150.0,-542.0,1.0,-545.0,-8.47,screener
PAYTM,Jun 2025,2025-06-30,quarter,1918.0,1846.0,72.0,3.8,224.0,4.0,166.0,126.0,2.0,123.0,1.93,screener
PAYTM,Sep 2025,2025-09-30,quarter,2061.0,1921.0,140.0,7.0,32.0,5.0,137.0,30.0,30.0,21.0,0.33,screener
PAYTM,Dec 2025,2025-12-31,quarter,2194.0,2039.0,155.0,7.0,212.0,4.0,133.0,230.0,2.0,225.0,3.52,screener
PAYTM,Mar 2026,2026-03-31,quarter,2264.0,2132.0,132.0,6.0,199.0,5.0,132.0,194.0,6.0,183.0,2.87,screener
PAYTM,Jun 2026,2026-06-30,quarter,2448.0,2245.0,203.0,8.0,182.0,7.0,131.0,247.0,11.0,220.0,3.44,screener
PCBL,Dec 2024,2024-12-31,quarter,2010.0,1693.0,317.0,16.0,11.0,118.0,87.0,124.0,25.0,93.0,2.47,screener
PCBL,Mar 2025,2025-03-31,quarter,2087.0,1790.0,298.0,14.0,20.0,103.0,88.0,126.0,21.0,100.0,2.65,screener
PCBL,Jun 2025,2025-06-30,quarter,2114.0,1795.0,319.0,15.0,6.0,112.0,92.0,120.0,22.0,94.0,2.49,screener
PCBL,Sep 2025,2025-09-30,quarter,2164.0,1897.0,266.0,12.0,12.0,107.0,93.0,78.0,21.0,62.0,1.63,screener
PCBL,Dec 2025,2025-12-31,quarter,1846.0,1631.0,215.0,12.0,-5.0,106.0,94.0,10.0,80.0,2.0,0.05,screener
PCBL,Mar 2026,2026-03-31,quarter,2066.0,1823.0,243.0,12.0,0.0,97.0,94.0,52.0,23.0,40.0,1.02,screener
PDSL,Dec 2024,2024-12-31,quarter,3125.0,3027.0,98.0,3.0,9.0,30.0,27.0,51.0,10.0,45.0,1.96,screener
PDSL,Mar 2025,2025-03-31,quarter,3526.0,3386.0,139.0,4.0,10.0,29.0,36.0,84.0,11.0,75.0,2.85,screener
PDSL,Jun 2025,2025-06-30,quarter,2999.0,2949.0,51.0,2.0,40.0,34.0,30.0,27.0,26.0,20.0,0.92,screener
PDSL,Sep 2025,2025-09-30,quarter,3419.0,3316.0,103.0,3.0,28.0,43.0,33.0,56.0,13.0,48.0,2.12,screener
PDSL,Dec 2025,2025-12-31,quarter,3172.0,3064.0,108.0,3.0,5.0,36.0,32.0,44.0,16.0,37.0,1.39,screener
PDSL,Mar 2026,2026-03-31,quarter,3519.0,3399.0,120.0,3.0,28.0,34.0,36.0,78.0,8.0,72.0,3.47,screener
PENIND,Dec 2024,2024-12-31,quarter,840.0,768.0,72.0,9.0,16.0,31.0,17.0,40.0,23.0,30.0,2.26,screener
PENIND,Mar 2025,2025-03-31,quarter,906.0,814.0,92.0,10.0,7.0,34.0,18.0,48.0,24.0,36.0,2.64,screener
PENIND,Jun 2025,2025-06-30,quarter,846.0,760.0,86.0,10.0,8.0,35.0,19.0,40.0,20.0,32.0,2.37,screener
PENIND,Sep 2025,2025-09-30,quarter,907.0,825.0,81.0,9.0,13.0,34.0,19.0,41.0,21.0,32.0,2.39,screener
PENIND,Dec 2025,2025-12-31,quarter,943.0,860.0,83.0,9.0,16.0,34.0,22.0,43.0,22.0,34.0,2.49,screener
PENIND,Mar 2026,2026-03-31,quarter,925.0,820.0,105.0,11.0,9.0,34.0,25.0,55.0,26.0,41.0,3.04,screener
PERSISTENT,Dec 2024,2024-12-31,quarter,3062.0,2524.0,538.0,18.0,43.0,16.0,82.0,482.0,23.0,373.0,24.12,screener
PERSISTENT,Mar 2025,2025-03-31,quarter,3242.0,2658.0,584.0,18.0,18.0,18.0,79.0,505.0,22.0,396.0,25.59,screener
PERSISTENT,Jun 2025,2025-06-30,quarter,3334.0,2722.0,612.0,18.0,55.0,17.0,94.0,555.0,23.0,425.0,27.17,screener
PERSISTENT,Sep 2025,2025-09-30,quarter,3581.0,2898.0,683.0,19.0,52.0,18.0,100.0,617.0,24.0,471.0,30.15,screener
PERSISTENT,Dec 2025,2025-12-31,quarter,3778.0,3045.0,733.0,19.0,-49.0,19.0,101.0,565.0,22.0,439.0,27.86,screener
PERSISTENT,Mar 2026,2026-03-31,quarter,4056.0,3288.0,768.0,19.0,33.0,19.0,109.0,674.0,21.0,529.0,33.55,screener
PERSISTENT,Jun 2026,2026-06-30,quarter,4303.0,3606.0,697.0,16.0,71.0,29.0,115.0,623.0,22.0,483.0,30.62,screener
PETRONET,Dec 2024,2024-12-31,quarter,12227.0,10980.0,1247.0,10.0,196.0,65.0,210.0,1169.0,26.0,902.0,6.01,screener
PETRONET,Mar 2025,2025-03-31,quarter,12316.0,10803.0,1512.0,12.0,197.0,61.0,206.0,1443.0,26.0,1095.0,7.3,screener
PETRONET,Jun 2025,2025-06-30,quarter,11880.0,10721.0,1159.0,10.0,217.0,59.0,207.0,1110.0,26.0,842.0,5.61,screener
PETRONET,Sep 2025,2025-09-30,quarter,11009.0,9892.0,1117.0,10.0,234.0,61.0,211.0,1079.0,26.0,830.0,5.54,screener
PETRONET,Dec 2025,2025-12-31,quarter,11164.0,9966.0,1198.0,11.0,214.0,56.0,215.0,1141.0,26.0,870.0,5.8,screener
PETRONET,Mar 2026,2026-03-31,quarter,9442.0,7581.0,1861.0,20.0,200.0,62.0,205.0,1794.0,25.0,1371.0,9.14,screener
PFC,Dec 2024,2024-12-31,quarter,26798.0,429.0,,,24.0,16562.0,15.0,9816.0,21.0,7760.0,17.66,screener
PFC,Mar 2025,2025-03-31,quarter,29265.0,2148.0,,,20.0,16567.0,16.0,10554.0,21.0,8358.0,19.14,screener
PFC,Jun 2025,2025-06-30,quarter,28539.0,212.0,,,90.0,17204.0,14.0,11199.0,20.0,8981.0,20.81,screener
PFC,Sep 2025,2025-09-30,quarter,28890.0,1514.0,,,11.0,17314.0,15.0,10057.0,22.0,7834.0,17.4,screener
PFC,Dec 2025,2025-12-31,quarter,29095.0,1031.0,,,27.0,17572.0,18.0,10502.0,22.0,8212.0,19.07,screener
PFC,Mar 2026,2026-03-31,quarter,28920.0,416.0,,,-63.0,17333.0,16.0,11092.0,22.0,8598.0,21.21,screener
PFOCUS,Dec 2024,2024-12-31,quarter,909.0,641.0,268.0,29.0,-84.0,150.0,128.0,-94.0,6.0,-99.0,-2.01,screener
PFOCUS,Mar 2025,2025-03-31,quarter,979.0,747.0,232.0,24.0,-231.0,133.0,126.0,-257.0,-2.0,-252.0,-7.7,screener
PFOCUS,Jun 2025,2025-06-30,quarter,1023.0,779.0,244.0,24.0,167.0,114.0,133.0,164.0,33.0,110.0,2.0,screener
PFOCUS,Sep 2025,2025-09-30,quarter,1061.0,765.0,296.0,28.0,-31.0,120.0,139.0,6.0,30.0,4.0,0.05,screener
PFOCUS,Dec 2025,2025-12-31,quarter,1207.0,813.0,394.0,33.0,-12.0,133.0,167.0,83.0,16.0,69.0,0.91,screener
PFOCUS,Mar 2026,2026-03-31,quarter,1384.0,896.0,488.0,35.0,-41.0,148.0,218.0,82.0,-44.0,118.0,1.06,screener
PGEL,Dec 2024,2024-12-31,quarter,968.0,883.0,85.0,9.0,7.0,22.0,16.0,54.0,25.0,40.0,1.4,screener
PGEL,Mar 2025,2025-03-31,quarter,1910.0,1698.0,212.0,11.0,20.0,33.0,19.0,180.0,19.0,145.0,5.13,screener
PGEL,Jun 2025,2025-06-30,quarter,1504.0,1383.0,121.0,8.0,18.0,34.0,21.0,85.0,21.0,67.0,2.36,screener
PGEL,Sep 2025,2025-09-30,quarter,655.0,625.0,30.0,5.0,15.0,17.0,22.0,6.0,62.0,3.0,0.1,screener
PGEL,Dec 2025,2025-12-31,quarter,1412.0,1295.0,117.0,8.0,9.0,25.0,22.0,79.0,24.0,62.0,2.17,screener
PGEL,Mar 2026,2026-03-31,quarter,1717.0,1598.0,119.0,7.0,13.0,26.0,24.0,82.0,22.0,65.0,2.27,screener
PGIL,Dec 2024,2024-12-31,quarter,1023.0,931.0,91.0,9.0,6.0,24.0,19.0,54.0,10.0,48.0,12.25,screener
PGIL,Mar 2025,2025-03-31,quarter,1229.0,1112.0,117.0,10.0,8.0,27.0,21.0,78.0,16.0,65.0,14.86,screener
PGIL,Jun 2025,2025-06-30,quarter,1228.0,1116.0,112.0,9.0,11.0,27.0,20.0,76.0,14.0,66.0,14.76,screener
PGIL,Sep 2025,2025-09-30,quarter,1313.0,1192.0,121.0,9.0,8.0,27.0,22.0,79.0,9.0,72.0,15.95,screener
PGIL,Dec 2025,2025-12-31,quarter,1170.0,1074.0,96.0,8.0,7.0,22.0,22.0,59.0,12.0,52.0,11.56,screener
PGIL,Mar 2026,2026-03-31,quarter,1314.0,1179.0,134.0,10.0,10.0,26.0,23.0,95.0,15.0,81.0,18.04,screener
PGIL,Jun 2026,2026-06-30,quarter,1528.0,1364.0,164.0,11.0,8.0,27.0,26.0,120.0,17.0,99.0,21.76,screener
PHOENIXLTD,Dec 2024,2024-12-31,quarter,975.0,422.0,553.0,57.0,46.0,103.0,81.0,415.0,15.0,353.0,7.41,screener
PHOENIXLTD,Mar 2025,2025-03-31,quarter,1016.0,457.0,560.0,55.0,42.0,94.0,90.0,418.0,17.0,348.0,7.52,screener
PHOENIXLTD,Jun 2025,2025-06-30,quarter,953.0,389.0,564.0,59.0,32.0,95.0,93.0,407.0,21.0,321.0,6.73,screener
PHOENIXLTD,Sep 2025,2025-09-30,quarter,1115.0,449.0,667.0,60.0,31.0,92.0,91.0,515.0,26.0,384.0,8.5,screener
PHOENIXLTD,Dec 2025,2025-12-31,quarter,1121.0,465.0,656.0,59.0,22.0,102.0,86.0,490.0,25.0,366.0,7.71,screener
PHOENIXLTD,Mar 2026,2026-03-31,quarter,1233.0,484.0,750.0,61.0,57.0,97.0,89.0,620.0,22.0,485.0,11.28,screener
PICCADIL,Dec 2024,2024-12-31,quarter,182.0,135.0,48.0,26.0,3.0,9.0,5.0,36.0,32.0,25.0,2.63,screener
PICCADIL,Mar 2025,2025-03-31,quarter,255.0,190.0,66.0,26.0,2.0,9.0,5.0,54.0,26.0,40.0,4.23,screener
PICCADIL,Jun 2025,2025-06-30,quarter,214.0,176.0,38.0,18.0,1.0,9.0,5.0,25.0,26.0,18.0,1.94,screener
PICCADIL,Sep 2025,2025-09-30,quarter,212.0,166.0,46.0,22.0,2.0,7.0,6.0,35.0,26.0,27.0,2.71,screener
PICCADIL,Dec 2025,2025-12-31,quarter,276.0,199.0,78.0,28.0,1.0,6.0,6.0,68.0,29.0,48.0,4.84,screener
PICCADIL,Mar 2026,2026-03-31,quarter,335.0,264.0,71.0,21.0,4.0,7.0,6.0,63.0,28.0,45.0,4.53,screener
PICCADIL,Jun 2026,2026-06-30,quarter,251.0,207.0,44.0,17.0,3.0,9.0,10.0,28.0,24.0,21.0,2.18,screener
PIDILITIND,Dec 2024,2024-12-31,quarter,3369.0,2571.0,798.0,24.0,56.0,12.0,90.0,752.0,26.0,557.0,5.43,screener
PIDILITIND,Mar 2025,2025-03-31,quarter,3141.0,2509.0,632.0,20.0,55.0,14.0,97.0,576.0,26.0,428.0,4.15,screener
PIDILITIND,Jun 2025,2025-06-30,quarter,3753.0,2812.0,941.0,25.0,86.0,14.0,97.0,916.0,26.0,678.0,6.61,screener
PIDILITIND,Sep 2025,2025-09-30,quarter,3554.0,2704.0,850.0,24.0,50.0,13.0,100.0,787.0,26.0,585.0,5.69,screener
PIDILITIND,Dec 2025,2025-12-31,quarter,3710.0,2816.0,894.0,24.0,60.0,13.0,101.0,840.0,26.0,624.0,6.07,screener
PIDILITIND,Mar 2026,2026-03-31,quarter,3583.0,2753.0,831.0,23.0,57.0,14.0,97.0,777.0,25.0,584.0,5.69,screener
PIGL,Dec 2024,2024-12-31,quarter,33.37,29.68,3.69,11.06,1.09,0.56,0.06,4.16,23.32,3.19,1.98,screener
PIGL,Mar 2025,2025-03-31,quarter,55.09,50.25,4.84,8.79,0.3,0.96,0.07,4.11,31.63,2.81,1.61,screener
PIGL,Jun 2025,2025-06-30,quarter,41.3,37.27,4.03,9.76,0.25,0.73,0.05,3.5,26.0,2.62,1.5,screener
PIGL,Sep 2025,2025-09-30,quarter,70.27,63.69,6.58,9.36,0.64,0.8,0.11,6.31,25.36,4.71,2.65,screener
PIGL,Dec 2025,2025-12-31,quarter,48.66,42.74,5.92,12.17,0.17,1.4,0.16,4.53,21.19,3.57,1.84,screener
PIGL,Mar 2026,2026-03-31,quarter,58.53,52.12,6.41,10.95,0.43,1.67,0.27,4.9,19.59,3.93,1.71,screener
PIIND,Dec 2024,2024-12-31,quarter,1901.0,1389.0,512.0,27.0,76.0,8.0,99.0,481.0,22.0,373.0,24.57,screener
PIIND,Mar 2025,2025-03-31,quarter,1787.0,1332.0,456.0,25.0,75.0,8.0,90.0,432.0,24.0,330.0,21.78,screener
PIIND,Jun 2025,2025-06-30,quarter,1900.0,1381.0,519.0,27.0,89.0,4.0,96.0,507.0,21.0,400.0,26.36,screener
PIIND,Sep 2025,2025-09-30,quarter,1872.0,1331.0,541.0,29.0,85.0,3.0,98.0,525.0,22.0,409.0,26.98,screener
PIIND,Dec 2025,2025-12-31,quarter,1376.0,1073.0,302.0,22.0,172.0,6.0,105.0,363.0,14.0,311.0,20.52,screener
PIIND,Mar 2026,2026-03-31,quarter,1565.0,1228.0,337.0,22.0,74.0,4.0,107.0,300.0,33.0,200.0,13.2,screener
PIIND,Jun 2026,2026-06-30,quarter,1702.0,1335.0,367.0,22.0,66.0,8.0,104.0,322.0,24.0,244.0,16.1,screener
PINELABS,Dec 2024,2024-12-31,quarter,602.0,525.0,77.0,13.0,-30.0,22.0,76.0,-51.0,11.0,-57.0,-0.67,screener
PINELABS,Mar 2025,2025-03-31,quarter,599.0,542.0,57.0,9.0,12.0,22.0,69.0,-22.0,30.0,-29.0,-0.34,screener
PINELABS,Jun 2025,2025-06-30,quarter,616.0,571.0,45.0,7.0,37.0,21.0,65.0,-5.0,-199.0,5.0,0.11,screener
PINELABS,Sep 2025,2025-09-30,quarter,650.0,575.0,75.0,12.0,23.0,21.0,66.0,11.0,47.0,6.0,0.13,screener
PINELABS,Dec 2025,2025-12-31,quarter,744.0,612.0,132.0,18.0,23.0,24.0,68.0,63.0,32.0,42.0,0.37,screener
PINELABS,Mar 2026,2026-03-31,quarter,701.0,594.0,106.0,15.0,50.0,17.0,71.0,68.0,13.0,59.0,0.52,screener
PIONRINV,Dec 2024,2024-12-31,quarter,9.66,5.57,4.09,42.34,0.82,3.01,0.2,1.7,12.35,1.49,1.21,screener
PIONRINV,Mar 2025,2025-03-31,quarter,9.91,7.96,1.95,19.68,7.07,3.83,0.39,4.8,40.83,2.84,2.31,screener
PIONRINV,Jun 2025,2025-06-30,quarter,15.31,8.43,6.88,44.94,1.72,4.02,0.17,4.41,18.14,3.61,2.94,screener
PIONRINV,Sep 2025,2025-09-30,quarter,15.57,7.72,7.85,50.42,0.82,2.39,0.17,6.11,20.79,4.85,3.94,screener
PIONRINV,Dec 2025,2025-12-31,quarter,11.93,4.59,7.34,61.53,1.49,2.23,0.25,6.35,9.29,5.76,4.68,screener
PIONRINV,Mar 2026,2026-03-31,quarter,3.9,7.15,-3.25,-83.33,9.73,3.69,0.26,2.53,33.6,1.69,1.37,screener
PIRAMALFIN,Dec 2024,2024-12-31,quarter,2825.0,1374.0,1451.0,51.0,58.0,1364.0,54.0,91.0,57.0,39.0,0.02,screener
PIRAMALFIN,Mar 2025,2025-03-31,quarter,2854.0,1537.0,1317.0,46.0,269.0,1417.0,53.0,116.0,12.0,102.0,0.04,screener
PIRAMALFIN,Jun 2025,2025-06-30,quarter,2639.0,919.0,1721.0,65.0,129.0,1492.0,57.0,301.0,8.0,276.0,0.11,screener
PIRAMALFIN,Sep 2025,2025-09-30,quarter,2872.0,922.0,1949.0,68.0,11.0,1567.0,144.0,249.0,-31.0,327.0,14.42,screener
PIRAMALFIN,Dec 2025,2025-12-31,quarter,2918.0,983.0,1935.0,66.0,96.0,1646.0,57.0,328.0,-22.0,401.0,17.69,screener
PIRAMALFIN,Mar 2026,2026-03-31,quarter,3424.0,1978.0,1446.0,42.0,1377.0,1674.0,645.0,505.0,1.0,502.0,22.14,screener
PITTIENG,Mar 2025,2025-03-31,quarter,469.0,389.0,80.0,17.0,4.0,19.0,22.0,42.0,14.0,36.0,9.6,screener
PITTIENG,Jun 2025,2025-06-30,quarter,457.0,381.0,75.0,16.0,7.0,21.0,26.0,37.0,37.0,23.0,6.08,screener
PITTIENG,Sep 2025,2025-09-30,quarter,478.0,400.0,78.0,16.0,21.0,19.0,26.0,54.0,26.0,40.0,10.65,screener
PITTIENG,Dec 2025,2025-12-31,quarter,477.0,397.0,81.0,17.0,7.0,21.0,27.0,40.0,29.0,28.0,7.49,screener
PITTIENG,Mar 2026,2026-03-31,quarter,501.0,419.0,82.0,16.0,5.0,22.0,27.0,37.0,29.0,27.0,7.07,screener
PITTIENG,Jun 2026,2026-06-30,quarter,529.0,443.0,86.0,16.0,1.0,23.0,28.0,36.0,19.0,30.0,7.83,screener
PIXTRANS,Dec 2024,2024-12-31,quarter,140.0,106.0,34.0,24.0,4.0,1.0,6.0,31.0,29.0,22.0,16.33,screener
PIXTRANS,Mar 2025,2025-03-31,quarter,163.0,129.0,33.0,21.0,4.0,1.0,5.0,31.0,26.0,23.0,16.62,screener
PIXTRANS,Jun 2025,2025-06-30,quarter,122.0,94.0,28.0,23.0,14.0,1.0,6.0,35.0,21.0,28.0,20.45,screener
PIXTRANS,Sep 2025,2025-09-30,quarter,139.0,104.0,34.0,25.0,5.0,1.0,6.0,32.0,27.0,24.0,17.28,screener
PIXTRANS,Dec 2025,2025-12-31,quarter,151.0,108.0,44.0,29.0,9.0,1.0,6.0,46.0,23.0,35.0,25.88,screener
PIXTRANS,Mar 2026,2026-03-31,quarter,171.0,140.0,31.0,18.0,6.0,1.0,6.0,31.0,34.0,20.0,14.84,screener
PLATIND,Dec 2024,2024-12-31,quarter,93.0,79.0,14.0,15.0,4.0,1.0,1.0,16.0,27.0,12.0,2.12,screener
PLATIND,Mar 2025,2025-03-31,quarter,97.0,89.0,8.0,8.0,3.0,1.0,1.0,8.0,33.0,6.0,1.03,screener
PLATIND,Jun 2025,2025-06-30,quarter,115.0,100.0,15.0,13.0,5.0,1.0,1.0,18.0,27.0,13.0,2.32,screener
PLATIND,Sep 2025,2025-09-30,quarter,98.0,85.0,14.0,14.0,4.0,1.0,1.0,15.0,26.0,11.0,2.11,screener
PLATIND,Dec 2025,2025-12-31,quarter,105.0,89.0,16.0,15.0,3.0,1.0,2.0,17.0,27.0,12.0,2.29,screener
PLATIND,Mar 2026,2026-03-31,quarter,132.0,117.0,15.0,12.0,3.0,1.0,2.0,16.0,10.0,15.0,2.75,screener
PNB,Dec 2024,2024-12-31,quarter,31895.0,7494.0,,,3392.0,20738.0,0.0,7055.0,34.0,4811.0,4.18,screener
PNB,Mar 2025,2025-03-31,quarter,32523.0,9142.0,,,4776.0,21640.0,0.0,6518.0,29.0,5011.0,4.34,screener
PNB,Jun 2025,2025-06-30,quarter,32572.0,9197.0,,,5427.0,21828.0,0.0,6973.0,74.0,2167.0,1.84,screener
PNB,Sep 2025,2025-09-30,quarter,32513.0,8299.0,,,4171.0,21858.0,0.0,6527.0,26.0,5121.0,4.46,screener
PNB,Dec 2025,2025-12-31,quarter,32889.0,9298.0,,,5013.0,22164.0,0.0,6440.0,19.0,5577.0,4.83,screener
PNB,Mar 2026,2026-03-31,quarter,32798.0,7518.0,,,4080.0,22219.0,0.0,7141.0,27.0,5602.0,4.87,screener
PNBHOUSING,Dec 2024,2024-12-31,quarter,1942.0,155.0,,,1.0,1158.0,14.0,616.0,22.0,483.0,18.6,screener
PNBHOUSING,Mar 2025,2025-03-31,quarter,2022.0,133.0,,,15.0,1178.0,14.0,711.0,23.0,550.0,21.17,screener
PNBHOUSING,Jun 2025,2025-06-30,quarter,2076.0,145.0,,,6.0,1234.0,15.0,688.0,22.0,534.0,20.51,screener
PNBHOUSING,Sep 2025,2025-09-30,quarter,2128.0,88.0,,,3.0,1267.0,16.0,760.0,23.0,582.0,22.33,screener
PNBHOUSING,Dec 2025,2025-12-31,quarter,2119.0,183.0,,,2.0,1253.0,16.0,668.0,22.0,520.0,19.97,screener
PNBHOUSING,Mar 2026,2026-03-31,quarter,2182.0,52.0,,,-10.0,1246.0,19.0,855.0,23.0,656.0,25.17,screener
PNCINFRA,Dec 2024,2024-12-31,quarter,1470.0,1091.0,379.0,26.0,42.0,224.0,74.0,124.0,34.0,81.0,3.17,screener
PNCINFRA,Mar 2025,2025-03-31,quarter,1704.0,1342.0,362.0,21.0,63.0,233.0,41.0,151.0,50.0,75.0,2.94,screener
PNCINFRA,Jun 2025,2025-06-30,quarter,1423.0,1055.0,367.0,26.0,353.0,187.0,31.0,502.0,14.0,431.0,16.82,screener
PNCINFRA,Sep 2025,2025-09-30,quarter,1128.0,875.0,253.0,22.0,194.0,129.0,26.0,292.0,26.0,216.0,8.41,screener
PNCINFRA,Dec 2025,2025-12-31,quarter,1201.0,962.0,239.0,20.0,37.0,128.0,30.0,118.0,35.0,77.0,2.99,screener
PNCINFRA,Mar 2026,2026-03-31,quarter,1617.0,1340.0,277.0,17.0,50.0,137.0,35.0,155.0,30.0,108.0,4.2,screener
PNGJL,Dec 2024,2024-12-31,quarter,2436.0,2313.0,123.0,5.0,7.0,6.0,8.0,115.0,25.0,86.0,6.34,screener
PNGJL,Mar 2025,2025-03-31,quarter,1588.0,1494.0,94.0,6.0,15.0,11.0,13.0,85.0,27.0,62.0,4.57,screener
PNGJL,Jun 2025,2025-06-30,quarter,1715.0,1605.0,110.0,6.0,13.0,19.0,11.0,93.0,25.0,69.0,5.11,screener
PNGJL,Sep 2025,2025-09-30,quarter,2178.0,2070.0,107.0,4.9,36.0,20.0,14.0,109.0,27.0,79.0,5.84,screener
PNGJL,Dec 2025,2025-12-31,quarter,3303.0,3058.0,244.0,7.0,24.0,25.0,15.0,228.0,25.0,171.0,12.59,screener
PNGJL,Mar 2026,2026-03-31,quarter,3544.0,3409.0,135.0,3.8,31.0,28.0,17.0,122.0,26.0,90.0,6.65,screener
PNGJL,Jun 2026,2026-06-30,quarter,2413.0,2231.0,182.0,8.0,10.0,34.0,18.0,141.0,25.0,105.0,7.76,screener
POCL,Dec 2024,2024-12-31,quarter,509.0,484.0,25.0,5.0,1.0,4.0,4.0,18.0,27.0,13.0,4.71,screener
POCL,Mar 2025,2025-03-31,quarter,524.0,496.0,28.0,5.0,0.0,2.0,5.0,21.0,20.0,17.0,5.91,screener
POCL,Jun 2025,2025-06-30,quarter,603.0,562.0,41.0,7.0,1.0,3.0,5.0,34.0,27.0,25.0,8.37,screener
POCL,Sep 2025,2025-09-30,quarter,640.0,587.0,54.0,8.0,1.0,2.0,7.0,46.0,27.0,34.0,11.1,screener
POCL,Dec 2025,2025-12-31,quarter,780.0,723.0,57.0,7.0,1.0,2.0,7.0,49.0,28.0,35.0,11.57,screener
POCL,Mar 2026,2026-03-31,quarter,935.0,876.0,59.0,6.0,1.0,4.0,6.0,50.0,25.0,38.0,12.3,screener
POKARNA,Dec 2024,2024-12-31,quarter,224.0,146.0,78.0,35.0,11.0,9.0,11.0,69.0,27.0,51.0,16.32,screener
POKARNA,Mar 2025,2025-03-31,quarter,263.0,162.0,101.0,38.0,3.0,10.0,12.0,82.0,29.0,59.0,19.0,screener
POKARNA,Jun 2025,2025-06-30,quarter,171.0,113.0,58.0,34.0,0.0,8.0,12.0,38.0,25.0,28.0,9.12,screener
POKARNA,Sep 2025,2025-09-30,quarter,118.0,95.0,24.0,20.0,7.0,9.0,12.0,10.0,36.0,6.0,2.04,screener
POKARNA,Dec 2025,2025-12-31,quarter,135.0,94.0,41.0,30.0,7.0,8.0,12.0,28.0,27.0,20.0,6.57,screener
POKARNA,Mar 2026,2026-03-31,quarter,147.0,102.0,45.0,31.0,8.0,5.0,12.0,35.0,28.0,26.0,8.26,screener
POLICYBZR,Dec 2024,2024-12-31,quarter,1292.0,1264.0,28.0,2.0,100.0,9.0,34.0,85.0,16.0,72.0,1.56,screener
POLICYBZR,Mar 2025,2025-03-31,quarter,1508.0,1396.0,112.0,7.0,101.0,9.0,33.0,171.0,0.0,170.0,3.7,screener
POLICYBZR,Jun 2025,2025-06-30,quarter,1348.0,1314.0,34.0,2.5,100.0,9.0,33.0,92.0,8.0,85.0,1.84,screener
POLICYBZR,Sep 2025,2025-09-30,quarter,1614.0,1516.0,98.0,6.0,87.0,9.0,34.0,142.0,5.0,135.0,2.94,screener
POLICYBZR,Dec 2025,2025-12-31,quarter,1771.0,1612.0,159.0,9.0,85.0,9.0,34.0,201.0,6.0,189.0,4.09,screener
POLICYBZR,Mar 2026,2026-03-31,quarter,2061.0,1849.0,212.0,10.0,104.0,10.0,35.0,272.0,4.0,261.0,5.64,screener
POLICYBZR,Jun 2026,2026-06-30,quarter,1888.0,1751.0,137.0,7.0,93.0,11.0,40.0,179.0,9.0,163.0,3.52,screener
POLYCAB,Dec 2024,2024-12-31,quarter,5226.0,4506.0,720.0,14.0,25.0,50.0,79.0,617.0,25.0,464.0,30.42,screener
POLYCAB,Mar 2025,2025-03-31,quarter,6986.0,5960.0,1025.0,15.0,48.0,33.0,80.0,961.0,24.0,734.0,48.31,screener
POLYCAB,Jun 2025,2025-06-30,quarter,5906.0,5048.0,858.0,15.0,80.0,51.0,86.0,801.0,25.0,600.0,39.34,screener
POLYCAB,Sep 2025,2025-09-30,quarter,6477.0,5456.0,1021.0,16.0,45.0,48.0,97.0,921.0,25.0,693.0,45.54,screener
POLYCAB,Dec 2025,2025-12-31,quarter,7636.0,6670.0,966.0,13.0,50.0,69.0,106.0,842.0,25.0,630.0,41.3,screener
POLYCAB,Mar 2026,2026-03-31,quarter,8864.0,7703.0,1161.0,13.0,60.0,75.0,98.0,1049.0,25.0,786.0,51.33,screener
POLYMED,Dec 2024,2024-12-31,quarter,424.0,310.0,114.0,27.0,24.0,3.0,21.0,113.0,25.0,85.0,8.41,screener
POLYMED,Mar 2025,2025-03-31,quarter,441.0,321.0,119.0,27.0,27.0,2.0,21.0,123.0,25.0,92.0,9.06,screener
POLYMED,Jun 2025,2025-06-30,quarter,403.0,298.0,106.0,26.0,43.0,3.0,23.0,123.0,24.0,93.0,9.19,screener
POLYMED,Sep 2025,2025-09-30,quarter,444.0,329.0,115.0,26.0,35.0,3.0,25.0,122.0,25.0,92.0,9.06,screener
POLYMED,Dec 2025,2025-12-31,quarter,494.0,382.0,111.0,23.0,21.0,6.0,29.0,98.0,27.0,71.0,7.0,screener
POLYMED,Mar 2026,2026-03-31,quarter,535.0,424.0,110.0,21.0,19.0,6.0,38.0,85.0,24.0,65.0,6.54,screener
POLYMED,Jun 2026,2026-06-30,quarter,525.0,400.0,125.0,24.0,35.0,6.0,36.0,117.0,27.0,85.0,8.49,screener
POLYPLEX,Dec 2024,2024-12-31,quarter,1721.0,1600.0,121.0,7.0,107.0,12.0,76.0,142.0,26.0,105.0,18.4,screener
POLYPLEX,Mar 2025,2025-03-31,quarter,1740.0,1676.0,64.0,4.0,18.0,11.0,76.0,-6.0,54.0,-9.0,3.22,screener
POLYPLEX,Jun 2025,2025-06-30,quarter,1739.0,1739.0,-1.0,0.0,30.0,14.0,86.0,-71.0,-15.0,-60.0,-6.15,screener
POLYPLEX,Sep 2025,2025-09-30,quarter,1794.0,1692.0,103.0,6.0,23.0,13.0,89.0,23.0,-43.0,34.0,7.87,screener
POLYPLEX,Dec 2025,2025-12-31,quarter,1682.0,1577.0,105.0,6.0,27.0,13.0,94.0,25.0,-19.0,30.0,4.7,screener
POLYPLEX,Mar 2026,2026-03-31,quarter,1871.0,1783.0,88.0,5.0,62.0,13.0,94.0,43.0,12.0,38.0,7.9,screener
POONAWALLA,Dec 2024,2024-12-31,quarter,1057.0,632.0,,,0.0,385.0,15.0,25.0,26.0,19.0,0.24,screener
POONAWALLA,Mar 2025,2025-03-31,quarter,1166.0,615.0,,,7.0,458.0,20.0,80.0,22.0,62.0,0.8,screener
POONAWALLA,Jun 2025,2025-06-30,quarter,1314.0,662.0,,,0.0,546.0,22.0,83.0,25.0,63.0,0.8,screener
POONAWALLA,Sep 2025,2025-09-30,quarter,1542.0,784.0,,,0.0,638.0,22.0,99.0,25.0,74.0,0.91,screener
POONAWALLA,Dec 2025,2025-12-31,quarter,1818.0,855.0,,,0.0,739.0,24.0,200.0,25.0,150.0,1.85,screener
POONAWALLA,Mar 2026,2026-03-31,quarter,2115.0,910.0,,,5.0,844.0,26.0,341.0,25.0,255.0,3.13,screener
POONAWALLA,Jun 2026,2026-06-30,quarter,2330.0,974.0,,,7.0,922.0,30.0,411.0,25.0,308.0,3.49,screener
POWERGRID,Dec 2024,2024-12-31,quarter,11233.0,1700.0,9533.0,85.0,552.0,1917.0,3216.0,4952.0,22.0,3862.0,4.15,screener
POWERGRID,Mar 2025,2025-03-31,quarter,12275.0,2081.0,10194.0,83.0,366.0,2303.0,3196.0,5062.0,18.0,4143.0,4.45,screener
POWERGRID,Jun 2025,2025-06-30,quarter,11196.0,2094.0,9102.0,81.0,461.0,1934.0,3130.0,4499.0,19.0,3631.0,3.9,screener
POWERGRID,Sep 2025,2025-09-30,quarter,11476.0,2421.0,9055.0,79.0,712.0,2148.0,3223.0,4395.0,19.0,3566.0,3.83,screener
POWERGRID,Dec 2025,2025-12-31,quarter,12395.0,1788.0,10607.0,86.0,463.0,2190.0,3381.0,5497.0,24.0,4185.0,4.5,screener
POWERGRID,Mar 2026,2026-03-31,quarter,11666.0,6363.0,5303.0,45.0,322.0,2175.0,3295.0,155.0,-2829.0,4546.0,4.89,screener
POWERICA,Dec 2024,2024-12-31,quarter,704.0,623.0,82.0,12.0,5.0,9.0,30.0,48.0,37.0,30.0,10.2,screener
POWERICA,Mar 2025,2025-03-31,quarter,722.0,654.0,68.0,9.0,22.0,8.0,29.0,53.0,29.0,37.0,13.48,screener
POWERICA,Sep 2025,2025-09-30,quarter,832.0,703.0,129.0,15.0,9.0,6.0,27.0,105.0,20.0,84.0,7.32,screener
POWERICA,Dec 2025,2025-12-31,quarter,763.0,685.0,78.0,10.0,13.0,6.0,28.0,58.0,-69.0,98.0,8.81,screener
POWERICA,Mar 2026,2026-03-31,quarter,801.0,717.0,84.0,10.0,6.0,7.0,35.0,48.0,5.0,45.0,3.36,screener
POWERMECH,Dec 2024,2024-12-31,quarter,1338.0,1187.0,151.0,11.0,9.0,25.0,14.0,121.0,29.0,87.0,25.95,screener
POWERMECH,Mar 2025,2025-03-31,quarter,1853.0,1639.0,214.0,12.0,17.0,34.0,16.0,181.0,28.0,130.0,37.08,screener
POWERMECH,Jun 2025,2025-06-30,quarter,1293.0,1123.0,170.0,13.0,11.0,29.0,16.0,136.0,41.0,81.0,16.61,screener
POWERMECH,Sep 2025,2025-09-30,quarter,1238.0,1092.0,146.0,12.0,11.0,28.0,17.0,111.0,30.0,78.0,23.7,screener
POWERMECH,Dec 2025,2025-12-31,quarter,1420.0,1260.0,160.0,11.0,13.0,30.0,19.0,124.0,20.0,100.0,29.73,screener
POWERMECH,Mar 2026,2026-03-31,quarter,2111.0,1885.0,226.0,11.0,10.0,28.0,21.0,187.0,18.0,153.0,45.09,screener
PPAP,Dec 2024,2024-12-31,quarter,139.0,125.0,14.0,10.0,1.0,4.0,9.0,2.0,16.0,2.0,1.15,screener
PPAP,Mar 2025,2025-03-31,quarter,147.0,132.0,15.0,10.0,1.0,4.0,8.0,3.0,19.0,2.0,1.72,screener
PPAP,Jun 2025,2025-06-30,quarter,117.0,107.0,9.0,8.0,1.0,4.0,8.0,-3.0,-23.0,-2.0,-1.61,screener
PPAP,Sep 2025,2025-09-30,quarter,137.0,124.0,13.0,9.0,0.0,4.0,9.0,0.0,-50.0,0.0,-0.04,screener
PPAP,Dec 2025,2025-12-31,quarter,139.0,126.0,13.0,9.0,1.0,4.0,9.0,0.0,-133.0,0.0,0.05,screener
PPAP,Mar 2026,2026-03-31,quarter,175.0,158.0,17.0,10.0,50.0,4.0,9.0,53.0,15.0,45.0,32.2,screener
PPLPHARMA,Dec 2024,2024-12-31,quarter,2204.22,1866.48,337.74,15.32,29.18,103.31,196.81,66.8,94.49,3.68,0.03,screener
PPLPHARMA,Mar 2025,2025-03-31,quarter,2754.0,2193.0,561.0,20.0,58.0,104.0,243.0,273.0,44.0,154.0,1.16,screener
PPLPHARMA,Jun 2025,2025-06-30,quarter,1934.0,1827.0,107.0,6.0,98.0,86.0,197.0,-79.0,3.0,-82.0,-0.61,screener
PPLPHARMA,Sep 2025,2025-09-30,quarter,2044.0,1885.0,159.0,8.0,80.0,82.0,203.0,-46.0,115.0,-99.0,-0.75,screener
PPLPHARMA,Dec 2025,2025-12-31,quarter,2140.0,1944.0,196.0,9.0,12.0,89.0,213.0,-94.0,45.0,-136.0,-1.02,screener
PPLPHARMA,Mar 2026,2026-03-31,quarter,2752.0,2291.0,461.0,17.0,-116.0,83.0,218.0,43.0,121.0,-9.0,-0.07,screener
PPLPHARMA,Jun 2026,2026-06-30,quarter,2270.0,2075.0,195.0,9.0,109.0,88.0,224.0,-7.0,830.0,-69.0,-0.52,screener
PRABHA,Dec 2024,2024-12-31,quarter,1.02,1.06,-0.04,-3.92,0.01,0.02,0.12,-0.17,0.0,-0.16,-0.01,screener
PRABHA,Mar 2025,2025-03-31,quarter,1.02,2.68,-1.66,-162.75,0.4,0.01,0.12,-1.39,-33.09,-0.94,-0.05,screener
PRABHA,Jun 2025,2025-06-30,quarter,1.13,1.4,-0.27,-23.89,0.1,0.01,0.12,-0.3,-26.67,-0.22,-0.01,screener
PRABHA,Sep 2025,2025-09-30,quarter,1.77,2.08,-0.31,-17.51,0.11,0.01,0.12,-0.33,-42.42,-0.18,-0.01,screener
PRABHA,Dec 2025,2025-12-31,quarter,1.76,1.82,-0.06,-3.41,1.2,0.03,0.08,1.03,9.71,0.92,0.05,screener
PRABHA,Mar 2026,2026-03-31,quarter,1.44,1.47,-0.03,-2.08,0.19,0.06,0.02,0.08,-12.5,0.1,0.01,screener
PRABHA,Jun 2026,2026-06-30,quarter,1.69,1.37,0.32,18.93,0.1,0.07,0.02,0.33,12.12,0.29,0.02,screener
PRAENG,Dec 2024,2024-12-31,quarter,11.52,15.45,-3.93,-34.11,1.15,0.06,0.92,-3.76,7.45,-4.04,-0.47,screener
PRAENG,Mar 2025,2025-03-31,quarter,15.56,29.79,-14.23,-91.45,1.28,0.18,0.79,-13.92,2.95,-14.34,-1.99,screener
PRAENG,Jun 2025,2025-06-30,quarter,14.71,20.4,-5.69,-38.68,3.71,0.09,0.83,-2.9,10.0,-3.2,-0.43,screener
PRAENG,Sep 2025,2025-09-30,quarter,8.55,15.25,-6.7,-78.36,1.47,0.12,0.83,-6.18,4.85,-6.47,-0.93,screener
PRAENG,Dec 2025,2025-12-31,quarter,8.07,9.55,-1.48,-18.34,1.85,0.14,0.93,-0.7,44.29,-1.02,-0.16,screener
PRAENG,Mar 2026,2026-03-31,quarter,7.09,15.38,-8.29,-116.93,1.65,0.22,0.89,-7.75,3.87,-8.06,-1.14,screener
PRAJIND,Dec 2024,2024-12-31,quarter,853.0,780.0,73.0,9.0,14.0,4.0,23.0,59.0,30.0,41.0,2.24,screener
PRAJIND,Mar 2025,2025-03-31,quarter,860.0,784.0,75.0,9.0,10.0,5.0,22.0,58.0,32.0,40.0,2.17,screener
PRAJIND,Jun 2025,2025-06-30,quarter,640.0,609.0,31.0,4.9,9.0,5.0,25.0,10.0,44.0,5.0,0.29,screener
PRAJIND,Sep 2025,2025-09-30,quarter,842.0,786.0,56.0,7.0,5.0,5.0,27.0,30.0,35.0,19.0,1.05,screener
PRAJIND,Dec 2025,2025-12-31,quarter,841.0,800.0,41.0,4.9,-23.0,5.0,27.0,-13.0,-4.0,-12.0,-0.67,screener
PRAJIND,Mar 2026,2026-03-31,quarter,845.0,821.0,23.0,2.8,33.0,5.0,27.0,24.0,51.0,12.0,0.63,screener
PRAJIND,Jun 2026,2026-06-30,quarter,716.0,686.0,30.0,4.2,20.0,4.0,25.0,21.0,45.0,12.0,0.63,screener
PRAVEG,Dec 2024,2024-12-31,quarter,54.28,32.81,21.47,39.55,0.6,1.93,6.77,13.37,21.09,10.55,3.52,screener
PRAVEG,Mar 2025,2025-03-31,quarter,58.06,42.69,15.37,26.47,1.22,2.58,9.73,4.28,21.96,3.33,1.55,screener
PRAVEG,Jun 2025,2025-06-30,quarter,39.39,33.64,5.75,14.6,0.47,2.23,9.42,-5.43,5.71,-5.75,-2.35,screener
PRAVEG,Sep 2025,2025-09-30,quarter,37.5,33.89,3.61,9.63,0.34,2.68,10.18,-8.91,3.48,-9.22,-3.7,screener
PRAVEG,Dec 2025,2025-12-31,quarter,90.45,64.2,26.25,29.02,0.26,3.39,12.21,10.91,9.07,9.93,3.55,screener
PRAVEG,Mar 2026,2026-03-31,quarter,73.6,51.66,21.94,29.81,-0.49,6.19,16.99,-1.73,185.55,-4.93,-1.91,screener
PRECAM,Dec 2024,2024-12-31,quarter,195.0,186.0,8.0,4.0,2.0,2.0,13.0,-5.0,41.0,-6.0,-0.67,screener
PRECAM,Mar 2025,2025-03-31,quarter,190.0,165.0,26.0,13.0,44.0,3.0,14.0,53.0,24.0,40.0,4.26,screener
PRECAM,Jun 2025,2025-06-30,quarter,195.0,180.0,15.0,7.0,27.0,2.0,13.0,27.0,31.0,19.0,1.98,screener
PRECAM,Sep 2025,2025-09-30,quarter,198.0,185.0,13.0,7.0,19.0,2.0,12.0,18.0,28.0,13.0,1.39,screener
PRECAM,Dec 2025,2025-12-31,quarter,179.0,164.0,14.0,8.0,8.0,1.0,10.0,11.0,18.0,9.0,0.97,screener
PRECAM,Mar 2026,2026-03-31,quarter,201.0,175.0,26.0,13.0,7.0,2.0,10.0,22.0,54.0,10.0,1.06,screener
PRECOT,Dec 2024,2024-12-31,quarter,212.0,186.0,26.0,12.0,0.0,8.0,4.0,13.0,30.0,9.0,7.69,screener
PRECOT,Mar 2025,2025-03-31,quarter,228.0,200.0,28.0,12.0,-11.0,4.0,5.0,8.0,51.0,4.0,3.12,screener
PRECOT,Jun 2025,2025-06-30,quarter,206.0,178.0,29.0,14.0,1.0,8.0,7.0,15.0,24.0,11.0,9.42,screener
PRECOT,Sep 2025,2025-09-30,quarter,214.0,188.0,25.0,12.0,0.0,10.0,7.0,9.0,19.0,7.0,5.86,screener
PRECOT,Dec 2025,2025-12-31,quarter,208.0,186.0,22.0,11.0,1.0,8.0,8.0,8.0,27.0,6.0,4.82,screener
PRECOT,Mar 2026,2026-03-31,quarter,258.0,221.0,37.0,14.0,1.0,11.0,7.0,18.0,36.0,12.0,9.78,screener
PRECWIRE,Mar 2015,2015-03-31,quarter,207.76,197.79,9.97,4.8,0.05,1.76,5.06,3.2,40.62,1.9,0.11,screener
PRECWIRE,Dec 2015,2015-12-31,quarter,190.05,178.06,11.99,6.31,0.1,2.67,4.02,5.4,38.15,3.34,0.19,screener
PRECWIRE,Mar 2016,2016-03-31,quarter,210.05,196.0,14.05,6.69,0.13,2.76,3.96,7.46,33.51,4.88,0.28,screener
PREMEXPLN,Dec 2024,2024-12-31,quarter,165.92,150.47,15.45,9.31,0.22,3.99,2.87,8.81,-4.88,9.23,1.71,screener
PREMEXPLN,Mar 2025,2025-03-31,quarter,74.08,64.52,9.56,12.9,0.51,1.11,2.93,6.03,37.81,3.75,0.7,screener
PREMEXPLN,Jun 2025,2025-06-30,quarter,142.15,121.28,20.87,14.68,1.89,1.02,2.92,18.82,18.44,15.36,2.86,screener
PREMEXPLN,Sep 2025,2025-09-30,quarter,75.58,69.09,6.49,8.59,21.87,0.73,2.93,24.7,27.94,17.8,3.31,screener
PREMEXPLN,Dec 2025,2025-12-31,quarter,81.41,69.76,11.65,14.31,0.43,0.91,3.02,8.15,25.28,6.09,1.13,screener
PREMEXPLN,Mar 2026,2026-03-31,quarter,89.21,89.59,-0.38,-0.43,12.75,0.72,2.82,8.83,25.48,6.58,1.22,screener
PREMEXPLN,Jun 2026,2026-06-30,quarter,102.56,96.68,5.88,5.73,1.78,0.63,2.87,4.16,26.2,3.08,0.57,screener
PREMIERENE,Dec 2024,2024-12-31,quarter,1713.0,1200.0,514.0,30.0,36.0,47.0,152.0,351.0,27.0,255.0,5.66,screener
PREMIERENE,Mar 2025,2025-03-31,quarter,1621.0,1092.0,528.0,33.0,59.0,43.0,177.0,368.0,25.0,278.0,6.16,screener
PREMIERENE,Jun 2025,2025-06-30,quarter,1821.0,1272.0,548.0,30.0,49.0,37.0,158.0,403.0,24.0,308.0,6.83,screener
PREMIERENE,Sep 2025,2025-09-30,quarter,1837.0,1276.0,561.0,31.0,84.0,32.0,146.0,467.0,24.0,353.0,7.8,screener
PREMIERENE,Dec 2025,2025-12-31,quarter,1936.0,1343.0,593.0,31.0,30.0,47.0,70.0,505.0,22.0,392.0,8.65,screener
PREMIERENE,Mar 2026,2026-03-31,quarter,2230.0,1555.0,675.0,30.0,44.0,41.0,79.0,598.0,24.0,457.0,10.08,screener
PRESTIGE,Dec 2024,2024-12-31,quarter,1654.0,1071.0,583.0,35.0,43.0,345.0,205.0,77.0,58.0,32.0,0.41,screener
PRESTIGE,Mar 2025,2025-03-31,quarter,1528.0,999.0,529.0,35.0,61.0,286.0,217.0,87.0,51.0,43.0,0.58,screener
PRESTIGE,Jun 2025,2025-06-30,quarter,2307.0,1430.0,877.0,38.0,161.0,384.0,216.0,439.0,29.0,312.0,6.79,screener
PRESTIGE,Sep 2025,2025-09-30,quarter,2432.0,1522.0,910.0,37.0,278.0,385.0,219.0,584.0,22.0,457.0,9.99,screener
PRESTIGE,Dec 2025,2025-12-31,quarter,3873.0,3013.0,860.0,22.0,36.0,384.0,234.0,278.0,12.0,245.0,5.17,screener
PRESTIGE,Mar 2026,2026-03-31,quarter,4074.0,3063.0,1010.0,25.0,70.0,430.0,238.0,413.0,29.0,292.0,5.81,screener
PRICOLLTD,Dec 2024,2024-12-31,quarter,634.0,559.0,75.0,12.0,4.0,2.0,22.0,54.0,24.0,41.0,3.4,screener
PRICOLLTD,Mar 2025,2025-03-31,quarter,769.0,689.0,80.0,10.0,4.0,5.0,26.0,53.0,34.0,35.0,2.87,screener_yfinance_fallback_normalized
PRICOLLTD,Jun 2025,2025-06-30,quarter,895.0,796.0,99.0,11.0,2.0,6.0,29.0,66.0,25.0,50.0,4.09,screener_yfinance_fallback_normalized
PRICOLLTD,Sep 2025,2025-09-30,quarter,1007.0,889.0,118.0,12.0,3.0,7.0,30.0,85.0,24.0,64.0,5.25,screener_yfinance_fallback_normalized
PRICOLLTD,Dec 2025,2025-12-31,quarter,1039.0,918.0,121.0,12.0,2.0,9.0,30.0,84.0,25.0,64.0,5.23,screener_yfinance_fallback_normalized
PRICOLLTD,Mar 2026,2026-03-31,quarter,1099.0,968.0,131.0,12.0,4.0,8.0,31.0,96.0,24.0,73.0,6.01,screener_yfinance_fallback_normalized
PRICOLLTD,Jun 2026,2026-06-30,quarter,1105.0,981.0,124.0,11.0,2.0,8.0,32.0,87.0,23.0,67.0,5.5,screener_yfinance_fallback_normalized
PRIMESECU,Dec 2024,2024-12-31,quarter,21.0,11.0,10.0,49.0,0.0,0.0,0.0,10.0,18.0,8.0,2.44,screener
PRIMESECU,Mar 2025,2025-03-31,quarter,12.33,11.54,0.79,6.41,0.38,0.07,0.41,0.69,-34.78,0.77,0.23,screener
PRIMESECU,Jun 2025,2025-06-30,quarter,46.22,29.84,16.38,35.44,0.69,0.1,0.51,16.46,33.9,10.48,3.12,screener
PRIMESECU,Sep 2025,2025-09-30,quarter,31.23,24.99,6.24,19.98,0.0,0.18,0.75,5.31,-164.6,13.77,4.09,screener
PRIMESECU,Dec 2025,2025-12-31,quarter,30.18,26.18,4.0,13.25,0.01,0.22,1.23,2.56,9.77,2.1,0.62,screener
PRIMESECU,Mar 2026,2026-03-31,quarter,30.2,35.37,-5.17,-17.12,-11.2,0.37,0.98,-17.72,-27.09,-13.22,-3.9,screener
PRIMESECU,Jun 2026,2026-06-30,quarter,33.68,25.95,7.73,22.95,-1.33,0.36,0.98,5.06,53.36,2.01,0.59,screener
PRIVISCL,Dec 2024,2024-12-31,quarter,491.0,378.0,113.0,23.0,2.0,22.0,32.0,61.0,27.0,44.0,11.37,screener
PRIVISCL,Mar 2025,2025-03-31,quarter,614.0,481.0,133.0,22.0,15.0,23.0,35.0,90.0,29.0,64.0,17.01,screener
PRIVISCL,Jun 2025,2025-06-30,quarter,559.0,427.0,132.0,24.0,9.0,24.0,36.0,81.0,29.0,58.0,15.84,screener
PRIVISCL,Sep 2025,2025-09-30,quarter,679.0,497.0,182.0,27.0,0.0,21.0,36.0,125.0,28.0,90.0,24.02,screener
PRIVISCL,Dec 2025,2025-12-31,quarter,605.0,453.0,151.0,25.0,7.0,19.0,36.0,104.0,28.0,75.0,19.95,screener
PRIVISCL,Mar 2026,2026-03-31,quarter,722.0,541.0,180.0,25.0,4.0,18.0,36.0,130.0,27.0,94.0,23.96,screener
PROSTARM,Dec 2024,2024-12-31,quarter,76.36,65.19,11.17,14.63,0.81,1.19,0.78,10.01,25.57,7.45,1.78,screener
PROSTARM,Mar 2025,2025-03-31,quarter,82.02,70.76,11.26,13.73,0.26,1.31,0.81,9.4,27.98,6.78,1.58,screener
PROSTARM,Jun 2025,2025-06-30,quarter,54.91,51.01,3.9,7.1,0.83,1.58,0.65,2.5,27.2,1.83,0.31,screener
PROSTARM,Sep 2025,2025-09-30,quarter,65.92,54.71,11.21,17.01,1.52,0.88,0.75,11.1,25.5,8.27,1.4,screener
PROSTARM,Dec 2025,2025-12-31,quarter,160.49,140.26,20.23,12.61,1.35,0.75,0.77,20.06,25.67,14.91,2.53,screener
PROSTARM,Mar 2026,2026-03-31,quarter,104.45,93.5,10.95,10.48,2.16,1.35,1.05,10.71,25.77,7.95,1.35,screener
PROTEAN,Dec 2024,2024-12-31,quarter,202.0,187.0,16.0,8.0,19.0,0.0,6.0,29.0,20.0,23.0,5.66,screener
PROTEAN,Mar 2025,2025-03-31,quarter,222.0,204.0,18.0,8.0,17.0,1.0,8.0,25.0,19.0,20.0,5.03,screener
PROTEAN,Jun 2025,2025-06-30,quarter,211.0,194.0,16.0,8.0,29.0,2.0,11.0,32.0,26.0,24.0,5.88,screener
PROTEAN,Sep 2025,2025-09-30,quarter,250.0,221.0,29.0,12.0,15.0,2.0,10.0,32.0,26.0,24.0,5.88,screener
PROTEAN,Dec 2025,2025-12-31,quarter,229.0,197.0,32.0,14.0,10.0,2.0,11.0,29.0,24.0,22.0,5.54,screener
PROTEAN,Mar 2026,2026-03-31,quarter,308.0,270.0,38.0,12.0,15.0,2.0,14.0,36.0,17.0,30.0,7.48,screener
PRSMJOHNSN,Dec 2024,2024-12-31,quarter,1821.0,1768.0,52.0,3.0,91.0,56.0,121.0,-34.0,-237.0,46.0,0.96,screener
PRSMJOHNSN,Mar 2025,2025-03-31,quarter,1960.0,1763.0,197.0,10.0,152.0,55.0,131.0,163.0,26.0,121.0,2.57,screener
PRSMJOHNSN,Jun 2025,2025-06-30,quarter,1922.0,1753.0,168.0,9.0,11.0,46.0,136.0,-3.0,116.0,-6.0,0.05,screener
PRSMJOHNSN,Sep 2025,2025-09-30,quarter,1855.0,1669.0,186.0,10.0,14.0,44.0,140.0,16.0,90.0,2.0,0.06,screener
PRSMJOHNSN,Dec 2025,2025-12-31,quarter,1753.0,1595.0,158.0,9.0,98.0,46.0,131.0,79.0,37.0,50.0,1.21,screener
PRSMJOHNSN,Mar 2026,2026-03-31,quarter,2110.0,1936.0,175.0,8.0,-29.0,40.0,128.0,-23.0,-32.0,-16.0,0.13,screener
PRUDENT,Mar 2025,2025-03-31,quarter,283.0,214.0,69.0,24.0,8.0,1.0,7.0,69.0,25.0,52.0,12.5,screener
PRUDENT,Jun 2025,2025-06-30,quarter,294.0,226.0,67.0,23.0,10.0,1.0,7.0,70.0,26.0,52.0,12.51,screener
PRUDENT,Sep 2025,2025-09-30,quarter,320.0,248.0,72.0,23.0,8.0,1.0,8.0,72.0,26.0,54.0,12.93,screener
PRUDENT,Dec 2025,2025-12-31,quarter,343.0,265.0,78.0,23.0,10.0,2.0,8.0,78.0,26.0,58.0,13.92,screener
PRUDENT,Mar 2026,2026-03-31,quarter,361.0,268.0,93.0,26.0,-5.0,2.0,8.0,79.0,25.0,59.0,14.28,screener
PRUDENT,Jun 2026,2026-06-30,quarter,348.0,259.0,89.0,26.0,21.0,2.0,8.0,100.0,25.0,75.0,18.06,screener
PSPPROJECT,Dec 2024,2024-12-31,quarter,630.0,595.0,36.0,6.0,4.0,10.0,19.0,10.0,36.0,5.0,1.27,screener
PSPPROJECT,Mar 2025,2025-03-31,quarter,673.0,641.0,32.0,5.0,5.0,10.0,19.0,8.0,20.0,6.0,1.63,screener
PSPPROJECT,Jun 2025,2025-06-30,quarter,518.0,493.0,25.0,5.0,4.0,11.0,17.0,1.0,41.0,0.0,0.11,screener
PSPPROJECT,Sep 2025,2025-09-30,quarter,703.0,653.0,50.0,7.0,4.0,12.0,20.0,22.0,28.0,16.0,4.08,screener
PSPPROJECT,Dec 2025,2025-12-31,quarter,813.0,758.0,55.0,7.0,4.0,11.0,24.0,24.0,25.0,18.0,4.5,screener
PSPPROJECT,Mar 2026,2026-03-31,quarter,1115.0,1055.0,60.0,5.0,5.0,11.0,26.0,27.0,23.0,21.0,5.32,screener
PTC,Dec 2024,2024-12-31,quarter,3421.0,3111.0,310.0,9.0,9.0,85.0,2.0,232.0,22.0,181.0,5.32,screener
PTC,Mar 2025,2025-03-31,quarter,2924.0,2768.0,156.0,5.0,421.0,99.0,3.0,475.0,22.0,372.0,11.88,screener
PTC,Jun 2025,2025-06-30,quarter,4009.0,3721.0,288.0,7.0,95.0,92.0,2.0,289.0,16.0,243.0,6.59,screener
PTC,Sep 2025,2025-09-30,quarter,5459.0,5183.0,275.0,5.0,127.0,101.0,3.0,298.0,26.0,222.0,6.46,screener
PTC,Dec 2025,2025-12-31,quarter,3405.0,3232.0,173.0,5.0,68.0,64.0,3.0,175.0,25.0,131.0,3.85,screener
PTC,Mar 2026,2026-03-31,quarter,3898.0,3753.0,145.0,4.0,75.0,53.0,3.0,164.0,26.0,121.0,3.56,screener
PUNJABCHEM,Mar 2025,2025-03-31,quarter,202.0,177.0,26.0,13.0,-4.0,5.0,7.0,10.0,32.0,7.0,5.75,screener
PUNJABCHEM,Jun 2025,2025-06-30,quarter,320.0,285.0,34.0,11.0,4.0,4.0,6.0,28.0,25.0,21.0,16.82,screener
PUNJABCHEM,Sep 2025,2025-09-30,quarter,255.0,229.0,26.0,10.0,6.0,4.0,7.0,22.0,15.0,19.0,15.12,screener
PUNJABCHEM,Dec 2025,2025-12-31,quarter,247.0,217.0,30.0,12.0,0.0,4.0,7.0,19.0,26.0,14.0,11.26,screener
PUNJABCHEM,Mar 2026,2026-03-31,quarter,209.0,181.0,28.0,13.0,2.0,5.0,9.0,16.0,32.0,11.0,8.95,screener
PUNJABCHEM,Jun 2026,2026-06-30,quarter,347.0,306.0,41.0,12.0,1.0,4.0,7.0,30.0,27.0,22.0,18.0,screener
PURVA,Dec 2024,2024-12-31,quarter,318.0,302.0,16.0,5.0,17.0,143.0,8.0,-118.0,-22.0,-93.0,-3.9,screener
PURVA,Mar 2025,2025-03-31,quarter,542.0,511.0,30.0,6.0,22.0,152.0,11.0,-111.0,-21.0,-88.0,-3.62,screener
PURVA,Jun 2025,2025-06-30,quarter,524.0,458.0,67.0,13.0,14.0,161.0,10.0,-90.0,-24.0,-69.0,-2.85,screener
PURVA,Sep 2025,2025-09-30,quarter,644.0,540.0,104.0,16.0,19.0,169.0,11.0,-57.0,-24.0,-43.0,-1.76,screener
PURVA,Dec 2025,2025-12-31,quarter,1069.0,850.0,219.0,20.0,35.0,165.0,11.0,79.0,26.0,58.0,2.53,screener
PURVA,Mar 2026,2026-03-31,quarter,1502.0,1201.0,301.0,20.0,39.0,184.0,11.0,145.0,24.0,110.0,4.78,screener
PVP,Dec 2024,2024-12-31,quarter,2.48,6.74,-4.26,-171.77,2.78,0.49,0.59,-2.56,-71.48,-0.74,-0.02,screener
PVP,Mar 2025,2025-03-31,quarter,19.03,13.82,5.21,27.38,-3.93,0.86,0.24,0.18,1527.78,-2.57,-0.06,screener
PVP,Jun 2025,2025-06-30,quarter,17.21,12.17,5.04,29.29,3.74,8.27,1.01,-0.5,-78.0,-0.11,0.01,screener
PVP,Sep 2025,2025-09-30,quarter,17.09,14.7,2.39,13.98,3.89,8.44,1.42,-3.58,-27.09,-2.6,-0.12,screener
PVP,Dec 2025,2025-12-31,quarter,13.96,10.04,3.92,28.08,3.13,7.53,1.37,-1.85,118.92,-4.06,-0.14,screener
PVP,Mar 2026,2026-03-31,quarter,41.44,34.22,7.22,17.42,9.43,9.27,9.87,-2.49,28.11,-3.19,-0.01,screener
PVRINOX,Dec 2024,2024-12-31,quarter,1717.0,1190.0,528.0,31.0,42.0,203.0,320.0,46.0,23.0,36.0,3.66,screener
PVRINOX,Mar 2025,2025-03-31,quarter,1230.0,941.0,289.0,24.0,54.0,196.0,316.0,-168.0,-25.0,-125.0,-12.73,screener
PVRINOX,Jun 2025,2025-06-30,quarter,1450.0,1046.0,404.0,28.0,25.0,191.0,308.0,-70.0,-22.0,-54.0,-5.5,screener
PVRINOX,Sep 2025,2025-09-30,quarter,1823.0,1212.0,612.0,34.0,36.0,188.0,317.0,142.0,26.0,106.0,10.76,screener
PVRINOX,Dec 2025,2025-12-31,quarter,1850.0,1225.0,625.0,34.0,-9.0,180.0,316.0,119.0,20.0,95.0,9.75,screener
PVRINOX,Mar 2026,2026-03-31,quarter,1547.0,1096.0,452.0,29.0,244.0,173.0,330.0,192.0,3.0,186.0,19.01,screener
PVRINOX,Jun 2026,2026-06-30,quarter,1622.0,1094.0,528.0,33.0,26.0,164.0,314.0,76.0,25.0,56.0,5.75,screener
PVSL,Dec 2024,2024-12-31,quarter,1364.67,1334.04,30.63,2.24,3.94,22.78,24.68,-12.89,-24.28,-9.76,-1.37,screener
PVSL,Mar 2025,2025-03-31,quarter,1372.36,1346.54,25.82,1.88,3.88,20.58,25.33,-16.21,-15.36,-13.72,-1.93,screener
PVSL,Jun 2025,2025-06-30,quarter,1310.9,1277.69,33.21,2.53,5.07,22.59,26.81,-11.12,-21.13,-8.76,-1.23,screener
PVSL,Sep 2025,2025-09-30,quarter,1530.38,1485.13,45.25,2.96,19.46,25.67,27.38,11.66,95.11,0.57,0.08,screener
PVSL,Dec 2025,2025-12-31,quarter,1785.36,1733.56,51.8,2.9,4.79,27.8,35.43,-6.64,-110.09,0.67,0.09,screener
PVSL,Mar 2026,2026-03-31,quarter,1754.45,1701.32,53.13,3.03,4.61,27.22,37.73,-7.21,-31.21,-4.96,-0.7,screener
PWL,Dec 2024,2024-12-31,quarter,810.0,626.0,184.0,23.0,40.0,19.0,93.0,111.0,31.0,77.0,15.11,screener
PWL,Mar 2025,2025-03-31,quarter,610.0,838.0,-229.0,-38.0,25.0,28.0,98.0,-330.0,-12.0,-289.0,-1.34,screener
PWL,Jun 2025,2025-06-30,quarter,847.0,923.0,-76.0,-9.0,55.0,33.0,98.0,-152.0,-16.0,-127.0,-0.55,screener
PWL,Sep 2025,2025-09-30,quarter,1051.0,870.0,181.0,17.0,47.0,25.0,105.0,99.0,29.0,70.0,0.33,screener
PWL,Dec 2025,2025-12-31,quarter,1082.0,846.0,236.0,22.0,41.0,21.0,113.0,144.0,29.0,102.0,0.35,screener
PWL,Mar 2026,2026-03-31,quarter,919.0,890.0,29.0,3.0,36.0,23.0,122.0,-81.0,-14.0,-69.0,-0.26,screener
QLINE,Mar 2025,2025-03-31,quarter,217.0,172.0,45.0,21.0,-11.0,8.0,3.0,22.0,71.0,9.0,56.13,screener
QLINE,Mar 2026,2026-03-31,quarter,198.0,136.0,62.0,31.0,2.0,11.0,7.0,46.0,26.0,34.0,21.14,screener
QPOWER,Dec 2024,2024-12-31,quarter,73.0,55.0,17.0,24.0,6.0,1.0,1.0,22.0,10.0,20.0,1.92,screener
QPOWER,Mar 2025,2025-03-31,quarter,108.0,92.0,16.0,15.0,21.0,0.0,2.0,36.0,14.0,30.0,2.51,screener
QPOWER,Jun 2025,2025-06-30,quarter,177.0,146.0,31.0,18.0,17.0,1.0,3.0,44.0,16.0,37.0,3.12,screener
QPOWER,Sep 2025,2025-09-30,quarter,206.0,170.0,36.0,18.0,13.0,2.0,3.0,44.0,21.0,35.0,3.14,screener
QPOWER,Dec 2025,2025-12-31,quarter,284.0,205.0,79.0,28.0,0.0,1.0,3.0,74.0,15.0,63.0,5.03,screener
QPOWER,Mar 2026,2026-03-31,quarter,281.0,251.0,30.0,11.0,29.0,2.0,4.0,53.0,13.0,51.0,4.38,screener
QPOWER,Jun 2026,2026-06-30,quarter,233.0,192.0,41.0,18.0,24.0,1.0,4.0,59.0,23.0,47.0,4.66,screener
QUESS,Dec 2024,2024-12-31,quarter,4019.0,3957.0,62.0,2.0,-1.0,9.0,10.0,42.0,1.0,42.0,2.8,screener
QUESS,Mar 2025,2025-03-31,quarter,3656.0,3589.0,67.0,2.0,-147.0,9.0,10.0,-99.0,-4.0,-95.0,-6.41,screener
QUESS,Jun 2025,2025-06-30,quarter,3651.0,3582.0,70.0,2.0,3.0,10.0,10.0,52.0,2.0,51.0,3.42,screener
QUESS,Sep 2025,2025-09-30,quarter,3832.0,3755.0,77.0,2.0,4.0,13.0,10.0,57.0,10.0,52.0,3.46,screener
QUESS,Dec 2025,2025-12-31,quarter,3930.0,3850.0,80.0,2.0,-5.0,13.0,11.0,51.0,-8.0,55.0,3.68,screener
QUESS,Mar 2026,2026-03-31,quarter,3892.0,3806.0,86.0,2.0,7.0,14.0,11.0,69.0,7.0,64.0,4.3,screener
QUICKHEAL,Mar 2025,2025-03-31,quarter,65.14,73.62,-8.48,-13.02,5.6,0.06,3.63,-6.57,-50.53,-3.25,-0.6,screener
QUICKHEAL,Jun 2025,2025-06-30,quarter,57.23,66.96,-9.73,-17.0,5.75,0.06,2.96,-7.0,-21.29,-5.51,-1.02,screener
QUICKHEAL,Sep 2025,2025-09-30,quarter,83.52,74.29,9.23,11.05,4.38,0.05,3.28,10.28,23.05,7.91,1.46,screener
QUICKHEAL,Dec 2025,2025-12-31,quarter,71.54,71.09,0.45,0.63,8.95,0.06,3.59,5.75,-14.96,6.61,1.22,screener
QUICKHEAL,Mar 2026,2026-03-31,quarter,48.73,78.05,-29.32,-60.17,3.75,0.03,4.07,-29.67,-32.79,-19.94,-3.68,screener
QUICKHEAL,Jun 2026,2026-06-30,quarter,44.99,62.56,-17.57,-39.05,14.1,0.0,3.85,-7.32,-27.87,-5.28,-0.97,screener
RACLGEAR,Dec 2024,2024-12-31,quarter,113.0,89.0,24.0,21.0,0.0,7.0,8.0,9.0,28.0,7.0,6.07,screener
RACLGEAR,Mar 2025,2025-03-31,quarter,87.0,68.0,19.0,22.0,5.0,7.0,8.0,9.0,26.0,6.0,6.03,screener
RACLGEAR,Jun 2025,2025-06-30,quarter,101.0,82.0,19.0,19.0,8.0,8.0,8.0,11.0,27.0,8.0,7.01,screener
RACLGEAR,Sep 2025,2025-09-30,quarter,120.0,96.0,24.0,20.0,6.0,5.0,8.0,16.0,26.0,12.0,10.22,screener
RACLGEAR,Dec 2025,2025-12-31,quarter,137.0,106.0,31.0,23.0,4.0,5.0,8.0,21.0,24.0,16.0,13.82,screener
RACLGEAR,Mar 2026,2026-03-31,quarter,132.0,102.0,29.0,22.0,5.0,9.0,9.0,17.0,27.0,12.0,10.48,screener
RADAAN,Dec 2024,2024-12-31,quarter,2.36,1.66,0.7,29.66,0.0,0.67,0.01,0.02,-50.0,0.03,0.01,screener
RADAAN,Mar 2025,2025-03-31,quarter,2.3,2.23,0.07,3.04,0.0,0.55,0.01,-0.49,-2.04,-0.49,-0.09,screener
RADAAN,Jun 2025,2025-06-30,quarter,0.29,1.23,-0.94,-324.14,0.01,0.56,0.01,-1.5,-0.67,-1.49,-0.28,screener
RADAAN,Sep 2025,2025-09-30,quarter,1.89,4.01,-2.12,-112.17,1.02,0.42,0.01,-1.53,0.0,-1.54,-0.28,screener
RADAAN,Dec 2025,2025-12-31,quarter,1.57,2.23,-0.66,-42.04,0.0,0.32,0.01,-0.99,1.01,-0.99,-0.18,screener
RADAAN,Mar 2026,2026-03-31,quarter,1.65,2.08,-0.43,-26.06,0.07,0.41,0.01,-0.78,-1.28,-0.78,-0.14,screener
RADAAN,Jun 2026,2026-06-30,quarter,1.5,1.52,-0.02,-1.33,0.02,0.43,0.01,-0.44,0.0,-0.44,-0.08,screener
RADICO,Dec 2024,2024-12-31,quarter,1294.0,1111.0,183.0,14.0,1.0,20.0,36.0,129.0,26.0,95.0,7.14,screener
RADICO,Mar 2025,2025-03-31,quarter,1304.0,1127.0,178.0,14.0,3.0,22.0,36.0,123.0,25.0,92.0,6.88,screener
RADICO,Jun 2025,2025-06-30,quarter,1506.0,1274.0,232.0,15.0,-5.0,16.0,36.0,175.0,25.0,131.0,9.75,screener
RADICO,Sep 2025,2025-09-30,quarter,1494.0,1256.0,238.0,16.0,3.0,16.0,37.0,187.0,25.0,140.0,10.42,screener
RADICO,Dec 2025,2025-12-31,quarter,1547.0,1280.0,267.0,17.0,-7.0,16.0,37.0,206.0,25.0,155.0,11.57,screener
RADICO,Mar 2026,2026-03-31,quarter,1504.0,1219.0,284.0,19.0,10.0,15.0,42.0,237.0,24.0,179.0,13.4,screener
RADICO,Jun 2026,2026-06-30,quarter,1684.0,1335.0,349.0,21.0,9.0,12.0,41.0,305.0,25.0,230.0,17.14,screener
RAILTEL,Jun 2022,2022-06-30,quarter,377.0,310.0,67.0,18.0,8.0,1.0,40.0,35.0,25.0,26.0,0.81,screener
RAILTEL,Sep 2022,2022-09-30,quarter,429.0,328.0,100.0,23.0,11.0,1.0,37.0,74.0,25.0,55.0,1.72,screener
RAILTEL,Dec 2022,2022-12-31,quarter,454.0,380.0,74.0,16.0,8.0,2.0,37.0,43.0,26.0,32.0,1.0,screener
RAILTEL,Mar 2023,2023-03-31,quarter,704.0,605.0,98.0,14.0,48.0,2.0,41.0,103.0,26.0,76.0,2.37,screener
RAILTEL,Jun 2023,2023-06-30,quarter,468.0,393.0,74.0,16.0,15.0,1.0,37.0,51.0,25.0,38.0,1.2,screener
RAILTEL,Sep 2023,2023-09-30,quarter,599.0,484.0,115.0,19.0,14.0,1.0,38.0,90.0,25.0,68.0,2.12,screener
RAIN,Dec 2024,2024-12-31,quarter,3676.0,3330.0,346.0,9.0,37.0,227.0,237.0,-82.0,63.0,-134.0,-4.8,screener
RAIN,Mar 2025,2025-03-31,quarter,3768.0,3388.0,380.0,10.0,25.0,224.0,207.0,-26.0,344.0,-115.0,-4.09,screener
RAIN,Jun 2025,2025-06-30,quarter,4401.0,3772.0,629.0,14.0,28.0,228.0,225.0,204.0,59.0,83.0,1.8,screener
RAIN,Sep 2025,2025-09-30,quarter,4476.0,3849.0,627.0,14.0,37.0,237.0,236.0,191.0,32.0,130.0,3.15,screener
RAIN,Dec 2025,2025-12-31,quarter,4301.0,3800.0,501.0,12.0,51.0,232.0,254.0,66.0,43.0,38.0,0.4,screener
RAIN,Mar 2026,2026-03-31,quarter,4521.0,3824.0,697.0,15.0,46.0,238.0,249.0,256.0,38.0,158.0,3.61,screener
RAIN,Jun 2026,2026-06-30,quarter,5167.0,4203.0,964.0,19.0,33.0,251.0,245.0,501.0,32.0,341.0,8.81,screener
RAINBOW,Dec 2024,2024-12-31,quarter,398.0,264.0,134.0,34.0,13.0,18.0,35.0,94.0,27.0,69.0,6.76,screener
RAINBOW,Mar 2025,2025-03-31,quarter,370.0,255.0,115.0,31.0,15.0,18.0,34.0,77.0,27.0,57.0,5.55,screener
RAINBOW,Jun 2025,2025-06-30,quarter,353.0,249.0,104.0,29.0,20.0,18.0,34.0,71.0,25.0,54.0,5.27,screener
RAINBOW,Sep 2025,2025-09-30,quarter,445.0,296.0,149.0,33.0,8.0,19.0,36.0,102.0,26.0,76.0,7.41,screener
RAINBOW,Dec 2025,2025-12-31,quarter,445.0,298.0,147.0,33.0,11.0,20.0,40.0,98.0,24.0,74.0,7.14,screener
RAINBOW,Mar 2026,2026-03-31,quarter,460.0,315.0,145.0,31.0,4.0,20.0,41.0,87.0,10.0,78.0,7.59,screener
RAINBOW,Jun 2026,2026-06-30,quarter,470.0,335.0,135.0,29.0,13.0,21.0,42.0,84.0,26.0,63.0,5.96,screener
RAJESHEXPO,Dec 2024,2024-12-31,quarter,96630.0,96564.0,67.0,0.1,21.0,33.0,12.0,43.0,18.0,36.0,1.2,screener
RAJESHEXPO,Mar 2025,2025-03-31,quarter,199190.0,199203.0,-14.0,0.0,54.0,37.0,11.0,-8.0,-123.0,2.0,0.07,screener
RAJESHEXPO,Jun 2025,2025-06-30,quarter,131542.0,131500.0,42.0,0.0,9.0,38.0,12.0,2.0,642.0,-10.0,-0.32,screener
RAJESHEXPO,Sep 2025,2025-09-30,quarter,175212.0,175036.0,176.0,0.1,12.0,39.0,13.0,137.0,24.0,104.0,3.52,screener
RAJESHEXPO,Dec 2025,2025-12-31,quarter,235098.0,234985.0,114.0,0.1,11.0,46.0,13.0,65.0,-9.0,71.0,2.42,screener
RAJESHEXPO,Mar 2026,2026-03-31,quarter,236864.0,237089.0,-225.0,-0.1,241.0,41.0,14.0,-40.0,34.0,-54.0,-1.81,screener
RAJOOENG,Mar 2025,2025-03-31,quarter,90.0,71.0,18.0,21.0,3.0,0.0,1.0,20.0,25.0,15.0,0.93,screener
RAJOOENG,Jun 2025,2025-06-30,quarter,85.0,66.0,19.0,22.0,2.0,0.0,1.0,20.0,24.0,15.0,0.92,screener
RAJOOENG,Sep 2025,2025-09-30,quarter,92.0,74.0,18.0,20.0,4.0,1.0,1.0,20.0,32.0,14.0,0.79,screener
RAJOOENG,Dec 2025,2025-12-31,quarter,88.0,65.0,23.0,26.0,3.0,1.0,3.0,22.0,19.0,18.0,0.94,screener
RAJOOENG,Mar 2026,2026-03-31,quarter,79.0,76.0,3.0,4.0,2.0,1.0,2.0,3.0,26.0,2.0,0.11,screener
RAJOOENG,Jun 2026,2026-06-30,quarter,123.0,101.0,22.0,18.0,3.0,1.0,2.0,22.0,22.0,17.0,0.87,screener
RAJRATAN,Dec 2024,2024-12-31,quarter,218.0,192.0,26.0,12.0,0.0,8.0,6.0,12.0,25.0,9.0,1.83,screener
RAJRATAN,Mar 2025,2025-03-31,quarter,251.0,218.0,33.0,13.0,1.0,7.0,6.0,20.0,24.0,15.0,2.99,screener
RAJRATAN,Jun 2025,2025-06-30,quarter,247.0,216.0,31.0,13.0,1.0,7.0,7.0,18.0,24.0,14.0,2.66,screener
RAJRATAN,Sep 2025,2025-09-30,quarter,294.0,254.0,40.0,14.0,1.0,8.0,7.0,27.0,23.0,21.0,4.05,screener
RAJRATAN,Dec 2025,2025-12-31,quarter,302.0,261.0,40.0,13.0,1.0,7.0,7.0,27.0,23.0,21.0,4.08,screener
RAJRATAN,Mar 2026,2026-03-31,quarter,314.0,286.0,29.0,9.0,3.0,6.0,8.0,18.0,13.0,15.0,3.04,screener
RALLIS,Dec 2020,2020-12-31,quarter,570.0,510.0,60.0,11.0,14.0,1.0,11.0,62.0,26.0,46.0,2.35,screener
RALLIS,Mar 2021,2021-03-31,quarter,471.0,454.0,18.0,4.0,10.0,1.0,15.0,12.0,30.0,8.0,0.42,screener
RALLIS,Jun 2021,2021-06-30,quarter,741.0,619.0,122.0,16.0,7.0,1.0,18.0,109.0,25.0,82.0,4.23,screener
RALLIS,Sep 2021,2021-09-30,quarter,728.0,640.0,88.0,12.0,7.0,1.0,18.0,76.0,26.0,56.0,2.9,screener
RALLIS,Dec 2021,2021-12-31,quarter,628.0,561.0,67.0,11.0,5.0,1.0,18.0,53.0,25.0,40.0,2.03,screener
RALLIS,Mar 2022,2022-03-31,quarter,508.0,510.0,-3.0,-1.0,7.0,1.0,20.0,-16.0,-13.0,-14.0,-0.73,screener
RAMCOCEM,Dec 2024,2024-12-31,quarter,1983.0,1704.0,279.0,14.0,199.0,113.0,175.0,191.0,4.0,182.0,7.72,screener
RAMCOCEM,Mar 2025,2025-03-31,quarter,2397.0,2078.0,319.0,13.0,23.0,113.0,183.0,46.0,46.0,26.0,1.16,screener
RAMCOCEM,Jun 2025,2025-06-30,quarter,2074.0,1676.0,398.0,19.0,6.0,105.0,184.0,115.0,27.0,85.0,3.6,screener
RAMCOCEM,Sep 2025,2025-09-30,quarter,2239.0,1851.0,388.0,17.0,7.0,111.0,183.0,100.0,24.0,78.0,3.27,screener
RAMCOCEM,Dec 2025,2025-12-31,quarter,2106.0,1826.0,280.0,13.0,496.0,108.0,185.0,483.0,20.0,386.0,16.32,screener
RAMCOCEM,Mar 2026,2026-03-31,quarter,2610.0,2240.0,371.0,14.0,86.0,95.0,188.0,173.0,15.0,151.0,6.38,screener
RAMCOCEM,Jun 2026,2026-06-30,quarter,2273.0,1967.0,306.0,13.0,19.0,96.0,190.0,40.0,23.0,31.0,1.32,screener
RAMCOIND,Dec 2024,2024-12-31,quarter,344.0,307.0,37.0,11.0,4.0,4.0,9.0,27.0,43.0,89.0,10.24,screener
RAMCOIND,Mar 2025,2025-03-31,quarter,423.0,379.0,44.0,10.0,6.0,5.0,9.0,35.0,19.0,36.0,4.11,screener
RAMCOIND,Jun 2025,2025-06-30,quarter,527.0,459.0,68.0,13.0,3.0,5.0,9.0,57.0,20.0,66.0,7.56,screener
RAMCOIND,Sep 2025,2025-09-30,quarter,365.0,313.0,52.0,14.0,4.0,4.0,9.0,43.0,53.0,41.0,4.71,screener
RAMCOIND,Dec 2025,2025-12-31,quarter,392.0,345.0,47.0,12.0,3.0,5.0,9.0,36.0,40.0,112.0,12.91,screener
RAMCOIND,Mar 2026,2026-03-31,quarter,502.0,437.0,65.0,13.0,13.0,4.0,9.0,64.0,25.0,88.0,10.09,screener
RAMCOSYS,Dec 2024,2024-12-31,quarter,157.0,143.0,14.0,9.0,1.0,1.0,23.0,-9.0,11.0,-10.0,-2.74,screener
RAMCOSYS,Mar 2025,2025-03-31,quarter,155.0,114.0,42.0,27.0,2.0,1.0,35.0,7.0,31.0,5.0,1.42,screener
RAMCOSYS,Jun 2025,2025-06-30,quarter,161.0,132.0,29.0,18.0,4.0,1.0,22.0,9.0,88.0,1.0,0.25,screener
RAMCOSYS,Sep 2025,2025-09-30,quarter,176.0,136.0,39.0,22.0,1.0,1.0,23.0,17.0,25.0,13.0,3.37,screener
RAMCOSYS,Dec 2025,2025-12-31,quarter,178.0,134.0,45.0,25.0,-20.0,1.0,23.0,1.0,-306.0,3.0,0.87,screener
RAMCOSYS,Mar 2026,2026-03-31,quarter,185.0,140.0,45.0,24.0,1.0,1.0,23.0,22.0,-14.0,25.0,6.69,screener
RAMKY,Dec 2024,2024-12-31,quarter,459.0,369.0,90.0,20.0,40.0,26.0,13.0,90.0,34.0,60.0,8.15,screener
RAMKY,Mar 2025,2025-03-31,quarter,489.0,487.0,2.0,0.0,55.0,35.0,13.0,8.0,245.0,-12.0,-1.94,screener
RAMKY,Jun 2025,2025-06-30,quarter,379.0,303.0,76.0,20.0,61.0,22.0,14.0,101.0,24.0,77.0,10.75,screener
RAMKY,Sep 2025,2025-09-30,quarter,472.0,389.0,83.0,18.0,57.0,18.0,15.0,108.0,30.0,76.0,10.87,screener
RAMKY,Dec 2025,2025-12-31,quarter,489.0,413.0,76.0,16.0,62.0,18.0,15.0,105.0,26.0,78.0,11.35,screener
RAMKY,Mar 2026,2026-03-31,quarter,507.0,511.0,-4.0,-1.0,74.0,16.0,14.0,40.0,-29.0,52.0,6.21,screener
RAMRAT,Dec 2024,2024-12-31,quarter,889.0,850.0,38.0,4.0,4.0,14.0,5.0,23.0,21.0,18.0,1.87,screener
RAMRAT,Mar 2025,2025-03-31,quarter,957.0,912.0,45.0,5.0,6.0,16.0,6.0,30.0,37.0,19.0,2.04,screener
RAMRAT,Jun 2025,2025-06-30,quarter,982.0,940.0,43.0,4.0,4.0,16.0,8.0,22.0,29.0,16.0,1.75,screener
RAMRAT,Sep 2025,2025-09-30,quarter,1163.0,1109.0,54.0,5.0,4.0,19.0,9.0,31.0,29.0,22.0,2.28,screener
RAMRAT,Dec 2025,2025-12-31,quarter,1278.0,1207.0,71.0,6.0,1.0,21.0,8.0,42.0,25.0,32.0,3.35,screener
RAMRAT,Mar 2026,2026-03-31,quarter,1753.0,1661.0,92.0,5.0,6.0,28.0,13.0,57.0,32.0,39.0,4.18,screener
RATEGAIN,Dec 2024,2024-12-31,quarter,279.0,217.0,61.0,22.0,20.0,0.0,8.0,73.0,23.0,57.0,4.79,screener
RATEGAIN,Mar 2025,2025-03-31,quarter,261.0,200.0,61.0,23.0,20.0,0.0,8.0,72.0,24.0,55.0,4.64,screener
RATEGAIN,Jun 2025,2025-06-30,quarter,273.0,223.0,50.0,18.0,21.0,0.0,9.0,61.0,23.0,47.0,3.97,screener
RATEGAIN,Sep 2025,2025-09-30,quarter,295.0,241.0,54.0,18.0,22.0,0.0,9.0,66.0,22.0,51.0,4.32,screener
RATEGAIN,Dec 2025,2025-12-31,quarter,540.0,453.0,87.0,16.0,-18.0,12.0,28.0,29.0,9.0,26.0,2.24,screener
RATEGAIN,Mar 2026,2026-03-31,quarter,716.0,569.0,147.0,21.0,3.0,18.0,35.0,96.0,27.0,70.0,5.92,screener
RATNAMANI,Mar 2025,2025-03-31,quarter,1715.0,1413.0,302.0,18.0,9.0,7.0,29.0,276.0,26.0,203.0,29.55,screener
RATNAMANI,Jun 2025,2025-06-30,quarter,1152.0,963.0,188.0,16.0,30.0,11.0,32.0,176.0,28.0,127.0,18.81,screener
RATNAMANI,Sep 2025,2025-09-30,quarter,1192.0,980.0,211.0,18.0,27.0,7.0,32.0,199.0,22.0,156.0,19.43,screener
RATNAMANI,Dec 2025,2025-12-31,quarter,1066.0,861.0,205.0,19.0,13.0,7.0,33.0,177.0,24.0,135.0,15.67,screener
RATNAMANI,Mar 2026,2026-03-31,quarter,1085.0,931.0,154.0,14.0,41.0,6.0,35.0,154.0,25.0,116.0,14.93,screener
RATNAMANI,Jun 2026,2026-06-30,quarter,972.0,809.0,162.0,17.0,18.0,6.0,36.0,137.0,22.0,107.0,11.72,screener
RATNAVEER,Mar 2025,2025-03-31,quarter,203.0,186.0,17.0,8.0,2.0,0.0,7.0,12.0,9.0,11.0,2.02,screener
RATNAVEER,Jun 2025,2025-06-30,quarter,265.0,238.0,27.0,10.0,0.0,3.0,6.0,18.0,17.0,15.0,2.82,screener
RATNAVEER,Dec 2025,2025-12-31,quarter,269.0,241.0,29.0,11.0,0.0,5.0,6.0,17.0,2.0,17.0,2.49,screener
RATNAVEER,Mar 2026,2026-03-31,quarter,249.0,221.0,28.0,11.0,7.0,8.0,7.0,21.0,18.0,17.0,2.5,screener
RATNAVEER,Jun 2026,2026-06-30,quarter,315.0,282.0,32.0,10.0,4.0,7.0,7.0,22.0,17.0,18.0,2.55,screener
RAYMOND,Dec 2024,2024-12-31,quarter,466.0,435.0,31.0,7.0,95.0,16.0,37.0,73.0,1.0,72.0,10.83,screener
RAYMOND,Mar 2025,2025-03-31,quarter,557.0,513.0,44.0,8.0,156.0,17.0,37.0,146.0,6.0,137.0,19.93,screener
RAYMOND,Jun 2025,2025-06-30,quarter,524.0,470.0,54.0,10.0,5339.0,19.0,39.0,5336.0,0.0,5328.0,799.58,screener
RAYMOND,Sep 2025,2025-09-30,quarter,528.0,485.0,43.0,8.0,-131.0,22.0,38.0,-148.0,-109.0,14.0,1.71,screener
RAYMOND,Dec 2025,2025-12-31,quarter,557.0,497.0,60.0,11.0,9.0,21.0,38.0,10.0,30.0,7.0,0.54,screener
RAYMOND,Mar 2026,2026-03-31,quarter,603.0,529.0,74.0,12.0,-10.0,23.0,37.0,4.0,-185.0,12.0,0.17,screener
RAYMONDLSL,Dec 2024,2024-12-31,quarter,1754.0,1575.0,180.0,10.0,41.0,54.0,79.0,87.0,26.0,64.0,10.53,screener
RAYMONDLSL,Mar 2025,2025-03-31,quarter,1494.0,1481.0,14.0,1.0,84.0,53.0,91.0,-47.0,-5.0,-45.0,-7.38,screener
RAYMONDLSL,Jun 2025,2025-06-30,quarter,1430.0,1353.0,77.0,5.0,45.0,57.0,89.0,-25.0,-20.0,-20.0,-3.25,screener
RAYMONDLSL,Sep 2025,2025-09-30,quarter,1832.0,1606.0,226.0,12.0,28.0,60.0,91.0,103.0,27.0,75.0,12.34,screener
RAYMONDLSL,Dec 2025,2025-12-31,quarter,1849.0,1612.0,237.0,13.0,-23.0,60.0,92.0,62.0,30.0,43.0,7.04,screener
RAYMONDLSL,Mar 2026,2026-03-31,quarter,1776.0,1658.0,119.0,7.0,-33.0,55.0,98.0,-68.0,-24.0,-52.0,-8.55,screener
RAYMONDREL,Dec 2024,2024-12-31,quarter,92.0,78.0,14.0,15.0,1.0,12.0,0.0,2.0,-25.0,3.0,,screener
RAYMONDREL,Mar 2025,2025-03-31,quarter,117.0,103.0,14.0,12.0,0.0,13.0,0.0,2.0,-42.0,2.0,,screener
RAYMONDREL,Jun 2025,2025-06-30,quarter,374.0,351.0,24.0,6.0,18.0,15.0,5.0,21.0,23.0,16.0,2.48,screener
RAYMONDREL,Sep 2025,2025-09-30,quarter,696.0,605.0,91.0,13.0,10.0,26.0,5.0,70.0,14.0,60.0,9.04,screener
RAYMONDREL,Dec 2025,2025-12-31,quarter,758.0,666.0,91.0,12.0,8.0,17.0,5.0,77.0,13.0,67.0,10.03,screener
RAYMONDREL,Mar 2026,2026-03-31,quarter,1157.0,922.0,234.0,20.0,19.0,40.0,7.0,206.0,22.0,161.0,24.2,screener
RBLBANK,Dec 2024,2024-12-31,quarter,3537.0,2837.0,,,1074.0,1951.0,0.0,-177.0,-127.0,47.0,0.78,screener
RBLBANK,Mar 2025,2025-03-31,quarter,3477.0,2472.0,,,1001.0,1913.0,0.0,93.0,7.0,87.0,1.43,screener
RBLBANK,Jun 2025,2025-06-30,quarter,3441.0,2275.0,,,1071.0,1960.0,0.0,277.0,23.0,214.0,3.52,screener
RBLBANK,Sep 2025,2025-09-30,quarter,3508.0,2240.0,,,934.0,1956.0,0.0,245.0,22.0,192.0,3.14,screener
RBLBANK,Dec 2025,2025-12-31,quarter,3667.0,2420.0,,,1052.0,2009.0,0.0,289.0,21.0,228.0,3.69,screener
RBLBANK,Mar 2026,2026-03-31,quarter,3721.0,2448.0,,,1070.0,2049.0,0.0,294.0,17.0,244.0,3.95,screener
RBMINFRA,Sep 2024,2024-09-30,quarter,103.0,89.0,14.0,14.0,0.0,1.0,1.0,13.0,26.0,10.0,9.8,screener
RBMINFRA,Mar 2025,2025-03-31,quarter,218.0,190.0,29.0,13.0,0.0,1.0,1.0,27.0,27.0,20.0,19.37,screener
RBMINFRA,Sep 2025,2025-09-30,quarter,284.0,246.0,38.0,13.0,0.0,1.0,1.0,36.0,26.0,27.0,26.65,screener
RBMINFRA,Mar 2026,2026-03-31,quarter,208.0,173.0,35.0,17.0,0.0,5.0,5.0,26.0,29.0,18.0,18.17,screener
RCF,Dec 2024,2024-12-31,quarter,4518.0,4339.0,179.0,4.0,43.0,53.0,63.0,105.0,24.0,80.0,1.45,screener
RCF,Mar 2025,2025-03-31,quarter,3730.0,3551.0,178.0,4.8,54.0,54.0,78.0,100.0,28.0,72.0,1.31,screener
RCF,Jun 2025,2025-06-30,quarter,3371.0,3213.0,158.0,4.7,39.0,56.0,66.0,75.0,28.0,54.0,0.99,screener
RCF,Sep 2025,2025-09-30,quarter,5293.0,5079.0,214.0,4.0,51.0,55.0,70.0,141.0,25.0,105.0,1.91,screener
RCF,Dec 2025,2025-12-31,quarter,4236.0,3992.0,244.0,6.0,52.0,103.0,75.0,118.0,31.0,81.0,1.47,screener
RCF,Mar 2026,2026-03-31,quarter,5581.0,5258.0,322.0,6.0,113.0,79.0,80.0,276.0,32.0,187.0,3.38,screener
RCF,Jun 2026,2026-06-30,quarter,3586.0,3367.0,219.0,6.0,35.0,71.0,83.0,101.0,28.0,74.0,1.33,screener
RECLTD,Dec 2024,2024-12-31,quarter,14272.0,263.0,,,15.0,8837.0,6.0,5181.0,21.0,4076.0,15.48,screener
RECLTD,Mar 2025,2025-03-31,quarter,15334.0,1084.0,,,15.0,8768.0,6.0,5490.0,21.0,4310.0,16.37,screener
RECLTD,Jun 2025,2025-06-30,quarter,14737.0,217.0,,,87.0,8934.0,7.0,5666.0,21.0,4466.0,16.96,screener
RECLTD,Sep 2025,2025-09-30,quarter,15153.0,476.0,,,10.0,9131.0,7.0,5549.0,20.0,4415.0,16.77,screener
RECLTD,Dec 2025,2025-12-31,quarter,15051.0,655.0,,,-11.0,9243.0,7.0,5136.0,21.0,4052.0,15.39,screener
RECLTD,Mar 2026,2026-03-31,quarter,14564.0,1231.0,,,20.0,8931.0,7.0,4415.0,24.0,3375.0,12.82,screener
RECLTD,Jun 2026,2026-06-30,quarter,14435.0,447.0,,,35.0,8748.0,7.0,5268.0,20.0,4193.0,15.92,screener
REDINGTON,Dec 2024,2024-12-31,quarter,26716.0,26114.0,602.0,2.0,48.0,84.0,54.0,513.0,21.0,403.0,5.12,screener
REDINGTON,Mar 2025,2025-03-31,quarter,26440.0,25843.0,597.0,2.3,696.0,82.0,63.0,1148.0,20.0,918.0,8.51,screener
REDINGTON,Jun 2025,2025-06-30,quarter,25952.0,25552.0,400.0,1.5,50.0,92.0,54.0,304.0,23.0,233.0,3.52,screener
REDINGTON,Sep 2025,2025-09-30,quarter,29076.0,28487.0,589.0,2.0,43.0,116.0,55.0,460.0,24.0,350.0,4.96,screener
REDINGTON,Dec 2025,2025-12-31,quarter,30922.0,30296.0,626.0,2.0,37.0,79.0,47.0,538.0,23.0,413.0,5.57,screener
REDINGTON,Mar 2026,2026-03-31,quarter,33213.0,32599.0,614.0,1.9,-97.0,72.0,50.0,395.0,27.0,288.0,5.01,screener
REDINGTON,Jun 2026,2026-06-30,quarter,34922.0,34215.0,708.0,2.0,43.0,89.0,51.0,611.0,26.0,453.0,6.22,screener
REDTAPE,Dec 2024,2024-12-31,quarter,661.0,536.0,125.0,19.0,9.0,13.0,22.0,99.0,26.0,73.0,1.32,screener
REDTAPE,Mar 2025,2025-03-31,quarter,506.0,461.0,45.0,9.0,50.0,16.0,22.0,57.0,28.0,41.0,0.75,screener
REDTAPE,Jun 2025,2025-06-30,quarter,464.0,387.0,77.0,17.0,9.0,16.0,21.0,49.0,21.0,39.0,0.7,screener
REDTAPE,Sep 2025,2025-09-30,quarter,492.0,420.0,73.0,15.0,10.0,19.0,22.0,42.0,34.0,28.0,0.5,screener
REDTAPE,Dec 2025,2025-12-31,quarter,787.0,640.0,147.0,19.0,31.0,18.0,23.0,137.0,24.0,105.0,1.89,screener
REDTAPE,Mar 2026,2026-03-31,quarter,676.0,564.0,111.0,16.0,22.0,15.0,22.0,96.0,27.0,70.0,1.26,screener
REFEX,Dec 2024,2024-12-31,quarter,686.0,633.0,53.0,8.0,16.0,5.0,3.0,62.0,19.0,50.0,3.88,screener
REFEX,Mar 2025,2025-03-31,quarter,594.0,534.0,60.0,10.0,3.0,5.0,3.0,55.0,13.0,48.0,3.74,screener
REFEX,Jun 2025,2025-06-30,quarter,366.0,329.0,37.0,10.0,1.0,6.0,5.0,28.0,26.0,20.0,1.64,screener
REFEX,Sep 2025,2025-09-30,quarter,415.0,344.0,71.0,17.0,-4.0,7.0,5.0,55.0,34.0,36.0,2.9,screener
REFEX,Dec 2025,2025-12-31,quarter,576.0,486.0,90.0,16.0,-3.0,9.0,5.0,73.0,28.0,53.0,3.93,screener
REFEX,Mar 2026,2026-03-31,quarter,934.0,775.0,160.0,17.0,-8.0,10.0,5.0,136.0,31.0,94.0,6.62,screener
RELIANCE,Dec 2024,2024-12-31,quarter,239986.0,196197.0,43789.0,18.0,4214.0,6179.0,13181.0,28643.0,24.0,21930.0,13.7,screener
RELIANCE,Mar 2025,2025-03-31,quarter,261388.0,217556.0,43832.0,17.0,4905.0,6155.0,13479.0,29103.0,23.0,22611.0,14.34,screener
RELIANCE,Jun 2025,2025-06-30,quarter,243632.0,200727.0,42905.0,18.0,15119.0,7036.0,13842.0,37146.0,17.0,30783.0,19.95,screener
RELIANCE,Sep 2025,2025-09-30,quarter,254623.0,208738.0,45885.0,18.0,4482.0,6827.0,14416.0,29124.0,24.0,22092.0,13.42,screener
RELIANCE,Dec 2025,2025-12-31,quarter,264905.0,218887.0,46018.0,17.0,4914.0,6613.0,14622.0,29697.0,25.0,22290.0,13.78,screener
RELIANCE,Mar 2026,2026-03-31,quarter,294059.0,249918.0,44141.0,15.0,4447.0,6585.0,14808.0,27195.0,24.0,20589.0,12.54,screener
RELIGARE,Dec 2024,2024-12-31,quarter,1668.0,1730.0,-61.0,-4.0,2.0,5.0,14.0,-79.0,-20.0,-63.0,-1.3,screener
RELIGARE,Mar 2025,2025-03-31,quarter,2042.0,1805.0,237.0,12.0,8.0,6.0,17.0,222.0,32.0,151.0,2.98,screener
RELIGARE,Jun 2025,2025-06-30,quarter,1861.0,1846.0,15.0,0.8,10.0,7.0,13.0,6.0,-42.0,8.0,0.31,screener
RELIGARE,Sep 2025,2025-09-30,quarter,2077.0,2010.0,67.0,3.2,12.0,10.0,12.0,57.0,20.0,46.0,1.17,screener
RELIGARE,Dec 2025,2025-12-31,quarter,2056.0,2151.0,-95.0,-4.6,12.0,9.0,11.0,-103.0,-26.0,-77.0,-1.36,screener
RELIGARE,Mar 2026,2026-03-31,quarter,2467.0,2325.0,143.0,6.0,6.0,10.0,12.0,127.0,25.0,96.0,2.47,screener
RELIGARE,Jun 2026,2026-06-30,quarter,2353.0,2402.0,-49.0,-2.1,5.0,15.0,18.0,-77.0,-39.0,-47.0,-0.77,screener
RELTD,Dec 2024,2024-12-31,quarter,53.0,46.0,7.0,13.0,3.0,3.0,3.0,4.0,40.0,2.0,0.11,screener
RELTD,Mar 2025,2025-03-31,quarter,159.0,132.0,27.0,17.0,-9.0,2.0,3.0,14.0,1.0,13.0,0.65,screener
RELTD,Jun 2025,2025-06-30,quarter,163.0,135.0,28.0,17.0,6.0,5.0,5.0,24.0,3.0,23.0,1.15,screener
RELTD,Sep 2025,2025-09-30,quarter,120.0,83.0,37.0,31.0,2.0,8.0,6.0,26.0,-19.0,31.0,1.55,screener
RELTD,Dec 2025,2025-12-31,quarter,127.0,95.0,32.0,25.0,5.0,11.0,8.0,18.0,6.0,15.0,0.74,screener
RELTD,Mar 2026,2026-03-31,quarter,133.0,99.0,34.0,25.0,5.0,12.0,9.0,18.0,3.0,13.0,0.64,screener
REPCOHOME,Dec 2024,2024-12-31,quarter,445.0,45.0,,,0.0,248.0,8.0,144.0,26.0,113.0,18.09,screener
REPCOHOME,Mar 2025,2025-03-31,quarter,426.0,28.0,,,9.0,246.0,7.0,154.0,25.0,121.0,19.29,screener
REPCOHOME,Jun 2025,2025-06-30,quarter,440.0,43.0,,,0.0,244.0,8.0,146.0,26.0,115.0,18.4,screener
REPCOHOME,Sep 2025,2025-09-30,quarter,441.0,51.0,,,1.0,244.0,8.0,139.0,26.0,110.0,17.53,screener
REPCOHOME,Dec 2025,2025-12-31,quarter,457.0,49.0,,,0.0,249.0,10.0,149.0,27.0,115.0,18.45,screener
REPCOHOME,Mar 2026,2026-03-31,quarter,454.0,49.0,,,1.0,247.0,10.0,148.0,13.0,135.0,21.61,screener
REPRO,Dec 2024,2024-12-31,quarter,126.0,116.0,10.0,8.0,0.0,2.0,8.0,1.0,2.0,1.0,0.82,screener
REPRO,Mar 2025,2025-03-31,quarter,123.0,115.0,8.0,7.0,4.0,2.0,9.0,2.0,29.0,1.0,0.79,screener
REPRO,Jun 2025,2025-06-30,quarter,116.0,110.0,7.0,6.0,1.0,2.0,8.0,-2.0,11.0,-3.0,-1.91,screener
REPRO,Sep 2025,2025-09-30,quarter,108.0,100.0,8.0,7.0,-18.0,2.0,8.0,-20.0,0.0,-20.0,-14.0,screener
REPRO,Dec 2025,2025-12-31,quarter,130.0,120.0,10.0,8.0,1.0,2.0,8.0,1.0,3.0,1.0,0.52,screener
REPRO,Mar 2026,2026-03-31,quarter,139.0,128.0,11.0,8.0,1.0,3.0,9.0,1.0,2075.0,-11.0,-7.85,screener
REPRO,Jun 2026,2026-06-30,quarter,140.0,136.0,4.0,2.7,169.0,4.0,9.0,160.0,20.0,129.0,89.62,screener
RESPONIND,Dec 2024,2024-12-31,quarter,368.0,295.0,72.0,20.0,3.0,7.0,18.0,51.0,7.0,47.0,1.76,screener
RESPONIND,Mar 2025,2025-03-31,quarter,381.0,302.0,79.0,21.0,2.0,7.0,17.0,56.0,3.0,54.0,2.03,screener
RESPONIND,Jun 2025,2025-06-30,quarter,339.0,266.0,73.0,21.0,2.0,5.0,18.0,52.0,3.0,50.0,1.87,screener
RESPONIND,Sep 2025,2025-09-30,quarter,314.0,237.0,77.0,24.0,3.0,7.0,18.0,55.0,3.0,53.0,2.0,screener
RESPONIND,Dec 2025,2025-12-31,quarter,311.0,265.0,46.0,15.0,2.0,6.0,18.0,24.0,7.0,22.0,0.84,screener
RESPONIND,Mar 2026,2026-03-31,quarter,430.0,384.0,46.0,11.0,3.0,8.0,18.0,24.0,4.0,23.0,0.86,screener
RGL,Dec 2024,2024-12-31,quarter,710.0,659.0,51.0,7.0,2.0,14.0,7.0,32.0,24.0,24.0,2.27,screener
RGL,Mar 2025,2025-03-31,quarter,514.0,476.0,38.0,7.0,3.0,12.0,8.0,20.0,-14.0,23.0,2.34,screener
RGL,Jun 2025,2025-06-30,quarter,530.0,494.0,36.0,7.0,-7.0,11.0,8.0,9.0,29.0,7.0,0.59,screener
RGL,Sep 2025,2025-09-30,quarter,546.0,506.0,41.0,7.0,2.0,11.0,8.0,24.0,15.0,20.0,1.8,screener
RGL,Dec 2025,2025-12-31,quarter,963.0,902.0,61.0,6.0,2.0,13.0,8.0,42.0,21.0,33.0,2.99,screener
RGL,Mar 2026,2026-03-31,quarter,773.0,716.0,58.0,7.0,-1.0,12.0,9.0,37.0,17.0,30.0,3.01,screener
RHIM,Dec 2024,2024-12-31,quarter,1011.0,886.0,125.0,12.0,7.0,13.0,55.0,64.0,26.0,48.0,2.3,screener
RHIM,Mar 2025,2025-03-31,quarter,918.0,825.0,93.0,10.0,1.0,9.0,47.0,38.0,4.0,36.0,1.75,screener
RHIM,Jun 2025,2025-06-30,quarter,960.0,858.0,102.0,11.0,1.0,8.0,47.0,48.0,26.0,35.0,1.71,screener
RHIM,Sep 2025,2025-09-30,quarter,1035.0,926.0,109.0,11.0,1.0,9.0,49.0,52.0,26.0,38.0,1.86,screener
RHIM,Dec 2025,2025-12-31,quarter,1092.0,949.0,143.0,13.0,2.0,11.0,49.0,84.0,26.0,62.0,2.98,screener
RHIM,Mar 2026,2026-03-31,quarter,932.0,845.0,87.0,9.0,-531.0,8.0,51.0,-503.0,3.0,-518.0,-25.09,screener
RHIM,Jun 2026,2026-06-30,quarter,1014.0,876.0,138.0,14.0,9.0,10.0,50.0,87.0,26.0,65.0,3.13,screener
RICOAUTO,Dec 2024,2024-12-31,quarter,551.69,506.46,45.23,8.2,2.05,14.28,23.95,9.05,79.67,1.84,0.14,screener
RICOAUTO,Mar 2025,2025-03-31,quarter,545.26,494.79,50.47,9.26,3.12,14.7,23.97,14.92,50.67,7.36,0.54,screener
RICOAUTO,Jun 2025,2025-06-30,quarter,543.46,489.58,53.88,9.91,1.48,13.3,23.61,18.45,9.38,16.72,1.21,screener
RICOAUTO,Sep 2025,2025-09-30,quarter,627.36,566.37,60.99,9.72,1.19,11.97,25.73,24.48,27.61,17.72,1.28,screener
RICOAUTO,Dec 2025,2025-12-31,quarter,629.42,568.86,60.56,9.62,-5.08,13.05,25.96,16.47,32.54,11.11,0.8,screener
RICOAUTO,Mar 2026,2026-03-31,quarter,677.49,629.69,47.8,7.06,4.07,16.39,25.4,10.08,31.85,6.87,0.44,screener
RIIL,Dec 2024,2024-12-31,quarter,12.36,15.27,-2.91,-23.54,6.5,0.0,0.37,3.22,14.91,2.74,1.81,screener
RIIL,Mar 2025,2025-03-31,quarter,12.49,16.03,-3.54,-28.34,7.15,0.0,0.36,3.25,1.54,3.2,2.12,screener
RIIL,Jun 2025,2025-06-30,quarter,12.46,14.45,-1.99,-15.97,6.36,0.0,0.36,4.01,22.69,3.1,2.05,screener
RIIL,Sep 2025,2025-09-30,quarter,12.17,14.27,-2.1,-17.26,6.44,0.0,0.35,3.99,23.31,3.06,2.03,screener
RIIL,Dec 2025,2025-12-31,quarter,12.36,14.73,-2.37,-19.17,6.54,0.0,0.35,3.82,21.2,3.01,1.99,screener
RIIL,Mar 2026,2026-03-31,quarter,8.43,9.68,-1.25,-14.83,5.91,0.0,0.34,4.32,25.46,3.22,2.13,screener
RISHABH,Dec 2024,2024-12-31,quarter,181.0,167.0,14.0,8.0,5.0,1.0,7.0,11.0,28.0,8.0,2.19,screener
RISHABH,Mar 2025,2025-03-31,quarter,187.0,171.0,16.0,9.0,3.0,2.0,8.0,9.0,32.0,6.0,1.64,screener
RISHABH,Jun 2025,2025-06-30,quarter,190.0,162.0,28.0,15.0,4.0,1.0,8.0,24.0,18.0,20.0,5.13,screener
RISHABH,Sep 2025,2025-09-30,quarter,196.0,163.0,33.0,17.0,5.0,1.0,9.0,29.0,23.0,22.0,5.77,screener
RISHABH,Dec 2025,2025-12-31,quarter,184.0,152.0,31.0,17.0,6.0,1.0,10.0,26.0,21.0,21.0,5.19,screener
RISHABH,Mar 2026,2026-03-31,quarter,205.0,172.0,33.0,16.0,6.0,2.0,10.0,28.0,27.0,20.0,5.11,screener
RITCO,Dec 2024,2024-12-31,quarter,312.96,290.23,22.73,7.26,1.47,5.35,4.13,14.72,30.91,10.16,3.83,screener
RITCO,Mar 2025,2025-03-31,quarter,345.41,319.74,25.67,7.43,2.14,6.43,5.28,16.1,28.57,11.5,4.23,screener
RITCO,Jun 2025,2025-06-30,quarter,354.33,329.15,25.18,7.11,1.36,6.68,6.51,13.35,32.88,8.95,3.39,screener
RITCO,Sep 2025,2025-09-30,quarter,360.38,334.52,25.86,7.18,1.39,6.3,7.29,13.66,31.7,9.33,3.54,screener
RITCO,Dec 2025,2025-12-31,quarter,392.64,365.19,27.45,6.99,1.37,6.65,7.66,14.51,33.63,9.63,3.71,screener
RITCO,Mar 2026,2026-03-31,quarter,391.83,371.94,19.89,5.08,2.09,6.98,8.71,6.29,36.25,4.01,1.96,screener
RITES,Dec 2024,2024-12-31,quarter,576.0,458.0,117.0,20.0,44.0,1.0,16.0,144.0,24.0,109.0,2.08,screener
RITES,Mar 2025,2025-03-31,quarter,602.0,417.0,186.0,31.0,27.0,1.0,17.0,195.0,27.0,141.0,2.76,screener
RITES,Jun 2025,2025-06-30,quarter,490.0,376.0,114.0,23.0,24.0,1.0,15.0,122.0,25.0,91.0,1.67,screener
RITES,Sep 2025,2025-09-30,quarter,549.0,419.0,130.0,24.0,35.0,1.0,17.0,146.0,25.0,109.0,2.04,screener
RITES,Dec 2025,2025-12-31,quarter,609.0,466.0,142.0,23.0,30.0,1.0,17.0,154.0,25.0,115.0,2.12,screener
RITES,Mar 2026,2026-03-31,quarter,768.0,600.0,168.0,22.0,35.0,1.0,16.0,186.0,25.0,139.0,2.7,screener
RKFORGE,Dec 2024,2024-12-31,quarter,1074.0,948.0,126.0,12.0,4.0,42.0,64.0,24.0,12.0,21.0,1.16,screener
RKFORGE,Mar 2025,2025-03-31,quarter,947.0,849.0,98.0,10.0,11.0,49.0,85.0,-24.0,-945.0,200.0,11.04,screener
RKFORGE,Jun 2025,2025-06-30,quarter,1015.0,873.0,142.0,14.0,4.0,49.0,80.0,17.0,32.0,12.0,0.65,screener
RKFORGE,Sep 2025,2025-09-30,quarter,908.0,790.0,118.0,13.0,6.0,53.0,80.0,-10.0,-8.0,-10.0,-0.52,screener
RKFORGE,Dec 2025,2025-12-31,quarter,1099.0,936.0,162.0,15.0,-9.0,51.0,84.0,18.0,25.0,14.0,0.75,screener
RKFORGE,Mar 2026,2026-03-31,quarter,1217.0,1014.0,203.0,17.0,2.0,57.0,88.0,59.0,5.0,56.0,3.08,screener
RKFORGE,Jun 2026,2026-06-30,quarter,1217.0,999.0,218.0,18.0,3.0,57.0,99.0,65.0,28.0,47.0,2.57,screener
RKSWAMY,Dec 2024,2024-12-31,quarter,77.0,71.0,6.0,8.0,3.0,1.0,4.0,4.0,15.0,4.0,0.72,screener
RKSWAMY,Mar 2025,2025-03-31,quarter,84.0,67.0,16.0,19.0,4.0,1.0,4.0,15.0,19.0,12.0,2.44,screener
RKSWAMY,Jun 2025,2025-06-30,quarter,78.0,71.0,6.0,8.0,3.0,1.0,4.0,4.0,20.0,3.0,0.57,screener
RKSWAMY,Sep 2025,2025-09-30,quarter,74.0,68.0,6.0,8.0,3.0,1.0,5.0,3.0,83.0,1.0,0.11,screener
RKSWAMY,Dec 2025,2025-12-31,quarter,89.0,79.0,10.0,11.0,-1.0,1.0,5.0,3.0,10.0,3.0,0.54,screener
RKSWAMY,Mar 2026,2026-03-31,quarter,101.0,79.0,22.0,22.0,3.0,1.0,5.0,19.0,17.0,16.0,3.16,screener
RML,Dec 2024,2024-12-31,quarter,837.0,771.0,66.0,8.0,2.0,20.0,33.0,15.0,97.0,0.0,0.24,screener
RML,Mar 2025,2025-03-31,quarter,901.0,823.0,79.0,9.0,-8.0,18.0,36.0,17.0,62.0,7.0,4.01,screener
RML,Jun 2025,2025-06-30,quarter,881.0,806.0,75.0,8.0,3.0,17.0,36.0,25.0,25.0,19.0,6.7,screener
RML,Sep 2025,2025-09-30,quarter,919.0,841.0,79.0,9.0,2.0,15.0,37.0,30.0,28.0,21.0,7.77,screener
RML,Dec 2025,2025-12-31,quarter,1015.0,924.0,91.0,9.0,3.0,15.0,36.0,43.0,29.0,31.0,11.04,screener
RML,Mar 2026,2026-03-31,quarter,1048.0,952.0,96.0,9.0,4.0,12.0,38.0,49.0,24.0,37.0,13.37,screener
ROLTA,Jun 2024,2024-06-30,quarter,0.0,2.77,-2.77,,3.4,0.13,7.46,-6.96,0.0,-6.96,-0.42,screener
ROLTA,Sep 2024,2024-09-30,quarter,0.0,2.23,-2.23,,3.5,0.18,7.46,-6.37,0.0,-6.37,-0.38,screener
ROLTA,Dec 2024,2024-12-31,quarter,0.0,3.16,-3.16,,3.64,0.18,7.44,-7.14,0.0,-7.14,-0.43,screener
ROLTA,Mar 2025,2025-03-31,quarter,0.0,2.0,-2.0,,3.86,0.18,7.28,-5.6,0.0,-5.6,-0.34,screener
ROLTA,Jun 2025,2025-06-30,quarter,0.0,1.83,-1.83,,2.38,0.18,7.0,-6.63,0.0,-6.63,-0.4,screener
ROLTA,Sep 2025,2025-09-30,quarter,0.0,4.21,-4.21,,2.72,0.19,7.0,-8.68,0.0,-8.68,-0.52,screener
ROSSARI,Dec 2024,2024-12-31,quarter,513.0,448.0,65.0,13.0,1.0,5.0,18.0,42.0,25.0,32.0,5.73,screener
ROSSARI,Mar 2025,2025-03-31,quarter,580.0,510.0,69.0,12.0,2.0,6.0,18.0,48.0,28.0,34.0,6.22,screener
ROSSARI,Jun 2025,2025-06-30,quarter,544.0,476.0,68.0,12.0,2.0,6.0,18.0,46.0,27.0,34.0,6.07,screener
ROSSARI,Sep 2025,2025-09-30,quarter,586.0,514.0,72.0,12.0,2.0,6.0,18.0,50.0,26.0,37.0,6.66,screener
ROSSARI,Dec 2025,2025-12-31,quarter,582.0,513.0,69.0,12.0,1.0,8.0,20.0,43.0,23.0,33.0,5.92,screener
ROSSARI,Mar 2026,2026-03-31,quarter,685.0,608.0,77.0,11.0,20.0,9.0,24.0,64.0,28.0,46.0,8.3,screener
ROSSTECH,Dec 2024,2024-12-31,quarter,75.74,61.34,14.4,19.01,0.35,4.65,2.69,7.41,29.82,5.2,1.38,screener
ROSSTECH,Mar 2025,2025-03-31,quarter,87.93,72.42,15.51,17.64,1.07,4.56,3.01,9.01,23.97,6.85,1.82,screener
ROSSTECH,Jun 2025,2025-06-30,quarter,87.22,76.24,10.98,12.59,1.27,4.77,3.15,4.33,24.02,3.3,0.88,screener
ROSSTECH,Sep 2025,2025-09-30,quarter,125.91,110.14,15.77,12.52,0.02,4.99,3.43,7.37,23.07,5.67,1.5,screener
ROSSTECH,Dec 2025,2025-12-31,quarter,129.93,112.7,17.23,13.26,-0.1,6.29,3.51,7.33,26.19,5.41,1.44,screener
ROSSTECH,Mar 2026,2026-03-31,quarter,142.07,125.95,16.12,11.35,4.79,7.68,3.66,9.57,21.42,7.52,1.99,screener
ROUTE,Dec 2024,2024-12-31,quarter,1184.0,1054.0,130.0,11.0,9.0,9.0,22.0,107.0,20.0,85.0,13.09,screener
ROUTE,Mar 2025,2025-03-31,quarter,1175.0,1053.0,122.0,10.0,-13.0,8.0,22.0,79.0,24.0,60.0,8.98,screener
ROUTE,Jun 2025,2025-06-30,quarter,1051.0,957.0,94.0,9.0,11.0,6.0,22.0,77.0,23.0,59.0,8.45,screener
ROUTE,Sep 2025,2025-09-30,quarter,1119.0,983.0,136.0,12.0,-109.0,2.0,23.0,2.0,1042.0,-19.0,-3.37,screener
ROUTE,Dec 2025,2025-12-31,quarter,1107.0,961.0,146.0,13.0,13.0,1.0,23.0,135.0,24.0,103.0,15.51,screener
ROUTE,Mar 2026,2026-03-31,quarter,1131.0,995.0,136.0,12.0,28.0,1.0,24.0,139.0,18.0,114.0,17.35,screener
RPEL,Dec 2024,2024-12-31,quarter,55.0,41.0,14.0,26.0,0.0,0.0,2.0,13.0,22.0,10.0,2.14,screener
RPEL,Mar 2025,2025-03-31,quarter,51.0,36.0,14.0,28.0,0.0,0.0,2.0,13.0,23.0,10.0,2.21,screener
RPEL,Jun 2025,2025-06-30,quarter,58.0,43.0,16.0,27.0,1.0,0.0,2.0,15.0,21.0,12.0,2.54,screener
RPEL,Sep 2025,2025-09-30,quarter,64.0,45.0,19.0,29.0,1.0,0.0,2.0,17.0,20.0,14.0,3.01,screener
RPEL,Dec 2025,2025-12-31,quarter,64.0,45.0,19.0,30.0,1.0,0.0,2.0,18.0,22.0,14.0,3.08,screener
RPEL,Mar 2026,2026-03-31,quarter,71.0,49.0,21.0,30.0,0.0,0.0,2.0,19.0,22.0,15.0,3.3,screener
RPEL,Jun 2026,2026-06-30,quarter,87.0,61.0,26.0,30.0,1.0,0.0,2.0,25.0,21.0,20.0,4.26,screener
RPGLIFE,Dec 2024,2024-12-31,quarter,173.0,124.0,49.0,28.0,3.0,0.0,5.0,47.0,26.0,35.0,21.12,screener
RPGLIFE,Mar 2025,2025-03-31,quarter,143.0,118.0,25.0,18.0,115.0,0.0,5.0,135.0,13.0,117.0,70.95,screener
RPGLIFE,Jun 2025,2025-06-30,quarter,169.0,133.0,35.0,21.0,5.0,0.0,5.0,35.0,26.0,26.0,15.9,screener
RPGLIFE,Sep 2025,2025-09-30,quarter,182.0,143.0,39.0,21.0,16.0,0.0,5.0,49.0,25.0,37.0,22.28,screener
RPGLIFE,Dec 2025,2025-12-31,quarter,180.0,140.0,40.0,22.0,-5.0,0.0,5.0,29.0,24.0,22.0,13.38,screener
RPGLIFE,Mar 2026,2026-03-31,quarter,177.0,144.0,33.0,19.0,14.0,0.0,6.0,40.0,26.0,30.0,18.08,screener
RPGLIFE,Jun 2026,2026-06-30,quarter,196.0,152.0,43.0,22.0,5.0,1.0,6.0,41.0,26.0,31.0,18.6,screener
RPPINFRA,Dec 2024,2024-12-31,quarter,355.0,328.0,27.0,8.0,6.0,2.0,3.0,27.0,31.0,19.0,3.81,screener
RPPINFRA,Mar 2025,2025-03-31,quarter,345.88,333.14,12.74,3.68,1.52,3.77,2.11,8.38,-39.26,11.67,2.35,screener
RPPINFRA,Jun 2025,2025-06-30,quarter,346.96,327.85,19.11,5.51,2.12,4.58,1.84,14.81,26.81,10.84,2.19,screener
RPPINFRA,Sep 2025,2025-09-30,quarter,316.79,296.42,20.37,6.43,4.3,3.84,2.38,18.45,25.09,13.82,2.79,screener
RPPINFRA,Dec 2025,2025-12-31,quarter,375.39,371.6,3.79,1.01,3.37,3.51,1.78,1.87,63.64,0.68,0.14,screener
RPPINFRA,Mar 2026,2026-03-31,quarter,451.62,479.81,-28.19,-6.24,15.27,4.55,2.14,-19.61,-33.04,-13.13,-2.65,screener
RPPINFRA,Jun 2026,2026-06-30,quarter,347.09,340.93,6.16,1.77,2.54,3.7,1.4,3.6,23.06,2.77,0.56,screener
RPSGVENT,Dec 2024,2024-12-31,quarter,2385.0,2117.0,268.0,11.0,18.0,190.0,95.0,1.0,4284.0,-46.0,-18.13,screener
RPSGVENT,Mar 2025,2025-03-31,quarter,2541.0,2207.0,335.0,13.0,67.0,200.0,103.0,98.0,87.0,12.0,-3.96,screener
RPSGVENT,Jun 2025,2025-06-30,quarter,2971.0,2371.0,600.0,20.0,18.0,198.0,110.0,310.0,19.0,251.0,25.11,screener
RPSGVENT,Sep 2025,2025-09-30,quarter,2668.0,2362.0,306.0,11.0,38.0,211.0,123.0,10.0,497.0,-41.0,-15.72,screener
RPSGVENT,Dec 2025,2025-12-31,quarter,2756.0,2430.0,327.0,12.0,-95.0,213.0,124.0,-105.0,30.0,-136.0,-33.71,screener
RPSGVENT,Mar 2026,2026-03-31,quarter,2927.0,2560.0,367.0,13.0,74.0,251.0,130.0,61.0,218.0,-72.0,-17.38,screener
RPTECH,Dec 2024,2024-12-31,quarter,2826.0,2805.0,21.0,0.8,48.0,23.0,4.0,43.0,25.0,32.0,4.83,screener
RPTECH,Mar 2025,2025-03-31,quarter,2973.0,2879.0,94.0,3.1,5.0,24.0,5.0,71.0,25.0,53.0,7.78,screener
RPTECH,Jun 2025,2025-06-30,quarter,3152.0,3049.0,104.0,3.3,8.0,27.0,4.0,80.0,23.0,62.0,9.31,screener
RPTECH,Sep 2025,2025-09-30,quarter,4155.0,4052.0,104.0,2.5,4.0,24.0,5.0,79.0,25.0,59.0,8.88,screener
RPTECH,Dec 2025,2025-12-31,quarter,4030.0,3911.0,119.0,3.0,12.0,26.0,6.0,99.0,24.0,75.0,11.16,screener
RPTECH,Mar 2026,2026-03-31,quarter,4489.0,4357.0,133.0,3.0,16.0,29.0,6.0,114.0,24.0,87.0,12.78,screener
RPTECH,Jun 2026,2026-06-30,quarter,5102.0,4947.0,155.0,3.0,17.0,27.0,6.0,139.0,25.0,105.0,15.59,screener
RRKABEL,Dec 2024,2024-12-31,quarter,1782.0,1672.0,111.0,6.0,14.0,16.0,18.0,90.0,24.0,69.0,6.06,screener
RRKABEL,Mar 2025,2025-03-31,quarter,2218.0,2023.0,194.0,9.0,13.0,15.0,19.0,173.0,25.0,129.0,11.42,screener
RRKABEL,Jun 2025,2025-06-30,quarter,2059.0,1917.0,142.0,7.0,13.0,15.0,20.0,120.0,25.0,90.0,7.93,screener
RRKABEL,Sep 2025,2025-09-30,quarter,2164.0,1988.0,176.0,8.0,17.0,16.0,22.0,155.0,25.0,116.0,10.28,screener
RRKABEL,Dec 2025,2025-12-31,quarter,2536.0,2332.0,204.0,8.0,-3.0,19.0,24.0,159.0,26.0,118.0,10.46,screener
RRKABEL,Mar 2026,2026-03-31,quarter,2964.0,2702.0,262.0,9.0,15.0,25.0,26.0,225.0,25.0,168.0,14.84,screener
RRKABEL,Jun 2026,2026-06-30,quarter,3168.0,2885.0,283.0,9.0,49.0,26.0,30.0,276.0,26.0,205.0,18.14,screener
RSDFIN,Dec 2024,2024-12-31,quarter,31.31,22.72,,,0.16,0.52,2.11,6.12,28.1,4.4,2.06,screener
RSDFIN,Mar 2025,2025-03-31,quarter,36.71,30.3,,,0.6,2.45,1.6,2.96,70.61,0.87,0.33,screener
RSDFIN,Jun 2025,2025-06-30,quarter,11.47,4.83,,,3.01,0.01,0.33,9.31,15.79,7.84,4.86,screener
RSDFIN,Sep 2025,2025-09-30,quarter,6.28,4.84,,,2.19,0.01,0.52,3.1,10.97,2.76,2.01,screener
RSDFIN,Dec 2025,2025-12-31,quarter,14.25,6.61,,,1.74,0.02,0.44,8.92,8.63,8.15,5.33,screener
RSDFIN,Mar 2026,2026-03-31,quarter,5.58,5.84,,,0.38,0.03,0.44,-0.35,840.0,-3.3,-2.27,screener
RSWM,Dec 2024,2024-12-31,quarter,1196.0,1145.0,51.0,4.0,8.0,34.0,39.0,-14.0,-35.0,-9.0,-1.96,screener
RSWM,Mar 2025,2025-03-31,quarter,1256.0,1185.0,71.0,6.0,9.0,36.0,38.0,6.0,77.0,1.0,0.32,screener
RSWM,Jun 2025,2025-06-30,quarter,1170.0,1098.0,73.0,6.0,12.0,35.0,39.0,11.0,24.0,8.0,1.78,screener
RSWM,Sep 2025,2025-09-30,quarter,1151.0,1079.0,72.0,6.0,10.0,32.0,39.0,11.0,34.0,7.0,1.58,screener
RSWM,Dec 2025,2025-12-31,quarter,1091.0,1023.0,68.0,6.0,4.0,30.0,37.0,4.0,46.0,2.0,0.51,screener
RSWM,Mar 2026,2026-03-31,quarter,1142.0,1072.0,70.0,6.0,17.0,31.0,38.0,17.0,-97.0,34.0,7.18,screener
RSYSTEMS,Dec 2024,2024-12-31,quarter,449.0,378.0,71.0,16.0,4.0,2.0,16.0,57.0,31.0,39.0,3.3,screener
RSYSTEMS,Mar 2025,2025-03-31,quarter,442.0,372.0,71.0,16.0,2.0,1.0,15.0,57.0,32.0,39.0,3.26,screener
RSYSTEMS,Jun 2025,2025-06-30,quarter,462.0,392.0,70.0,15.0,47.0,2.0,16.0,99.0,24.0,76.0,6.41,screener
RSYSTEMS,Sep 2025,2025-09-30,quarter,499.0,427.0,72.0,14.0,2.0,4.0,17.0,53.0,34.0,35.0,2.98,screener
RSYSTEMS,Dec 2025,2025-12-31,quarter,555.0,462.0,94.0,17.0,-22.0,7.0,19.0,46.0,20.0,36.0,3.08,screener
RSYSTEMS,Mar 2026,2026-03-31,quarter,575.0,474.0,101.0,18.0,20.0,10.0,22.0,90.0,27.0,65.0,5.52,screener
RUBICON,Dec 2024,2024-12-31,quarter,313.0,244.0,70.0,22.0,0.0,8.0,9.0,53.0,28.0,38.0,2.5,screener_yfinance_fallback_normalized
RUBICON,Mar 2025,2025-03-31,quarter,358.0,286.0,72.0,20.0,0.0,12.0,10.0,51.0,29.0,36.0,2.35,screener
RUBICON,Jun 2025,2025-06-30,quarter,352.0,273.0,79.0,22.0,1.0,11.0,10.0,60.0,27.0,43.0,2.81,screener
RUBICON,Sep 2025,2025-09-30,quarter,412.0,318.0,94.0,23.0,1.0,11.0,12.0,72.0,25.0,54.0,3.49,screener
RUBICON,Dec 2025,2025-12-31,quarter,476.0,367.0,108.0,23.0,4.0,10.0,12.0,91.0,20.0,73.0,4.42,screener
RUBICON,Mar 2026,2026-03-31,quarter,514.0,395.0,119.0,23.0,3.0,10.0,12.0,99.0,22.0,77.0,4.65,screener
RUBICON,Jun 2026,2026-06-30,quarter,534.0,405.0,129.0,24.0,6.0,9.0,15.0,110.0,23.0,85.0,5.13,screener
RUPA,Dec 2024,2024-12-31,quarter,316.0,278.0,38.0,12.0,4.0,6.0,4.0,33.0,28.0,24.0,2.99,screener
RUPA,Mar 2025,2025-03-31,quarter,415.0,370.0,46.0,11.0,4.0,5.0,4.0,42.0,26.0,31.0,3.85,screener
RUPA,Jun 2025,2025-06-30,quarter,184.0,172.0,12.0,7.0,4.0,5.0,4.0,8.0,27.0,6.0,0.69,screener
RUPA,Sep 2025,2025-09-30,quarter,320.0,298.0,22.0,7.0,6.0,5.0,4.0,20.0,26.0,14.0,1.82,screener
RUPA,Dec 2025,2025-12-31,quarter,314.0,288.0,26.0,8.0,5.0,5.0,4.0,22.0,25.0,16.0,2.04,screener
RUPA,Mar 2026,2026-03-31,quarter,442.0,386.0,55.0,12.0,3.0,6.0,4.0,49.0,26.0,36.0,4.55,screener
RUSTOMJEE,Dec 2024,2024-12-31,quarter,464.0,427.0,38.0,8.0,22.0,12.0,3.0,45.0,33.0,30.0,1.2,screener
RUSTOMJEE,Mar 2025,2025-03-31,quarter,585.0,537.0,48.0,8.0,57.0,13.0,6.0,87.0,23.0,67.0,5.14,screener
RUSTOMJEE,Jun 2025,2025-06-30,quarter,273.0,261.0,12.0,4.0,16.0,7.0,4.0,16.0,-3.0,16.0,1.15,screener
RUSTOMJEE,Sep 2025,2025-09-30,quarter,499.0,484.0,15.0,3.0,22.0,16.0,4.0,17.0,41.0,10.0,0.68,screener
RUSTOMJEE,Dec 2025,2025-12-31,quarter,266.0,256.0,10.0,4.0,28.0,23.0,4.0,10.0,52.0,5.0,0.27,screener
RUSTOMJEE,Mar 2026,2026-03-31,quarter,1596.0,1514.0,81.0,5.0,25.0,33.0,6.0,67.0,5.0,64.0,4.15,screener
RVHL,Dec 2024,2024-12-31,quarter,0.14,2.4,-2.26,-1614.29,1.47,0.06,0.55,-1.4,-17.86,-1.15,-0.19,screener
RVHL,Mar 2025,2025-03-31,quarter,0.14,2.09,-1.95,-1392.86,1.33,0.06,0.54,-1.22,-25.41,-0.91,-0.15,screener
RVHL,Jun 2025,2025-06-30,quarter,0.13,2.07,-1.94,-1492.31,1.68,0.06,0.53,-0.85,-38.82,-0.52,-0.08,screener
RVHL,Sep 2025,2025-09-30,quarter,55.01,2.66,52.35,95.16,1.3,0.05,0.5,53.1,24.92,39.87,6.5,screener
RVHL,Dec 2025,2025-12-31,quarter,20.01,3.77,16.24,81.16,1.96,0.04,0.51,17.65,29.29,12.48,2.04,screener
RVHL,Mar 2026,2026-03-31,quarter,0.01,4.24,-4.23,-42300.0,1.46,0.03,0.79,-3.59,-18.11,-2.94,-0.48,screener
RVHL,Jun 2026,2026-06-30,quarter,0.01,3.0,-2.99,-29900.0,2.02,0.03,0.78,-1.78,-5.62,-1.69,-0.28,screener
RVNL,Dec 2024,2024-12-31,quarter,4567.0,4328.0,239.0,5.0,326.0,145.0,7.0,413.0,25.0,312.0,1.49,screener
RVNL,Mar 2025,2025-03-31,quarter,6427.0,5994.0,433.0,7.0,236.0,117.0,9.0,543.0,16.0,455.0,2.18,screener
RVNL,Jun 2025,2025-06-30,quarter,3909.0,3856.0,53.0,1.4,238.0,108.0,9.0,173.0,23.0,134.0,0.65,screener
RVNL,Sep 2025,2025-09-30,quarter,5123.0,4906.0,217.0,4.2,234.0,100.0,9.0,342.0,33.0,231.0,1.1,screener
RVNL,Dec 2025,2025-12-31,quarter,4684.0,4464.0,221.0,4.7,308.0,105.0,9.0,415.0,22.0,324.0,1.55,screener
RVNL,Mar 2026,2026-03-31,quarter,6696.0,6427.0,269.0,4.0,89.0,98.0,10.0,250.0,27.0,182.0,0.9,screener
RVNL,Jun 2026,2026-06-30,quarter,4321.0,4137.0,185.0,4.3,147.0,98.0,10.0,224.0,29.0,160.0,0.76,screener
RVTH,Dec 2024,2024-12-31,quarter,42.0,38.0,4.0,11.0,0.0,3.0,0.0,0.0,58.0,0.0,0.65,screener
RVTH,Mar 2025,2025-03-31,quarter,64.5,50.14,14.36,22.26,3.41,3.18,0.41,14.18,34.13,9.34,30.45,screener
RVTH,Jun 2025,2025-06-30,quarter,22.26,22.2,0.06,0.27,4.1,2.32,0.78,1.06,46.23,0.57,1.86,screener
RVTH,Sep 2025,2025-09-30,quarter,22.83,23.77,-0.94,-4.12,4.47,2.24,0.97,0.32,-31.25,0.42,1.37,screener
RVTH,Dec 2025,2025-12-31,quarter,32.23,32.19,0.04,0.12,3.29,2.82,0.98,-0.47,197.87,-1.4,-4.56,screener
RVTH,Mar 2026,2026-03-31,quarter,65.61,46.71,18.9,28.81,1.26,1.98,0.89,17.29,17.58,14.25,46.46,screener
RVTH,Jun 2026,2026-06-30,quarter,30.02,26.2,3.82,12.72,2.02,2.35,0.89,2.6,21.54,2.04,6.65,screener
S&SPOWER,Dec 2024,2024-12-31,quarter,39.32,41.31,-1.99,-5.06,-1.35,0.67,0.89,-4.9,7.55,-5.28,-4.28,screener
S&SPOWER,Mar 2025,2025-03-31,quarter,55.5,55.26,0.24,0.43,0.75,2.35,0.47,-1.83,-90.16,-0.17,-0.14,screener
S&SPOWER,Jun 2025,2025-06-30,quarter,59.36,56.32,3.04,5.12,1.06,0.9,0.58,2.62,32.44,1.77,1.43,screener
S&SPOWER,Sep 2025,2025-09-30,quarter,60.23,63.04,-2.81,-4.67,0.84,0.77,0.59,-3.33,-187.99,2.93,2.37,screener
S&SPOWER,Dec 2025,2025-12-31,quarter,79.08,74.4,4.68,5.92,1.2,0.81,0.61,4.46,21.3,3.51,2.84,screener
S&SPOWER,Mar 2026,2026-03-31,quarter,65.07,60.14,4.93,7.58,-0.03,2.43,0.61,1.86,-2.15,1.9,1.54,screener
SAATVIKGL,Dec 2024,2024-12-31,quarter,518.0,450.0,68.0,13.0,2.0,12.0,9.0,48.0,16.0,40.0,3.61,screener
SAATVIKGL,Mar 2025,2025-03-31,quarter,919.0,762.0,157.0,17.0,3.0,16.0,12.0,132.0,28.0,95.0,8.45,screener
SAATVIKGL,Jun 2025,2025-06-30,quarter,916.0,739.0,177.0,19.0,4.0,19.0,12.0,150.0,21.0,119.0,10.6,screener
SAATVIKGL,Sep 2025,2025-09-30,quarter,768.0,660.0,108.0,14.0,15.0,14.0,14.0,96.0,13.0,83.0,6.55,screener
SAATVIKGL,Dec 2025,2025-12-31,quarter,1257.0,1106.0,151.0,12.0,11.0,23.0,15.0,125.0,22.0,97.0,7.63,screener
SAATVIKGL,Mar 2026,2026-03-31,quarter,1608.0,1500.0,108.0,7.0,5.0,16.0,23.0,74.0,18.0,60.0,4.77,screener
SADBHAV,Dec 2024,2024-12-31,quarter,240.0,114.0,126.0,52.0,40.0,140.0,32.0,-7.0,149.0,-16.0,-1.56,screener
SADBHAV,Mar 2025,2025-03-31,quarter,290.0,198.0,91.0,32.0,-67.0,105.0,32.0,-113.0,47.0,-165.0,-9.01,screener
SADBHAV,Jun 2025,2025-06-30,quarter,222.0,75.0,147.0,66.0,24.0,94.0,34.0,43.0,27.0,31.0,0.71,screener
SADBHAV,Sep 2025,2025-09-30,quarter,250.0,103.0,147.0,59.0,60.0,140.0,32.0,35.0,23.0,27.0,0.33,screener
SADBHAV,Dec 2025,2025-12-31,quarter,230.0,64.0,166.0,72.0,-83.0,110.0,34.0,-61.0,40.0,-86.0,-4.23,screener
SADBHAV,Mar 2026,2026-03-31,quarter,271.0,200.0,71.0,26.0,199.0,70.0,39.0,161.0,24.0,122.0,4.73,screener
SADBHAV,Jun 2026,2026-06-30,quarter,204.0,51.0,153.0,75.0,10.0,66.0,37.0,60.0,23.0,46.0,0.91,screener
SAFARI,Dec 2024,2024-12-31,quarter,443.0,392.0,50.0,11.0,7.0,2.0,15.0,41.0,24.0,31.0,6.37,screener
SAFARI,Mar 2025,2025-03-31,quarter,421.0,360.0,61.0,14.0,6.0,2.0,15.0,49.0,24.0,38.0,7.69,screener
SAFARI,Jun 2025,2025-06-30,quarter,528.0,449.0,79.0,15.0,6.0,2.0,17.0,65.0,23.0,50.0,10.33,screener
SAFARI,Sep 2025,2025-09-30,quarter,534.0,460.0,74.0,14.0,6.0,2.0,18.0,60.0,22.0,47.0,9.58,screener
SAFARI,Dec 2025,2025-12-31,quarter,512.0,457.0,56.0,11.0,6.0,2.0,18.0,42.0,21.0,33.0,6.71,screener
SAFARI,Mar 2026,2026-03-31,quarter,473.0,411.0,62.0,13.0,7.0,2.0,18.0,49.0,24.0,37.0,7.65,screener
SAFEENTP,Sep 2024,2024-09-30,quarter,58.0,36.0,22.0,38.0,0.0,0.0,0.0,22.0,31.0,17.0,8480.0,screener
SAFEENTP,Mar 2025,2025-03-31,quarter,81.0,53.0,28.0,34.0,1.0,0.0,0.0,28.0,24.0,22.0,6.48,screener
SAFEENTP,Sep 2025,2025-09-30,quarter,112.0,71.0,42.0,37.0,3.0,0.0,1.0,44.0,24.0,33.0,7.13,screener
SAFEENTP,Mar 2026,2026-03-31,quarter,106.0,69.0,37.0,35.0,5.0,0.0,1.0,41.0,25.0,31.0,6.57,screener
SAGARDEEP,Dec 2024,2024-12-31,quarter,27.37,27.09,0.28,1.02,0.55,0.22,0.16,0.45,35.56,0.29,0.17,screener
SAGARDEEP,Mar 2025,2025-03-31,quarter,32.44,32.02,0.42,1.29,1.33,0.26,0.16,1.33,18.8,1.07,0.63,screener
SAGARDEEP,Jun 2025,2025-06-30,quarter,35.35,34.84,0.51,1.44,0.25,0.16,0.15,0.45,24.44,0.34,0.2,screener
SAGARDEEP,Sep 2025,2025-09-30,quarter,33.58,33.43,0.15,0.45,0.7,0.24,0.13,0.48,14.58,0.4,0.23,screener
SAGARDEEP,Dec 2025,2025-12-31,quarter,39.2,38.73,0.47,1.2,0.39,0.23,0.14,0.49,34.69,0.32,0.19,screener
SAGARDEEP,Mar 2026,2026-03-31,quarter,70.45,67.44,3.01,4.27,-0.33,0.15,0.14,2.39,32.22,1.62,0.95,screener
SAGCEM,Dec 2024,2024-12-31,quarter,564.0,526.0,38.0,7.0,5.0,48.0,59.0,-64.0,-15.0,-54.0,-4.21,screener
SAGCEM,Mar 2025,2025-03-31,quarter,658.0,621.0,37.0,6.0,-24.0,47.0,58.0,-93.0,-21.0,-73.0,-5.41,screener
SAGCEM,Jun 2025,2025-06-30,quarter,671.0,549.0,121.0,18.0,4.0,47.0,55.0,24.0,69.0,7.0,0.09,screener
SAGCEM,Sep 2025,2025-09-30,quarter,602.0,551.0,51.0,9.0,4.0,46.0,56.0,-47.0,-5.0,-44.0,-3.24,screener
SAGCEM,Dec 2025,2025-12-31,quarter,591.0,553.0,38.0,6.0,2.0,50.0,63.0,-74.0,-13.0,-64.0,-4.41,screener
SAGCEM,Mar 2026,2026-03-31,quarter,787.0,705.0,82.0,10.0,11.0,53.0,66.0,-27.0,-476.0,100.0,6.7,screener
SAIL,Dec 2024,2024-12-31,quarter,24490.0,22460.0,2030.0,8.0,393.0,680.0,1421.0,323.0,56.0,142.0,0.34,screener
SAIL,Mar 2025,2025-03-31,quarter,29316.0,25832.0,3484.0,12.0,362.0,664.0,1524.0,1657.0,25.0,1251.0,3.03,screener
SAIL,Jun 2025,2025-06-30,quarter,25922.0,23153.0,2769.0,11.0,235.0,595.0,1441.0,968.0,23.0,745.0,1.8,screener
SAIL,Sep 2025,2025-09-30,quarter,26704.0,24176.0,2528.0,9.0,-34.0,484.0,1453.0,556.0,25.0,419.0,1.01,screener
SAIL,Dec 2025,2025-12-31,quarter,27371.0,25077.0,2294.0,8.0,248.0,547.0,1516.0,480.0,22.0,374.0,0.91,screener
SAIL,Mar 2026,2026-03-31,quarter,30813.0,26405.0,4409.0,14.0,202.0,532.0,1577.0,2502.0,27.0,1835.0,4.44,screener
SAILIFE,Dec 2024,2024-12-31,quarter,440.0,320.0,120.0,27.0,9.0,23.0,34.0,72.0,25.0,54.0,2.59,screener
SAILIFE,Mar 2025,2025-03-31,quarter,580.0,422.0,158.0,27.0,10.0,11.0,37.0,119.0,26.0,88.0,4.24,screener
SAILIFE,Jun 2025,2025-06-30,quarter,496.0,375.0,121.0,24.0,10.0,12.0,38.0,81.0,25.0,60.0,2.9,screener
SAILIFE,Sep 2025,2025-09-30,quarter,537.0,392.0,146.0,27.0,15.0,9.0,40.0,112.0,25.0,84.0,4.0,screener
SAILIFE,Dec 2025,2025-12-31,quarter,556.0,369.0,188.0,34.0,0.0,10.0,44.0,134.0,25.0,100.0,4.75,screener
SAILIFE,Mar 2026,2026-03-31,quarter,602.0,426.0,177.0,29.0,16.0,8.0,45.0,139.0,25.0,104.0,4.92,screener
SAIPARENT,Dec 2025,2025-12-31,quarter,96.0,100.0,-4.0,-4.0,3.0,5.0,6.0,-12.0,-43.0,-7.0,-1.8,screener
SAIPARENT,Mar 2026,2026-03-31,quarter,198.0,172.0,26.0,13.0,3.0,8.0,8.0,12.0,-6.0,13.0,2.98,screener
SAKAR,Dec 2024,2024-12-31,quarter,43.0,32.0,12.0,27.0,0.0,1.0,5.0,5.0,17.0,5.0,2.06,screener
SAKAR,Mar 2025,2025-03-31,quarter,50.0,35.0,16.0,31.0,0.0,4.0,5.0,6.0,8.0,6.0,2.62,screener
SAKAR,Jun 2025,2025-06-30,quarter,53.0,40.0,13.0,24.0,0.0,2.0,6.0,5.0,13.0,5.0,2.1,screener
SAKAR,Sep 2025,2025-09-30,quarter,58.0,46.0,11.0,20.0,1.0,2.0,6.0,5.0,15.0,5.0,2.04,screener
SAKAR,Dec 2025,2025-12-31,quarter,70.0,52.0,19.0,26.0,1.0,2.0,6.0,11.0,6.0,10.0,4.61,screener
SAKAR,Mar 2026,2026-03-31,quarter,71.0,45.0,26.0,37.0,0.0,2.0,6.0,18.0,39.0,11.0,4.95,screener
SAKSOFT,Dec 2024,2024-12-31,quarter,227.0,189.0,38.0,17.0,4.0,3.0,3.0,36.0,25.0,27.0,2.04,screener
SAKSOFT,Mar 2025,2025-03-31,quarter,240.0,203.0,36.0,15.0,7.0,2.0,3.0,37.0,19.0,30.0,2.27,screener
SAKSOFT,Jun 2025,2025-06-30,quarter,249.0,203.0,46.0,18.0,3.0,3.0,3.0,43.0,25.0,32.0,2.44,screener
SAKSOFT,Sep 2025,2025-09-30,quarter,258.0,208.0,51.0,20.0,6.0,2.0,3.0,51.0,30.0,36.0,2.71,screener
SAKSOFT,Dec 2025,2025-12-31,quarter,251.0,205.0,45.0,18.0,-2.0,2.0,3.0,38.0,24.0,29.0,2.19,screener
SAKSOFT,Mar 2026,2026-03-31,quarter,249.0,204.0,45.0,18.0,7.0,2.0,3.0,47.0,24.0,36.0,2.71,screener
SALASAR,Dec 2024,2024-12-31,quarter,375.0,343.0,32.0,8.0,1.0,13.0,3.0,16.0,27.0,12.0,0.07,screener
SALASAR,Mar 2025,2025-03-31,quarter,483.31,455.86,27.45,5.68,-3.91,13.86,4.74,4.94,206.07,-5.23,-0.03,screener
SALASAR,Jun 2025,2025-06-30,quarter,300.17,270.23,29.94,9.97,1.64,13.76,6.05,11.77,25.23,8.79,0.05,screener
SALASAR,Sep 2025,2025-09-30,quarter,427.17,385.28,41.89,9.81,1.61,13.16,6.81,23.53,32.04,15.99,0.09,screener
SALASAR,Dec 2025,2025-12-31,quarter,330.78,304.28,26.5,8.01,2.3,14.37,6.5,7.93,17.91,6.52,0.03,screener
SALASAR,Mar 2026,2026-03-31,quarter,444.65,430.65,14.0,3.15,3.57,14.3,6.21,-2.94,364.97,-13.67,-0.07,screener
SALASAR,Jun 2026,2026-06-30,quarter,295.54,273.6,21.94,7.42,3.5,15.24,6.55,3.65,-41.1,5.14,0.03,screener
SALZERELEC,Dec 2024,2024-12-31,quarter,341.0,305.0,36.0,11.0,2.0,11.0,6.0,21.0,27.0,15.0,8.48,screener
SALZERELEC,Mar 2025,2025-03-31,quarter,375.73,346.58,29.15,7.76,2.48,10.68,5.97,14.98,27.04,10.93,5.75,screener
SALZERELEC,Jun 2025,2025-06-30,quarter,441.12,399.36,41.76,9.47,0.76,12.1,6.16,24.26,28.44,17.22,9.77,screener
SALZERELEC,Sep 2025,2025-09-30,quarter,418.92,382.36,36.56,8.73,0.34,11.23,7.15,18.52,26.62,13.38,7.35,screener
SALZERELEC,Dec 2025,2025-12-31,quarter,424.2,386.74,37.46,8.83,0.22,12.03,7.26,18.39,27.03,12.7,7.01,screener
SALZERELEC,Mar 2026,2026-03-31,quarter,474.14,442.87,31.27,6.6,0.17,12.39,6.74,12.31,13.32,10.47,5.81,screener
SALZERELEC,Jun 2026,2026-06-30,quarter,498.02,466.71,31.31,6.29,0.41,12.05,6.98,12.69,25.93,8.33,4.55,screener
SAMBHV,Dec 2024,2024-12-31,quarter,369.0,331.0,38.0,10.0,1.0,14.0,10.0,15.0,30.0,11.0,0.44,screener
SAMBHV,Mar 2025,2025-03-31,quarter,495.0,447.0,48.0,10.0,3.0,16.0,12.0,22.0,26.0,17.0,0.69,screener
SAMBHV,Jun 2025,2025-06-30,quarter,559.0,486.0,73.0,13.0,1.0,16.0,12.0,46.0,26.0,34.0,1.15,screener
SAMBHV,Sep 2025,2025-09-30,quarter,580.0,520.0,60.0,10.0,1.0,8.0,12.0,41.0,25.0,31.0,1.04,screener
SAMBHV,Dec 2025,2025-12-31,quarter,589.0,538.0,51.0,9.0,1.0,8.0,12.0,33.0,26.0,24.0,0.83,screener
SAMBHV,Mar 2026,2026-03-31,quarter,685.0,593.0,92.0,13.0,0.0,10.0,12.0,71.0,25.0,53.0,1.81,screener
SAMHI,Dec 2024,2024-12-31,quarter,292.0,183.0,110.0,37.0,2.0,60.0,29.0,22.0,-2.0,23.0,1.04,screener
SAMHI,Mar 2025,2025-03-31,quarter,319.0,197.0,122.0,38.0,-15.0,55.0,29.0,23.0,-103.0,46.0,2.07,screener
SAMHI,Jun 2025,2025-06-30,quarter,272.0,182.0,90.0,33.0,12.0,51.0,29.0,23.0,17.0,19.0,0.78,screener
SAMHI,Sep 2025,2025-09-30,quarter,293.0,186.0,107.0,37.0,85.0,43.0,30.0,120.0,17.0,100.0,4.18,screener
SAMHI,Dec 2025,2025-12-31,quarter,338.0,216.0,122.0,36.0,3.0,40.0,30.0,55.0,13.0,48.0,1.79,screener
SAMHI,Mar 2026,2026-03-31,quarter,345.0,233.0,112.0,32.0,33.0,37.0,38.0,69.0,-477.0,399.0,15.92,screener
SAMMAANCAP,Dec 2024,2024-12-31,quarter,2017.0,389.0,,,3.0,1194.0,20.0,417.0,28.0,302.0,4.08,screener
SAMMAANCAP,Mar 2025,2025-03-31,quarter,2107.0,603.0,,,25.0,1050.0,25.0,455.0,29.0,324.0,3.91,screener
SAMMAANCAP,Jun 2025,2025-06-30,quarter,2400.0,724.0,,,9.0,1196.0,21.0,468.0,29.0,334.0,4.04,screener
SAMMAANCAP,Sep 2025,2025-09-30,quarter,2251.0,528.0,,,10.0,1286.0,21.0,425.0,27.0,308.0,3.72,screener
SAMMAANCAP,Dec 2025,2025-12-31,quarter,2158.0,260.0,,,0.0,1458.0,21.0,419.0,25.0,314.0,3.79,screener
SAMMAANCAP,Mar 2026,2026-03-31,quarter,1358.0,3255.0,,,-6496.0,1679.0,25.0,-10097.0,-20.0,-8101.0,-69.92,screener
SANATHAN,Dec 2024,2024-12-31,quarter,743.0,685.0,58.0,8.0,5.0,5.0,12.0,47.0,27.0,34.0,4.05,screener
SANATHAN,Mar 2025,2025-03-31,quarter,732.0,664.0,68.0,9.0,3.0,2.0,12.0,57.0,24.0,44.0,5.17,screener
SANATHAN,Jun 2025,2025-06-30,quarter,745.0,676.0,70.0,9.0,2.0,5.0,12.0,55.0,27.0,40.0,4.79,screener
SANATHAN,Sep 2025,2025-09-30,quarter,818.0,755.0,63.0,8.0,7.0,18.0,18.0,33.0,40.0,20.0,2.38,screener
SANATHAN,Dec 2025,2025-12-31,quarter,1079.0,1021.0,57.0,5.0,4.0,36.0,31.0,-5.0,-6.0,-5.0,-0.57,screener
SANATHAN,Mar 2026,2026-03-31,quarter,1169.0,1075.0,94.0,8.0,6.0,37.0,32.0,31.0,31.0,22.0,2.56,screener
SANDESH,Mar 2025,2025-03-31,quarter,76.0,64.0,12.0,16.0,4.0,0.0,2.0,13.0,31.0,9.0,12.21,screener
SANDESH,Jun 2025,2025-06-30,quarter,73.0,55.0,18.0,25.0,55.0,0.0,2.0,71.0,19.0,58.0,76.68,screener
SANDESH,Sep 2025,2025-09-30,quarter,78.0,73.0,5.0,6.0,4.0,0.0,2.0,7.0,46.0,4.0,5.1,screener
SANDESH,Dec 2025,2025-12-31,quarter,77.0,57.0,20.0,26.0,30.0,0.0,2.0,48.0,20.0,38.0,50.84,screener
SANDESH,Mar 2026,2026-03-31,quarter,211.0,246.0,-35.0,-17.0,6.0,0.0,2.0,-31.0,11.0,-35.0,-45.63,screener
SANDESH,Jun 2026,2026-06-30,quarter,458.0,439.0,19.0,4.2,92.0,0.0,2.0,110.0,10.0,99.0,131.44,screener
SANDHAR,Dec 2024,2024-12-31,quarter,974.0,879.0,95.0,10.0,5.0,14.0,44.0,42.0,28.0,30.0,4.98,screener
SANDHAR,Mar 2025,2025-03-31,quarter,1014.0,910.0,104.0,10.0,10.0,15.0,44.0,56.0,23.0,43.0,7.08,screener
SANDHAR,Jun 2025,2025-06-30,quarter,1090.0,1008.0,82.0,8.0,21.0,17.0,50.0,36.0,23.0,28.0,4.65,screener
SANDHAR,Sep 2025,2025-09-30,quarter,1270.0,1152.0,118.0,9.0,39.0,17.0,44.0,96.0,23.0,73.0,12.19,screener
SANDHAR,Dec 2025,2025-12-31,quarter,1185.0,1076.0,108.0,9.0,3.0,17.0,49.0,45.0,25.0,33.0,5.56,screener
SANDHAR,Mar 2026,2026-03-31,quarter,1307.0,1178.0,129.0,10.0,18.0,18.0,50.0,79.0,19.0,64.0,10.6,screener
SANDUMA,Dec 2024,2024-12-31,quarter,952.0,712.0,240.0,25.0,20.0,41.0,38.0,180.0,23.0,137.0,2.83,screener
SANDUMA,Mar 2025,2025-03-31,quarter,1321.0,1005.0,316.0,24.0,9.0,67.0,54.0,204.0,23.0,156.0,3.21,screener
SANDUMA,Jun 2025,2025-06-30,quarter,1135.0,836.0,299.0,26.0,15.0,54.0,51.0,209.0,20.0,167.0,3.43,screener
SANDUMA,Sep 2025,2025-09-30,quarter,1232.0,960.0,273.0,22.0,12.0,57.0,53.0,175.0,21.0,139.0,2.85,screener
SANDUMA,Dec 2025,2025-12-31,quarter,1209.0,959.0,251.0,21.0,-4.0,46.0,54.0,147.0,21.0,116.0,2.38,screener
SANDUMA,Mar 2026,2026-03-31,quarter,1511.0,1125.0,387.0,26.0,20.0,55.0,54.0,297.0,20.0,236.0,4.85,screener
SANGAMIND,Dec 2024,2024-12-31,quarter,754.0,690.0,64.0,8.0,-5.0,21.0,29.0,9.0,72.0,2.0,0.54,screener
SANGAMIND,Mar 2025,2025-03-31,quarter,734.0,677.0,58.0,8.0,10.0,25.0,30.0,13.0,26.0,10.0,2.11,screener
SANGAMIND,Jun 2025,2025-06-30,quarter,790.0,732.0,58.0,7.0,11.0,30.0,36.0,3.0,16.0,2.0,0.47,screener
SANGAMIND,Sep 2025,2025-09-30,quarter,786.0,709.0,77.0,10.0,-3.0,29.0,10.0,34.0,32.0,23.0,5.13,screener
SANGAMIND,Dec 2025,2025-12-31,quarter,775.0,690.0,84.0,11.0,-1.0,27.0,25.0,31.0,21.0,24.0,5.43,screener
SANGAMIND,Mar 2026,2026-03-31,quarter,884.0,782.0,102.0,12.0,-5.0,27.0,24.0,45.0,27.0,33.0,7.3,screener
SANGANI,Sep 2023,2023-09-30,quarter,8.0,6.0,2.0,22.0,0.0,0.0,0.0,2.0,39.0,1.0,0.75,screener
SANGANI,Mar 2024,2024-03-31,quarter,8.0,6.0,1.0,17.0,1.0,0.0,0.0,2.0,14.0,2.0,1.2,screener
SANGANI,Sep 2024,2024-09-30,quarter,10.0,8.0,2.0,17.0,1.0,0.0,0.0,2.0,25.0,2.0,1.24,screener
SANGANI,Mar 2025,2025-03-31,quarter,11.0,10.0,1.0,7.0,1.0,0.0,0.0,1.0,24.0,1.0,0.65,screener
SANGANI,Sep 2025,2025-09-30,quarter,20.0,19.0,1.0,7.0,0.0,0.0,0.0,1.0,22.0,1.0,0.73,screener
SANGANI,Mar 2026,2026-03-31,quarter,86.0,80.0,7.0,8.0,0.0,0.0,1.0,6.0,29.0,3.0,1.44,screener
SANGHVIMOV,Dec 2024,2024-12-31,quarter,208.0,132.0,76.0,37.0,6.0,6.0,31.0,45.0,26.0,33.0,3.82,screener
SANGHVIMOV,Mar 2025,2025-03-31,quarter,267.0,161.0,107.0,40.0,7.0,7.0,31.0,75.0,28.0,54.0,6.22,screener
SANGHVIMOV,Jun 2025,2025-06-30,quarter,273.0,174.0,100.0,36.0,7.0,7.0,31.0,68.0,26.0,50.0,5.81,screener
SANGHVIMOV,Sep 2025,2025-09-30,quarter,210.0,129.0,81.0,38.0,8.0,7.0,31.0,50.0,27.0,36.0,4.19,screener
SANGHVIMOV,Dec 2025,2025-12-31,quarter,236.0,150.0,85.0,36.0,-3.0,9.0,33.0,40.0,28.0,29.0,3.35,screener
SANGHVIMOV,Mar 2026,2026-03-31,quarter,351.0,217.0,134.0,38.0,9.0,13.0,36.0,95.0,27.0,69.0,7.95,screener
SANOFI,Sep 2023,2023-09-30,quarter,491.0,377.0,114.0,23.0,82.0,0.0,9.0,186.0,18.0,152.0,66.04,screener
SANOFI,Dec 2023,2023-12-31,quarter,469.0,370.0,100.0,21.0,77.0,0.0,9.0,167.0,18.0,138.0,59.87,screener
SANOFI,Mar 2024,2024-03-31,quarter,511.0,374.0,137.0,27.0,41.0,0.0,9.0,169.0,19.0,137.0,59.39,screener
SANOFI,Jun 2024,2024-06-30,quarter,464.0,348.0,116.0,25.0,21.0,0.0,9.0,127.0,19.0,103.0,44.87,screener
SANOFI,Sep 2024,2024-09-30,quarter,524.0,404.0,120.0,23.0,2.0,0.0,9.0,113.0,27.0,82.0,35.74,screener
SANOFI,Dec 2024,2024-12-31,quarter,515.0,397.0,118.0,23.0,14.0,0.0,10.0,122.0,25.0,91.0,39.7,screener
SANSERA,Dec 2024,2024-12-31,quarter,728.0,601.0,127.0,17.0,7.0,18.0,44.0,71.0,22.0,56.0,8.99,screener_yfinance_fallback_normalized
SANSERA,Mar 2025,2025-03-31,quarter,782.0,655.0,127.0,16.0,10.0,10.0,47.0,81.0,27.0,59.0,9.57,screener_yfinance_fallback_normalized
SANSERA,Jun 2025,2025-06-30,quarter,766.0,635.0,131.0,17.0,12.0,10.0,48.0,85.0,26.0,63.0,10.05,screener_yfinance_fallback_normalized
SANSERA,Sep 2025,2025-09-30,quarter,825.0,683.0,142.0,17.0,12.0,8.0,50.0,95.0,25.0,71.0,11.55,screener_yfinance_fallback_normalized
SANSERA,Dec 2025,2025-12-31,quarter,908.0,746.0,162.0,18.0,-7.0,8.0,52.0,95.0,27.0,69.0,11.04,screener_yfinance_fallback_normalized
SANSERA,Mar 2026,2026-03-31,quarter,999.0,806.0,193.0,19.0,31.0,11.0,56.0,157.0,22.0,123.0,19.48,screener_yfinance_fallback_normalized
SANSTAR,Jun 2023,2023-06-30,quarter,304.0,281.0,23.0,8.0,1.0,3.0,2.0,18.0,23.0,14.0,4.78,screener
SANSTAR,Jun 2024,2024-06-30,quarter,291.0,263.0,27.0,9.0,1.0,4.0,3.0,22.0,23.0,17.0,1.18,screener
SAPPHIRE,Dec 2024,2024-12-31,quarter,757.0,622.0,134.0,18.0,10.0,28.0,100.0,17.0,24.0,13.0,0.37,screener
SAPPHIRE,Mar 2025,2025-03-31,quarter,711.0,605.0,106.0,15.0,9.0,30.0,85.0,1.0,-237.0,2.0,0.06,screener
SAPPHIRE,Jun 2025,2025-06-30,quarter,777.0,664.0,113.0,15.0,7.0,30.0,92.0,-2.0,-6.0,-2.0,-0.06,screener
SAPPHIRE,Sep 2025,2025-09-30,quarter,742.0,640.0,102.0,14.0,9.0,31.0,97.0,-17.0,-23.0,-13.0,-0.4,screener
SAPPHIRE,Dec 2025,2025-12-31,quarter,814.0,680.0,134.0,16.0,-4.0,32.0,102.0,-3.0,43.0,-5.0,-0.15,screener
SAPPHIRE,Mar 2026,2026-03-31,quarter,792.0,668.0,124.0,16.0,-8.0,31.0,101.0,-15.0,-18.0,-13.0,-0.39,screener
SAPPHIRE,Jun 2026,2026-06-30,quarter,891.0,751.0,140.0,16.0,6.0,32.0,97.0,16.0,13.0,14.0,0.44,screener
SARDAEN,Dec 2024,2024-12-31,quarter,1319.0,950.0,369.0,28.0,0.0,64.0,78.0,226.0,17.0,200.0,5.6,screener
SARDAEN,Mar 2025,2025-03-31,quarter,1239.0,968.0,271.0,22.0,46.0,70.0,87.0,160.0,41.0,100.0,3.07,screener
SARDAEN,Jun 2025,2025-06-30,quarter,1633.0,1016.0,617.0,38.0,80.0,62.0,81.0,553.0,24.0,437.0,12.33,screener
SARDAEN,Sep 2025,2025-09-30,quarter,1528.0,1016.0,512.0,34.0,68.0,64.0,85.0,431.0,27.0,328.0,9.17,screener
SARDAEN,Dec 2025,2025-12-31,quarter,1276.0,965.0,311.0,24.0,95.0,64.0,86.0,255.0,28.0,190.0,5.4,screener
SARDAEN,Mar 2026,2026-03-31,quarter,1254.0,906.0,348.0,28.0,5.0,54.0,88.0,210.0,33.0,155.0,4.48,screener
SAREGAMA,Dec 2024,2024-12-31,quarter,483.0,399.0,84.0,17.0,16.0,0.0,15.0,84.0,26.0,62.0,3.23,screener
SAREGAMA,Mar 2025,2025-03-31,quarter,241.0,160.0,80.0,33.0,23.0,5.0,17.0,82.0,27.0,60.0,3.12,screener
SAREGAMA,Jun 2025,2025-06-30,quarter,207.0,151.0,55.0,27.0,14.0,1.0,17.0,51.0,28.0,37.0,1.9,screener
SAREGAMA,Sep 2025,2025-09-30,quarter,230.0,161.0,69.0,30.0,11.0,1.0,19.0,60.0,27.0,44.0,2.27,screener
SAREGAMA,Dec 2025,2025-12-31,quarter,260.0,169.0,92.0,35.0,0.0,1.0,21.0,70.0,26.0,51.0,2.66,screener
SAREGAMA,Mar 2026,2026-03-31,quarter,287.0,166.0,121.0,42.0,8.0,2.0,24.0,103.0,28.0,74.0,3.91,screener
SAREGAMA,Jun 2026,2026-06-30,quarter,264.0,171.0,92.0,35.0,4.0,2.0,24.0,71.0,26.0,52.0,2.67,screener
SARLAPOLY,Dec 2024,2024-12-31,quarter,102.0,76.0,26.0,26.0,0.0,3.0,7.0,17.0,17.0,14.0,1.65,screener
SARLAPOLY,Mar 2025,2025-03-31,quarter,100.0,79.0,22.0,22.0,3.0,4.0,6.0,14.0,11.0,13.0,1.52,screener
SARLAPOLY,Jun 2025,2025-06-30,quarter,102.0,92.0,11.0,11.0,23.0,2.0,7.0,25.0,10.0,22.0,2.68,screener
SARLAPOLY,Sep 2025,2025-09-30,quarter,107.0,84.0,23.0,22.0,10.0,2.0,7.0,25.0,23.0,19.0,2.27,screener
SARLAPOLY,Dec 2025,2025-12-31,quarter,89.0,87.0,3.0,3.0,12.0,2.0,6.0,7.0,27.0,5.0,0.61,screener
SARLAPOLY,Mar 2026,2026-03-31,quarter,103.0,100.0,2.0,2.0,-66.0,2.0,6.0,-72.0,-17.0,-60.0,-7.14,screener
SASKEN,Dec 2024,2024-12-31,quarter,145.0,138.0,6.0,4.0,9.0,1.0,4.0,11.0,17.0,9.0,6.0,screener
SASKEN,Mar 2025,2025-03-31,quarter,148.0,141.0,7.0,5.0,10.0,1.0,4.0,13.0,9.0,12.0,7.29,screener
SASKEN,Jun 2025,2025-06-30,quarter,274.0,259.0,15.0,5.0,8.0,1.0,9.0,12.0,17.0,10.0,6.24,screener
SASKEN,Sep 2025,2025-09-30,quarter,255.0,240.0,15.0,6.0,10.0,1.0,9.0,14.0,27.0,10.0,6.44,screener
SASKEN,Dec 2025,2025-12-31,quarter,250.0,224.0,26.0,10.0,-2.0,1.0,10.0,12.0,23.0,9.0,5.12,screener
SASKEN,Mar 2026,2026-03-31,quarter,334.0,301.0,33.0,10.0,15.0,1.0,10.0,37.0,23.0,29.0,17.77,screener
SATIN,Dec 2024,2024-12-31,quarter,684.0,398.0,,,4.0,268.0,7.0,15.0,5.0,14.0,1.29,screener
SATIN,Mar 2025,2025-03-31,quarter,615.0,327.0,,,1.0,264.0,8.0,18.0,-20.0,22.0,1.98,screener
SATIN,Jun 2025,2025-06-30,quarter,709.0,352.0,,,5.0,297.0,6.0,58.0,22.0,45.0,4.08,screener
SATIN,Sep 2025,2025-09-30,quarter,788.0,373.0,,,5.0,344.0,7.0,69.0,23.0,53.0,4.81,screener
SATIN,Dec 2025,2025-12-31,quarter,740.0,355.0,,,5.0,289.0,8.0,93.0,23.0,72.0,6.51,screener
SATIN,Mar 2026,2026-03-31,quarter,920.0,320.0,,,3.0,381.0,9.0,212.0,24.0,162.0,14.67,screener
SBCL,Dec 2024,2024-12-31,quarter,123.0,99.0,25.0,20.0,4.0,1.0,3.0,24.0,25.0,18.0,3.17,screener
SBCL,Mar 2025,2025-03-31,quarter,132.0,104.0,28.0,22.0,4.0,1.0,3.0,28.0,26.0,21.0,3.65,screener
SBCL,Jun 2025,2025-06-30,quarter,137.0,105.0,32.0,23.0,3.0,1.0,3.0,30.0,25.0,23.0,3.95,screener
SBCL,Sep 2025,2025-09-30,quarter,137.0,106.0,31.0,23.0,6.0,1.0,3.0,32.0,23.0,25.0,4.31,screener
SBCL,Dec 2025,2025-12-31,quarter,134.0,102.0,32.0,24.0,2.0,1.0,4.0,30.0,25.0,22.0,3.85,screener
SBCL,Mar 2026,2026-03-31,quarter,163.0,127.0,35.0,22.0,4.0,1.0,4.0,35.0,25.0,26.0,4.52,screener
SBCL,Jun 2026,2026-06-30,quarter,182.0,139.0,43.0,24.0,6.0,1.0,4.0,44.0,25.0,33.0,5.73,screener
SBIN,Dec 2024,2024-12-31,quarter,124654.0,64890.0,,,43200.0,77397.0,0.0,25566.0,25.0,19484.0,21.12,screener
SBIN,Mar 2025,2025-03-31,quarter,126840.0,74438.0,,,52722.0,78227.0,0.0,26897.0,26.0,20379.0,21.96,screener
SBIN,Jun 2025,2025-06-30,quarter,125729.0,59496.0,,,41263.0,78266.0,0.0,29229.0,26.0,22121.0,23.76,screener
SBIN,Sep 2025,2025-09-30,quarter,128040.0,72265.0,,,50884.0,78002.0,0.0,28657.0,25.0,21861.0,22.9,screener
SBIN,Dec 2025,2025-12-31,quarter,130386.0,76799.0,,,55262.0,78783.0,0.0,30067.0,27.0,22176.0,23.09,screener
SBIN,Mar 2026,2026-03-31,quarter,131080.0,75050.0,,,49999.0,79953.0,0.0,26076.0,23.0,20508.0,21.28,screener
SCHAEFFLER,Dec 2024,2024-12-31,quarter,2136.0,1766.0,370.0,17.0,35.0,1.0,78.0,326.0,27.0,237.0,15.18,screener
SCHAEFFLER,Mar 2025,2025-03-31,quarter,2174.0,1782.0,393.0,18.0,34.0,2.0,83.0,342.0,26.0,252.0,16.1,screener
SCHAEFFLER,Jun 2025,2025-06-30,quarter,2353.0,1922.0,430.0,18.0,43.0,1.0,81.0,391.0,27.0,287.0,18.37,screener
SCHAEFFLER,Sep 2025,2025-09-30,quarter,2435.0,1979.0,456.0,19.0,28.0,1.0,88.0,395.0,27.0,289.0,18.51,screener
SCHAEFFLER,Dec 2025,2025-12-31,quarter,2724.0,2240.0,484.0,18.0,43.0,2.0,92.0,434.0,26.0,322.0,20.62,screener
SCHAEFFLER,Mar 2026,2026-03-31,quarter,2586.0,2107.0,478.0,18.0,42.0,1.0,90.0,429.0,26.0,316.0,20.22,screener
SCHAEFFLER,Jun 2026,2026-06-30,quarter,2761.0,2262.0,499.0,18.0,37.0,1.0,91.0,443.0,26.0,326.0,20.84,screener
SCI,Dec 2024,2024-12-31,quarter,1316.0,958.0,357.0,27.0,45.0,64.0,255.0,84.0,10.0,76.0,1.62,screener
SCI,Mar 2025,2025-03-31,quarter,1325.0,961.0,365.0,28.0,88.0,39.0,243.0,171.0,-8.0,185.0,3.97,screener
SCI,Jun 2025,2025-06-30,quarter,1316.0,827.0,489.0,37.0,157.0,31.0,250.0,366.0,3.0,354.0,7.6,screener
SCI,Sep 2025,2025-09-30,quarter,1339.0,932.0,406.0,30.0,111.0,47.0,256.0,214.0,12.0,189.0,4.06,screener
SCI,Dec 2025,2025-12-31,quarter,1612.0,934.0,678.0,42.0,69.0,48.0,271.0,427.0,5.0,405.0,8.69,screener
SCI,Mar 2026,2026-03-31,quarter,1513.0,910.0,603.0,40.0,147.0,47.0,287.0,416.0,3.0,405.0,8.69,screener
SEAMECLTD,Dec 2024,2024-12-31,quarter,149.0,105.0,44.0,30.0,-10.0,3.0,34.0,-3.0,25.0,-3.0,-1.31,screener
SEAMECLTD,Mar 2025,2025-03-31,quarter,200.0,118.0,81.0,41.0,10.0,4.0,33.0,54.0,24.0,41.0,16.9,screener
SEAMECLTD,Jun 2025,2025-06-30,quarter,211.0,114.0,97.0,46.0,20.0,4.0,34.0,79.0,4.0,76.0,29.8,screener
SEAMECLTD,Sep 2025,2025-09-30,quarter,97.0,90.0,8.0,8.0,10.0,5.0,38.0,-25.0,2.0,-26.0,-10.81,screener
SEAMECLTD,Dec 2025,2025-12-31,quarter,317.0,181.0,136.0,43.0,14.0,6.0,36.0,108.0,8.0,100.0,39.18,screener
SEAMECLTD,Mar 2026,2026-03-31,quarter,327.0,168.0,159.0,49.0,3.0,6.0,49.0,107.0,3.0,104.0,40.7,screener
SEIL,Dec 2024,2024-12-31,quarter,20.55,18.31,2.24,10.9,0.4,0.01,0.18,2.45,20.41,1.95,0.12,screener
SEIL,Mar 2025,2025-03-31,quarter,18.84,19.36,-0.52,-2.76,1.16,0.31,0.64,-0.31,51.61,-0.47,-0.03,screener
SEIL,Jun 2025,2025-06-30,quarter,15.16,11.14,4.02,26.52,0.11,0.11,0.38,3.64,20.6,2.9,0.18,screener
SEIL,Sep 2025,2025-09-30,quarter,11.42,9.52,1.9,16.64,2.14,0.12,0.45,3.47,24.78,2.62,0.16,screener
SEIL,Dec 2025,2025-12-31,quarter,5.83,6.36,-0.53,-9.09,0.26,0.15,0.48,-0.9,-32.22,-0.61,-0.04,screener
SEIL,Mar 2026,2026-03-31,quarter,23.17,22.38,0.79,3.41,1.34,0.25,0.32,1.56,36.54,0.98,0.06,screener
SENCO,Dec 2024,2024-12-31,quarter,2046.0,1966.0,80.0,4.0,13.0,34.0,13.0,46.0,27.0,33.0,2.05,screener
SENCO,Mar 2025,2025-03-31,quarter,1378.0,1251.0,127.0,9.0,15.0,38.0,19.0,85.0,27.0,62.0,3.81,screener
SENCO,Jun 2025,2025-06-30,quarter,1826.0,1643.0,184.0,10.0,19.0,43.0,19.0,141.0,26.0,105.0,6.39,screener
SENCO,Sep 2025,2025-09-30,quarter,1536.0,1430.0,107.0,7.0,18.0,46.0,19.0,59.0,17.0,49.0,2.98,screener
SENCO,Dec 2025,2025-12-31,quarter,3071.0,2666.0,405.0,13.0,30.0,59.0,21.0,355.0,26.0,264.0,16.13,screener
SENCO,Mar 2026,2026-03-31,quarter,1997.0,1722.0,274.0,14.0,13.0,56.0,23.0,208.0,25.0,157.0,9.58,screener
SENCO,Jun 2026,2026-06-30,quarter,3056.0,2843.0,213.0,7.0,15.0,68.0,22.0,139.0,27.0,101.0,6.17,screener
SENORES,Dec 2024,2024-12-31,quarter,103.0,77.0,26.0,25.0,5.0,6.0,4.0,20.0,20.0,16.0,3.73,screener
SENORES,Mar 2025,2025-03-31,quarter,114.0,95.0,19.0,17.0,12.0,5.0,5.0,21.0,13.0,18.0,3.87,screener
SENORES,Jun 2025,2025-06-30,quarter,138.0,104.0,34.0,25.0,3.0,5.0,6.0,26.0,20.0,21.0,4.28,screener
SENORES,Sep 2025,2025-09-30,quarter,162.0,112.0,50.0,31.0,5.0,6.0,8.0,41.0,26.0,30.0,7.03,screener
SENORES,Dec 2025,2025-12-31,quarter,171.0,121.0,50.0,29.0,7.0,5.0,8.0,45.0,25.0,34.0,6.87,screener
SENORES,Mar 2026,2026-03-31,quarter,175.0,128.0,47.0,27.0,18.0,8.0,9.0,47.0,23.0,37.0,6.86,screener
SEPC,Dec 2024,2024-12-31,quarter,133.0,130.0,3.0,3.0,13.0,9.0,1.0,6.0,20.0,4.0,0.02,screener
SEPC,Mar 2025,2025-03-31,quarter,118.0,102.0,15.0,13.0,8.0,12.0,1.0,10.0,0.0,10.0,0.05,screener
SEPC,Jun 2025,2025-06-30,quarter,202.0,174.0,28.0,14.0,2.0,9.0,1.0,19.0,13.0,17.0,0.09,screener
SEPC,Sep 2025,2025-09-30,quarter,237.0,227.0,11.0,4.0,14.0,12.0,1.0,11.0,23.0,8.0,0.04,screener
SEPC,Dec 2025,2025-12-31,quarter,341.0,312.0,29.0,8.0,0.0,10.0,1.0,17.0,14.0,15.0,0.08,screener
SEPC,Mar 2026,2026-03-31,quarter,274.0,264.0,10.0,4.0,15.0,9.0,1.0,15.0,8.0,14.0,0.07,screener
SERVOTECH,Dec 2024,2024-12-31,quarter,216.0,200.0,16.0,7.0,1.0,2.0,2.0,13.0,28.0,9.0,0.41,screener
SERVOTECH,Mar 2025,2025-03-31,quarter,146.0,134.0,12.0,8.0,1.0,1.0,2.0,10.0,27.0,8.0,0.35,screener
SERVOTECH,Jun 2025,2025-06-30,quarter,137.0,126.0,10.0,8.0,0.0,2.0,2.0,7.0,31.0,5.0,0.23,screener
SERVOTECH,Sep 2025,2025-09-30,quarter,106.0,100.0,6.0,6.0,1.0,3.0,4.0,1.0,25.0,0.0,0.06,screener
SERVOTECH,Dec 2025,2025-12-31,quarter,211.0,183.0,28.0,13.0,0.0,3.0,5.0,20.0,24.0,16.0,0.65,screener
SERVOTECH,Mar 2026,2026-03-31,quarter,217.0,195.0,23.0,10.0,2.0,4.0,7.0,13.0,20.0,11.0,0.54,screener
SESHAPAPER,Dec 2024,2024-12-31,quarter,431.0,424.0,8.0,2.0,21.0,2.0,11.0,16.0,-4.0,17.0,2.64,screener
SESHAPAPER,Mar 2025,2025-03-31,quarter,502.0,477.0,25.0,5.0,20.0,4.0,11.0,29.0,8.0,27.0,4.29,screener
SESHAPAPER,Jun 2025,2025-06-30,quarter,385.0,365.0,20.0,5.0,14.0,1.0,12.0,21.0,28.0,15.0,2.45,screener
SESHAPAPER,Sep 2025,2025-09-30,quarter,346.0,320.0,26.0,8.0,18.0,4.0,11.0,29.0,22.0,22.0,3.55,screener
SESHAPAPER,Dec 2025,2025-12-31,quarter,387.0,362.0,25.0,6.0,13.0,3.0,11.0,24.0,23.0,19.0,2.96,screener
SESHAPAPER,Mar 2026,2026-03-31,quarter,592.0,568.0,24.0,4.0,20.0,1.0,11.0,32.0,19.0,26.0,4.13,screener
SETL,Dec 2024,2024-12-31,quarter,140.0,114.0,26.0,19.0,3.0,4.0,3.0,22.0,26.0,16.0,0.81,screener
SETL,Mar 2025,2025-03-31,quarter,166.0,143.0,24.0,14.0,5.0,3.0,3.0,22.0,26.0,16.0,0.76,screener
SETL,Jun 2025,2025-06-30,quarter,173.0,144.0,30.0,17.0,5.0,3.0,4.0,28.0,26.0,21.0,1.05,screener
SETL,Sep 2025,2025-09-30,quarter,183.0,154.0,29.0,16.0,5.0,2.0,4.0,28.0,26.0,20.0,1.01,screener
SETL,Dec 2025,2025-12-31,quarter,192.0,162.0,29.0,15.0,4.0,3.0,4.0,26.0,23.0,20.0,0.96,screener
SETL,Mar 2026,2026-03-31,quarter,227.0,195.0,32.0,14.0,4.0,3.0,4.0,29.0,26.0,21.0,0.99,screener
SFL,Dec 2024,2024-12-31,quarter,967.0,879.0,88.0,9.0,8.0,29.0,45.0,22.0,25.0,17.0,1.54,screener
SFL,Mar 2025,2025-03-31,quarter,850.0,823.0,27.0,3.1,61.0,35.0,50.0,2.0,-496.0,13.0,1.2,screener
SFL,Jun 2025,2025-06-30,quarter,821.0,746.0,75.0,9.0,10.0,29.0,46.0,10.0,50.0,7.0,0.6,screener
SFL,Sep 2025,2025-09-30,quarter,875.0,788.0,87.0,10.0,3.0,28.0,50.0,12.0,38.0,10.0,0.89,screener
SFL,Dec 2025,2025-12-31,quarter,1074.0,960.0,114.0,11.0,16.0,17.0,47.0,66.0,25.0,53.0,4.8,screener
SFL,Mar 2026,2026-03-31,quarter,1050.0,933.0,117.0,11.0,34.0,21.0,36.0,94.0,18.0,92.0,8.36,screener
SFL,Jun 2026,2026-06-30,quarter,1032.0,923.0,109.0,11.0,22.0,18.0,34.0,80.0,26.0,62.0,5.63,screener
SGMART,Dec 2024,2024-12-31,quarter,1335.0,1313.0,22.0,2.0,26.0,10.0,0.0,37.0,25.0,28.0,2.5,screener
SGMART,Mar 2025,2025-03-31,quarter,1595.0,1558.0,37.0,2.0,20.0,14.0,1.0,42.0,21.0,33.0,2.95,screener
SGMART,Jun 2025,2025-06-30,quarter,1144.0,1108.0,36.0,3.0,20.0,12.0,2.0,43.0,24.0,32.0,2.56,screener
SGMART,Sep 2025,2025-09-30,quarter,1704.0,1676.0,28.0,2.0,19.0,12.0,2.0,33.0,20.0,27.0,2.11,screener
SGMART,Dec 2025,2025-12-31,quarter,1644.0,1628.0,17.0,1.0,18.0,17.0,4.0,14.0,21.0,11.0,0.85,screener
SGMART,Mar 2026,2026-03-31,quarter,1823.0,1767.0,56.0,3.0,12.0,10.0,4.0,54.0,23.0,41.0,3.29,screener
SGMART,Jun 2026,2026-06-30,quarter,1309.0,1250.0,59.0,4.0,10.0,6.0,4.0,58.0,22.0,46.0,3.62,screener
SHADOWFAX,Dec 2024,2024-12-31,quarter,701.0,680.0,21.0,3.0,6.0,3.0,17.0,6.0,0.0,6.0,268.61,screener
SHADOWFAX,Mar 2025,2025-03-31,quarter,712.0,700.0,12.0,1.7,7.0,5.0,24.0,-10.0,-4.0,-10.0,-0.65,screener
SHADOWFAX,Jun 2025,2025-06-30,quarter,824.0,798.0,25.0,3.1,8.0,4.0,22.0,8.0,0.0,8.0,0.53,screener
SHADOWFAX,Sep 2025,2025-09-30,quarter,982.0,943.0,39.0,4.0,6.0,4.0,28.0,13.0,0.0,13.0,0.86,screener
SHADOWFAX,Dec 2025,2025-12-31,quarter,1160.0,1093.0,66.0,6.0,6.0,6.0,32.0,35.0,0.0,35.0,0.7,screener
SHADOWFAX,Mar 2026,2026-03-31,quarter,1237.0,1156.0,81.0,7.0,16.0,6.0,35.0,55.0,-2.0,56.0,0.96,screener
SHADOWFAX,Jun 2026,2026-06-30,quarter,1358.0,1266.0,92.0,7.0,21.0,8.0,40.0,65.0,0.0,65.0,1.12,screener
SHAILY,Dec 2024,2024-12-31,quarter,198.0,152.0,46.0,23.0,0.0,4.0,11.0,32.0,20.0,25.0,5.48,screener
SHAILY,Mar 2025,2025-03-31,quarter,218.0,163.0,54.0,25.0,0.0,4.0,11.0,40.0,28.0,29.0,6.22,screener
SHAILY,Jun 2025,2025-06-30,quarter,247.0,178.0,68.0,28.0,2.0,4.0,11.0,55.0,25.0,41.0,8.95,screener
SHAILY,Sep 2025,2025-09-30,quarter,257.0,177.0,79.0,31.0,2.0,4.0,12.0,66.0,22.0,51.0,11.15,screener
SHAILY,Dec 2025,2025-12-31,quarter,250.0,184.0,66.0,26.0,0.0,4.0,13.0,50.0,24.0,37.0,8.13,screener
SHAILY,Mar 2026,2026-03-31,quarter,237.0,171.0,66.0,28.0,4.0,4.0,13.0,52.0,23.0,40.0,8.74,screener
SHAKTIPUMP,Dec 2024,2024-12-31,quarter,649.0,494.0,154.0,24.0,4.0,12.0,5.0,142.0,26.0,104.0,8.66,screener
SHAKTIPUMP,Mar 2025,2025-03-31,quarter,665.0,501.0,164.0,25.0,4.0,13.0,5.0,150.0,27.0,110.0,9.17,screener
SHAKTIPUMP,Jun 2025,2025-06-30,quarter,622.0,479.0,144.0,23.0,2.0,10.0,6.0,130.0,25.0,97.0,8.06,screener
SHAKTIPUMP,Sep 2025,2025-09-30,quarter,666.0,530.0,136.0,20.0,6.0,13.0,7.0,122.0,25.0,91.0,7.35,screener
SHAKTIPUMP,Dec 2025,2025-12-31,quarter,551.0,492.0,59.0,11.0,8.0,18.0,7.0,42.0,24.0,32.0,2.57,screener
SHAKTIPUMP,Mar 2026,2026-03-31,quarter,858.0,775.0,83.0,10.0,10.0,18.0,9.0,66.0,42.0,38.0,3.11,screener
SHAKTIPUMP,Jun 2026,2026-06-30,quarter,859.0,776.0,83.0,10.0,10.0,15.0,8.0,71.0,27.0,52.0,4.18,screener
SHALBY,Dec 2024,2024-12-31,quarter,276.0,242.0,34.0,12.0,5.0,11.0,16.0,12.0,124.0,-3.0,-0.17,screener
SHALBY,Mar 2025,2025-03-31,quarter,265.0,244.0,21.0,8.0,5.0,11.0,16.0,-1.0,1547.0,-12.0,-1.02,screener
SHALBY,Jun 2025,2025-06-30,quarter,296.0,255.0,42.0,14.0,7.0,9.0,17.0,23.0,66.0,8.0,0.83,screener
SHALBY,Sep 2025,2025-09-30,quarter,285.0,244.0,42.0,15.0,4.0,10.0,17.0,19.0,62.0,7.0,0.78,screener
SHALBY,Dec 2025,2025-12-31,quarter,272.0,242.0,30.0,11.0,7.0,11.0,18.0,9.0,86.0,1.0,0.16,screener
SHALBY,Mar 2026,2026-03-31,quarter,287.0,258.0,29.0,10.0,8.0,9.0,18.0,10.0,-92.0,18.0,1.7,screener
SHANKARA,Dec 2024,2024-12-31,quarter,1437.16,1396.94,40.22,2.8,0.63,12.16,4.18,24.51,27.83,17.69,7.31,screener
SHANKARA,Mar 2025,2025-03-31,quarter,1639.16,1587.76,51.4,3.14,1.1,11.63,4.06,36.81,22.71,28.45,11.76,screener
SHANKARA,Jun 2025,2025-06-30,quarter,323.2,317.31,5.89,1.82,0.36,3.03,2.04,1.18,64.41,0.42,0.17,screener
SHANKARA,Sep 2025,2025-09-30,quarter,279.91,280.49,-0.58,-0.21,0.13,3.42,2.05,-5.92,-12.84,-5.16,-2.13,screener
SHANKARA,Dec 2025,2025-12-31,quarter,420.4,415.41,4.99,1.19,2.48,3.47,2.1,1.9,35.26,1.23,0.51,screener
SHANKARA,Mar 2026,2026-03-31,quarter,340.5,327.32,13.18,3.87,3.4,3.89,2.03,10.66,31.05,7.35,3.04,screener
SHANTIGOLD,Jun 2025,2025-06-30,quarter,293.0,241.0,51.0,18.0,1.0,5.0,1.0,46.0,25.0,34.0,5.98,screener
SHANTIGOLD,Mar 2026,2026-03-31,quarter,659.0,592.0,67.0,10.0,3.0,4.0,2.0,64.0,19.0,52.0,6.77,screener
SHANTIGOLD,Jun 2026,2026-06-30,quarter,716.0,645.0,71.0,10.0,2.0,6.0,2.0,65.0,23.0,50.0,6.58,screener
SHARDACROP,Dec 2024,2024-12-31,quarter,929.0,815.0,115.0,12.0,1.0,0.0,69.0,46.0,32.0,31.0,3.45,screener
SHARDACROP,Mar 2025,2025-03-31,quarter,1829.0,1525.0,303.0,17.0,25.0,0.0,72.0,256.0,20.0,204.0,22.56,screener
SHARDACROP,Jun 2025,2025-06-30,quarter,985.0,770.0,215.0,22.0,32.0,1.0,78.0,169.0,16.0,143.0,15.83,screener
SHARDACROP,Sep 2025,2025-09-30,quarter,929.0,796.0,133.0,14.0,29.0,0.0,76.0,86.0,13.0,74.0,8.24,screener
SHARDACROP,Dec 2025,2025-12-31,quarter,1289.0,1048.0,241.0,19.0,21.0,0.0,83.0,179.0,19.0,145.0,16.09,screener
SHARDACROP,Mar 2026,2026-03-31,quarter,2065.0,1578.0,487.0,24.0,22.0,0.0,87.0,422.0,24.0,319.0,35.32,screener
SHARDAMOTR,Dec 2024,2024-12-31,quarter,690.0,595.0,95.0,14.0,22.0,1.0,15.0,101.0,25.0,75.0,13.14,screener
SHARDAMOTR,Mar 2025,2025-03-31,quarter,750.0,649.0,101.0,13.0,29.0,2.0,17.0,111.0,24.0,84.0,14.62,screener
SHARDAMOTR,Jun 2025,2025-06-30,quarter,756.0,658.0,98.0,13.0,46.0,1.0,14.0,130.0,23.0,100.0,17.41,screener
SHARDAMOTR,Sep 2025,2025-09-30,quarter,787.0,687.0,100.0,13.0,18.0,1.0,16.0,102.0,27.0,75.0,13.01,screener
SHARDAMOTR,Dec 2025,2025-12-31,quarter,882.0,775.0,106.0,12.0,19.0,1.0,17.0,107.0,24.0,81.0,14.17,screener
SHARDAMOTR,Mar 2026,2026-03-31,quarter,972.0,859.0,113.0,12.0,25.0,1.0,17.0,120.0,25.0,89.0,15.58,screener
SHAREINDIA,Dec 2024,2024-12-31,quarter,342.0,211.0,131.0,38.0,7.0,22.0,4.0,112.0,27.0,82.0,3.76,screener
SHAREINDIA,Mar 2025,2025-03-31,quarter,239.0,187.0,52.0,22.0,3.0,27.0,6.0,23.0,19.0,19.0,0.86,screener
SHAREINDIA,Jun 2025,2025-06-30,quarter,341.0,203.0,138.0,40.0,3.0,27.0,4.0,111.0,24.0,84.0,3.85,screener
SHAREINDIA,Sep 2025,2025-09-30,quarter,341.0,182.0,159.0,47.0,5.0,34.0,4.0,126.0,26.0,93.0,4.25,screener
SHAREINDIA,Dec 2025,2025-12-31,quarter,372.0,216.0,156.0,42.0,5.0,34.0,4.0,122.0,27.0,89.0,4.05,screener
SHAREINDIA,Mar 2026,2026-03-31,quarter,416.0,299.0,117.0,28.0,5.0,36.0,4.0,81.0,28.0,58.0,2.64,screener
SHEMAROO,Dec 2024,2024-12-31,quarter,164.0,207.0,-42.0,-26.0,3.0,10.0,2.0,-51.0,-28.0,-37.0,-13.32,screener
SHEMAROO,Mar 2025,2025-03-31,quarter,204.0,202.0,2.0,1.0,4.0,10.0,2.0,-5.0,0.0,-5.0,-1.87,screener
SHEMAROO,Jun 2025,2025-06-30,quarter,140.0,195.0,-55.0,-40.0,4.0,8.0,2.0,-61.0,-25.0,-46.0,-16.77,screener
SHEMAROO,Sep 2025,2025-09-30,quarter,143.0,198.0,-55.0,-38.0,0.0,7.0,2.0,-63.0,-28.0,-46.0,-16.57,screener
SHEMAROO,Dec 2025,2025-12-31,quarter,161.0,228.0,-67.0,-42.0,1.0,8.0,1.0,-76.0,-27.0,-55.0,-20.29,screener
SHEMAROO,Mar 2026,2026-03-31,quarter,139.0,227.0,-87.0,-63.0,1.0,8.0,1.0,-95.0,-24.0,-72.0,-25.1,screener
SHILPAMED,Dec 2024,2024-12-31,quarter,319.0,239.0,81.0,25.0,2.0,12.0,29.0,42.0,24.0,32.0,1.62,screener
SHILPAMED,Mar 2025,2025-03-31,quarter,331.0,252.0,79.0,24.0,-21.0,14.0,29.0,15.0,5.0,15.0,0.74,screener
SHILPAMED,Jun 2025,2025-06-30,quarter,321.0,231.0,91.0,28.0,6.0,19.0,29.0,50.0,5.0,47.0,2.4,screener
SHILPAMED,Sep 2025,2025-09-30,quarter,370.0,262.0,108.0,29.0,2.0,16.0,30.0,64.0,32.0,44.0,2.25,screener
SHILPAMED,Dec 2025,2025-12-31,quarter,410.0,296.0,114.0,28.0,-13.0,11.0,30.0,61.0,27.0,45.0,2.28,screener
SHILPAMED,Mar 2026,2026-03-31,quarter,437.0,317.0,120.0,27.0,45.0,14.0,31.0,120.0,10.0,108.0,5.51,screener
SHILPAMED,Jun 2026,2026-06-30,quarter,466.0,330.0,136.0,29.0,9.0,12.0,35.0,98.0,-3.0,101.0,5.16,screener
SHINDL,Dec 2024,2024-12-31,quarter,96.44,88.64,7.8,8.09,0.2,3.15,1.21,3.64,27.47,2.64,0.67,screener
SHINDL,Mar 2025,2025-03-31,quarter,93.91,89.74,4.17,4.44,1.04,3.24,1.24,0.73,26.03,0.53,0.14,screener
SHINDL,Jun 2025,2025-06-30,quarter,115.2,103.96,11.24,9.76,0.2,2.81,1.19,7.44,27.82,5.37,1.38,screener
SHINDL,Sep 2025,2025-09-30,quarter,149.73,137.79,11.94,7.97,0.3,2.81,1.2,8.23,30.26,5.74,1.46,screener
SHINDL,Dec 2025,2025-12-31,quarter,142.54,133.03,9.51,6.67,1.67,3.25,1.25,6.68,29.19,4.74,1.21,screener
SHINDL,Mar 2026,2026-03-31,quarter,117.24,113.91,3.33,2.84,0.85,2.86,1.17,0.15,73.33,0.05,0.01,screener
SHIRPUR-G,Sep 2023,2023-09-30,quarter,788.58,778.75,9.83,1.25,2.0,16.33,1.1,-5.6,0.0,-5.6,-1.92,screener
SHIRPUR-G,Dec 2023,2023-12-31,quarter,570.36,570.97,-0.61,-0.11,2.45,9.98,1.11,-9.25,0.0,-9.25,-3.17,screener
SHIRPUR-G,Mar 2024,2024-03-31,quarter,305.18,367.9,-62.72,-20.55,-2.19,15.79,1.09,-81.79,0.0,-81.79,-28.07,screener
SHIRPUR-G,Jun 2024,2024-06-30,quarter,0.0,2.23,-2.23,,0.48,11.93,1.09,-14.77,0.0,-14.78,-5.07,screener
SHIRPUR-G,Sep 2024,2024-09-30,quarter,0.0,0.98,-0.98,,1.14,5.65,1.11,-6.6,0.0,-6.6,-2.27,screener
SHIRPUR-G,Dec 2024,2024-12-31,quarter,0.0,1.22,-1.22,,0.6,1.38,1.11,-3.11,0.0,-3.1,-1.06,screener
SHIVALIK,Dec 2024,2024-12-31,quarter,85.31,71.99,13.32,15.61,1.6,2.26,4.84,7.82,11.38,6.94,3.39,screener
SHIVALIK,Mar 2025,2025-03-31,quarter,69.39,63.63,5.76,8.3,5.71,2.71,2.78,5.98,13.21,5.19,2.62,screener
SHIVALIK,Jun 2025,2025-06-30,quarter,89.31,78.33,10.98,12.29,0.6,2.62,4.82,4.14,31.88,2.82,1.02,screener
SHIVALIK,Sep 2025,2025-09-30,quarter,93.84,81.8,12.04,12.83,0.39,2.22,4.73,5.48,21.35,4.31,1.94,screener
SHIVALIK,Dec 2025,2025-12-31,quarter,82.04,71.72,10.32,12.58,1.18,2.31,5.06,4.13,11.14,3.67,1.71,screener
SHIVALIK,Mar 2026,2026-03-31,quarter,102.82,90.39,12.43,12.09,1.92,2.46,4.16,7.73,7.12,7.18,2.88,screener
SHIVAUM,Dec 2024,2024-12-31,quarter,150.99,149.43,1.56,1.03,0.18,1.55,0.13,0.06,16.67,0.05,0.04,screener
SHIVAUM,Mar 2025,2025-03-31,quarter,153.38,148.36,5.02,3.27,0.58,2.72,0.17,2.71,27.68,1.97,1.45,screener
SHIVAUM,Sep 2025,2025-09-30,quarter,114.38,111.72,2.66,2.33,0.76,2.4,0.11,0.91,24.18,0.68,0.5,screener
SHIVAUM,Dec 2025,2025-12-31,quarter,181.57,178.76,2.81,1.55,0.4,1.98,0.1,1.13,19.47,0.9,0.66,screener
SHIVAUM,Mar 2026,2026-03-31,quarter,163.45,157.25,6.2,3.79,1.08,2.15,0.2,4.93,16.84,4.11,3.02,screener
SHK,Dec 2024,2024-12-31,quarter,543.21,479.56,63.65,11.72,0.89,13.82,23.35,27.37,36.02,17.51,1.27,screener
SHK,Mar 2025,2025-03-31,quarter,567.38,493.95,73.43,12.94,61.15,12.89,24.68,97.01,-5.67,102.51,7.41,screener
SHK,Jun 2025,2025-06-30,quarter,580.63,507.62,73.01,12.57,3.04,13.07,26.37,36.61,30.21,25.55,1.85,screener
SHK,Sep 2025,2025-09-30,quarter,553.89,501.5,52.39,9.46,1.06,13.91,27.38,12.16,24.59,9.17,0.66,screener
SHK,Dec 2025,2025-12-31,quarter,583.8,528.46,55.34,9.48,34.19,13.5,26.99,49.04,33.46,32.63,2.36,screener
SHK,Mar 2026,2026-03-31,quarter,649.94,589.91,60.03,9.24,8.23,15.03,38.63,14.6,87.67,1.8,0.13,screener
SHOPERSTOP,Dec 2024,2024-12-31,quarter,1379.0,1134.0,246.0,18.0,23.0,65.0,130.0,73.0,28.0,52.0,4.75,screener
SHOPERSTOP,Mar 2025,2025-03-31,quarter,1064.0,894.0,170.0,16.0,20.0,70.0,125.0,-5.0,-137.0,2.0,0.18,screener
SHOPERSTOP,Jun 2025,2025-06-30,quarter,1161.0,990.0,172.0,15.0,10.0,73.0,129.0,-21.0,-25.0,-16.0,-1.43,screener
SHOPERSTOP,Sep 2025,2025-09-30,quarter,1257.0,1086.0,170.0,14.0,10.0,73.0,134.0,-27.0,-25.0,-20.0,-1.83,screener
SHOPERSTOP,Dec 2025,2025-12-31,quarter,1416.0,1198.0,218.0,15.0,6.0,72.0,133.0,20.0,18.0,16.0,1.46,screener
SHOPERSTOP,Mar 2026,2026-03-31,quarter,1210.0,1026.0,184.0,15.0,7.0,72.0,144.0,-25.0,-34.0,-16.0,-1.48,screener
SHREECEM,Mar 2025,2025-03-31,quarter,5532.0,4103.0,1429.0,26.0,158.0,41.0,788.0,758.0,24.0,575.0,159.18,screener
SHREECEM,Jun 2025,2025-06-30,quarter,5281.0,3948.0,1333.0,25.0,235.0,46.0,654.0,868.0,26.0,644.0,178.12,screener
SHREECEM,Sep 2025,2025-09-30,quarter,4761.0,3787.0,974.0,20.0,179.0,51.0,668.0,434.0,29.0,310.0,85.51,screener
SHREECEM,Dec 2025,2025-12-31,quarter,4801.0,3853.0,947.0,20.0,146.0,59.0,710.0,324.0,17.0,268.0,73.92,screener
SHREECEM,Mar 2026,2026-03-31,quarter,6101.0,4717.0,1384.0,23.0,101.0,56.0,762.0,667.0,21.0,528.0,145.7,screener
SHREECEM,Jun 2026,2026-06-30,quarter,6233.0,4961.0,1272.0,20.0,212.0,57.0,686.0,741.0,28.0,531.0,146.67,screener
SHREEJISPG,Dec 2024,2024-12-31,quarter,152.0,125.0,27.0,18.0,0.0,3.0,5.0,19.0,29.0,14.0,0.94,screener
SHREEJISPG,Mar 2025,2025-03-31,quarter,156.0,81.0,75.0,48.0,1.0,5.0,5.0,66.0,25.0,49.0,3.36,screener
SHREEJISPG,Jun 2025,2025-06-30,quarter,161.0,101.0,60.0,37.0,2.0,7.0,5.0,50.0,25.0,37.0,2.54,screener
SHREEJISPG,Sep 2025,2025-09-30,quarter,162.0,109.0,53.0,33.0,4.0,3.0,6.0,48.0,10.0,43.0,2.62,screener
SHREEJISPG,Dec 2025,2025-12-31,quarter,198.0,142.0,56.0,28.0,9.0,4.0,7.0,54.0,40.0,32.0,1.99,screener
SHREEJISPG,Mar 2026,2026-03-31,quarter,188.0,144.0,44.0,23.0,15.0,6.0,8.0,46.0,12.0,40.0,2.47,screener
SHREEJISPG,Jun 2026,2026-06-30,quarter,209.0,147.0,62.0,30.0,8.0,4.0,9.0,57.0,22.0,44.0,2.72,screener
SHREEPUSHK,Dec 2024,2024-12-31,quarter,217.0,195.0,22.0,10.0,2.0,1.0,6.0,18.0,13.0,16.0,4.92,screener
SHREEPUSHK,Mar 2025,2025-03-31,quarter,219.0,195.0,25.0,11.0,2.0,1.0,6.0,20.0,19.0,17.0,5.11,screener
SHREEPUSHK,Jun 2025,2025-06-30,quarter,255.0,225.0,29.0,11.0,4.0,1.0,6.0,26.0,19.0,21.0,6.48,screener
SHREEPUSHK,Sep 2025,2025-09-30,quarter,255.0,229.0,26.0,10.0,3.0,2.0,6.0,22.0,17.0,18.0,5.63,screener
SHREEPUSHK,Dec 2025,2025-12-31,quarter,249.0,227.0,22.0,9.0,5.0,1.0,6.0,20.0,9.0,18.0,5.59,screener
SHREEPUSHK,Mar 2026,2026-03-31,quarter,218.0,196.0,22.0,10.0,2.0,1.0,6.0,17.0,26.0,13.0,3.98,screener
SHRIPISTON,Dec 2024,2024-12-31,quarter,848.0,677.0,170.0,20.0,27.0,8.0,31.0,159.0,24.0,121.0,27.2,screener
SHRIPISTON,Mar 2025,2025-03-31,quarter,988.0,778.0,210.0,21.0,27.0,8.0,28.0,201.0,25.0,152.0,33.26,screener
SHRIPISTON,Jun 2025,2025-06-30,quarter,963.0,768.0,195.0,20.0,28.0,9.0,32.0,183.0,26.0,135.0,30.35,screener
SHRIPISTON,Sep 2025,2025-09-30,quarter,1016.0,809.0,207.0,20.0,26.0,8.0,33.0,192.0,26.0,142.0,31.76,screener
SHRIPISTON,Dec 2025,2025-12-31,quarter,1023.0,817.0,206.0,20.0,8.0,12.0,33.0,169.0,26.0,126.0,27.92,screener
SHRIPISTON,Mar 2026,2026-03-31,quarter,1456.0,1188.0,268.0,18.0,23.0,33.0,52.0,206.0,23.0,159.0,35.48,screener
SHRIRAMFIN,Dec 2024,2024-12-31,quarter,10698.0,3033.0,,,1574.0,4751.0,162.0,4326.0,25.0,3249.0,17.27,screener
SHRIRAMFIN,Mar 2025,2025-03-31,quarter,11454.0,3293.0,,,6.0,5224.0,171.0,2772.0,23.0,2144.0,11.4,screener
SHRIRAMFIN,Jun 2025,2025-06-30,quarter,11536.0,3062.0,,,6.0,5401.0,173.0,2906.0,26.0,2159.0,11.48,screener
SHRIRAMFIN,Sep 2025,2025-09-30,quarter,11912.0,3109.0,,,9.0,5525.0,174.0,3113.0,26.0,2314.0,12.3,screener
SHRIRAMFIN,Dec 2025,2025-12-31,quarter,12171.0,3397.0,,,26.0,5259.0,177.0,3363.0,25.0,2530.0,13.45,screener
SHRIRAMFIN,Mar 2026,2026-03-31,quarter,12513.0,3104.0,,,18.0,5336.0,175.0,3917.0,23.0,3021.0,16.06,screener
SHYAMMETL,Dec 2024,2024-12-31,quarter,3756.0,3301.0,456.0,12.0,51.0,41.0,203.0,263.0,25.0,197.0,7.08,screener
SHYAMMETL,Mar 2025,2025-03-31,quarter,4139.0,3624.0,515.0,12.0,54.0,44.0,229.0,297.0,26.0,220.0,7.84,screener
SHYAMMETL,Jun 2025,2025-06-30,quarter,4419.0,3839.0,580.0,13.0,54.0,40.0,205.0,389.0,25.0,291.0,10.47,screener
SHYAMMETL,Sep 2025,2025-09-30,quarter,4467.0,3928.0,539.0,12.0,69.0,50.0,211.0,347.0,25.0,260.0,9.38,screener
SHYAMMETL,Dec 2025,2025-12-31,quarter,4421.0,3934.0,487.0,11.0,52.0,51.0,218.0,270.0,27.0,198.0,7.07,screener
SHYAMMETL,Mar 2026,2026-03-31,quarter,5240.0,4513.0,727.0,14.0,29.0,51.0,249.0,456.0,32.0,312.0,11.43,screener
SHYAMMETL,Jun 2026,2026-06-30,quarter,5455.0,4690.0,765.0,14.0,47.0,78.0,265.0,469.0,25.0,351.0,12.36,screener
SIEMENS,Dec 2024,2024-12-31,quarter,3360.0,2974.0,387.0,12.0,423.0,3.0,66.0,740.0,17.0,615.0,17.25,screener
SIEMENS,Mar 2025,2025-03-31,quarter,4029.0,3584.0,445.0,11.0,341.0,2.0,66.0,718.0,19.0,582.0,16.34,screener
SIEMENS,Jun 2025,2025-06-30,quarter,4347.0,3825.0,521.0,12.0,124.0,5.0,71.0,570.0,26.0,423.0,11.88,screener
SIEMENS,Sep 2025,2025-09-30,quarter,4900.0,4291.0,609.0,12.0,126.0,4.0,69.0,662.0,27.0,485.0,13.62,screener
SIEMENS,Dec 2025,2025-12-31,quarter,3831.0,3409.0,422.0,11.0,19.0,6.0,71.0,364.0,24.0,278.0,7.79,screener
SIEMENS,Mar 2026,2026-03-31,quarter,4618.0,4174.0,444.0,10.0,116.0,14.0,74.0,472.0,21.0,370.0,10.39,screener
SIGACHI,Dec 2024,2024-12-31,quarter,139.42,106.25,33.17,23.79,2.02,3.82,4.67,26.7,23.22,20.51,0.64,screener
SIGACHI,Mar 2025,2025-03-31,quarter,128.2,99.65,28.55,22.27,2.19,3.33,4.74,22.67,28.67,16.18,0.35,screener
SIGACHI,Jun 2025,2025-06-30,quarter,128.25,104.14,24.11,18.8,-117.07,3.31,4.72,-100.99,-0.02,-100.97,-2.63,screener
SIGACHI,Sep 2025,2025-09-30,quarter,110.48,102.96,7.52,6.81,7.15,3.13,4.11,7.43,-41.59,10.53,0.28,screener
SIGACHI,Dec 2025,2025-12-31,quarter,117.21,111.49,5.72,4.88,-0.26,3.13,4.18,-1.85,-98.92,-0.01,0.01,screener
SIGACHI,Mar 2026,2026-03-31,quarter,121.9,105.49,16.41,13.46,0.21,4.33,4.57,7.72,0.78,7.65,0.2,screener
SIGACHI,Jun 2026,2026-06-30,quarter,121.27,104.76,16.51,13.61,1.0,3.01,4.41,10.09,19.33,8.15,0.18,screener
SIGMAADV,Dec 2024,2024-12-31,quarter,19.0,19.0,0.0,-2.0,13.0,5.0,1.0,6.0,22.0,7.0,0.99,screener
SIGMAADV,Mar 2025,2025-03-31,quarter,57.0,40.0,16.0,29.0,13.0,5.0,1.0,23.0,22.0,9.0,1.17,screener
SIGMAADV,Jun 2025,2025-06-30,quarter,0.0,16.0,-16.0,,187.0,3.0,1.0,167.0,19.0,136.0,18.47,screener
SIGMAADV,Sep 2025,2025-09-30,quarter,18.0,17.0,1.0,6.0,4.0,0.0,1.0,3.0,0.0,4.0,0.57,screener
SIGMAADV,Dec 2025,2025-12-31,quarter,146.0,139.0,7.0,5.0,5.0,5.0,6.0,0.0,550.0,-1.0,-0.14,screener
SIGMAADV,Mar 2026,2026-03-31,quarter,323.0,268.0,55.0,17.0,89.0,11.0,7.0,127.0,1.0,128.0,7.29,screener
SIGNATURE,Dec 2024,2024-12-31,quarter,828.0,814.0,13.0,2.0,34.0,14.0,8.0,26.0,-11.0,29.0,2.07,screener
SIGNATURE,Mar 2025,2025-03-31,quarter,520.0,477.0,44.0,8.0,50.0,13.0,8.0,73.0,16.0,61.0,4.35,screener
SIGNATURE,Jun 2025,2025-06-30,quarter,866.0,832.0,33.0,4.0,33.0,13.0,8.0,46.0,25.0,34.0,2.45,screener
SIGNATURE,Sep 2025,2025-09-30,quarter,338.0,413.0,-74.0,-22.0,34.0,13.0,8.0,-62.0,-24.0,-47.0,-3.33,screener
SIGNATURE,Dec 2025,2025-12-31,quarter,284.0,348.0,-63.0,-22.0,28.0,17.0,8.0,-60.0,-24.0,-45.0,-3.23,screener
SIGNATURE,Mar 2026,2026-03-31,quarter,1107.0,1051.0,56.0,5.0,1355.0,17.0,9.0,1386.0,17.0,1152.0,82.02,screener
SIGNORIA,Mar 2026,2026-03-31,quarter,49.31,40.87,8.44,17.12,0.0,1.28,1.2,5.96,26.68,4.38,9.04,screener
SIGNPOST,Dec 2024,2024-12-31,quarter,112.0,94.0,18.0,16.0,2.0,3.0,10.0,8.0,23.0,6.0,1.08,screener
SIGNPOST,Mar 2025,2025-03-31,quarter,111.0,98.0,12.0,11.0,1.0,2.0,11.0,1.0,-4.0,1.0,0.18,screener
SIGNPOST,Jun 2025,2025-06-30,quarter,138.0,106.0,32.0,23.0,1.0,3.0,9.0,20.0,25.0,15.0,2.86,screener
SIGNPOST,Sep 2025,2025-09-30,quarter,134.0,100.0,34.0,26.0,1.0,3.0,10.0,23.0,30.0,16.0,2.93,screener
SIGNPOST,Dec 2025,2025-12-31,quarter,142.0,104.0,38.0,27.0,1.0,4.0,10.0,25.0,27.0,18.0,3.39,screener
SIGNPOST,Mar 2026,2026-03-31,quarter,162.0,119.0,43.0,26.0,1.0,6.0,11.0,27.0,22.0,21.0,3.94,screener
SIKA,Dec 2024,2024-12-31,quarter,37.98,30.15,7.83,20.62,1.31,0.02,0.29,8.83,19.14,7.14,3.37,screener
SIKA,Mar 2025,2025-03-31,quarter,46.02,38.06,7.96,17.3,2.27,0.15,0.32,9.76,19.06,7.91,3.73,screener
SIKA,Jun 2025,2025-06-30,quarter,68.01,55.51,12.5,18.38,1.74,0.14,0.25,13.85,25.2,10.35,4.88,screener
SIKA,Sep 2025,2025-09-30,quarter,51.58,40.94,10.64,20.63,1.47,0.13,0.26,11.72,23.81,8.94,4.22,screener
SIKA,Dec 2025,2025-12-31,quarter,50.31,38.71,11.6,23.06,1.44,0.09,0.26,12.69,25.14,9.49,4.48,screener
SIKA,Mar 2026,2026-03-31,quarter,41.33,30.91,10.42,25.21,0.48,0.15,0.28,10.47,25.31,7.83,3.69,screener
SILVERTUC,Dec 2024,2024-12-31,quarter,74.0,65.0,10.0,13.0,0.0,1.0,2.0,7.0,21.0,5.0,0.41,screener
SILVERTUC,Mar 2025,2025-03-31,quarter,86.0,70.0,15.0,18.0,0.0,1.0,2.0,12.0,26.0,9.0,0.73,screener
SILVERTUC,Jun 2025,2025-06-30,quarter,63.0,54.0,9.0,14.0,0.0,1.0,2.0,6.0,30.0,4.0,0.32,screener
SILVERTUC,Sep 2025,2025-09-30,quarter,86.0,72.0,14.0,16.0,0.0,2.0,2.0,10.0,22.0,7.0,0.59,screener
SILVERTUC,Dec 2025,2025-12-31,quarter,96.0,77.0,19.0,20.0,0.0,2.0,2.0,15.0,25.0,11.0,0.87,screener
SILVERTUC,Mar 2026,2026-03-31,quarter,101.0,79.0,22.0,21.0,0.0,1.0,2.0,18.0,26.0,13.0,1.04,screener
SILVERTUC,Jun 2026,2026-06-30,quarter,78.0,61.0,17.0,22.0,0.0,2.0,2.0,13.0,24.0,10.0,0.79,screener
SIMPLEXINF,Dec 2024,2024-12-31,quarter,230.0,226.0,4.0,2.0,3.0,2.0,16.0,-11.0,-2.0,-11.0,-1.96,screener
SIMPLEXINF,Mar 2025,2025-03-31,quarter,282.0,267.0,15.0,5.0,52.0,2.0,8.0,58.0,25.0,43.0,6.46,screener
SIMPLEXINF,Jun 2025,2025-06-30,quarter,243.0,235.0,8.0,3.0,10.0,2.0,7.0,8.0,39.0,5.0,0.6,screener
SIMPLEXINF,Sep 2025,2025-09-30,quarter,248.0,232.0,16.0,6.0,10.0,5.0,7.0,13.0,36.0,9.0,1.08,screener
SIMPLEXINF,Dec 2025,2025-12-31,quarter,248.0,238.0,10.0,4.0,18.0,5.0,7.0,16.0,48.0,8.0,1.0,screener
SIMPLEXINF,Mar 2026,2026-03-31,quarter,283.0,261.0,21.0,8.0,2.0,0.0,8.0,15.0,-26.0,19.0,2.4,screener
SIRCA,Dec 2024,2024-12-31,quarter,89.0,73.0,15.0,17.0,2.0,0.0,2.0,16.0,26.0,11.0,2.09,screener
SIRCA,Mar 2025,2025-03-31,quarter,101.0,82.0,19.0,19.0,1.0,0.0,2.0,18.0,22.0,14.0,2.57,screener
SIRCA,Jun 2025,2025-06-30,quarter,114.0,92.0,23.0,20.0,0.0,1.0,2.0,19.0,26.0,14.0,2.59,screener
SIRCA,Sep 2025,2025-09-30,quarter,131.0,104.0,27.0,21.0,1.0,1.0,3.0,24.0,26.0,18.0,3.19,screener
SIRCA,Dec 2025,2025-12-31,quarter,113.0,90.0,23.0,20.0,1.0,1.0,3.0,20.0,26.0,15.0,2.65,screener
SIRCA,Mar 2026,2026-03-31,quarter,134.0,109.0,26.0,19.0,1.0,1.0,3.0,23.0,23.0,18.0,3.11,screener
SIS,Dec 2024,2024-12-31,quarter,3362.0,3206.0,157.0,5.0,39.0,41.0,41.0,114.0,11.0,102.0,7.08,screener
SIS,Mar 2025,2025-03-31,quarter,3428.0,3263.0,165.0,5.0,-283.0,38.0,38.0,-194.0,15.0,-223.0,-15.47,screener
SIS,Jun 2025,2025-06-30,quarter,3548.0,3396.0,152.0,4.0,26.0,41.0,42.0,96.0,3.0,93.0,6.6,screener
SIS,Sep 2025,2025-09-30,quarter,3759.0,3590.0,168.0,4.0,20.0,37.0,48.0,104.0,22.0,81.0,5.73,screener
SIS,Dec 2025,2025-12-31,quarter,4185.0,3996.0,189.0,5.0,-276.0,48.0,56.0,-191.0,-27.0,-138.0,-9.81,screener
SIS,Mar 2026,2026-03-31,quarter,4489.0,4282.0,207.0,5.0,21.0,49.0,70.0,109.0,6.0,102.0,7.26,screener
SITINET,Jun 2024,2024-06-30,quarter,308.0,302.0,7.0,2.1,4.0,24.0,34.0,-47.0,1.0,-48.0,-0.53,screener
SITINET,Sep 2024,2024-09-30,quarter,303.0,303.0,-1.0,-0.3,6.0,24.0,33.0,-52.0,4.0,-54.0,-0.58,screener
SITINET,Dec 2024,2024-12-31,quarter,279.0,293.0,-14.0,-5.0,5.0,24.0,31.0,-64.0,5.0,-67.0,-0.71,screener
SITINET,Mar 2025,2025-03-31,quarter,289.0,297.0,-8.0,-2.9,18.0,24.0,27.0,-42.0,7.0,-45.0,-0.58,screener
SITINET,Jun 2025,2025-06-30,quarter,271.0,273.0,-2.0,-0.7,7.0,24.0,24.0,-43.0,2.0,-44.0,-0.52,screener
SITINET,Sep 2025,2025-09-30,quarter,296.0,299.0,-3.0,-1.0,6.0,25.0,21.0,-43.0,1.0,-44.0,-0.45,screener
SIYSIL,Dec 2024,2024-12-31,quarter,571.0,504.0,66.0,12.0,16.0,6.0,15.0,62.0,26.0,45.0,10.0,screener
SIYSIL,Mar 2025,2025-03-31,quarter,736.0,625.0,111.0,15.0,14.0,8.0,18.0,100.0,28.0,72.0,15.88,screener
SIYSIL,Jun 2025,2025-06-30,quarter,389.0,369.0,21.0,5.0,12.0,6.0,20.0,6.0,28.0,5.0,1.02,screener
SIYSIL,Sep 2025,2025-09-30,quarter,706.0,598.0,107.0,15.0,37.0,9.0,21.0,115.0,25.0,87.0,19.11,screener
SIYSIL,Dec 2025,2025-12-31,quarter,624.0,556.0,68.0,11.0,16.0,10.0,20.0,55.0,23.0,42.0,9.21,screener
SIYSIL,Mar 2026,2026-03-31,quarter,853.0,716.0,137.0,16.0,18.0,9.0,18.0,127.0,23.0,98.0,21.55,screener
SIYSIL,Jun 2026,2026-06-30,quarter,446.0,428.0,18.0,4.0,22.0,7.0,18.0,14.0,24.0,11.0,2.43,screener
SJS,Dec 2024,2024-12-31,quarter,179.0,133.0,45.0,25.0,3.0,1.0,11.0,36.0,23.0,28.0,8.8,screener
SJS,Mar 2025,2025-03-31,quarter,201.0,150.0,51.0,25.0,2.0,1.0,12.0,41.0,17.0,34.0,10.67,screener
SJS,Jun 2025,2025-06-30,quarter,210.0,154.0,56.0,27.0,3.0,1.0,12.0,46.0,25.0,35.0,11.03,screener
SJS,Sep 2025,2025-09-30,quarter,242.0,173.0,68.0,28.0,4.0,1.0,14.0,58.0,25.0,43.0,13.71,screener
SJS,Dec 2025,2025-12-31,quarter,244.0,172.0,71.0,29.0,4.0,1.0,14.0,60.0,25.0,45.0,13.96,screener
SJS,Mar 2026,2026-03-31,quarter,260.0,185.0,75.0,29.0,6.0,1.0,14.0,66.0,26.0,49.0,15.15,screener
SJVN,Mar 2025,2025-03-31,quarter,504.0,264.0,241.0,48.0,52.0,159.0,275.0,-142.0,-10.0,-128.0,-0.32,screener
SJVN,Jun 2025,2025-06-30,quarter,917.0,211.0,707.0,77.0,54.0,216.0,160.0,385.0,41.0,228.0,0.58,screener
SJVN,Sep 2025,2025-09-30,quarter,1032.0,172.0,860.0,83.0,79.0,315.0,171.0,453.0,32.0,308.0,0.78,screener
SJVN,Dec 2025,2025-12-31,quarter,1082.0,309.0,773.0,71.0,44.0,245.0,216.0,357.0,37.0,224.0,0.57,screener
SJVN,Mar 2026,2026-03-31,quarter,1496.0,587.0,910.0,61.0,60.0,522.0,494.0,-47.0,153.0,-118.0,-0.3,screener
SJVN,Jun 2026,2026-06-30,quarter,1394.0,545.0,850.0,61.0,35.0,326.0,247.0,311.0,28.0,225.0,0.57,screener
SKFINDIA,Dec 2024,2024-12-31,quarter,1256.0,1135.0,121.0,10.0,48.0,0.0,21.0,147.0,26.0,110.0,22.17,screener
SKFINDIA,Mar 2025,2025-03-31,quarter,1213.0,929.0,285.0,23.0,13.0,0.0,22.0,276.0,26.0,203.0,41.15,screener
SKFINDIA,Jun 2025,2025-06-30,quarter,1283.0,1116.0,167.0,13.0,15.0,0.0,23.0,160.0,26.0,118.0,23.93,screener
SKFINDIA,Sep 2025,2025-09-30,quarter,1309.0,1143.0,166.0,13.0,-2.0,0.0,23.0,141.0,25.0,105.0,21.35,screener
SKFINDIA,Dec 2025,2025-12-31,quarter,577.0,494.0,82.0,14.0,20.0,0.0,16.0,86.0,28.0,62.0,12.55,screener
SKFINDIA,Mar 2026,2026-03-31,quarter,595.0,561.0,33.0,6.0,29.0,0.0,16.0,47.0,142.0,-20.0,-4.0,screener
SKIPPER,Dec 2024,2024-12-31,quarter,1135.0,1024.0,111.0,10.0,4.0,50.0,17.0,48.0,25.0,36.0,3.21,screener
SKIPPER,Mar 2025,2025-03-31,quarter,1288.0,1164.0,124.0,10.0,13.0,56.0,17.0,63.0,24.0,48.0,4.25,screener
SKIPPER,Jun 2025,2025-06-30,quarter,1254.0,1127.0,127.0,10.0,4.0,53.0,18.0,60.0,25.0,45.0,4.01,screener
SKIPPER,Sep 2025,2025-09-30,quarter,1262.0,1131.0,131.0,10.0,-6.0,54.0,19.0,52.0,28.0,37.0,3.28,screener
SKIPPER,Dec 2025,2025-12-31,quarter,1371.0,1229.0,141.0,10.0,4.0,56.0,22.0,68.0,22.0,53.0,4.68,screener
SKIPPER,Mar 2026,2026-03-31,quarter,1667.0,1493.0,173.0,10.0,4.0,54.0,22.0,101.0,23.0,78.0,6.91,screener
SKIPPER,Jun 2026,2026-06-30,quarter,1310.0,1170.0,140.0,11.0,5.0,47.0,22.0,76.0,25.0,57.0,5.03,screener
SKMEGGPROD,Dec 2024,2024-12-31,quarter,135.0,121.0,14.0,10.0,2.0,3.0,4.0,10.0,27.0,8.0,1.43,screener
SKMEGGPROD,Mar 2025,2025-03-31,quarter,117.0,105.0,12.0,11.0,5.0,3.0,4.0,10.0,35.0,6.0,1.2,screener
SKMEGGPROD,Jun 2025,2025-06-30,quarter,176.0,151.0,25.0,14.0,4.0,3.0,4.0,22.0,26.0,16.0,3.09,screener
SKMEGGPROD,Sep 2025,2025-09-30,quarter,202.0,165.0,37.0,19.0,3.0,3.0,4.0,33.0,25.0,25.0,4.7,screener
SKMEGGPROD,Dec 2025,2025-12-31,quarter,204.0,156.0,48.0,23.0,-1.0,3.0,4.0,40.0,25.0,30.0,5.7,screener
SKMEGGPROD,Mar 2026,2026-03-31,quarter,187.0,135.0,52.0,28.0,-3.0,3.0,4.0,42.0,23.0,33.0,6.21,screener
SKYGOLD,Dec 2024,2024-12-31,quarter,998.0,941.0,57.0,6.0,7.0,12.0,3.0,49.0,26.0,37.0,2.49,screener
SKYGOLD,Mar 2025,2025-03-31,quarter,1058.0,995.0,63.0,6.0,5.0,14.0,4.0,50.0,24.0,38.0,2.6,screener
SKYGOLD,Jun 2025,2025-06-30,quarter,1131.0,1060.0,71.0,6.0,4.0,13.0,4.0,59.0,26.0,44.0,2.93,screener
SKYGOLD,Sep 2025,2025-09-30,quarter,1484.0,1385.0,100.0,7.0,8.0,18.0,2.0,88.0,24.0,67.0,4.33,screener
SKYGOLD,Dec 2025,2025-12-31,quarter,1768.0,1645.0,122.0,7.0,7.0,21.0,3.0,106.0,24.0,81.0,5.2,screener
SKYGOLD,Mar 2026,2026-03-31,quarter,1912.0,1771.0,141.0,7.0,17.0,27.0,4.0,126.0,28.0,91.0,5.44,screener
SKYGOLD,Jun 2026,2026-06-30,quarter,2013.0,1856.0,157.0,8.0,8.0,25.0,5.0,135.0,22.0,105.0,6.67,screener
SMARTEN,Sep 2024,2024-09-30,quarter,108.0,101.0,7.0,7.0,1.0,0.0,0.0,8.0,24.0,6.0,59.9,screener
SMARTEN,Mar 2025,2025-03-31,quarter,94.0,84.0,9.0,10.0,1.0,1.0,0.0,9.0,27.0,7.0,4.52,screener
SMARTEN,Sep 2025,2025-09-30,quarter,115.0,108.0,7.0,6.0,1.0,1.0,0.0,7.0,21.0,6.0,3.09,screener
SMARTEN,Mar 2026,2026-03-31,quarter,127.0,122.0,5.0,4.0,0.0,0.0,1.0,4.0,32.0,3.0,1.54,screener
SMARTWORKS,Dec 2024,2024-12-31,quarter,352.0,134.0,218.0,62.0,12.0,85.0,167.0,-22.0,-28.0,-16.0,-1.55,screener
SMARTWORKS,Mar 2025,2025-03-31,quarter,358.0,126.0,232.0,65.0,4.0,80.0,161.0,-5.0,68.0,-8.0,-0.8,screener
SMARTWORKS,Jun 2025,2025-06-30,quarter,379.0,138.0,241.0,64.0,9.0,81.0,174.0,-6.0,-25.0,-4.0,-0.41,screener
SMARTWORKS,Sep 2025,2025-09-30,quarter,425.0,155.0,270.0,64.0,16.0,93.0,198.0,-4.0,-28.0,-3.0,-0.27,screener
SMARTWORKS,Dec 2025,2025-12-31,quarter,472.0,167.0,306.0,65.0,16.0,97.0,223.0,2.0,21.0,1.0,0.11,screener
SMARTWORKS,Mar 2026,2026-03-31,quarter,520.0,181.0,338.0,65.0,13.0,95.0,234.0,22.0,25.0,17.0,1.45,screener
SMSPHARMA,Dec 2024,2024-12-31,quarter,173.0,140.0,33.0,19.0,2.0,4.0,9.0,22.0,24.0,18.0,2.15,screener
SMSPHARMA,Mar 2025,2025-03-31,quarter,248.0,207.0,41.0,16.0,1.0,5.0,9.0,29.0,30.0,20.0,2.29,screener
SMSPHARMA,Jun 2025,2025-06-30,quarter,196.0,157.0,39.0,20.0,1.0,6.0,10.0,24.0,23.0,20.0,2.31,screener
SMSPHARMA,Sep 2025,2025-09-30,quarter,242.0,194.0,48.0,20.0,1.0,6.0,10.0,34.0,26.0,25.0,2.7,screener
SMSPHARMA,Dec 2025,2025-12-31,quarter,210.0,167.0,44.0,21.0,4.0,6.0,10.0,31.0,26.0,23.0,2.51,screener
SMSPHARMA,Mar 2026,2026-03-31,quarter,238.0,198.0,40.0,17.0,3.0,5.0,10.0,27.0,23.0,33.0,3.49,screener
SMVD,Mar 2023,2023-03-31,quarter,49.0,46.0,3.0,6.0,0.0,2.0,1.0,0.0,4.0,0.0,-0.26,screener
SMVD,Sep 2023,2023-09-30,quarter,23.0,25.0,-2.0,-8.0,-51.0,2.0,1.0,-55.0,0.0,-55.0,-55.16,screener
SMVD,Mar 2024,2024-03-31,quarter,2.0,4.0,-2.0,-124.0,3.0,2.0,0.0,-1.0,-294.0,2.0,1.55,screener
SMVD,Sep 2024,2024-09-30,quarter,0.0,1.0,-1.0,-217.0,16.0,1.0,0.0,14.0,7.0,13.0,12.98,screener
SMVD,Mar 2025,2025-03-31,quarter,0.0,2.0,-2.0,-2788.0,1.0,1.0,0.0,-2.0,0.0,-2.0,-2.11,screener
SMVD,Sep 2025,2025-09-30,quarter,0.0,1.0,-1.0,-1625.0,33.0,0.0,0.0,32.0,0.0,32.0,31.85,screener
SOBHA,Dec 2024,2024-12-31,quarter,1224.0,1157.0,67.0,5.0,33.0,47.0,23.0,29.0,26.0,22.0,2.03,screener
SOBHA,Mar 2025,2025-03-31,quarter,1241.0,1147.0,94.0,8.0,30.0,45.0,23.0,56.0,27.0,41.0,3.82,screener
SOBHA,Jun 2025,2025-06-30,quarter,852.0,828.0,24.0,3.0,49.0,31.0,24.0,19.0,27.0,14.0,1.27,screener
SOBHA,Sep 2025,2025-09-30,quarter,1408.0,1312.0,96.0,7.0,62.0,32.0,26.0,99.0,27.0,73.0,6.78,screener
SOBHA,Dec 2025,2025-12-31,quarter,943.0,905.0,39.0,4.0,40.0,30.0,28.0,21.0,25.0,15.0,1.44,screener
SOBHA,Mar 2026,2026-03-31,quarter,1988.0,1836.0,152.0,8.0,42.0,44.0,28.0,122.0,25.0,92.0,8.59,screener
SOBHA,Jun 2026,2026-06-30,quarter,1278.0,1201.0,78.0,6.0,52.0,32.0,28.0,69.0,26.0,51.0,4.76,screener
SOCL,Sep 2024,2024-09-30,quarter,23.0,21.0,3.0,11.0,0.0,1.0,0.0,2.0,21.0,2.0,2.93,screener
SOCL,Mar 2025,2025-03-31,quarter,44.0,39.0,5.0,11.0,1.0,1.0,0.0,5.0,24.0,4.0,3.74,screener
SOCL,Sep 2025,2025-09-30,quarter,38.0,35.0,4.0,10.0,1.0,1.0,0.0,3.0,26.0,2.0,2.51,screener
SOCL,Mar 2026,2026-03-31,quarter,72.0,68.0,5.0,6.0,1.0,1.0,0.0,4.0,23.0,3.0,2.31,screener
SOFTTECH,Dec 2024,2024-12-31,quarter,21.55,15.71,5.84,27.1,0.2,1.27,4.0,0.77,59.74,0.31,0.13,screener
SOFTTECH,Mar 2025,2025-03-31,quarter,31.0,26.28,4.72,15.23,1.18,1.05,4.3,0.55,87.27,0.07,0.03,screener
SOFTTECH,Jun 2025,2025-06-30,quarter,27.01,19.63,7.38,27.32,1.05,1.07,5.65,1.71,35.67,1.11,0.69,screener
SOFTTECH,Sep 2025,2025-09-30,quarter,26.81,19.83,6.98,26.04,0.98,1.09,5.65,1.22,72.13,0.33,0.13,screener
SOFTTECH,Dec 2025,2025-12-31,quarter,32.49,24.65,7.84,24.13,0.76,1.02,5.66,1.92,39.06,1.17,1.02,screener
SOFTTECH,Mar 2026,2026-03-31,quarter,46.59,36.61,9.98,21.42,0.86,0.9,5.86,4.08,33.33,2.72,1.74,screener
SOFTTECH,Jun 2026,2026-06-30,quarter,33.28,24.22,9.06,27.22,0.57,0.92,6.84,1.87,37.97,1.16,0.75,screener
SOLARA,Dec 2024,2024-12-31,quarter,300.31,242.63,57.68,19.21,1.49,26.54,24.54,8.09,0.0,8.09,2.24,screener
SOLARA,Mar 2025,2025-03-31,quarter,273.0,228.0,45.0,17.0,6.0,29.0,24.0,-2.0,0.0,-2.0,-0.58,screener
SOLARA,Jun 2025,2025-06-30,quarter,319.0,262.0,57.0,18.0,1.0,24.0,24.0,11.0,0.0,11.0,2.91,screener
SOLARA,Sep 2025,2025-09-30,quarter,314.0,279.0,35.0,11.0,0.0,21.0,24.0,-10.0,0.0,-10.0,-2.79,screener
SOLARA,Dec 2025,2025-12-31,quarter,349.0,312.0,37.0,11.0,-7.0,22.0,26.0,-17.0,0.0,-17.0,-4.82,screener
SOLARA,Mar 2026,2026-03-31,quarter,387.0,330.0,58.0,15.0,6.0,28.0,26.0,10.0,0.0,10.0,2.65,screener
SOLARA,Jun 2026,2026-06-30,quarter,382.0,320.0,62.0,16.0,3.0,22.0,27.0,16.0,0.0,16.0,3.41,screener
SOLARINDS,Dec 2024,2024-12-31,quarter,1973.0,1447.0,527.0,27.0,10.0,31.0,47.0,459.0,26.0,338.0,34.8,screener
SOLARINDS,Mar 2025,2025-03-31,quarter,2167.0,1629.0,537.0,25.0,7.0,29.0,50.0,464.0,25.0,346.0,35.61,screener
SOLARINDS,Jun 2025,2025-06-30,quarter,2154.0,1620.0,535.0,25.0,29.0,27.0,56.0,481.0,27.0,353.0,37.43,screener
SOLARINDS,Sep 2025,2025-09-30,quarter,2082.0,1530.0,552.0,26.0,29.0,31.0,61.0,490.0,26.0,361.0,38.12,screener
SOLARINDS,Dec 2025,2025-12-31,quarter,2548.0,1840.0,708.0,28.0,25.0,34.0,63.0,636.0,27.0,467.0,49.31,screener
SOLARINDS,Mar 2026,2026-03-31,quarter,3053.0,2227.0,826.0,27.0,46.0,41.0,71.0,759.0,27.0,556.0,60.52,screener
SOLARWORLD,Dec 2024,2024-12-31,quarter,204.0,145.0,59.0,29.0,1.0,2.0,0.0,58.0,27.0,43.0,5.76,screener
SOLARWORLD,Mar 2025,2025-03-31,quarter,176.0,163.0,13.0,7.0,3.0,2.0,0.0,14.0,32.0,9.0,1.27,screener
SOLARWORLD,Jun 2025,2025-06-30,quarter,68.0,60.0,9.0,13.0,12.0,3.0,0.0,17.0,26.0,13.0,1.74,screener
SOLARWORLD,Sep 2025,2025-09-30,quarter,138.0,123.0,15.0,11.0,3.0,4.0,1.0,13.0,27.0,9.0,1.07,screener
SOLARWORLD,Dec 2025,2025-12-31,quarter,578.0,514.0,65.0,11.0,10.0,6.0,2.0,66.0,26.0,49.0,5.68,screener
SOLARWORLD,Mar 2026,2026-03-31,quarter,592.0,534.0,58.0,10.0,16.0,7.0,2.0,65.0,24.0,49.0,5.66,screener
SOLEX,Dec 2024,2024-12-31,quarter,135.0,111.0,24.0,18.0,1.0,3.0,3.0,19.0,27.0,14.0,13.01,screener
SOLEX,Mar 2025,2025-03-31,quarter,254.0,226.0,28.0,11.0,0.0,5.0,3.0,20.0,25.0,15.0,13.26,screener
SOLEX,Jun 2025,2025-06-30,quarter,260.0,218.0,41.0,16.0,1.0,5.0,4.0,33.0,25.0,25.0,22.37,screener
SOLEX,Sep 2025,2025-09-30,quarter,155.0,136.0,19.0,12.0,0.0,6.0,4.0,8.0,27.0,6.0,4.83,screener
SOLEX,Dec 2025,2025-12-31,quarter,318.0,292.0,26.0,8.0,2.0,9.0,6.0,12.0,26.0,9.0,8.06,screener
SOLEX,Mar 2026,2026-03-31,quarter,886.0,787.0,98.0,11.0,0.0,10.0,10.0,78.0,25.0,59.0,53.61,screener
SOMANYCERA,Dec 2024,2024-12-31,quarter,645.0,591.0,53.0,8.0,0.0,13.0,23.0,17.0,44.0,10.0,2.27,screener
SOMANYCERA,Mar 2025,2025-03-31,quarter,769.0,707.0,62.0,8.0,4.0,12.0,29.0,25.0,25.0,19.0,5.2,screener
SOMANYCERA,Jun 2025,2025-06-30,quarter,604.0,556.0,48.0,8.0,2.0,13.0,26.0,11.0,35.0,7.0,2.53,screener
SOMANYCERA,Sep 2025,2025-09-30,quarter,685.0,632.0,54.0,8.0,4.0,12.0,26.0,19.0,34.0,12.0,3.65,screener
SOMANYCERA,Dec 2025,2025-12-31,quarter,682.0,619.0,64.0,9.0,1.0,12.0,28.0,25.0,31.0,17.0,4.39,screener
SOMANYCERA,Mar 2026,2026-03-31,quarter,818.0,726.0,92.0,11.0,0.0,11.0,27.0,54.0,31.0,37.0,9.22,screener
SOMANYCERA,Jun 2026,2026-06-30,quarter,750.0,663.0,86.0,12.0,4.0,11.0,29.0,50.0,31.0,34.0,8.67,screener
SONACOMS,Dec 2024,2024-12-31,quarter,868.0,634.0,234.0,27.0,41.0,6.0,67.0,203.0,26.0,151.0,2.43,screener
SONACOMS,Mar 2025,2025-03-31,quarter,865.0,633.0,231.0,27.0,53.0,5.0,65.0,215.0,24.0,164.0,2.64,screener_yfinance_fallback_normalized
SONACOMS,Jun 2025,2025-06-30,quarter,854.0,648.0,206.0,24.0,32.0,5.0,67.0,165.0,26.0,122.0,2.01,screener_yfinance_fallback_normalized
SONACOMS,Sep 2025,2025-09-30,quarter,1138.0,854.0,284.0,25.0,21.0,5.0,72.0,228.0,25.0,170.0,2.78,screener_yfinance_fallback_normalized
SONACOMS,Dec 2025,2025-12-31,quarter,1200.0,904.0,296.0,25.0,-14.0,5.0,75.0,201.0,25.0,150.0,2.43,screener_yfinance_fallback_normalized
SONACOMS,Mar 2026,2026-03-31,quarter,1258.0,962.0,296.0,24.0,33.0,8.0,74.0,247.0,24.0,187.0,3.09,screener_yfinance_fallback_normalized
SONACOMS,Jun 2026,2026-06-30,quarter,1301.0,1008.0,293.0,23.0,35.0,10.0,77.0,241.0,26.0,179.0,2.9,screener_yfinance_fallback_normalized
SONATSOFTW,Dec 2024,2024-12-31,quarter,2843.0,2679.0,164.0,6.0,21.0,16.0,32.0,137.0,23.0,105.0,3.74,screener
SONATSOFTW,Mar 2025,2025-03-31,quarter,2617.0,2445.0,173.0,7.0,11.0,10.0,23.0,151.0,29.0,108.0,3.83,screener
SONATSOFTW,Jun 2025,2025-06-30,quarter,2965.0,2806.0,160.0,5.0,24.0,5.0,26.0,153.0,28.0,109.0,3.9,screener
SONATSOFTW,Sep 2025,2025-09-30,quarter,2119.0,1947.0,173.0,8.0,31.0,14.0,26.0,164.0,27.0,120.0,4.29,screener
SONATSOFTW,Dec 2025,2025-12-31,quarter,3081.0,2880.0,200.0,6.0,-20.0,13.0,27.0,141.0,26.0,104.0,3.72,screener
SONATSOFTW,Mar 2026,2026-03-31,quarter,2536.0,2328.0,209.0,8.0,6.0,19.0,25.0,170.0,23.0,130.0,4.65,screener
SONUINFRA,Mar 2025,2025-03-31,quarter,90.88,81.64,9.24,10.17,0.22,1.72,0.65,7.09,25.95,5.25,5.07,screener
SONUINFRA,Jun 2025,2025-06-30,quarter,38.77,32.08,6.69,17.26,0.07,1.77,1.31,3.68,25.27,2.75,2.66,screener
SONUINFRA,Sep 2025,2025-09-30,quarter,33.17,26.39,6.78,20.44,0.01,1.71,1.47,3.61,24.93,2.71,2.62,screener
SONUINFRA,Dec 2025,2025-12-31,quarter,31.88,24.74,7.14,22.4,0.08,1.58,1.69,3.95,24.56,2.97,2.52,screener
SONUINFRA,Mar 2026,2026-03-31,quarter,90.06,81.27,8.79,9.76,0.39,1.4,1.43,6.35,27.72,4.59,3.9,screener
SOTL,Dec 2024,2024-12-31,quarter,945.0,924.0,22.0,2.0,6.0,7.0,6.0,15.0,17.0,12.0,1.81,screener
SOTL,Mar 2025,2025-03-31,quarter,1006.0,957.0,48.0,4.8,6.0,6.0,6.0,42.0,31.0,29.0,4.23,screener
SOTL,Jun 2025,2025-06-30,quarter,989.0,929.0,60.0,6.0,25.0,6.0,6.0,72.0,23.0,56.0,8.1,screener
SOTL,Sep 2025,2025-09-30,quarter,1076.0,1025.0,51.0,4.8,14.0,4.0,6.0,55.0,27.0,41.0,5.92,screener
SOTL,Dec 2025,2025-12-31,quarter,1074.0,1033.0,40.0,3.8,20.0,5.0,6.0,49.0,22.0,38.0,5.54,screener
SOTL,Mar 2026,2026-03-31,quarter,1224.0,1159.0,65.0,5.0,15.0,5.0,8.0,68.0,30.0,47.0,6.9,screener
SOTL,Jun 2026,2026-06-30,quarter,1480.0,1116.0,364.0,25.0,33.0,4.0,6.0,387.0,25.0,288.0,42.02,screener
SOUTHWEST,Dec 2024,2024-12-31,quarter,49.0,40.0,9.0,18.0,1.0,2.0,3.0,5.0,24.0,4.0,1.49,screener
SOUTHWEST,Mar 2025,2025-03-31,quarter,74.0,58.0,15.0,21.0,2.0,2.0,2.0,13.0,22.0,10.0,3.35,screener
SOUTHWEST,Jun 2025,2025-06-30,quarter,40.0,34.0,6.0,14.0,1.0,2.0,2.0,3.0,23.0,2.0,0.8,screener
SOUTHWEST,Sep 2025,2025-09-30,quarter,62.0,48.0,14.0,23.0,2.0,2.0,3.0,11.0,24.0,8.0,2.8,screener
SOUTHWEST,Dec 2025,2025-12-31,quarter,63.0,46.0,17.0,27.0,1.0,2.0,3.0,13.0,27.0,9.0,3.09,screener
SOUTHWEST,Mar 2026,2026-03-31,quarter,78.0,57.0,20.0,26.0,2.0,2.0,3.0,17.0,22.0,13.0,4.37,screener
SPAL,Dec 2024,2024-12-31,quarter,359.0,308.0,51.0,14.0,3.0,8.0,12.0,34.0,29.0,24.0,9.64,screener
SPAL,Mar 2025,2025-03-31,quarter,399.0,345.0,54.0,14.0,4.0,10.0,11.0,37.0,19.0,30.0,12.12,screener
SPAL,Jun 2025,2025-06-30,quarter,403.0,351.0,53.0,13.0,2.0,12.0,11.0,31.0,32.0,21.0,8.53,screener
SPAL,Sep 2025,2025-09-30,quarter,427.0,365.0,62.0,15.0,7.0,10.0,12.0,47.0,26.0,35.0,13.83,screener
SPAL,Dec 2025,2025-12-31,quarter,383.0,329.0,54.0,14.0,6.0,10.0,12.0,37.0,27.0,27.0,10.74,screener
SPAL,Mar 2026,2026-03-31,quarter,365.0,321.0,44.0,12.0,4.0,9.0,12.0,26.0,30.0,19.0,7.35,screener
SPANDANA,Dec 2024,2024-12-31,quarter,551.55,922.27,,,17.73,229.01,5.64,-587.64,-25.08,-440.25,-49.63,screener
SPANDANA,Mar 2025,2025-03-31,quarter,414.79,803.89,,,4.13,185.45,7.2,-577.62,-24.81,-434.3,-48.96,screener
SPANDANA,Jun 2025,2025-06-30,quarter,300.46,627.02,,,3.66,153.75,4.24,-480.89,-25.09,-360.23,-40.61,screener
SPANDANA,Sep 2025,2025-09-30,quarter,229.55,442.79,,,9.94,119.85,3.98,-327.13,-23.83,-249.16,-28.09,screener
SPANDANA,Dec 2025,2025-12-31,quarter,234.27,258.32,,,11.28,108.74,3.94,-125.45,-24.27,-95.0,-10.71,screener
SPANDANA,Mar 2026,2026-03-31,quarter,259.69,139.08,,,17.48,126.03,4.04,8.02,34.29,5.27,0.59,screener
SPARC,Dec 2024,2024-12-31,quarter,15.0,89.0,-74.0,-494.0,0.0,3.0,3.0,-79.0,0.0,-80.0,-2.45,screener
SPARC,Mar 2025,2025-03-31,quarter,27.0,80.0,-53.0,-196.0,0.0,5.0,3.0,-61.0,-1.0,-60.0,-1.84,screener
SPARC,Jun 2025,2025-06-30,quarter,10.0,62.0,-52.0,-540.0,9.0,6.0,3.0,-52.0,0.0,-52.0,-1.6,screener
SPARC,Sep 2025,2025-09-30,quarter,8.0,74.0,-66.0,-836.0,0.0,8.0,3.0,-76.0,0.0,-76.0,-2.34,screener
SPARC,Dec 2025,2025-12-31,quarter,8.0,65.0,-57.0,-670.0,-12.0,9.0,3.0,-80.0,0.0,-80.0,-2.48,screener
SPARC,Mar 2026,2026-03-31,quarter,1853.0,80.0,1773.0,96.0,2.0,12.0,2.0,1761.0,0.0,1761.0,54.27,screener
SPECIALITY,Dec 2024,2024-12-31,quarter,125.75,99.64,26.11,20.76,3.38,3.7,12.73,13.06,28.33,9.36,1.92,screener
SPECIALITY,Mar 2025,2025-03-31,quarter,103.01,87.77,15.24,14.79,3.98,3.64,13.02,2.56,17.19,2.12,0.5,screener
SPECIALITY,Jun 2025,2025-06-30,quarter,108.77,90.91,17.86,16.42,5.74,3.74,13.4,6.46,20.74,5.12,1.12,screener
SPECIALITY,Sep 2025,2025-09-30,quarter,116.44,97.16,19.28,16.56,3.55,3.65,13.64,5.54,19.49,4.47,0.96,screener
SPECIALITY,Dec 2025,2025-12-31,quarter,134.84,106.4,28.44,21.09,1.58,3.66,14.28,12.08,31.46,8.29,1.76,screener
SPECIALITY,Mar 2026,2026-03-31,quarter,116.42,98.89,17.53,15.06,3.8,3.5,14.69,3.14,9.24,2.85,0.69,screener
SPECTRUM,Dec 2024,2024-12-31,quarter,71.0,61.0,10.0,15.0,0.0,4.0,2.0,4.0,38.0,3.0,1.74,screener
SPECTRUM,Mar 2025,2025-03-31,quarter,169.0,143.0,25.0,15.0,1.0,4.0,2.0,20.0,31.0,14.0,8.7,screener
SPECTRUM,Jun 2025,2025-06-30,quarter,85.0,74.0,12.0,14.0,2.0,5.0,3.0,6.0,11.0,6.0,3.65,screener
SPECTRUM,Sep 2025,2025-09-30,quarter,118.0,102.0,15.0,13.0,2.0,3.0,3.0,12.0,34.0,8.0,4.93,screener
SPECTRUM,Dec 2025,2025-12-31,quarter,125.0,106.0,19.0,15.0,1.0,5.0,3.0,12.0,17.0,10.0,6.44,screener
SPECTRUM,Mar 2026,2026-03-31,quarter,283.0,237.0,46.0,16.0,2.0,7.0,6.0,34.0,22.0,26.0,16.9,screener
SPLPETRO,Jun 2025,2025-06-30,quarter,1402.0,1286.0,116.0,8.0,15.0,3.0,18.0,110.0,25.0,82.0,4.35,screener
SPLPETRO,Sep 2025,2025-09-30,quarter,1118.0,1039.0,79.0,7.0,9.0,3.0,19.0,66.0,26.0,48.0,2.57,screener
SPLPETRO,Dec 2025,2025-12-31,quarter,1281.0,1210.0,71.0,6.0,2.0,4.0,27.0,41.0,25.0,31.0,1.63,screener
SPLPETRO,Mar 2026,2026-03-31,quarter,1606.0,1350.0,255.0,16.0,8.0,4.0,28.0,231.0,27.0,169.0,8.96,screener
SPMLINFRA,Dec 2024,2024-12-31,quarter,188.0,178.0,10.0,5.0,4.0,1.0,0.0,12.0,18.0,10.0,1.4,screener
SPMLINFRA,Mar 2025,2025-03-31,quarter,189.0,179.0,10.0,5.0,12.0,10.0,0.0,13.0,4.0,12.0,1.68,screener
SPMLINFRA,Jun 2025,2025-06-30,quarter,156.0,149.0,7.0,5.0,17.0,9.0,0.0,15.0,19.0,12.0,1.69,screener
SPMLINFRA,Sep 2025,2025-09-30,quarter,190.0,179.0,11.0,6.0,8.0,0.0,0.0,19.0,21.0,15.0,2.1,screener
SPMLINFRA,Dec 2025,2025-12-31,quarter,230.0,205.0,25.0,11.0,1.0,5.0,1.0,20.0,0.0,20.0,2.66,screener
SPMLINFRA,Mar 2026,2026-03-31,quarter,291.0,270.0,20.0,7.0,3.0,2.0,1.0,20.0,-33.0,27.0,3.45,screener
SRF,Dec 2024,2024-12-31,quarter,3491.0,2872.0,620.0,18.0,40.0,96.0,194.0,369.0,26.0,271.0,9.14,screener
SRF,Mar 2025,2025-03-31,quarter,4313.0,3356.0,957.0,22.0,34.0,89.0,195.0,707.0,26.0,526.0,17.75,screener
SRF,Jun 2025,2025-06-30,quarter,3819.0,2989.0,830.0,22.0,29.0,80.0,203.0,576.0,25.0,432.0,14.58,screener
SRF,Sep 2025,2025-09-30,quarter,3640.0,2866.0,774.0,21.0,26.0,71.0,212.0,517.0,25.0,388.0,13.1,screener
SRF,Dec 2025,2025-12-31,quarter,3713.0,2933.0,780.0,21.0,-46.0,66.0,217.0,452.0,4.0,433.0,14.6,screener
SRF,Mar 2026,2026-03-31,quarter,4615.0,3589.0,1026.0,22.0,13.0,62.0,220.0,757.0,23.0,582.0,19.63,screener
SRF,Jun 2026,2026-06-30,quarter,5033.0,3797.0,1237.0,25.0,34.0,69.0,223.0,979.0,22.0,759.0,25.6,screener
SRM,Dec 2024,2024-12-31,quarter,150.0,128.0,22.0,15.0,3.0,2.0,3.0,21.0,25.0,16.0,6.97,screener
SRM,Mar 2025,2025-03-31,quarter,228.0,194.0,34.0,15.0,7.0,2.0,6.0,33.0,27.0,24.0,10.5,screener
SRM,Jun 2025,2025-06-30,quarter,142.0,122.0,20.0,14.0,2.0,1.0,2.0,18.0,30.0,13.0,5.56,screener
SRM,Sep 2025,2025-09-30,quarter,206.0,177.0,29.0,14.0,1.0,2.0,3.0,26.0,22.0,20.0,8.75,screener
SRM,Dec 2025,2025-12-31,quarter,231.0,187.0,44.0,19.0,0.0,2.0,5.0,37.0,35.0,24.0,10.5,screener
SRM,Mar 2026,2026-03-31,quarter,446.0,371.0,74.0,17.0,5.0,4.0,6.0,70.0,22.0,54.0,23.58,screener
SSWL,Dec 2024,2024-12-31,quarter,1075.0,957.0,118.0,11.0,0.0,26.0,27.0,64.0,26.0,48.0,3.04,screener
SSWL,Mar 2025,2025-03-31,quarter,1234.0,1100.0,134.0,11.0,1.0,29.0,28.0,78.0,22.0,61.0,3.87,screener
SSWL,Jun 2025,2025-06-30,quarter,1187.0,1065.0,122.0,10.0,1.0,29.0,32.0,61.0,23.0,47.0,3.01,screener
SSWL,Sep 2025,2025-09-30,quarter,1201.0,1089.0,111.0,9.0,1.0,32.0,32.0,48.0,26.0,36.0,2.26,screener
SSWL,Dec 2025,2025-12-31,quarter,1321.0,1193.0,127.0,10.0,0.0,32.0,35.0,62.0,24.0,47.0,2.97,screener
SSWL,Mar 2026,2026-03-31,quarter,1475.0,1325.0,150.0,10.0,1.0,31.0,37.0,83.0,27.0,61.0,3.87,screener
STANLEY,Dec 2024,2024-12-31,quarter,109.7,89.2,20.5,18.69,5.7,4.1,11.1,11.0,19.09,8.9,1.51,screener
STANLEY,Mar 2025,2025-03-31,quarter,112.8,90.1,22.7,20.12,4.2,4.2,11.9,10.8,0.0,10.8,1.84,screener
STANLEY,Jun 2025,2025-06-30,quarter,108.67,86.2,22.47,20.68,4.62,4.91,11.83,10.35,24.83,7.78,1.39,screener
STANLEY,Sep 2025,2025-09-30,quarter,105.4,80.6,24.8,23.53,5.1,7.5,14.3,8.1,25.93,6.0,0.98,screener
STANLEY,Dec 2025,2025-12-31,quarter,103.8,90.8,13.0,12.52,3.6,6.9,11.2,-1.5,-86.67,-0.2,-0.11,screener
STANLEY,Mar 2026,2026-03-31,quarter,101.41,86.33,15.08,14.87,6.21,6.28,14.4,0.61,190.16,-0.55,-0.13,screener
STANLEY,Jun 2026,2026-06-30,quarter,99.35,82.13,17.22,17.33,5.62,5.68,15.35,1.81,64.09,0.65,0.08,screener
STAR,Dec 2024,2024-12-31,quarter,1154.0,943.0,210.0,18.0,4.0,52.0,48.0,114.0,21.0,90.0,9.54,screener
STAR,Mar 2025,2025-03-31,quarter,1190.0,973.0,218.0,18.0,-12.0,50.0,49.0,106.0,20.0,86.0,8.91,screener
STAR,Jun 2025,2025-06-30,quarter,1120.0,902.0,218.0,19.0,0.0,47.0,49.0,122.0,13.0,106.0,10.8,screener
STAR,Sep 2025,2025-09-30,quarter,1221.0,990.0,231.0,19.0,18.0,46.0,50.0,153.0,14.0,132.0,13.84,screener
STAR,Dec 2025,2025-12-31,quarter,1195.0,959.0,236.0,20.0,104.0,43.0,51.0,245.0,15.0,208.0,21.93,screener
STAR,Mar 2026,2026-03-31,quarter,1323.0,1084.0,240.0,18.0,3.0,42.0,53.0,148.0,13.0,129.0,13.77,screener
STARCEMENT,Dec 2024,2024-12-31,quarter,719.0,615.0,104.0,14.0,3.0,10.0,89.0,8.0,-19.0,9.0,0.22,screener
STARCEMENT,Mar 2025,2025-03-31,quarter,1052.0,789.0,263.0,25.0,5.0,9.0,88.0,171.0,28.0,123.0,3.05,screener
STARCEMENT,Jun 2025,2025-06-30,quarter,912.0,684.0,228.0,25.0,2.0,10.0,85.0,135.0,27.0,98.0,2.44,screener
STARCEMENT,Sep 2025,2025-09-30,quarter,811.0,621.0,190.0,23.0,3.0,11.0,90.0,92.0,23.0,71.0,1.78,screener
STARCEMENT,Dec 2025,2025-12-31,quarter,880.0,678.0,202.0,23.0,-1.0,12.0,91.0,99.0,25.0,74.0,1.85,screener
STARCEMENT,Mar 2026,2026-03-31,quarter,1174.0,858.0,315.0,27.0,3.0,13.0,99.0,207.0,29.0,147.0,3.66,screener
STARCEMENT,Jun 2026,2026-06-30,quarter,943.0,748.0,194.0,21.0,8.0,14.0,91.0,98.0,24.0,74.0,1.85,screener
STCINDIA,Sep 2024,2024-09-30,quarter,0.0,10.0,-10.0,,3.0,1.0,0.0,-7.0,0.0,-7.0,-1.25,screener
STCINDIA,Dec 2024,2024-12-31,quarter,0.0,12.0,-12.0,,27.0,0.0,0.0,14.0,89.0,2.0,0.27,screener
STCINDIA,Mar 2025,2025-03-31,quarter,0.0,14.0,-14.0,,28.0,1.0,0.0,14.0,77.0,3.0,0.53,screener
STCINDIA,Jun 2025,2025-06-30,quarter,0.0,13.0,-13.0,,23.0,0.0,0.0,10.0,0.0,10.0,1.64,screener
STCINDIA,Sep 2025,2025-09-30,quarter,0.0,10.0,-10.0,,632.0,0.0,0.0,621.0,2.0,612.0,102.01,screener
STCINDIA,Dec 2025,2025-12-31,quarter,0.0,10.0,-10.0,,25.0,1.0,0.0,14.0,-17.0,17.0,2.76,screener
STEELCITY,Dec 2024,2024-12-31,quarter,16.28,10.53,5.75,35.32,0.81,0.3,0.25,6.01,27.79,4.85,3.21,screener
STEELCITY,Mar 2025,2025-03-31,quarter,13.76,10.31,3.45,25.07,1.33,0.28,0.24,4.26,27.7,2.93,1.94,screener
STEELCITY,Jun 2025,2025-06-30,quarter,14.99,10.61,4.38,29.22,1.06,0.16,0.23,5.05,25.35,4.08,2.7,screener
STEELCITY,Sep 2025,2025-09-30,quarter,15.43,11.29,4.14,26.83,0.87,0.23,0.23,4.55,25.93,3.13,2.07,screener
STEELCITY,Dec 2025,2025-12-31,quarter,15.28,10.68,4.6,30.1,0.88,0.27,0.23,4.98,25.3,3.72,2.46,screener
STEELCITY,Mar 2026,2026-03-31,quarter,16.57,12.97,3.6,21.73,1.67,0.24,0.21,4.82,25.52,3.36,2.22,screener
STEELXIND,Jun 2025,2025-06-30,quarter,300.0,269.0,31.0,10.0,5.0,19.0,7.0,10.0,0.0,10.0,0.09,screener
STEELXIND,Mar 2026,2026-03-31,quarter,287.0,238.0,50.0,17.0,0.0,18.0,7.0,26.0,52.0,12.0,0.1,screener
STEELXIND,Jun 2026,2026-06-30,quarter,270.0,235.0,34.0,13.0,1.0,14.0,6.0,15.0,0.0,15.0,0.12,screener
STERTOOLS,Dec 2024,2024-12-31,quarter,260.88,234.06,26.82,10.28,1.81,2.42,8.45,17.76,23.42,13.6,3.78,screener
STERTOOLS,Mar 2025,2025-03-31,quarter,199.76,181.22,18.54,9.28,5.93,2.56,10.01,11.9,25.88,8.81,2.43,screener
STERTOOLS,Jun 2025,2025-06-30,quarter,192.08,170.05,22.03,11.47,2.88,2.62,10.01,12.28,26.71,8.99,2.48,screener
STERTOOLS,Sep 2025,2025-09-30,quarter,207.91,184.3,23.61,11.36,12.49,2.41,9.77,23.92,28.18,17.19,4.75,screener
STERTOOLS,Dec 2025,2025-12-31,quarter,205.85,183.3,22.55,10.95,-5.7,2.39,9.99,4.47,64.88,1.56,0.43,screener
STERTOOLS,Mar 2026,2026-03-31,quarter,221.97,214.01,7.96,3.59,11.53,2.39,10.12,6.98,77.08,1.59,0.44,screener
STOVEKRAFT,Dec 2019,2019-12-31,quarter,200.0,184.0,16.0,8.0,1.0,5.0,3.0,9.0,0.0,9.0,3.65,screener
STOVEKRAFT,Mar 2020,2020-03-31,quarter,154.0,155.0,-1.0,-1.0,0.0,6.0,3.0,-10.0,0.0,-10.0,-4.15,screener
STOVEKRAFT,Dec 2020,2020-12-31,quarter,295.0,252.0,43.0,15.0,0.0,6.0,4.0,33.0,0.0,33.0,13.54,screener
STOVEKRAFT,Mar 2021,2021-03-31,quarter,235.0,210.0,25.0,11.0,1.0,3.0,4.0,19.0,0.0,19.0,5.89,screener
STUDDS,Dec 2024,2024-12-31,quarter,149.0,123.0,26.0,17.0,2.0,0.0,5.0,23.0,28.0,16.0,8.34,screener
STUDDS,Mar 2025,2025-03-31,quarter,150.0,122.0,28.0,19.0,4.0,0.0,5.0,27.0,26.0,20.0,5.05,screener
STUDDS,Jun 2025,2025-06-30,quarter,149.0,119.0,30.0,20.0,3.0,0.0,5.0,28.0,27.0,20.0,5.15,screener
STUDDS,Sep 2025,2025-09-30,quarter,154.0,125.0,30.0,19.0,3.0,0.0,5.0,27.0,24.0,21.0,5.24,screener
STUDDS,Dec 2025,2025-12-31,quarter,163.0,132.0,31.0,19.0,3.0,0.0,5.0,28.0,26.0,21.0,5.26,screener
STUDDS,Mar 2026,2026-03-31,quarter,168.0,136.0,31.0,19.0,3.0,0.0,5.0,29.0,27.0,21.0,5.36,screener
STYL,Dec 2024,2024-12-31,quarter,339.0,262.0,77.0,23.0,3.0,8.0,11.0,62.0,13.0,54.0,3.64,screener
STYL,Mar 2025,2025-03-31,quarter,366.0,268.0,98.0,27.0,3.0,9.0,10.0,82.0,23.0,63.0,4.27,screener
STYL,Jun 2025,2025-06-30,quarter,311.0,239.0,71.0,23.0,2.0,8.0,11.0,55.0,33.0,37.0,2.5,screener
STYL,Sep 2025,2025-09-30,quarter,352.0,258.0,94.0,27.0,1.0,8.0,12.0,76.0,24.0,58.0,3.56,screener
STYL,Dec 2025,2025-12-31,quarter,374.0,278.0,96.0,26.0,5.0,2.0,12.0,86.0,26.0,64.0,3.96,screener
STYL,Mar 2026,2026-03-31,quarter,404.0,286.0,118.0,29.0,6.0,3.0,10.0,112.0,27.0,82.0,5.05,screener
STYLAMIND,Mar 2025,2025-03-31,quarter,265.0,222.0,43.0,16.0,1.0,0.0,6.0,38.0,22.0,30.0,17.45,screener
STYLAMIND,Jun 2025,2025-06-30,quarter,283.0,230.0,53.0,19.0,1.0,7.0,5.0,41.0,31.0,28.0,16.68,screener
STYLAMIND,Sep 2025,2025-09-30,quarter,292.0,236.0,57.0,19.0,1.0,2.0,5.0,51.0,27.0,37.0,22.03,screener
STYLAMIND,Dec 2025,2025-12-31,quarter,271.0,215.0,56.0,21.0,1.0,-7.0,5.0,59.0,22.0,46.0,27.15,screener
STYLAMIND,Mar 2026,2026-03-31,quarter,283.0,227.0,56.0,20.0,4.0,1.0,6.0,52.0,26.0,38.0,22.57,screener
STYLAMIND,Jun 2026,2026-06-30,quarter,326.0,258.0,69.0,21.0,1.0,1.0,4.0,65.0,26.0,48.0,28.42,screener
STYLEBAAZA,Dec 2024,2024-12-31,quarter,412.0,328.0,83.0,20.0,2.0,17.0,27.0,41.0,25.0,30.0,4.08,screener
STYLEBAAZA,Mar 2025,2025-03-31,quarter,345.0,305.0,40.0,12.0,2.0,22.0,29.0,-9.0,-32.0,-6.0,-0.86,screener
STYLEBAAZA,Jun 2025,2025-06-30,quarter,378.0,320.0,58.0,15.0,2.0,24.0,34.0,3.0,28.0,2.0,0.28,screener
STYLEBAAZA,Sep 2025,2025-09-30,quarter,532.0,463.0,69.0,13.0,59.0,17.0,42.0,69.0,25.0,51.0,6.9,screener
STYLEBAAZA,Dec 2025,2025-12-31,quarter,466.0,377.0,89.0,19.0,1.0,19.0,46.0,26.0,26.0,19.0,2.54,screener
STYLEBAAZA,Mar 2026,2026-03-31,quarter,466.0,418.0,48.0,10.0,-19.0,18.0,48.0,-36.0,-29.0,-26.0,-3.44,screener
STYRENIX,Dec 2024,2024-12-31,quarter,691.0,617.0,74.0,11.0,1.0,1.0,10.0,64.0,26.0,48.0,27.12,screener
STYRENIX,Mar 2025,2025-03-31,quarter,940.0,852.0,87.0,9.0,3.0,3.0,26.0,61.0,10.0,55.0,31.12,screener
STYRENIX,Jun 2025,2025-06-30,quarter,944.0,847.0,96.0,10.0,3.0,5.0,25.0,71.0,26.0,52.0,29.52,screener
STYRENIX,Sep 2025,2025-09-30,quarter,799.0,713.0,85.0,11.0,3.0,5.0,26.0,57.0,21.0,45.0,25.43,screener
STYRENIX,Dec 2025,2025-12-31,quarter,869.0,828.0,42.0,5.0,-1.0,5.0,29.0,6.0,-155.0,16.0,9.29,screener
STYRENIX,Mar 2026,2026-03-31,quarter,826.0,710.0,116.0,14.0,12.0,5.0,30.0,93.0,21.0,73.0,41.78,screener
SUBROS,Dec 2024,2024-12-31,quarter,821.0,745.0,76.0,9.0,5.0,3.0,32.0,46.0,28.0,33.0,5.05,screener
SUBROS,Mar 2025,2025-03-31,quarter,908.0,816.0,93.0,10.0,6.0,3.0,34.0,62.0,25.0,46.0,7.08,screener
SUBROS,Jun 2025,2025-06-30,quarter,878.0,796.0,82.0,9.0,6.0,2.0,31.0,55.0,25.0,41.0,6.26,screener
SUBROS,Sep 2025,2025-09-30,quarter,880.0,811.0,68.0,8.0,20.0,2.0,31.0,55.0,25.0,41.0,6.25,screener
SUBROS,Dec 2025,2025-12-31,quarter,948.0,866.0,81.0,9.0,-2.0,3.0,32.0,45.0,22.0,35.0,5.33,screener
SUBROS,Mar 2026,2026-03-31,quarter,1050.0,958.0,92.0,9.0,8.0,2.0,31.0,66.0,26.0,49.0,7.56,screener
SUDARSCHEM,Dec 2024,2024-12-31,quarter,666.0,587.0,79.0,12.0,-26.0,11.0,37.0,5.0,89.0,1.0,0.07,screener
SUDARSCHEM,Mar 2025,2025-03-31,quarter,1349.0,1222.0,127.0,9.0,-38.0,21.0,57.0,11.0,97.0,0.0,-0.52,screener
SUDARSCHEM,Jun 2025,2025-06-30,quarter,2507.0,2314.0,192.0,8.0,33.0,44.0,99.0,82.0,33.0,55.0,6.01,screener
SUDARSCHEM,Sep 2025,2025-09-30,quarter,2387.0,2255.0,132.0,6.0,38.0,44.0,97.0,30.0,35.0,19.0,1.49,screener
SUDARSCHEM,Dec 2025,2025-12-31,quarter,2103.0,2065.0,38.0,1.8,-24.0,36.0,101.0,-123.0,-6.0,-116.0,-14.67,screener
SUDARSCHEM,Mar 2026,2026-03-31,quarter,2790.0,2562.0,227.0,8.0,32.0,41.0,50.0,168.0,51.0,82.0,10.01,screener
SUDEEPPHRM,Dec 2024,2024-12-31,quarter,116.0,76.0,39.0,34.0,2.0,1.0,3.0,38.0,24.0,29.0,2.95,screener
SUDEEPPHRM,Mar 2025,2025-03-31,quarter,158.0,99.0,59.0,37.0,4.0,2.0,3.0,58.0,24.0,44.0,4.54,screener
SUDEEPPHRM,Jun 2025,2025-06-30,quarter,125.0,81.0,44.0,35.0,5.0,2.0,3.0,44.0,29.0,31.0,3.17,screener
SUDEEPPHRM,Sep 2025,2025-09-30,quarter,163.0,107.0,55.0,34.0,10.0,2.0,4.0,60.0,21.0,47.0,4.71,screener
SUDEEPPHRM,Dec 2025,2025-12-31,quarter,172.0,112.0,60.0,35.0,7.0,1.0,4.0,62.0,23.0,48.0,4.2,screener
SUDEEPPHRM,Mar 2026,2026-03-31,quarter,182.0,120.0,63.0,34.0,6.0,2.0,4.0,63.0,23.0,49.0,4.33,screener
SUDEEPPHRM,Jun 2026,2026-06-30,quarter,158.0,103.0,55.0,35.0,5.0,2.0,4.0,54.0,25.0,41.0,3.59,screener
SUKHJITS,Mar 2025,2025-03-31,quarter,360.0,343.0,17.0,4.7,3.0,6.0,10.0,4.0,36.0,3.0,0.9,screener
SUKHJITS,Jun 2025,2025-06-30,quarter,369.0,350.0,19.0,5.0,3.0,7.0,9.0,6.0,17.0,5.0,1.6,screener
SUKHJITS,Sep 2025,2025-09-30,quarter,315.0,296.0,18.0,6.0,5.0,9.0,9.0,5.0,12.0,4.0,1.38,screener
SUKHJITS,Dec 2025,2025-12-31,quarter,347.0,327.0,20.0,6.0,2.0,8.0,9.0,4.0,25.0,3.0,1.0,screener
SUKHJITS,Mar 2026,2026-03-31,quarter,402.0,376.0,26.0,6.0,9.0,7.0,7.0,20.0,29.0,15.0,4.67,screener
SUKHJITS,Jun 2026,2026-06-30,quarter,396.0,366.0,30.0,8.0,1.0,7.0,9.0,16.0,23.0,12.0,3.89,screener
SULA,Dec 2024,2024-12-31,quarter,200.15,147.1,53.05,26.51,0.9,7.81,8.93,37.21,24.59,28.06,3.32,screener
SULA,Mar 2025,2025-03-31,quarter,125.71,97.25,28.46,22.64,1.01,7.17,8.74,13.56,3.91,13.03,1.54,screener
SULA,Jun 2025,2025-06-30,quarter,109.64,91.34,18.3,16.69,0.98,7.51,9.21,2.56,24.22,1.94,0.23,screener
SULA,Sep 2025,2025-09-30,quarter,130.91,105.45,25.46,19.45,0.83,8.55,9.47,8.27,27.21,6.02,0.71,screener
SULA,Dec 2025,2025-12-31,quarter,180.39,148.44,31.95,17.71,-0.79,8.19,10.41,12.56,27.55,9.1,1.08,screener
SULA,Mar 2026,2026-03-31,quarter,134.91,107.17,27.74,20.56,1.49,7.14,10.08,12.01,28.39,8.6,1.02,screener
SUMICHEM,Dec 2024,2024-12-31,quarter,642.0,536.0,106.0,17.0,31.0,2.0,19.0,117.0,25.0,87.0,1.74,screener
SUMICHEM,Mar 2025,2025-03-31,quarter,679.0,560.0,120.0,18.0,32.0,2.0,16.0,133.0,25.0,100.0,2.0,screener
SUMICHEM,Jun 2025,2025-06-30,quarter,1057.0,838.0,219.0,21.0,39.0,2.0,16.0,241.0,26.0,178.0,3.57,screener
SUMICHEM,Sep 2025,2025-09-30,quarter,930.0,712.0,218.0,23.0,39.0,2.0,17.0,238.0,25.0,178.0,3.56,screener
SUMICHEM,Dec 2025,2025-12-31,quarter,568.0,468.0,99.0,18.0,21.0,2.0,17.0,102.0,25.0,76.0,1.52,screener
SUMICHEM,Mar 2026,2026-03-31,quarter,684.0,550.0,134.0,20.0,32.0,2.0,17.0,148.0,25.0,111.0,2.23,screener
SUMICHEM,Jun 2026,2026-06-30,quarter,1063.0,830.0,233.0,22.0,74.0,2.0,17.0,288.0,26.0,215.0,4.3,screener
SUNCLAY,Mar 2025,2025-03-31,quarter,587.0,556.0,31.0,5.0,221.0,24.0,49.0,179.0,20.0,144.0,65.11,screener
SUNCLAY,Jun 2025,2025-06-30,quarter,512.0,495.0,16.0,3.2,4.0,26.0,46.0,-52.0,11.0,-58.0,-26.2,screener
SUNCLAY,Sep 2025,2025-09-30,quarter,495.0,480.0,15.0,3.0,4.0,27.0,51.0,-58.0,10.0,-64.0,-29.19,screener
SUNCLAY,Dec 2025,2025-12-31,quarter,501.0,465.0,36.0,7.0,-3.0,29.0,49.0,-45.0,16.0,-52.0,-23.55,screener
SUNCLAY,Mar 2026,2026-03-31,quarter,518.0,479.0,39.0,8.0,530.0,26.0,60.0,483.0,12.0,426.0,193.42,screener
SUNCLAY,Jun 2026,2026-06-30,quarter,592.0,580.0,12.0,2.0,4.0,21.0,48.0,-53.0,12.0,-59.0,-26.91,screener
SUNDARMFIN,Dec 2024,2024-12-31,quarter,2190.0,462.0,,,17.0,1087.0,58.0,601.0,25.0,455.0,41.0,screener
SUNDARMFIN,Mar 2025,2025-03-31,quarter,2259.0,368.0,,,41.0,1104.0,63.0,765.0,28.0,553.0,49.77,screener
SUNDARMFIN,Jun 2025,2025-06-30,quarter,2349.0,559.0,,,4.0,1163.0,56.0,575.0,28.0,475.0,42.77,screener
SUNDARMFIN,Sep 2025,2025-09-30,quarter,2386.0,515.0,,,15.0,1176.0,60.0,650.0,24.0,488.0,43.94,screener
SUNDARMFIN,Dec 2025,2025-12-31,quarter,2514.0,509.0,,,-51.0,1209.0,63.0,682.0,23.0,541.0,48.73,screener
SUNDARMFIN,Mar 2026,2026-03-31,quarter,2560.0,544.0,,,20.0,1197.0,67.0,773.0,25.0,554.0,49.88,screener
SUNDARMFIN,Jun 2026,2026-06-30,quarter,2644.0,580.0,,,9.0,1247.0,60.0,767.0,26.0,636.0,57.26,screener
SUNDRMFAST,Dec 2024,2024-12-31,quarter,1441.0,1213.0,228.0,16.0,3.0,8.0,56.0,166.0,21.0,131.0,6.2,screener
SUNDRMFAST,Mar 2025,2025-03-31,quarter,1531.0,1306.0,225.0,15.0,7.0,10.0,58.0,164.0,24.0,124.0,5.92,screener
SUNDRMFAST,Jun 2025,2025-06-30,quarter,1533.0,1286.0,247.0,16.0,20.0,9.0,59.0,199.0,26.0,148.0,7.06,screener
SUNDRMFAST,Sep 2025,2025-09-30,quarter,1521.0,1269.0,252.0,17.0,21.0,11.0,60.0,202.0,24.0,153.0,7.18,screener
SUNDRMFAST,Dec 2025,2025-12-31,quarter,1541.0,1301.0,240.0,16.0,-1.0,8.0,57.0,174.0,25.0,131.0,6.21,screener
SUNDRMFAST,Mar 2026,2026-03-31,quarter,1693.0,1437.0,256.0,15.0,27.0,10.0,60.0,213.0,24.0,161.0,7.68,screener
SUNDROP,Dec 2024,2024-12-31,quarter,208.3,193.9,14.4,6.91,-3.41,0.23,5.53,5.23,25.24,3.91,1.6,screener
SUNDROP,Mar 2025,2025-03-31,quarter,303.87,304.23,-0.36,-0.12,-141.36,0.28,9.34,-151.34,-24.64,-114.05,-30.25,screener
SUNDROP,Jun 2025,2025-06-30,quarter,372.12,358.46,13.66,3.67,0.92,0.36,8.56,5.66,23.85,4.31,1.14,screener
SUNDROP,Sep 2025,2025-09-30,quarter,383.3,379.38,3.92,1.02,0.56,0.33,8.04,-3.89,-46.27,-2.09,-0.55,screener
SUNDROP,Dec 2025,2025-12-31,quarter,407.47,387.13,20.34,4.99,0.47,0.68,7.95,12.18,33.83,8.06,2.14,screener
SUNDROP,Mar 2026,2026-03-31,quarter,386.55,365.37,21.18,5.48,0.86,0.46,8.34,13.24,25.6,9.85,2.61,screener
SUNFLAG,Dec 2024,2024-12-31,quarter,892.0,782.0,110.0,12.0,3.0,22.0,26.0,66.0,24.0,50.0,2.78,screener
SUNFLAG,Mar 2025,2025-03-31,quarter,883.0,783.0,100.0,11.0,3.0,22.0,26.0,55.0,22.0,43.0,2.4,screener
SUNFLAG,Jun 2025,2025-06-30,quarter,1023.0,903.0,120.0,12.0,10.0,21.0,27.0,82.0,24.0,63.0,3.47,screener
SUNFLAG,Sep 2025,2025-09-30,quarter,973.0,872.0,101.0,10.0,2.0,17.0,27.0,59.0,23.0,46.0,2.53,screener
SUNFLAG,Dec 2025,2025-12-31,quarter,942.0,810.0,132.0,14.0,-6.0,17.0,31.0,78.0,23.0,60.0,3.33,screener
SUNFLAG,Mar 2026,2026-03-31,quarter,1001.0,877.0,124.0,12.0,3.0,18.0,28.0,81.0,58.0,34.0,1.9,screener
SUNLITE,Mar 2025,2025-03-31,quarter,760.0,748.0,12.0,2.0,0.0,1.0,1.0,10.0,26.0,7.0,6.63,screener
SUNLITE,Mar 2026,2026-03-31,quarter,1669.0,1630.0,39.0,2.0,0.0,1.0,2.0,36.0,25.0,27.0,19.31,screener
SUNPHARMA,Dec 2024,2024-12-31,quarter,13675.0,9666.0,4009.0,29.0,149.0,52.0,631.0,3476.0,16.0,2913.0,12.1,screener
SUNPHARMA,Mar 2025,2025-03-31,quarter,12959.0,9243.0,3716.0,29.0,251.0,49.0,664.0,3254.0,34.0,2154.0,8.96,screener
SUNPHARMA,Jun 2025,2025-06-30,quarter,13851.0,9550.0,4302.0,31.0,-354.0,75.0,701.0,3173.0,27.0,2293.0,9.5,screener
SUNPHARMA,Sep 2025,2025-09-30,quarter,14478.0,9951.0,4527.0,31.0,470.0,100.0,730.0,4168.0,25.0,3125.0,13.0,screener
SUNPHARMA,Dec 2025,2025-12-31,quarter,15521.0,10572.0,4948.0,32.0,89.0,78.0,732.0,4227.0,20.0,3381.0,14.04,screener
SUNPHARMA,Mar 2026,2026-03-31,quarter,14612.0,10658.0,3954.0,27.0,458.0,86.0,775.0,3551.0,23.0,2710.0,11.31,screener
SUNPHARMA,Jun 2026,2026-06-30,quarter,15300.0,10882.0,4418.0,29.0,520.0,100.0,739.0,4099.0,29.0,2901.0,12.06,screener
SUNTECK,Dec 2024,2024-12-31,quarter,162.0,113.0,48.0,30.0,13.0,9.0,3.0,49.0,14.0,43.0,2.9,screener
SUNTECK,Mar 2025,2025-03-31,quarter,206.0,137.0,69.0,33.0,13.0,12.0,3.0,67.0,25.0,50.0,3.44,screener
SUNTECK,Jun 2025,2025-06-30,quarter,188.0,141.0,48.0,25.0,13.0,15.0,3.0,43.0,22.0,33.0,2.28,screener
SUNTECK,Sep 2025,2025-09-30,quarter,252.0,175.0,78.0,31.0,10.0,19.0,4.0,65.0,24.0,49.0,3.34,screener
SUNTECK,Dec 2025,2025-12-31,quarter,344.0,263.0,81.0,24.0,12.0,12.0,4.0,78.0,27.0,57.0,3.97,screener
SUNTECK,Mar 2026,2026-03-31,quarter,339.0,242.0,97.0,28.0,10.0,20.0,4.0,83.0,24.0,63.0,4.34,screener
SUNTV,Dec 2024,2024-12-31,quarter,829.0,384.0,445.0,54.0,146.0,4.0,113.0,474.0,23.0,364.0,9.22,screener
SUNTV,Mar 2025,2025-03-31,quarter,942.0,527.0,414.0,44.0,184.0,4.0,118.0,477.0,22.0,371.0,9.41,screener
SUNTV,Jun 2025,2025-06-30,quarter,1290.0,674.0,617.0,48.0,189.0,4.0,108.0,694.0,24.0,529.0,13.43,screener
SUNTV,Sep 2025,2025-09-30,quarter,1300.0,546.0,754.0,58.0,140.0,4.0,404.0,486.0,27.0,355.0,8.99,screener
SUNTV,Dec 2025,2025-12-31,quarter,862.0,443.0,420.0,49.0,133.0,3.0,113.0,436.0,26.0,324.0,8.22,screener
SUNTV,Mar 2026,2026-03-31,quarter,883.0,492.0,391.0,44.0,33.0,3.0,98.0,323.0,28.0,232.0,5.89,screener
SUPERHOUSE,Dec 2024,2024-12-31,quarter,163.88,159.52,4.36,2.66,5.75,4.78,3.67,1.66,71.08,0.51,0.46,screener
SUPERHOUSE,Mar 2025,2025-03-31,quarter,176.04,166.36,9.68,5.5,1.62,6.68,5.21,-0.59,-44.07,0.66,0.81,screener
SUPERHOUSE,Jun 2025,2025-06-30,quarter,162.68,155.57,7.11,4.37,4.12,5.77,4.71,0.75,233.33,-0.32,-0.25,screener
SUPERHOUSE,Sep 2025,2025-09-30,quarter,190.05,177.77,12.28,6.46,2.97,5.72,4.54,4.99,33.07,4.25,3.85,screener
SUPERHOUSE,Dec 2025,2025-12-31,quarter,169.09,159.59,9.5,5.62,2.31,4.38,4.81,2.62,68.7,1.28,1.16,screener
SUPERHOUSE,Mar 2026,2026-03-31,quarter,154.95,142.25,12.7,8.2,-3.17,5.15,5.24,-0.86,169.77,-1.29,-1.17,screener
SUPRAJIT,Dec 2024,2024-12-31,quarter,832.0,735.0,97.0,12.0,13.0,19.0,31.0,60.0,45.0,33.0,2.44,screener
SUPRAJIT,Mar 2025,2025-03-31,quarter,877.0,790.0,87.0,10.0,10.0,14.0,32.0,50.0,46.0,27.0,1.99,screener
SUPRAJIT,Jun 2025,2025-06-30,quarter,863.0,781.0,82.0,9.0,39.0,15.0,34.0,71.0,32.0,48.0,3.51,screener
SUPRAJIT,Sep 2025,2025-09-30,quarter,941.0,841.0,100.0,11.0,35.0,16.0,37.0,81.0,37.0,51.0,3.71,screener
SUPRAJIT,Dec 2025,2025-12-31,quarter,979.0,884.0,95.0,10.0,3.0,18.0,39.0,41.0,69.0,13.0,0.91,screener
SUPRAJIT,Mar 2026,2026-03-31,quarter,1042.0,922.0,120.0,12.0,31.0,14.0,40.0,97.0,27.0,71.0,5.18,screener
SUPREMEIND,Dec 2024,2024-12-31,quarter,2510.0,2201.0,309.0,12.0,31.0,3.0,91.0,245.0,24.0,187.0,14.72,screener
SUPREMEIND,Mar 2025,2025-03-31,quarter,3027.0,2611.0,416.0,14.0,45.0,3.0,91.0,367.0,20.0,294.0,23.14,screener
SUPREMEIND,Jun 2025,2025-06-30,quarter,2609.0,2290.0,319.0,12.0,42.0,3.0,93.0,265.0,24.0,202.0,15.93,screener
SUPREMEIND,Sep 2025,2025-09-30,quarter,2394.0,2096.0,297.0,12.0,30.0,6.0,104.0,218.0,24.0,165.0,12.97,screener
SUPREMEIND,Dec 2025,2025-12-31,quarter,2687.0,2373.0,314.0,12.0,13.0,11.0,110.0,206.0,26.0,153.0,12.07,screener
SUPREMEIND,Mar 2026,2026-03-31,quarter,3528.0,2905.0,623.0,18.0,60.0,9.0,121.0,553.0,22.0,434.0,34.13,screener
SUPREMEIND,Jun 2026,2026-06-30,quarter,2718.0,2320.0,398.0,15.0,82.0,4.0,122.0,354.0,21.0,281.0,22.1,screener
SUPREMEINF,Sep 2024,2024-09-30,quarter,10.0,14.0,-4.0,-41.0,2.0,337.0,2.0,-341.0,0.0,-341.0,-132.59,screener
SUPREMEINF,Dec 2024,2024-12-31,quarter,7.0,11.0,-4.0,-59.0,-2.0,355.0,2.0,-362.0,0.0,-362.0,-140.82,screener
SUPREMEINF,Mar 2025,2025-03-31,quarter,22.0,34.0,-12.0,-54.0,15.0,375.0,2.0,-373.0,0.0,-373.0,-145.04,screener
SUPREMEINF,Jun 2025,2025-06-30,quarter,8.0,11.0,-3.0,-35.0,0.0,396.0,1.0,-400.0,0.0,-400.0,-155.62,screener
SUPREMEINF,Sep 2025,2025-09-30,quarter,14.0,17.0,-4.0,-27.0,6466.0,155.0,1.0,6306.0,0.0,6306.0,651.87,screener
SUPREMEINF,Dec 2025,2025-12-31,quarter,30.0,22.0,7.0,25.0,0.0,55.0,1.0,-49.0,0.0,-49.0,-5.09,screener
SUPREMEINF,Mar 2026,2026-03-31,quarter,14.0,16.0,-3.0,-18.0,2.0,58.0,1.0,-60.0,0.0,-60.0,-6.19,screener
SURAJEST,Dec 2024,2024-12-31,quarter,170.0,124.0,46.0,27.0,2.0,20.0,1.0,26.0,23.0,20.0,4.18,screener
SURAJEST,Mar 2025,2025-03-31,quarter,136.0,106.0,30.0,22.0,1.0,4.0,1.0,26.0,30.0,18.0,3.83,screener
SURAJEST,Jun 2025,2025-06-30,quarter,132.0,83.0,50.0,37.0,1.0,21.0,1.0,28.0,25.0,21.0,4.45,screener
SURAJEST,Sep 2025,2025-09-30,quarter,145.0,80.0,65.0,45.0,1.0,20.0,1.0,44.0,25.0,33.0,6.93,screener
SURAJEST,Dec 2025,2025-12-31,quarter,180.0,126.0,54.0,30.0,1.0,20.0,1.0,34.0,26.0,25.0,5.26,screener
SURAJEST,Mar 2026,2026-03-31,quarter,99.0,49.0,50.0,50.0,2.0,32.0,1.0,19.0,43.0,11.0,2.25,screener
SURAKSHA,Dec 2024,2024-12-31,quarter,59.51,41.26,18.25,30.67,0.6,1.98,8.83,8.04,25.62,5.98,1.18,screener
SURAKSHA,Mar 2025,2025-03-31,quarter,65.09,45.91,19.18,29.47,0.82,2.06,8.73,9.21,22.15,7.17,1.42,screener
SURAKSHA,Jun 2025,2025-06-30,quarter,72.59,48.85,23.74,32.7,0.91,2.7,9.48,12.47,26.46,9.18,1.8,screener
SURAKSHA,Sep 2025,2025-09-30,quarter,78.73,54.61,24.12,30.64,0.85,2.78,10.14,12.05,26.72,8.83,1.73,screener
SURAKSHA,Dec 2025,2025-12-31,quarter,77.69,54.53,23.16,29.81,0.62,3.16,10.56,10.06,28.03,7.24,1.44,screener
SURAKSHA,Mar 2026,2026-03-31,quarter,81.41,57.04,24.37,29.93,0.79,3.92,11.26,9.98,38.28,6.16,1.21,screener
SURANAT&P,Dec 2024,2024-12-31,quarter,4.0,2.0,2.0,44.0,1.0,0.0,2.0,1.0,29.0,0.0,0.06,screener
SURANAT&P,Mar 2025,2025-03-31,quarter,5.0,7.0,-2.0,-49.0,28.0,0.0,2.0,23.0,18.0,19.0,1.42,screener
SURANAT&P,Jun 2025,2025-06-30,quarter,4.0,3.0,2.0,37.0,3.0,0.0,2.0,3.0,18.0,2.0,0.2,screener
SURANAT&P,Sep 2025,2025-09-30,quarter,9.0,9.0,0.0,3.0,2.0,0.0,2.0,0.0,60.0,0.0,0.06,screener
SURANAT&P,Dec 2025,2025-12-31,quarter,23.0,23.0,0.0,0.0,7.0,0.0,2.0,5.0,19.0,4.0,0.3,screener
SURANAT&P,Mar 2026,2026-03-31,quarter,24.0,28.0,-5.0,-19.0,26.0,2.0,1.0,19.0,19.0,15.0,1.28,screener
SURYAROSNI,Dec 2024,2024-12-31,quarter,1868.0,1718.0,150.0,8.0,6.0,5.0,30.0,121.0,26.0,90.0,4.13,screener
SURYAROSNI,Mar 2025,2025-03-31,quarter,2146.0,1943.0,202.0,9.0,9.0,5.0,31.0,175.0,26.0,130.0,5.98,screener
SURYAROSNI,Jun 2025,2025-06-30,quarter,1605.0,1535.0,70.0,4.0,13.0,5.0,32.0,46.0,26.0,34.0,1.55,screener
SURYAROSNI,Sep 2025,2025-09-30,quarter,1845.0,1727.0,118.0,6.0,23.0,9.0,32.0,100.0,26.0,74.0,3.41,screener
SURYAROSNI,Dec 2025,2025-12-31,quarter,1927.0,1783.0,145.0,8.0,3.0,7.0,33.0,107.0,26.0,80.0,3.66,screener
SURYAROSNI,Mar 2026,2026-03-31,quarter,2163.0,2009.0,154.0,7.0,16.0,6.0,33.0,131.0,25.0,98.0,4.52,screener
SUVEN,Dec 2024,2024-12-31,quarter,2.0,41.0,-39.0,-2435.0,2.0,0.0,2.0,-39.0,0.0,-39.0,-1.79,screener
SUVEN,Mar 2025,2025-03-31,quarter,1.0,45.0,-44.0,-2981.0,1.0,0.0,1.0,-44.0,0.0,-44.0,-2.01,screener
SUVEN,Jun 2025,2025-06-30,quarter,2.0,53.0,-51.0,-2714.0,1.0,0.0,1.0,-52.0,0.0,-52.0,-2.36,screener
SUVEN,Sep 2025,2025-09-30,quarter,1.0,81.0,-80.0,-8671.0,4.0,0.0,1.0,-77.0,0.0,-77.0,-3.4,screener
SUVEN,Dec 2025,2025-12-31,quarter,3.0,106.0,-103.0,-3678.0,3.0,0.0,1.0,-102.0,0.0,-102.0,-4.48,screener
SUVEN,Mar 2026,2026-03-31,quarter,2.0,52.0,-51.0,-3331.0,7.0,0.0,2.0,-46.0,0.0,-46.0,-1.73,screener
SUVEN,Jun 2026,2026-06-30,quarter,4.0,136.0,-132.0,-3711.0,8.0,0.0,2.0,-128.0,0.0,-128.0,-4.83,screener
SUVIDHAA,Dec 2024,2024-12-31,quarter,1.28,2.38,-1.1,-85.94,0.11,0.11,2.09,-3.19,0.0,-3.19,-0.15,screener
SUVIDHAA,Mar 2025,2025-03-31,quarter,1.7,5.37,-3.67,-215.88,0.19,0.09,1.99,-5.56,0.0,-5.56,-0.27,screener
SUVIDHAA,Jun 2025,2025-06-30,quarter,1.02,5.65,-4.63,-453.92,0.61,0.03,0.25,-4.3,0.0,-4.3,-0.2,screener
SUVIDHAA,Sep 2025,2025-09-30,quarter,1.0,2.56,-1.56,-156.0,0.02,0.01,0.21,-1.76,0.0,-1.76,-0.08,screener
SUVIDHAA,Dec 2025,2025-12-31,quarter,0.8,2.76,-1.96,-245.0,0.02,0.02,0.21,-2.17,0.0,-2.17,-0.1,screener
SUVIDHAA,Mar 2026,2026-03-31,quarter,0.68,2.39,-1.71,-251.47,0.05,0.01,0.2,-1.87,0.0,-1.87,-0.06,screener
SUYOG,Dec 2024,2024-12-31,quarter,49.0,15.0,34.0,70.0,1.0,4.0,12.0,19.0,12.0,17.0,15.9,screener
SUYOG,Mar 2025,2025-03-31,quarter,50.0,42.0,8.0,16.0,0.0,5.0,13.0,-9.0,52.0,-14.0,-12.38,screener
SUYOG,Jun 2025,2025-06-30,quarter,55.0,13.0,41.0,75.0,2.0,6.0,15.0,22.0,20.0,17.0,15.48,screener
SUYOG,Sep 2025,2025-09-30,quarter,55.0,14.0,42.0,75.0,1.0,6.0,16.0,22.0,24.0,17.0,14.85,screener
SUYOG,Dec 2025,2025-12-31,quarter,56.0,16.0,40.0,71.0,1.0,6.0,16.0,20.0,25.0,15.0,12.49,screener
SUYOG,Mar 2026,2026-03-31,quarter,56.0,14.0,42.0,75.0,1.0,7.0,16.0,20.0,28.0,14.0,12.37,screener
SUZLON,Mar 2025,2025-03-31,quarter,3790.0,3096.0,693.0,18.0,35.0,85.0,93.0,551.0,-114.0,1181.0,0.87,screener
SUZLON,Jun 2025,2025-06-30,quarter,3132.0,2533.0,599.0,19.0,33.0,103.0,70.0,459.0,29.0,324.0,0.24,screener
SUZLON,Sep 2025,2025-09-30,quarter,3871.0,3150.0,721.0,19.0,27.0,110.0,75.0,562.0,-127.0,1279.0,0.94,screener
SUZLON,Dec 2025,2025-12-31,quarter,4236.0,3498.0,738.0,17.0,23.0,114.0,80.0,567.0,21.0,445.0,0.33,screener
SUZLON,Mar 2026,2026-03-31,quarter,5493.0,4529.0,964.0,18.0,97.0,135.0,93.0,833.0,-34.0,1114.0,0.82,screener
SUZLON,Jun 2026,2026-06-30,quarter,3829.0,3234.0,595.0,16.0,33.0,134.0,106.0,389.0,22.0,305.0,0.22,screener
SWANCORP,Dec 2024,2024-12-31,quarter,1908.0,2564.0,-656.0,-34.0,1869.0,45.0,61.0,1107.0,49.0,562.0,18.59,screener
SWANCORP,Mar 2025,2025-03-31,quarter,856.0,842.0,14.0,1.6,24.0,23.0,31.0,-15.0,45.0,-22.0,-0.57,screener
SWANCORP,Jun 2025,2025-06-30,quarter,1213.0,1186.0,27.0,2.2,59.0,22.0,30.0,34.0,20.0,27.0,0.61,screener
SWANCORP,Sep 2025,2025-09-30,quarter,1138.0,1133.0,5.0,0.4,47.0,21.0,30.0,1.0,1044.0,-6.0,-0.12,screener
SWANCORP,Dec 2025,2025-12-31,quarter,1150.0,1125.0,25.0,2.2,28.0,18.0,31.0,4.0,129.0,-1.0,-0.31,screener
SWANCORP,Mar 2026,2026-03-31,quarter,870.0,1131.0,-261.0,-30.0,639.0,20.0,32.0,327.0,23.0,251.0,8.57,screener
SWANCORP,Jun 2026,2026-06-30,quarter,1014.0,1018.0,-4.0,-0.4,34.0,34.0,31.0,-35.0,3.0,-36.0,-1.0,screener
SWELECTES,Dec 2024,2024-12-31,quarter,91.0,73.0,18.0,20.0,9.0,13.0,11.0,3.0,453.0,-11.0,-7.1,screener
SWELECTES,Mar 2025,2025-03-31,quarter,218.81,190.18,28.63,13.08,14.05,15.67,11.27,15.74,42.95,8.98,5.84,screener
SWELECTES,Jun 2025,2025-06-30,quarter,177.22,135.5,41.72,23.54,11.62,13.93,11.56,27.85,24.09,21.14,13.55,screener
SWELECTES,Sep 2025,2025-09-30,quarter,138.86,98.1,40.76,29.35,8.52,15.57,12.8,20.91,24.29,15.83,10.01,screener
SWELECTES,Dec 2025,2025-12-31,quarter,138.63,105.21,33.42,24.11,6.75,14.5,11.66,14.01,32.05,9.52,6.11,screener
SWELECTES,Mar 2026,2026-03-31,quarter,202.42,166.94,35.48,17.53,7.29,17.22,12.75,12.8,13.36,11.09,6.73,screener
SWELECTES,Jun 2026,2026-06-30,quarter,130.77,102.37,28.4,21.72,9.94,15.24,12.7,10.4,26.35,7.66,4.66,screener
SWIGGY,Dec 2024,2024-12-31,quarter,3992.0,4718.0,-726.0,-18.0,107.0,26.0,154.0,-799.0,0.0,-799.0,-3.57,screener
SWIGGY,Mar 2025,2025-03-31,quarter,4410.0,5374.0,-964.0,-22.0,121.0,32.0,206.0,-1081.0,0.0,-1081.0,-4.73,screener
SWIGGY,Jun 2025,2025-06-30,quarter,4961.0,5916.0,-955.0,-19.0,87.0,41.0,288.0,-1197.0,0.0,-1197.0,-4.8,screener
SWIGGY,Sep 2025,2025-09-30,quarter,5561.0,6360.0,-799.0,-14.0,59.0,48.0,304.0,-1092.0,0.0,-1092.0,-4.38,screener
SWIGGY,Dec 2025,2025-12-31,quarter,6148.0,6931.0,-783.0,-13.0,86.0,55.0,313.0,-1065.0,0.0,-1065.0,-3.86,screener
SWIGGY,Mar 2026,2026-03-31,quarter,6383.0,7081.0,-698.0,-11.0,266.0,56.0,312.0,-800.0,0.0,-800.0,-2.9,screener
SWIGGY,Jun 2026,2026-06-30,quarter,6812.0,7463.0,-651.0,-10.0,211.0,53.0,298.0,-791.0,0.0,-791.0,-2.87,screener
SWSOLAR,Dec 2024,2024-12-31,quarter,1837.0,1767.0,70.0,4.0,5.0,31.0,3.0,41.0,58.0,17.0,0.64,screener
SWSOLAR,Mar 2025,2025-03-31,quarter,2519.0,2386.0,134.0,5.0,-13.0,31.0,3.0,87.0,37.0,55.0,2.37,screener
SWSOLAR,Jun 2025,2025-06-30,quarter,1762.0,1676.0,85.0,5.0,21.0,29.0,3.0,75.0,48.0,39.0,1.37,screener
SWSOLAR,Sep 2025,2025-09-30,quarter,1749.0,1745.0,4.0,0.0,-469.0,36.0,3.0,-503.0,-5.0,-478.0,-20.26,screener
SWSOLAR,Dec 2025,2025-12-31,quarter,2092.0,2025.0,67.0,3.0,-12.0,47.0,3.0,4.0,65.0,2.0,-0.12,screener
SWSOLAR,Mar 2026,2026-03-31,quarter,1946.0,1800.0,146.0,7.0,53.0,42.0,3.0,154.0,8.0,142.0,5.76,screener
SYMPHONY,Dec 2024,2024-12-31,quarter,242.0,213.0,29.0,12.0,-39.0,2.0,6.0,-18.0,-44.0,-10.0,-1.46,screener
SYMPHONY,Mar 2025,2025-03-31,quarter,488.0,381.0,107.0,22.0,11.0,3.0,5.0,110.0,28.0,79.0,11.5,screener
SYMPHONY,Jun 2025,2025-06-30,quarter,251.0,225.0,26.0,10.0,29.0,0.0,2.0,53.0,21.0,42.0,6.12,screener
SYMPHONY,Sep 2025,2025-09-30,quarter,163.0,139.0,24.0,15.0,7.0,0.0,3.0,28.0,32.0,19.0,2.77,screener
SYMPHONY,Dec 2025,2025-12-31,quarter,233.0,209.0,24.0,10.0,12.0,4.0,5.0,27.0,30.0,19.0,2.77,screener
SYMPHONY,Mar 2026,2026-03-31,quarter,338.0,288.0,50.0,15.0,-196.0,5.0,6.0,-157.0,39.0,-218.0,-31.75,screener
SYNGENE,Dec 2024,2024-12-31,quarter,944.0,660.0,284.0,30.0,18.0,12.0,109.0,181.0,27.0,131.0,3.26,screener
SYNGENE,Mar 2025,2025-03-31,quarter,1018.0,674.4,343.6,33.75,18.9,15.9,106.1,240.5,23.78,183.3,4.55,screener
SYNGENE,Jun 2025,2025-06-30,quarter,874.5,668.1,206.4,23.6,17.7,11.6,111.2,101.3,14.41,86.7,2.15,screener
SYNGENE,Sep 2025,2025-09-30,quarter,910.6,711.1,199.5,21.91,15.4,13.2,116.5,85.2,21.24,67.1,1.67,screener
SYNGENE,Dec 2025,2025-12-31,quarter,917.1,707.9,209.2,22.81,-55.2,11.9,113.7,28.4,47.18,15.0,0.37,screener
SYNGENE,Mar 2026,2026-03-31,quarter,1036.5,733.1,303.4,29.27,16.2,12.1,111.5,196.0,24.54,147.9,3.67,screener
SYNGENE,Jun 2026,2026-06-30,quarter,736.0,645.2,90.8,12.34,11.8,9.6,112.2,-19.2,-53.12,-9.0,-0.22,screener
SYRMA,Dec 2024,2024-12-31,quarter,870.0,790.0,80.0,9.0,20.0,15.0,20.0,64.0,17.0,53.0,2.74,screener
SYRMA,Mar 2025,2025-03-31,quarter,924.0,817.0,108.0,12.0,22.0,16.0,21.0,93.0,23.0,71.0,3.67,screener
SYRMA,Jun 2025,2025-06-30,quarter,944.0,857.0,87.0,9.0,16.0,15.0,21.0,67.0,26.0,50.0,2.79,screener
SYRMA,Sep 2025,2025-09-30,quarter,1146.0,1031.0,115.0,10.0,9.0,13.0,22.0,90.0,26.0,66.0,3.33,screener
SYRMA,Dec 2025,2025-12-31,quarter,1264.0,1105.0,159.0,13.0,7.0,8.0,20.0,138.0,20.0,110.0,5.33,screener
SYRMA,Mar 2026,2026-03-31,quarter,1465.0,1291.0,174.0,12.0,11.0,13.0,21.0,150.0,21.0,119.0,5.25,screener
SYRMA,Jun 2026,2026-06-30,quarter,1589.0,1427.0,162.0,10.0,15.0,13.0,22.0,141.0,25.0,106.0,5.19,screener
TAJGVK,Dec 2024,2024-12-31,quarter,127.0,77.0,50.0,39.0,2.0,2.0,3.0,46.0,26.0,41.0,6.57,screener
TAJGVK,Mar 2025,2025-03-31,quarter,125.0,92.0,33.0,27.0,6.0,2.0,3.0,34.0,16.0,35.0,5.55,screener
TAJGVK,Jun 2025,2025-06-30,quarter,106.0,75.0,32.0,30.0,2.0,1.0,3.0,29.0,28.0,26.0,4.14,screener
TAJGVK,Sep 2025,2025-09-30,quarter,107.0,74.0,34.0,31.0,2.0,1.0,3.0,32.0,25.0,28.0,4.39,screener
TAJGVK,Dec 2025,2025-12-31,quarter,136.0,94.0,42.0,31.0,2.0,1.0,3.0,40.0,27.0,37.0,5.9,screener
TAJGVK,Mar 2026,2026-03-31,quarter,159.0,111.0,47.0,30.0,285.0,1.0,5.0,326.0,3.0,320.0,51.0,screener
TALBROAUTO,Dec 2024,2024-12-31,quarter,201.0,169.0,33.0,16.0,8.0,3.0,8.0,29.0,19.0,24.0,3.86,screener
TALBROAUTO,Mar 2025,2025-03-31,quarter,206.0,171.0,35.0,17.0,10.0,4.0,8.0,34.0,21.0,27.0,4.31,screener
TALBROAUTO,Jun 2025,2025-06-30,quarter,207.0,176.0,31.0,15.0,8.0,3.0,8.0,28.0,21.0,22.0,3.6,screener
TALBROAUTO,Sep 2025,2025-09-30,quarter,213.0,181.0,32.0,15.0,9.0,3.0,8.0,29.0,20.0,23.0,3.74,screener
TALBROAUTO,Dec 2025,2025-12-31,quarter,214.0,181.0,33.0,15.0,13.0,4.0,8.0,34.0,20.0,27.0,4.41,screener
TALBROAUTO,Mar 2026,2026-03-31,quarter,237.0,196.0,41.0,17.0,11.0,3.0,8.0,40.0,21.0,32.0,5.12,screener
TALBROAUTO,Jun 2026,2026-06-30,quarter,238.0,199.0,39.0,16.0,10.0,3.0,8.0,38.0,20.0,30.0,4.86,screener
TANLA,Dec 2024,2024-12-31,quarter,1000.0,837.0,163.0,16.0,9.0,1.0,25.0,147.0,19.0,119.0,8.8,screener
TANLA,Mar 2025,2025-03-31,quarter,1024.0,861.0,163.0,16.0,11.0,1.0,27.0,146.0,20.0,117.0,8.72,screener
TANLA,Jun 2025,2025-06-30,quarter,1041.0,877.0,164.0,16.0,12.0,1.0,27.0,147.0,20.0,118.0,8.8,screener
TANLA,Sep 2025,2025-09-30,quarter,1078.0,901.0,177.0,16.0,9.0,1.0,30.0,156.0,20.0,125.0,9.43,screener
TANLA,Dec 2025,2025-12-31,quarter,1121.0,931.0,191.0,17.0,8.0,1.0,32.0,165.0,20.0,131.0,9.91,screener
TANLA,Mar 2026,2026-03-31,quarter,1178.0,986.0,192.0,16.0,8.0,1.0,33.0,167.0,19.0,134.0,10.13,screener
TANLA,Jun 2026,2026-06-30,quarter,1226.0,1025.0,201.0,16.0,14.0,1.0,33.0,181.0,22.0,142.0,10.72,screener
TARC,Dec 2024,2024-12-31,quarter,9.35,20.53,-11.18,-119.57,1.87,19.38,2.44,-31.13,-7.84,-28.69,-0.97,screener
TARC,Mar 2025,2025-03-31,quarter,11.82,95.47,-83.65,-707.7,2.08,24.83,2.32,-108.72,-3.83,-104.56,-3.54,screener
TARC,Jun 2025,2025-06-30,quarter,75.89,196.2,-120.31,-158.53,219.47,15.28,2.41,81.47,33.45,54.21,1.84,screener
TARC,Sep 2025,2025-09-30,quarter,6.87,42.51,-35.64,-518.78,27.23,11.23,2.4,-22.04,-28.45,-15.77,-0.53,screener
TARC,Dec 2025,2025-12-31,quarter,38.38,56.59,-18.21,-47.45,3.92,10.89,2.39,-27.57,-23.72,-21.03,-0.71,screener
TARC,Mar 2026,2026-03-31,quarter,208.7,298.97,-90.27,-43.25,91.32,15.21,2.9,-17.06,-109.44,1.61,0.05,screener
TARIL,Dec 2024,2024-12-31,quarter,559.0,475.0,85.0,15.0,9.0,14.0,6.0,74.0,25.0,55.0,1.82,screener
TARIL,Mar 2025,2025-03-31,quarter,676.0,545.0,131.0,19.0,10.0,15.0,7.0,119.0,21.0,94.0,3.14,screener
TARIL,Jun 2025,2025-06-30,quarter,529.0,441.0,88.0,17.0,20.0,10.0,8.0,90.0,25.0,67.0,2.24,screener
TARIL,Sep 2025,2025-09-30,quarter,460.0,409.0,52.0,11.0,14.0,13.0,7.0,45.0,18.0,37.0,1.13,screener
TARIL,Dec 2025,2025-12-31,quarter,737.0,612.0,125.0,17.0,4.0,13.0,8.0,108.0,30.0,76.0,2.46,screener
TARIL,Mar 2026,2026-03-31,quarter,783.0,664.0,118.0,15.0,22.0,14.0,7.0,119.0,24.0,91.0,2.97,screener
TARIL,Jun 2026,2026-06-30,quarter,572.0,479.0,93.0,16.0,16.0,15.0,7.0,88.0,27.0,64.0,2.05,screener
TARSONS,Dec 2024,2024-12-31,quarter,95.68,66.04,29.64,30.98,0.85,5.03,17.41,8.05,34.66,5.26,0.99,screener
TARSONS,Mar 2025,2025-03-31,quarter,112.69,75.67,37.02,32.85,3.78,5.2,20.03,15.57,34.49,10.2,1.92,screener
TARSONS,Jun 2025,2025-06-30,quarter,91.36,66.66,24.7,27.04,3.34,5.07,19.94,3.03,41.25,1.78,0.33,screener
TARSONS,Sep 2025,2025-09-30,quarter,102.33,74.88,27.45,26.82,5.8,5.18,22.48,5.59,40.61,3.32,0.62,screener
TARSONS,Dec 2025,2025-12-31,quarter,107.89,76.37,31.52,29.21,7.07,6.05,25.04,7.5,32.93,5.04,0.95,screener
TARSONS,Mar 2026,2026-03-31,quarter,120.93,86.66,34.27,28.34,6.83,6.25,29.08,5.77,27.56,4.18,0.79,screener
TARSONS,Jun 2026,2026-06-30,quarter,110.24,84.25,25.99,23.58,5.98,6.27,27.02,-1.32,9.09,-1.44,-0.27,screener
TATACAP,Dec 2024,2024-12-31,quarter,7104.0,1762.0,,,8.0,3836.0,99.0,1415.0,26.0,1050.0,2.87,screener
TATACAP,Mar 2025,2025-03-31,quarter,7478.0,2072.0,,,31.0,3960.0,109.0,1368.0,27.0,1000.0,2.77,screener
TATACAP,Jun 2025,2025-06-30,quarter,7665.0,2126.0,,,27.0,4066.0,118.0,1382.0,25.0,1041.0,2.48,screener
TATACAP,Sep 2025,2025-09-30,quarter,7737.0,2135.0,,,16.0,3976.0,135.0,1507.0,26.0,1119.0,2.72,screener
TATACAP,Dec 2025,2025-12-31,quarter,7976.0,2172.0,,,-40.0,3928.0,142.0,1695.0,25.0,1265.0,2.96,screener
TATACAP,Mar 2026,2026-03-31,quarter,8160.0,2026.0,,,3.0,4017.0,143.0,1978.0,26.0,1466.0,3.54,screener
TATACAP,Jun 2026,2026-06-30,quarter,8822.0,2143.0,,,4.0,4370.0,154.0,2159.0,25.0,1628.0,3.65,screener
TATACHEM,Dec 2024,2024-12-31,quarter,3590.0,3156.0,434.0,12.0,-10.0,148.0,280.0,-4.0,425.0,-21.0,-2.08,screener
TATACHEM,Mar 2025,2025-03-31,quarter,3509.0,3182.0,327.0,9.0,29.0,137.0,293.0,-74.0,-34.0,-49.0,-2.2,screener
TATACHEM,Jun 2025,2025-06-30,quarter,3719.0,3070.0,649.0,17.0,138.0,147.0,280.0,360.0,12.0,316.0,9.89,screener
TATACHEM,Sep 2025,2025-09-30,quarter,3877.0,3340.0,537.0,14.0,128.0,144.0,285.0,236.0,35.0,154.0,3.02,screener
TATACHEM,Dec 2025,2025-12-31,quarter,3550.0,3205.0,345.0,10.0,21.0,146.0,293.0,-73.0,-5.0,-69.0,-3.65,screener
TATACHEM,Mar 2026,2026-03-31,quarter,3438.0,3164.0,274.0,8.0,-1760.0,153.0,343.0,-1982.0,7.0,-2116.0,-83.67,screener
TATACOMM,Dec 2024,2024-12-31,quarter,5798.0,4617.0,1181.0,20.0,-7.0,187.0,637.0,350.0,36.0,236.0,8.28,screener
TATACOMM,Mar 2025,2025-03-31,quarter,5990.0,4868.0,1122.0,19.0,926.0,182.0,672.0,1193.0,15.0,1041.0,36.5,screener
TATACOMM,Jun 2025,2025-06-30,quarter,5960.0,4823.0,1137.0,19.0,-46.0,177.0,666.0,249.0,26.0,190.0,6.67,screener
TATACOMM,Sep 2025,2025-09-30,quarter,6100.0,4926.0,1174.0,19.0,-38.0,202.0,679.0,255.0,32.0,183.0,6.42,screener
TATACOMM,Dec 2025,2025-12-31,quarter,6189.0,4961.0,1228.0,20.0,183.0,201.0,751.0,458.0,22.0,364.0,12.82,screener
TATACOMM,Mar 2026,2026-03-31,quarter,6554.0,5270.0,1284.0,20.0,63.0,182.0,731.0,434.0,42.0,259.0,9.24,screener
TATACOMM,Jun 2026,2026-06-30,quarter,6583.0,5353.0,1230.0,19.0,-93.0,186.0,739.0,211.0,41.0,130.0,4.71,screener
TATACONSUM,Dec 2024,2024-12-31,quarter,4444.0,3879.0,565.0,13.0,45.0,58.0,150.0,402.0,25.0,282.0,2.82,screener
TATACONSUM,Mar 2025,2025-03-31,quarter,4608.0,3987.0,621.0,13.0,102.0,40.0,153.0,530.0,23.0,349.0,3.49,screener
TATACONSUM,Jun 2025,2025-06-30,quarter,4779.0,4172.0,607.0,13.0,41.0,34.0,149.0,465.0,26.0,332.0,3.38,screener
TATACONSUM,Sep 2025,2025-09-30,quarter,4966.0,4294.0,672.0,14.0,38.0,33.0,153.0,523.0,24.0,407.0,4.09,screener
TATACONSUM,Dec 2025,2025-12-31,quarter,5112.0,4391.0,721.0,14.0,10.0,32.0,159.0,540.0,25.0,385.0,3.89,screener
TATACONSUM,Mar 2026,2026-03-31,quarter,5434.0,4641.0,792.0,15.0,55.0,38.0,165.0,644.0,24.0,424.0,4.24,screener
TATACONSUM,Jun 2026,2026-06-30,quarter,5349.0,4625.0,724.0,14.0,72.0,39.0,165.0,592.0,25.0,427.0,4.31,screener
TATAELXSI,Dec 2013,2013-12-31,quarter,200.0,157.0,44.0,22.0,-1.0,0.0,9.0,33.0,34.0,22.0,3.46,screener
TATAELXSI,Mar 2014,2014-03-31,quarter,212.0,165.0,47.0,22.0,0.0,0.0,12.0,35.0,38.0,22.0,3.51,screener
TATAELXSI,Jun 2014,2014-06-30,quarter,191.0,153.0,38.0,20.0,2.0,0.0,9.0,31.0,33.0,21.0,3.34,screener
TATAELXSI,Sep 2014,2014-09-30,quarter,206.0,164.0,42.0,20.0,1.0,0.0,8.0,35.0,33.0,24.0,3.79,screener
TATAELXSI,Dec 2014,2014-12-31,quarter,221.0,171.0,50.0,23.0,0.0,0.0,7.0,43.0,36.0,28.0,4.46,screener
TATAELXSI,Mar 2015,2015-03-31,quarter,231.0,184.0,47.0,20.0,-1.0,0.0,1.0,45.0,34.0,30.0,4.79,screener
TATAINVEST,Dec 2024,2024-12-31,quarter,4.0,9.0,-5.0,-147.0,26.0,0.0,0.0,21.0,5.0,20.0,0.39,screener
TATAINVEST,Mar 2025,2025-03-31,quarter,16.0,9.0,7.0,45.0,29.0,0.0,1.0,36.0,-5.0,38.0,0.75,screener
TATAINVEST,Jun 2025,2025-06-30,quarter,145.0,11.0,134.0,92.0,35.0,0.0,1.0,168.0,13.0,146.0,2.89,screener
TATAINVEST,Sep 2025,2025-09-30,quarter,154.0,10.0,144.0,93.0,25.0,0.0,1.0,167.0,12.0,148.0,2.93,screener
TATAINVEST,Dec 2025,2025-12-31,quarter,58.0,10.0,48.0,82.0,34.0,0.0,1.0,81.0,7.0,75.0,1.49,screener
TATAINVEST,Mar 2026,2026-03-31,quarter,40.0,10.0,30.0,74.0,30.0,0.0,1.0,58.0,-10.0,64.0,1.26,screener
TATAINVEST,Jun 2026,2026-06-30,quarter,152.0,12.0,140.0,92.0,42.0,0.0,1.0,181.0,21.0,144.0,2.84,screener
TATAPOWER,Dec 2024,2024-12-31,quarter,15391.0,12312.0,3079.0,20.0,589.0,1170.0,1041.0,1457.0,18.0,1188.0,3.23,screener
TATAPOWER,Mar 2025,2025-03-31,quarter,17096.0,13850.0,3246.0,19.0,684.0,1213.0,1116.0,1600.0,18.0,1306.0,3.26,screener
TATAPOWER,Jun 2025,2025-06-30,quarter,18035.0,14470.0,3565.0,20.0,494.0,1279.0,1161.0,1619.0,22.0,1262.0,3.32,screener
TATAPOWER,Sep 2025,2025-09-30,quarter,15545.0,12243.0,3302.0,21.0,859.0,1319.0,1162.0,1680.0,26.0,1245.0,2.88,screener
TATAPOWER,Dec 2025,2025-12-31,quarter,13948.0,10894.0,3055.0,22.0,1056.0,1364.0,1208.0,1540.0,22.0,1194.0,2.42,screener
TATAPOWER,Mar 2026,2026-03-31,quarter,14900.0,12301.0,2599.0,17.0,1773.0,1295.0,1280.0,1797.0,21.0,1416.0,3.12,screener
TATASTEEL,Dec 2024,2024-12-31,quarter,53648.0,47745.0,5903.0,11.0,142.0,1804.0,2569.0,1672.0,82.0,295.0,0.26,screener
TATASTEEL,Mar 2025,2025-03-31,quarter,56218.0,49659.0,6559.0,12.0,149.0,1789.0,2720.0,2200.0,45.0,1201.0,1.04,screener
TATASTEEL,Jun 2025,2025-06-30,quarter,53178.0,45751.0,7428.0,14.0,236.0,1852.0,2744.0,3067.0,35.0,2007.0,1.66,screener
TATASTEEL,Sep 2025,2025-09-30,quarter,58689.0,49793.0,8897.0,15.0,-6.0,1775.0,2893.0,4222.0,25.0,3183.0,2.48,screener
TATASTEEL,Dec 2025,2025-12-31,quarter,57002.0,48803.0,8200.0,14.0,465.0,1747.0,3049.0,3869.0,29.0,2730.0,2.15,screener
TATASTEEL,Mar 2026,2026-03-31,quarter,63270.0,53441.0,9829.0,16.0,42.0,1792.0,3268.0,4810.0,38.0,2965.0,2.34,screener
TATATECH,Dec 2024,2024-12-31,quarter,1317.0,1083.0,234.0,18.0,28.0,6.0,30.0,226.0,25.0,169.0,4.16,screener
TATATECH,Mar 2025,2025-03-31,quarter,1286.0,1052.0,233.0,18.0,61.0,5.0,31.0,258.0,27.0,189.0,4.66,screener
TATATECH,Jun 2025,2025-06-30,quarter,1244.0,1044.0,200.0,16.0,68.0,5.0,31.0,233.0,27.0,170.0,4.2,screener
TATATECH,Sep 2025,2025-09-30,quarter,1323.0,1116.0,208.0,16.0,54.0,5.0,31.0,226.0,27.0,166.0,4.08,screener
TATATECH,Dec 2025,2025-12-31,quarter,1366.0,1173.0,193.0,14.0,-125.0,9.0,36.0,23.0,71.0,7.0,0.16,screener
TATATECH,Mar 2026,2026-03-31,quarter,1572.0,1320.0,252.0,16.0,94.0,16.0,47.0,283.0,28.0,204.0,5.03,screener
TATATECH,Jun 2026,2026-06-30,quarter,1665.0,1397.0,267.0,16.0,46.0,15.0,47.0,252.0,28.0,181.0,4.45,screener
TATVA,Dec 2024,2024-12-31,quarter,86.0,79.0,7.0,8.0,0.0,0.0,7.0,0.0,-165.0,0.0,0.06,screener
TATVA,Mar 2025,2025-03-31,quarter,108.0,99.0,9.0,8.0,1.0,0.0,7.0,2.0,49.0,1.0,0.44,screener
TATVA,Jun 2025,2025-06-30,quarter,117.0,100.0,17.0,15.0,1.0,0.0,9.0,9.0,27.0,7.0,2.84,screener
TATVA,Sep 2025,2025-09-30,quarter,124.0,101.0,22.0,18.0,1.0,1.0,9.0,14.0,27.0,10.0,4.24,screener
TATVA,Dec 2025,2025-12-31,quarter,131.0,106.0,25.0,19.0,2.0,0.0,9.0,18.0,14.0,15.0,6.49,screener
TATVA,Mar 2026,2026-03-31,quarter,134.0,106.0,28.0,21.0,0.0,1.0,10.0,17.0,38.0,10.0,4.41,screener
TBOTEK,Dec 2024,2024-12-31,quarter,422.0,367.0,55.0,13.0,20.0,6.0,13.0,57.0,12.0,50.0,4.6,screener
TBOTEK,Mar 2025,2025-03-31,quarter,446.0,381.0,65.0,15.0,25.0,5.0,14.0,71.0,17.0,59.0,5.43,screener
TBOTEK,Jun 2025,2025-06-30,quarter,511.0,437.0,74.0,14.0,20.0,5.0,14.0,75.0,16.0,63.0,5.8,screener
TBOTEK,Sep 2025,2025-09-30,quarter,568.0,479.0,88.0,16.0,15.0,9.0,16.0,78.0,14.0,68.0,6.22,screener
TBOTEK,Dec 2025,2025-12-31,quarter,784.0,684.0,100.0,13.0,7.0,15.0,26.0,66.0,19.0,54.0,4.94,screener
TBOTEK,Mar 2026,2026-03-31,quarter,814.0,709.0,105.0,13.0,13.0,15.0,30.0,74.0,18.0,60.0,5.53,screener
TBOTEK,Jun 2026,2026-06-30,quarter,926.0,788.0,138.0,15.0,13.0,15.0,33.0,103.0,19.0,83.0,7.68,screener
TBZ,Dec 2024,2024-12-31,quarter,928.0,868.0,60.0,6.0,1.0,13.0,6.0,42.0,28.0,30.0,4.48,screener
TBZ,Mar 2025,2025-03-31,quarter,529.0,493.0,36.0,7.0,1.0,17.0,7.0,14.0,30.0,9.0,1.42,screener
TBZ,Jun 2025,2025-06-30,quarter,624.0,571.0,53.0,9.0,2.0,18.0,7.0,30.0,24.0,22.0,3.37,screener
TBZ,Sep 2025,2025-09-30,quarter,688.0,624.0,64.0,9.0,2.0,16.0,8.0,42.0,25.0,32.0,4.72,screener
TBZ,Dec 2025,2025-12-31,quarter,1061.0,930.0,131.0,12.0,2.0,19.0,6.0,108.0,26.0,81.0,12.08,screener
TBZ,Mar 2026,2026-03-31,quarter,830.0,717.0,112.0,14.0,2.0,16.0,8.0,90.0,25.0,68.0,10.14,screener
TBZ,Jun 2026,2026-06-30,quarter,841.0,769.0,72.0,9.0,2.0,19.0,9.0,47.0,27.0,34.0,5.08,screener
TCC,Dec 2024,2024-12-31,quarter,22.0,9.0,13.0,60.0,3.0,0.0,2.0,14.0,27.0,10.0,2.9,screener
TCC,Mar 2025,2025-03-31,quarter,32.0,7.0,25.0,77.0,2.0,1.0,5.0,21.0,18.0,17.0,4.79,screener
TCC,Jun 2025,2025-06-30,quarter,22.0,4.0,18.0,81.0,1.0,1.0,5.0,13.0,30.0,9.0,2.64,screener
TCC,Sep 2025,2025-09-30,quarter,27.0,6.0,21.0,79.0,2.0,1.0,7.0,15.0,32.0,10.0,2.93,screener
TCC,Dec 2025,2025-12-31,quarter,46.0,16.0,30.0,65.0,2.0,2.0,11.0,20.0,28.0,14.0,2.93,screener
TCC,Mar 2026,2026-03-31,quarter,84.0,56.0,28.0,33.0,22.0,18.0,26.0,6.0,-404.0,31.0,6.14,screener
TCI,Mar 2025,2025-03-31,quarter,1179.0,1057.0,122.0,10.0,40.0,6.0,29.0,127.0,10.0,115.0,14.91,screener
TCI,Jun 2025,2025-06-30,quarter,1139.0,1018.0,121.0,11.0,31.0,5.0,29.0,118.0,9.0,107.0,13.89,screener
TCI,Sep 2025,2025-09-30,quarter,1205.0,1078.0,127.0,11.0,36.0,6.0,30.0,126.0,10.0,114.0,14.68,screener
TCI,Dec 2025,2025-12-31,quarter,1249.0,1122.0,127.0,10.0,35.0,6.0,32.0,124.0,6.0,116.0,14.95,screener
TCI,Mar 2026,2026-03-31,quarter,1324.0,1181.0,142.0,11.0,32.0,6.0,36.0,132.0,6.0,124.0,16.11,screener
TCI,Jun 2026,2026-06-30,quarter,1248.0,1113.0,135.0,11.0,25.0,7.0,36.0,117.0,9.0,107.0,13.76,screener
TCIEXP,Dec 2024,2024-12-31,quarter,296.0,268.0,29.0,10.0,3.0,0.0,5.0,26.0,26.0,19.0,5.0,screener
TCIEXP,Mar 2025,2025-03-31,quarter,307.0,281.0,26.0,9.0,6.0,0.0,6.0,26.0,26.0,19.0,5.04,screener
TCIEXP,Jun 2025,2025-06-30,quarter,287.0,259.0,28.0,10.0,4.0,0.0,5.0,26.0,26.0,19.0,5.07,screener
TCIEXP,Sep 2025,2025-09-30,quarter,309.0,275.0,34.0,11.0,4.0,0.0,5.0,32.0,25.0,24.0,6.22,screener
TCIEXP,Dec 2025,2025-12-31,quarter,314.0,282.0,32.0,10.0,3.0,0.0,6.0,30.0,26.0,22.0,5.73,screener
TCIEXP,Mar 2026,2026-03-31,quarter,328.0,297.0,32.0,10.0,1.0,1.0,9.0,23.0,29.0,16.0,4.17,screener
TCPLPACK,Mar 2025,2025-03-31,quarter,422.0,350.0,72.0,17.0,4.0,18.0,18.0,39.0,4.0,38.0,41.78,screener
TCPLPACK,Jun 2025,2025-06-30,quarter,425.0,352.0,73.0,17.0,2.0,26.0,20.0,29.0,23.0,22.0,24.53,screener
TCPLPACK,Sep 2025,2025-09-30,quarter,460.0,391.0,69.0,15.0,9.0,20.0,22.0,37.0,23.0,29.0,31.56,screener
TCPLPACK,Dec 2025,2025-12-31,quarter,471.0,390.0,81.0,17.0,-9.0,15.0,21.0,35.0,29.0,25.0,27.52,screener
TCPLPACK,Mar 2026,2026-03-31,quarter,454.0,384.0,69.0,15.0,9.0,18.0,21.0,40.0,46.0,22.0,23.87,screener
TCPLPACK,Jun 2026,2026-06-30,quarter,493.0,407.0,86.0,17.0,2.0,12.0,23.0,53.0,24.0,40.0,43.97,screener
TCS,Mar 2025,2025-03-31,quarter,64479.0,47499.0,16980.0,26.0,1028.0,227.0,1379.0,16402.0,25.0,12293.0,33.79,screener
TCS,Jun 2025,2025-06-30,quarter,63437.0,46562.0,16875.0,27.0,1660.0,195.0,1361.0,16979.0,24.0,12819.0,35.27,screener
TCS,Sep 2025,2025-09-30,quarter,65799.0,47821.0,17978.0,27.0,-268.0,229.0,1413.0,16068.0,24.0,12131.0,33.37,screener
TCS,Dec 2025,2025-12-31,quarter,67087.0,48818.0,18269.0,27.0,-2273.0,538.0,1380.0,14078.0,24.0,10720.0,29.45,screener
TCS,Mar 2026,2026-03-31,quarter,70698.0,51422.0,19276.0,27.0,757.0,265.0,1406.0,18362.0,25.0,13784.0,37.92,screener
TCS,Jun 2026,2026-06-30,quarter,72275.0,53719.0,18556.0,26.0,900.0,273.0,1239.0,17944.0,25.0,13420.0,36.9,screener
TDPOWERSYS,Dec 2024,2024-12-31,quarter,350.0,289.0,61.0,17.0,4.0,0.0,5.0,60.0,25.0,45.0,2.88,screener
TDPOWERSYS,Mar 2025,2025-03-31,quarter,348.0,283.0,65.0,19.0,11.0,0.0,5.0,70.0,25.0,53.0,3.39,screener
TDPOWERSYS,Jun 2025,2025-06-30,quarter,372.0,303.0,69.0,19.0,4.0,0.0,5.0,67.0,26.0,50.0,3.21,screener
TDPOWERSYS,Sep 2025,2025-09-30,quarter,452.0,370.0,83.0,18.0,5.0,1.0,5.0,82.0,26.0,60.0,3.85,screener
TDPOWERSYS,Dec 2025,2025-12-31,quarter,443.0,362.0,80.0,18.0,4.0,1.0,6.0,78.0,28.0,56.0,3.61,screener
TDPOWERSYS,Mar 2026,2026-03-31,quarter,589.0,491.0,98.0,17.0,8.0,0.0,7.0,99.0,27.0,72.0,4.62,screener
TEAMLEASE,Dec 2024,2024-12-31,quarter,2921.0,2886.0,35.0,1.0,10.0,3.0,13.0,29.0,1.0,28.0,16.95,screener
TEAMLEASE,Mar 2025,2025-03-31,quarter,2858.0,2810.0,47.0,2.0,10.0,4.0,13.0,40.0,5.0,38.0,20.85,screener
TEAMLEASE,Jun 2025,2025-06-30,quarter,2891.0,2861.0,31.0,1.0,13.0,4.0,14.0,26.0,5.0,25.0,15.83,screener
TEAMLEASE,Sep 2025,2025-09-30,quarter,3032.0,2994.0,38.0,1.0,9.0,4.0,14.0,29.0,4.0,28.0,16.41,screener
TEAMLEASE,Dec 2025,2025-12-31,quarter,2990.0,2948.0,42.0,1.0,18.0,3.0,14.0,43.0,2.0,42.0,24.88,screener
TEAMLEASE,Mar 2026,2026-03-31,quarter,2925.0,2879.0,46.0,2.0,24.0,3.0,15.0,52.0,11.0,46.0,26.19,screener
TECHM,Dec 2024,2024-12-31,quarter,13286.0,11477.0,1809.0,14.0,23.0,76.0,459.0,1297.0,24.0,989.0,10.05,screener
TECHM,Mar 2025,2025-03-31,quarter,13384.0,11545.0,1839.0,14.0,173.0,85.0,462.0,1464.0,22.0,1142.0,11.92,screener
TECHM,Jun 2025,2025-06-30,quarter,13351.0,11416.0,1935.0,14.0,219.0,78.0,458.0,1618.0,30.0,1129.0,11.65,screener
TECHM,Sep 2025,2025-09-30,quarter,13995.0,11830.0,2165.0,15.0,40.0,77.0,469.0,1659.0,28.0,1202.0,12.19,screener
TECHM,Dec 2025,2025-12-31,quarter,14393.0,12028.0,2366.0,16.0,-293.0,94.0,474.0,1505.0,26.0,1119.0,11.45,screener
TECHM,Mar 2026,2026-03-31,quarter,15076.0,12511.0,2565.0,17.0,-205.0,89.0,481.0,1791.0,24.0,1356.0,13.82,screener
TECHM,Jun 2026,2026-06-30,quarter,15712.0,12974.0,2738.0,17.0,-106.0,111.0,479.0,2042.0,27.0,1486.0,14.95,screener
TECHNOE,Dec 2024,2024-12-31,quarter,636.0,546.0,90.0,14.0,44.0,3.0,2.0,129.0,26.0,96.0,8.25,screener
TECHNOE,Mar 2025,2025-03-31,quarter,816.0,689.0,127.0,16.0,53.0,4.0,2.0,174.0,23.0,135.0,11.58,screener
TECHNOE,Jun 2025,2025-06-30,quarter,526.0,434.0,92.0,18.0,73.0,3.0,2.0,161.0,16.0,136.0,11.7,screener
TECHNOE,Sep 2025,2025-09-30,quarter,843.0,732.0,111.0,13.0,38.0,7.0,2.0,140.0,26.0,104.0,8.94,screener
TECHNOE,Dec 2025,2025-12-31,quarter,872.0,746.0,126.0,14.0,32.0,4.0,9.0,144.0,17.0,119.0,10.25,screener
TECHNOE,Mar 2026,2026-03-31,quarter,1010.0,878.0,132.0,13.0,32.0,6.0,3.0,155.0,26.0,115.0,9.85,screener
TEGA,Dec 2024,2024-12-31,quarter,409.0,318.0,91.0,22.0,12.0,6.0,26.0,72.0,24.0,54.0,8.15,screener
TEGA,Mar 2025,2025-03-31,quarter,536.0,386.0,150.0,28.0,7.0,7.0,26.0,124.0,18.0,102.0,15.32,screener
TEGA,Jun 2025,2025-06-30,quarter,356.0,300.0,56.0,16.0,17.0,6.0,23.0,43.0,18.0,35.0,5.31,screener
TEGA,Sep 2025,2025-09-30,quarter,405.0,336.0,69.0,17.0,18.0,6.0,23.0,59.0,24.0,45.0,6.75,screener
TEGA,Dec 2025,2025-12-31,quarter,404.0,358.0,46.0,11.0,15.0,6.0,24.0,32.0,38.0,20.0,2.62,screener
TEGA,Mar 2026,2026-03-31,quarter,527.0,467.0,60.0,11.0,37.0,5.0,25.0,67.0,37.0,43.0,5.68,screener
TEJASNET,Dec 2024,2024-12-31,quarter,2642.0,2271.0,372.0,14.0,14.0,63.0,111.0,211.0,22.0,166.0,9.43,screener
TEJASNET,Mar 2025,2025-03-31,quarter,1907.0,1785.0,122.0,6.0,8.0,71.0,103.0,-45.0,59.0,-72.0,-4.07,screener
TEJASNET,Jun 2025,2025-06-30,quarter,202.0,338.0,-136.0,-67.0,10.0,75.0,96.0,-297.0,-35.0,-194.0,-10.98,screener
TEJASNET,Sep 2025,2025-09-30,quarter,262.0,556.0,-294.0,-112.0,6.0,84.0,101.0,-473.0,-35.0,-307.0,-17.36,screener
TEJASNET,Dec 2025,2025-12-31,quarter,307.0,441.0,-134.0,-44.0,8.0,72.0,104.0,-303.0,-35.0,-197.0,-11.07,screener
TEJASNET,Mar 2026,2026-03-31,quarter,333.0,451.0,-118.0,-36.0,10.0,72.0,101.0,-281.0,-25.0,-211.0,-11.89,screener
TEJASNET,Jun 2026,2026-06-30,quarter,402.0,503.0,-100.0,-25.0,9.0,85.0,94.0,-271.0,-25.0,-202.0,-11.36,screener
TEMBO,Dec 2024,2024-12-31,quarter,168.0,137.0,30.0,18.0,1.0,6.0,1.0,25.0,24.0,19.0,14.69,screener
TEMBO,Mar 2025,2025-03-31,quarter,274.0,245.0,29.0,10.0,1.0,5.0,0.0,24.0,35.0,16.0,9.48,screener
TEMBO,Jun 2025,2025-06-30,quarter,248.0,220.0,28.0,11.0,3.0,5.0,1.0,26.0,22.0,20.0,12.3,screener
TEMBO,Sep 2025,2025-09-30,quarter,245.0,213.0,32.0,13.0,4.0,6.0,1.0,30.0,26.0,22.0,12.98,screener
TEMBO,Dec 2025,2025-12-31,quarter,251.0,207.0,43.0,17.0,1.0,6.0,3.0,35.0,26.0,26.0,13.65,screener
TEMBO,Mar 2026,2026-03-31,quarter,346.0,307.0,39.0,11.0,10.0,9.0,2.0,38.0,22.0,30.0,14.51,screener
TENNIND,Dec 2024,2024-12-31,quarter,1125.0,947.0,178.0,16.0,19.0,5.0,27.0,165.0,24.0,125.0,5.85,screener
TENNIND,Mar 2025,2025-03-31,quarter,1326.0,1107.0,219.0,17.0,6.0,7.0,26.0,192.0,27.0,140.0,3.47,screener
TENNIND,Jun 2025,2025-06-30,quarter,1286.0,1057.0,229.0,18.0,31.0,7.0,25.0,227.0,26.0,168.0,4.16,screener
TENNIND,Sep 2025,2025-09-30,quarter,1281.0,1064.0,217.0,17.0,12.0,11.0,26.0,192.0,22.0,151.0,3.73,screener
TENNIND,Dec 2025,2025-12-31,quarter,1285.0,1063.0,223.0,17.0,-22.0,7.0,28.0,165.0,28.0,119.0,2.94,screener
TENNIND,Mar 2026,2026-03-31,quarter,1552.0,1295.0,257.0,17.0,11.0,9.0,29.0,231.0,28.0,167.0,4.13,screener
TERASOFT,Mar 2025,2025-03-31,quarter,33.56,29.91,3.65,10.88,1.03,0.89,0.04,3.75,21.33,2.95,2.36,screener
TERASOFT,Jun 2025,2025-06-30,quarter,32.74,25.23,7.51,22.94,0.94,2.0,0.11,6.34,26.66,4.65,3.72,screener
TERASOFT,Sep 2025,2025-09-30,quarter,71.43,61.77,9.66,13.52,0.95,1.6,0.17,8.84,25.68,6.56,5.24,screener
TERASOFT,Dec 2025,2025-12-31,quarter,59.14,49.33,9.81,16.59,0.97,1.93,0.21,8.64,26.27,6.37,5.09,screener
TERASOFT,Mar 2026,2026-03-31,quarter,74.74,65.02,9.72,13.01,1.06,1.91,0.21,8.66,16.63,7.22,5.77,screener
TERASOFT,Jun 2026,2026-06-30,quarter,49.87,42.72,7.15,14.34,1.19,2.17,0.22,5.95,21.85,4.65,3.72,screener
TEXINFRA,Dec 2024,2024-12-31,quarter,3.98,3.93,0.05,1.26,2.41,0.61,0.6,1.25,1004.8,-11.31,-0.89,screener
TEXINFRA,Mar 2025,2025-03-31,quarter,3.33,7.35,-4.02,-120.72,6.88,0.6,0.61,1.65,17.58,1.36,0.09,screener
TEXINFRA,Jun 2025,2025-06-30,quarter,4.05,4.5,-0.45,-11.11,6.08,0.59,0.62,4.42,30.77,3.4,0.26,screener
TEXINFRA,Sep 2025,2025-09-30,quarter,5.22,5.49,-0.27,-5.17,9.53,0.59,0.49,8.18,26.53,6.01,0.47,screener
TEXINFRA,Dec 2025,2025-12-31,quarter,3.82,5.77,-1.95,-51.05,4.7,0.62,0.63,1.5,29.33,1.07,0.08,screener
TEXINFRA,Mar 2026,2026-03-31,quarter,4.37,6.2,-1.83,-41.88,4.26,0.56,0.9,0.97,29.9,0.69,0.05,screener
TEXRAIL,Dec 2024,2024-12-31,quarter,1326.0,1196.0,131.0,10.0,8.0,35.0,11.0,93.0,25.0,76.0,1.92,screener
TEXRAIL,Mar 2025,2025-03-31,quarter,1346.0,1249.0,98.0,7.0,20.0,34.0,11.0,73.0,46.0,39.0,1.0,screener
TEXRAIL,Jun 2025,2025-06-30,quarter,911.0,840.0,71.0,8.0,14.0,31.0,11.0,44.0,33.0,29.0,0.75,screener
TEXRAIL,Sep 2025,2025-09-30,quarter,1258.0,1134.0,124.0,10.0,15.0,30.0,11.0,98.0,35.0,64.0,1.62,screener
TEXRAIL,Dec 2025,2025-12-31,quarter,1042.0,953.0,89.0,9.0,18.0,31.0,12.0,63.0,33.0,42.0,1.05,screener
TEXRAIL,Mar 2026,2026-03-31,quarter,1167.0,1061.0,106.0,9.0,10.0,30.0,13.0,72.0,20.0,58.0,1.42,screener
TEXRAIL,Jun 2026,2026-06-30,quarter,757.0,700.0,57.0,8.0,23.0,25.0,12.0,42.0,-18.0,50.0,1.23,screener
TFCILTD,Sep 2021,2021-09-30,quarter,66.0,6.0,,,0.0,32.0,0.0,27.0,21.0,22.0,0.54,screener
TFCILTD,Dec 2021,2021-12-31,quarter,62.0,7.0,,,0.0,29.0,0.0,26.0,22.0,20.0,0.44,screener
TFCILTD,Mar 2022,2022-03-31,quarter,61.0,5.0,,,0.0,27.0,0.0,29.0,21.0,22.0,0.5,screener
TFCILTD,Jun 2022,2022-06-30,quarter,63.0,5.0,,,0.0,26.0,0.0,31.0,21.0,25.0,0.55,screener
TFCILTD,Sep 2022,2022-09-30,quarter,58.0,13.0,,,0.0,22.0,0.0,22.0,9.0,20.0,0.44,screener
TFCILTD,Dec 2022,2022-12-31,quarter,51.0,5.0,,,0.0,21.0,0.0,24.0,25.0,18.0,0.41,screener
THELEELA,Dec 2024,2024-12-31,quarter,370.0,184.0,187.0,50.0,33.0,117.0,31.0,71.0,21.0,56.0,,screener
THELEELA,Mar 2025,2025-03-31,quarter,425.0,198.0,227.0,53.0,38.0,99.0,31.0,135.0,13.0,117.0,4.25,screener
THELEELA,Jun 2025,2025-06-30,quarter,275.0,173.0,101.0,37.0,27.0,86.0,26.0,16.0,45.0,9.0,0.26,screener
THELEELA,Sep 2025,2025-09-30,quarter,311.0,175.0,136.0,44.0,23.0,38.0,27.0,93.0,20.0,75.0,2.24,screener
THELEELA,Dec 2025,2025-12-31,quarter,457.0,222.0,235.0,51.0,7.0,39.0,29.0,174.0,15.0,148.0,4.43,screener
THELEELA,Mar 2026,2026-03-31,quarter,484.0,219.0,266.0,55.0,10.0,40.0,30.0,206.0,17.0,172.0,5.14,screener
THEMISMED,Dec 2024,2024-12-31,quarter,93.81,87.84,5.97,6.36,1.02,2.79,2.54,1.66,68.67,0.52,0.06,screener
THEMISMED,Mar 2025,2025-03-31,quarter,71.7,79.4,-7.7,-10.74,1.55,2.45,2.53,-11.13,-13.12,-9.66,-1.05,screener
THEMISMED,Jun 2025,2025-06-30,quarter,97.58,107.8,-10.22,-10.47,1.18,2.47,2.55,-14.06,1.14,-14.22,-1.54,screener
THEMISMED,Sep 2025,2025-09-30,quarter,77.99,81.09,-3.1,-3.97,4.98,2.76,2.57,-3.45,4.64,-3.62,-0.39,screener
THEMISMED,Dec 2025,2025-12-31,quarter,90.13,80.33,9.8,10.87,5.93,2.75,2.59,10.39,2.79,10.09,1.1,screener
THEMISMED,Mar 2026,2026-03-31,quarter,76.53,72.77,3.76,4.91,10.6,2.7,2.6,9.06,1.88,8.89,0.97,screener
THERMAX,Dec 2024,2024-12-31,quarter,2529.0,2340.0,188.0,7.0,32.0,29.0,35.0,156.0,27.0,114.0,9.73,screener
THERMAX,Mar 2025,2025-03-31,quarter,3046.0,2747.0,300.0,10.0,78.0,31.0,45.0,301.0,32.0,206.0,17.27,screener
THERMAX,Jun 2025,2025-06-30,quarter,2158.0,1933.0,225.0,10.0,66.0,30.0,49.0,211.0,28.0,151.0,12.79,screener
THERMAX,Sep 2025,2025-09-30,quarter,2474.0,2302.0,172.0,7.0,85.0,32.0,51.0,174.0,31.0,119.0,10.04,screener
THERMAX,Dec 2025,2025-12-31,quarter,2635.0,2380.0,255.0,10.0,121.0,34.0,53.0,289.0,29.0,205.0,17.14,screener
THERMAX,Mar 2026,2026-03-31,quarter,3428.0,3054.0,374.0,11.0,56.0,42.0,54.0,334.0,27.0,244.0,20.5,screener
THOMASCOOK,Dec 2024,2024-12-31,quarter,2061.0,1945.0,116.0,6.0,18.0,26.0,37.0,71.0,35.0,47.0,1.05,screener
THOMASCOOK,Mar 2025,2025-03-31,quarter,1969.0,1871.0,98.0,5.0,50.0,24.0,36.0,88.0,28.0,66.0,1.37,screener
THOMASCOOK,Jun 2025,2025-06-30,quarter,2408.0,2281.0,127.0,5.0,45.0,24.0,36.0,111.0,34.0,74.0,1.53,screener
THOMASCOOK,Sep 2025,2025-09-30,quarter,2074.0,1966.0,108.0,5.0,64.0,24.0,39.0,110.0,36.0,71.0,1.41,screener
THOMASCOOK,Dec 2025,2025-12-31,quarter,2146.0,2031.0,114.0,5.0,11.0,24.0,41.0,60.0,25.0,45.0,0.89,screener
THOMASCOOK,Mar 2026,2026-03-31,quarter,1771.0,1692.0,78.0,4.0,33.0,23.0,42.0,46.0,40.0,31.0,0.82,screener
THYROCARE,Dec 2024,2024-12-31,quarter,166.0,124.0,42.0,25.0,4.0,1.0,17.0,28.0,32.0,19.0,1.2,screener
THYROCARE,Mar 2025,2025-03-31,quarter,187.0,130.0,57.0,30.0,5.0,1.0,14.0,47.0,54.0,22.0,1.36,screener
THYROCARE,Jun 2025,2025-06-30,quarter,193.0,135.0,58.0,30.0,5.0,1.0,11.0,50.0,24.0,38.0,2.45,screener
THYROCARE,Sep 2025,2025-09-30,quarter,217.0,145.0,71.0,33.0,3.0,1.0,12.0,63.0,24.0,48.0,3.02,screener
THYROCARE,Dec 2025,2025-12-31,quarter,196.0,138.0,58.0,30.0,-1.0,0.0,22.0,35.0,21.0,28.0,1.82,screener
THYROCARE,Mar 2026,2026-03-31,quarter,224.0,149.0,75.0,34.0,5.0,2.0,14.0,64.0,24.0,49.0,2.96,screener
THYROCARE,Jun 2026,2026-06-30,quarter,240.0,163.0,77.0,32.0,5.0,1.0,12.0,68.0,25.0,51.0,3.28,screener
TI,Dec 2024,2024-12-31,quarter,340.0,280.0,60.0,18.0,4.0,2.0,8.0,54.0,0.0,54.0,2.79,screener
TI,Mar 2025,2025-03-31,quarter,384.0,305.0,78.0,20.0,8.0,2.0,7.0,77.0,0.0,77.0,3.99,screener
TI,Jun 2025,2025-06-30,quarter,409.0,315.0,94.0,23.0,4.0,3.0,7.0,89.0,0.0,89.0,4.57,screener
TI,Sep 2025,2025-09-30,quarter,398.0,338.0,60.0,15.0,2.0,2.0,7.0,53.0,0.0,53.0,2.53,screener
TI,Dec 2025,2025-12-31,quarter,623.0,513.0,110.0,18.0,-157.0,39.0,20.0,-106.0,0.0,-105.0,-4.26,screener
TI,Mar 2026,2026-03-31,quarter,949.0,795.0,155.0,16.0,-56.0,69.0,46.0,-15.0,0.0,-15.0,-0.6,screener
TICL,Dec 2024,2024-12-31,quarter,15.07,12.1,2.97,19.71,0.24,0.95,0.49,1.77,0.0,1.77,0.11,screener
TICL,Mar 2025,2025-03-31,quarter,49.73,26.77,22.96,46.17,33.94,0.76,0.39,55.75,5.2,52.85,3.41,screener
TICL,Jun 2025,2025-06-30,quarter,11.74,10.99,0.75,6.39,0.91,0.15,0.41,1.1,0.0,1.1,0.07,screener
TICL,Sep 2025,2025-09-30,quarter,12.37,8.89,3.48,28.13,0.43,0.22,0.47,3.22,0.0,3.22,0.21,screener
TICL,Dec 2025,2025-12-31,quarter,20.83,18.89,1.94,9.31,0.2,0.15,0.29,1.7,0.0,1.7,0.11,screener
TICL,Mar 2026,2026-03-31,quarter,22.51,20.65,1.86,8.26,0.28,0.22,0.35,1.57,-2.55,1.61,0.1,screener
TICL,Jun 2026,2026-06-30,quarter,11.04,10.21,0.83,7.52,0.23,0.23,0.32,0.51,0.0,0.51,0.03,screener
TIIL,Dec 2024,2024-12-31,quarter,644.0,552.0,92.0,14.0,6.0,12.0,29.0,58.0,28.0,41.0,17.91,screener
TIIL,Mar 2025,2025-03-31,quarter,702.0,592.0,110.0,16.0,29.0,18.0,30.0,92.0,27.0,66.0,29.1,screener
TIIL,Jun 2025,2025-06-30,quarter,633.0,521.0,112.0,18.0,39.0,14.0,29.0,108.0,23.0,82.0,35.02,screener
TIIL,Sep 2025,2025-09-30,quarter,752.0,628.0,124.0,16.0,21.0,14.0,30.0,101.0,22.0,79.0,33.8,screener
TIIL,Dec 2025,2025-12-31,quarter,662.0,570.0,93.0,14.0,28.0,15.0,32.0,74.0,27.0,54.0,23.46,screener
TIIL,Mar 2026,2026-03-31,quarter,712.0,572.0,139.0,20.0,14.0,15.0,33.0,105.0,26.0,78.0,33.56,screener
TIINDIA,Dec 2024,2024-12-31,quarter,4812.0,4321.0,491.0,10.0,77.0,15.0,127.0,426.0,34.0,280.0,10.01,screener
TIINDIA,Mar 2025,2025-03-31,quarter,5150.0,4813.0,337.0,7.0,150.0,16.0,137.0,334.0,53.0,158.0,2.4,screener
TIINDIA,Jun 2025,2025-06-30,quarter,5309.0,4763.0,546.0,10.0,72.0,17.0,152.0,449.0,32.0,303.0,10.28,screener
TIINDIA,Sep 2025,2025-09-30,quarter,5523.0,4978.0,544.0,10.0,93.0,14.0,164.0,459.0,34.0,302.0,9.65,screener
TIINDIA,Dec 2025,2025-12-31,quarter,5801.0,5216.0,585.0,10.0,49.0,15.0,173.0,445.0,37.0,279.0,8.57,screener
TIINDIA,Mar 2026,2026-03-31,quarter,6215.0,5632.0,583.0,9.0,108.0,16.0,175.0,500.0,53.0,234.0,4.41,screener
TIL,Dec 2024,2024-12-31,quarter,79.14,76.5,2.64,3.34,3.84,8.23,1.76,-3.51,5.41,-3.7,-0.47,screener
TIL,Mar 2025,2025-03-31,quarter,101.52,89.4,12.12,11.94,9.35,6.77,1.75,12.95,24.63,9.76,1.25,screener
TIL,Jun 2025,2025-06-30,quarter,62.91,69.66,-6.75,-10.73,7.8,9.56,1.78,-10.29,-39.55,-6.22,-0.8,screener
TIL,Sep 2025,2025-09-30,quarter,78.27,78.19,0.08,0.1,3.18,10.7,1.8,-9.24,-16.34,-7.73,-0.99,screener
TIL,Dec 2025,2025-12-31,quarter,73.23,72.01,1.22,1.67,2.53,11.3,1.82,-9.37,-26.89,-6.85,-0.88,screener
TIL,Mar 2026,2026-03-31,quarter,108.84,98.95,9.89,9.09,-4.98,14.7,1.95,-11.74,-15.08,-9.97,-1.21,screener
TIMETECHNO,Dec 2024,2024-12-31,quarter,1388.0,1187.0,201.0,14.0,2.0,22.0,43.0,137.0,25.0,102.0,2.22,screener
TIMETECHNO,Mar 2025,2025-03-31,quarter,1469.0,1255.0,214.0,15.0,2.0,22.0,44.0,150.0,25.0,112.0,2.41,screener
TIMETECHNO,Jun 2025,2025-06-30,quarter,1353.0,1158.0,195.0,14.0,1.0,22.0,45.0,129.0,25.0,97.0,2.1,screener
TIMETECHNO,Sep 2025,2025-09-30,quarter,1511.0,1288.0,223.0,15.0,1.0,22.0,46.0,157.0,25.0,117.0,2.54,screener
TIMETECHNO,Dec 2025,2025-12-31,quarter,1565.0,1331.0,234.0,15.0,2.0,19.0,46.0,171.0,25.0,129.0,2.56,screener
TIMETECHNO,Mar 2026,2026-03-31,quarter,1677.0,1436.0,241.0,14.0,5.0,18.0,47.0,181.0,26.0,134.0,2.67,screener
TIMKEN,Dec 2024,2024-12-31,quarter,683.0,573.0,111.0,16.0,14.0,1.0,21.0,103.0,24.0,78.0,10.4,screener
TIMKEN,Mar 2025,2025-03-31,quarter,951.0,737.0,214.0,23.0,14.0,1.0,21.0,206.0,8.0,190.0,25.3,screener
TIMKEN,Sep 2025,2025-09-30,quarter,786.0,643.0,143.0,18.0,11.0,1.0,27.0,126.0,26.0,94.0,12.44,screener
TIMKEN,Dec 2025,2025-12-31,quarter,780.0,679.0,101.0,13.0,7.0,1.0,29.0,78.0,30.0,55.0,7.25,screener
TIMKEN,Mar 2026,2026-03-31,quarter,1090.0,848.0,242.0,22.0,1.0,1.0,30.0,212.0,25.0,158.0,21.05,screener
TINNARUBR,Dec 2024,2024-12-31,quarter,123.0,108.0,15.0,12.0,2.0,3.0,2.0,11.0,25.0,8.0,4.76,screener
TINNARUBR,Mar 2025,2025-03-31,quarter,129.0,111.0,18.0,14.0,3.0,2.0,3.0,15.0,23.0,12.0,6.82,screener
TINNARUBR,Jun 2025,2025-06-30,quarter,130.0,109.0,21.0,16.0,1.0,3.0,3.0,16.0,25.0,12.0,6.52,screener
TINNARUBR,Sep 2025,2025-09-30,quarter,120.0,98.0,21.0,18.0,0.0,2.0,3.0,16.0,28.0,12.0,6.53,screener
TINNARUBR,Dec 2025,2025-12-31,quarter,139.0,117.0,22.0,16.0,0.0,3.0,3.0,17.0,25.0,13.0,7.11,screener
TINNARUBR,Mar 2026,2026-03-31,quarter,157.0,129.0,28.0,18.0,1.0,3.0,3.0,23.0,28.0,17.0,9.18,screener
TINNARUBR,Jun 2026,2026-06-30,quarter,156.0,122.0,34.0,22.0,1.0,3.0,4.0,28.0,25.0,21.0,11.42,screener
TIRUMALCHM,Dec 2024,2024-12-31,quarter,447.0,467.0,-20.0,-5.0,0.0,14.0,16.0,-50.0,-16.0,-42.0,-4.1,screener
TIRUMALCHM,Mar 2025,2025-03-31,quarter,523.0,508.0,15.0,3.0,8.0,15.0,18.0,-11.0,28.0,-14.0,-1.37,screener
TIRUMALCHM,Jun 2025,2025-06-30,quarter,450.0,477.0,-27.0,-6.0,2.0,18.0,22.0,-64.0,-7.0,-60.0,-5.86,screener
TIRUMALCHM,Sep 2025,2025-09-30,quarter,445.0,449.0,-4.0,-1.0,8.0,26.0,23.0,-44.0,-24.0,-33.0,-2.81,screener
TIRUMALCHM,Dec 2025,2025-12-31,quarter,416.0,431.0,-15.0,-4.0,4.0,21.0,23.0,-55.0,-16.0,-47.0,-3.86,screener
TIRUMALCHM,Mar 2026,2026-03-31,quarter,424.0,418.0,6.0,1.0,0.0,24.0,21.0,-38.0,-27.0,-28.0,-2.32,screener
TITAGARH,Dec 2024,2024-12-31,quarter,902.0,809.0,94.0,10.0,23.0,21.0,6.0,89.0,29.0,63.0,4.66,screener
TITAGARH,Mar 2025,2025-03-31,quarter,1006.0,987.0,18.0,1.8,-128.0,22.0,8.0,-140.0,-12.0,-124.0,-9.09,screener
TITAGARH,Jun 2025,2025-06-30,quarter,679.0,615.0,64.0,9.0,11.0,18.0,12.0,45.0,32.0,31.0,2.29,screener
TITAGARH,Sep 2025,2025-09-30,quarter,799.0,725.0,74.0,9.0,14.0,18.0,12.0,57.0,35.0,37.0,2.74,screener
TITAGARH,Dec 2025,2025-12-31,quarter,832.0,741.0,91.0,11.0,0.0,18.0,13.0,60.0,25.0,45.0,3.35,screener
TITAGARH,Mar 2026,2026-03-31,quarter,875.0,783.0,92.0,11.0,14.0,17.0,14.0,75.0,28.0,54.0,4.01,screener
TITAGARH,Jun 2026,2026-06-30,quarter,765.0,671.0,94.0,12.0,7.0,15.0,15.0,71.0,26.0,53.0,3.9,screener
TITAN,Dec 2024,2024-12-31,quarter,17740.0,16066.0,1674.0,9.0,128.0,231.0,175.0,1396.0,25.0,1047.0,11.79,screener
TITAN,Mar 2025,2025-03-31,quarter,14916.0,13379.0,1537.0,10.0,116.0,252.0,183.0,1218.0,28.0,871.0,9.81,screener
TITAN,Jun 2025,2025-06-30,quarter,16523.0,14693.0,1830.0,11.0,105.0,271.0,184.0,1480.0,26.0,1091.0,12.29,screener
TITAN,Sep 2025,2025-09-30,quarter,18725.0,16850.0,1875.0,10.0,113.0,277.0,189.0,1522.0,26.0,1120.0,12.62,screener
TITAN,Dec 2025,2025-12-31,quarter,25416.0,22703.0,2713.0,11.0,-1.0,282.0,207.0,2223.0,24.0,1684.0,18.97,screener
TITAN,Mar 2026,2026-03-31,quarter,26920.0,24982.0,1938.0,7.0,235.0,350.0,246.0,1577.0,25.0,1179.0,13.28,screener
TITAN,Jun 2026,2026-06-30,quarter,21356.0,18466.0,2890.0,14.0,148.0,353.0,256.0,2429.0,27.0,1777.0,20.02,screener
TMCV,Dec 2024,2024-12-31,quarter,18819.0,16786.0,2033.0,11.0,407.0,352.0,557.0,1531.0,12.0,1355.0,,screener
TMCV,Mar 2025,2025-03-31,quarter,21863.0,19432.0,2431.0,11.0,72.0,319.0,592.0,1592.0,16.0,1340.0,,screener
TMCV,Jun 2025,2025-06-30,quarter,17324.0,15248.0,2076.0,12.0,332.0,254.0,480.0,1674.0,17.0,1397.0,,screener
TMCV,Sep 2025,2025-09-30,quarter,18585.0,16553.0,2032.0,11.0,-1865.0,256.0,472.0,-561.0,55.0,-867.0,,screener
TMCV,Dec 2025,2025-12-31,quarter,21847.0,19260.0,2587.0,12.0,-981.0,198.0,483.0,925.0,24.0,705.0,1.91,screener
TMCV,Mar 2026,2026-03-31,quarter,26098.0,22771.0,3327.0,13.0,-28.0,166.0,510.0,2623.0,32.0,1793.0,4.87,screener
TMCV,Jun 2026,2026-06-30,quarter,20667.0,17395.0,3272.0,16.0,341.0,135.0,508.0,2970.0,14.0,2556.0,6.95,screener
TMPV,Dec 2024,2024-12-31,quarter,94472.0,84070.0,10402.0,11.0,2730.0,843.0,4863.0,7426.0,26.0,5484.0,14.69,screener
TMPV,Mar 2025,2025-03-31,quarter,98377.0,83990.0,14387.0,15.0,2361.0,828.0,4717.0,11203.0,24.0,8556.0,23.01,screener
TMPV,Jun 2025,2025-06-30,quarter,87677.0,79515.0,8162.0,9.0,2690.0,692.0,4851.0,5309.0,25.0,4003.0,10.66,screener
TMPV,Sep 2025,2025-09-30,quarter,72349.0,73753.0,-1404.0,-2.0,81507.0,686.0,4871.0,74546.0,-2.0,76248.0,206.85,screener
TMPV,Dec 2025,2025-12-31,quarter,70108.0,69229.0,879.0,1.0,39.0,682.0,4969.0,-4733.0,-26.0,-3483.0,-9.47,screener
TMPV,Mar 2026,2026-03-31,quarter,105447.0,94188.0,11259.0,11.0,1877.0,767.0,5092.0,7277.0,19.0,5878.0,15.7,screener
TNPETRO,Dec 2024,2024-12-31,quarter,460.28,441.71,18.57,4.03,5.68,1.74,6.37,16.14,27.51,11.7,1.3,screener
TNPETRO,Mar 2025,2025-03-31,quarter,454.79,428.9,25.89,5.69,18.09,1.74,6.26,35.98,25.29,26.88,2.99,screener
TNPETRO,Jun 2025,2025-06-30,quarter,463.01,415.72,47.29,10.21,7.33,1.03,6.22,47.37,25.59,35.25,3.92,screener
TNPETRO,Sep 2025,2025-09-30,quarter,457.34,416.04,41.3,9.03,13.16,3.07,6.2,45.19,24.23,34.24,3.81,screener
TNPETRO,Dec 2025,2025-12-31,quarter,421.29,390.2,31.09,7.38,8.16,6.79,6.32,26.14,23.95,19.88,2.21,screener
TNPETRO,Mar 2026,2026-03-31,quarter,124.5,113.08,11.42,9.17,11.22,5.34,7.24,10.06,19.58,8.09,0.9,screener
TOLINS,Dec 2024,2024-12-31,quarter,69.74,57.14,12.6,18.07,1.2,0.6,0.61,12.59,13.5,10.89,2.76,screener
TOLINS,Mar 2025,2025-03-31,quarter,69.53,55.96,13.57,19.52,1.17,0.81,0.93,13.0,28.69,9.28,2.35,screener
TOLINS,Jun 2025,2025-06-30,quarter,89.74,76.3,13.44,14.98,0.74,0.34,1.09,12.75,26.98,9.3,2.35,screener
TOLINS,Sep 2025,2025-09-30,quarter,66.1,57.16,8.94,13.52,0.75,0.46,1.07,8.16,14.71,6.95,1.76,screener
TOLINS,Dec 2025,2025-12-31,quarter,93.29,79.1,14.19,15.21,0.39,0.77,1.1,12.71,17.47,10.49,2.66,screener
TOLINS,Mar 2026,2026-03-31,quarter,77.99,66.77,11.22,14.39,0.94,0.22,0.94,11.0,18.82,8.94,2.26,screener
TORNTPHARM,Dec 2024,2024-12-31,quarter,2809.0,1895.0,914.0,33.0,33.0,57.0,199.0,691.0,27.0,503.0,14.86,screener
TORNTPHARM,Mar 2025,2025-03-31,quarter,2959.0,1995.0,964.0,33.0,-42.0,56.0,201.0,665.0,25.0,498.0,14.71,screener
TORNTPHARM,Jun 2025,2025-06-30,quarter,3178.0,2146.0,1032.0,32.0,-37.0,56.0,201.0,738.0,26.0,548.0,16.19,screener
TORNTPHARM,Sep 2025,2025-09-30,quarter,3302.0,2219.0,1083.0,33.0,-40.0,48.0,204.0,791.0,25.0,591.0,17.46,screener
TORNTPHARM,Dec 2025,2025-12-31,quarter,3303.0,2215.0,1088.0,33.0,-23.0,45.0,206.0,814.0,22.0,635.0,18.76,screener
TORNTPHARM,Mar 2026,2026-03-31,quarter,4197.0,2841.0,1356.0,32.0,-83.0,236.0,508.0,529.0,31.0,364.0,10.76,screener
TORNTPOWER,Dec 2024,2024-12-31,quarter,6499.0,5388.0,1112.0,17.0,172.0,276.0,378.0,630.0,22.0,489.0,9.44,screener
TORNTPOWER,Mar 2025,2025-03-31,quarter,6456.0,5326.0,1130.0,18.0,114.0,236.0,389.0,619.0,-74.0,1077.0,21.03,screener
TORNTPOWER,Jun 2025,2025-06-30,quarter,7906.0,6423.0,1483.0,19.0,105.0,212.0,390.0,985.0,25.0,742.0,14.52,screener
TORNTPOWER,Sep 2025,2025-09-30,quarter,7876.0,6370.0,1506.0,19.0,78.0,216.0,389.0,979.0,24.0,742.0,14.36,screener
TORNTPOWER,Dec 2025,2025-12-31,quarter,6778.0,5375.0,1403.0,21.0,69.0,255.0,413.0,805.0,19.0,655.0,12.76,screener
TORNTPOWER,Mar 2026,2026-03-31,quarter,6406.0,5257.0,1149.0,18.0,71.0,252.0,421.0,547.0,39.0,331.0,6.31,screener
TORNTPOWER,Jun 2026,2026-06-30,quarter,8124.0,6586.0,1538.0,19.0,81.0,293.0,400.0,925.0,28.0,662.0,12.68,screener
TRANSPEK,Dec 2024,2024-12-31,quarter,170.04,146.1,23.94,14.08,4.89,3.12,12.13,13.58,21.58,10.65,19.07,screener
TRANSPEK,Mar 2025,2025-03-31,quarter,165.26,133.05,32.21,19.49,7.74,2.79,12.64,24.52,21.49,19.25,34.46,screener
TRANSPEK,Jun 2025,2025-06-30,quarter,154.23,130.18,24.05,15.59,11.66,2.46,12.32,20.93,25.56,15.58,27.89,screener
TRANSPEK,Sep 2025,2025-09-30,quarter,160.27,133.59,26.68,16.65,5.03,2.41,12.34,16.96,25.53,12.64,22.63,screener
TRANSPEK,Dec 2025,2025-12-31,quarter,158.48,133.55,24.93,15.73,3.54,1.67,12.34,14.46,25.03,10.85,19.42,screener
TRANSPEK,Mar 2026,2026-03-31,quarter,148.22,130.49,17.73,11.96,4.27,1.52,11.64,8.84,25.45,6.58,11.78,screener
TRANSRAILL,Dec 2024,2024-12-31,quarter,1358.0,1178.0,179.0,13.0,10.0,49.0,14.0,126.0,26.0,93.0,6.94,screener
TRANSRAILL,Mar 2025,2025-03-31,quarter,1946.0,1710.0,236.0,12.0,16.0,59.0,16.0,177.0,28.0,127.0,9.43,screener
TRANSRAILL,Jun 2025,2025-06-30,quarter,1660.0,1461.0,199.0,12.0,12.0,50.0,15.0,147.0,28.0,106.0,7.88,screener
TRANSRAILL,Sep 2025,2025-09-30,quarter,1561.0,1377.0,184.0,12.0,16.0,60.0,15.0,125.0,27.0,91.0,6.78,screener
TRANSRAILL,Dec 2025,2025-12-31,quarter,1796.0,1569.0,227.0,13.0,-4.0,55.0,17.0,151.0,27.0,110.0,8.17,screener
TRANSRAILL,Mar 2026,2026-03-31,quarter,1863.0,1657.0,207.0,11.0,11.0,54.0,20.0,144.0,33.0,96.0,7.19,screener
TRAVELFOOD,Dec 2024,2024-12-31,quarter,411.0,253.0,158.0,38.0,28.0,14.0,33.0,139.0,26.0,103.0,7.42,screener
TRAVELFOOD,Mar 2025,2025-03-31,quarter,367.0,232.0,135.0,37.0,43.0,10.0,33.0,134.0,21.0,107.0,7.81,screener
TRAVELFOOD,Jun 2025,2025-06-30,quarter,375.0,229.0,146.0,39.0,29.0,9.0,34.0,132.0,28.0,95.0,6.97,screener
TRAVELFOOD,Sep 2025,2025-09-30,quarter,356.0,221.0,135.0,38.0,35.0,8.0,38.0,124.0,21.0,98.0,7.27,screener
TRAVELFOOD,Dec 2025,2025-12-31,quarter,456.0,275.0,181.0,40.0,44.0,10.0,39.0,177.0,23.0,137.0,10.08,screener
TRAVELFOOD,Mar 2026,2026-03-31,quarter,461.0,274.0,186.0,40.0,53.0,37.0,40.0,162.0,24.0,123.0,9.17,screener
TREJHARA,Dec 2024,2024-12-31,quarter,6.42,4.79,1.63,25.39,0.29,0.04,0.97,0.91,27.47,0.66,0.45,screener
TREJHARA,Mar 2025,2025-03-31,quarter,39.24,36.92,2.32,5.91,0.99,0.22,1.02,2.07,58.45,0.86,0.59,screener
TREJHARA,Jun 2025,2025-06-30,quarter,32.64,30.53,2.11,6.46,0.18,0.23,0.99,1.07,36.45,0.67,0.46,screener
TREJHARA,Sep 2025,2025-09-30,quarter,33.93,31.74,2.19,6.45,3.84,0.19,0.99,4.85,26.39,3.57,2.46,screener
TREJHARA,Dec 2025,2025-12-31,quarter,33.81,31.71,2.1,6.21,0.75,0.31,1.02,1.52,21.05,1.21,0.51,screener
TREJHARA,Mar 2026,2026-03-31,quarter,41.87,40.46,1.41,3.37,3.16,0.34,1.03,3.2,-0.62,3.22,1.28,screener
TRENT,Dec 2024,2024-12-31,quarter,4657.0,3809.0,847.0,18.0,80.0,37.0,245.0,646.0,23.0,497.0,9.33,screener
TRENT,Mar 2025,2025-03-31,quarter,4217.0,3566.0,651.0,15.0,74.0,38.0,272.0,416.0,25.0,312.0,5.97,screener
TRENT,Jun 2025,2025-06-30,quarter,4883.0,4036.0,848.0,17.0,50.0,40.0,293.0,565.0,25.0,425.0,8.06,screener
TRENT,Sep 2025,2025-09-30,quarter,4818.0,4002.0,816.0,17.0,28.0,42.0,325.0,477.0,22.0,373.0,7.07,screener
TRENT,Dec 2025,2025-12-31,quarter,5345.0,4264.0,1081.0,20.0,5.0,43.0,367.0,676.0,25.0,510.0,9.62,screener
TRENT,Mar 2026,2026-03-31,quarter,5028.0,4117.0,911.0,18.0,28.0,44.0,377.0,519.0,20.0,413.0,7.51,screener
TRITURBINE,Dec 2024,2024-12-31,quarter,503.0,394.0,109.0,22.0,22.0,0.0,6.0,125.0,26.0,93.0,2.91,screener
TRITURBINE,Mar 2025,2025-03-31,quarter,538.0,418.0,120.0,22.0,20.0,1.0,8.0,132.0,28.0,95.0,2.95,screener
TRITURBINE,Jun 2025,2025-06-30,quarter,371.0,298.0,74.0,20.0,22.0,1.0,8.0,87.0,26.0,64.0,2.03,screener
TRITURBINE,Sep 2025,2025-09-30,quarter,506.0,392.0,115.0,23.0,18.0,0.0,8.0,125.0,27.0,91.0,2.87,screener
TRITURBINE,Dec 2025,2025-12-31,quarter,624.0,491.0,133.0,21.0,4.0,1.0,9.0,127.0,28.0,92.0,2.9,screener
TRITURBINE,Mar 2026,2026-03-31,quarter,680.0,552.0,128.0,19.0,16.0,1.0,9.0,134.0,24.0,102.0,3.21,screener
TRIVENI,Dec 2024,2024-12-31,quarter,1268.0,1191.0,77.0,6.0,24.0,11.0,33.0,58.0,26.0,43.0,2.2,screener
TRIVENI,Mar 2025,2025-03-31,quarter,1629.29,1321.17,308.12,18.91,9.27,30.11,32.11,255.17,26.67,187.12,8.36,screener
TRIVENI,Jun 2025,2025-06-30,quarter,1547.93,1511.05,36.88,2.38,31.82,37.89,30.82,-0.01,-21100.0,2.1,0.1,screener
TRIVENI,Sep 2025,2025-09-30,quarter,1706.15,1640.05,66.1,3.87,20.62,21.5,36.13,29.09,26.5,21.38,1.18,screener
TRIVENI,Dec 2025,2025-12-31,quarter,1478.14,1328.22,149.92,10.14,1.71,12.53,36.25,102.85,24.38,77.78,3.55,screener
TRIVENI,Mar 2026,2026-03-31,quarter,1408.18,1172.06,236.12,16.77,42.66,27.83,31.25,219.7,23.78,167.45,7.65,screener
TRIVENI,Jun 2026,2026-06-30,quarter,1580.52,1527.47,53.05,3.36,14.78,31.92,31.23,4.68,22.01,3.65,0.17,screener
TRU,Dec 2024,2024-12-31,quarter,52.0,25.0,,,1.0,25.0,2.0,1.0,-25.0,1.0,0.08,screener
TRU,Mar 2025,2025-03-31,quarter,35.0,71.0,,,1.0,21.0,21.0,-76.0,-11.0,-68.0,-5.79,screener
TRU,Jun 2025,2025-06-30,quarter,30.0,36.0,,,12.0,20.0,2.0,-16.0,-42.0,-9.0,-0.77,screener
TRU,Sep 2025,2025-09-30,quarter,23.0,48.0,,,2.0,20.0,2.0,-46.0,-28.0,-33.0,-2.77,screener
TRU,Dec 2025,2025-12-31,quarter,15.0,52.0,,,1.0,14.0,2.0,-52.0,-19.0,-42.0,-3.57,screener
TRU,Mar 2026,2026-03-31,quarter,15.0,19.0,,,1.0,21.0,2.0,-26.0,-27.0,-19.0,-1.61,screener
TRUALT,Dec 2024,2024-12-31,quarter,415.0,291.0,125.0,30.0,15.0,36.0,18.0,86.0,13.0,75.0,10.65,screener
TRUALT,Mar 2025,2025-03-31,quarter,907.0,753.0,154.0,17.0,14.0,39.0,18.0,111.0,-1.0,112.0,15.81,screener
TRUALT,Jun 2025,2025-06-30,quarter,304.0,262.0,42.0,14.0,23.0,38.0,21.0,6.0,18.0,5.0,0.67,screener
TRUALT,Sep 2025,2025-09-30,quarter,115.0,119.0,-5.0,-4.0,15.0,39.0,21.0,-49.0,-23.0,-38.0,-4.42,screener
TRUALT,Dec 2025,2025-12-31,quarter,713.0,579.0,134.0,19.0,18.0,40.0,22.0,90.0,23.0,69.0,8.08,screener
TRUALT,Mar 2026,2026-03-31,quarter,596.0,477.0,119.0,20.0,31.0,44.0,23.0,84.0,27.0,61.0,6.98,screener
TSFINV,Dec 2024,2024-12-31,quarter,33.0,9.0,24.0,72.0,0.0,0.0,1.0,23.0,25.0,106.0,4.76,screener
TSFINV,Mar 2025,2025-03-31,quarter,49.0,12.0,37.0,76.0,2.0,0.0,1.0,38.0,44.0,107.0,4.82,screener
TSFINV,Jun 2025,2025-06-30,quarter,179.0,132.0,47.0,26.0,43.0,5.0,3.0,82.0,24.0,158.0,7.13,screener
TSFINV,Sep 2025,2025-09-30,quarter,250.0,200.0,50.0,20.0,4.0,7.0,4.0,44.0,36.0,103.0,4.52,screener
TSFINV,Dec 2025,2025-12-31,quarter,258.0,210.0,49.0,19.0,2.0,7.0,4.0,40.0,37.0,105.0,4.64,screener
TSFINV,Mar 2026,2026-03-31,quarter,298.0,240.0,57.0,19.0,9.0,7.0,4.0,56.0,9.0,164.0,7.25,screener
TTKPRESTIG,Dec 2024,2024-12-31,quarter,727.0,648.0,79.0,11.0,17.0,4.0,17.0,75.0,24.0,57.0,4.27,screener
TTKPRESTIG,Mar 2025,2025-03-31,quarter,650.0,599.0,50.0,8.0,-54.0,4.0,19.0,-26.0,63.0,-42.0,-2.97,screener
TTKPRESTIG,Jun 2025,2025-06-30,quarter,609.0,569.0,40.0,7.0,17.0,4.0,19.0,35.0,27.0,26.0,1.94,screener
TTKPRESTIG,Sep 2025,2025-09-30,quarter,834.0,737.0,96.0,12.0,15.0,4.0,19.0,88.0,29.0,63.0,4.69,screener
TTKPRESTIG,Dec 2025,2025-12-31,quarter,801.0,730.0,72.0,9.0,-8.0,4.0,20.0,40.0,20.0,32.0,2.4,screener
TTKPRESTIG,Mar 2026,2026-03-31,quarter,729.0,662.0,67.0,9.0,16.0,3.0,23.0,57.0,36.0,36.0,2.69,screener
TULSI,Dec 2010,2010-12-31,quarter,35.4,30.97,4.43,12.51,0.0,3.14,0.79,0.5,68.0,0.16,0.06,screener
TULSI,Mar 2011,2011-03-31,quarter,63.16,60.66,2.5,3.96,0.0,3.19,0.79,-1.48,39.19,-2.06,-0.75,screener
TULSI,Jun 2011,2011-06-30,quarter,53.16,45.56,7.6,14.3,0.0,3.44,0.84,3.32,22.29,2.58,0.94,screener
TULSI,Sep 2011,2011-09-30,quarter,24.86,20.56,4.3,17.3,0.0,2.92,1.14,0.24,83.33,0.04,0.01,screener
TULSI,Dec 2011,2011-12-31,quarter,45.22,40.07,5.15,11.39,0.0,4.16,0.64,0.35,97.14,0.01,0.0,screener
TULSI,Mar 2012,2012-03-31,quarter,64.55,59.07,5.48,8.49,-0.09,4.62,1.69,-0.92,-52.17,-0.44,-0.16,screener
TVSMOTOR,Dec 2024,2024-12-31,quarter,11035.0,9402.0,1633.0,15.0,70.0,536.0,258.0,908.0,33.0,609.0,11.91,screener
TVSMOTOR,Mar 2025,2025-03-31,quarter,11542.0,9638.0,1904.0,16.0,-57.0,551.0,292.0,1004.0,31.0,698.0,13.64,screener
TVSMOTOR,Jun 2025,2025-06-30,quarter,12210.0,10407.0,1803.0,15.0,40.0,551.0,315.0,977.0,34.0,643.0,12.84,screener
TVSMOTOR,Sep 2025,2025-09-30,quarter,14051.0,11941.0,2110.0,15.0,-14.0,552.0,320.0,1223.0,32.0,833.0,16.74,screener
TVSMOTOR,Dec 2025,2025-12-31,quarter,14756.0,12488.0,2267.0,15.0,-60.0,561.0,323.0,1323.0,33.0,891.0,17.71,screener
TVSMOTOR,Mar 2026,2026-03-31,quarter,15053.0,12881.0,2172.0,14.0,7.0,566.0,315.0,1298.0,37.0,820.0,16.24,screener
TVSSCS,Dec 2024,2024-12-31,quarter,2445.0,2294.0,151.0,6.0,9.0,39.0,136.0,-15.0,57.0,-24.0,-0.56,screener
TVSSCS,Mar 2025,2025-03-31,quarter,2499.0,2330.0,169.0,7.0,14.0,37.0,133.0,13.0,130.0,-4.0,-0.11,screener
TVSSCS,Jun 2025,2025-06-30,quarter,2592.0,2415.0,177.0,7.0,95.0,38.0,130.0,103.0,31.0,71.0,1.6,screener
TVSSCS,Sep 2025,2025-09-30,quarter,2663.0,2481.0,182.0,7.0,12.0,33.0,137.0,23.0,30.0,16.0,0.35,screener
TVSSCS,Dec 2025,2025-12-31,quarter,2716.0,2510.0,206.0,8.0,-1.0,42.0,147.0,16.0,30.0,11.0,0.24,screener
TVSSCS,Mar 2026,2026-03-31,quarter,3032.0,2814.0,218.0,7.0,8.0,45.0,156.0,26.0,29.0,18.0,0.4,screener
TVSSRICHAK,Dec 2024,2024-12-31,quarter,803.0,758.0,44.0,6.0,-5.0,14.0,32.0,-6.0,8.0,-6.0,-7.8,screener
TVSSRICHAK,Mar 2025,2025-03-31,quarter,818.0,752.0,67.0,8.0,-3.0,14.0,37.0,12.0,22.0,10.0,12.52,screener
TVSSRICHAK,Jun 2025,2025-06-30,quarter,819.0,771.0,48.0,6.0,20.0,14.0,34.0,20.0,36.0,13.0,16.82,screener
TVSSRICHAK,Sep 2025,2025-09-30,quarter,926.0,861.0,66.0,7.0,0.0,12.0,36.0,18.0,40.0,11.0,14.51,screener
TVSSRICHAK,Dec 2025,2025-12-31,quarter,917.0,838.0,78.0,9.0,-13.0,12.0,36.0,17.0,34.0,11.0,14.56,screener
TVSSRICHAK,Mar 2026,2026-03-31,quarter,981.0,894.0,87.0,9.0,10.0,12.0,37.0,48.0,25.0,36.0,47.13,screener
TVTODAY,Dec 2024,2024-12-31,quarter,231.78,219.63,12.15,5.24,9.29,0.61,8.17,12.66,31.04,8.73,1.46,screener
TVTODAY,Mar 2025,2025-03-31,quarter,249.17,244.62,4.55,1.83,11.77,0.59,7.84,7.89,22.05,6.15,1.03,screener
TVTODAY,Jun 2025,2025-06-30,quarter,198.44,194.23,4.21,2.12,14.14,0.55,7.68,10.12,27.37,7.35,1.23,screener
TVTODAY,Sep 2025,2025-09-30,quarter,185.68,179.47,6.21,3.34,1.97,0.44,7.58,0.16,1337.5,-1.98,-0.33,screener
TVTODAY,Dec 2025,2025-12-31,quarter,212.36,199.66,12.7,5.98,-3.4,0.43,7.36,1.51,109.27,-0.14,-0.02,screener
TVTODAY,Mar 2026,2026-03-31,quarter,213.47,208.91,4.56,2.14,16.23,0.64,7.89,12.26,26.43,9.02,1.51,screener
UBL,Dec 2024,2024-12-31,quarter,2000.0,1859.0,141.0,7.0,-16.0,3.0,61.0,61.0,37.0,39.0,1.45,screener
UBL,Mar 2025,2025-03-31,quarter,2323.0,2136.0,187.0,8.0,8.0,6.0,57.0,132.0,26.0,98.0,3.69,screener
UBL,Jun 2025,2025-06-30,quarter,2864.0,2553.0,311.0,11.0,11.0,11.0,63.0,248.0,26.0,184.0,6.95,screener
UBL,Sep 2025,2025-09-30,quarter,2053.0,1923.0,130.0,6.0,15.0,15.0,64.0,66.0,30.0,46.0,1.76,screener
UBL,Dec 2025,2025-12-31,quarter,2073.0,1847.0,226.0,11.0,-8.0,17.0,69.0,132.0,39.0,81.0,3.06,screener
UBL,Mar 2026,2026-03-31,quarter,2250.0,2111.0,139.0,6.0,82.0,29.0,76.0,116.0,12.0,102.0,3.85,screener
UBL,Jun 2026,2026-06-30,quarter,3067.0,2784.0,283.0,9.0,51.0,23.0,86.0,224.0,26.0,166.0,6.29,screener
UCAL,Mar 2025,2025-03-31,quarter,198.9,202.51,-3.61,-1.81,2.78,6.08,10.34,-17.25,19.36,-20.58,-9.31,screener
UCAL,Jun 2025,2025-06-30,quarter,194.52,184.31,10.21,5.25,2.9,8.28,9.59,-4.76,26.26,-6.01,-2.72,screener
UCAL,Sep 2025,2025-09-30,quarter,211.3,196.33,14.97,7.08,-0.24,7.53,9.25,-2.05,118.05,-4.47,-2.02,screener
UCAL,Dec 2025,2025-12-31,quarter,198.52,191.19,7.33,3.69,-1.04,8.18,8.64,-10.53,-7.98,-9.69,-4.38,screener
UCAL,Mar 2026,2026-03-31,quarter,233.47,215.5,17.97,7.7,-13.65,6.36,9.19,-11.23,17.28,-13.15,-5.95,screener
UCAL,Jun 2026,2026-06-30,quarter,203.15,183.76,19.39,9.54,1.7,6.99,6.2,7.9,26.08,5.84,2.64,screener
UCOBANK,Dec 2023,2023-12-31,quarter,5552.0,2072.0,,,861.0,3564.0,0.0,777.0,35.0,505.0,0.42,screener
UCOBANK,Mar 2024,2024-03-31,quarter,5860.0,2507.0,,,1125.0,3672.0,0.0,806.0,35.0,538.0,0.45,screener
UCOBANK,Jun 2024,2024-06-30,quarter,6024.0,2227.0,,,835.0,3770.0,0.0,862.0,36.0,555.0,0.46,screener
UCOBANK,Sep 2024,2024-09-30,quarter,6078.0,2355.0,,,993.0,3778.0,0.0,939.0,36.0,607.0,0.51,screener
UCOBANK,Dec 2024,2024-12-31,quarter,6220.0,2567.0,,,1186.0,3842.0,0.0,996.0,36.0,640.0,0.54,screener
UCOBANK,Mar 2025,2025-03-31,quarter,6745.0,3055.0,,,1392.0,4046.0,0.0,1036.0,37.0,666.0,0.53,screener
UDS,Dec 2024,2024-12-31,quarter,695.0,649.0,46.0,7.0,6.0,2.0,12.0,38.0,18.0,31.0,4.61,screener
UDS,Mar 2025,2025-03-31,quarter,709.0,673.0,36.0,5.0,17.0,2.0,11.0,39.0,12.0,34.0,5.14,screener
UDS,Jun 2025,2025-06-30,quarter,700.0,661.0,39.0,6.0,5.0,2.0,11.0,31.0,7.0,29.0,4.27,screener
UDS,Sep 2025,2025-09-30,quarter,729.0,698.0,32.0,4.0,6.0,2.0,12.0,24.0,16.0,20.0,2.97,screener
UDS,Dec 2025,2025-12-31,quarter,767.0,746.0,21.0,3.0,-2.0,1.0,12.0,5.0,-26.0,7.0,1.37,screener
UDS,Mar 2026,2026-03-31,quarter,743.0,700.0,43.0,6.0,7.0,2.0,12.0,36.0,24.0,27.0,4.19,screener
UFBL,Dec 2024,2024-12-31,quarter,329.0,267.0,62.0,19.0,6.0,19.0,43.0,5.0,-7.0,5.0,1.16,screener
UFBL,Mar 2025,2025-03-31,quarter,293.0,239.0,53.0,18.0,3.0,21.0,52.0,-16.0,25.0,-21.0,-5.18,screener
UFBL,Jun 2025,2025-06-30,quarter,297.0,251.0,46.0,16.0,2.0,20.0,45.0,-17.0,-2.0,-17.0,-4.2,screener
UFBL,Sep 2025,2025-09-30,quarter,305.0,267.0,38.0,12.0,8.0,21.0,48.0,-23.0,-3.0,-22.0,-5.68,screener
UFBL,Dec 2025,2025-12-31,quarter,377.0,322.0,55.0,15.0,2.0,23.0,48.0,-14.0,-47.0,-8.0,-1.82,screener
UFBL,Mar 2026,2026-03-31,quarter,360.0,306.0,54.0,15.0,3.0,23.0,49.0,-14.0,10.0,-15.0,-3.43,screener
UFLEX,Dec 2024,2024-12-31,quarter,3735.0,3281.0,454.0,12.0,65.0,174.0,172.0,173.0,21.0,137.0,18.95,screener
UFLEX,Mar 2025,2025-03-31,quarter,3814.0,3404.0,410.0,11.0,132.0,184.0,176.0,182.0,7.0,169.0,23.34,screener
UFLEX,Jun 2025,2025-06-30,quarter,3901.0,3447.0,454.0,12.0,21.0,199.0,187.0,89.0,35.0,58.0,8.03,screener
UFLEX,Sep 2025,2025-09-30,quarter,3832.0,3446.0,386.0,10.0,29.0,188.0,189.0,38.0,29.0,27.0,3.73,screener
UFLEX,Dec 2025,2025-12-31,quarter,3612.0,3176.0,436.0,12.0,8.0,193.0,202.0,49.0,26.0,36.0,5.01,screener
UFLEX,Mar 2026,2026-03-31,quarter,4056.0,3472.0,584.0,14.0,35.0,197.0,209.0,213.0,8.0,196.0,27.15,screener
ULTRACEMCO,Dec 2024,2024-12-31,quarter,17779.0,14885.0,2893.0,16.0,247.0,457.0,993.0,1691.0,19.0,1363.0,47.09,screener
ULTRACEMCO,Mar 2025,2025-03-31,quarter,23063.0,18456.0,4608.0,20.0,93.0,475.0,1125.0,3101.0,20.0,2475.0,84.23,screener
ULTRACEMCO,Jun 2025,2025-06-30,quarter,21275.0,16869.0,4406.0,21.0,142.0,433.0,1107.0,3008.0,26.0,2221.0,75.54,screener
ULTRACEMCO,Sep 2025,2025-09-30,quarter,19607.0,16518.0,3089.0,16.0,174.0,459.0,1148.0,1656.0,25.0,1238.0,41.79,screener
ULTRACEMCO,Dec 2025,2025-12-31,quarter,21830.0,17919.0,3911.0,18.0,46.0,492.0,1182.0,2283.0,24.0,1729.0,58.55,screener
ULTRACEMCO,Mar 2026,2026-03-31,quarter,25799.0,20201.0,5599.0,22.0,77.0,487.0,1208.0,3981.0,25.0,3000.0,101.22,screener
ULTRAMAR,Dec 2024,2024-12-31,quarter,179.0,142.0,36.0,20.0,2.0,2.0,6.0,30.0,25.0,23.0,7.83,screener
ULTRAMAR,Mar 2025,2025-03-31,quarter,195.0,166.0,28.0,15.0,3.0,2.0,7.0,23.0,26.0,17.0,5.83,screener
ULTRAMAR,Jun 2025,2025-06-30,quarter,184.0,153.0,32.0,17.0,3.0,2.0,6.0,27.0,24.0,20.0,6.91,screener
ULTRAMAR,Sep 2025,2025-09-30,quarter,196.0,164.0,32.0,16.0,2.0,2.0,7.0,26.0,25.0,19.0,6.63,screener
ULTRAMAR,Dec 2025,2025-12-31,quarter,196.0,161.0,34.0,18.0,8.0,1.0,7.0,34.0,20.0,27.0,9.28,screener
ULTRAMAR,Mar 2026,2026-03-31,quarter,199.0,173.0,26.0,13.0,1.0,2.0,7.0,18.0,23.0,14.0,4.85,screener
UNICHEMLAB,Dec 2024,2024-12-31,quarter,533.0,448.0,86.0,16.0,14.0,7.0,31.0,62.0,6.0,58.0,8.22,screener
UNICHEMLAB,Mar 2025,2025-03-31,quarter,587.0,503.0,84.0,14.0,9.0,5.0,30.0,58.0,8.0,53.0,7.52,screener
UNICHEMLAB,Jun 2025,2025-06-30,quarter,527.0,504.0,22.0,4.0,7.0,7.0,32.0,-9.0,16.0,-10.0,-1.49,screener
UNICHEMLAB,Sep 2025,2025-09-30,quarter,579.0,513.0,66.0,11.0,-37.0,8.0,31.0,-11.0,10.0,-12.0,-1.69,screener
UNICHEMLAB,Dec 2025,2025-12-31,quarter,521.0,476.0,45.0,9.0,287.0,7.0,31.0,293.0,10.0,264.0,37.54,screener
UNICHEMLAB,Mar 2026,2026-03-31,quarter,575.0,527.0,48.0,8.0,11.0,9.0,31.0,19.0,42.0,11.0,1.55,screener
UNIMECH,Dec 2024,2024-12-31,quarter,54.0,38.0,16.0,29.0,8.0,1.0,3.0,19.0,20.0,16.0,3.06,screener
UNIMECH,Mar 2025,2025-03-31,quarter,68.0,41.0,28.0,40.0,10.0,1.0,4.0,33.0,10.0,29.0,5.74,screener
UNIMECH,Jun 2025,2025-06-30,quarter,63.0,43.0,20.0,31.0,11.0,1.0,6.0,24.0,21.0,19.0,3.76,screener
UNIMECH,Sep 2025,2025-09-30,quarter,62.0,43.0,19.0,30.0,10.0,1.0,6.0,21.0,24.0,16.0,3.08,screener
UNIMECH,Dec 2025,2025-12-31,quarter,34.0,32.0,2.0,4.6,11.0,2.0,7.0,4.0,38.0,2.0,0.47,screener
UNIMECH,Mar 2026,2026-03-31,quarter,82.0,47.0,35.0,43.0,15.0,11.0,7.0,32.0,17.0,26.0,5.13,screener
UNIONBANK,Dec 2024,2024-12-31,quarter,26720.0,8096.0,,,4614.0,17350.0,0.0,5889.0,22.0,4623.0,6.06,screener
UNIONBANK,Mar 2025,2025-03-31,quarter,27869.0,9673.0,,,6223.0,18245.0,0.0,6175.0,19.0,5011.0,6.56,screener
UNIONBANK,Jun 2025,2025-06-30,quarter,27099.0,8844.0,,,4869.0,17855.0,0.0,5269.0,21.0,4428.0,5.8,screener
UNIONBANK,Sep 2025,2025-09-30,quarter,26205.0,9056.0,,,5550.0,17247.0,0.0,5453.0,21.0,4426.0,5.8,screener
UNIONBANK,Dec 2025,2025-12-31,quarter,26819.0,7994.0,,,5183.0,17370.0,0.0,6638.0,24.0,5073.0,6.65,screener
UNIONBANK,Mar 2026,2026-03-31,quarter,26676.0,8744.0,,,5999.0,17005.0,0.0,6926.0,23.0,5504.0,7.21,screener
UNIONBANK,Jun 2026,2026-06-30,quarter,27427.0,8388.0,,,5233.0,17206.0,0.0,7067.0,24.0,5642.0,7.39,screener
UNIPARTS,Dec 2024,2024-12-31,quarter,208.0,176.0,32.0,15.0,5.0,2.0,11.0,25.0,23.0,19.0,4.24,screener
UNIPARTS,Mar 2025,2025-03-31,quarter,253.0,218.0,35.0,14.0,6.0,2.0,11.0,29.0,21.0,23.0,5.06,screener
UNIPARTS,Jun 2025,2025-06-30,quarter,274.0,221.0,52.0,19.0,6.0,2.0,11.0,45.0,23.0,34.0,7.64,screener
UNIPARTS,Sep 2025,2025-09-30,quarter,277.0,219.0,58.0,21.0,6.0,2.0,11.0,51.0,22.0,39.0,8.73,screener
UNIPARTS,Dec 2025,2025-12-31,quarter,281.0,225.0,56.0,20.0,2.0,3.0,11.0,44.0,25.0,33.0,7.38,screener
UNIPARTS,Mar 2026,2026-03-31,quarter,339.0,258.0,81.0,24.0,1.0,3.0,12.0,66.0,23.0,51.0,11.33,screener
UNITDSPR,Dec 2024,2024-12-31,quarter,3433.0,2868.0,565.0,16.0,7.0,20.0,72.0,480.0,30.0,335.0,4.61,screener
UNITDSPR,Mar 2025,2025-03-31,quarter,2946.0,2437.0,509.0,17.0,136.0,22.0,70.0,553.0,24.0,421.0,5.79,screener
UNITDSPR,Jun 2025,2025-06-30,quarter,3021.0,2383.0,638.0,21.0,58.0,49.0,76.0,571.0,27.0,417.0,5.73,screener
UNITDSPR,Sep 2025,2025-09-30,quarter,3173.0,2514.0,659.0,21.0,51.0,21.0,65.0,624.0,26.0,464.0,6.38,screener
UNITDSPR,Dec 2025,2025-12-31,quarter,3691.0,3077.0,614.0,17.0,28.0,19.0,80.0,543.0,23.0,418.0,5.75,screener
UNITDSPR,Mar 2026,2026-03-31,quarter,3054.0,2461.0,593.0,19.0,226.0,69.0,76.0,674.0,20.0,539.0,7.41,screener
UNIVCABLES,Dec 2024,2024-12-31,quarter,608.0,569.0,39.0,6.0,16.0,27.0,7.0,21.0,25.0,16.0,4.56,screener
UNIVCABLES,Mar 2025,2025-03-31,quarter,674.0,612.0,62.0,9.0,35.0,25.0,7.0,65.0,23.0,50.0,14.32,screener
UNIVCABLES,Jun 2025,2025-06-30,quarter,600.0,542.0,58.0,10.0,21.0,24.0,9.0,46.0,28.0,34.0,9.68,screener
UNIVCABLES,Sep 2025,2025-09-30,quarter,814.0,741.0,74.0,9.0,24.0,27.0,9.0,62.0,23.0,48.0,13.74,screener
UNIVCABLES,Dec 2025,2025-12-31,quarter,768.0,708.0,60.0,8.0,15.0,31.0,10.0,34.0,19.0,27.0,7.84,screener
UNIVCABLES,Mar 2026,2026-03-31,quarter,840.0,771.0,69.0,8.0,51.0,32.0,11.0,76.0,28.0,55.0,15.86,screener
UNIVCABLES,Jun 2026,2026-06-30,quarter,945.0,854.0,91.0,10.0,42.0,36.0,12.0,85.0,17.0,70.0,20.22,screener
UNOMINDA,Dec 2024,2024-12-31,quarter,4184.0,3727.0,457.0,11.0,49.0,47.0,158.0,301.0,15.0,254.0,4.05,screener
UNOMINDA,Mar 2025,2025-03-31,quarter,4528.0,4002.0,527.0,12.0,62.0,41.0,165.0,384.0,25.0,289.0,4.64,screener
UNOMINDA,Jun 2025,2025-06-30,quarter,4489.0,3946.0,543.0,12.0,59.0,44.0,159.0,399.0,23.0,309.0,5.06,screener
UNOMINDA,Sep 2025,2025-09-30,quarter,4814.0,4262.0,552.0,11.0,76.0,45.0,173.0,409.0,21.0,323.0,5.27,screener
UNOMINDA,Dec 2025,2025-12-31,quarter,5018.0,4465.0,554.0,11.0,50.0,53.0,179.0,372.0,19.0,300.0,4.79,screener
UNOMINDA,Mar 2026,2026-03-31,quarter,5336.0,4734.0,603.0,11.0,70.0,45.0,192.0,436.0,19.0,352.0,5.64,screener
UPL,Dec 2024,2024-12-31,quarter,10907.0,9229.0,1678.0,15.0,94.0,730.0,688.0,354.0,-141.0,853.0,9.81,screener
UPL,Mar 2025,2025-03-31,quarter,15573.0,12409.0,3164.0,20.0,-168.0,914.0,705.0,1377.0,22.0,1079.0,10.61,screener
UPL,Jun 2025,2025-06-30,quarter,9216.0,7820.0,1396.0,15.0,152.0,1007.0,731.0,-190.0,-7.0,-176.0,-1.04,screener
UPL,Sep 2025,2025-09-30,quarter,12019.0,10072.0,1947.0,16.0,392.0,784.0,771.0,784.0,22.0,612.0,6.56,screener
UPL,Dec 2025,2025-12-31,quarter,12269.0,10033.0,2236.0,18.0,36.0,774.0,827.0,671.0,27.0,490.0,4.7,screener
UPL,Mar 2026,2026-03-31,quarter,18335.0,14854.0,3481.0,19.0,162.0,836.0,915.0,1892.0,32.0,1294.0,12.57,screener
UPL,Jun 2026,2026-06-30,quarter,10181.0,8814.0,1367.0,13.0,208.0,852.0,832.0,-109.0,-33.0,-73.0,0.12,screener
URAVIDEF,Dec 2024,2024-12-31,quarter,10.02,9.07,0.95,9.48,0.8,0.4,0.55,0.8,11.25,0.71,0.65,screener
URAVIDEF,Mar 2025,2025-03-31,quarter,9.11,7.54,1.57,17.23,0.54,0.39,0.5,1.22,24.59,0.93,0.75,screener
URAVIDEF,Jun 2025,2025-06-30,quarter,10.02,8.8,1.22,12.18,0.4,0.39,0.52,0.71,25.35,0.53,0.38,screener
URAVIDEF,Sep 2025,2025-09-30,quarter,10.2,9.22,0.98,9.61,-0.05,0.38,0.45,0.1,140.0,-0.05,0.07,screener
URAVIDEF,Dec 2025,2025-12-31,quarter,10.2,9.65,0.55,5.39,0.45,0.3,0.44,0.26,38.46,0.16,-0.04,screener
URAVIDEF,Mar 2026,2026-03-31,quarter,9.86,9.73,0.13,1.32,2.18,0.18,0.51,1.62,6.79,1.5,0.52,screener
URBANCO,Dec 2024,2024-12-31,quarter,288.0,290.0,-2.0,-1.0,30.0,3.0,9.0,16.0,-1315.0,232.0,11870.97,screener
URBANCO,Mar 2025,2025-03-31,quarter,298.0,317.0,-19.0,-6.0,32.0,3.0,9.0,1.0,301.0,-3.0,-0.06,screener
URBANCO,Jun 2025,2025-06-30,quarter,367.0,381.0,-13.0,-4.0,31.0,3.0,10.0,6.0,-23.0,7.0,0.14,screener
URBANCO,Sep 2025,2025-09-30,quarter,380.0,459.0,-79.0,-21.0,33.0,3.0,10.0,-59.0,0.0,-59.0,-0.41,screener
URBANCO,Dec 2025,2025-12-31,quarter,383.0,425.0,-42.0,-11.0,36.0,3.0,12.0,-21.0,1.0,-21.0,-0.15,screener
URBANCO,Mar 2026,2026-03-31,quarter,426.0,545.0,-120.0,-28.0,37.0,3.0,14.0,-100.0,61.0,-161.0,-1.05,screener
URJA,Dec 2024,2024-12-31,quarter,20.2,19.87,0.33,1.63,0.45,0.15,0.1,0.53,0.0,0.53,0.01,screener
URJA,Mar 2025,2025-03-31,quarter,17.18,16.46,0.72,4.19,0.33,0.13,0.11,0.81,0.0,0.81,0.0,screener
URJA,Jun 2025,2025-06-30,quarter,19.01,18.38,0.63,3.31,0.6,0.14,0.12,0.97,0.0,0.97,0.01,screener
URJA,Sep 2025,2025-09-30,quarter,15.5,14.83,0.67,4.32,0.03,0.16,0.13,0.41,0.0,0.42,0.01,screener
URJA,Dec 2025,2025-12-31,quarter,14.61,14.24,0.37,2.53,0.14,0.13,0.13,0.25,0.0,0.25,0.01,screener
URJA,Mar 2026,2026-03-31,quarter,17.58,17.11,0.47,2.67,0.12,0.12,0.11,0.36,0.0,0.36,0.0,screener
URJA,Jun 2026,2026-06-30,quarter,13.96,13.41,0.55,3.94,0.11,0.12,0.11,0.43,0.0,0.43,0.01,screener
USHAMART,Dec 2024,2024-12-31,quarter,861.0,718.0,143.0,17.0,9.0,9.0,26.0,118.0,22.0,92.0,3.04,screener
USHAMART,Mar 2025,2025-03-31,quarter,896.0,757.0,140.0,16.0,28.0,7.0,28.0,133.0,24.0,101.0,3.31,screener
USHAMART,Jun 2025,2025-06-30,quarter,887.0,743.0,145.0,16.0,20.0,6.0,29.0,130.0,22.0,101.0,3.31,screener
USHAMART,Sep 2025,2025-09-30,quarter,908.0,735.0,173.0,19.0,10.0,5.0,28.0,150.0,27.0,110.0,3.6,screener
USHAMART,Dec 2025,2025-12-31,quarter,917.0,741.0,176.0,19.0,-5.0,5.0,29.0,138.0,22.0,108.0,3.53,screener
USHAMART,Mar 2026,2026-03-31,quarter,979.0,768.0,212.0,22.0,21.0,4.0,31.0,197.0,25.0,148.0,4.85,screener
UTIAMC,Dec 2024,2024-12-31,quarter,418.0,185.0,233.0,56.0,3.0,3.0,11.0,221.0,22.0,174.0,11.78,screener
UTIAMC,Mar 2025,2025-03-31,quarter,376.0,207.0,169.0,45.0,0.0,3.0,12.0,154.0,34.0,102.0,6.83,screener
UTIAMC,Jun 2025,2025-06-30,quarter,547.0,207.0,340.0,62.0,2.0,3.0,12.0,326.0,22.0,254.0,18.5,screener
UTIAMC,Sep 2025,2025-09-30,quarter,419.0,241.0,177.0,42.0,3.0,3.0,13.0,164.0,19.0,132.0,8.81,screener
UTIAMC,Dec 2025,2025-12-31,quarter,517.0,215.0,302.0,58.0,-108.0,3.0,13.0,178.0,23.0,138.0,9.41,screener
UTIAMC,Mar 2026,2026-03-31,quarter,390.0,402.0,-12.0,-3.0,12.0,3.0,13.0,-17.0,206.0,-51.0,-5.19,screener
UTLSOLAR,Jun 2025,2025-06-30,quarter,597.0,491.0,106.0,18.0,0.0,9.0,7.0,90.0,25.0,68.0,2.41,screener
UTLSOLAR,Mar 2026,2026-03-31,quarter,901.0,729.0,171.0,19.0,3.0,10.0,21.0,144.0,26.0,106.0,3.47,screener
UTLSOLAR,Jun 2026,2026-06-30,quarter,1346.0,1091.0,255.0,19.0,-141.0,11.0,25.0,78.0,26.0,58.0,1.88,screener
UTTAMSUGAR,Dec 2024,2024-12-31,quarter,425.0,365.0,60.0,14.0,1.0,9.0,12.0,41.0,26.0,30.0,8.18,screener
UTTAMSUGAR,Mar 2025,2025-03-31,quarter,567.0,452.0,115.0,20.0,2.0,18.0,12.0,88.0,27.0,64.0,17.27,screener
UTTAMSUGAR,Jun 2025,2025-06-30,quarter,629.0,578.0,50.0,8.0,1.0,20.0,12.0,19.0,25.0,15.0,3.82,screener
UTTAMSUGAR,Sep 2025,2025-09-30,quarter,582.0,559.0,23.0,4.0,3.0,12.0,12.0,2.0,41.0,1.0,0.26,screener
UTTAMSUGAR,Dec 2025,2025-12-31,quarter,521.0,464.0,57.0,11.0,2.0,6.0,13.0,41.0,25.0,30.0,7.86,screener
UTTAMSUGAR,Mar 2026,2026-03-31,quarter,470.0,372.0,98.0,21.0,0.0,13.0,12.0,74.0,26.0,55.0,14.36,screener
V2RETAIL,Dec 2024,2024-12-31,quarter,591.0,479.0,111.0,19.0,1.0,18.0,26.0,69.0,25.0,51.0,1.48,screener
V2RETAIL,Mar 2025,2025-03-31,quarter,499.0,441.0,58.0,12.0,2.0,21.0,28.0,10.0,38.0,6.0,0.19,screener
V2RETAIL,Jun 2025,2025-06-30,quarter,632.0,545.0,87.0,14.0,1.0,23.0,32.0,33.0,26.0,25.0,0.71,screener
V2RETAIL,Sep 2025,2025-09-30,quarter,709.0,623.0,85.0,12.0,1.0,28.0,38.0,21.0,18.0,17.0,0.5,screener
V2RETAIL,Dec 2025,2025-12-31,quarter,929.0,755.0,174.0,19.0,32.0,22.0,46.0,138.0,26.0,103.0,2.82,screener
V2RETAIL,Mar 2026,2026-03-31,quarter,797.0,688.0,109.0,14.0,4.0,24.0,67.0,22.0,22.0,18.0,0.48,screener
V2RETAIL,Jun 2026,2026-06-30,quarter,997.0,858.0,139.0,14.0,1.0,25.0,64.0,52.0,19.0,42.0,1.15,screener
VADILALIND,Mar 2025,2025-03-31,quarter,275.0,236.0,39.0,14.0,3.0,4.0,11.0,27.0,19.0,22.0,30.61,screener
VADILALIND,Jun 2025,2025-06-30,quarter,507.0,406.0,100.0,20.0,4.0,4.0,12.0,89.0,25.0,67.0,93.19,screener
VADILALIND,Sep 2025,2025-09-30,quarter,341.0,290.0,51.0,15.0,7.0,4.0,12.0,43.0,23.0,33.0,46.5,screener
VADILALIND,Dec 2025,2025-12-31,quarter,239.0,227.0,11.0,4.7,4.0,4.0,12.0,0.0,150.0,0.0,-0.22,screener
VADILALIND,Mar 2026,2026-03-31,quarter,416.0,331.0,85.0,20.0,7.0,5.0,14.0,73.0,25.0,55.0,76.32,screener
VADILALIND,Jun 2026,2026-06-30,quarter,680.0,514.0,166.0,24.0,27.0,4.0,15.0,174.0,25.0,131.0,182.13,screener
VAIBHAVGBL,Dec 2024,2024-12-31,quarter,977.0,868.0,110.0,11.0,2.0,4.0,26.0,82.0,22.0,64.0,3.84,screener
VAIBHAVGBL,Mar 2025,2025-03-31,quarter,850.0,788.0,62.0,7.0,8.0,4.0,25.0,41.0,17.0,34.0,2.05,screener
VAIBHAVGBL,Jun 2025,2025-06-30,quarter,814.0,752.0,62.0,8.0,13.0,4.0,25.0,46.0,18.0,38.0,2.26,screener
VAIBHAVGBL,Sep 2025,2025-09-30,quarter,877.0,800.0,78.0,9.0,11.0,3.0,24.0,60.0,21.0,48.0,2.85,screener
VAIBHAVGBL,Dec 2025,2025-12-31,quarter,1066.0,930.0,136.0,13.0,5.0,4.0,25.0,112.0,20.0,90.0,5.38,screener
VAIBHAVGBL,Mar 2026,2026-03-31,quarter,935.0,851.0,83.0,9.0,13.0,4.0,28.0,64.0,-43.0,91.0,5.46,screener
VARROC,Dec 2024,2024-12-31,quarter,2075.0,1889.0,186.0,9.0,-88.0,42.0,81.0,-25.0,82.0,-45.0,-3.1,screener_yfinance_fallback_normalized
VARROC,Mar 2025,2025-03-31,quarter,2099.0,1878.0,221.0,11.0,-51.0,41.0,81.0,47.0,51.0,23.0,1.35,screener_yfinance_fallback_normalized
VARROC,Jun 2025,2025-06-30,quarter,2028.0,1833.0,195.0,10.0,67.0,36.0,81.0,144.0,25.0,107.0,6.88,screener_yfinance_fallback_normalized
VARROC,Sep 2025,2025-09-30,quarter,2207.0,2004.0,203.0,9.0,3.0,32.0,83.0,92.0,31.0,63.0,3.99,screener_yfinance_fallback_normalized
VARROC,Dec 2025,2025-12-31,quarter,2288.0,2078.0,210.0,9.0,-100.0,31.0,82.0,-3.0,245.0,-11.0,-0.67,screener_yfinance_fallback_normalized
VARROC,Mar 2026,2026-03-31,quarter,2368.0,2146.0,222.0,9.0,7.0,35.0,86.0,109.0,35.0,70.0,4.54,screener_yfinance_fallback_normalized
VASWANI,Jun 2023,2023-06-30,quarter,93.55,87.49,6.06,6.48,0.2,2.05,0.93,3.28,16.16,2.76,0.92,screener
VASWANI,Mar 2024,2024-03-31,quarter,90.36,83.76,6.6,7.3,0.6,1.62,0.95,4.63,33.05,3.1,1.03,screener
VASWANI,Jun 2024,2024-06-30,quarter,91.74,86.48,5.26,5.73,0.32,1.09,0.93,3.56,29.21,2.52,0.84,screener
VBL,Dec 2024,2024-12-31,quarter,3689.0,3110.0,579.0,16.0,45.0,109.0,261.0,254.0,23.0,196.0,0.55,screener
VBL,Mar 2025,2025-03-31,quarter,5567.0,4304.0,1263.0,23.0,28.0,41.0,273.0,978.0,25.0,731.0,2.15,screener
VBL,Jun 2025,2025-06-30,quarter,7017.0,5020.0,1998.0,28.0,77.0,37.0,306.0,1732.0,23.0,1325.0,3.89,screener
VBL,Sep 2025,2025-09-30,quarter,4897.0,3751.0,1146.0,23.0,148.0,45.0,308.0,941.0,21.0,745.0,2.19,screener
VBL,Dec 2025,2025-12-31,quarter,4204.0,3568.0,637.0,15.0,99.0,47.0,330.0,359.0,28.0,260.0,0.74,screener
VBL,Mar 2026,2026-03-31,quarter,6574.0,5049.0,1525.0,23.0,44.0,49.0,357.0,1163.0,24.0,879.0,2.58,screener
VEDL,Dec 2024,2024-12-31,quarter,17063.0,12050.0,5013.0,29.0,3202.0,1073.0,1238.0,5904.0,17.0,4876.0,9.07,screener
VEDL,Mar 2025,2025-03-31,quarter,16686.0,11440.0,5246.0,31.0,2771.0,1071.0,1191.0,5755.0,14.0,4961.0,8.91,screener
VEDL,Jun 2025,2025-06-30,quarter,37824.0,27906.0,9918.0,26.0,985.0,2026.0,2824.0,6053.0,26.0,4457.0,8.14,screener
VEDL,Sep 2025,2025-09-30,quarter,18747.0,13832.0,4915.0,26.0,1248.0,1033.0,1303.0,3827.0,9.0,3479.0,4.6,screener
VEDL,Dec 2025,2025-12-31,quarter,21337.0,14816.0,6521.0,31.0,4426.0,547.0,1239.0,9161.0,15.0,7807.0,14.6,screener
VEDL,Mar 2026,2026-03-31,quarter,24609.0,17050.0,7559.0,31.0,5520.0,737.0,1332.0,11010.0,15.0,9352.0,17.13,screener
VELS,Sep 2022,2022-09-30,quarter,46.0,42.0,4.0,9.0,1.0,2.0,1.0,2.0,48.0,1.0,1.41,screener
VELS,Mar 2023,2023-03-31,quarter,60.0,52.0,8.0,14.0,1.0,4.0,2.0,3.0,81.0,1.0,0.4,screener
VELS,Sep 2023,2023-09-30,quarter,5.0,14.0,-9.0,-171.0,0.0,3.0,7.0,-19.0,2.0,-20.0,-12.19,screener
VELS,Sep 2024,2024-09-30,quarter,31.0,36.0,-5.0,-15.0,0.0,3.0,8.0,-17.0,22.0,-20.0,-13.67,screener
VENUSREM,Dec 2024,2024-12-31,quarter,177.0,158.0,18.0,10.0,12.0,0.0,5.0,25.0,21.0,20.0,14.66,screener
VENUSREM,Mar 2025,2025-03-31,quarter,195.0,166.0,29.0,15.0,7.0,0.0,5.0,31.0,32.0,21.0,15.71,screener
VENUSREM,Jun 2025,2025-06-30,quarter,137.0,122.0,15.0,11.0,3.0,0.0,6.0,13.0,24.0,10.0,7.18,screener
VENUSREM,Sep 2025,2025-09-30,quarter,193.0,162.0,31.0,16.0,2.0,0.0,6.0,26.0,24.0,20.0,15.06,screener
VENUSREM,Dec 2025,2025-12-31,quarter,180.0,143.0,38.0,21.0,3.0,0.0,7.0,33.0,24.0,26.0,19.14,screener
VENUSREM,Mar 2026,2026-03-31,quarter,259.0,196.0,63.0,24.0,5.0,0.0,7.0,62.0,23.0,48.0,35.54,screener
VERANDA,Dec 2024,2024-12-31,quarter,99.0,132.0,-33.0,-33.0,-1.0,33.0,140.0,-206.0,-2.0,-203.0,-27.15,screener
VERANDA,Mar 2025,2025-03-31,quarter,87.0,69.0,18.0,21.0,38.0,36.0,15.0,6.0,-46.0,8.0,0.65,screener
VERANDA,Jun 2025,2025-06-30,quarter,106.0,74.0,32.0,30.0,20.0,31.0,14.0,8.0,21.0,6.0,-0.09,screener
VERANDA,Sep 2025,2025-09-30,quarter,127.0,81.0,46.0,36.0,90.0,19.0,14.0,103.0,7.0,96.0,10.01,screener
VERANDA,Dec 2025,2025-12-31,quarter,117.0,79.0,38.0,32.0,10.0,13.0,15.0,20.0,36.0,13.0,1.08,screener
VERANDA,Mar 2026,2026-03-31,quarter,132.0,85.0,47.0,35.0,6.0,15.0,15.0,24.0,34.0,16.0,0.92,screener
VETO,Dec 2024,2024-12-31,quarter,75.71,70.52,5.19,6.86,1.45,0.5,0.93,5.21,30.33,3.63,1.96,screener
VETO,Mar 2025,2025-03-31,quarter,89.18,78.34,10.84,12.16,0.52,0.71,0.84,9.81,25.18,7.34,3.94,screener
VETO,Jun 2025,2025-06-30,quarter,64.87,58.57,6.3,9.71,0.35,0.63,1.09,4.93,30.22,3.43,1.93,screener
VETO,Sep 2025,2025-09-30,quarter,88.77,80.4,8.37,9.43,0.85,0.37,1.02,7.83,22.48,6.08,3.18,screener
VETO,Dec 2025,2025-12-31,quarter,94.22,84.41,9.81,10.41,0.55,0.47,1.13,8.76,28.42,6.27,3.45,screener
VETO,Mar 2026,2026-03-31,quarter,138.86,125.6,13.26,9.55,0.19,0.51,1.09,11.85,25.74,8.8,4.59,screener
VGUARD,Dec 2024,2024-12-31,quarter,1269.0,1165.0,104.0,8.0,5.0,6.0,25.0,79.0,24.0,60.0,1.38,screener
VGUARD,Mar 2025,2025-03-31,quarter,1538.0,1395.0,143.0,9.0,4.0,3.0,27.0,118.0,23.0,91.0,2.09,screener
VGUARD,Jun 2025,2025-06-30,quarter,1466.0,1342.0,124.0,8.0,5.0,4.0,26.0,98.0,25.0,74.0,1.69,screener
VGUARD,Sep 2025,2025-09-30,quarter,1341.0,1232.0,109.0,8.0,5.0,2.0,27.0,85.0,23.0,65.0,1.5,screener
VGUARD,Dec 2025,2025-12-31,quarter,1404.0,1280.0,123.0,9.0,-16.0,3.0,27.0,77.0,26.0,57.0,1.31,screener
VGUARD,Mar 2026,2026-03-31,quarter,1755.0,1585.0,171.0,10.0,8.0,3.0,28.0,147.0,24.0,112.0,2.57,screener
VIDHIING,Mar 2025,2025-03-31,quarter,110.0,90.0,20.0,18.0,1.0,1.0,2.0,18.0,32.0,12.0,2.38,screener
VIDHIING,Jun 2025,2025-06-30,quarter,88.0,67.0,21.0,23.0,0.0,2.0,2.0,17.0,26.0,13.0,2.54,screener
VIDHIING,Sep 2025,2025-09-30,quarter,75.0,57.0,18.0,24.0,1.0,1.0,2.0,15.0,29.0,11.0,2.11,screener
VIDHIING,Dec 2025,2025-12-31,quarter,94.0,75.0,19.0,20.0,0.0,1.0,2.0,16.0,22.0,12.0,2.49,screener
VIDHIING,Mar 2026,2026-03-31,quarter,123.0,102.0,21.0,17.0,0.0,1.0,2.0,18.0,26.0,13.0,2.63,screener
VIDHIING,Jun 2026,2026-06-30,quarter,146.0,120.0,26.0,18.0,0.0,1.0,2.0,23.0,26.0,17.0,3.43,screener
VIDYAWIRES,Dec 2024,2024-12-31,quarter,347.0,330.0,16.0,5.0,2.0,3.0,1.0,15.0,28.0,11.0,0.66,screener
VIDYAWIRES,Mar 2025,2025-03-31,quarter,380.0,361.0,19.0,5.0,2.0,3.0,1.0,18.0,28.0,13.0,0.79,screener
VIDYAWIRES,Jun 2025,2025-06-30,quarter,412.0,393.0,19.0,5.0,1.0,3.0,1.0,16.0,24.0,12.0,0.76,screener
VIDYAWIRES,Sep 2025,2025-09-30,quarter,381.0,365.0,16.0,4.0,3.0,3.0,1.0,15.0,28.0,10.0,0.66,screener
VIDYAWIRES,Dec 2025,2025-12-31,quarter,448.0,425.0,24.0,5.0,1.0,3.0,1.0,21.0,25.0,15.0,0.72,screener
VIDYAWIRES,Mar 2026,2026-03-31,quarter,599.0,571.0,28.0,5.0,4.0,4.0,1.0,27.0,27.0,20.0,0.92,screener
VIJAYA,Dec 2024,2024-12-31,quarter,169.0,102.0,67.0,40.0,5.0,7.0,18.0,47.0,24.0,35.0,3.43,screener
VIJAYA,Mar 2025,2025-03-31,quarter,173.0,104.0,69.0,40.0,5.0,7.0,19.0,47.0,26.0,35.0,3.4,screener
VIJAYA,Jun 2025,2025-06-30,quarter,188.0,115.0,74.0,39.0,7.0,7.0,21.0,52.0,26.0,39.0,3.76,screener
VIJAYA,Sep 2025,2025-09-30,quarter,202.0,120.0,82.0,41.0,6.0,8.0,22.0,58.0,25.0,43.0,4.21,screener
VIJAYA,Dec 2025,2025-12-31,quarter,205.0,119.0,86.0,42.0,5.0,9.0,24.0,58.0,26.0,43.0,4.2,screener
VIJAYA,Mar 2026,2026-03-31,quarter,219.0,124.0,96.0,44.0,2.0,9.0,24.0,64.0,25.0,48.0,4.66,screener
VIKASECO,Sep 2024,2024-09-30,quarter,89.23,84.43,4.8,5.38,1.0,0.88,0.98,3.94,27.66,2.85,0.02,screener
VIKASECO,Dec 2024,2024-12-31,quarter,84.76,83.38,1.38,1.63,1.49,1.09,1.39,0.39,241.03,-0.55,0.0,screener
VIKASECO,Mar 2025,2025-03-31,quarter,102.61,98.97,3.64,3.55,2.78,1.28,1.89,3.25,-32.31,4.3,0.02,screener
VIKASECO,Jun 2025,2025-06-30,quarter,103.56,98.88,4.68,4.52,1.04,1.18,1.23,3.31,28.7,2.37,0.01,screener
VIKASECO,Sep 2025,2025-09-30,quarter,64.72,62.04,2.68,4.14,2.1,1.14,1.36,2.28,22.81,1.75,0.01,screener
VIKASECO,Dec 2025,2025-12-31,quarter,68.72,66.67,2.05,2.98,2.43,1.55,1.04,1.89,129.1,-0.55,-0.01,screener
VIKASECO,Mar 2026,2026-03-31,quarter,116.19,117.24,-1.05,-0.9,1.57,0.72,1.7,-1.9,-76.32,-0.44,0.0,screener
VIKASLIFE,Dec 2024,2024-12-31,quarter,118.0,121.0,-3.0,-3.0,-1.0,1.0,1.0,-7.0,1.0,-7.0,-0.04,screener
VIKASLIFE,Mar 2025,2025-03-31,quarter,135.0,158.0,-23.0,-17.0,21.0,1.0,2.0,-5.0,-46.0,-3.0,-0.02,screener
VIKASLIFE,Jun 2025,2025-06-30,quarter,92.0,98.0,-6.0,-6.0,133.0,1.0,1.0,125.0,0.0,125.0,0.67,screener
VIKASLIFE,Sep 2025,2025-09-30,quarter,141.0,259.0,-118.0,-83.0,1.0,2.0,2.0,-120.0,-1.0,-119.0,-0.64,screener
VIKASLIFE,Dec 2025,2025-12-31,quarter,97.0,127.0,-30.0,-31.0,1.0,2.0,2.0,-33.0,-12.0,-29.0,-0.16,screener
VIKASLIFE,Mar 2026,2026-03-31,quarter,169.0,195.0,-26.0,-16.0,65.0,2.0,1.0,35.0,-18.0,42.0,0.22,screener
VIKRAMSOLR,Dec 2024,2024-12-31,quarter,1026.0,941.0,85.0,8.0,12.0,28.0,39.0,30.0,36.0,19.0,0.6,screener
VIKRAMSOLR,Mar 2025,2025-03-31,quarter,1194.0,970.0,224.0,19.0,8.0,48.0,42.0,141.0,36.0,91.0,2.86,screener
VIKRAMSOLR,Jun 2025,2025-06-30,quarter,1134.0,891.0,242.0,21.0,4.0,32.0,34.0,181.0,26.0,133.0,4.21,screener
VIKRAMSOLR,Sep 2025,2025-09-30,quarter,1110.0,875.0,235.0,21.0,16.0,32.0,35.0,184.0,30.0,128.0,3.55,screener
VIKRAMSOLR,Dec 2025,2025-12-31,quarter,1106.0,901.0,205.0,19.0,15.0,40.0,37.0,143.0,31.0,98.0,2.71,screener
VIKRAMSOLR,Mar 2026,2026-03-31,quarter,1453.0,1218.0,234.0,16.0,18.0,57.0,57.0,139.0,21.0,110.0,3.05,screener
VIMTALABS,Sep 2023,2023-09-30,quarter,66.0,48.0,17.0,27.0,0.0,1.0,9.0,8.0,25.0,6.0,1.43,screener
VIMTALABS,Dec 2023,2023-12-31,quarter,75.0,51.0,24.0,32.0,-1.0,1.0,8.0,14.0,25.0,10.0,2.29,screener
VIMTALABS,Mar 2024,2024-03-31,quarter,80.0,55.0,24.0,31.0,0.0,1.0,8.0,16.0,24.0,12.0,2.79,screener
VIMTALABS,Jun 2024,2024-06-30,quarter,75.0,49.0,26.0,35.0,-1.0,0.0,8.0,17.0,26.0,12.0,2.77,screener
VIMTALABS,Sep 2024,2024-09-30,quarter,85.0,55.0,30.0,35.0,-1.0,0.0,8.0,20.0,24.0,15.0,3.44,screener
VIMTALABS,Dec 2024,2024-12-31,quarter,90.0,57.0,33.0,37.0,5.0,1.0,10.0,28.0,23.0,22.0,4.84,screener
VINATIORGA,Dec 2024,2024-12-31,quarter,522.0,379.0,142.0,27.0,7.0,0.0,22.0,127.0,26.0,94.0,9.04,screener
VINATIORGA,Mar 2025,2025-03-31,quarter,648.0,468.0,180.0,28.0,6.0,0.0,23.0,164.0,25.0,123.0,11.87,screener
VINATIORGA,Jun 2025,2025-06-30,quarter,542.0,382.0,160.0,29.0,7.0,0.0,26.0,141.0,26.0,104.0,10.05,screener
VINATIORGA,Sep 2025,2025-09-30,quarter,550.0,383.0,167.0,30.0,16.0,0.0,26.0,157.0,27.0,115.0,11.08,screener
VINATIORGA,Dec 2025,2025-12-31,quarter,531.0,374.0,157.0,30.0,9.0,0.0,29.0,136.0,26.0,101.0,9.73,screener
VINATIORGA,Mar 2026,2026-03-31,quarter,604.0,434.0,170.0,28.0,20.0,0.0,30.0,160.0,23.0,124.0,11.95,screener
VINATIORGA,Jun 2026,2026-06-30,quarter,696.0,525.0,170.0,24.0,9.0,0.0,32.0,148.0,26.0,109.0,10.5,screener
VINCOFE,Dec 2024,2024-12-31,quarter,88.0,72.0,16.0,18.0,1.0,1.0,2.0,14.0,9.0,12.0,1.01,screener
VINCOFE,Mar 2025,2025-03-31,quarter,105.0,86.0,19.0,18.0,1.0,2.0,2.0,17.0,9.0,16.0,1.24,screener
VINCOFE,Jun 2025,2025-06-30,quarter,102.0,84.0,18.0,18.0,1.0,2.0,2.0,16.0,8.0,14.0,1.09,screener
VINCOFE,Sep 2025,2025-09-30,quarter,136.0,113.0,22.0,16.0,1.0,2.0,2.0,20.0,10.0,18.0,1.23,screener
VINCOFE,Dec 2025,2025-12-31,quarter,151.0,122.0,29.0,19.0,2.0,2.0,3.0,25.0,24.0,19.0,1.31,screener
VINCOFE,Mar 2026,2026-03-31,quarter,165.0,135.0,31.0,18.0,4.0,3.0,3.0,28.0,26.0,21.0,1.44,screener
VINDHYATEL,Dec 2024,2024-12-31,quarter,1037.0,972.0,65.0,6.0,19.0,26.0,6.0,52.0,25.0,39.0,32.98,screener
VINDHYATEL,Mar 2025,2025-03-31,quarter,1231.0,1143.0,88.0,7.0,98.0,33.0,6.0,148.0,26.0,110.0,92.77,screener
VINDHYATEL,Jun 2025,2025-06-30,quarter,908.0,847.0,61.0,7.0,55.0,32.0,5.0,79.0,25.0,59.0,49.46,screener
VINDHYATEL,Sep 2025,2025-09-30,quarter,960.0,887.0,72.0,8.0,47.0,38.0,5.0,77.0,23.0,59.0,49.89,screener
VINDHYATEL,Dec 2025,2025-12-31,quarter,717.0,699.0,18.0,2.0,26.0,40.0,5.0,-1.0,12.0,-1.0,-0.88,screener
VINDHYATEL,Mar 2026,2026-03-31,quarter,1009.0,939.0,71.0,7.0,115.0,42.0,6.0,138.0,25.0,103.0,87.31,screener
VIPIND,Dec 2024,2024-12-31,quarter,501.0,472.0,29.0,6.0,2.0,18.0,30.0,-17.0,-26.0,-12.0,-0.87,screener
VIPIND,Mar 2025,2025-03-31,quarter,494.0,488.0,6.0,1.0,8.0,17.0,30.0,-33.0,-16.0,-27.0,-1.93,screener
VIPIND,Jun 2025,2025-06-30,quarter,561.0,537.0,25.0,4.0,7.0,17.0,32.0,-17.0,-23.0,-13.0,-0.92,screener
VIPIND,Sep 2025,2025-09-30,quarter,406.0,513.0,-106.0,-26.0,15.0,18.0,33.0,-142.0,1.0,-143.0,-10.08,screener
VIPIND,Dec 2025,2025-12-31,quarter,454.0,531.0,-77.0,-17.0,75.0,16.0,32.0,-50.0,5.0,-53.0,-3.72,screener
VIPIND,Mar 2026,2026-03-31,quarter,436.0,518.0,-82.0,-19.0,4.0,20.0,31.0,-129.0,0.0,-129.0,-9.07,screener
VISAKAIND,Mar 2025,2025-03-31,quarter,426.0,381.0,44.0,10.0,3.0,11.0,16.0,20.0,28.0,15.0,1.69,screener
VISAKAIND,Jun 2025,2025-06-30,quarter,506.0,454.0,51.0,10.0,38.0,9.0,16.0,64.0,19.0,52.0,6.03,screener
VISAKAIND,Sep 2025,2025-09-30,quarter,325.0,313.0,12.0,3.6,1.0,8.0,16.0,-11.0,-23.0,-9.0,-1.01,screener
VISAKAIND,Dec 2025,2025-12-31,quarter,368.0,342.0,26.0,7.0,2.0,8.0,16.0,3.0,33.0,2.0,0.22,screener
VISAKAIND,Mar 2026,2026-03-31,quarter,480.0,429.0,51.0,11.0,24.0,8.0,17.0,51.0,22.0,40.0,4.63,screener
VISAKAIND,Jun 2026,2026-06-30,quarter,590.0,499.0,91.0,15.0,2.0,6.0,17.0,71.0,25.0,53.0,6.1,screener
VISHNU,Dec 2024,2024-12-31,quarter,371.0,308.0,64.0,17.0,3.0,10.0,12.0,44.0,23.0,34.0,5.25,screener
VISHNU,Mar 2025,2025-03-31,quarter,393.0,329.0,64.0,16.0,6.0,8.0,8.0,53.0,27.0,39.0,5.78,screener
VISHNU,Jun 2025,2025-06-30,quarter,347.0,291.0,56.0,16.0,5.0,8.0,10.0,42.0,23.0,32.0,4.79,screener
VISHNU,Sep 2025,2025-09-30,quarter,401.0,343.0,58.0,15.0,9.0,12.0,10.0,46.0,28.0,33.0,4.88,screener
VISHNU,Dec 2025,2025-12-31,quarter,411.0,350.0,62.0,15.0,6.0,14.0,11.0,44.0,23.0,34.0,5.02,screener
VISHNU,Mar 2026,2026-03-31,quarter,450.0,374.0,77.0,17.0,2.0,5.0,10.0,64.0,32.0,43.0,6.45,screener
VIYASH,Dec 2024,2024-12-31,quarter,774.0,674.0,100.0,13.0,4.0,21.0,58.0,24.0,-71.0,42.0,1.78,screener
VIYASH,Mar 2025,2025-03-31,quarter,402.0,355.0,46.0,12.0,1.0,15.0,16.0,16.0,36.0,10.0,0.37,screener
VIYASH,Jun 2025,2025-06-30,quarter,792.0,673.0,119.0,15.0,6.0,20.0,56.0,48.0,24.0,37.0,1.27,screener
VIYASH,Sep 2025,2025-09-30,quarter,850.0,677.0,173.0,20.0,6.0,18.0,59.0,102.0,29.0,73.0,2.18,screener
VIYASH,Dec 2025,2025-12-31,quarter,858.0,683.0,176.0,20.0,-27.0,17.0,59.0,73.0,34.0,49.0,0.88,screener
VIYASH,Mar 2026,2026-03-31,quarter,920.0,736.0,184.0,20.0,16.0,15.0,60.0,125.0,47.0,66.0,1.19,screener
VIYASH,Jun 2026,2026-06-30,quarter,946.0,768.0,178.0,19.0,8.0,13.0,62.0,112.0,29.0,79.0,1.51,screener
VLSFINANCE,Dec 2024,2024-12-31,quarter,-58.0,15.0,-73.0,,-3.0,0.0,1.0,-77.0,-24.0,-58.0,-17.14,screener
VLSFINANCE,Mar 2025,2025-03-31,quarter,-49.0,6.0,-54.0,,3.0,0.0,1.0,-53.0,-25.0,-40.0,-11.71,screener
VLSFINANCE,Jun 2025,2025-06-30,quarter,99.0,5.0,93.0,95.0,2.0,0.0,1.0,94.0,25.0,71.0,20.92,screener
VLSFINANCE,Sep 2025,2025-09-30,quarter,11.0,6.0,5.0,47.0,3.0,0.0,1.0,7.0,-2.0,7.0,2.09,screener
VLSFINANCE,Dec 2025,2025-12-31,quarter,29.0,6.0,23.0,79.0,2.0,0.0,1.0,24.0,26.0,18.0,5.31,screener
VLSFINANCE,Mar 2026,2026-03-31,quarter,-99.0,6.0,-104.0,,1.0,0.0,1.0,-104.0,-28.0,-75.0,-23.75,screener
VMART,Jun 2025,2025-06-30,quarter,885.22,,58.25,6.58,,,,,,33.6,,screener_yfinance_fallback_normalized
VMART,Sep 2025,2025-09-30,quarter,806.87,,0.41,0.05,,,,,,-8.87,,screener_yfinance_fallback_normalized
VMART,Dec 2025,2025-12-31,quarter,1126.38,,131.61,11.68,,,,,,87.99,,screener_yfinance_fallback_normalized
VMART,Mar 2026,2026-03-31,quarter,970.89,,26.14,2.69,,,,,,11.28,,screener_yfinance_fallback_normalized
VMART,Jun 2026,2026-06-30,quarter,1088.81,,76.69,7.04,,,,,,47.21,,screener_yfinance_fallback_normalized
VMM,Dec 2024,2024-12-31,quarter,3136.0,2631.0,505.0,16.0,19.0,31.0,141.0,352.0,25.0,263.0,0.58,screener
VMM,Mar 2025,2025-03-31,quarter,2548.0,2191.0,357.0,14.0,19.0,49.0,171.0,156.0,26.0,115.0,0.25,screener
VMM,Jun 2025,2025-06-30,quarter,3140.0,2681.0,459.0,15.0,17.0,41.0,159.0,276.0,25.0,206.0,0.44,screener
VMM,Sep 2025,2025-09-30,quarter,2981.0,2587.0,395.0,13.0,20.0,41.0,169.0,204.0,25.0,152.0,0.33,screener
VMM,Dec 2025,2025-12-31,quarter,3670.0,3065.0,605.0,16.0,25.0,43.0,168.0,419.0,25.0,313.0,0.67,screener
VMM,Mar 2026,2026-03-31,quarter,3114.0,2689.0,425.0,14.0,25.0,46.0,178.0,225.0,25.0,168.0,0.36,screener
VMM,Jun 2026,2026-06-30,quarter,3727.0,3182.0,545.0,15.0,33.0,46.0,185.0,346.0,25.0,259.0,0.55,screener
VOLTAS,Dec 2024,2024-12-31,quarter,3105.0,2940.0,165.0,5.0,59.0,16.0,18.0,191.0,31.0,131.0,3.99,screener
VOLTAS,Mar 2025,2025-03-31,quarter,4768.0,4467.0,301.0,6.0,80.0,23.0,14.0,343.0,31.0,236.0,7.28,screener
VOLTAS,Jun 2025,2025-06-30,quarter,3939.0,3786.0,153.0,3.9,82.0,14.0,18.0,203.0,31.0,141.0,4.24,screener
VOLTAS,Sep 2025,2025-09-30,quarter,2347.0,2313.0,34.0,1.4,65.0,20.0,24.0,54.0,42.0,32.0,1.04,screener
VOLTAS,Dec 2025,2025-12-31,quarter,3071.0,2926.0,145.0,4.7,22.0,31.0,21.0,116.0,27.0,84.0,2.57,screener
VOLTAS,Mar 2026,2026-03-31,quarter,4888.0,4703.0,185.0,3.8,43.0,22.0,21.0,184.0,39.0,113.0,3.51,screener
VOLTAS,Jun 2026,2026-06-30,quarter,4674.0,4445.0,228.0,4.9,91.0,13.0,21.0,285.0,25.0,213.0,6.46,screener
VRAJ,Dec 2024,2024-12-31,quarter,120.0,109.0,11.0,9.0,2.0,0.0,2.0,11.0,26.0,8.0,2.5,screener
VRAJ,Mar 2025,2025-03-31,quarter,153.0,137.0,16.0,11.0,1.0,0.0,4.0,14.0,26.0,10.0,3.03,screener
VRAJ,Jun 2025,2025-06-30,quarter,138.0,125.0,13.0,10.0,2.0,0.0,5.0,10.0,25.0,8.0,2.3,screener
VRAJ,Sep 2025,2025-09-30,quarter,133.0,120.0,13.0,10.0,3.0,0.0,5.0,10.0,25.0,8.0,2.35,screener
VRAJ,Dec 2025,2025-12-31,quarter,146.0,141.0,5.0,4.0,2.0,1.0,5.0,1.0,19.0,1.0,0.33,screener
VRAJ,Mar 2026,2026-03-31,quarter,170.0,145.0,25.0,15.0,4.0,1.0,7.0,21.0,26.0,16.0,4.72,screener
VSSL,Dec 2023,2023-12-31,quarter,397.0,364.0,33.0,8.0,8.0,5.0,7.0,29.0,25.0,22.0,2.68,screener
VSSL,Mar 2024,2024-03-31,quarter,439.0,391.0,49.0,11.0,9.0,5.0,9.0,44.0,25.0,33.0,4.03,screener
VSSL,Jun 2024,2024-06-30,quarter,415.0,372.0,42.0,10.0,6.0,5.0,8.0,35.0,26.0,26.0,3.2,screener
VSSL,Sep 2024,2024-09-30,quarter,495.0,456.0,39.0,8.0,9.0,5.0,8.0,35.0,26.0,26.0,3.17,screener
VSSL,Dec 2024,2024-12-31,quarter,427.0,392.0,35.0,8.0,7.0,5.0,8.0,28.0,25.0,21.0,2.63,screener
VSSL,Mar 2025,2025-03-31,quarter,428.0,397.0,31.0,7.0,7.0,3.0,8.0,27.0,27.0,20.0,2.41,screener
VSTTILLERS,Dec 2024,2024-12-31,quarter,219.1,199.79,19.31,8.81,-8.85,0.48,6.38,3.6,64.44,1.28,1.48,screener
VSTTILLERS,Mar 2025,2025-03-31,quarter,301.0,262.0,40.0,13.0,-1.0,0.0,6.0,32.0,24.0,24.0,28.25,screener
VSTTILLERS,Jun 2025,2025-06-30,quarter,282.0,245.0,37.0,13.0,26.0,0.0,6.0,56.0,21.0,44.0,51.16,screener
VSTTILLERS,Sep 2025,2025-09-30,quarter,315.0,275.0,40.0,13.0,3.0,1.0,6.0,36.0,31.0,25.0,28.9,screener
VSTTILLERS,Dec 2025,2025-12-31,quarter,314.0,274.0,40.0,13.0,7.0,1.0,6.0,41.0,25.0,30.0,35.21,screener
VSTTILLERS,Mar 2026,2026-03-31,quarter,328.0,282.0,47.0,14.0,-31.0,0.0,6.0,9.0,42.0,5.0,5.88,screener
VSTTILLERS,Jun 2026,2026-06-30,quarter,313.0,273.0,40.0,13.0,28.0,0.0,5.0,62.0,22.0,48.0,55.97,screener
VTL,Dec 2024,2024-12-31,quarter,2465.0,2153.0,313.0,13.0,79.0,19.0,101.0,273.0,22.0,212.0,7.28,screener
VTL,Mar 2025,2025-03-31,quarter,2509.0,2222.0,287.0,11.0,133.0,23.0,103.0,293.0,19.0,238.0,8.21,screener
VTL,Jun 2025,2025-06-30,quarter,2386.0,2060.0,326.0,14.0,82.0,23.0,109.0,276.0,25.0,208.0,7.16,screener
VTL,Sep 2025,2025-09-30,quarter,2480.0,2146.0,334.0,13.0,49.0,21.0,114.0,249.0,25.0,188.0,6.47,screener
VTL,Dec 2025,2025-12-31,quarter,2505.0,2221.0,284.0,11.0,74.0,26.0,118.0,214.0,21.0,168.0,5.75,screener
VTL,Mar 2026,2026-03-31,quarter,2498.0,2204.0,294.0,12.0,68.0,23.0,123.0,217.0,13.0,189.0,6.39,screener
WAAREEENER,Dec 2024,2024-12-31,quarter,3457.0,2736.0,722.0,21.0,88.0,31.0,89.0,690.0,27.0,507.0,17.15,screener
WAAREEENER,Mar 2025,2025-03-31,quarter,4004.0,3081.0,923.0,23.0,133.0,57.0,153.0,845.0,24.0,644.0,21.54,screener
WAAREEENER,Jun 2025,2025-06-30,quarter,4426.0,3429.0,997.0,23.0,171.0,43.0,182.0,943.0,18.0,773.0,25.94,screener
WAAREEENER,Sep 2025,2025-09-30,quarter,6066.0,4659.0,1406.0,23.0,161.0,96.0,240.0,1231.0,29.0,878.0,29.29,screener
WAAREEENER,Dec 2025,2025-12-31,quarter,7565.0,5637.0,1928.0,25.0,-99.0,93.0,267.0,1469.0,25.0,1107.0,36.94,screener
WAAREEENER,Mar 2026,2026-03-31,quarter,8480.0,6904.0,1577.0,19.0,180.0,48.0,301.0,1408.0,20.0,1126.0,36.89,screener
WAAREEENER,Jun 2026,2026-06-30,quarter,7932.0,6492.0,1440.0,18.0,171.0,70.0,330.0,1210.0,26.0,892.0,29.56,screener
WAAREERTL,Dec 2024,2024-12-31,quarter,360.0,288.0,72.0,20.0,4.0,3.0,2.0,71.0,24.0,53.0,5.13,screener
WAAREERTL,Mar 2025,2025-03-31,quarter,477.0,350.0,126.0,27.0,1.0,4.0,2.0,121.0,23.0,94.0,9.0,screener
WAAREERTL,Jun 2025,2025-06-30,quarter,603.0,486.0,118.0,19.0,5.0,4.0,2.0,117.0,26.0,86.0,8.29,screener
WAAREERTL,Sep 2025,2025-09-30,quarter,775.0,617.0,158.0,20.0,4.0,4.0,2.0,157.0,26.0,116.0,11.16,screener
WAAREERTL,Dec 2025,2025-12-31,quarter,851.0,692.0,159.0,19.0,5.0,3.0,2.0,158.0,24.0,120.0,11.52,screener
WAAREERTL,Mar 2026,2026-03-31,quarter,1102.0,896.0,207.0,19.0,6.0,3.0,2.0,208.0,25.0,156.0,14.93,screener
WABAG,Dec 2024,2024-12-31,quarter,811.0,713.0,98.0,12.0,15.0,20.0,1.0,91.0,23.0,70.0,11.29,screener_yfinance_fallback_normalized
WABAG,Mar 2025,2025-03-31,quarter,1156.0,1015.0,141.0,12.0,13.0,22.0,1.0,131.0,24.0,100.0,16.0,screener
WABAG,Jun 2025,2025-06-30,quarter,734.0,638.0,96.0,13.0,11.0,19.0,1.0,87.0,24.0,66.0,10.58,screener
WABAG,Sep 2025,2025-09-30,quarter,834.0,745.0,89.0,11.0,43.0,20.0,2.0,111.0,23.0,85.0,13.62,screener
WABAG,Dec 2025,2025-12-31,quarter,961.0,840.0,122.0,13.0,19.0,18.0,2.0,121.0,25.0,91.0,14.72,screener
WABAG,Mar 2026,2026-03-31,quarter,1414.0,1258.0,156.0,11.0,32.0,17.0,2.0,170.0,25.0,128.0,20.59,screener
WABAG,Jun 2026,2026-06-30,quarter,887.0,807.0,80.0,9.0,58.0,17.0,2.0,118.0,24.0,90.0,14.45,screener
WANBURY,Mar 2024,2024-03-31,quarter,139.0,121.0,18.0,13.0,26.0,7.0,3.0,34.0,1.0,34.0,10.27,screener
WANBURY,Jun 2024,2024-06-30,quarter,131.0,120.0,11.0,8.0,1.0,8.0,3.0,1.0,0.0,1.0,0.32,screener
WANBURY,Sep 2024,2024-09-30,quarter,161.0,141.0,20.0,12.0,2.0,10.0,3.0,8.0,2.0,8.0,2.45,screener
WANBURY,Dec 2024,2024-12-31,quarter,133.0,120.0,14.0,10.0,1.0,10.0,3.0,1.0,5.0,1.0,0.37,screener
WANBURY,Mar 2025,2025-03-31,quarter,172.0,142.0,30.0,17.0,2.0,9.0,3.0,19.0,-6.0,20.0,6.18,screener
WANBURY,Jun 2025,2025-06-30,quarter,163.0,139.0,24.0,15.0,0.0,8.0,4.0,14.0,1.0,13.0,4.1,screener
WEBELSOLAR,Dec 2024,2024-12-31,quarter,147.0,80.0,68.0,46.0,0.0,5.0,15.0,48.0,14.0,42.0,0.98,screener
WEBELSOLAR,Mar 2025,2025-03-31,quarter,173.0,95.0,78.0,45.0,1.0,4.0,10.0,66.0,27.0,48.0,1.14,screener
WEBELSOLAR,Sep 2025,2025-09-30,quarter,168.0,96.0,72.0,43.0,3.0,5.0,11.0,60.0,23.0,46.0,1.1,screener
WEBELSOLAR,Dec 2025,2025-12-31,quarter,261.0,155.0,106.0,41.0,-3.0,4.0,16.0,84.0,23.0,65.0,1.54,screener
WEBELSOLAR,Mar 2026,2026-03-31,quarter,401.0,255.0,146.0,36.0,6.0,4.0,24.0,125.0,0.0,124.0,2.87,screener
WEL,Dec 2024,2024-12-31,quarter,221.53,209.94,11.59,5.23,0.38,2.28,1.76,7.93,35.69,5.09,0.38,screener
WEL,Mar 2025,2025-03-31,quarter,312.03,294.54,17.49,5.61,0.04,1.49,2.18,13.86,16.09,11.63,0.87,screener
WEL,Jun 2025,2025-06-30,quarter,154.74,149.64,5.1,3.3,0.01,1.91,1.72,1.48,25.68,1.11,0.08,screener
WEL,Sep 2025,2025-09-30,quarter,95.23,90.92,4.31,4.53,0.0,2.2,1.96,0.15,-66.67,0.26,0.02,screener
WEL,Dec 2025,2025-12-31,quarter,152.56,147.53,5.03,3.3,0.0,2.3,1.95,0.78,28.21,0.57,0.04,screener
WEL,Mar 2026,2026-03-31,quarter,252.22,238.26,13.96,5.53,0.04,2.23,2.15,9.62,25.36,7.18,0.54,screener
WELCORP,Dec 2024,2024-12-31,quarter,3614.0,3179.0,434.0,12.0,487.0,82.0,90.0,749.0,10.0,672.0,25.72,screener
WELCORP,Mar 2025,2025-03-31,quarter,3925.0,3465.0,460.0,12.0,570.0,88.0,87.0,855.0,18.0,699.0,26.62,screener
WELCORP,Jun 2025,2025-06-30,quarter,3551.0,3026.0,525.0,15.0,84.0,63.0,85.0,461.0,24.0,349.0,13.31,screener
WELCORP,Sep 2025,2025-09-30,quarter,4374.0,3783.0,591.0,14.0,131.0,49.0,84.0,588.0,25.0,444.0,16.68,screener
WELCORP,Dec 2025,2025-12-31,quarter,4532.0,3917.0,616.0,14.0,120.0,51.0,93.0,593.0,23.0,456.0,17.16,screener
WELCORP,Mar 2026,2026-03-31,quarter,4313.0,3809.0,504.0,12.0,142.0,49.0,93.0,504.0,26.0,371.0,14.04,screener
WELCORP,Jun 2026,2026-06-30,quarter,4081.0,3389.0,692.0,17.0,685.0,45.0,125.0,1207.0,13.0,1048.0,39.67,screener
WELENT,Dec 2024,2024-12-31,quarter,896.0,739.0,157.0,18.0,17.0,50.0,14.0,111.0,30.0,77.0,5.16,screener
WELENT,Mar 2025,2025-03-31,quarter,1054.0,871.0,183.0,17.0,17.0,44.0,15.0,142.0,26.0,105.0,6.83,screener
WELENT,Jun 2025,2025-06-30,quarter,845.0,664.0,181.0,21.0,13.0,42.0,11.0,141.0,28.0,101.0,6.56,screener
WELENT,Sep 2025,2025-09-30,quarter,784.0,612.0,172.0,22.0,22.0,53.0,13.0,128.0,23.0,98.0,6.53,screener
WELENT,Dec 2025,2025-12-31,quarter,787.0,633.0,154.0,20.0,-32.0,52.0,13.0,58.0,47.0,31.0,1.74,screener
WELENT,Mar 2026,2026-03-31,quarter,1199.0,961.0,239.0,20.0,32.0,53.0,13.0,205.0,21.0,163.0,10.45,screener
WELSPUNLIV,Dec 2024,2024-12-31,quarter,2490.0,2209.0,280.0,11.0,38.0,62.0,98.0,158.0,22.0,123.0,1.26,screener
WELSPUNLIV,Mar 2025,2025-03-31,quarter,2646.0,2330.0,316.0,12.0,2.0,57.0,93.0,168.0,21.0,133.0,1.37,screener
WELSPUNLIV,Jun 2025,2025-06-30,quarter,2261.0,2035.0,225.0,10.0,29.0,42.0,88.0,124.0,28.0,89.0,0.91,screener
WELSPUNLIV,Sep 2025,2025-09-30,quarter,2441.0,2288.0,153.0,6.0,15.0,43.0,101.0,24.0,38.0,15.0,0.14,screener
WELSPUNLIV,Dec 2025,2025-12-31,quarter,2262.0,2102.0,160.0,7.0,-5.0,39.0,102.0,14.0,82.0,3.0,0.0,screener
WELSPUNLIV,Mar 2026,2026-03-31,quarter,2435.0,2186.0,249.0,10.0,16.0,37.0,103.0,125.0,15.0,106.0,1.08,screener
WESTLIFE,Dec 2024,2024-12-31,quarter,653.72,565.58,88.14,13.48,2.94,32.92,51.67,6.49,-8.01,7.01,0.45,screener
WESTLIFE,Mar 2025,2025-03-31,quarter,603.14,526.1,77.04,12.77,9.95,32.82,52.84,1.33,-14.29,1.52,0.1,screener
WESTLIFE,Jun 2025,2025-06-30,quarter,657.63,572.31,85.32,12.97,6.8,35.43,55.03,1.66,25.9,1.23,0.08,screener
WESTLIFE,Sep 2025,2025-09-30,quarter,641.85,574.7,67.15,10.46,63.5,36.29,57.4,36.96,25.0,27.71,1.78,screener
WESTLIFE,Dec 2025,2025-12-31,quarter,670.72,573.21,97.51,14.54,-2.27,36.98,56.24,2.02,49.01,1.02,0.07,screener
WESTLIFE,Mar 2026,2026-03-31,quarter,655.36,568.49,86.87,13.26,6.49,36.79,57.53,-0.96,-346.88,2.38,0.15,screener
WEWORK,Dec 2024,2024-12-31,quarter,492.0,181.0,311.0,63.0,-29.0,160.0,205.0,-83.0,0.0,-83.0,-9.21,screener
WEWORK,Mar 2025,2025-03-31,quarter,539.37,195.79,343.58,63.7,15.5,147.86,224.58,-13.36,-374.93,36.73,2.72,screener
WEWORK,Jun 2025,2025-06-30,quarter,535.31,199.89,335.42,62.66,10.4,136.43,223.49,-14.1,0.35,-14.14,-1.05,screener
WEWORK,Sep 2025,2025-09-30,quarter,574.7,194.9,379.8,66.09,10.84,153.19,231.21,6.24,-2.56,6.41,0.47,screener
WEWORK,Dec 2025,2025-12-31,quarter,634.11,226.57,407.54,64.27,7.18,152.36,245.61,16.75,-0.24,16.79,1.25,screener
WEWORK,Mar 2026,2026-03-31,quarter,696.06,245.88,450.18,64.68,20.25,159.28,267.15,44.0,-49.68,65.87,4.84,screener
WEWORK,Jun 2026,2026-06-30,quarter,683.83,245.85,437.98,64.05,17.0,176.14,282.78,-3.94,3.05,-4.06,-0.31,screener
WHEELS,Dec 2024,2024-12-31,quarter,1125.0,1040.0,85.0,8.0,3.0,31.0,24.0,33.0,24.0,25.0,10.25,screener
WHEELS,Mar 2025,2025-03-31,quarter,1277.0,1174.0,103.0,8.0,3.0,30.0,24.0,52.0,25.0,39.0,15.65,screener
WHEELS,Jun 2025,2025-06-30,quarter,1266.0,1172.0,94.0,7.0,4.0,31.0,26.0,41.0,25.0,31.0,12.23,screener
WHEELS,Sep 2025,2025-09-30,quarter,1264.0,1171.0,93.0,7.0,7.0,30.0,27.0,42.0,25.0,32.0,12.68,screener
WHEELS,Dec 2025,2025-12-31,quarter,1371.0,1271.0,100.0,7.0,8.0,30.0,29.0,49.0,24.0,37.0,14.76,screener
WHEELS,Mar 2026,2026-03-31,quarter,1564.0,1438.0,126.0,8.0,12.0,29.0,32.0,77.0,24.0,59.0,23.78,screener
WHIRLPOOL,Dec 2024,2024-12-31,quarter,1705.0,1636.0,69.0,4.0,51.0,9.0,51.0,59.0,25.0,45.0,3.46,screener
WHIRLPOOL,Mar 2025,2025-03-31,quarter,2005.0,1822.0,183.0,9.0,47.0,14.0,54.0,162.0,26.0,119.0,9.4,screener
WHIRLPOOL,Jun 2025,2025-06-30,quarter,2432.0,2221.0,211.0,9.0,54.0,15.0,54.0,196.0,26.0,146.0,11.49,screener
WHIRLPOOL,Sep 2025,2025-09-30,quarter,1647.0,1589.0,58.0,4.0,60.0,8.0,52.0,58.0,27.0,42.0,3.26,screener
WHIRLPOOL,Dec 2025,2025-12-31,quarter,1774.0,1683.0,91.0,5.0,3.0,10.0,51.0,33.0,18.0,27.0,2.09,screener
WHIRLPOOL,Mar 2026,2026-03-31,quarter,2181.0,2060.0,121.0,6.0,53.0,12.0,53.0,110.0,27.0,80.0,6.32,screener
WINDLAS,Dec 2024,2024-12-31,quarter,195.0,170.0,25.0,13.0,4.0,1.0,7.0,20.0,23.0,16.0,7.45,screener
WINDLAS,Mar 2025,2025-03-31,quarter,203.0,177.0,26.0,13.0,5.0,1.0,8.0,21.0,22.0,16.0,7.77,screener
WINDLAS,Jun 2025,2025-06-30,quarter,210.0,184.0,27.0,13.0,5.0,1.0,7.0,23.0,24.0,18.0,8.43,screener
WINDLAS,Sep 2025,2025-09-30,quarter,222.0,194.0,29.0,13.0,4.0,1.0,8.0,24.0,25.0,18.0,8.45,screener
WINDLAS,Dec 2025,2025-12-31,quarter,233.0,209.0,24.0,10.0,5.0,1.0,8.0,20.0,25.0,15.0,7.12,screener
WINDLAS,Mar 2026,2026-03-31,quarter,238.0,213.0,25.0,11.0,4.0,1.0,8.0,20.0,21.0,16.0,7.58,screener
WINDMACHIN,Dec 2024,2024-12-31,quarter,107.65,98.88,8.77,8.15,38.76,1.4,4.25,41.88,0.5,41.67,6.42,screener
WINDMACHIN,Mar 2025,2025-03-31,quarter,120.82,109.83,10.99,9.1,0.26,1.73,5.09,4.43,193.45,-4.14,-0.49,screener
WINDMACHIN,Jun 2025,2025-06-30,quarter,113.34,105.36,7.98,7.04,-11.5,1.1,4.74,-9.36,12.61,-10.54,-1.25,screener
WINDMACHIN,Sep 2025,2025-09-30,quarter,136.64,128.14,8.5,6.22,3.4,1.03,4.76,6.11,29.95,4.29,0.51,screener
WINDMACHIN,Dec 2025,2025-12-31,quarter,135.83,131.86,3.97,2.92,0.03,0.72,6.16,-2.88,-4.86,-2.74,-0.31,screener
WINDMACHIN,Mar 2026,2026-03-31,quarter,184.64,173.68,10.96,5.94,7.62,2.25,5.37,10.96,33.94,7.24,0.82,screener
WINSOME,Dec 2021,2021-12-31,quarter,15.8,14.5,1.3,8.23,0.05,0.0,3.73,-2.38,0.0,-2.38,-0.34,screener
WINSOME,Mar 2022,2022-03-31,quarter,12.63,10.4,2.23,17.66,0.14,0.0,3.66,-1.29,0.0,-1.29,-0.18,screener
WINSOME,Jun 2022,2022-06-30,quarter,6.01,9.48,-3.47,-57.74,0.03,0.0,3.72,-7.16,0.0,-7.16,-1.01,screener
WINSOME,Sep 2022,2022-09-30,quarter,12.91,13.4,-0.49,-3.8,0.04,0.0,3.71,-4.16,0.0,-4.16,-0.59,screener
WINSOME,Dec 2022,2022-12-31,quarter,9.58,18.54,-8.96,-93.53,0.02,0.0,3.15,-12.09,0.0,-12.09,-1.71,screener
WINSOME,Mar 2023,2023-03-31,quarter,2.43,6.77,-4.34,-178.6,4.62,0.0,3.29,-3.01,0.0,-3.01,-0.43,screener
WIPRO,Dec 2024,2024-12-31,quarter,22319.0,17779.0,4540.0,20.0,1005.0,415.0,676.0,4453.0,24.0,3367.0,3.2,screener
WIPRO,Mar 2025,2025-03-31,quarter,22504.0,17880.0,4624.0,21.0,1217.0,377.0,722.0,4743.0,24.0,3588.0,3.41,screener
WIPRO,Jun 2025,2025-06-30,quarter,22135.0,17902.0,4233.0,19.0,1072.0,361.0,686.0,4258.0,22.0,3336.0,3.18,screener
WIPRO,Sep 2025,2025-09-30,quarter,22697.0,18325.0,4372.0,19.0,963.0,361.0,692.0,4282.0,24.0,3262.0,3.1,screener
WIPRO,Dec 2025,2025-12-31,quarter,23556.0,19259.0,4296.0,18.0,1008.0,366.0,805.0,4134.0,24.0,3145.0,2.97,screener
WIPRO,Mar 2026,2026-03-31,quarter,24236.0,19327.0,4909.0,20.0,857.0,370.0,728.0,4668.0,25.0,3522.0,3.34,screener
WOCKPHARMA,Dec 2024,2024-12-31,quarter,721.0,593.0,128.0,18.0,8.0,60.0,55.0,21.0,5.0,20.0,0.86,screener
WOCKPHARMA,Mar 2025,2025-03-31,quarter,743.0,679.0,64.0,9.0,15.0,48.0,53.0,-22.0,105.0,-45.0,-1.54,screener
WOCKPHARMA,Jun 2025,2025-06-30,quarter,738.0,666.0,72.0,10.0,-77.0,48.0,56.0,-109.0,-1.0,-108.0,-5.54,screener
WOCKPHARMA,Sep 2025,2025-09-30,quarter,782.0,604.0,178.0,23.0,21.0,55.0,53.0,91.0,10.0,82.0,4.8,screener
WOCKPHARMA,Dec 2025,2025-12-31,quarter,888.0,711.0,177.0,20.0,15.0,60.0,65.0,67.0,9.0,61.0,3.63,screener
WOCKPHARMA,Mar 2026,2026-03-31,quarter,965.0,740.0,225.0,23.0,67.0,50.0,53.0,189.0,13.0,164.0,10.22,screener
WOCKPHARMA,Jun 2026,2026-06-30,quarter,929.0,737.0,192.0,21.0,31.0,52.0,55.0,116.0,8.0,107.0,6.52,screener
WORTHPERI,Mar 2025,2025-03-31,quarter,71.16,62.77,8.39,11.79,1.52,1.36,1.57,6.98,25.36,5.2,3.17,screener
WORTHPERI,Jun 2025,2025-06-30,quarter,76.23,68.97,7.26,9.52,1.13,0.43,1.67,6.29,30.84,4.34,2.18,screener
WORTHPERI,Sep 2025,2025-09-30,quarter,77.46,68.77,8.69,11.22,1.35,0.46,1.7,7.88,29.7,5.55,2.9,screener
WORTHPERI,Dec 2025,2025-12-31,quarter,75.09,66.88,8.21,10.93,0.2,0.47,1.7,6.24,34.62,4.08,2.02,screener
WORTHPERI,Mar 2026,2026-03-31,quarter,76.13,67.1,9.03,11.86,0.05,0.31,1.72,7.05,35.46,4.56,2.19,screener
WORTHPERI,Jun 2026,2026-06-30,quarter,82.0,72.33,9.67,11.79,0.31,0.34,1.65,7.99,34.17,5.25,2.65,screener
WPIL,Mar 2025,2025-03-31,quarter,572.0,492.0,80.0,14.0,6.0,12.0,9.0,65.0,136.0,-24.0,0.18,screener
WPIL,Jun 2025,2025-06-30,quarter,379.0,329.0,49.0,13.0,12.0,11.0,9.0,40.0,36.0,26.0,2.29,screener
WPIL,Sep 2025,2025-09-30,quarter,426.0,346.0,80.0,19.0,14.0,13.0,10.0,71.0,28.0,52.0,4.2,screener
WPIL,Dec 2025,2025-12-31,quarter,539.0,426.0,113.0,21.0,18.0,11.0,10.0,109.0,31.0,76.0,5.56,screener
WPIL,Mar 2026,2026-03-31,quarter,511.0,436.0,76.0,15.0,14.0,12.0,11.0,67.0,30.0,47.0,4.14,screener
WPIL,Jun 2026,2026-06-30,quarter,501.0,425.0,75.0,15.0,23.0,9.0,11.0,79.0,26.0,59.0,3.47,screener
WSTCSTPAPR,Dec 2024,2024-12-31,quarter,1016.0,933.0,83.0,8.0,69.0,10.0,53.0,89.0,24.0,67.0,9.72,screener
WSTCSTPAPR,Mar 2025,2025-03-31,quarter,1041.0,961.0,81.0,8.0,45.0,13.0,57.0,56.0,18.0,46.0,6.66,screener
WSTCSTPAPR,Jun 2025,2025-06-30,quarter,955.0,844.0,110.0,12.0,45.0,11.0,58.0,86.0,30.0,60.0,8.23,screener
WSTCSTPAPR,Sep 2025,2025-09-30,quarter,1043.0,975.0,68.0,7.0,23.0,10.0,62.0,19.0,37.0,12.0,2.65,screener
WSTCSTPAPR,Dec 2025,2025-12-31,quarter,1036.0,959.0,77.0,7.0,45.0,11.0,63.0,47.0,37.0,30.0,4.07,screener
WSTCSTPAPR,Mar 2026,2026-03-31,quarter,1245.0,1088.0,157.0,13.0,3.0,10.0,65.0,85.0,36.0,54.0,7.85,screener
WSTCSTPAPR,Jun 2026,2026-06-30,quarter,1051.0,848.0,203.0,19.0,45.0,8.0,59.0,181.0,22.0,142.0,20.21,screener
XPROINDIA,Dec 2024,2024-12-31,quarter,105.0,94.0,11.0,10.0,5.0,2.0,3.0,11.0,30.0,7.0,3.36,screener
XPROINDIA,Mar 2025,2025-03-31,quarter,158.0,148.0,10.0,6.0,3.0,1.0,3.0,9.0,25.0,7.0,2.95,screener
XPROINDIA,Jun 2025,2025-06-30,quarter,145.0,147.0,-3.0,-2.0,3.0,2.0,3.0,-4.0,46.0,-5.0,-2.46,screener
XPROINDIA,Sep 2025,2025-09-30,quarter,120.0,113.0,7.0,6.0,4.0,2.0,3.0,7.0,26.0,5.0,2.12,screener
XPROINDIA,Dec 2025,2025-12-31,quarter,106.0,96.0,11.0,10.0,4.0,2.0,3.0,10.0,30.0,7.0,2.89,screener
XPROINDIA,Mar 2026,2026-03-31,quarter,134.0,118.0,16.0,12.0,7.0,2.0,3.0,18.0,25.0,13.0,5.53,screener
YASHO,Mar 2025,2025-03-31,quarter,185.0,149.0,36.0,19.0,1.0,15.0,13.0,8.0,37.0,5.0,4.17,screener
YASHO,Jun 2025,2025-06-30,quarter,199.0,165.0,33.0,17.0,0.0,15.0,13.0,6.0,37.0,4.0,3.02,screener
YASHO,Sep 2025,2025-09-30,quarter,183.0,150.0,33.0,18.0,0.0,14.0,13.0,6.0,19.0,5.0,4.03,screener
YASHO,Dec 2025,2025-12-31,quarter,202.0,168.0,33.0,17.0,0.0,14.0,14.0,6.0,21.0,4.0,3.73,screener
YASHO,Mar 2026,2026-03-31,quarter,246.0,202.0,44.0,18.0,0.0,14.0,14.0,17.0,26.0,12.0,10.17,screener
YASHO,Jun 2026,2026-06-30,quarter,308.0,235.0,73.0,24.0,1.0,11.0,14.0,49.0,26.0,36.0,29.9,screener
YATHARTH,Dec 2024,2024-12-31,quarter,219.0,164.0,55.0,25.0,4.0,2.0,17.0,40.0,24.0,30.0,3.16,screener
YATHARTH,Mar 2025,2025-03-31,quarter,232.0,175.0,57.0,25.0,5.0,1.0,13.0,49.0,20.0,39.0,4.02,screener
YATHARTH,Jun 2025,2025-06-30,quarter,258.0,193.0,64.0,25.0,9.0,0.0,15.0,59.0,28.0,42.0,4.36,screener
YATHARTH,Sep 2025,2025-09-30,quarter,279.0,215.0,65.0,23.0,9.0,0.0,19.0,55.0,25.0,41.0,4.28,screener
YATHARTH,Dec 2025,2025-12-31,quarter,320.0,246.0,74.0,23.0,8.0,1.0,24.0,57.0,25.0,43.0,4.71,screener
YATHARTH,Mar 2026,2026-03-31,quarter,342.0,262.0,80.0,23.0,7.0,5.0,30.0,52.0,14.0,45.0,4.93,screener
YATRA,Dec 2024,2024-12-31,quarter,235.26,221.69,13.57,5.77,6.05,2.16,7.38,10.08,0.69,10.01,0.64,screener
YATRA,Mar 2025,2025-03-31,quarter,218.97,201.89,17.08,7.8,9.59,3.27,10.03,13.37,-13.84,15.22,0.97,screener
YATRA,Jun 2025,2025-06-30,quarter,209.81,186.73,23.08,11.0,5.59,2.44,9.15,17.08,6.38,16.0,1.02,screener
YATRA,Sep 2025,2025-09-30,quarter,350.87,326.99,23.88,6.81,5.05,2.17,9.87,16.89,15.45,14.28,0.91,screener
YATRA,Dec 2025,2025-12-31,quarter,256.82,234.31,22.51,8.76,0.99,3.55,10.94,9.01,7.44,8.34,0.53,screener
YATRA,Mar 2026,2026-03-31,quarter,189.01,178.13,10.88,5.76,10.36,4.39,11.19,5.66,-44.88,8.2,0.52,screener
YESBANK,Mar 2025,2025-03-31,quarter,7623.0,3080.0,,,1815.0,5352.0,0.0,1006.0,26.0,745.0,0.24,screener
YESBANK,Jun 2025,2025-06-30,quarter,7605.0,3110.0,,,1825.0,5235.0,0.0,1085.0,25.0,809.0,0.26,screener
YESBANK,Sep 2025,2025-09-30,quarter,7389.0,3129.0,,,1724.0,5093.0,0.0,891.0,25.0,664.0,0.21,screener
YESBANK,Dec 2025,2025-12-31,quarter,7553.0,2961.0,,,1720.0,5093.0,0.0,1218.0,21.0,957.0,0.3,screener
YESBANK,Mar 2026,2026-03-31,quarter,7662.0,2999.0,,,1816.0,5030.0,0.0,1449.0,25.0,1082.0,0.34,screener
YESBANK,Jun 2026,2026-06-30,quarter,8054.0,3345.0,,,1870.0,5269.0,0.0,1311.0,18.0,1072.0,0.34,screener
ZAGGLE,Dec 2024,2024-12-31,quarter,337.0,308.0,29.0,9.0,4.0,2.0,4.0,26.0,25.0,20.0,1.47,screener
ZAGGLE,Mar 2025,2025-03-31,quarter,412.0,376.0,36.0,9.0,13.0,1.0,6.0,41.0,25.0,31.0,2.32,screener
ZAGGLE,Jun 2025,2025-06-30,quarter,332.0,301.0,30.0,9.0,12.0,1.0,7.0,35.0,25.0,26.0,1.95,screener
ZAGGLE,Sep 2025,2025-09-30,quarter,432.0,388.0,44.0,10.0,11.0,1.0,7.0,46.0,24.0,35.0,2.61,screener
ZAGGLE,Dec 2025,2025-12-31,quarter,526.0,473.0,52.0,10.0,9.0,1.0,10.0,50.0,25.0,37.0,2.71,screener
ZAGGLE,Mar 2026,2026-03-31,quarter,618.0,560.0,58.0,9.0,10.0,2.0,13.0,54.0,25.0,41.0,3.02,screener
ZEEL,Dec 2024,2024-12-31,quarter,1979.0,1658.0,321.0,16.0,-46.0,11.0,66.0,198.0,17.0,164.0,1.7,screener
ZEEL,Mar 2025,2025-03-31,quarter,2184.0,1886.0,298.0,14.0,36.0,8.0,64.0,262.0,28.0,188.0,1.96,screener
ZEEL,Jun 2025,2025-06-30,quarter,1825.0,1586.0,239.0,13.0,25.0,8.0,59.0,197.0,27.0,144.0,1.5,screener
ZEEL,Sep 2025,2025-09-30,quarter,1969.0,1810.0,159.0,8.0,26.0,13.0,57.0,115.0,34.0,76.0,0.8,screener
ZEEL,Dec 2025,2025-12-31,quarter,2280.0,2024.0,256.0,11.0,9.0,9.0,54.0,202.0,23.0,155.0,1.62,screener
ZEEL,Mar 2026,2026-03-31,quarter,2025.0,2280.0,-255.0,-13.0,76.0,15.0,47.0,-241.0,-57.0,-104.0,-1.08,screener
ZENSARTECH,Dec 2024,2024-12-31,quarter,1326.0,1119.0,207.0,16.0,31.0,4.0,24.0,210.0,24.0,160.0,7.04,screener
ZENSARTECH,Mar 2025,2025-03-31,quarter,1359.0,1146.0,212.0,16.0,46.0,5.0,24.0,230.0,23.0,176.0,7.77,screener
ZENSARTECH,Jun 2025,2025-06-30,quarter,1385.0,1174.0,211.0,15.0,57.0,4.0,23.0,241.0,24.0,182.0,8.01,screener
ZENSARTECH,Sep 2025,2025-09-30,quarter,1421.0,1201.0,220.0,15.0,49.0,4.0,25.0,240.0,24.0,182.0,8.01,screener
ZENSARTECH,Dec 2025,2025-12-31,quarter,1431.0,1181.0,250.0,17.0,38.0,2.0,20.0,265.0,25.0,200.0,8.79,screener
ZENSARTECH,Mar 2026,2026-03-31,quarter,1450.0,1215.0,236.0,16.0,66.0,2.0,23.0,276.0,24.0,211.0,9.26,screener
ZENSARTECH,Jun 2026,2026-06-30,quarter,1508.0,1287.0,221.0,15.0,57.0,4.0,28.0,246.0,25.0,184.0,8.08,screener
ZENTEC,Dec 2024,2024-12-31,quarter,152.0,108.0,44.0,29.0,22.0,3.0,4.0,59.0,28.0,43.0,4.4,screener
ZENTEC,Mar 2025,2025-03-31,quarter,325.0,187.0,138.0,42.0,25.0,4.0,5.0,154.0,26.0,114.0,11.19,screener
ZENTEC,Jun 2025,2025-06-30,quarter,158.0,94.0,64.0,41.0,22.0,3.0,6.0,76.0,30.0,53.0,5.29,screener
ZENTEC,Sep 2025,2025-09-30,quarter,174.0,109.0,65.0,37.0,26.0,2.0,6.0,83.0,26.0,62.0,6.58,screener
ZENTEC,Dec 2025,2025-12-31,quarter,178.0,111.0,67.0,37.0,16.0,3.0,6.0,73.0,24.0,56.0,6.07,screener
ZENTEC,Mar 2026,2026-03-31,quarter,178.0,129.0,50.0,28.0,23.0,2.0,6.0,64.0,27.0,47.0,3.49,screener
ZENTEC,Jun 2026,2026-06-30,quarter,142.0,103.0,38.0,27.0,16.0,1.0,8.0,45.0,30.0,32.0,3.82,screener
ZFCVINDIA,Dec 2024,2024-12-31,quarter,962.0,785.0,177.0,18.0,17.0,1.0,32.0,161.0,22.0,125.0,11.02,screener
ZFCVINDIA,Mar 2025,2025-03-31,quarter,1012.0,837.0,175.0,17.0,27.0,1.0,32.0,169.0,25.0,127.0,11.14,screener
ZFCVINDIA,Jun 2025,2025-06-30,quarter,976.0,844.0,132.0,13.0,67.0,1.0,33.0,164.0,25.0,122.0,10.75,screener
ZFCVINDIA,Sep 2025,2025-09-30,quarter,913.0,779.0,134.0,15.0,45.0,1.0,32.0,146.0,26.0,108.0,9.51,screener
ZFCVINDIA,Dec 2025,2025-12-31,quarter,1075.0,876.0,199.0,19.0,22.0,2.0,33.0,187.0,25.0,140.0,12.32,screener
ZFCVINDIA,Mar 2026,2026-03-31,quarter,1155.0,965.0,190.0,16.0,42.0,1.0,34.0,197.0,26.0,146.0,12.86,screener
ZOTA,Dec 2024,2024-12-31,quarter,72.0,78.0,-6.0,-8.0,1.0,2.0,11.0,-18.0,2.0,-19.0,-6.78,screener
ZOTA,Mar 2025,2025-03-31,quarter,97.0,95.0,2.0,2.5,1.0,3.0,14.0,-14.0,-10.0,-13.0,-4.5,screener
ZOTA,Jun 2025,2025-06-30,quarter,104.0,100.0,4.0,3.8,1.0,3.0,15.0,-13.0,5.0,-14.0,-4.81,screener
ZOTA,Sep 2025,2025-09-30,quarter,129.0,123.0,6.0,4.9,2.0,4.0,19.0,-14.0,13.0,-16.0,-5.2,screener
ZOTA,Dec 2025,2025-12-31,quarter,143.0,143.0,0.0,-0.3,2.0,5.0,22.0,-26.0,14.0,-30.0,-8.73,screener
ZOTA,Mar 2026,2026-03-31,quarter,163.0,154.0,9.0,5.0,-3.0,5.0,27.0,-26.0,-45.0,-14.0,-4.09,screener
ZOTA,Jun 2026,2026-06-30,quarter,174.0,185.0,-12.0,-7.0,2.0,6.0,28.0,-44.0,1.0,-44.0,-12.58,screener
ZUARI,Dec 2024,2024-12-31,quarter,1264.0,1148.0,117.0,9.0,51.0,40.0,26.0,101.0,20.0,81.0,12.97,screener
ZUARI,Mar 2025,2025-03-31,quarter,952.0,920.0,32.0,3.0,61.0,36.0,25.0,32.0,16.0,27.0,4.72,screener
ZUARI,Jun 2025,2025-06-30,quarter,1246.0,1105.0,141.0,11.0,72.0,34.0,25.0,154.0,17.0,127.0,23.54,screener
ZUARI,Sep 2025,2025-09-30,quarter,1423.0,1249.0,174.0,12.0,923.0,32.0,25.0,1040.0,19.0,840.0,191.68,screener
ZUARI,Dec 2025,2025-12-31,quarter,344.0,334.0,9.0,3.0,43.0,18.0,4.0,30.0,-34.0,40.0,9.43,screener
ZUARI,Mar 2026,2026-03-31,quarter,187.0,202.0,-14.0,-8.0,11.0,17.0,5.0,-25.0,0.0,-25.0,-5.95,screener
ZUARIIND,Mar 2025,2025-03-31,quarter,272.26,244.66,27.6,10.14,24.58,59.02,7.83,-14.67,41.51,-20.75,-6.95,screener
ZUARIIND,Jun 2025,2025-06-30,quarter,257.46,232.22,25.24,9.8,44.8,63.0,7.44,-0.4,17.5,-0.48,0.02,screener
ZUARIIND,Sep 2025,2025-09-30,quarter,241.17,230.35,10.82,4.49,225.03,61.47,7.34,167.04,1.64,164.29,55.34,screener
ZUARIIND,Dec 2025,2025-12-31,quarter,262.63,270.35,-7.72,-2.94,46.86,56.19,7.71,-24.76,6.79,-26.43,-8.69,screener
ZUARIIND,Mar 2026,2026-03-31,quarter,283.56,253.34,30.22,10.66,19.79,61.99,7.66,-19.64,60.9,-31.61,-10.41,screener
ZUARIIND,Jun 2026,2026-06-30,quarter,311.93,297.75,14.18,4.55,54.77,61.54,7.98,-0.57,-108.77,0.05,0.2,screener
ZYDUSLIFE,Dec 2024,2024-12-31,quarter,5269.0,3882.0,1388.0,26.0,57.0,32.0,229.0,1184.0,15.0,1026.0,10.17,screener
ZYDUSLIFE,Mar 2025,2025-03-31,quarter,6528.0,4402.0,2126.0,33.0,-139.0,77.0,238.0,1672.0,25.0,1244.0,11.64,screener
ZYDUSLIFE,Jun 2025,2025-06-30,quarter,6574.0,4485.0,2088.0,32.0,155.0,85.0,238.0,1921.0,23.0,1521.0,14.58,screener
ZYDUSLIFE,Sep 2025,2025-09-30,quarter,6123.0,4107.0,2016.0,33.0,75.0,101.0,302.0,1687.0,27.0,1239.0,12.51,screener
ZYDUSLIFE,Dec 2025,2025-12-31,quarter,6864.0,5048.0,1816.0,26.0,26.0,130.0,360.0,1353.0,29.0,1023.0,10.36,screener
ZYDUSLIFE,Mar 2026,2026-03-31,quarter,7587.0,5033.0,2554.0,34.0,-263.0,123.0,508.0,1660.0,19.0,1341.0,12.65,screener
ZYDUSWELL,Dec 2024,2024-12-31,quarter,462.0,447.0,15.0,3.0,4.0,3.0,5.0,10.0,37.0,6.0,0.2,screener
ZYDUSWELL,Mar 2025,2025-03-31,quarter,913.0,723.0,190.0,21.0,1.0,4.0,13.0,173.0,1.0,172.0,5.4,screener
ZYDUSWELL,Jun 2025,2025-06-30,quarter,861.0,705.0,156.0,18.0,3.0,2.0,11.0,145.0,12.0,128.0,4.02,screener
ZYDUSWELL,Sep 2025,2025-09-30,quarter,650.0,628.0,23.0,4.0,-33.0,16.0,25.0,-51.0,4.0,-53.0,-1.66,screener
ZYDUSWELL,Dec 2025,2025-12-31,quarter,965.0,904.0,61.0,6.0,-6.0,41.0,56.0,-42.0,-4.0,-40.0,-1.25,screener
ZYDUSWELL,Mar 2026,2026-03-31,quarter,1485.0,1215.0,270.0,18.0,1.0,39.0,55.0,177.0,9.0,162.0,5.09,screener
