symbol,period,CLOSE,return_pct,month_num
NIFTY CONSR DURBL,2021-09,27087.20,8.983958510197430625686500900,9
NIFTY CONSR DURBL,2021-10,28242.30,4.264375793732833220118727700,10
NIFTY CONSR DURBL,2021-11,28282.10,0.140923366722965197593680400,11
NIFTY CONSR DURBL,2021-12,29138.95,3.029654799325368342520534200,12
NIFTY CONSR DURBL,2022-01,27498.10,-5.631122603937341599474243240,1
NIFTY CONSR DURBL,2022-02,27753.35,0.928245951538469930649754000,2
NIFTY CONSR DURBL,2022-03,27141.25,-2.205499516274611893699319180,3
NIFTY CONSR DURBL,2022-04,27520.45,1.397135356698751899783539800,4
NIFTY CONSR DURBL,2022-05,24779.15,-9.960956307037130570175996400,5
NIFTY CONSR DURBL,2022-06,22820.05,-7.906243757352451557055024080,6
NIFTY CONSR DURBL,2022-07,25823.45,13.16123321377472880208413220,7
NIFTY CONSR DURBL,2022-08,27473.65,6.390315778875402008639434300,8
NIFTY CONSR DURBL,2022-09,27181.90,-1.061926609678728527152380550,9
NIFTY CONSR DURBL,2022-10,27024.00,-0.5809012615012195615464702600,10
NIFTY CONSR DURBL,2022-11,26512.50,-1.892761989342806394316163410,11
NIFTY CONSR DURBL,2022-12,25296.70,-4.585761433286185761433286190,12
NIFTY CONSR DURBL,2023-01,24149.80,-4.533792945324884273442781070,1
NIFTY CONSR DURBL,2023-02,23978.70,-0.7084944802855510190560584400,2
NIFTY CONSR DURBL,2023-03,24035.10,0.235208747763640230704750500,3
NIFTY CONSR DURBL,2023-04,24276.35,1.003740363052369243314985200,4
NIFTY CONSR DURBL,2023-05,26083.75,7.445106039416963423249376500,5
NIFTY CONSR DURBL,2023-06,27130.05,4.011309723486845258062970200,6
NIFTY CONSR DURBL,2023-07,27408.25,1.025431210042001396974941100,7
NIFTY CONSR DURBL,2023-08,28701.90,4.719929218392272399733656800,8
NIFTY CONSR DURBL,2023-09,28948.90,0.860570206153599587483755400,9
NIFTY CONSR DURBL,2023-10,28061.50,-3.065401448759711077104829540,10
NIFTY CONSR DURBL,2023-11,29439.60,4.910999055645635479215295000,11
NIFTY CONSR DURBL,2023-12,31132.35,5.749908286797374964333754500,12
NIFTY CONSR DURBL,2024-01,31471.65,1.089863116661607620369165800,1
NIFTY CONSR DURBL,2024-02,32046.90,1.827835528165825433366220100,2
NIFTY CONSR DURBL,2024-03,32337.50,0.906795977145995400491155200,3
NIFTY CONSR DURBL,2024-04,34630.10,7.089601855431001159644375700,4
NIFTY CONSR DURBL,2024-05,35130.20,1.444119422121218246554298100,5
NIFTY CONSR DURBL,2024-06,38357.90,9.187821304746343601801299200,6
NIFTY CONSR DURBL,2024-07,39762.25,3.661175403241574747314112600,7
NIFTY CONSR DURBL,2024-08,41312.85,3.899678715364447434438443500,8
NIFTY CONSR DURBL,2024-09,43688.85,5.751237205857257487682403900,9
NIFTY CONSR DURBL,2024-10,39218.00,-10.23338906837785842383125214,10
NIFTY CONSR DURBL,2024-11,40172.90,2.434851343770717527665867700,11
NIFTY CONSR DURBL,2024-12,41805.80,4.064680418889350781248055300,12
NIFTY CONSR DURBL,2025-01,37591.10,-10.08161546962383209985217362,1
NIFTY CONSR DURBL,2025-02,34458.85,-8.332424430250777444661103290,2
NIFTY CONSR DURBL,2025-03,35652.20,3.463116151583700558782431800,3
NIFTY CONSR DURBL,2025-04,37097.95,4.055149471841849871817167000,4
NIFTY CONSR DURBL,2025-05,37359.00,0.703677696476489940818832300,5
NIFTY CONSR DURBL,2025-06,38441.70,2.898096844133943628041435800,6
NIFTY CONSR DURBL,2025-07,38263.80,-0.4627787012541068683226808400,7
NIFTY CONSR DURBL,2025-08,38590.95,0.854985652235271980305144800,8
NIFTY CONSR DURBL,2025-09,37114.50,-3.825897004349465353923653080,9
NIFTY CONSR DURBL,2025-10,38615.10,4.043163723073192418057632500,10
NIFTY CONSR DURBL,2025-11,37881.60,-1.899515992448549919591040810,11
NIFTY CONSR DURBL,2025-12,36756.00,-2.971363405980739989863152560,12
NIFTY CONSR DURBL,2026-01,34387.55,-6.443709870497333768636413100,1
NIFTY CONSR DURBL,2026-02,37585.90,9.300895236793548827991526000,2
NIFTY CONSR DURBL,2026-03,33023.30,-12.13912664057532212877701478,3
NIFTY CONSR DURBL,2026-04,37273.00,12.86879264034787559087068830,4
NIFTY CONSR DURBL,2026-05,35671.05,-4.297883186220588629839293860,5
NIFTY HEALTHCARE,2021-09,8978.40,-2.017297356287343464382178810,9
NIFTY HEALTHCARE,2021-10,8612.75,-4.072551902343401942439632900,10
NIFTY HEALTHCARE,2021-11,8792.05,2.081797335345853531102145100,11
NIFTY HEALTHCARE,2021-12,8968.70,2.009201494531991970018368900,12
NIFTY HEALTHCARE,2022-01,8233.55,-8.196840121756776344397738800,1
NIFTY HEALTHCARE,2022-02,8103.15,-1.583763990016457056798100450,2
NIFTY HEALTHCARE,2022-03,8471.60,4.546997155427210405829831600,3
NIFTY HEALTHCARE,2022-04,8411.80,-0.7058879078332310307379951800,4
NIFTY HEALTHCARE,2022-05,7807.45,-7.184550274614232387836134950,5
NIFTY HEALTHCARE,2022-06,7511.00,-3.797014390101761778813825260,6
NIFTY HEALTHCARE,2022-07,8017.55,6.744108640660364798295832800,7
NIFTY HEALTHCARE,2022-08,8014.10,-0.0430306016177011680625627500,8
NIFTY HEALTHCARE,2022-09,8212.30,2.473141088830935476223156700,9
NIFTY HEALTHCARE,2022-10,8401.85,2.308123181082035483360325400,10
NIFTY HEALTHCARE,2022-11,8379.60,-0.2648226283497086951088153200,11
NIFTY HEALTHCARE,2022-12,8001.40,-4.513341925628908301112224930,12
NIFTY HEALTHCARE,2023-01,7841.90,-1.993401154797910365686004950,1
NIFTY HEALTHCARE,2023-02,7498.50,-4.379040793685203840905902910,2
NIFTY HEALTHCARE,2023-03,7621.55,1.640994865639794625591785000,3
NIFTY HEALTHCARE,2023-04,8013.55,5.143310743877557714638098500,4
NIFTY HEALTHCARE,2023-05,8210.60,2.458960136269194052573453700,5
NIFTY HEALTHCARE,2023-06,8936.45,8.840401432294838379655567200,6
NIFTY HEALTHCARE,2023-07,9563.30,7.014530378394105041711194000,7
NIFTY HEALTHCARE,2023-08,9478.65,-0.8851547060115232189725304000,8
NIFTY HEALTHCARE,2023-09,9719.05,2.536226150348414594905392600,9
NIFTY HEALTHCARE,2023-10,9255.65,-4.767955715836424341885266560,10
NIFTY HEALTHCARE,2023-11,10289.45,11.16939382971482283794222990,11
NIFTY HEALTHCARE,2023-12,10637.80,3.385506513953612680949905000,12
NIFTY HEALTHCARE,2024-01,11421.85,7.370414935418977608152061500,1
NIFTY HEALTHCARE,2024-02,11950.95,4.632349400491163865748543400,2
NIFTY HEALTHCARE,2024-03,12059.30,0.906622486078512586865479300,3
NIFTY HEALTHCARE,2024-04,11974.50,-0.7031917275463749968903667700,4
NIFTY HEALTHCARE,2024-05,11795.10,-1.498183640235500438431667290,5
NIFTY HEALTHCARE,2024-06,12576.25,6.622665344083560122423718300,6
NIFTY HEALTHCARE,2024-07,13750.75,9.339031905377199085577974400,7
NIFTY HEALTHCARE,2024-08,14506.85,5.498609166772721487918840800,8
NIFTY HEALTHCARE,2024-09,14752.20,1.691269986247876003405287800,9
NIFTY HEALTHCARE,2024-10,14428.30,-2.195604723363294966174536680,10
NIFTY HEALTHCARE,2024-11,14127.05,-2.087910564654186563905657630,11
NIFTY HEALTHCARE,2024-12,14951.70,5.837382893102240028880764200,12
NIFTY HEALTHCARE,2025-01,13788.10,-7.782392637626490633172147650,1
NIFTY HEALTHCARE,2025-02,12685.50,-7.996750821360448502694352380,2
NIFTY HEALTHCARE,2025-03,13681.30,7.849907374561507232667218500,3
NIFTY HEALTHCARE,2025-04,14053.60,2.721232631401986653315108900,4
NIFTY HEALTHCARE,2025-05,13890.40,-1.161268287129276484317185630,5
NIFTY HEALTHCARE,2025-06,14463.80,4.128030870241317744629384300,6
NIFTY HEALTHCARE,2025-07,14880.25,2.879257179994192397571869100,7
NIFTY HEALTHCARE,2025-08,14350.30,-3.561432099595100888761949560,8
NIFTY HEALTHCARE,2025-09,14139.05,-1.472094660041950342501550490,9
NIFTY HEALTHCARE,2025-10,14693.30,3.919994624815670076843918100,10
NIFTY HEALTHCARE,2025-11,15031.25,2.300027903874555069317307900,11
NIFTY HEALTHCARE,2025-12,14639.90,-2.603575883575883575883575880,12
NIFTY HEALTHCARE,2026-01,13893.85,-5.096004754130834227009747330,1
NIFTY HEALTHCARE,2026-02,14871.10,7.033687566801138633280192300,2
NIFTY HEALTHCARE,2026-03,14201.05,-4.505719146532536261608085480,3
NIFTY HEALTHCARE,2026-04,14918.40,5.051387045324113357815091100,4
NIFTY HEALTHCARE,2026-05,15704.90,5.272013084513084513084513100,5
NIFTY OIL AND GAS,2021-09,7774.40,8.358537639204426665923313900,9
NIFTY OIL AND GAS,2021-10,7704.30,-0.9016772998559374356863552200,10
NIFTY OIL AND GAS,2021-11,7390.10,-4.078242020689744688031359110,11
NIFTY OIL AND GAS,2021-12,7348.80,-0.5588557664984235666635092900,12
NIFTY OIL AND GAS,2022-01,7754.60,5.521989984759416503374700600,1
NIFTY OIL AND GAS,2022-02,7268.35,-6.270471720011348103061408710,2
NIFTY OIL AND GAS,2022-03,7866.25,8.226076069534350987500601900,3
NIFTY OIL AND GAS,2022-04,8194.90,4.177975528364849833147942200,4
NIFTY OIL AND GAS,2022-05,7828.50,-4.471073472525595187250607080,5
NIFTY OIL AND GAS,2022-06,7600.70,-2.909880564603691639522258410,6
NIFTY OIL AND GAS,2022-07,7841.70,3.170760587840593629534121900,7
NIFTY OIL AND GAS,2022-08,8357.75,6.580843439560299424869607400,8
NIFTY OIL AND GAS,2022-09,7643.90,-8.541174359127755675869701770,9
NIFTY OIL AND GAS,2022-10,8076.40,5.658106463977812373264956400,10
NIFTY OIL AND GAS,2022-11,8609.60,6.601951364469318012976078500,11
NIFTY OIL AND GAS,2022-12,8438.25,-1.990220219290094777922319270,12
NIFTY OIL AND GAS,2023-01,7586.30,-10.09628773738630640239386129,1
NIFTY OIL AND GAS,2023-02,6941.65,-8.497554802736511870081594450,2
NIFTY OIL AND GAS,2023-03,7148.85,2.984881116161143244041402300,3
NIFTY OIL AND GAS,2023-04,7491.80,4.797275086202675954873860800,4
NIFTY OIL AND GAS,2023-05,7432.15,-0.7962038495421661016044208300,5
NIFTY OIL AND GAS,2023-06,7535.70,1.393271126120974415209596100,6
NIFTY OIL AND GAS,2023-07,8141.15,8.034422814071685443953448300,7
NIFTY OIL AND GAS,2023-08,7729.05,-5.061938423932736775516972420,8
NIFTY OIL AND GAS,2023-09,7902.80,2.248012368919854315860293300,9
NIFTY OIL AND GAS,2023-10,7609.45,-3.711975502353596193754112470,10
NIFTY OIL AND GAS,2023-11,8476.40,11.39307045844312006781041990,11
NIFTY OIL AND GAS,2023-12,9496.15,12.03046104478316266339483740,12
NIFTY OIL AND GAS,2024-01,10728.65,12.97894409839777172854261990,1
NIFTY OIL AND GAS,2024-02,11457.50,6.793492191468637713039385200,2
NIFTY OIL AND GAS,2024-03,11440.90,-0.1448832642373990835697141600,3
NIFTY OIL AND GAS,2024-04,11826.50,3.370364219598108540412030500,4
NIFTY OIL AND GAS,2024-05,11625.00,-1.703800786369593709043250330,5
NIFTY OIL AND GAS,2024-06,12223.35,5.147096774193548387096774200,6
NIFTY OIL AND GAS,2024-07,13254.85,8.438766786519243906130479800,7
NIFTY OIL AND GAS,2024-08,13456.90,1.524347691599678608207561800,8
NIFTY OIL AND GAS,2024-09,13035.60,-3.130735905000408712259138430,9
NIFTY OIL AND GAS,2024-10,11347.10,-12.95299027279143269201264230,10
NIFTY OIL AND GAS,2024-11,11103.75,-2.144600823117801024050197850,11
NIFTY OIL AND GAS,2024-12,10744.25,-3.237644939772599347067432170,12
NIFTY OIL AND GAS,2025-01,10588.10,-1.453335505037578239523466040,1
NIFTY OIL AND GAS,2025-02,9590.60,-9.420953712186322380785976710,2
NIFTY OIL AND GAS,2025-03,10549.70,10.00041707505265572539778530,3
NIFTY OIL AND GAS,2025-04,11179.55,5.970311951998635032275799300,4
NIFTY OIL AND GAS,2025-05,11388.40,1.868143172131257519309811200,5
NIFTY OIL AND GAS,2025-06,11800.95,3.622545748305293105265006500,6
NIFTY OIL AND GAS,2025-07,11262.25,-4.564886725221274558404196270,7
NIFTY OIL AND GAS,2025-08,10789.75,-4.195431641101911252192057540,8
NIFTY OIL AND GAS,2025-09,11280.50,4.548298153339975439653374700,9
NIFTY OIL AND GAS,2025-10,11990.25,6.291831035858339612605824200,10
NIFTY OIL AND GAS,2025-11,12034.40,0.368215842038322803944871900,11
NIFTY OIL AND GAS,2025-12,12231.20,1.635312105298145316758625300,12
NIFTY OIL AND GAS,2026-01,11791.70,-3.593269671005297926613905420,1
NIFTY OIL AND GAS,2026-02,12264.90,4.012992189421372660430641900,2
NIFTY OIL AND GAS,2026-03,10788.05,-12.04127224844882551019576189,3
NIFTY OIL AND GAS,2026-04,11694.65,8.403743030482802730799356700,4
NIFTY OIL AND GAS,2026-05,11524.60,-1.454083704942003394714677220,5
Nifty Auto,2019-06,7928.05,-3.026726194116567794018714450,6
Nifty Auto,2019-07,6851.65,-13.57710912519472001311797983,7
Nifty Auto,2019-08,7009.30,2.300905621273707793013361700,8
Nifty Auto,2019-09,7493.15,6.902971766082205070406460000,9
Nifty Auto,2019-10,8449.50,12.76299019771391203966289210,10
Nifty Auto,2019-11,8086.00,-4.302029705899757382093615010,11
Nifty Auto,2019-12,8248.30,2.007172891417264407618105400,12
Nifty Auto,2020-01,8086.55,-1.961010147545554841603724400,1
Nifty Auto,2020-02,6903.95,-14.62428353253241493591210096,2
Nifty Auto,2020-03,4731.30,-31.46966591588873036450148104,3
Nifty Auto,2020-04,5901.40,24.73104643544057658571639930,4
Nifty Auto,2020-05,6218.80,5.378384790049818687091198700,5
Nifty Auto,2020-06,6719.15,8.045764456165176561394481300,6
Nifty Auto,2020-07,7279.75,8.343317235066935549883541800,7
Nifty Auto,2020-08,7840.35,7.700813901576290394587726200,8
Nifty Auto,2020-09,7908.10,0.864119586498051745138928700,9
Nifty Auto,2020-10,7758.40,-1.892995789127603343407392420,10
Nifty Auto,2020-11,8891.60,14.60610435141266240461950920,11
Nifty Auto,2020-12,9193.50,3.395339421476449682846731700,12
Nifty Auto,2021-01,9813.15,6.740088105726872246696035200,1
Nifty Auto,2021-02,10169.90,3.635427971650285586177730900,2
Nifty Auto,2021-03,9862.45,-3.023136904001022625591205420,3
Nifty Auto,2021-04,9640.85,-2.246906194708211448473756520,4
Nifty Auto,2021-05,10491.85,8.827022513575047843291825900,5
Nifty Auto,2021-06,10600.35,1.034136019863036547415374800,6
Nifty Auto,2021-07,10048.50,-5.205960180560075846552236480,7
Nifty Auto,2021-08,10034.45,-0.1398218639597949942777529000,8
Nifty Auto,2021-09,10598.45,5.620636905859314660992879500,9
Nifty Auto,2021-10,11297.45,6.595304030306318376743769100,10
Nifty Auto,2021-11,10603.55,-6.142094012365622330702946240,11
Nifty Auto,2021-12,10936.90,3.143758458252189125340098400,12
Nifty Auto,2022-01,11703.50,7.009298795819656392579250100,1
Nifty Auto,2022-02,10820.55,-7.544324347417439227581492720,2
Nifty Auto,2022-03,10552.10,-2.480927494443443263050399470,3
Nifty Auto,2022-04,11078.10,4.984789757489030619497540800,4
Nifty Auto,2022-05,11586.60,4.590137297912096839710780700,5
Nifty Auto,2022-06,11701.15,0.988642052025615797559249500,6
Nifty Auto,2022-07,12543.20,7.196301218256325232989919800,7
Nifty Auto,2022-08,13217.35,5.374625294980547228777345500,8
Nifty Auto,2022-09,12699.30,-3.919469485184246463928094510,9
Nifty Auto,2022-10,13381.65,5.373130802485176348302662400,10
Nifty Auto,2022-11,13231.85,-1.119443416917943601872713750,11
Nifty Auto,2022-12,12611.70,-4.686797386608826430166605580,12
Nifty Auto,2023-01,13323.90,5.647137182140393444182782700,1
Nifty Auto,2023-02,12731.80,-4.443894055043943590089988670,2
Nifty Auto,2023-03,12243.80,-3.832922289071458866774533060,3
Nifty Auto,2023-04,13189.25,7.721867394109671833907773700,4
Nifty Auto,2023-05,14199.00,7.655856094925791838049927000,5
Nifty Auto,2023-06,15147.65,6.681104303119938023804493300,6
Nifty Auto,2023-07,15708.05,3.699583763818150010067568200,7
Nifty Auto,2023-08,15670.25,-0.2406409452478187935485308500,8
Nifty Auto,2023-09,16184.40,3.281058055870199901086453600,9
Nifty Auto,2023-10,15916.20,-1.657151330911247868317639210,10
Nifty Auto,2023-11,17551.85,10.27663638305625714680639850,11
Nifty Auto,2023-12,18618.20,6.075427946341838609605255300,12
Nifty Auto,2024-01,19227.15,3.270724344995756840081210900,1
Nifty Auto,2024-02,20412.40,6.164460151400493572890418000,2
Nifty Auto,2024-03,21419.10,4.931806157041798122709725500,3
Nifty Auto,2024-04,22479.90,4.952589044357606061879350700,4
Nifty Auto,2024-05,23419.60,4.180178737449899688165872600,5
Nifty Auto,2024-06,25200.60,7.604741327776734017660421200,6
Nifty Auto,2024-07,26685.25,5.891327984254343150559907300,7
Nifty Auto,2024-08,26172.80,-1.920349256611798652813820370,8
Nifty Auto,2024-09,27027.20,3.264457757672087052206871300,9
Nifty Auto,2024-10,23514.70,-12.99616682453232299313284395,10
Nifty Auto,2024-11,23368.55,-0.6215261091997771606697087400,11
Nifty Auto,2024-12,22834.00,-2.287476116404312633860466310,12
Nifty Auto,2025-01,22867.60,0.147148988350705088902513800,1
Nifty Auto,2025-02,20498.60,-10.35963546677395091745526422,2
Nifty Auto,2025-03,21295.50,3.887582566614305367195808500,3
Nifty Auto,2025-04,22308.40,4.756403935103660397736611000,4
Nifty Auto,2025-05,23325.60,4.559717415861289917699162600,5
Nifty Auto,2025-06,23872.55,2.344848578385979353157046300,6
Nifty Auto,2025-07,23655.85,-0.9077371290457031192729725100,7
Nifty Auto,2025-08,24960.85,5.516605829002128437574638000,8
Nifty Auto,2025-09,26542.35,6.335922053936464503412343700,9
Nifty Auto,2025-10,26809.85,1.007823346463293566696242000,10
Nifty Auto,2025-11,27774.60,3.598490853175232237405282000,11
Nifty Auto,2025-12,28189.60,1.494170933154752903732187000,12
Nifty Auto,2026-01,26750.35,-5.105606322899225246190084290,1
Nifty Auto,2026-02,28158.85,5.265351668295928838314265000,2
Nifty Auto,2026-03,23769.60,-15.58746184592055428399952413,3
Nifty Auto,2026-04,25917.60,9.036752827140549273021001600,4
Nifty Auto,2026-05,26463.05,2.104554434052535728616847200,5
Nifty Bank,2019-06,31105.20,-0.8611842398822007050109321300,6
Nifty Bank,2019-07,28876.00,-7.166647377287398891503671410,7
Nifty Bank,2019-08,27427.85,-5.015064413353650090040171770,8
Nifty Bank,2019-09,29103.15,6.108025237122122222485539300,9
Nifty Bank,2019-10,30066.25,3.309263773852658561014873000,10
Nifty Bank,2019-11,31946.10,6.252359373051178647154201100,11
Nifty Bank,2019-12,32161.65,0.674730248762759773493478100,12
Nifty Bank,2020-01,30833.60,-4.129296848886795298126806310,1
Nifty Bank,2020-02,29147.15,-5.469520263608530953245809770,2
Nifty Bank,2020-03,19144.00,-34.31947891989439790854337388,3
Nifty Bank,2020-04,21534.50,12.48694107814458838278311740,4
Nifty Bank,2020-05,19297.25,-10.38914300308806798393275906,5
Nifty Bank,2020-06,21370.15,10.74194509580380624182202130,6
Nifty Bank,2020-07,21640.05,1.262976628615147764522008500,7
Nifty Bank,2020-08,23754.35,9.770310142536639240667188800,8
Nifty Bank,2020-09,21451.80,-9.693171987446509797152942510,9
Nifty Bank,2020-10,23900.90,11.41675756812948097595539770,10
Nifty Bank,2020-11,29609.05,23.88257345957683601872732830,11
Nifty Bank,2020-12,31264.05,5.589507262137758556927696100,12
Nifty Bank,2021-01,30565.50,-2.234355433796964884587889280,1
Nifty Bank,2021-02,34803.60,13.86563282131815281935515530,2
Nifty Bank,2021-03,33303.90,-4.309036996172809709340413060,3
Nifty Bank,2021-04,32781.80,-1.567684265206177054338981320,4
Nifty Bank,2021-05,35526.65,8.373091166439914830790255600,5
Nifty Bank,2021-06,34772.20,-2.123617059306182823317143610,6
Nifty Bank,2021-07,34584.35,-0.5402304139513749489534743300,7
Nifty Bank,2021-08,36424.60,5.321048393276149472232382600,8
Nifty Bank,2021-09,37425.10,2.746770040027893236988189300,9
Nifty Bank,2021-10,39115.60,4.517021998605214147724388200,10
Nifty Bank,2021-11,35695.30,-8.744081645174815163259671330,11
Nifty Bank,2021-12,35481.70,-0.5983981084344437502976582400,12
Nifty Bank,2022-01,37975.35,7.027989076058926150663581500,1
Nifty Bank,2022-02,36205.30,-4.661049865241531677785721530,2
Nifty Bank,2022-03,36373.60,0.464849069058949932744653400,3
Nifty Bank,2022-04,36088.15,-0.7847724723425781335913959600,4
Nifty Bank,2022-05,35487.40,-1.664673861087365243161536400,5
Nifty Bank,2022-06,33425.10,-5.811358397628454042843375400,6
Nifty Bank,2022-07,37491.40,12.16540863004149576216675490,7
Nifty Bank,2022-08,39536.75,5.455517798748512992312903800,8
Nifty Bank,2022-09,38631.95,-2.288503733867857120274175290,9
Nifty Bank,2022-10,41307.90,6.926779517989643287486135200,10
Nifty Bank,2022-11,43231.00,4.655525940558585645844983600,11
Nifty Bank,2022-12,42986.45,-0.5656820337257986167333626300,12
Nifty Bank,2023-01,40655.05,-5.423569520162748959265070740,1
Nifty Bank,2023-02,40269.05,-0.9494515441501117327367694800,2
Nifty Bank,2023-03,40608.65,0.843327567946102527871901600,3
Nifty Bank,2023-04,43233.90,6.464755661663217073209771800,4
Nifty Bank,2023-05,44128.15,2.068400028681196931111928400,5
Nifty Bank,2023-06,44747.35,1.403185948198598853566261000,6
Nifty Bank,2023-07,45651.10,2.019672673353841065448568500,7
Nifty Bank,2023-08,43989.15,-3.640547544308899456968178200,8
Nifty Bank,2023-09,44584.55,1.353515582819854441379294700,9
Nifty Bank,2023-10,42845.95,-3.899557133581027508408181760,10
Nifty Bank,2023-11,44481.75,3.817863765420068874654430600,11
Nifty Bank,2023-12,48292.25,8.566434549000432761750605600,12
Nifty Bank,2024-01,45996.80,-4.753247156634863772137351230,1
Nifty Bank,2024-02,46120.90,0.269801377487129539446222300,2
Nifty Bank,2024-03,47124.60,2.176236803705044784468646500,3
Nifty Bank,2024-04,49396.75,4.821579387411245930999944800,4
Nifty Bank,2024-05,48983.95,-0.8356825094768380510863569000,5
Nifty Bank,2024-06,52342.25,6.855919132695505364512253500,6
Nifty Bank,2024-07,51553.40,-1.507099904952500131347047560,7
Nifty Bank,2024-08,51351.00,-0.3926026217475472034822145600,8
Nifty Bank,2024-09,52978.10,3.168584837685731533952600700,9
Nifty Bank,2024-10,51475.35,-2.836549442127973634388549230,10
Nifty Bank,2024-11,52055.60,1.127238571471587857100534500,11
Nifty Bank,2024-12,50860.20,-2.296390782163686519798062070,12
Nifty Bank,2025-01,49587.20,-2.502939430045497265052044620,1
Nifty Bank,2025-02,48344.70,-2.505686951471347444501806920,2
Nifty Bank,2025-03,51564.85,6.660812870904152885424875900,3
Nifty Bank,2025-04,55087.15,6.830815953115348924703552900,4
Nifty Bank,2025-05,55749.70,1.202730582359043806041880900,5
Nifty Bank,2025-06,57312.75,2.803692217177850284396149200,6
Nifty Bank,2025-07,55961.95,-2.356892663499832061801257140,7
Nifty Bank,2025-08,53655.65,-4.121193060642096996262639170,8
Nifty Bank,2025-09,54635.85,1.826834639036149967431202500,9
Nifty Bank,2025-10,57776.35,5.748057365264748329164824900,10
Nifty Bank,2025-11,59752.70,3.420690299750676531141202200,11
Nifty Bank,2025-12,59581.85,-0.2859285019756429416578665100,12
Nifty Bank,2026-01,59610.45,0.048001194994784485543835900,1
Nifty Bank,2026-02,60529.00,1.540921096888213392114973100,2
Nifty Bank,2026-03,50275.35,-16.94006178856415932858629748,3
Nifty Bank,2026-04,54863.35,9.125744524901368165512522500,4
Nifty Bank,2026-05,55293.65,0.784312295913392091441736600,5
Nifty CPSE,2019-06,2364.95,0.893771331058020477815699700,6
Nifty CPSE,2019-07,2017.65,-14.68529990063214867121926468,7
Nifty CPSE,2019-08,1846.30,-8.492553217852452110128119350,8
Nifty CPSE,2019-09,1963.50,6.347830796728592319774684500,9
Nifty CPSE,2019-10,2059.45,4.886681945505474917239623100,10
Nifty CPSE,2019-11,1943.00,-5.654422297215275923183374200,11
Nifty CPSE,2019-12,1935.90,-0.3654143077714873906330416900,12
Nifty CPSE,2020-01,1706.20,-11.86528229763934087504519862,1
Nifty CPSE,2020-02,1544.65,-9.468409330676356816316961670,2
Nifty CPSE,2020-03,1315.55,-14.83183892791247208105396044,3
Nifty CPSE,2020-04,1421.65,8.065067842347307209912204000,4
Nifty CPSE,2020-05,1407.75,-0.9777371364259838919565293800,5
Nifty CPSE,2020-06,1440.55,2.329959154679453027881371000,6
Nifty CPSE,2020-07,1415.25,-1.756273645482628162854465310,7
Nifty CPSE,2020-08,1498.85,5.907083554142377671789436500,8
Nifty CPSE,2020-09,1322.40,-11.77235880841978850452013210,9
Nifty CPSE,2020-10,1312.70,-0.7335148215366001209921355100,10
Nifty CPSE,2020-11,1509.35,14.98057438866458444427515810,11
Nifty CPSE,2020-12,1628.65,7.904064663596912578262165800,12
Nifty CPSE,2021-01,1557.60,-4.362508826328554324133484790,1
Nifty CPSE,2021-02,1846.05,18.51887519260400616332819720,2
Nifty CPSE,2021-03,1773.80,-3.913761815768803661872647000,3
Nifty CPSE,2021-04,1813.75,2.252226857593866275792084800,4
Nifty CPSE,2021-05,1957.40,7.920055134390075809786354200,5
Nifty CPSE,2021-06,2052.65,4.866148973127618269132522700,6
Nifty CPSE,2021-07,2043.00,-0.4701239860667917082795410800,7
Nifty CPSE,2021-08,2041.25,-0.0856583455702398433675966700,8
Nifty CPSE,2021-09,2362.55,15.74035517452541334966319660,9
Nifty CPSE,2021-10,2286.30,-3.227444921800596812765867390,10
Nifty CPSE,2021-11,2254.55,-1.388706643922494860691947690,11
Nifty CPSE,2021-12,2263.45,0.394757268634539043268057900,12
Nifty CPSE,2022-01,2495.30,10.24321279462767014955046500,1
Nifty CPSE,2022-02,2415.80,-3.185989660561856289824870760,2
Nifty CPSE,2022-03,2501.15,3.532991141650798907194304200,3
Nifty CPSE,2022-04,2644.15,5.717370009795494072726545800,4
Nifty CPSE,2022-05,2606.70,-1.416334171661970765652478110,5
Nifty CPSE,2022-06,2461.90,-5.554916177542486668968427510,6
Nifty CPSE,2022-07,2531.80,2.839270482147934522117064100,7
Nifty CPSE,2022-08,2731.65,7.893593490797061379255865400,8
Nifty CPSE,2022-09,2563.15,-6.168432998370947961854556770,9
Nifty CPSE,2022-10,2799.65,9.226927803679066773306283300,10
Nifty CPSE,2022-11,2860.10,2.159198471237476113085564300,11
Nifty CPSE,2022-12,2798.05,-2.169504562777525261354498090,12
Nifty CPSE,2023-01,2812.15,0.503922374510820035381783700,1
Nifty CPSE,2023-02,2880.50,2.430524687516668740998879900,2
Nifty CPSE,2023-03,2916.95,1.265405311577851067522999500,3
Nifty CPSE,2023-04,3053.80,4.691544249987144106001131300,4
Nifty CPSE,2023-05,3093.65,1.304931560678498919379134200,5
Nifty CPSE,2023-06,3257.95,5.310878735474277956459198700,6
Nifty CPSE,2023-07,3512.90,7.825473073558526067005325400,7
Nifty CPSE,2023-08,3492.00,-0.5949500412764382703749039300,8
Nifty CPSE,2023-09,3909.90,11.96735395189003436426116840,9
Nifty CPSE,2023-10,3882.45,-0.7020639914064298319650118900,10
Nifty CPSE,2023-11,4242.50,9.273783306932478203196435200,11
Nifty CPSE,2023-12,4860.45,14.56570418385385975250441960,12
Nifty CPSE,2024-01,5410.40,11.31479595510703741423119260,1
Nifty CPSE,2024-02,5776.15,6.760128641135590714180097600,2
Nifty CPSE,2024-03,5759.35,-0.2908511724937891155873722100,3
Nifty CPSE,2024-04,6253.95,8.587774662071240678201533200,4
Nifty CPSE,2024-05,6587.90,5.339825230454352848999432400,5
Nifty CPSE,2024-06,6806.75,3.321999423184929947327676500,6
Nifty CPSE,2024-07,7511.90,10.35956954493701105520255630,7
Nifty CPSE,2024-08,7401.30,-1.472330568830788482274790670,8
Nifty CPSE,2024-09,7258.05,-1.935470795671030764865631710,9
Nifty CPSE,2024-10,6599.15,-9.078195934169646117070011920,10
Nifty CPSE,2024-11,6526.15,-1.106203071607707053181091500,11
Nifty CPSE,2024-12,6088.10,-6.712226963830129555710487810,12
Nifty CPSE,2025-01,6126.70,0.634023751252443291010331600,1
Nifty CPSE,2025-02,5387.30,-12.06848711378066495829728892,2
Nifty CPSE,2025-03,6139.80,13.96803593636886752176414900,3
Nifty CPSE,2025-04,6260.05,1.958532851232939183686765000,4
Nifty CPSE,2025-05,6450.60,3.043905400116612487120709900,5
Nifty CPSE,2025-06,6637.00,2.889653675627073450531733500,6
Nifty CPSE,2025-07,6383.00,-3.827030284767214102757269850,7
Nifty CPSE,2025-08,6142.00,-3.775654081153062823123922920,8
Nifty CPSE,2025-09,6459.35,5.166883751221100618690980100,9
Nifty CPSE,2025-10,6615.65,2.419748117070603079257200800,10
Nifty CPSE,2025-11,6361.85,-3.836357727509768503472825800,11
Nifty CPSE,2025-12,6365.25,0.053443573803217617516917200,12
Nifty CPSE,2026-01,6813.35,7.039786339892384431090687700,1
Nifty CPSE,2026-02,7086.60,4.010508780555820558168889000,2
Nifty CPSE,2026-03,6900.85,-2.621144131177151243191375270,3
Nifty CPSE,2026-04,7456.25,8.048283907054928016113957000,4
Nifty CPSE,2026-05,7156.65,-4.018105616093880972338642080,5
Nifty Capital Mkt,2024-12,4027.75,6.756165763282399247253402600,12
Nifty Capital Mkt,2025-01,3439.10,-14.61485941282353671404630377,1
Nifty Capital Mkt,2025-02,3091.05,-10.12038033206362129626937280,2
Nifty Capital Mkt,2025-03,3415.75,10.50452111741964704550233740,3
Nifty Capital Mkt,2025-04,3734.65,9.336163360901705335577838000,4
Nifty Capital Mkt,2025-05,4254.80,13.92767729238348975138232500,5
Nifty Capital Mkt,2025-06,4730.10,11.17091285136786687975933060,6
Nifty Capital Mkt,2025-07,4342.50,-8.194329929599797044459947990,7
Nifty Capital Mkt,2025-08,4092.35,-5.760506620610247553252734600,8
Nifty Capital Mkt,2025-09,4143.65,1.253558468850416020135130200,9
Nifty Capital Mkt,2025-10,4530.20,9.328731915099006914194007700,10
Nifty Capital Mkt,2025-11,4782.10,5.560460906803231645401969000,11
Nifty Capital Mkt,2025-12,4656.30,-2.630643441166014930678990400,12
Nifty Capital Mkt,2026-01,4649.30,-0.1503339561454373644309859800,1
Nifty Capital Mkt,2026-02,4603.35,-0.9883208224894070075065063600,2
Nifty Capital Mkt,2026-03,4251.80,-7.636829700109702716499940260,3
Nifty Capital Mkt,2026-04,5238.05,23.19605814008184768803800740,4
Nifty Capital Mkt,2026-05,5648.90,7.843567739903208254980383900,5
Nifty Chemicals,2025-12,29049.90,0.865081638498997421942136900,12
Nifty Chemicals,2026-01,27819.35,-4.235987042984657434276882190,1
Nifty Chemicals,2026-02,27764.85,-0.1959068058743284799968367300,2
Nifty Chemicals,2026-03,24936.00,-10.18860177526620889361909032,3
Nifty Chemicals,2026-04,28480.50,14.21438883541867179980750720,4
Nifty Chemicals,2026-05,29624.50,4.016783413212548936991977000,5
Nifty Commodities,2019-06,3635.50,-1.348637794420926951047432980,6
Nifty Commodities,2019-07,3270.40,-10.04263512584238756704717370,7
Nifty Commodities,2019-08,3087.55,-5.591059197651663405088062620,8
Nifty Commodities,2019-09,3312.20,7.275995530436754060662985200,9
Nifty Commodities,2019-10,3430.40,3.568625083026387295453173100,10
Nifty Commodities,2019-11,3431.90,0.043726679104477611940298500,11
Nifty Commodities,2019-12,3432.10,0.005827675631574346571869800,12
Nifty Commodities,2020-01,3291.70,-4.090789895399318201684100110,1
Nifty Commodities,2020-02,3015.30,-8.396876993650697208129537930,2
Nifty Commodities,2020-03,2295.05,-23.88651212151361390243093556,3
Nifty Commodities,2020-04,2679.95,16.77087645149343151565325370,4
Nifty Commodities,2020-05,2726.90,1.751898356312617772719640300,5
Nifty Commodities,2020-06,2860.00,4.881000403388463089955627300,6
Nifty Commodities,2020-07,3020.05,5.596153846153846153846153800,7
Nifty Commodities,2020-08,3153.55,4.420456614956706014801079500,8
Nifty Commodities,2020-09,3110.95,-1.350858556230280160454091420,9
Nifty Commodities,2020-10,3233.50,3.939311142898471527989842300,10
Nifty Commodities,2020-11,3605.90,11.51693211690119066027524350,11
Nifty Commodities,2020-12,3800.60,5.399484178707118888488310800,12
Nifty Commodities,2021-01,3715.30,-2.244382465926432668526022210,1
Nifty Commodities,2021-02,4304.45,15.85740047909993809382822380,2
Nifty Commodities,2021-03,4473.75,3.933138960842848679854569100,3
Nifty Commodities,2021-04,4699.85,5.053925677563565241687622200,4
Nifty Commodities,2021-05,5116.80,8.871559730629700947902592600,5
Nifty Commodities,2021-06,5138.65,0.427024702939337085678549100,6
Nifty Commodities,2021-07,5387.05,4.833954443287633911630486600,7
Nifty Commodities,2021-08,5488.50,1.883219944125263363065128400,8
Nifty Commodities,2021-09,5700.30,3.858977862804044820989341400,9
Nifty Commodities,2021-10,5737.80,0.657860112625651281511499400,10
Nifty Commodities,2021-11,5399.10,-5.902959322388371849837916970,11
Nifty Commodities,2021-12,5580.55,3.360745309403419088366579600,12
Nifty Commodities,2022-01,5761.65,3.245199845893325926655974800,1
Nifty Commodities,2022-02,5669.75,-1.595029201704372879296729240,2
Nifty Commodities,2022-03,5995.20,5.740111997883504563693284500,3
Nifty Commodities,2022-04,6209.85,3.580364291433146517213771000,4
Nifty Commodities,2022-05,5477.40,-11.79497089301673953477137129,5
Nifty Commodities,2022-06,5021.45,-8.324204914740570343593675830,6
Nifty Commodities,2022-07,5547.20,10.47008334246084298360035450,7
Nifty Commodities,2022-08,5866.00,5.747043553504470723968849100,8
Nifty Commodities,2022-09,5562.15,-5.179849982952608250937606550,9
Nifty Commodities,2022-10,5786.85,4.039804751759661282058196900,10
Nifty Commodities,2022-11,6083.95,5.134053932623102378668878600,11
Nifty Commodities,2022-12,5944.10,-2.298671093615167777512964440,12
Nifty Commodities,2023-01,5701.70,-4.077993304284921182348883770,1
Nifty Commodities,2023-02,5372.20,-5.778978199484364312398056720,2
Nifty Commodities,2023-03,5554.20,3.387811324969286325900003700,3
Nifty Commodities,2023-04,5781.65,4.095099204205826221598069900,4
Nifty Commodities,2023-05,5845.40,1.102626412875217282263713600,5
Nifty Commodities,2023-06,6034.25,3.230745543504293974749375600,6
Nifty Commodities,2023-07,6360.25,5.402494096200853461490657500,7
Nifty Commodities,2023-08,6227.50,-2.087182107621555756456114150,8
Nifty Commodities,2023-09,6487.05,4.167804094741067844239261300,9
Nifty Commodities,2023-10,6260.90,-3.486176305100161090171957980,10
Nifty Commodities,2023-11,6856.10,9.506620453928348959414780600,11
Nifty Commodities,2023-12,7715.80,12.53919866979769839996499470,12
Nifty Commodities,2024-01,7973.10,3.334715778013945410715674300,1
Nifty Commodities,2024-02,8140.70,2.102068204337083443077347600,2
Nifty Commodities,2024-03,8331.65,2.345621383910474529217389200,3
Nifty Commodities,2024-04,8797.50,5.591329448548606818577352600,4
Nifty Commodities,2024-05,8885.60,1.001420858198351804489911900,5
Nifty Commodities,2024-06,9266.70,4.288961915908886287926532800,6
Nifty Commodities,2024-07,9654.10,4.180560501580929565001564700,7
Nifty Commodities,2024-08,9484.20,-1.759874043152650169358096560,8
Nifty Commodities,2024-09,9825.75,3.601252609603340292275574100,9
Nifty Commodities,2024-10,8887.85,-9.545327328702643564104521280,10
Nifty Commodities,2024-11,8536.60,-3.952024392850914450626416960,11
Nifty Commodities,2024-12,8120.55,-4.873720216479628892064756460,12
Nifty Commodities,2025-01,8085.65,-0.4297738453676167254681025300,1
Nifty Commodities,2025-02,7595.80,-6.058263714110801234285431600,2
Nifty Commodities,2025-03,8468.70,11.49187708997077332209905470,3
Nifty Commodities,2025-04,8515.50,0.552623188919196570902263600,4
Nifty Commodities,2025-05,8583.85,0.802653983911690446832247100,5
Nifty Commodities,2025-06,8937.95,4.125188580881539169486885300,6
Nifty Commodities,2025-07,8744.90,-2.159891250230757612204140770,7
Nifty Commodities,2025-08,8571.80,-1.979439444704913721140321790,8
Nifty Commodities,2025-09,8985.90,4.830957325182575421731725000,9
Nifty Commodities,2025-10,9408.05,4.697915623365494830790460600,10
Nifty Commodities,2025-11,9210.70,-2.097671674789143340012010990,11
Nifty Commodities,2025-12,9515.15,3.305394812554963249264442400,12
Nifty Commodities,2026-01,9649.95,1.416688123676452814721785800,1
Nifty Commodities,2026-02,9955.95,3.171000886014953445354639100,2
Nifty Commodities,2026-03,9127.75,-8.318643625168868867360723990,3
Nifty Commodities,2026-04,10238.10,12.16455314836624578894031940,4
Nifty Commodities,2026-05,10345.50,1.049022767896387024936267500,5
Nifty Consumption,2019-06,4755.50,-1.121749888240859141897722190,6
Nifty Consumption,2019-07,4488.20,-5.620860056776364209862264750,7
Nifty Consumption,2019-08,4672.80,4.113007441736108016576801400,8
Nifty Consumption,2019-09,4956.15,6.063816127375449409347714400,9
Nifty Consumption,2019-10,5169.75,4.309796918979449774522562900,10
Nifty Consumption,2019-11,4994.80,-3.384109483050437642052323610,11
Nifty Consumption,2019-12,4956.60,-0.7647953872026907984303675800,12
Nifty Consumption,2020-01,5062.25,2.131501432433522979461727800,1
Nifty Consumption,2020-02,4867.20,-3.853029779248357943602153190,2
Nifty Consumption,2020-03,4076.00,-16.25575279421433267587113741,3
Nifty Consumption,2020-04,4509.05,10.62438665358194308145240430,4
Nifty Consumption,2020-05,4611.05,2.262117297435158181878666200,5
Nifty Consumption,2020-06,4793.50,3.956799427462291668925732800,6
Nifty Consumption,2020-07,4945.55,3.172003755085010952331281900,7
Nifty Consumption,2020-08,5050.85,2.129186844739209996865869300,8
Nifty Consumption,2020-09,5005.05,-0.9067780670580199372382866300,9
Nifty Consumption,2020-10,5013.90,0.176821410375520724068690600,10
Nifty Consumption,2020-11,5390.40,7.509124633518817686830610900,11
Nifty Consumption,2020-12,5912.70,9.689447907390917186108637600,12
Nifty Consumption,2021-01,5818.15,-1.599100241852284066500921740,1
Nifty Consumption,2021-02,5787.40,-0.5285185153356307417306188400,2
Nifty Consumption,2021-03,5959.80,2.978885164322493693195562800,3
Nifty Consumption,2021-04,5836.95,-2.061310782241014799154334040,4
Nifty Consumption,2021-05,6202.85,6.268684843968168307078183000,5
Nifty Consumption,2021-06,6330.20,2.053088499641293921342608600,6
Nifty Consumption,2021-07,6372.35,0.665855739155160974376796900,7
Nifty Consumption,2021-08,6905.80,8.371322981317724230464428400,8
Nifty Consumption,2021-09,7195.15,4.189956268643748732949115200,9
Nifty Consumption,2021-10,7042.85,-2.116703612850322786877271500,10
Nifty Consumption,2021-11,7006.40,-0.5175461638399227585423514600,11
Nifty Consumption,2021-12,7051.55,0.644410824389129938342087200,12
Nifty Consumption,2022-01,6929.20,-1.735079521523636647261949500,1
Nifty Consumption,2022-02,6780.60,-2.144547711135484615828667090,2
Nifty Consumption,2022-03,6829.35,0.718962923635076541898947000,3
Nifty Consumption,2022-04,7088.90,3.800508101063790843930974400,4
Nifty Consumption,2022-05,6918.50,-2.403757987840144451184245790,5
Nifty Consumption,2022-06,6692.80,-3.262267832622678326226783260,6
Nifty Consumption,2022-07,7514.85,12.28260219937843652880707630,7
Nifty Consumption,2022-08,7952.75,5.827128951343007511793315900,8
Nifty Consumption,2022-09,7872.70,-1.006570054383703750275062090,9
Nifty Consumption,2022-10,7965.05,1.173041015153632171935930500,10
Nifty Consumption,2022-11,7916.50,-0.6095379187826818412941538300,11
Nifty Consumption,2022-12,7554.35,-4.574622623634181772247836800,12
Nifty Consumption,2023-01,7349.50,-2.711682672897072547605022270,1
Nifty Consumption,2023-02,7116.35,-3.172324647935233689366623580,2
Nifty Consumption,2023-03,7161.50,0.634454460502926359720924400,3
Nifty Consumption,2023-04,7502.05,4.755288696502129442155972900,4
Nifty Consumption,2023-05,7969.75,6.234295959104511433541498700,5
Nifty Consumption,2023-06,8318.75,4.379058314250760688854732000,6
Nifty Consumption,2023-07,8402.20,1.003155522163786626596544000,7
Nifty Consumption,2023-08,8298.45,-1.234795648758658446597319750,8
Nifty Consumption,2023-09,8459.90,1.945544047382342485644909600,9
Nifty Consumption,2023-10,8331.80,-1.514202295535408219955318620,10
Nifty Consumption,2023-11,8987.10,7.865047168679036942797474700,11
Nifty Consumption,2023-12,9577.95,6.574423340120839870481022800,12
Nifty Consumption,2024-01,9627.95,0.522032376447987304172604800,1
Nifty Consumption,2024-02,9806.15,1.850861294460399150390270000,2
Nifty Consumption,2024-03,10128.40,3.286203046047633372934332000,3
Nifty Consumption,2024-04,10405.35,2.734390426918368152916551500,4
Nifty Consumption,2024-05,10470.90,0.629964393316899479594631600,5
Nifty Consumption,2024-06,11131.60,6.309868301674163634453580900,6
Nifty Consumption,2024-07,11806.05,6.058877430019044881238995300,7
Nifty Consumption,2024-08,12077.70,2.300938925381478140444941400,8
Nifty Consumption,2024-09,12826.85,6.202753835581277892313933900,9
Nifty Consumption,2024-10,11480.80,-10.49400281440883771151919606,10
Nifty Consumption,2024-11,11447.40,-0.2909204933454114695840011100,11
Nifty Consumption,2024-12,11362.60,-0.7407795656655659800478711300,12
Nifty Consumption,2025-01,11115.60,-2.173798250400436519810606730,1
Nifty Consumption,2025-02,10160.70,-8.590629385728165821008312640,2
Nifty Consumption,2025-03,10720.40,5.508478746543053136102827600,3
Nifty Consumption,2025-04,11316.55,5.560893250251856274019626100,4
Nifty Consumption,2025-05,11383.15,0.588518585611339144880727800,5
Nifty Consumption,2025-06,11842.85,4.038425216218709232505940800,6
Nifty Consumption,2025-07,11739.10,-0.8760560169216024858881097000,7
Nifty Consumption,2025-08,12059.35,2.728062628310517842083294300,8
Nifty Consumption,2025-09,12063.25,0.032340051495312765613403700,9
Nifty Consumption,2025-10,12415.55,2.920440179885188485690008900,10
Nifty Consumption,2025-11,12472.15,0.455879924771757997027920600,11
Nifty Consumption,2025-12,12289.45,-1.464863716360050191827391430,12
Nifty Consumption,2026-01,11469.00,-6.676051409949184056243363210,1
Nifty Consumption,2026-02,11537.10,0.593774522626209782893016000,2
Nifty Consumption,2026-03,10334.35,-10.42506349082525071291745759,3
Nifty Consumption,2026-04,11417.30,10.47913027911769971018980390,4
Nifty Consumption,2026-05,11414.15,-0.0275897103518344967724418200,5
Nifty EV,2025-01,2863.60,-3.590606851275145189798838480,1
Nifty EV,2025-02,2551.75,-10.89013828747031708339153513,2
Nifty EV,2025-03,2665.65,4.463603409424904477319486600,3
Nifty EV,2025-04,2722.90,2.147693808264400802806069800,4
Nifty EV,2025-05,2912.80,6.974181938374527158544199200,5
Nifty EV,2025-06,2942.55,1.021354023619884647074979400,6
Nifty EV,2025-07,2897.20,-1.541180268814463645477561980,7
Nifty EV,2025-08,2977.00,2.754383542730912605274057700,8
Nifty EV,2025-09,3062.10,2.858582465569365132683910000,9
Nifty EV,2025-10,3102.45,1.317723131184481238365827400,10
Nifty EV,2025-11,3125.60,0.746184467114699672839207700,11
Nifty EV,2025-12,3150.10,0.783849500895828001023803400,12
Nifty EV,2026-01,2954.35,-6.214088441636773435763944000,1
Nifty EV,2026-02,3086.80,4.483219659146682011271514900,2
Nifty EV,2026-03,2631.45,-14.75152261241415057664895685,3
Nifty EV,2026-04,2995.85,13.84787854604875638906306410,4
Nifty EV,2026-05,3050.70,1.830866031343358312332059300,5
Nifty Energy,2019-06,16046.80,-3.101081800807350086199868960,6
Nifty Energy,2019-07,14559.45,-9.268826183413515467258269560,7
Nifty Energy,2019-08,14382.25,-1.217078941855633282850657130,8
Nifty Energy,2019-09,15501.60,7.782857341514714317996141100,9
Nifty Energy,2019-10,16486.15,6.351279867884605460081540000,10
Nifty Energy,2019-11,16232.15,-1.540687182877748898317678780,11
Nifty Energy,2019-12,15908.20,-1.995730694947989021787009110,12
Nifty Energy,2020-01,14838.80,-6.722319307024050489684565190,1
Nifty Energy,2020-02,13651.00,-8.004690406232309890287624340,2
Nifty Energy,2020-03,11124.15,-18.51036554098600835103655410,3
Nifty Energy,2020-04,13154.70,18.25352948315152168929760930,4
Nifty Energy,2020-05,13060.50,-0.7160938675910511072088303000,5
Nifty Energy,2020-06,14396.55,10.22970024118525324451590670,6
Nifty Energy,2020-07,15309.15,6.339018723235775237817393800,7
Nifty Energy,2020-08,15605.25,1.934137427616817393519561800,8
Nifty Energy,2020-09,15026.95,-3.705804136428445555181749730,9
Nifty Energy,2020-10,14977.80,-0.3270790147035825633278875600,10
Nifty Energy,2020-11,16251.85,8.506255925436312409032034100,11
Nifty Energy,2020-12,16922.50,4.126607124727338733744158400,12
Nifty Energy,2021-01,16159.20,-4.510562860097503323976953760,1
Nifty Energy,2021-02,18793.35,16.30124016040398039506906280,2
Nifty Energy,2021-03,18185.10,-3.236517172297647838198086030,3
Nifty Energy,2021-04,18031.10,-0.8468471440904916662542411100,4
Nifty Energy,2021-05,19908.95,10.41450604788393386981382170,5
Nifty Energy,2021-06,19822.40,-0.4347291042470848537969104300,6
Nifty Energy,2021-07,18934.15,-4.481041649850673984986681730,7
Nifty Energy,2021-08,20289.70,7.159286263180549430526324100,8
Nifty Energy,2021-09,22858.55,12.66085747941073549633557910,9
Nifty Energy,2021-10,23236.10,1.651679568476565661426468400,10
Nifty Energy,2021-11,22823.45,-1.775900430795185078390952010,11
Nifty Energy,2021-12,22631.95,-0.8390493111251804613237700700,12
Nifty Energy,2022-01,24983.95,10.39238775271242645905456670,1
Nifty Energy,2022-02,24212.10,-3.089383384132613137634361260,2
Nifty Energy,2022-03,25822.00,6.649154761462244084569285600,3
Nifty Energy,2022-04,28594.15,10.73561304314150724188676320,4
Nifty Energy,2022-05,25641.10,-10.32746208577628640823385203,5
Nifty Energy,2022-06,25108.50,-2.077133976311468696740779450,6
Nifty Energy,2022-07,26018.40,3.623872393810860863850887100,7
Nifty Energy,2022-08,28104.50,8.017787411985364203794237900,8
Nifty Energy,2022-09,25581.30,-8.977921685139390489067587040,9
Nifty Energy,2022-10,26672.65,4.266202264935714760391379600,10
Nifty Energy,2022-11,27354.00,2.554489336455132879560148700,11
Nifty Energy,2022-12,25869.85,-5.425714703516853111062367480,12
Nifty Energy,2023-01,23713.50,-8.335378829022974621035684400,1
Nifty Energy,2023-02,21682.25,-8.565795854681932232694456740,2
Nifty Energy,2023-03,22814.45,5.221782794682286201847133000,3
Nifty Energy,2023-04,23734.55,4.032970332398983977260026000,4
Nifty Energy,2023-05,23875.55,0.594070669130023531097071600,5
Nifty Energy,2023-06,24696.50,3.438454820936062205896827500,6
Nifty Energy,2023-07,26853.65,8.734638511529973882938878000,7
Nifty Energy,2023-08,25722.95,-4.210600793560651903931122960,8
Nifty Energy,2023-09,27321.75,6.215461290404094398193053300,9
Nifty Energy,2023-10,26785.05,-1.964369046638666996074555990,10
Nifty Energy,2023-11,29294.90,9.370339051075133329973250000,11
Nifty Energy,2023-12,33468.05,14.24531232398813445343728770,12
Nifty Energy,2024-01,36748.00,9.800242320661048373000518400,1
Nifty Energy,2024-02,38838.00,5.687384347447480134973331900,2
Nifty Energy,2024-03,39020.60,0.470158092589731706061074200,3
Nifty Energy,2024-04,40366.70,3.449716303695996473657504000,4
Nifty Energy,2024-05,40255.50,-0.2754745867261876744940755600,5
Nifty Energy,2024-06,41789.20,3.809914173218566407074809700,6
Nifty Energy,2024-07,44086.80,5.498071272003292716778497800,7
Nifty Energy,2024-08,43757.40,-0.7471624159612400990772748300,8
Nifty Energy,2024-09,44016.70,0.592585482684071722725756100,9
Nifty Energy,2024-10,39301.95,-10.71127549316509415744478800,10
Nifty Energy,2024-11,37481.95,-4.630813483809327527005657480,11
Nifty Energy,2024-12,35188.25,-6.119478842482848411035178270,12
Nifty Energy,2025-01,33895.60,-3.673527384851477410783429130,1
Nifty Energy,2025-02,30018.15,-11.43939036335099540943367281,2
Nifty Energy,2025-03,33571.60,11.83767154205039284566170800,3
Nifty Energy,2025-04,34241.60,1.995734489866434724588640400,4
Nifty Energy,2025-05,35879.05,4.782048736040371945236203900,5
Nifty Energy,2025-06,36568.65,1.922012985293646292195584900,6
Nifty Energy,2025-07,35116.15,-3.971981464998024263952866730,7
Nifty Energy,2025-08,33638.65,-4.207465795652427729121785840,8
Nifty Energy,2025-09,34999.65,4.045941201564272050156590700,9
Nifty Energy,2025-10,36275.95,3.646607894650375075179323200,10
Nifty Energy,2025-11,35548.30,-2.005874415418479736574783020,11
Nifty Energy,2025-12,35325.65,-0.6263309356565574162477530600,12
Nifty Energy,2026-01,35138.05,-0.5310588764821029478580012000,1
Nifty Energy,2026-02,37045.20,5.427592026307663629598113700,2
Nifty Energy,2026-03,34849.70,-5.926543789748739377841123820,3
Nifty Energy,2026-04,40771.90,16.99354657285428568969029860,4
Nifty Energy,2026-05,40578.80,-0.4736105013501946193334134500,5
Nifty FMCG,2019-06,29546.05,-1.019584327178195267065097960,6
Nifty FMCG,2019-07,29065.95,-1.624921097744030081855273380,7
Nifty FMCG,2019-08,29257.35,0.658502474544957243785253900,8
Nifty FMCG,2019-09,31134.50,6.415994613319388119566536300,9
Nifty FMCG,2019-10,32319.75,3.806870192230483868377523300,10
Nifty FMCG,2019-11,30975.50,-4.159221528631873699518096520,11
Nifty FMCG,2019-12,30121.50,-2.757017642975900308308179040,12
Nifty FMCG,2020-01,30775.30,2.170542635658914728682170500,1
Nifty FMCG,2020-02,29310.25,-4.760473496602795098666787980,2
Nifty FMCG,2020-03,27319.20,-6.793016095052072227292500060,3
Nifty FMCG,2020-04,28669.30,4.941945591378956924068054700,4
Nifty FMCG,2020-05,29296.95,2.189275636307827536772784800,5
Nifty FMCG,2020-06,30063.25,2.615630637318901796944733200,6
Nifty FMCG,2020-07,30872.45,2.691658420164153908842191000,7
Nifty FMCG,2020-08,30595.15,-0.8982118361192584326802699500,8
Nifty FMCG,2020-09,29841.75,-2.462481798585723554223463520,9
Nifty FMCG,2020-10,29428.45,-1.384972396055861335209898880,10
Nifty FMCG,2020-11,31718.80,7.782774831837898360260224400,11
Nifty FMCG,2020-12,34177.10,7.750293201508253780092563400,12
Nifty FMCG,2021-01,33121.05,-3.089934488297719818240868890,1
Nifty FMCG,2021-02,32443.15,-2.046734629487893650714575780,2
Nifty FMCG,2021-03,34931.70,7.670494387875406672903216900,3
Nifty FMCG,2021-04,33623.45,-3.745165565947262801409607890,4
Nifty FMCG,2021-05,35243.10,4.817025022714801723202110400,5
Nifty FMCG,2021-06,36093.20,2.412103362076548317259264900,6
Nifty FMCG,2021-07,36051.90,-0.1144259860583156938149014200,7
Nifty FMCG,2021-08,39529.70,9.646648304250261428662567000,8
Nifty FMCG,2021-09,40426.55,2.268800420949311530317710500,9
Nifty FMCG,2021-10,38222.10,-5.452975829003464307490992920,10
Nifty FMCG,2021-11,37386.95,-2.184992452010747708786278100,11
Nifty FMCG,2021-12,37579.95,0.516222906655932083253648700,12
Nifty FMCG,2022-01,36467.25,-2.960887388088595115214362980,1
Nifty FMCG,2022-02,35515.40,-2.610150203264573007287360580,2
Nifty FMCG,2022-03,36287.75,2.174690415988557076648439800,3
Nifty FMCG,2022-04,38204.15,5.281121039469242375181707300,4
Nifty FMCG,2022-05,38713.45,1.333101246854072136142277700,5
Nifty FMCG,2022-06,37664.55,-2.709394280282434141105998040,6
Nifty FMCG,2022-07,42487.40,12.80474610741400069826932750,7
Nifty FMCG,2022-08,43821.15,3.139165964497709909290754400,8
Nifty FMCG,2022-09,44405.65,1.333830810008409181411259200,9
Nifty FMCG,2022-10,44296.30,-0.2462524476052033919107140600,10
Nifty FMCG,2022-11,45536.55,2.799895250844878691899774900,11
Nifty FMCG,2022-12,44171.45,-2.997811648005832677266942710,12
Nifty FMCG,2023-01,44456.90,0.646231898658522643019416400,1
Nifty FMCG,2023-02,44940.45,1.087682676929790426233048200,2
Nifty FMCG,2023-03,45904.90,2.146062177837560594075048200,3
Nifty FMCG,2023-04,47814.10,4.159033131539334580839953900,4
Nifty FMCG,2023-05,51042.75,6.752506059927929209166333800,5
Nifty FMCG,2023-06,52194.75,2.256931689613118415445876300,6
Nifty FMCG,2023-07,52636.85,0.847020054698987925030774200,7
Nifty FMCG,2023-08,51092.65,-2.933686191327938506958528100,8
Nifty FMCG,2023-09,51602.65,0.998186627626478563942171700,9
Nifty FMCG,2023-10,51262.60,-0.6589777850556124540115672400,10
Nifty FMCG,2023-11,53013.80,3.416135740286290590020794900,11
Nifty FMCG,2023-12,56987.20,7.495029596067439044173403900,12
Nifty FMCG,2024-01,55071.40,-3.361807563803801555437010420,1
Nifty FMCG,2024-02,54015.60,-1.917147557534400796057481740,2
Nifty FMCG,2024-03,53949.20,-0.1229274505883485511592947200,3
Nifty FMCG,2024-04,54240.60,0.540137759225345324861165700,4
Nifty FMCG,2024-05,54107.35,-0.2456646866000744829518847500,5
Nifty FMCG,2024-06,56756.85,4.896746929945746742355705800,6
Nifty FMCG,2024-07,62082.20,9.382744109301344243029696000,7
Nifty FMCG,2024-08,63059.75,1.574605925692066324969153800,8
Nifty FMCG,2024-09,65540.35,3.933729518432914814917598000,9
Nifty FMCG,2024-10,59203.00,-9.669386873887612745430868160,10
Nifty FMCG,2024-11,57943.70,-2.127088154316504231204499770,11
Nifty FMCG,2024-12,56799.65,-1.974416545715927702235100620,12
Nifty FMCG,2025-01,56691.95,-0.1896138444515063032958829900,1
Nifty FMCG,2025-02,50689.00,-10.58871674020738394075349322,2
Nifty FMCG,2025-03,53589.80,5.722740634062617135867742500,3
Nifty FMCG,2025-04,56445.35,5.328532668530205374903433100,4
Nifty FMCG,2025-05,55283.00,-2.059248458907598234398404830,5
Nifty FMCG,2025-06,54883.90,-0.7219217480961597597814879800,6
Nifty FMCG,2025-07,55812.15,1.691297447885445458504224400,7
Nifty FMCG,2025-08,56141.85,0.590731588014437716518715000,8
Nifty FMCG,2025-09,54710.70,-2.549167866751808143123178160,9
Nifty FMCG,2025-10,56208.50,2.737672886656540676686644500,10
Nifty FMCG,2025-11,55595.80,-1.090048658121102680199613940,11
Nifty FMCG,2025-12,55475.65,-0.2161134474186899010356897500,12
Nifty FMCG,2026-01,51215.20,-7.679855936793890652926103610,1
Nifty FMCG,2026-02,51142.20,-0.1425358096815008044486793000,2
Nifty FMCG,2026-03,45538.65,-10.95680279690744629679599235,3
Nifty FMCG,2026-04,51072.10,12.15110680707486936920615780,4
Nifty FMCG,2026-05,50157.75,-1.790312127365038837251650120,5
Nifty Fin Service,2019-06,13556.40,0.568257689283223786703066800,6
Nifty Fin Service,2019-07,12707.30,-6.263462276120503968605234430,7
Nifty Fin Service,2019-08,12418.15,-2.275463709836078474577605000,8
Nifty Fin Service,2019-09,13017.30,4.824792742880380733039945600,9
Nifty Fin Service,2019-10,13516.45,3.834512533321041997956565500,10
Nifty Fin Service,2019-11,14208.85,5.122646848839747122950182900,11
Nifty Fin Service,2019-12,14557.40,2.453048628143727324871470900,12
Nifty Fin Service,2020-01,14316.90,-1.652080728701553848901589570,1
Nifty Fin Service,2020-02,13566.45,-5.241707352848731219747291660,2
Nifty Fin Service,2020-03,9317.30,-31.32101618330513877985766357,3
Nifty Fin Service,2020-04,10570.80,13.45346827943717600592446310,4
Nifty Fin Service,2020-05,9527.05,-9.873897907443145268097021990,5
Nifty Fin Service,2020-06,10561.90,10.86222912653969486882088370,6
Nifty Fin Service,2020-07,10728.85,1.580681506168397731468769800,7
Nifty Fin Service,2020-08,11389.00,6.153035973100565298237928600,8
Nifty Fin Service,2020-09,10622.40,-6.731056282377732900166827640,9
Nifty Fin Service,2020-10,11636.05,9.542570417231510769694231100,10
Nifty Fin Service,2020-11,14293.15,22.83506860145839868340201360,11
Nifty Fin Service,2020-12,15208.00,6.400618478082158236637830000,12
Nifty Fin Service,2021-01,14593.30,-4.041951604418726985796948970,1
Nifty Fin Service,2021-02,16085.25,10.22352723510103951813503460,2
Nifty Fin Service,2021-03,15715.60,-2.298068105873393326183926270,3
Nifty Fin Service,2021-04,15560.10,-0.9894626994833159408485835700,4
Nifty Fin Service,2021-05,16663.65,7.092178070835020340486243700,5
Nifty Fin Service,2021-06,16444.10,-1.317538474463877961911105910,6
Nifty Fin Service,2021-07,16468.65,0.149293667637632950419907400,7
Nifty Fin Service,2021-08,18070.70,9.727876905514416785832475600,8
Nifty Fin Service,2021-09,18303.80,1.289933428146114981710725100,9
Nifty Fin Service,2021-10,18792.85,2.671849561293283361924846200,10
Nifty Fin Service,2021-11,17534.75,-6.694567348752318035848740350,11
Nifty Fin Service,2021-12,17330.85,-1.162833801451403641340766190,12
Nifty Fin Service,2022-01,17836.25,2.916187030641890040015348400,1
Nifty Fin Service,2022-02,16936.30,-5.045623379353843997477048150,2
Nifty Fin Service,2022-03,17147.15,1.244959052449472434947420600,3
Nifty Fin Service,2022-04,16636.55,-2.977754320688860831100211990,4
Nifty Fin Service,2022-05,16475.70,-0.9668470926965025801623533700,5
Nifty Fin Service,2022-06,15474.40,-6.077435253130367753722148380,6
Nifty Fin Service,2022-07,17437.80,12.68805252546140722742077240,7
Nifty Fin Service,2022-08,18235.05,4.571964353301448577228778900,8
Nifty Fin Service,2022-09,17506.65,-3.994505087729400248422680500,9
Nifty Fin Service,2022-10,18538.30,5.892903553792416024767731100,10
Nifty Fin Service,2022-11,19358.85,4.426241888414795315643829300,11
Nifty Fin Service,2022-12,18981.20,-1.950787365985066261683932670,12
Nifty Fin Service,2023-01,18095.00,-4.668830210945567192801298130,1
Nifty Fin Service,2023-02,17989.65,-0.5822050290135396518375241800,2
Nifty Fin Service,2023-03,18058.70,0.383831814404393637452646400,3
Nifty Fin Service,2023-04,19162.55,6.112566242309800816227081700,4
Nifty Fin Service,2023-05,19445.75,1.477882640880258629462154000,5
Nifty Fin Service,2023-06,20057.70,3.146960132676805985883804900,6
Nifty Fin Service,2023-07,20342.05,1.417660050753575933432048500,7
Nifty Fin Service,2023-08,19597.65,-3.659414857401294363154156050,8
Nifty Fin Service,2023-09,19811.10,1.089161200450053960551392600,9
Nifty Fin Service,2023-10,19204.60,-3.061415065291679916814311170,10
Nifty Fin Service,2023-11,20054.65,4.426283286295991585349343400,11
Nifty Fin Service,2023-12,21487.45,7.144477714644733266349699400,12
Nifty Fin Service,2024-01,20497.50,-4.607107869942687475712567100,1
Nifty Fin Service,2024-02,20407.90,-0.4371264788388827905842175900,2
Nifty Fin Service,2024-03,20989.10,2.847916738125921824391534700,3
Nifty Fin Service,2024-04,21841.15,4.059488019972271321781305500,4
Nifty Fin Service,2024-05,21718.30,-0.5624703827408355329275244200,5
Nifty Fin Service,2024-06,23420.30,7.836709134692862701040136700,6
Nifty Fin Service,2024-07,23412.20,-0.0345853810583126603843674100,7
Nifty Fin Service,2024-08,23637.90,0.964027302004937596637650500,8
Nifty Fin Service,2024-09,24480.30,3.563768355056921300115492500,9
Nifty Fin Service,2024-10,23886.55,-2.425419623125533592317087620,10
Nifty Fin Service,2024-11,24010.15,0.517446010411717054158093200,11
Nifty Fin Service,2024-12,23512.80,-2.071415630472945816665035410,12
Nifty Fin Service,2025-01,23220.55,-1.242940015651049641046578880,1
Nifty Fin Service,2025-02,23028.95,-0.8251311876764331594212884700,2
Nifty Fin Service,2025-03,25074.90,8.884252212975407042005823100,3
Nifty Fin Service,2025-04,26113.55,4.142189998763703942986811500,4
Nifty Fin Service,2025-05,26499.25,1.477010977059802286552383700,5
Nifty Fin Service,2025-06,27174.45,2.547996641414379652254309100,6
Nifty Fin Service,2025-07,26649.95,-1.930121860792030749472390430,7
Nifty Fin Service,2025-08,25567.70,-4.060983228861592610867937840,8
Nifty Fin Service,2025-09,26022.10,1.777242380034183755284988500,9
Nifty Fin Service,2025-10,27138.85,4.291544494871666775548476100,10
Nifty Fin Service,2025-11,27890.25,2.768724540649290592637492000,11
Nifty Fin Service,2025-12,27613.30,-0.9929993456494653149398087100,12
Nifty Fin Service,2026-01,27330.85,-1.022876657262985590277149050,1
Nifty Fin Service,2026-02,27869.75,1.971764507872971385814930700,2
Nifty Fin Service,2026-03,23521.80,-15.60096520420886444980669005,3
Nifty Fin Service,2026-04,25657.35,9.079024564446598474606535200,4
Nifty Fin Service,2026-05,26102.15,1.733616293186942533036342400,5
Nifty FinSerExBnk,2025-01,25201.60,0.256792264804342593900238900,1
Nifty FinSerExBnk,2025-02,24291.95,-3.609493048060440606945590760,2
Nifty FinSerExBnk,2025-03,26459.60,8.923326451766943370128787500,3
Nifty FinSerExBnk,2025-04,27234.80,2.929749504905591921268651100,4
Nifty FinSerExBnk,2025-05,29176.05,7.127829101003128350492751900,5
Nifty FinSerExBnk,2025-06,30909.90,5.942716714565542628285871500,6
Nifty FinSerExBnk,2025-07,29159.60,-5.662587067573819391198289220,7
Nifty FinSerExBnk,2025-08,28267.60,-3.059026872796609006982263130,8
Nifty FinSerExBnk,2025-09,29397.00,3.995386944770691533770111400,9
Nifty FinSerExBnk,2025-10,31192.65,6.108276354730074497397693600,10
Nifty FinSerExBnk,2025-11,32186.00,3.184564312426164497085050500,11
Nifty FinSerExBnk,2025-12,31961.30,-0.6981296215745976511526750800,12
Nifty FinSerExBnk,2026-01,30928.45,-3.231564423224336932477715240,1
Nifty FinSerExBnk,2026-02,31390.65,1.494416952676257620410980800,2
Nifty FinSerExBnk,2026-03,27011.20,-13.95144732587569865549136447,3
Nifty FinSerExBnk,2026-04,30858.35,14.24279558109228764364411800,4
Nifty FinSerExBnk,2026-05,32080.30,3.959868236636113077983754800,5
Nifty Housing,2025-01,10560.55,-4.315976406418468954144732670,1
Nifty Housing,2025-02,9910.00,-6.160190520380093839809479620,2
Nifty Housing,2025-03,10899.00,9.979818365287588294651866800,3
Nifty Housing,2025-04,11040.80,1.301036792366272135058262200,4
Nifty Housing,2025-05,11216.20,1.588652996159698572567205300,5
Nifty Housing,2025-06,11553.90,3.010823630106453165956384500,6
Nifty Housing,2025-07,11407.50,-1.267104614026432633136862880,7
Nifty Housing,2025-08,11194.65,-1.865877712031558185404339250,8
Nifty Housing,2025-09,11431.00,2.111276368622511646188134500,9
Nifty Housing,2025-10,11927.05,4.339515352987490158341352500,10
Nifty Housing,2025-11,11795.15,-1.105889553577791658457036740,11
Nifty Housing,2025-12,11769.85,-0.2144949407171591713543278400,12
Nifty Housing,2026-01,11564.65,-1.743437681873600768064163940,1
Nifty Housing,2026-02,12025.55,3.985421089267725352691175300,2
Nifty Housing,2026-03,10501.60,-12.67260125316513589815018856,3
Nifty Housing,2026-04,11888.95,13.21084406185724080140169120,4
Nifty Housing,2026-05,12065.65,1.486254042619407096505578700,5
Nifty IT,2019-06,15936.45,-1.387320435749799667711385370,6
Nifty IT,2019-07,15620.20,-1.984444465360855146535144280,7
Nifty IT,2019-08,16010.40,2.498047400161329560440967500,8
Nifty IT,2019-09,15540.15,-2.937153350322290511167740970,9
Nifty IT,2019-10,15559.40,0.123872678191651946731530900,10
Nifty IT,2019-11,14998.05,-3.607786932658071648006992560,11
Nifty IT,2019-12,15652.40,4.362900510399685292421348100,12
Nifty IT,2020-01,16144.15,3.141690731133883621681020200,1
Nifty IT,2020-02,15212.95,-5.768033622086018774602565020,2
Nifty IT,2020-03,12763.65,-16.10009892887309824853167860,3
Nifty IT,2020-04,14108.35,10.53538760464287253254359060,4
Nifty IT,2020-05,14010.50,-0.6935609054212576240311588500,5
Nifty IT,2020-06,14754.30,5.308875486242461011384318900,6
Nifty IT,2020-07,18071.85,22.48530936743864500518492910,7
Nifty IT,2020-08,17928.85,-0.7912858949139130747543832000,8
Nifty IT,2020-09,19951.30,11.28042233606728819751406250,9
Nifty IT,2020-10,20916.85,4.839534265937557953617057500,10
Nifty IT,2020-11,21764.90,4.054386774299189409495215600,11
Nifty IT,2020-12,24251.35,11.42412783885981557461784800,12
Nifty IT,2021-01,24645.75,1.626301216220952647996915600,1
Nifty IT,2021-02,24301.45,-1.396995425174725865514338170,2
Nifty IT,2021-03,25855.00,6.392828411473389447954751700,3
Nifty IT,2021-04,25664.45,-0.7369947785728099013730419600,4
Nifty IT,2021-05,27115.05,5.652176454200265347591707600,5
Nifty IT,2021-06,29168.00,7.571256553095052378660559400,6
Nifty IT,2021-07,30480.05,4.498251508502468458584750400,7
Nifty IT,2021-08,34570.20,13.41910528361994156833732230,8
Nifty IT,2021-09,35028.00,1.324261936581217349046288400,9
Nifty IT,2021-10,34408.75,-1.767871417151992691561036880,10
Nifty IT,2021-11,35043.75,1.845460820285537835579612700,11
Nifty IT,2021-12,38701.00,10.43624041376850365614410560,12
Nifty IT,2022-01,34824.55,-10.01640784475853337123071755,1
Nifty IT,2022-02,33847.85,-2.804630641314819574122278680,2
Nifty IT,2022-03,36317.20,7.295441217093552470836404700,3
Nifty IT,2022-04,31622.40,-12.92720804467304748163404668,4
Nifty IT,2022-05,29679.05,-6.145485478648046954057883020,5
Nifty IT,2022-06,27843.35,-6.185171021309644345085169510,6
Nifty IT,2022-07,29152.30,4.701122530155315362555152300,7
Nifty IT,2022-08,28407.90,-2.553486345845782322492564910,8
Nifty IT,2022-09,26981.15,-5.022370537772943441789079800,9
Nifty IT,2022-10,28727.60,6.472852343209981783578535400,10
Nifty IT,2022-11,30391.70,5.792687171918294601707069200,11
Nifty IT,2022-12,28621.70,-5.823958514989289839002095970,12
Nifty IT,2023-01,29740.35,3.908398173413878281164291400,1
Nifty IT,2023-02,29663.95,-0.2568900500498481019893847900,2
Nifty IT,2023-03,28698.60,-3.254286768956932573038991770,3
Nifty IT,2023-04,27708.20,-3.451039423525886280166976790,4
Nifty IT,2023-05,29319.75,5.816148288232364426415285000,5
Nifty IT,2023-06,29563.00,0.829645546090945523068921100,6
Nifty IT,2023-07,29928.45,1.236173595372594121029665500,7
Nifty IT,2023-08,31164.90,4.131353277566997288533151600,8
Nifty IT,2023-09,31784.40,1.987813212941482244448081000,9
Nifty IT,2023-10,30582.25,-3.782201331470784409962119780,10
Nifty IT,2023-11,32582.20,6.539577696212672383490423400,11
Nifty IT,2023-12,35515.00,9.001233802505662601052108200,12
Nifty IT,2024-01,36638.40,3.163170491341686611291003800,1
Nifty IT,2024-02,37720.40,2.953185728634438185073584000,2
Nifty IT,2024-03,34898.15,-7.482025641297547215830160870,3
Nifty IT,2024-04,33200.95,-4.863295045725919568802357720,4
Nifty IT,2024-05,32386.10,-2.454297241494595787168740650,5
Nifty IT,2024-06,36157.50,11.64511935676107959896375300,6
Nifty IT,2024-07,40851.10,12.98098596418447071838484410,7
Nifty IT,2024-08,42787.80,4.740876010682698874693704700,8
Nifty IT,2024-09,41946.05,-1.967266370320511921622518570,9
Nifty IT,2024-10,40407.55,-3.667806623031250856755284470,10
Nifty IT,2024-11,43146.25,6.777693772574679731881789400,11
Nifty IT,2024-12,43337.80,0.443955152533534200538864900,12
Nifty IT,2025-01,42662.75,-1.557647134833794055074323110,1
Nifty IT,2025-02,37318.30,-12.52720464573896431899021981,2
Nifty IT,2025-03,36886.15,-1.158010949051805682466779030,3
Nifty IT,2025-04,35794.95,-2.958291933422165230038917050,4
Nifty IT,2025-05,37321.75,4.265406153661340496354932700,5
Nifty IT,2025-06,38950.00,4.362737545801040947972696900,6
Nifty IT,2025-07,35301.60,-9.366880616174582798459563540,7
Nifty IT,2025-08,35181.25,-0.3409193917556144763976703600,8
Nifty IT,2025-09,33655.10,-4.337964114407532421389234320,9
Nifty IT,2025-10,35712.35,6.112743685206699727530151400,10
Nifty IT,2025-11,37405.50,4.741076966371577339491800500,11
Nifty IT,2025-12,37884.05,1.279357313764018660357434100,12
Nifty IT,2026-01,38036.15,0.401488225255747471561250700,1
Nifty IT,2026-02,30603.85,-19.54009540923568762874265666,2
Nifty IT,2026-03,29062.60,-5.036131075011804070402906820,3
Nifty IT,2026-04,29353.90,1.002319131805137874794409300,4
Nifty IT,2026-05,28979.85,-1.274277012594578573886263840,5
Nifty Ind Defence,2024-12,6493.85,-3.174413836806202706228799340,12
Nifty Ind Defence,2025-01,6394.15,-1.535298782694395466479823220,1
Nifty Ind Defence,2025-02,5131.80,-19.74226441356552473745533026,2
Nifty Ind Defence,2025-03,6393.90,24.59370980942359406056354500,3
Nifty Ind Defence,2025-04,7128.80,11.49376749714571701152661130,4
Nifty Ind Defence,2025-05,8685.60,21.83817753338570306362922230,5
Nifty Ind Defence,2025-06,8870.40,2.127659574468085106382978700,6
Nifty Ind Defence,2025-07,7776.60,-12.33089826839826839826839827,7
Nifty Ind Defence,2025-08,7410.25,-4.710927654759149242599593650,8
Nifty Ind Defence,2025-09,7850.25,5.937721399412975270739853600,9
Nifty Ind Defence,2025-10,8135.20,3.629820706346931626381325400,10
Nifty Ind Defence,2025-11,8009.85,-1.540834890353033729963614910,11
Nifty Ind Defence,2025-12,7747.40,-3.276590697703452623956753250,12
Nifty Ind Defence,2026-01,8184.00,5.635438985982394093502336300,1
Nifty Ind Defence,2026-02,8126.80,-0.6989247311827956989247311800,2
Nifty Ind Defence,2026-03,7214.30,-11.22828173450804744794999262,3
Nifty Ind Defence,2026-04,8973.45,24.38420914017992043580111720,4
Nifty Ind Defence,2026-05,9219.65,2.743649321052660905225972200,5
Nifty Infra,2019-06,3369.20,0.908995612261706875121673600,6
Nifty Infra,2019-07,3086.65,-8.386263801495904072183307610,7
Nifty Infra,2019-08,3001.15,-2.769993358495456238964573240,8
Nifty Infra,2019-09,3208.40,6.905686153641104243373373500,9
Nifty Infra,2019-10,3322.55,3.557848148609899015085400800,10
Nifty Infra,2019-11,3323.30,0.022573023731772283336593900,11
Nifty Infra,2019-12,3255.30,-2.046158938404597839496885630,12
Nifty Infra,2020-01,3252.00,-0.1013731453322274444751635800,1
Nifty Infra,2020-02,3011.25,-7.403136531365313653136531370,2
Nifty Infra,2020-03,2360.50,-21.61062681610626816106268161,3
Nifty Infra,2020-04,2753.15,16.63418767210336793052319420,4
Nifty Infra,2020-05,2845.15,3.341626863774222254508472100,5
Nifty Infra,2020-06,3032.35,6.579617946329718995483542200,6
Nifty Infra,2020-07,3153.40,3.991953435454350586179036100,7
Nifty Infra,2020-08,3163.50,0.320289211644574110483922100,8
Nifty Infra,2020-09,3080.95,-2.609451556819977872609451560,9
Nifty Infra,2020-10,3129.65,1.580681283370389003391811000,10
Nifty Infra,2020-11,3424.75,9.429169395938843001613599000,11
Nifty Infra,2020-12,3650.95,6.604861668734944156507774300,12
Nifty Infra,2021-01,3671.85,0.572453744915706870814445600,1
Nifty Infra,2021-02,4110.35,11.94220896823127306398681860,2
Nifty Infra,2021-03,4087.80,-0.5486150814407532205286654400,3
Nifty Infra,2021-04,4053.10,-0.8488673614168990655120113500,4
Nifty Infra,2021-05,4327.90,6.779995558954874047025733400,5
Nifty Infra,2021-06,4339.25,0.262251900459807296841424200,6
Nifty Infra,2021-07,4432.30,2.144379789134066947053062200,7
Nifty Infra,2021-08,4709.85,6.261985876407282900525686400,8
Nifty Infra,2021-09,5025.35,6.698727135683726657961506200,9
Nifty Infra,2021-10,5045.10,0.393007452217258499408001400,10
Nifty Infra,2021-11,4959.35,-1.699668985748548096172523840,11
Nifty Infra,2021-12,4949.90,-0.1905491647090848599110770600,12
Nifty Infra,2022-01,5056.75,2.158629467261964888179559200,1
Nifty Infra,2022-02,4798.75,-5.102091264151876205072427940,2
Nifty Infra,2022-03,5018.55,4.580359468611617608752279200,3
Nifty Infra,2022-04,5127.85,2.177919917107531059768259800,4
Nifty Infra,2022-05,4877.30,-4.886063359887672221301325120,5
Nifty Infra,2022-06,4619.80,-5.279560412523322329977651570,6
Nifty Infra,2022-07,4890.55,5.860643317892549461015628400,7
Nifty Infra,2022-08,5127.55,4.846080706668984061097422600,8
Nifty Infra,2022-09,4957.85,-3.309572797924934910434808050,9
Nifty Infra,2022-10,5234.70,5.584073741642042417580201100,10
Nifty Infra,2022-11,5447.40,4.063270101438477849733509100,11
Nifty Infra,2022-12,5252.10,-3.585196607555898226676946800,12
Nifty Infra,2023-01,5061.35,-3.631880581100892976142876180,1
Nifty Infra,2023-02,5016.90,-0.8782241891985339879676370900,2
Nifty Infra,2023-03,5090.95,1.476011082541011381530427200,3
Nifty Infra,2023-04,5356.20,5.210225989255443483043439800,4
Nifty Infra,2023-05,5459.80,1.934207087113998730443224700,5
Nifty Infra,2023-06,5738.70,5.108245723286567273526502800,6
Nifty Infra,2023-07,6115.35,6.563333159077839928903758700,7
Nifty Infra,2023-08,5947.00,-2.752908664262879475418414320,8
Nifty Infra,2023-09,6242.85,4.974777198587523120901294800,9
Nifty Infra,2023-10,6095.40,-2.361902015906196689012229990,10
Nifty Infra,2023-11,6585.60,8.042130130918397480066935700,11
Nifty Infra,2023-12,7303.40,10.89953838678328474246841590,12
Nifty Infra,2024-01,7859.90,7.619738751814223512336719900,1
Nifty Infra,2024-02,8085.75,2.873446227051234748533696400,2
Nifty Infra,2024-03,8336.00,3.094950994032711869647218900,3
Nifty Infra,2024-04,8575.25,2.870081573896353166986564300,4
Nifty Infra,2024-05,8668.00,1.081601119500889186904171900,5
Nifty Infra,2024-06,9133.95,5.375519150899861559760036900,6
Nifty Infra,2024-07,9499.45,4.001554639559007877205371200,7
Nifty Infra,2024-08,9425.75,-0.7758343904120764886388159300,8
Nifty Infra,2024-09,9574.80,1.581306527332042543033710800,9
Nifty Infra,2024-10,8823.40,-7.847683502527467936667084430,10
Nifty Infra,2024-11,8734.30,-1.009814810617222385928326950,11
Nifty Infra,2024-12,8463.50,-3.100420182498883711344927470,12
Nifty Infra,2025-01,8348.50,-1.358775920127606782064157850,1
Nifty Infra,2025-02,7665.55,-8.180511469126190333592860990,2
Nifty Infra,2025-03,8457.80,10.33520099666690583193639070,3
Nifty Infra,2025-04,8785.85,3.878668211591666863723426900,4
Nifty Infra,2025-05,8970.35,2.099967561476692636455209200,5
Nifty Infra,2025-06,9409.35,4.893900460963061641964917800,6
Nifty Infra,2025-07,9066.20,-3.646904408912411590598712980,7
Nifty Infra,2025-08,8873.10,-2.129889038406388564117270740,8
Nifty Infra,2025-09,9007.20,1.511309463434425398113398900,9
Nifty Infra,2025-10,9566.15,6.205591082689404032329691800,10
Nifty Infra,2025-11,9653.90,0.917296927185963004970651700,11
Nifty Infra,2025-12,9616.35,-0.3889619739172769554273402500,12
Nifty Infra,2026-01,9153.20,-4.816276445844837178347293930,1
Nifty Infra,2026-02,9532.65,4.145544727526985098107765600,2
Nifty Infra,2026-03,8560.95,-10.19338798760050982675331623,3
Nifty Infra,2026-04,9419.35,10.02692458196812269666333760,4
Nifty Infra,2026-05,9460.20,0.433681729631025495389809300,5
Nifty MNC,2019-06,13044.10,-0.8351103660877531083818928900,6
Nifty MNC,2019-07,12127.85,-7.024248510820984199753145100,7
Nifty MNC,2019-08,12361.35,1.925320646281080323387904700,8
Nifty MNC,2019-09,13471.40,8.980006229093100672661157600,9
Nifty MNC,2019-10,14196.30,5.381029440147274967709369500,10
Nifty MNC,2019-11,13779.20,-2.938089502194233708783274520,11
Nifty MNC,2019-12,13788.95,0.070758824895494658615884800,12
Nifty MNC,2020-01,13760.30,-0.2077750662668295990630178500,1
Nifty MNC,2020-02,13256.85,-3.658713836180897218810636400,2
Nifty MNC,2020-03,11069.30,-16.50128047009659157341299027,3
Nifty MNC,2020-04,12524.90,13.14988300976574851164933650,4
Nifty MNC,2020-05,12497.75,-0.2167681977500818369807343800,5
Nifty MNC,2020-06,13226.55,5.831449660938969014422596100,6
Nifty MNC,2020-07,13559.85,2.519931501411932816947730100,7
Nifty MNC,2020-08,13828.30,1.979741663808965438408242000,8
Nifty MNC,2020-09,14011.70,1.326265701496207053650846500,9
Nifty MNC,2020-10,14091.15,0.567026128164319818437448700,10
Nifty MNC,2020-11,14946.35,6.069057529016439396358707400,11
Nifty MNC,2020-12,15653.45,4.730920927182890806116543500,12
Nifty MNC,2021-01,15492.10,-1.030763186390220686174613260,1
Nifty MNC,2021-02,15757.80,1.715067679656082777673782100,2
Nifty MNC,2021-03,16261.40,3.195877597126502430542334600,3
Nifty MNC,2021-04,15935.75,-2.002595102512698783622566320,4
Nifty MNC,2021-05,16913.50,6.135575671054076526049919200,5
Nifty MNC,2021-06,17506.70,3.507257516185295769651461900,6
Nifty MNC,2021-07,17762.40,1.460583662255022362866788100,7
Nifty MNC,2021-08,18717.50,5.377088681709678872224474200,8
Nifty MNC,2021-09,19220.60,2.687858955522906371043141400,9
Nifty MNC,2021-10,19069.95,-0.7837944705160088654880700900,10
Nifty MNC,2021-11,18540.55,-2.776095375184518050650368770,11
Nifty MNC,2021-12,19225.80,3.695952924805359064321177100,12
Nifty MNC,2022-01,18827.20,-2.073255729280446067263780960,1
Nifty MNC,2022-02,18357.85,-2.492935752528256989886972040,2
Nifty MNC,2022-03,18107.30,-1.364811238788855993485075870,3
Nifty MNC,2022-04,18456.75,1.929884632164927957232718300,4
Nifty MNC,2022-05,18355.30,-0.5496634022782992672057648300,5
Nifty MNC,2022-06,17594.65,-4.144034692976960332982844190,6
Nifty MNC,2022-07,19200.55,9.127206281454874066832815700,7
Nifty MNC,2022-08,19768.65,2.958769410251268843861243600,8
Nifty MNC,2022-09,19707.75,-0.3080635248233946172348642900,9
Nifty MNC,2022-10,19909.60,1.024216361583640953432025500,10
Nifty MNC,2022-11,20371.30,2.318981797725720255555109100,11
Nifty MNC,2022-12,19701.30,-3.288940813791952403626670860,12
Nifty MNC,2023-01,19364.90,-1.707501535431672021643241820,1
Nifty MNC,2023-02,19009.60,-1.834762895754690186884517860,2
Nifty MNC,2023-03,19134.90,0.659140644726874842185001300,3
Nifty MNC,2023-04,19811.55,3.536208707649373657557656400,4
Nifty MNC,2023-05,20801.40,4.996327899634304231622462700,5
Nifty MNC,2023-06,21839.55,4.990769852029190342957685500,6
Nifty MNC,2023-07,22491.00,2.982891130998578267409356000,7
Nifty MNC,2023-08,21926.65,-2.509225912587257125072251120,8
Nifty MNC,2023-09,21962.80,0.164867866272321581272104900,9
Nifty MNC,2023-10,21713.25,-1.136239459449614803212705120,10
Nifty MNC,2023-11,22664.85,4.382577458464301751234845100,11
Nifty MNC,2023-12,24208.35,6.810104633386058147307394500,12
Nifty MNC,2024-01,24306.35,0.404818998403443439970093000,1
Nifty MNC,2024-02,25090.65,3.226728817778070339643755600,2
Nifty MNC,2024-03,25873.65,3.120684398371504923148662900,3
Nifty MNC,2024-04,27071.40,4.629227032135009942547727100,4
Nifty MNC,2024-05,28550.80,5.464807878425201504170453000,5
Nifty MNC,2024-06,30362.40,6.345181220841447525113131700,6
Nifty MNC,2024-07,31305.80,3.107132505994256053539904600,7
Nifty MNC,2024-08,30975.70,-1.054437196941141897028665610,8
Nifty MNC,2024-09,32582.00,5.185677805505606007289585100,9
Nifty MNC,2024-10,29235.15,-10.27208274507396722116506046,10
Nifty MNC,2024-11,28852.00,-1.310579901249010181237311930,11
Nifty MNC,2024-12,27932.50,-3.186954110633578261472341610,12
Nifty MNC,2025-01,27463.40,-1.679405710194218204600375910,1
Nifty MNC,2025-02,24934.40,-9.208619471733288667826998840,2
Nifty MNC,2025-03,26241.50,5.242155415811088295687885000,3
Nifty MNC,2025-04,27015.70,2.950288664901015566945487100,4
Nifty MNC,2025-05,28115.80,4.072076607306121995728409800,5
Nifty MNC,2025-06,28937.70,2.923267344340193058707203800,6
Nifty MNC,2025-07,28746.85,-0.6595202797734443304063557200,7
Nifty MNC,2025-08,29337.55,2.054833833967895612910631900,8
Nifty MNC,2025-09,29829.95,1.678395094341552038258136800,9
Nifty MNC,2025-10,30204.95,1.257125808122373654665864300,10
Nifty MNC,2025-11,30392.45,0.620759180200596259884555300,11
Nifty MNC,2025-12,30568.10,0.577939586969790194604252000,12
Nifty MNC,2026-01,30419.45,-0.4862912644227151834755840200,1
Nifty MNC,2026-02,31703.10,4.219833034456573014962466400,2
Nifty MNC,2026-03,27791.25,-12.33901416580712927127000199,3
Nifty MNC,2026-04,31886.60,14.73611298520217694418207170,4
Nifty MNC,2026-05,32058.20,0.538157094202580394272202100,5
Nifty Media,2019-06,2039.80,-7.452190286064290737505954950,6
Nifty Media,2019-07,1957.80,-4.020001960976566330032356110,7
Nifty Media,2019-08,1914.65,-2.204004494841148227602410870,8
Nifty Media,2019-09,1800.00,-5.988039589481106207400830440,9
Nifty Media,2019-10,1786.80,-0.7333333333333333333333333300,10
Nifty Media,2019-11,1834.90,2.691963286321916274904857800,11
Nifty Media,2019-12,1803.60,-1.705815030791868766690282850,12
Nifty Media,2020-01,1835.30,1.757595919272565979152805500,1
Nifty Media,2020-02,1670.70,-8.968560998201928839971666760,2
Nifty Media,2020-03,1039.95,-37.75363620039504399353564374,3
Nifty Media,2020-04,1159.75,11.51978460502908793692004420,4
Nifty Media,2020-05,1177.85,1.560681181289070920456995000,5
Nifty Media,2020-06,1343.35,14.05102517298467546801375390,6
Nifty Media,2020-07,1285.10,-4.336174489150258681654073770,7
Nifty Media,2020-08,1572.50,22.36401836432962415376235310,8
Nifty Media,2020-09,1547.80,-1.570747217806041335453100160,9
Nifty Media,2020-10,1419.05,-8.318258172890554335185424470,10
Nifty Media,2020-11,1503.15,5.926500123321940734998766800,11
Nifty Media,2020-12,1648.95,9.699630775371719389282506700,12
Nifty Media,2021-01,1650.10,0.069741350556414688134873700,1
Nifty Media,2021-02,1625.15,-1.512029573965214229440639960,2
Nifty Media,2021-03,1545.35,-4.910315970833461526628311230,3
Nifty Media,2021-04,1547.95,0.168246675510402174264729700,4
Nifty Media,2021-05,1761.45,13.79243515617429503536935950,5
Nifty Media,2021-06,1797.50,2.046609327542649521700871400,6
Nifty Media,2021-07,1796.00,-0.0834492350486787204450625900,7
Nifty Media,2021-08,1601.65,-10.82126948775055679287305122,8
Nifty Media,2021-09,2138.30,33.50607186339087815690069620,9
Nifty Media,2021-10,2246.00,5.036711406257307206659495900,10
Nifty Media,2021-11,2171.10,-3.334817453250222617987533390,11
Nifty Media,2021-12,2218.80,2.197042973607848556031504800,12
Nifty Media,2022-01,2235.35,0.745898683973318911123129600,1
Nifty Media,2022-02,2010.65,-10.05211711812467846198581878,2
Nifty Media,2022-03,2379.60,18.34978738218983910675652150,3
Nifty Media,2022-04,2149.70,-9.661287611363254328458564460,4
Nifty Media,2022-05,2052.65,-4.514583430246080848490487040,5
Nifty Media,2022-06,1897.55,-7.556086035125325798358219860,6
Nifty Media,2022-07,2079.05,9.564965350056651998629812100,7
Nifty Media,2022-08,2069.20,-0.4737740795074673528775161700,8
Nifty Media,2022-09,2062.90,-0.3044654939106901217861975600,9
Nifty Media,2022-10,2062.35,-0.0266614959523001599689757100,10
Nifty Media,2022-11,2116.55,2.628069920236623269571120300,11
Nifty Media,2022-12,1992.05,-5.882213980298126668399045620,12
Nifty Media,2023-01,1898.60,-4.691147310559473908787430030,1
Nifty Media,2023-02,1704.80,-10.20752133150742652480775308,2
Nifty Media,2023-03,1700.10,-0.2756921633036133270764899100,3
Nifty Media,2023-04,1714.85,0.867596023763308040703488000,4
Nifty Media,2023-05,1755.85,2.390879668775694667172055900,5
Nifty Media,2023-06,1743.80,-0.6862773015918216248540592900,6
Nifty Media,2023-07,2061.50,18.21883243491226058034178230,7
Nifty Media,2023-08,2293.10,11.23453795779772010671840890,8
Nifty Media,2023-09,2268.20,-1.085866294535781256813920020,9
Nifty Media,2023-10,2199.05,-3.048672956529406577903183140,10
Nifty Media,2023-11,2296.55,4.433732748232191173461267400,11
Nifty Media,2023-12,2388.15,3.988591583026713984019507500,12
Nifty Media,2024-01,2151.00,-9.930280761258714904842660640,1
Nifty Media,2024-02,2049.95,-4.697814969781496978149697810,2
Nifty Media,2024-03,1795.85,-12.39542427864094246201126857,3
Nifty Media,2024-04,1892.80,5.398557786006626388618203100,4
Nifty Media,2024-05,1870.40,-1.183431952662721893491124260,5
Nifty Media,2024-06,1992.35,6.519995722840034217279726300,6
Nifty Media,2024-07,2149.70,7.897708735914874394559188900,7
Nifty Media,2024-08,2104.50,-2.102618970088849606921896080,8
Nifty Media,2024-09,2138.50,1.615585649798051793775243500,9
Nifty Media,2024-10,2019.00,-5.588028992284311433247603460,10
Nifty Media,2024-11,1996.80,-1.099554234769687964338781580,11
Nifty Media,2024-12,1817.85,-8.961838942307692307692307690,12
Nifty Media,2025-01,1580.25,-13.07038534532552190774816404,1
Nifty Media,2025-02,1386.85,-12.23856984654326847017876918,2
Nifty Media,2025-03,1475.25,6.374157262861881241662760900,3
Nifty Media,2025-04,1513.90,2.619894933062192848669717000,4
Nifty Media,2025-05,1711.30,13.03917035471299293216196580,5
Nifty Media,2025-06,1754.45,2.521474902121194413603693100,6
Nifty Media,2025-07,1626.35,-7.301433497677334777280629260,7
Nifty Media,2025-08,1612.00,-0.8823438989147477480247179300,8
Nifty Media,2025-09,1542.95,-4.283498759305210918114143920,9
Nifty Media,2025-10,1538.35,-0.2981302051265433098933860500,10
Nifty Media,2025-11,1468.25,-4.556830370201839633373419570,11
Nifty Media,2025-12,1444.70,-1.603950280946705261365571260,12
Nifty Media,2026-01,1385.20,-4.118502111164947740015228080,1
Nifty Media,2026-02,1416.15,2.234334392145538550389835400,2
Nifty Media,2026-03,1261.85,-10.89573844578611022843625322,3
Nifty Media,2026-04,1456.00,15.38613939850219915203867340,4
Nifty Media,2026-05,1378.45,-5.326236263736263736263736260,5
Nifty Metal,2019-06,2980.20,2.751344642118328506412908600,6
Nifty Metal,2019-07,2588.15,-13.15515737198845715052681028,7
Nifty Metal,2019-08,2289.95,-11.52174333017792631802638951,8
Nifty Metal,2019-09,2439.85,6.545994454027380510491495400,9
Nifty Metal,2019-10,2500.75,2.496055085353607803758427800,10
Nifty Metal,2019-11,2625.50,4.988503448965310406877936600,11
Nifty Metal,2019-12,2801.30,6.695867453818320319939059200,12
Nifty Metal,2020-01,2569.00,-8.292578445721629243565487450,1
Nifty Metal,2020-02,2246.05,-12.57103931490852471778902297,2
Nifty Metal,2020-03,1585.90,-29.39159858418111796264553327,3
Nifty Metal,2020-04,1859.90,17.27725581688631061227063500,4
Nifty Metal,2020-05,1879.85,1.072638313887843432442604400,5
Nifty Metal,2020-06,1991.35,5.931324307790515200680905400,6
Nifty Metal,2020-07,2147.30,7.831370678183142089537248600,7
Nifty Metal,2020-08,2420.60,12.72761141899129138918642020,8
Nifty Metal,2020-09,2242.55,-7.355614310501528546641328600,9
Nifty Metal,2020-10,2343.60,4.506031080689393770484493100,10
Nifty Metal,2020-11,2925.75,24.83998975934459805427547360,11
Nifty Metal,2020-12,3254.65,11.24156199265145689139536870,12
Nifty Metal,2021-01,3077.45,-5.444517843700551518596469670,1
Nifty Metal,2021-02,3822.65,24.21485320638840598547498740,2
Nifty Metal,2021-03,3977.20,4.043006814644291263913777100,3
Nifty Metal,2021-04,4847.95,21.89354319621844513728251030,4
Nifty Metal,2021-05,5161.80,6.473870398828370754648872200,5
Nifty Metal,2021-06,5215.80,1.046146693014064861094966900,6
Nifty Metal,2021-07,5770.35,10.63211779592775796617968480,7
Nifty Metal,2021-08,5714.60,-0.9661459010285337977765646800,8
Nifty Metal,2021-09,5611.25,-1.808525531095789731564763940,9
Nifty Metal,2021-10,5563.40,-0.8527511695255067943862775700,10
Nifty Metal,2021-11,5201.70,-6.501419994967106445698673470,11
Nifty Metal,2021-12,5521.75,6.152796201241901685987273400,12
Nifty Metal,2022-01,5473.45,-0.8747226875537646579435867300,1
Nifty Metal,2022-02,5896.85,7.735523298833459700919895100,2
Nifty Metal,2022-03,6423.70,8.934431094567438547699195300,3
Nifty Metal,2022-04,6327.30,-1.500692747170633746905988760,4
Nifty Metal,2022-05,5332.75,-15.71839489197604033315948351,5
Nifty Metal,2022-06,4660.90,-12.59856546809807322675917678,6
Nifty Metal,2022-07,5485.80,17.69829861185607929798965860,7
Nifty Metal,2022-08,5934.60,8.181122169966094279776878500,8
Nifty Metal,2022-09,5768.20,-2.803895797526370774778418090,9
Nifty Metal,2022-10,5896.35,2.221663603897229638362054000,10
Nifty Metal,2022-11,6564.20,11.32649859658941548585141660,11
Nifty Metal,2022-12,6723.40,2.425276499801956064714664400,12
Nifty Metal,2023-01,6468.40,-3.792723919445518636404200260,1
Nifty Metal,2023-02,5269.10,-18.54090656112794508688392802,2
Nifty Metal,2023-03,5497.45,4.333757188134596041069632400,3
Nifty Metal,2023-04,5799.40,5.492546544306905929112588600,4
Nifty Metal,2023-05,5890.05,1.563092733731075628513294500,5
Nifty Metal,2023-06,6209.10,5.416762166704866681946672800,6
Nifty Metal,2023-07,6758.20,8.843471678665184970446602600,7
Nifty Metal,2023-08,6659.35,-1.462667574206149566452605720,8
Nifty Metal,2023-09,6839.30,2.702215681710677468521702600,9
Nifty Metal,2023-10,6452.45,-5.656280613513078823856242600,10
Nifty Metal,2023-11,7017.45,8.756363861788932885958046900,11
Nifty Metal,2023-12,7978.00,13.68802057727522105608162510,12
Nifty Metal,2024-01,7973.10,-0.0614189019804462271245926300,1
Nifty Metal,2024-02,7921.90,-0.6421592605134765649496431800,2
Nifty Metal,2024-03,8257.20,4.232570469205619863921534000,3
Nifty Metal,2024-04,9175.80,11.12483650632175555878506030,4
Nifty Metal,2024-05,9723.60,5.970051657621133852089191100,5
Nifty Metal,2024-06,9814.30,0.932782097165658809494425900,6
Nifty Metal,2024-07,9583.40,-2.352689442955687109625750180,7
Nifty Metal,2024-08,9405.25,-1.858943589957635077321201240,8
Nifty Metal,2024-09,10198.35,8.432524387974801307780229100,9
Nifty Metal,2024-10,9326.85,-8.545500007354130815278942180,10
Nifty Metal,2024-11,9034.00,-3.139859652508617593292483530,11
Nifty Metal,2024-12,8649.90,-4.251715740535753818906353770,12
Nifty Metal,2025-01,8399.70,-2.892518988658828425762147540,1
Nifty Metal,2025-02,8219.25,-2.148291010393228329583199400,2
Nifty Metal,2025-03,9092.50,10.62444870274051768713690420,3
Nifty Metal,2025-04,8581.80,-5.616717074511960406928787460,4
Nifty Metal,2025-05,9193.25,7.124962129157053298841734800,5
Nifty Metal,2025-06,9534.80,3.715225845049356865091235400,6
Nifty Metal,2025-07,9285.45,-2.615157108696564164953643500,7
Nifty Metal,2025-08,9154.80,-1.407040046524401079107636140,8
Nifty Metal,2025-09,10038.15,9.649036570979158474243020100,9
Nifty Metal,2025-10,10612.15,5.718185123752882752299975600,10
Nifty Metal,2025-11,10293.05,-3.006930735053688460867967380,11
Nifty Metal,2025-12,11167.65,8.496995545538008656326356100,12
Nifty Metal,2026-01,11827.55,5.909031891221519299046800400,1
Nifty Metal,2026-02,12240.65,3.492692907660504500086662100,2
Nifty Metal,2026-03,11138.40,-9.004832259724769517958605140,3
Nifty Metal,2026-04,12833.05,15.21448322918911154205271850,4
Nifty Metal,2026-05,13345.65,3.994373901761467460969917500,5
Nifty PSE,2019-06,3657.25,0.071142243443284582654973800,6
Nifty PSE,2019-07,3222.05,-11.89965137740105270353407615,7
Nifty PSE,2019-08,3028.95,-5.993078940426126223987833830,8
Nifty PSE,2019-09,3243.70,7.089915647336535763218277000,9
Nifty PSE,2019-10,3449.05,6.330733421709775873231186600,10
Nifty PSE,2019-11,3261.60,-5.434829880691784694336121540,11
Nifty PSE,2019-12,3226.60,-1.073092960510179053225410840,12
Nifty PSE,2020-01,3013.45,-6.606024917870203929833261020,1
Nifty PSE,2020-02,2716.30,-9.860790787967280027875026960,2
Nifty PSE,2020-03,2214.15,-18.48654419614917350808084527,3
Nifty PSE,2020-04,2439.30,10.16868775828195921685522660,4
Nifty PSE,2020-05,2369.00,-2.881974336899930307875210100,5
Nifty PSE,2020-06,2493.95,5.274377374419586323343182800,6
Nifty PSE,2020-07,2485.40,-0.3428296477475490687463662100,7
Nifty PSE,2020-08,2559.15,2.967329202542850245433330700,8
Nifty PSE,2020-09,2260.45,-11.67184416700857706660414591,9
Nifty PSE,2020-10,2281.60,0.935654405096330376694905900,10
Nifty PSE,2020-11,2599.50,13.93320476858345021037868160,11
Nifty PSE,2020-12,2797.10,7.601461819580688593960377000,12
Nifty PSE,2021-01,2721.95,-2.686711236637946444531836540,1
Nifty PSE,2021-02,3203.85,17.70421940153198993368724630,2
Nifty PSE,2021-03,3100.55,-3.224245829236699595798804560,3
Nifty PSE,2021-04,3175.85,2.428601377175017335634000400,4
Nifty PSE,2021-05,3516.75,10.73413416880520175700993430,5
Nifty PSE,2021-06,3609.45,2.635956493921944977607165700,6
Nifty PSE,2021-07,3584.95,-0.6787737743977614317970882000,7
Nifty PSE,2021-08,3646.40,1.714110378108481289836678300,8
Nifty PSE,2021-09,4096.70,12.34916630100921456779289160,9
Nifty PSE,2021-10,4005.65,-2.222520565333072961163863600,10
Nifty PSE,2021-11,3820.05,-4.633455244467190093992235970,11
Nifty PSE,2021-12,3835.25,0.397900551039907854609232900,12
Nifty PSE,2022-01,4156.35,8.372335571344762401407991700,1
Nifty PSE,2022-02,3955.30,-4.837176849880303631792317780,2
Nifty PSE,2022-03,4086.25,3.310747604480064723282684000,3
Nifty PSE,2022-04,4234.20,3.620679106760477210156011000,4
Nifty PSE,2022-05,4081.95,-3.595720561144962448632563410,5
Nifty PSE,2022-06,3819.95,-6.418500961550239468881294480,6
Nifty PSE,2022-07,4017.60,5.174151494129504312883676500,7
Nifty PSE,2022-08,4236.60,5.451015531660692951015531700,8
Nifty PSE,2022-09,3990.60,-5.806542982580371052258886840,9
Nifty PSE,2022-10,4276.55,7.165589134465995088457876000,10
Nifty PSE,2022-11,4455.90,4.193801077971729548350890300,11
Nifty PSE,2022-12,4367.00,-1.995107610134877353621041760,12
Nifty PSE,2023-01,4399.95,0.754522555530112205175177500,1
Nifty PSE,2023-02,4389.50,-0.2375026988943056171092853300,2
Nifty PSE,2023-03,4474.00,1.925048410980749515890192500,3
Nifty PSE,2023-04,4683.15,4.674787662047384890478319200,4
Nifty PSE,2023-05,4799.65,2.487641864984038521080896400,5
Nifty PSE,2023-06,5081.60,5.874386674028314564603669000,6
Nifty PSE,2023-07,5511.05,8.451078400503778337531486100,7
Nifty PSE,2023-08,5456.60,-0.9880149880694241569210948900,8
Nifty PSE,2023-09,5991.75,9.807389216728365648938899700,9
Nifty PSE,2023-10,5887.40,-1.741561313472691617640922940,10
Nifty PSE,2023-11,6779.05,15.14505554234466827462037570,11
Nifty PSE,2023-12,7854.95,15.87095536985270797530627450,12
Nifty PSE,2024-01,8670.25,10.37944226252235851278493180,1
Nifty PSE,2024-02,9138.85,5.404688446123237507568985900,2
Nifty PSE,2024-03,9122.15,-0.1827363399114768269530630200,3
Nifty PSE,2024-04,9993.35,9.550380118722011806427212900,4
Nifty PSE,2024-05,10511.10,5.180945328643547959392996300,5
Nifty PSE,2024-06,10685.50,1.659198371245635566210957900,6
Nifty PSE,2024-07,11684.20,9.346310420663515979598521400,7
Nifty PSE,2024-08,11493.60,-1.631262730867325105698293420,8
Nifty PSE,2024-09,11286.00,-1.806222593443307579870536650,9
Nifty PSE,2024-10,10175.25,-9.841839447102604997341839450,10
Nifty PSE,2024-11,10121.45,-0.5287339377410874425689786500,11
Nifty PSE,2024-12,9532.20,-5.821794308127788014563130780,12
Nifty PSE,2025-01,9278.65,-2.659931600260170789534420180,1
Nifty PSE,2025-02,8064.05,-13.09026636418013396345373519,2
Nifty PSE,2025-03,9342.70,15.85617648700094865483224930,3
Nifty PSE,2025-04,9559.00,2.315176554957346377385552400,4
Nifty PSE,2025-05,9867.95,3.232032639397426509049063700,5
Nifty PSE,2025-06,10093.65,2.287202509133102620098399400,6
Nifty PSE,2025-07,9682.70,-4.071371604919924903280775540,7
Nifty PSE,2025-08,9202.45,-4.959876893841593770332655150,8
Nifty PSE,2025-09,9800.85,6.502616151133665491255046200,9
Nifty PSE,2025-10,10062.95,2.674257844982833121617002600,10
Nifty PSE,2025-11,9744.30,-3.166566464108437386651031760,11
Nifty PSE,2025-12,9853.65,1.122194513715710723192020000,12
Nifty PSE,2026-01,10171.25,3.223171109182891618841749000,1
Nifty PSE,2026-02,10456.10,2.800540739830404325918643200,2
Nifty PSE,2026-03,9559.00,-8.579680760513001979705626380,3
Nifty PSE,2026-04,10629.05,11.19416256930641280468668270,4
Nifty PSE,2026-05,10481.95,-1.383943061703538886353907450,5
Nifty PSU Bank,2019-06,3205.65,-1.291723118610666338218992490,6
Nifty PSU Bank,2019-07,2756.25,-14.01899770717327219128725843,7
Nifty PSU Bank,2019-08,2474.40,-10.22585034013605442176870748,8
Nifty PSU Bank,2019-09,2294.10,-7.286614936954413191076624640,9
Nifty PSU Bank,2019-10,2506.30,9.249814742164683318076805700,10
Nifty PSU Bank,2019-11,2669.85,6.525555599888281530543031600,11
Nifty PSU Bank,2019-12,2524.35,-5.449744367661104556435754820,12
Nifty PSU Bank,2020-01,2366.05,-6.270921227246617941252203540,1
Nifty PSU Bank,2020-02,1945.60,-17.77012320111578369011643879,2
Nifty PSU Bank,2020-03,1324.85,-31.90532483552631578947368421,3
Nifty PSU Bank,2020-04,1326.05,0.090576291655659131222402500,4
Nifty PSU Bank,2020-05,1129.85,-14.79582217865088043437276121,5
Nifty PSU Bank,2020-06,1427.90,26.37960791255476390671328050,6
Nifty PSU Bank,2020-07,1411.60,-1.141536522165417746340780170,7
Nifty PSU Bank,2020-08,1525.35,8.058231793709266081042788300,8
Nifty PSU Bank,2020-09,1277.40,-16.25528567214082013964008260,9
Nifty PSU Bank,2020-10,1260.50,-1.322999843431971191482699230,10
Nifty PSU Bank,2020-11,1558.40,23.63347877826259420864736220,11
Nifty PSU Bank,2020-12,1752.70,12.46791581108829568788501030,12
Nifty PSU Bank,2021-01,1814.05,3.500313801563302333542534400,1
Nifty PSU Bank,2021-02,2392.35,31.87894490229045505912185440,2
Nifty PSU Bank,2021-03,2157.80,-9.804167450414864045812694630,3
Nifty PSU Bank,2021-04,2055.25,-4.752525720641394012420057470,4
Nifty PSU Bank,2021-05,2426.30,18.05376474881401289380853910,5
Nifty PSU Bank,2021-06,2518.80,3.812389234637101759881300700,6
Nifty PSU Bank,2021-07,2441.35,-3.074876925520088931237097030,7
Nifty PSU Bank,2021-08,2335.10,-4.352100272390275871956089870,8
Nifty PSU Bank,2021-09,2483.05,6.335917091345124405807031800,9
Nifty PSU Bank,2021-10,2825.15,13.77741084553271178590845940,10
Nifty PSU Bank,2021-11,2560.15,-9.380032918606091711944498520,11
Nifty PSU Bank,2021-12,2530.40,-1.162041286643360740581606550,12
Nifty PSU Bank,2022-01,2982.25,17.85686057540309832437559280,1
Nifty PSU Bank,2022-02,2667.60,-10.55075865537765110235560399,2
Nifty PSU Bank,2022-03,2725.65,2.176113360323886639676113400,3
Nifty PSU Bank,2022-04,2758.55,1.207051528993084218443307100,4
Nifty PSU Bank,2022-05,2575.60,-6.632107447753348679559913720,5
Nifty PSU Bank,2022-06,2434.75,-5.468628669047988818139462650,6
Nifty PSU Bank,2022-07,2784.95,14.38340692062840127323133790,7
Nifty PSU Bank,2022-08,3003.35,7.842151564660047756692220700,8
Nifty PSU Bank,2022-09,2995.00,-0.2780228744568565102302429000,9
Nifty PSU Bank,2022-10,3461.05,15.56093489148580968280467450,10
Nifty PSU Bank,2022-11,4000.75,15.59353375420753817483133730,11
Nifty PSU Bank,2022-12,4318.55,7.943510591764044241704680400,12
Nifty PSU Bank,2023-01,4006.55,-7.224647161663058202405900130,1
Nifty PSU Bank,2023-02,3658.35,-8.690768865981954549425316040,2
Nifty PSU Bank,2023-03,3716.15,1.579947243976109448248527300,3
Nifty PSU Bank,2023-04,4167.65,12.14967103050199803560136160,4
Nifty PSU Bank,2023-05,4029.70,-3.310018835554809065060645690,5
Nifty PSU Bank,2023-06,4110.20,1.997667320147901828920267000,6
Nifty PSU Bank,2023-07,4620.55,12.41667072161938591796019660,7
Nifty PSU Bank,2023-08,4467.20,-3.318868965815757864323511270,8
Nifty PSU Bank,2023-09,5258.30,17.70907951289398280802292260,9
Nifty PSU Bank,2023-10,4934.40,-6.159785481999885894680790370,10
Nifty PSU Bank,2023-11,5041.00,2.160343709468223086900129700,11
Nifty PSU Bank,2023-12,5713.45,13.33961515572307081928188850,12
Nifty PSU Bank,2024-01,6271.65,9.769928852094618838005058200,1
Nifty PSU Bank,2024-02,6929.85,10.49484585396187606132357510,2
Nifty PSU Bank,2024-03,7007.25,1.116907292365635619818610800,3
Nifty PSU Bank,2024-04,7605.60,8.539013164936315958471583000,4
Nifty PSU Bank,2024-05,7386.00,-2.887346165982959924266330070,5
Nifty PSU Bank,2024-06,7365.95,-0.2714595180070403466016788500,6
Nifty PSU Bank,2024-07,7396.95,0.420855422586360211513789800,7
Nifty PSU Bank,2024-08,6985.80,-5.558372031715774744996248450,8
Nifty PSU Bank,2024-09,6756.15,-3.287382976895989006269861720,9
Nifty PSU Bank,2024-10,6725.35,-0.4558809381082421201423887900,10
Nifty PSU Bank,2024-11,6813.85,1.315916643743448296371192600,11
Nifty PSU Bank,2024-12,6540.70,-4.008746890524446531696471160,12
Nifty PSU Bank,2025-01,6317.30,-3.415536563364777470301343890,1
Nifty PSU Bank,2025-02,5652.10,-10.52981495259050543744954332,2
Nifty PSU Bank,2025-03,6263.40,10.81544912510394366695564480,3
Nifty PSU Bank,2025-04,6542.25,4.452054794520547945205479500,4
Nifty PSU Bank,2025-05,6976.00,6.629982039818105391875883700,5
Nifty PSU Bank,2025-06,7202.40,3.245412844036697247706422000,6
Nifty PSU Bank,2025-07,6850.95,-4.879623458847050983005664780,7
Nifty PSU Bank,2025-08,6756.05,-1.385209350528028959487370360,8
Nifty PSU Bank,2025-09,7526.75,11.40755323006786509868932290,9
Nifty PSU Bank,2025-10,8184.35,8.736838608961371109708705600,10
Nifty PSU Bank,2025-11,8514.40,4.032696548901256666687030700,11
Nifty PSU Bank,2025-12,8533.15,0.220215164897115474960067700,12
Nifty PSU Bank,2026-01,9019.35,5.697778663213467476840322700,1
Nifty PSU Bank,2026-02,9820.45,8.882014779335539700754489000,2
Nifty PSU Bank,2026-03,7873.45,-19.82597538809321365110560107,3
Nifty PSU Bank,2026-04,8482.60,7.736760886269678476398529200,4
Nifty PSU Bank,2026-05,8238.10,-2.882370971164501450027114330,5
Nifty Pharma,2019-06,8065.15,-4.612009319818807583588603330,6
Nifty Pharma,2019-07,7987.50,-0.9627843251520430494163158800,7
Nifty Pharma,2019-08,8072.05,1.058528951486697965571205000,8
Nifty Pharma,2019-09,7547.75,-6.495252135455057884923904090,9
Nifty Pharma,2019-10,7878.15,4.377463482494783213540459100,10
Nifty Pharma,2019-11,8189.95,3.957781966578447985885011100,11
Nifty Pharma,2019-12,8040.15,-1.829070995549423378653105330,12
Nifty Pharma,2020-01,8138.60,1.224479642792733966406099400,1
Nifty Pharma,2020-02,7576.75,-6.903521490182586685670754180,2
Nifty Pharma,2020-03,7176.50,-5.282607978354835516547332300,3
Nifty Pharma,2020-04,9327.10,29.96725423256462063680066880,4
Nifty Pharma,2020-05,9768.60,4.733518456969476042928670200,5
Nifty Pharma,2020-06,9985.15,2.216796675060909444546813300,6
Nifty Pharma,2020-07,11148.90,11.65480738897262434715552600,7
Nifty Pharma,2020-08,11079.80,-0.6197920871117329960803307900,8
Nifty Pharma,2020-09,11772.85,6.255076806440549468401956700,9
Nifty Pharma,2020-10,11243.75,-4.494238863146986498596346680,10
Nifty Pharma,2020-11,11839.15,5.295386325736520289049471900,11
Nifty Pharma,2020-12,12915.90,9.094825219715942445192433600,12
Nifty Pharma,2021-01,12170.25,-5.773116855968225210786704760,1
Nifty Pharma,2021-02,11927.90,-1.991331320227604198763377910,2
Nifty Pharma,2021-03,12272.60,2.889863261764434644824319500,3
Nifty Pharma,2021-04,13469.25,9.750582598634356208138454800,4
Nifty Pharma,2021-05,14051.75,4.324665441654138129442990500,5
Nifty Pharma,2021-06,14308.90,1.830021171740174711334887100,6
Nifty Pharma,2021-07,14425.30,0.813479722410527713520955500,7
Nifty Pharma,2021-08,14344.75,-0.5583939328818118167386466800,8
Nifty Pharma,2021-09,14466.50,0.848742571324003555307691000,9
Nifty Pharma,2021-10,13879.35,-4.058687312065807209760481110,10
Nifty Pharma,2021-11,13662.80,-1.560231567040243239056584060,11
Nifty Pharma,2021-12,14223.00,4.100184442427613666305588900,12
Nifty Pharma,2022-01,13179.90,-7.333895802573296772832735710,1
Nifty Pharma,2022-02,12927.60,-1.914278560535360662827487310,2
Nifty Pharma,2022-03,13584.10,5.078282125065750796744948800,3
Nifty Pharma,2022-04,13462.85,-0.8925876576291399503831685600,4
Nifty Pharma,2022-05,12604.45,-6.376064503429808695781353870,5
Nifty Pharma,2022-06,12159.35,-3.531292519705342160903490430,6
Nifty Pharma,2022-07,12776.55,5.075929223190384354426840300,7
Nifty Pharma,2022-08,12699.40,-0.6038406299040038194974386700,8
Nifty Pharma,2022-09,12971.90,2.145770666330692788635683600,9
Nifty Pharma,2022-10,13212.25,1.852851162898264710643776200,10
Nifty Pharma,2022-11,13144.20,-0.5150523188707449526008060700,11
Nifty Pharma,2022-12,12597.60,-4.158488154471173597480257450,12
Nifty Pharma,2023-01,12360.25,-1.884089032831650473105988440,1
Nifty Pharma,2023-02,11747.10,-4.960660180821585323921441720,2
Nifty Pharma,2023-03,12017.05,2.298013977917954218487967200,3
Nifty Pharma,2023-04,12613.95,4.967109232299108350219063700,4
Nifty Pharma,2023-05,12678.40,0.510942250444943891485220700,5
Nifty Pharma,2023-06,13767.50,8.590200656234225138818778400,6
Nifty Pharma,2023-07,14992.15,8.895224260032685672780098100,7
Nifty Pharma,2023-08,15095.90,0.692028828420206574774131800,8
Nifty Pharma,2023-09,15422.75,2.165157426850999277949642000,9
Nifty Pharma,2023-10,14683.65,-4.792271157867436092785009160,10
Nifty Pharma,2023-11,16238.90,10.59171255103465419020475150,11
Nifty Pharma,2023-12,16831.80,3.651109373171828141068668400,12
Nifty Pharma,2024-01,17938.65,6.575945531672191922432538400,1
Nifty Pharma,2024-02,19003.15,5.934114328558726548541835600,2
Nifty Pharma,2024-03,18996.15,-0.0368359982423966552913595900,3
Nifty Pharma,2024-04,18970.60,-0.1345009383480336805089452300,4
Nifty Pharma,2024-05,18796.30,-0.9187901278820912359124118400,5
Nifty Pharma,2024-06,19731.55,4.975713305278166447651931500,6
Nifty Pharma,2024-07,21777.15,10.36715311265460645514417270,7
Nifty Pharma,2024-08,23217.60,6.614501897631232737066145000,8
Nifty Pharma,2024-09,23281.20,0.273930121976431672524291900,9
Nifty Pharma,2024-10,22735.55,-2.343736577152380461488239440,10
Nifty Pharma,2024-11,22240.20,-2.178746500524508973831730480,11
Nifty Pharma,2024-12,23412.25,5.269961601064738626451201000,12
Nifty Pharma,2025-01,21438.60,-8.429988574357441083193627270,1
Nifty Pharma,2025-02,19813.50,-7.580252441857210825333743810,2
Nifty Pharma,2025-03,21137.45,6.682060211471976177858530800,3
Nifty Pharma,2025-04,21772.45,3.004146668590582118467459400,4
Nifty Pharma,2025-05,21442.05,-1.517514106129535261304997830,5
Nifty Pharma,2025-06,22038.70,2.782616400950468821777768500,6
Nifty Pharma,2025-07,22771.05,3.323018145353401062676110700,7
Nifty Pharma,2025-08,21804.05,-4.246620160247331589891550890,8
Nifty Pharma,2025-09,21454.25,-1.604289111426546902983620020,9
Nifty Pharma,2025-10,22175.40,3.361338662502767516925550900,10
Nifty Pharma,2025-11,22998.30,3.710868800562785789658811100,11
Nifty Pharma,2025-12,22723.65,-1.194218703121535069983433560,12
Nifty Pharma,2026-01,21715.10,-4.438327469398622140369174850,1
Nifty Pharma,2026-02,22952.35,5.697648180298501964071084200,2
Nifty Pharma,2026-03,22232.25,-3.137369376120527963367585450,3
Nifty Pharma,2026-04,23267.70,4.657423337718854366966906200,4
Nifty Pharma,2026-05,24674.70,6.047009373509199448162044400,5
Nifty Pvt Bank,2019-06,17197.00,-1.855931332823503897912362600,6
Nifty Pvt Bank,2019-07,15917.05,-7.442867942082921439786009190,7
Nifty Pvt Bank,2019-08,15309.20,-3.818860907014804879044797870,8
Nifty Pvt Bank,2019-09,16252.30,6.160348026023567528022365600,9
Nifty Pvt Bank,2019-10,16561.00,1.899423466217089273518209700,10
Nifty Pvt Bank,2019-11,17641.45,6.524062556608900428718072600,11
Nifty Pvt Bank,2019-12,17767.60,0.715077275394029402345045300,12
Nifty Pvt Bank,2020-01,16936.35,-4.678459668160021612373083590,1
Nifty Pvt Bank,2020-02,15953.60,-5.802607999952764320529511970,2
Nifty Pvt Bank,2020-03,10173.70,-36.22944037709357135693511182,3
Nifty Pvt Bank,2020-04,11743.45,15.42948976281981973126787700,4
Nifty Pvt Bank,2020-05,10583.15,-9.880401415257015612958713150,5
Nifty Pvt Bank,2020-06,11721.25,10.75388707520917685188247360,6
Nifty Pvt Bank,2020-07,11874.75,1.309587288045217020368987900,7
Nifty Pvt Bank,2020-08,13052.25,9.915998231541716667719320400,8
Nifty Pvt Bank,2020-09,11816.65,-9.466567066980788752897010090,9
Nifty Pvt Bank,2020-10,13258.00,12.19761946067624919076049470,10
Nifty Pvt Bank,2020-11,16473.10,24.25026399155227032734952480,11
Nifty Pvt Bank,2020-12,17251.75,4.726797020597216067406863300,12
Nifty Pvt Bank,2021-01,16694.30,-3.231266393264451432463373280,1
Nifty Pvt Bank,2021-02,18551.75,11.12625267306805316784770850,2
Nifty Pvt Bank,2021-03,17763.85,-4.247038689072459471478431950,3
Nifty Pvt Bank,2021-04,17582.45,-1.021175026810066511482589640,4
Nifty Pvt Bank,2021-05,18694.90,6.327047709505785598707802400,5
Nifty Pvt Bank,2021-06,18293.50,-2.147109639527357728578382340,6
Nifty Pvt Bank,2021-07,17975.85,-1.736409107059884658485254330,7
Nifty Pvt Bank,2021-08,18837.65,4.794210009540578053332665800,8
Nifty Pvt Bank,2021-09,19447.95,3.239788402481201211403757900,9
Nifty Pvt Bank,2021-10,20192.20,3.826881496507343961702904400,10
Nifty Pvt Bank,2021-11,18213.85,-9.797595110983449054585433980,11
Nifty Pvt Bank,2021-12,18041.85,-0.9443363154961746143731281400,12
Nifty Pvt Bank,2022-01,19037.15,5.516618306880946244426153600,1
Nifty Pvt Bank,2022-02,18397.85,-3.358170734589999028215883150,2
Nifty Pvt Bank,2022-03,18420.80,0.124742836798865084778928000,3
Nifty Pvt Bank,2022-04,18326.30,-0.5130070355250586293754885800,4
Nifty Pvt Bank,2022-05,18112.40,-1.167175043516694586468627060,5
Nifty Pvt Bank,2022-06,16720.95,-7.682306044477816302643492860,6
Nifty Pvt Bank,2022-07,19045.70,13.90321722150954341709053610,7
Nifty Pvt Bank,2022-08,20320.50,6.693374357466514751361199600,8
Nifty Pvt Bank,2022-09,19932.45,-1.909647892522329667084963460,9
Nifty Pvt Bank,2022-10,21193.90,6.328624930703450905433100300,10
Nifty Pvt Bank,2022-11,22018.60,3.891213981381435224286233300,11
Nifty Pvt Bank,2022-12,21862.00,-0.7112168802739502057351511900,12
Nifty Pvt Bank,2023-01,20731.35,-5.171759216906047022230354040,1
Nifty Pvt Bank,2023-02,20587.00,-0.6962884713248293044109524900,2
Nifty Pvt Bank,2023-03,20618.10,0.151066206829552630300675200,3
Nifty Pvt Bank,2023-04,21885.75,6.148238683486839233489021800,4
Nifty Pvt Bank,2023-05,22470.70,2.672743680248563563049015900,5
Nifty Pvt Bank,2023-06,22923.15,2.013510927563449291744360400,6
Nifty Pvt Bank,2023-07,23411.10,2.128634153683067117739054200,7
Nifty Pvt Bank,2023-08,22921.85,-2.089820640636279371751007000,8
Nifty Pvt Bank,2023-09,23101.90,0.785495062571302054589834600,9
Nifty Pvt Bank,2023-10,22235.25,-3.751423043126322943134547370,10
Nifty Pvt Bank,2023-11,23136.80,4.054597991927232659853161100,11
Nifty Pvt Bank,2023-12,24875.65,7.515516406763251616472459500,12
Nifty Pvt Bank,2024-01,23594.45,-5.150418180027456568974077060,1
Nifty Pvt Bank,2024-02,23104.70,-2.075700005721684548696833370,2
Nifty Pvt Bank,2024-03,23555.85,1.952633014062073950321796000,3
Nifty Pvt Bank,2024-04,24535.95,4.160749877418985092875018300,4
Nifty Pvt Bank,2024-05,24224.10,-1.270992156407231022234720890,5
Nifty Pvt Bank,2024-06,26075.50,7.642802002963990406248323000,6
Nifty Pvt Bank,2024-07,25712.10,-1.393645375927594868746524520,7
Nifty Pvt Bank,2024-08,25687.75,-0.0947024941564477425025571600,8
Nifty Pvt Bank,2024-09,26501.85,3.169214898151842804449591700,9
Nifty Pvt Bank,2024-10,25220.45,-4.835134151012099155341985560,10
Nifty Pvt Bank,2024-11,25327.95,0.426241403305650771496940000,11
Nifty Pvt Bank,2024-12,24780.00,-2.163420253119577383878284660,12
Nifty Pvt Bank,2025-01,24386.00,-1.589991928974979822437449560,1
Nifty Pvt Bank,2025-02,24225.15,-0.6595997703600426474206511900,2
Nifty Pvt Bank,2025-03,25733.35,6.225761243996425202733522800,3
Nifty Pvt Bank,2025-04,27450.30,6.672081170931884111474021100,4
Nifty Pvt Bank,2025-05,27576.65,0.460286408527411357981515700,5
Nifty Pvt Bank,2025-06,28254.60,2.458420439030846748970596500,6
Nifty Pvt Bank,2025-07,27085.45,-4.137910287174477784148421850,7
Nifty Pvt Bank,2025-08,26058.20,-3.792626668561903162029798290,8
Nifty Pvt Bank,2025-09,26462.45,1.551335088379089883414817600,9
Nifty Pvt Bank,2025-10,28050.65,6.001711859635067803623625200,10
Nifty Pvt Bank,2025-11,28789.40,2.633628810740571074110582100,11
Nifty Pvt Bank,2025-12,28721.15,-0.2370664202796862734200782200,12
Nifty Pvt Bank,2026-01,28553.15,-0.5849347954382049465289516600,1
Nifty Pvt Bank,2026-02,28617.55,0.225544291960781910227067800,2
Nifty Pvt Bank,2026-03,24144.85,-15.62922053075822353765434148,3
Nifty Pvt Bank,2026-04,26281.75,8.850334543391240782195789200,4
Nifty Pvt Bank,2026-05,26927.10,2.455506197266163782853120500,5
Nifty RailwaysPSU,2026-03,2748.95,-14.19050740584663888498696758,3
Nifty RailwaysPSU,2026-04,3209.80,16.76458284072100256461558050,4
Nifty RailwaysPSU,2026-05,3132.25,-2.416038382453735435229609320,5
Nifty Realty,2019-06,284.80,0.299348476844514879380172600,6
Nifty Realty,2019-07,267.45,-6.091994382022471910112359550,7
Nifty Realty,2019-08,267.20,-0.0934754159656010469246588100,8
Nifty Realty,2019-09,258.75,-3.162425149700598802395209580,9
Nifty Realty,2019-10,269.00,3.961352657004830917874396100,10
Nifty Realty,2019-11,282.05,4.851301115241635687732342000,11
Nifty Realty,2019-12,298.55,5.850026591029959227087395900,12
Nifty Realty,2020-01,331.05,10.88594875230279685144866860,1
Nifty Realty,2020-02,280.55,-15.25449327896088204198761516,2
Nifty Realty,2020-03,175.50,-37.44430582783817501336660132,3
Nifty Realty,2020-04,187.30,6.723646723646723646723646700,4
Nifty Realty,2020-05,180.10,-3.844100373731980779498131340,5
Nifty Realty,2020-06,202.65,12.52082176568573014991671290,6
Nifty Realty,2020-07,201.00,-0.8142116950407105847520355300,7
Nifty Realty,2020-08,222.75,10.82089552238805970149253730,8
Nifty Realty,2020-09,211.90,-4.870931537598204264870931540,9
Nifty Realty,2020-10,228.20,7.692307692307692307692307700,10
Nifty Realty,2020-11,261.20,14.46099912357581069237510960,11
Nifty Realty,2020-12,313.85,20.15696784073506891271056660,12
Nifty Realty,2021-01,305.65,-2.612713079496574796877489250,1
Nifty Realty,2021-02,349.80,14.44462620644528054964829050,2
Nifty Realty,2021-03,334.15,-4.473985134362492853058890790,3
Nifty Realty,2021-04,309.60,-7.346999850366601825527457730,4
Nifty Realty,2021-05,336.15,8.575581395348837209302325600,5
Nifty Realty,2021-06,343.95,2.320392681838464970995091500,6
Nifty Realty,2021-07,398.65,15.90347434220090129379270240,7
Nifty Realty,2021-08,386.80,-2.972532296500689828170074000,8
Nifty Realty,2021-09,513.80,32.83350568769389865563598760,9
Nifty Realty,2021-10,498.70,-2.938886726352666407162319970,10
Nifty Realty,2021-11,487.60,-2.225787046320433126127932620,11
Nifty Realty,2021-12,484.15,-0.7075471698113207547169811300,12
Nifty Realty,2022-01,480.25,-0.8055354745430135288650211700,1
Nifty Realty,2022-02,436.40,-9.130661114003123373243102550,2
Nifty Realty,2022-03,463.55,6.221356553620531622364802900,3
Nifty Realty,2022-04,443.75,-4.271383885233523891705317660,4
Nifty Realty,2022-05,411.70,-7.222535211267605633802816900,5
Nifty Realty,2022-06,385.30,-6.412436239980568375030361910,6
Nifty Realty,2022-07,450.95,17.03867116532572021801193870,7
Nifty Realty,2022-08,463.20,2.716487415456259008759286000,8
Nifty Realty,2022-09,424.00,-8.462867012089810017271157170,9
Nifty Realty,2022-10,438.65,3.455188679245283018867924500,10
Nifty Realty,2022-11,450.15,2.621680155021087427333865300,11
Nifty Realty,2022-12,431.80,-4.076418971453959791180717540,12
Nifty Realty,2023-01,411.55,-4.689671144048170449282075030,1
Nifty Realty,2023-02,393.20,-4.458753492892722633944842670,2
Nifty Realty,2023-03,387.35,-1.487792472024415055951169890,3
Nifty Realty,2023-04,445.10,14.90899703110881631599328770,4
Nifty Realty,2023-05,478.80,7.571332284879802291619860700,5
Nifty Realty,2023-06,520.00,8.604845446950710108604845400,6
Nifty Realty,2023-07,566.75,8.990384615384615384615384600,7
Nifty Realty,2023-08,558.40,-1.473312748125275694750771950,8
Nifty Realty,2023-09,575.65,3.089183381088825214899713500,9
Nifty Realty,2023-10,603.00,4.751150872926257274385477300,10
Nifty Realty,2023-11,713.60,18.34162520729684908789386400,11
Nifty Realty,2023-12,783.05,9.732343049327354260089686100,12
Nifty Realty,2024-01,856.20,9.341676776706468297043611500,1
Nifty Realty,2024-02,910.55,6.347815930857276337304368100,2
Nifty Realty,2024-03,900.65,-1.087254955795947504255669650,3
Nifty Realty,2024-04,973.25,8.060844945317270859934491800,4
Nifty Realty,2024-05,1019.40,4.741844335987670177241202200,5
Nifty Realty,2024-06,1104.75,8.372572101236021188934667500,6
Nifty Realty,2024-07,1093.75,-0.9957003847024213622991627100,7
Nifty Realty,2024-08,1053.40,-3.689142857142857142857142860,8
Nifty Realty,2024-09,1099.00,4.328839946838807670400607600,9
Nifty Realty,2024-10,999.55,-9.049135577797998180163785260,10
Nifty Realty,2024-11,1020.15,2.060927417337802010904907200,11
Nifty Realty,2024-12,1052.35,3.156398568837915992746164800,12
Nifty Realty,2025-01,921.35,-12.44832992825580842875469188,1
Nifty Realty,2025-02,797.90,-13.39881695338362185922830629,2
Nifty Realty,2025-03,851.30,6.692567990976312821155533300,3
Nifty Realty,2025-04,885.85,4.058498766592270644896041300,4
Nifty Realty,2025-05,949.35,7.168256476830163120167071200,5
Nifty Realty,2025-06,986.55,3.918470532469584452520145400,6
Nifty Realty,2025-07,912.35,-7.521159596573919213420505800,7
Nifty Realty,2025-08,870.75,-4.559653641694525127418205730,8
Nifty Realty,2025-09,867.60,-0.3617571059431524547803617600,9
Nifty Realty,2025-10,947.55,9.215076071922544951590594700,10
Nifty Realty,2025-11,903.15,-4.685768561025803387684027230,11
Nifty Realty,2025-12,877.95,-2.790234180368709516691579470,12
Nifty Realty,2026-01,783.00,-10.81496668375192209123526397,1
Nifty Realty,2026-02,780.60,-0.3065134099616858237547892700,2
Nifty Realty,2026-03,651.15,-16.58339738662567255956956188,3
Nifty Realty,2026-04,793.55,21.86900099823389388005835830,4
Nifty Realty,2026-05,786.05,-0.9451200302438409678029109700,5
Nifty Trans Logis,2025-01,21371.00,-3.874093098779703404506056500,1
Nifty Trans Logis,2025-02,19468.30,-8.903186561227832108932665760,2
Nifty Trans Logis,2025-03,20212.40,3.822110816044544207763389700,3
Nifty Trans Logis,2025-04,21319.25,5.476093882962933644693356600,4
Nifty Trans Logis,2025-05,22459.10,5.346576450860138138067708800,5
Nifty Trans Logis,2025-06,23264.00,3.583847972536744571242837000,6
Nifty Trans Logis,2025-07,23399.50,0.582444979367262723521320500,7
Nifty Trans Logis,2025-08,24193.80,3.394516976858479882048761700,8
Nifty Trans Logis,2025-09,25386.40,4.929362067967826467938066800,9
Nifty Trans Logis,2025-10,25586.70,0.789005136608577821195600800,10
Nifty Trans Logis,2025-11,26112.25,2.053996803026572398941637600,11
Nifty Trans Logis,2025-12,25814.70,-1.139503489741404896169422400,12
Nifty Trans Logis,2026-01,24460.45,-5.246041983830918042820563480,1
Nifty Trans Logis,2026-02,25197.50,3.013231563605739060401587100,2
Nifty Trans Logis,2026-03,21520.00,-14.59470185534279194364520290,3
Nifty Trans Logis,2026-04,23584.35,9.592704460966542750929368000,4
Nifty Trans Logis,2026-05,23989.15,1.716392438205844129687695400,5
