SYMBOL,INDEX_TAGS,LAST_DATE,CLOSE,PEAK_52_ROLL,DD_VS_PEAK_PCT,PCT_OF_52W_RANGE,ABOVE_SMA50,RS_PULLBACK_60D_BPS,RECOVERY_FROM_TROUGH_PCT,RECOVERY_VELOCITY,VOL_RATIO_10_50,SLOW_PULLBACK_SCORE,MAX_1D_DROP_60D_PCT,ENHANCED_FUND_SCORE,SALES_GROWTH,EARNINGS_QUALITY,RS_Z,REC_Z,VOL_Z,SLOW_Z,PEAK_Z,COMPOSITE,TECHNICAL_SCORE,TRADING_SIGNAL,CAN_SLIM_SCORE,MINERVINI_SCORE,TREND_SIGNAL,RELATIVE_STRENGTH,ANALYSIS_DATE,pnl_summary,quarterly_summary,balance_sheet_summary,ratios_summary,SCREENER_DATA_COMPLETE,SCREENER_FETCH_AT,INDEX_NARRATIVE,APEX_GUIDANCE
ABB,NIFTY 500,22/04/26,7587.0,7822.5,-3.01,96.99,21.75,60.4837,61.61,1.080959,1.4311,94.9218,-12.16,61.29,73.0,55.43,2.218261428,-0.143937514,-0.032028041,1.445439584,1.251763755,0.947899842,78.7,BUY,20.0,16.0,STRONG_BULLISH,34.14,22/04/26,Sales: 13203 Cr (YoY +8.3%); NetProfit: 1668 Cr (YoY -10.9%); EPS: 78.73,"Sales last 3Q: 3175, 3311, 3557 Cr; Net Profit last 3Q: 352, 409, 433 Cr",Debt: 85 Cr,ROCE: 30%; EPS: 78.73; NPM: 12.63%,True,2026-04-23T19:41:35Z (refill REVIEW_DATA),ABB vs Nifty 500: stock 60-session return 61.72% vs index 0.20% (+61.52 percentage points excess). Index membership tag: NIFTY 500.,BUY
BALRAMCHIN,NIFTY 500,22/04/26,541.55,627.8,-13.74,86.26,12.82,35.4516,36.14,0.612479,1.2672,157.4009,-7.32,69.75,82.0,71.09,1.012608281,-0.762934319,-0.101271237,2.561528996,0.071770116,0.556340368,78.7,BUY,20.0,12.0,STRONG_BULLISH,24.93,22/04/26,Sales: 6171 Cr (YoY +14%); NetProfit: 448 Cr (YoY +2.5%); EPS: 22.19,"Sales last 3Q: 1542, 1671, 1454 Cr; Net Profit last 3Q: 52, 54, 113 Cr",Debt: 774 Cr,ROCE: 10%; EPS: 22.19; NPM: 7.26%,True,2026-04-23T19:41:35Z (refill REVIEW_DATA),BALRAMCHIN vs Nifty 500: stock 60-session return 31.80% vs index 0.20% (+31.60 percentage points excess). Index membership tag: NIFTY 500.,BUY
AZAD,NIFTY MICROCAP 250,22/04/26,1950.4,1985.0,-1.74,98.26,19.69,38.2129,42.73,2.373867,1.7967,32.4506,-8.86,55.24,51.0,52.39,1.145604315,1.564365765,0.1224278,0.329491293,1.391427494,0.910663333,76.7,BUY,20.0,14.0,STRONG_BULLISH,31.13,22/04/26,Sales: 568 Cr (YoY +24.3%); NetProfit: 122 Cr (YoY +40.2%); EPS: 18.92,"Sales last 3Q: 137, 146, 159 Cr; Net Profit last 3Q: 29, 33, 35 Cr",Debt: 312 Cr,ROCE: 12%; EPS: 18.92; NPM: 21.48%,True,2026-04-23T19:41:35Z (refill REVIEW_DATA),AZAD vs NIFTY MICROCAP250: stock 60-session return 33.14% vs index 10.03% (+23.12 percentage points excess). Index membership tag: NIFTY MICROCAP 250.,BUY
CHENNPETRO,NIFTY 500,22/04/26,1071.4,1103.0,-2.86,97.14,11.49,28.6256,29.48,0.508313,0.8746,121.1331,-15.1,68.3,82.0,71.74,0.683838885,-0.900567561,-0.267133828,1.913662629,1.268259472,0.539611919,76.0,BUY,14.0,14.0,BULLISH,23.93,22/04/26,Sales: 64072 Cr (YoY +8.6%); NetProfit: 2151 Cr (YoY +905.1%); EPS: 144.43,"Sales last 3Q: 14812, 16327, 15683 Cr; Net Profit last 3Q: -40, 719, 1002 Cr",Debt: 1933 Cr,ROCE: 4%; EPS: 144.43; NPM: 3.36%,True,2026-04-23T16:04:02Z,CHENNPETRO vs Nifty 500: stock 60-session return 33.30% vs index 0.20% (+33.10 percentage points excess). Index membership tag: NIFTY 500.,BUY
CEIGALL,NIFTY MICROCAP 250,22/04/26,326.35,333.45,-2.13,97.87,14.47,20.3426,23.92,1.32903,1.1071,40.0129,-5.78,52.84,47.0,53.04,0.28489413,0.183835616,-0.168909038,0.464579714,1.348538629,0.42258781,76.0,BUY,18.0,15.0,STRONG_BULLISH,18.16,22/04/26,Sales: 3648 Cr (YoY +6.1%); NetProfit: 252 Cr (YoY -12.2%); EPS: 14.88,"Sales last 3Q: 838, 807, 991 Cr; Net Profit last 3Q: 51, 56, 72 Cr",Debt: 1343 Cr,ROCE: 22%; EPS: 14.88; NPM: 6.91%,True,2026-04-23T19:41:35Z (refill REVIEW_DATA),CEIGALL vs NIFTY MICROCAP250: stock 60-session return 17.48% vs index 10.03% (+7.45 percentage points excess). Index membership tag: NIFTY MICROCAP 250.,BUY
ASTERDM,NIFTY 500,22/04/26,684.3,732.2,-6.54,93.46,5.79,19.6741,27.21,0.555207,0.501,130.4558,-22.18,60.89,56.0,64.13,0.252696307,-0.838607101,-0.424969447,2.080197786,0.863564543,0.386576418,75.3,BUY,14.0,15.0,STRONG_BULLISH,28.95,22/04/26,Sales: 4461 Cr (YoY +7.8%); NetProfit: 359 Cr (YoY -93.4%); EPS: 6.36,"Sales last 3Q: 1078, 1197, 1186 Cr; Net Profit last 3Q: 94, 121, 59 Cr",Debt: 2089 Cr,ROCE: 139%; EPS: 6.36; NPM: 8.05%,True,2026-04-23T19:41:35Z (refill REVIEW_DATA),ASTERDM vs Nifty 500: stock 60-session return 24.06% vs index 0.20% (+23.86 percentage points excess). Index membership tag: NIFTY 500.,BUY
DATAPATTNS,"NIFTY 500,NIFTY INDIA DEFENCE",22/04/26,3828.3,3885.0,-1.46,98.54,20.86,72.1739,75.41,1.322964,1.1716,67.8618,-11.98,52.76,47.0,52.39,2.781311528,0.175820686,-0.14165958,0.962055869,1.422219499,1.0399496,73.3,BUY,20.0,9.0,STRONG_BULLISH,48.51,22/04/26,Sales: 976 Cr (YoY +37.9%); NetProfit: 247 Cr (YoY +11.3%); EPS: 44.13,"Sales last 3Q: 99, 307, 173 Cr; Net Profit last 3Q: 26, 49, 58 Cr",,,True,2026-04-23T16:04:02Z,DATAPATTNS vs Nifty 500: stock 60-session return 70.10% vs index 0.20% (+69.91 percentage points excess). Index membership tag: NIFTY 500.,BUY
AUROPHARMA,"NIFTY 500,NIFTY MIDCAP SELECT",22/04/26,1421.2,1425.1,-0.27,99.73,12.46,26.0159,26.7,0.452552,0.8432,123.4996,-6.92,67.41,70.0,70.43,0.558144556,-0.974243877,-0.280399455,1.955936374,1.553085522,0.562504624,71.3,BUY,13.0,13.0,STRONG_BULLISH,19.5,22/04/26,Sales: 33182 Cr (YoY +4.6%); NetProfit: 3485 Cr (YoY +0%); EPS: 60.04,"Sales last 3Q: 7868, 8286, 8646 Cr; Net Profit last 3Q: 824, 848, 910 Cr",Debt: 7794 Cr,ROCE: 11%; EPS: 60.04; NPM: 10.5%,True,2026-04-23T19:41:35Z (refill REVIEW_DATA),AUROPHARMA vs Nifty 500: stock 60-session return 24.48% vs index 0.20% (+24.29 percentage points excess). Index membership tag: NIFTY 500. AUROPHARMA vs NIFTY MID SELECT: stock 60-session return 24.48% vs index 4.75% (+19.73 percentage points excess). Index membership tag: NIFTY MIDCAP SELECT.,BUY
SANSERA,NIFTY MICROCAP 250,22/04/26,2547.0,2567.9,-0.81,99.19,16.03,47.4915,54.69,0.976639,1.2897,19.5088,-6.82,48.59,39.29,49.57,1.592501431,-0.281774235,-0.091765612,0.098306689,1.49370094,0.562193843,70.0,BUY,20.0,16.0,STRONG_BULLISH,36.34,22/04/26,Sales: 3281 Cr (YoY +8.8%); NetProfit: 263 Cr (YoY +21.2%); EPS: 42.21,"Sales last 3Q: 766, 825, 908 Cr; Net Profit last 3Q: 63, 71, 69 Cr",Debt: 439 Cr,ROCE: 13%; EPS: 42.21; NPM: 8.02%,True,2026-04-23T19:41:35Z (refill REVIEW_DATA),SANSERA vs NIFTY MICROCAP250: stock 60-session return 44.80% vs index 10.03% (+34.77 percentage points excess). Index membership tag: NIFTY MICROCAP 250.,BUY
TIMKEN,NIFTY 500,22/04/26,3633.0,3653.0,-0.55,99.45,9.5,18.1651,23.5,0.443476,1.2096,92.9435,-7.12,,,,0.180016404,-0.986235883,-0.125605636,1.410100412,1.522293517,0.400113763,70.0,BUY,18.0,18.0,STRONG_BULLISH,14.14,22/04/26,,"Sales last 3Q: 683, 786, 780 Cr; Net Profit last 3Q: 78, 94, 55 Cr",,ROCE: 21%; EPS: 61.45; NPM: 14.46%,False,2026-04-24T02:05:29Z (refill REVIEW_DATA),TIMKEN vs Nifty 500: stock 60-session return 21.62% vs index 0.20% (+21.42 percentage points excess). Index membership tag: NIFTY 500.,REVIEW_DATA
CGPOWER,NIFTY 500,22/04/26,824.35,835.0,-1.28,98.72,16.25,42.6058,55.35,0.988343,1.0134,33.6413,-8.63,55.37,51.0,53.04,1.357185194,-0.266309885,-0.208494684,0.350761248,1.44201436,0.535031246,68.7,BUY,16.0,11.0,STRONG_BULLISH,25.42,22/04/26,Sales: 11729 Cr (YoY +18.4%); NetProfit: 1109 Cr (YoY +14%); EPS: 7.17,"Sales last 3Q: 2878, 2923, 3175 Cr; Net Profit last 3Q: 267, 284, 284 Cr",Debt: 117 Cr,ROCE: 36%; EPS: 7.17; NPM: 9.46%,True,2026-04-23T16:04:02Z,CGPOWER vs Nifty 500: stock 60-session return 43.68% vs index 0.20% (+43.48 percentage points excess). Index membership tag: NIFTY 500.,BUY
ASTRAMICRO,"NIFTY INDIA DEFENCE,NIFTY MICROCAP 250",22/04/26,1129.75,1195.9,-5.53,94.47,17.01,26.913,32.03,2.287601,1.2865,49.3161,-16.96,71.97,94.0,73.91,0.601352734,1.450383571,-0.093117523,0.630766535,0.974635705,0.712804204,68.0,BUY,13.0,8.0,STRONG_BULLISH,20.94,22/04/26,Sales: 1082 Cr (YoY +2.9%); NetProfit: 160 Cr (YoY +3.9%); EPS: 16.9,"Sales last 3Q: 200, 215, 260 Cr; Net Profit last 3Q: 16, 24, 47 Cr",Debt: 278 Cr,ROCE: 18%; EPS: 16.9; NPM: 14.79%,True,2026-04-23T19:41:35Z (refill REVIEW_DATA),ASTRAMICRO vs Nifty 500: stock 60-session return 26.96% vs index 0.20% (+26.76 percentage points excess). Index membership tag: NIFTY INDIA DEFENCE. NIFTY INDIA DEFENCE series not found in data/nse_index_data.csv; using Nifty 500 as liquid broad benchmark for excess return. ASTRAMICRO vs NIFTY MICROCAP250: stock 60-session return 26.96% vs index 10.03% (+16.93 percentage points excess). Index membership tag: NIFTY MICROCAP 250.,BUY
DYNAMATECH,"NIFTY INDIA DEFENCE,NIFTY MICROCAP 250",22/04/26,11541.0,11800.0,-2.19,97.81,17.09,43.3977,46.1,0.808734,0.9825,4.3094,-9.19,,,,1.395326489,-0.503625025,-0.221549076,-0.173206335,1.341940342,0.367777279,68.0,BUY,20.0,16.0,STRONG_BULLISH,32.75,22/04/26,Sales: 1569 Cr (YoY +11.8%); NetProfit: 36 Cr (YoY -16.3%); EPS: 56.67,"Sales last 3Q: 371, 392, 425 Cr; Net Profit last 3Q: 11, 3, 6 Cr",Debt: 594 Cr,ROCE: 10%; EPS: 56.67; NPM: 2.29%,True,2026-04-24T02:05:29Z (refill REVIEW_DATA),DYNAMATECH vs Nifty 500: stock 60-session return 38.17% vs index 0.20% (+37.97 percentage points excess). Index membership tag: NIFTY INDIA DEFENCE. NIFTY INDIA DEFENCE series not found in data/nse_index_data.csv; using Nifty 500 as liquid broad benchmark for excess return. DYNAMATECH vs NIFTY MICROCAP250: stock 60-session return 38.17% vs index 10.03% (+28.14 percentage points excess). Index membership tag: NIFTY MICROCAP 250.,BUY
ELGIEQUIP,NIFTY 500,22/04/26,554.7,608.4,-8.83,91.17,9.54,29.8023,31.73,0.587526,0.8511,21.9358,-9.74,,,,0.740513797,-0.795904408,-0.277061925,0.141661171,0.611729927,0.084187712,68.0,BUY,18.0,18.0,BULLISH,14.93,22/04/26,Sales: 3831 Cr (YoY +9.1%); NetProfit: 404 Cr (YoY +15.4%); EPS: 12.75,"Sales last 3Q: 867, 968, 1003 Cr; Net Profit last 3Q: 86, 121, 95 Cr",Debt: 528 Cr,ROCE: 28%; EPS: 12.75; NPM: 10.55%,True,2026-04-23T19:41:35Z (refill REVIEW_DATA),ELGIEQUIP vs Nifty 500: stock 60-session return 33.49% vs index 0.20% (+33.29 percentage points excess). Index membership tag: NIFTY 500.,HOLD
BANDHANBNK,NIFTY 500,22/04/26,176.52,192.48,-8.29,91.71,5.39,27.2469,27.93,0.473417,0.7634,10.7317,-9.13,65.58,70.0,70.71,0.617434788,-0.946675212,-0.314112738,-0.058482195,0.671114509,-0.00614417,66.7,BUY,13.0,11.0,BULLISH,14.5,22/04/26,Revenue: 21695 Cr (YoY -1.2%); NetProfit: 1007 Cr (YoY -63.3%); EPS: 6.25,"Sales last 3Q: 5476, 5354, 5431 Cr; Net Profit last 3Q: 372, 112, 206 Cr",,ROE: 12%; EPS: 6.25; NPM: 4.64%,True,2026-04-23T19:41:35Z (refill REVIEW_DATA),BANDHANBNK vs Nifty 500: stock 60-session return 26.64% vs index 0.20% (+26.44 percentage points excess). Index membership tag: NIFTY 500.,HOLD
CIEINDIA,NIFTY MICROCAP 250,22/04/26,471.7,526.0,-10.32,89.68,1.7,17.3141,18.0,0.305064,1.2148,36.5405,-7.17,55.88,53.0,56.96,0.139028599,-1.169117939,-0.123408781,0.402550829,0.447872469,-0.060614965,66.7,BUY,10.0,12.0,STRONG_BULLISH,12.6,22/04/26,Sales: 9746 Cr (YoY +3.6%); NetProfit: 871 Cr (YoY +5.2%); EPS: 22.97,"Sales last 3Q: 2372, 2393, 2612 Cr; Net Profit last 3Q: 214, 204, 249 Cr",Debt: 426 Cr,ROCE: 15%; EPS: 22.97; NPM: 8.94%,True,2026-04-23T19:41:35Z (refill REVIEW_DATA),CIEINDIA vs NIFTY MICROCAP250: stock 60-session return 19.28% vs index 10.03% (+9.26 percentage points excess). Index membership tag: NIFTY MICROCAP 250.,HOLD
JKPAPER,NIFTY MICROCAP 250,22/04/26,384.3,444.8,-13.6,86.4,12.56,16.5157,25.42,1.81602,1.1223,16.9261,-7.98,,,,0.100574235,0.827289454,-0.16248746,0.052170876,0.087166119,0.180942645,66.0,BUY,18.0,16.0,BULLISH,16.5,22/04/26,Sales: 6875 Cr (YoY +2.3%); NetProfit: 268 Cr (YoY -35%); EPS: 15.33,"Sales last 3Q: 1674, 1749, 1763 Cr; Net Profit last 3Q: 85, 78, 28 Cr",Debt: 2118 Cr,ROCE: 9%; EPS: 15.33; NPM: 3.9%,True,2026-04-23T19:41:35Z (refill REVIEW_DATA),JKPAPER vs NIFTY MICROCAP250: stock 60-session return 17.18% vs index 10.03% (+7.16 percentage points excess). Index membership tag: NIFTY MICROCAP 250.,HOLD
APOLLOHOSP,NIFTY 500,22/04/26,7662.0,8099.5,-5.4,94.6,1.65,11.5544,12.78,0.228291,0.8616,83.6525,-6.57,51.11,45.83,51.2,-0.138383222,-1.270557151,-0.272625966,1.244131524,0.988931994,0.110299436,65.3,BUY,8.0,12.0,BULLISH,9.98,22/04/26,Sales: 24215 Cr (YoY +11.1%); NetProfit: 1866 Cr (YoY +24%); EPS: 125.32,"Sales last 3Q: 5842, 6304, 6477 Cr; Net Profit last 3Q: 441, 494, 516 Cr",Debt: 7987 Cr,ROCE: 16%; EPS: 125.32; NPM: 7.71%,True,2026-04-23T19:41:35Z (refill REVIEW_DATA),APOLLOHOSP vs Nifty 500: stock 60-session return 10.84% vs index 0.20% (+10.65 percentage points excess). Index membership tag: NIFTY 500.,HOLD
TRIVENI,NIFTY 500,22/04/26,411.4,468.1,-12.11,87.89,7.95,24.723,25.41,0.430639,0.5619,47.5107,-10.27,,,,0.495872955,-1.003197252,-0.399240889,0.598515945,0.251023577,-0.011405133,65.3,BUY,11.0,18.0,STRONG_BULLISH,11.46,22/04/26,Sales: 6412 Cr (YoY +12.7%); NetProfit: 288 Cr (YoY +21%); EPS: 13.58,"Sales last 3Q: 1598, 1706, 1478 Cr; Net Profit last 3Q: 2, 21, 78 Cr",Debt: 768 Cr,ROCE: 9%; EPS: 13.58; NPM: 4.49%,True,2026-04-23T19:41:35Z (refill REVIEW_DATA),TRIVENI vs Nifty 500: stock 60-session return 24.31% vs index 0.20% (+24.11 percentage points excess). Index membership tag: NIFTY 500.,HOLD
NEOGEN,NIFTY MICROCAP 250,22/04/26,1658.6,1797.9,-7.75,92.25,22.96,32.9871,49.15,3.511048,2.1877,67.966,-9.97,,,,0.893907405,3.066908894,0.287614436,0.963917235,0.73049909,1.188569412,64.7,HOLD,20.0,14.0,BULLISH,27.7,22/04/26,Sales: 818 Cr (YoY +5.1%); NetProfit: 20 Cr (YoY -42.9%); EPS: 7.48,"Sales last 3Q: 187, 209, 220 Cr; Net Profit last 3Q: 10, 3, 4 Cr",Debt: 1132 Cr,ROCE: 11%; EPS: 7.48; NPM: 2.44%,True,2026-04-23T16:04:02Z,NEOGEN vs NIFTY MICROCAP250: stock 60-session return 37.59% vs index 10.03% (+27.56 percentage points excess). Index membership tag: NIFTY MICROCAP 250.,HOLD
AVANTIFEED,NIFTY MICROCAP 250,22/04/26,1442.7,1593.8,-9.48,90.52,13.18,92.5384,93.22,1.580052,1.2253,36.1348,-15.43,60.0,56.0,68.81,3.762153068,0.515507866,-0.118972822,0.395303646,0.540248485,1.018848049,64.7,HOLD,15.0,8.0,STRONG_BULLISH,36.93,22/04/26,Sales: 5981 Cr (YoY +6.6%); NetProfit: 675 Cr (YoY +21.2%); EPS: 46.44,"Sales last 3Q: 1606, 1609, 1384 Cr; Net Profit last 3Q: 186, 169, 163 Cr",Debt: 15 Cr,ROCE: 29%; EPS: 46.44; NPM: 11.29%,True,2026-04-23T19:41:35Z (refill REVIEW_DATA),AVANTIFEED vs NIFTY MICROCAP250: stock 60-session return 83.82% vs index 10.03% (+73.79 percentage points excess). Index membership tag: NIFTY MICROCAP 250.,HOLD
NETWEB,NIFTY 500,22/04/26,4019.6,4479.0,-10.26,89.74,19.69,28.4176,32.49,0.580248,0.8675,35.6192,-12.02,,,,0.673820715,-0.805520739,-0.27013338,0.386093275,0.454470756,0.087746125,64.7,HOLD,20.0,11.0,STRONG_BULLISH,27.04,22/04/26,Sales: 1825 Cr (YoY +58.8%); NetProfit: 178 Cr (YoY +56.1%); EPS: 31.39,"Sales last 3Q: 301, 304, 805 Cr; Net Profit last 3Q: 30, 31, 73 Cr",Debt: 18 Cr,ROCE: 32%; EPS: 31.39; NPM: 9.75%,True,2026-04-23T19:41:35Z (refill REVIEW_DATA),NETWEB vs Nifty 500: stock 60-session return 24.26% vs index 0.20% (+24.07 percentage points excess). Index membership tag: NIFTY 500.,WEAK_HOLD
VOLTAMP,NIFTY MICROCAP 250,22/04/26,11051.0,11168.0,-1.05,98.95,25.83,62.3455,63.03,1.068308,1.9777,100.9468,-13.95,,,,2.30793369,-0.160653124,0.198895271,1.553066594,1.467307793,1.073310045,64.0,HOLD,20.0,14.0,STRONG_BULLISH,46.28,22/04/26,Sales: 2161 Cr (YoY +11.7%); NetProfit: 354 Cr (YoY +8.9%); EPS: 350.21,"Sales last 3Q: 424, 483, 630 Cr; Net Profit last 3Q: 80, 79, 99 Cr",Debt: 1 Cr,ROCE: 29%; EPS: 350.21; NPM: 16.38%,True,2026-04-23T16:04:02Z,VOLTAMP vs NIFTY MICROCAP250: stock 60-session return 59.90% vs index 10.03% (+49.88 percentage points excess). Index membership tag: NIFTY MICROCAP 250.,HOLD
WELCORP,NIFTY 500,22/04/26,1139.2,1151.0,-1.03,98.97,32.54,51.1378,57.82,1.032441,2.6101,53.3212,-14.34,,,,1.768122856,-0.208043745,0.466066699,0.702311255,1.469507222,0.839592857,64.0,HOLD,20.0,14.0,STRONG_BULLISH,41.97,22/04/26,Sales: 16383 Cr (YoY +17.2%); NetProfit: 1948 Cr (YoY +2.4%); EPS: 73.77,"Sales last 3Q: 3551, 4374, 4532 Cr; Net Profit last 3Q: 349, 444, 456 Cr",Debt: 1545 Cr,ROCE: 18%; EPS: 73.77; NPM: 11.89%,True,2026-04-23T19:41:35Z (refill REVIEW_DATA),WELCORP vs Nifty 500: stock 60-session return 50.17% vs index 0.20% (+49.98 percentage points excess). Index membership tag: NIFTY 500.,HOLD
ADANIENSOL,NIFTY 500,22/04/26,1368.1,1383.4,-1.11,98.89,31.71,51.4447,68.34,1.198949,2.1443,10.1727,-20.0,10.0,10.0,10.0,1.782904474,0.011961207,0.269279142,-0.068467838,1.460709506,0.691277298,64.0,HOLD,20.0,14.0,STRONG_BULLISH,40.76,22/04/26,Sales: 27588 Cr (YoY +16.1%); NetProfit: 2393 Cr (YoY +159.5%); EPS: 19,"Sales last 3Q: 6596, 6730, 7443 Cr; Net Profit last 3Q: 557, 574, 723 Cr",Debt: 49176 Cr,ROCE: 5%; EPS: 19; NPM: 8.67%,True,2026-04-23T19:41:35Z (refill REVIEW_DATA),ADANIENSOL vs Nifty 500: stock 60-session return 54.50% vs index 0.20% (+54.30 percentage points excess). Index membership tag: NIFTY 500.,HOLD
CCL,NIFTY 500,22/04/26,1121.6,1183.1,-5.2,94.8,6.91,18.59,21.17,0.371384,0.9086,82.4405,-8.59,55.23,55.0,51.9,0.200481407,-1.081490147,-0.252769772,1.222481078,1.010926283,0.21992577,63.3,HOLD,11.0,10.0,STRONG_BULLISH,14.15,22/04/26,Sales: 4069 Cr (YoY +31%); NetProfit: 375 Cr (YoY +21%); EPS: 28.12,"Sales last 3Q: 1056, 1127, 1051 Cr; Net Profit last 3Q: 72, 101, 100 Cr",Debt: 1628 Cr,ROCE: 10%; EPS: 28.12; NPM: 9.22%,True,2026-04-23T19:41:35Z (refill REVIEW_DATA),CCL vs Nifty 500: stock 60-session return 17.99% vs index 0.20% (+17.79 percentage points excess). Index membership tag: NIFTY 500.,WEAK_HOLD
SUNFLAG,NIFTY MICROCAP 250,22/04/26,297.31,322.0,-7.67,92.33,24.71,22.425,53.17,3.798116,2.2472,-63.3739,-11.63,,,,0.385191433,3.446208276,0.312751532,-1.382260475,0.739296806,0.700237514,62.7,HOLD,18.0,14.0,BULLISH,21.23,22/04/26,Sales: 3822 Cr (YoY +8.1%); NetProfit: 211 Cr (YoY +30.2%); EPS: 11.73,"Sales last 3Q: 1023, 973, 942 Cr; Net Profit last 3Q: 63, 46, 60 Cr",Debt: 580 Cr,ROCE: 4%; EPS: 11.73; NPM: 5.52%,True,2026-04-23T19:41:35Z (refill REVIEW_DATA),SUNFLAG vs NIFTY MICROCAP250: stock 60-session return 19.79% vs index 10.03% (+9.76 percentage points excess). Index membership tag: NIFTY MICROCAP 250.,HOLD
NTPC,"NIFTY 500,NIFTY CPSE",22/04/26,405.4,407.25,-0.45,99.55,7.55,19.0083,20.4,0.357964,1.0722,98.419,-15.45,,,,0.220628527,-1.099221827,-0.183653318,1.507911481,1.533290662,0.395791105,62.7,HOLD,12.0,18.0,STRONG_BULLISH,12.7,22/04/26,Sales: 187531 Cr (YoY -0.3%); NetProfit: 24828 Cr (YoY +3.7%); EPS: 24.94,"Sales last 3Q: 47065, 44786, 45846 Cr; Net Profit last 3Q: 6108, 5225, 5597 Cr",Debt: 254876 Cr,ROCE: 12%; EPS: 24.94; NPM: 13.24%,True,2026-04-23T19:41:35Z (refill REVIEW_DATA),NTPC vs Nifty 500: stock 60-session return 19.68% vs index 0.20% (+19.48 percentage points excess). Index membership tag: NIFTY 500. NTPC vs Nifty CPSE: stock 60-session return 19.68% vs index 15.59% (+4.08 percentage points excess). Index membership tag: NIFTY CPSE.,HOLD
CUMMINSIND,"NIFTY 500,NIFTY MIDCAP SELECT",22/04/26,5211.8,5272.7,-1.16,98.84,10.32,29.5875,32.67,0.583449,1.0602,49.0893,-12.56,53.02,51.0,50.65,0.730168109,-0.801291297,-0.188722985,0.626715115,1.455210934,0.364415975,62.7,HOLD,15.0,10.0,STRONG_BULLISH,26.33,22/04/26,Sales: 11602 Cr (YoY +11.7%); NetProfit: 2242 Cr (YoY +12.1%); EPS: 80.87,"Sales last 3Q: 2907, 3170, 3055 Cr; Net Profit last 3Q: 604, 622, 486 Cr",Debt: 24 Cr,ROCE: 38%; EPS: 80.87; NPM: 19.32%,True,2026-04-23T19:41:35Z (refill REVIEW_DATA),CUMMINSIND vs Nifty 500: stock 60-session return 29.62% vs index 0.20% (+29.42 percentage points excess). Index membership tag: NIFTY 500. CUMMINSIND vs NIFTY MID SELECT: stock 60-session return 29.62% vs index 4.75% (+24.87 percentage points excess). Index membership tag: NIFTY MIDCAP SELECT.,HOLD
DEEPAKNTR,NIFTY 500,22/04/26,1745.5,2174.0,-19.71,80.29,15.43,9.04,35.65,2.546183,2.2318,25.2856,-15.09,59.32,57.0,61.3,-0.259487495,1.792044755,0.30624546,0.201500002,-0.584759429,0.291108659,62.7,HOLD,14.0,9.0,BEARISH,9.65,22/04/26,Sales: 7946 Cr (YoY -4.1%); NetProfit: 533 Cr (YoY -23.5%); EPS: 39.09,"Sales last 3Q: 1890, 1902, 1975 Cr; Net Profit last 3Q: 112, 119, 100 Cr",Debt: 1244 Cr,ROCE: 10%; EPS: 39.09; NPM: 6.71%,True,2026-04-23T16:04:02Z,DEEPAKNTR vs Nifty 500: stock 60-session return 8.86% vs index 0.20% (+8.67 percentage points excess). Index membership tag: NIFTY 500.,HOLD
NATIONALUM,NIFTY 500,22/04/26,435.95,440.0,-0.92,99.08,14.19,19.9101,28.62,0.773454,0.7588,70.1596,-19.19,,,,0.264063077,-0.550240051,-0.31605611,1.003102399,1.481604081,0.376494679,62.0,HOLD,13.0,16.0,STRONG_BULLISH,18.59,22/04/26,Sales: 18098 Cr (YoY +7.8%); NetProfit: 6142 Cr (YoY +16.6%); EPS: 33.45,"Sales last 3Q: 3807, 4292, 4731 Cr; Net Profit last 3Q: 1049, 1430, 1595 Cr",Debt: 56 Cr,ROCE: 44%; EPS: 33.45; NPM: 33.94%,True,2026-04-23T19:41:35Z (refill REVIEW_DATA),NATIONALUM vs Nifty 500: stock 60-session return 21.45% vs index 0.20% (+21.26 percentage points excess). Index membership tag: NIFTY 500.,HOLD
EDELWEISS,NIFTY MICROCAP 250,22/04/26,121.98,130.7,-6.67,93.33,7.82,16.4911,22.38,1.598848,0.59,-24.6062,-21.8,,,,0.099389394,0.540342788,-0.38736942,-0.689737383,0.849268254,0.082378727,62.0,HOLD,14.0,18.0,BULLISH,13.93,22/04/26,Sales: 10796 Cr (YoY +14.7%); NetProfit: 707 Cr (YoY +31.9%); EPS: 5.97,"Sales last 3Q: 2246, 1861, 4404 Cr; Net Profit last 3Q: 103, 175, 270 Cr",Debt: 19459 Cr,ROCE: 3%; EPS: 5.97; NPM: 6.55%,True,2026-04-23T19:41:35Z (refill REVIEW_DATA),EDELWEISS vs NIFTY MICROCAP250: stock 60-session return 19.47% vs index 10.03% (+9.44 percentage points excess). Index membership tag: NIFTY MICROCAP 250.,WEAK_HOLD
APARINDS,NIFTY 500,22/04/26,11789.0,12327.5,-4.37,95.63,15.49,68.5516,69.24,1.173496,1.0784,65.2471,-19.97,57.41,58.6,57.96,2.606846046,-0.021669526,-0.181033991,0.915348426,1.102202585,0.884338708,61.3,HOLD,15.0,8.0,STRONG_BULLISH,26.71,22/04/26,Sales: 21509 Cr (YoY +15.8%); NetProfit: 974 Cr (YoY +18.6%); EPS: 242.35,"Sales last 3Q: 5104, 5715, 5480 Cr; Net Profit last 3Q: 263, 252, 209 Cr",Debt: 704 Cr,ROCE: 33%; EPS: 242.35; NPM: 4.53%,True,2026-04-23T19:41:35Z (refill REVIEW_DATA),APARINDS vs Nifty 500: stock 60-session return 67.58% vs index 0.20% (+67.38 percentage points excess). Index membership tag: NIFTY 500.,HOLD
BHARATFORG,"NIFTY 500,NIFTY INDIA DEFENCE,NIFTY MIDCAP SELECT",22/04/26,1903.2,1935.5,-1.67,98.33,7.73,37.2284,37.91,0.642594,0.8095,15.3671,-13.93,54.83,53.0,55.22,1.098186579,-0.723143743,-0.294636769,0.024321829,1.399125495,0.300770678,61.3,HOLD,13.0,13.0,BULLISH,21.93,22/04/26,Sales: 16136 Cr (YoY +6.7%); NetProfit: 1139 Cr (YoY +24.8%); EPS: 23.62,"Sales last 3Q: 3909, 4032, 4343 Cr; Net Profit last 3Q: 284, 299, 273 Cr",Debt: 6658 Cr,ROCE: 15%; EPS: 23.62; NPM: 7.06%,True,2026-04-23T16:04:02Z,BHARATFORG vs Nifty 500: stock 60-session return 36.52% vs index 0.20% (+36.32 percentage points excess). Index membership tag: NIFTY 500. BHARATFORG vs NIFTY MID SELECT: stock 60-session return 36.52% vs index 4.75% (+31.77 percentage points excess). Index membership tag: NIFTY MIDCAP SELECT.,HOLD
ATGL,NIFTY 500,22/04/26,629.1,798.0,-21.17,78.83,16.92,18.4292,34.45,1.230422,1.1105,100.3992,-20.0,52.51,47.0,50.22,0.192736591,0.053546091,-0.167472633,1.543284594,-0.745317743,0.17535538,61.3,HOLD,13.0,14.0,BULLISH,16.92,22/04/26,Sales: 5678 Cr (YoY +13.6%); NetProfit: 642 Cr (YoY -1.8%); EPS: 5.84,"Sales last 3Q: 1379, 1451, 1507 Cr; Net Profit last 3Q: 165, 163, 159 Cr",Debt: 2007 Cr,ROCE: 17%; EPS: 5.84; NPM: 11.31%,True,2026-04-23T19:41:35Z (refill REVIEW_DATA),ATGL vs Nifty 500: stock 60-session return 18.19% vs index 0.20% (+17.99 percentage points excess). Index membership tag: NIFTY 500.,WEAK_HOLD
DELHIVERY,NIFTY 500,22/04/26,462.7,490.0,-5.57,94.43,6.73,21.561,22.25,0.377046,1.6046,39.6304,-10.37,53.74,47.0,51.96,0.343577492,-1.074009017,0.041270888,0.457746962,0.970236847,0.147764634,61.3,HOLD,9.0,10.0,STRONG_BULLISH,5.52,22/04/26,Sales: 9850 Cr (YoY +10.3%); NetProfit: 153 Cr (YoY -5.6%); EPS: 2.05,"Sales last 3Q: 2294, 2559, 2805 Cr; Net Profit last 3Q: 91, -50, 40 Cr",Debt: 1642 Cr,ROCE: 3%; EPS: 2.05; NPM: 1.55%,True,2026-04-23T16:04:02Z,DELHIVERY vs Nifty 500: stock 60-session return 20.23% vs index 0.20% (+20.03 percentage points excess). Index membership tag: NIFTY 500.,WEAK_HOLD
SAILIFE,NIFTY 500,22/04/26,1006.0,1084.0,-7.2,92.8,3.91,23.7741,26.54,0.465629,0.6892,55.932,-7.87,,,,0.450169867,-0.9569654,-0.345460176,0.74894903,0.790983387,0.137535342,61.3,HOLD,13.0,10.0,STRONG_BULLISH,26.51,22/04/26,Sales: 2170 Cr (YoY +28%); NetProfit: 333 Cr (YoY +95.9%); EPS: 15.89,"Sales last 3Q: 496, 537, 556 Cr; Net Profit last 3Q: 60, 84, 100 Cr",Debt: 418 Cr,ROCE: 14%; EPS: 15.89; NPM: 15.35%,True,2026-04-23T19:41:35Z (refill REVIEW_DATA),SAILIFE vs Nifty 500: stock 60-session return 22.47% vs index 0.20% (+22.27 percentage points excess). Index membership tag: NIFTY 500.,WEAK_HOLD
GRANULES,NIFTY 500,22/04/26,672.75,689.9,-2.49,97.51,12.06,24.4665,25.15,0.426291,1.4579,14.4728,-16.52,,,,0.483518816,-1.00894221,-0.020705786,0.008346586,1.308948908,0.154233263,60.7,HOLD,14.0,13.0,STRONG_BULLISH,17.76,22/04/26,Sales: 5092 Cr (YoY +13.6%); NetProfit: 545 Cr (YoY +8.6%); EPS: 22.48,"Sales last 3Q: 1210, 1297, 1388 Cr; Net Profit last 3Q: 113, 131, 150 Cr",Debt: 1807 Cr,ROCE: 11%; EPS: 22.48; NPM: 10.7%,True,2026-04-23T16:04:02Z,GRANULES vs Nifty 500: stock 60-session return 21.71% vs index 0.20% (+21.51 percentage points excess). Index membership tag: NIFTY 500.,WEAK_HOLD
ARE&M,NIFTY 500,22/04/26,898.7,1109.0,-18.96,81.04,12.77,4.8461,33.65,2.403259,10.2699,31.5338,-9.54,54.31,51.0,51.3,-0.461483681,1.603201049,3.702119358,0.313114124,-0.502280843,0.930934002,59.3,HOLD,11.0,12.0,BEARISH,3.78,22/04/26,Sales: 13338 Cr (YoY +3.8%); NetProfit: 743 Cr (YoY -21.4%); EPS: 40.6,"Sales last 3Q: 3401, 3467, 3410 Cr; Net Profit last 3Q: 165, 276, 140 Cr",Debt: 310 Cr,ROCE: 17%; EPS: 40.6; NPM: 5.57%,True,2026-04-23T19:41:35Z (refill REVIEW_DATA),ARE&M vs Nifty 500: stock 60-session return 5.20% vs index 0.20% (+5.01 percentage points excess). Index membership tag: NIFTY 500.,HOLD
ANANDRATHI,NIFTY 500,22/04/26,3614.0,3735.0,-3.24,96.76,13.99,17.6713,25.88,0.497598,2.37,101.9733,-53.27,50.33,47.0,50.65,0.156232881,-0.914725157,0.36463112,1.571403378,1.226470321,0.480802509,59.3,HOLD,15.0,8.0,STRONG_BULLISH,24.58,22/04/26,Sales: 1149 Cr (YoY +17.2%); NetProfit: 397 Cr (YoY +31.9%); EPS: 47.69,"Sales last 3Q: 297, 290, 288 Cr; Net Profit last 3Q: 100, 100, 103 Cr",Debt: 83 Cr,ROCE: 57%; EPS: 47.69; NPM: 34.55%,True,2026-04-23T16:04:02Z,ANANDRATHI vs Nifty 500: stock 60-session return 17.84% vs index 0.20% (+17.64 percentage points excess). Index membership tag: NIFTY 500.,HOLD
KAJARIACER,NIFTY 500,22/04/26,1202.7,1321.9,-9.02,90.98,21.59,23.9862,36.11,0.656471,1.8092,16.9179,-8.02,,,,0.460385511,-0.704808236,0.127708703,0.052024396,0.590835351,0.105229145,59.3,HOLD,18.0,9.0,BULLISH,34.52,22/04/26,Sales: 4679 Cr (YoY +0.9%); NetProfit: 374 Cr (YoY +24.7%); EPS: 23.37,"Sales last 3Q: 1103, 1186, 1168 Cr; Net Profit last 3Q: 110, 134, 86 Cr",Debt: 290 Cr,ROCE: 17%; EPS: 23.37; NPM: 7.99%,True,2026-04-23T19:41:35Z (refill REVIEW_DATA),KAJARIACER vs Nifty 500: stock 60-session return 23.73% vs index 0.20% (+23.54 percentage points excess). Index membership tag: NIFTY 500.,WEAK_HOLD
AMBER,NIFTY 500,22/04/26,7803.5,8626.0,-9.54,90.46,7.5,34.2306,41.62,0.743291,0.9866,-22.5074,-11.09,59.89,78.33,69.2,0.953799691,-0.590094048,-0.21981694,-0.652245671,0.533650198,0.005058646,59.3,HOLD,15.0,8.0,BULLISH,24.43,22/04/26,Sales: 11793 Cr (YoY +18.2%); NetProfit: 183 Cr (YoY -27.1%); EPS: 47.89,"Sales last 3Q: 3449, 1647, 2943 Cr; Net Profit last 3Q: 106, -32, -9 Cr",Debt: 2793 Cr,ROCE: 12%; EPS: 47.89; NPM: 1.55%,True,2026-04-23T19:41:35Z (refill REVIEW_DATA),AMBER vs Nifty 500: stock 60-session return 29.35% vs index 0.20% (+29.15 percentage points excess). Index membership tag: NIFTY 500.,WEAK_HOLD
GAEL,NIFTY MICROCAP 250,22/04/26,154.95,159.57,-2.9,97.1,10.97,13.8555,22.14,0.962718,1.4568,25.942,-50.96,,,,-0.02755239,-0.300167879,-0.021170505,0.213225541,1.263860614,0.225639076,58.7,HOLD,14.0,10.0,STRONG_BULLISH,18.73,22/04/26,Sales: 5529 Cr (YoY +19.9%); NetProfit: 201 Cr (YoY -19.3%); EPS: 4.39,"Sales last 3Q: 1291, 1487, 1484 Cr; Net Profit last 3Q: 65, 38, 66 Cr",Debt: 288 Cr,ROCE: 12%; EPS: 4.39; NPM: 3.64%,True,2026-04-23T19:41:35Z (refill REVIEW_DATA),GAEL vs NIFTY MICROCAP250: stock 60-session return 12.61% vs index 10.03% (+2.58 percentage points excess). Index membership tag: NIFTY MICROCAP 250.,WEAK_HOLD
INOXINDIA,NIFTY 500,22/04/26,1592.9,1604.4,-0.72,99.28,30.55,43.417,48.4,0.864243,6.2619,138.4127,-9.9,,,,1.39625606,-0.430281673,2.008850727,2.222335106,1.503598371,1.340151718,58.0,HOLD,18.0,12.0,STRONG_BULLISH,43.25,22/04/26,Sales: 1496 Cr (YoY +14.5%); NetProfit: 248 Cr (YoY +9.7%); EPS: 27.34,"Sales last 3Q: 340, 358, 429 Cr; Net Profit last 3Q: 61, 61, 61 Cr",Debt: 99 Cr,ROCE: 37%; EPS: 27.34; NPM: 16.58%,True,2026-04-23T16:04:02Z,INOXINDIA vs Nifty 500: stock 60-session return 45.26% vs index 0.20% (+45.06 percentage points excess). Index membership tag: NIFTY 500.,HOLD
AETHER,NIFTY MICROCAP 250,22/04/26,1183.3,1250.0,-5.34,94.66,12.3,22.2109,29.03,0.936558,0.8707,64.2784,-8.41,10.0,10.0,10.0,0.37487946,-0.334732762,-0.268781469,0.898044146,0.99553028,0.332987931,58.0,HOLD,13.0,10.0,STRONG_BULLISH,16.57,22/04/26,Sales: 1094 Cr (YoY +30.4%); NetProfit: 216 Cr (YoY +36.7%); EPS: 16.27,"Sales last 3Q: 256, 280, 317 Cr; Net Profit last 3Q: 47, 54, 64 Cr",Debt: 215 Cr,ROCE: 10%; EPS: 16.27; NPM: 19.74%,True,2026-04-23T16:04:02Z,AETHER vs NIFTY MICROCAP250: stock 60-session return 22.44% vs index 10.03% (+12.41 percentage points excess). Index membership tag: NIFTY MICROCAP 250.,HOLD
SCHAEFFLER,NIFTY 500,22/04/26,4288.8,4467.7,-4.0,96.0,7.63,19.6757,20.36,0.345091,1.1928,21.3285,-6.75,,,,0.252773369,-1.116230762,-0.132703169,0.130812726,1.142892021,0.055508837,58.0,HOLD,12.0,14.0,BULLISH,13.89,22/04/26,Sales: 9686 Cr (YoY +17.7%); NetProfit: 1150 Cr (YoY +22.5%); EPS: 73.6,"Sales last 3Q: 2353, 2435, 2724 Cr; Net Profit last 3Q: 287, 289, 322 Cr",Debt: 55 Cr,ROCE: 28%; EPS: 73.6; NPM: 11.87%,True,2026-04-23T19:41:35Z (refill REVIEW_DATA),SCHAEFFLER vs Nifty 500: stock 60-session return 18.61% vs index 0.20% (+18.41 percentage points excess). Index membership tag: NIFTY 500.,WEAK_HOLD
WELENT,NIFTY MICROCAP 250,22/04/26,510.5,580.0,-11.98,88.02,8.49,8.6769,22.79,1.627867,1.9189,-15.5065,-10.4,,,,-0.276975946,0.578685232,0.174053905,-0.527185765,0.265319865,0.042779458,58.0,HOLD,14.0,14.0,BEARISH,9.95,22/04/26,Sales: 3470 Cr (YoY -3.2%); NetProfit: 335 Cr (YoY -5.4%); EPS: 21.66,"Sales last 3Q: 845, 784, 787 Cr; Net Profit last 3Q: 101, 98, 31 Cr",Debt: 1941 Cr,ROCE: 16%; EPS: 21.66; NPM: 9.65%,True,2026-04-23T19:41:35Z (refill REVIEW_DATA),WELENT vs NIFTY MICROCAP250: stock 60-session return 4.94% vs index 10.03% (-5.08 percentage points excess). Index membership tag: NIFTY MICROCAP 250.,WEAK_HOLD
LAURUSLABS,NIFTY 500,22/04/26,1096.1,1144.85,-4.26,95.74,5.97,10.2678,16.0,0.800085,0.7615,0.7903,-11.28,,,,-0.200351388,-0.515052841,-0.314915435,-0.236069441,1.114299444,-0.030417932,58.0,HOLD,14.0,10.0,STRONG_BULLISH,14.12,22/04/26,Sales: 6722 Cr (YoY +21%); NetProfit: 841 Cr (YoY +134.9%); EPS: 15.62,"Sales last 3Q: 1570, 1653, 1778 Cr; Net Profit last 3Q: 162, 194, 252 Cr",Debt: 2212 Cr,ROCE: 9%; EPS: 15.62; NPM: 12.51%,True,2026-04-23T19:41:35Z (refill REVIEW_DATA),LAURUSLABS vs Nifty 500: stock 60-session return 5.85% vs index 0.20% (+5.66 percentage points excess). Index membership tag: NIFTY 500.,WEAK_HOLD
ISGEC,NIFTY MICROCAP 250,22/04/26,1064.4,1281.3,-16.93,83.07,17.02,42.0728,53.26,0.951095,0.8643,87.4983,-15.96,,,,1.331513631,-0.315525204,-0.271485291,1.312830604,-0.279038803,0.355658987,57.3,HOLD,15.0,15.0,STRONG_BULLISH,34.53,22/04/26,Sales: 6515 Cr (YoY +1.4%); NetProfit: 297 Cr (YoY +12.5%); EPS: 34.98,"Sales last 3Q: 1341, 1691, 1739 Cr; Net Profit last 3Q: 59, 56, 84 Cr",Debt: 925 Cr,ROCE: 17%; EPS: 34.98; NPM: 4.56%,True,2026-04-23T19:41:35Z (refill REVIEW_DATA),ISGEC vs NIFTY MICROCAP250: stock 60-session return 45.05% vs index 10.03% (+35.03 percentage points excess). Index membership tag: NIFTY MICROCAP 250.,HOLD
ANURAS,NIFTY MICROCAP 250,22/04/26,1343.3,1407.0,-4.53,95.47,5.37,9.3317,10.38,0.192185,0.9397,112.8164,-9.98,55.72,51.0,58.04,-0.245437973,-1.31826356,-0.239630887,1.765098056,1.084607153,0.209274558,57.3,HOLD,8.0,10.0,BULLISH,9.17,22/04/26,Sales: 2230 Cr (YoY +55.2%); NetProfit: 229 Cr (YoY +43.1%); EPS: 15.36,"Sales last 3Q: 486, 731, 512 Cr; Net Profit last 3Q: 48, 57, 61 Cr",Debt: 1223 Cr,ROCE: 5%; EPS: 15.36; NPM: 10.27%,True,2026-04-23T19:41:35Z (refill REVIEW_DATA),ANURAS vs NIFTY MICROCAP250: stock 60-session return 5.59% vs index 10.03% (-4.44 percentage points excess). Index membership tag: NIFTY MICROCAP 250.,WEAK_HOLD
ETHOSLTD,NIFTY MICROCAP 250,22/04/26,2717.9,3245.9,-16.27,83.73,15.25,7.7537,34.52,1.438453,2.2925,55.3247,-9.24,,,,-0.321441212,0.328414867,0.331889524,0.738100585,-0.206457647,0.174101223,57.3,HOLD,13.0,16.0,BEARISH,5.84,22/04/26,Sales: 1510 Cr (YoY +20.6%); NetProfit: 96 Cr (YoY +0%); EPS: 35.86,"Sales last 3Q: 346, 383, 469 Cr; Net Profit last 3Q: 19, 24, 31 Cr",Debt: 314 Cr,ROCE: 14%; EPS: 35.86; NPM: 6.36%,True,2026-04-23T19:41:35Z (refill REVIEW_DATA),ETHOSLTD vs NIFTY MICROCAP250: stock 60-session return 10.65% vs index 10.03% (+0.62 percentage points excess). Index membership tag: NIFTY MICROCAP 250.,WEAK_HOLD
IREDA,NIFTY 500,22/04/26,140.45,186.58,-24.72,75.28,15.45,9.5759,28.88,2.062633,2.0212,-4.2273,-12.74,,,,-0.233676255,1.153136147,0.217272812,-0.325700857,-1.135716384,-0.064936907,57.3,HOLD,14.0,16.0,BEARISH,8.9,22/04/26,Revenue: 8039 Cr (YoY +19%); NetProfit: 1883 Cr (YoY +10.9%); EPS: 6.79,"Sales last 3Q: 1948, 2057, 2130 Cr; Net Profit last 3Q: 247, 549, 585 Cr",,ROE: 18%; EPS: 6.79; NPM: 23.42%,True,2026-04-23T19:41:35Z (refill REVIEW_DATA),IREDA vs Nifty 500: stock 60-session return 8.09% vs index 0.20% (+7.89 percentage points excess). Index membership tag: NIFTY 500.,WEAK_HOLD
SARDAEN,NIFTY 500,22/04/26,591.8,639.75,-7.5,92.5,11.25,27.2721,27.96,0.473843,1.9157,128.0107,-89.81,,,,0.618648528,-0.946112343,0.172701994,2.036519977,0.757991953,0.527950022,56.7,HOLD,13.0,18.0,STRONG_BULLISH,15.82,22/04/26,Sales: 5676 Cr (YoY +22.2%); NetProfit: 1055 Cr (YoY +50.3%); EPS: 29.97,"Sales last 3Q: 1633, 1528, 1276 Cr; Net Profit last 3Q: 437, 328, 190 Cr",Debt: 2681 Cr,ROCE: 17%; EPS: 29.97; NPM: 18.59%,True,2026-04-23T16:04:02Z,SARDAEN vs Nifty 500: stock 60-session return 27.98% vs index 0.20% (+27.79 percentage points excess). Index membership tag: NIFTY 500.,HOLD
EXIDEIND,NIFTY 500,22/04/26,354.55,431.0,-17.74,82.26,10.56,8.0897,23.15,1.6536,2.1844,-11.7903,-9.79,51.12,44.17,51.96,-0.305258013,0.612685925,0.286220277,-0.460801782,-0.368115676,-0.047053854,56.7,HOLD,13.0,18.0,BEARISH,6.13,22/04/26,Sales: 17596 Cr (YoY +2.1%); NetProfit: 831 Cr (YoY +3.9%); EPS: 9.71,"Sales last 3Q: 4695, 4365, 4201 Cr; Net Profit last 3Q: 275, 174, 195 Cr",Debt: 1645 Cr,ROCE: 10%; EPS: 9.71; NPM: 4.72%,True,2026-04-23T19:41:35Z (refill REVIEW_DATA),EXIDEIND vs Nifty 500: stock 60-session return 7.28% vs index 0.20% (+7.08 percentage points excess). Index membership tag: NIFTY 500.,WEAK_HOLD
AARTIIND,NIFTY 500,22/04/26,470.4,495.0,-4.97,95.03,8.12,37.6683,38.35,0.65005,1.0543,28.7104,-15.45,20.43,10.0,10.0,1.119374047,-0.713292223,-0.191215571,0.262678589,1.036219716,0.302752912,56.0,HOLD,10.0,16.0,BULLISH,8.52,22/04/26,Sales: 8042 Cr (YoY +10.6%); NetProfit: 378 Cr (YoY +14.2%); EPS: 10.43,"Sales last 3Q: 1675, 2100, 2318 Cr; Net Profit last 3Q: 43, 106, 133 Cr",Debt: 3973 Cr,ROCE: 6%; EPS: 10.43; NPM: 4.7%,True,2026-04-23T16:04:02Z,AARTIIND vs Nifty 500: stock 60-session return 36.05% vs index 0.20% (+35.86 percentage points excess). Index membership tag: NIFTY 500.,HOLD
JINDALSAW,NIFTY 500,22/04/26,244.97,283.59,-13.62,86.38,26.95,25.8429,50.68,1.809878,0.5043,40.8205,-50.61,,,,0.549812135,0.819174105,-0.423575288,0.479006199,0.08496669,0.301876768,56.0,HOLD,16.0,12.0,STRONG_BULLISH,32.47,22/04/26,Sales: 18308 Cr (YoY -12.1%); NetProfit: 889 Cr (YoY -39%); EPS: 17.59,"Sales last 3Q: 4085, 4234, 4943 Cr; Net Profit last 3Q: 415, 139, 248 Cr",Debt: 5194 Cr,ROCE: 21%; EPS: 17.59; NPM: 4.86%,True,2026-04-23T16:04:02Z,JINDALSAW vs Nifty 500: stock 60-session return 31.14% vs index 0.20% (+30.94 percentage points excess). Index membership tag: NIFTY 500.,HOLD
FORTIS,NIFTY 500,22/04/26,923.1,1104.3,-16.41,83.59,5.72,8.6679,17.03,1.41944,0.9339,22.136,-5.8,,,,-0.277409424,0.303293226,-0.242081225,0.145237425,-0.22185365,-0.05856273,56.0,HOLD,12.0,13.0,BEARISH,9.67,22/04/26,Sales: 8770 Cr (YoY +12.7%); NetProfit: 981 Cr (YoY +21.3%); EPS: 12.72,"Sales last 3Q: 2167, 2331, 2265 Cr; Net Profit last 3Q: 267, 329, 197 Cr",Debt: 3195 Cr,ROCE: 3%; EPS: 12.72; NPM: 11.19%,True,2026-04-23T19:41:35Z (refill REVIEW_DATA),FORTIS vs Nifty 500: stock 60-session return 7.78% vs index 0.20% (+7.59 percentage points excess). Index membership tag: NIFTY 500.,WEAK_HOLD
ACMESOLAR,NIFTY 500,22/04/26,303.55,324.3,-6.4,93.6,21.5,47.9759,52.57,0.922252,1.5662,168.6935,-9.6,10.0,10.0,10.0,1.61583221,-0.353635102,0.025047955,2.763253274,0.878960545,0.985891776,55.3,HOLD,15.0,14.0,STRONG_BULLISH,35.02,22/04/26,Sales: 1962 Cr (YoY +39.6%); NetProfit: 482 Cr (YoY +92%); EPS: 7.98,"Sales last 3Q: 511, 468, 497 Cr; Net Profit last 3Q: 131, 115, 114 Cr",Debt: 12998 Cr,ROCE: 8%; EPS: 7.98; NPM: 24.57%,True,2026-04-23T19:41:35Z (refill REVIEW_DATA),ACMESOLAR vs Nifty 500: stock 60-session return 44.77% vs index 0.20% (+44.57 percentage points excess). Index membership tag: NIFTY 500.,HOLD
ARVIND,NIFTY MICROCAP 250,22/04/26,392.05,404.0,-2.96,97.04,7.66,27.1855,31.89,0.590599,0.4851,110.0297,-9.26,57.39,61.0,51.96,0.614477502,-0.791844091,-0.431686755,1.715318107,1.257262327,0.472705418,55.3,HOLD,7.0,10.0,STRONG_BULLISH,7.8,22/04/26,Sales: 8971 Cr (YoY +7.7%); NetProfit: 417 Cr (YoY +13.6%); EPS: 15.46,"Sales last 3Q: 2006, 2371, 2373 Cr; Net Profit last 3Q: 55, 107, 101 Cr",Debt: 1537 Cr,ROCE: 13%; EPS: 15.46; NPM: 4.65%,True,2026-04-23T16:04:02Z,ARVIND vs NIFTY MICROCAP250: stock 60-session return 33.97% vs index 10.03% (+23.94 percentage points excess). Index membership tag: NIFTY MICROCAP 250.,HOLD
LLOYDSME,NIFTY 500,22/04/26,1679.5,1684.0,-0.27,99.73,29.52,46.3561,52.93,1.017924,1.03,-35.2264,-9.8,,,,1.537815704,-0.227224877,-0.201481646,-0.879450308,1.553085522,0.356548879,55.3,HOLD,15.0,11.0,STRONG_BULLISH,32.96,22/04/26,Sales: 12286 Cr (YoY +82.8%); NetProfit: 2500 Cr (YoY +72.4%); EPS: 46.23,"Sales last 3Q: 2384, 3651, 5058 Cr; Net Profit last 3Q: 642, 567, 1090 Cr",Debt: 8163 Cr,ROCE: 38%; EPS: 46.23; NPM: 20.35%,True,2026-04-23T19:41:35Z (refill REVIEW_DATA),LLOYDSME vs Nifty 500: stock 60-session return 43.94% vs index 0.20% (+43.75 percentage points excess). Index membership tag: NIFTY 500.,HOLD
CESC,NIFTY 500,22/04/26,180.27,185.26,-2.69,97.31,14.84,23.5366,28.37,0.497719,1.494,63.4255,-13.7,54.43,51.0,55.22,0.438730849,-0.914565281,-0.005454539,0.882808449,1.286954618,0.337694819,55.3,HOLD,13.0,8.0,BULLISH,20.26,22/04/26,Sales: 18351 Cr (YoY +7.9%); NetProfit: 1541 Cr (YoY +7.9%); EPS: 11.11,"Sales last 3Q: 5202, 5267, 4005 Cr; Net Profit last 3Q: 404, 448, 304 Cr",Debt: 18811 Cr,ROCE: 10%; EPS: 11.11; NPM: 8.4%,True,2026-04-23T19:41:35Z (refill REVIEW_DATA),CESC vs Nifty 500: stock 60-session return 22.47% vs index 0.20% (+22.27 percentage points excess). Index membership tag: NIFTY 500.,HOLD
TORNTPOWER,NIFTY 500,22/04/26,1657.4,1663.7,-0.38,99.62,12.79,26.788,30.43,0.533896,1.0047,15.5149,-9.36,,,,0.595332199,-0.86676506,-0.212170193,0.02696204,1.540988663,0.21686953,55.3,HOLD,14.0,11.0,BULLISH,20.06,22/04/26,Sales: 29017 Cr (YoY -0.5%); NetProfit: 3215 Cr (YoY +5.1%); EPS: 62.67,"Sales last 3Q: 7906, 7876, 6778 Cr; Net Profit last 3Q: 742, 742, 655 Cr",Debt: 10431 Cr,ROCE: 17%; EPS: 62.67; NPM: 11.08%,True,2026-04-23T19:41:35Z (refill REVIEW_DATA),TORNTPOWER vs Nifty 500: stock 60-session return 25.42% vs index 0.20% (+25.22 percentage points excess). Index membership tag: NIFTY 500.,WEAK_HOLD
AUBANK,NIFTY 500,22/04/26,1043.2,1054.4,-1.06,98.94,9.41,4.1701,23.79,1.699469,0.7418,-4.1214,-11.51,55.0,55.0,51.19,-0.494042736,0.673292065,-0.323238138,-0.323809123,1.466208078,0.199682029,55.3,HOLD,9.0,10.0,BEARISH,8.66,22/04/26,Revenue: 1429 Cr (YoY +18.5%); NetProfit: 762 Cr (YoY +208.5%); EPS: 13.4,"Sales last 3Q: 4378, 4511, 4727 Cr; Net Profit last 3Q: 581, 561, 668 Cr",,ROE: 14%; EPS: 13.4; NPM: 53.32%,True,2026-04-23T19:41:35Z (refill REVIEW_DATA),AUBANK vs Nifty 500: stock 60-session return 4.19% vs index 0.20% (+3.99 percentage points excess). Index membership tag: NIFTY 500.,WEAK_HOLD
SAIL,NIFTY 500,22/04/26,176.23,178.46,-1.25,98.75,10.96,19.6499,23.2,1.289072,0.977,24.8431,-20.02,,,,0.251530731,0.131039607,-0.223872673,0.193595446,1.445313503,0.359521323,54.7,HOLD,13.0,10.0,STRONG_BULLISH,14.35,22/04/26,Sales: 109313 Cr (YoY +6.7%); NetProfit: 2788 Cr (YoY +17.5%); EPS: 6.75,"Sales last 3Q: 25922, 26704, 27371 Cr; Net Profit last 3Q: 745, 419, 374 Cr",Debt: 33663 Cr,ROCE: 7%; EPS: 6.75; NPM: 2.55%,True,2026-04-23T19:41:35Z (refill REVIEW_DATA),SAIL vs Nifty 500: stock 60-session return 21.20% vs index 0.20% (+21.01 percentage points excess). Index membership tag: NIFTY 500.,HOLD
J&KBANK,NIFTY 500,22/04/26,132.82,135.0,-1.61,98.39,14.27,28.3294,30.55,0.710429,0.7882,-13.4633,-19.95,,,,0.669572625,-0.633514201,-0.303635427,-0.490687258,1.405723782,0.129491904,54.7,HOLD,15.0,13.0,STRONG_BULLISH,28.36,22/04/26,Revenue: 13091 Cr (YoY +4.4%); NetProfit: 2143 Cr (YoY +2.9%); EPS: 19.45,"Sales last 3Q: 3269, 3293, 3315 Cr; Net Profit last 3Q: 485, 495, 581 Cr",,ROE: 16%; EPS: 19.45; NPM: 16.37%,True,2026-04-23T19:41:35Z (refill REVIEW_DATA),J&KBANK vs Nifty 500: stock 60-session return 34.27% vs index 0.20% (+34.07 percentage points excess). Index membership tag: NIFTY 500.,WEAK_HOLD
BHEL,"NIFTY 500,NIFTY MIDCAP SELECT",22/04/26,333.64,336.8,-0.94,99.06,24.7,31.5285,37.58,0.65936,2.0302,36.3204,-20.84,53.94,47.0,54.13,0.823654982,-0.700991036,0.221075062,0.398619094,1.479404652,0.444352551,54.0,HOLD,15.0,4.0,BULLISH,24.66,22/04/26,Sales: 30465 Cr (YoY +7.5%); NetProfit: 814 Cr (YoY +52.4%); EPS: 2.34,"Sales last 3Q: 5487, 7512, 8473 Cr; Net Profit last 3Q: -456, 375, 390 Cr",Debt: 10969 Cr,ROCE: 5%; EPS: 2.34; NPM: 2.67%,True,2026-04-23T19:41:35Z (refill REVIEW_DATA),BHEL vs Nifty 500: stock 60-session return 33.38% vs index 0.20% (+33.18 percentage points excess). Index membership tag: NIFTY 500. BHEL vs NIFTY MID SELECT: stock 60-session return 33.38% vs index 4.75% (+28.63 percentage points excess). Index membership tag: NIFTY MIDCAP SELECT.,HOLD
SHARDACROP,NIFTY MICROCAP 250,22/04/26,1158.8,1297.0,-10.66,89.34,7.81,43.6331,44.32,0.75115,0.5159,49.4389,-10.17,,,,1.406664362,-0.579710049,-0.418674611,0.632960161,0.410482176,0.290344408,54.0,HOLD,7.0,16.0,BULLISH,3.65,22/04/26,Sales: 5031 Cr (YoY +16.5%); NetProfit: 566 Cr (YoY +86.2%); EPS: 62.72,"Sales last 3Q: 985, 929, 1289 Cr; Net Profit last 3Q: 143, 74, 145 Cr",Debt: 4 Cr,ROCE: 16%; EPS: 62.72; NPM: 11.25%,True,2026-04-23T16:04:02Z,SHARDACROP vs NIFTY MICROCAP250: stock 60-session return 47.21% vs index 10.03% (+37.18 percentage points excess). Index membership tag: NIFTY MICROCAP 250.,HOLD
GRSE,"NIFTY 500,NIFTY INDIA DEFENCE",22/04/26,2817.8,3538.4,-20.37,79.63,16.42,23.2237,42.83,3.059466,1.3268,-27.705,-12.77,,,,0.423660245,2.470239207,-0.076091893,-0.7450925,-0.657340585,0.283074895,54.0,HOLD,13.0,11.0,BEARISH,14.02,22/04/26,Sales: 6525 Cr (YoY +28.5%); NetProfit: 689 Cr (YoY +30.7%); EPS: 60.15,"Sales last 3Q: 1310, 1677, 1896 Cr; Net Profit last 3Q: 120, 154, 171 Cr",Debt: 32 Cr,ROCE: 37%; EPS: 60.15; NPM: 10.56%,True,2026-04-23T19:41:35Z (refill REVIEW_DATA),GRSE vs Nifty 500: stock 60-session return 23.65% vs index 0.20% (+23.45 percentage points excess). Index membership tag: NIFTY 500.,HOLD
ENGINERSIN,NIFTY 500,22/04/26,245.58,255.45,-3.86,96.14,20.01,36.8566,49.23,0.879184,0.6589,9.3338,-17.31,,,,1.080279098,-0.410540315,-0.358261084,-0.083453448,1.158288024,0.277262455,54.0,HOLD,16.0,9.0,STRONG_BULLISH,41.21,22/04/26,Sales: 4012 Cr (YoY +29.9%); NetProfit: 776 Cr (YoY +33.8%); EPS: 13.81,"Sales last 3Q: 870, 921, 1210 Cr; Net Profit last 3Q: 65, 83, 347 Cr",Debt: 20 Cr,ROCE: 24%; EPS: 13.81; NPM: 19.34%,True,2026-04-23T19:41:35Z (refill REVIEW_DATA),ENGINERSIN vs Nifty 500: stock 60-session return 35.97% vs index 0.20% (+35.78 percentage points excess). Index membership tag: NIFTY 500.,HOLD
MAHSEAMLES,NIFTY 500,22/04/26,664.6,773.8,-14.11,85.89,16.79,28.2262,31.23,0.557628,1.1085,63.8477,-8.89,,,,0.664602071,-0.835408264,-0.168317577,0.890350378,0.031080681,0.116461458,54.0,HOLD,15.0,10.0,STRONG_BULLISH,26.15,22/04/26,Sales: 4812 Cr (YoY -8.7%); NetProfit: 840 Cr (YoY +8.1%); EPS: 62.73,"Sales last 3Q: 1145, 1159, 1090 Cr; Net Profit last 3Q: 230, 125, 243 Cr",Debt: 10 Cr,ROCE: 17%; EPS: 62.73; NPM: 17.46%,True,2026-04-23T19:41:35Z (refill REVIEW_DATA),MAHSEAMLES vs Nifty 500: stock 60-session return 29.55% vs index 0.20% (+29.36 percentage points excess). Index membership tag: NIFTY 500.,WEAK_HOLD
TIINDIA,NIFTY 500,22/04/26,3024.4,3419.9,-11.56,88.44,16.09,32.3788,38.14,0.681154,0.5959,8.7803,-9.7,48.73,40.71,48.48,0.864609072,-0.672194894,-0.384876834,-0.093340842,0.311507873,0.005140875,54.0,HOLD,14.0,10.0,BULLISH,16.98,22/04/26,Sales: 21783 Cr (YoY +11.9%); NetProfit: 1042 Cr (YoY -1.1%); EPS: 30.9,"Sales last 3Q: 5309, 5523, 5801 Cr; Net Profit last 3Q: 303, 302, 279 Cr",Debt: 705 Cr,ROCE: 32%; EPS: 30.9; NPM: 4.78%,True,2026-04-23T19:41:35Z (refill REVIEW_DATA),TIINDIA vs Nifty 500: stock 60-session return 29.83% vs index 0.20% (+29.63 percentage points excess). Index membership tag: NIFTY 500.,WEAK_HOLD
HBLENGINE,NIFTY 500,22/04/26,816.4,1122.0,-27.24,72.76,15.09,15.0839,32.79,2.342225,1.2557,9.9316,-9.52,,,,0.031612615,1.522557583,-0.106129667,-0.072774705,-1.412844433,-0.007515721,54.0,HOLD,11.0,16.0,BULLISH,4.5,22/04/26,Sales: 3174 Cr (YoY +61.4%); NetProfit: 795 Cr (YoY +188%); EPS: 28.72,"Sales last 3Q: 602, 1223, 874 Cr; Net Profit last 3Q: 143, 387, 220 Cr",Debt: 87 Cr,ROCE: 27%; EPS: 28.72; NPM: 25.05%,True,2026-04-23T19:41:35Z (refill REVIEW_DATA),HBLENGINE vs Nifty 500: stock 60-session return 15.78% vs index 0.20% (+15.58 percentage points excess). Index membership tag: NIFTY 500.,WEAK_HOLD
VEDL,NIFTY 500,22/04/26,757.0,795.0,-4.78,95.22,7.64,11.19,17.23,0.957113,0.9959,-15.95,-11.07,,,,-0.155934286,-0.307573696,-0.215887948,-0.535108185,1.057114291,-0.031477965,54.0,HOLD,13.0,10.0,STRONG_BULLISH,12.37,22/04/26,Sales: 120395 Cr (YoY -21.3%); NetProfit: 20704 Cr (YoY +0.8%); EPS: 36.25,"Sales last 3Q: 37824, 18747, 23369 Cr; Net Profit last 3Q: 4457, 3479, 7807 Cr",Debt: 85065 Cr,ROCE: 19%; EPS: 36.25; NPM: 17.2%,True,2026-04-23T19:41:35Z (refill REVIEW_DATA),VEDL vs Nifty 500: stock 60-session return 12.68% vs index 0.20% (+12.49 percentage points excess). Index membership tag: NIFTY 500.,WEAK_HOLD
STAR,NIFTY MICROCAP 250,22/04/26,1002.05,1025.0,-2.24,97.76,9.91,20.798,26.27,0.469185,0.6088,111.4861,-54.06,,,,0.306828144,-0.952266901,-0.379426942,1.741334369,1.33644177,0.410582088,53.3,HOLD,13.0,13.0,STRONG_BULLISH,17.95,22/04/26,Sales: 4726 Cr (YoY +3.5%); NetProfit: 531 Cr (YoY -85.2%); EPS: 55.48,"Sales last 3Q: 1120, 1221, 1195 Cr; Net Profit last 3Q: 106, 132, 208 Cr",Debt: 1844 Cr,ROCE: 5%; EPS: 55.48; NPM: 11.24%,True,2026-04-23T19:41:35Z (refill REVIEW_DATA),STAR vs NIFTY MICROCAP250: stock 60-session return 16.56% vs index 10.03% (+6.54 percentage points excess). Index membership tag: NIFTY MICROCAP 250.,HOLD
HINDALCO,NIFTY 500,22/04/26,1039.9,1048.7,-0.84,99.16,10.62,10.0372,23.76,1.320044,0.9383,28.3489,-12.42,,,,-0.211458072,0.171962526,-0.240222348,0.256220968,1.490401797,0.293380974,53.3,HOLD,11.0,15.0,STRONG_BULLISH,10.08,22/04/26,Sales: 261701 Cr (YoY +9.7%); NetProfit: 16078 Cr (YoY +0.5%); EPS: 71.55,"Sales last 3Q: 64232, 66058, 66521 Cr; Net Profit last 3Q: 4004, 4741, 2049 Cr",Debt: 74878 Cr,ROCE: 13%; EPS: 71.55; NPM: 6.14%,True,2026-04-23T16:04:02Z,HINDALCO vs Nifty 500: stock 60-session return 12.05% vs index 0.20% (+11.85 percentage points excess). Index membership tag: NIFTY 500.,HOLD
GLENMARK,NIFTY 500,22/04/26,2240.0,2297.9,-2.52,97.48,5.72,14.696,16.64,0.320046,0.8633,53.4027,-6.31,,,,0.01292969,-1.149322409,-0.271907764,0.703767122,1.305649764,0.120223281,53.3,HOLD,11.0,15.0,STRONG_BULLISH,16.64,22/04/26,Sales: 16468 Cr (YoY +23.6%); NetProfit: 1065 Cr (YoY +1.7%); EPS: 37.74,"Sales last 3Q: 3264, 6047, 3901 Cr; Net Profit last 3Q: 47, 610, 403 Cr",Debt: 1224 Cr,ROCE: 10%; EPS: 37.74; NPM: 6.47%,True,2026-04-23T19:41:35Z (refill REVIEW_DATA),GLENMARK vs Nifty 500: stock 60-session return 15.76% vs index 0.20% (+15.57 percentage points excess). Index membership tag: NIFTY 500.,WEAK_HOLD
COALINDIA,"NIFTY 500,NIFTY CPSE",22/04/26,444.15,476.0,-6.69,93.31,0.84,6.585,8.61,0.200172,1.167,94.9096,-13.75,71.16,82.0,75.65,-0.377730809,-1.307710436,-0.143602953,1.445221651,0.847068825,0.092649256,53.3,HOLD,1.0,13.0,BULLISH,4.44,22/04/26,Sales: 138778 Cr (YoY -3.2%); NetProfit: 29755 Cr (YoY -15.7%); EPS: 48.45,"Sales last 3Q: 35842, 30187, 34924 Cr; Net Profit last 3Q: 8734, 4263, 7166 Cr",Debt: 13786 Cr,ROCE: 97%; EPS: 48.45; NPM: 21.44%,True,2026-04-23T19:41:35Z (refill REVIEW_DATA),COALINDIA vs Nifty 500: stock 60-session return 6.95% vs index 0.20% (+6.75 percentage points excess). Index membership tag: NIFTY 500. COALINDIA vs Nifty CPSE: stock 60-session return 6.95% vs index 15.59% (-8.65 percentage points excess). Index membership tag: NIFTY CPSE.,WEAK_HOLD
LUMAXTECH,NIFTY MICROCAP 250,22/04/26,1794.4,1898.0,-5.46,94.54,9.81,28.0015,35.45,0.656423,1.1146,-6.1958,-10.81,54.51,39.22,63.83,0.653779556,-0.704871657,-0.165740496,-0.360864968,0.982333707,0.080927228,53.3,HOLD,13.0,13.0,STRONG_BULLISH,19.74,22/04/26,Sales: 4586 Cr (YoY +26.1%); NetProfit: 319 Cr (YoY +39.3%); EPS: 36.56,"Sales last 3Q: 1026, 1156, 1271 Cr; Net Profit last 3Q: 54, 78, 108 Cr",Debt: 1111 Cr,ROCE: 11%; EPS: 36.56; NPM: 6.96%,True,2026-04-23T19:41:35Z (refill REVIEW_DATA),LUMAXTECH vs NIFTY MICROCAP250: stock 60-session return 31.74% vs index 10.03% (+21.71 percentage points excess). Index membership tag: NIFTY MICROCAP 250.,WEAK_HOLD
HFCL,NIFTY 500,22/04/26,100.37,101.5,-1.11,98.89,34.92,61.1502,64.68,1.154928,2.6229,77.6177,-19.41,,,,2.250362922,-0.046203194,0.471474343,1.136329453,1.460709506,1.054534606,52.7,HOLD,16.0,11.0,STRONG_BULLISH,48.09,22/04/26,Sales: 3926 Cr (YoY -3.4%); NetProfit: 62 Cr (YoY -64.2%); EPS: 0.33,"Sales last 3Q: 871, 1043, 1211 Cr; Net Profit last 3Q: -29, 72, 102 Cr",Debt: 1580 Cr,ROCE: 8%; EPS: 0.33; NPM: 1.58%,True,2026-04-23T16:04:02Z,HFCL vs Nifty 500: stock 60-session return 58.51% vs index 0.20% (+58.32 percentage points excess). Index membership tag: NIFTY 500.,HOLD
BLUESTARCO,NIFTY 500,22/04/26,1888.6,2269.8,-16.79,83.21,3.04,9.5213,23.58,1.964601,1.3066,36.1579,-48.19,72.84,86.0,74.35,-0.236306025,1.023607683,-0.084625832,0.395716291,-0.2636428,0.166949863,52.7,HOLD,4.0,9.0,BULLISH,2.76,22/04/26,Sales: 12349 Cr (YoY +3.2%); NetProfit: 494 Cr (YoY -16.4%); EPS: 24.04,"Sales last 3Q: 2982, 2422, 2925 Cr; Net Profit last 3Q: 121, 99, 81 Cr",Debt: 1030 Cr,ROCE: 23%; EPS: 24.04; NPM: 4%,True,2026-04-23T19:41:35Z (refill REVIEW_DATA),BLUESTARCO vs Nifty 500: stock 60-session return 8.05% vs index 0.20% (+7.85 percentage points excess). Index membership tag: NIFTY 500.,WEAK_HOLD
AXISBANK,NIFTY 500,22/04/26,1379.6,1418.3,-2.73,97.27,5.6,6.6855,18.8,1.342707,0.8432,-33.1897,-7.57,52.47,47.0,51.19,-0.372890299,0.201906866,-0.280399455,-0.843067913,1.28255576,-0.002379008,52.7,HOLD,8.0,10.0,BULLISH,5.36,22/04/26,Revenue: 130820 Cr (YoY +2.7%); NetProfit: 26415 Cr (YoY -6.3%); EPS: 84.66,"Sales last 3Q: 32348, 32310, 33709 Cr; Net Profit last 3Q: 6279, 5567, 7060 Cr",,ROE: 16%; EPS: 84.66; NPM: 20.19%,True,2026-04-23T19:41:35Z (refill REVIEW_DATA),AXISBANK vs Nifty 500: stock 60-session return 6.66% vs index 0.20% (+6.46 percentage points excess). Index membership tag: NIFTY 500.,WEAK_HOLD
NATCOPHARM,NIFTY 500,22/04/26,1071.0,1134.85,-5.63,94.37,10.04,26.8533,31.7,0.587073,0.487,85.5398,-20.0,,,,0.598477327,-0.796502951,-0.430884058,1.277845127,0.96363856,0.322514801,52.0,HOLD,15.0,10.0,STRONG_BULLISH,29.64,22/04/26,Sales: 4560 Cr (YoY +2.9%); NetProfit: 1556 Cr (YoY -17.4%); EPS: 86.94,"Sales last 3Q: 1329, 1363, 647 Cr; Net Profit last 3Q: 480, 518, 151 Cr",Debt: 261 Cr,ROCE: 32%; EPS: 86.94; NPM: 34.12%,True,2026-04-23T16:04:02Z,NATCOPHARM vs Nifty 500: stock 60-session return 30.17% vs index 0.20% (+29.98 percentage points excess). Index membership tag: NIFTY 500.,HOLD
TATACONSUM,NIFTY 500,22/04/26,1178.6,1220.9,-3.46,96.54,6.46,0.6044,16.14,1.152937,1.2661,63.3811,-6.97,,,,-0.66578212,-0.048833877,-0.101735956,0.882015314,1.202276603,0.253587993,52.0,HOLD,11.0,16.0,BEARISH,4.53,22/04/26,Sales: 19465 Cr (YoY +10.5%); NetProfit: 1472 Cr (YoY +14.4%); EPS: 14.85,"Sales last 3Q: 4779, 4966, 5112 Cr; Net Profit last 3Q: 332, 407, 385 Cr",Debt: 2576 Cr,ROCE: 10%; EPS: 14.85; NPM: 7.56%,True,2026-04-23T19:41:35Z (refill REVIEW_DATA),TATACONSUM vs Nifty 500: stock 60-session return -0.54% vs index 0.20% (-0.74 percentage points excess). Index membership tag: NIFTY 500.,HOLD
SHRIPISTON,NIFTY MICROCAP 250,22/04/26,3591.6,3764.9,-4.6,95.4,14.9,29.976,34.59,0.640508,1.5602,-10.599,-47.5,48.69,36.88,50.22,0.748879933,-0.725899949,0.022513122,-0.439521109,1.076909152,0.13657623,52.0,HOLD,13.0,11.0,STRONG_BULLISH,17.81,22/04/26,Sales: 3991 Cr (YoY +12.4%); NetProfit: 554 Cr (YoY +7.4%); EPS: 123.29,"Sales last 3Q: 963, 1016, 1023 Cr; Net Profit last 3Q: 135, 142, 126 Cr",Debt: 537 Cr,ROCE: 27%; EPS: 123.29; NPM: 13.88%,True,2026-04-23T19:41:35Z (refill REVIEW_DATA),SHRIPISTON vs NIFTY MICROCAP250: stock 60-session return 31.14% vs index 10.03% (+21.12 percentage points excess). Index membership tag: NIFTY MICROCAP 250.,WEAK_HOLD
NAM-INDIA,NIFTY 500,22/04/26,1060.1,1064.45,-0.41,99.59,17.01,26.5248,32.69,0.58369,2.0083,-74.0659,-12.39,,,,0.58265536,-0.800972867,0.211822921,-1.573255992,1.53768952,-0.008412212,52.0,HOLD,14.0,8.0,BULLISH,16.74,22/04/26,Sales: 2537 Cr (YoY +0.8%); NetProfit: 1443 Cr (YoY +12.2%); EPS: 22.68,"Sales last 3Q: 607, 658, 705 Cr; Net Profit last 3Q: 396, 345, 404 Cr",Debt: 85 Cr,ROCE: 42%; EPS: 22.68; NPM: 56.88%,True,2026-04-23T19:41:35Z (refill REVIEW_DATA),NAM-INDIA vs Nifty 500: stock 60-session return 24.41% vs index 0.20% (+24.21 percentage points excess). Index membership tag: NIFTY 500.,WEAK_HOLD
VTL,NIFTY 500,22/04/26,566.05,602.6,-6.07,93.93,6.2,39.7918,40.48,0.686042,0.9649,165.1395,-6.34,50.16,47.0,49.57,1.221650902,-0.665736441,-0.228984587,2.699766736,0.915251123,0.788389547,51.3,HOLD,11.0,12.0,STRONG_BULLISH,17.45,22/04/26,Sales: 9880 Cr (YoY +1%); NetProfit: 802 Cr (YoY -9.6%); EPS: 27.59,"Sales last 3Q: 2386, 2480, 2505 Cr; Net Profit last 3Q: 208, 188, 168 Cr",Debt: 1479 Cr,ROCE: 11%; EPS: 27.59; NPM: 8.12%,True,2026-04-23T19:41:35Z (refill REVIEW_DATA),VTL vs Nifty 500: stock 60-session return 40.51% vs index 0.20% (+40.32 percentage points excess). Index membership tag: NIFTY 500.,HOLD
HONASA,NIFTY 500,22/04/26,346.75,359.75,-3.61,96.39,14.52,26.2138,31.32,1.423628,1.8561,86.3156,-20.0,,,,0.567676268,0.308826778,0.14752265,1.291703556,1.185780886,0.700302027,51.3,HOLD,15.0,8.0,STRONG_BULLISH,27.4,22/04/26,Sales: 2268 Cr (YoY +9.7%); NetProfit: 156 Cr (YoY +113.7%); EPS: 4.79,"Sales last 3Q: 595, 538, 602 Cr; Net Profit last 3Q: 41, 39, 50 Cr",Debt: 142 Cr,ROCE: 7%; EPS: 4.79; NPM: 6.88%,True,2026-04-23T19:41:35Z (refill REVIEW_DATA),HONASA vs Nifty 500: stock 60-session return 24.91% vs index 0.20% (+24.71 percentage points excess). Index membership tag: NIFTY 500.,HOLD
DMART,NIFTY 500,22/04/26,4594.8,4949.5,-7.17,92.83,13.7,24.9696,25.69,1.427338,1.2175,108.1713,-8.51,,,,0.507750267,0.313728755,-0.122268106,1.682120757,0.79428253,0.635122841,51.3,HOLD,15.0,8.0,STRONG_BULLISH,22.46,22/04/26,Sales: 66009 Cr (YoY +11.2%); NetProfit: 2864 Cr (YoY +5.8%); EPS: 44.03,"Sales last 3Q: 16360, 16676, 18101 Cr; Net Profit last 3Q: 773, 685, 856 Cr",Debt: 1609 Cr,ROCE: 18%; EPS: 44.03; NPM: 4.34%,True,2026-04-23T19:41:35Z (refill REVIEW_DATA),DMART vs Nifty 500: stock 60-session return 25.49% vs index 0.20% (+25.29 percentage points excess). Index membership tag: NIFTY 500.,HOLD
KTKBANK,NIFTY MICROCAP 250,22/04/26,250.64,255.5,-1.9,98.1,13.64,37.9436,40.19,0.717622,1.0303,45.2493,-8.01,,,,1.132633674,-0.624010179,-0.201354904,0.558119643,1.373832062,0.447844059,51.3,HOLD,13.0,10.0,STRONG_BULLISH,28.23,22/04/26,Revenue: 8919 Cr (YoY -1.1%); NetProfit: 1155 Cr (YoY -9.3%); EPS: 30.55,"Sales last 3Q: 2261, 2179, 2220 Cr; Net Profit last 3Q: 292, 319, 291 Cr",,ROE: 11%; EPS: 30.55; NPM: 12.95%,True,2026-04-23T19:41:35Z (refill REVIEW_DATA),KTKBANK vs NIFTY MICROCAP250: stock 60-session return 37.62% vs index 10.03% (+27.60 percentage points excess). Index membership tag: NIFTY MICROCAP 250.,HOLD
HSCL,NIFTY 500,22/04/26,523.1,534.45,-2.12,97.88,12.88,15.1992,19.39,1.07713,2.0201,30.7249,-19.95,,,,0.037165957,-0.148996725,0.216808093,0.298664416,1.349638343,0.350656017,51.3,HOLD,13.0,8.0,STRONG_BULLISH,16.29,22/04/26,Sales: 4661 Cr (YoY +1%); NetProfit: 755 Cr (YoY +36%); EPS: 14.89,"Sales last 3Q: 1071, 1184, 1288 Cr; Net Profit last 3Q: 176, 192, 208 Cr",Debt: 768 Cr,ROCE: 23%; EPS: 14.89; NPM: 16.2%,True,2026-04-23T19:41:35Z (refill REVIEW_DATA),HSCL vs Nifty 500: stock 60-session return 16.52% vs index 0.20% (+16.32 percentage points excess). Index membership tag: NIFTY 500.,HOLD
FINCABLES,NIFTY 500,22/04/26,975.8,1028.0,-5.08,94.92,14.3,36.0873,37.28,0.690406,0.9482,37.5125,-7.92,,,,1.043226315,-0.659970342,-0.236039873,0.419914058,1.024122857,0.318250603,51.3,HOLD,15.0,6.0,STRONG_BULLISH,33.3,22/04/26,Sales: 5965 Cr (YoY +12.1%); NetProfit: 681 Cr (YoY -2.9%); EPS: 44.53,"Sales last 3Q: 1396, 1376, 1599 Cr; Net Profit last 3Q: 163, 163, 164 Cr",Debt: 22 Cr,ROCE: 16%; EPS: 44.53; NPM: 11.42%,True,2026-04-23T16:04:02Z,FINCABLES vs Nifty 500: stock 60-session return 34.35% vs index 0.20% (+34.16 percentage points excess). Index membership tag: NIFTY 500.,HOLD
SONACOMS,NIFTY 500,22/04/26,588.45,596.95,-1.42,98.58,11.97,31.7149,32.4,0.549146,1.288,-7.538,-6.9,49.66,36.88,51.96,0.832632805,-0.846615425,-0.092483815,-0.384841229,1.426618357,0.187062139,51.3,HOLD,13.0,10.0,STRONG_BULLISH,12.74,22/04/26,Sales: 4057 Cr (YoY +14.4%); NetProfit: 606 Cr (YoY +1%); EPS: 9.86,"Sales last 3Q: 854, 1138, 1200 Cr; Net Profit last 3Q: 122, 170, 150 Cr",Debt: 211 Cr,ROCE: 18%; EPS: 9.86; NPM: 14.94%,True,2026-04-23T19:41:35Z (refill REVIEW_DATA),SONACOMS vs Nifty 500: stock 60-session return 31.95% vs index 0.20% (+31.76 percentage points excess). Index membership tag: NIFTY 500.,WEAK_HOLD
GPIL,NIFTY 500,22/04/26,298.75,310.5,-3.78,96.22,11.09,22.3843,23.53,0.412754,1.5362,9.6152,-80.24,,,,0.383231146,-1.02682848,0.012373789,-0.078426686,1.167085739,0.091487102,51.3,HOLD,13.0,10.0,STRONG_BULLISH,17.13,22/04/26,Sales: 5238 Cr (YoY -2.5%); NetProfit: 743 Cr (YoY -8.6%); EPS: 11.09,"Sales last 3Q: 1323, 1308, 1139 Cr; Net Profit last 3Q: 216, 162, 143 Cr",Debt: 192 Cr,ROCE: 23%; EPS: 11.09; NPM: 14.18%,True,2026-04-23T19:41:35Z (refill REVIEW_DATA),GPIL vs Nifty 500: stock 60-session return 24.97% vs index 0.20% (+24.78 percentage points excess). Index membership tag: NIFTY 500.,WEAK_HOLD
WABAG,NIFTY MICROCAP 250,22/04/26,1488.4,1680.0,-11.4,88.6,16.67,34.7598,41.87,0.74775,1.5768,-10.3721,-11.3,,,,0.97928823,-0.584202427,0.029526161,-0.435467903,0.329103305,0.063649473,51.3,HOLD,15.0,8.0,STRONG_BULLISH,26.64,22/04/26,Sales: 3686 Cr (YoY +11.9%); NetProfit: 341 Cr (YoY +15.6%); EPS: 54.92,"Sales last 3Q: 734, 834, 961 Cr; Net Profit last 3Q: 66, 85, 91 Cr",Debt: 240 Cr,ROCE: 23%; EPS: 54.92; NPM: 9.25%,True,2026-04-23T19:41:35Z (refill REVIEW_DATA),WABAG vs NIFTY MICROCAP250: stock 60-session return 32.43% vs index 10.03% (+22.41 percentage points excess). Index membership tag: NIFTY MICROCAP 250.,WEAK_HOLD
JINDALSTEL,NIFTY 500,22/04/26,1278.6,1306.2,-2.11,97.89,7.1,22.0923,22.78,0.386051,1.0287,-2.3139,-9.2,,,,0.369167176,-1.062110822,-0.20203086,-0.29152102,1.350738058,0.032848506,51.3,HOLD,11.0,10.0,BULLISH,11.84,22/04/26,Sales: 50190 Cr (YoY +0.1%); NetProfit: 2016 Cr (YoY -29.2%); EPS: 19.45,"Sales last 3Q: 12294, 11686, 13027 Cr; Net Profit last 3Q: 1496, 635, 189 Cr",Debt: 19156 Cr,ROCE: 12%; EPS: 19.45; NPM: 4.02%,True,2026-04-23T19:41:35Z (refill REVIEW_DATA),JINDALSTEL vs Nifty 500: stock 60-session return 22.97% vs index 0.20% (+22.77 percentage points excess). Index membership tag: NIFTY 500.,WEAK_HOLD
LUXIND,NIFTY MICROCAP 250,22/04/26,1588.25,1645.8,-3.5,96.5,54.36,79.6548,92.31,6.59324,2.2514,36.7068,-10.48,,,,3.141623712,7.139370895,0.314525916,0.405521513,1.197877745,2.439783956,50.7,HOLD,15.0,14.0,BULLISH,63.92,22/04/26,Sales: 2873 Cr (YoY +11.2%); NetProfit: 107 Cr (YoY -35.2%); EPS: 35.92,"Sales last 3Q: 604, 779, 673 Cr; Net Profit last 3Q: 23, 23, 13 Cr",Debt: 575 Cr,ROCE: 13%; EPS: 35.92; NPM: 3.72%,True,2026-04-23T16:04:02Z,LUXIND vs NIFTY MICROCAP250: stock 60-session return 76.96% vs index 10.03% (+66.94 percentage points excess). Index membership tag: NIFTY MICROCAP 250.,HOLD
ZENTEC,"NIFTY 500,NIFTY INDIA DEFENCE",22/04/26,1762.4,2268.0,-22.29,77.71,24.84,33.747,37.8,2.699654,3.1205,71.9409,-20.0,,,,0.930507444,1.994824081,0.681696516,1.03492248,-0.868485765,0.754692951,50.7,HOLD,16.0,4.0,STRONG_BULLISH,33.34,22/04/26,Sales: 835 Cr (YoY -14.3%); NetProfit: 284 Cr (YoY -5%); EPS: 29.13,"Sales last 3Q: 158, 174, 178 Cr; Net Profit last 3Q: 53, 62, 56 Cr",Debt: 18 Cr,ROCE: 33%; EPS: 29.13; NPM: 34.01%,True,2026-04-23T19:41:35Z (refill REVIEW_DATA),ZENTEC vs Nifty 500: stock 60-session return 35.12% vs index 0.20% (+34.93 percentage points excess). Index membership tag: NIFTY 500.,HOLD
ELECON,NIFTY 500,22/04/26,504.1,716.25,-29.62,70.38,21.72,32.4286,42.1,3.007148,3.6129,4.5156,-49.95,,,,0.867007653,2.401112083,0.889721834,-0.169522901,-1.67457648,0.462748438,50.7,HOLD,18.0,4.0,BEARISH,12.93,22/04/26,Sales: 2366 Cr (YoY +6.2%); NetProfit: 341 Cr (YoY -17.8%); EPS: 15.2,"Sales last 3Q: 578, 552, 746 Cr; Net Profit last 3Q: 88, 72, 6 Cr",Debt: 273 Cr,,True,2026-04-23T16:04:02Z,ELECON vs Nifty 500: stock 60-session return 34.39% vs index 0.20% (+34.20 percentage points excess). Index membership tag: NIFTY 500.,HOLD
PRIVISCL,NIFTY MICROCAP 250,22/04/26,3163.3,3440.5,-8.06,91.94,8.42,19.0013,19.69,0.33366,1.4956,70.7366,-10.92,,,,0.220291377,-1.1313344,-0.004778583,1.013409583,0.696407942,0.158799184,50.7,HOLD,12.0,9.0,BULLISH,13.99,22/04/26,Sales: 2456 Cr (YoY +16.9%); NetProfit: 287 Cr (YoY +55.1%); EPS: 76.82,"Sales last 3Q: 559, 679, 605 Cr; Net Profit last 3Q: 58, 90, 75 Cr",Debt: 1072 Cr,ROCE: 18%; EPS: 76.82; NPM: 11.69%,True,2026-04-23T16:04:02Z,PRIVISCL vs NIFTY MICROCAP250: stock 60-session return 20.70% vs index 10.03% (+10.68 percentage points excess). Index membership tag: NIFTY MICROCAP 250.,WEAK_HOLD
ABSLAMC,NIFTY 500,22/04/26,1019.95,1082.25,-5.76,94.24,9.71,29.752,34.3,0.647191,0.7501,15.0816,-9.21,10.0,10.0,10.0,0.738091134,-0.717069784,-0.319731618,0.019221827,0.949342272,0.133970766,50.7,HOLD,13.0,10.0,STRONG_BULLISH,26.19,22/04/26,Sales: 1845 Cr (YoY -6.9%); NetProfit: 975 Cr (YoY +4.7%); EPS: 33.76,"Sales last 3Q: 461, 478, 458 Cr; Net Profit last 3Q: 241, 270, 187 Cr",Debt: 64 Cr,ROCE: 33%; EPS: 33.76; NPM: 52.85%,True,2026-04-23T19:41:35Z (refill REVIEW_DATA),ABSLAMC vs Nifty 500: stock 60-session return 29.66% vs index 0.20% (+29.46 percentage points excess). Index membership tag: NIFTY 500.,WEAK_HOLD
GALLANTT,NIFTY MICROCAP 250,22/04/26,870.55,948.0,-8.17,91.83,44.17,59.387,67.82,1.255868,20.7425,62.2168,-15.09,,,,2.165439659,0.087167574,8.126501859,0.861216952,0.684311082,2.384927425,50.0,HOLD,15.0,9.0,STRONG_BULLISH,50.91,22/04/26,Sales: 4286 Cr (YoY -0.2%); NetProfit: 479 Cr (YoY +19.5%); EPS: 19.87,"Sales last 3Q: 1128, 1013, 1074 Cr; Net Profit last 3Q: 174, 89, 100 Cr",Debt: 657 Cr,ROCE: 19%; EPS: 19.87; NPM: 11.18%,True,2026-04-23T16:04:02Z,GALLANTT vs NIFTY MICROCAP250: stock 60-session return 57.97% vs index 10.03% (+47.94 percentage points excess). Index membership tag: NIFTY MICROCAP 250.,HOLD
IMFA,NIFTY MICROCAP 250,22/04/26,1519.9,1582.7,-3.97,96.03,15.72,38.3857,39.07,0.66221,1.8459,1.0667,-14.16,,,,1.153927103,-0.697225366,0.143213433,-0.231131996,1.146191164,0.302994868,50.0,HOLD,13.0,8.0,STRONG_BULLISH,17.13,22/04/26,Sales: 2630 Cr (YoY +2.5%); NetProfit: 369 Cr (YoY -2.6%); EPS: 68.28,"Sales last 3Q: 642, 719, 703 Cr; Net Profit last 3Q: 93, 98, 131 Cr",Debt: 435 Cr,ROCE: 21%; EPS: 68.28; NPM: 14.03%,True,2026-04-23T16:04:02Z,IMFA vs NIFTY MICROCAP250: stock 60-session return 39.31% vs index 10.03% (+29.29 percentage points excess). Index membership tag: NIFTY MICROCAP 250.,HOLD
JSWENERGY,NIFTY 500,22/04/26,560.55,579.0,-3.19,96.81,13.04,16.6343,27.38,0.488987,1.2836,77.5558,-16.0,,,,0.106286519,-0.926102764,-0.094342692,1.135223708,1.231968894,0.290606733,50.0,HOLD,13.0,6.0,STRONG_BULLISH,21.87,22/04/26,Sales: 17592 Cr (YoY +49.8%); NetProfit: 2603 Cr (YoY +31.3%); EPS: 13.01,"Sales last 3Q: 5143, 5177, 4082 Cr; Net Profit last 3Q: 836, 824, 529 Cr",Debt: 69104 Cr,ROCE: 6%; EPS: 13.01; NPM: 14.8%,True,2026-04-23T16:04:02Z,JSWENERGY vs Nifty 500: stock 60-session return 17.00% vs index 0.20% (+16.81 percentage points excess). Index membership tag: NIFTY 500.,HOLD
SUNTV,NIFTY 500,22/04/26,652.45,691.4,-5.63,94.37,9.42,19.1739,23.13,0.412982,0.6411,63.9042,-10.69,,,,0.228604532,-1.026527227,-0.365781089,0.891359661,0.96363856,0.138258887,50.0,HOLD,13.0,8.0,STRONG_BULLISH,22.48,22/04/26,Sales: 4394 Cr (YoY +9.4%); NetProfit: 1579 Cr (YoY -7.3%); EPS: 40.05,"Sales last 3Q: 1290, 1300, 862 Cr; Net Profit last 3Q: 529, 355, 324 Cr",Debt: 146 Cr,ROCE: 20%; EPS: 40.05; NPM: 35.94%,True,2026-04-23T16:04:02Z,SUNTV vs Nifty 500: stock 60-session return 18.32% vs index 0.20% (+18.12 percentage points excess). Index membership tag: NIFTY 500.,WEAK_HOLD
BEL,"NIFTY 500,NIFTY CPSE,NIFTY INDIA DEFENCE",22/04/26,448.7,473.45,-5.23,94.77,2.2,10.752,11.99,0.856644,0.6938,22.5982,-19.8,54.37,47.0,52.39,-0.177030242,-0.440322137,-0.343516804,0.15349389,1.00762714,0.040050369,50.0,HOLD,2.0,10.0,BULLISH,4.47,22/04/26,Sales: 26535 Cr (YoY +11.6%); NetProfit: 5963 Cr (YoY +12%); EPS: 8.16,"Sales last 3Q: 4440, 5792, 7154 Cr; Net Profit last 3Q: 969, 1287, 1580 Cr",Debt: 59 Cr,ROCE: 39%; EPS: 8.16; NPM: 22.47%,True,2026-04-23T19:41:35Z (refill REVIEW_DATA),BEL vs Nifty 500: stock 60-session return 9.61% vs index 0.20% (+9.42 percentage points excess). Index membership tag: NIFTY 500. BEL vs Nifty CPSE: stock 60-session return 9.61% vs index 15.59% (-5.98 percentage points excess). Index membership tag: NIFTY CPSE.,WEAK_HOLD
AADHARHFC,NIFTY 500,22/04/26,489.5,547.8,-10.64,89.36,4.48,3.2873,11.48,0.956502,1.044,55.9524,-5.39,52.3,47.0,51.19,-0.536562165,-0.308381002,-0.195567035,0.749313444,0.412681605,0.024296969,50.0,HOLD,6.0,12.0,BEARISH,5.89,22/04/26,Revenue: 3521 Cr (YoY +13.3%); NetProfit: 1030 Cr (YoY +12.9%); EPS: 23.8,"Sales last 3Q: 848, 897, 943 Cr; Net Profit last 3Q: 237, 266, 281 Cr",,ROE: 17%; EPS: 23.8; NPM: 29.25%,True,2026-04-23T19:41:35Z (refill REVIEW_DATA),AADHARHFC vs Nifty 500: stock 60-session return 4.14% vs index 0.20% (+3.94 percentage points excess). Index membership tag: NIFTY 500.,WEAK_HOLD
GICRE,NIFTY 500,22/04/26,399.3,453.8,-12.01,87.99,5.12,7.1468,11.75,0.69146,2.3406,38.9449,-14.42,,,,-0.350672115,-0.658577705,0.352210437,0.445501598,0.262020722,0.010096587,50.0,HOLD,9.0,15.0,STRONG_BULLISH,9.06,22/04/26,Sales: 53176 Cr (YoY +7.2%); NetProfit: 9629 Cr (YoY +29.6%); EPS: 54.88,"Sales last 3Q: 14623, 12755, 12589 Cr; Net Profit last 3Q: 2531, 2874, 1726 Cr",Debt: 0 Cr,ROCE: 16%; EPS: 54.88; NPM: 18.11%,True,2026-04-23T19:41:35Z (refill REVIEW_DATA),GICRE vs Nifty 500: stock 60-session return 9.17% vs index 0.20% (+8.98 percentage points excess). Index membership tag: NIFTY 500.,WEAK_HOLD
JSWSTEEL,NIFTY 500,22/04/26,1263.4,1296.4,-2.55,97.45,4.61,6.8753,13.86,0.770047,1.3045,-14.2791,-8.02,,,,-0.363748718,-0.554741678,-0.085513023,-0.505260223,1.302350621,-0.041382604,50.0,HOLD,9.0,10.0,BULLISH,5.18,22/04/26,Sales: 179109 Cr (YoY +6.1%); NetProfit: 7766 Cr (YoY +122.5%); EPS: 30.47,"Sales last 3Q: 43147, 45152, 45991 Cr; Net Profit last 3Q: 2209, 1646, 2410 Cr",Debt: 101107 Cr,ROCE: 10%; EPS: 30.47; NPM: 4.34%,True,2026-04-23T19:41:35Z (refill REVIEW_DATA),JSWSTEEL vs Nifty 500: stock 60-session return 8.91% vs index 0.20% (+8.72 percentage points excess). Index membership tag: NIFTY 500.,WEAK_HOLD
TATASTEEL,NIFTY 500,22/04/26,213.03,216.45,-1.58,98.42,5.69,14.8351,16.09,0.670263,0.7618,-26.4195,-8.78,,,,0.019629341,-0.686585037,-0.314788693,-0.722129094,1.409022925,-0.058970112,50.0,HOLD,11.0,13.0,BULLISH,11.33,22/04/26,Sales: 225088 Cr (YoY +3%); NetProfit: 9122 Cr (YoY +187.4%); EPS: 7.33,"Sales last 3Q: 53178, 58689, 57002 Cr; Net Profit last 3Q: 2007, 3183, 2730 Cr",Debt: 95643 Cr,ROCE: 13%; EPS: 7.33; NPM: 4.05%,True,2026-04-23T19:41:35Z (refill REVIEW_DATA),TATASTEEL vs Nifty 500: stock 60-session return 16.05% vs index 0.20% (+15.86 percentage points excess). Index membership tag: NIFTY 500.,WEAK_HOLD
POWERINDIA,NIFTY 500,22/04/26,30335.0,30470.0,-0.44,99.56,20.96,81.0817,83.84,1.470831,1.2026,86.8613,-11.98,,,,3.210349328,0.371195516,-0.128562942,1.301451615,1.534390376,1.257764779,49.3,WEAK_HOLD,15.0,8.0,STRONG_BULLISH,61.61,22/04/26,Sales: 7277 Cr (YoY +14%); NetProfit: 841 Cr (YoY +119%); EPS: 188.74,"Sales last 3Q: 1479, 1833, 2082 Cr; Net Profit last 3Q: 132, 264, 261 Cr",Debt: 84 Cr,ROCE: 19%; EPS: 188.74; NPM: 11.56%,True,2026-04-23T16:04:02Z,POWERINDIA vs Nifty 500: stock 60-session return 82.41% vs index 0.20% (+82.22 percentage points excess). Index membership tag: NIFTY 500.,WEAK_HOLD
KIRLOSENG,NIFTY 500,22/04/26,1640.1,1687.5,-2.81,97.19,15.35,48.0098,49.89,0.875269,1.2718,98.0108,-8.19,,,,1.617464979,-0.415713156,-0.099327865,1.50061964,1.273758044,0.775360328,49.3,WEAK_HOLD,15.0,8.0,STRONG_BULLISH,35.73,22/04/26,Sales: 7334 Cr (YoY +15.5%); NetProfit: 534 Cr (YoY +12.2%); EPS: 37.64,"Sales last 3Q: 1764, 1948, 1873 Cr; Net Profit last 3Q: 139, 159, 109 Cr",Debt: 5526 Cr,ROCE: 18%; EPS: 37.64; NPM: 7.28%,True,2026-04-23T19:41:35Z (refill REVIEW_DATA),KIRLOSENG vs Nifty 500: stock 60-session return 49.24% vs index 0.20% (+49.04 percentage points excess). Index membership tag: NIFTY 500.,WEAK_HOLD
ABDL,NIFTY MICROCAP 250,22/04/26,553.1,696.8,-20.62,79.38,15.85,26.1004,43.98,2.443345,1.6287,62.9562,-7.09,41.05,50.0,38.33,0.562214438,1.656166183,0.051452468,0.874425153,-0.684833447,0.491884959,49.3,WEAK_HOLD,11.0,6.0,BEARISH,10.55,22/04/26,Sales: 3837 Cr (YoY +9%); NetProfit: 261 Cr (YoY +33.8%); EPS: 9.51,"Sales last 3Q: 923, 990, 1003 Cr; Net Profit last 3Q: 56, 63, 64 Cr",Debt: 1056 Cr,ROCE: 21%; EPS: 9.51; NPM: 6.8%,True,2026-04-23T16:04:02Z,ABDL vs NIFTY MICROCAP250: stock 60-session return 25.85% vs index 10.03% (+15.82 percentage points excess). Index membership tag: NIFTY MICROCAP 250.,WEAK_HOLD
NLCINDIA,"NIFTY 500,NIFTY CPSE",22/04/26,301.15,318.55,-5.46,94.54,13.24,20.5024,25.61,0.914643,3.5975,48.7549,-15.44,,,,0.292590782,-0.363688779,0.883215762,0.620741593,0.982333707,0.483038613,49.3,WEAK_HOLD,13.0,7.0,STRONG_BULLISH,16.23,22/04/26,Sales: 16283 Cr (YoY +6.3%); NetProfit: 2756 Cr (YoY +1.5%); EPS: 18.83,"Sales last 3Q: 3826, 4178, 4443 Cr; Net Profit last 3Q: 839, 725, 724 Cr",Debt: 24368 Cr,ROCE: 9%; EPS: 18.83; NPM: 16.93%,True,2026-04-23T16:04:02Z,NLCINDIA vs Nifty 500: stock 60-session return 18.80% vs index 0.20% (+18.60 percentage points excess). Index membership tag: NIFTY 500. NLCINDIA vs Nifty CPSE: stock 60-session return 18.80% vs index 15.59% (+3.20 percentage points excess). Index membership tag: NIFTY CPSE.,WEAK_HOLD
PFC,NIFTY 500,22/04/26,470.3,479.0,-1.82,98.18,12.66,30.8126,31.5,0.533852,1.2303,-0.8358,-23.08,,,,0.789174172,-0.866823197,-0.116860461,-0.265117122,1.382629778,0.184600634,49.3,WEAK_HOLD,13.0,10.0,STRONG_BULLISH,15.74,22/04/26,Revenue: 115789 Cr (YoY +8.1%); NetProfit: 33386 Cr (YoY +9.4%); EPS: 76.42,"Sales last 3Q: 28539, 28890, 29095 Cr; Net Profit last 3Q: 8981, 7834, 8212 Cr",,ROE: 20%; EPS: 76.42; NPM: 28.83%,True,2026-04-23T19:41:35Z (refill REVIEW_DATA),PFC vs Nifty 500: stock 60-session return 30.46% vs index 0.20% (+30.26 percentage points excess). Index membership tag: NIFTY 500.,SELL
YATHARTH,NIFTY MICROCAP 250,22/04/26,740.85,843.7,-12.19,87.81,7.88,26.3799,34.5,0.60534,0.9175,74.7049,-11.9,,,,0.575676355,-0.772366991,-0.24900977,1.084296929,0.242225861,0.176164477,49.3,WEAK_HOLD,13.0,8.0,STRONG_BULLISH,20.83,22/04/26,Sales: 1089 Cr (YoY +26.6%); NetProfit: 165 Cr (YoY +26%); EPS: 17.37,"Sales last 3Q: 258, 279, 320 Cr; Net Profit last 3Q: 42, 41, 43 Cr",Debt: 26 Cr,ROCE: 10%; EPS: 17.37; NPM: 15.15%,True,2026-04-23T19:41:35Z (refill REVIEW_DATA),YATHARTH vs NIFTY MICROCAP250: stock 60-session return 24.82% vs index 10.03% (+14.79 percentage points excess). Index membership tag: NIFTY MICROCAP 250.,SELL
KEI,NIFTY 500,22/04/26,4909.7,5303.0,-7.42,92.58,8.47,23.9491,29.03,0.518323,0.9131,16.0148,-21.03,,,,0.458598616,-0.887341472,-0.250868647,0.035891955,0.766789668,0.024614024,49.3,WEAK_HOLD,13.0,10.0,BULLISH,13.31,22/04/26,Sales: 11186 Cr (YoY +14.9%); NetProfit: 861 Cr (YoY +23.7%); EPS: 90.06,"Sales last 3Q: 2590, 2726, 2955 Cr; Net Profit last 3Q: 196, 204, 235 Cr",Debt: 235 Cr,ROCE: 21%; EPS: 90.06; NPM: 7.7%,True,2026-04-23T19:41:35Z (refill REVIEW_DATA),KEI vs Nifty 500: stock 60-session return 20.63% vs index 0.20% (+20.44 percentage points excess). Index membership tag: NIFTY 500.,SELL
STLTECH,NIFTY MICROCAP 250,22/04/26,290.99,292.39,-0.48,99.52,55.68,213.5594,237.42,4.239622,0.9184,217.3851,-29.41,,,,9.591042754,4.029564669,-0.248629545,3.633051002,1.529991518,3.70700408,48.7,WEAK_HOLD,15.0,11.0,STRONG_BULLISH,127.19,22/04/26,Sales: 4363 Cr (YoY +9.2%); NetProfit: -43 Cr (YoY +65%); EPS: -0.89,"Sales last 3Q: 1020, 1034, 1257 Cr; Net Profit last 3Q: 10, 4, -17 Cr",Debt: 1921 Cr,ROCE: 0%; EPS: -0.89; NPM: -0.99%,True,2026-04-23T16:04:02Z,STLTECH vs NIFTY MICROCAP250: stock 60-session return 217.81% vs index 10.03% (+207.79 percentage points excess). Index membership tag: NIFTY MICROCAP 250.,WEAK_HOLD
TDPOWERSYS,NIFTY MICROCAP 250,22/04/26,1062.7,1066.9,-0.39,99.61,21.53,66.6433,70.22,1.231976,1.728,76.7316,-14.14,,,,2.514934145,0.055599372,0.093403959,1.120500691,1.539888949,1.064865423,48.7,WEAK_HOLD,15.0,7.0,STRONG_BULLISH,31.67,22/04/26,Sales: 1615 Cr (YoY +26.3%); NetProfit: 220 Cr (YoY +25.7%); EPS: 14.06,"Sales last 3Q: 372, 452, 443 Cr; Net Profit last 3Q: 50, 60, 56 Cr",Debt: 36 Cr,ROCE: 28%; EPS: 14.06; NPM: 13.62%,True,2026-04-23T16:04:02Z,TDPOWERSYS vs NIFTY MICROCAP250: stock 60-session return 65.88% vs index 10.03% (+55.85 percentage points excess). Index membership tag: NIFTY MICROCAP 250.,WEAK_HOLD
KSB,NIFTY 500,22/04/26,996.1,1011.5,-1.52,98.48,25.54,44.827,46.49,0.830095,0.9482,60.2894,-80.06,,,,1.464167699,-0.475401001,-0.236039873,0.826787027,1.415621212,0.599027013,48.7,WEAK_HOLD,15.0,11.0,STRONG_BULLISH,41.08,22/04/26,Sales: 2696 Cr (YoY +6.4%); NetProfit: 270 Cr (YoY +9.3%); EPS: 15.54,"Sales last 3Q: 667, 650, 784 Cr; Net Profit last 3Q: 70, 68, 81 Cr",Debt: 5 Cr,ROCE: 25%; EPS: 15.54; NPM: 10.01%,True,2026-04-23T19:41:35Z (refill REVIEW_DATA),KSB vs Nifty 500: stock 60-session return 41.43% vs index 0.20% (+41.24 percentage points excess). Index membership tag: NIFTY 500.,WEAK_HOLD
NAVA,NIFTY 500,22/04/26,697.75,736.8,-5.3,94.7,20.46,30.5577,31.46,0.552016,11.5709,-4.1637,-49.67,,,,0.776897096,-0.84282333,4.251755708,-0.324564745,0.999929138,0.972238774,48.0,WEAK_HOLD,15.0,6.0,STRONG_BULLISH,23.08,22/04/26,Sales: 4166 Cr (YoY +4.6%); NetProfit: 1205 Cr (YoY -16%); EPS: 31.58,"Sales last 3Q: 1193, 964, 991 Cr; Net Profit last 3Q: 399, 178, 326 Cr",Debt: 1596 Cr,ROCE: 14%; EPS: 31.58; NPM: 28.92%,True,2026-04-23T19:41:35Z (refill REVIEW_DATA),NAVA vs Nifty 500: stock 60-session return 30.29% vs index 0.20% (+30.09 percentage points excess). Index membership tag: NIFTY 500.,WEAK_HOLD
THERMAX,NIFTY 500,22/04/26,4053.1,4305.0,-5.85,94.15,23.66,37.6747,45.0,0.833373,2.2249,129.9923,-10.79,,,,1.119682298,-0.471069821,0.303330402,2.071918098,0.939444842,0.792661164,48.0,WEAK_HOLD,15.0,6.0,STRONG_BULLISH,39.71,22/04/26,Sales: 10351 Cr (YoY -0.4%); NetProfit: 681 Cr (YoY +8.6%); EPS: 57.24,"Sales last 3Q: 2158, 2474, 2635 Cr; Net Profit last 3Q: 151, 119, 205 Cr",Debt: 1811 Cr,ROCE: 17%; EPS: 57.24; NPM: 6.58%,True,2026-04-23T19:41:35Z (refill REVIEW_DATA),THERMAX vs Nifty 500: stock 60-session return 38.74% vs index 0.20% (+38.54 percentage points excess). Index membership tag: NIFTY 500.,WEAK_HOLD
SOLARINDS,"NIFTY 500,NIFTY INDIA DEFENCE",22/04/26,15272.0,17820.0,-14.3,85.7,11.09,21.1113,26.47,1.890408,0.8561,86.681,-11.71,,,,0.321918014,0.925577394,-0.274949564,1.298230844,0.010186105,0.456192559,48.0,WEAK_HOLD,13.0,8.0,BULLISH,14.83,22/04/26,Sales: 8952 Cr (YoY +18.7%); NetProfit: 1527 Cr (YoY +18.6%); EPS: 160.47,"Sales last 3Q: 2154, 2082, 2548 Cr; Net Profit last 3Q: 353, 361, 467 Cr",Debt: 876 Cr,ROCE: 37%; EPS: 160.47; NPM: 17.06%,True,2026-04-23T19:41:35Z (refill REVIEW_DATA),SOLARINDS vs Nifty 500: stock 60-session return 21.24% vs index 0.20% (+21.05 percentage points excess). Index membership tag: NIFTY 500.,WEAK_HOLD
ADANIGREEN,NIFTY 500,22/04/26,1198.95,1205.0,-0.5,99.5,26.02,35.7612,55.14,0.967432,1.5384,-49.0167,-20.0,10.0,10.0,10.0,1.027519943,-0.293939329,0.013303228,-1.12579201,1.527792089,0.229776784,48.0,WEAK_HOLD,15.0,14.0,BULLISH,27.93,22/04/26,Sales: 12499 Cr (YoY +11.5%); NetProfit: 1856 Cr (YoY -7.2%); EPS: 9.13,"Sales last 3Q: 3800, 3008, 2618 Cr; Net Profit last 3Q: 824, 644, 5 Cr",Debt: 88153 Cr,ROCE: 9%; EPS: 9.13; NPM: 14.85%,True,2026-04-23T19:41:35Z (refill REVIEW_DATA),ADANIGREEN vs Nifty 500: stock 60-session return 35.75% vs index 0.20% (+35.56 percentage points excess). Index membership tag: NIFTY 500.,SELL
EPL,NIFTY MICROCAP 250,22/04/26,228.22,254.0,-10.15,89.85,7.94,10.5607,26.7,1.161062,1.7162,25.6243,-8.96,50.44,44.17,49.57,-0.18624407,-0.038098416,0.088418787,0.207550337,0.466567615,0.107638851,48.0,WEAK_HOLD,11.0,8.0,STRONG_BULLISH,11.59,22/04/26,Sales: 4568 Cr (YoY +8.4%); NetProfit: 406 Cr (YoY +11.5%); EPS: 12.52,"Sales last 3Q: 1108, 1206, 1149 Cr; Net Profit last 3Q: 101, 106, 83 Cr",Debt: 850 Cr,ROCE: 20%; EPS: 12.52; NPM: 8.89%,True,2026-04-23T19:41:35Z (refill REVIEW_DATA),EPL vs NIFTY MICROCAP250: stock 60-session return 8.99% vs index 10.03% (-1.03 percentage points excess). Index membership tag: NIFTY MICROCAP 250.,SELL
FACT,NIFTY 500,22/04/26,932.2,1112.0,-16.17,83.83,16.8,17.0025,40.79,1.456944,1.0517,20.578,-10.0,,,,0.124020608,0.352846795,-0.192313999,0.117406241,-0.195460503,0.041299829,48.0,WEAK_HOLD,13.0,9.0,BULLISH,18.64,22/04/26,Sales: 5293 Cr (YoY +30.7%); NetProfit: 28 Cr (YoY -31.7%); EPS: 0.43,"Sales last 3Q: 1043, 1629, 1568 Cr; Net Profit last 3Q: 4, 21, -68 Cr",Debt: 3837 Cr,ROCE: 9%; EPS: 0.43; NPM: 0.53%,True,2026-04-23T19:41:35Z (refill REVIEW_DATA),FACT vs Nifty 500: stock 60-session return 17.54% vs index 0.20% (+17.34 percentage points excess). Index membership tag: NIFTY 500.,SELL
WAAREEENER,NIFTY 500,22/04/26,3427.8,3865.0,-11.31,88.69,13.08,41.0185,41.7,0.706834,0.9342,85.7253,-10.42,,,,1.280734027,-0.638264229,-0.241954484,1.281158788,0.339000735,0.404134968,47.3,WEAK_HOLD,11.0,6.0,STRONG_BULLISH,12.68,22/04/26,Sales: 22060 Cr (YoY +52.7%); NetProfit: 3402 Cr (YoY +76.5%); EPS: 113.71,"Sales last 3Q: 4426, 6066, 7565 Cr; Net Profit last 3Q: 773, 878, 1107 Cr",Debt: 2941 Cr,ROCE: 34%; EPS: 113.71; NPM: 15.42%,True,2026-04-23T19:41:35Z (refill REVIEW_DATA),WAAREEENER vs Nifty 500: stock 60-session return 36.76% vs index 0.20% (+36.56 percentage points excess). Index membership tag: NIFTY 500.,WEAK_HOLD
PREMIERENE,NIFTY 500,22/04/26,990.8,1163.9,-14.87,85.13,17.81,38.6291,45.04,0.790257,0.8801,77.4585,-11.67,,,,1.16565029,-0.528038456,-0.264810231,1.133485599,-0.05249762,0.290757916,47.3,WEAK_HOLD,15.0,6.0,BULLISH,29.06,22/04/26,Sales: 7215 Cr (YoY +10.7%); NetProfit: 1331 Cr (YoY +42%); EPS: 29.44,"Sales last 3Q: 1821, 1837, 1936 Cr; Net Profit last 3Q: 308, 353, 392 Cr",Debt: 1622 Cr,ROCE: 12%; EPS: 29.44; NPM: 18.45%,True,2026-04-23T16:04:02Z,PREMIERENE vs Nifty 500: stock 60-session return 35.24% vs index 0.20% (+35.04 percentage points excess). Index membership tag: NIFTY 500.,WEAK_HOLD
STARHEALTH,NIFTY 500,22/04/26,508.8,534.0,-4.72,95.28,8.91,16.0527,19.68,0.345183,0.887,71.4012,-8.38,,,,0.078274172,-1.116109203,-0.261895172,1.025281601,1.063712578,0.157852795,47.3,WEAK_HOLD,11.0,8.0,BULLISH,10.61,22/04/26,Sales: 17258 Cr (YoY +7.2%); NetProfit: 446 Cr (YoY -31%); EPS: 7.59,"Sales last 3Q: 4233, 4378, 4566 Cr; Net Profit last 3Q: 263, 55, 128 Cr",Debt: 470 Cr,ROCE: 12%; EPS: 7.59; NPM: 2.58%,True,2026-04-23T16:04:02Z,STARHEALTH vs Nifty 500: stock 60-session return 16.97% vs index 0.20% (+16.77 percentage points excess). Index membership tag: NIFTY 500.,SELL
CANFINHOME,NIFTY 500,22/04/26,912.3,964.9,-5.45,94.55,6.2,0.8682,15.18,1.084437,1.2381,26.0971,-9.4,55.87,53.0,57.38,-0.653076382,-0.139342076,-0.113565178,0.215996155,0.983433421,0.058689188,47.3,WEAK_HOLD,6.0,8.0,BEARISH,-0.31,22/04/26,Revenue: 4141 Cr (YoY +6.8%); NetProfit: 974 Cr (YoY +13.7%); EPS: 73.15,"Sales last 3Q: 1020, 1049, 1073 Cr; Net Profit last 3Q: 224, 251, 265 Cr",,ROE: 18%; EPS: 73.15; NPM: 23.52%,True,2026-04-23T19:41:35Z (refill REVIEW_DATA),CANFINHOME vs Nifty 500: stock 60-session return -0.31% vs index 0.20% (-0.50 percentage points excess). Index membership tag: NIFTY 500.,SELL
KRN,NIFTY MICROCAP 250,22/04/26,1202.1,1314.0,-8.52,91.48,31.91,92.9837,100.99,1.771692,0.94,17.888,-8.9,,,,3.783600623,0.768719418,-0.239504145,0.069353684,0.645821075,1.005598131,46.7,WEAK_HOLD,15.0,4.0,STRONG_BULLISH,74.41,22/04/26,Sales: 552 Cr (YoY +28.4%); NetProfit: 68 Cr (YoY +28.3%); EPS: 10.94,"Sales last 3Q: 115, 152, 153 Cr; Net Profit last 3Q: 12, 18, 23 Cr",Debt: 30 Cr,ROCE: 21%; EPS: 10.94; NPM: 12.32%,True,2026-04-23T19:41:35Z (refill REVIEW_DATA),KRN vs NIFTY MICROCAP250: stock 60-session return 87.40% vs index 10.03% (+77.38 percentage points excess). Index membership tag: NIFTY MICROCAP 250.,WEAK_HOLD
NTPCGREEN,NIFTY 500,22/04/26,113.56,117.64,-3.47,96.53,19.7,26.411,33.32,0.640725,1.6204,117.3339,-6.77,,,,0.577174264,-0.72561323,0.047945949,1.845795984,1.201176888,0.589295971,46.7,WEAK_HOLD,15.0,4.0,STRONG_BULLISH,31.97,22/04/26,Sales: 2568 Cr (YoY +16.2%); NetProfit: 557 Cr (YoY +17.5%); EPS: 0.66,"Sales last 3Q: 680, 612, 653 Cr; Net Profit last 3Q: 220, 86, 17 Cr",Debt: 21826 Cr,ROCE: 6%; EPS: 0.66; NPM: 21.69%,True,2026-04-23T19:41:35Z (refill REVIEW_DATA),NTPCGREEN vs Nifty 500: stock 60-session return 25.36% vs index 0.20% (+25.16 percentage points excess). Index membership tag: NIFTY 500.,WEAK_HOLD
HEG,NIFTY 500,22/04/26,661.6,678.0,-2.42,97.58,20.54,20.1003,38.63,2.145975,1.2565,-0.8836,-80.69,,,,0.273223924,1.263254896,-0.105791689,-0.265970993,1.316646909,0.496272609,46.7,WEAK_HOLD,15.0,4.0,STRONG_BULLISH,24.44,22/04/26,Sales: 2515 Cr (YoY +16.5%); NetProfit: 381 Cr (YoY +231.3%); EPS: 19.77,"Sales last 3Q: 617, 699, 656 Cr; Net Profit last 3Q: 105, 143, 207 Cr",Debt: 644 Cr,ROCE: 5%; EPS: 19.77; NPM: 15.15%,True,2026-04-23T16:04:02Z,HEG vs Nifty 500: stock 60-session return 18.41% vs index 0.20% (+18.21 percentage points excess). Index membership tag: NIFTY 500.,WEAK_HOLD
POWERGRID,"NIFTY 500,NIFTY CPSE",22/04/26,319.75,323.05,-1.02,98.98,6.67,24.3153,25.81,0.452834,0.7782,113.7551,-27.67,,,,0.476236377,-0.973871274,-0.307860149,1.781866433,1.470606936,0.489395665,46.7,WEAK_HOLD,11.0,8.0,STRONG_BULLISH,12.8,22/04/26,Sales: 47343 Cr (YoY +3.4%); NetProfit: 15524 Cr (YoY +0%); EPS: 16.68,"Sales last 3Q: 11196, 11476, 12395 Cr; Net Profit last 3Q: 3631, 3566, 4185 Cr",Debt: 135984 Cr,ROCE: 13%; EPS: 16.68; NPM: 32.79%,True,2026-04-23T16:04:02Z,POWERGRID vs Nifty 500: stock 60-session return 25.86% vs index 0.20% (+25.67 percentage points excess). Index membership tag: NIFTY 500. POWERGRID vs Nifty CPSE: stock 60-session return 25.86% vs index 15.59% (+10.27 percentage points excess). Index membership tag: NIFTY CPSE.,WEAK_HOLD
PNGJL,NIFTY MICROCAP 250,22/04/26,673.65,701.4,-3.96,96.04,16.9,20.2579,32.1,1.035522,1.5248,60.0446,-9.37,,,,0.280814615,-0.203972858,0.007557605,0.822414066,1.147290879,0.410820861,46.7,WEAK_HOLD,15.0,8.0,BULLISH,24.45,22/04/26,Sales: 8783 Cr (YoY +15.8%); NetProfit: 382 Cr (YoY +75.2%); EPS: 28.11,"Sales last 3Q: 1715, 2178, 3303 Cr; Net Profit last 3Q: 69, 79, 171 Cr",Debt: 1291 Cr,ROCE: 19%; EPS: 28.11; NPM: 4.35%,True,2026-04-23T19:41:35Z (refill REVIEW_DATA),PNGJL vs NIFTY MICROCAP250: stock 60-session return 20.08% vs index 10.03% (+10.05 percentage points excess). Index membership tag: NIFTY MICROCAP 250.,WEAK_HOLD
TATAPOWER,NIFTY 500,22/04/26,436.05,440.8,-1.08,98.92,12.12,24.1328,26.3,0.4614,1.729,63.4103,-12.47,,,,0.467446395,-0.962553125,0.093826431,0.882536925,1.464008649,0.389053055,46.7,WEAK_HOLD,11.0,8.0,STRONG_BULLISH,19.67,22/04/26,Sales: 64624 Cr (YoY -1.3%); NetProfit: 5008 Cr (YoY +4.9%); EPS: 11.88,"Sales last 3Q: 18035, 15545, 13948 Cr; Net Profit last 3Q: 1262, 1245, 1194 Cr",Debt: 70083 Cr,ROCE: 15%; EPS: 11.88; NPM: 7.75%,True,2026-04-23T19:41:35Z (refill REVIEW_DATA),TATAPOWER vs Nifty 500: stock 60-session return 23.54% vs index 0.20% (+23.35 percentage points excess). Index membership tag: NIFTY 500.,WEAK_HOLD
VIJAYA,NIFTY 500,22/04/26,1040.8,1180.0,-11.8,88.2,7.76,4.8303,20.83,1.487612,1.0188,74.1026,-9.79,,,,-0.462244677,0.393368043,-0.206213335,1.073537801,0.285114726,0.216712512,46.7,WEAK_HOLD,9.0,10.0,BEARISH,8.51,22/04/26,Sales: 768 Cr (YoY +12.8%); NetProfit: 160 Cr (YoY +11.1%); EPS: 15.55,"Sales last 3Q: 188, 202, 205 Cr; Net Profit last 3Q: 39, 43, 43 Cr",Debt: 365 Cr,ROCE: 20%; EPS: 15.55; NPM: 20.83%,True,2026-04-23T19:41:35Z (refill REVIEW_DATA),VIJAYA vs Nifty 500: stock 60-session return 7.94% vs index 0.20% (+7.75 percentage points excess). Index membership tag: NIFTY 500.,SELL
OBEROIRLTY,NIFTY 500,22/04/26,1733.6,2005.0,-13.54,86.46,12.66,14.6887,22.82,1.267761,1.2542,20.8168,-8.94,,,,0.01257809,0.102881648,-0.106763375,0.121672022,0.093764406,0.044826558,46.7,WEAK_HOLD,13.0,10.0,BULLISH,14.52,22/04/26,Sales: 5409 Cr (YoY +2.3%); NetProfit: 2237 Cr (YoY +0.5%); EPS: 61.53,"Sales last 3Q: 988, 1779, 1493 Cr; Net Profit last 3Q: 421, 760, 623 Cr",Debt: 3027 Cr,ROCE: 15%; EPS: 61.53; NPM: 41.36%,True,2026-04-23T19:41:35Z (refill REVIEW_DATA),OBEROIRLTY vs Nifty 500: stock 60-session return 13.77% vs index 0.20% (+13.57 percentage points excess). Index membership tag: NIFTY 500.,SELL
ONGC,"NIFTY 500,NIFTY CPSE",22/04/26,283.65,293.0,-3.19,96.81,2.79,16.3471,17.03,0.288675,0.7046,129.3975,-16.83,,,,0.092453737,-1.190772521,-0.338954104,2.061292946,1.231968894,0.37119779,46.0,WEAK_HOLD,7.0,12.0,STRONG_BULLISH,8.56,22/04/26,Sales: 659254 Cr (YoY +7.7%); NetProfit: 44972 Cr (YoY +17.3%); EPS: 30.14,"Sales last 3Q: 163108, 157911, 167423 Cr; Net Profit last 3Q: 11554, 12615, 11946 Cr",Debt: 176018 Cr,ROCE: 15%; EPS: 30.14; NPM: 6.82%,True,2026-04-23T19:41:35Z (refill REVIEW_DATA),ONGC vs Nifty 500: stock 60-session return 18.00% vs index 0.20% (+17.80 percentage points excess). Index membership tag: NIFTY 500. ONGC vs Nifty CPSE: stock 60-session return 18.00% vs index 15.59% (+2.40 percentage points excess). Index membership tag: NIFTY CPSE.,WEAK_HOLD
KSL,NIFTY MICROCAP 250,22/04/26,813.65,988.8,-17.71,82.29,15.47,19.9365,40.83,2.916486,1.4749,-37.1786,-8.9,,,,0.265334614,2.281321509,-0.013523758,-0.914323245,-0.364816533,0.250798517,46.0,WEAK_HOLD,11.0,4.0,BEARISH,6.53,22/04/26,Sales: 1906 Cr (YoY -3.8%); NetProfit: 266 Cr (YoY +3.9%); EPS: 61.02,"Sales last 3Q: 443, 456, 462 Cr; Net Profit last 3Q: 62, 63, 62 Cr",Debt: 428 Cr,ROCE: 16%; EPS: 61.02; NPM: 13.96%,True,2026-04-23T19:41:35Z (refill REVIEW_DATA),KSL vs NIFTY MICROCAP250: stock 60-session return 19.90% vs index 10.03% (+9.87 percentage points excess). Index membership tag: NIFTY MICROCAP 250.,WEAK_HOLD
TITAN,NIFTY 500,22/04/26,4454.6,4554.0,-2.18,97.82,5.3,8.5181,15.61,0.867267,1.5197,21.4331,-7.18,,,,-0.284624434,-0.426286099,0.005402997,0.132681238,1.343040056,0.154042752,46.0,WEAK_HOLD,9.0,10.0,STRONG_BULLISH,9.8,22/04/26,Sales: 75580 Cr (YoY +25%); NetProfit: 4766 Cr (YoY +42.8%); EPS: 53.69,"Sales last 3Q: 16523, 18725, 25416 Cr; Net Profit last 3Q: 1091, 1120, 1684 Cr",Debt: 12465 Cr,ROCE: 17%; EPS: 53.69; NPM: 6.31%,True,2026-04-23T16:04:02Z,TITAN vs Nifty 500: stock 60-session return 9.30% vs index 0.20% (+9.11 percentage points excess). Index membership tag: NIFTY 500.,SELL
GMDCLTD,NIFTY 500,22/04/26,691.35,771.9,-10.44,89.56,18.04,28.2264,33.26,0.583499,2.9398,-26.5306,-14.22,,,,0.664611704,-0.801225233,0.605355787,-0.724113718,0.434675895,0.035860887,46.0,WEAK_HOLD,13.0,2.0,STRONG_BULLISH,14.81,22/04/26,Sales: 2626 Cr (YoY -7.9%); NetProfit: 989 Cr (YoY +44.2%); EPS: 31.09,"Sales last 3Q: 733, 528, 579 Cr; Net Profit last 3Q: 164, 466, 133 Cr",Debt: 278 Cr,ROCE: 14%; EPS: 31.09; NPM: 37.66%,True,2026-04-23T19:41:35Z (refill REVIEW_DATA),GMDCLTD vs Nifty 500: stock 60-session return 27.76% vs index 0.20% (+27.56 percentage points excess). Index membership tag: NIFTY 500.,SELL
MTARTECH,"NIFTY INDIA DEFENCE,NIFTY MICROCAP 250",22/04/26,5279.6,5350.0,-1.32,98.68,38.52,115.9321,119.97,2.104649,1.9713,87.5419,-11.44,,,,4.888893854,1.208651366,0.196191449,1.313609448,1.437615502,1.808992324,45.3,WEAK_HOLD,15.0,6.0,STRONG_BULLISH,57.96,22/04/26,Sales: 753 Cr (YoY +11.4%); NetProfit: 63 Cr (YoY +18.9%); EPS: 20.63,"Sales last 3Q: 157, 136, 278 Cr; Net Profit last 3Q: 11, 4, 35 Cr",Debt: 186 Cr,ROCE: 11%; EPS: 20.63; NPM: 8.37%,True,2026-04-23T16:04:02Z,MTARTECH vs Nifty 500: stock 60-session return 109.84% vs index 0.20% (+109.65 percentage points excess). Index membership tag: NIFTY INDIA DEFENCE. NIFTY INDIA DEFENCE series not found in data/nse_index_data.csv; using Nifty 500 as liquid broad benchmark for excess return. MTARTECH vs NIFTY MICROCAP250: stock 60-session return 109.84% vs index 10.03% (+99.81 percentage points excess). Index membership tag: NIFTY MICROCAP 250.,WEAK_HOLD
GESHIP,NIFTY 500,22/04/26,1449.1,1509.0,-3.97,96.03,5.24,31.629,32.31,0.54769,0.9112,125.1868,-8.14,,,,0.828495493,-0.84853922,-0.251671345,1.98607551,1.146191164,0.572110321,45.3,WEAK_HOLD,9.0,8.0,BULLISH,19.29,22/04/26,Sales: 5121 Cr (YoY -3.8%); NetProfit: 2262 Cr (YoY -3.5%); EPS: 158.4,"Sales last 3Q: 1201, 1242, 1454 Cr; Net Profit last 3Q: 504, 581, 813 Cr",Debt: 1254 Cr,ROCE: 15%; EPS: 158.4; NPM: 44.17%,True,2026-04-23T19:41:35Z (refill REVIEW_DATA),GESHIP vs Nifty 500: stock 60-session return 33.85% vs index 0.20% (+33.66 percentage points excess). Index membership tag: NIFTY 500.,WEAK_HOLD
SYRMA,NIFTY 500,22/04/26,997.75,1032.0,-3.32,96.68,20.21,55.1772,55.86,0.946812,1.2959,-15.3363,-17.02,,,,1.96267766,-0.321184279,-0.089146284,-0.524145413,1.217672606,0.449174858,45.3,WEAK_HOLD,13.0,4.0,STRONG_BULLISH,19.66,22/04/26,Sales: 4278 Cr (YoY +13%); NetProfit: 298 Cr (YoY +62%); EPS: 15.12,"Sales last 3Q: 944, 1146, 1264 Cr; Net Profit last 3Q: 50, 66, 110 Cr",Debt: 332 Cr,ROCE: 6%; EPS: 15.12; NPM: 6.97%,True,2026-04-23T19:41:35Z (refill REVIEW_DATA),SYRMA vs Nifty 500: stock 60-session return 54.27% vs index 0.20% (+54.08 percentage points excess). Index membership tag: NIFTY 500.,WEAK_HOLD
LUPIN,"NIFTY 500,NIFTY MIDCAP SELECT",22/04/26,2307.9,2377.6,-2.93,97.07,0.95,7.1258,8.38,0.161205,1.2014,89.5217,-8.41,,,,-0.351683565,-1.359197049,-0.129069908,1.348975416,1.26056147,0.153917273,45.3,WEAK_HOLD,5.0,10.0,STRONG_BULLISH,7.44,22/04/26,Sales: 26150 Cr (YoY +15.2%); NetProfit: 4669 Cr (YoY +41.2%); EPS: 101.7,"Sales last 3Q: 6268, 7048, 7168 Cr; Net Profit last 3Q: 1221, 1485, 1181 Cr",Debt: 6217 Cr,ROCE: 22%; EPS: 101.7; NPM: 17.85%,True,2026-04-23T16:04:02Z,LUPIN vs Nifty 500: stock 60-session return 6.44% vs index 0.20% (+6.24 percentage points excess). Index membership tag: NIFTY 500. LUPIN vs NIFTY MID SELECT: stock 60-session return 6.44% vs index 4.75% (+1.69 percentage points excess). Index membership tag: NIFTY MIDCAP SELECT.,SELL
KIRLOSBROS,NIFTY 500,22/04/26,1740.0,2475.0,-29.7,70.3,10.3,16.4949,29.94,2.13843,0.9386,45.3379,-12.84,,,,0.099572418,1.253285781,-0.240095606,0.559702341,-1.683374195,-0.002181852,45.3,WEAK_HOLD,13.0,8.0,BEARISH,13.19,22/04/26,Sales: 4404 Cr (YoY -2%); NetProfit: 403 Cr (YoY -3.8%); EPS: 50.26,"Sales last 3Q: 979, 1028, 1116 Cr; Net Profit last 3Q: 68, 72, 125 Cr",Debt: 219 Cr,ROCE: 21%; EPS: 50.26; NPM: 9.15%,True,2026-04-23T19:41:35Z (refill REVIEW_DATA),KIRLOSBROS vs Nifty 500: stock 60-session return 17.95% vs index 0.20% (+17.75 percentage points excess). Index membership tag: NIFTY 500.,SELL
RADICO,NIFTY 500,22/04/26,3243.0,3591.9,-9.71,90.29,16.77,13.8118,27.62,0.890867,1.5303,100.3523,-6.18,,,,-0.029657169,-0.395103713,0.009881203,1.5424468,0.514955052,0.328504435,44.7,WEAK_HOLD,13.0,4.0,BULLISH,20.09,22/04/26,Sales: 5851 Cr (YoY +20.8%); NetProfit: 517 Cr (YoY +49.4%); EPS: 38.62,"Sales last 3Q: 1506, 1494, 1547 Cr; Net Profit last 3Q: 131, 140, 155 Cr",Debt: 624 Cr,ROCE: 16%; EPS: 38.62; NPM: 8.84%,True,2026-04-23T16:04:02Z,RADICO vs Nifty 500: stock 60-session return 17.78% vs index 0.20% (+17.58 percentage points excess). Index membership tag: NIFTY 500.,WEAK_HOLD
GRAPHITE,NIFTY 500,22/04/26,741.05,760.0,-2.49,97.51,13.06,18.6663,31.46,1.747876,1.6606,-73.0713,-9.12,,,,0.204156342,0.737251633,0.064929332,-1.55548905,1.308948908,0.151959433,44.7,WEAK_HOLD,13.0,6.0,BULLISH,18.58,22/04/26,Sales: 2702 Cr (YoY +5.5%); NetProfit: 325 Cr (YoY -29%); EPS: 16.84,"Sales last 3Q: 665, 729, 642 Cr; Net Profit last 3Q: 133, 76, 67 Cr",Debt: 269 Cr,ROCE: 10%; EPS: 16.84; NPM: 12.03%,True,2026-04-23T16:04:02Z,GRAPHITE vs Nifty 500: stock 60-session return 19.16% vs index 0.20% (+18.96 percentage points excess). Index membership tag: NIFTY 500.,SELL
SKIPPER,NIFTY MICROCAP 250,22/04/26,471.85,588.0,-19.75,80.25,27.0,37.7486,42.81,1.528991,2.561,-55.9931,-14.92,,,,1.123241639,0.448041602,0.445323313,-1.250414262,-0.589158287,0.035406801,44.0,WEAK_HOLD,14.0,4.0,BULLISH,19.73,22/04/26,Sales: 5174 Cr (YoY +11.9%); NetProfit: 183 Cr (YoY +22.8%); EPS: 16.22,"Sales last 3Q: 1254, 1262, 1371 Cr; Net Profit last 3Q: 45, 37, 53 Cr",Debt: 801 Cr,ROCE: 24%; EPS: 16.22; NPM: 3.54%,True,2026-04-23T19:41:35Z (refill REVIEW_DATA),SKIPPER vs NIFTY MICROCAP250: stock 60-session return 33.44% vs index 10.03% (+23.42 percentage points excess). Index membership tag: NIFTY MICROCAP 250.,SELL
SCI,NIFTY 500,22/04/26,297.89,322.8,-7.72,92.28,18.57,46.3199,47.66,0.836147,3.4971,-36.8773,-21.43,,,,1.536072157,-0.467404569,0.840799552,-0.908941002,0.733798234,0.346864874,43.3,WEAK_HOLD,15.0,2.0,BULLISH,34.1,22/04/26,Sales: 5592 Cr (YoY -0.2%); NetProfit: 1133 Cr (YoY +34.2%); EPS: 24.32,"Sales last 3Q: 1316, 1339, 1612 Cr; Net Profit last 3Q: 354, 189, 405 Cr",Debt: 2811 Cr,ROCE: 10%; EPS: 24.32; NPM: 20.26%,True,2026-04-23T19:41:35Z (refill REVIEW_DATA),SCI vs Nifty 500: stock 60-session return 46.56% vs index 0.20% (+46.37 percentage points excess). Index membership tag: NIFTY 500.,WEAK_HOLD
NIACL,NIFTY 500,22/04/26,162.8,214.74,-24.19,75.81,13.38,13.4168,38.18,2.72692,28.6958,-6.3667,-16.07,,,,-0.048682061,2.030850308,11.48655011,-0.363917824,-1.077431516,2.405473804,42.7,WEAK_HOLD,11.0,6.0,BEARISH,11.41,22/04/26,Sales: 48902 Cr (YoY +12.8%); NetProfit: 1193 Cr (YoY +14.9%); EPS: 7.25,"Sales last 3Q: 11719, 13450, 12069 Cr; Net Profit last 3Q: 402, 55, 380 Cr",Debt: 0 Cr,ROCE: 4%; EPS: 7.25; NPM: 2.44%,True,2026-04-23T16:04:02Z,NIACL vs Nifty 500: stock 60-session return 13.43% vs index 0.20% (+13.24 percentage points excess). Index membership tag: NIFTY 500.,WEAK_HOLD
FEDERALBNK,NIFTY 500,22/04/26,296.45,302.0,-1.84,98.16,5.24,6.6858,16.55,0.919555,0.9306,0.5381,-8.36,,,,-0.37287585,-0.357198615,-0.243475384,-0.240574591,1.380430349,0.033261182,42.7,WEAK_HOLD,8.0,10.0,BULLISH,5.46,22/04/26,Revenue: 28835 Cr (YoY +2.6%); NetProfit: 4219 Cr (YoY -0.4%); EPS: 16.65,"Sales last 3Q: 7151, 7216, 7360 Cr; Net Profit last 3Q: 951, 1023, 1125 Cr",,ROE: 13%; EPS: 16.65; NPM: 14.63%,True,2026-04-23T19:41:35Z (refill REVIEW_DATA),FEDERALBNK vs Nifty 500: stock 60-session return 8.49% vs index 0.20% (+8.29 percentage points excess). Index membership tag: NIFTY 500.,SELL
VSTIND,NIFTY MICROCAP 250,22/04/26,263.87,334.65,-21.15,78.85,14.94,12.2734,31.89,2.277774,6.492,15.8067,-89.2,,,,-0.103753102,1.437399278,2.106061583,0.032174581,-0.743118314,0.545752805,42.0,WEAK_HOLD,13.0,6.0,BEARISH,17.71,22/04/26,Sales: 471 Cr (YoY +23.9%); NetProfit: 62 Cr (YoY +0%); EPS: 3.65,"Sales last 3Q: 336, 373, 457 Cr; Net Profit last 3Q: 59, 60, 117 Cr",Debt: 0 Cr,ROCE: 28%; EPS: 3.65; NPM: 13.16%,True,2026-04-23T16:04:02Z,VSTIND vs NIFTY MICROCAP250: stock 60-session return 14.06% vs index 10.03% (+4.03 percentage points excess). Index membership tag: NIFTY MICROCAP 250.,WEAK_HOLD
RRKABEL,NIFTY 500,22/04/26,1463.3,1578.2,-7.28,92.72,2.84,2.8312,13.14,0.93828,1.3396,30.4941,-19.81,,,,-0.558529895,-0.332457505,-0.070684248,0.294541543,0.782185671,0.023011113,41.3,WEAK_HOLD,3.0,13.0,BULLISH,2.7,22/04/26,Sales: 8976 Cr (YoY +17.8%); NetProfit: 453 Cr (YoY +45.2%); EPS: 40.1,"Sales last 3Q: 2059, 2164, 2536 Cr; Net Profit last 3Q: 90, 116, 118 Cr",Debt: 393 Cr,ROCE: 20%; EPS: 40.1; NPM: 5.05%,True,2026-04-23T19:41:35Z (refill REVIEW_DATA),RRKABEL vs Nifty 500: stock 60-session return 3.65% vs index 0.20% (+3.45 percentage points excess). Index membership tag: NIFTY 500.,SELL
TRITURBINE,NIFTY 500,22/04/26,570.9,675.2,-15.45,84.55,19.01,20.9905,31.17,1.731444,17.9341,35.1778,-9.74,,,,0.316099769,0.715540235,6.940030895,0.378208369,-0.11628106,1.646719642,40.7,WEAK_HOLD,13.0,4.0,BEARISH,14.46,22/04/26,Sales: 2040 Cr (YoY +1.7%); NetProfit: 342 Cr (YoY -4.7%); EPS: 10.75,"Sales last 3Q: 371, 506, 624 Cr; Net Profit last 3Q: 64, 91, 92 Cr",Debt: 38 Cr,ROCE: 48%; EPS: 10.75; NPM: 16.76%,True,2026-04-23T16:04:02Z,TRITURBINE vs Nifty 500: stock 60-session return 21.24% vs index 0.20% (+21.04 percentage points excess). Index membership tag: NIFTY 500.,WEAK_HOLD
HAL,"NIFTY 500,NIFTY INDIA DEFENCE",22/04/26,4400.6,5165.0,-14.8,85.2,9.94,2.6303,26.19,1.870924,0.7484,11.4562,-50.77,,,,-0.568206099,0.899833427,-0.320449821,-0.045540159,-0.044799619,-0.015832454,40.7,WEAK_HOLD,8.0,11.0,BEARISH,6.66,22/04/26,Sales: 32846 Cr (YoY +6%); NetProfit: 8896 Cr (YoY +6.4%); EPS: 133.02,"Sales last 3Q: 4819, 6629, 7699 Cr; Net Profit last 3Q: 1384, 1669, 1867 Cr",Debt: 11 Cr,ROCE: 34%; EPS: 133.02; NPM: 27.08%,True,2026-04-23T19:41:35Z (refill REVIEW_DATA),HAL vs Nifty 500: stock 60-session return 1.04% vs index 0.20% (+0.85 percentage points excess). Index membership tag: NIFTY 500.,SELL
DIVISLAB,NIFTY 500,22/04/26,6285.5,7071.5,-11.12,88.88,1.9,3.8993,7.98,0.72543,0.7261,59.0965,-11.71,,,,-0.507085624,-0.613693566,-0.329870951,0.805477773,0.35989531,-0.057055412,40.7,WEAK_HOLD,6.0,8.0,BEARISH,6.12,22/04/26,Sales: 10314 Cr (YoY +10.2%); NetProfit: 2479 Cr (YoY +13.1%); EPS: 93.38,"Sales last 3Q: 2410, 2715, 2604 Cr; Net Profit last 3Q: 545, 689, 583 Cr",Debt: 90 Cr,ROCE: 21%; EPS: 93.38; NPM: 24.04%,True,2026-04-23T19:41:35Z (refill REVIEW_DATA),DIVISLAB vs Nifty 500: stock 60-session return 4.53% vs index 0.20% (+4.34 percentage points excess). Index membership tag: NIFTY 500.,SELL
VOLTAS,NIFTY 500,22/04/26,1481.6,1582.5,-6.38,93.62,4.12,14.1146,21.42,2.142272,1.511,21.0551,-13.89,,,,-0.015073024,1.258362168,0.001727489,0.125928871,0.881159974,0.450421096,40.0,WEAK_HOLD,6.0,8.0,BULLISH,6.68,22/04/26,Sales: 14124 Cr (YoY -8.4%); NetProfit: 492 Cr (YoY -41%); EPS: 15.13,"Sales last 3Q: 3939, 2347, 3071 Cr; Net Profit last 3Q: 141, 32, 84 Cr",Debt: 1755 Cr,ROCE: 13%; EPS: 15.13; NPM: 3.48%,True,2026-04-23T19:41:35Z (refill REVIEW_DATA),VOLTAS vs Nifty 500: stock 60-session return 11.88% vs index 0.20% (+11.68 percentage points excess). Index membership tag: NIFTY 500.,WEAK_HOLD
PRSMJOHNSN,NIFTY MICROCAP 250,22/04/26,133.23,176.0,-24.3,75.7,6.47,3.4663,12.29,0.219433,7.232,95.7583,-7.75,,,,-0.527940758,-1.282261116,2.418691021,1.460382322,-1.089528376,0.195868619,40.0,WEAK_HOLD,7.0,6.0,BULLISH,9.47,22/04/26,Sales: 7723 Cr (YoY +5.6%); NetProfit: 167 Cr (YoY +271.1%); EPS: 3.89,"Sales last 3Q: 1922, 1855, 1844 Cr; Net Profit last 3Q: -6, 2, 50 Cr",Debt: 1694 Cr,ROCE: 3%; EPS: 3.89; NPM: 2.16%,True,2026-04-23T19:41:35Z (refill REVIEW_DATA),PRSMJOHNSN vs NIFTY MICROCAP250: stock 60-session return 7.60% vs index 10.03% (-2.43 percentage points excess). Index membership tag: NIFTY MICROCAP 250.,SELL
ADANIPORTS,NIFTY 500,22/04/26,1588.6,1611.9,-1.45,98.55,8.15,14.5482,21.86,1.214585,1.5632,-48.9105,-21.15,10.0,10.0,10.0,0.005811009,0.032620859,0.023780538,-1.123894916,1.423319214,0.072327341,39.3,WEAK_HOLD,6.0,10.0,BULLISH,3.63,22/04/26,Sales: 36487 Cr (YoY +19.7%); NetProfit: 12497 Cr (YoY +13%); EPS: 56.93,"Sales last 3Q: 9126, 9167, 9705 Cr; Net Profit last 3Q: 3311, 3120, 3043 Cr",Debt: 56851 Cr,ROCE: 9%; EPS: 56.93; NPM: 34.25%,True,2026-04-23T19:41:35Z (refill REVIEW_DATA),ADANIPORTS vs Nifty 500: stock 60-session return 16.16% vs index 0.20% (+15.96 percentage points excess). Index membership tag: NIFTY 500.,SELL
SUNTECK,NIFTY MICROCAP 250,22/04/26,357.85,478.75,-25.25,74.75,1.36,-7.8211,30.98,2.213188,15.3168,-114.4412,-7.15,,,,-1.071590286,1.352062598,5.834294372,-2.294496292,-1.194001251,0.525253828,38.7,WEAK_HOLD,10.0,14.0,BEARISH,-11.62,22/04/26,Sales: 1124 Cr (YoY +31.8%); NetProfit: 202 Cr (YoY +34.7%); EPS: 13.92,"Sales last 3Q: 252, 344, 339 Cr; Net Profit last 3Q: 49, 57, 63 Cr",Debt: 774 Cr,ROCE: 1%; EPS: 13.92; NPM: 17.97%,True,2026-04-23T16:04:02Z,SUNTECK vs NIFTY MICROCAP250: stock 60-session return -11.19% vs index 10.03% (-21.22 percentage points excess). Index membership tag: NIFTY MICROCAP 250.,WEAK_HOLD
GNFC,NIFTY MICROCAP 250,22/04/26,488.5,573.75,-14.86,85.14,11.24,9.2017,33.31,2.379003,1.7165,3.4942,-10.02,,,,-0.25169933,1.571151898,0.088545529,-0.187768582,-0.051397906,0.233766322,38.7,WEAK_HOLD,8.0,8.0,BEARISH,6.47,22/04/26,Sales: 7620 Cr (YoY -3.4%); NetProfit: 623 Cr (YoY +4.2%); EPS: 42.4,"Sales last 3Q: 1601, 1968, 1996 Cr; Net Profit last 3Q: 83, 179, 150 Cr",Debt: 13 Cr,ROCE: 10%; EPS: 42.4; NPM: 8.18%,True,2026-04-23T19:41:35Z (refill REVIEW_DATA),GNFC vs NIFTY MICROCAP250: stock 60-session return 6.55% vs index 10.03% (-3.47 percentage points excess). Index membership tag: NIFTY MICROCAP 250.,SELL
PTC,NIFTY MICROCAP 250,22/04/26,186.52,207.0,-9.89,90.11,10.16,21.3834,22.07,0.374035,2.0276,28.7794,-17.72,,,,0.335023515,-1.077987414,0.219976634,0.263911164,0.495160192,0.047216818,38.7,WEAK_HOLD,6.0,6.0,STRONG_BULLISH,4.95,22/04/26,Sales: 15797 Cr (YoY -2.7%); NetProfit: 968 Cr (YoY -0.8%); EPS: 28.78,"Sales last 3Q: 4009, 5459, 3405 Cr; Net Profit last 3Q: 243, 222, 131 Cr",Debt: 2264 Cr,ROCE: 12%; EPS: 28.78; NPM: 6.13%,True,2026-04-23T19:41:35Z (refill REVIEW_DATA),PTC vs NIFTY MICROCAP250: stock 60-session return 21.96% vs index 10.03% (+11.93 percentage points excess). Index membership tag: NIFTY MICROCAP 250.,SELL
MIDHANI,"NIFTY INDIA DEFENCE,NIFTY MICROCAP 250",22/04/26,385.9,469.0,-17.72,82.28,14.32,13.1165,42.69,3.049151,1.5392,-103.4579,-14.64,,,,-0.063145795,2.456610125,0.013641205,-2.098297166,-0.365916247,-0.011421576,37.3,WEAK_HOLD,9.0,6.0,BEARISH,8.91,22/04/26,Sales: 1066 Cr (YoY -0.7%); NetProfit: 110 Cr (YoY -0.9%); EPS: 5.86,"Sales last 3Q: 170, 210, 276 Cr; Net Profit last 3Q: 13, 13, 28 Cr",Debt: 338 Cr,ROCE: 11%; EPS: 5.86; NPM: 10.32%,True,2026-04-23T19:41:35Z (refill REVIEW_DATA),MIDHANI vs Nifty 500: stock 60-session return 11.61% vs index 0.20% (+11.42 percentage points excess). Index membership tag: NIFTY INDIA DEFENCE. NIFTY INDIA DEFENCE series not found in data/nse_index_data.csv; using Nifty 500 as liquid broad benchmark for excess return. MIDHANI vs NIFTY MICROCAP250: stock 60-session return 11.61% vs index 10.03% (+1.59 percentage points excess). Index membership tag: NIFTY MICROCAP 250.,SELL
WELSPUNLIV,NIFTY 500,22/04/26,133.37,154.57,-13.72,86.28,6.79,13.054,23.13,1.651852,0.3882,6.1028,-9.64,49.31,33.12,51.96,-0.066156063,0.610376315,-0.472624312,-0.141170106,0.073969545,0.000879076,36.7,WEAK_HOLD,6.0,10.0,BEARISH,-5.5,22/04/26,Sales: 9610 Cr (YoY -8.9%); NetProfit: 240 Cr (YoY -62.7%); EPS: 2.42,"Sales last 3Q: 2261, 2441, 2262 Cr; Net Profit last 3Q: 89, 15, 3 Cr",Debt: 2685 Cr,ROCE: 14%; EPS: 2.42; NPM: 2.5%,True,2026-04-23T19:41:35Z (refill REVIEW_DATA),WELSPUNLIV vs Nifty 500: stock 60-session return 18.03% vs index 0.20% (+17.83 percentage points excess). Index membership tag: NIFTY 500.,SELL
GSPL,NIFTY 500,22/04/26,281.61,360.6,-21.91,78.09,2.45,-5.994,22.63,1.616124,5.2152,0.1199,-19.54,,,,-0.983589324,0.563169352,1.566649061,-0.248045067,-0.826696615,0.014297482,20.7,SELL,3.0,4.0,BEARISH,-3.71,22/04/26,Sales: 16290 Cr (YoY -6.2%); NetProfit: 1585 Cr (YoY -3.2%); EPS: 18.65,"Sales last 3Q: 4107, 4008, 3885 Cr; Net Profit last 3Q: 465, 389, 379 Cr",Debt: 140 Cr,ROCE: 10%; EPS: 18.65; NPM: 9.73%,True,2026-04-23T19:41:35Z (refill REVIEW_DATA),GSPL vs Nifty 500: stock 60-session return -4.88% vs index 0.20% (-5.07 percentage points excess). Index membership tag: NIFTY 500.,SELL
RELINFRA,NIFTY 500,04/06/25,380.6,385.7,-1.32,98.68,41.55,60.7199,74.24,1.40067,3.6354,17.2389,-20.0,,,,2.229637831,0.278492658,0.899227459,0.057758548,1.437615502,0.9805464,,,,,,,,Sales: 20547 Cr (YoY -15.9%); NetProfit: 11460 Cr (YoY +24.9%); EPS: 159.25,"Sales last 3Q: 5908, 6235, 4297 Cr; Net Profit last 3Q: 305, 2575, 317 Cr",Debt: 5737 Cr,ROCE: -1%; EPS: 159.25; NPM: 55.77%,True,2026-04-23T19:41:35Z (refill REVIEW_DATA),RELINFRA vs Nifty 500: stock 60-session return 84.86% vs index 0.20% (+84.66 percentage points excess). Index membership tag: NIFTY 500.,REVIEW_NO_TECH
TVSSCS,NIFTY MICROCAP 250,23/02/26,117.3,156.25,-24.93,75.07,8.4,-4.8633,24.84,1.242018,15.9442,-8.4859,-8.85,,,,-0.92912997,0.068867742,6.099353438,-0.40177395,-1.158810388,0.735701374,,,,,,,,Sales: 10470 Cr (YoY +4.7%); NetProfit: 95 Cr (YoY +1050%); EPS: 2.08,"Sales last 3Q: 2592, 2663, 2716 Cr; Net Profit last 3Q: 71, 16, 11 Cr",Debt: 2221 Cr,ROCE: 4%; EPS: 2.08; NPM: 0.91%,True,2026-04-23T19:41:35Z (refill REVIEW_DATA),TVSSCS vs NIFTY MICROCAP250: stock 60-session return -5.51% vs index 10.03% (-15.54 percentage points excess). Index membership tag: NIFTY MICROCAP 250.,REVIEW_NO_TECH
KIRLPNU,NIFTY MICROCAP 250,22/04/26,1354.9,1550.0,-12.59,87.41,18.24,24.1334,30.28,2.162775,1.6464,62.4969,-13.61,,,,0.467475294,1.285452528,0.058930227,0.866220492,0.198237282,0.575263164,,,,,,,,Sales: 1667 Cr (YoY +1.6%); NetProfit: 191 Cr (YoY -9.5%); EPS: 29.67,"Sales last 3Q: 282, 386, 407 Cr; Net Profit last 3Q: 25, 44, 42 Cr",Debt: 9 Cr,ROCE: 28%; EPS: 29.67; NPM: 11.46%,True,2026-04-23T19:41:35Z (refill REVIEW_DATA),KIRLPNU vs NIFTY MICROCAP250: stock 60-session return 23.16% vs index 10.03% (+13.14 percentage points excess). Index membership tag: NIFTY MICROCAP 250.,REVIEW_NO_TECH
BBL,NIFTY MICROCAP 250,22/04/26,2808.8,3475.0,-19.17,80.83,15.03,12.6419,35.76,2.554498,1.5324,80.562,-51.12,50.99,47.0,49.57,-0.086004564,1.803031261,0.010768394,1.188924674,-0.525374847,0.478268984,,,,,,,,Sales: 2126 Cr (YoY +11.8%); NetProfit: 131 Cr (YoY -2.2%); EPS: 115.99,"Sales last 3Q: 465, 473, 568 Cr; Net Profit last 3Q: 28, 28, 25 Cr",Debt: 191 Cr,ROCE: 10%; EPS: 115.99; NPM: 6.16%,True,2026-04-23T16:04:02Z,BBL vs NIFTY MICROCAP250: stock 60-session return 10.77% vs index 10.03% (+0.74 percentage points excess). Index membership tag: NIFTY MICROCAP 250.,REVIEW_NO_TECH
SCHNEIDER,NIFTY 500,23/02/26,914.45,948.8,-3.62,96.38,25.83,12.8115,57.88,2.63098,3.0267,-64.4344,-8.84,,,,-0.077835901,1.904085978,0.642068623,-1.401204615,1.184681171,0.450359051,,,,,,,,Sales: 2888 Cr (YoY +9.5%); NetProfit: 245 Cr (YoY -8.6%); EPS: 10.25,"Sales last 3Q: 622, 650, 1029 Cr; Net Profit last 3Q: 41, 52, 97 Cr",Debt: 527 Cr,ROCE: 41%; EPS: 10.25; NPM: 8.48%,True,2026-04-23T19:41:35Z (refill REVIEW_DATA),SCHNEIDER vs Nifty 500: stock 60-session return 11.34% vs index 0.20% (+11.15 percentage points excess). Index membership tag: NIFTY 500.,REVIEW_NO_TECH
LLOYDSENT,NIFTY MICROCAP 250,22/04/26,69.16,96.4,-28.26,71.74,30.51,26.0516,67.13,4.795277,1.3976,-73.1825,-9.28,,,,0.559864021,4.763744718,-0.04618086,-1.557475461,-1.52501531,0.438987422,,,,,,,,Sales: 1526 Cr (YoY +2.6%); NetProfit: 373 Cr (YoY +203.3%); EPS: 1.66,"Sales last 3Q: 331, 407, 299 Cr; Net Profit last 3Q: 249, 62, 38 Cr",Debt: 671 Cr,ROCE: 1%; EPS: 1.66; NPM: 24.44%,True,2026-04-23T19:41:35Z (refill REVIEW_DATA),LLOYDSENT vs NIFTY MICROCAP250: stock 60-session return 28.43% vs index 10.03% (+18.40 percentage points excess). Index membership tag: NIFTY MICROCAP 250.,REVIEW_NO_TECH
INGERRAND,NIFTY MICROCAP 250,22/04/26,4190.0,4477.8,-6.43,93.57,10.65,33.4254,34.11,0.578136,0.9398,90.9575,-6.53,,,,0.915017811,-0.808311298,-0.239588639,1.374623691,0.875661402,0.423480593,,,,,,,,Sales: 1415 Cr (YoY +5.9%); NetProfit: 259 Cr (YoY -3.4%); EPS: 82,"Sales last 3Q: 315, 322, 455 Cr; Net Profit last 3Q: 59, 60, 72 Cr",Debt: 10 Cr,ROCE: 60%; EPS: 82; NPM: 18.3%,True,2026-04-23T19:41:35Z (refill REVIEW_DATA),INGERRAND vs NIFTY MICROCAP250: stock 60-session return 31.75% vs index 10.03% (+21.72 percentage points excess). Index membership tag: NIFTY MICROCAP 250.,REVIEW_NO_TECH
MAHABANK,NIFTY 500,22/04/26,79.76,82.15,-2.91,97.09,16.97,24.1549,30.05,2.146468,1.8142,-61.2595,-12.69,,,,0.468510826,1.263906291,0.129821064,-1.344490093,1.262760899,0.356101797,,,,,,,,Revenue: 29282 Cr (YoY +17.4%); NetProfit: 7017 Cr (YoY +26.6%); EPS: 9.12,"Sales last 3Q: 7128, 7344, 7755 Cr; Net Profit last 3Q: 1669, 1799, 2045 Cr",,ROE: 23%; EPS: 9.12; NPM: 23.96%,True,2026-04-23T19:41:35Z (refill REVIEW_DATA),MAHABANK vs Nifty 500: stock 60-session return 24.78% vs index 0.20% (+24.59 percentage points excess). Index membership tag: NIFTY 500.,REVIEW_NO_TECH
BOSCHLTD,NIFTY 500,22/04/26,37885.0,41945.0,-9.68,90.32,11.13,7.1576,31.8,2.271202,2.9016,-31.4625,-5.76,53.48,47.0,51.96,-0.350151941,1.428715776,0.589217349,-0.812214241,0.518254196,0.274764228,,,,,,,,Sales: 19380 Cr (YoY +7.1%); NetProfit: 2757 Cr (YoY +36.8%); EPS: 934.68,"Sales last 3Q: 4789, 4795, 4886 Cr; Net Profit last 3Q: 1116, 554, 533 Cr",Debt: 109 Cr,ROCE: 21%; EPS: 934.68; NPM: 14.23%,True,2026-04-23T19:41:35Z (refill REVIEW_DATA),BOSCHLTD vs Nifty 500: stock 60-session return 6.49% vs index 0.20% (+6.30 percentage points excess). Index membership tag: NIFTY 500.,REVIEW_NO_TECH
KPIL,NIFTY 500,22/04/26,1266.0,1335.6,-5.21,94.79,11.72,17.1485,24.35,1.352738,0.8955,29.0054,-12.46,,,,0.131052594,0.215160702,-0.258304158,0.267948293,1.009826569,0.2731368,,,,,,,,Sales: 26432 Cr (YoY +18.4%); NetProfit: 818 Cr (YoY +44.3%); EPS: 48.68,"Sales last 3Q: 6171, 6529, 6665 Cr; Net Profit last 3Q: 214, 237, 149 Cr",Debt: 4828 Cr,ROCE: 15%; EPS: 48.68; NPM: 3.09%,True,2026-04-23T19:41:35Z (refill REVIEW_DATA),KPIL vs Nifty 500: stock 60-session return 15.01% vs index 0.20% (+14.81 percentage points excess). Index membership tag: NIFTY 500.,REVIEW_NO_TECH
LINDEINDIA,NIFTY 500,22/04/26,7272.0,7870.0,-7.6,92.4,5.37,22.6009,24.45,0.436535,0.6312,97.3108,-7.05,,,,0.39366353,-0.99540694,-0.369963564,1.488115257,0.746994808,0.252680618,,,,,,,,Sales: 2508 Cr (YoY +0.9%); NetProfit: 590 Cr (YoY +29.7%); EPS: 69.17,"Sales last 3Q: 571, 644, 701 Cr; Net Profit last 3Q: 107, 171, 193 Cr",Debt: 67 Cr,ROCE: 17%; EPS: 69.17; NPM: 23.52%,True,2026-04-23T19:41:35Z (refill REVIEW_DATA),LINDEINDIA vs Nifty 500: stock 60-session return 22.04% vs index 0.20% (+21.85 percentage points excess). Index membership tag: NIFTY 500.,REVIEW_NO_TECH
JPPOWER,NIFTY 500,22/04/26,20.13,27.7,-27.33,72.67,30.46,31.7495,50.56,1.805748,2.4145,49.2904,-11.22,,,,0.834299289,0.813717188,0.383431134,0.630307445,-1.422741863,0.247802638,,,,,,,,Sales: 5518 Cr (YoY +1%); NetProfit: 620 Cr (YoY -23.8%); EPS: 0.92,"Sales last 3Q: 1583, 1438, 1156 Cr; Net Profit last 3Q: 278, 182, 4 Cr",Debt: 3519 Cr,ROCE: 10%; EPS: 0.92; NPM: 11.24%,True,2026-04-23T19:41:35Z (refill REVIEW_DATA),JPPOWER vs Nifty 500: stock 60-session return 30.80% vs index 0.20% (+30.60 percentage points excess). Index membership tag: NIFTY 500.,REVIEW_NO_TECH
AIAENG,NIFTY 500,22/04/26,4058.6,4206.1,-3.51,96.49,7.35,8.3793,22.4,1.244341,0.8437,44.1678,-6.64,10.0,10.0,10.0,-0.291309636,0.071937093,-0.280188219,0.538800372,1.19677803,0.247203528,,,,,,,,Sales: 4311 Cr (YoY +0.6%); NetProfit: 1161 Cr (YoY +9.5%); EPS: 124.53,"Sales last 3Q: 1039, 1048, 1067 Cr; Net Profit last 3Q: 305, 277, 293 Cr",Debt: 1022 Cr,ROCE: 19%; EPS: 124.53; NPM: 26.93%,True,2026-04-23T19:41:35Z (refill REVIEW_DATA),AIAENG vs Nifty 500: stock 60-session return 8.50% vs index 0.20% (+8.31 percentage points excess). Index membership tag: NIFTY 500.,REVIEW_NO_TECH
ENTERO,NIFTY MICROCAP 250,22/04/26,1263.9,1510.8,-16.34,83.66,11.38,13.5094,26.24,1.140805,0.7878,114.2091,-8.3,,,,-0.044222048,-0.064863738,-0.303804416,1.789976418,-0.214155649,0.232586113,,,,,,,,Sales: 6020 Cr (YoY +18.1%); NetProfit: 132 Cr (YoY +23.4%); EPS: 25.9,"Sales last 3Q: 1404, 1571, 1707 Cr; Net Profit last 3Q: 30, 37, 34 Cr",Debt: 443 Cr,ROCE: 5%; EPS: 25.9; NPM: 2.19%,True,2026-04-23T19:41:35Z (refill REVIEW_DATA),ENTERO vs NIFTY MICROCAP250: stock 60-session return 10.45% vs index 10.03% (+0.43 percentage points excess). Index membership tag: NIFTY MICROCAP 250.,REVIEW_NO_TECH
NMDC,NIFTY 500,22/04/26,88.59,90.17,-1.75,98.25,8.79,11.9679,17.98,0.998801,1.0051,14.0785,-67.68,,,,-0.118467291,-0.252491859,-0.212001204,0.001303046,1.390327779,0.161734094,,,,,,,,Sales: 27732 Cr (YoY +16%); NetProfit: 6900 Cr (YoY +5.8%); EPS: 7.85,"Sales last 3Q: 6739, 6378, 7611 Cr; Net Profit last 3Q: 1968, 1698, 1757 Cr",Debt: 3640 Cr,ROCE: 30%; EPS: 7.85; NPM: 24.88%,True,2026-04-23T19:41:35Z (refill REVIEW_DATA),NMDC vs Nifty 500: stock 60-session return 12.37% vs index 0.20% (+12.17 percentage points excess). Index membership tag: NIFTY 500.,REVIEW_NO_TECH
SUZLON,"NIFTY 500,NIFTY MIDCAP SELECT",22/04/26,54.57,74.3,-26.55,73.45,23.3,19.1704,37.94,2.710169,2.3209,-10.6347,-13.18,,,,0.228435957,2.00871742,0.343887734,-0.440158833,-1.336964134,0.160783629,,,,,,,,Sales: 15029 Cr (YoY +38%); NetProfit: 3230 Cr (YoY +55.9%); EPS: 2.38,"Sales last 3Q: 3132, 3871, 4236 Cr; Net Profit last 3Q: 324, 1279, 445 Cr",Debt: 397 Cr,ROCE: 36%; EPS: 2.38; NPM: 21.49%,True,2026-04-23T16:04:02Z,SUZLON vs Nifty 500: stock 60-session return 17.76% vs index 0.20% (+17.56 percentage points excess). Index membership tag: NIFTY 500. SUZLON vs NIFTY MID SELECT: stock 60-session return 17.76% vs index 4.75% (+13.01 percentage points excess). Index membership tag: NIFTY MIDCAP SELECT.,REVIEW_NO_TECH
LLOYDSENGG,NIFTY MICROCAP 250,22/04/26,59.07,84.27,-29.9,70.1,24.06,28.8548,56.56,4.039983,1.4654,-97.1598,-16.99,,,,0.694878139,3.765784138,-0.017537244,-1.98579166,-1.705368485,0.150392978,,,,,,,,Sales: 1038 Cr (YoY +22.7%); NetProfit: 171 Cr (YoY +62.9%); EPS: 1.28,"Sales last 3Q: 217, 317, 272 Cr; Net Profit last 3Q: 30, 54, 67 Cr",Debt: 189 Cr,ROCE: 23%; EPS: 1.28; NPM: 16.47%,True,2026-04-23T16:04:02Z,LLOYDSENGG vs NIFTY MICROCAP250: stock 60-session return 26.00% vs index 10.03% (+15.98 percentage points excess). Index membership tag: NIFTY MICROCAP 250.,REVIEW_NO_TECH
EMCURE,NIFTY 500,22/04/26,1597.9,1688.0,-5.34,94.66,5.0,1.8829,12.86,0.443517,0.7967,105.8473,-6.7,,,,-0.604204084,-0.98618171,-0.300044413,1.640606206,0.99553028,0.149141256,,,,,,,,Sales: 8850 Cr (YoY +12.1%); NetProfit: 895 Cr (YoY +26.6%); EPS: 45.89,"Sales last 3Q: 2101, 2270, 2363 Cr; Net Profit last 3Q: 215, 251, 231 Cr",Debt: 1659 Cr,ROCE: 14%; EPS: 45.89; NPM: 10.11%,True,2026-04-23T16:04:02Z,EMCURE vs Nifty 500: stock 60-session return 4.04% vs index 0.20% (+3.85 percentage points excess). Index membership tag: NIFTY 500.,REVIEW_NO_TECH
RATNAMANI,NIFTY MICROCAP 250,22/04/26,2454.3,3050.0,-19.53,80.47,6.3,20.7552,26.09,0.579874,0.2855,143.7771,-7.82,,,,0.304766713,-0.8060149,-0.516012209,2.318161551,-0.564964568,0.147187317,,,,,,,,Sales: 5124 Cr (YoY -1.2%); NetProfit: 622 Cr (YoY +14.8%); EPS: 83.46,"Sales last 3Q: 1152, 1192, 1066 Cr; Net Profit last 3Q: 127, 156, 135 Cr",Debt: 241 Cr,ROCE: 22%; EPS: 83.46; NPM: 12.14%,True,2026-04-23T16:04:02Z,RATNAMANI vs NIFTY MICROCAP250: stock 60-session return 19.58% vs index 10.03% (+9.56 percentage points excess). Index membership tag: NIFTY MICROCAP 250.,REVIEW_NO_TECH
AHLUCONT,NIFTY MICROCAP 250,22/04/26,890.2,1125.0,-20.87,79.13,14.06,0.8031,35.84,2.559701,0.5924,51.798,-11.87,10.0,10.0,10.0,-0.656211877,1.809905921,-0.386355486,0.675101718,-0.712326309,0.146022793,,,,,,,,Sales: 4459 Cr (YoY +8.8%); NetProfit: 267 Cr (YoY +32.2%); EPS: 39.88,"Sales last 3Q: 1005, 1177, 1061 Cr; Net Profit last 3Q: 51, 79, 54 Cr",Debt: 75 Cr,ROCE: 18%; EPS: 39.88; NPM: 5.99%,True,2026-04-23T16:04:02Z,AHLUCONT vs NIFTY MICROCAP250: stock 60-session return 3.27% vs index 10.03% (-6.76 percentage points excess). Index membership tag: NIFTY MICROCAP 250.,REVIEW_NO_TECH
FINEORG,NIFTY MICROCAP 250,22/04/26,5086.0,5494.0,-7.43,92.57,13.69,26.5003,30.85,0.541283,0.8193,39.7872,-6.65,,,,0.581475335,-0.857004709,-0.290496541,0.460547943,0.765689954,0.132042396,,,,,,,,Sales: 2347 Cr (YoY +3.4%); NetProfit: 397 Cr (YoY -3.2%); EPS: 129.38,"Sales last 3Q: 588, 597, 555 Cr; Net Profit last 3Q: 117, 109, 74 Cr",Debt: 16 Cr,ROCE: 26%; EPS: 129.38; NPM: 16.92%,True,2026-04-23T19:41:35Z (refill REVIEW_DATA),FINEORG vs NIFTY MICROCAP250: stock 60-session return 26.85% vs index 10.03% (+16.82 percentage points excess). Index membership tag: NIFTY MICROCAP 250.,REVIEW_NO_TECH
RENUKA,NIFTY MICROCAP 250,22/04/26,28.58,35.85,-20.28,79.72,12.3,22.6113,23.99,0.4209,1.223,121.1468,-8.1,,,,0.394164438,-1.016065272,-0.119944509,1.913907357,-0.647443154,0.104923772,,,,,,,,Sales: 9398 Cr (YoY -13.8%); NetProfit: -578 Cr (YoY -92.7%); EPS: -2.72,"Sales last 3Q: 2010, 2423, 2273 Cr; Net Profit last 3Q: -264, -369, -38 Cr",Debt: 6266 Cr,ROCE: 10%; EPS: -2.72; NPM: -6.15%,True,2026-04-23T19:41:35Z (refill REVIEW_DATA),RENUKA vs NIFTY MICROCAP250: stock 60-session return 20.44% vs index 10.03% (+10.41 percentage points excess). Index membership tag: NIFTY MICROCAP 250.,REVIEW_NO_TECH
GRWRHITECH,NIFTY MICROCAP 250,22/04/26,4051.5,4782.9,-15.29,84.71,2.85,49.1212,49.81,0.844167,0.92,-9.3241,-16.3,,,,1.670994763,-0.456807842,-0.247953589,-0.416747055,-0.098685628,0.09016013,,,,,,,,Sales: 2071 Cr (YoY -1.8%); NetProfit: 308 Cr (YoY -6.9%); EPS: 132.5,"Sales last 3Q: 495, 570, 459 Cr; Net Profit last 3Q: 83, 91, 56 Cr",Debt: 18 Cr,ROCE: 21%; EPS: 132.5; NPM: 14.87%,True,2026-04-23T19:41:35Z (refill REVIEW_DATA),GRWRHITECH vs NIFTY MICROCAP250: stock 60-session return 47.58% vs index 10.03% (+37.55 percentage points excess). Index membership tag: NIFTY MICROCAP 250.,REVIEW_NO_TECH
ZFCVINDIA,NIFTY 500,22/04/26,15184.0,16665.0,-8.89,91.11,4.32,9.56,15.11,0.888752,1.3741,40.4956,-13.66,50.29,33.12,54.52,-0.234442067,-0.397898236,-0.056108957,0.473202379,0.60513164,0.077976952,,,,,,,,Sales: 3976 Cr (YoY +3.8%); NetProfit: 498 Cr (YoY +8%); EPS: 262.32,"Sales last 3Q: 976, 913, 1075 Cr; Net Profit last 3Q: 122, 108, 140 Cr",Debt: 62 Cr,ROCE: 20%; EPS: 262.32; NPM: 12.53%,True,2026-04-23T19:41:35Z (refill REVIEW_DATA),ZFCVINDIA vs Nifty 500: stock 60-session return 10.53% vs index 0.20% (+10.33 percentage points excess). Index membership tag: NIFTY 500.,REVIEW_NO_TECH
ATUL,NIFTY 500,22/04/26,6666.5,7788.0,-14.4,85.6,3.75,14.0571,15.49,0.267021,0.6363,111.9711,-5.33,54.54,53.0,56.09,-0.017842471,-1.219383683,-0.367808956,1.74999812,-0.000811039,0.028830394,,,,,,,,Sales: 6055 Cr (YoY +8.5%); NetProfit: 608 Cr (YoY +21.8%); EPS: 201.85,"Sales last 3Q: 1478, 1552, 1574 Cr; Net Profit last 3Q: 132, 182, 164 Cr",Debt: 186 Cr,ROCE: 12%; EPS: 201.85; NPM: 10.04%,True,2026-04-23T19:41:35Z (refill REVIEW_DATA),ATUL vs Nifty 500: stock 60-session return 17.69% vs index 0.20% (+17.49 percentage points excess). Index membership tag: NIFTY 500.,REVIEW_NO_TECH
PRUDENT,NIFTY MICROCAP 250,22/04/26,2750.7,3098.0,-11.21,88.79,13.22,18.2696,27.22,1.512092,1.0524,-21.2428,-16.05,,,,0.185049571,0.425713163,-0.192018268,-0.62965561,0.34999788,0.027817347,,,,,,,,Sales: 1240 Cr (YoY +9.4%); NetProfit: 215 Cr (YoY +9.7%); EPS: 51.86,"Sales last 3Q: 294, 320, 343 Cr; Net Profit last 3Q: 52, 54, 58 Cr",Debt: 32 Cr,ROCE: 45%; EPS: 51.86; NPM: 17.34%,True,2026-04-23T19:41:35Z (refill REVIEW_DATA),PRUDENT vs NIFTY MICROCAP250: stock 60-session return 17.01% vs index 10.03% (+6.98 percentage points excess). Index membership tag: NIFTY MICROCAP 250.,REVIEW_NO_TECH
IFCI,NIFTY 500,22/04/26,61.74,74.5,-17.13,82.87,7.89,4.7456,28.95,2.067669,0.7982,15.9941,-10.45,,,,-0.466324191,1.159790151,-0.299410705,0.035522183,-0.301033093,0.025708869,,,,,,,,Revenue: 2012 Cr (YoY +7.1%); NetProfit: 661 Cr (YoY +89.4%); EPS: 1.46,"Sales last 3Q: 407, 735, 456 Cr; Net Profit last 3Q: 62, 317, 21 Cr",,ROE: 3%; EPS: 1.46; NPM: 32.85%,True,2026-04-23T19:41:35Z (refill REVIEW_DATA),IFCI vs Nifty 500: stock 60-session return 7.15% vs index 0.20% (+6.95 percentage points excess). Index membership tag: NIFTY 500.,REVIEW_NO_TECH
HONAUT,NIFTY 500,22/04/26,32705.0,41450.0,-21.1,78.9,8.64,-3.0433,24.24,1.731108,2.0912,52.64,-7.71,,,,-0.841470975,0.715096283,0.246845867,0.690142704,-0.737619742,0.014598827,,,,,,,,Sales: 4616 Cr (YoY +10.2%); NetProfit: 505 Cr (YoY -3.6%); EPS: 571.4,"Sales last 3Q: 1183, 1149, 1169 Cr; Net Profit last 3Q: 125, 120, 121 Cr",Debt: 93 Cr,ROCE: 18%; EPS: 571.4; NPM: 10.94%,True,2026-04-23T19:41:35Z (refill REVIEW_DATA),HONAUT vs Nifty 500: stock 60-session return -2.10% vs index 0.20% (-2.29 percentage points excess). Index membership tag: NIFTY 500.,REVIEW_NO_TECH
CARBORUNIV,NIFTY 500,22/04/26,941.4,1128.05,-16.55,83.45,14.14,16.631,25.8,1.289838,1.0335,27.9264,-9.67,53.07,51.0,51.96,0.106127577,0.132051713,-0.200002993,0.24867368,-0.237249653,0.009920065,,,,,,,,Sales: 5025 Cr (YoY +2.7%); NetProfit: 238 Cr (YoY -20.4%); EPS: 12.68,"Sales last 3Q: 1219, 1298, 1291 Cr; Net Profit last 3Q: 60, 74, 73 Cr",Debt: 308 Cr,ROCE: 18%; EPS: 12.68; NPM: 4.74%,True,2026-04-23T19:41:35Z (refill REVIEW_DATA),CARBORUNIV vs Nifty 500: stock 60-session return 20.75% vs index 0.20% (+20.55 percentage points excess). Index membership tag: NIFTY 500.,REVIEW_NO_TECH
MEDPLUS,NIFTY MICROCAP 250,22/04/26,890.7,1045.3,-14.79,85.21,5.19,12.7947,15.32,0.283766,1.6211,86.3499,-8.94,,,,-0.078645061,-1.197258722,0.04824168,1.29231627,-0.043699904,0.004190852,,,,,,,,Sales: 6538 Cr (YoY +6.6%); NetProfit: 207 Cr (YoY +38%); EPS: 17.28,"Sales last 3Q: 1543, 1679, 1806 Cr; Net Profit last 3Q: 42, 56, 58 Cr",Debt: 1193 Cr,ROCE: 5%; EPS: 17.28; NPM: 3.17%,True,2026-04-23T19:41:35Z (refill REVIEW_DATA),MEDPLUS vs NIFTY MICROCAP250: stock 60-session return 11.18% vs index 10.03% (+1.15 percentage points excess). Index membership tag: NIFTY MICROCAP 250.,REVIEW_NO_TECH
CENTURYPLY,NIFTY 500,22/04/26,777.9,859.0,-9.44,90.56,6.89,3.9632,20.46,0.889764,0.4947,58.8911,-6.24,53.0,47.0,51.09,-0.504007926,-0.396561093,-0.427631022,0.801808629,0.544647343,0.003651186,,,,,,,,Sales: 5103 Cr (YoY +12.7%); NetProfit: 242 Cr (YoY +30.1%); EPS: 10.66,"Sales last 3Q: 1169, 1386, 1350 Cr; Net Profit last 3Q: 53, 71, 65 Cr",Debt: 1643 Cr,ROCE: 15%; EPS: 10.66; NPM: 4.74%,True,2026-04-23T19:41:35Z (refill REVIEW_DATA),CENTURYPLY vs Nifty 500: stock 60-session return 7.16% vs index 0.20% (+6.96 percentage points excess). Index membership tag: NIFTY 500.,REVIEW_NO_TECH
NSLNISP,NIFTY 500,22/04/26,42.37,49.65,-14.66,85.34,8.71,6.0676,27.62,1.972892,1.1647,-18.1348,-12.84,,,,-0.402651009,1.034562478,-0.144574639,-0.57413615,-0.029403616,-0.023240587,,,,,,,,Sales: 12601 Cr (YoY +48.2%); NetProfit: -807 Cr (YoY +66%); EPS: -2.75,"Sales last 3Q: 3365, 3390, 3008 Cr; Net Profit last 3Q: 26, -115, -244 Cr",Debt: 5310 Cr,ROCE: -13%; EPS: -2.75; NPM: -6.4%,True,2026-04-23T19:41:35Z (refill REVIEW_DATA),NSLNISP vs Nifty 500: stock 60-session return 6.35% vs index 0.20% (+6.15 percentage points excess). Index membership tag: NIFTY 500.,REVIEW_NO_TECH
NHPC,"NIFTY 500,NIFTY CPSE",22/04/26,82.63,92.34,-10.52,89.48,7.87,7.8676,14.4,0.464466,1.3386,57.6736,-15.84,,,,-0.3159553,-0.958502057,-0.071106721,0.780059935,0.425878179,-0.027925193,,,,,,,,Sales: 11147 Cr (YoY +7.4%); NetProfit: 3591 Cr (YoY +5.2%); EPS: 3.15,"Sales last 3Q: 3214, 3365, 2221 Cr; Net Profit last 3Q: 1131, 1219, 321 Cr",Debt: 44923 Cr,ROCE: 7%; EPS: 3.15; NPM: 32.21%,True,2026-04-23T19:41:35Z (refill REVIEW_DATA),NHPC vs Nifty 500: stock 60-session return 6.52% vs index 0.20% (+6.33 percentage points excess). Index membership tag: NIFTY 500. NHPC vs Nifty CPSE: stock 60-session return 6.52% vs index 15.59% (-9.07 percentage points excess). Index membership tag: NIFTY CPSE.,REVIEW_NO_TECH
POWERMECH,NIFTY MICROCAP 250,22/04/26,2491.4,3415.0,-27.05,72.95,19.78,17.0508,43.78,3.127061,1.7213,-71.432,-49.87,,,,0.126346943,2.559551641,0.090573395,-1.526205572,-1.391949858,-0.02833669,,,,,,,,Sales: 5804 Cr (YoY +10.9%); NetProfit: 388 Cr (YoY +11.5%); EPS: 107.12,"Sales last 3Q: 1293, 1238, 1420 Cr; Net Profit last 3Q: 81, 78, 100 Cr",Debt: 960 Cr,ROCE: 21%; EPS: 107.12; NPM: 6.69%,True,2026-04-23T19:41:35Z (refill REVIEW_DATA),POWERMECH vs NIFTY MICROCAP250: stock 60-session return 17.46% vs index 10.03% (+7.44 percentage points excess). Index membership tag: NIFTY MICROCAP 250.,REVIEW_NO_TECH
