"RANK","SYMBOL","COMPANY_NAME","MARKET_CAP_CATEGORY","CURRENT_PRICE","CHANGE_1D","CHANGE_1W","CHANGE_1M","TECHNICAL_SCORE","RSI","TREND_SIGNAL","RELATIVE_STRENGTH","CAN_SLIM_SCORE","MINERVINI_SCORE","FUNDAMENTAL_SCORE","ENHANCED_FUND_SCORE","EARNINGS_QUALITY","SALES_GROWTH","FINANCIAL_STRENGTH","INSTITUTIONAL_BACKING","TRADING_VALUE","TRADING_SIGNAL","ANALYSIS_DATE"
13,"ABB","ABB INDIA LIMITED","LARGE_CAP",7587,4.58,10.39,25.58,78.7,81.7,"STRONG_BULLISH",35.99,20,16,20,61.29,55.43,73,59.32,60,13176264146,"BUY",2026-04-22
226,"BALRAMCHIN","BALRAMPUR CHINI MILLS LTD","SMALL_CAP",541.55,6.43,11.58,14.37,78.7,70.4,"STRONG_BULLISH",26.78,20,12,20,69.75,71.09,82,56.82,63,1267615323.55,"BUY",2026-04-22
243,"BLISSGVS","BLISS GVS PHARMA LTD","SMALL_CAP",273.59,5.71,6.28,40.71,78.7,72.1,"STRONG_BULLISH",52.62,18,14,20,66.8,73.48,70,56.82,57,1100856563.39,"BUY",2026-04-22
302,"APOLLOPIPE","APOLLO PIPES LIMITED","MICRO_CAP",462.5,3.03,1.8,14.65,78.7,64.1,"STRONG_BULLISH",75.87,18,16,15,55.88,55.87,53,58.64,57,738981218.95,"BUY",2026-04-22
187,"AZAD","AZAD ENGINEERING LIMITED","SMALL_CAP",1950.4,4.71,6.21,42.73,76.7,76.3,"STRONG_BULLISH",32.98,20,14,15,55.24,52.39,51,58.18,66,1668512314.7,"BUY",2026-04-22
83,"CHENNPETRO","CHENNAI PETROLEUM CORP LT","MID_CAP",1071.4,4.8,10.33,6.65,76,61,"BULLISH",25.79,14,14,20,68.3,71.74,82,58.64,49.17,3669824571.35,"BUY",2026-04-22
470,"CEIGALL","CEIGALL INDIA LIMITED","MICRO_CAP",326.35,1.19,8.95,23.92,76,77.7,"STRONG_BULLISH",20.01,18,15,15,52.84,53.04,47,56.59,57,299627721.55,"BUY",2026-04-22
414,"ASTERDM","ASTER DM HEALTHCARE LTD.","MICRO_CAP",684.3,0.67,0.19,10.14,75.3,56.7,"STRONG_BULLISH",30.8,14,15,20,60.89,64.13,56,56.68,66,398343434.85,"BUY",2026-04-22
570,"DALMIASUG","DALMIA BHARAT SUG IN LTD","MICRO_CAP",402.55,5.12,6.3,32.07,75.3,68.1,"STRONG_BULLISH",40.48,15,14,20,69.58,73.7,84,58.64,49.17,183614956.85,"BUY",2026-04-22
19,"DATAPATTNS","DATA PATTERNS INDIA LTD","LARGE_CAP",3828.3,8.56,10.93,24.59,73.3,72.8,"STRONG_BULLISH",50.36,20,9,15,52.76,52.39,47,57.5,57,11029699850.6,"BUY",2026-04-22
350,"DCXINDIA","DCX SYSTEMS LIMITED","MICRO_CAP",201.06,6.08,6.38,14.77,72.7,66.8,"BEARISH",21.16,13,14,20,62.14,56.3,81,56.36,54,532324287.04,"BUY",2026-04-22
133,"AUROPHARMA","AUROBINDO PHARMA LTD","MID_CAP",1421.2,2.12,3.44,11.14,71.3,72.1,"STRONG_BULLISH",21.35,13,13,20,67.41,70.43,70,59.18,66,2401426404.7,"BUY",2026-04-22
944,"CROWN","CROWN LIFTERS LIMITED","MICRO_CAP",137.71,9.28,10.96,22.44,70.7,66.4,"BEARISH",5.61,13,16,20,61.74,67.83,60,59.32,51.67,14717350.02,"BUY",2026-04-22
167,"SANSERA","SANSERA ENGINEERING LTD","SMALL_CAP",2547,7.26,8.81,24.58,70,68.1,"STRONG_BULLISH",38.19,20,16,0,NA,NA,NA,NA,NA,1926739159.6,"BUY",2026-04-22
381,"TIMKEN","TIMKEN INDIA LTD.","MICRO_CAP",3633,3.52,1.73,17.47,70,65.2,"STRONG_BULLISH",15.99,18,18,0,NA,NA,NA,NA,NA,461566806.9,"BUY",2026-04-22
193,"CYIENTDLM","CYIENT DLM LIMITED","SMALL_CAP",375.25,4.88,15.28,33.95,69.3,73.3,"BEARISH",5.52,13,12,25,71.54,72.61,86,57.73,63,1572038610.7,"BUY",2026-04-22
753,"COSMOFIRST","COSMO FIRST LIMITED","MICRO_CAP",696.75,3.08,3.44,18.31,69.3,63.4,"BEARISH",12.24,12,15,15,57.41,59.7,60.6,55.91,48,81615309.05,"BUY",2026-04-22
66,"APOLLOHOSP","APOLLO HOSPITALS ENTER. L","MID_CAP",7662,-1.06,0.26,7.24,68.7,56,"BULLISH",11.83,10,12,15,51.11,51.2,45.83,55.87,53.33,4693318294,"BUY",2026-04-22
77,"BEML","BEML LIMITED","MID_CAP",1830.9,3.56,6.97,30.86,68.7,69.1,"BEARISH",7.93,13,16,15,52.07,49.57,47,55.23,63,4117052232.7,"BUY",2026-04-22
78,"CGPOWER","CG POWER AND IND SOL LTD","MID_CAP",824.35,2.37,10.21,24.13,68.7,74.4,"STRONG_BULLISH",27.27,16,11,15,55.37,53.04,51,57.5,66,3967287448.75,"BUY",2026-04-22
363,"CHAMBLFERT","CHAMBAL FERTILIZERS LTD","MICRO_CAP",452.3,0.2,-0.77,9.25,68.7,54.3,"BULLISH",7.42,7,15,20,62.55,67.83,56,57.59,66,502449129.75,"BUY",2026-04-22
472,"WSTCSTPAPR","WEST COAST PAPER MILLS LT","MICRO_CAP",494.25,5.05,1.35,21.04,68.7,64.6,"STRONG_BULLISH",17.35,18,16,0,NA,NA,NA,NA,NA,297269737.6,"BUY",2026-04-22
228,"DYNAMATECH","DYNAMATIC TECHNOLOGIES","SMALL_CAP",11541,7.39,11.29,22.52,68,72.5,"STRONG_BULLISH",34.6,20,16,0,NA,NA,NA,NA,NA,1252175819,"BUY",2026-04-22
314,"ELGIEQUIP","ELGI EQUIPMENTS LTD","MICRO_CAP",554.7,2.16,4.46,16.52,68,69.3,"BULLISH",16.78,18,18,0,NA,NA,NA,NA,NA,672002910.6,"BUY",2026-04-22
359,"ASTRAMICRO","ASTRA MICROWAVE LTD","MICRO_CAP",1129.75,1.68,9.42,26.62,68,70.9,"STRONG_BULLISH",22.79,13,8,25,71.97,73.91,94,57.05,50,516515020.2,"BUY",2026-04-22
886,"ASIANENE","ASIAN ENERGY SERVICES LTD","MICRO_CAP",316.77,1.38,5.69,20.4,68,65.7,"BULLISH",26.02,15,11,25,75.48,78.33,94,62.75,54,36837982.62,"BUY",2026-04-22
943,"AVROIND","AVRO INDIA LIMITED","MICRO_CAP",132.27,1.45,3.54,11.92,68,57.8,"BEARISH",15.37,14,6,20,61.65,70,56,57.73,54,15545857.6,"BUY",2026-04-22
501,"SPLPETRO","SUPREME PETROCHEM LIMITED","MICRO_CAP",804.15,3.98,4.89,26.36,67.3,69,"STRONG_BULLISH",31.72,16,16,0,NA,NA,NA,NA,NA,261511405.75,"BUY",2026-04-22
604,"BHAGCHEM","BHAGIRADHA CHEM & INDS L","MICRO_CAP",266.42,6.77,21.7,45.75,67.3,74.9,"BULLISH",20.18,18,6,15,58.51,56.3,71,58.18,44,163951588.96,"BUY",2026-04-22
65,"ATHERENERG","ATHER ENERGY LIMITED","MID_CAP",905.5,1.05,3.95,20.89,66.7,68.2,"STRONG_BULLISH",34.25,15,11,20,63.36,53.7,85,53.64,66,4868858682.8,"BUY",2026-04-22
118,"PRAJIND","PRAJ INDUSTRIES LTD","MID_CAP",382.8,5.11,8.61,22.73,66.7,76.4,"STRONG_BULLISH",36.32,20,14,0,NA,NA,NA,NA,NA,2643665927.9,"BUY",2026-04-22
203,"BANDHANBNK","BANDHAN BANK LIMITED","SMALL_CAP",176.52,0.22,1.58,19,66.7,61.9,"BULLISH",16.35,13,11,20,65.58,70.71,70,56.47,56.67,1473862484.86,"BUY",2026-04-22
333,"DEEDEV","DEE DEVELOPMENT ENG LTD","MICRO_CAP",411.7,0.93,7.52,64.81,66.7,75.8,"STRONG_BULLISH",97.95,15,9,20,67.63,72.83,70,57.73,63,602064640.1,"BUY",2026-04-22
509,"CIEINDIA","CIE AUTOMOTIVE INDIA LTD","MICRO_CAP",471.7,-4.49,-2.89,5.85,66.7,50.7,"STRONG_BULLISH",14.45,10,12,15,55.88,56.96,53,58.64,54.17,253112365.1,"BUY",2026-04-22
610,"MANGLMCEM","MANGALAM CEMENT LTD","MICRO_CAP",937.45,1.45,2.84,16.04,66.7,67.8,"STRONG_BULLISH",23.66,16,15,0,NA,NA,NA,NA,NA,161824292.05,"BUY",2026-04-22
634,"AVL","ADITYA VISION LIMITED","MICRO_CAP",508.35,0.09,-0.86,10.56,66.7,61.6,"BULLISH",6.55,9,11,25,73.11,74.35,86,59.86,66,140531095.05,"BUY",2026-04-22
218,"DEEPAKNTR","DEEPAK NITRITE LTD","SMALL_CAP",1745.5,6.12,14.64,32.49,66,78.2,"BEARISH",11.5,16,9,15,59.32,61.3,57,57.73,60,1373747729.7,"BUY",2026-04-22
480,"JKPAPER","JK PAPER LIMITED","MICRO_CAP",384.3,6.48,3.04,21.9,66,64.5,"BULLISH",18.35,18,16,0,NA,NA,NA,NA,NA,287353798.05,"BUY",2026-04-22
588,"MUKANDLTD","MUKAND LTD.","MICRO_CAP",146.66,7.59,8.05,22.1,66,69.6,"BULLISH",18.51,18,16,0,NA,NA,NA,NA,NA,173858902.32,"BUY",2026-04-22
625,"DHAMPURSUG","DHAMPUR SUGAR MILLS LTD.","MICRO_CAP",146.87,3.15,1.96,20.4,66,66.5,"STRONG_BULLISH",23.77,14,16,0,NA,NA,NA,NA,NA,149410802.04,"BUY",2026-04-22
292,"BAJAJCON","BAJAJ CONSUMER CARE LTD","SMALL_CAP",469.5,2.31,6.31,33.89,65.3,69.3,"STRONG_BULLISH",35.64,15,9,20,61.4,60.24,65,60.25,60,800549051.25,"BUY",2026-04-22
340,"TRIVENI","TRIVENI ENGG. & INDS. LTD","MICRO_CAP",411.4,4.13,5.69,18.32,65.3,65.5,"STRONG_BULLISH",13.31,11,18,0,NA,NA,NA,NA,NA,563975776.35,"BUY",2026-04-22
521,"BIKAJI","BIKAJI FOODS INTERN LTD","MICRO_CAP",684.9,3.37,6.3,12.24,65.3,69.8,"BULLISH",8.3,11,10,15,52.34,49.57,47,56.59,63,242469272.3,"BUY",2026-04-22
539,"MMFL","MM FORGINGS LTD","MICRO_CAP",502.85,3.3,8.28,21.7,65.3,69.2,"BULLISH",16.18,18,14,0,NA,NA,NA,NA,NA,223835710.25,"BUY",2026-04-22
17,"NETWEB","NETWEB TECH INDIA LTD","LARGE_CAP",4019.6,2.94,12.79,30.19,64.7,75.7,"STRONG_BULLISH",28.89,20,11,0,NA,NA,NA,NA,NA,11302143920.7,"HOLD",2026-04-22
43,"BSE","BSE LIMITED","LARGE_CAP",3499.2,-0.47,3.2,28.91,64.7,70,"STRONG_BULLISH",24.98,15,8,20,61.34,64.35,60,57.05,61.25,6217516273.1,"HOLD",2026-04-22
182,"NEOGEN","NEOGEN CHEMICALS LIMITED","SMALL_CAP",1658.6,9.95,14.49,32.73,64.7,73.6,"BULLISH",29.56,20,14,0,NA,NA,NA,NA,NA,1706679787.7,"HOLD",2026-04-22
272,"AVANTIFEED","AVANTI FEEDS LIMITED","SMALL_CAP",1442.7,-1.39,1.67,29.39,64.7,61.4,"STRONG_BULLISH",38.78,15,8,20,60,68.81,56,59.25,44.17,930488576.8,"HOLD",2026-04-22
310,"INDOTHAI","INDO THAI SEC LTD","MICRO_CAP",309.9,1.08,8.87,20.02,64.7,69.2,"BULLISH",24.93,20,15,0,NA,NA,NA,NA,NA,696719632.3,"HOLD",2026-04-22
5,"ADANIPOWER","ADANI POWER LTD","LARGE_CAP",215.65,6.24,17.57,45.86,64,90.2,"STRONG_BULLISH",43.03,20,14,0,10,10,10,10,10,24843356020.22,"HOLD",2026-04-22
29,"ADANIENSOL","ADANI ENERGY SOLUTION LTD","LARGE_CAP",1368.1,8.12,16.82,44.48,64,82.3,"STRONG_BULLISH",42.61,20,14,0,10,10,10,10,10,8739659360.05,"HOLD",2026-04-22
44,"URBANCO","URBANCO","LARGE_CAP",148.18,7.97,8.8,34.55,64,77.1,"BULLISH",24.87,20,14,0,NA,NA,NA,NA,NA,6139378070.85,"HOLD",2026-04-22
70,"WELCORP","WELSPUN CORP LIMITED","MID_CAP",1139.2,3.51,8.22,47.77,64,85.1,"STRONG_BULLISH",43.82,20,14,0,NA,NA,NA,NA,NA,4475155069.05,"HOLD",2026-04-22
215,"VOLTAMP","VOLTAMP TRANSFORMERS LTD","SMALL_CAP",11051,5,15.96,33.13,64,82.4,"STRONG_BULLISH",48.13,20,14,0,NA,NA,NA,NA,NA,1387071384,"HOLD",2026-04-22
230,"ACE","ACTION CONST EQUIP LTD","SMALL_CAP",934.4,2.37,2.53,18.32,64,64.1,"BEARISH",10.89,16,18,0,10,10,10,10,10,1222718730.5,"HOLD",2026-04-22
438,"EXICOM","EXICOM TELE SYSTEMS LTD","MICRO_CAP",120.84,6.34,4.86,45.31,64,74.6,"BULLISH",25.47,20,14,0,NA,NA,NA,NA,NA,350528212.73,"HOLD",2026-04-22
441,"CRAMC","CRAMC","MICRO_CAP",289.01,2.45,9.28,26.7,64,70.7,"BULLISH",14.68,18,16,0,NA,NA,NA,NA,NA,347094645.12,"HOLD",2026-04-22
927,"AURUM","AURUM PROPTECH LIMITED","MICRO_CAP",186.95,2.21,5.59,14.99,64,63.1,"BEARISH",5.8,11,13,15,55.03,57.09,54.6,55.24,50,21333638.43,"HOLD",2026-04-22
32,"TARIL","TRANS & RECTI. LTD","LARGE_CAP",309.6,-7.11,0.24,14.92,63.3,56.2,"STRONG_BULLISH",25.16,20,6,0,NA,NA,NA,NA,NA,8171319933.7,"HOLD",2026-04-22
400,"SGMART","SGMART","MICRO_CAP",543.9,-0.86,-2.02,22.43,63.3,65.5,"STRONG_BULLISH",49.92,18,8,0,NA,NA,NA,NA,NA,421281626.35,"HOLD",2026-04-22
471,"CCL","CCL PRODUCTS (I) LTD","MICRO_CAP",1121.6,0.76,3.76,5.03,63.3,59.8,"STRONG_BULLISH",16,11,10,15,55.23,51.9,55,56.36,63,298647084,"HOLD",2026-04-22
2,"ARE&M","AMARA RAJA ENERGY MOB LTD","LARGE_CAP",898.7,16.14,18.81,23.62,62.7,73.8,"BEARISH",5.63,13,12,15,54.31,51.3,51,57.95,63,30833855481.45,"HOLD",2026-04-22
31,"IDEAFORGE","IDEAFORGE TECHNO LTD","LARGE_CAP",545.9,12.81,19.43,37.3,62.7,76.4,"BULLISH",29.29,20,12,0,NA,NA,NA,NA,NA,8285404821.55,"HOLD",2026-04-22
39,"NTPC","NTPC LTD","LARGE_CAP",405.4,2.32,3.26,8.86,62.7,69.6,"STRONG_BULLISH",14.55,12,18,0,NA,NA,NA,NA,NA,6632275717.95,"HOLD",2026-04-22
119,"CUMMINSIND","CUMMINS INDIA LTD","MID_CAP",5211.8,1.86,4.17,15.36,62.7,64.5,"STRONG_BULLISH",28.18,15,10,15,53.02,50.65,51,55.68,59.17,2604586152.8,"HOLD",2026-04-22
134,"JUBLINGREA","JUBILANT INGREVIA LIMITED","MID_CAP",698.95,6.1,4.65,23.68,62.7,71.1,"BULLISH",11.34,16,16,0,NA,NA,NA,NA,NA,2393584871.5,"HOLD",2026-04-22
145,"PARAS","PARAS DEF AND SPCE TECH L","MID_CAP",817,4.41,8.23,39.75,62.7,71.3,"BULLISH",27.97,20,12,0,NA,NA,NA,NA,NA,2279637581.8,"HOLD",2026-04-22
158,"DELHIVERY","DELHIVERY LIMITED","SMALL_CAP",462.7,-1.98,0.63,12.47,62.7,59.8,"STRONG_BULLISH",7.37,9,10,15,53.74,51.96,47,57.27,65,2091736165.1,"HOLD",2026-04-22
251,"AEROFLEX","AEROFLEX INDUSTRIES LTD","SMALL_CAP",304.52,5.33,3.79,36.38,62.7,67,"STRONG_BULLISH",65.81,16,14,0,10,10,10,10,10,1019964270.35,"HOLD",2026-04-22
372,"AXISCADES","AXISCADES TECH LTD","MICRO_CAP",1925.9,0.48,12.5,41.16,62.7,72.4,"BULLISH",60.95,16,9,15,51.83,51.3,47,57.27,54,485556480.2,"HOLD",2026-04-22
515,"SUNFLAG","SUNFLAG IRON AND STEEL CO","MICRO_CAP",297.31,6.33,11.65,43.49,62.7,75.5,"BULLISH",23.08,18,14,0,NA,NA,NA,NA,NA,247313418.64,"HOLD",2026-04-22
54,"NATIONALUM","NATIONAL ALUMINIUM CO LTD","MID_CAP",435.95,3.07,2.84,24.65,62,64.5,"STRONG_BULLISH",20.44,13,16,0,NA,NA,NA,NA,NA,5453294024.95,"HOLD",2026-04-22
94,"SIEMENS","SIEMENS LTD","MID_CAP",3844.3,3.29,7.5,28.65,62,75.7,"STRONG_BULLISH",20.99,16,16,0,NA,NA,NA,NA,NA,3372695146,"HOLD",2026-04-22
301,"EDELWEISS","EDELWEISS FIN SERV LTD","MICRO_CAP",121.98,3.15,3.82,19.37,62,66.1,"BULLISH",15.78,14,18,0,NA,NA,NA,NA,NA,750155477.19,"HOLD",2026-04-22
386,"DEEPAKFERT","DEEPAK FERTILIZERS & PETR","MICRO_CAP",1270.1,0.3,4.78,45.64,62,73.7,"BULLISH",25.79,15,6,25,70.76,75.43,76,62.95,60,454699976,"HOLD",2026-04-22
419,"RAINBOW","RAINBOW CHILDRENS MED LTD","MICRO_CAP",1293.8,1.38,2.28,16.98,62,66.4,"BULLISH",19.41,13,15,0,NA,NA,NA,NA,NA,386742474.8,"HOLD",2026-04-22
654,"MAHLOG","MAHINDRA LOGISTIC LIMITED","MICRO_CAP",434.7,2.05,6.19,24.56,62,67.8,"BULLISH",26.2,16,16,0,NA,NA,NA,NA,NA,132022409.45,"HOLD",2026-04-22
900,"GPTINFRA","GPT INFRAPROJECTS LTD","MICRO_CAP",119.63,3.52,3.82,19.03,62,63.6,"BULLISH",20.57,14,18,0,NA,NA,NA,NA,NA,30852652.53,"HOLD",2026-04-22
947,"OCCLLTD","OCCL LIMITED","MICRO_CAP",103.36,7.81,6.37,24.32,62,67.3,"BULLISH",10.56,12,16,0,NA,NA,NA,NA,NA,12341144.54,"HOLD",2026-04-22
160,"BHARATFORG","BHARAT FORGE LTD","SMALL_CAP",1903.2,0.39,3.91,15.44,61.3,65.6,"BULLISH",23.78,13,13,15,54.83,55.22,53,56.82,54.17,2015205150.6,"HOLD",2026-04-22
172,"ATGL","ADANI TOTAL GAS LIMITED","SMALL_CAP",629.1,2.35,7.34,22.49,61.3,66.2,"BULLISH",18.77,13,14,15,52.51,50.22,47,56.14,63,1874651058,"HOLD",2026-04-22
212,"APARINDS","APAR INDUSTRIES LTD.","SMALL_CAP",11789,0.64,5.19,20.23,61.3,67.9,"STRONG_BULLISH",28.56,15,8,15,57.41,57.96,58.6,57.27,54.17,1403398532.5,"HOLD",2026-04-22
268,"PREMEXPLN","PREMIER EXPLOSIVES LTD","SMALL_CAP",535.35,7.71,12.33,35.26,61.3,68.3,"BEARISH",13.03,16,14,0,NA,NA,NA,NA,NA,940440069.15,"HOLD",2026-04-22
296,"SAILIFE","SAI LIFE SCIENCES LIMITED","SMALL_CAP",1006,4.94,2.52,1.8,61.3,57.6,"STRONG_BULLISH",28.36,13,10,0,NA,NA,NA,NA,NA,790002819.1,"HOLD",2026-04-22
482,"WELENT","WELSPUN ENTERPRISES LTD.","MICRO_CAP",510.5,4.51,13.75,17.91,61.3,67.4,"BEARISH",11.8,16,14,0,NA,NA,NA,NA,NA,285969652.35,"HOLD",2026-04-22
755,"SWELECTES","SWELECT ENERGY SYS LTD","MICRO_CAP",681.7,3.26,7.74,25.12,61.3,77.7,"BULLISH",23.53,18,12,0,NA,NA,NA,NA,NA,81518304.35,"HOLD",2026-04-22
768,"ORKLAINDIA","ORKLAINDIA","MICRO_CAP",650.15,2.86,1.94,14,61.3,66.2,"BULLISH",22.09,14,18,0,NA,NA,NA,NA,NA,73334669.05,"HOLD",2026-04-22
24,"IREDA","INDIAN RENEWABLE ENERGY","LARGE_CAP",140.45,8.99,11.07,27.09,60.7,71.1,"BEARISH",10.76,16,16,0,NA,NA,NA,NA,NA,10172295178.3,"HOLD",2026-04-22
188,"STYLEBAAZA","BAAZAR STYLE RETAIL LTD","SMALL_CAP",381.7,9.72,26.22,55.26,60.7,75.5,"BULLISH",23.44,18,10,0,NA,NA,NA,NA,NA,1665354018.8,"HOLD",2026-04-22
202,"WALCHANNAG","WALCHANDNAGAR INDUSTRIES","SMALL_CAP",213.92,12.57,13.29,52.56,60.7,78.5,"BEARISH",21.04,18,14,0,NA,NA,NA,NA,NA,1479812921.73,"HOLD",2026-04-22
276,"GRANULES","GRANULES INDIA LIMITED","SMALL_CAP",672.75,0.75,3.08,15.96,60.7,69.5,"STRONG_BULLISH",19.61,14,13,0,NA,NA,NA,NA,NA,893811184.3,"HOLD",2026-04-22
305,"JSFB","JANA SMALL FIN BANK LTD","MICRO_CAP",451.45,4.24,11.36,31.37,60.7,70,"BULLISH",28.12,20,6,0,NA,NA,NA,NA,NA,719417020.8,"HOLD",2026-04-22
466,"ANTHEM","ANTHEM BIOSCIENCES LTD","MICRO_CAP",759.25,2.91,4.04,20.81,60.7,70.7,"STRONG_BULLISH",29.59,15,10,10,41.3,39.38,26,52.5,57,311418740,"HOLD",2026-04-22
476,"ANURAS","ANUPAM RASAYAN INDIA LTD","MICRO_CAP",1343.3,1.91,4.31,8.17,60.7,65.5,"BULLISH",11.02,10,10,15,55.72,58.04,51,58.27,54,288580524.8,"HOLD",2026-04-22
525,"ADVAIT","ADVAIT","MICRO_CAP",1994.2,1.83,6.41,28.19,60.7,68,"BULLISH",32.59,16,13,0,NA,NA,NA,NA,NA,237736383,"HOLD",2026-04-22
584,"CGCL","CAPRI GLOBAL CAPITAL LTD","MICRO_CAP",187.21,2.1,0.85,17.17,60.7,62.1,"BULLISH",13.16,11,10,15,53.51,50.65,51,55.23,63,176591263.32,"HOLD",2026-04-22
787,"KABRAEXTRU","KABRA EXTRUSION TECHNIK L","MICRO_CAP",253.67,8.47,7.66,30.12,60.7,64.8,"BULLISH",9.64,14,14,0,NA,NA,NA,NA,NA,64583436.22,"HOLD",2026-04-22
835,"BEPL","BHANSALI ENG. POLYMERS LT","MICRO_CAP",102.66,-0.18,8.22,24.53,60.7,74.6,"BULLISH",23.66,13,6,25,74.21,77.14,92,61.25,54,51004507.99,"HOLD",2026-04-22
846,"BIRLACABLE","BIRLA CABLE LIMITED","MICRO_CAP",165,4.12,13.57,43.22,60.7,68.2,"BEARISH",26.36,18,6,15,51.21,50.22,47,56.36,54,47161467.75,"HOLD",2026-04-22
9,"ROLEXRINGS","ROLEX RINGS LIMITED","LARGE_CAP",153.85,-4.89,14.85,36.88,60,69.4,"BULLISH",25.44,20,4,0,NA,NA,NA,NA,NA,16137669257.26,"HOLD",2026-04-22
41,"GOKULAGRO","GOKUL AGRO RESOURCES LTD","LARGE_CAP",235.49,11.99,16.12,32.03,60,84.5,"BULLISH",44.25,20,12,0,NA,NA,NA,NA,NA,6472388982.34,"HOLD",2026-04-22
76,"UNIONBANK","UNION BANK OF INDIA","MID_CAP",194.05,1.4,2.83,15.11,60,61.3,"BULLISH",14.35,14,15,0,NA,NA,NA,NA,NA,4223796076.41,"HOLD",2026-04-22
89,"OFSS","ORACLE FIN SERV SOFT LTD.","MID_CAP",8126.5,2.47,7.74,26.09,60,72.2,"BULLISH",12.26,14,14,0,NA,NA,NA,NA,NA,3525632306,"HOLD",2026-04-22
337,"KPIGREEN","KPI GREEN ENERGY LIMITED","MICRO_CAP",454.1,2.54,4.51,26.86,60,68.3,"BULLISH",14.32,14,16,0,NA,NA,NA,NA,NA,572442910.8,"HOLD",2026-04-22
435,"JYOTHYLAB","JYOTHY LABS LIMITED","MICRO_CAP",257.83,3.88,14.67,29.17,60,69.5,"BEARISH",10.15,14,14,0,NA,NA,NA,NA,NA,356664271.95,"HOLD",2026-04-22
464,"APEX","APEX FROZEN FOODS LIMITED","MICRO_CAP",476.3,0.4,11.43,34.61,60,67.3,"STRONG_BULLISH",30.77,15,6,15,57.85,71.74,64,58.27,10,314583486.75,"HOLD",2026-04-22
498,"RISHABH","RISHABH INSTRUMENTS LTD","MICRO_CAP",504.05,5.19,5.68,38.99,60,73.2,"BULLISH",26.7,20,11,0,NA,NA,NA,NA,NA,267510458.9,"HOLD",2026-04-22
841,"TNPL","TAMILNADU NEWSPRT & PAPER","MICRO_CAP",145.95,4.19,5.91,13.73,60,69.3,"BEARISH",8.45,13,18,0,NA,NA,NA,NA,NA,48842769.79,"HOLD",2026-04-22
877,"5PAISA","5PAISA CAPITAL LIMITED","MICRO_CAP",338.54,3.97,7.62,21.25,60,66.7,"BEARISH",3.37,7,14,15,56.18,54.13,61,53.64,57,39115726.28,"HOLD",2026-04-22
932,"MAWANASUG","MAWANA SUGARS LIMITED","MICRO_CAP",105.56,3.04,7.52,29.08,60,69.6,"STRONG_BULLISH",36.49,15,11,0,NA,NA,NA,NA,NA,19144322.78,"HOLD",2026-04-22
45,"VBL","VARUN BEVERAGES LIMITED","LARGE_CAP",494.95,2.03,11.09,29.5,59.3,73.3,"BEARISH",15.41,16,14,0,NA,NA,NA,NA,NA,5896309230.95,"HOLD",2026-04-22
127,"FORTIS","FORTIS HEALTHCARE LTD","MID_CAP",923.1,0.71,5.19,15.5,59.3,68,"BEARISH",11.52,14,13,0,NA,NA,NA,NA,NA,2471250646.05,"HOLD",2026-04-22
129,"COCHINSHIP","COCHIN SHIPYARD LIMITED","MID_CAP",1583.1,1.68,7.02,24.73,59.3,65.3,"BEARISH",9.55,9,11,25,74.88,76.52,94,58.86,60,2452993872.1,"HOLD",2026-04-22
185,"AMBER","AMBER ENTERPRISES (I) LTD","SMALL_CAP",7803.5,-0.7,3.96,24.08,59.3,63.2,"BULLISH",26.28,15,8,15,59.89,69.2,78.33,55.65,10,1691414615,"HOLD",2026-04-22
248,"KAJARIACER","KAJARIA CERAMICS LTD","SMALL_CAP",1202.7,0.72,3.67,35.01,59.3,77.2,"BULLISH",36.37,18,9,0,NA,NA,NA,NA,NA,1035663376.1,"HOLD",2026-04-22
306,"AARTIIND","AARTI INDUSTRIES LTD","MICRO_CAP",470.4,4.26,8.96,16.11,59.3,68.1,"BULLISH",10.37,12,16,0,20.43,10,10,32.78,49.17,719135703.2,"HOLD",2026-04-22
411,"ANANDRATHI","ANAND RATHI WEALTH LTD","MICRO_CAP",3614,-0.89,-1.11,24.09,59.3,72.8,"STRONG_BULLISH",26.43,15,8,15,50.33,50.65,47,56.59,46.67,401922800.5,"HOLD",2026-04-22
450,"SANGAMIND","SANGAM (INDIA) LTD","MICRO_CAP",538.4,7.47,19.42,29.1,59.3,80.6,"BULLISH",14.32,18,12,0,NA,NA,NA,NA,NA,333059234.4,"HOLD",2026-04-22
596,"BALUFORGE","BALU FORGE INDUSTRIES LTD","MICRO_CAP",478.55,0.8,0.72,15.9,59.3,55.9,"BEARISH",10.72,9,11,20,62.43,70.95,60,60.25,46.67,169220922.4,"HOLD",2026-04-22
626,"ASTEC","ASTEC LIFESCIENCES LTD","MICRO_CAP",740.6,6.09,14.1,41.92,59.3,65.1,"BEARISH",26.02,15,12,15,51.25,47.61,51,54.55,57,148858597.4,"HOLD",2026-04-22
658,"TIPSMUSIC","TIPS MUSIC LIMITED","MICRO_CAP",599.6,-0.15,8.75,21.67,59.3,67.6,"STRONG_BULLISH",13.32,12,8,0,NA,NA,NA,NA,NA,129678378.05,"HOLD",2026-04-22
701,"ANTELOPUS","ANTELOPUS","MICRO_CAP",615.85,5,5.11,19.9,59.3,54.5,"STRONG_BULLISH",10.49,11,14,0,NA,NA,NA,NA,NA,112813740.8,"HOLD",2026-04-22
796,"DEEPINDS","DEEP INDUSTRIES LIMITED","MICRO_CAP",478.8,0.98,-2.28,21.05,59.3,65,"BULLISH",18.09,13,6,20,62.64,63.48,74.6,58,46.67,63101886.15,"HOLD",2026-04-22
890,"BAJEL","BAJEL PROJECTS LIMITED","MICRO_CAP",180.69,1.56,2.36,15.75,59.3,64.8,"BULLISH",12.79,11,8,20,61.91,62.17,64,57.95,63,34597156.11,"HOLD",2026-04-22
904,"VSSL","VARDHMAN SPC STEEL LTD","MICRO_CAP",272.06,4.31,7.53,23.36,59.3,70.8,"BEARISH",10.21,14,16,0,NA,NA,NA,NA,NA,30037838.17,"HOLD",2026-04-22
23,"ITI","ITI LTD","LARGE_CAP",304.23,3.41,4.33,20.04,58.7,64.1,"BEARISH",8.8,13,16,0,NA,NA,NA,NA,NA,10180268321.14,"HOLD",2026-04-22
50,"MOTHERSON","SAMVRDHNA MTHRSN INTL LTD","LARGE_CAP",131.76,5.66,6.65,23.61,58.7,65.4,"BULLISH",11.61,14,13,0,NA,NA,NA,NA,NA,5589240145,"HOLD",2026-04-22
90,"TATAINVEST","TATA INVESTMENT CORP LTD","MID_CAP",731.4,1.27,2.38,28.11,58.7,70.8,"BEARISH",18.95,18,11,0,NA,NA,NA,NA,NA,3519664850.55,"HOLD",2026-04-22
153,"AUBANK","AU SMALL FINANCE BANK LTD","SMALL_CAP",1043.2,0.51,6.33,22.79,58.7,69.1,"BEARISH",10.51,11,10,15,55,51.19,55,57.35,62,2143144672.55,"HOLD",2026-04-22
255,"ETHOSLTD","ETHOS LIMITED","SMALL_CAP",2717.9,10.04,10.4,26.27,58.7,69.5,"BEARISH",7.69,13,16,0,NA,NA,NA,NA,NA,995750342.1,"HOLD",2026-04-22
332,"KRBL","KRBL LIMITED","MICRO_CAP",376.35,6.75,13.6,31.96,58.7,69.4,"BEARISH",7.58,13,16,0,NA,NA,NA,NA,NA,604807117.9,"HOLD",2026-04-22
550,"GAEL","GUJARAT AMBUJA EXPORTS LT","MICRO_CAP",154.95,-0.79,0.12,21.07,58.7,63.1,"STRONG_BULLISH",20.58,14,10,0,NA,NA,NA,NA,NA,204200868.44,"HOLD",2026-04-22
30,"KAYNES","KAYNES TECHNOLOGY IND LTD","LARGE_CAP",4458.9,4.98,11.01,30.77,58,72,"BULLISH",22.14,14,16,0,NA,NA,NA,NA,NA,8345160560.8,"HOLD",2026-04-22
51,"EXIDEIND","EXIDE INDUSTRIES LTD","MID_CAP",354.55,6.44,7.44,21.94,58,71.5,"BEARISH",7.98,13,18,0,NA,NA,NA,NA,NA,5541752873.4,"HOLD",2026-04-22
155,"LAURUSLABS","LAURUS LABS LIMITED","SMALL_CAP",1096.1,-1.64,-1.92,14.01,58,57,"STRONG_BULLISH",15.97,14,10,0,NA,NA,NA,NA,NA,2119109994,"HOLD",2026-04-22
166,"BLACKBUCK","ZINKA LOGISTICS SOL LTD","SMALL_CAP",622.05,-0.14,7.94,5.97,58,61,"BEARISH",4.19,7,6,20,62.86,66.96,62,58.64,59,1953862938.7,"HOLD",2026-04-22
263,"NCC","NCC LIMITED","SMALL_CAP",163.98,2.56,5.49,23.95,58,67.8,"BEARISH",9.85,12,16,0,NA,NA,NA,NA,NA,958975829.77,"HOLD",2026-04-22
269,"INOXINDIA","INOX INDIA LIMITED","SMALL_CAP",1592.9,7.44,8.46,36.98,58,81.9,"STRONG_BULLISH",45.1,18,12,0,NA,NA,NA,NA,NA,937866669.7,"HOLD",2026-04-22
288,"ACUTAAS","ACUTAAS CHEMICALS LIMITED","SMALL_CAP",2423.2,2.06,5.74,6.83,58,56.8,"STRONG_BULLISH",26.01,13,15,0,10,10,10,10,10,812724780.1,"HOLD",2026-04-22
315,"BELRISE","BELRISE INDUSTRIES LTD","MICRO_CAP",222.13,1.41,6.99,21.27,58,71.3,"STRONG_BULLISH",24.52,15,6,15,53.29,50.22,51,57.27,60,670436674.49,"HOLD",2026-04-22
334,"SCHAEFFLER","SCHAEFFLER INDIA LIMITED","MICRO_CAP",4288.8,2.78,8.78,8.53,58,64.4,"BULLISH",15.74,12,14,0,NA,NA,NA,NA,NA,592824809.5,"HOLD",2026-04-22
380,"ATLANTAELE","ATLANTAELE","MICRO_CAP",1470.2,6.77,10.8,33.67,58,80,"STRONG_BULLISH",81.23,16,14,0,NA,NA,NA,NA,NA,462380481.5,"HOLD",2026-04-22
408,"AETHER","AETHER INDUSTRIES LIMITED","MICRO_CAP",1183.3,-0.02,0.44,9.05,58,60.5,"STRONG_BULLISH",18.42,13,10,0,10,10,10,10,10,406337781.4,"HOLD",2026-04-22
428,"EBGNG","GNG ELECTRONICS LIMITED","MICRO_CAP",374.1,-10,-11.64,-0.01,58,46.4,"STRONG_BULLISH",33.23,15,6,0,NA,NA,NA,NA,NA,364551175.15,"HOLD",2026-04-22
629,"RIIL","RELIANCE INDUSTRIAL INFRA","MICRO_CAP",809.45,2.26,-0.13,22.82,58,66.8,"BULLISH",12.88,11,16,0,NA,NA,NA,NA,NA,145156821.55,"HOLD",2026-04-22
882,"UTTAMSUGAR","UTTAM SUGAR MILLS LTD.","MICRO_CAP",252.43,3.92,2.37,16.6,58,63.3,"BULLISH",17.33,13,14,0,NA,NA,NA,NA,NA,37994693.28,"HOLD",2026-04-22
16,"TRENT","TRENT LTD","LARGE_CAP",4434.5,1,11.47,32.11,57.3,73.8,"BEARISH",14.67,16,11,0,NA,NA,NA,NA,NA,11460458314,"HOLD",2026-04-22
96,"HBLENGINE","HBL ENGINEERING LTD","MID_CAP",816.4,4.23,3.88,30.5,57.3,70.6,"BULLISH",6.35,13,16,0,NA,NA,NA,NA,NA,3261990787.6,"HOLD",2026-04-22
186,"PIRAMALFIN","PIRAMALFIN","SMALL_CAP",1838.5,8.43,5.44,0.82,57.3,59.3,"BEARISH",11.99,12,18,0,NA,NA,NA,NA,NA,1675398038.8,"HOLD",2026-04-22
236,"BDL","BHARAT DYNAMICS LIMITED","SMALL_CAP",1380.2,0.38,1.78,19.14,57.3,61.6,"BEARISH",10,9,8,25,73.31,74.78,94,58.86,54.17,1155915810.3,"HOLD",2026-04-22
331,"SHARDACROP","SHARDA CROPCHEM LTD.","MICRO_CAP",1158.8,4.59,6.05,27.12,57.3,66.8,"BULLISH",5.5,9,16,0,NA,NA,NA,NA,NA,611080767.05,"HOLD",2026-04-22
467,"GMRP&UI","GMR POW AND URBAN INFRA L","MICRO_CAP",111.03,2.48,4.12,10.82,57.3,58.9,"BEARISH",7.15,9,18,0,NA,NA,NA,NA,NA,308930187.59,"HOLD",2026-04-22
477,"NOCIL","NOCIL LIMITED","MICRO_CAP",177.48,3.01,4.15,10.69,57.3,70.5,"BULLISH",26.49,15,14,0,NA,NA,NA,NA,NA,288534380.69,"HOLD",2026-04-22
547,"TRUALT","TRUALT","MICRO_CAP",459.8,0.61,12.45,19.49,57.3,68.9,"STRONG_BULLISH",24.31,18,4,0,NA,NA,NA,NA,NA,211590525.05,"HOLD",2026-04-22
688,"ISGEC","ISGEC HEAVY ENG LTD","MICRO_CAP",1064.4,1.66,2.12,20.54,57.3,75.7,"STRONG_BULLISH",36.38,15,15,0,NA,NA,NA,NA,NA,117663509.7,"HOLD",2026-04-22
690,"INDIAGLYCO","INDIA GLYCOLS LTD","MICRO_CAP",977.05,1.58,4.4,19.64,57.3,64.1,"BULLISH",12.12,11,15,0,NA,NA,NA,NA,NA,115628289.9,"HOLD",2026-04-22
926,"BHARATSE","BHARAT SEATS LIMITED","MICRO_CAP",178.01,-1.53,-3.68,20.02,57.3,55,"BULLISH",16.71,13,8,15,52.61,50.22,51,56.14,57,21906476.16,"HOLD",2026-04-22
102,"COALINDIA","COAL INDIA LTD","MID_CAP",444.15,0.23,1.92,-2.44,56.7,50.1,"BULLISH",6.29,3,13,25,71.16,75.65,82,61.36,54.17,3108126274.4,"HOLD",2026-04-22
426,"SARDAEN","SARDA ENERGY & MIN LTD","MICRO_CAP",591.8,3.12,1.45,21.84,56.7,65,"STRONG_BULLISH",17.67,13,18,0,NA,NA,NA,NA,NA,371179844.95,"HOLD",2026-04-22
569,"PSUBANK","KOTAK PSU BANK","MICRO_CAP",901.57,0.19,2.36,9.16,56.7,58.4,"BULLISH",6.03,11,13,0,NA,NA,NA,NA,NA,184655215.31,"HOLD",2026-04-22
750,"MOLDTKPAC","MOLD-TEK PACKAGING LTD","MICRO_CAP",601.7,7.58,11.12,25.94,56.7,65.8,"BEARISH",12.15,12,16,0,NA,NA,NA,NA,NA,82072626.7,"HOLD",2026-04-22
822,"BHAGYANGR","BHAGYANAGAR INDIA LIMITED","MICRO_CAP",210.57,-1.93,9.31,54.73,56.7,74.9,"BULLISH",52.73,15,6,20,61.78,56.3,81,58.18,49.17,54646256.01,"HOLD",2026-04-22
868,"PATELRMART","PATEL RETAIL LIMITED","MICRO_CAP",216.42,5.03,12.45,36.08,56.7,74.7,"BEARISH",10.4,12,14,0,NA,NA,NA,NA,NA,41006872.32,"HOLD",2026-04-22
875,"GULPOLY","GULSHAN POLYOLS LIMITED","MICRO_CAP",179.47,2.58,4.72,26.49,56.7,65.7,"STRONG_BULLISH",40.84,15,16,0,NA,NA,NA,NA,NA,39707211.47,"HOLD",2026-04-22
260,"JINDALSAW","JINDAL SAW LIMITED","SMALL_CAP",244.97,3.88,11.74,36.77,56,75.2,"STRONG_BULLISH",34.32,16,12,0,NA,NA,NA,NA,NA,985724615.29,"HOLD",2026-04-22
299,"CROMPTON","CROMPT GREA CON ELEC LTD","SMALL_CAP",261.37,1.05,5.41,12.08,56,61,"BEARISH",11.25,9,13,15,57.18,56.52,61,56.59,53.33,780583630.64,"HOLD",2026-04-22
614,"SHILPAMED","SHILPA MEDICARE LTD","MICRO_CAP",408.35,0.76,-1.41,30.73,56,68.6,"STRONG_BULLISH",34.58,15,11,0,NA,NA,NA,NA,NA,158312687.45,"HOLD",2026-04-22
63,"TATACONSUM","TATA CONSUMER PRODUCT LTD","MID_CAP",1178.6,3.2,7.71,15.14,55.3,72.5,"BEARISH",6.38,13,16,0,NA,NA,NA,NA,NA,5043016259.5,"HOLD",2026-04-22
103,"MEESHO","MEESHO","MID_CAP",178.28,4.19,9,25.66,55.3,68.1,"BULLISH",24.55,18,8,0,NA,NA,NA,NA,NA,3058028017.14,"HOLD",2026-04-22
125,"NYKAA","FSN E COMMERCE VENTURES","MID_CAP",259.94,-1.89,-0.76,10.73,55.3,54.6,"BULLISH",7.71,9,12,0,NA,NA,NA,NA,NA,2532147878.36,"HOLD",2026-04-22
214,"TORNTPOWER","TORRENT POWER LTD","SMALL_CAP",1657.4,2.21,10,21.62,55.3,74.7,"BULLISH",21.91,14,11,0,NA,NA,NA,NA,NA,1389023928.4,"HOLD",2026-04-22
223,"LLOYDSME","LLOYDS METALS N ENERGY L","SMALL_CAP",1679.5,1.79,11.1,38.85,55.3,81.9,"STRONG_BULLISH",34.81,15,11,0,NA,NA,NA,NA,NA,1290244501.4,"HOLD",2026-04-22
366,"ACMESOLAR","ACME SOLAR HOLDINGS LTD","MICRO_CAP",303.55,2.46,6.36,27.78,55.3,68.8,"STRONG_BULLISH",36.87,15,14,0,10,10,10,10,10,496246382.9,"HOLD",2026-04-22
447,"CESC","CESC LTD","MICRO_CAP",180.27,0.79,10.36,21.23,55.3,80,"BULLISH",22.11,13,8,15,54.43,55.22,51,55.45,56.67,336836555.89,"HOLD",2026-04-22
717,"GODAVARIB","GODAVARI BIOREFINERIES L","MICRO_CAP",321.45,3.33,2.05,6.32,55.3,57.7,"STRONG_BULLISH",32.66,11,18,0,NA,NA,NA,NA,NA,95771832.15,"HOLD",2026-04-22
729,"ARVIND","ARVIND LIMITED","MICRO_CAP",392.05,0.6,0.87,13.28,55.3,63.5,"STRONG_BULLISH",9.65,7,10,15,57.39,51.96,61,57.27,66,90284438.1,"HOLD",2026-04-22
85,"SAIL","STEEL AUTHORITY OF INDIA","MID_CAP",176.23,0.67,5.56,23.2,54.7,69,"STRONG_BULLISH",16.2,13,10,0,NA,NA,NA,NA,NA,3610125504.24,"HOLD",2026-04-22
349,"J&KBANK","J & K BANK LTD.","MICRO_CAP",132.82,0.47,4.45,21.49,54.7,65.7,"STRONG_BULLISH",30.21,15,13,0,NA,NA,NA,NA,NA,534086100.69,"HOLD",2026-04-22
379,"IPCALAB","IPCA LABORATORIES LTD","MICRO_CAP",1494.8,1.24,1.62,-2.29,54.7,51.2,"BEARISH",10.45,7,17,0,NA,NA,NA,NA,NA,464269037.6,"HOLD",2026-04-22
415,"SENORES","SENORES PHARMACEUTICALS L","MICRO_CAP",882.5,-1.47,3.36,24.25,54.7,65.7,"BULLISH",11.83,14,8,0,NA,NA,NA,NA,NA,398110630.9,"HOLD",2026-04-22
427,"KIOCL","KIOCL LIMITED","MICRO_CAP",413.65,1.93,12.83,27.43,54.7,69.6,"BULLISH",18.07,13,9,0,NA,NA,NA,NA,NA,368933486.15,"HOLD",2026-04-22
548,"AVALON","AVALON TECHNOLOGIES LTD","MICRO_CAP",1079.45,-0.44,1.16,21.94,54.7,61.6,"STRONG_BULLISH",8.93,8,8,15,54.04,51.3,53,56.36,60,210157335.7,"HOLD",2026-04-22
594,"MARINE","MARINE ELECTRICAL (I) LTD","MICRO_CAP",217.4,3.86,8.25,34.47,54.7,71.6,"BEARISH",15.88,14,14,0,NA,NA,NA,NA,NA,171913902.91,"HOLD",2026-04-22
600,"CMSINFO","CMS INFO SYSTEMS LIMITED","MICRO_CAP",317.8,1.6,3.89,17.07,54.7,65.1,"BEARISH",4.54,6,15,15,52,50.65,47,55.68,59,166554688.45,"HOLD",2026-04-22
794,"AMRUTANJAN","AMRUTAJAN HEALTH LTD","MICRO_CAP",571.25,0.63,7.09,10.38,54.7,62.7,"BEARISH",-5.89,10,11,25,75.02,79.05,92,59.25,57,63228241.15,"HOLD",2026-04-22
917,"IITL","INDUSTRIAL INV TRUST LTD","MICRO_CAP",183.95,13.98,18.17,36.63,54.7,81.3,"BULLISH",40.28,20,9,0,NA,NA,NA,NA,NA,24398759.66,"HOLD",2026-04-22
20,"NESTLEIND","NESTLE INDIA LIMITED","LARGE_CAP",1395.8,1.15,11.08,19.63,54,77.1,"BEARISH",11.27,16,6,0,NA,NA,NA,NA,NA,10892386969.6,"HOLD",2026-04-22
21,"VEDL","VEDANTA LIMITED","LARGE_CAP",757,-1.28,-1.18,17.23,54,60.6,"STRONG_BULLISH",14.22,13,10,0,NA,NA,NA,NA,NA,10865608749.95,"HOLD",2026-04-22
48,"GRSE","GARDEN REACH SHIP&ENG LTD","LARGE_CAP",2817.8,4.07,9.82,31.91,54,68.7,"BEARISH",15.87,13,11,0,NA,NA,NA,NA,NA,5832208860.5,"HOLD",2026-04-22
52,"AXISBANK","AXIS BANK LIMITED","MID_CAP",1379.6,0.14,1.78,17.85,54,65,"BULLISH",7.22,8,10,15,52.47,51.19,47,54.71,62,5525946542.3,"HOLD",2026-04-22
58,"BHEL","BHEL","MID_CAP",333.64,0.31,14.06,31.95,54,78.9,"BULLISH",26.51,15,4,15,53.94,54.13,47,55.45,63,5312877244.7,"HOLD",2026-04-22
75,"MUFIN","MUFIN GREEN FINANCE LTD","MID_CAP",116.65,0.49,4.16,18.41,54,65.8,"BEARISH",6.73,13,11,0,NA,NA,NA,NA,NA,4254493230.21,"HOLD",2026-04-22
79,"PNBHOUSING","PNB HOUSING FIN LTD.","MID_CAP",990.25,1.14,14.27,31.9,54,72.6,"BULLISH",20.65,16,8,0,NA,NA,NA,NA,NA,3894097184.4,"HOLD",2026-04-22
98,"MANAPPURAM","MANAPPURAM FINANCE LTD","MID_CAP",295.05,4.7,9.66,16.94,54,68.5,"BEARISH",4.64,11,16,0,NA,NA,NA,NA,NA,3233609714.95,"HOLD",2026-04-22
109,"GODFRYPHLP","GODFREY PHILLIPS INDIA LT","MID_CAP",2164.6,2.37,3.43,17.39,54,57.3,"BEARISH",10.02,9,18,0,NA,NA,NA,NA,NA,2771793243.8,"HOLD",2026-04-22
130,"AWL","AWL AGRI BUSINESS LIMITED","MID_CAP",199.6,5.89,9.27,13.82,54,65.7,"BEARISH",-3.81,10,12,20,63.12,68.26,60,59.09,60,2437234477.78,"HOLD",2026-04-22
197,"ENGINERSIN","ENGINEERS INDIA LTD","SMALL_CAP",245.58,0.96,11.68,35.46,54,74.3,"STRONG_BULLISH",43.06,16,9,0,NA,NA,NA,NA,NA,1506318038.82,"HOLD",2026-04-22
204,"TIINDIA","TUBE INVEST OF INDIA LTD","SMALL_CAP",3024.4,4.82,9.78,22.4,54,74.2,"BULLISH",18.83,14,10,0,NA,NA,NA,NA,NA,1458361606.9,"HOLD",2026-04-22
238,"ALKEM","ALKEM LABORATORIES LTD.","SMALL_CAP",5627,-1.22,0.92,9.38,54,59.1,"BEARISH",3.69,7,10,15,56.97,60.22,47,58.41,63,1132613742.5,"HOLD",2026-04-22
267,"BLUESTARCO","BLUE STAR LIMITED","SMALL_CAP",1888.6,1.01,4.64,16.5,54,61.3,"BULLISH",4.61,4,9,25,72.84,74.35,86,58.5,66,948797226.9,"HOLD",2026-04-22
278,"ASTRAL","ASTRAL LIMITED","SMALL_CAP",1589.6,0.45,-2.54,2.14,54,48.9,"BULLISH",10.03,6,8,20,62.97,68.04,60,59.41,59.17,882982766.3,"HOLD",2026-04-22
475,"PARKHOSPS","PARKHOSPS","MICRO_CAP",231.68,3.29,11.32,23.35,54,71.2,"BULLISH",51.4,16,11,0,NA,NA,NA,NA,NA,292602696.52,"HOLD",2026-04-22
512,"AVANTEL","AVANTEL LIMITED","MICRO_CAP",158.04,0.08,2.75,33.6,54,65.1,"BEARISH",7.96,8,9,15,51.41,52.39,47,57.5,48,251973675.73,"HOLD",2026-04-22
526,"EVEREADY","EVEREADY INDS. IND.  LTD.","MICRO_CAP",339.9,7.34,15.71,20.9,54,71.4,"BEARISH",6.69,13,14,0,NA,NA,NA,NA,NA,237198211.95,"HOLD",2026-04-22
544,"CPSEETF","CPSE ETF","MICRO_CAP",107.12,0.56,2,7.39,54,70.3,"STRONG_BULLISH",11.38,10,15,0,10,10,10,10,10,216325113.52,"HOLD",2026-04-22
689,"MAHSEAMLES","MAHARASHTRA SEAMLESS LTD","MICRO_CAP",664.6,1.54,4.3,23.6,54,78.7,"STRONG_BULLISH",28,15,10,0,NA,NA,NA,NA,NA,117544151.1,"HOLD",2026-04-22
3,"GROWW","GROWW","LARGE_CAP",217.9,1.82,4.54,34.38,53.3,74,"BULLISH",33.22,20,6,0,NA,NA,NA,NA,NA,26633557149.4,"HOLD",2026-04-22
59,"BEL","BHARAT ELECTRONICS LTD","MID_CAP",448.7,-0.62,0.23,10.65,53.3,55.7,"BULLISH",6.32,4,10,15,54.37,52.39,47,56.59,69,5168568069.15,"HOLD",2026-04-22
67,"HINDALCO","HINDALCO  INDUSTRIES  LTD","MID_CAP",1039.9,1.79,2.81,23.76,53.3,66.9,"STRONG_BULLISH",11.93,11,15,0,NA,NA,NA,NA,NA,4626159548.4,"HOLD",2026-04-22
221,"LENSKART","LENSKART","SMALL_CAP",543.95,0.55,1.09,8.46,53.3,61.3,"BULLISH",24.33,13,15,0,NA,NA,NA,NA,NA,1337195894.9,"HOLD",2026-04-22
279,"CPPLUS","ADITYA INFOTECH LIMITED","SMALL_CAP",2183.9,-3.28,5.66,32.99,53.3,72.9,"STRONG_BULLISH",44.42,15,4,10,40.08,38.12,24,51.39,57,868759772.1,"HOLD",2026-04-22
307,"GLENMARK","GLENMARK PHARMACEUTICALS","MICRO_CAP",2240,0.31,-0.81,7.23,53.3,60.2,"STRONG_BULLISH",18.49,11,15,0,NA,NA,NA,NA,NA,718685331,"HOLD",2026-04-22
358,"THANGAMAYL","THANGAMAYIL JEWELLERY LTD","MICRO_CAP",4022.9,-2.54,-5.4,27.36,53.3,57.2,"STRONG_BULLISH",26.7,16,6,0,NA,NA,NA,NA,NA,518257546,"HOLD",2026-04-22
378,"LUMAXTECH","LUMAX AUTO TECH LTD","MICRO_CAP",1794.4,1.1,0.85,21.21,53.3,60.2,"STRONG_BULLISH",21.59,13,13,0,NA,NA,NA,NA,NA,468536729.9,"HOLD",2026-04-22
397,"MANINDS","MAN INDUSTRIES (I) LTD.","MICRO_CAP",555.65,4.49,15.16,64.81,53.3,78.7,"STRONG_BULLISH",57.21,15,14,0,NA,NA,NA,NA,NA,423684753.75,"HOLD",2026-04-22
528,"BLUESTONE","BLUESTONE JEWEL LFSTL LTD","MICRO_CAP",541.25,-1.11,6.03,3.6,53.3,64.7,"BULLISH",28.37,12,8,0,NA,NA,NA,NA,NA,235434912.3,"HOLD",2026-04-22
571,"STAR","STRIDES PHARMA SCI LTD","MICRO_CAP",1002.05,0.51,0.04,10.07,53.3,67,"STRONG_BULLISH",19.8,13,13,0,NA,NA,NA,NA,NA,183086792.6,"HOLD",2026-04-22
585,"GICRE","GENERAL INS CORP OF INDIA","MICRO_CAP",399.3,0.53,0.04,11.49,53.3,61.7,"STRONG_BULLISH",10.91,11,15,0,NA,NA,NA,NA,NA,175568248.8,"HOLD",2026-04-22
665,"SBCL","SHIVALIK BIMETAL CON. LTD","MICRO_CAP",536.55,3.03,3.52,35.65,53.3,74.5,"BULLISH",15.2,13,14,0,NA,NA,NA,NA,NA,124882276.35,"HOLD",2026-04-22
712,"ATULAUTO","ATUL AUTO LIMITED","MICRO_CAP",472,0.61,0.03,20.69,53.3,59.6,"BULLISH",12.5,11,8,10,49.43,48.48,47,55.45,48,101712855.75,"HOLD",2026-04-22
713,"INDGN","INDEGENE LIMITED","MICRO_CAP",498.7,2.35,0.41,17.76,53.3,60.5,"BEARISH",8.22,8,18,0,NA,NA,NA,NA,NA,101641618.9,"HOLD",2026-04-22
64,"HFCL","HFCL LIMITED","MID_CAP",100.37,2.59,13.9,50.96,52.7,80.2,"STRONG_BULLISH",49.94,16,11,0,NA,NA,NA,NA,NA,4950678191.67,"HOLD",2026-04-22
177,"IRMENERGY","IRM ENERGY LIMITED","SMALL_CAP",252.66,20,19.12,35.52,52.7,73.1,"BEARISH",5.4,13,12,0,NA,NA,NA,NA,NA,1795503757.3,"HOLD",2026-04-22
178,"GVT&D","GE VERNOVA T&D INDIA LTD","SMALL_CAP",4239.4,-0.3,2.54,22.49,52.7,66.5,"STRONG_BULLISH",24.93,15,10,0,NA,NA,NA,NA,NA,1779833194.8,"HOLD",2026-04-22
421,"CSBBANK","CSB BANK LIMITED","MICRO_CAP",396.35,-1.55,-3.86,15.13,52.7,53.6,"BEARISH",-0.85,6,10,20,62.59,64.05,61,59.12,66,383745972.75,"HOLD",2026-04-22
576,"LIQGRWBEES","NIPPONAMC - LIQGRWBEES","MICRO_CAP",1036.4,0.01,0.09,0.38,52.7,99.9,"STRONG_BULLISH",5.11,7,15,0,NA,NA,NA,NA,NA,180461596.87,"HOLD",2026-04-22
632,"FEDFINA","FEDBANK FINANCIAL SER L","MICRO_CAP",151.42,2.25,8.16,22.01,52.7,65.4,"BULLISH",8.75,9,13,0,NA,NA,NA,NA,NA,142305810.11,"HOLD",2026-04-22
659,"BHARATWIRE","BHARAT WIRE ROPES LTD.","MICRO_CAP",224.76,2.16,24.8,45.7,52.7,73.1,"BULLISH",37.29,15,2,15,52.64,53.1,51,57.27,48,127927640.67,"HOLD",2026-04-22
683,"CAPACITE","CAPACITE INFRAPROJECT LTD","MICRO_CAP",250.09,-1.86,0.03,18.82,52.7,58.7,"BEARISH",4.91,4,6,20,68.95,73.26,76,60.45,57,120536095.39,"HOLD",2026-04-22
747,"SMSPHARMA","SMS PHARMACEUTICALS LTD.","MICRO_CAP",420.25,2.98,-4.12,13.97,52.7,57.2,"STRONG_BULLISH",34.57,15,10,0,NA,NA,NA,NA,NA,82838798.45,"HOLD",2026-04-22
818,"JGCHEM","J.G.CHEMICALS LIMITED","MICRO_CAP",404.6,1.15,7.38,28.38,52.7,69.7,"BEARISH",23.51,14,8,0,NA,NA,NA,NA,NA,55547506.5,"HOLD",2026-04-22
894,"BLSE","BLS E-SERVICES LIMITED","MICRO_CAP",178.92,1.42,7.7,18.99,52.7,68.6,"BULLISH",7.7,8,9,15,53.15,50,55,56.5,54,33673876.91,"HOLD",2026-04-22
910,"STCINDIA","THE STATE TRADING CORPN","MICRO_CAP",122.76,2.15,6.41,22.12,52.7,63.8,"BEARISH",5.09,11,16,0,NA,NA,NA,NA,NA,27410645.78,"HOLD",2026-04-22
192,"NAM-INDIA","NIPPON L I A M LTD","SMALL_CAP",1060.1,0.45,11.41,29.72,52,68.4,"BULLISH",18.59,14,8,0,NA,NA,NA,NA,NA,1575927143.3,"HOLD",2026-04-22
256,"TRANSRAILL","TRANSRAIL LIGHTING LTD","SMALL_CAP",587.25,-0.51,5.11,20.67,52,64.2,"BEARISH",9.09,11,8,0,NA,NA,NA,NA,NA,994965753.8,"HOLD",2026-04-22
323,"CONCOR","CONTAINER CORP OF IND LTD","MICRO_CAP",515.7,2.28,5.42,21.7,52,68.7,"BEARISH",1.99,6,15,15,54,53.7,51,56.36,56.67,639541708.25,"HOLD",2026-04-22
348,"NATCOPHARM","NATCO PHARMA LTD.","MICRO_CAP",1071,1.45,-1.88,15.47,52,56.5,"STRONG_BULLISH",31.49,15,10,0,NA,NA,NA,NA,NA,535359851.75,"HOLD",2026-04-22
425,"SHRIPISTON","SHRIRAM PIST. & RING LTD","MICRO_CAP",3591.6,0.13,-1.47,22.25,52,64.3,"STRONG_BULLISH",19.66,13,11,0,NA,NA,NA,NA,NA,380763005.6,"HOLD",2026-04-22
534,"SKYGOLD","SKY GOLD AND DIAMONDS LTD","MICRO_CAP",421.4,1.02,0.43,30.1,52,68.3,"STRONG_BULLISH",35.54,15,9,0,NA,NA,NA,NA,NA,227853550.15,"HOLD",2026-04-22
619,"SANGHVIMOV","SANGHVI MOVERS LTD","MICRO_CAP",316.86,3.3,3.39,30.26,52,65,"BULLISH",5.14,9,14,0,NA,NA,NA,NA,NA,154803959.81,"HOLD",2026-04-22
678,"AHCL","AHCL","MICRO_CAP",144.39,1.43,4.03,26.3,52,71.8,"BULLISH",16.59,16,8,0,NA,NA,NA,NA,NA,121346828.75,"HOLD",2026-04-22
840,"SCODATUBES","SCODA TUBES LIMITED","MICRO_CAP",154.99,1.27,-1.83,32.83,52,64.1,"BULLISH",11.61,12,6,0,NA,NA,NA,NA,NA,48958325.29,"HOLD",2026-04-22
870,"ARTEMISMED","ARTEMIS MED SERVICE LTD","MICRO_CAP",233.16,2.09,1.78,6.29,52,54.3,"BEARISH",12.9,7,12,15,50.87,51.3,47,56.14,49.17,40436794.94,"HOLD",2026-04-22
903,"APTECHT","APTECH LIMITED","MICRO_CAP",100.63,1.26,13.91,34.53,52,75,"BEARISH",24.91,15,4,15,51.74,50.71,47,60.25,51,30268324.43,"HOLD",2026-04-22
84,"JSWSTEEL","JSW STEEL LIMITED","MID_CAP",1263.4,-1.27,3.68,13.86,51.3,62,"BULLISH",7.03,9,10,0,NA,NA,NA,NA,NA,3649416668.1,"HOLD",2026-04-22
107,"ASIANPAINT","ASIAN PAINTS LIMITED","MID_CAP",2562.9,0.76,5.77,20.82,51.3,70.8,"BEARISH",8.65,8,8,20,62.21,68.26,60,57.05,56.67,2877618609.9,"HOLD",2026-04-22
162,"JINDALSTEL","JINDAL STEEL LIMITED","SMALL_CAP",1278.6,-0.79,4.69,15.58,51.3,64.9,"BULLISH",13.69,11,10,0,NA,NA,NA,NA,NA,1992656448.2,"HOLD",2026-04-22
189,"HSCL","HIMADRI SPECIALITY CHEM L","SMALL_CAP",523.1,3.27,6.66,19.39,51.3,74,"STRONG_BULLISH",18.14,13,8,0,NA,NA,NA,NA,NA,1644224882.35,"HOLD",2026-04-22
199,"DMART","AVENUE SUPERMARTS LIMITED","SMALL_CAP",4594.8,0.12,2.72,25.69,51.3,69.3,"STRONG_BULLISH",24.31,15,8,0,NA,NA,NA,NA,NA,1493373813.1,"HOLD",2026-04-22
266,"SONACOMS","SONA BLW PRECISION FRGS L","SMALL_CAP",588.45,1.23,0.47,21.34,51.3,65.7,"STRONG_BULLISH",14.59,13,10,0,NA,NA,NA,NA,NA,951255042.1,"HOLD",2026-04-22
354,"WABAG","VA TECH WABAG LTD","MICRO_CAP",1488.4,0.09,8.37,26.83,51.3,69.7,"STRONG_BULLISH",28.49,15,8,0,NA,NA,NA,NA,NA,525635359.3,"HOLD",2026-04-22
371,"KTKBANK","KARNATAKA BANK LIMITED","MICRO_CAP",250.64,0.13,3.35,16.85,51.3,68.5,"STRONG_BULLISH",30.08,13,10,0,NA,NA,NA,NA,NA,485733422.22,"HOLD",2026-04-22
373,"CEMPRO","CEMPRO","MICRO_CAP",675.3,4.67,5.54,32.49,51.3,69.1,"BULLISH",0.61,9,16,0,NA,NA,NA,NA,NA,481579687.5,"HOLD",2026-04-22
377,"FINCABLES","FINOLEX CABLES LTD","MICRO_CAP",975.8,2.34,10.43,20.68,51.3,70.8,"STRONG_BULLISH",35.15,15,6,0,NA,NA,NA,NA,NA,469166659.85,"HOLD",2026-04-22
383,"GPIL","GODAWARI POW & ISP LTD","MICRO_CAP",298.75,1.12,-1.52,18.62,51.3,62.4,"STRONG_BULLISH",18.98,13,10,0,NA,NA,NA,NA,NA,455814412.95,"HOLD",2026-04-22
442,"HONASA","HONASA CONSUMER LIMITED","MICRO_CAP",346.75,-1.38,1.27,23.38,51.3,69.7,"STRONG_BULLISH",29.25,15,8,0,NA,NA,NA,NA,NA,346589244.7,"HOLD",2026-04-22
456,"CASTROLIND","CASTROL INDIA LIMITED","MICRO_CAP",183.34,0.52,1.85,3.41,51.3,56.3,"BEARISH",2,1,15,20,65.12,64.13,73,56.59,66,326008545.12,"HOLD",2026-04-22
462,"VTL","VARDHMAN TEXTILES LIMITED","MICRO_CAP",566.05,1.02,1.44,5.06,51.3,61.1,"STRONG_BULLISH",19.3,11,12,0,NA,NA,NA,NA,NA,316236321.4,"HOLD",2026-04-22
506,"KERNEX","KERNEX MICROSYS(I) LTD","MICRO_CAP",1225.2,3.98,5.14,35.38,51.3,67.6,"BEARISH",7.09,9,14,0,NA,NA,NA,NA,NA,256325692.4,"HOLD",2026-04-22
543,"CANFINHOME","CAN FIN HOMES LTD","MICRO_CAP",912.3,2.96,6.43,11.11,51.3,69.4,"BEARISH",1.54,7,8,15,55.87,57.38,53,56.32,56,216451161.7,"HOLD",2026-04-22
583,"AADHARHFC","AADHAR HOUSING FINANCE L","MICRO_CAP",489.5,-1.04,1.84,9.98,51.3,56.8,"BEARISH",7.74,6,12,15,52.3,51.19,47,57.63,57,177401357.5,"HOLD",2026-04-22
710,"IONEXCHANG","ION EXCHANGE (INDIA) LTD","MICRO_CAP",409.75,0.74,2.42,29.16,51.3,68.1,"BULLISH",17.57,13,8,0,NA,NA,NA,NA,NA,102821284.3,"HOLD",2026-04-22
813,"AKUMS","AKUMS DRUGS AND PHARMA L","MICRO_CAP",528.75,-1.04,-3.04,13.13,51.3,58.3,"STRONG_BULLISH",21.61,13,10,0,10,10,10,10,10,56897586.45,"HOLD",2026-04-22
821,"KOPRAN","KOPRAN LTD","MICRO_CAP",161.18,5.53,3.73,41.29,51.3,69.1,"BULLISH",20.34,13,14,0,NA,NA,NA,NA,NA,55197534.56,"HOLD",2026-04-22
853,"IVALUE","IVALUE","MICRO_CAP",277.81,-1.44,9.98,30.67,51.3,70.6,"BULLISH",14.96,14,6,0,NA,NA,NA,NA,NA,45333146.91,"HOLD",2026-04-22
12,"HINDUNILVR","HINDUSTAN UNILEVER LTD.","LARGE_CAP",2368.8,2.51,9.79,15.43,50.7,70.1,"BEARISH",4.07,11,14,0,NA,NA,NA,NA,NA,13180243579.9,"HOLD",2026-04-22
60,"MAZDOCK","MAZAGON DOCK SHIPBUIL LTD","MID_CAP",2703.9,1.78,6.52,22.53,50.7,69.4,"BULLISH",15.39,13,8,0,NA,NA,NA,NA,NA,5090246623.3,"HOLD",2026-04-22
117,"APOLLO","APOLLO MICRO SYSTEMS LTD","MID_CAP",287.25,0.11,21.93,52.21,50.7,75.2,"BEARISH",19.45,13,4,15,54.74,51.67,59,56.14,54,2653791909.66,"HOLD",2026-04-22
151,"ZENTEC","ZEN TECHNOLOGIES LIMITED","SMALL_CAP",1762.4,1.13,16.14,29.8,50.7,79.4,"STRONG_BULLISH",35.19,16,4,0,NA,NA,NA,NA,NA,2160552507.7,"HOLD",2026-04-22
233,"ELECON","ELECON ENG. CO. LTD","SMALL_CAP",504.1,6.9,22.1,32.99,50.7,75.8,"BEARISH",14.78,18,4,0,NA,NA,NA,NA,NA,1216270278.25,"HOLD",2026-04-22
290,"LICHSGFIN","LIC HOUSING FINANCE LTD","SMALL_CAP",559.05,-1.08,5.58,21.35,50.7,64.8,"BULLISH",12.57,11,10,0,NA,NA,NA,NA,NA,804468299.5,"HOLD",2026-04-22
345,"LUXIND","LUX INDUSTRIES LIMITED","MICRO_CAP",1588.25,8.59,11.84,71.45,50.7,80,"BULLISH",65.77,15,14,0,NA,NA,NA,NA,NA,542017419.45,"HOLD",2026-04-22
388,"TANLA","TANLA PLATFORMS LIMITED","MICRO_CAP",500.15,1.97,4.11,25.04,50.7,65,"BEARISH",4.98,9,13,0,NA,NA,NA,NA,NA,451787778.85,"HOLD",2026-04-22
410,"PRIVISCL","PRIVI SPECIALITY CHE LTD","MICRO_CAP",3163.3,0.8,7.97,10.97,50.7,66.9,"BULLISH",15.84,12,9,0,NA,NA,NA,NA,NA,403062382.9,"HOLD",2026-04-22
455,"WHIRLPOOL","WHIRLPOOL OF INDIA LTD","MICRO_CAP",932.2,1.3,10.26,18.87,50.7,66.1,"BEARISH",21.37,13,11,0,NA,NA,NA,NA,NA,326776672.65,"HOLD",2026-04-22
487,"GABRIEL","GABRIEL INDIA LTD","MICRO_CAP",1031.85,1.56,6.99,24.17,50.7,69,"BEARISH",10.66,11,13,0,NA,NA,NA,NA,NA,279605346.95,"HOLD",2026-04-22
511,"ABSLAMC","ADIT BIRL SUN LIF AMC LTD","MICRO_CAP",1019.95,-1.72,-2.65,14.7,50.7,58.1,"STRONG_BULLISH",28.04,13,10,0,10,10,10,10,10,252343590.6,"HOLD",2026-04-22
560,"AGIIL","AGI INFRA LIMITED","MICRO_CAP",359.7,-1.71,-3.98,22.58,50.7,61.8,"STRONG_BULLISH",44.78,15,8,0,10,10,10,10,10,191447224.75,"HOLD",2026-04-22
598,"ADFFOODS","ADF FOODS LIMITED","MICRO_CAP",233.53,4.12,20.66,44.02,50.7,72.5,"BEARISH",7.71,13,12,0,10,10,10,10,10,167401927.87,"HOLD",2026-04-22
639,"FUSION","FUSION FINANCE LIMITED","MICRO_CAP",185.14,5.03,17.68,22.37,50.7,66.5,"BULLISH",2.76,9,11,0,NA,NA,NA,NA,NA,136676511.86,"HOLD",2026-04-22
657,"SUMICHEM","SUMITOMO CHEM INDIA LTD","MICRO_CAP",444.25,0.98,3.55,18.44,50.7,67.7,"BULLISH",7.76,9,10,0,NA,NA,NA,NA,NA,130874470.55,"HOLD",2026-04-22
696,"IGIL","INTERNATIO GEMM INS (I) L","MICRO_CAP",362.35,0.01,3.2,13.66,50.7,62.2,"STRONG_BULLISH",14.83,11,11,0,NA,NA,NA,NA,NA,114573627.8,"HOLD",2026-04-22
744,"JINDRILL","JINDAL DRILLING IND. LTD","MICRO_CAP",541.25,1.19,-0.61,17.89,50.7,57.3,"BULLISH",20.23,13,13,0,NA,NA,NA,NA,NA,85005301.6,"HOLD",2026-04-22
748,"CARRARO","CARRARO INDIA LIMITED","MICRO_CAP",563.65,-1.74,-3.81,33.22,50.7,62.7,"BEARISH",8.54,8,4,20,61.57,57.17,71,57.5,63,82702943.25,"HOLD",2026-04-22
837,"PRAKASH","PRAKASH INDUSTRIES LTD","MICRO_CAP",141.52,0.39,1,24.53,50.7,64.1,"BEARISH",14.23,13,11,0,NA,NA,NA,NA,NA,50768203.83,"HOLD",2026-04-22
902,"SURYODAY","SURYODAY SMALL FIN BK LTD","MICRO_CAP",148.79,1.26,6.84,18.68,50.7,67.6,"BULLISH",14.89,13,8,0,NA,NA,NA,NA,NA,30629135.32,"HOLD",2026-04-22
72,"TATASTEEL","TATA STEEL LIMITED","MID_CAP",213.03,0.48,2.06,13.82,50,65.6,"BULLISH",13.18,11,13,0,NA,NA,NA,NA,NA,4424255827.33,"HOLD",2026-04-22
140,"JSWENERGY","JSW ENERGY LIMITED","MID_CAP",560.55,2.54,6.12,16.13,50,71.4,"STRONG_BULLISH",23.72,13,6,0,NA,NA,NA,NA,NA,2333540726.6,"HOLD",2026-04-22
143,"BANKINDIA","BANK OF INDIA","MID_CAP",152.92,2.06,3.53,6.39,50,54.4,"BULLISH",-0.82,2,18,15,52.66,50.71,47,55.88,63,2297266478.79,"HOLD",2026-04-22
190,"GALLANTT","GALLANTT ISPAT LIMITED","SMALL_CAP",870.55,0.94,10.18,63.58,50,75.1,"STRONG_BULLISH",52.76,15,9,0,NA,NA,NA,NA,NA,1603845065.8,"HOLD",2026-04-22
196,"ENRIN","SIEMENS ENERGY INDIA LTD","SMALL_CAP",3188.2,-0.62,9.25,18.25,50,72.3,"BULLISH",26.57,16,6,0,NA,NA,NA,NA,NA,1530235318.3,"HOLD",2026-04-22
213,"RBLBANK","RBL BANK LIMITED","SMALL_CAP",317.65,-0.86,-0.64,9.8,50,54.6,"BULLISH",8.04,6,12,0,NA,NA,NA,NA,NA,1395181022.75,"HOLD",2026-04-22
454,"INDOTECH","INDO TECH TRANSFORM LTD.","MICRO_CAP",2245.8,10,30.81,82.07,50,82.3,"BULLISH",53.59,18,4,0,NA,NA,NA,NA,NA,331451920.9,"HOLD",2026-04-22
497,"CLEAN","CLEAN SCIENCE & TECH LTD","MICRO_CAP",765.55,1.82,1.71,13.1,50,59.3,"BEARISH",-0.31,6,15,15,52.58,51.19,47,56.75,60,268428513.7,"HOLD",2026-04-22
538,"BLS","BLS INTL SERVS LTD","MICRO_CAP",292.02,-0.24,-0.53,31.69,50,58.4,"BULLISH",5.08,8,8,15,54.09,53.1,51,57.75,57,224273911.11,"HOLD",2026-04-22
549,"DCBBANK","DCB BANK LIMITED","MICRO_CAP",195.32,-0.36,3.54,19.08,50,62.6,"BEARISH",5.25,8,10,15,51.91,50,51,53.82,56,209505971.64,"HOLD",2026-04-22
568,"IMFA","INDIAN METALS & FERRO","MICRO_CAP",1519.9,1.38,7.26,28.84,50,67.8,"STRONG_BULLISH",18.98,13,8,0,NA,NA,NA,NA,NA,184905226.3,"HOLD",2026-04-22
587,"GANECOS","GANESHA ECOSPHERE LIMITED","MICRO_CAP",1065,0.36,0.73,39.2,50,65.1,"STRONG_BULLISH",55.5,15,6,0,NA,NA,NA,NA,NA,174324560,"HOLD",2026-04-22
644,"BANCOINDIA","BANCO PRODUCTS (I) LTD","MICRO_CAP",624.25,1.9,4.58,19.51,50,60,"BEARISH",1.08,6,15,15,54.64,53.7,51,59.32,57,133597789.75,"HOLD",2026-04-22
679,"KRISHANA","KRISHANA PHOSCHEM LIMITED","MICRO_CAP",638.5,2.38,4.59,36.14,50,69.2,"STRONG_BULLISH",38.36,15,6,0,NA,NA,NA,NA,NA,120937465.6,"HOLD",2026-04-22
687,"VIJAYA","VIJAYA DIAGNOSTIC CEN LTD","MICRO_CAP",1040.8,0.44,2.51,17.84,50,72.6,"BEARISH",10.36,11,10,0,NA,NA,NA,NA,NA,118265503.4,"HOLD",2026-04-22
719,"SAMBHV","SAMBHV STEEL TUBES LTD","MICRO_CAP",120.67,0.63,2.81,32.69,50,70.1,"STRONG_BULLISH",34.04,15,9,0,NA,NA,NA,NA,NA,95226293.21,"HOLD",2026-04-22
737,"SUNTV","SUN TV NETWORK LIMITED","MICRO_CAP",652.45,1.15,5.14,8.91,50,66.2,"STRONG_BULLISH",24.33,13,8,0,NA,NA,NA,NA,NA,88225264.1,"HOLD",2026-04-22
789,"MAYURUNIQ","MAYUR UNIQUOTERS LTD","MICRO_CAP",585.9,-0.09,2.2,18.8,50,64.8,"STRONG_BULLISH",3.54,9,10,0,NA,NA,NA,NA,NA,64311163.35,"HOLD",2026-04-22
851,"SPORTKING","SPORTKING INDIA LIMITED","MICRO_CAP",141.18,0.68,-1.2,25.95,50,63.6,"STRONG_BULLISH",35.93,15,6,0,NA,NA,NA,NA,NA,46335144.88,"HOLD",2026-04-22
35,"ADANIENT","ADANI ENTERPRISES LIMITED","LARGE_CAP",2260.8,1.56,5.43,23.34,49.3,69.3,"BEARISH",5.62,9,13,0,10,10,10,10,10,7908572669,"WEAK_HOLD",2026-04-22
92,"POWERINDIA","HITACHI ENERGY INDIA LTD","MID_CAP",30335,1.49,6.68,25.07,49.3,77.6,"STRONG_BULLISH",63.46,15,8,0,NA,NA,NA,NA,NA,3391919075,"WEAK_HOLD",2026-04-22
115,"POLICYBZR","PB FINTECH LIMITED","MID_CAP",1625.8,0.16,9.81,13.34,49.3,66.1,"BULLISH",17.07,11,11,0,NA,NA,NA,NA,NA,2671295348.3,"WEAK_HOLD",2026-04-22
116,"TITAN","TITAN COMPANY LIMITED","MID_CAP",4454.6,-0.56,-1.49,15.61,49.3,58.7,"STRONG_BULLISH",11.66,11,10,0,NA,NA,NA,NA,NA,2662453683,"WEAK_HOLD",2026-04-22
128,"PFC","POWER FIN CORP LTD.","MID_CAP",470.3,-0.17,5.74,18.17,49.3,71.1,"STRONG_BULLISH",17.59,13,10,0,NA,NA,NA,NA,NA,2462262360.6,"WEAK_HOLD",2026-04-22
157,"ONGC","OIL AND NATURAL GAS CORP.","SMALL_CAP",283.65,0.19,-1.37,6.86,49.3,55.8,"STRONG_BULLISH",10.42,9,12,0,NA,NA,NA,NA,NA,2097190156.7,"WEAK_HOLD",2026-04-22
217,"KEI","KEI INDUSTRIES LTD.","SMALL_CAP",4909.7,1.74,6.77,23.03,49.3,66.3,"BULLISH",15.16,13,10,0,NA,NA,NA,NA,NA,1374674215.5,"WEAK_HOLD",2026-04-22
231,"NLCINDIA","NLC INDIA LIMITED","SMALL_CAP",301.15,0.38,9.43,18.66,49.3,68.2,"STRONG_BULLISH",18.08,13,7,0,NA,NA,NA,NA,NA,1218407032,"WEAK_HOLD",2026-04-22
376,"KIRLOSENG","KIRLOSKAR OIL ENG LTD","MICRO_CAP",1640.1,-1.39,2.7,27.37,49.3,70.2,"STRONG_BULLISH",37.58,15,8,0,NA,NA,NA,NA,NA,470924399.5,"WEAK_HOLD",2026-04-22
532,"PFOCUS","PRIME FOCUS LIMITED","MICRO_CAP",332.5,1.31,-2.61,17.41,49.3,57.9,"STRONG_BULLISH",33.9,15,6,0,NA,NA,NA,NA,NA,230369705,"WEAK_HOLD",2026-04-22
545,"63MOONS","63 MOONS TECHNOLOGIES LTD","MICRO_CAP",711.1,-2.31,15.6,46.83,49.3,71.4,"BEARISH",12.97,11,4,15,58.48,63.33,60,54.74,48,214916379.65,"WEAK_HOLD",2026-04-22
582,"YATHARTH","YATHARTH HOSP & TRA C S L","MICRO_CAP",740.85,-0.64,-6.04,19.68,49.3,59,"STRONG_BULLISH",22.68,13,8,0,NA,NA,NA,NA,NA,178557262.45,"WEAK_HOLD",2026-04-22
607,"RUBICON","RUBICON","MICRO_CAP",933.95,1.37,13.72,21.7,49.3,74.2,"STRONG_BULLISH",24.83,15,8,0,NA,NA,NA,NA,NA,163133091.35,"WEAK_HOLD",2026-04-22
647,"ABDL","ALLIED BLEND N DISTILS L","MICRO_CAP",553.1,-2.13,6.95,43.98,49.3,67.7,"BEARISH",12.4,11,6,10,41.05,38.33,50,58.57,10,133152349.7,"WEAK_HOLD",2026-04-22
746,"MBAPL","MADHYA BHARAT AGRO P. LTD","MICRO_CAP",507.55,-0.01,-7.51,14.96,49.3,52.5,"STRONG_BULLISH",22.22,13,8,0,NA,NA,NA,NA,NA,83187061.6,"WEAK_HOLD",2026-04-22
878,"JAGSNPHARM","JAGSONPAL PHARMACEUTICALS","MICRO_CAP",200.14,1.85,2.91,9.88,49.3,65.9,"BULLISH",18.94,14,10,0,NA,NA,NA,NA,NA,38796891.41,"WEAK_HOLD",2026-04-22
40,"HAVELLS","HAVELLS INDIA LIMITED","LARGE_CAP",1348.7,1.5,4.94,9.56,48.7,62.1,"BEARISH",4.49,7,15,0,NA,NA,NA,NA,NA,6554388078.1,"WEAK_HOLD",2026-04-22
82,"POLYCAB","POLYCAB INDIA LIMITED","MID_CAP",8038,1.04,3.17,18.29,48.7,59.9,"BULLISH",9.51,9,11,0,NA,NA,NA,NA,NA,3760243292.5,"WEAK_HOLD",2026-04-22
106,"BAJAJ-AUTO","BAJAJ AUTO LIMITED","MID_CAP",9602,-1.95,-2.67,9.41,48.7,54.1,"BULLISH",3.78,4,12,15,52.35,51.96,47,56.59,56.67,2928288320,"WEAK_HOLD",2026-04-22
161,"GODREJPROP","GODREJ PROPERTIES LTD","SMALL_CAP",1832.2,1.51,5.3,22.38,48.7,68.4,"BEARISH",11.2,11,10,0,NA,NA,NA,NA,NA,2012166845.7,"WEAK_HOLD",2026-04-22
170,"STLTECH","STERLITE TECHNOLOGIES LTD","SMALL_CAP",290.99,4.5,14.15,68.01,48.7,82.6,"STRONG_BULLISH",129.04,15,11,0,NA,NA,NA,NA,NA,1900289167.9,"WEAK_HOLD",2026-04-22
181,"WAAREERTL","WAAREE RENEWABLE TECH LTD","SMALL_CAP",1093.35,3.01,5.19,35.37,48.7,71,"BULLISH",22.46,14,12,0,NA,NA,NA,NA,NA,1719687101.6,"WEAK_HOLD",2026-04-22
216,"PARADEEP","PARADEEP PHOSPHATES LTD","SMALL_CAP",136.27,3.17,11.25,28.25,48.7,72,"BULLISH",8.12,11,8,0,NA,NA,NA,NA,NA,1380173866.59,"WEAK_HOLD",2026-04-22
234,"MARICO","MARICO LIMITED","SMALL_CAP",772.5,1.31,2.24,6.51,48.7,57.2,"BULLISH",9.49,5,15,0,NA,NA,NA,NA,NA,1178466529.25,"WEAK_HOLD",2026-04-22
247,"TDPOWERSYS","TD POWER SYSTEMS LTD.","SMALL_CAP",1062.7,4.45,12.83,29.64,48.7,76.3,"STRONG_BULLISH",33.52,15,7,0,NA,NA,NA,NA,NA,1061775183.25,"WEAK_HOLD",2026-04-22
252,"WOCKPHARMA","WOCKHARDT LIMITED","SMALL_CAP",1450.3,3.03,7.14,31.81,48.7,69.5,"BEARISH",7.13,8,11,0,NA,NA,NA,NA,NA,1013989421.3,"WEAK_HOLD",2026-04-22
431,"KSB","KSB LIMITED","MICRO_CAP",996.1,0.61,5.82,27.24,48.7,85.7,"STRONG_BULLISH",42.93,15,11,0,NA,NA,NA,NA,NA,360742727.3,"WEAK_HOLD",2026-04-22
494,"BORORENEW","BOROSIL RENEWABLES LTD","MICRO_CAP",516.75,0.94,7.21,29.56,48.7,71.1,"BEARISH",4.84,6,6,20,63.2,57.38,81,59.5,54,272829550.85,"WEAK_HOLD",2026-04-22
510,"TECHNOE","TECHNO ELEC & ENG CO. LTD","MICRO_CAP",1250,-0.1,4.58,22.98,48.7,67.9,"STRONG_BULLISH",21.89,13,6,0,NA,NA,NA,NA,NA,252740312.95,"WEAK_HOLD",2026-04-22
552,"JAICORPLTD","JAI CORP LIMITED","MICRO_CAP",118.12,3.02,4.86,24.74,48.7,66.7,"BEARISH",4.64,6,16,0,NA,NA,NA,NA,NA,204117851.87,"WEAK_HOLD",2026-04-22
555,"PANACEABIO","PANACEA BIOTEC LTD","MICRO_CAP",363.8,7.59,4.86,12.96,48.7,60.5,"BEARISH",-0.33,10,16,0,NA,NA,NA,NA,NA,202308589.65,"WEAK_HOLD",2026-04-22
723,"BLUEJET","BLUE JET HEALTHCARE LTD","MICRO_CAP",416.85,0.37,2.12,22.14,48.7,61.1,"BEARISH",5.12,8,11,15,51.68,51.19,47,56.75,54,92789086.15,"WEAK_HOLD",2026-04-22
752,"ORIENTELEC","ORIENT ELECTRIC LIMITED","MICRO_CAP",186.38,2.4,8.43,16.51,48.7,65.4,"BEARISH",11.96,12,14,0,NA,NA,NA,NA,NA,81769037.44,"WEAK_HOLD",2026-04-22
780,"ASKAUTOLTD","ASK AUTOMOTIVE LIMITED","MICRO_CAP",442.8,1.06,0.6,12.17,48.7,58.1,"BULLISH",0.57,4,10,25,71.28,74.57,82,59.77,60,67528344.55,"WEAK_HOLD",2026-04-22
806,"BBOX","BLACK BOX LIMITED","MICRO_CAP",531.95,0.48,-0.13,11.14,48.7,57.7,"BEARISH",5.67,6,10,15,59.11,60.65,65,56.14,49.17,59705156.7,"WEAK_HOLD",2026-04-22
824,"MASFIN","MAS FINANCIAL SERV LTD","MICRO_CAP",323.05,2.26,2.98,10.14,48.7,60.7,"BEARISH",7.93,9,10,0,NA,NA,NA,NA,NA,53134417.65,"WEAK_HOLD",2026-04-22
912,"SATIN","SATIN CREDIT NET LTD","MICRO_CAP",170.4,-1.25,6.34,19.48,48.7,65.8,"STRONG_BULLISH",11.69,11,8,0,NA,NA,NA,NA,NA,27226695.65,"WEAK_HOLD",2026-04-22
949,"LOTUSEYE","LOTUS EYE HOSP & INST L","MICRO_CAP",118.97,7.95,9.55,14,48.7,65.7,"NEUTRAL",0.38,11,16,0,NA,NA,NA,NA,NA,11850445.54,"WEAK_HOLD",2026-04-22
47,"ADANIGREEN","ADANI GREEN ENERGY LTD","LARGE_CAP",1198.95,4.26,9.39,46.85,48,81,"BULLISH",29.78,15,14,0,10,10,10,10,10,5835205939.1,"WEAK_HOLD",2026-04-22
73,"CDSL","CENTRAL DEPO SER (I) LTD","MID_CAP",1321.2,-3.04,-1.39,16.53,48,55.4,"BEARISH",0.86,7,10,15,52.49,53.1,47,57.75,53,4409929804.6,"WEAK_HOLD",2026-04-22
135,"PNCINFRA","PNC INFRATECH LTD.","MID_CAP",222.23,6.54,12.85,28,48,70,"BEARISH",2.12,11,12,0,NA,NA,NA,NA,NA,2390108908.19,"WEAK_HOLD",2026-04-22
174,"SOLARINDS","SOLAR INDUSTRIES (I) LTD","SMALL_CAP",15272,2.16,2.59,22.86,48,68.6,"BULLISH",16.69,13,8,0,NA,NA,NA,NA,NA,1843929800,"WEAK_HOLD",2026-04-22
289,"FACT","FACT LTD","SMALL_CAP",932.2,2.27,7.63,22.59,48,69.1,"BULLISH",20.49,13,9,0,NA,NA,NA,NA,NA,804477912.2,"WEAK_HOLD",2026-04-22
326,"THERMAX","THERMAX LTD","MICRO_CAP",4053.1,-1.75,-0.78,30.7,48,72.6,"STRONG_BULLISH",41.56,15,6,0,NA,NA,NA,NA,NA,632702522.3,"WEAK_HOLD",2026-04-22
328,"CAMS","COMPUTER AGE MNGT SER LTD","MICRO_CAP",755.6,0.93,3.78,21.39,48,65.5,"BEARISH",6.86,8,10,15,53.24,52.39,47,58.41,59,627846156.35,"WEAK_HOLD",2026-04-22
439,"DIACABS","DIAMOND POWER INFRA LTD","MICRO_CAP",159.81,-1.21,13.12,35.5,48,71.8,"BULLISH",28.16,16,4,0,NA,NA,NA,NA,NA,349975531.03,"WEAK_HOLD",2026-04-22
474,"INDRAMEDCO","INDRAPRASTHA MEDICAL CORP","MICRO_CAP",400.45,-1.01,-7.06,8.49,48,46.3,"BULLISH",7.64,9,10,0,NA,NA,NA,NA,NA,295647907.55,"WEAK_HOLD",2026-04-22
495,"NAVA","NAVA LIMITED","MICRO_CAP",697.75,0.83,11.95,28.16,48,74.4,"STRONG_BULLISH",24.93,15,6,0,NA,NA,NA,NA,NA,269908518.85,"WEAK_HOLD",2026-04-22
502,"SUPRIYA","SUPRIYA LIFESCIENCE LTD","MICRO_CAP",656,5.68,3.25,18.55,48,59.9,"BEARISH",-0.5,10,18,0,NA,NA,NA,NA,NA,261223423.1,"WEAK_HOLD",2026-04-22
589,"EPL","EPL LIMITED","MICRO_CAP",228.22,-1.11,-2.66,24.35,48,58.4,"STRONG_BULLISH",13.45,11,8,0,NA,NA,NA,NA,NA,173661685.7,"WEAK_HOLD",2026-04-22
593,"JSWCEMENT","JSW CEMENT LIMITED","MICRO_CAP",127.72,-0.23,-0.8,12.94,48,58.7,"BULLISH",14.13,11,10,0,NA,NA,NA,NA,NA,172635713.57,"WEAK_HOLD",2026-04-22
611,"CARYSIL","CARYSIL LIMITED","MICRO_CAP",919.8,3.64,3.93,22.8,48,62.7,"BEARISH",-5.67,8,10,15,52.42,50,55,56.45,49.17,160245826.25,"WEAK_HOLD",2026-04-22
621,"SBILIQETF","SBILIQETF","MICRO_CAP",1035.71,0.01,0.09,0.4,48,99.8,"STRONG_BULLISH",5.15,5,15,0,NA,NA,NA,NA,NA,153752306.88,"WEAK_HOLD",2026-04-22
624,"NORTHARC","NORTHERN ARC CAPITAL LTD","MICRO_CAP",248.03,3.59,3.59,12.28,48,60.5,"BEARISH",1.87,5,18,0,NA,NA,NA,NA,NA,149779898.16,"WEAK_HOLD",2026-04-22
704,"TMB","TAMILNAD MERCA BANK LTD","MICRO_CAP",667.4,2.53,-1.79,16.73,48,56.6,"BULLISH",11.17,11,10,0,NA,NA,NA,NA,NA,110066198.15,"WEAK_HOLD",2026-04-22
711,"MARKSANS","MARKSANS PHARMA LIMITED","MICRO_CAP",179.56,1.58,0.36,12.08,48,58.3,"BEARISH",5.51,8,12,0,NA,NA,NA,NA,NA,102516541.79,"WEAK_HOLD",2026-04-22
749,"JNKINDIA","JNK INDIA LIMITED","MICRO_CAP",343.1,-0.2,13.31,53.59,48,79.3,"STRONG_BULLISH",46.88,15,6,0,NA,NA,NA,NA,NA,82079911.9,"WEAK_HOLD",2026-04-22
761,"BERGEPAINT","BERGER PAINTS (I) LTD","MICRO_CAP",478.25,-0.49,0.77,17.96,48,66.1,"BEARISH",3.77,6,10,20,62.85,66.87,58.6,60,63,77583053.9,"WEAK_HOLD",2026-04-22
946,"MAHEPC","MAHINDRA EPC IRRIG LTD","MICRO_CAP",121.89,-5.05,-1.76,15.36,48,56.5,"BEARISH",5.76,9,6,0,NA,NA,NA,NA,NA,13002908.82,"WEAK_HOLD",2026-04-22
33,"MCX","MULTI COMMODITY EXCHANGE","LARGE_CAP",2783.2,-1.5,-2.38,20.26,47.3,58.3,"BULLISH",13.59,9,10,0,NA,NA,NA,NA,NA,8115914711.7,"WEAK_HOLD",2026-04-22
69,"WAAREEENER","WAAREE ENERGIES LIMITED","MID_CAP",3427.8,-1.3,0.05,11.85,47.3,69.3,"STRONG_BULLISH",14.53,11,6,0,NA,NA,NA,NA,NA,4521248087.3,"WEAK_HOLD",2026-04-22
112,"CANBK","CANARA BANK","MID_CAP",145.23,0.67,2.48,12.09,47.3,58.9,"BEARISH",2.62,4,13,15,54.62,54.05,47,56.76,66,2711976317.82,"WEAK_HOLD",2026-04-22
258,"PREMIERENE","PREMIER ENERGIES LIMITED","SMALL_CAP",990.8,-0.49,-0.77,14.34,47.3,66.4,"BULLISH",30.91,15,6,0,NA,NA,NA,NA,NA,987644927.35,"WEAK_HOLD",2026-04-22
262,"LIQUID1","KOTAKMAMC - KOTAKLIQ","SMALL_CAP",1100.89,0.01,0.09,0.4,47.3,100,"STRONG_BULLISH",5.16,4,15,0,NA,NA,NA,NA,NA,961404486.26,"WEAK_HOLD",2026-04-22
270,"MANKIND","MANKIND PHARMA LIMITED","SMALL_CAP",2235,1.59,5.31,15.96,47.3,67.8,"BEARISH",11.13,11,8,0,NA,NA,NA,NA,NA,935942985.2,"WEAK_HOLD",2026-04-22
399,"LIQUIDPLUS","MIRAEAMC - LIQUIDPLUS","MICRO_CAP",1082.02,0.01,0.09,0.4,47.3,99.9,"STRONG_BULLISH",5.16,4,15,0,NA,NA,NA,NA,NA,421382599.81,"WEAK_HOLD",2026-04-22
530,"STARHEALTH","STAR HEALTH & AL INS CO L","MICRO_CAP",508.8,-1.02,6.22,14.57,47.3,70.4,"BULLISH",12.46,11,8,0,NA,NA,NA,NA,NA,234385421.5,"WEAK_HOLD",2026-04-22
546,"INNOVACAP","INNOVA CAPTAB LIMITED","MICRO_CAP",710.4,-1.83,-3.3,6.74,47.3,52.2,"BULLISH",3.37,7,8,0,NA,NA,NA,NA,NA,212067791.65,"WEAK_HOLD",2026-04-22
553,"ZYDUSWELL","ZYDUS WELLNESS LIMITED","MICRO_CAP",503.25,-0.68,-1.26,21.43,47.3,63,"BULLISH",29.58,15,6,0,NA,NA,NA,NA,NA,203860792.1,"WEAK_HOLD",2026-04-22
720,"KSL","KALYANI STEELS LIMITED","MICRO_CAP",813.65,3.54,17.87,27.52,47.3,73.6,"BEARISH",8.38,11,4,0,NA,NA,NA,NA,NA,94240309.75,"WEAK_HOLD",2026-04-22
732,"INDSWFTLAB","IND SWIFT LABORATORIES LT","MICRO_CAP",142.38,-1.08,-1.16,6.23,47.3,52.2,"STRONG_BULLISH",22.23,9,8,0,NA,NA,NA,NA,NA,89534229.19,"WEAK_HOLD",2026-04-22
782,"GIPCL","GUJ IND POW CO. LTD","MICRO_CAP",158.05,2.7,7.6,24.66,47.3,71.4,"BEARISH",11.74,11,11,0,NA,NA,NA,NA,NA,66765676.89,"WEAK_HOLD",2026-04-22
803,"GNA","GNA AXLES LIMITED","MICRO_CAP",457.2,1.45,3.04,28.46,47.3,65.7,"BULLISH",14.09,12,8,0,NA,NA,NA,NA,NA,60216082.35,"WEAK_HOLD",2026-04-22
804,"AWHCL","ANTONY WASTE HDG CELL LTD","MICRO_CAP",525.1,-0.32,2.55,26.55,47.3,65.2,"BEARISH",4.15,6,6,20,61.84,58.04,77,56.36,54,60187853.55,"WEAK_HOLD",2026-04-22
810,"EMIL","ELECTRONICS MART IND LTD","MICRO_CAP",108.99,0.39,6.09,27.35,47.3,68.9,"BULLISH",16.67,13,8,0,NA,NA,NA,NA,NA,58415982.79,"WEAK_HOLD",2026-04-22
120,"TATAPOWER","TATA POWER CO LTD","MID_CAP",436.05,0,3.37,12.69,46.7,76.1,"STRONG_BULLISH",21.52,11,8,0,NA,NA,NA,NA,NA,2604544319,"WEAK_HOLD",2026-04-22
146,"POWERGRID","POWER GRID CORP. LTD.","MID_CAP",319.75,0.13,2.34,5.84,46.7,71.4,"STRONG_BULLISH",14.65,11,8,0,NA,NA,NA,NA,NA,2271461654.25,"WEAK_HOLD",2026-04-22
164,"MRPL","MRPL","SMALL_CAP",187.22,3.63,6.5,2.22,46.7,54.5,"BEARISH",6.51,4,11,0,NA,NA,NA,NA,NA,1957042228.44,"WEAK_HOLD",2026-04-22
241,"HEG","HEG LTD","SMALL_CAP",661.6,0.07,11.99,38.63,46.7,73.2,"STRONG_BULLISH",26.29,15,4,0,NA,NA,NA,NA,NA,1125333340.25,"WEAK_HOLD",2026-04-22
281,"NTPCGREEN","NTPC GREEN ENERGY LIMITED","SMALL_CAP",113.56,1.67,5.85,17.22,46.7,73.9,"STRONG_BULLISH",33.82,15,4,0,NA,NA,NA,NA,NA,839225142.34,"WEAK_HOLD",2026-04-22
283,"OBEROIRLTY","OBEROI REALTY LIMITED","SMALL_CAP",1733.6,0.56,1.64,22.82,46.7,72.5,"BULLISH",16.37,13,10,0,NA,NA,NA,NA,NA,822739393.4,"WEAK_HOLD",2026-04-22
293,"KRN","KRN HEAT EXCHANGE N REF L","SMALL_CAP",1202.1,-0.88,7.05,41.77,46.7,70.9,"STRONG_BULLISH",76.26,15,4,0,NA,NA,NA,NA,NA,798877459.45,"WEAK_HOLD",2026-04-22
308,"EMAMILTD","EMAMI LIMITED","MICRO_CAP",473.2,4.26,11.47,17.8,46.7,71.2,"BEARISH",0.88,11,16,0,NA,NA,NA,NA,NA,716605815.65,"WEAK_HOLD",2026-04-22
433,"GUJALKALI","GUJARAT ALKALIES & CHEM","MICRO_CAP",712.25,-1.04,8.8,15.79,46.7,73.1,"STRONG_BULLISH",53.31,15,4,0,NA,NA,NA,NA,NA,360084430.1,"WEAK_HOLD",2026-04-22
519,"SJS","SJS ENTERPRISES LIMITED","MICRO_CAP",1715.5,1.33,-1.81,12.97,46.7,53.9,"BULLISH",1.11,5,15,0,NA,NA,NA,NA,NA,244099821.8,"WEAK_HOLD",2026-04-22
527,"PRECWIRE","PRECISION WIRES INDIA LTD","MICRO_CAP",395.65,2.25,14.35,35.59,46.7,72.1,"STRONG_BULLISH",57.53,15,4,0,NA,NA,NA,NA,NA,236835853.3,"WEAK_HOLD",2026-04-22
563,"BRIGADE","BRIGADE ENTER. LTD","MICRO_CAP",792.6,0.29,7.25,24.88,46.7,69.4,"BEARISH",3.82,6,10,15,56.82,55.43,51,60,66,188957482.1,"WEAK_HOLD",2026-04-22
564,"SGFIN","SG FINSERVE LIMITED","MICRO_CAP",533.25,-1.51,15.07,38.85,46.7,71.2,"STRONG_BULLISH",54.56,15,4,0,NA,NA,NA,NA,NA,188879800.35,"WEAK_HOLD",2026-04-22
641,"PNGJL","P N GADGIL JEWELLERS LTD","MICRO_CAP",673.65,0.85,2.32,22.09,46.7,74.8,"BULLISH",26.3,15,8,0,NA,NA,NA,NA,NA,134466545.75,"WEAK_HOLD",2026-04-22
649,"MON100","MOTILAL OS NASDAQ100 ETF","MICRO_CAP",289.77,0.19,7.34,32.21,46.7,81.9,"STRONG_BULLISH",30.71,15,8,0,NA,NA,NA,NA,NA,132707409.34,"WEAK_HOLD",2026-04-22
655,"RPSGVENT","RPSG VENTURES LIMITED","MICRO_CAP",905.1,-3.47,-5.54,61.67,46.7,54.9,"BULLISH",30.54,15,6,0,NA,NA,NA,NA,NA,131730354.2,"WEAK_HOLD",2026-04-22
692,"KIMS","KRISHNA INST OF MED SCI L","MICRO_CAP",681.7,0.06,2.5,8.12,46.7,58.3,"BULLISH",15.97,9,10,0,NA,NA,NA,NA,NA,115008086.2,"WEAK_HOLD",2026-04-22
798,"VISHNU","VISHNU CHEMICALS LIMITED","MICRO_CAP",599.5,-0.22,11.35,22.45,46.7,71.7,"STRONG_BULLISH",20.55,13,6,0,NA,NA,NA,NA,NA,62422028.55,"WEAK_HOLD",2026-04-22
863,"GKSL","GKSL","MICRO_CAP",110.4,-2.13,2.13,8.46,46.7,55.9,"NEUTRAL",7.91,7,12,0,NA,NA,NA,NA,NA,42794443.98,"WEAK_HOLD",2026-04-22
933,"MAANALU","MAAN ALUMINIUM LIMITED","MICRO_CAP",144.28,2.31,0.66,NA,46.7,54.4,"NEUTRAL",16.81,8,13,0,NA,NA,NA,NA,NA,19020279.6,"WEAK_HOLD",2026-04-22
152,"GMDCLTD","GUJARAT MINERAL DEV CORP","SMALL_CAP",691.35,0.27,11.1,21.49,46,65.8,"STRONG_BULLISH",16.66,13,2,0,NA,NA,NA,NA,NA,2156465230.8,"WEAK_HOLD",2026-04-22
179,"INDIANB","INDIAN BANK","SMALL_CAP",925.35,0.47,-2.18,10.4,46,51.6,"BULLISH",9.4,7,10,0,NA,NA,NA,NA,NA,1772274403.45,"WEAK_HOLD",2026-04-22
180,"LGEINDIA","LGEINDIA","SMALL_CAP",1608.2,-0.17,4.82,8.33,46,62.5,"BEARISH",9.53,7,8,0,NA,NA,NA,NA,NA,1766056077.4,"WEAK_HOLD",2026-04-22
237,"ONESOURCE","ONESOURCE SPECL PHARMA L","SMALL_CAP",1611,3.22,4.74,15.97,46,66.1,"BULLISH",36.89,13,6,0,NA,NA,NA,NA,NA,1136544811.9,"WEAK_HOLD",2026-04-22
284,"TATACOMM","TATA COMMUNICATIONS LTD","SMALL_CAP",1525,0.77,-2.34,10.27,46,55.3,"BEARISH",1.78,7,13,0,NA,NA,NA,NA,NA,821353488.3,"WEAK_HOLD",2026-04-22
311,"OLECTRA","OLECTRA GREENTECH LIMITED","MICRO_CAP",1223.1,0.09,-0.28,19.44,46,65.4,"BULLISH",19.09,13,6,0,NA,NA,NA,NA,NA,692167463.75,"WEAK_HOLD",2026-04-22
347,"BECTORFOOD","MRS BECTORS FOOD SPE LTD","MICRO_CAP",204.5,-0.91,2.19,16.18,46,55.4,"BEARISH",-5.29,10,8,15,54.89,49.57,55,57.05,66,536618082.01,"WEAK_HOLD",2026-04-22
351,"COHANCE","COHANCE LIFESCIENCES LTD","MICRO_CAP",362.9,0.47,1.82,20.79,46,59.6,"BULLISH",3.11,6,4,20,60.05,57.61,67,60.68,54.17,532196069.85,"WEAK_HOLD",2026-04-22
620,"LTFOODS","LT FOODS LIMITED","MICRO_CAP",423.5,0.71,2.82,16.35,46,61.3,"BULLISH",7.73,8,13,0,NA,NA,NA,NA,NA,154156019.55,"WEAK_HOLD",2026-04-22
685,"SPMLINFRA","SPML INFRA LIMITED","MICRO_CAP",216.09,2.02,10,40.53,46,69.8,"BULLISH",22.88,13,6,0,NA,NA,NA,NA,NA,118797290.46,"WEAK_HOLD",2026-04-22
694,"KPEL","K.P. ENERGY LIMITED","MICRO_CAP",353.6,1.05,7.37,33.69,46,70,"BULLISH",16.08,13,9,0,NA,NA,NA,NA,NA,114923892.12,"WEAK_HOLD",2026-04-22
734,"HPL","HPL ELECTRIC & POWER LTD","MICRO_CAP",365.6,1.43,7.94,35.84,46,67.8,"BEARISH",14.76,13,9,0,NA,NA,NA,NA,NA,88572359.75,"WEAK_HOLD",2026-04-22
736,"USHAMART","USHA MARTIN LTD.","MICRO_CAP",444.95,0.32,0.68,14.87,46,61.1,"BULLISH",9.72,9,13,0,NA,NA,NA,NA,NA,88262763.75,"WEAK_HOLD",2026-04-22
800,"QUADFUTURE","QUADRANT FUTURE TEK LTD","MICRO_CAP",324.1,0.08,3.75,13.42,46,62,"BULLISH",12.81,9,10,0,NA,NA,NA,NA,NA,61484397.25,"WEAK_HOLD",2026-04-22
929,"LAXMIINDIA","LAXMI INDIA FINANCE LTD","MICRO_CAP",117.71,-3.04,7.36,43.55,46,69.5,"BULLISH",21.54,13,6,0,NA,NA,NA,NA,NA,20720415.24,"WEAK_HOLD",2026-04-22
114,"MTARTECH","MTAR TECHNOLOGIES LIMITED","MID_CAP",5279.6,4.11,6.85,56.56,45.3,82,"STRONG_BULLISH",59.81,15,6,0,NA,NA,NA,NA,NA,2675804001.6,"WEAK_HOLD",2026-04-22
131,"GAIL","GAIL (INDIA) LTD","MID_CAP",166.12,3.33,6.41,22.69,45.3,69.4,"BEARISH",4.59,6,13,0,NA,NA,NA,NA,NA,2432844979.05,"WEAK_HOLD",2026-04-22
144,"LUPIN","LUPIN LIMITED","MID_CAP",2307.9,-0.16,-1.33,0.49,45.3,50.7,"STRONG_BULLISH",9.29,5,10,0,NA,NA,NA,NA,NA,2282271231,"WEAK_HOLD",2026-04-22
194,"ICICIAMC","ICICIAMC","SMALL_CAP",3432.4,-2.21,6.56,27.58,45.3,63.8,"BULLISH",16.5,13,8,0,NA,NA,NA,NA,NA,1546868096.2,"WEAK_HOLD",2026-04-22
205,"ABCAPITAL","ADITYA BIRLA CAPITAL LTD.","SMALL_CAP",350.7,1.77,2.04,18.9,45.3,61.4,"BEARISH",5.34,8,13,0,24.24,35.38,17,21.67,10,1451160730.55,"WEAK_HOLD",2026-04-22
210,"SYRMA","SYRMA SGS TECHNOLOGY LTD","SMALL_CAP",997.75,1.2,11.47,33.75,45.3,74.4,"STRONG_BULLISH",21.51,13,4,0,NA,NA,NA,NA,NA,1424526241.65,"WEAK_HOLD",2026-04-22
264,"COLPAL","COLGATE PALMOLIVE LTD.","SMALL_CAP",2118.3,0.56,8.81,14.55,45.3,64,"BEARISH",4.26,6,8,15,53.47,50.65,55,54.77,56.67,953244792.3,"WEAK_HOLD",2026-04-22
446,"GESHIP","THE GE SHPG.LTD","MICRO_CAP",1449.1,0.24,3.48,6.55,45.3,57.3,"BULLISH",21.14,9,8,0,NA,NA,NA,NA,NA,339054368.3,"WEAK_HOLD",2026-04-22
520,"MEDANTA","GLOBAL HEALTH LIMITED","MICRO_CAP",1111.85,2.83,2.13,14.67,45.3,61.6,"BEARISH",3.18,4,18,0,NA,NA,NA,NA,NA,243319799.6,"WEAK_HOLD",2026-04-22
572,"KIRLOSBROS","KIRLOSKAR BROTHERS LTD","MICRO_CAP",1740,-0.88,-2.2,17.33,45.3,62.8,"BEARISH",15.04,13,8,0,NA,NA,NA,NA,NA,181616728,"WEAK_HOLD",2026-04-22
628,"PRICOLLTD","PRICOL LIMITED","MICRO_CAP",612.35,1.14,6,19.86,45.3,65.9,"BEARISH",9.68,9,10,0,NA,NA,NA,NA,NA,145833119.6,"WEAK_HOLD",2026-04-22
827,"RPTECH","RASHI PERIPHERALS LIMITED","MICRO_CAP",475.3,0.2,7.95,38.94,45.3,83.3,"STRONG_BULLISH",26.77,15,6,0,NA,NA,NA,NA,NA,52330928,"WEAK_HOLD",2026-04-22
847,"STARCEMENT","STAR CEMENT LIMITED","MICRO_CAP",229.92,1.61,4.59,7.53,45.3,70.2,"BULLISH",7.12,6,8,0,NA,NA,NA,NA,NA,47010308.94,"WEAK_HOLD",2026-04-22
74,"HINDZINC","HINDUSTAN ZINC LIMITED","MID_CAP",604.75,2.76,4.18,24.01,44.7,64.3,"BULLISH",-1.24,6,18,0,NA,NA,NA,NA,NA,4257773066.65,"WEAK_HOLD",2026-04-22
100,"BRITANNIA","BRITANNIA INDUSTRIES LTD","MID_CAP",5729.5,-1.85,1.33,4.36,44.7,52.2,"BEARISH",1.62,3,8,15,52.36,51.96,47,54.77,59.17,3183795229.5,"WEAK_HOLD",2026-04-22
206,"KALYANKJIL","KALYAN JEWELLERS IND LTD","SMALL_CAP",414.25,-0.2,-6.38,14.21,44.7,50.1,"BULLISH",11.15,11,10,0,NA,NA,NA,NA,NA,1446226783.5,"WEAK_HOLD",2026-04-22
222,"RADICO","RADICO KHAITAN LTD","SMALL_CAP",3243,-0.19,11.57,24.41,44.7,68.5,"BULLISH",21.94,13,4,0,NA,NA,NA,NA,NA,1308318856.1,"WEAK_HOLD",2026-04-22
232,"GRAPHITE","GRAPHITE INDIA LTD","SMALL_CAP",741.05,0.52,11.21,31.46,44.7,70.8,"BULLISH",20.43,13,6,0,NA,NA,NA,NA,NA,1217567158.95,"WEAK_HOLD",2026-04-22
339,"LALPATHLAB","DR. LAL PATH LABS LTD.","MICRO_CAP",1459.1,1.54,1.49,11.59,44.7,63.1,"BEARISH",7.88,9,12,0,NA,NA,NA,NA,NA,566020128.4,"WEAK_HOLD",2026-04-22
398,"VMART","VMART RETAIL LTD","MICRO_CAP",645.85,0.09,5.27,29.38,44.7,69.1,"BULLISH",10.05,11,6,0,NA,NA,NA,NA,NA,422808690.3,"WEAK_HOLD",2026-04-22
766,"SOUTHWEST","SOUTH WEST PINNACLE LTD","MICRO_CAP",234.62,-2.9,-3.27,20.11,44.7,57,"BULLISH",52.95,15,6,0,NA,NA,NA,NA,NA,75809902.36,"WEAK_HOLD",2026-04-22
879,"NACLIND","NACL INDUSTRIES LIMITED","MICRO_CAP",167.82,-0.56,-2.78,28.01,44.7,62.6,"BULLISH",26.2,15,6,0,NA,NA,NA,NA,NA,38523728.94,"WEAK_HOLD",2026-04-22
55,"TMPV","TMPV","MID_CAP",361.85,1.67,1.1,18.54,44,63.5,"BEARISH",0.54,7,15,0,NA,NA,NA,NA,NA,5436923699.7,"WEAK_HOLD",2026-04-22
88,"ASHOKLEY","ASHOK LEYLAND LTD","MID_CAP",178.97,1.34,1.99,10.49,44,54.4,"BULLISH",-6.76,3,13,25,71.08,74.57,82,59.41,59.17,3573419584.91,"WEAK_HOLD",2026-04-22
169,"FEDERALBNK","FEDERAL BANK LTD","SMALL_CAP",296.45,0.24,3.35,16.55,44,63.1,"BULLISH",7.31,8,10,0,NA,NA,NA,NA,NA,1913680132.6,"WEAK_HOLD",2026-04-22
211,"CUB","CITY UNION BANK LTD","SMALL_CAP",270.15,1.97,7.18,15.3,44,60.1,"BEARISH",-3.35,6,8,15,54.17,55,47,56.18,61.25,1412190146.74,"WEAK_HOLD",2026-04-22
280,"QPOWER","QUALITY POWER ELEC EQUP L","SMALL_CAP",1272.7,0.58,14.9,59.74,44,81.1,"STRONG_BULLISH",70.65,15,4,0,NA,NA,NA,NA,NA,867457271.9,"WEAK_HOLD",2026-04-22
336,"TIMETECHNO","TIME TECHNOPLAST LTD.","MICRO_CAP",192.54,0.8,0.55,24,44,60.9,"BEARISH",6.08,8,11,0,NA,NA,NA,NA,NA,573153377.57,"WEAK_HOLD",2026-04-22
342,"JAINREC","JAINREC","MICRO_CAP",413.2,-1.55,-1.36,-6.02,44,40.1,"BULLISH",5.41,4,12,0,NA,NA,NA,NA,NA,559392571.75,"WEAK_HOLD",2026-04-22
357,"LIQUIDADD","DSPAMC - LIQUIDADD","MICRO_CAP",1123.06,0.01,0.09,0.4,44,100,"STRONG_BULLISH",5.15,4,15,0,NA,NA,NA,NA,NA,518558824.39,"WEAK_HOLD",2026-04-22
395,"EIEL","ENVIRO INFRA ENGINEERS L","MICRO_CAP",212.19,1.58,-0.68,49.56,44,71.2,"BULLISH",20.13,13,6,0,NA,NA,NA,NA,NA,431448387.58,"WEAK_HOLD",2026-04-22
403,"SKIPPER","SKIPPER LIMITED","MICRO_CAP",471.85,1.43,17.4,41.68,44,80.3,"BULLISH",21.58,14,4,0,NA,NA,NA,NA,NA,416946222.65,"WEAK_HOLD",2026-04-22
465,"TENNIND","TENNIND","MICRO_CAP",591.5,-0.13,3.47,10.27,44,63.4,"BULLISH",9.81,7,10,0,NA,NA,NA,NA,NA,311904890.25,"WEAK_HOLD",2026-04-22
618,"ITDC","INDIA TOUR. DEV. CO. LTD.","MICRO_CAP",618.35,-1.53,-3.91,58.53,44,68.3,"BEARISH",18.91,13,6,0,NA,NA,NA,NA,NA,155079767.4,"WEAK_HOLD",2026-04-22
640,"GENUSPOWER","GENUS POWER INFRASTRU LTD","MICRO_CAP",297.09,1.49,0.14,29.25,44,66.8,"BEARISH",17.32,13,6,0,NA,NA,NA,NA,NA,136420226.13,"WEAK_HOLD",2026-04-22
709,"ACI","ARCHEAN CHEMICAL IND LTD","MICRO_CAP",591.05,-1.39,-2.8,-3.45,44,49.7,"STRONG_BULLISH",3.96,3,10,0,10,10,10,10,10,103373158.1,"WEAK_HOLD",2026-04-22
725,"SHAREINDIA","SHARE IND. SECURITIES LTD","MICRO_CAP",150.67,2.78,2.36,28.06,44,65.8,"BEARISH",3.44,6,11,0,NA,NA,NA,NA,NA,92261441.18,"WEAK_HOLD",2026-04-22
859,"DYCL","DYNAMIC CABLES LIMITED","MICRO_CAP",348.39,-0.21,10.66,37.57,44,74.6,"BULLISH",16.67,13,6,0,NA,NA,NA,NA,NA,43434622.73,"WEAK_HOLD",2026-04-22
865,"DENTA","DENTA WATER N INFRA SOL L","MICRO_CAP",304,0.41,6.93,34.33,44,72.2,"BULLISH",15.95,13,6,0,NA,NA,NA,NA,NA,41937804.52,"WEAK_HOLD",2026-04-22
939,"SETL","SETL","MICRO_CAP",137.76,0.31,2.58,24.73,44,64.7,"BULLISH",13,11,8,0,NA,NA,NA,NA,NA,17228531.83,"WEAK_HOLD",2026-04-22
56,"BAJFINANCE","BAJAJ FINANCE LIMITED","MID_CAP",934.75,-0.44,2.37,15.03,43.3,57.3,"BEARISH",1.2,6,10,15,51.99,50.65,47,55.53,59.17,5394931382.85,"WEAK_HOLD",2026-04-22
175,"SCI","SHIPPING CORP OF INDIA LT","SMALL_CAP",297.89,-0.9,17.59,35.93,43.3,71.3,"BULLISH",35.95,15,2,0,NA,NA,NA,NA,NA,1827208516.66,"WEAK_HOLD",2026-04-22
319,"SUDARSCHEM","SUDARSHAN CHEMICAL INDS L","MICRO_CAP",910.85,6.96,11.7,19.88,43.3,62.8,"BEARISH",1.26,7,16,0,NA,NA,NA,NA,NA,667709826.5,"WEAK_HOLD",2026-04-22
396,"ABREL","ADITYA BIRLA REAL EST LTD","MICRO_CAP",1413.9,-1.06,0.26,27.31,43.3,66.6,"BEARISH",20.17,13,8,0,10,10,10,10,10,430059960.5,"WEAK_HOLD",2026-04-22
424,"JUNIORBEES","NIP IND ETF JUNIOR BEES","MICRO_CAP",768.27,0.74,4.01,16.02,43.3,68.8,"BEARISH",7.42,8,13,0,NA,NA,NA,NA,NA,382316109.69,"WEAK_HOLD",2026-04-22
489,"RAYMOND","RAYMOND LTD","MICRO_CAP",455.2,1.71,8.36,30.97,43.3,74.6,"BEARISH",13.14,12,4,0,NA,NA,NA,NA,NA,278487398.95,"WEAK_HOLD",2026-04-22
578,"KSHINTL","KSHINTL","MICRO_CAP",596.65,-0.86,11.94,37.19,43.3,75,"BULLISH",69.55,15,6,0,NA,NA,NA,NA,NA,179713395.7,"WEAK_HOLD",2026-04-22
633,"UTLSOLAR","UTLSOLAR","MICRO_CAP",259.78,-1.3,8.48,35.66,43.3,78.5,"BULLISH",27.73,15,6,0,NA,NA,NA,NA,NA,142230874.86,"WEAK_HOLD",2026-04-22
669,"OPTIEMUS","OPTIEMUS INFRACOM LTD","MICRO_CAP",427.55,5.54,7.84,32.18,43.3,67.3,"BEARISH",1.12,7,14,0,NA,NA,NA,NA,NA,122729044.75,"WEAK_HOLD",2026-04-22
677,"NAVKARCORP","NAVKAR CORPORATION LTD.","MICRO_CAP",107.03,-1.63,4.17,33.37,43.3,66.1,"BEARISH",11.78,12,6,0,NA,NA,NA,NA,NA,121573342.05,"WEAK_HOLD",2026-04-22
738,"RAMRAT","RAM RATNA WIRES LIMITED","MICRO_CAP",387.65,-0.51,12.07,29.89,43.3,70.1,"BULLISH",34.53,15,6,0,NA,NA,NA,NA,NA,88165188,"WEAK_HOLD",2026-04-22
807,"PRSMJOHNSN","PRISM JOHNSON LIMITED","MICRO_CAP",133.23,-1.06,6.23,6.58,43.3,66.2,"BULLISH",11.32,9,6,0,NA,NA,NA,NA,NA,59581591.03,"WEAK_HOLD",2026-04-22
68,"SHRIRAMFIN","SHRIRAM FINANCE LIMITED","MID_CAP",1044.55,-0.07,2.31,19.01,42.7,58.1,"BULLISH",8.74,6,10,0,NA,NA,NA,NA,NA,4586043623.1,"WEAK_HOLD",2026-04-22
104,"ADANIPORTS","ADANI PORT & SEZ LTD","MID_CAP",1588.6,-0.35,5.08,21.86,42.7,68,"BULLISH",5.48,8,10,0,10,10,10,10,10,3053928897.5,"WEAK_HOLD",2026-04-22
286,"EMMVEE","EMMVEE","SMALL_CAP",264.68,1.29,3.11,21.32,42.7,71,"BULLISH",31.07,15,5,0,NA,NA,NA,NA,NA,816215846.33,"WEAK_HOLD",2026-04-22
391,"CANHLIFE","CANHLIFE","MICRO_CAP",143.4,-0.24,-2.1,1.69,42.7,45.4,"BULLISH",2.33,6,8,0,NA,NA,NA,NA,NA,439759932.74,"WEAK_HOLD",2026-04-22
420,"RRKABEL","R R KABEL LIMITED","MICRO_CAP",1463.3,0.39,5.12,11.18,42.7,58.6,"BULLISH",4.55,3,13,0,NA,NA,NA,NA,NA,385701408.2,"WEAK_HOLD",2026-04-22
422,"JBMA","JBM AUTO LIMITED","MICRO_CAP",628.95,0.47,0.13,16.32,42.7,63.3,"BULLISH",9.36,9,8,0,NA,NA,NA,NA,NA,382774747.3,"WEAK_HOLD",2026-04-22
513,"OSWALPUMPS","OSWAL PUMPS LIMITED","MICRO_CAP",421.2,2.25,7.53,42.15,42.7,69.1,"BULLISH",10.7,11,6,0,NA,NA,NA,NA,NA,251104459.95,"WEAK_HOLD",2026-04-22
577,"NELCO","NELCO LTD","MICRO_CAP",703.85,-1.58,6.47,30.84,42.7,66,"BEARISH",10.87,11,6,0,NA,NA,NA,NA,NA,180351735.85,"WEAK_HOLD",2026-04-22
636,"NIACL","THE NEW INDIA ASSU CO LTD","MICRO_CAP",162.8,-0.55,-5.51,30.61,42.7,65.2,"BEARISH",13.26,11,6,0,NA,NA,NA,NA,NA,139591237.45,"WEAK_HOLD",2026-04-22
652,"ABLBL","ADITYA BIRLA LIFES BRAN L","MICRO_CAP",109.12,2.52,1.78,19.32,42.7,64.4,"BEARISH",-2.09,5,18,0,23.05,29.29,18,26.67,10,132334620.55,"WEAK_HOLD",2026-04-22
662,"REPCOHOME","REPCO HOME FINANCE LTD","MICRO_CAP",423.65,2.08,9.68,25.86,42.7,69.1,"BEARISH",6.53,9,8,0,NA,NA,NA,NA,NA,126118219.5,"WEAK_HOLD",2026-04-22
733,"EGOLD","EDELAMC - EGOLD","MICRO_CAP",151.2,-0.1,-0.23,12.71,42.7,51.8,"BULLISH",-0.3,6,10,0,NA,NA,NA,NA,NA,89452401.8,"WEAK_HOLD",2026-04-22
772,"ICICIB22","ICICIPRAMC - BHARATIWIN","MICRO_CAP",125.76,0.16,1.53,10.96,42.7,64.8,"BULLISH",6.65,6,12,0,NA,NA,NA,NA,NA,71870577.73,"WEAK_HOLD",2026-04-22
805,"SUVEN","SUVEN LIFE SCIENCES LTD","MICRO_CAP",212.62,1.01,10.79,67.88,42.7,81.5,"BULLISH",29.03,15,6,0,NA,NA,NA,NA,NA,59771848.96,"WEAK_HOLD",2026-04-22
815,"SAATVIKGL","SAATVIKGL","MICRO_CAP",465.25,0.74,-1.03,29.52,42.7,70.6,"BULLISH",10.6,11,6,0,NA,NA,NA,NA,NA,55818125.35,"WEAK_HOLD",2026-04-22
831,"MEIL","MANGAL ELECTRICAL IND L","MICRO_CAP",313.58,-1.58,9.49,43.63,42.7,71,"BULLISH",18.4,13,4,0,NA,NA,NA,NA,NA,51455222.05,"WEAK_HOLD",2026-04-22
895,"MAFANG","MIRAEAMC - MAFANG","MICRO_CAP",173.94,-0.71,6.37,10.05,42.7,68.6,"BULLISH",9.08,6,6,0,NA,NA,NA,NA,NA,33110000.82,"WEAK_HOLD",2026-04-22
36,"COFORGE","COFORGE LIMITED","LARGE_CAP",1235.8,-4.41,-3.66,12.3,42,49.5,"BEARISH",-19.27,8,10,15,54.71,51.3,53,58.18,62,7763066959.5,"WEAK_HOLD",2026-04-22
91,"HAL","HINDUSTAN AERONAUTICS LTD","MID_CAP",4400.6,0.97,3.81,21.08,42,69.8,"BEARISH",8.51,8,11,0,NA,NA,NA,NA,NA,3495544723.4,"WEAK_HOLD",2026-04-22
122,"GRASIM","GRASIM INDUSTRIES LTD","MID_CAP",2776.6,-0.04,1.28,9.7,42,57.5,"BEARISH",1.76,4,12,0,NA,NA,NA,NA,NA,2569471009.7,"WEAK_HOLD",2026-04-22
124,"UNITDSPR","UNITED SPIRITS LIMITED","MID_CAP",1392.8,2.19,11.21,9.22,42,64.4,"BEARISH",6.72,7,4,0,NA,NA,NA,NA,NA,2550507416.4,"WEAK_HOLD",2026-04-22
208,"DIVISLAB","DIVI S LABORATORIES LTD","SMALL_CAP",6285.5,-0.01,1.75,4.52,42,60.2,"BEARISH",7.98,6,8,0,NA,NA,NA,NA,NA,1425917010,"WEAK_HOLD",2026-04-22
352,"AEQUS","AEQUS","MICRO_CAP",189.04,-0.69,26.57,57.36,42,79.8,"BULLISH",38.83,15,4,0,NA,NA,NA,NA,NA,528685418.32,"WEAK_HOLD",2026-04-22
390,"VIKRAMSOLR","VIKRAM SOLAR LIMITED","MICRO_CAP",223.8,0.97,0.66,17.89,42,64.6,"BULLISH",7.48,8,11,0,NA,NA,NA,NA,NA,449038822.12,"WEAK_HOLD",2026-04-22
434,"RKFORGE","RAMKRISHNA FORGINGS LTD","MICRO_CAP",556.95,0.51,3.81,20.37,42,59.6,"BULLISH",3.46,5,10,0,NA,NA,NA,NA,NA,357007970.8,"WEAK_HOLD",2026-04-22
478,"PHOENIXLTD","THE PHOENIX MILLS LTD","MICRO_CAP",1809.4,0.13,1.53,22.47,42,67,"BEARISH",9.41,9,10,0,NA,NA,NA,NA,NA,287745691.3,"WEAK_HOLD",2026-04-22
504,"PTC","PTC INDIA LIMITED","MICRO_CAP",186.52,-0.19,6.36,17.24,42,65.9,"STRONG_BULLISH",6.8,8,6,0,NA,NA,NA,NA,NA,259502434.17,"WEAK_HOLD",2026-04-22
524,"EIDPARRY","EID PARRY INDIA LTD","MICRO_CAP",872.5,2.51,0.72,13.93,42,58.9,"BEARISH",-0.16,4,20,0,NA,NA,NA,NA,NA,239815346.9,"WEAK_HOLD",2026-04-22
536,"GOLDIAM","GOLDIAM INTERNATIONAL LTD","MICRO_CAP",403.85,-1.86,5.31,43.23,42,70.2,"BEARISH",15.8,13,6,0,NA,NA,NA,NA,NA,226357237.65,"WEAK_HOLD",2026-04-22
597,"SENCO","SENCO GOLD LIMITED","MICRO_CAP",329.9,-0.89,1.1,15.77,42,58.8,"BEARISH",9.96,9,10,0,NA,NA,NA,NA,NA,168340148.85,"WEAK_HOLD",2026-04-22
601,"MGL","MAHANAGAR GAS LTD.","MICRO_CAP",1147.25,0.91,6.51,26.29,42,70.5,"BEARISH",10.66,11,8,0,NA,NA,NA,NA,NA,165126111.3,"WEAK_HOLD",2026-04-22
609,"VSTIND","VST INDUSTRIES LTD","MICRO_CAP",263.87,1.48,10.77,24.57,42,71.8,"BEARISH",19.56,13,6,0,NA,NA,NA,NA,NA,162281175.63,"WEAK_HOLD",2026-04-22
675,"REFEX","REFEX INDUSTRIES LIMITED","MICRO_CAP",260.75,1.55,8.66,37.88,42,72.8,"BEARISH",14.17,13,6,0,NA,NA,NA,NA,NA,121929686.49,"WEAK_HOLD",2026-04-22
829,"SURAJEST","SURAJ ESTATE DEVELOPERS L","MICRO_CAP",247.38,2.15,8.88,29.59,42,69.3,"BEARISH",8.12,8,11,0,NA,NA,NA,NA,NA,51596553.99,"WEAK_HOLD",2026-04-22
874,"GREENPLY","GREENPLY INDUSTRIES LTD","MICRO_CAP",242.46,1.83,12.58,33.85,42,70.5,"BEARISH",12.91,11,8,0,NA,NA,NA,NA,NA,39919818.85,"WEAK_HOLD",2026-04-22
897,"EKC","EVEREST KANTO CYLINDERLTD","MICRO_CAP",115.84,-0.9,-1.99,15.57,42,57.8,"BEARISH",5.02,8,8,0,NA,NA,NA,NA,NA,32846011.29,"WEAK_HOLD",2026-04-22
184,"TORNTPHARM","TORRENT PHARMACEUTICALS L","SMALL_CAP",4084.6,-1.24,-1.8,-3.07,41.3,42.2,"BEARISH",5.68,3,12,0,NA,NA,NA,NA,NA,1692214160.1,"WEAK_HOLD",2026-04-22
200,"SWSOLAR","STRLNG & WIL REN ENE LTD","SMALL_CAP",218.65,4.36,15.87,37.88,41.3,70.9,"BEARISH",14.49,14,4,0,NA,NA,NA,NA,NA,1487011218.53,"WEAK_HOLD",2026-04-22
224,"VOLTAS","VOLTAS LTD","SMALL_CAP",1481.6,1.67,5.66,18.41,41.3,63.8,"BULLISH",8.53,6,8,0,NA,NA,NA,NA,NA,1283331499.7,"WEAK_HOLD",2026-04-22
225,"VMM","VISHAL MEGA MART LIMITED","SMALL_CAP",124.56,1.03,6.14,24.96,41.3,66,"BEARISH",7.37,8,10,0,NA,NA,NA,NA,NA,1268914578.58,"WEAK_HOLD",2026-04-22
389,"JSL","JINDAL STAINLESS LIMITED","MICRO_CAP",784.5,-0.62,0.37,12.76,41.3,59.2,"BEARISH",4.47,6,12,0,NA,NA,NA,NA,NA,451264119.1,"WEAK_HOLD",2026-04-22
392,"IIFLCAPS","IIFL CAPITAL SERVICES LTD","MICRO_CAP",324.25,-1.74,9.24,27.13,41.3,64.7,"BEARISH",0.85,9,4,0,NA,NA,NA,NA,NA,438119741.58,"WEAK_HOLD",2026-04-22
452,"PCBL","PCBL CHEMICAL LIMITED","MICRO_CAP",290.12,1.57,3.55,24.97,41.3,60.7,"BEARISH",6.78,8,15,0,NA,NA,NA,NA,NA,332101123.73,"WEAK_HOLD",2026-04-22
453,"SHADOWFAX","SHADOWFAX","MICRO_CAP",158.7,2.74,10.93,41.98,41.3,83.9,"BULLISH",40.88,16,6,0,NA,NA,NA,NA,NA,332029436.95,"WEAK_HOLD",2026-04-22
459,"NH","NARAYANA HRUDAYALAYA LTD.","MICRO_CAP",1811.3,0.4,0.76,11.49,41.3,60.6,"BEARISH",7.03,6,15,0,NA,NA,NA,NA,NA,323368814,"WEAK_HOLD",2026-04-22
460,"HDFCSML250","HDFCAMC - HDFCSML250","MICRO_CAP",168,0.94,4.11,16.94,41.3,69.1,"BEARISH",7.91,8,10,0,NA,NA,NA,NA,NA,323038734.36,"WEAK_HOLD",2026-04-22
559,"PSUBNKBEES","NIP IND ETF PSU BANK BEES","MICRO_CAP",100.3,0.14,2.23,9.53,41.3,57.7,"BULLISH",5.68,6,10,0,NA,NA,NA,NA,NA,194868549.21,"WEAK_HOLD",2026-04-22
651,"RHIM","RHI MAGNESITA INDIA LTD","MICRO_CAP",414.15,1.01,4.72,21.59,41.3,63.2,"BEARISH",-2.85,6,15,0,NA,NA,NA,NA,NA,132612694.65,"WEAK_HOLD",2026-04-22
702,"BOMDYEING","BOMBAY DYEING & MFG. CO L","MICRO_CAP",115.97,1.97,2.1,20.83,41.3,60.7,"BEARISH",-4.34,5,8,15,58.79,65.78,54.6,53.64,54,111897228.24,"WEAK_HOLD",2026-04-22
730,"AJAXENGG","AJAX ENGINEERING LIMITED","MICRO_CAP",525.3,0.96,5.43,15.65,41.3,65.3,"BEARISH",6.3,7,6,0,10,10,10,10,10,90195682,"WEAK_HOLD",2026-04-22
767,"THELEELA","SCHLOSS BANGALORE LIMITED","MICRO_CAP",432.55,-0.53,0.63,9.85,41.3,57.1,"BULLISH",1.57,4,12,0,NA,NA,NA,NA,NA,75570918.55,"WEAK_HOLD",2026-04-22
778,"THYROCARE","THYROCARE TECH LTD","MICRO_CAP",395.6,2.09,-0.73,5.97,41.3,55.3,"BEARISH",3.81,6,15,0,NA,NA,NA,NA,NA,68132021.15,"WEAK_HOLD",2026-04-22
788,"PICCADIL","PICCADILY AGRO INDUSTRI L","MICRO_CAP",607.9,0.72,6.71,15.49,41.3,67.4,"BEARISH",8.02,8,10,0,NA,NA,NA,NA,NA,64316673.05,"WEAK_HOLD",2026-04-22
844,"SSWL","STEEL STRIPS WHEELS LTD.","MICRO_CAP",216.28,-0.52,0.7,19.62,41.3,62.5,"BULLISH",3.72,6,8,0,NA,NA,NA,NA,NA,48542818.04,"WEAK_HOLD",2026-04-22
916,"AMANTA","AMANTA","MICRO_CAP",135.68,-1.01,12.1,40.73,41.3,80.9,"BULLISH",30.15,15,4,0,NA,NA,NA,NA,NA,25328690.67,"WEAK_HOLD",2026-04-22
924,"HUHTAMAKI","HUHTAMAKI INDIA LIMITED","MICRO_CAP",189.97,0.12,2.43,23.68,41.3,64.5,"BEARISH",7.05,8,8,0,NA,NA,NA,NA,NA,22080369.62,"WEAK_HOLD",2026-04-22
10,"SBIN","STATE BANK OF INDIA","LARGE_CAP",1103.3,-0.77,2.97,6.92,40.7,56.9,"BULLISH",7.45,6,10,0,NA,NA,NA,NA,NA,13724965676.75,"WEAK_HOLD",2026-04-22
240,"FIVESTAR","FIVE-STAR BUS FIN LTD","SMALL_CAP",501,-0.87,11.26,44.26,40.7,73.7,"BEARISH",12.7,11,6,0,NA,NA,NA,NA,NA,1128771907.3,"WEAK_HOLD",2026-04-22
274,"TRITURBINE","TRIVENI TURBINE LIMITED","SMALL_CAP",570.9,0.14,20.88,31.17,40.7,76.9,"BEARISH",16.31,13,4,0,NA,NA,NA,NA,NA,921048251.1,"WEAK_HOLD",2026-04-22
412,"MUTHOOTMF","MUTHOOT MICROFIN LIMITED","MICRO_CAP",189.52,-2.2,5.55,27.62,40.7,65.2,"BEARISH",8.67,9,8,0,NA,NA,NA,NA,NA,401732052.01,"WEAK_HOLD",2026-04-22
469,"MIDHANI","MISHRA DHATU NIGAM LTD","MICRO_CAP",385.9,1.57,10.68,31.33,40.7,71.5,"BEARISH",10.76,11,6,0,NA,NA,NA,NA,NA,303092220.95,"WEAK_HOLD",2026-04-22
490,"DALBHARAT","DALMIA BHARAT LIMITED","MICRO_CAP",1992.8,0.14,0.92,14.13,40.7,58,"BEARISH",-2.77,3,12,20,68.15,73.7,76,57.73,54.17,278480138.2,"WEAK_HOLD",2026-04-22
681,"GKENERGY","GKENERGY","MICRO_CAP",129.81,-0.12,7.94,32.3,40.7,71,"BEARISH",23.87,14,6,0,NA,NA,NA,NA,NA,120606814.98,"WEAK_HOLD",2026-04-22
741,"ARVINDFASN","ARVIND FASHIONS LIMITED","MICRO_CAP",471.8,-0.73,-2.34,24.63,40.7,60.1,"BEARISH",-1.71,5,8,15,50.43,47.61,47,55.45,57,85726676.7,"WEAK_HOLD",2026-04-22
760,"SFL","SHEELA FOAM LIMITED","MICRO_CAP",564.5,3.73,5.19,16.16,40.7,62.6,"BEARISH",-1.96,4,18,0,NA,NA,NA,NA,NA,78825139.8,"WEAK_HOLD",2026-04-22
817,"VESUVIUS","VESUVIUS INDIA LTD","MICRO_CAP",502.6,0.82,3.18,9.08,40.7,60.2,"BULLISH",6.48,6,9,0,NA,NA,NA,NA,NA,55613451.6,"WEAK_HOLD",2026-04-22
857,"PRECAM","PRECISION CAMSHAFTS LTD.","MICRO_CAP",157.05,1.39,1.42,44.49,40.7,68.4,"BEARISH",9.03,8,9,0,NA,NA,NA,NA,NA,43720591.94,"WEAK_HOLD",2026-04-22
163,"GODREJCP","GODREJ CONSUMER PRODUCTS","SMALL_CAP",1139.55,1.29,4.98,13.68,40,62.8,"BEARISH",2.76,6,10,0,NA,NA,NA,NA,NA,1985006610.4,"WEAK_HOLD",2026-04-22
259,"LTF","L&T FINANCE LIMITED","SMALL_CAP",294.04,0.73,4.64,18.73,40,63.4,"BEARISH",6.58,8,10,0,NA,NA,NA,NA,NA,986126756.48,"WEAK_HOLD",2026-04-22
285,"MOTILALOFS","MOTILAL OSWAL FIN LTD","SMALL_CAP",811.2,-1.22,2.54,29.13,40,62.9,"BEARISH",7.05,8,8,0,NA,NA,NA,NA,NA,818901018.55,"WEAK_HOLD",2026-04-22
335,"INOXGREEN","INOX GREEN ENERGY SER LTD","MICRO_CAP",178.26,3.08,8.52,32.03,40,67.3,"BEARISH",3.06,6,8,0,NA,NA,NA,NA,NA,574312260.22,"WEAK_HOLD",2026-04-22
473,"TI","TILAKNAGAR INDUSTRIES LTD","MICRO_CAP",476.55,0.56,10.74,14.28,40,64.3,"BEARISH",9.87,7,9,0,NA,NA,NA,NA,NA,297062421.55,"WEAK_HOLD",2026-04-22
496,"ZYDUSLIFE","ZYDUS LIFESCIENCES LTD","MICRO_CAP",929.9,0.14,-0.66,8.05,40,58.2,"BEARISH",6.88,6,12,0,NA,NA,NA,NA,NA,269895319.15,"WEAK_HOLD",2026-04-22
558,"IGARASHI","IGARASHI MOTORS INDIA LTD","MICRO_CAP",360.55,6.66,3.27,20.97,40,62.4,"BEARISH",-8.44,10,16,0,NA,NA,NA,NA,NA,194870611.2,"WEAK_HOLD",2026-04-22
567,"JSWINFRA","JSW INFRASTRUCTURE LTD","MICRO_CAP",277.8,0.46,2.58,15.13,40,62.3,"BEARISH",8.46,6,10,0,NA,NA,NA,NA,NA,186008900.46,"WEAK_HOLD",2026-04-22
670,"MID150BEES","NIP IND ETF MIDCAP 150","MICRO_CAP",229.34,0.35,2.49,13.82,40,65.6,"BEARISH",5.37,6,12,0,NA,NA,NA,NA,NA,122313333.23,"WEAK_HOLD",2026-04-22
700,"GNFC","GUJ NAR VAL FER & CHEM L","MICRO_CAP",488.5,1.08,8.47,27.4,40,69.2,"BEARISH",8.32,8,8,0,NA,NA,NA,NA,NA,113049169.8,"WEAK_HOLD",2026-04-22
783,"UNICHEMLAB","UNICHEM LABORATORIES LTD","MICRO_CAP",370,6.75,6.64,23.07,40,68.9,"BEARISH",-7.21,10,16,0,NA,NA,NA,NA,NA,65939874,"WEAK_HOLD",2026-04-22
858,"JASH","JASH ENGINEERING LIMITED","MICRO_CAP",415.45,1.75,5.91,20.67,40,62.1,"BEARISH",6.12,8,10,0,NA,NA,NA,NA,NA,43546539.95,"WEAK_HOLD",2026-04-22
201,"KARURVYSYA","KARUR VYSYA BANK LTD","SMALL_CAP",300.45,3.35,7.36,15.05,39.3,58.4,"BULLISH",-1.14,6,10,0,NA,NA,NA,NA,NA,1480460457.75,"WEAK_HOLD",2026-04-22
257,"NAVINFLUOR","NAVIN FLUORINE INT. LTD","SMALL_CAP",6267,-1.67,0.72,6.46,39.3,52.2,"BULLISH",3.09,2,12,0,NA,NA,NA,NA,NA,989187092.5,"WEAK_HOLD",2026-04-22
309,"NUVAMA","NUVAMA WEALTH MANAGE LTD","MICRO_CAP",1371.7,-1.42,2.32,23.51,39.3,60,"BEARISH",2.71,7,8,0,NA,NA,NA,NA,NA,710816779.7,"WEAK_HOLD",2026-04-22
394,"PPLPHARMA","PIRAMAL PHARMA LIMITED","MICRO_CAP",153.81,1.99,3.58,15.41,39.3,61.2,"BEARISH",-0.99,5,15,0,NA,NA,NA,NA,NA,432235668.97,"WEAK_HOLD",2026-04-22
613,"UNIMECH","UNIMECH AEROSPACE N MFG L","MICRO_CAP",998.3,5.28,9.27,30.39,39.3,71.1,"BEARISH",4.26,6,12,0,NA,NA,NA,NA,NA,159240010.25,"WEAK_HOLD",2026-04-22
676,"AARTIPHARM","AARTI PHARMALABS LIMITED","MICRO_CAP",693.95,-1.8,-1.24,12.36,39.3,54.4,"BEARISH",-6.49,3,10,15,55.42,55.53,57,59.77,46.67,121575118.8,"WEAK_HOLD",2026-04-22
785,"INDIQUBE","INDIQUBE SPACES LIMITED","MICRO_CAP",166.68,1.65,7.83,22.96,39.3,62.1,"BEARISH",-1.07,10,13,0,NA,NA,NA,NA,NA,64952692.18,"WEAK_HOLD",2026-04-22
908,"PRINCEPIPE","PRINCE PIPES FITTINGS LTD","MICRO_CAP",263.13,1.51,5.81,17.73,39.3,64.1,"BEARISH",9.26,7,8,0,NA,NA,NA,NA,NA,28422238.26,"WEAK_HOLD",2026-04-22
934,"JAYKAY","JAYKAY","MICRO_CAP",163.91,2.87,3.42,32.05,39.3,63.5,"NEUTRAL",1.03,6,14,0,NA,NA,NA,NA,NA,18402747.68,"WEAK_HOLD",2026-04-22
8,"TECHM","TECH MAHINDRA LIMITED","LARGE_CAP",1462.6,-2.55,-1.43,5.68,38.7,52.8,"BULLISH",-6.94,8,12,0,NA,NA,NA,NA,NA,16953043260.7,"WEAK_HOLD",2026-04-22
28,"SUNTECK","SUNTECK REALTY LIMITED","LARGE_CAP",357.85,4.91,8.88,24.38,38.7,61.3,"BEARISH",-9.77,10,14,0,NA,NA,NA,NA,NA,8753645818.25,"WEAK_HOLD",2026-04-22
142,"IRFC","INDIAN RAILWAY FIN CORP L","MID_CAP",105.82,2.13,4.03,18.3,38.7,61.3,"BEARISH",-4.62,6,18,0,NA,NA,NA,NA,NA,2303134562.7,"WEAK_HOLD",2026-04-22
154,"BANKBARODA","BANK OF BARODA","SMALL_CAP",282.77,-0.45,1.33,6.34,38.7,54.5,"BEARISH",1.38,2,10,15,53.65,55.48,47,57.94,54.17,2119162960.06,"WEAK_HOLD",2026-04-22
183,"LIQUIDCASE","ZERODHAAMC - LIQUIDCASE","SMALL_CAP",113.72,0.02,0.09,0.41,38.7,100,"STRONG_BULLISH",5.15,4,12,0,NA,NA,NA,NA,NA,1695494096.43,"WEAK_HOLD",2026-04-22
325,"TEJASNET","TEJAS NETWORKS LIMITED","MICRO_CAP",407.95,0.25,-9.31,1.78,38.7,45.3,"BULLISH",21.03,8,6,0,NA,NA,NA,NA,NA,636430156.65,"WEAK_HOLD",2026-04-22
461,"WELSPUNLIV","WELSPUN LIVING LIMITED","MICRO_CAP",133.37,0.6,6.9,21.3,38.7,66.9,"BEARISH",-3.64,6,10,0,NA,NA,NA,NA,NA,321101202.95,"WEAK_HOLD",2026-04-22
535,"JMFINANCIL","JM FINANCIAL LIMITED","MICRO_CAP",133.83,0.28,-0.97,13.74,38.7,57.1,"BEARISH",5.96,6,13,0,NA,NA,NA,NA,NA,227073730.9,"WEAK_HOLD",2026-04-22
590,"LIQUIDBETF","BFAM - LIQUIDBETF","MICRO_CAP",1078.37,0.01,0.08,0.41,38.7,100,"STRONG_BULLISH",5.14,4,12,0,NA,NA,NA,NA,NA,173611452.68,"WEAK_HOLD",2026-04-22
643,"SURYAROSNI","SURYA ROSHNI LTD","MICRO_CAP",242.35,2.08,3,22.4,38.7,64.6,"BEARISH",-1.32,6,16,0,NA,NA,NA,NA,NA,134238333.74,"WEAK_HOLD",2026-04-22
666,"CASHIETF","ICICIPRAMC - CASHIETF","MICRO_CAP",1058.8,0.01,0.09,0.4,38.7,99.9,"STRONG_BULLISH",5.16,4,12,0,10,10,10,10,10,124383788.7,"WEAK_HOLD",2026-04-22
699,"TEMBO","TEMBO GLOBAL IND LTD","MICRO_CAP",619.7,-0.86,5.41,26.31,38.7,72.7,"BEARISH",9.97,9,8,0,NA,NA,NA,NA,NA,113073699.15,"WEAK_HOLD",2026-04-22
731,"ZUARI","ZUARI AGRO CHEMICALS LTD","MICRO_CAP",244.16,5,6.75,31.45,38.7,67.9,"BEARISH",-9,8,16,0,NA,NA,NA,NA,NA,90049324.34,"WEAK_HOLD",2026-04-22
795,"SPARC","SUN PHARMA ADV.RES.CO.LTD","MICRO_CAP",143.54,-0.35,-4.8,32.04,38.7,58.1,"BULLISH",5.74,8,6,0,NA,NA,NA,NA,NA,63204713.89,"WEAK_HOLD",2026-04-22
826,"EUROPRATIK","EUROPRATIK","MICRO_CAP",266.66,2.29,11.6,26.47,38.7,69,"BEARISH",5.97,8,6,0,NA,NA,NA,NA,NA,52952253.59,"WEAK_HOLD",2026-04-22
832,"AGARWALEYE","DR AGARWALS HEALTH CARE L","MICRO_CAP",461.15,0.81,3.29,9.75,38.7,65.1,"BEARISH",6.56,6,13,0,10,10,10,10,10,51404450.1,"WEAK_HOLD",2026-04-22
909,"GROWWLIQID","GROWWAMC - GROWWLIQID","MICRO_CAP",108.74,0.02,0.09,0.39,38.7,100,"STRONG_BULLISH",5.11,4,12,0,NA,NA,NA,NA,NA,27478196.41,"WEAK_HOLD",2026-04-22
42,"360ONE","360 ONE WAM LIMITED","LARGE_CAP",1054.9,-4.82,-0.1,7.05,38,52.9,"BEARISH",-5.38,6,8,10,44.42,50.65,47,54.55,10,6308165352.5,"WEAK_HOLD",2026-04-22
97,"PINELABS","PINELABS","MID_CAP",197.75,1.09,7.58,23.1,38,67.1,"NEUTRAL",-8.01,10,13,0,NA,NA,NA,NA,NA,3233906940.77,"WEAK_HOLD",2026-04-22
271,"BIOCON","BIOCON LIMITED.","SMALL_CAP",357.8,-1.02,2.13,-2.55,38,46.7,"STRONG_BEARISH",1.24,1,10,15,58.99,60.43,56,56.82,63,932526465.65,"WEAK_HOLD",2026-04-22
320,"LIQUID","MIRAEAMC - LIQUID","MICRO_CAP",999.99,0,0,0,38,48.1,"STRONG_BULLISH",4.16,4,6,0,NA,NA,NA,NA,NA,659648241.93,"WEAK_HOLD",2026-04-22
343,"APLAPOLLO","APL APOLLO TUBES LTD","MICRO_CAP",2121.9,0.73,3.94,12.04,38,57.6,"BULLISH",1.75,4,12,0,10,10,10,10,10,557501259.6,"WEAK_HOLD",2026-04-22
355,"GOLD1","KOTAK GOLD ETF","MICRO_CAP",126,-0.25,-0.4,13.28,38,51.4,"BULLISH",0.59,2,10,0,NA,NA,NA,NA,NA,525162436.96,"WEAK_HOLD",2026-04-22
375,"SOBHA","SOBHA LIMITED","MICRO_CAP",1387.4,1.26,5.04,15.65,38,62.5,"BEARISH",-3.32,8,10,0,NA,NA,NA,NA,NA,471546035.4,"WEAK_HOLD",2026-04-22
481,"MOIL","MOIL LIMITED","MICRO_CAP",326.2,1.23,5.57,14.36,38,64.5,"BULLISH",2.25,6,11,0,NA,NA,NA,NA,NA,286134225.85,"WEAK_HOLD",2026-04-22
499,"GRMOVER","GRM OVERSEAS LIMITED","MICRO_CAP",163.68,0.24,-1.17,7.6,38,53.2,"BULLISH",2.14,4,12,0,NA,NA,NA,NA,NA,265987678.22,"WEAK_HOLD",2026-04-22
556,"RAJRATAN","RAJRATAN GLOBAL WIRE LTD","MICRO_CAP",416.55,-5.1,-0.8,19.97,38,55.7,"BEARISH",-3.48,10,8,0,NA,NA,NA,NA,NA,199896611.8,"WEAK_HOLD",2026-04-22
622,"AURIONPRO","AURIONPRO SOLN LTD","MICRO_CAP",887.35,-0.82,-1.62,14.75,38,55,"BEARISH",-2.1,3,8,15,51.69,51.19,51,57.05,47,153512732.15,"WEAK_HOLD",2026-04-22
630,"DBREALTY","VALOR ESTATE LIMITED","MICRO_CAP",108.7,0.75,-1.04,19.41,38,58.8,"BEARISH",-10.73,5,8,25,72.04,73.48,94,57.5,51,142897031.45,"WEAK_HOLD",2026-04-22
751,"BATAINDIA","BATA INDIA LTD","MICRO_CAP",774.3,1.57,4.57,23.74,38,65.5,"BEARISH",-5.85,5,11,20,69.28,71.96,76,60.23,63,82021806.6,"WEAK_HOLD",2026-04-22
38,"ITC","ITC LTD","LARGE_CAP",305.5,-1.34,1.14,5.18,37.3,51.8,"BEARISH",1.5,3,12,0,NA,NA,NA,NA,NA,7506809236,"WEAK_HOLD",2026-04-22
101,"RVNL","RAIL VIKAS NIGAM LIMITED","MID_CAP",307.41,2.86,7.09,22.84,37.3,63.8,"BEARISH",-0.07,6,16,0,NA,NA,NA,NA,NA,3119554095.24,"WEAK_HOLD",2026-04-22
304,"IRCON","IRCON INTERNATIONAL LTD","MICRO_CAP",155.6,1.61,10.07,35.02,37.3,67.3,"BEARISH",3,6,11,0,NA,NA,NA,NA,NA,720388658.55,"WEAK_HOLD",2026-04-22
514,"AIIL","AUTHUM INVEST & INFRA LTD","MICRO_CAP",484.8,3,8.86,0.89,37.3,51.3,"STRONG_BEARISH",0.52,2,16,0,10,10,10,10,10,247710048.6,"WEAK_HOLD",2026-04-22
518,"CREDITACC","CREDITACCESS GRAMEEN LTD","MICRO_CAP",1260.8,-0.21,2.12,11.09,37.3,59.4,"BEARISH",-1.39,3,12,15,53.16,50.22,47,57.11,66,245651663.3,"WEAK_HOLD",2026-04-22
579,"BHARTIHEXA","BHARTI HEXACOM LIMITED","MICRO_CAP",1550.1,-0.46,0.6,-1.62,37.3,50.3,"BEARISH",0.36,1,12,15,53.93,52.39,51,56.14,60,179642100.1,"WEAK_HOLD",2026-04-22
739,"RAYMONDREL","RAYMOND REALTY LIMITED","MICRO_CAP",472.2,1.23,9.23,26.05,37.3,64.5,"BEARISH",3,6,13,0,NA,NA,NA,NA,NA,87202992.55,"WEAK_HOLD",2026-04-22
759,"LXCHEM","LAXMI ORGANIC INDUS LTD","MICRO_CAP",144.23,2.4,4.72,27.75,37.3,67,"BEARISH",1.7,6,16,0,NA,NA,NA,NA,NA,80085306.83,"WEAK_HOLD",2026-04-22
99,"HDFCAMC","HDFC AMC LIMITED","MID_CAP",2766.4,-0.99,3.86,22.7,36.7,62.2,"BEARISH",5.68,8,8,0,NA,NA,NA,NA,NA,3227426496.4,"WEAK_HOLD",2026-04-22
105,"MUTHOOTFIN","MUTHOOT FINANCE LIMITED","MID_CAP",3586.9,-0.65,-0.31,15.13,36.7,57.7,"BEARISH",0.54,4,10,0,NA,NA,NA,NA,NA,2984137449.9,"WEAK_HOLD",2026-04-22
136,"SAMMAANCAP","SAMMAAN CAPITAL LIMITED","MID_CAP",146.75,-1.4,-6.19,12.88,36.7,47,"BULLISH",1.84,4,10,0,NA,NA,NA,NA,NA,2359009718.12,"WEAK_HOLD",2026-04-22
324,"HUDCO","HSG & URBAN DEV CORPN LTD","MICRO_CAP",199.88,0.77,5.6,21.06,36.7,67,"BEARISH",5.55,8,8,0,NA,NA,NA,NA,NA,638790090.51,"WEAK_HOLD",2026-04-22
362,"APTUS","APTUS VALUE HSG FIN I LTD","MICRO_CAP",260.89,1.36,13.11,29.56,36.7,72.6,"BEARISH",-0.5,5,6,15,53.73,50.65,51,54.09,66,504023691.43,"WEAK_HOLD",2026-04-22
507,"CYIENT","CYIENT LIMITED","MICRO_CAP",961.8,0.35,-0.08,21.53,36.7,62.2,"BEARISH",-12.08,5,11,20,61.16,65.43,56,58.41,62,253731850.05,"WEAK_HOLD",2026-04-22
646,"HUBTOWN","HUBTOWN LIMITED","MICRO_CAP",213.02,-1.65,3.3,15.24,36.7,57.9,"BEARISH",0.52,6,8,0,NA,NA,NA,NA,NA,133508913.1,"WEAK_HOLD",2026-04-22
648,"GOLDADD","GOLDADD","MICRO_CAP",146.52,-0.33,-0.48,13.22,36.7,51,"NEUTRAL",0.08,2,10,0,NA,NA,NA,NA,NA,133010483.08,"WEAK_HOLD",2026-04-22
757,"RELTD","RAVINDRA ENERGY LIMITED","MICRO_CAP",148.18,1.94,7.95,19.94,36.7,62.2,"BEARISH",3.36,6,10,0,NA,NA,NA,NA,NA,81093859.93,"WEAK_HOLD",2026-04-22
784,"EUREKAFORB","EUREKA FORBES LIMITED","MICRO_CAP",496.6,-0.32,-1.16,14,36.7,57.6,"BEARISH",3.03,4,10,0,NA,NA,NA,NA,NA,65307274.9,"WEAK_HOLD",2026-04-22
790,"VGUARD","V-GUARD IND LTD.","MICRO_CAP",332.95,-0.16,3.63,3.88,36.7,58.2,"BULLISH",1.39,2,8,0,NA,NA,NA,NA,NA,64157706.75,"WEAK_HOLD",2026-04-22
802,"EIHOTEL","EIH LIMITED","MICRO_CAP",338.55,-0.34,7.46,16.02,36.7,64,"BEARISH",6.01,6,10,0,NA,NA,NA,NA,NA,60223485.45,"WEAK_HOLD",2026-04-22
816,"ABCOTS","A B COTSPIN INDIA LIMITED","MICRO_CAP",401.35,0.14,-1.02,-1,36.7,45.5,"BEARISH",0.82,6,9,0,NA,NA,NA,NA,NA,55707359.5,"WEAK_HOLD",2026-04-22
834,"STYL","STYL","MICRO_CAP",255.19,1.61,7.83,14.28,36.7,61.1,"BEARISH",4.11,6,8,0,NA,NA,NA,NA,NA,51128058.48,"WEAK_HOLD",2026-04-22
861,"HINDWAREAP","HINDWARE HME INOVATON LTD","MICRO_CAP",230.11,-0.24,6.8,27.35,36.7,61.6,"BEARISH",4.54,6,8,0,NA,NA,NA,NA,NA,42854618.36,"WEAK_HOLD",2026-04-22
867,"AARTIDRUGS","AARTI DRUGS LTD.","MICRO_CAP",366.95,1.48,0.45,12.01,36.7,56.3,"BEARISH",3.09,4,15,0,27.96,23.33,35,41.88,10,41780745.9,"WEAK_HOLD",2026-04-22
344,"ANANTRAJ","ANANT RAJ LIMITED","MICRO_CAP",518.4,0.78,2.99,17.25,36,60.8,"BEARISH",-2.46,5,8,15,51.15,49,44.17,55.3,63,550473598.35,"WEAK_HOLD",2026-04-22
368,"JBCHEPHARM","J B CHEMICALS AND PHARMA","MICRO_CAP",1977.8,-0.76,-0.17,-4.93,36,43.8,"BEARISH",8.64,3,12,0,NA,NA,NA,NA,NA,493552459.4,"WEAK_HOLD",2026-04-22
385,"JKLAKSHMI","JK LAKSHMI CEMENT LTD","MICRO_CAP",659.95,-0.74,1.78,14.22,36,57,"BEARISH",-9.1,10,10,0,NA,NA,NA,NA,NA,455322706.55,"WEAK_HOLD",2026-04-22
406,"CHOLAHLDNG","CHOLAMANDALAM FIN HOL LTD","MICRO_CAP",1583.1,0.5,1.21,17.19,36,54,"BEARISH",-3.62,3,13,15,50.66,50.22,47,51.59,56.67,407885721,"WEAK_HOLD",2026-04-22
416,"MOSCHIP","MOSCHIP TECHNOLOGIES LTD","MICRO_CAP",205.75,1.12,11.78,31,36,69.4,"BEARISH",6.53,8,4,0,NA,NA,NA,NA,NA,394728409.97,"WEAK_HOLD",2026-04-22
448,"AEGISLOG","AEGIS LOGISTICS LIMITED","MICRO_CAP",713.5,-1.9,8.3,21.35,36,63.6,"BEARISH",6.14,8,4,0,10,10,10,10,10,335519721.6,"WEAK_HOLD",2026-04-22
773,"SAREGAMA","SAREGAMA INDIA LIMITED","MICRO_CAP",344.15,1.13,0.54,3.94,36,56.4,"BEARISH",9.49,5,8,0,NA,NA,NA,NA,NA,70978073,"WEAK_HOLD",2026-04-22
159,"RECLTD","REC LIMITED","SMALL_CAP",383.35,0,8.71,21.14,35.3,70,"BEARISH",4.62,6,8,0,NA,NA,NA,NA,NA,2028201741.6,"WEAK_HOLD",2026-04-22
198,"ICICIGI","ICICI LOMBARD GIC LIMITED","SMALL_CAP",1829,-0.6,-1.56,6.2,35.3,52.3,"BEARISH",2.81,2,10,0,NA,NA,NA,NA,NA,1505864693.5,"WEAK_HOLD",2026-04-22
235,"POONAWALLA","POONAWALLA FINCORP LTD","SMALL_CAP",424.1,0.38,2.34,12.73,35.3,56.2,"BEARISH",5.09,7,10,0,NA,NA,NA,NA,NA,1157888836.3,"WEAK_HOLD",2026-04-22
329,"CARTRADE","CARTRADE TECH LIMITED","MICRO_CAP",1784.6,0.95,-0.02,5.28,35.3,48.4,"BEARISH",-21.15,3,15,15,52.67,50.65,47,54.55,65,627012708,"WEAK_HOLD",2026-04-22
492,"ARSSBL","ARSSBL","MICRO_CAP",597.7,0.38,2.4,36.13,35.3,70.8,"BEARISH",6.67,8,6,0,NA,NA,NA,NA,NA,276629383.15,"WEAK_HOLD",2026-04-22
566,"RCF","RASHTRIYA CHEMICALS & FER","MICRO_CAP",132.78,1.51,3.34,20.67,35.3,62.3,"BEARISH",1.49,6,10,0,NA,NA,NA,NA,NA,186104422.32,"WEAK_HOLD",2026-04-22
656,"RITES","RITES LIMITED","MICRO_CAP",223.6,1.55,5.03,21.53,35.3,66.5,"BEARISH",3.29,6,8,0,NA,NA,NA,NA,NA,131546166.34,"WEAK_HOLD",2026-04-22
776,"GARUDA","GARUDA CONSTRUCT N ENG L","MICRO_CAP",176.86,1.31,1.69,17.69,35.3,58.9,"BEARISH",4.8,6,11,0,NA,NA,NA,NA,NA,69717373.64,"WEAK_HOLD",2026-04-22
884,"KCP","KCP LTD","MICRO_CAP",176.45,-0.76,8.29,37.64,35.3,70.1,"BEARISH",4.08,6,6,0,NA,NA,NA,NA,NA,37762090.55,"WEAK_HOLD",2026-04-22
896,"BAJAJHCARE","BAJAJ HEALTHCARE LIMITED","MICRO_CAP",332.75,1.28,-6.52,9.53,35.3,52.5,"BEARISH",-2.05,5,8,15,52.34,53.04,47,56.36,54,33086320.1,"WEAK_HOLD",2026-04-22
901,"TIRUMALCHM","THIRUMALAI CHEMICALS LTD","MICRO_CAP",200.12,0.53,2.37,21.31,35.3,60.4,"BEARISH",2.34,6,13,0,NA,NA,NA,NA,NA,30710694.83,"WEAK_HOLD",2026-04-22
27,"LT","LARSEN & TOUBRO LTD.","LARGE_CAP",4021.1,-1.33,-1.35,20.31,34.7,57,"BEARISH",2.55,6,10,0,NA,NA,NA,NA,NA,8784020558.7,"SELL",2026-04-22
37,"SBILIFE","SBI LIFE INSURANCE CO LTD","LARGE_CAP",1884.8,-1.4,-4.37,2.87,34.7,45.3,"BEARISH",-3.52,5,12,0,NA,NA,NA,NA,NA,7654931133,"SELL",2026-04-22
80,"ULTRACEMCO","ULTRATECH CEMENT LIMITED","MID_CAP",12193,1.28,3.46,17.67,34.7,62.1,"BEARISH",-0.63,5,10,0,NA,NA,NA,NA,NA,3791270519,"SELL",2026-04-22
147,"JUBLFOOD","JUBILANT FOODWORKS LTD","MID_CAP",493.1,4.49,8.41,12.57,34.7,59.8,"BEARISH",-0.39,4,9,0,NA,NA,NA,NA,NA,2243419603.05,"SELL",2026-04-22
245,"DABUR","DABUR INDIA LTD","SMALL_CAP",460,1.77,6.17,10.22,34.7,58.3,"BEARISH",-4.06,3,8,15,51.29,50.22,47,54.77,56.67,1093271666.65,"SELL",2026-04-22
364,"RAILTEL","RAILTEL CORP OF IND LTD","MICRO_CAP",331.59,1.56,-1.53,30.91,34.7,64.9,"BEARISH",3.2,6,7,0,NA,NA,NA,NA,NA,499781786.1,"SELL",2026-04-22
483,"LIQUIDIETF","ICICIPRAMC - ICICILIQ","MICRO_CAP",999.99,0,0,0,34.7,50.7,"BULLISH",4.16,1,12,0,NA,NA,NA,NA,NA,285721670.72,"SELL",2026-04-22
508,"TATACHEM","TATA CHEMICALS LTD","MICRO_CAP",709.85,0.3,-1.31,16.59,34.7,60.2,"BEARISH",3.1,6,10,0,NA,NA,NA,NA,NA,253634609.7,"SELL",2026-04-22
581,"JAMNAAUTO","JAMNA AUTO IND LTD","MICRO_CAP",126.29,1.58,2,12.32,34.7,53.1,"BULLISH",1.13,4,10,0,NA,NA,NA,NA,NA,179246438.44,"SELL",2026-04-22
693,"HERITGFOOD","HERITAGE FOODS LTD","MICRO_CAP",366.8,1.51,2.79,21.82,34.7,67.6,"BEARISH",0.22,6,10,0,NA,NA,NA,NA,NA,114971908.3,"SELL",2026-04-22
740,"SPANDANA","SPANDANA SPHOORTY FIN LTD","MICRO_CAP",231.13,2.21,2.38,17.35,34.7,58.5,"BEARISH",-2.76,8,8,0,NA,NA,NA,NA,NA,86149615.42,"SELL",2026-04-22
777,"HINDOILEXP","HINDUSTAN OIL EXPLORATION","MICRO_CAP",153.94,1.42,-1.62,25.91,34.7,58.8,"BEARISH",2.97,6,9,0,NA,NA,NA,NA,NA,68961322.07,"SELL",2026-04-22
779,"INDIACEM","THE INDIA CEMENTS LIMITED","MICRO_CAP",422.95,1.08,7.37,21.03,34.7,69.5,"BEARISH",-4.64,5,15,0,NA,NA,NA,NA,NA,67896068.4,"SELL",2026-04-22
935,"QGOLDHALF","QUANTUM GOLD FUND","MICRO_CAP",125.3,-0.06,-0.12,13.42,34.7,51.7,"BULLISH",0.89,2,10,0,NA,NA,NA,NA,NA,18327766.62,"SELL",2026-04-22
7,"ICICIBANK","ICICI BANK LTD.","LARGE_CAP",1367.6,-1.5,1.45,11.85,34,60.8,"BEARISH",1.26,4,10,0,NA,NA,NA,NA,NA,18654924562.1,"SELL",2026-04-22
18,"PERSISTENT","PERSISTENT SYSTEMS LTD","LARGE_CAP",5073.3,-4.81,-7.56,7.38,34,44.3,"BULLISH",-11.09,10,10,0,NA,NA,NA,NA,NA,11137666661.7,"SELL",2026-04-22
87,"EICHERMOT","EICHER MOTORS LTD","MID_CAP",7230,-0.15,1.43,8.21,34,53.2,"BULLISH",3.51,4,10,0,NA,NA,NA,NA,NA,3586643407.5,"SELL",2026-04-22
113,"CHOLAFIN","CHOLAMANDALAM IN & FIN CO","MID_CAP",1565.6,-1.49,0.97,13.38,34,53.5,"BEARISH",-5.84,3,10,15,54.41,50.65,51,57.47,66,2695777897.2,"SELL",2026-04-22
126,"INOXWIND","INOX WIND LIMITED","MID_CAP",104.56,4.51,11.94,37.31,34,72.1,"BEARISH",-0.85,6,9,0,NA,NA,NA,NA,NA,2525908364.78,"SELL",2026-04-22
156,"TVSMOTOR","TVS MOTOR COMPANY  LTD","SMALL_CAP",3660.7,-2.45,-3.24,7.27,34,50.7,"BULLISH",2.37,4,10,0,NA,NA,NA,NA,NA,2111878005.5,"SELL",2026-04-22
219,"BAJAJFINSV","BAJAJ FINSERV LTD.","SMALL_CAP",1842.9,-0.46,0.94,9.99,34,56.2,"BEARISH",-4.59,3,12,15,52.46,50.71,47,54.86,63,1367019759.6,"SELL",2026-04-22
417,"PARAGMILK","PARAG MILK FOODS LTD.","MICRO_CAP",229.62,4.25,3.99,20.89,34,62.6,"BEARISH",-8.38,8,14,0,NA,NA,NA,NA,NA,392755752.93,"SELL",2026-04-22
430,"NAZARA","NAZARA TECHNOLOGIES LTD","MICRO_CAP",271.56,-1.52,5.74,24.77,34,61.9,"BEARISH",1.53,6,8,0,NA,NA,NA,NA,NA,361278657.49,"SELL",2026-04-22
485,"GRAVITA","GRAVITA INDIA LIMITED","MICRO_CAP",1626.6,-1.03,0.58,24.48,34,61.8,"BEARISH",2.01,6,8,0,NA,NA,NA,NA,NA,281496791.1,"SELL",2026-04-22
517,"CHOICEIN","CHOICE INTERNATIONAL LTD","MICRO_CAP",708.75,-2.36,-1.45,21.37,34,56,"BEARISH",-5.39,5,10,15,54.36,51.52,55,55,60,245746495.3,"SELL",2026-04-22
562,"UTIAMC","UTI ASSET MNGMT CO LTD","MICRO_CAP",1064.1,-0.13,5.4,17.37,34,65.5,"BEARISH",4.28,6,6,0,NA,NA,NA,NA,NA,189526429.3,"SELL",2026-04-22
617,"MANINFRA","MAN INFRA LTD","MICRO_CAP",102.77,2.14,6.48,19.78,34,62.2,"BEARISH",-8.22,6,11,0,NA,NA,NA,NA,NA,156731657.56,"SELL",2026-04-22
672,"GSFC","GUJ STATE FERT & CHEM LTD","MICRO_CAP",175.25,0.23,3.74,19.2,34,65.2,"BEARISH",1.25,6,8,0,NA,NA,NA,NA,NA,122080286.48,"SELL",2026-04-22
791,"ORIENTCEM","ORIENT CEMENT LTD.","MICRO_CAP",148.21,1.99,2.93,19.16,34,59.8,"BEARISH",-6.03,5,15,0,NA,NA,NA,NA,NA,63802418.45,"SELL",2026-04-22
811,"SHANTIGOLD","SHANTI GOLD INTERNATION L","MICRO_CAP",202.6,-2.63,5.24,14.9,34,59.8,"BEARISH",2.66,6,8,0,NA,NA,NA,NA,NA,58176265.76,"SELL",2026-04-22
812,"RALLIS","RALLIS INDIA LTD","MICRO_CAP",265.96,0.9,1.44,16.67,34,59.4,"BEARISH",1.01,4,10,0,NA,NA,NA,NA,NA,57130927.56,"SELL",2026-04-22
918,"UDS","UPDATER SERVICES LIMITED","MICRO_CAP",159.65,0.57,0.28,22.02,34,58.4,"BEARISH",2.49,6,11,0,NA,NA,NA,NA,NA,24209988.55,"SELL",2026-04-22
922,"PARKHOTELS","PARKHOTELS","MICRO_CAP",126.05,1.6,5.58,22.19,34,64.8,"BEARISH",2.1,6,8,0,NA,NA,NA,NA,NA,22342004.96,"SELL",2026-04-22
925,"REDTAPE","REDTAPE LIMITED","MICRO_CAP",123.55,0.77,1.1,9.71,34,58.9,"BEARISH",1.49,2,12,0,NA,NA,NA,NA,NA,21966762.82,"SELL",2026-04-22
57,"DIXON","DIXON TECHNO (INDIA) LTD","MID_CAP",11267,0.02,1.79,13.88,33.3,59.4,"BEARISH",0.64,6,13,0,NA,NA,NA,NA,NA,5352038822.5,"SELL",2026-04-22
207,"CIPLA","CIPLA LTD","SMALL_CAP",1236.3,0.31,0.76,1.19,33.3,46.1,"BEARISH",-2.65,0,12,15,51.15,50.65,47,55.68,53.33,1445366423.6,"SELL",2026-04-22
220,"UNOMINDA","UNO MINDA LIMITED","SMALL_CAP",1151.3,0.15,4.65,11.83,33.3,59.4,"BEARISH",-0.28,6,10,0,NA,NA,NA,NA,NA,1353999580.3,"SELL",2026-04-22
300,"SMLMAH","SMLMAH","SMALL_CAP",3796.9,-5.44,-10.43,-1.32,33.3,41.2,"NEUTRAL",3.54,4,6,0,NA,NA,NA,NA,NA,757455933.3,"SELL",2026-04-22
317,"IEX","INDIAN ENERGY EXC LTD","MICRO_CAP",125.78,-0.22,-5.29,9.01,33.3,49.7,"BULLISH",2.66,4,10,0,NA,NA,NA,NA,NA,669501485.55,"SELL",2026-04-22
361,"TATACAP","TATACAP","MICRO_CAP",337.35,0.87,1.53,8.07,33.3,59.5,"BEARISH",0.88,4,12,0,NA,NA,NA,NA,NA,506574394.85,"SELL",2026-04-22
384,"IGL","INDRAPRASTHA GAS LTD","MICRO_CAP",169.08,1.12,1.86,14.26,33.3,63.4,"BEARISH",1.56,6,10,0,NA,NA,NA,NA,NA,455511439.44,"SELL",2026-04-22
533,"MAPMYINDIA","C.E. INFO SYSTEMS LIMITED","MICRO_CAP",965.2,3.31,3.24,12.1,33.3,53.2,"BEARISH",-20.79,6,18,0,NA,NA,NA,NA,NA,229537492.3,"SELL",2026-04-22
616,"ASHOKA","ASHOKA BUILDCON LTD","MICRO_CAP",137.63,0.98,1.52,29.47,33.3,62.1,"BEARISH",-7.06,5,6,20,65.24,71.74,60,60.45,63,156950059.52,"SELL",2026-04-22
668,"JSLL","JEENA SIKHO LIFECARE LTD","MICRO_CAP",681.85,0.86,0.1,16.23,33.3,60.9,"BEARISH",-1.03,5,11,0,NA,NA,NA,NA,NA,123435890.15,"SELL",2026-04-22
758,"AWFIS","AWFIS SPACE SOLUTIONS LTD","MICRO_CAP",359.24,2.63,-0.85,43.52,33.3,66.8,"BEARISH",-3.48,5,6,15,55.21,53.81,51,58.18,62,81090239.9,"SELL",2026-04-22
762,"DAMCAPITAL","DAM CAPITAL ADVISORS LTD","MICRO_CAP",163.31,-0.69,3.89,32.95,33.3,64.7,"BEARISH",-3.3,5,6,15,54.19,51.19,55,57.05,57,76554366.84,"SELL",2026-04-22
889,"UNIECOM","UNICOMMERCE ESOLUTIONS L","MICRO_CAP",103.04,0.13,5.09,17.14,33.3,60.7,"BEARISH",3.45,6,8,0,NA,NA,NA,NA,NA,34894130.41,"SELL",2026-04-22
893,"PROSTARM","PROSTARM INFO SYSTEMS LTD","MICRO_CAP",154.4,1.54,0.32,19.38,33.3,64.2,"BEARISH",0.73,6,13,0,NA,NA,NA,NA,NA,34165334.21,"SELL",2026-04-22
15,"ETERNAL","ETERNAL LIMITED","LARGE_CAP",262.99,1.35,6.62,15.88,32.7,63.6,"BEARISH",-6.43,5,13,0,NA,NA,NA,NA,NA,11952103581.03,"SELL",2026-04-22
139,"MPHASIS","MPHASIS LIMITED","MID_CAP",2331,-3.64,-3.25,12.96,32.7,51.9,"BEARISH",-9.12,6,10,0,NA,NA,NA,NA,NA,2348777878.4,"SELL",2026-04-22
165,"INDUSINDBK","INDUSIND BANK LIMITED","SMALL_CAP",870.1,1.6,3.57,11.79,32.7,57.6,"BEARISH",-1.4,3,15,0,NA,NA,NA,NA,NA,1954877149.3,"SELL",2026-04-22
303,"SHRINGARMS","SHRINGARMS","MICRO_CAP",203.9,-0.71,5.51,16.95,32.7,54.6,"BEARISH",-5.96,8,8,0,NA,NA,NA,NA,NA,730884072.08,"SELL",2026-04-22
312,"PIIND","PI INDUSTRIES LTD","MICRO_CAP",3057.3,1.19,0.5,10.67,32.7,56,"BEARISH",1.03,4,11,0,NA,NA,NA,NA,NA,687586162.9,"SELL",2026-04-22
605,"SILVERADD","DSPAMC - DSPSILVETF","MICRO_CAP",237.98,-0.56,0.36,23.8,32.7,52.7,"BULLISH",-6.67,3,8,0,NA,NA,NA,NA,NA,163224956.79,"SELL",2026-04-22
650,"EMSLIMITED","EMS LIMITED","MICRO_CAP",373.35,-1.09,11.1,33.36,32.7,70.4,"BULLISH",4.13,6,4,0,NA,NA,NA,NA,NA,132660749.45,"SELL",2026-04-22
695,"LIQUIDETF","DSP LIQUID ETF","MICRO_CAP",1000,0,0,0,32.7,52.9,"STRONG_BEARISH",4.16,2,11,0,NA,NA,NA,NA,NA,114610246.65,"SELL",2026-04-22
707,"ELLEN","ELLENBARRIE INDUS GASES L","MICRO_CAP",255.68,0.79,3.41,37.91,32.7,63.2,"BEARISH",2.9,6,9,0,NA,NA,NA,NA,NA,106280114.7,"SELL",2026-04-22
809,"SULA","SULA VINEYARDS LIMITED","MICRO_CAP",178.01,1.27,3.84,24.75,32.7,62.6,"BEARISH",-1.53,5,13,0,NA,NA,NA,NA,NA,59356841.56,"SELL",2026-04-22
34,"TATAELXSI","TATA ELXSI LIMITED","LARGE_CAP",4362.5,-6.2,-3.92,5.61,32,47,"BEARISH",-16.67,8,10,0,NA,NA,NA,NA,NA,7977150649.3,"SELL",2026-04-22
123,"CUPID","CUPID LIMITED","MID_CAP",112.94,2.75,20.92,41,32,39.2,"BEARISH",-69.42,6,4,15,52.86,51.84,53,58.35,48,2566583457.82,"SELL",2026-04-22
273,"LICI","LIFE INSURA CORP OF INDIA","SMALL_CAP",820.5,-0.44,-2.57,10.88,32,55.2,"BEARISH",2.39,4,10,0,NA,NA,NA,NA,NA,927082851.1,"SELL",2026-04-22
277,"PIDILITIND","PIDILITE INDUSTRIES LTD","SMALL_CAP",1419,0.8,6.73,7.92,32,59.3,"BEARISH",1.33,4,10,0,NA,NA,NA,NA,NA,889922026.3,"SELL",2026-04-22
291,"COROMANDEL","COROMANDEL INTERNTL. LTD","SMALL_CAP",2034.5,-1.03,-2.64,10.18,32,48.1,"BEARISH",-6.38,1,10,15,54.33,51.3,51,55.77,66,802102720.2,"SELL",2026-04-22
573,"CAMLINFINE","CAMLIN FINE SCIENCES LTD","MICRO_CAP",107.01,3.27,0.05,-3.32,32,41.2,"STRONG_BEARISH",-35.51,1,14,10,49.22,48.48,47,57.27,44.17,181489676.98,"SELL",2026-04-22
684,"RICOAUTO","RICO AUTO INDUSTRIES LTD","MICRO_CAP",118.41,2.01,0.28,14.94,32,55.7,"BULLISH",-5.28,5,15,0,NA,NA,NA,NA,NA,118993438.22,"SELL",2026-04-22
919,"ARKADE","ARKADE DEVELOPERS LIMITED","MICRO_CAP",114.58,-1.07,-2.85,13.92,32,55.2,"BEARISH",-6.26,5,8,15,54.49,57.11,47,56.75,57,24189895.97,"SELL",2026-04-22
108,"GOLDBEES","NIP IND ETF GOLD BEES","MID_CAP",124.99,-0.18,-0.06,12.89,31.3,51.5,"BULLISH",0.6,2,10,0,NA,NA,NA,NA,NA,2790758263,"SELL",2026-04-22
138,"BPCL","BHARAT PETROLEUM CORP  LT","MID_CAP",314.4,-1.15,1.27,15.89,31.3,53.9,"BEARISH",-13.63,3,8,20,62.6,70,56,58.64,59.17,2351319802.25,"SELL",2026-04-22
191,"PGEL","PG ELECTROPLAST LTD","SMALL_CAP",568.65,1.16,5.72,14.95,31.3,61.4,"BEARISH",0.32,6,7,0,NA,NA,NA,NA,NA,1599663352.25,"SELL",2026-04-22
246,"PAYTM","ONE 97 COMMUNICATIONS LTD","SMALL_CAP",1162.15,-0.4,1.93,17.06,31.3,61.2,"BEARISH",0.48,6,10,0,NA,NA,NA,NA,NA,1084304646.85,"SELL",2026-04-22
261,"SUPREMEIND","SUPREME INDUSTRIES LTD","SMALL_CAP",3691.4,0.68,-3.63,-0.35,31.3,44.2,"BULLISH",2.83,1,11,0,NA,NA,NA,NA,NA,985050706,"SELL",2026-04-22
341,"GOLDIETF","ICICI PRUDENTIAL GOLD ETF","MICRO_CAP",129.59,-0.12,-0.17,14.19,31.3,51.8,"BULLISH",0.32,2,10,0,NA,NA,NA,NA,NA,559860927.85,"SELL",2026-04-22
369,"HDFCGOLD","HDFC GOLD ETF","MICRO_CAP",129.08,-0.19,-0.26,13.32,31.3,51.6,"BULLISH",0.34,2,10,0,NA,NA,NA,NA,NA,490718233.55,"SELL",2026-04-22
413,"SETFGOLD","SBI-ETF GOLD","MICRO_CAP",128.87,-0.21,-0.34,13.32,31.3,51.4,"BULLISH",0.26,2,10,0,NA,NA,NA,NA,NA,401466910.87,"SELL",2026-04-22
479,"BSOFT","BIRLASOFT LIMITED","MICRO_CAP",387.85,-1.66,2.07,14.34,31.3,56.4,"BEARISH",-7.76,3,10,15,55.22,53.91,51,57.27,63,287705849.5,"SELL",2026-04-22
500,"SHYAMMETL","SHYAM METALICS AND ENGY L","MICRO_CAP",812.55,-1.41,-5.66,4.47,31.3,47.1,"BULLISH",-1.02,1,12,0,NA,NA,NA,NA,NA,264496027.9,"SELL",2026-04-22
603,"SHREEJISPG","SHREEJI SHIPPING GLOBAL L","MICRO_CAP",367.05,-2.02,0.77,6.61,31.3,53.1,"BULLISH",-0.22,1,8,0,NA,NA,NA,NA,NA,164195275.3,"SELL",2026-04-22
642,"VIYASH","VIYASH","MICRO_CAP",209.61,0.75,-0.28,16.52,31.3,57.9,"NEUTRAL",0.96,6,10,0,NA,NA,NA,NA,NA,134352610.28,"SELL",2026-04-22
645,"AXISGOLD","AXIS MF - AXIS GOLD ETF","MICRO_CAP",125.91,-0.25,-0.48,14.18,31.3,51.3,"BULLISH",0.13,2,10,0,10,10,10,10,10,133554872.04,"SELL",2026-04-22
671,"CONCORDBIO","CONCORD BIOTECH LIMITED","MICRO_CAP",1052.2,0.81,1.11,1.9,31.3,44.1,"BEARISH",-6.68,0,10,20,68.6,74.78,76,57.95,54,122110667.8,"SELL",2026-04-22
708,"ALLTIME","ALL TIME PLASTICS LIMITED","MICRO_CAP",235.62,0.39,5.96,16.24,31.3,61.6,"BEARISH",1,5,8,0,NA,NA,NA,NA,NA,105875701.26,"SELL",2026-04-22
743,"GOLDETF","MIRAEAMC - MAGOLDETF","MICRO_CAP",146.63,-0.35,-0.31,12.15,31.3,51.4,"BULLISH",0.36,2,10,0,NA,NA,NA,NA,NA,85290829.57,"SELL",2026-04-22
775,"FINPIPE","FINOLEX INDUSTRIES LTD","MICRO_CAP",178.09,1.71,3.25,5.9,31.3,59.8,"BEARISH",4.1,2,6,0,NA,NA,NA,NA,NA,70663225.22,"SELL",2026-04-22
828,"INDIANHUME","INDIAN HUME PIPE CO. LTD.","MICRO_CAP",330.85,1.53,1.64,7.58,31.3,52.5,"BEARISH",-11.9,6,10,0,NA,NA,NA,NA,NA,51630156.2,"SELL",2026-04-22
849,"NIITMTS","NIIT LEARNING SYSTEMS LTD","MICRO_CAP",324.8,-5.32,0.31,11.54,31.3,55.4,"BEARISH",-11.92,5,8,0,NA,NA,NA,NA,NA,46903546.45,"SELL",2026-04-22
860,"HLEGLAS","HLE GLASCOAT LIMITED","MICRO_CAP",331.4,2.92,3.56,19.49,31.3,62.6,"BEARISH",-8.86,5,13,0,NA,NA,NA,NA,NA,43024387.85,"SELL",2026-04-22
869,"BSLGOLDETF","ADITYBIRLA SL GOLD ETF-GR","MICRO_CAP",132.63,-0.29,-0.48,12.58,31.3,51.1,"BULLISH",0.36,2,10,0,10,10,10,10,10,40864586.65,"SELL",2026-04-22
931,"MARKOLINES","MARKOLINES","MICRO_CAP",150.41,-0.46,-0.58,2.39,31.3,48.1,"BULLISH",1.59,1,12,0,NA,NA,NA,NA,NA,19859401.82,"SELL",2026-04-22
940,"PRABHA","PRABHA ENERGY LIMITED","MICRO_CAP",162.58,0.36,-0.66,10.03,31.3,54,"BEARISH",-0.15,3,15,0,NA,NA,NA,NA,NA,16597561.37,"SELL",2026-04-22
294,"SBICARD","SBI CARDS & PAY SER LTD","SMALL_CAP",686.2,0.95,0.25,5.04,30.7,49.6,"BEARISH",-4.31,0,15,0,NA,NA,NA,NA,NA,797981323.55,"SELL",2026-04-22
297,"KFINTECH","KFIN TECHNOLOGIES LIMITED","SMALL_CAP",990,-0.7,6.17,12.81,30.7,60.5,"BEARISH",1.61,4,8,0,NA,NA,NA,NA,NA,787855188.15,"SELL",2026-04-22
429,"INTELLECT","INTELLECT DESIGN ARENA","MICRO_CAP",695.7,2.69,0.84,9.25,30.7,54.3,"BEARISH",-8.74,4,13,0,NA,NA,NA,NA,NA,364454994.65,"SELL",2026-04-22
691,"EPACK","EPACK DURABLE LIMITED","MICRO_CAP",247.87,-0.31,0.28,11.35,30.7,55.7,"BEARISH",2.87,4,8,0,NA,NA,NA,NA,NA,115417441.02,"SELL",2026-04-22
715,"MSTCLTD","MSTC LIMITED","MICRO_CAP",452.2,-1.42,0.49,15.52,30.7,57.2,"BEARISH",2.18,6,6,0,NA,NA,NA,NA,NA,97634222.75,"SELL",2026-04-22
770,"HDFCNIFTY","HDFCAMC - HDFCNIFTY","MICRO_CAP",272.97,-0.75,0.53,8.17,30.7,56.2,"BEARISH",-1.2,3,12,0,NA,NA,NA,NA,NA,72548401.74,"SELL",2026-04-22
792,"LOTUSDEV","SRI LOTUS DEVLPRS N RTY L","MICRO_CAP",146.47,0.23,2.43,36.04,30.7,64.7,"BEARISH",0.31,6,6,0,NA,NA,NA,NA,NA,63440493.6,"SELL",2026-04-22
793,"STOVEKRAFT","STOVE KRAFT LIMITED","MICRO_CAP",528.75,-0.14,-8.93,7.01,30.7,51.9,"BULLISH",1.71,2,8,0,NA,NA,NA,NA,NA,63244741.2,"SELL",2026-04-22
801,"GODIGIT","GO DIGIT GENERAL INS LTD","MICRO_CAP",321.7,-0.06,0.5,-0.79,30.7,46.3,"STRONG_BEARISH",5.95,3,12,0,NA,NA,NA,NA,NA,60817014.4,"SELL",2026-04-22
93,"TMCV","TMCV","MID_CAP",447.8,1.19,2.9,13.53,30,55.4,"NEUTRAL",1.84,4,10,0,NA,NA,NA,NA,NA,3387046863.45,"SELL",2026-04-22
150,"PNB","PUNJAB NATIONAL BANK","MID_CAP",114.67,0.49,1.41,8.64,30,54.2,"BEARISH",-3.1,1,13,0,NA,NA,NA,NA,NA,2162228233.7,"SELL",2026-04-22
244,"INDHOTEL","THE INDIAN HOTELS CO. LTD","SMALL_CAP",659.7,-0.97,2.06,13.26,30,58.9,"BEARISH",0.31,4,10,0,NA,NA,NA,NA,NA,1095294642,"SELL",2026-04-22
346,"DEVYANI","DEVYANI INTERNATIONAL LTD","MICRO_CAP",113.2,1.84,5.37,11.9,30,57.8,"BEARISH",-4,4,10,0,NA,NA,NA,NA,NA,541340075.66,"SELL",2026-04-22
405,"KNRCON","KNR CONSTRU LTD.","MICRO_CAP",123.59,2.22,-0.74,8.36,30,52.3,"BEARISH",-15.82,1,18,0,NA,NA,NA,NA,NA,413299985.78,"SELL",2026-04-22
486,"PACEDIGITK","PACEDIGITK","MICRO_CAP",174.2,1.06,3.59,12.11,30,59.5,"BEARISH",-1.15,3,11,0,NA,NA,NA,NA,NA,280373265.55,"SELL",2026-04-22
595,"SIGNATURE","SIGNATUREGLOBAL INDIA LTD","MICRO_CAP",860.85,0.2,7.41,18.5,30,58.3,"BEARISH",1.74,6,8,0,NA,NA,NA,NA,NA,171836857.65,"SELL",2026-04-22
680,"AFCONS","AFCONS INFRASTRUCTURE LTD","MICRO_CAP",329.5,-1.92,-2.36,21.5,30,59.6,"BEARISH",0,6,8,0,10,10,10,10,10,120907586,"SELL",2026-04-22
843,"CELLO","CELLO WORLD LIMITED","MICRO_CAP",424.4,-0.67,-1.62,6.74,30,52,"BEARISH",-12.02,3,12,15,54.29,55,47,55.45,63,48641526.15,"SELL",2026-04-22
898,"QUICKHEAL","QUICK HEAL TECH LTD","MICRO_CAP",172.16,1.18,1.85,26.62,30,60.9,"BEARISH",-4.89,5,11,0,NA,NA,NA,NA,NA,31915338.02,"SELL",2026-04-22
905,"HIKAL","HIKAL LIMITED","MICRO_CAP",189.21,0.85,0.89,20.88,30,59.6,"BEARISH",0.45,6,8,0,NA,NA,NA,NA,NA,29540149.49,"SELL",2026-04-22
921,"GICHSGFIN","GIC HOUSING FINANCE LTD","MICRO_CAP",155.82,-0.15,3.38,14.13,30,61.9,"BEARISH",-1.29,4,10,0,NA,NA,NA,NA,NA,22486530.49,"SELL",2026-04-22
46,"SILVERBEES","NIPPONAMC - NETFSILVER","LARGE_CAP",236.03,-0.58,0.4,21.97,29.3,52.7,"BULLISH",-6.96,3,8,0,NA,NA,NA,NA,NA,5846363472.22,"SELL",2026-04-22
227,"MFSL","MAX FINANCIAL SERV LTD","SMALL_CAP",1627.4,-1.3,-4.24,3.82,29.3,48.4,"BULLISH",-0.57,0,10,0,NA,NA,NA,NA,NA,1257906699.6,"SELL",2026-04-22
254,"LEMONTREE","LEMON TREE HOTELS LTD","SMALL_CAP",122.71,0.93,7.33,20.14,29.3,66.1,"BEARISH",-0.84,5,10,0,NA,NA,NA,NA,NA,999357118.23,"SELL",2026-04-22
382,"FIRSTCRY","BRAINBEES SOLUTIONS LTD","MICRO_CAP",253.08,0.1,2.16,14.53,29.3,61.5,"BULLISH",-2.76,5,10,0,NA,NA,NA,NA,NA,461238444.25,"SELL",2026-04-22
404,"TATATECH","TATA TECHNOLOGIES LIMITED","MICRO_CAP",575.3,-1.4,-0.07,10.85,29.3,54,"BEARISH",-7.38,5,10,0,NA,NA,NA,NA,NA,415686812.35,"SELL",2026-04-22
407,"BANKBEES","NIP IND ETF BANK BEES","MICRO_CAP",589,-0.35,1.59,10.78,29.3,58,"BEARISH",-0.99,3,12,0,10,10,10,10,10,406661986.54,"SELL",2026-04-22
437,"UBL","UNITED BREWERIES LTD","MICRO_CAP",1500,0.11,1.99,-3.72,29.3,45.2,"STRONG_BEARISH",3.18,1,10,0,NA,NA,NA,NA,NA,351929823.9,"SELL",2026-04-22
660,"AGI","AGI GREENPAC LIMITED","MICRO_CAP",564.55,-0.77,-0.18,19.33,29.3,56.4,"BEARISH",-3.5,5,10,0,10,10,10,10,10,127267166.65,"SELL",2026-04-22
667,"KPRMILL","KPR MILL LTD.","MICRO_CAP",925.8,0.46,2.02,12.53,29.3,63.3,"BEARISH",-2.93,5,10,0,NA,NA,NA,NA,NA,123488427.7,"SELL",2026-04-22
799,"CHEMPLASTS","CHEMPLAST SANMAR LIMITED","MICRO_CAP",246.55,-0.5,4.12,-4.84,29.3,47.9,"STRONG_BEARISH",-3.59,0,8,20,66.26,64.13,77,57.27,66,61894576.15,"SELL",2026-04-22
839,"AUTOBEES","NIPPONAMC - NETFAUTO","MICRO_CAP",271.73,-0.52,0.03,10.35,29.3,55.6,"BEARISH",-0.53,3,12,0,10,10,10,10,10,49192150.21,"SELL",2026-04-22
873,"MEDIASSIST","MEDI ASSIST HEALTH SER L","MICRO_CAP",363.15,-1.84,-0.45,19.24,29.3,56.3,"BEARISH",-8.15,5,10,0,NA,NA,NA,NA,NA,40223811.55,"SELL",2026-04-22
880,"KILITCH","KILITCH DRUGS INDIA LTD","MICRO_CAP",154.16,7.36,19.01,-50.84,29.3,35.2,"STRONG_BEARISH",-51.19,5,14,0,NA,NA,NA,NA,NA,38283120.12,"SELL",2026-04-22
22,"BHARTIARTL","BHARTI AIRTEL LIMITED","LARGE_CAP",1829,-1.4,-1.44,1.84,28.7,44.9,"BEARISH",-5.55,1,12,15,52.75,50.65,51,54.32,59.17,10449584640.1,"SELL",2026-04-22
95,"SWIGGY","SWIGGY LIMITED","MID_CAP",294.7,3.84,8.25,8.13,28.7,57.4,"BEARISH",-4.06,1,11,0,NA,NA,NA,NA,NA,3304522235.4,"SELL",2026-04-22
121,"NIFTYBEES","NIP IND ETF NIFTY BEES","MID_CAP",275.64,-0.72,0.68,8.03,28.7,56.3,"BEARISH",-1.33,3,12,0,NA,NA,NA,NA,NA,2590513093.11,"SELL",2026-04-22
209,"MAXHEALTH","MAX HEALTHCARE INS LTD","SMALL_CAP",1005.35,-1.46,1.55,5.06,28.7,55.5,"BEARISH",2.2,4,8,0,NA,NA,NA,NA,NA,1425272444.4,"SELL",2026-04-22
249,"SHAILY","SHAILY ENG PLASTICS LTD","SMALL_CAP",1938.9,5.34,3,-12.25,28.7,45.1,"BEARISH",-1.78,1,16,0,NA,NA,NA,NA,NA,1025496467.6,"SELL",2026-04-22
393,"ASHAPURMIN","ASHAPURA MINECHEM LTD","MICRO_CAP",636.7,1.22,17.48,32.96,28.7,69.4,"BEARISH",-8.7,5,4,15,52.76,51.96,47,58.41,57,435787943.55,"SELL",2026-04-22
463,"MOBIKWIK","ONE MOBIKWIK SYSTEMS LTD","MICRO_CAP",210.92,1.47,7.37,21.29,28.7,66.8,"BEARISH",-6.22,6,6,0,NA,NA,NA,NA,NA,315324781.89,"SELL",2026-04-22
491,"NUVOCO","NUVOCO VISTAS CORP LTD","MICRO_CAP",303.7,-0.36,-0.41,7.56,28.7,49.3,"BEARISH",-8.78,6,12,0,NA,NA,NA,NA,NA,278059682.75,"SELL",2026-04-22
522,"APOLLOTYRE","APOLLO TYRES LTD","MICRO_CAP",434,-1.8,-1.72,8.64,28.7,49.8,"BEARISH",-11.18,1,12,15,53.44,54.57,51,53.68,54.17,241673325.05,"SELL",2026-04-22
540,"MASTEK","MASTEK LTD","MICRO_CAP",1762.9,-0.31,7.57,27.51,28.7,62.9,"BEARISH",-10.64,6,8,0,NA,NA,NA,NA,NA,223413675.6,"SELL",2026-04-22
554,"SANDUMA","SANDUR MANG & IRON ORES L","MICRO_CAP",214,0.89,3.21,24.72,28.7,61.7,"BEARISH",-3.36,5,11,0,NA,NA,NA,NA,NA,203460171.68,"SELL",2026-04-22
906,"CANTABIL","CANTABIL RETAIL LTD","MICRO_CAP",245.58,-0.13,1.63,9.9,28.7,52.4,"BEARISH",-16.22,1,6,20,60.3,66.09,56,56.59,57,28604715.39,"SELL",2026-04-22
26,"JIOFIN","JIO FIN SERVICES LTD","LARGE_CAP",238.51,1.6,-1.71,5.49,28,48.6,"BEARISH",-6.84,3,12,0,NA,NA,NA,NA,NA,9596442791.09,"SELL",2026-04-22
86,"SUNPHARMA","SUN PHARMACEUTICAL IND L","MID_CAP",1669.8,0.28,-1.58,-5.04,28,40,"BEARISH",2.13,1,12,0,NA,NA,NA,NA,NA,3610043098.2,"SELL",2026-04-22
111,"OIL","OIL INDIA LTD","MID_CAP",469.75,0.99,1.4,1.1,28,49.3,"BEARISH",-3.21,1,13,0,NA,NA,NA,NA,NA,2713009926.7,"SELL",2026-04-22
168,"DRREDDY","DR. REDDY S LABORATORIES","SMALL_CAP",1217,-0.29,-0.07,-2.9,28,43.2,"BEARISH",2.29,1,12,0,NA,NA,NA,NA,NA,1916530788.3,"SELL",2026-04-22
327,"JWL","JUPITER WAGONS LIMITED","MICRO_CAP",286.57,1.91,4.92,13.45,28,58.5,"BEARISH",-2.72,3,13,0,NA,NA,NA,NA,NA,628816634.26,"SELL",2026-04-22
367,"TITAGARH","TITAGARH RAIL SYSTEMS LTD","MICRO_CAP",743.05,0.83,3.55,24.88,28,63.3,"BEARISH",-2.29,5,11,0,NA,NA,NA,NA,NA,495129834.2,"SELL",2026-04-22
370,"HEXT","HEXAWARE TECHNOLOGIES LTD","MICRO_CAP",456.45,-6.93,-5.89,4.69,28,43.8,"BEARISH",-29.69,4,10,0,NA,NA,NA,NA,NA,487460051.05,"SELL",2026-04-22
418,"SBISILVER","SBIAMC - SBISILVER","MICRO_CAP",241.58,-0.53,0.37,23.14,28,52.7,"BULLISH",-7.27,3,8,0,NA,NA,NA,NA,NA,390511699.88,"SELL",2026-04-22
523,"ERIS","ERIS LIFESCIENCES LIMITED","MICRO_CAP",1352.8,-1.69,-6.79,6.44,28,47.3,"BEARISH",-1.05,4,8,0,NA,NA,NA,NA,NA,241372012.6,"SELL",2026-04-22
673,"GREAVESCOT","GREAVES COTTON LTD.","MICRO_CAP",161.34,2.59,2.54,26.04,28,63.7,"BEARISH",-2.28,5,11,0,NA,NA,NA,NA,NA,121941741.32,"SELL",2026-04-22
697,"ROUTE","ROUTE MOBILE LIMITED","MICRO_CAP",518.75,1.97,4.04,16.46,28,60.5,"BEARISH",-7.53,3,15,0,NA,NA,NA,NA,NA,113920752,"SELL",2026-04-22
703,"KIRIINDUS","KIRI INDUSTRIES LIMITED","MICRO_CAP",422.25,0.98,0.15,17.98,28,58.4,"BEARISH",-9.31,5,13,0,NA,NA,NA,NA,NA,111325884.4,"SELL",2026-04-22
722,"KANSAINER","KANSAI NEROLAC PAINTS LTD","MICRO_CAP",204.04,-1.07,3.94,28.27,28,63.8,"BEARISH",-3.96,5,8,0,NA,NA,NA,NA,NA,93226038.59,"SELL",2026-04-22
808,"PENIND","PENNAR INDUSTRIES LTD","MICRO_CAP",173.33,0.43,1.09,29.22,28,64.4,"BULLISH",-1.47,5,8,0,NA,NA,NA,NA,NA,59510517.04,"SELL",2026-04-22
854,"VAIBHAVGBL","VAIBHAV GLOBAL LIMITED","MICRO_CAP",223.57,1.12,2.57,15.73,28,59.1,"BEARISH",-0.76,5,8,0,NA,NA,NA,NA,NA,45212689.89,"SELL",2026-04-22
914,"DCAL","DISHMAN CARBO AMCIS LTD","MICRO_CAP",170.79,0.73,2.4,19.62,28,55.5,"BEARISH",-14.96,3,8,15,57.06,54.05,61,58.18,57,25636111.47,"SELL",2026-04-22
11,"TCS","TATA CONSULTANCY SERV LT","LARGE_CAP",2538.5,-2.76,-0.64,6.49,27.3,50,"BEARISH",-11.2,4,12,0,NA,NA,NA,NA,NA,13308911672.1,"SELL",2026-04-22
62,"INDIGO","INTERGLOBE AVIATION LTD","MID_CAP",4640.9,-1.11,0.06,17.63,27.3,55.9,"BEARISH",-2.29,5,10,0,NA,NA,NA,NA,NA,5048028904.2,"SELL",2026-04-22
173,"HINDCOPPER","HINDUSTAN COPPER LTD","SMALL_CAP",556.95,0.92,1.55,24,27.3,57.9,"BULLISH",-5.08,5,8,0,NA,NA,NA,NA,NA,1866388371.3,"SELL",2026-04-22
229,"KPITTECH","KPIT TECHNOLOGIES LIMITED","SMALL_CAP",735.95,-1.17,1,11.63,27.3,52.5,"BEARISH",-20.85,5,10,0,NA,NA,NA,NA,NA,1243658312.6,"SELL",2026-04-22
444,"ZENSARTECH","ZENSAR TECHNOLOGIES  LTD","MICRO_CAP",579.85,-3.77,2.93,6.36,27.3,53.8,"BEARISH",-6.88,2,8,0,NA,NA,NA,NA,NA,340068258.1,"SELL",2026-04-22
635,"VIPIND","VIP INDUSTRIES LTD","MICRO_CAP",314.35,-1.61,-2.6,-1.49,27.3,41.4,"BEARISH",-12.04,3,10,0,NA,NA,NA,NA,NA,139831541.95,"SELL",2026-04-22
661,"EPACKPEB","EPACKPEB","MICRO_CAP",191.77,-1.15,1.25,35.53,27.3,64.3,"BEARISH",-4.23,6,6,0,NA,NA,NA,NA,NA,126309718.69,"SELL",2026-04-22
836,"KROSS","KROSS LIMITED","MICRO_CAP",192.65,-1.31,0.82,19.92,27.3,58.5,"BULLISH",-5.08,3,10,0,NA,NA,NA,NA,NA,50796237.99,"SELL",2026-04-22
881,"INDOSTAR","INDOSTAR CAPITAL FIN LTD","MICRO_CAP",203.53,-5.48,-6.27,11.02,27.3,46.1,"BEARISH",-5.65,3,8,0,NA,NA,NA,NA,NA,38227923.21,"SELL",2026-04-22
911,"LAXMIDENTL","LAXMI DENTAL LIMITED","MICRO_CAP",193.92,-2.34,-1.87,15.12,27.3,55.2,"BEARISH",-5.62,3,8,0,NA,NA,NA,NA,NA,27226869.21,"SELL",2026-04-22
915,"JTEKTINDIA","JTEKT INDIA LIMITED","MICRO_CAP",130.04,0.7,-2.36,8.29,27.3,48.8,"BEARISH",-6.05,4,10,0,NA,NA,NA,NA,NA,25440790.16,"SELL",2026-04-22
941,"IPL","INDIA PESTICIDES LIMITED","MICRO_CAP",154.98,-0.24,1.03,22.3,27.3,61.1,"BEARISH",-1.24,5,10,0,NA,NA,NA,NA,NA,16534707.85,"SELL",2026-04-22
61,"LIQUIDBEES","NIP IND ETF LIQUID BEES","MID_CAP",999.99,0,0,0,26.7,44.8,"BEARISH",4.16,1,8,0,NA,NA,NA,NA,NA,5077806228.44,"SELL",2026-04-22
149,"NAUKRI","INFO EDGE (I) LTD","MID_CAP",1052.7,-2.32,2.4,8,26.7,56.2,"BEARISH",-7.23,3,8,0,NA,NA,NA,NA,NA,2215966756.9,"SELL",2026-04-22
505,"PVRINOX","PVR INOX LIMITED","MICRO_CAP",990.3,1.78,5.03,5.14,26.7,56.9,"BEARISH",1.73,1,8,0,NA,NA,NA,NA,NA,258964796.15,"SELL",2026-04-22
698,"TCI","TRANSPORT CORPN OF INDIA","MICRO_CAP",962.45,-0.77,-3.41,8.68,26.7,46.3,"BEARISH",-7.5,2,10,0,NA,NA,NA,NA,NA,113612219.4,"SELL",2026-04-22
769,"SAMHI","SAMHI HOTELS LIMITED","MICRO_CAP",165.2,0.18,2.6,23.62,26.7,61.5,"BEARISH",-0.07,3,8,0,NA,NA,NA,NA,NA,72697017.73,"SELL",2026-04-22
786,"RATEGAIN","RATEGAIN TRAVEL TECHN LTD","MICRO_CAP",574,0.87,-0.09,22.98,26.7,61.3,"BEARISH",-4.56,5,11,0,NA,NA,NA,NA,NA,64591421.8,"SELL",2026-04-22
797,"ROSSARI","ROSSARI BIOTECH LIMITED","MICRO_CAP",512.6,-0.08,13.26,31.86,26.7,66,"BEARISH",-0.87,5,6,0,NA,NA,NA,NA,NA,62517426.5,"SELL",2026-04-22
820,"GOLDBETA","GOLDBETA","MICRO_CAP",127.1,-0.24,-0.35,11.98,26.7,51.6,"NEUTRAL",0.48,2,10,0,NA,NA,NA,NA,NA,55345667.35,"SELL",2026-04-22
842,"HEMIPROP","HEMISPHERE PROP IND LTD","MICRO_CAP",130.6,-0.32,2.22,2.84,26.7,52.6,"BEARISH",1.17,1,8,0,NA,NA,NA,NA,NA,48739525.82,"SELL",2026-04-22
872,"MBEL","M AND B ENGINEERING LTD","MICRO_CAP",337.25,0,4.92,35.99,26.7,64.9,"BEARISH",-1.27,5,9,0,NA,NA,NA,NA,NA,40306970.87,"SELL",2026-04-22
930,"TBZ","TRIB BHIMJI ZAVERI LTD","MICRO_CAP",151.54,0.35,1.74,25.13,26.7,62,"BEARISH",-1.22,5,9,0,NA,NA,NA,NA,NA,20267034.01,"SELL",2026-04-22
148,"DLF","DLF LIMITED","MID_CAP",610.65,0.51,3.95,18.63,26,63.6,"BEARISH",-3.3,5,10,0,NA,NA,NA,NA,NA,2223215301.4,"SELL",2026-04-22
318,"IIFL","IIFL FINANCE LIMITED","MICRO_CAP",467.65,-1.84,-0.34,3.12,26,50.5,"BEARISH",-5.41,1,10,0,NA,NA,NA,NA,NA,667908519.95,"SELL",2026-04-22
321,"PRESTIGE","PRESTIGE ESTATE LTD","MICRO_CAP",1405.5,0.2,4.7,19.25,26,63.8,"BEARISH",-4.19,5,10,0,NA,NA,NA,NA,NA,645812781.4,"SELL",2026-04-22
356,"KEC","KEC INTL. LIMITED","MICRO_CAP",588.95,0.92,4.17,14.39,26,58,"BEARISH",-2.56,3,10,0,NA,NA,NA,NA,NA,523046677.45,"SELL",2026-04-22
436,"SILVER","BIRLASLAMC - SILVER","MICRO_CAP",246.21,-0.49,0.56,22.21,26,52.9,"BULLISH",-6.81,3,8,0,NA,NA,NA,NA,NA,356196833.57,"SELL",2026-04-22
551,"RAIN","RAIN INDUSTRIES LIMITED","MICRO_CAP",132.69,1.19,4.37,29,26,61.2,"BULLISH",-18.53,5,8,0,NA,NA,NA,NA,NA,204179957.91,"SELL",2026-04-22
606,"MANYAVAR","VEDANT FASHIONS LIMITED","MICRO_CAP",449.95,-0.2,3.59,33,26,69,"BEARISH",-2.53,5,8,0,NA,NA,NA,NA,NA,163197398.65,"SELL",2026-04-22
742,"MINDACORP","MINDA CORPORATION LTD","MICRO_CAP",541.45,-0.55,5.13,10.31,26,56.5,"BEARISH",-2.81,3,10,0,NA,NA,NA,NA,NA,85331827.85,"SELL",2026-04-22
819,"MANAKCOAT","MAN COAT METAL & IND LTD","MICRO_CAP",105.49,-4.9,-1.19,4.56,26,44.7,"BEARISH",-12.58,1,8,0,NA,NA,NA,NA,NA,55427414.01,"SELL",2026-04-22
825,"AXISILVER","AXISAMC - AXISILVER","MICRO_CAP",244.95,-0.64,0.32,22.6,26,52.7,"BULLISH",-6.94,3,8,0,10,10,10,10,10,53062764.37,"SELL",2026-04-22
1,"HCLTECH","HCL TECHNOLOGIES LTD","LARGE_CAP",1285.3,-10.82,-11.44,-5.4,25.3,32.1,"BEARISH",-16.59,5,8,0,NA,NA,NA,NA,NA,43132618848.4,"SELL",2026-04-22
25,"M&M","MAHINDRA & MAHINDRA LTD","LARGE_CAP",3149.7,-3.01,-3.28,6.56,25.3,47.8,"BEARISH",-7.71,1,12,0,NA,NA,NA,NA,NA,9883172474,"SELL",2026-04-22
53,"KOTAKBANK","KOTAK MAHINDRA BANK LTD","MID_CAP",376.85,-1.39,-1.45,5.69,25.3,40.5,"BEARISH",-4.45,1,12,0,NA,NA,NA,NA,NA,5476270851.95,"SELL",2026-04-22
451,"PETRONET","PETRONET LNG LIMITED","MICRO_CAP",279.55,0.64,3.14,17.43,25.3,56,"BULLISH",-2.19,1,10,0,NA,NA,NA,NA,NA,332818654.46,"SELL",2026-04-22
592,"NIFTYIETF","ICICI PRUD NIFTY ETF","MICRO_CAP",274.41,-0.66,0.41,8.07,25.3,56.3,"BEARISH",-1.21,3,12,0,NA,NA,NA,NA,NA,172640269.24,"SELL",2026-04-22
664,"POCL","PONDY OXIDES & CHEM LTD","MICRO_CAP",1192.7,1.29,-1.36,16.6,25.3,56,"BEARISH",-4.5,5,10,0,NA,NA,NA,NA,NA,125160405.1,"SELL",2026-04-22
885,"NIFTYETF","MIRAEAMC - MAN50ETF","MICRO_CAP",263.05,-0.76,0.61,8.12,25.3,56.1,"BEARISH",-1.39,3,12,0,NA,NA,NA,NA,NA,37386043.68,"SELL",2026-04-22
322,"HDFCSILVER","HDFCAMC - HDFCSILVER","MICRO_CAP",236.14,-0.54,0.21,23.07,24.7,52.5,"BULLISH",-7.29,3,8,0,NA,NA,NA,NA,NA,644203178.26,"SELL",2026-04-22
360,"SILVERIETF","ICICIPRAMC - ICICISILVE","MICRO_CAP",246.26,-0.63,0.46,22.84,24.7,52.8,"BULLISH",-7.01,3,8,0,NA,NA,NA,NA,NA,509773939.06,"SELL",2026-04-22
468,"ACC","ACC LIMITED","MICRO_CAP",1446.4,0.58,1.06,8.77,24.7,53.6,"BEARISH",-10.36,3,13,0,10,10,10,10,10,305581713.1,"SELL",2026-04-22
503,"HDBFS","HDB FINANCIAL SERVICES L","MICRO_CAP",671.9,-1.81,4.28,10.78,24.7,57.2,"BEARISH",-1.46,3,8,0,NA,NA,NA,NA,NA,259793601.9,"SELL",2026-04-22
591,"TEXRAIL","TEXMACO RAIL & ENG. LTD.","MICRO_CAP",106.33,2.48,4.62,26.01,24.7,61.4,"BEARISH",-9.91,5,13,0,NA,NA,NA,NA,NA,173505559.95,"SELL",2026-04-22
682,"RSYSTEMS","R SYS INTERNATIONAL LTD","MICRO_CAP",288.45,1.94,6.93,14.49,24.7,55.5,"BEARISH",-17.41,4,9,0,NA,NA,NA,NA,NA,120582828.5,"SELL",2026-04-22
765,"SIRCA","SIRCA PAINT INDIA LIMITED","MICRO_CAP",445.7,-0.12,1.51,11.8,24.7,54.5,"BEARISH",-2.43,1,10,0,NA,NA,NA,NA,NA,75887949.3,"SELL",2026-04-22
852,"SILVERAG","SILVERAG","MICRO_CAP",240.25,-0.54,0.59,21.26,24.7,52.7,"BULLISH",-7.86,3,8,0,NA,NA,NA,NA,NA,45573391.63,"SELL",2026-04-22
876,"TAJGVK","TAJ GVK HOTELS & RESORTS","MICRO_CAP",335.65,-1.4,1.11,17.79,24.7,55,"BEARISH",-7.02,3,10,0,NA,NA,NA,NA,NA,39142031.15,"SELL",2026-04-22
887,"SHK","S H KELKAR AND CO. LTD.","MICRO_CAP",147.26,-1.13,3.09,21.53,24.7,61.3,"BEARISH",-4.51,5,8,0,NA,NA,NA,NA,NA,36645704.47,"SELL",2026-04-22
561,"SETFNIF50","SBI-ETF NIFTY 50","MICRO_CAP",260.68,-0.67,0.63,8.05,24,56.7,"BEARISH",-1.22,1,12,0,NA,NA,NA,NA,NA,191226096.62,"SELL",2026-04-22
637,"GPPL","GUJARAT PIPAVAV PORT LTD","MICRO_CAP",158.08,-0.42,2.73,9.72,24,53.3,"BEARISH",-1.75,3,10,0,NA,NA,NA,NA,NA,138100651.57,"SELL",2026-04-22
862,"GOCOLORS","GO FASHION INDIA LTD","MICRO_CAP",293.82,1.58,1.52,15.4,24,54,"BEARISH",-20.07,5,15,0,NA,NA,NA,NA,NA,42806186.45,"SELL",2026-04-22
4,"INFY","INFOSYS LIMITED","LARGE_CAP",1268.6,-3.4,-2.81,0.94,23.3,41.7,"BEARISH",-13.24,2,10,0,NA,NA,NA,NA,NA,25498272367.7,"SELL",2026-04-22
110,"LODHA","LODHA DEVELOPERS LIMITED","MID_CAP",884.8,1.04,2.82,21.56,23.3,60,"BEARISH",-12.09,3,11,0,NA,NA,NA,NA,NA,2768179588.95,"SELL",2026-04-22
457,"SYNGENE","SYNGENE INTERNATIONAL LTD","MICRO_CAP",435.95,-1.96,5.05,9.58,23.3,57.4,"BEARISH",-3.59,3,8,0,NA,NA,NA,NA,NA,324388779.2,"SELL",2026-04-22
458,"GOKEX","GOKALDAS EXPORTS LTD.","MICRO_CAP",749.7,-2.45,7.9,33.07,23.3,64,"BEARISH",-5.82,5,6,0,NA,NA,NA,NA,NA,324164814.55,"SELL",2026-04-22
541,"DREDGECORP","DREDGING CORP OF INDIA","MICRO_CAP",963.5,-2.14,6.42,16.72,23.3,57.2,"BEARISH",-9.34,5,8,0,NA,NA,NA,NA,NA,217632449.85,"SELL",2026-04-22
574,"PWL","PWL","MICRO_CAP",108.42,-0.8,2.86,24.94,23.3,68.2,"BULLISH",-6.89,5,6,0,NA,NA,NA,NA,NA,181387534.27,"SELL",2026-04-22
714,"HGINFRA","H.G.INFRA ENGINEERING LTD","MICRO_CAP",619.1,-1.44,-1.81,32.4,23.3,66.1,"BEARISH",-3.27,5,6,0,NA,NA,NA,NA,NA,98563540.35,"SELL",2026-04-22
830,"PURVA","PURAVANKARA LIMITED","MICRO_CAP",218.13,-1.37,-6.26,30.48,23.3,59.1,"BEARISH",-3.77,5,6,0,NA,NA,NA,NA,NA,51482259.25,"SELL",2026-04-22
888,"VRLLOG","VRL LOGISTICS LIMITED","MICRO_CAP",257.09,-1.03,-2.75,7.19,23.3,50.7,"BEARISH",-5.06,3,10,0,NA,NA,NA,NA,NA,35561311.42,"SELL",2026-04-22
923,"SAKSOFT","SAKSOFT LIMITED","MICRO_CAP",146.75,0.09,3,27.88,23.3,61.2,"BEARISH",-10.16,5,11,0,NA,NA,NA,NA,NA,22118952.99,"SELL",2026-04-22
945,"ADSL","ALLIED DIGITAL SERV. LTD","MICRO_CAP",119.96,0.84,1.88,25,23.3,60.5,"BEARISH",-5.92,5,9,0,10,10,10,10,10,13070942.66,"SELL",2026-04-22
81,"ANGELONE","ANGEL ONE LIMITED","MID_CAP",328.59,1.4,10.35,48.74,22.7,31.5,"BEARISH",-83.61,5,6,10,48.22,47.61,40.83,52.83,56,3765326343.21,"SELL",2026-04-22
242,"UPL","UPL LIMITED","SMALL_CAP",653.85,-0.07,-0.9,8.54,22.7,55.1,"BEARISH",-9.66,3,10,0,NA,NA,NA,NA,NA,1115367292.3,"SELL",2026-04-22
443,"AFFLE","AFFLE 3I LIMITED","MICRO_CAP",1446.4,-1.13,1.94,14.01,22.7,54.2,"BEARISH",-8.4,5,10,0,10,10,10,10,10,340929481.4,"SELL",2026-04-22
599,"HAPPSTMNDS","HAPPIEST MINDS TECHNO LTD","MICRO_CAP",377.2,-0.15,-0.97,-3.93,22.7,47.3,"BEARISH",-0.92,1,10,0,NA,NA,NA,NA,NA,167280246.2,"SELL",2026-04-22
608,"JUSTDIAL","JUSTDIAL LTD.","MICRO_CAP",545.35,-1.01,0.27,8.91,22.7,49.1,"BEARISH",-15.95,4,10,0,NA,NA,NA,NA,NA,162758709.05,"SELL",2026-04-22
856,"SUPRAJIT","SUPRAJIT ENGINEERING LTD","MICRO_CAP",428.7,1.56,3.11,7.12,22.7,54.5,"BEARISH",-5.3,3,10,0,NA,NA,NA,NA,NA,43823455.9,"SELL",2026-04-22
71,"WIPRO","WIPRO LTD","MID_CAP",204,-0.49,-2.74,8.78,22,52.4,"BEARISH",-8.41,3,12,0,NA,NA,NA,NA,NA,4438408371.28,"SELL",2026-04-22
365,"IRCTC","INDIAN RAIL TOUR CORP LTD","MICRO_CAP",558.55,-0.47,0.9,9.46,22,56.1,"BEARISH",-6.09,3,12,0,NA,NA,NA,NA,NA,497898878.05,"SELL",2026-04-22
484,"IKS","INVENTURUS KNOWLEDGE SO L","MICRO_CAP",1426.9,-0.76,-5.94,11.92,22,48.8,"BEARISH",-7.15,3,10,0,NA,NA,NA,NA,NA,283318108.5,"SELL",2026-04-22
557,"GSPL","GUJARAT STATE PETRO LTD","MICRO_CAP",281.61,0.72,15.9,19.68,22,65.8,"BEARISH",-1.86,3,4,0,NA,NA,NA,NA,NA,194920724.92,"SELL",2026-04-22
814,"ICIL","INDO COUNT INDUSTRIES LTD","MICRO_CAP",274.44,0.47,4.43,22.11,22,59.4,"BEARISH",-11.89,5,6,0,NA,NA,NA,NA,NA,56769643.99,"SELL",2026-04-22
891,"LICMFGOLD","LIC MF - LIC GOLD ETF","MICRO_CAP",136.15,0.07,0.11,12.43,22,12.4,"BEARISH",-94.86,1,13,0,NA,NA,NA,NA,NA,34460197.3,"SELL",2026-04-22
913,"JUNIPER","JUNIPER HOTELS LIMITED","MICRO_CAP",212.87,1.81,-3.05,10.05,22,51.6,"BEARISH",-5.45,1,10,0,NA,NA,NA,NA,NA,25974548.29,"SELL",2026-04-22
14,"RELIANCE","RELIANCE INDUSTRIES LTD","LARGE_CAP",1362.1,0.65,1.34,-3.25,21.3,49.4,"STRONG_BEARISH",-2.34,0,12,0,NA,NA,NA,NA,NA,12959100398.9,"SELL",2026-04-22
313,"AMBUJACEM","AMBUJA CEMENTS LTD","MICRO_CAP",460.9,1.02,1.52,16.58,21.3,55.5,"BEARISH",-10,3,13,0,10,10,10,10,10,677671517.3,"SELL",2026-04-22
330,"SHAKTIPUMP","SHAKTI PUMPS (I) LTD","MICRO_CAP",564.25,0.67,6.48,19.72,21.3,60.6,"BEARISH",-7.06,5,8,0,NA,NA,NA,NA,NA,623997610.4,"SELL",2026-04-22
440,"RELIGARE","RELIGARE ENTER. LTD.","MICRO_CAP",223.83,-1.2,1.19,11.3,21.3,51.6,"BEARISH",-9.34,1,12,0,NA,NA,NA,NA,NA,349447243.09,"SELL",2026-04-22
575,"SONATSOFTW","SONATA SOFTWARE LTD","MICRO_CAP",268.09,-1.78,5.63,19.15,21.3,58.6,"BEARISH",-10.89,5,8,0,NA,NA,NA,NA,NA,181338345.31,"SELL",2026-04-22
586,"TBOTEK","TBO TEK LIMITED","MICRO_CAP",1277.2,-0.16,4.15,25.46,21.3,61.5,"BEARISH",-7.9,5,8,0,NA,NA,NA,NA,NA,175074486.4,"SELL",2026-04-22
716,"TARC","TARC LIMITED","MICRO_CAP",140.35,1.95,10.66,22.27,21.3,61.8,"BEARISH",-6.45,5,6,0,NA,NA,NA,NA,NA,96127221.05,"SELL",2026-04-22
721,"INDIGOPNTS","INDIGO PAINTS LIMITED","MICRO_CAP",890.9,1.9,6.68,24.96,21.3,64.2,"BEARISH",-8.85,5,8,0,NA,NA,NA,NA,NA,93904305.35,"SELL",2026-04-22
756,"SILVERBETA","SILVERBETA","MICRO_CAP",238.19,-0.56,0.29,23.54,21.3,52.7,"NEUTRAL",-6.72,3,8,0,NA,NA,NA,NA,NA,81131758.46,"SELL",2026-04-22
771,"THOMASCOOK","THOMAS COOK (INDIA) LTD","MICRO_CAP",107.02,-0.26,-0.63,14.37,21.3,56,"BEARISH",-6.86,3,8,0,NA,NA,NA,NA,NA,72525333.47,"SELL",2026-04-22
823,"SOLARWORLD","SOLARWORLD","MICRO_CAP",200.24,2.18,2.78,36.16,21.3,59.6,"BEARISH",-6.63,5,6,0,NA,NA,NA,NA,NA,53504055.02,"SELL",2026-04-22
883,"AJMERA","AJMERA REALTY & INF I LTD","MICRO_CAP",125.45,0.8,2.12,24.37,21.3,48.1,"BEARISH",-11.33,5,8,0,10,10,10,10,10,37893692.4,"SELL",2026-04-22
423,"GUJGASLTD","GUJARAT GAS LIMITED","MICRO_CAP",382.85,2.3,17.56,14.18,20.7,64.9,"BEARISH",-3.68,3,4,0,NA,NA,NA,NA,NA,382651486.6,"SELL",2026-04-22
488,"IXIGO","LE TRAVENUES TECHNOLOGY L","MICRO_CAP",178.37,-2.47,1.53,7.08,20.7,52.2,"BEARISH",-10.4,5,10,0,NA,NA,NA,NA,NA,279253118.84,"SELL",2026-04-22
623,"VINATIORGA","VINATI ORGANICS LTD","MICRO_CAP",1312.7,2.1,6.58,-2.92,20.7,47.6,"STRONG_BEARISH",-10.88,0,18,0,NA,NA,NA,NA,NA,150460152.7,"SELL",2026-04-22
706,"AEGISVOPAK","AEGIS VOPAK TERMINALS LTD","MICRO_CAP",195,-1.65,-0.56,11.21,20.7,53.4,"BEARISH",-10.56,5,10,0,10,10,10,10,10,106319225.78,"SELL",2026-04-22
899,"SILVERTUC","SILVER TOUCH TECHNO LTD","MICRO_CAP",135.94,5,7.33,16.29,20.7,23.2,"BEARISH",-86.18,6,6,0,NA,NA,NA,NA,NA,31273413.04,"SELL",2026-04-22
937,"VERANDA","VERANDA LEARNING SOL LTD","MICRO_CAP",154.87,-0.74,0.44,13.82,20.7,51.8,"BEARISH",-18.39,5,10,0,NA,NA,NA,NA,NA,17722417.97,"SELL",2026-04-22
171,"FSL","FIRSTSOURCE SOLU. LTD.","SMALL_CAP",224.34,-2.87,1.81,8.28,20,48.1,"BEARISH",-22.19,4,6,0,NA,NA,NA,NA,NA,1890369798.32,"SELL",2026-04-22
298,"PATANJALI","PATANJALI FOODS LIMITED","SMALL_CAP",472.1,0.85,1.59,1.9,20,47.9,"STRONG_BEARISH",-3.34,0,12,0,NA,NA,NA,NA,NA,781994667.9,"SELL",2026-04-22
401,"JKTYRE","JK TYRE & INDUSTRIES LTD","MICRO_CAP",426.85,0.66,0.55,8.88,20,49.7,"BEARISH",-17.73,1,13,0,NA,NA,NA,NA,NA,417988382.6,"SELL",2026-04-22
493,"STALLION","STALLION IND FLUOROCHEM L","MICRO_CAP",162.92,0.3,14.23,49.52,20,68.5,"NEUTRAL",-8.84,5,6,0,NA,NA,NA,NA,NA,273446146.76,"SELL",2026-04-22
615,"ZAGGLE","ZAGGLE PREPA OCEAN SER L","MICRO_CAP",260.46,-0.44,-0.41,33.94,20,59.6,"BEARISH",-9.08,5,6,0,NA,NA,NA,NA,NA,157049479.94,"SELL",2026-04-22
686,"INFOBEAN","INFOBEANS TECHNO. LTD.","MICRO_CAP",182.67,3.64,5.65,39,20,40.3,"BEARISH",-74.77,5,9,0,NA,NA,NA,NA,NA,118411199.49,"SELL",2026-04-22
774,"KALAMANDIR","SAI SILKS (KALAMANDIR) L","MICRO_CAP",103.52,2.86,4.08,8.05,20,55.1,"BEARISH",-7.92,3,11,0,NA,NA,NA,NA,NA,70888925.88,"SELL",2026-04-22
892,"ORIENTTECH","ORIENT TECHNOLOGIES LTD","MICRO_CAP",287.85,-0.43,1.29,16.14,20,56.4,"BEARISH",-12.04,3,8,0,NA,NA,NA,NA,NA,34313352.08,"SELL",2026-04-22
936,"ELIN","ELIN ELECTRONICS LIMITED","MICRO_CAP",120.18,2.5,-0.75,9.47,20,52.5,"BEARISH",-21.54,1,8,0,NA,NA,NA,NA,NA,17992127.94,"SELL",2026-04-22
176,"HINDPETRO","HINDUSTAN PETROLEUM CORP","SMALL_CAP",382.55,-0.48,4.34,19.87,19.3,56.9,"BEARISH",-12.47,5,8,0,NA,NA,NA,NA,NA,1822741290.15,"SELL",2026-04-22
287,"SRF","SRF LTD","SMALL_CAP",2492.8,0.88,-0.31,4.24,19.3,49.1,"BEARISH",-10.49,1,12,0,NA,NA,NA,NA,NA,813123697.6,"SELL",2026-04-22
387,"ITCHOTELS","ITC HOTELS LIMITED","MICRO_CAP",163.54,-0.91,0.8,16.72,19.3,56.8,"BEARISH",-7.8,3,10,0,NA,NA,NA,NA,NA,452211416.59,"SELL",2026-04-22
409,"NEWGEN","NEWGEN SOFTWARE TECH LTD","MICRO_CAP",474.6,-0.53,0.38,12.85,19.3,52.6,"BEARISH",-11.17,3,10,0,NA,NA,NA,NA,NA,404439350.65,"SELL",2026-04-22
724,"RATNAVEER","RATNAVEER PRECISION ENG L","MICRO_CAP",146.36,0.64,-7.8,9.45,19.3,50.3,"BEARISH",-4.08,1,8,0,NA,NA,NA,NA,NA,92780422.92,"SELL",2026-04-22
735,"KITEX","KITEX GARMENTS LTD","MICRO_CAP",172.37,0.12,1.71,14.75,19.3,54.7,"BEARISH",-15.54,3,10,0,NA,NA,NA,NA,NA,88567785.45,"SELL",2026-04-22
49,"MARUTI","MARUTI SUZUKI INDIA LTD.","LARGE_CAP",13337,-0.92,0.36,7.95,18.7,49.8,"BEARISH",-7.35,3,10,0,NA,NA,NA,NA,NA,5822042057,"SELL",2026-04-22
275,"ECLERX","ECLERX SERVICES LTD","SMALL_CAP",1499.5,-4.13,0.7,6.82,18.7,32.1,"BEARISH",-62.75,4,2,0,NA,NA,NA,NA,NA,914426564,"SELL",2026-04-22
402,"V2RETAIL","V2 RETAIL LIMITED","MICRO_CAP",205.52,4.01,5.09,-88.76,18.7,13.1,"STRONG_BEARISH",-85.95,3,11,0,NA,NA,NA,NA,NA,417191014.65,"SELL",2026-04-22
531,"LATENTVIEW","LATENT VIEW ANALYTICS LTD","MICRO_CAP",299.35,-1.19,-1.06,19.93,18.7,49,"BEARISH",-27.02,5,8,0,NA,NA,NA,NA,NA,232469654.7,"SELL",2026-04-22
631,"VINCOFE","VINTAGE COFFEE N BVRGS L","MICRO_CAP",135.57,-1.78,-5.56,1.79,18.7,47.2,"BEARISH",-6.96,3,10,0,NA,NA,NA,NA,NA,142875448.96,"SELL",2026-04-22
674,"YATRA","YATRA ONLINE LIMITED","MICRO_CAP",119.89,-0.02,-2.25,17.02,18.7,57.9,"BEARISH",-14.07,5,4,0,NA,NA,NA,NA,NA,121930673.45,"SELL",2026-04-22
763,"UGROCAP","UGRO CAPITAL LIMITED","MICRO_CAP",110.48,-2.1,9.8,27.21,18.7,58.5,"BEARISH",-26.85,5,4,0,NA,NA,NA,NA,NA,76230706.05,"SELL",2026-04-22
855,"RGL","RENAISSANCE GLOBAL LTD","MICRO_CAP",104.09,-0.86,-3.55,20.78,18.7,48.4,"BEARISH",-6.68,3,8,0,NA,NA,NA,NA,NA,44091596.06,"SELL",2026-04-22
141,"INDUSTOWER","INDUS TOWERS LIMITED","MID_CAP",408.15,-1.59,-2.88,-1.32,18,39.1,"BEARISH",-4.14,0,6,0,NA,NA,NA,NA,NA,2314768655.25,"SELL",2026-04-22
580,"WEL","WONDER ELECTRICALS LTD","MICRO_CAP",104.93,7.53,12.39,-18.22,18,49.6,"STRONG_BEARISH",-21.34,0,14,0,NA,NA,NA,NA,NA,179620215.52,"SELL",2026-04-22
602,"SWANCORP","SWANCORP","MICRO_CAP",346.9,-0.13,4.43,11.65,18,53.2,"BEARISH",-14.24,3,8,0,NA,NA,NA,NA,NA,164822010.45,"SELL",2026-04-22
627,"HIRECT","HIND RECTIFIER LIMITED","MICRO_CAP",931.7,4.15,10.16,-35.09,18,44.3,"STRONG_BEARISH",-27.15,0,14,0,NA,NA,NA,NA,NA,146029468.1,"SELL",2026-04-22
653,"SAPPHIRE","SAPPHIRE FOODS INDIA LTD","MICRO_CAP",176.58,-0.36,0.54,14.31,18,54.5,"BEARISH",-8.76,3,8,0,NA,NA,NA,NA,NA,132307775.46,"SELL",2026-04-22
718,"PROTEAN","PROTEAN EGOV TECHNO LTD","MICRO_CAP",551.05,0.4,-3.03,11.67,18,54.3,"BEARISH",-10.11,3,8,0,NA,NA,NA,NA,NA,95411509.6,"SELL",2026-04-22
764,"GENESYS","GENESYS INTL CORPN LTD","MICRO_CAP",265.72,2.5,4.57,7.49,18,53.4,"BEARISH",-13.52,0,11,0,NA,NA,NA,NA,NA,75903975.08,"SELL",2026-04-22
928,"ECOSMOBLTY","ECOS (INDIA) MOB & HOSP L","MICRO_CAP",143.99,0,4.4,34.89,18,58.4,"BEARISH",-23.15,5,6,0,NA,NA,NA,NA,NA,21281365.9,"SELL",2026-04-22
6,"HDFCBANK","HDFC BANK LTD","LARGE_CAP",799.9,-1.46,-1.23,7.49,17.3,47.9,"BEARISH",-11.91,1,10,0,NA,NA,NA,NA,NA,19199237337.7,"SELL",2026-04-22
850,"JARO","JARO","MICRO_CAP",435.7,-0.37,0.23,-4.77,17.3,48.3,"STRONG_BEARISH",-5.13,0,8,0,NA,NA,NA,NA,NA,46582035.05,"SELL",2026-04-22
920,"LAOPALA","LA OPALA RG LIMITED","MICRO_CAP",180.04,-0.98,0.67,1.64,17.3,47.8,"BEARISH",-6.34,0,8,0,NA,NA,NA,NA,NA,22629682.22,"SELL",2026-04-22
239,"IOC","INDIAN OIL CORP LTD","SMALL_CAP",147.36,0.03,1.47,6.7,16.7,50.3,"BEARISH",-10.55,1,8,0,NA,NA,NA,NA,NA,1130352779.9,"SELL",2026-04-22
282,"ICICIPRULI","ICICI PRU LIFE INS CO LTD","SMALL_CAP",540.05,-1.83,-3.78,1.66,16.7,40.9,"BEARISH",-14.06,0,10,0,NA,NA,NA,NA,NA,830969305.7,"SELL",2026-04-22
316,"REDINGTON","REDINGTON LIMITED","MICRO_CAP",225.8,-0.64,0.46,9.66,16.7,50.4,"BEARISH",-16.05,1,8,0,NA,NA,NA,NA,NA,670016481.16,"SELL",2026-04-22
727,"SYMPHONY","SYMPHONY LIMITED","MICRO_CAP",802.65,0.07,1.23,10.38,16.7,55.8,"BEARISH",-10.99,1,8,0,NA,NA,NA,NA,NA,91475750.65,"SELL",2026-04-22
848,"EFCIL","EFC (I) LIMITED","MICRO_CAP",198.87,-0.11,0.12,8.42,16.7,45.9,"BEARISH",-23.44,1,8,0,NA,NA,NA,NA,NA,46948458.21,"SELL",2026-04-22
938,"RESPONIND","RESPONSIVE INDUSTRIES LTD","MICRO_CAP",153.32,-0.21,-0.21,9.42,16.7,53.6,"BEARISH",-17.46,1,8,0,NA,NA,NA,NA,NA,17283381.91,"SELL",2026-04-22
195,"HEROMOTOCO","HERO MOTOCORP LIMITED","SMALL_CAP",5189,-1.33,-1.86,2.45,16,46.4,"BEARISH",-7.16,1,10,0,NA,NA,NA,NA,NA,1538585459.5,"SELL",2026-04-22
250,"HYUNDAI","HYUNDAI MOTOR INDIA LTD","SMALL_CAP",1849.5,-1.92,3.82,-0.96,16,46.5,"BEARISH",-11.38,0,8,0,NA,NA,NA,NA,NA,1024085347.4,"SELL",2026-04-22
338,"M&MFIN","M&M FIN. SERVICES LTD","MICRO_CAP",300.25,-1.99,0.1,2.46,16,44.1,"BEARISH",-14.69,0,8,0,NA,NA,NA,NA,NA,566638753.75,"SELL",2026-04-22
663,"RAMCOCEM","THE RAMCO CEMENTS LIMITED","MICRO_CAP",991.9,-1.17,-1.15,14.35,16,49.9,"BEARISH",-9.89,1,8,0,NA,NA,NA,NA,NA,125543190.85,"SELL",2026-04-22
864,"HARIOMPIPE","HARIOM PIPE INDUSTRIES L","MICRO_CAP",317.2,0.4,7.71,4.72,16,53.4,"BEARISH",-18.51,1,7,0,NA,NA,NA,NA,NA,42439525.95,"SELL",2026-04-22
132,"HDFCLIFE","HDFC LIFE INS CO LTD","MID_CAP",604.05,-1.65,-5.68,2.02,15.3,43.4,"BEARISH",-12.23,0,8,0,NA,NA,NA,NA,NA,2424187973.15,"SELL",2026-04-22
353,"JYOTICNC","JYOTI CNC AUTOMATION LTD","MICRO_CAP",766.55,0.99,9.72,6.1,15.3,51.1,"STRONG_BEARISH",-4.33,1,4,0,NA,NA,NA,NA,NA,526543326.4,"SELL",2026-04-22
833,"FINOPB","FINO PAYMENTS BANK LTD","MICRO_CAP",139.11,1.21,3.19,-1.04,14.7,44.8,"BEARISH",-35.21,0,6,0,NA,NA,NA,NA,NA,51366880.46,"SELL",2026-04-22
845,"STANLEY","STANLEY LIFESTYLES LTD","MICRO_CAP",144.21,0.13,3.1,3.95,14.7,51.7,"BEARISH",-14.75,0,6,0,NA,NA,NA,NA,NA,47642992.01,"SELL",2026-04-22
754,"MAHLIFE","MAHINDRA LIFESPACE DEVLTD","MICRO_CAP",319.9,-1.25,-6.6,-1.31,14,41.7,"BEARISH",-10.23,0,8,0,NA,NA,NA,NA,NA,81574098.4,"SELL",2026-04-22
942,"WAKEFIT","WAKEFIT","MICRO_CAP",147.09,-0.47,-3.78,-5.09,11.3,37.2,"BEARISH",-14.56,0,10,0,NA,NA,NA,NA,NA,16261850.39,"SELL",2026-04-22
