"RANK","SYMBOL","COMPANY_NAME","MARKET_CAP_CATEGORY","CURRENT_PRICE","CHANGE_1D","CHANGE_1W","CHANGE_1M","TECHNICAL_SCORE","RSI","TREND_SIGNAL","RELATIVE_STRENGTH","CAN_SLIM_SCORE","MINERVINI_SCORE","FUNDAMENTAL_SCORE","ENHANCED_FUND_SCORE","EARNINGS_QUALITY","SALES_GROWTH","FINANCIAL_STRENGTH","INSTITUTIONAL_BACKING","TRADING_VALUE","TRADING_SIGNAL","ANALYSIS_DATE"
65,"AVANTIFEED","AVANTI FEEDS LIMITED","MID_CAP",1473.3,5.83,0.97,19.74,80.7,66.6,"STRONG_BULLISH",85.74,20,12,20,60,68.81,56,59.25,44.17,5082182761.2,"STRONG_BUY",2026-04-17
28,"BAJAJCON","BAJAJ CONSUMER CARE LTD","LARGE_CAP",469.95,9.57,8.72,33.17,78.7,72.9,"STRONG_BULLISH",39.38,20,12,20,61.4,60.24,65,60.25,60,9430400229.3,"BUY",2026-04-17
305,"CENTUM","CENTUM ELECTRONICS LTD","MICRO_CAP",3084.8,1.29,9.57,8.78,78.7,65.1,"STRONG_BULLISH",33.62,20,9,20,64.92,71.74,60,61.14,60,821515646.2,"BUY",2026-04-17
93,"CHENNPETRO","CHENNAI PETROLEUM CORP LT","MID_CAP",1041.85,6.22,6.98,2.63,77.3,58.9,"BULLISH",21.21,14,16,20,68.3,71.74,82,58.64,49.17,3793609055.8,"BUY",2026-04-17
127,"APEX","APEX FROZEN FOODS LIMITED","MID_CAP",466.85,8.72,7.26,26.3,77.3,67.8,"STRONG_BULLISH",60.79,20,12,15,57.85,71.74,64,58.27,10,2768601774.4,"BUY",2026-04-17
525,"DALMIASUG","DALMIA BHARAT SUG IN LTD","MICRO_CAP",394.15,4.56,6.18,31.19,76.7,68.8,"STRONG_BULLISH",43.82,15,16,20,69.58,73.7,84,58.64,49.17,274301149.8,"BUY",2026-04-17
561,"ARVIND","ARVIND LIMITED","MICRO_CAP",386.75,0.42,-0.85,5.9,76.7,61.4,"STRONG_BULLISH",24.73,18,13,15,57.39,51.96,61,57.27,66,238781012.75,"BUY",2026-04-17
144,"APARINDS","APAR INDUSTRIES LTD.","MID_CAP",11482,1.91,1.23,19.49,74,68.1,"STRONG_BULLISH",44.54,18,9,15,57.41,57.96,58.6,57.27,54.17,2363144549.5,"BUY",2026-04-17
212,"BELRISE","BELRISE INDUSTRIES LTD","SMALL_CAP",214.1,2.49,3.89,16.52,74,69.4,"STRONG_BULLISH",26.22,16,16,15,53.29,50.22,51,57.27,60,1497817232.82,"BUY",2026-04-17
307,"CARBORUNIV","CARBORUNDUM UNIVERSAL LTD","MICRO_CAP",940.1,6.02,4.99,22.46,74,72.5,"BULLISH",20.17,18,16,15,53.07,51.96,51,57.05,54.17,813358709.4,"BUY",2026-04-17
735,"CEIGALL","CEIGALL INDIA LIMITED","MICRO_CAP",306.95,2.25,2.28,10.55,74,69.5,"BULLISH",14.53,14,16,15,52.84,53.04,47,56.59,57,113042358.15,"BUY",2026-04-17
484,"ASTERDM","ASTER DM HEALTHCARE LTD.","MICRO_CAP",688.15,2.05,0.93,3.95,72.7,58.3,"STRONG_BULLISH",25.54,13,12,20,60.89,64.13,56,56.68,66,317125850.65,"BUY",2026-04-17
569,"ALIVUS","ALIVUS LIFE SCIENCES LTD","MICRO_CAP",1069.65,-0.14,2.24,13.56,72.7,76.8,"STRONG_BULLISH",12.21,18,10,15,55.45,52.14,59,54.24,60,229638277.6,"BUY",2026-04-17
758,"CLSEL","CHAMAN LAL SETIA EXP LTD","MICRO_CAP",285.36,5.25,5.11,18.36,72.7,65.9,"BEARISH",17.89,18,14,20,67.84,67.83,83,57.05,57,99835367.14,"BUY",2026-04-17
887,"ASIANENE","ASIAN ENERGY SERVICES LTD","MICRO_CAP",304.99,3.01,1.22,4.84,72.7,62.3,"BEARISH",19.95,13,14,25,75.48,78.33,94,62.75,54,51972518.87,"BUY",2026-04-17
6,"BSE","BSE LIMITED","LARGE_CAP",3531.5,2.46,7.63,17.89,72,74.1,"STRONG_BULLISH",27.17,16,11,20,61.34,64.35,60,57.05,61.25,21246736731.1,"BUY",2026-04-17
320,"AXISCADES","AXISCADES TECH LTD","MICRO_CAP",1885.5,4.9,11.71,29.7,72,72.8,"BULLISH",54.98,20,14,15,51.83,51.3,47,57.27,54,748957762.9,"BUY",2026-04-17
708,"NITINSPIN","NITIN SPINNERS LIMITED","MICRO_CAP",421.45,2.72,6.41,13.35,71.3,69.9,"STRONG_BULLISH",28.62,20,18,0,NA,NA,NA,NA,NA,124442466.25,"BUY",2026-04-17
57,"ATGL","ADANI TOTAL GAS LIMITED","MID_CAP",632.9,5.91,8.92,22.74,70.7,69.4,"BULLISH",21.02,16,10,15,52.51,50.22,47,56.14,63,5538074775.05,"BUY",2026-04-17
89,"ABB","ABB INDIA LIMITED","MID_CAP",7029.5,2.12,2.48,10.92,70.7,73.4,"STRONG_BULLISH",26.92,16,9,20,61.29,55.43,73,59.32,60,3915571790.5,"BUY",2026-04-17
150,"DELHIVERY","DELHIVERY LIMITED","MID_CAP",463,0.71,-1.52,9.57,70.7,62.7,"STRONG_BULLISH",10.38,14,13,15,53.74,51.96,47,57.27,65,2303527113.15,"BUY",2026-04-17
548,"CIEINDIA","CIE AUTOMOTIVE INDIA LTD","MICRO_CAP",490.2,1.52,0.92,1.87,70.7,61.3,"STRONG_BULLISH",18.13,12,15,15,55.88,56.96,53,58.64,54.17,252153532.05,"BUY",2026-04-17
582,"CAPACITE","CAPACITE INFRAPROJECT LTD","MICRO_CAP",262.51,5.45,12.87,19.15,70,66.4,"BEARISH",19.03,13,10,20,68.95,73.26,76,60.45,57,218587565.03,"BUY",2026-04-17
107,"DATAPATTNS","DATA PATTERNS INDIA LTD","MID_CAP",3494.2,0.11,6.87,5.82,69.3,63.2,"STRONG_BULLISH",31.69,16,9,15,52.76,52.39,47,57.5,57,3370942882.9,"BUY",2026-04-17
111,"CPPLUS","ADITYA INFOTECH LIMITED","MID_CAP",2264.3,7.91,19.53,34.47,69.3,84.5,"STRONG_BULLISH",64.75,20,12,10,40.08,38.12,24,51.39,57,3193203799.3,"BUY",2026-04-17
112,"CGPOWER","CG POWER AND IND SOL LTD","MID_CAP",774.8,2.5,5.98,9.57,69.3,67.2,"STRONG_BULLISH",33.57,16,9,15,55.37,53.04,51,57.5,66,3181237792.9,"BUY",2026-04-17
341,"ASTRAMICRO","ASTRA MICROWAVE LTD","MICRO_CAP",1093.45,1.74,7.66,15.58,69.3,70.7,"BULLISH",12.19,14,8,25,71.97,73.91,94,57.05,50,681781305.55,"BUY",2026-04-17
620,"BHAGYANGR","BHAGYANAGAR INDIA LIMITED","MICRO_CAP",211.96,3.37,16.34,40.37,68.7,78.4,"BULLISH",77.06,20,9,20,61.78,56.3,81,58.18,49.17,184427670.62,"BUY",2026-04-17
122,"BHARATWIRE","BHARAT WIRE ROPES LTD.","MID_CAP",221.96,20,29.35,31.42,68,79.3,"BEARISH",29.78,20,8,15,52.64,53.1,51,57.27,48,2844325223.18,"BUY",2026-04-17
706,"GULPOLY","GULSHAN POLYOLS LIMITED","MICRO_CAP",181.12,6.47,5.65,14.65,68,70.6,"STRONG_BULLISH",42.67,20,16,0,NA,NA,NA,NA,NA,125921508.93,"BUY",2026-04-17
742,"BIRLACABLE","BIRLA CABLE LIMITED","MICRO_CAP",160.32,13.19,22.7,21.04,68,70.3,"BEARISH",19.23,18,10,15,51.21,50.22,47,56.36,54,108079206.06,"BUY",2026-04-17
803,"UNIPARTS","UNIPARTS INDIA LIMITED","MICRO_CAP",517.5,1.14,1.74,12.51,68,62.5,"STRONG_BULLISH",20.58,18,15,0,NA,NA,NA,NA,NA,78513313.7,"BUY",2026-04-17
460,"TRUALT","TRUALT","MICRO_CAP",444.65,6,6.57,14.59,67.3,65.2,"BULLISH",17.36,18,18,0,NA,NA,NA,NA,NA,346543771.8,"BUY",2026-04-17
50,"ENGINERSIN","ENGINEERS INDIA LTD","LARGE_CAP",241.8,5.9,13.12,24.27,66.7,72.9,"STRONG_BULLISH",41.11,20,14,0,NA,NA,NA,NA,NA,6023260480.49,"BUY",2026-04-17
789,"BAJEL","BAJEL PROJECTS LIMITED","MICRO_CAP",179.23,0.29,6.13,6.67,66.7,64.7,"BULLISH",16.76,11,9,20,61.91,62.17,64,57.95,63,83194806.46,"BUY",2026-04-17
337,"CESC","CESC LTD","MICRO_CAP",171.49,0.59,8.87,9.68,66,74.9,"BULLISH",15.12,16,6,15,54.43,55.22,51,55.45,56.67,690879350.29,"BUY",2026-04-17
367,"BLACKBUCK","ZINKA LOGISTICS SOL LTD","MICRO_CAP",623.4,3.56,7.87,4.63,66,62.2,"STRONG_BEARISH",12.22,14,6,20,62.86,66.96,62,58.64,59,577328870.45,"BUY",2026-04-17
11,"NAVA","NAVA LIMITED","LARGE_CAP",703.1,12.23,16.8,24.33,65.3,77.8,"STRONG_BULLISH",25.6,20,12,0,NA,NA,NA,NA,NA,18032514973.3,"BUY",2026-04-17
139,"LLOYDSME","LLOYDS METALS N ENERGY L","MID_CAP",1623.3,4.28,7.77,30.18,65.3,79.2,"STRONG_BULLISH",47.98,18,14,0,NA,NA,NA,NA,NA,2510323947.7,"BUY",2026-04-17
198,"AEROFLEX","AEROFLEX INDUSTRIES LTD","SMALL_CAP",311.23,5.06,7.7,25.61,65.3,76.1,"STRONG_BULLISH",75.58,20,12,0,10,10,10,10,10,1657940861.18,"BUY",2026-04-17
434,"SHREEJISPG","SHREEJI SHIPPING GLOBAL L","MICRO_CAP",377.85,5.06,9.36,1.85,65.3,58.8,"BULLISH",24.25,18,14,0,NA,NA,NA,NA,NA,404264361.65,"BUY",2026-04-17
785,"FLAIR","FLAIR WRITING INDUST LTD","MICRO_CAP",334,2.36,5.55,4.7,65.3,67.2,"BULLISH",12.08,18,14,0,NA,NA,NA,NA,NA,85796481.05,"BUY",2026-04-17
820,"DIFFNKG","DIFFUSION ENGINEERS LTD","MICRO_CAP",310.92,4.61,10.27,23.38,65.3,70.2,"BULLISH",30.35,20,16,0,NA,NA,NA,NA,NA,72389217.6,"BUY",2026-04-17
153,"AUROPHARMA","AUROBINDO PHARMA LTD","SMALL_CAP",1386,-0.04,2.71,9.22,64.7,70.1,"STRONG_BULLISH",15.67,11,10,20,67.41,70.43,70,59.18,66,2234775090.3,"HOLD",2026-04-17
247,"PRIVISCL","PRIVI SPECIALITY CHE LTD","SMALL_CAP",3133.1,6.42,8.03,4.55,64.7,67.4,"BULLISH",12.3,18,14,0,NA,NA,NA,NA,NA,1139011752.8,"HOLD",2026-04-17
270,"DEEPAKFERT","DEEPAK FERTILIZERS & PETR","SMALL_CAP",1230.35,2.64,13,30.42,64.7,71.3,"BULLISH",17.44,13,7,25,70.76,75.43,76,62.95,60,1011092333.8,"HOLD",2026-04-17
465,"DCXINDIA","DCX SYSTEMS LIMITED","MICRO_CAP",194.91,2.43,11.88,12.74,64.7,66,"BEARISH",10.97,13,7,20,62.14,56.3,81,56.36,54,336490494.49,"HOLD",2026-04-17
614,"BLISSGVS","BLISS GVS PHARMA LTD","MICRO_CAP",258.22,-0.27,-0.29,19.87,64.7,67.8,"STRONG_BULLISH",47.02,15,8,20,66.8,73.48,70,56.82,57,187473930.5,"HOLD",2026-04-17
146,"NAM-INDIA","NIPPON L I A M LTD","MID_CAP",1015.05,5.2,6.26,14.72,64,65.5,"BULLISH",16.51,18,12,0,NA,NA,NA,NA,NA,2325765108.15,"HOLD",2026-04-17
165,"ZENTEC","ZEN TECHNOLOGIES LIMITED","SMALL_CAP",1616.5,6.05,4.87,11.69,64,71.5,"STRONG_BULLISH",15.1,18,12,0,NA,NA,NA,NA,NA,1993316358.9,"HOLD",2026-04-17
171,"JINDALSAW","JINDAL SAW LIMITED","SMALL_CAP",236.28,6.71,15.33,19.3,64,75.1,"STRONG_BULLISH",35.34,20,10,0,NA,NA,NA,NA,NA,1970955490.34,"HOLD",2026-04-17
194,"CAMS","COMPUTER AGE MNGT SER LTD","SMALL_CAP",750.15,1.59,4.8,13.98,64,64.6,"BEARISH",8.84,12,13,15,53.24,52.39,47,58.41,59,1702478824.2,"HOLD",2026-04-17
388,"MBAPL","MADHYA BHARAT AGRO P. LTD","MICRO_CAP",509.55,-7.04,-2.72,13.4,64,53.9,"STRONG_BULLISH",24.84,20,8,0,NA,NA,NA,NA,NA,506621061.35,"HOLD",2026-04-17
480,"CARERATING","CARE RATINGS LIMITED","MICRO_CAP",1614.8,2.74,3.28,3.37,64,57.7,"BULLISH",1.68,7,18,15,52.76,51.19,47,56.75,61.25,322351443.9,"HOLD",2026-04-17
489,"PARKHOSPS","PARKHOSPS","MICRO_CAP",216.47,5.17,2.86,7.63,64,63.7,"BULLISH",41.81,18,16,0,NA,NA,NA,NA,NA,310768495.07,"HOLD",2026-04-17
609,"MAHLOG","MAHINDRA LOGISTIC LIMITED","MICRO_CAP",431.6,3.11,11.32,12.98,64,68.7,"BULLISH",20.57,18,12,0,NA,NA,NA,NA,NA,192430255.15,"HOLD",2026-04-17
16,"APOLLO","APOLLO MICRO SYSTEMS LTD","LARGE_CAP",282.9,16.82,19.08,37.14,63.3,75.4,"BEARISH",9.41,14,10,15,54.74,51.67,59,56.14,54,14561145057.51,"HOLD",2026-04-17
26,"TITAN","TITAN COMPANY LIMITED","LARGE_CAP",4525.9,1.45,0.46,9.18,63.3,63.4,"STRONG_BULLISH",14.7,16,15,0,NA,NA,NA,NA,NA,9473332466.7,"HOLD",2026-04-17
102,"JINDALSTEL","JINDAL STEEL LIMITED","MID_CAP",1270,3.39,4.17,7.7,63.3,65.3,"BULLISH",13.1,16,18,0,NA,NA,NA,NA,NA,3607101926.5,"HOLD",2026-04-17
623,"GODAVARIB","GODAVARI BIOREFINERIES L","MICRO_CAP",322.05,1.91,2.12,-0.83,63.3,59.2,"STRONG_BULLISH",28.86,16,15,0,NA,NA,NA,NA,NA,181830276.45,"HOLD",2026-04-17
936,"DHARMAJ","DHARMAJ CROP GUARD LTD","MICRO_CAP",271.24,-1.72,0.41,12.52,63.3,66.5,"STRONG_BULLISH",12.33,16,10,0,NA,NA,NA,NA,NA,33600373.1,"HOLD",2026-04-17
117,"AMBER","AMBER ENTERPRISES (I) LTD","MID_CAP",7958.5,3.16,9.85,16.18,62.7,67.7,"BULLISH",40.14,16,2,15,59.89,69.2,78.33,55.65,10,3096439483,"HOLD",2026-04-17
129,"CUMMINSIND","CUMMINS INDIA LTD","MID_CAP",5140.9,2.04,0.04,8.97,62.7,64.3,"STRONG_BULLISH",25.92,15,10,15,53.02,50.65,51,55.68,59.17,2716485997,"HOLD",2026-04-17
213,"TORNTPOWER","TORRENT POWER LTD","SMALL_CAP",1565,2.85,6.33,7.61,62.7,67.4,"BULLISH",13.69,14,14,0,NA,NA,NA,NA,NA,1487956912.3,"HOLD",2026-04-17
321,"KSB","KSB LIMITED","MICRO_CAP",968.2,2.79,8.39,19.34,62.7,83.6,"STRONG_BULLISH",37.62,18,14,0,NA,NA,NA,NA,NA,746960972.9,"HOLD",2026-04-17
448,"SPMLINFRA","SPML INFRA LIMITED","MICRO_CAP",210.99,7.44,11.72,23.03,62.7,69.6,"BEARISH",24.99,20,12,0,NA,NA,NA,NA,NA,377459967.71,"HOLD",2026-04-17
505,"KIRLPNU","KIRLOSKAR PNEUMATIC COM L","MICRO_CAP",1263.4,1.06,4.92,19.38,62.7,72.7,"BULLISH",11.64,18,13,0,NA,NA,NA,NA,NA,294506562.1,"HOLD",2026-04-17
524,"POKARNA","POKARNA LIMITED","MICRO_CAP",927.45,0.54,3.46,7.27,62.7,55.9,"BULLISH",27.35,18,13,0,NA,NA,NA,NA,NA,274444448.7,"HOLD",2026-04-17
647,"HAPPYFORGE","HAPPY FORGINGS LIMITED","MICRO_CAP",1336.6,1.6,3.14,3.6,62.7,63.5,"STRONG_BULLISH",26.55,16,9,0,NA,NA,NA,NA,NA,160016686.4,"HOLD",2026-04-17
46,"DMART","AVENUE SUPERMARTS LIMITED","LARGE_CAP",4628.5,4.52,5.18,20.41,62,71.8,"STRONG_BULLISH",26.36,16,16,0,NA,NA,NA,NA,NA,6266543386,"HOLD",2026-04-17
91,"FACT","FACT LTD","MID_CAP",902.75,3.54,5.26,10.89,62,66.8,"BULLISH",11.44,18,10,0,NA,NA,NA,NA,NA,3886512234.3,"HOLD",2026-04-17
105,"ATHERENERG","ATHER ENERGY LIMITED","MID_CAP",850.95,-1.75,-1.4,13.43,62,61.8,"STRONG_BULLISH",37.88,15,4,20,63.36,53.7,85,53.64,66,3423465078.5,"HOLD",2026-04-17
180,"WABAG","VA TECH WABAG LTD","SMALL_CAP",1389.5,-3.53,2.51,12.97,62,62.2,"BULLISH",29.84,20,8,0,NA,NA,NA,NA,NA,1914803207.8,"HOLD",2026-04-17
293,"AZAD","AZAD ENGINEERING LIMITED","SMALL_CAP",1904.3,2.31,11.71,25.66,62,78.3,"BULLISH",30.11,16,4,15,55.24,52.39,51,58.18,66,885968097.9,"HOLD",2026-04-17
541,"DEEDEV","DEE DEVELOPMENT ENG LTD","MICRO_CAP",370,-3.26,7.71,31.3,62,69.1,"STRONG_BULLISH",96.69,15,4,20,67.63,72.83,70,57.73,63,255293013.45,"HOLD",2026-04-17
575,"SATIN","SATIN CREDIT NET LTD","MICRO_CAP",175.49,8.55,10.01,18.53,62,76.9,"BULLISH",11.73,18,12,0,NA,NA,NA,NA,NA,222028106.1,"HOLD",2026-04-17
581,"BALUFORGE","BALU FORGE INDUSTRIES LTD","MICRO_CAP",486.05,0.16,4.11,5.84,62,58.7,"BEARISH",16.06,13,11,20,62.43,70.95,60,60.25,46.67,218668887.1,"HOLD",2026-04-17
693,"MANGLMCEM","MANGALAM CEMENT LTD","MICRO_CAP",918.1,1.89,6.07,11.32,62,65.9,"STRONG_BULLISH",17.93,16,13,0,NA,NA,NA,NA,NA,129341418.95,"HOLD",2026-04-17
781,"KSOLVES","KSOLVES INDIA LIMITED","MICRO_CAP",349.27,8.92,12.49,22.51,62,71.8,"BEARISH",35.87,20,14,0,NA,NA,NA,NA,NA,87645161,"HOLD",2026-04-17
940,"MONQ50","MOTILALAMC - MONQ50","MICRO_CAP",122.73,1.21,6.69,27.87,62,86.1,"STRONG_BULLISH",25.48,18,13,0,NA,NA,NA,NA,NA,33123833.14,"HOLD",2026-04-17
1002,"ATLASCYCLE","ATLAS CYCLE (HARYANA) LTD","MICRO_CAP",108.73,2.78,5.5,31.51,62,63.7,"BEARISH",17,16,5,20,62.58,57.17,85,58.57,45,11328270.56,"HOLD",2026-04-17
7,"WAAREERTL","WAAREE RENEWABLE TECH LTD","LARGE_CAP",1116.1,5.26,21.47,29.16,61.3,79.2,"BULLISH",24.18,20,10,0,NA,NA,NA,NA,NA,19934282375.7,"HOLD",2026-04-17
32,"BHEL","BHEL","LARGE_CAP",316.79,2.43,11.27,21.77,61.3,74.9,"BULLISH",21.5,18,2,15,53.94,54.13,47,55.45,63,7839830551.35,"HOLD",2026-04-17
35,"PREMIERENE","PREMIER ENERGIES LIMITED","LARGE_CAP",1034.6,3.14,6.09,18.97,61.3,80.8,"BULLISH",44.62,20,14,0,NA,NA,NA,NA,NA,7727065147.3,"HOLD",2026-04-17
62,"COHANCE","COHANCE LIFESCIENCES LTD","MID_CAP",390.55,7.6,3.35,27.53,61.3,71.6,"BULLISH",3.34,11,10,20,60.05,57.61,67,60.68,54.17,5284458936.55,"HOLD",2026-04-17
88,"QPOWER","QUALITY POWER ELEC EQUP L","MID_CAP",1206.05,5.98,25.36,46.06,61.3,80.1,"STRONG_BULLISH",81.81,20,10,0,NA,NA,NA,NA,NA,3920987241.3,"HOLD",2026-04-17
288,"KPIGREEN","KPI GREEN ENERGY LIMITED","SMALL_CAP",448.25,1.67,9.04,16.35,61.3,68.6,"BULLISH",14.18,16,11,0,NA,NA,NA,NA,NA,908018863.9,"HOLD",2026-04-17
513,"SBCL","SHIVALIK BIMETAL CON. LTD","MICRO_CAP",523,1.65,7.54,24.81,61.3,72.7,"BULLISH",23.95,20,9,0,NA,NA,NA,NA,NA,286627641.2,"HOLD",2026-04-17
618,"APOLLOPIPE","APOLLO PIPES LIMITED","MICRO_CAP",466.8,2.42,6.43,15.66,61.3,68.9,"STRONG_BULLISH",74.93,15,8,15,55.88,55.87,53,58.64,57,184899007.35,"HOLD",2026-04-17
639,"BALRAMCHIN","BALRAMPUR CHINI MILLS LTD","MICRO_CAP",486,0.47,2.64,2.11,61.3,52.7,"BULLISH",16.53,9,12,20,69.75,71.09,82,56.82,63,165647332,"HOLD",2026-04-17
687,"DATAMATICS","DATAMATICS GLOBAL SER LTD","MICRO_CAP",747.8,2.22,5.25,5.22,61.3,57.8,"BEARISH",7.67,10,16,15,55.34,56.74,53,56.45,54,130248373.4,"HOLD",2026-04-17
1,"SCI","SHIPPING CORP OF INDIA LT","LARGE_CAP",305.87,5.86,25.72,27.31,60.7,77,"BULLISH",36.63,20,8,0,NA,NA,NA,NA,NA,30878368834.6,"HOLD",2026-04-17
19,"WAAREEENER","WAAREE ENERGIES LIMITED","LARGE_CAP",3466.2,0.8,5.63,8.84,60.7,75.5,"STRONG_BULLISH",25.26,18,7,0,NA,NA,NA,NA,NA,12931279637.4,"HOLD",2026-04-17
48,"ADANIENSOL","ADANI ENERGY SOLUTION LTD","LARGE_CAP",1259.8,3.04,8.8,21.52,60.7,76.5,"STRONG_BULLISH",41.7,18,12,0,10,10,10,10,10,6171291667.55,"HOLD",2026-04-17
251,"ACMESOLAR","ACME SOLAR HOLDINGS LTD","SMALL_CAP",304.65,5.98,13.4,22.5,60.7,72.4,"STRONG_BULLISH",35.84,16,14,0,10,10,10,10,10,1115926707.7,"HOLD",2026-04-17
329,"GRANULES","GRANULES INDIA LIMITED","MICRO_CAP",655.7,0.72,3.76,11.68,60.7,65.1,"STRONG_BULLISH",15.82,14,13,0,NA,NA,NA,NA,NA,715480246.5,"HOLD",2026-04-17
348,"FINCABLES","FINOLEX CABLES LTD","MICRO_CAP",940.55,2.96,10.95,7.25,60.7,66.5,"STRONG_BULLISH",31.14,16,6,0,NA,NA,NA,NA,NA,639550448.65,"HOLD",2026-04-17
529,"INDRAMEDCO","INDRAPRASTHA MEDICAL CORP","MICRO_CAP",427.1,0.52,-2.7,4.9,60.7,56.5,"BULLISH",18.52,16,13,0,NA,NA,NA,NA,NA,269503300.5,"HOLD",2026-04-17
542,"KPEL","K.P. ENERGY LIMITED","MICRO_CAP",357.87,6.38,18.66,27.92,60.7,74.1,"BEARISH",23.43,20,12,0,NA,NA,NA,NA,NA,254943533.12,"HOLD",2026-04-17
565,"SOUTHWEST","SOUTH WEST PINNACLE LTD","MICRO_CAP",256.24,3.41,12.12,24.77,60.7,72.6,"BULLISH",80.25,20,12,0,NA,NA,NA,NA,NA,236821519.36,"HOLD",2026-04-17
643,"WHEELS","WHEELS INDIA LTD","MICRO_CAP",1067.05,3.82,2.22,9.64,60.7,62.7,"BULLISH",40.9,16,14,0,NA,NA,NA,NA,NA,163327143.35,"HOLD",2026-04-17
663,"BIKAJI","BIKAJI FOODS INTERN LTD","MICRO_CAP",660.05,2.84,3.04,6.74,60.7,63.3,"BEARISH",1.24,7,20,15,52.34,49.57,47,56.59,63,149237938.1,"HOLD",2026-04-17
714,"DEEPINDS","DEEP INDUSTRIES LIMITED","MICRO_CAP",477.35,-0.9,4.43,29.87,60.7,65.2,"BULLISH",29.28,15,6,20,62.64,63.48,74.6,58,46.67,121592863.65,"HOLD",2026-04-17
728,"GODREJAGRO","GODREJ AGROVET LIMITED","MICRO_CAP",615.75,1.32,3.95,4.19,60.7,61,"BULLISH",16.32,12,13,0,NA,NA,NA,NA,NA,115107427.75,"HOLD",2026-04-17
739,"SSWL","STEEL STRIPS WHEELS LTD.","MICRO_CAP",220.94,3.53,5.1,18.3,60.7,67.5,"BULLISH",9.14,14,14,0,NA,NA,NA,NA,NA,109687818.62,"HOLD",2026-04-17
882,"LOKESHMACH","LOKESH MACHINES LTD","MICRO_CAP",275.27,4.81,17.75,32.92,60.7,75.8,"STRONG_BULLISH",58.27,18,12,0,NA,NA,NA,NA,NA,53856785.81,"HOLD",2026-04-17
899,"BALMLAWRIE","BALMER LAWRIE & CO LTD","MICRO_CAP",176.25,1.59,3.74,7.1,60.7,61.2,"BEARISH",3.3,7,13,20,68.31,75.22,82,61.59,36,45209604.24,"HOLD",2026-04-17
967,"GLOBAL","GLOBAL EDUCATION LIMITED","MICRO_CAP",101.53,4.24,2.83,-0.66,60.7,57.6,"BULLISH",46.39,16,13,0,NA,NA,NA,NA,NA,24798957.83,"HOLD",2026-04-17
982,"KOTHARIPET","KOTHARI PETROCHEM LTD","MICRO_CAP",135.24,6.5,9.75,24.53,60.7,70.7,"BEARISH",14.91,18,14,0,NA,NA,NA,NA,NA,19594280.7,"HOLD",2026-04-17
98,"NTPCGREEN","NTPC GREEN ENERGY LIMITED","MID_CAP",111.96,2.91,15.22,14.42,60,74.6,"BULLISH",30.84,18,10,0,NA,NA,NA,NA,NA,3683131989.64,"HOLD",2026-04-17
242,"NATCOPHARM","NATCO PHARMA LTD.","SMALL_CAP",1119.7,3.03,1.4,16.89,60,67.9,"STRONG_BULLISH",34.86,16,15,0,NA,NA,NA,NA,NA,1166533158.75,"HOLD",2026-04-17
248,"CROMPTON","CROMPT GREA CON ELEC LTD","SMALL_CAP",261.45,0.18,8.16,4.52,60,61.9,"BEARISH",18.97,12,6,15,57.18,56.52,61,56.59,53.33,1133445692.26,"HOLD",2026-04-17
282,"ANANDRATHI","ANAND RATHI WEALTH LTD","SMALL_CAP",3689.8,1.57,3.11,20.43,60,82.7,"STRONG_BULLISH",28.79,15,13,15,50.33,50.65,47,56.59,46.67,968702383.7,"HOLD",2026-04-17
358,"AVANTEL","AVANTEL LIMITED","MICRO_CAP",160.3,3.27,4.98,20.45,60,68.7,"BEARISH",4.05,7,14,15,51.41,52.39,47,57.5,48,615506698.38,"HOLD",2026-04-17
379,"SGFIN","SG FINSERVE LIMITED","MICRO_CAP",513.65,-0.59,11.38,34.08,60,74.4,"STRONG_BULLISH",54.35,18,6,0,NA,NA,NA,NA,NA,526998125.15,"HOLD",2026-04-17
556,"CRAMC","CRAMC","MICRO_CAP",278.14,3.55,5.81,16.4,60,66.9,"BEARISH",11.92,16,12,0,NA,NA,NA,NA,NA,243825443.6,"HOLD",2026-04-17
612,"UNIVCABLES","UNIVERSAL CABLES LTD","MICRO_CAP",841.2,5.15,9.55,28.79,60,71.8,"BULLISH",16.64,16,12,0,NA,NA,NA,NA,NA,189393935.2,"HOLD",2026-04-17
636,"TIPSMUSIC","TIPS MUSIC LIMITED","MICRO_CAP",585.55,1.92,8.55,10.7,60,67,"BULLISH",8.58,14,13,0,NA,NA,NA,NA,NA,166821959.25,"HOLD",2026-04-17
838,"IVALUE","IVALUE","MICRO_CAP",269.02,5.02,11.87,15.34,60,70,"BULLISH",12.51,16,12,0,NA,NA,NA,NA,NA,67992348.6,"HOLD",2026-04-17
37,"KALYANKJIL","KALYAN JEWELLERS IND LTD","LARGE_CAP",426.85,-3.05,-4.96,9.56,59.3,55.7,"BULLISH",18.94,18,10,0,NA,NA,NA,NA,NA,7193318187.1,"HOLD",2026-04-17
83,"VSTIND","VST INDUSTRIES LTD","MID_CAP",264.83,9.65,15.82,16.88,59.3,74.9,"BEARISH",13.8,18,12,0,NA,NA,NA,NA,NA,4327034922.4,"HOLD",2026-04-17
175,"PNBHOUSING","PNB HOUSING FIN LTD.","SMALL_CAP",923.7,3.35,6.82,14.37,59.3,67.7,"BEARISH",13.23,16,11,0,NA,NA,NA,NA,NA,1957421441,"HOLD",2026-04-17
188,"SONACOMS","SONA BLW PRECISION FRGS L","SMALL_CAP",593.85,2.24,7.14,16.03,59.3,69.9,"STRONG_BULLISH",20.7,14,11,0,NA,NA,NA,NA,NA,1757142687.2,"HOLD",2026-04-17
310,"KAJARIACER","KAJARIA CERAMICS LTD","MICRO_CAP",1178.35,0.7,5.14,23.33,59.3,75.2,"BULLISH",31.49,18,9,0,NA,NA,NA,NA,NA,798610294.55,"HOLD",2026-04-17
335,"ADFFOODS","ADF FOODS LIMITED","MICRO_CAP",226.94,15.16,18.15,22.51,59.3,73.2,"BEARISH",29.92,20,10,0,10,10,10,10,10,693698855.15,"HOLD",2026-04-17
411,"SKIPPER","SKIPPER LIMITED","MICRO_CAP",433.35,6.4,12.76,22.07,59.3,73.9,"BEARISH",20.72,18,12,0,NA,NA,NA,NA,NA,453392004.95,"HOLD",2026-04-17
477,"SAMBHV","SAMBHV STEEL TUBES LTD","MICRO_CAP",122.01,4.79,8.73,31.55,59.3,73.3,"BULLISH",35.49,18,14,0,NA,NA,NA,NA,NA,324552300.53,"HOLD",2026-04-17
537,"WINDMACHIN","WINDSOR MACHINES LIMITED","MICRO_CAP",305.99,7.18,18.23,38.55,59.3,76.4,"BEARISH",17.1,18,12,0,NA,NA,NA,NA,NA,258350718.07,"HOLD",2026-04-17
545,"DLINKINDIA","D-LINK INDIA LTD","MICRO_CAP",446.2,4.26,4.79,10.17,59.3,66.5,"BEARISH",9.09,14,16,0,NA,NA,NA,NA,NA,253382492.05,"HOLD",2026-04-17
712,"MANORG","MANGALAM ORGANICS LIMITED","MICRO_CAP",478.4,7.84,11.7,18.08,59.3,72.3,"BEARISH",17.08,18,12,0,NA,NA,NA,NA,NA,121629865.3,"HOLD",2026-04-17
749,"PITTIENG","PITTI ENGINEERING LIMITED","MICRO_CAP",928.2,4.83,10.66,16.84,59.3,69.7,"BULLISH",19.02,16,7,0,NA,NA,NA,NA,NA,104465046,"HOLD",2026-04-17
922,"BIRLAMONEY","ADITYA BIRLA MONEY LTD","MICRO_CAP",141.43,1.83,7.34,20.98,59.3,69.3,"BEARISH",14.55,18,9,0,10,10,10,10,10,38960315.09,"HOLD",2026-04-17
5,"GMDCLTD","GUJARAT MINERAL DEV CORP","LARGE_CAP",736.9,-1.32,22.19,31.77,58.7,79.1,"STRONG_BULLISH",28.46,20,2,0,NA,NA,NA,NA,NA,23079760482.5,"HOLD",2026-04-17
134,"APOLLOHOSP","APOLLO HOSPITALS ENTER. L","MID_CAP",7699,1.93,2.5,3.05,58.7,59.3,"BULLISH",11.52,9,8,15,51.11,51.2,45.83,55.87,53.33,2632645155,"HOLD",2026-04-17
225,"RAMRAT","RAM RATNA WIRES LIMITED","SMALL_CAP",389.8,12.81,17.68,24.44,58.7,77.1,"BEARISH",33.7,20,12,0,NA,NA,NA,NA,NA,1334891310.55,"HOLD",2026-04-17
278,"KTKBANK","KARNATAKA BANK LIMITED","SMALL_CAP",246.23,-0.04,1.34,6.19,58.7,66,"STRONG_BULLISH",36.16,16,8,0,NA,NA,NA,NA,NA,986367821.81,"HOLD",2026-04-17
369,"EDELWEISS","EDELWEISS FIN SERV LTD","MICRO_CAP",119.06,1.45,2.14,7.7,58.7,63.7,"BULLISH",12.4,14,13,0,NA,NA,NA,NA,NA,566053764.04,"HOLD",2026-04-17
427,"EPL","EPL LIMITED","MICRO_CAP",233.55,1.4,-0.2,19.24,58.7,64.9,"STRONG_BULLISH",22.6,16,8,0,NA,NA,NA,NA,NA,417644479.62,"HOLD",2026-04-17
572,"VISHNU","VISHNU CHEMICALS LIMITED","MICRO_CAP",580.95,-0.98,12.75,12.18,58.7,71.2,"STRONG_BULLISH",11.73,18,4,0,NA,NA,NA,NA,NA,225717441.05,"HOLD",2026-04-17
611,"QUADFUTURE","QUADRANT FUTURE TEK LTD","MICRO_CAP",327.1,3.82,8.11,6.58,58.7,64.3,"BULLISH",8.09,12,14,0,NA,NA,NA,NA,NA,189870482.6,"HOLD",2026-04-17
56,"POLYCAB","POLYCAB INDIA LIMITED","MID_CAP",8182.5,3.53,5.88,10.96,58,65.1,"BULLISH",17.58,14,12,0,NA,NA,NA,NA,NA,5564712424,"HOLD",2026-04-17
136,"ASTRAL","ASTRAL LIMITED","MID_CAP",1605,1.67,-1.53,-3.8,58,50.7,"BEARISH",9.61,7,8,20,62.97,68.04,60,59.41,59.17,2600092912,"HOLD",2026-04-17
319,"NCC","NCC LIMITED","MICRO_CAP",161.26,0.56,5.36,9.86,58,66.5,"BEARISH",11.04,14,11,0,NA,NA,NA,NA,NA,752765120.32,"HOLD",2026-04-17
373,"WHIRLPOOL","WHIRLPOOL OF INDIA LTD","MICRO_CAP",889.8,4.85,7.2,5.88,58,60.4,"BEARISH",15.32,14,14,0,NA,NA,NA,NA,NA,548832038.2,"HOLD",2026-04-17
549,"GLOBUSSPR","GLOBUS SPIRITS LTD","MICRO_CAP",1014.3,6.49,8.43,15.65,58,66.8,"BEARISH",10.08,16,9,0,NA,NA,NA,NA,NA,251784819.65,"HOLD",2026-04-17
600,"NEOGEN","NEOGEN CHEMICALS LIMITED","MICRO_CAP",1511.6,0.61,10.7,13.71,58,66.6,"BULLISH",25.17,16,5,0,NA,NA,NA,NA,NA,204480693.7,"HOLD",2026-04-17
635,"ANTHEM","ANTHEM BIOSCIENCES LTD","MICRO_CAP",721.1,-0.3,-3.13,11.21,58,62.3,"STRONG_BULLISH",21.23,15,8,10,41.3,39.38,26,52.5,57,167077709.65,"HOLD",2026-04-17
676,"CCL","CCL PRODUCTS (I) LTD","MICRO_CAP",1089.4,1.76,1.03,4.15,58,54.2,"STRONG_BULLISH",13.16,9,10,15,55.23,51.9,55,56.36,63,140145470.1,"HOLD",2026-04-17
715,"KOPRAN","KOPRAN LTD","MICRO_CAP",159.29,2,1.21,35.21,58,72.2,"BULLISH",25.31,16,14,0,NA,NA,NA,NA,NA,121558614.25,"HOLD",2026-04-17
978,"BHARATSE","BHARAT SEATS LIMITED","MICRO_CAP",183.46,-0.96,3.69,10.24,58,60,"BULLISH",28.45,15,6,15,52.61,50.22,51,56.14,57,22200985.65,"HOLD",2026-04-17
58,"COCHINSHIP","COCHIN SHIPYARD LIMITED","MID_CAP",1561.1,4.21,6.59,10.57,57.3,64.4,"BEARISH",-5.04,8,14,25,74.88,76.52,94,58.86,60,5523881903.7,"HOLD",2026-04-17
94,"SIEMENS","SIEMENS LTD","MID_CAP",3707.9,4.04,9.43,15.12,57.3,72,"BULLISH",20.47,16,7,0,NA,NA,NA,NA,NA,3792447122.4,"HOLD",2026-04-17
143,"HEG","HEG LTD","MID_CAP",633,0.98,12.94,23.85,57.3,69.9,"BULLISH",17.7,13,8,0,NA,NA,NA,NA,NA,2366793631.2,"HOLD",2026-04-17
145,"KEI","KEI INDUSTRIES LTD.","MID_CAP",4839.3,4.13,8.53,10.23,57.3,65.7,"BULLISH",21.26,16,9,0,NA,NA,NA,NA,NA,2346966074.7,"HOLD",2026-04-17
231,"PTC","PTC INDIA LIMITED","SMALL_CAP",184.75,0.93,11,12.82,57.3,69.3,"BULLISH",8.07,14,9,0,NA,NA,NA,NA,NA,1277281442.13,"HOLD",2026-04-17
313,"SANSERA","SANSERA ENGINEERING LTD","MICRO_CAP",2378.3,-0.78,1.75,8.16,57.3,63.6,"STRONG_BULLISH",37.97,16,6,0,NA,NA,NA,NA,NA,779599844.7,"HOLD",2026-04-17
325,"BANDHANBNK","BANDHAN BANK LIMITED","MICRO_CAP",174.47,0.17,3.81,6.71,57.3,60.4,"BULLISH",13.73,11,4,20,65.58,70.71,70,56.47,56.67,738455938.26,"HOLD",2026-04-17
344,"KPRMILL","KPR MILL LTD.","MICRO_CAP",927.7,3.79,6.39,10.63,57.3,64.5,"BEARISH",7.6,14,16,0,NA,NA,NA,NA,NA,664411640,"HOLD",2026-04-17
421,"GOKEX","GOKALDAS EXPORTS LTD.","MICRO_CAP",726.55,3.23,7.37,22,57.3,63.6,"BEARISH",33,15,14,0,NA,NA,NA,NA,NA,437763949.55,"HOLD",2026-04-17
426,"DIACABS","DIAMOND POWER INFRA LTD","MICRO_CAP",149.61,0.9,9.13,14.93,57.3,67.7,"BEARISH",23,18,6,0,NA,NA,NA,NA,NA,422552166.02,"HOLD",2026-04-17
530,"ANURAS","ANUPAM RASAYAN INDIA LTD","MICRO_CAP",1288,1.71,0.14,3.84,57.3,55.6,"BULLISH",4.34,3,15,15,55.72,58.04,51,58.27,54,267005760.4,"HOLD",2026-04-17
555,"BBOX","BLACK BOX LIMITED","MICRO_CAP",541.25,2.06,3.34,6.47,57.3,61.4,"BEARISH",5.97,8,11,15,59.11,60.65,65,56.14,49.17,245653533.2,"HOLD",2026-04-17
684,"ENTERO","ENTERO HEALTHCARE SOLU L","MICRO_CAP",1278.1,2.27,6.76,14.95,57.3,68.6,"STRONG_BULLISH",16.59,14,8,0,NA,NA,NA,NA,NA,132964176.4,"HOLD",2026-04-17
692,"NAVNETEDUL","NAVNEET EDUCATION LTD","MICRO_CAP",158.76,6.01,17.77,20.32,57.3,70.9,"BEARISH",11.91,18,9,0,NA,NA,NA,NA,NA,129791737.1,"HOLD",2026-04-17
738,"IONEXCHANG","ION EXCHANGE (INDIA) LTD","MICRO_CAP",400.75,1.01,5.99,18.09,57.3,66.6,"BULLISH",14.05,14,11,0,NA,NA,NA,NA,NA,110261354.5,"HOLD",2026-04-17
819,"NEPHROPLUS","NEPHROPLUS","MICRO_CAP",585.8,3.27,4.55,5.75,57.3,60.9,"NEUTRAL",11.92,16,11,0,NA,NA,NA,NA,NA,72808941.2,"HOLD",2026-04-17
921,"NELCAST","NELCAST LIMITED","MICRO_CAP",141.32,3.16,14.54,11.89,57.3,71.9,"STRONG_BULLISH",59.41,18,2,0,NA,NA,NA,NA,NA,39448350.87,"HOLD",2026-04-17
80,"COLPAL","COLGATE PALMOLIVE LTD.","MID_CAP",2106,6.5,8.61,8.47,56.7,64.4,"BEARISH",0.52,9,12,15,53.47,50.65,55,54.77,56.67,4387989665.5,"HOLD",2026-04-17
132,"GVT&D","GE VERNOVA T&D INDIA LTD","MID_CAP",4138.2,1.57,1.75,8.68,56.7,63.9,"STRONG_BULLISH",29.02,15,11,0,NA,NA,NA,NA,NA,2659410969.4,"HOLD",2026-04-17
202,"MOTILALOFS","MOTILAL OSWAL FIN LTD","SMALL_CAP",815.45,4.17,4.74,16.78,56.7,65.4,"BEARISH",9.12,12,14,0,NA,NA,NA,NA,NA,1644827106.5,"HOLD",2026-04-17
210,"ENRIN","SIEMENS ENERGY INDIA LTD","SMALL_CAP",3019.6,4.08,7.33,6.3,56.7,67,"BEARISH",22.32,16,12,0,NA,NA,NA,NA,NA,1522237574.8,"HOLD",2026-04-17
245,"GESHIP","THE GE SHPG.LTD","SMALL_CAP",1424.3,3.11,3.74,-1.16,56.7,54.4,"BULLISH",19.37,10,14,0,NA,NA,NA,NA,NA,1156425089,"HOLD",2026-04-17
360,"ABDL","ALLIED BLEND N DISTILS L","MICRO_CAP",573.8,6.36,12.64,35.52,56.7,75.3,"BEARISH",18.94,14,7,10,41.05,38.33,50,58.57,10,609973871.85,"HOLD",2026-04-17
361,"TRANSRAILL","TRANSRAIL LIGHTING LTD","MICRO_CAP",581.5,4.01,4.86,12.95,56.7,65.8,"BEARISH",17.74,14,14,0,NA,NA,NA,NA,NA,605931169.8,"HOLD",2026-04-17
404,"IMFA","INDIAN METALS & FERRO","MICRO_CAP",1565.4,0.88,11.85,24.39,56.7,76.4,"STRONG_BULLISH",35.19,18,6,0,NA,NA,NA,NA,NA,466121316.2,"HOLD",2026-04-17
435,"RUBICON","RUBICON","MICRO_CAP",898.9,3.25,7.51,17.06,56.7,71.4,"STRONG_BULLISH",32.28,18,6,0,NA,NA,NA,NA,NA,404028997.3,"HOLD",2026-04-17
450,"BORORENEW","BOROSIL RENEWABLES LTD","MICRO_CAP",497.7,2.6,6.45,13.83,56.7,68.4,"BEARISH",1.67,7,14,20,63.2,57.38,81,59.5,54,374248311.95,"HOLD",2026-04-17
694,"SUMICHEM","SUMITOMO CHEM INDIA LTD","MICRO_CAP",442.4,4.49,5.69,13.64,56.7,69.5,"BEARISH",8.9,10,16,0,NA,NA,NA,NA,NA,128471856.7,"HOLD",2026-04-17
826,"GNA","GNA AXLES LIMITED","MICRO_CAP",435.9,-1.56,-1.6,10.09,56.7,60.2,"BULLISH",22.16,18,6,0,NA,NA,NA,NA,NA,70421411.85,"HOLD",2026-04-17
977,"MAWANASUG","MAWANA SUGARS LIMITED","MICRO_CAP",104.6,3.04,6.52,33.64,56.7,71.2,"STRONG_BULLISH",28.28,15,14,0,NA,NA,NA,NA,NA,22226941.8,"HOLD",2026-04-17
9,"ADANIPOWER","ADANI POWER LTD","LARGE_CAP",198.5,2.75,12.91,28.84,56,86.2,"STRONG_BULLISH",47.53,18,9,0,10,10,10,10,10,18614161406.13,"HOLD",2026-04-17
106,"KRN","KRN HEAT EXCHANGE N REF L","MID_CAP",1269.9,5.35,31.01,43.49,56,81.3,"STRONG_BULLISH",99.85,20,2,0,NA,NA,NA,NA,NA,3397915009.25,"HOLD",2026-04-17
235,"OSWALPUMPS","OSWAL PUMPS LIMITED","SMALL_CAP",432.55,5.87,16.37,35.74,56,76.1,"BULLISH",10.14,16,9,0,NA,NA,NA,NA,NA,1218817896.1,"HOLD",2026-04-17
272,"GPIL","GODAWARI POW & ISP LTD","SMALL_CAP",305.55,1.75,5.53,17.47,56,69.4,"STRONG_BULLISH",23.87,15,10,0,NA,NA,NA,NA,NA,1007823254.9,"HOLD",2026-04-17
317,"RRKABEL","R R KABEL LIMITED","MICRO_CAP",1475.6,1.42,5.66,2.6,56,60.8,"BULLISH",8.33,12,9,0,NA,NA,NA,NA,NA,765875881.6,"HOLD",2026-04-17
441,"ABSLAMC","ADIT BIRL SUN LIF AMC LTD","MICRO_CAP",1068.25,1.76,7.06,10.19,56,68.3,"STRONG_BULLISH",41.57,16,9,0,10,10,10,10,10,393447383.65,"HOLD",2026-04-17
491,"CHAMBLFERT","CHAMBAL FERTILIZERS LTD","MICRO_CAP",454.45,0.26,-0.49,3.54,56,55.7,"BEARISH",3.89,6,15,20,62.55,67.83,56,57.59,66,310393604,"HOLD",2026-04-17
494,"CPSEETF","CPSE ETF","MICRO_CAP",106.85,1.35,3.53,4.67,56,71.1,"STRONG_BULLISH",9.73,8,13,0,10,10,10,10,10,306167501.49,"HOLD",2026-04-17
607,"ASKAUTOLTD","ASK AUTOMOTIVE LIMITED","MICRO_CAP",436.8,0.37,-0.76,4.57,56,54.5,"BULLISH",-1.14,6,10,25,71.28,74.57,82,59.77,60,194487339.2,"HOLD",2026-04-17
621,"AVALON","AVALON TECHNOLOGIES LTD","MICRO_CAP",1119.3,1.57,5.76,19.06,56,70.5,"BULLISH",31.33,15,6,15,54.04,51.3,53,56.36,60,184093084.3,"HOLD",2026-04-17
633,"INDIAGLYCO","INDIA GLYCOLS LTD","MICRO_CAP",974.1,1.02,5.18,11.03,56,65.1,"BEARISH",11.75,14,13,0,NA,NA,NA,NA,NA,168451594.5,"HOLD",2026-04-17
808,"GOCLCORP","GOCL CORPORATION LIMITED","MICRO_CAP",324.1,4.82,15.89,33.68,56,72,"BULLISH",22.94,15,7,0,NA,NA,NA,NA,NA,77148117.75,"HOLD",2026-04-17
15,"GALLANTT","GALLANTT ISPAT LIMITED","LARGE_CAP",853.45,-7.94,29.61,53.54,55.3,74.9,"STRONG_BULLISH",64.99,20,2,0,NA,NA,NA,NA,NA,15821756831.7,"HOLD",2026-04-17
52,"NTPC","NTPC LTD","MID_CAP",393.6,0.72,3.54,3.99,55.3,63.9,"STRONG_BULLISH",11.47,10,9,0,NA,NA,NA,NA,NA,6003573095.35,"HOLD",2026-04-17
108,"CDSL","CENTRAL DEPO SER (I) LTD","MID_CAP",1393.2,1.86,6.89,12.94,55.3,66.9,"BEARISH",6.44,10,11,15,52.49,53.1,47,57.75,53,3354244736.5,"HOLD",2026-04-17
178,"BHARATFORG","BHARAT FORGE LTD","SMALL_CAP",1860.5,0.25,3.43,3.11,55.3,61.9,"BULLISH",29.99,13,4,15,54.83,55.22,53,56.82,54.17,1928684023.3,"HOLD",2026-04-17
311,"STYLEBAAZA","BAAZAR STYLE RETAIL LTD","MICRO_CAP",338.05,13.92,16.25,33.27,55.3,66.8,"BULLISH",4.88,11,14,0,NA,NA,NA,NA,NA,795256867.35,"HOLD",2026-04-17
318,"MANINDS","MAN INDUSTRIES (I) LTD.","MICRO_CAP",537.1,5.71,15.31,39.63,55.3,78,"BULLISH",65.92,16,9,0,NA,NA,NA,NA,NA,764546275.25,"HOLD",2026-04-17
458,"BLS","BLS INTL SERVS LTD","MICRO_CAP",296.85,-0.57,2.9,20.74,55.3,61,"BEARISH",16.21,13,8,15,54.09,53.1,51,57.75,57,347167926.93,"HOLD",2026-04-17
464,"AETHER","AETHER INDUSTRIES LIMITED","MICRO_CAP",1179.8,-0.64,-0.87,10.41,55.3,60.3,"STRONG_BULLISH",18.65,13,6,0,10,10,10,10,10,341110930.1,"HOLD",2026-04-17
624,"ARKADE","ARKADE DEVELOPERS LIMITED","MICRO_CAP",117.05,-2.36,1.75,9.81,55.3,60.6,"BEARISH",3.38,11,6,15,54.49,57.11,47,56.75,57,181526676.05,"HOLD",2026-04-17
733,"MEIL","MANGAL ELECTRICAL IND L","MICRO_CAP",302.85,4.39,18.28,25.43,55.3,70.6,"BEARISH",18.07,18,9,0,NA,NA,NA,NA,NA,113475996.88,"HOLD",2026-04-17
33,"GODFRYPHLP","GODFREY PHILLIPS INDIA LT","LARGE_CAP",2207.7,3.9,5.05,8.19,54.7,61.4,"BEARISH",9.37,12,14,0,NA,NA,NA,NA,NA,7823019054.1,"HOLD",2026-04-17
85,"SAIL","STEEL AUTHORITY OF INDIA","MID_CAP",173.33,1.17,4.4,12.25,54.7,67,"STRONG_BULLISH",15.6,13,10,0,NA,NA,NA,NA,NA,4247916638.23,"HOLD",2026-04-17
96,"RADICO","RADICO KHAITAN LTD","MID_CAP",3186.9,4.96,14.12,17.61,54.7,71,"BEARISH",13.6,18,5,0,NA,NA,NA,NA,NA,3767782936,"HOLD",2026-04-17
185,"INDSWFTLAB","IND SWIFT LABORATORIES LT","SMALL_CAP",131.86,-9.32,-6.2,-9.31,54.7,44.1,"STRONG_BULLISH",17.18,13,6,0,NA,NA,NA,NA,NA,1815520496,"HOLD",2026-04-17
286,"GRAPHITE","GRAPHITE INDIA LTD","SMALL_CAP",679.2,-0.4,6.33,8.88,54.7,60.3,"BULLISH",10.94,13,8,0,NA,NA,NA,NA,NA,923833245.65,"HOLD",2026-04-17
304,"TI","TILAKNAGAR INDUSTRIES LTD","MICRO_CAP",470,5.3,9.67,4.17,54.7,62.4,"STRONG_BEARISH",9.72,12,14,0,NA,NA,NA,NA,NA,825163923.1,"HOLD",2026-04-17
449,"YATHARTH","YATHARTH HOSP & TRA C S L","MICRO_CAP",755.75,-1.98,0.27,12.25,54.7,63.3,"BULLISH",29.61,16,6,0,NA,NA,NA,NA,NA,376173657.6,"HOLD",2026-04-17
519,"NRBBEARING","NRB BEARING LIMITED","MICRO_CAP",295.06,4.95,14.63,14.9,54.7,69.8,"BEARISH",16.44,18,2,0,NA,NA,NA,NA,NA,280967281.02,"HOLD",2026-04-17
592,"GOODLUCK","GOODLUCK INDIA LIMITED","MICRO_CAP",1229.05,3.54,10.32,16.24,54.7,69.1,"BEARISH",10.77,14,6,0,NA,NA,NA,NA,NA,212103187.2,"HOLD",2026-04-17
702,"NESCO","NESCO LTD.","MICRO_CAP",1208.4,3.18,5.28,13.29,54.7,69.1,"BEARISH",6.95,12,13,0,NA,NA,NA,NA,NA,126736668.3,"HOLD",2026-04-17
783,"SPLPETRO","SUPREME PETROCHEM LIMITED","MICRO_CAP",774.8,0.5,3.94,16.19,54.7,64.7,"STRONG_BULLISH",36.84,15,13,0,NA,NA,NA,NA,NA,85998214,"HOLD",2026-04-17
862,"AMANTA","AMANTA","MICRO_CAP",129.84,0.91,15.74,33.69,54.7,80.5,"BULLISH",26.57,20,4,0,NA,NA,NA,NA,NA,58480524.83,"HOLD",2026-04-17
867,"DHAMPURSUG","DHAMPUR SUGAR MILLS LTD.","MICRO_CAP",142.47,0.63,0.92,18.27,54.7,62.3,"STRONG_BULLISH",22.85,15,13,0,NA,NA,NA,NA,NA,57330299.72,"HOLD",2026-04-17
27,"ADANIPORTS","ADANI PORT & SEZ LTD","LARGE_CAP",1573.4,1.52,6.65,12.23,54,67.3,"BEARISH",11.73,16,8,0,10,10,10,10,10,9451702560.6,"HOLD",2026-04-17
154,"NLCINDIA","NLC INDIA LIMITED","SMALL_CAP",300.65,0.97,12.52,14.82,54,70.4,"STRONG_BULLISH",16.95,16,4,0,NA,NA,NA,NA,NA,2210820253.35,"HOLD",2026-04-17
239,"BEML","BEML LIMITED","SMALL_CAP",1772.4,1.86,9.33,13.6,54,66.9,"BEARISH",-0.34,8,11,15,52.07,49.57,47,55.23,63,1176246979.1,"HOLD",2026-04-17
378,"THANGAMAYL","THANGAMAYIL JEWELLERY LTD","MICRO_CAP",4210.6,-1.58,1.73,20.24,54,67,"STRONG_BULLISH",27.71,16,6,0,NA,NA,NA,NA,NA,530890954.3,"HOLD",2026-04-17
391,"SKYGOLD","SKY GOLD AND DIAMONDS LTD","MICRO_CAP",423.35,-1.48,8.73,19.49,54,71.9,"STRONG_BULLISH",40.28,16,4,0,NA,NA,NA,NA,NA,495014612.35,"HOLD",2026-04-17
407,"POWERMECH","POWER MECH PROJECTS LTD.","MICRO_CAP",2376,2.53,5.06,16.83,54,68.8,"BEARISH",15.45,14,10,0,NA,NA,NA,NA,NA,461497136.9,"HOLD",2026-04-17
445,"FLUOROCHEM","GUJARAT FLUOROCHEM LTD","MICRO_CAP",3354.8,-0.65,0.25,6.75,54,56.3,"BEARISH",10.78,10,12,0,NA,NA,NA,NA,NA,382645647.8,"HOLD",2026-04-17
536,"INDOTECH","INDO TECH TRANSFORM LTD.","MICRO_CAP",1845.8,9.28,39,40.4,54,73.8,"BEARISH",39.18,20,2,0,NA,NA,NA,NA,NA,260797422.4,"HOLD",2026-04-17
667,"SUNTV","SUN TV NETWORK LIMITED","MICRO_CAP",643.25,1.75,7.55,7.5,54,64.7,"STRONG_BULLISH",16.65,13,9,0,NA,NA,NA,NA,NA,147038987.65,"HOLD",2026-04-17
722,"MAHSEAMLES","MAHARASHTRA SEAMLESS LTD","MICRO_CAP",642.9,0.05,3.17,13.97,54,74,"STRONG_BULLISH",24.52,15,10,0,NA,NA,NA,NA,NA,118642999,"HOLD",2026-04-17
759,"GKSL","GKSL","MICRO_CAP",112.28,0.2,4.39,6.94,54,62.4,"NEUTRAL",7.68,12,13,0,NA,NA,NA,NA,NA,99820386.09,"HOLD",2026-04-17
822,"EMIL","ELECTRONICS MART IND LTD","MICRO_CAP",105.16,1.51,3.58,12.29,54,64.3,"BEARISH",16.28,14,10,0,NA,NA,NA,NA,NA,71923990.62,"HOLD",2026-04-17
846,"WSTCSTPAPR","WEST COAST PAPER MILLS LT","MICRO_CAP",495.05,-1.35,7.97,16.65,54,69.4,"STRONG_BULLISH",24.38,16,6,0,NA,NA,NA,NA,NA,64628211.85,"HOLD",2026-04-17
914,"20MICRONS","20 MICRONS LTD","MICRO_CAP",184.09,1.21,13.38,17.98,54,67.1,"BEARISH",5.94,10,4,15,53.32,54.78,51,57.27,48,41680939.48,"HOLD",2026-04-17
38,"NETWEB","NETWEB TECH INDIA LTD","LARGE_CAP",3809,2.71,13.83,15.57,53.3,71.6,"BULLISH",22.03,18,4,0,NA,NA,NA,NA,NA,7048844245.4,"HOLD",2026-04-17
189,"PARAS","PARAS DEF AND SPCE TECH L","SMALL_CAP",809.15,4.18,18.77,23.71,53.3,74.2,"BULLISH",14.44,16,2,0,NA,NA,NA,NA,NA,1755876238.45,"HOLD",2026-04-17
204,"SYRMA","SYRMA SGS TECHNOLOGY LTD","SMALL_CAP",978.1,0.97,12.61,24.69,53.3,74.8,"STRONG_BULLISH",29.44,15,4,0,NA,NA,NA,NA,NA,1597403481.2,"HOLD",2026-04-17
262,"PFOCUS","PRIME FOCUS LIMITED","SMALL_CAP",345.05,-0.76,3.15,30.4,53.3,65.1,"STRONG_BULLISH",53.84,15,6,0,NA,NA,NA,NA,NA,1060409074.4,"HOLD",2026-04-17
371,"KIOCL","KIOCL LIMITED","MICRO_CAP",411.65,4.18,15,26.62,53.3,73,"BULLISH",14.99,14,4,0,NA,NA,NA,NA,NA,559229967.1,"HOLD",2026-04-17
492,"EMCURE","EMCURE PHARMACEUTICALS L","MICRO_CAP",1672.1,2.02,4.47,9.18,53.3,65.4,"STRONG_BULLISH",15.14,13,8,0,NA,NA,NA,NA,NA,309938942.5,"HOLD",2026-04-17
532,"KRISHANA","KRISHANA PHOSCHEM LIMITED","MICRO_CAP",626,-2.22,9.4,27.95,53.3,70.1,"STRONG_BULLISH",29.98,18,6,0,NA,NA,NA,NA,NA,262553765.45,"HOLD",2026-04-17
563,"ATLANTAELE","ATLANTAELE","MICRO_CAP",1375.7,1.93,4.98,27.73,53.3,75.9,"STRONG_BULLISH",82.86,15,9,0,NA,NA,NA,NA,NA,238034703.7,"HOLD",2026-04-17
745,"ISGEC","ISGEC HEAVY ENG LTD","MICRO_CAP",1042.05,0.64,4.09,15.12,53.3,73,"STRONG_BULLISH",38.81,15,9,0,NA,NA,NA,NA,NA,106988195,"HOLD",2026-04-17
858,"TOKYOPLAST","TOKYO PLAST INTL LTD","MICRO_CAP",106.8,20,42.76,45.68,53.3,77,"BEARISH",8.82,14,10,0,NA,NA,NA,NA,NA,60457572.31,"HOLD",2026-04-17
110,"TRITURBINE","TRIVENI TURBINE LIMITED","MID_CAP",515.45,7.88,12.02,8.4,52.7,69.3,"BEARISH",3.5,11,14,0,NA,NA,NA,NA,NA,3197993032.35,"HOLD",2026-04-17
279,"NYKAA","FSN E COMMERCE VENTURES","SMALL_CAP",269.66,2.68,3.92,10.68,52.7,64.9,"BULLISH",14.45,13,15,0,NA,NA,NA,NA,NA,983701063.68,"HOLD",2026-04-17
396,"GNFC","GUJ NAR VAL FER & CHEM L","MICRO_CAP",489.7,5.76,13.23,16.43,52.7,71.6,"BEARISH",5.82,13,12,0,NA,NA,NA,NA,NA,485743163.55,"HOLD",2026-04-17
455,"PRAJIND","PRAJ INDUSTRIES LTD","MICRO_CAP",350.9,0.47,3.77,14.52,52.7,64.9,"STRONG_BULLISH",21.85,15,10,0,NA,NA,NA,NA,NA,363232813,"HOLD",2026-04-17
608,"CARRARO","CARRARO INDIA LIMITED","MICRO_CAP",587.7,-1.2,15.92,36.85,52.7,70.3,"BEARISH",13.28,13,2,20,61.57,57.17,71,57.5,63,193729380.95,"HOLD",2026-04-17
630,"STCINDIA","THE STATE TRADING CORPN","MICRO_CAP",123.95,5.71,9.36,8.22,52.7,67.4,"BEARISH",3.93,11,14,0,NA,NA,NA,NA,NA,172229391.73,"HOLD",2026-04-17
718,"DYCL","DYNAMIC CABLES LIMITED","MICRO_CAP",332.96,3.3,10.39,19.92,52.7,71.3,"BEARISH",14.59,16,9,0,NA,NA,NA,NA,NA,119807430.75,"HOLD",2026-04-17
926,"BANSALWIRE","BANSAL WIRE INDUSTRIES L","MICRO_CAP",305.9,0.8,12.25,17.63,52.7,71,"BEARISH",12.17,13,7,15,51.32,48.48,47,55.91,60,37400865.48,"HOLD",2026-04-17
958,"JAGSNPHARM","JAGSONPAL PHARMACEUTICALS","MICRO_CAP",191.94,-1.31,-0.51,3.57,52.7,60.9,"BULLISH",14.61,10,10,0,NA,NA,NA,NA,NA,26853252.16,"HOLD",2026-04-17
993,"GPTHEALTH","GPT HEALTHCARE LIMITED","MICRO_CAP",137.43,1.13,-1.82,10.8,52.7,63.8,"BULLISH",6.47,9,15,0,NA,NA,NA,NA,NA,15782454.84,"HOLD",2026-04-17
1000,"BHARATGEAR","BHARAT GEARS LTD.","MICRO_CAP",112.64,-0.8,10.49,12.44,52.7,64.5,"NEUTRAL",1.06,11,4,15,51.91,51.96,47,56.36,54,11812404.8,"HOLD",2026-04-17
23,"MCX","MULTI COMMODITY EXCHANGE","LARGE_CAP",2856.1,-0.21,6.99,9.72,52,64.8,"BULLISH",13.89,13,8,0,NA,NA,NA,NA,NA,11141644593.8,"HOLD",2026-04-17
43,"BEL","BHARAT ELECTRONICS LTD","LARGE_CAP",462.75,1.56,4.59,4.55,52,65.5,"BULLISH",3.97,4,11,15,54.37,52.39,47,56.59,69,6496105462.6,"HOLD",2026-04-17
193,"BALKRISIND","BALKRISHNA IND. LTD","SMALL_CAP",2329.8,-0.54,2.68,7.26,52,57.6,"BEARISH",1.95,9,8,15,51.38,50.22,47,55.23,56.67,1703566240.6,"HOLD",2026-04-17
357,"J&KBANK","J & K BANK LTD.","MICRO_CAP",131.25,-0.85,6.52,6.27,52,64.3,"STRONG_BULLISH",26.26,13,6,0,NA,NA,NA,NA,NA,615943317.24,"HOLD",2026-04-17
577,"IGIL","INTERNATIO GEMM INS (I) L","MICRO_CAP",372.85,1.06,9.65,9.94,52,70.5,"STRONG_BULLISH",20.84,13,4,0,NA,NA,NA,NA,NA,221322027.05,"HOLD",2026-04-17
588,"STAR","STRIDES PHARMA SCI LTD","MICRO_CAP",1000.25,0.64,0.03,10.28,52,67.3,"BULLISH",14.96,13,10,0,NA,NA,NA,NA,NA,215406440.5,"HOLD",2026-04-17
617,"HPL","HPL ELECTRIC & POWER LTD","MICRO_CAP",356.55,3.24,9.69,20.37,52,66,"BEARISH",8.5,10,12,0,NA,NA,NA,NA,NA,184955589.85,"HOLD",2026-04-17
640,"NOCIL","NOCIL LIMITED","MICRO_CAP",172.31,-0.88,2.78,16.35,52,66.8,"BULLISH",31.16,15,8,0,NA,NA,NA,NA,NA,164835154.59,"HOLD",2026-04-17
724,"ATULAUTO","ATUL AUTO LIMITED","MICRO_CAP",466.8,0.18,7.17,9.77,52,58.8,"BULLISH",17.28,13,4,10,49.43,48.48,47,55.45,48,117253764,"HOLD",2026-04-17
740,"MARKSANS","MARKSANS PHARMA LIMITED","MICRO_CAP",179.23,-0.53,0.42,6.75,52,58.5,"BEARISH",10.3,9,12,0,NA,NA,NA,NA,NA,108843776.9,"HOLD",2026-04-17
804,"AVL","ADITYA VISION LIMITED","MICRO_CAP",523.45,1.2,8.81,16.36,52,71.8,"BEARISH",5.6,8,6,25,73.11,74.35,86,59.86,66,77997741.15,"HOLD",2026-04-17
928,"HUHTAMAKI","HUHTAMAKI INDIA LIMITED","MICRO_CAP",190.31,2.06,7.02,14.71,52,65.4,"BEARISH",6.53,10,14,0,NA,NA,NA,NA,NA,36431290.62,"HOLD",2026-04-17
944,"SETL","SETL","MICRO_CAP",135.53,0.33,1.92,14.13,52,62.5,"NEUTRAL",18.22,13,11,0,NA,NA,NA,NA,NA,32479291.27,"HOLD",2026-04-17
17,"GROWW","GROWW","LARGE_CAP",198.34,-2.29,2.4,21.42,51.3,67.1,"BULLISH",12.94,16,4,0,NA,NA,NA,NA,NA,13682586283.31,"HOLD",2026-04-17
73,"PFC","POWER FIN CORP LTD.","MID_CAP",464.85,1.3,6.89,7.54,51.3,70.8,"STRONG_BULLISH",23.45,15,6,0,NA,NA,NA,NA,NA,4742133028.5,"HOLD",2026-04-17
161,"LENSKART","LENSKART","SMALL_CAP",534.55,-1.02,-2.37,4.56,51.3,58.4,"BULLISH",17.79,14,6,0,NA,NA,NA,NA,NA,2048373391.75,"HOLD",2026-04-17
221,"LAURUSLABS","LAURUS LABS LIMITED","SMALL_CAP",1135.75,0.66,3.41,15.49,51.3,67.8,"STRONG_BULLISH",18.6,13,10,0,NA,NA,NA,NA,NA,1400152308.05,"HOLD",2026-04-17
300,"AEQUS","AEQUS","SMALL_CAP",171.06,6.76,18.82,35.46,51.3,80,"NEUTRAL",27.27,20,5,0,NA,NA,NA,NA,NA,850437384.51,"HOLD",2026-04-17
521,"SENORES","SENORES PHARMACEUTICALS L","MICRO_CAP",893.85,0.4,8.82,19.18,51.3,73.3,"BULLISH",14.35,14,6,0,NA,NA,NA,NA,NA,279699627.5,"HOLD",2026-04-17
528,"ASTEC","ASTEC LIFESCIENCES LTD","MICRO_CAP",726.8,-3.12,10.3,22.09,51.3,65.7,"BEARISH",27.31,15,0,15,51.25,47.61,51,54.55,57,271665239.4,"HOLD",2026-04-17
675,"VTL","VARDHMAN TEXTILES LIMITED","MICRO_CAP",557.6,2.23,-0.58,1.62,51.3,58.9,"STRONG_BULLISH",29.88,11,12,0,NA,NA,NA,NA,NA,143235528.05,"HOLD",2026-04-17
723,"SUNFLAG","SUNFLAG IRON AND STEEL CO","MICRO_CAP",272.97,0.75,9.44,23.73,51.3,70.9,"BEARISH",12.35,16,7,0,NA,NA,NA,NA,NA,117665756.84,"HOLD",2026-04-17
798,"AKUMS","AKUMS DRUGS AND PHARMA L","MICRO_CAP",545.75,-0.9,5.78,13.39,51.3,65.3,"STRONG_BULLISH",25.07,15,8,0,10,10,10,10,10,79584270.8,"HOLD",2026-04-17
833,"SMSPHARMA","SMS PHARMACEUTICALS LTD.","MICRO_CAP",429,1.08,2.53,12.23,51.3,61.8,"STRONG_BULLISH",36.41,15,8,0,NA,NA,NA,NA,NA,69056187.35,"HOLD",2026-04-17
869,"UFBL","UFBL","MICRO_CAP",325.5,3.57,15.77,47.01,51.3,76.5,"STRONG_BULLISH",80.55,16,5,0,NA,NA,NA,NA,NA,56478955.39,"HOLD",2026-04-17
915,"SPORTKING","SPORTKING INDIA LIMITED","MICRO_CAP",140.13,1.13,0.35,20.73,51.3,65.6,"STRONG_BULLISH",56.4,15,8,0,NA,NA,NA,NA,NA,41430205.93,"HOLD",2026-04-17
974,"MUKANDLTD","MUKAND LTD.","MICRO_CAP",136.24,-1.02,4.56,7.31,51.3,61.9,"BEARISH",7.14,10,8,0,NA,NA,NA,NA,NA,23539652.85,"HOLD",2026-04-17
82,"SUPREMEIND","SUPREME INDUSTRIES LTD","MID_CAP",3709,1.23,-2.46,-7.52,50.7,44.8,"BEARISH",6.47,9,15,0,NA,NA,NA,NA,NA,4357427843,"HOLD",2026-04-17
217,"TDPOWERSYS","TD POWER SYSTEMS LTD.","SMALL_CAP",996.9,2.69,7.59,19.18,50.7,72.5,"STRONG_BULLISH",37.57,16,4,0,NA,NA,NA,NA,NA,1439316550.6,"HOLD",2026-04-17
301,"CONCOR","CONTAINER CORP OF IND LTD","MICRO_CAP",503.1,0.17,4.01,9.64,50.7,65.1,"BEARISH",1.08,6,8,15,54,53.7,51,56.36,56.67,843380761.2,"HOLD",2026-04-17
322,"TIINDIA","TUBE INVEST OF INDIA LTD","MICRO_CAP",2790.2,1.35,1.65,9,50.7,62.9,"BULLISH",20.4,13,8,0,NA,NA,NA,NA,NA,746774078.3,"HOLD",2026-04-17
365,"INOXINDIA","INOX INDIA LIMITED","MICRO_CAP",1491.7,-0.43,14.3,25.44,50.7,78.8,"STRONG_BULLISH",34.6,16,4,0,NA,NA,NA,NA,NA,583837537.5,"HOLD",2026-04-17
730,"ARVINDFASN","ARVIND FASHIONS LIMITED","MICRO_CAP",472.65,-0.24,-1.84,15.49,50.7,61.9,"BEARISH",1.31,6,8,15,50.43,47.61,47,55.45,57,113799854,"HOLD",2026-04-17
775,"JKPAPER","JK PAPER LIMITED","MICRO_CAP",374.75,-1.02,6.39,12.3,50.7,64.1,"BULLISH",15.53,13,8,0,NA,NA,NA,NA,NA,90038758.15,"HOLD",2026-04-17
864,"EUROPRATIK","EUROPRATIK","MICRO_CAP",252.55,4.91,5.47,13.38,50.7,62.5,"BEARISH",16.12,11,11,0,NA,NA,NA,NA,NA,58379103.58,"HOLD",2026-04-17
66,"ONGC","OIL AND NATURAL GAS CORP.","MID_CAP",284.05,0.46,-0.86,7.19,50,56.5,"STRONG_BULLISH",6.52,7,15,0,NA,NA,NA,NA,NA,5068607303.45,"HOLD",2026-04-17
84,"POWERGRID","POWER GRID CORP. LTD.","MID_CAP",318.1,1.87,5.07,6.25,50,70.7,"STRONG_BULLISH",24.93,13,6,0,NA,NA,NA,NA,NA,4306774889,"HOLD",2026-04-17
99,"NATIONALUM","NATIONAL ALUMINIUM CO LTD","MID_CAP",438.75,1.4,5.22,13.18,50,69.2,"STRONG_BULLISH",14.74,13,8,0,NA,NA,NA,NA,NA,3673923627.1,"HOLD",2026-04-17
199,"TARIL","TRANS & RECTI. LTD","SMALL_CAP",322.3,0.8,14.51,11.58,50,64.9,"BEARISH",37.39,16,2,0,NA,NA,NA,NA,NA,1652661998,"HOLD",2026-04-17
226,"AGIIL","AGI INFRA LIMITED","SMALL_CAP",374.45,4.42,3.42,24.48,50,69.5,"STRONG_BULLISH",46.95,15,6,0,10,10,10,10,10,1313373946.3,"HOLD",2026-04-17
353,"BRIGADE","BRIGADE ENTER. LTD","MICRO_CAP",762.25,3.22,5.4,11.09,50,64.4,"BEARISH",2.24,6,10,15,56.82,55.43,51,60,66,621616111.6,"HOLD",2026-04-17
488,"LUMAXTECH","LUMAX AUTO TECH LTD","MICRO_CAP",1794.9,-0.21,-1.56,8.83,50,60.9,"STRONG_BULLISH",34.05,15,6,0,NA,NA,NA,NA,NA,310942107.7,"HOLD",2026-04-17
533,"RKFORGE","RAMKRISHNA FORGINGS LTD","MICRO_CAP",535.15,0.17,-1.64,0.26,50,53.3,"BULLISH",5.62,4,13,0,NA,NA,NA,NA,NA,262431485.65,"HOLD",2026-04-17
729,"GOKULAGRO","GOKUL AGRO RESOURCES LTD","MICRO_CAP",205.84,-0.12,3.26,10.39,50,71.4,"BULLISH",28.03,15,8,0,NA,NA,NA,NA,NA,114371448.68,"HOLD",2026-04-17
754,"MAFANG","MIRAEAMC - MAFANG","MICRO_CAP",175.5,5.17,9.5,9.54,50,72.7,"BULLISH",4.95,9,12,0,NA,NA,NA,NA,NA,102230088.04,"HOLD",2026-04-17
768,"ANTELOPUS","ANTELOPUS","MICRO_CAP",615.8,3.63,2.28,15.93,50,55,"STRONG_BULLISH",12.72,13,9,0,NA,NA,NA,NA,NA,96476296.5,"HOLD",2026-04-17
834,"SDL26BEES","RELCAPAMC-NETFSDL26","MICRO_CAP",137.41,-0.15,-0.22,0.23,50,51.9,"STRONG_BULLISH",1.93,7,10,0,NA,NA,NA,NA,NA,68960917.07,"HOLD",2026-04-17
865,"MARKOLINES","MARKOLINES","MICRO_CAP",151.57,0.87,0.4,-2.53,50,50.5,"BULLISH",13.1,9,12,0,NA,NA,NA,NA,NA,57765661.51,"HOLD",2026-04-17
987,"INDOAMIN","INDO AMINES LIMITED","MICRO_CAP",115.93,3.07,8.58,25.47,50,67.4,"BEARISH",3.58,7,14,0,NA,NA,NA,NA,NA,18269779.92,"HOLD",2026-04-17
120,"360ONE","360 ONE WAM LIMITED","MID_CAP",1113.3,3.42,9.94,4.07,49.3,66.3,"STRONG_BEARISH",-0.94,8,12,10,44.42,50.65,47,54.55,10,2922120573.55,"WEAK_HOLD",2026-04-17
428,"TENNIND","TENNIND","MICRO_CAP",591.7,1.56,5.39,6.9,49.3,64.4,"NEUTRAL",14.23,14,6,0,NA,NA,NA,NA,NA,411569074.55,"WEAK_HOLD",2026-04-17
474,"BLUESTONE","BLUESTONE JEWEL LFSTL LTD","MICRO_CAP",521.5,0.15,5.33,-3.99,49.3,61.6,"BEARISH",19.41,10,7,0,NA,NA,NA,NA,NA,326265742.1,"WEAK_HOLD",2026-04-17
476,"PRECWIRE","PRECISION WIRES INDIA LTD","MICRO_CAP",376.9,2.78,10.97,22.51,49.3,71.5,"STRONG_BULLISH",54.97,16,2,0,NA,NA,NA,NA,NA,325142404.8,"WEAK_HOLD",2026-04-17
497,"TECHNOE","TECHNO ELEC & ENG CO. LTD","MICRO_CAP",1234.25,2.3,10.6,9.69,49.3,68.2,"BEARISH",27.57,15,7,0,NA,NA,NA,NA,NA,304804537.95,"WEAK_HOLD",2026-04-17
506,"ELGIEQUIP","ELGI EQUIPMENTS LTD","MICRO_CAP",549.15,1.38,7.09,13.91,49.3,70.8,"BULLISH",28.26,15,6,0,NA,NA,NA,NA,NA,292602514.45,"WEAK_HOLD",2026-04-17
522,"VENKEYS","VENKY S (INDIA) LIMITED","MICRO_CAP",1590,4.23,8.72,20.37,49.3,72.1,"BEARISH",4.37,11,12,0,NA,NA,NA,NA,NA,277042197,"WEAK_HOLD",2026-04-17
559,"SBILIQETF","SBILIQETF","MICRO_CAP",1035.33,0.04,0.09,0.43,49.3,99.7,"STRONG_BULLISH",1.9,7,15,0,NA,NA,NA,NA,NA,242361768.06,"WEAK_HOLD",2026-04-17
568,"RPGLIFE","RPG LIFE SCIENCES LTD","MICRO_CAP",2024.6,6.56,7.63,5.14,49.3,61.7,"BEARISH",1.74,9,16,0,NA,NA,NA,NA,NA,230220426.5,"WEAK_HOLD",2026-04-17
587,"UNIMECH","UNIMECH AEROSPACE N MFG L","MICRO_CAP",968.85,5.38,13.1,25.66,49.3,70.5,"BEARISH",10.9,12,8,0,NA,NA,NA,NA,NA,215948161.1,"WEAK_HOLD",2026-04-17
599,"HONASA","HONASA CONSUMER LIMITED","MICRO_CAP",345.3,0.1,0.13,22.69,49.3,73.7,"STRONG_BULLISH",25.86,15,8,0,NA,NA,NA,NA,NA,204810928.2,"WEAK_HOLD",2026-04-17
606,"LIQGRWBEES","NIPPONAMC - LIQGRWBEES","MICRO_CAP",1036.01,0.04,0.08,0.4,49.3,99.9,"STRONG_BULLISH",1.85,7,15,0,NA,NA,NA,NA,NA,195196134.32,"WEAK_HOLD",2026-04-17
697,"USHAMART","USHA MARTIN LTD.","MICRO_CAP",448.8,0.48,1.8,8.89,49.3,63.7,"BEARISH",10.57,11,11,0,NA,NA,NA,NA,NA,127543886.5,"WEAK_HOLD",2026-04-17
709,"NAVKARCORP","NAVKAR CORPORATION LTD.","MICRO_CAP",111.87,2.19,18.16,30.14,49.3,75.5,"BEARISH",16.78,16,4,0,NA,NA,NA,NA,NA,123283297.78,"WEAK_HOLD",2026-04-17
726,"SHILPAMED","SHILPA MEDICARE LTD","MICRO_CAP",410.55,-0.35,-2.27,26.48,49.3,72,"STRONG_BULLISH",42.99,15,8,0,NA,NA,NA,NA,NA,116440017.95,"WEAK_HOLD",2026-04-17
860,"SGMART","SGMART","MICRO_CAP",548.8,-0.38,1.75,24.8,49.3,71.8,"STRONG_BULLISH",52.28,15,8,0,NA,NA,NA,NA,NA,59269438.9,"WEAK_HOLD",2026-04-17
912,"BLSE","BLS E-SERVICES LIMITED","MICRO_CAP",175.43,-0.4,8.28,22.36,49.3,67.7,"BULLISH",9.34,9,6,15,53.15,50,55,56.5,54,42304422.81,"WEAK_HOLD",2026-04-17
384,"SARDAEN","SARDA ENERGY & MIN LTD","MICRO_CAP",595.5,-0.27,7.37,13.01,48.7,70.5,"STRONG_BULLISH",22.49,16,6,0,NA,NA,NA,NA,NA,510781210.95,"WEAK_HOLD",2026-04-17
479,"RALLIS","RALLIS INDIA LTD","MICRO_CAP",268,1.67,3.8,9.66,48.7,62.2,"BULLISH",-1.53,10,15,0,NA,NA,NA,NA,NA,323071525.84,"WEAK_HOLD",2026-04-17
661,"GAEL","GUJARAT AMBUJA EXPORTS LT","MICRO_CAP",148.22,-2.76,-2.38,8.55,48.7,57.8,"STRONG_BULLISH",6.02,10,10,0,NA,NA,NA,NA,NA,152373569.88,"WEAK_HOLD",2026-04-17
699,"ICIL","INDO COUNT INDUSTRIES LTD","MICRO_CAP",275.85,2.33,10.98,15.06,48.7,61.3,"BEARISH",17.92,13,8,0,NA,NA,NA,NA,NA,127430440.35,"WEAK_HOLD",2026-04-17
710,"MEDPLUS","MEDPLUS HEALTH SERV LTD","MICRO_CAP",877.8,0.97,1.26,3.83,48.7,62,"BULLISH",10.78,9,13,0,NA,NA,NA,NA,NA,123074850.6,"WEAK_HOLD",2026-04-17
953,"TALBROAUTO","TALBROS AUTO. COMP. LTD","MICRO_CAP",275.62,1.76,3.73,12.18,48.7,67.2,"BEARISH",8.24,9,15,0,NA,NA,NA,NA,NA,28735925.19,"WEAK_HOLD",2026-04-17
34,"VEDL","VEDANTA LIMITED","LARGE_CAP",787.5,0.59,5.68,15.98,48,72.8,"STRONG_BULLISH",16.46,13,8,0,NA,NA,NA,NA,NA,7778947215.25,"WEAK_HOLD",2026-04-17
44,"LIQUIDCASE","ZERODHAAMC - LIQUIDCASE","LARGE_CAP",113.67,0.04,0.08,0.42,48,100,"STRONG_BULLISH",1.91,5,15,0,NA,NA,NA,NA,NA,6436336104.37,"WEAK_HOLD",2026-04-17
47,"HDFCAMC","HDFC AMC LIMITED","LARGE_CAP",2792.4,4.89,6.61,13.1,48,64.9,"BEARISH",11.91,14,4,0,NA,NA,NA,NA,NA,6260989921,"WEAK_HOLD",2026-04-17
54,"VBL","VARUN BEVERAGES LIMITED","MID_CAP",473.9,2.93,9.8,14.17,48,70.7,"BEARISH",1.47,9,14,0,NA,NA,NA,NA,NA,5638454752.1,"WEAK_HOLD",2026-04-17
118,"POWERINDIA","HITACHI ENERGY INDIA LTD","MID_CAP",28925,2.37,1.76,15.82,48,72.6,"STRONG_BULLISH",54.26,15,6,0,NA,NA,NA,NA,NA,3017861890,"WEAK_HOLD",2026-04-17
173,"JSWENERGY","JSW ENERGY LIMITED","SMALL_CAP",538.05,0.39,10.06,5.69,48,65.5,"BULLISH",17.93,11,6,0,NA,NA,NA,NA,NA,1967340246.25,"WEAK_HOLD",2026-04-17
255,"GUJALKALI","GUJARAT ALKALIES & CHEM","SMALL_CAP",722.55,4.26,16.93,67.22,48,79.1,"STRONG_BULLISH",59.38,15,6,0,NA,NA,NA,NA,NA,1093186118.9,"WEAK_HOLD",2026-04-17
260,"AWL","AWL AGRI BUSINESS LIMITED","SMALL_CAP",185.01,1.6,1.51,4.37,48,52.1,"BEARISH",-12.62,4,17,20,63.12,68.26,60,59.09,60,1074342378.04,"WEAK_HOLD",2026-04-17
316,"ACUTAAS","ACUTAAS CHEMICALS LIMITED","MICRO_CAP",2361.7,0.91,-0.02,4.6,48,54.3,"BULLISH",24.4,13,8,0,10,10,10,10,10,766158799.9,"WEAK_HOLD",2026-04-17
402,"MGL","MAHANAGAR GAS LTD.","MICRO_CAP",1125.75,3.12,4.65,12.53,48,67.9,"BEARISH",7.84,9,9,0,NA,NA,NA,NA,NA,473881124.4,"WEAK_HOLD",2026-04-17
416,"GOLDIAM","GOLDIAM INTERNATIONAL LTD","MICRO_CAP",406.1,5.44,17.18,32.63,48,72.9,"BEARISH",31.43,16,2,0,NA,NA,NA,NA,NA,446009802.6,"WEAK_HOLD",2026-04-17
442,"JMFINANCIL","JM FINANCIAL LIMITED","MICRO_CAP",137.39,2.02,2.5,7.85,48,62.2,"BEARISH",7.46,9,14,0,NA,NA,NA,NA,NA,391390639.55,"WEAK_HOLD",2026-04-17
456,"MON100","MOTILAL OS NASDAQ100 ETF","MICRO_CAP",286.78,3.34,11.86,27.29,48,82.6,"BULLISH",25.29,15,9,0,NA,NA,NA,NA,NA,358103890.34,"WEAK_HOLD",2026-04-17
534,"STARHEALTH","STAR HEALTH & AL INS CO L","MICRO_CAP",503.35,1.35,7.22,9.02,48,71.6,"BULLISH",8.18,10,8,0,NA,NA,NA,NA,NA,261133556.15,"WEAK_HOLD",2026-04-17
539,"UTLSOLAR","UTLSOLAR","MICRO_CAP",258.92,1.08,16.93,32.01,48,81.6,"BULLISH",30.87,18,4,0,NA,NA,NA,NA,NA,257588243.07,"WEAK_HOLD",2026-04-17
602,"INDOTHAI","INDO THAI SEC LTD","MICRO_CAP",308.5,6.16,6.09,19.95,48,70.1,"BULLISH",29.08,15,13,0,NA,NA,NA,NA,NA,198536479.95,"WEAK_HOLD",2026-04-17
616,"APLLTD","ALEMBIC PHARMA LTD","MICRO_CAP",784.75,4.87,8.36,16.04,48,67.6,"BEARISH",1.11,9,14,0,10,10,10,10,10,185579037.1,"WEAK_HOLD",2026-04-17
637,"LTFOODS","LT FOODS LIMITED","MICRO_CAP",422,0.68,2.83,6.92,48,61.8,"BULLISH",14.11,13,8,0,NA,NA,NA,NA,NA,166460758,"WEAK_HOLD",2026-04-17
701,"TRIVENI","TRIVENI ENGG. & INDS. LTD","MICRO_CAP",392.95,1.04,2.6,17.14,48,57.1,"BULLISH",5.59,8,13,0,NA,NA,NA,NA,NA,126779359.2,"WEAK_HOLD",2026-04-17
763,"TMB","TAMILNAD MERCA BANK LTD","MICRO_CAP",683.75,0.4,4.75,8.1,48,62.4,"BULLISH",13.14,13,8,0,NA,NA,NA,NA,NA,97405667.95,"WEAK_HOLD",2026-04-17
817,"JNKINDIA","JNK INDIA LIMITED","MICRO_CAP",304.83,1.29,10.57,26.04,48,72.1,"STRONG_BULLISH",34.43,15,6,0,NA,NA,NA,NA,NA,73247677.16,"WEAK_HOLD",2026-04-17
880,"GIPCL","GUJ IND POW CO. LTD","MICRO_CAP",154.44,0.35,11.24,14.55,48,69.5,"BEARISH",10.6,11,4,0,NA,NA,NA,NA,NA,54380859.28,"WEAK_HOLD",2026-04-17
896,"ROLEXRINGS","ROLEX RINGS LIMITED","MICRO_CAP",136.35,0.29,3.46,12.37,48,64.2,"BULLISH",13.41,13,8,0,NA,NA,NA,NA,NA,48078185.85,"WEAK_HOLD",2026-04-17
992,"RBZJEWEL","RBZ JEWELLERS LIMITED","MICRO_CAP",150.32,2.22,8.42,27.3,48,70.5,"BEARISH",12.01,14,9,0,NA,NA,NA,NA,NA,16075387.86,"WEAK_HOLD",2026-04-17
999,"GPTINFRA","GPT INFRAPROJECTS LTD","MICRO_CAP",116.13,-0.28,4.36,8.29,48,60.4,"BULLISH",12.47,13,8,0,NA,NA,NA,NA,NA,12889018.35,"WEAK_HOLD",2026-04-17
55,"RECLTD","REC LIMITED","MID_CAP",373.3,2.5,6.72,7.25,47.3,66.7,"BEARISH",3.44,9,8,0,NA,NA,NA,NA,NA,5571042011.65,"WEAK_HOLD",2026-04-17
148,"LUPIN","LUPIN LIMITED","MID_CAP",2326.1,-0.04,-0.33,1.03,47.3,54.9,"STRONG_BULLISH",8.96,5,10,0,NA,NA,NA,NA,NA,2318290759.2,"WEAK_HOLD",2026-04-17
168,"MRPL","MRPL","SMALL_CAP",183.13,4.69,4.87,-4.64,47.3,51.1,"BEARISH",4.64,1,18,0,NA,NA,NA,NA,NA,1977937316.8,"WEAK_HOLD",2026-04-17
179,"CRISIL","CRISIL LTD","SMALL_CAP",4335.4,5.07,5.86,7.48,47.3,63.2,"BEARISH",-6.14,8,12,15,53.29,52.39,47,55.68,63,1915258682,"WEAK_HOLD",2026-04-17
302,"CONCORDBIO","CONCORD BIOTECH LIMITED","MICRO_CAP",1081.7,4.27,2.01,-5.35,47.3,49.7,"STRONG_BEARISH",-7.05,5,18,20,68.6,74.78,76,57.95,54,837159642.3,"WEAK_HOLD",2026-04-17
331,"IEX","INDIAN ENERGY EXC LTD","MICRO_CAP",135.81,1.04,4.48,10.36,47.3,66.7,"BULLISH",8.02,9,10,0,NA,NA,NA,NA,NA,711609779.23,"WEAK_HOLD",2026-04-17
501,"GABRIEL","GABRIEL INDIA LTD","MICRO_CAP",1014.35,1.75,8.66,16.36,47.3,67.1,"BEARISH",9.58,9,8,0,NA,NA,NA,NA,NA,297354170.35,"WEAK_HOLD",2026-04-17
510,"LUXIND","LUX INDUSTRIES LIMITED","MICRO_CAP",1485.75,3.93,10.3,60.6,47.3,79,"BULLISH",60.38,15,9,0,NA,NA,NA,NA,NA,289577334.6,"WEAK_HOLD",2026-04-17
583,"KIMS","KRISHNA INST OF MED SCI L","MICRO_CAP",682.15,2.56,2.69,1.51,47.3,58.9,"BULLISH",13.9,11,9,0,NA,NA,NA,NA,NA,217951759.7,"WEAK_HOLD",2026-04-17
603,"CMSINFO","CMS INFO SYSTEMS LIMITED","MICRO_CAP",318,0.13,6.5,9.35,47.3,67.9,"BEARISH",1.75,4,8,15,52,50.65,47,55.68,59,197908530.6,"WEAK_HOLD",2026-04-17
604,"PNGJL","P N GADGIL JEWELLERS LTD","MICRO_CAP",667.65,0.82,5.13,19.04,47.3,74.4,"BULLISH",22.35,15,9,0,NA,NA,NA,NA,NA,197312908,"WEAK_HOLD",2026-04-17
765,"JINDRILL","JINDAL DRILLING IND. LTD","MICRO_CAP",540.25,-0.19,0.61,13.86,47.3,57.7,"BULLISH",13.45,13,8,0,NA,NA,NA,NA,NA,96644537.5,"WEAK_HOLD",2026-04-17
774,"SUVEN","SUVEN LIFE SCIENCES LTD","MICRO_CAP",196.08,0.08,0.29,41.98,47.3,76.5,"BULLISH",48.55,15,9,0,NA,NA,NA,NA,NA,90052716.78,"WEAK_HOLD",2026-04-17
776,"EBGNG","GNG ELECTRONICS LIMITED","MICRO_CAP",426.55,2.47,4.41,10.05,47.3,66.9,"STRONG_BULLISH",70.99,15,2,0,NA,NA,NA,NA,NA,89599041.95,"WEAK_HOLD",2026-04-17
842,"HEALTHIETF","ICICIPRAMC - ICICIPHARM","MICRO_CAP",148.59,0.34,1.98,-0.05,47.3,54.7,"STRONG_BEARISH",5.29,9,11,0,NA,NA,NA,NA,NA,66373882.54,"WEAK_HOLD",2026-04-17
845,"RAMKY","RAMKY INFRA LTD","MICRO_CAP",515.05,0.75,5.46,6.4,47.3,64.2,"BULLISH",9.17,8,6,0,NA,NA,NA,NA,NA,65762841.45,"WEAK_HOLD",2026-04-17
872,"PRAKASH","PRAKASH INDUSTRIES LTD","MICRO_CAP",143.98,2.08,7.31,17.53,47.3,68.3,"BEARISH",18.43,13,6,0,NA,NA,NA,NA,NA,55401814.83,"WEAK_HOLD",2026-04-17
874,"BAJAJHCARE","BAJAJ HEALTHCARE LIMITED","MICRO_CAP",349.55,-0.57,3.54,13.47,47.3,61,"BEARISH",1.92,6,6,15,52.34,53.04,47,56.36,54,55242921.95,"WEAK_HOLD",2026-04-17
923,"EKC","EVEREST KANTO CYLINDERLTD","MICRO_CAP",119.49,1.18,6.99,13.23,47.3,64.6,"BEARISH",10.38,11,8,0,NA,NA,NA,NA,NA,38763916.89,"WEAK_HOLD",2026-04-17
983,"MVGJL","MANOJ VAIBHAV GEM N JEW L","MICRO_CAP",179.61,0.7,5.85,21.3,47.3,71.8,"BEARISH",6.48,10,7,0,NA,NA,NA,NA,NA,19577086.96,"WEAK_HOLD",2026-04-17
41,"ADANIGREEN","ADANI GREEN ENERGY LTD","LARGE_CAP",1127.3,0.75,3.87,26.48,46.7,76.6,"BULLISH",33.18,16,7,0,10,10,10,10,10,6590503610.25,"WEAK_HOLD",2026-04-17
61,"ADANIENT","ADANI ENTERPRISES LIMITED","MID_CAP",2218.3,0.66,6.3,10.52,46.7,67,"BEARISH",10.71,11,7,0,10,10,10,10,10,5314391352.9,"WEAK_HOLD",2026-04-17
71,"TATASTEEL","TATA STEEL LIMITED","MID_CAP",212.12,0.68,2.67,8.55,46.7,65,"BULLISH",10.74,11,8,0,NA,NA,NA,NA,NA,4815505748.9,"WEAK_HOLD",2026-04-17
119,"MTARTECH","MTAR TECHNOLOGIES LIMITED","MID_CAP",4857.8,0.7,16.39,35.8,46.7,77,"STRONG_BULLISH",66.62,15,4,0,NA,NA,NA,NA,NA,3011868628,"WEAK_HOLD",2026-04-17
152,"MOTHERSON","SAMVRDHNA MTHRSN INTL LTD","SMALL_CAP",125.03,1.8,2.35,6.16,46.7,59.7,"BULLISH",11.65,13,6,0,NA,NA,NA,NA,NA,2235063781.67,"WEAK_HOLD",2026-04-17
163,"LIQUIDIETF","ICICIPRAMC - ICICILIQ","SMALL_CAP",999.99,0,0,0,46.7,51.1,"BULLISH",0.91,7,12,0,NA,NA,NA,NA,NA,2011912271.21,"WEAK_HOLD",2026-04-17
233,"HSCL","HIMADRI SPECIALITY CHEM L","SMALL_CAP",493.55,0.96,4.81,8.82,46.7,66.7,"BULLISH",8.03,9,8,0,NA,NA,NA,NA,NA,1260873644.1,"WEAK_HOLD",2026-04-17
241,"EMMVEE","EMMVEE","SMALL_CAP",265.54,2.47,14.6,11.31,46.7,73.4,"BULLISH",39.45,16,0,0,NA,NA,NA,NA,NA,1168908585.06,"WEAK_HOLD",2026-04-17
259,"WOCKPHARMA","WOCKHARDT LIMITED","SMALL_CAP",1395.3,2.66,3.83,14.78,46.7,63.9,"BEARISH",1.86,7,16,0,NA,NA,NA,NA,NA,1075774216.4,"WEAK_HOLD",2026-04-17
271,"LIQUIDADD","DSPAMC - LIQUIDADD","SMALL_CAP",1122.63,0.04,0.09,0.42,46.7,100,"STRONG_BULLISH",1.9,3,15,0,NA,NA,NA,NA,NA,1009622736.61,"WEAK_HOLD",2026-04-17
296,"OBEROIRLTY","OBEROI REALTY LIMITED","SMALL_CAP",1710.6,0.01,2.33,16.15,46.7,72.4,"BULLISH",15.65,13,10,0,NA,NA,NA,NA,NA,869297764.2,"WEAK_HOLD",2026-04-17
364,"DEEPAKNTR","DEEPAK NITRITE LTD","MICRO_CAP",1538.1,0.29,5.23,8.83,46.7,62.9,"BEARISH",-5.45,8,11,15,59.32,61.3,57,57.73,60,596735658.1,"WEAK_HOLD",2026-04-17
403,"KIRLOSENG","KIRLOSKAR OIL ENG LTD","MICRO_CAP",1618.4,0.09,9.86,12.73,46.7,71.5,"STRONG_BULLISH",38.76,15,4,0,NA,NA,NA,NA,NA,471829307.1,"WEAK_HOLD",2026-04-17
461,"KSHINTL","KSHINTL","MICRO_CAP",589.65,3.53,10.4,41.2,46.7,82.5,"BULLISH",71.28,16,4,0,NA,NA,NA,NA,NA,346513142.35,"WEAK_HOLD",2026-04-17
500,"ORIENTELEC","ORIENT ELECTRIC LIMITED","MICRO_CAP",179.56,5.64,5.38,5.99,46.7,60.8,"BEARISH",0.94,9,12,0,NA,NA,NA,NA,NA,298636834.91,"WEAK_HOLD",2026-04-17
507,"GANECOS","GANESHA ECOSPHERE LIMITED","MICRO_CAP",1053.65,-1.92,0.76,25.82,46.7,65.3,"BULLISH",54.68,15,6,0,NA,NA,NA,NA,NA,290983994.75,"WEAK_HOLD",2026-04-17
531,"CAPLIPOINT","CAPLIN POINT LAB LTD.","MICRO_CAP",1770.9,0.34,3.66,7.44,46.7,65.7,"BEARISH",0.74,5,9,15,52.33,51.19,47,57.75,57,264307572.4,"WEAK_HOLD",2026-04-17
579,"WINDLAS","WINDLAS BIOTECH LIMITED","MICRO_CAP",866.75,-0.47,8.21,18.51,46.7,71.8,"BEARISH",3.01,11,8,0,NA,NA,NA,NA,NA,220707293.1,"WEAK_HOLD",2026-04-17
610,"FEDFINA","FEDBANK FINANCIAL SER L","MICRO_CAP",146.79,3.77,2.57,7.2,46.7,61.8,"BEARISH",-2.85,8,18,0,NA,NA,NA,NA,NA,191725789.58,"WEAK_HOLD",2026-04-17
653,"RPSGVENT","RPSG VENTURES LIMITED","MICRO_CAP",962.5,-1.07,-0.08,55.79,46.7,62.8,"BULLISH",33.84,15,6,0,NA,NA,NA,NA,NA,155196897.1,"WEAK_HOLD",2026-04-17
660,"GMRP&UI","GMR POW AND URBAN INFRA L","MICRO_CAP",109.98,1.16,4.85,5.54,46.7,58.5,"BEARISH",10.16,9,4,0,NA,NA,NA,NA,NA,152428283.35,"WEAK_HOLD",2026-04-17
695,"JSWCEMENT","JSW CEMENT LIMITED","MICRO_CAP",125.88,-0.27,-1.22,6.07,46.7,57.5,"BULLISH",11.14,11,8,0,NA,NA,NA,NA,NA,128168174.91,"WEAK_HOLD",2026-04-17
851,"ARTEMISMED","ARTEMIS MED SERVICE LTD","MICRO_CAP",234.37,1.94,2.15,1.71,46.7,55.8,"BEARISH",-4.57,6,15,15,50.87,51.3,47,56.14,49.17,62289753.29,"WEAK_HOLD",2026-04-17
891,"RAJRATAN","RAJRATAN GLOBAL WIRE LTD","MICRO_CAP",429.4,1.73,7.15,10.58,46.7,63.2,"BEARISH",6.38,10,11,0,NA,NA,NA,NA,NA,50573728.85,"WEAK_HOLD",2026-04-17
211,"APLAPOLLO","APL APOLLO TUBES LTD","SMALL_CAP",2105.7,2.95,1.99,4.58,46,57.5,"BULLISH",3.84,7,9,0,10,10,10,10,10,1519115235.8,"WEAK_HOLD",2026-04-17
303,"GLENMARK","GLENMARK PHARMACEUTICALS","MICRO_CAP",2249.5,0,3.99,2.89,46,62,"STRONG_BULLISH",12.5,9,6,0,NA,NA,NA,NA,NA,825501158.3,"WEAK_HOLD",2026-04-17
306,"BLUESTARCO","BLUE STAR LIMITED","MICRO_CAP",1866.1,0.91,10.42,2.56,46,60.5,"BEARISH",3.62,2,2,25,72.84,74.35,86,58.5,66,818310191.7,"WEAK_HOLD",2026-04-17
410,"ZYDUSWELL","ZYDUS WELLNESS LIMITED","MICRO_CAP",499.25,-0.61,1.94,16.28,46,62.7,"BULLISH",12.28,13,6,0,NA,NA,NA,NA,NA,457632891.75,"WEAK_HOLD",2026-04-17
429,"BECTORFOOD","MRS BECTORS FOOD SPE LTD","MICRO_CAP",192.22,1.84,-0.33,1.2,46,46.1,"BEARISH",-12.81,8,15,15,54.89,49.57,55,57.05,66,409501064.58,"WEAK_HOLD",2026-04-17
504,"JBMA","JBM AUTO LIMITED","MICRO_CAP",624.2,0.02,2.09,6.75,46,63.4,"BULLISH",11.57,13,6,0,NA,NA,NA,NA,NA,294516744.25,"WEAK_HOLD",2026-04-17
518,"MSTCLTD","MSTC LIMITED","MICRO_CAP",471.6,-0.79,11.48,10.55,46,65.5,"BEARISH",3.05,11,4,0,NA,NA,NA,NA,NA,281852666.9,"WEAK_HOLD",2026-04-17
586,"BLUEJET","BLUE JET HEALTHCARE LTD","MICRO_CAP",422.65,1.42,3.88,10.27,46,64.2,"BEARISH",2.08,6,9,15,51.68,51.19,47,56.75,54,216144106.6,"WEAK_HOLD",2026-04-17
613,"REFEX","REFEX INDUSTRIES LIMITED","MICRO_CAP",244.76,0.3,8.22,18.33,46,66.6,"BEARISH",9.6,9,9,0,NA,NA,NA,NA,NA,189110908.72,"WEAK_HOLD",2026-04-17
746,"MARINE","MARINE ELECTRICAL (I) LTD","MICRO_CAP",208.56,0.72,8.86,16.57,46,68.1,"BEARISH",16.51,13,4,0,NA,NA,NA,NA,NA,105716265.12,"WEAK_HOLD",2026-04-17
751,"BANCOINDIA","BANCO PRODUCTS (I) LTD","MICRO_CAP",624.95,0.64,5.86,8.93,46,61,"BEARISH",6.19,9,6,15,54.64,53.7,51,59.32,57,103836823.65,"WEAK_HOLD",2026-04-17
779,"SANDHAR","SANDHAR TECHNOLOGIES LTD","MICRO_CAP",506.85,0.57,2.91,3.92,46,59.3,"BEARISH",4.5,7,11,0,NA,NA,NA,NA,NA,88667406.45,"WEAK_HOLD",2026-04-17
800,"VIMTALABS","VIMTA LABS LIMITED","MICRO_CAP",478.25,0.94,3.26,10.78,46,62.6,"BEARISH",17.26,13,7,0,NA,NA,NA,NA,NA,79235172.4,"WEAK_HOLD",2026-04-17
818,"ADVENZYMES","ADVANCED ENZYME TECH LTD","MICRO_CAP",307.4,0.41,3.29,9.05,46,64.7,"BEARISH",4.48,9,11,0,10,10,10,10,10,73226066.75,"WEAK_HOLD",2026-04-17
939,"SCODATUBES","SCODA TUBES LIMITED","MICRO_CAP",154.16,-0.12,5.4,16.87,46,64,"BULLISH",19.55,13,6,0,NA,NA,NA,NA,NA,33201079.71,"WEAK_HOLD",2026-04-17
949,"INDOBORAX","INDO BORAX & CHEMICAL LTD","MICRO_CAP",254.25,-0.27,-0.23,2.76,46,65.5,"BULLISH",3.99,5,12,0,NA,NA,NA,NA,NA,30362931.14,"WEAK_HOLD",2026-04-17
12,"LIQUIDBEES","NIP IND ETF LIQUID BEES","LARGE_CAP",1000,0,0,0,45.3,53,"BULLISH",0.91,7,8,0,NA,NA,NA,NA,NA,17957154130.47,"WEAK_HOLD",2026-04-17
64,"TRENT","TRENT LTD","MID_CAP",4107.7,0.6,4.88,12.82,45.3,65.2,"BEARISH",9.42,9,10,0,NA,NA,NA,NA,NA,5151290253.8,"WEAK_HOLD",2026-04-17
137,"BAJAJ-AUTO","BAJAJ AUTO LIMITED","MID_CAP",9773.5,-0.52,-0.41,5.42,45.3,60.1,"BULLISH",2.74,4,8,15,52.35,51.96,47,56.59,56.67,2585317066,"WEAK_HOLD",2026-04-17
176,"SOLARINDS","SOLAR INDUSTRIES (I) LTD","SMALL_CAP",15089,0.66,7.22,10.15,45.3,68.4,"BULLISH",12.85,11,6,0,NA,NA,NA,NA,NA,1940861055,"WEAK_HOLD",2026-04-17
191,"STLTECH","STERLITE TECHNOLOGIES LTD","SMALL_CAP",263.08,2.63,13.78,36.25,45.3,77.7,"STRONG_BULLISH",148.28,15,2,0,NA,NA,NA,NA,NA,1735703160.43,"WEAK_HOLD",2026-04-17
249,"ASHAPURMIN","ASHAPURA MINECHEM LTD","SMALL_CAP",617.3,0.42,16.43,21.74,45.3,69.3,"BEARISH",-4.81,10,4,15,52.76,51.96,47,58.41,57,1132859248.5,"WEAK_HOLD",2026-04-17
336,"VIKRAMSOLR","VIKRAM SOLAR LIMITED","MICRO_CAP",228.56,0.01,6.58,18.03,45.3,70,"BULLISH",12.94,14,2,0,NA,NA,NA,NA,NA,692501986.13,"WEAK_HOLD",2026-04-17
394,"SIRCA","SIRCA PAINT INDIA LIMITED","MICRO_CAP",456.7,3.94,4.47,5.23,45.3,59,"BEARISH",-0.63,10,14,0,NA,NA,NA,NA,NA,488738483.1,"WEAK_HOLD",2026-04-17
462,"AARTIIND","AARTI INDUSTRIES LTD","MICRO_CAP",440.85,0.67,4.04,1.84,45.3,58.2,"BULLISH",19.43,9,8,0,20.43,10,10,32.78,49.17,344062251.45,"WEAK_HOLD",2026-04-17
490,"CASTROLIND","CASTROL INDIA LIMITED","MICRO_CAP",182.27,0.94,1.59,-2.64,45.3,53.3,"STRONG_BEARISH",-0.11,0,15,20,65.12,64.13,73,56.59,66,310544338.49,"WEAK_HOLD",2026-04-17
711,"PRICOLLTD","PRICOL LIMITED","MICRO_CAP",586.8,1.09,0.52,7.5,45.3,59.3,"BEARISH",7.78,9,13,0,NA,NA,NA,NA,NA,121821393.75,"WEAK_HOLD",2026-04-17
753,"GKENERGY","GKENERGY","MICRO_CAP",124.78,1.98,7.53,16.74,45.3,68.8,"BEARISH",18.35,14,5,0,NA,NA,NA,NA,NA,102611728.03,"WEAK_HOLD",2026-04-17
791,"SAATVIKGL","SAATVIKGL","MICRO_CAP",472.25,0.28,2.31,31.86,45.3,75.9,"BULLISH",21.03,15,6,0,NA,NA,NA,NA,NA,82176792.65,"WEAK_HOLD",2026-04-17
815,"BERGEPAINT","BERGER PAINTS (I) LTD","MICRO_CAP",468.6,-0.74,3.22,12.93,45.3,64.9,"BEARISH",2.14,6,8,20,62.85,66.87,58.6,60,63,75130514.7,"WEAK_HOLD",2026-04-17
59,"AXISBANK","AXIS BANK LIMITED","MID_CAP",1359.1,0.7,0.61,8.45,44.7,62.6,"BULLISH",0.09,6,8,15,52.47,51.19,47,54.71,62,5496892480.2,"WEAK_HOLD",2026-04-17
70,"KAYNES","KAYNES TECHNOLOGY IND LTD","MID_CAP",4214.4,0.29,8.16,13.42,44.7,65.9,"BEARISH",22.17,15,8,0,NA,NA,NA,NA,NA,4949445621.7,"WEAK_HOLD",2026-04-17
79,"HINDALCO","HINDALCO  INDUSTRIES  LTD","MID_CAP",1039,-0.09,4.73,11.36,44.7,69.8,"BULLISH",8.85,9,10,0,NA,NA,NA,NA,NA,4448416873.75,"WEAK_HOLD",2026-04-17
87,"CUPID","CUPID LIMITED","MID_CAP",103.16,7.93,10.06,30.09,44.7,32.2,"BEARISH",-73.36,10,14,15,52.86,51.84,53,58.35,48,4063707443.22,"WEAK_HOLD",2026-04-17
151,"IREDA","INDIAN RENEWABLE ENERGY","SMALL_CAP",133.01,2.77,7.51,12.75,44.7,68.4,"BEARISH",1.61,9,6,0,NA,NA,NA,NA,NA,2272395351.78,"WEAK_HOLD",2026-04-17
232,"HUDCO","HSG & URBAN DEV CORPN LTD","SMALL_CAP",196.91,1.67,7.04,10.09,44.7,65.7,"BEARISH",3.65,7,9,0,NA,NA,NA,NA,NA,1270139982.66,"WEAK_HOLD",2026-04-17
475,"UTIAMC","UTI ASSET MNGMT CO LTD","MICRO_CAP",1034.8,3.49,7.07,6.62,44.7,61.7,"BEARISH",7.29,10,6,0,NA,NA,NA,NA,NA,325505201.75,"WEAK_HOLD",2026-04-17
652,"AADHARHFC","AADHAR HOUSING FINANCE L","MICRO_CAP",496.45,0.99,3.73,3.77,44.7,62.2,"BEARISH",1.96,2,8,15,52.3,51.19,47,57.63,57,155413463.85,"WEAK_HOLD",2026-04-17
673,"CGCL","CAPRI GLOBAL CAPITAL LTD","MICRO_CAP",182.13,-1.62,-0.77,6.93,44.7,58.5,"BULLISH",4.55,4,6,15,53.51,50.65,51,55.23,63,144709379.85,"WEAK_HOLD",2026-04-17
705,"STOVEKRAFT","STOVE KRAFT LIMITED","MICRO_CAP",553.75,-1.43,-1.1,12.28,44.7,59.2,"BULLISH",13.21,13,4,0,NA,NA,NA,NA,NA,126183886.55,"WEAK_HOLD",2026-04-17
814,"GROWWLIQID","GROWWAMC - GROWWLIQID","MICRO_CAP",108.7,0.04,0.08,0.4,44.7,100,"STRONG_BULLISH",1.84,3,12,0,NA,NA,NA,NA,NA,75565366.22,"WEAK_HOLD",2026-04-17
840,"TCIEXP","TCI EXPRESS LIMITED","MICRO_CAP",543.45,-1.26,-0.32,11.01,44.7,59.5,"BEARISH",0.97,11,10,0,NA,NA,NA,NA,NA,67035038,"WEAK_HOLD",2026-04-17
947,"ZUARIIND","ZUARI INDUSTRIES LIMITED","MICRO_CAP",271.83,2.95,5.38,14.12,44.7,65.1,"BEARISH",0.63,7,14,0,NA,NA,NA,NA,NA,30932700.26,"WEAK_HOLD",2026-04-17
45,"IRCON","IRCON INTERNATIONAL LTD","LARGE_CAP",154.69,8.65,13.32,19.22,44,68.5,"BEARISH",-4.77,10,14,0,NA,NA,NA,NA,NA,6394853559.74,"WEAK_HOLD",2026-04-17
69,"AEGISLOG","AEGIS LOGISTICS LIMITED","MID_CAP",709.3,7.54,12.15,16.37,44,67.3,"BEARISH",-1.99,10,12,0,10,10,10,10,10,4950932217.25,"WEAK_HOLD",2026-04-17
115,"TATAPOWER","TATA POWER CO LTD","MID_CAP",427.6,0.23,7.07,6.81,44,73.1,"STRONG_BULLISH",17.65,11,4,0,NA,NA,NA,NA,NA,3154555516.7,"WEAK_HOLD",2026-04-17
162,"KOLTEPATIL","KOLTE PATIL DEV. LTD.","SMALL_CAP",365.15,5.5,10.25,11.26,44,69.6,"BEARISH",-1.14,10,12,0,NA,NA,NA,NA,NA,2040341415.15,"WEAK_HOLD",2026-04-17
349,"WELCORP","WELSPUN CORP LIMITED","MICRO_CAP",1077.15,0,11.99,31.11,44,81.5,"STRONG_BULLISH",48.62,15,4,0,NA,NA,NA,NA,NA,635379898.55,"WEAK_HOLD",2026-04-17
419,"WALCHANNAG","WALCHANDNAGAR INDUSTRIES","MICRO_CAP",192.89,1.14,9.92,28.46,44,72.7,"BEARISH",3.57,11,9,0,NA,NA,NA,NA,NA,443399341.69,"WEAK_HOLD",2026-04-17
423,"HDFCSML250","HDFCAMC - HDFCSML250","MICRO_CAP",165.6,1.72,4.43,8.71,44,67.5,"BEARISH",5.46,8,11,0,NA,NA,NA,NA,NA,430407455.17,"WEAK_HOLD",2026-04-17
515,"GENUSPOWER","GENUS POWER INFRASTRU LTD","MICRO_CAP",293.17,-1.25,6.74,18.38,44,67.5,"BEARISH",7.3,10,2,0,NA,NA,NA,NA,NA,284837294.64,"WEAK_HOLD",2026-04-17
516,"GICRE","GENERAL INS CORP OF INDIA","MICRO_CAP",400.4,0.09,0.7,7.95,44,63.6,"BULLISH",6.82,9,12,0,NA,NA,NA,NA,NA,284355884.65,"WEAK_HOLD",2026-04-17
650,"KECL","KIRLOSKAR ELECTRIC CO LTD","MICRO_CAP",138.83,3.8,33.21,66.86,44,87.3,"BULLISH",66.7,16,2,0,NA,NA,NA,NA,NA,157561489.88,"WEAK_HOLD",2026-04-17
847,"RPTECH","RASHI PERIPHERALS LIMITED","MICRO_CAP",455.9,-0.34,12.64,30.74,44,80.6,"STRONG_BULLISH",27.9,15,4,0,NA,NA,NA,NA,NA,64542581.5,"WEAK_HOLD",2026-04-17
42,"MAZDOCK","MAZAGON DOCK SHIPBUIL LTD","LARGE_CAP",2616.4,2.02,5.92,6.49,43.3,65.3,"BEARISH",2.6,7,11,0,NA,NA,NA,NA,NA,6526149987.7,"WEAK_HOLD",2026-04-17
131,"FEDERALBNK","FEDERAL BANK LTD","MID_CAP",293.75,3.29,0.7,8.2,43.3,61.5,"BULLISH",3,6,8,0,NA,NA,NA,NA,NA,2691411226.65,"WEAK_HOLD",2026-04-17
219,"LIQUID1","KOTAKMAMC - KOTAKLIQ","SMALL_CAP",1100.46,0.04,0.09,0.42,43.3,100,"STRONG_BULLISH",1.91,3,15,0,NA,NA,NA,NA,NA,1433750599.78,"WEAK_HOLD",2026-04-17
238,"GODREJPROP","GODREJ PROPERTIES LTD","SMALL_CAP",1758.8,0.65,2.46,7.05,43.3,62.2,"BEARISH",12.45,13,8,0,NA,NA,NA,NA,NA,1186918952.3,"WEAK_HOLD",2026-04-17
332,"ALKEM","ALKEM LABORATORIES LTD.","MICRO_CAP",5582,0.22,2.61,4.31,43.3,59,"BEARISH",-0.77,2,9,15,56.97,60.22,47,58.41,63,702605563.5,"WEAK_HOLD",2026-04-17
342,"OLECTRA","OLECTRA GREENTECH LIMITED","MICRO_CAP",1225.15,0.93,3.45,16.02,43.3,67.5,"BULLISH",13.87,13,2,0,NA,NA,NA,NA,NA,678383711.75,"WEAK_HOLD",2026-04-17
376,"ONESOURCE","ONESOURCE SPECL PHARMA L","MICRO_CAP",1543.5,2.47,7.27,4.89,43.3,60.8,"BULLISH",30.13,11,4,0,NA,NA,NA,NA,NA,531689636.9,"WEAK_HOLD",2026-04-17
389,"LIQUIDPLUS","MIRAEAMC - LIQUIDPLUS","MICRO_CAP",1081.59,0.04,0.09,0.42,43.3,99.9,"STRONG_BULLISH",1.9,3,15,0,NA,NA,NA,NA,NA,502744872.94,"WEAK_HOLD",2026-04-17
408,"CASHIETF","ICICIPRAMC - CASHIETF","MICRO_CAP",1058.39,0.04,0.09,0.42,43.3,99.9,"STRONG_BULLISH",1.9,3,15,0,10,10,10,10,10,458745792.59,"WEAK_HOLD",2026-04-17
499,"BHARTIHEXA","BHARTI HEXACOM LIMITED","MICRO_CAP",1538.2,0.34,0.95,-3.48,43.3,47.6,"STRONG_BEARISH",0.48,2,15,15,53.93,52.39,51,56.14,60,303717483.9,"WEAK_HOLD",2026-04-17
574,"MOBIKWIK","ONE MOBIKWIK SYSTEMS LTD","MICRO_CAP",203.85,2.26,9.69,10.04,43.3,64.1,"BEARISH",3.85,7,12,0,NA,NA,NA,NA,NA,223224161.56,"WEAK_HOLD",2026-04-17
593,"SHADOWFAX","SHADOWFAX","MICRO_CAP",140.44,-0.27,6.12,24.96,43.3,74.8,"BULLISH",32.63,15,6,0,NA,NA,NA,NA,NA,211831615.83,"WEAK_HOLD",2026-04-17
788,"PICCADIL","PICCADILY AGRO INDUSTRI L","MICRO_CAP",584.55,1.69,2.54,7.02,43.3,61.2,"BEARISH",1.55,5,13,0,NA,NA,NA,NA,NA,84799240.8,"WEAK_HOLD",2026-04-17
911,"NACLIND","NACL INDUSTRIES LIMITED","MICRO_CAP",175.07,-0.92,5.3,37.83,43.3,70.5,"BULLISH",21.82,15,6,0,NA,NA,NA,NA,NA,42312000.63,"WEAK_HOLD",2026-04-17
964,"MAANALU","MAAN ALUMINIUM LIMITED","MICRO_CAP",143.96,-0.37,5.64,NA,43.3,54.2,"BEARISH",10.13,6,8,0,NA,NA,NA,NA,NA,25891623.75,"WEAK_HOLD",2026-04-17
74,"COALINDIA","COAL INDIA LTD","MID_CAP",438.75,1.39,1.07,-3.61,42.7,46.6,"BULLISH",0.46,1,6,25,71.16,75.65,82,61.36,54.17,4686847715.3,"WEAK_HOLD",2026-04-17
113,"ASIANPAINT","ASIAN PAINTS LIMITED","MID_CAP",2464,0.97,4.38,8.93,42.7,64.9,"BEARISH",2.38,6,4,20,62.21,68.26,60,57.05,56.67,3171250206.9,"WEAK_HOLD",2026-04-17
240,"AUBANK","AU SMALL FINANCE BANK LTD","SMALL_CAP",990.6,0.68,0.9,6.5,42.7,61.4,"BEARISH",1.75,6,6,15,55,51.19,55,57.35,62,1173022824.05,"WEAK_HOLD",2026-04-17
292,"THERMAX","THERMAX LTD","SMALL_CAP",4141.4,0.36,13.68,26.29,42.7,81.3,"STRONG_BULLISH",44.81,15,2,0,NA,NA,NA,NA,NA,892948356.8,"WEAK_HOLD",2026-04-17
333,"EIEL","ENVIRO INFRA ENGINEERS L","MICRO_CAP",213.04,-1.88,23.04,39.52,42.7,74.7,"BULLISH",18.95,13,4,0,NA,NA,NA,NA,NA,702127981.02,"WEAK_HOLD",2026-04-17
339,"LIQUIDETF","DSP LIQUID ETF","MICRO_CAP",1000,0,0,0,42.7,53.2,"STRONG_BEARISH",0.91,7,11,0,NA,NA,NA,NA,NA,689498225.4,"WEAK_HOLD",2026-04-17
347,"PHOENIXLTD","THE PHOENIX MILLS LTD","MICRO_CAP",1792.2,0.56,1.63,10.13,42.7,67.4,"BEARISH",8.18,9,11,0,NA,NA,NA,NA,NA,646770639.2,"WEAK_HOLD",2026-04-17
362,"NH","NARAYANA HRUDAYALAYA LTD.","MICRO_CAP",1826.1,2.49,4.06,8.05,42.7,63.7,"BEARISH",4.2,7,8,0,NA,NA,NA,NA,NA,600272169.7,"WEAK_HOLD",2026-04-17
370,"TIMETECHNO","TIME TECHNOPLAST LTD.","MICRO_CAP",195.39,-0.07,4.9,17.77,42.7,65,"BEARISH",9.48,9,6,0,NA,NA,NA,NA,NA,561971273.99,"WEAK_HOLD",2026-04-17
399,"TATAINVEST","TATA INVESTMENT CORP LTD","MICRO_CAP",712.65,0.38,7.06,13.83,42.7,68.1,"BEARISH",15.32,13,4,0,NA,NA,NA,NA,NA,476630405.85,"WEAK_HOLD",2026-04-17
468,"SHARDACROP","SHARDA CROPCHEM LTD.","MICRO_CAP",1107.85,0.64,4.79,9.53,42.7,61.9,"BULLISH",7.86,9,7,0,NA,NA,NA,NA,NA,335939463.1,"WEAK_HOLD",2026-04-17
493,"SAILIFE","SAI LIFE SCIENCES LIMITED","MICRO_CAP",971.05,-0.13,-2.8,-4.22,42.7,48.7,"BULLISH",17.18,8,8,0,NA,NA,NA,NA,NA,306790243.55,"WEAK_HOLD",2026-04-17
511,"URBANCO","URBANCO","MICRO_CAP",133.61,-0.42,-0.68,10.27,42.7,65.8,"BULLISH",8.42,9,8,0,NA,NA,NA,NA,NA,288682413.13,"WEAK_HOLD",2026-04-17
540,"IDEAFORGE","IDEAFORGE TECHNO LTD","MICRO_CAP",476.85,2.31,9.21,10.19,42.7,68.3,"BEARISH",4.24,6,9,0,NA,NA,NA,NA,NA,255540501.9,"WEAK_HOLD",2026-04-17
585,"SENCO","SENCO GOLD LIMITED","MICRO_CAP",326.3,0.54,1.02,7.49,42.7,58.2,"BEARISH",6.97,9,13,0,NA,NA,NA,NA,NA,216437667.95,"WEAK_HOLD",2026-04-17
629,"RAYMOND","RAYMOND LTD","MICRO_CAP",422.4,0.32,9.35,12.07,42.7,67.6,"BEARISH",12.08,13,4,0,NA,NA,NA,NA,NA,172440517.6,"WEAK_HOLD",2026-04-17
641,"SPARC","SUN PHARMA ADV.RES.CO.LTD","MICRO_CAP",148.01,-2.94,-0.22,23.09,42.7,62.3,"BEARISH",18.3,13,4,0,NA,NA,NA,NA,NA,163654722.13,"WEAK_HOLD",2026-04-17
649,"DBREALTY","VALOR ESTATE LIMITED","MICRO_CAP",107.09,-1.95,6.27,5.19,42.7,57.2,"BEARISH",1.34,4,4,25,72.04,73.48,94,57.5,51,158166133.77,"WEAK_HOLD",2026-04-17
773,"RIIL","RELIANCE INDUSTRIAL INFRA","MICRO_CAP",802.75,0.15,10.56,21.94,42.7,67.3,"BEARISH",13.47,13,4,0,NA,NA,NA,NA,NA,91666246.95,"WEAK_HOLD",2026-04-17
809,"SRM","SRM CONTRACTORS LIMITED","MICRO_CAP",521.3,0.56,10.03,29.42,42.7,77.2,"BULLISH",16.59,13,4,0,NA,NA,NA,NA,NA,76673352.7,"WEAK_HOLD",2026-04-17
848,"EXICOM","EXICOM TELE SYSTEMS LTD","MICRO_CAP",111.36,-2.21,7.02,21.44,42.7,68,"BEARISH",12.87,13,4,0,NA,NA,NA,NA,NA,63001756.12,"WEAK_HOLD",2026-04-17
850,"GREENPLY","GREENPLY INDUSTRIES LTD","MICRO_CAP",234.48,1.67,8.55,17.07,42.7,68,"BEARISH",5.08,9,6,0,NA,NA,NA,NA,NA,62635199.62,"WEAK_HOLD",2026-04-17
893,"RISHABH","RISHABH INSTRUMENTS LTD","MICRO_CAP",463.75,-0.25,5.3,17.27,42.7,65.2,"NEUTRAL",26.23,16,4,0,NA,NA,NA,NA,NA,50265414.2,"WEAK_HOLD",2026-04-17
157,"ICICIAMC","ICICIAMC","SMALL_CAP",3338.9,1.34,-1.38,10.56,42,63.9,"NEUTRAL",13.23,13,6,0,NA,NA,NA,NA,NA,2165162188.3,"WEAK_HOLD",2026-04-17
222,"OFSS","ORACLE FIN SERV SOFT LTD.","SMALL_CAP",7992.5,2.78,10.19,21.2,42,73.8,"BULLISH",3.91,6,8,0,NA,NA,NA,NA,NA,1392523945,"WEAK_HOLD",2026-04-17
350,"RCF","RASHTRIYA CHEMICALS & FER","MICRO_CAP",131.77,2.38,2.78,9.23,42,61.9,"BEARISH",-3.11,8,16,0,NA,NA,NA,NA,NA,634308139.54,"WEAK_HOLD",2026-04-17
553,"SJS","SJS ENTERPRISES LIMITED","MICRO_CAP",1703.8,0.48,-5,2.79,42,52.8,"BULLISH",3.04,5,11,0,NA,NA,NA,NA,NA,250215574.9,"WEAK_HOLD",2026-04-17
595,"EPACK","EPACK DURABLE LIMITED","MICRO_CAP",247.71,-2.64,3.72,0.82,42,55.8,"BEARISH",10.37,8,6,0,NA,NA,NA,NA,NA,209313735.47,"WEAK_HOLD",2026-04-17
678,"SUPRAJIT","SUPRAJIT ENGINEERING LTD","MICRO_CAP",425.2,3.45,-2.62,4.37,42,53.2,"BEARISH",-4.71,6,18,0,NA,NA,NA,NA,NA,138642676.1,"WEAK_HOLD",2026-04-17
748,"JUBLINGREA","JUBILANT INGREVIA LIMITED","MICRO_CAP",665.2,-0.39,2.64,15.46,42,66.4,"BEARISH",5.63,8,8,0,NA,NA,NA,NA,NA,104644525,"WEAK_HOLD",2026-04-17
790,"GARUDA","GARUDA CONSTRUCT N ENG L","MICRO_CAP",177.77,0.45,3.84,7.82,42,60.2,"BEARISH",15.69,13,6,0,NA,NA,NA,NA,NA,83080066.82,"WEAK_HOLD",2026-04-17
816,"JSFB","JANA SMALL FIN BANK LTD","MICRO_CAP",391.45,-1.05,1.78,8.96,42,55.6,"BULLISH",9.75,9,10,0,NA,NA,NA,NA,NA,74320768.4,"WEAK_HOLD",2026-04-17
827,"DENTA","DENTA WATER N INFRA SOL L","MICRO_CAP",300.99,1.36,13.47,22.06,42,71.5,"BEARISH",13.37,13,6,0,NA,NA,NA,NA,NA,70277148.14,"WEAK_HOLD",2026-04-17
919,"MONARCH","MONARCH NETWORTH CAP LTD","MICRO_CAP",300.55,-0.38,1.71,11.31,42,63.6,"BEARISH",1.68,6,10,0,NA,NA,NA,NA,NA,40962617.32,"WEAK_HOLD",2026-04-17
31,"DIXON","DIXON TECHNO (INDIA) LTD","LARGE_CAP",11371.5,0.75,6.51,6.19,41.3,61.5,"BEARISH",9.77,10,6,0,NA,NA,NA,NA,NA,8319723078,"WEAK_HOLD",2026-04-17
101,"VMM","VISHAL MEGA MART LIMITED","MID_CAP",118.95,1.19,3.89,10.24,41.3,59.8,"BEARISH",-4.65,8,15,0,NA,NA,NA,NA,NA,3644571799.14,"WEAK_HOLD",2026-04-17
208,"MARICO","MARICO LIMITED","SMALL_CAP",757.3,1.73,-0.78,0.17,41.3,51.1,"BULLISH",4.68,2,15,0,NA,NA,NA,NA,NA,1544959977.9,"WEAK_HOLD",2026-04-17
236,"TEJASNET","TEJAS NETWORKS LIMITED","SMALL_CAP",424.55,-1.78,-4.26,-5.66,41.3,49.9,"BULLISH",25.48,10,8,0,NA,NA,NA,NA,NA,1211006858.05,"WEAK_HOLD",2026-04-17
573,"VIYASH","VIYASH","MICRO_CAP",208.25,0,-0.24,6.62,41.3,56.9,"NEUTRAL",3.19,5,11,0,NA,NA,NA,NA,NA,224227039.52,"WEAK_HOLD",2026-04-17
704,"SANGHVIMOV","SANGHVI MOVERS LTD","MICRO_CAP",306.85,2.05,3.16,21.19,41.3,63.2,"BEARISH",2.47,6,9,0,NA,NA,NA,NA,NA,126518163.6,"WEAK_HOLD",2026-04-17
721,"63MOONS","63 MOONS TECHNOLOGIES LTD","MICRO_CAP",662.7,1.97,20.56,18.64,41.3,69.3,"BEARISH",3.1,6,2,15,58.48,63.33,60,54.74,48,118988214.3,"WEAK_HOLD",2026-04-17
841,"DDEVPLSTIK","DDEV PLASTIKS IND LTD","MICRO_CAP",244.16,2.58,7.42,1.86,41.3,55.5,"BEARISH",-14.28,4,12,15,52.26,49.57,51,55.68,57,66417736.76,"WEAK_HOLD",2026-04-17
997,"TNPL","TAMILNADU NEWSPRT & PAPER","MICRO_CAP",140.21,-0.45,3.16,3.89,41.3,61.5,"BEARISH",6.39,5,10,0,NA,NA,NA,NA,NA,14459111.93,"WEAK_HOLD",2026-04-17
1001,"PAKKA","PAKKA LIMITED","MICRO_CAP",100.37,0.81,2.68,15.59,41.3,67.5,"BULLISH",8.75,9,6,0,NA,NA,NA,NA,NA,11387381.55,"WEAK_HOLD",2026-04-17
24,"HINDUNILVR","HINDUSTAN UNILEVER LTD.","LARGE_CAP",2240.8,4.75,3.97,4.94,40.7,60.2,"BEARISH",-4.66,6,16,0,NA,NA,NA,NA,NA,10872924065.9,"WEAK_HOLD",2026-04-17
138,"NESTLEIND","NESTLE INDIA LIMITED","MID_CAP",1285.6,2.24,2.91,6.71,40.7,63.3,"BEARISH",-2.6,4,18,0,NA,NA,NA,NA,NA,2558066258.4,"WEAK_HOLD",2026-04-17
155,"DABUR","DABUR INDIA LTD","SMALL_CAP",442.85,3.58,1.64,-1.99,40.7,50.4,"STRONG_BEARISH",-11.67,5,13,15,51.29,50.22,47,54.77,56.67,2195736803.8,"WEAK_HOLD",2026-04-17
169,"INDIANB","INDIAN BANK","SMALL_CAP",939.45,-0.06,-2.92,5.69,40.7,54.4,"BULLISH",3.95,5,8,0,NA,NA,NA,NA,NA,1976576852.8,"WEAK_HOLD",2026-04-17
323,"ANANTRAJ","ANANT RAJ LIMITED","MICRO_CAP",513.4,0.67,5.18,9.05,40.7,60.2,"BEARISH",2.71,6,6,15,51.15,49,44.17,55.3,63,743134427.7,"WEAK_HOLD",2026-04-17
383,"NUVAMA","NUVAMA WEALTH MANAGE LTD","MICRO_CAP",1400.7,2.51,7.21,18.84,40.7,65.7,"BEARISH",5.02,8,4,0,NA,NA,NA,NA,NA,512397130.7,"WEAK_HOLD",2026-04-17
433,"RITES","RITES LIMITED","MICRO_CAP",221.95,2.68,7.14,12.49,40.7,66.9,"BEARISH",-1.92,8,14,0,NA,NA,NA,NA,NA,404712213.88,"WEAK_HOLD",2026-04-17
495,"MINDTECK","MINDTECK (INDIA) LIMITED","MICRO_CAP",211.93,11.87,16.18,15.34,40.7,67.8,"BEARISH",-5.51,10,12,0,NA,NA,NA,NA,NA,306002889.94,"WEAK_HOLD",2026-04-17
544,"KRBL","KRBL LIMITED","MICRO_CAP",351.05,-0.72,5.8,20.35,40.7,63.2,"BEARISH",3.45,7,8,0,NA,NA,NA,NA,NA,254419791.65,"WEAK_HOLD",2026-04-17
596,"ACE","ACTION CONST EQUIP LTD","MICRO_CAP",917.05,0.21,0.85,8.58,40.7,62.3,"BEARISH",8.86,9,8,0,10,10,10,10,10,207095449.15,"WEAK_HOLD",2026-04-17
628,"EQUAL50ADD","DSPAMC - DSPNEWETF","MICRO_CAP",337.34,0.64,1.98,4.18,40.7,58.1,"BEARISH",0.22,7,8,0,NA,NA,NA,NA,NA,172758419.09,"WEAK_HOLD",2026-04-17
668,"DAMCAPITAL","DAM CAPITAL ADVISORS LTD","MICRO_CAP",158.94,2.21,9.96,20.43,40.7,63.3,"BEARISH",-9.24,6,11,15,54.19,51.19,55,57.05,57,146907050.15,"WEAK_HOLD",2026-04-17
680,"KPIL","KALPATARU PROJECT INT LTD","MICRO_CAP",1231.7,2.31,4.09,15.27,40.7,65.1,"BEARISH",8.58,9,8,0,NA,NA,NA,NA,NA,136898914.6,"WEAK_HOLD",2026-04-17
717,"AURIONPRO","AURIONPRO SOLN LTD","MICRO_CAP",922.6,-0.02,6.17,10.28,40.7,61.9,"BEARISH",3.1,6,4,15,51.69,51.19,51,57.05,47,120280615.15,"WEAK_HOLD",2026-04-17
794,"TOLINS","TOLINS TYRES LIMITED","MICRO_CAP",115.54,7.58,8.71,13.44,40.7,65.8,"BEARISH",-3.51,10,12,0,NA,NA,NA,NA,NA,80553386.26,"WEAK_HOLD",2026-04-17
898,"DBL","DILIP BUILDCON LIMITED","MICRO_CAP",457,0.38,4.91,4.48,40.7,63.2,"BEARISH",0.64,4,8,15,59.47,55.65,67,57.27,60,46285594.8,"WEAK_HOLD",2026-04-17
905,"AHCL","AHCL","MICRO_CAP",141.91,0.48,9.22,24.36,40.7,72.8,"BULLISH",16.85,13,4,0,NA,NA,NA,NA,NA,43370956.81,"WEAK_HOLD",2026-04-17
918,"CAMPUS","CAMPUS ACTIVEWEAR LIMITED","MICRO_CAP",247.82,-0.75,3.89,8.24,40.7,57.1,"BEARISH",-1.2,3,10,25,74.2,73.7,94,58.86,63,41127338.04,"WEAK_HOLD",2026-04-17
946,"HERANBA","HERANBA INDUSTRIES LTD","MICRO_CAP",210.41,2.7,10.17,17.85,40.7,65.2,"BEARISH",-3.45,8,14,0,NA,NA,NA,NA,NA,31283864.61,"WEAK_HOLD",2026-04-17
972,"LAXMIINDIA","LAXMI INDIA FINANCE LTD","MICRO_CAP",120.36,0.03,14.75,43.99,40.7,75.4,"BEARISH",31.71,15,2,0,NA,NA,NA,NA,NA,23924460.89,"WEAK_HOLD",2026-04-17
22,"LT","LARSEN & TOUBRO LTD.","LARGE_CAP",4096.1,-0.58,3.44,13.53,40,61.7,"BEARISH",5.08,8,10,0,NA,NA,NA,NA,NA,11475931109.7,"WEAK_HOLD",2026-04-17
128,"SHAKTIPUMP","SHAKTI PUMPS (I) LTD","MID_CAP",573.75,7.33,12.44,12.22,40,64.5,"BEARISH",-6.76,10,14,0,NA,NA,NA,NA,NA,2764850577.15,"WEAK_HOLD",2026-04-17
149,"JSWSTEEL","JSW STEEL LIMITED","MID_CAP",1240.3,2.09,2.1,5.08,40,60.6,"BULLISH",3.04,4,8,0,NA,NA,NA,NA,NA,2306191413.1,"WEAK_HOLD",2026-04-17
164,"KFINTECH","KFIN TECHNOLOGIES LIMITED","SMALL_CAP",976,2.1,7.08,3.41,40,59,"BEARISH",-2.84,6,13,0,NA,NA,NA,NA,NA,2004058004.8,"WEAK_HOLD",2026-04-17
223,"PARADEEP","PARADEEP PHOSPHATES LTD","SMALL_CAP",124.33,2.09,2.62,7.04,40,60.6,"BEARISH",-9.64,8,18,0,NA,NA,NA,NA,NA,1375805752.52,"WEAK_HOLD",2026-04-17
273,"RBLBANK","RBL BANK LIMITED","SMALL_CAP",315.55,-0.11,-2.05,4.71,40,53.9,"BEARISH",6.53,7,12,0,NA,NA,NA,NA,NA,1005905311.85,"WEAK_HOLD",2026-04-17
291,"CUB","CITY UNION BANK LTD","SMALL_CAP",257.82,3.2,0.26,2.64,40,53.2,"BEARISH",-13.65,4,15,15,54.17,55,47,56.18,61.25,894053969.6,"WEAK_HOLD",2026-04-17
473,"ROSSARI","ROSSARI BIOTECH LIMITED","MICRO_CAP",504.25,5.44,11.2,17.64,40,65.7,"BEARISH",-9.75,10,16,0,NA,NA,NA,NA,NA,327020929.8,"WEAK_HOLD",2026-04-17
703,"SUPRIYA","SUPRIYA LIFESCIENCE LTD","MICRO_CAP",638.5,1.62,-0.04,8.36,40,56.2,"BEARISH",-4.64,6,15,0,NA,NA,NA,NA,NA,126592921.2,"WEAK_HOLD",2026-04-17
744,"SHAREINDIA","SHARE IND. SECURITIES LTD","MICRO_CAP",146.8,-0.49,2.81,13.53,40,63.6,"BEARISH",3.3,6,8,0,NA,NA,NA,NA,NA,107020921.27,"WEAK_HOLD",2026-04-17
903,"GUJTHEM","GUJARAT THEMIS BIOSYN LTD","MICRO_CAP",319.07,5.01,11.69,11.93,40,63.3,"BEARISH",-0.34,6,10,0,NA,NA,NA,NA,NA,43456158.17,"WEAK_HOLD",2026-04-17
932,"DMCC","DMCC SPECIALITY CHEMICALS","MICRO_CAP",294.01,2.86,31.31,35.6,40,72.6,"BEARISH",27.01,16,0,0,NA,NA,NA,NA,NA,35294326.5,"WEAK_HOLD",2026-04-17
969,"CONSUMBEES","NIP IND ETF CONSUMPTION","MICRO_CAP",126.9,1.13,1.98,4.55,40,60.8,"BEARISH",0.42,4,15,0,10,10,10,10,10,24730675.95,"WEAK_HOLD",2026-04-17
970,"LAXMIDENTL","LAXMI DENTAL LIMITED","MICRO_CAP",195.04,-2.1,2.6,10.22,40,57.6,"BEARISH",4.11,6,8,0,NA,NA,NA,NA,NA,24335300.95,"WEAK_HOLD",2026-04-17
995,"MAXIND","MAX INDIA LIMITED","MICRO_CAP",154.67,1.29,-0.26,6.43,40,56.2,"BEARISH",-2.85,6,13,0,NA,NA,NA,NA,NA,15282434.63,"WEAK_HOLD",2026-04-17
116,"DRREDDY","DR. REDDY S LABORATORIES","MID_CAP",1235.7,1.17,0.28,-4.56,39.3,47.4,"BEARISH",2.36,2,17,0,NA,NA,NA,NA,NA,3152557696.5,"WEAK_HOLD",2026-04-17
256,"LIQUID","MIRAEAMC - LIQUID","SMALL_CAP",999.99,0,0,0,39.3,48.1,"STRONG_BULLISH",0.91,6,6,0,NA,NA,NA,NA,NA,1091321420.71,"WEAK_HOLD",2026-04-17
463,"IIFLCAPS","IIFL CAPITAL SERVICES LTD","MICRO_CAP",313.44,5.6,9.52,10.02,39.3,63.4,"BEARISH",-4.27,8,12,0,NA,NA,NA,NA,NA,343294534.34,"WEAK_HOLD",2026-04-17
514,"CHOLAHLDNG","CHOLAMANDALAM FIN HOL LTD","MICRO_CAP",1641.1,3.71,2.77,9.74,39.3,60.3,"BEARISH",0.11,2,11,15,50.66,50.22,47,51.59,56.67,286123982,"WEAK_HOLD",2026-04-17
543,"GLAND","GLAND PHARMA LIMITED","MICRO_CAP",1797.4,3.56,3.19,7.96,39.3,61.6,"BEARISH",-1.75,8,12,0,NA,NA,NA,NA,NA,254887775.9,"WEAK_HOLD",2026-04-17
557,"ITDC","INDIA TOUR. DEV. CO. LTD.","MICRO_CAP",616.25,-3.44,0.96,39.47,39.3,70.6,"BEARISH",18.18,13,2,0,NA,NA,NA,NA,NA,243108143.25,"WEAK_HOLD",2026-04-17
594,"DCBBANK","DCB BANK LIMITED","MICRO_CAP",189.83,0.96,0.7,5.64,39.3,59.4,"BULLISH",-4.02,5,8,15,51.91,50,51,53.82,56,209624609.9,"WEAK_HOLD",2026-04-17
598,"GREAVESCOT","GREAVES COTTON LTD.","MICRO_CAP",161.36,2.04,7,16.05,39.3,65.6,"BEARISH",-0.25,6,14,0,NA,NA,NA,NA,NA,205346772.16,"WEAK_HOLD",2026-04-17
651,"CSBBANK","CSB BANK LIMITED","MICRO_CAP",399.85,-0.71,-1.25,2.45,39.3,55.7,"BEARISH",-7.81,5,10,20,62.59,64.05,61,59.12,66,157447860.8,"WEAK_HOLD",2026-04-17
732,"VIJAYA","VIJAYA DIAGNOSTIC CEN LTD","MICRO_CAP",1022.55,0.33,4.15,8.99,39.3,69.4,"BEARISH",7.57,7,8,0,NA,NA,NA,NA,NA,113581961.05,"WEAK_HOLD",2026-04-17
797,"BOMDYEING","BOMBAY DYEING & MFG. CO L","MICRO_CAP",113.04,-0.96,4.13,5.11,39.3,58.1,"BEARISH",-1.16,5,8,15,58.79,65.78,54.6,53.64,54,80342624.35,"WEAK_HOLD",2026-04-17
950,"UDS","UPDATER SERVICES LIMITED","MICRO_CAP",161.33,2.44,7.07,13.63,39.3,60.3,"BEARISH",6.8,9,11,0,NA,NA,NA,NA,NA,29126183.87,"WEAK_HOLD",2026-04-17
966,"RAMAPHO","RAMA PHOSPHATES LIMITED","MICRO_CAP",144.59,3.48,6.8,21.64,39.3,65.3,"BEARISH",-4.6,8,12,0,NA,NA,NA,NA,NA,24961705.75,"WEAK_HOLD",2026-04-17
21,"RVNL","RAIL VIKAS NIGAM LIMITED","LARGE_CAP",303.06,3.12,10.2,10.16,38.7,63.5,"BEARISH",-10.84,10,14,0,NA,NA,NA,NA,NA,11787908392.48,"WEAK_HOLD",2026-04-17
197,"UNIONBANK","UNION BANK OF INDIA","SMALL_CAP",188.91,0.22,-0.06,6.18,38.7,57.1,"BULLISH",5.42,6,6,0,NA,NA,NA,NA,NA,1658536500.63,"WEAK_HOLD",2026-04-17
356,"LICHSGFIN","LIC HOUSING FINANCE LTD","MICRO_CAP",540,0.96,1.57,7.32,38.7,61,"BEARISH",3.51,4,10,0,NA,NA,NA,NA,NA,616167722.85,"WEAK_HOLD",2026-04-17
483,"PCBL","PCBL CHEMICAL LIMITED","MICRO_CAP",285.41,0.45,4.48,11.36,38.7,58.7,"BEARISH",8.21,9,8,0,NA,NA,NA,NA,NA,318165545.82,"WEAK_HOLD",2026-04-17
512,"SWSOLAR","STRLNG & WIL REN ENE LTD","MICRO_CAP",193.97,0.26,6.89,10.73,38.7,61.5,"BEARISH",5.76,8,6,0,NA,NA,NA,NA,NA,287136856.46,"WEAK_HOLD",2026-04-17
811,"TSFINV","TSFINV","MICRO_CAP",405.4,4.69,4.55,9.48,38.7,59.4,"BEARISH",-5.8,8,14,0,NA,NA,NA,NA,NA,76279044.2,"WEAK_HOLD",2026-04-17
942,"GANESHCP","GANESHCP","MICRO_CAP",195.82,-0.23,0.29,15.08,38.7,59.3,"BEARISH",1.64,6,8,0,NA,NA,NA,NA,NA,32741570.48,"WEAK_HOLD",2026-04-17
961,"MOVALUE","MOTILALAMC - MOVALUE","MICRO_CAP",118.13,0.66,2.58,3.61,38.7,59.2,"BULLISH",-0.5,3,9,0,NA,NA,NA,NA,NA,26367685.79,"WEAK_HOLD",2026-04-17
20,"JIOFIN","JIO FIN SERVICES LTD","LARGE_CAP",243.86,1.07,0.27,-1.75,38,52.2,"BEARISH",-3.27,6,15,0,NA,NA,NA,NA,NA,12496819010.78,"WEAK_HOLD",2026-04-17
229,"TORNTPHARM","TORRENT PHARMACEUTICALS L","SMALL_CAP",4179.5,0.57,0.58,-2.56,38,50,"BEARISH",6.43,4,13,0,NA,NA,NA,NA,NA,1292306681,"WEAK_HOLD",2026-04-17
284,"ITI","ITI LTD","SMALL_CAP",297.33,2.16,1.67,12.45,38,62.4,"BEARISH",3.81,4,14,0,NA,NA,NA,NA,NA,935247476.87,"WEAK_HOLD",2026-04-17
287,"CARTRADE","CARTRADE TECH LIMITED","SMALL_CAP",1858,3.34,1.16,9.42,38,54.2,"BEARISH",-28.96,6,10,15,52.67,50.65,47,54.55,65,916261556.9,"WEAK_HOLD",2026-04-17
380,"JUNIORBEES","NIP IND ETF JUNIOR BEES","MICRO_CAP",757.6,1.53,3.86,7.24,38,66.4,"BEARISH",4.75,4,9,0,NA,NA,NA,NA,NA,521834804.53,"WEAK_HOLD",2026-04-17
398,"CHOICEIN","CHOICE INTERNATIONAL LTD","MICRO_CAP",724.8,0.76,3.2,12.36,38,61.4,"BEARISH",-4.41,5,8,15,54.36,51.52,55,55,60,480686844.75,"WEAK_HOLD",2026-04-17
400,"ZYDUSLIFE","ZYDUS LIFESCIENCES LTD","MICRO_CAP",943.95,0.52,3.12,4.93,38,64.4,"BEARISH",7.54,7,6,0,NA,NA,NA,NA,NA,476279349.5,"WEAK_HOLD",2026-04-17
415,"ARE&M","AMARA RAJA ENERGY MOB LTD","MICRO_CAP",778.55,0.76,5.01,-0.8,38,55.3,"BEARISH",-6.34,1,13,15,54.31,51.3,51,57.95,63,446815963.85,"WEAK_HOLD",2026-04-17
438,"DALBHARAT","DALMIA BHARAT LIMITED","MICRO_CAP",1971.7,-0.15,0.15,2.91,38,56,"BEARISH",-3.63,3,10,20,68.15,73.7,76,57.73,54.17,398246264.7,"WEAK_HOLD",2026-04-17
440,"NIACL","THE NEW INDIA ASSU CO LTD","MICRO_CAP",167.34,-1.52,7.47,24.29,38,70.4,"BEARISH",13.29,13,0,0,NA,NA,NA,NA,NA,394312884.16,"WEAK_HOLD",2026-04-17
646,"SHYAMMETL","SHYAM METALICS AND ENGY L","MICRO_CAP",864.2,0.08,3.03,9.87,38,64.3,"BULLISH",1.84,6,10,0,NA,NA,NA,NA,NA,161118803.5,"WEAK_HOLD",2026-04-17
674,"SURAJEST","SURAJ ESTATE DEVELOPERS L","MICRO_CAP",245.57,0.45,11.87,20.7,38,71.2,"BEARISH",10.47,11,2,0,NA,NA,NA,NA,NA,144063226.73,"WEAK_HOLD",2026-04-17
689,"RICOAUTO","RICO AUTO INDUSTRIES LTD","MICRO_CAP",119.08,-0.33,2.02,5.23,38,57,"BULLISH",3.56,6,8,0,NA,NA,NA,NA,NA,130125924.37,"WEAK_HOLD",2026-04-17
727,"WELENT","WELSPUN ENTERPRISES LTD.","MICRO_CAP",483.8,3.82,9.28,3.65,38,60.5,"BEARISH",3.51,5,6,0,NA,NA,NA,NA,NA,116069990.2,"WEAK_HOLD",2026-04-17
792,"ICICIB22","ICICIPRAMC - BHARATIWIN","MICRO_CAP",125.15,1.03,2.52,4.76,38,63.5,"BULLISH",4.65,4,10,0,NA,NA,NA,NA,NA,81853910.18,"WEAK_HOLD",2026-04-17
960,"IPL","INDIA PESTICIDES LIMITED","MICRO_CAP",155.58,0.73,5.14,13.32,38,62.2,"BEARISH",-0.13,5,13,0,NA,NA,NA,NA,NA,26832312.19,"WEAK_HOLD",2026-04-17
3,"ANGELONE","ANGEL ONE LIMITED","LARGE_CAP",322.47,10.2,14.76,36.52,37.3,29.8,"BEARISH",-86.4,10,12,10,48.22,47.61,40.83,52.83,56,25252503544.26,"WEAK_HOLD",2026-04-17
123,"CIPLA","CIPLA LTD","MID_CAP",1240.8,0.84,0.92,-2.18,37.3,46.7,"STRONG_BEARISH",-5.37,1,15,15,51.15,50.65,47,55.68,53.33,2835448778.4,"WEAK_HOLD",2026-04-17
216,"MFSL","MAX FINANCIAL SERV LTD","SMALL_CAP",1683.2,-0.71,1.72,0.87,37.3,56.8,"BULLISH",5.22,4,4,0,NA,NA,NA,NA,NA,1453219887.5,"WEAK_HOLD",2026-04-17
220,"IGL","INDRAPRASTHA GAS LTD","SMALL_CAP",169.27,1.94,4.92,7.59,37.3,65.4,"BEARISH",-3.94,8,9,0,NA,NA,NA,NA,NA,1427023533.45,"WEAK_HOLD",2026-04-17
326,"STALLION","STALLION IND FLUOROCHEM L","MICRO_CAP",160,8.82,16.86,35.25,37.3,69.9,"NEUTRAL",-12.6,10,12,0,NA,NA,NA,NA,NA,730174865.78,"WEAK_HOLD",2026-04-17
351,"EMAMILTD","EMAMI LIMITED","MICRO_CAP",452.1,6.25,6.59,8.46,37.3,65.9,"BEARISH",-5.64,6,14,0,NA,NA,NA,NA,NA,629685111.1,"WEAK_HOLD",2026-04-17
382,"UBL","UNITED BREWERIES LTD","MICRO_CAP",1493.6,2.36,2.71,-7.69,37.3,43.6,"STRONG_BEARISH",2.62,2,13,0,NA,NA,NA,NA,NA,512925973.7,"WEAK_HOLD",2026-04-17
418,"MINDACORP","MINDA CORPORATION LTD","MICRO_CAP",532.8,5.37,3.59,5.42,37.3,54.3,"BEARISH",-4.43,10,10,0,NA,NA,NA,NA,NA,444782005.75,"WEAK_HOLD",2026-04-17
558,"MID150BEES","NIP IND ETF MIDCAP 150","MICRO_CAP",227.57,1.28,3.54,6.33,37.3,64.3,"BEARISH",3.63,4,8,0,NA,NA,NA,NA,NA,242856282.67,"WEAK_HOLD",2026-04-17
685,"MUFIN","MUFIN GREEN FINANCE LTD","MICRO_CAP",113.43,1.47,6.98,7.26,37.3,62,"BEARISH",0.33,6,11,0,NA,NA,NA,NA,NA,132106840.43,"WEAK_HOLD",2026-04-17
725,"JSLL","JEENA SIKHO LIFECARE LTD","MICRO_CAP",686.25,0.97,2.9,9.3,37.3,62.8,"BEARISH",4.21,6,11,0,NA,NA,NA,NA,NA,117130007.1,"WEAK_HOLD",2026-04-17
861,"BAJAJELEC","BAJAJ ELECT.LTD","MICRO_CAP",391.4,0.98,6.71,12.37,37.3,64,"BEARISH",-4.67,3,9,15,51.5,48.48,47,54.55,63,58734233.15,"WEAK_HOLD",2026-04-17
938,"MUTHOOTCAP","MUTHOOT CAP SERV LTD","MICRO_CAP",211.57,7.85,4.94,6.47,37.3,58,"BEARISH",-6.74,8,12,0,NA,NA,NA,NA,NA,33406832.19,"WEAK_HOLD",2026-04-17
968,"SURYODAY","SURYODAY SMALL FIN BK LTD","MICRO_CAP",144.05,0.15,7.68,13.32,37.3,63.7,"BULLISH",4.88,6,8,0,NA,NA,NA,NA,NA,24735620.38,"WEAK_HOLD",2026-04-17
51,"POLICYBZR","PB FINTECH LIMITED","MID_CAP",1600.6,3.23,6.01,4.02,36.7,63.9,"BEARISH",-2.35,8,6,0,NA,NA,NA,NA,NA,6019574889.8,"WEAK_HOLD",2026-04-17
53,"GRSE","GARDEN REACH SHIP&ENG LTD","MID_CAP",2712,4,6.78,13.35,36.7,66.2,"BEARISH",-0.98,6,12,0,NA,NA,NA,NA,NA,6003137396.6,"WEAK_HOLD",2026-04-17
224,"SAMMAANCAP","SAMMAAN CAPITAL LIMITED","SMALL_CAP",154.53,-0.28,-0.84,9.43,36.7,58.9,"BEARISH",3.45,6,10,0,NA,NA,NA,NA,NA,1337986275.68,"WEAK_HOLD",2026-04-17
297,"AFFLE","AFFLE 3I LIMITED","SMALL_CAP",1468.2,1.48,4.75,9.05,36.7,59,"BEARISH",-4.2,6,10,0,10,10,10,10,10,861594167.7,"WEAK_HOLD",2026-04-17
385,"IKS","INVENTURUS KNOWLEDGE SO L","MICRO_CAP",1499,-1.54,-2.64,11.05,36.7,59,"BEARISH",-2.5,6,8,0,NA,NA,NA,NA,NA,509522046.6,"WEAK_HOLD",2026-04-17
457,"JSWINFRA","JSW INFRASTRUCTURE LTD","MICRO_CAP",274.26,0.61,3.11,5.48,36.7,61.2,"BEARISH",7.01,7,4,0,NA,NA,NA,NA,NA,356943753.34,"WEAK_HOLD",2026-04-17
466,"RATNAVEER","RATNAVEER PRECISION ENG L","MICRO_CAP",155.99,-0.69,7,6.37,36.7,60.8,"BEARISH",2.8,7,6,0,NA,NA,NA,NA,NA,336228776.79,"WEAK_HOLD",2026-04-17
591,"POCL","PONDY OXIDES & CHEM LTD","MICRO_CAP",1238.8,-0.89,3.94,15.33,36.7,63.2,"BEARISH",4.84,6,8,0,NA,NA,NA,NA,NA,213450963.8,"WEAK_HOLD",2026-04-17
677,"WELSPUNLIV","WELSPUN LIVING LIMITED","MICRO_CAP",125.42,1.28,1.91,8.86,36.7,57.9,"BEARISH",2.11,6,10,0,NA,NA,NA,NA,NA,139059429.5,"WEAK_HOLD",2026-04-17
700,"BATAINDIA","BATA INDIA LTD","MICRO_CAP",757.35,1.44,5.86,12.52,36.7,62,"BEARISH",-11.04,5,11,20,69.28,71.96,76,60.23,63,127245924.3,"WEAK_HOLD",2026-04-17
888,"PRECAM","PRECISION CAMSHAFTS LTD.","MICRO_CAP",155.65,0.24,8.66,28.3,36.7,69.3,"BEARISH",6.77,9,4,0,NA,NA,NA,NA,NA,51578099.18,"WEAK_HOLD",2026-04-17
971,"JTEKTINDIA","JTEKT INDIA LIMITED","MICRO_CAP",132.83,0.24,-0.78,1.47,36.7,52.9,"BEARISH",-2.01,4,13,0,NA,NA,NA,NA,NA,24027581.96,"WEAK_HOLD",2026-04-17
100,"UNITDSPR","UNITED SPIRITS LIMITED","MID_CAP",1302.9,3.86,2.74,-1.32,36,52.7,"STRONG_BEARISH",-3.47,3,18,0,NA,NA,NA,NA,NA,3653698774.8,"WEAK_HOLD",2026-04-17
186,"VOLTAS","VOLTAS LTD","SMALL_CAP",1440.1,2.22,9.46,1.23,36,59.8,"BEARISH",9.36,5,4,0,NA,NA,NA,NA,NA,1803456381.4,"WEAK_HOLD",2026-04-17
214,"PIIND","PI INDUSTRIES LTD","SMALL_CAP",3139.7,0.88,6.35,7.24,36,62.8,"BEARISH",-0.83,6,9,0,NA,NA,NA,NA,NA,1467110024.1,"WEAK_HOLD",2026-04-17
327,"GOLD1","KOTAK GOLD ETF","MICRO_CAP",126.05,-0.41,1.18,-2.32,36,51.6,"BULLISH",-2.24,1,8,0,NA,NA,NA,NA,NA,727762903.65,"WEAK_HOLD",2026-04-17
368,"TATACAP","TATACAP","MICRO_CAP",337.85,0.58,3.44,4.24,36,60.6,"BEARISH",-0.33,3,9,0,NA,NA,NA,NA,NA,573516355.75,"WEAK_HOLD",2026-04-17
412,"PACEDIGITK","PACEDIGITK","MICRO_CAP",176.52,2.18,12.31,3.02,36,62.3,"STRONG_BEARISH",3.84,7,4,0,NA,NA,NA,NA,NA,450393526.97,"WEAK_HOLD",2026-04-17
459,"CREDITACC","CREDITACCESS GRAMEEN LTD","MICRO_CAP",1264.8,2.11,3.43,6.45,36,61.3,"BEARISH",-3.74,3,12,15,53.16,50.22,47,57.11,66,346880866.9,"WEAK_HOLD",2026-04-17
502,"ELECON","ELECON ENG. CO. LTD","MICRO_CAP",412.75,1.6,-1.61,3.77,36,54.3,"BEARISH",2.05,5,10,0,NA,NA,NA,NA,NA,296259547.75,"WEAK_HOLD",2026-04-17
554,"GSFC","GUJ STATE FERT & CHEM LTD","MICRO_CAP",174.07,1.77,6.3,8.22,36,65.8,"BEARISH",-4.74,6,11,0,NA,NA,NA,NA,NA,248313972.66,"WEAK_HOLD",2026-04-17
736,"AWHCL","ANTONY WASTE HDG CELL LTD","MICRO_CAP",516.4,0.57,3.16,15.59,36,63.8,"BEARISH",-7.53,5,7,20,61.84,58.04,77,56.36,54,112705919.6,"WEAK_HOLD",2026-04-17
762,"HERITGFOOD","HERITAGE FOODS LTD","MICRO_CAP",359.75,1.22,6.43,12.35,36,66.3,"BEARISH",1.09,6,9,0,NA,NA,NA,NA,NA,97884350.3,"WEAK_HOLD",2026-04-17
824,"TEMBO","TEMBO GLOBAL IND LTD","MICRO_CAP",582.25,-0.92,2.22,14.53,36,67.3,"BEARISH",7.93,9,4,0,NA,NA,NA,NA,NA,71414876,"WEAK_HOLD",2026-04-17
873,"TIRUMALCHM","THIRUMALAI CHEMICALS LTD","MICRO_CAP",200.73,-0.76,6.64,9.66,36,61.7,"BEARISH",6.3,9,6,0,NA,NA,NA,NA,NA,55322041,"WEAK_HOLD",2026-04-17
881,"PANACEABIO","PANACEA BIOTEC LTD","MICRO_CAP",358.75,1.73,9.66,5.22,36,61.2,"BEARISH",-2.9,6,9,0,NA,NA,NA,NA,NA,53990019.2,"WEAK_HOLD",2026-04-17
913,"INDIANHUME","INDIAN HUME PIPE CO. LTD.","MICRO_CAP",330.85,1.8,2.38,2.21,36,52.4,"BEARISH",-12.66,8,15,0,NA,NA,NA,NA,NA,41693642.55,"WEAK_HOLD",2026-04-17
929,"PRINCEPIPE","PRINCE PIPES FITTINGS LTD","MICRO_CAP",254.95,-0.24,6.31,2.39,36,59.8,"BEARISH",7.49,7,6,0,NA,NA,NA,NA,NA,36265556.87,"WEAK_HOLD",2026-04-17
962,"STARCEMENT","STAR CEMENT LIMITED","MICRO_CAP",222.36,0.19,2.75,6.37,36,64.3,"BEARISH",1.99,4,8,0,NA,NA,NA,NA,NA,26192825.78,"WEAK_HOLD",2026-04-17
10,"SBIN","STATE BANK OF INDIA","LARGE_CAP",1080.25,1.23,1.27,0.98,35.3,53.1,"BULLISH",1.2,2,8,0,NA,NA,NA,NA,NA,18054641934.6,"WEAK_HOLD",2026-04-17
158,"TVSMOTOR","TVS MOTOR COMPANY  LTD","SMALL_CAP",3735.8,-0.57,-2.71,4.56,35.3,55.7,"BULLISH",2.5,6,6,0,NA,NA,NA,NA,NA,2151962365.9,"WEAK_HOLD",2026-04-17
207,"BDL","BHARAT DYNAMICS LIMITED","SMALL_CAP",1380.7,1.57,2.59,4.58,35.3,62.2,"BEARISH",-9.33,3,6,25,73.31,74.78,94,58.86,54.17,1566511774,"WEAK_HOLD",2026-04-17
309,"FORTIS","FORTIS HEALTHCARE LTD","MICRO_CAP",890.2,1.87,4.99,5.22,35.3,61.4,"BEARISH",5.46,8,6,0,NA,NA,NA,NA,NA,799917955.05,"WEAK_HOLD",2026-04-17
487,"JAMNAAUTO","JAMNA AUTO IND LTD","MICRO_CAP",128.56,0.37,3.01,4.06,35.3,56.1,"BULLISH",4.29,4,4,0,NA,NA,NA,NA,NA,312152058.74,"WEAK_HOLD",2026-04-17
570,"ASAHIINDIA","ASAHI INDIA GLASS LIMITED","MICRO_CAP",851.25,0.16,-2.14,-1.52,35.3,50.3,"BEARISH",-14.12,1,11,15,52.31,50.43,51,56.45,54,226944742.6,"WEAK_HOLD",2026-04-17
601,"MEDANTA","GLOBAL HEALTH LIMITED","MICRO_CAP",1089.4,-0.26,2.18,4.35,35.3,57.6,"BEARISH",4.29,2,10,0,NA,NA,NA,NA,NA,199216223.15,"WEAK_HOLD",2026-04-17
654,"KITEX","KITEX GARMENTS LTD","MICRO_CAP",171.96,1.45,1.3,4.47,35.3,54.8,"BEARISH",1.51,4,13,0,NA,NA,NA,NA,NA,154272369.32,"WEAK_HOLD",2026-04-17
731,"CYIENTDLM","CYIENT DLM LIMITED","MICRO_CAP",341.25,1.53,8.51,8.78,35.3,64,"BEARISH",-7.98,5,4,25,71.54,72.61,86,57.73,63,113588506.15,"WEAK_HOLD",2026-04-17
812,"REPCOHOME","REPCO HOME FINANCE LTD","MICRO_CAP",400.05,0.36,4.6,8.95,35.3,61.2,"BEARISH",-0.13,6,10,0,NA,NA,NA,NA,NA,75780195.7,"WEAK_HOLD",2026-04-17
831,"EGOLD","EDELAMC - EGOLD","MICRO_CAP",150.95,-0.66,0.94,-2.27,35.3,51.5,"BULLISH",-8.05,5,10,0,NA,NA,NA,NA,NA,69284863.1,"WEAK_HOLD",2026-04-17
836,"CANHLIFE","CANHLIFE","MICRO_CAP",149.73,-0.87,3.4,1.65,35.3,58.8,"BULLISH",2.54,2,10,0,NA,NA,NA,NA,NA,68735563.21,"WEAK_HOLD",2026-04-17
859,"HIKAL","HIKAL LIMITED","MICRO_CAP",191.9,1.86,6.66,10.55,35.3,62.8,"BEARISH",0.56,6,11,0,NA,NA,NA,NA,NA,59364416.7,"WEAK_HOLD",2026-04-17
25,"ITC","ITC LTD","LARGE_CAP",306.8,1.12,0.84,0.9,34.7,54.3,"BEARISH",-3.85,1,15,0,NA,NA,NA,NA,NA,10797329192.4,"SELL",2026-04-17
135,"TMPV","TMPV","MID_CAP",360.1,1.07,5.11,10.89,34.7,63.8,"BEARISH",3.78,6,7,0,NA,NA,NA,NA,NA,2624791927.95,"SELL",2026-04-17
172,"BRITANNIA","BRITANNIA INDUSTRIES LTD","SMALL_CAP",5735.5,2.68,3.2,-2.54,34.7,53.5,"STRONG_BEARISH",-1.22,0,12,15,52.36,51.96,47,54.77,59.17,1970336102.5,"SELL",2026-04-17
281,"NAZARA","NAZARA TECHNOLOGIES LTD","SMALL_CAP",273.34,5.06,8.33,7.09,34.7,65.3,"BEARISH",-2.98,6,7,0,NA,NA,NA,NA,NA,971728530.08,"SELL",2026-04-17
478,"AJANTPHARM","AJANTA PHARMA LIMITED","MICRO_CAP",2790.2,-1.32,-0.56,-8.72,34.7,44.7,"BEARISH",1.21,2,8,0,10,10,10,10,10,323599279.1,"SELL",2026-04-17
810,"VAIBHAVGBL","VAIBHAV GLOBAL LIMITED","MICRO_CAP",223.7,1.67,2.88,4.48,34.7,59.9,"BEARISH",0.86,4,7,0,NA,NA,NA,NA,NA,76510168.93,"SELL",2026-04-17
927,"GANDHAR","GANDHAR OIL REFINE IND L","MICRO_CAP",147.55,-0.71,7.62,11.87,34.7,65,"BEARISH",-0.6,6,4,0,NA,NA,NA,NA,NA,36532170.98,"SELL",2026-04-17
77,"SHRIRAMFIN","SHRIRAM FINANCE LIMITED","MID_CAP",1036.95,1.39,0.91,1.5,34,57.2,"BULLISH",2.57,2,8,0,NA,NA,NA,NA,NA,4486294593.6,"SELL",2026-04-17
104,"IRFC","INDIAN RAILWAY FIN CORP L","MID_CAP",104.84,1.55,4.57,6.71,34,60.9,"BEARISH",-11.8,6,11,0,NA,NA,NA,NA,NA,3443590636.08,"SELL",2026-04-17
243,"MANKIND","MANKIND PHARMA LIMITED","SMALL_CAP",2125,0.98,2.21,1.04,34,56.8,"BEARISH",0.96,2,8,0,NA,NA,NA,NA,NA,1165796181.5,"SELL",2026-04-17
252,"PWL","PWL","SMALL_CAP",108.32,2.72,6.4,24.76,34,70.9,"NEUTRAL",-8.41,6,14,0,NA,NA,NA,NA,NA,1115613348.02,"SELL",2026-04-17
314,"MOSCHIP","MOSCHIP TECHNOLOGIES LTD","MICRO_CAP",197.95,2.91,12.62,15.77,34,65.7,"BEARISH",-5.02,8,4,0,NA,NA,NA,NA,NA,777096079.57,"SELL",2026-04-17
527,"BSOFT","BIRLASOFT LIMITED","MICRO_CAP",390.7,0.66,6.75,7.22,34,59.8,"BEARISH",-5.63,5,10,15,55.22,53.91,51,57.27,63,272103578.35,"SELL",2026-04-17
584,"LIQUIDBETF","BFAM - LIQUIDBETF","MICRO_CAP",1077.98,0.04,0.09,0.42,34,100,"STRONG_BULLISH",1.89,2,12,0,NA,NA,NA,NA,NA,217209332.1,"SELL",2026-04-17
681,"KSCL","KAVERI SEED CO. LTD.","MICRO_CAP",923.35,0.34,-0.4,20.51,34,67.5,"BULLISH",-0.7,5,11,0,NA,NA,NA,NA,NA,135307515.15,"SELL",2026-04-17
778,"EMSLIMITED","EMS LIMITED","MICRO_CAP",345.65,0.85,11.41,16.34,34,65.5,"BEARISH",4.15,6,4,0,NA,NA,NA,NA,NA,88715778.1,"SELL",2026-04-17
857,"MBEL","M AND B ENGINEERING LTD","MICRO_CAP",329.37,0.72,7.84,17.07,34,63.1,"BEARISH",4.67,6,9,0,NA,NA,NA,NA,NA,60597260.24,"SELL",2026-04-17
902,"KROSS","KROSS LIMITED","MICRO_CAP",194.33,1.7,4.28,3.69,34,60.9,"BULLISH",0.86,4,9,0,NA,NA,NA,NA,NA,43494360.35,"SELL",2026-04-17
907,"PROSTARM","PROSTARM INFO SYSTEMS LTD","MICRO_CAP",154.89,0.8,5.58,19.16,34,66.9,"BEARISH",3.33,6,6,0,NA,NA,NA,NA,NA,42907737.01,"SELL",2026-04-17
924,"MEDIASSIST","MEDI ASSIST HEALTH SER L","MICRO_CAP",368.8,1.03,3.44,8.57,34,59.6,"BEARISH",-6.61,5,15,0,NA,NA,NA,NA,NA,38483323.6,"SELL",2026-04-17
63,"SUNPHARMA","SUN PHARMACEUTICAL IND L","MID_CAP",1675.5,-1.04,1.24,-5.78,33.3,40.4,"BEARISH",5.94,4,12,0,NA,NA,NA,NA,NA,5280881029.3,"SELL",2026-04-17
254,"POONAWALLA","POONAWALLA FINCORP LTD","SMALL_CAP",413.75,1.62,3.37,0.41,33.3,52.1,"BEARISH",4.61,2,10,0,NA,NA,NA,NA,NA,1099392136.95,"SELL",2026-04-17
269,"LGEINDIA","LGEINDIA","SMALL_CAP",1578.7,1.83,6.83,-0.13,33.3,59.9,"STRONG_BEARISH",8.85,5,4,0,NA,NA,NA,NA,NA,1016010285.5,"SELL",2026-04-17
294,"TATACOMM","TATA COMMUNICATIONS LTD","SMALL_CAP",1521.1,-2.58,0.8,1.63,33.3,54.9,"BEARISH",-2.24,6,6,0,NA,NA,NA,NA,NA,884257145.2,"SELL",2026-04-17
375,"RAMCOCEM","THE RAMCO CEMENTS LIMITED","MICRO_CAP",1011.05,0.91,2,2.92,33.3,55,"BULLISH",-8.9,6,9,0,NA,NA,NA,NA,NA,543220381.15,"SELL",2026-04-17
471,"JAINREC","JAINREC","MICRO_CAP",421,0.72,-1.36,-4.09,33.3,44.4,"BULLISH",3.38,1,9,0,NA,NA,NA,NA,NA,329712382.05,"SELL",2026-04-17
503,"HINDOILEXP","HINDUSTAN OIL EXPLORATION","MICRO_CAP",158.33,0.03,2.24,20.7,33.3,63.2,"BEARISH",2.5,6,7,0,NA,NA,NA,NA,NA,296166451.71,"SELL",2026-04-17
655,"CLEAN","CLEAN SCIENCE & TECH LTD","MICRO_CAP",757.4,0.77,4.56,5.83,33.3,58.4,"BEARISH",-11.12,3,8,15,52.58,51.19,47,56.75,60,153473297.55,"SELL",2026-04-17
756,"DHANUKA","DHANUKA AGRITECH LTD","MICRO_CAP",1009.65,0.96,-1.51,0.51,33.3,52.4,"BEARISH",-8.84,4,15,0,NA,NA,NA,NA,NA,101501022.6,"SELL",2026-04-17
839,"SMARTWORKS","SMARTWORKS COWORKING SP L","MICRO_CAP",432.45,2.44,6.74,7.94,33.3,63.4,"BEARISH",-5.63,8,6,0,NA,NA,NA,NA,NA,67086174.4,"SELL",2026-04-17
853,"GREENPANEL","GREENPANEL INDUSTRIES LTD","MICRO_CAP",214.58,-2.17,2.67,9.07,33.3,62.5,"BEARISH",-5.42,8,6,0,NA,NA,NA,NA,NA,61876300.62,"SELL",2026-04-17
908,"JUNIPER","JUNIPER HOTELS LIMITED","MICRO_CAP",214.79,-0.94,-1.3,4.91,33.3,53.2,"BEARISH",-4.55,6,8,0,NA,NA,NA,NA,NA,42811865.87,"SELL",2026-04-17
13,"WIPRO","WIPRO LTD","LARGE_CAP",204.32,-2.83,-0.27,5.16,32.7,53.1,"BEARISH",-12.84,6,12,0,NA,NA,NA,NA,NA,16461070186.09,"SELL",2026-04-17
30,"GSPL","GUJARAT STATE PETRO LTD","LARGE_CAP",272.41,7.97,12.86,5.46,32.7,61.4,"BEARISH",-9.66,6,12,0,NA,NA,NA,NA,NA,8784224230.54,"SELL",2026-04-17
97,"COFORGE","COFORGE LIMITED","MID_CAP",1316.8,0.27,7.56,16.33,32.7,63.3,"BEARISH",-19.47,5,10,15,54.71,51.3,53,58.18,62,3707971747.4,"SELL",2026-04-17
126,"REDINGTON","REDINGTON LIMITED","MID_CAP",234.67,3.02,6.1,1.48,32.7,57,"BEARISH",-12.64,6,12,0,NA,NA,NA,NA,NA,2792530205.26,"SELL",2026-04-17
312,"ICICIGI","ICICI LOMBARD GIC LIMITED","MICRO_CAP",1891.6,0.26,5.91,3.3,32.7,64.5,"BEARISH",5.18,4,6,0,NA,NA,NA,NA,NA,789233374.1,"SELL",2026-04-17
387,"TVSELECT","TVS ELECTRONICS LTD","MICRO_CAP",475.15,7.9,17.31,17.48,32.7,61.7,"NEUTRAL",-19.17,10,8,0,NA,NA,NA,NA,NA,506932157.2,"SELL",2026-04-17
446,"GRAVITA","GRAVITA INDIA LIMITED","MICRO_CAP",1640.8,-1.69,5.29,13.48,32.7,64.3,"BEARISH",3.18,6,4,0,NA,NA,NA,NA,NA,381991414.4,"SELL",2026-04-17
546,"VINCOFE","VINTAGE COFFEE N BVRGS L","MICRO_CAP",141.76,0.44,2.81,8.07,32.7,57.2,"BEARISH",-2.67,5,13,0,NA,NA,NA,NA,NA,253147643.92,"SELL",2026-04-17
686,"HNGSNGBEES","NIP IND ETF HANGSENG BEES","MICRO_CAP",535.11,-0.4,1.43,4.16,32.7,59.7,"BEARISH",-4.6,4,8,0,NA,NA,NA,NA,NA,130353123.95,"SELL",2026-04-17
780,"HUBTOWN","HUBTOWN LIMITED","MICRO_CAP",208.58,-0.57,4.54,5.82,32.7,56.2,"BEARISH",2,4,6,0,NA,NA,NA,NA,NA,88464318.73,"SELL",2026-04-17
832,"INDIQUBE","INDIQUBE SPACES LIMITED","MICRO_CAP",159.28,-0.65,3.79,9.21,32.7,56.5,"BEARISH",-8.72,10,8,0,NA,NA,NA,NA,NA,69147670.27,"SELL",2026-04-17
863,"VESUVIUS","VESUVIUS INDIA LTD","MICRO_CAP",499.6,0.16,8.61,2.06,32.7,59.2,"BULLISH",1.77,2,6,0,NA,NA,NA,NA,NA,58394900.95,"SELL",2026-04-17
889,"SHK","S H KELKAR AND CO. LTD.","MICRO_CAP",146.97,1.96,5.12,13.9,32.7,62.1,"BEARISH",2.28,6,9,0,NA,NA,NA,NA,NA,51338266.47,"SELL",2026-04-17
4,"ICICIBANK","ICICI BANK LTD.","LARGE_CAP",1346.8,0.1,1.88,4.46,32,59.7,"BEARISH",0.31,4,8,0,NA,NA,NA,NA,NA,24347556255.2,"SELL",2026-04-17
167,"PAYTM","ONE 97 COMMUNICATIONS LTD","SMALL_CAP",1161.65,1.11,3.36,7.92,32,61.5,"BEARISH",3.03,6,6,0,NA,NA,NA,NA,NA,1989510126.25,"SELL",2026-04-17
266,"COROMANDEL","COROMANDEL INTERNTL. LTD","SMALL_CAP",2050.2,-1.33,-4.85,1.25,32,49.7,"BEARISH",-9.27,2,6,15,54.33,51.3,51,55.77,66,1025091813.3,"SELL",2026-04-17
401,"EXIDEIND","EXIDE INDUSTRIES LTD","MICRO_CAP",330,-0.42,1.69,6.88,32,60.4,"BEARISH",3.52,6,6,0,NA,NA,NA,NA,NA,474824072.05,"SELL",2026-04-17
424,"AXISGOLD","AXIS MF - AXIS GOLD ETF","MICRO_CAP",125.69,-0.77,1.07,-2.4,32,51,"BULLISH",-2.61,0,8,0,10,10,10,10,10,425938715.83,"SELL",2026-04-17
444,"SHRINGARMS","SHRINGARMS","MICRO_CAP",201.71,0.63,5.04,-0.24,32,53.6,"BEARISH",-5.96,6,9,0,NA,NA,NA,NA,NA,383861886.49,"SELL",2026-04-17
451,"SANDUMA","SANDUR MANG & IRON ORES L","MICRO_CAP",218.47,0.43,8.15,16.07,32,66.5,"BEARISH",-0.63,5,6,0,NA,NA,NA,NA,NA,368936406.82,"SELL",2026-04-17
454,"CYIENT","CYIENT LIMITED","MICRO_CAP",962.3,-0.52,5.75,12.14,32,63.4,"BEARISH",-14.54,5,4,20,61.16,65.43,56,58.41,62,363861561.4,"SELL",2026-04-17
496,"INDIAMART","INDIAMART INTERMESH LTD","MICRO_CAP",2170.9,0.71,3.38,3.47,32,61.7,"BEARISH",-0.5,1,13,0,NA,NA,NA,NA,NA,305508372.4,"SELL",2026-04-17
564,"ASHOKA","ASHOKA BUILDCON LTD","MICRO_CAP",138.82,0.78,11.17,18.31,32,64.9,"BEARISH",-5.9,5,2,20,65.24,71.74,60,60.45,63,237269229.29,"SELL",2026-04-17
589,"GOLDETF","MIRAEAMC - MAGOLDETF","MICRO_CAP",146.79,-0.45,1.27,-2.28,32,51.8,"BULLISH",-4.57,0,10,0,NA,NA,NA,NA,NA,215277079.28,"SELL",2026-04-17
665,"VARROC","VARROC ENGINEERING LTD.","MICRO_CAP",539.2,1.08,2.44,2.84,32,58.8,"BEARISH",-5.62,6,11,0,NA,NA,NA,NA,NA,147571170.85,"SELL",2026-04-17
679,"SILVERAG","SILVERAG","MICRO_CAP",241.47,-0.17,4.64,0.22,32,53.5,"BULLISH",-20.85,1,6,0,NA,NA,NA,NA,NA,137201917.68,"SELL",2026-04-17
764,"PENIND","PENNAR INDUSTRIES LTD","MICRO_CAP",175.64,1.32,7.35,22.3,32,68.8,"BEARISH",3.72,6,6,0,NA,NA,NA,NA,NA,97114836.86,"SELL",2026-04-17
766,"SULA","SULA VINEYARDS LIMITED","MICRO_CAP",175.15,0.29,7.66,9.71,32,61,"BEARISH",-3.47,5,9,0,NA,NA,NA,NA,NA,96625713,"SELL",2026-04-17
823,"DCAL","DISHMAN CARBO AMCIS LTD","MICRO_CAP",168.62,-1.11,5.87,-1.77,32,54.1,"BEARISH",-21.91,1,6,15,57.06,54.05,61,58.18,57,71786219.4,"SELL",2026-04-17
900,"ABLBL","ADITYA BIRLA LIFES BRAN L","MICRO_CAP",105.84,0.25,4.63,7.13,32,60.4,"BEARISH",1.68,6,8,0,23.05,29.29,18,26.67,10,45032265.96,"SELL",2026-04-17
906,"GREENLAM","GREENLAM INDUSTRIES LTD.","MICRO_CAP",223.8,0.79,2.28,4.71,32,51.9,"BEARISH",-5.81,2,13,0,NA,NA,NA,NA,NA,43242364.81,"SELL",2026-04-17
916,"JASH","JASH ENGINEERING LIMITED","MICRO_CAP",393.75,-1.64,-2.21,6.56,32,54.8,"BEARISH",2.71,4,10,0,NA,NA,NA,NA,NA,41420102.9,"SELL",2026-04-17
973,"SKMEGGPROD","SKM EGG PROD-ROLL SETT","MICRO_CAP",178.79,0.74,2.38,8.36,32,58.4,"BEARISH",-8.61,6,13,0,NA,NA,NA,NA,NA,23588472.77,"SELL",2026-04-17
976,"MUTHOOTMF","MUTHOOT MICROFIN LIMITED","MICRO_CAP",176.78,-1.3,4.53,15.22,32,61.7,"BEARISH",0.1,6,8,0,NA,NA,NA,NA,NA,22418360.22,"SELL",2026-04-17
985,"GICHSGFIN","GIC HOUSING FINANCE LTD","MICRO_CAP",153.4,1.06,0.79,3.54,32,59.1,"BEARISH",-4.57,4,10,0,NA,NA,NA,NA,NA,19274837.6,"SELL",2026-04-17
994,"PARKHOTELS","PARKHOTELS","MICRO_CAP",121.66,0.47,4.6,7.99,32,60.9,"BEARISH",1.1,6,8,0,NA,NA,NA,NA,NA,15436520,"SELL",2026-04-17
60,"BAJFINANCE","BAJAJ FINANCE LIMITED","MID_CAP",908.25,0.26,-1.76,3.2,31.3,52.9,"BEARISH",-1.41,1,8,15,51.99,50.65,47,55.53,59.17,5473779135.75,"SELL",2026-04-17
125,"TECHM","TECH MAHINDRA LIMITED","MID_CAP",1511.4,1.37,4.94,9.11,31.3,63.9,"BEARISH",-12.38,5,15,0,NA,NA,NA,NA,NA,2805929055.4,"SELL",2026-04-17
177,"CANBK","CANARA BANK","SMALL_CAP",142.37,0.95,1.58,3.53,31.3,55.5,"BEARISH",-2.52,3,6,15,54.62,54.05,47,56.76,66,1931331187.76,"SELL",2026-04-17
253,"JKTYRE","JK TYRE & INDUSTRIES LTD","SMALL_CAP",428.4,2.01,-1.04,-1.91,31.3,50,"BEARISH",-16.66,4,12,0,NA,NA,NA,NA,NA,1109297656.75,"SELL",2026-04-17
299,"ABCAPITAL","ADITYA BIRLA CAPITAL LTD.","SMALL_CAP",340.4,0.72,-0.44,3.64,31.3,57,"BEARISH",1.09,4,6,0,24.24,35.38,17,21.67,10,853911351.65,"SELL",2026-04-17
390,"LEMONTREE","LEMON TREE HOTELS LTD","MICRO_CAP",114.55,0.32,0.35,6.48,31.3,55.6,"BEARISH",-10.35,6,15,0,NA,NA,NA,NA,NA,498811812.8,"SELL",2026-04-17
436,"INOXGREEN","INOX GREEN ENERGY SER LTD","MICRO_CAP",163.03,-0.69,4.44,12.71,31.3,58.3,"BEARISH",-3.16,5,8,0,NA,NA,NA,NA,NA,403989374.46,"SELL",2026-04-17
472,"APOLLOTYRE","APOLLO TYRES LTD","MICRO_CAP",445.4,0.39,1.65,6.11,31.3,57.3,"BEARISH",-8.59,3,8,15,53.44,54.57,51,53.68,54.17,329277796.6,"SELL",2026-04-17
547,"NUVOCO","NUVOCO VISTAS CORP LTD","MICRO_CAP",311.4,0.35,-0.11,2.35,31.3,54.7,"BEARISH",-9.54,8,13,0,NA,NA,NA,NA,NA,252163397.15,"SELL",2026-04-17
580,"UGROCAP","UGRO CAPITAL LIMITED","MICRO_CAP",114.83,9.55,22.33,15.42,31.3,64,"BEARISH",-21.27,6,7,0,NA,NA,NA,NA,NA,219974337.55,"SELL",2026-04-17
866,"FUSION","FUSION FINANCE LIMITED","MICRO_CAP",171.38,3.32,8.67,2.93,31.3,58.8,"BULLISH",-5.63,3,6,0,NA,NA,NA,NA,NA,57669257.41,"SELL",2026-04-17
875,"STYL","STYL","MICRO_CAP",240.16,0.58,4.66,-5.25,31.3,51.9,"BEARISH",-2.72,1,13,0,NA,NA,NA,NA,NA,55135704.27,"SELL",2026-04-17
86,"EICHERMOT","EICHER MOTORS LTD","MID_CAP",7189.5,0.82,-3.16,2.31,30.7,52.4,"BULLISH",1.85,4,7,0,NA,NA,NA,NA,NA,4174638053,"SELL",2026-04-17
92,"ASHOKLEY","ASHOK LEYLAND LTD","MID_CAP",174.78,-1.1,-1.82,-2.15,30.7,51,"BULLISH",-10.23,1,0,25,71.08,74.57,82,59.41,59.17,3802749728.06,"SELL",2026-04-17
103,"INDIGO","INTERGLOBE AVIATION LTD","MID_CAP",4638.4,0.64,1.85,6.37,30.7,56.5,"BEARISH",1.82,4,8,0,NA,NA,NA,NA,NA,3526240104.9,"SELL",2026-04-17
182,"GODREJCP","GODREJ CONSUMER PRODUCTS","SMALL_CAP",1109.4,2.61,2.9,5.28,30.7,58.1,"BEARISH",-2.96,4,14,0,NA,NA,NA,NA,NA,1897304907.5,"SELL",2026-04-17
228,"SILVERIETF","ICICIPRAMC - ICICISILVE","SMALL_CAP",248.28,0.03,5.08,0.34,30.7,54,"BULLISH",-14.44,1,9,0,NA,NA,NA,NA,NA,1298674494.79,"SELL",2026-04-17
280,"LTF","L&T FINANCE LIMITED","SMALL_CAP",287.14,2.4,3.13,6.82,30.7,60.3,"BEARISH",1.19,6,6,0,NA,NA,NA,NA,NA,972889078.85,"SELL",2026-04-17
285,"HBLENGINE","HBL ENGINEERING LTD","SMALL_CAP",786.5,0.41,7.64,15.58,30.7,67.8,"BEARISH",1.28,6,6,0,NA,NA,NA,NA,NA,932542787.35,"SELL",2026-04-17
315,"SUDARSCHEM","SUDARSHAN CHEMICAL INDS L","MICRO_CAP",873.75,-0.55,7.32,7.08,30.7,60,"BEARISH",-2.3,6,4,0,NA,NA,NA,NA,NA,768757551.45,"SELL",2026-04-17
485,"DREDGECORP","DREDGING CORP OF INDIA","MICRO_CAP",975.35,0.35,9.2,7.12,30.7,61.4,"BULLISH",-12.45,6,4,0,NA,NA,NA,NA,NA,316713743.95,"SELL",2026-04-17
508,"MAPMYINDIA","C.E. INFO SYSTEMS LIMITED","MICRO_CAP",955.85,3.68,1.75,8.58,30.7,51.6,"BEARISH",-26.73,4,11,0,NA,NA,NA,NA,NA,290920717.1,"SELL",2026-04-17
567,"MASTEK","MASTEK LTD","MICRO_CAP",1746,2.85,10.13,13.65,30.7,64.6,"BEARISH",-13.96,6,6,0,NA,NA,NA,NA,NA,232108761.6,"SELL",2026-04-17
634,"IPCALAB","IPCA LABORATORIES LTD","MICRO_CAP",1468.3,0.47,0.83,-4.88,30.7,44.2,"BULLISH",0.74,1,12,0,NA,NA,NA,NA,NA,167857321.8,"SELL",2026-04-17
656,"EFCIL","EFC (I) LIMITED","MICRO_CAP",201,0.3,0.99,-1.54,30.7,47.1,"BEARISH",-20.64,4,11,0,NA,NA,NA,NA,NA,153427929.27,"SELL",2026-04-17
698,"CEMPRO","CEMPRO","MICRO_CAP",648.25,-0.01,2.84,17.96,30.7,66,"BEARISH",2.29,6,6,0,NA,NA,NA,NA,NA,127511216.95,"SELL",2026-04-17
769,"THYROCARE","THYROCARE TECH LTD","MICRO_CAP",389.05,-1.34,-2.49,4.4,30.7,52.1,"BEARISH",-6.46,3,12,0,NA,NA,NA,NA,NA,96390807.7,"SELL",2026-04-17
772,"HEMIPROP","HEMISPHERE PROP IND LTD","MICRO_CAP",132.33,1.65,4.74,-4.15,30.7,54.9,"STRONG_BEARISH",2.98,2,11,0,NA,NA,NA,NA,NA,92924052.77,"SELL",2026-04-17
837,"JAICORPLTD","JAI CORP LIMITED","MICRO_CAP",115.58,0.03,8.47,12.54,30.7,65.6,"BEARISH",3.41,6,4,0,NA,NA,NA,NA,NA,68093810.6,"SELL",2026-04-17
856,"EIHOTEL","EIH LIMITED","MICRO_CAP",321.9,0.66,3.11,-0.4,30.7,57.1,"BEARISH",3.25,2,8,0,NA,NA,NA,NA,NA,60745466.2,"SELL",2026-04-17
886,"IRMENERGY","IRM ENERGY LIMITED","MICRO_CAP",221,2.78,9.2,8.7,30.7,64.1,"BEARISH",-8.35,5,12,0,NA,NA,NA,NA,NA,52604912.53,"SELL",2026-04-17
901,"AARTIDRUGS","AARTI DRUGS LTD.","MICRO_CAP",373.2,1.3,5.1,9.39,30.7,61.4,"BEARISH",-1.15,5,10,0,27.96,23.33,35,41.88,10,43739037.15,"SELL",2026-04-17
943,"PRSMJOHNSN","PRISM JOHNSON LIMITED","MICRO_CAP",125.24,0.88,-0.81,-0.93,30.7,51.1,"BEARISH",-0.06,1,6,0,NA,NA,NA,NA,NA,32487505.79,"SELL",2026-04-17
954,"GOPAL","GOPAL SNACKS LIMITED","MICRO_CAP",283.65,1.36,7.06,1.29,30.7,56.3,"BEARISH",-4.57,4,11,0,NA,NA,NA,NA,NA,28703088,"SELL",2026-04-17
75,"PERSISTENT","PERSISTENT SYSTEMS LTD","MID_CAP",5446.5,-0.98,0.36,15.92,30,62.9,"BEARISH",-8.84,6,10,0,NA,NA,NA,NA,NA,4576527051.2,"SELL",2026-04-17
141,"GUJGASLTD","GUJARAT GAS LIMITED","MID_CAP",362.8,8.14,12.1,1.06,30,58.1,"STRONG_BEARISH",-13.8,5,12,0,NA,NA,NA,NA,NA,2402143043.15,"SELL",2026-04-17
414,"PVRINOX","PVR INOX LIMITED","MICRO_CAP",937.65,-1.39,-1.16,-8,30,42,"STRONG_BEARISH",-2.9,1,12,0,NA,NA,NA,NA,NA,448240394.6,"SELL",2026-04-17
659,"JKIL","JKUMAR INFR.LTD.","MICRO_CAP",519.25,4.42,10.34,2.21,30,61.3,"BEARISH",-8.24,2,14,0,NA,NA,NA,NA,NA,152550759.15,"SELL",2026-04-17
682,"JYOTHYLAB","JYOTHY LABS LIMITED","MICRO_CAP",238.34,4.02,5.8,11.27,30,60.4,"BEARISH",-3.26,5,6,0,NA,NA,NA,NA,NA,134267558.48,"SELL",2026-04-17
770,"CANFINHOME","CAN FIN HOMES LTD","MICRO_CAP",868.7,1.15,3.08,3.19,30,58.9,"BEARISH",-5.93,1,8,15,55.87,57.38,53,56.32,56,95940045.45,"SELL",2026-04-17
830,"SHANTIGOLD","SHANTI GOLD INTERNATION L","MICRO_CAP",199.21,2.16,9.1,4.42,30,60.1,"BEARISH",-1.87,3,6,0,NA,NA,NA,NA,NA,69466898.68,"SELL",2026-04-17
920,"CANTABIL","CANTABIL RETAIL LTD","MICRO_CAP",247.21,0.13,6.98,-1.76,30,53.9,"BEARISH",-14.82,1,8,20,60.3,66.09,56,56.59,57,40124635.25,"SELL",2026-04-17
959,"CRIZAC","CRIZAC LIMITED","MICRO_CAP",230.17,0.28,4.79,5.82,30,61.2,"BEARISH",-7.42,5,6,15,51.35,49.35,47.5,55.95,57,26848035.34,"SELL",2026-04-17
130,"FIRSTCRY","BRAINBEES SOLUTIONS LTD","MID_CAP",251.86,1.79,3.39,17.66,29.3,61,"BEARISH",-8.03,5,15,0,NA,NA,NA,NA,NA,2706182034.17,"SELL",2026-04-17
250,"LICI","LIFE INSURA CORP OF INDIA","SMALL_CAP",842.2,0.07,5.49,7.17,29.3,62.1,"BEARISH",3.06,4,4,0,NA,NA,NA,NA,NA,1130327716.45,"SELL",2026-04-17
263,"DIVISLAB","DIVI S LABORATORIES LTD","SMALL_CAP",6229,-1.02,1.84,1.45,29.3,57.7,"BEARISH",3.85,2,6,0,NA,NA,NA,NA,NA,1060263634.5,"SELL",2026-04-17
363,"AFCONS","AFCONS INFRASTRUCTURE LTD","MICRO_CAP",333.6,-3.85,2.68,15.85,29.3,62.6,"BEARISH",1.51,6,4,0,10,10,10,10,10,599673605.7,"SELL",2026-04-17
719,"FINPIPE","FINOLEX INDUSTRIES LTD","MICRO_CAP",174.59,1.04,5.98,-1.66,29.3,56,"STRONG_BEARISH",-0.13,0,11,0,NA,NA,NA,NA,NA,119490645.04,"SELL",2026-04-17
752,"BSLGOLDETF","ADITYBIRLA SL GOLD ETF-GR","MICRO_CAP",132.79,-0.54,1.09,-2.26,29.3,51.6,"BULLISH",-7.14,1,10,0,10,10,10,10,10,103131840.78,"SELL",2026-04-17
761,"INDIACEM","THE INDIA CEMENTS LIMITED","MICRO_CAP",415.6,0.97,7.7,12.46,29.3,66.9,"BEARISH",-8.29,6,6,0,NA,NA,NA,NA,NA,98654796.55,"SELL",2026-04-17
767,"CELLO","CELLO WORLD LIMITED","MICRO_CAP",431.55,0.94,2.01,5.71,29.3,55.8,"BEARISH",-12.58,3,10,15,54.29,55,47,55.45,63,96541324.7,"SELL",2026-04-17
802,"LXCHEM","LAXMI ORGANIC INDUS LTD","MICRO_CAP",142.1,-0.39,12.61,13.95,29.3,66.2,"BEARISH",1.13,6,4,0,NA,NA,NA,NA,NA,78914641.92,"SELL",2026-04-17
855,"OPTIEMUS","OPTIEMUS INFRACOM LTD","MICRO_CAP",413.75,1.85,9.52,18.23,29.3,66.4,"BEARISH",3.78,6,2,0,NA,NA,NA,NA,NA,60751090.8,"SELL",2026-04-17
979,"FABTECH","FABTECH","MICRO_CAP",158.21,0.88,3.16,6.35,29.3,57.6,"BEARISH",-1.99,5,13,0,NA,NA,NA,NA,NA,22138733.27,"SELL",2026-04-17
991,"HEIDELBERG","HEIDELBERGCEMENT (I) LTD","MICRO_CAP",159.76,0.92,4.08,4.41,29.3,59.8,"BEARISH",-5.28,4,9,0,NA,NA,NA,NA,NA,16775129.4,"SELL",2026-04-17
67,"GOLDBEES","NIP IND ETF GOLD BEES","MID_CAP",124.8,-0.64,1.06,-2.43,28.7,51.2,"BULLISH",-3.91,0,10,0,NA,NA,NA,NA,NA,5036303265.75,"SELL",2026-04-17
184,"CHOLAFIN","CHOLAMANDALAM IN & FIN CO","SMALL_CAP",1579,0.58,-0.14,3.6,28.7,55.5,"BEARISH",-2.31,1,4,15,54.41,50.65,51,57.47,66,1838057802.8,"SELL",2026-04-17
195,"TATAELXSI","TATA ELXSI LIMITED","SMALL_CAP",4592.5,-0.02,3.31,9.15,28.7,59.5,"BEARISH",-12.82,4,10,0,NA,NA,NA,NA,NA,1700972540,"SELL",2026-04-17
274,"HAVELLS","HAVELLS INDIA LIMITED","SMALL_CAP",1306.4,1.19,1.93,-2.79,28.7,55,"STRONG_BEARISH",2.58,2,8,0,NA,NA,NA,NA,NA,1004999798.1,"SELL",2026-04-17
290,"BAJAJFINSV","BAJAJ FINSERV LTD.","SMALL_CAP",1838.9,0.49,1.64,2.63,28.7,56.3,"BEARISH",-4.91,1,6,15,52.46,50.71,47,54.86,63,894704272.1,"SELL",2026-04-17
298,"BIOCON","BIOCON LIMITED.","SMALL_CAP",358.1,2.1,2.73,-6.4,28.7,46.8,"STRONG_BEARISH",-1.46,0,10,15,58.99,60.43,56,56.82,63,860979955.8,"SELL",2026-04-17
328,"SUNTECK","SUNTECK REALTY LIMITED","MICRO_CAP",333.65,-1.21,5.44,2.44,28.7,53.1,"BEARISH",-15.7,8,4,0,NA,NA,NA,NA,NA,718760200.4,"SELL",2026-04-17
330,"ACC","ACC LIMITED","MICRO_CAP",1432.2,-0.73,0.53,1.92,28.7,51.5,"BEARISH",-11.6,4,8,0,10,10,10,10,10,714278411.7,"SELL",2026-04-17
498,"GPPL","GUJARAT PIPAVAV PORT LTD","MICRO_CAP",160.92,2.43,5.11,4.41,28.7,57,"BEARISH",-2.75,4,6,0,NA,NA,NA,NA,NA,304725278.14,"SELL",2026-04-17
535,"LALPATHLAB","DR. LAL PATH LABS LTD.","MICRO_CAP",1402.1,-0.62,-0.19,4.1,28.7,54,"BEARISH",0.39,2,10,0,NA,NA,NA,NA,NA,260798447.2,"SELL",2026-04-17
619,"KERNEX","KERNEX MICROSYS(I) LTD","MICRO_CAP",1172.85,2.08,0.48,21.19,28.7,64.1,"BEARISH",-5.84,5,14,0,NA,NA,NA,NA,NA,184681052.45,"SELL",2026-04-17
626,"EIDPARRY","EID PARRY INDIA LTD","MICRO_CAP",865.15,1.48,1.25,5.39,28.7,57.9,"BEARISH",-5.37,5,12,0,NA,NA,NA,NA,NA,180701835.7,"SELL",2026-04-17
672,"GMBREW","G M BREWERIES LTD","MICRO_CAP",986.95,1.31,-0.69,-4.04,28.7,46.5,"BEARISH",2.22,2,13,0,NA,NA,NA,NA,NA,145337521.05,"SELL",2026-04-17
750,"SAREGAMA","SAREGAMA INDIA LIMITED","MICRO_CAP",343.9,0.23,4.37,-2.25,28.7,56.5,"STRONG_BEARISH",2.9,1,11,0,NA,NA,NA,NA,NA,103935950.8,"SELL",2026-04-17
760,"ORIENTTECH","ORIENT TECHNOLOGIES LTD","MICRO_CAP",294.77,3.36,7.35,9.36,28.7,60.6,"BEARISH",-9.44,5,9,0,NA,NA,NA,NA,NA,98869218.35,"SELL",2026-04-17
18,"BHARTIARTL","BHARTI AIRTEL LIMITED","LARGE_CAP",1846.9,0.34,-1.24,-0.46,28,48.7,"BEARISH",-5.28,1,8,15,52.75,50.65,51,54.32,59.17,13523092481.7,"SELL",2026-04-17
187,"HINDZINC","HINDUSTAN ZINC LIMITED","SMALL_CAP",592.3,-0.03,4.91,10.17,28,61.5,"BULLISH",-4.85,5,6,0,NA,NA,NA,NA,NA,1771182402.15,"SELL",2026-04-17
201,"MAXHEALTH","MAX HEALTHCARE INS LTD","SMALL_CAP",1007.65,1.72,5.7,2.84,28,58,"STRONG_BEARISH",6.22,5,4,0,NA,NA,NA,NA,NA,1645594920.7,"SELL",2026-04-17
413,"IXIGO","LE TRAVENUES TECHNOLOGY L","MICRO_CAP",178.86,0.44,5.2,7.08,28,53.4,"BEARISH",-12.68,6,10,0,NA,NA,NA,NA,NA,449675268,"SELL",2026-04-17
590,"AEGISVOPAK","AEGIS VOPAK TERMINALS LTD","MICRO_CAP",200.76,1.52,5.67,6.07,28,58.9,"BEARISH",-10.58,4,9,0,10,10,10,10,10,215065811.97,"SELL",2026-04-17
743,"SURYAROSNI","SURYA ROSHNI LTD","MICRO_CAP",239.49,0.47,7.61,13.33,28,63.7,"BEARISH",-2.07,5,6,0,NA,NA,NA,NA,NA,107871892.89,"SELL",2026-04-17
806,"EUREKAFORB","EUREKA FORBES LIMITED","MICRO_CAP",481.6,-2.73,-2.46,5.99,28,53.3,"BEARISH",-10.61,5,8,0,NA,NA,NA,NA,NA,77594084.45,"SELL",2026-04-17
829,"AWFIS","AWFIS SPACE SOLUTIONS LTD","MICRO_CAP",362.36,-0.39,12.88,31.27,28,70.8,"BEARISH",-5.79,5,4,15,55.21,53.81,51,58.18,62,69964698.08,"SELL",2026-04-17
980,"DBCORP","D.B.CORP LTD","MICRO_CAP",214.67,2.15,1.96,1.2,28,55.2,"BEARISH",-10.24,1,10,15,52.16,50.22,47,56.59,60,22101514.71,"SELL",2026-04-17
142,"PIDILITIND","PIDILITE INDUSTRIES LTD","MID_CAP",1393.4,4.69,2.67,0.65,27.3,55.8,"STRONG_BEARISH",-1.72,4,7,0,NA,NA,NA,NA,NA,2401286904.2,"SELL",2026-04-17
264,"IRCTC","INDIAN RAIL TOUR CORP LTD","SMALL_CAP",564.9,2,4.17,4.56,27.3,59.6,"BEARISH",-8.42,4,11,0,NA,NA,NA,NA,NA,1055984980,"SELL",2026-04-17
283,"KEC","KEC INTL. LIMITED","SMALL_CAP",580.05,1.86,1.12,3.23,27.3,56.9,"BEARISH",-12.15,4,13,0,NA,NA,NA,NA,NA,940005226.9,"SELL",2026-04-17
308,"HDFCGOLD","HDFC GOLD ETF","MICRO_CAP",128.82,-0.63,1.02,-2.39,27.3,51.2,"BULLISH",-4.55,0,8,0,NA,NA,NA,NA,NA,811802155.11,"SELL",2026-04-17
372,"MOIL","MOIL LIMITED","MICRO_CAP",327.95,0.41,7.28,11.68,27.3,67.4,"BEARISH",-9.45,5,4,0,NA,NA,NA,NA,NA,558014945.35,"SELL",2026-04-17
405,"FIVESTAR","FIVE-STAR BUS FIN LTD","MICRO_CAP",471.85,2.64,10.09,25.23,27.3,70.5,"BEARISH",4.4,6,2,0,NA,NA,NA,NA,NA,463176595.75,"SELL",2026-04-17
439,"RELIGARE","RELIGARE ENTER. LTD.","MICRO_CAP",223.4,1.43,-0.96,-1.63,27.3,51.6,"BEARISH",-5.28,1,12,0,NA,NA,NA,NA,NA,395876394.25,"SELL",2026-04-17
470,"APTUS","APTUS VALUE HSG FIN I LTD","MICRO_CAP",246.37,-0.2,10.37,12.41,27.3,67.1,"BEARISH",-9.63,5,2,15,53.73,50.65,51,54.09,66,332872736.63,"SELL",2026-04-17
481,"PPLPHARMA","PIRAMAL PHARMA LIMITED","MICRO_CAP",148.85,0.92,1.97,4,27.3,54.4,"BEARISH",-2.86,3,10,0,NA,NA,NA,NA,NA,321813902.88,"SELL",2026-04-17
520,"ARSSBL","ARSSBL","MICRO_CAP",574.5,-0.3,1.74,18.17,27.3,66.7,"BEARISH",0.1,6,4,0,NA,NA,NA,NA,NA,280105875.05,"SELL",2026-04-17
844,"SPANDANA","SPANDANA SPHOORTY FIN LTD","MICRO_CAP",226.23,-0.5,4.73,6.26,27.3,56.2,"BEARISH",-8.99,4,6,0,NA,NA,NA,NA,NA,65978739.91,"SELL",2026-04-17
883,"CHEMPLASTS","CHEMPLAST SANMAR LIMITED","MICRO_CAP",236.7,0.32,-2.95,-14.24,27.3,40.1,"STRONG_BEARISH",-8.14,0,11,20,66.26,64.13,77,57.27,66,53700407.85,"SELL",2026-04-17
897,"NIF100BEES","NIP IND ETF NIFTY 100","MICRO_CAP",266.66,1,1.79,2.46,27.3,58.4,"BEARISH",-1.54,2,8,0,NA,NA,NA,NA,NA,47523926.35,"SELL",2026-04-17
956,"QNIFTY","QUANTUM NIFTY 50 ETF","MICRO_CAP",266.07,0.59,1.11,2.25,27.3,15.9,"BEARISH",-89.49,6,11,0,NA,NA,NA,NA,NA,28370036.07,"SELL",2026-04-17
160,"GAIL","GAIL (INDIA) LTD","SMALL_CAP",157.82,-0.69,2.43,4.55,26.7,60.5,"BEARISH",-4.75,3,8,0,NA,NA,NA,NA,NA,2058341833.41,"SELL",2026-04-17
183,"ICICIPRULI","ICICI PRU LIFE INS CO LTD","SMALL_CAP",562,0.73,2.74,-4.54,26.7,50.2,"STRONG_BEARISH",-10.84,3,9,0,NA,NA,NA,NA,NA,1860503087.75,"SELL",2026-04-17
190,"INDHOTEL","THE INDIAN HOTELS CO. LTD","SMALL_CAP",659.3,1,2.77,3.51,26.7,59.8,"BEARISH",-1.29,3,6,0,NA,NA,NA,NA,NA,1736893206.55,"SELL",2026-04-17
218,"TATACONSUM","TATA CONSUMER PRODUCT LTD","SMALL_CAP",1113.2,0.96,1.78,3.54,26.7,59.6,"BEARISH",-0.92,1,10,0,NA,NA,NA,NA,NA,1435853704.8,"SELL",2026-04-17
443,"JSL","JINDAL STAINLESS LIMITED","MICRO_CAP",788.2,-0.16,0.94,7.27,26.7,60.9,"BEARISH",-3.27,5,8,0,NA,NA,NA,NA,NA,390312710.45,"SELL",2026-04-17
486,"TEXRAIL","TEXMACO RAIL & ENG. LTD.","MICRO_CAP",106.01,2.13,7.54,13.73,26.7,62.3,"BEARISH",-16.1,5,6,0,NA,NA,NA,NA,NA,316289877.99,"SELL",2026-04-17
560,"GRMOVER","GRM OVERSEAS LIMITED","MICRO_CAP",161.69,-1.03,-4.12,5.75,26.7,49.3,"BEARISH",-1.1,3,12,0,NA,NA,NA,NA,NA,241418739.54,"SELL",2026-04-17
707,"AGI","AGI GREENPAC LIMITED","MICRO_CAP",584.95,1.85,6.8,12.56,26.7,62.2,"BEARISH",-5.49,5,9,0,10,10,10,10,10,125736560.15,"SELL",2026-04-17
787,"RHIM","RHI MAGNESITA INDIA LTD","MICRO_CAP",401.9,0.31,3.78,5.43,26.7,58.3,"BEARISH",-8.8,4,10,0,NA,NA,NA,NA,NA,85121763.6,"SELL",2026-04-17
904,"ZUARI","ZUARI AGRO CHEMICALS LTD","MICRO_CAP",229.7,0.33,4.37,10.99,26.7,61.5,"BEARISH",-16.15,5,11,0,NA,NA,NA,NA,NA,43437622.58,"SELL",2026-04-17
925,"SHOPERSTOP","SHOPPERS STOP LIMITED","MICRO_CAP",298.9,1.93,1.05,-0.66,26.7,46.8,"BEARISH",-17.51,4,10,0,NA,NA,NA,NA,NA,37691873.75,"SELL",2026-04-17
965,"REDTAPE","REDTAPE LIMITED","MICRO_CAP",122.3,0.1,-0.45,2.91,26.7,57.1,"BEARISH",-0.21,3,8,0,NA,NA,NA,NA,NA,25361961.59,"SELL",2026-04-17
72,"HCLTECH","HCL TECHNOLOGIES LTD","MID_CAP",1442.3,-0.54,-0.61,6.27,26,55.9,"BEARISH",-14.03,3,12,0,NA,NA,NA,NA,NA,4774045020.3,"SELL",2026-04-17
109,"BPCL","BHARAT PETROLEUM CORP  LT","MID_CAP",312.1,1.35,4.26,2.77,26,53.2,"BEARISH",-13.47,1,2,20,62.6,70,56,58.64,59.17,3345963896.85,"SELL",2026-04-17
205,"PGEL","PG ELECTROPLAST LTD","SMALL_CAP",561.4,0.67,15.34,4.57,26,60.1,"STRONG_BEARISH",3.41,6,0,0,NA,NA,NA,NA,NA,1595422568.15,"SELL",2026-04-17
209,"JWL","JUPITER WAGONS LIMITED","SMALL_CAP",286.23,1.8,6.74,5.62,26,59.3,"BEARISH",-10.58,4,6,0,NA,NA,NA,NA,NA,1526607416.83,"SELL",2026-04-17
234,"PATANJALI","PATANJALI FOODS LIMITED","SMALL_CAP",468.3,0.72,0.2,-4.46,26,43.9,"STRONG_BEARISH",-5.5,1,15,0,NA,NA,NA,NA,NA,1260106126.25,"SELL",2026-04-17
237,"HDBFS","HDB FINANCIAL SERVICES L","SMALL_CAP",682,-0.58,9.08,4.1,26,61.7,"BEARISH",-2.68,4,4,0,NA,NA,NA,NA,NA,1194930844.1,"SELL",2026-04-17
551,"MIDHANI","MISHRA DHATU NIGAM LTD","MICRO_CAP",369.6,1.15,11.92,14.93,26,67.4,"BEARISH",-0.6,5,2,0,NA,NA,NA,NA,NA,251271323.9,"SELL",2026-04-17
615,"VMART","VMART RETAIL LTD","MICRO_CAP",614.25,0.51,-1.26,16.51,26,62.9,"BEARISH",-1.94,5,8,0,NA,NA,NA,NA,NA,186998070.75,"SELL",2026-04-17
638,"RAYMONDLSL","RAYMOND LIFESTYLE LIMITED","MICRO_CAP",803.4,-0.19,-0.1,-4.97,26,48.5,"BEARISH",-22.42,3,10,0,NA,NA,NA,NA,NA,166417405.05,"SELL",2026-04-17
662,"HARIOMPIPE","HARIOM PIPE INDUSTRIES L","MICRO_CAP",315.95,5.86,12.54,-1.51,26,52.9,"STRONG_BEARISH",-22.75,4,12,0,NA,NA,NA,NA,NA,151106551.75,"SELL",2026-04-17
930,"ELIN","ELIN ELECTRONICS LIMITED","MICRO_CAP",119.87,-1.03,1.83,-1.08,26,52.1,"BEARISH",-19.16,2,6,0,NA,NA,NA,NA,NA,36229584.68,"SELL",2026-04-17
934,"KCP","KCP LTD","MICRO_CAP",164.94,3.72,1.51,14.89,26,63.7,"BEARISH",-5.51,5,13,0,NA,NA,NA,NA,NA,34559326.64,"SELL",2026-04-17
935,"LAOPALA","LA OPALA RG LIMITED","MICRO_CAP",180.4,0.24,3.75,-3.1,26,48.4,"STRONG_BEARISH",-5.99,1,13,0,NA,NA,NA,NA,NA,34225009,"SELL",2026-04-17
181,"BANKBARODA","BANK OF BARODA","SMALL_CAP",280.44,0.38,1.54,-0.96,25.3,53,"BEARISH",-5.42,1,4,15,53.65,55.48,47,57.94,54.17,1913629952.07,"SELL",2026-04-17
265,"SBILIFE","SBI LIFE INSURANCE CO LTD","SMALL_CAP",1970.9,-0.19,2.48,0.43,25.3,58.8,"BEARISH",-0.47,1,8,0,NA,NA,NA,NA,NA,1050721578.4,"SELL",2026-04-17
276,"GOLDIETF","ICICI PRUDENTIAL GOLD ETF","SMALL_CAP",129.25,-0.66,1.03,-2.26,25.3,51.3,"BULLISH",-6.52,0,8,0,NA,NA,NA,NA,NA,998753371.87,"SELL",2026-04-17
277,"ECLERX","ECLERX SERVICES LTD","SMALL_CAP",1631.1,5.14,8.85,9.76,25.3,36.8,"BEARISH",-64.02,8,2,0,NA,NA,NA,NA,NA,996367131.9,"SELL",2026-04-17
605,"JUSTDIAL","JUSTDIAL LTD.","MICRO_CAP",549.7,0.97,-5.47,3.97,25.3,50.7,"BEARISH",-16.87,4,8,0,NA,NA,NA,NA,NA,196634106,"SELL",2026-04-17
669,"RATEGAIN","RATEGAIN TRAVEL TECHN LTD","MICRO_CAP",583.65,0.27,3.83,14.6,25.3,65.1,"BEARISH",-3.74,5,9,0,NA,NA,NA,NA,NA,146575096.85,"SELL",2026-04-17
741,"KRISHNADEF","KRISHNA DEF AND ALD IND L","MICRO_CAP",1043.55,4.19,9.85,10.72,25.3,61.4,"NEUTRAL",-1.49,5,2,0,NA,NA,NA,NA,NA,108146263.15,"SELL",2026-04-17
757,"SOLARWORLD","SOLARWORLD","MICRO_CAP",199.71,0.58,13.61,21.11,25.3,64.2,"BEARISH",-10.05,5,9,0,NA,NA,NA,NA,NA,100673919.96,"SELL",2026-04-17
828,"AUTOBEES","NIPPONAMC - NETFAUTO","MICRO_CAP",271.8,0.08,-0.65,3.19,25.3,56,"BEARISH",0.05,4,6,0,10,10,10,10,10,70173978.03,"SELL",2026-04-17
36,"MARUTI","MARUTI SUZUKI INDIA LTD.","LARGE_CAP",13453,0.88,-1.87,3.1,24.7,52.1,"BEARISH",-6.94,3,11,0,NA,NA,NA,NA,NA,7420550780,"SELL",2026-04-17
68,"HDFCLIFE","HDFC LIFE INS CO LTD","MID_CAP",616.45,-2.38,2.04,-4.18,24.7,46.9,"STRONG_BEARISH",-14.76,3,6,0,NA,NA,NA,NA,NA,5005853709.95,"SELL",2026-04-17
81,"INDUSTOWER","INDUS TOWERS LIMITED","MID_CAP",412.25,-0.22,-5.85,-6.51,24.7,38.7,"BEARISH",-6.3,3,6,0,NA,NA,NA,NA,NA,4370440823.35,"SELL",2026-04-17
95,"HINDCOPPER","HINDUSTAN COPPER LTD","MID_CAP",569.6,1.04,7.46,16.45,24.7,62.1,"BULLISH",-16.05,5,6,0,NA,NA,NA,NA,NA,3775224029.4,"SELL",2026-04-17
366,"PIRAMALFIN","PIRAMALFIN","MICRO_CAP",1675.3,-1.46,-4.23,-7.38,24.7,37.5,"NEUTRAL",-3,0,12,0,NA,NA,NA,NA,NA,577831085.7,"SELL",2026-04-17
625,"SAMHI","SAMHI HOTELS LIMITED","MICRO_CAP",163.1,-0.52,3.21,6.73,24.7,59.9,"BEARISH",-2.8,5,6,0,NA,NA,NA,NA,NA,181276433.38,"SELL",2026-04-17
713,"RAYMONDREL","RAYMOND REALTY LIMITED","MICRO_CAP",457.15,0.46,5.26,5.58,24.7,61,"BEARISH",-8.83,5,8,0,NA,NA,NA,NA,NA,121619244.45,"SELL",2026-04-17
755,"INDIGOPNTS","INDIGO PAINTS LIMITED","MICRO_CAP",838,0.13,3.34,9.05,24.7,54.9,"BEARISH",-18.85,5,11,0,NA,NA,NA,NA,NA,101594072.95,"SELL",2026-04-17
854,"RGL","RENAISSANCE GLOBAL LTD","MICRO_CAP",106.9,-1.16,-1.52,4.5,24.7,52.1,"BEARISH",-0.48,3,8,0,NA,NA,NA,NA,NA,60825519.79,"SELL",2026-04-17
917,"ADVANCE","ADVANCE","MICRO_CAP",111.62,1.88,3.92,10.3,24.7,58.1,"BEARISH",-15.28,4,7,0,NA,NA,NA,NA,NA,41141755.67,"SELL",2026-04-17
945,"QUESS","QUESS CORP LIMITED","MICRO_CAP",197.36,0.62,2.15,8.05,24.7,61.2,"BEARISH",-4.22,5,8,0,NA,NA,NA,NA,NA,31631489.23,"SELL",2026-04-17
14,"INFY","INFOSYS LIMITED","LARGE_CAP",1318.7,-0.04,2.03,4.07,24,52,"BEARISH",-18.73,3,12,0,NA,NA,NA,NA,NA,15860972369.8,"SELL",2026-04-17
170,"FSL","FIRSTSOURCE SOLU. LTD.","SMALL_CAP",239.28,-2.02,8.57,5.08,24,56.9,"BEARISH",-24.28,6,6,0,NA,NA,NA,NA,NA,1975980484.75,"SELL",2026-04-17
227,"BANKINDIA","BANK OF INDIA","SMALL_CAP",148.1,-0.51,0.11,-2.85,24,48.9,"BEARISH",-8.84,0,4,15,52.66,50.71,47,55.88,63,1302647471.79,"SELL",2026-04-17
246,"KPITTECH","KPIT TECHNOLOGIES LIMITED","SMALL_CAP",747.8,0.21,4.38,8.65,24,56.5,"BEARISH",-27.32,5,10,0,NA,NA,NA,NA,NA,1152505542.9,"SELL",2026-04-17
354,"SETFGOLD","SBI-ETF GOLD","MICRO_CAP",128.69,-0.59,1.08,-2.41,24,51.2,"BULLISH",-4.74,0,8,0,NA,NA,NA,NA,NA,620125852.66,"SELL",2026-04-17
425,"INFOBEAN","INFOBEANS TECHNO. LTD.","MICRO_CAP",189.73,4.7,2.49,34.21,24,40.9,"BEARISH",-75.6,6,9,0,NA,NA,NA,NA,NA,425215310.73,"SELL",2026-04-17
482,"ZENSARTECH","ZENSAR TECHNOLOGIES  LTD","MICRO_CAP",602.65,2.45,8.23,4,24,64.3,"BEARISH",-6.4,4,6,0,NA,NA,NA,NA,NA,319429822.4,"SELL",2026-04-17
691,"ELLEN","ELLENBARRIE INDUS GASES L","MICRO_CAP",260.43,2.84,9.38,24.55,24,66.6,"BEARISH",-3.13,5,7,0,NA,NA,NA,NA,NA,129943135.22,"SELL",2026-04-17
795,"WEWORK","WEWORK","MICRO_CAP",539.6,0.85,12.51,8.6,24,66.8,"BEARISH",-4.51,5,2,0,NA,NA,NA,NA,NA,80408707.6,"SELL",2026-04-17
799,"PURVA","PURAVANKARA LIMITED","MICRO_CAP",225.18,0.12,15.33,18.38,24,64.2,"BEARISH",-2.9,5,2,0,NA,NA,NA,NA,NA,79305623.58,"SELL",2026-04-17
868,"TTKPRESTIG","TTK PRESTIGE LTD","MICRO_CAP",495.15,2.73,3.74,3.65,24,54.2,"BEARISH",-15.11,1,14,0,NA,NA,NA,NA,NA,56644231.3,"SELL",2026-04-17
140,"DLF","DLF LIMITED","MID_CAP",601.75,2.04,5.64,6.86,23.3,62.1,"BEARISH",-4.44,5,6,0,NA,NA,NA,NA,NA,2455502791.1,"SELL",2026-04-17
452,"TATACHEM","TATA CHEMICALS LTD","MICRO_CAP",709.05,0.34,2.78,9.01,23.3,60.5,"BEARISH",-4,3,8,0,NA,NA,NA,NA,NA,368862567.5,"SELL",2026-04-17
550,"NIFTYIETF","ICICI PRUD NIFTY ETF","MICRO_CAP",274.39,0.63,1.31,2.4,23.3,57.1,"BEARISH",-2.92,1,11,0,NA,NA,NA,NA,NA,251578391.29,"SELL",2026-04-17
562,"MANYAVAR","VEDANT FASHIONS LIMITED","MICRO_CAP",442.55,3.11,11.68,21.63,23.3,67.6,"BEARISH",-7.91,5,6,0,NA,NA,NA,NA,NA,238684603.95,"SELL",2026-04-17
597,"SETFNIF50","SBI-ETF NIFTY 50","MICRO_CAP",260.61,0.62,1.4,2.54,23.3,57.5,"BEARISH",-2.99,1,11,0,NA,NA,NA,NA,NA,206233071.3,"SELL",2026-04-17
642,"TANLA","TANLA PLATFORMS LIMITED","MICRO_CAP",491.1,0.72,3.29,13.88,23.3,64.1,"BEARISH",-3.03,5,6,0,NA,NA,NA,NA,NA,163400446.5,"SELL",2026-04-17
644,"CAMLINFINE","CAMLIN FINE SCIENCES LTD","MICRO_CAP",106.4,-0.07,1.65,-17.88,23.3,38.4,"STRONG_BEARISH",-25.85,1,6,10,49.22,48.48,47,57.27,44.17,163125272.42,"SELL",2026-04-17
720,"THOMASCOOK","THOMAS COOK (INDIA) LTD","MICRO_CAP",110.91,1.49,3.79,14.25,23.3,62.7,"BEARISH",-8.6,5,6,0,NA,NA,NA,NA,NA,119387948.19,"SELL",2026-04-17
747,"PREMEXPLN","PREMIER EXPLOSIVES LTD","MICRO_CAP",501.3,1.34,8.9,11.29,23.3,63.4,"BEARISH",-1.23,5,4,0,NA,NA,NA,NA,NA,105431644.35,"SELL",2026-04-17
835,"VGUARD","V-GUARD IND LTD.","MICRO_CAP",328.85,1.11,2.24,-0.93,23.3,55.5,"BEARISH",-5.65,1,8,0,NA,NA,NA,NA,NA,68758738.95,"SELL",2026-04-17
852,"NIFTYETF","MIRAEAMC - MAN50ETF","MICRO_CAP",263.42,0.78,1.49,2.53,23.3,57.6,"BEARISH",-2.87,1,11,0,NA,NA,NA,NA,NA,62214908.35,"SELL",2026-04-17
871,"NORTHARC","NORTHERN ARC CAPITAL LTD","MICRO_CAP",242.13,0.05,1.56,5.83,23.3,56.8,"BEARISH",-10.2,5,11,0,NA,NA,NA,NA,NA,55899171.38,"SELL",2026-04-17
877,"PDSL","PDS LIMITED","MICRO_CAP",301.25,0.18,2.14,9.39,23.3,56.4,"BEARISH",-10.49,3,13,0,NA,NA,NA,NA,NA,54851699.4,"SELL",2026-04-17
892,"TBZ","TRIB BHIMJI ZAVERI LTD","MICRO_CAP",149.87,-1.39,5.89,11.31,23.3,61,"BEARISH",-5.77,5,4,0,NA,NA,NA,NA,NA,50483717.18,"SELL",2026-04-17
951,"UNIECOM","UNICOMMERCE ESOLUTIONS L","MICRO_CAP",101.78,-0.27,10.5,6.77,23.3,60.5,"BEARISH",-1.19,3,6,0,NA,NA,NA,NA,NA,29123248.56,"SELL",2026-04-17
984,"ADSL","ALLIED DIGITAL SERV. LTD","MICRO_CAP",122.17,0.78,6.55,15.91,23.3,64.1,"BEARISH",-1.24,5,4,0,10,10,10,10,10,19394296.34,"SELL",2026-04-17
996,"RUPA","RUPA & COMPANY LTD","MICRO_CAP",142.54,1.1,5.91,12.28,23.3,62.8,"BEARISH",-3.99,5,6,0,NA,NA,NA,NA,NA,15167335.41,"SELL",2026-04-17
215,"RAILTEL","RAILTEL CORP OF IND LTD","SMALL_CAP",335.29,-0.76,16.87,18.71,22.7,68.1,"BEARISH",-4.21,5,2,0,NA,NA,NA,NA,NA,1454985525.92,"SELL",2026-04-17
244,"GRASIM","GRASIM INDUSTRIES LTD","SMALL_CAP",2720.5,0.12,-0.81,-0.1,22.7,52.7,"BEARISH",-2.58,1,10,0,NA,NA,NA,NA,NA,1163035481.6,"SELL",2026-04-17
268,"MPHASIS","MPHASIS LIMITED","SMALL_CAP",2462.2,0.84,5.82,15.93,22.7,65.8,"BEARISH",-9.85,5,10,0,NA,NA,NA,NA,NA,1020152310,"SELL",2026-04-17
338,"MEESHO","MEESHO","MICRO_CAP",163.67,2.14,0.05,10.47,22.7,59.2,"NEUTRAL",-5.11,5,8,0,NA,NA,NA,NA,NA,690297084.53,"SELL",2026-04-17
355,"MANAPPURAM","MANAPPURAM FINANCE LTD","MICRO_CAP",268.9,0.28,0.49,-0.41,22.7,52.2,"BEARISH",-4.62,3,10,0,NA,NA,NA,NA,NA,616839944.95,"SELL",2026-04-17
526,"SAPPHIRE","SAPPHIRE FOODS INDIA LTD","MICRO_CAP",172.34,-0.11,1.36,0.48,22.7,50.8,"BEARISH",-8.17,4,4,0,NA,NA,NA,NA,NA,274246975.39,"SELL",2026-04-17
632,"GRINFRA","G R INFRAPROJECTS LIMITED","MICRO_CAP",903.55,1.3,7.3,-2.32,22.7,57.6,"BEARISH",-5.39,0,11,0,NA,NA,NA,NA,NA,171508515.65,"SELL",2026-04-17
658,"SILVERBETA","SILVERBETA","MICRO_CAP",240.44,0.09,5.11,0.62,22.7,54,"NEUTRAL",-15.25,1,9,0,NA,NA,NA,NA,NA,153330319.97,"SELL",2026-04-17
737,"MAHLIFE","MAHINDRA LIFESPACE DEVLTD","MICRO_CAP",325.15,-0.9,-5.67,-7.48,22.7,43.4,"BEARISH",-10.55,1,10,0,NA,NA,NA,NA,NA,112234134.25,"SELL",2026-04-17
909,"GOCOLORS","GO FASHION INDIA LTD","MICRO_CAP",289.55,1.22,1.27,8.96,22.7,51.9,"BEARISH",-24.4,5,8,0,NA,NA,NA,NA,NA,42669031.71,"SELL",2026-04-17
49,"SILVERBEES","NIPPONAMC - NETFSILVER","LARGE_CAP",238.14,0.07,5.12,0.43,22,54,"BULLISH",-15.96,1,6,0,NA,NA,NA,NA,NA,6143604734.19,"SELL",2026-04-17
76,"HAL","HINDUSTAN AERONAUTICS LTD","MID_CAP",4388.1,0.57,6.71,10.77,22,71,"BEARISH",-4.1,5,4,0,NA,NA,NA,NA,NA,4544601906.7,"SELL",2026-04-17
114,"HYUNDAI","HYUNDAI MOTOR INDIA LTD","MID_CAP",1902.8,2.72,5.92,-4.4,22,52,"STRONG_BEARISH",-12.45,1,9,0,NA,NA,NA,NA,NA,3163881207.9,"SELL",2026-04-17
289,"SHAILY","SHAILY ENG PLASTICS LTD","SMALL_CAP",1885,-0.85,-3.36,-19.83,22,38.7,"BEARISH",-0.59,0,8,0,NA,NA,NA,NA,NA,903304733.1,"SELL",2026-04-17
340,"UPL","UPL LIMITED","MICRO_CAP",664.7,0.72,3.08,5.26,22,59.3,"BEARISH",-4.67,3,6,0,NA,NA,NA,NA,NA,681798228.75,"SELL",2026-04-17
346,"HDFCSILVER","HDFCAMC - HDFCSILVER","MICRO_CAP",238.24,0.13,5,0.43,22,53.7,"BULLISH",-18.94,1,6,0,NA,NA,NA,NA,NA,657892463.96,"SELL",2026-04-17
393,"PETRONET","PETRONET LNG LIMITED","MICRO_CAP",273.22,0.64,0.92,-6.3,22,51.8,"BULLISH",-4.79,0,8,0,NA,NA,NA,NA,NA,491695422.61,"SELL",2026-04-17
447,"SILVER","BIRLASLAMC - SILVER","MICRO_CAP",248.39,0.09,5.21,0.55,22,54.3,"BULLISH",-16.07,1,6,0,NA,NA,NA,NA,NA,377558973.7,"SELL",2026-04-17
523,"SBISILVER","SBIAMC - SBISILVER","MICRO_CAP",243.7,0.08,4.98,0.32,22,53.9,"BULLISH",-13.52,1,6,0,NA,NA,NA,NA,NA,276042952.99,"SELL",2026-04-17
578,"PARAGMILK","PARAG MILK FOODS LTD.","MICRO_CAP",222.66,-2.41,8.99,10.37,22,60.9,"BEARISH",-11.13,5,4,0,NA,NA,NA,NA,NA,220717980.25,"SELL",2026-04-17
670,"HGINFRA","H.G.INFRA ENGINEERING LTD","MICRO_CAP",621.05,-0.14,13.98,23.05,22,68.1,"BEARISH",-2.32,5,2,0,NA,NA,NA,NA,NA,146390131.7,"SELL",2026-04-17
784,"AXISILVER","AXISAMC - AXISILVER","MICRO_CAP",247.12,-0.02,5.08,0.27,22,54,"BULLISH",-15.77,1,6,0,10,10,10,10,10,85851974.29,"SELL",2026-04-17
793,"AMAGI","AMAGI","MICRO_CAP",357.45,-1.72,0.89,1.78,22,54.4,"NEUTRAL",-1.61,1,4,0,NA,NA,NA,NA,NA,81154014.05,"SELL",2026-04-17
807,"SILVERADD","DSPAMC - DSPSILVETF","MICRO_CAP",239.83,0.02,4.96,0.44,22,53.8,"BULLISH",-14.45,1,6,0,NA,NA,NA,NA,NA,77214442.85,"SELL",2026-04-17
821,"NIFTYBETA","NIFTYBETA","MICRO_CAP",268.03,0.46,1.28,2.22,22,56.8,"NEUTRAL",-3.13,1,11,0,NA,NA,NA,NA,NA,72290097.42,"SELL",2026-04-17
910,"HLEGLAS","HLE GLASCOAT LIMITED","MICRO_CAP",331.3,1.33,10.49,15.68,22,64.4,"BEARISH",-12.17,5,4,0,NA,NA,NA,NA,NA,42640134.55,"SELL",2026-04-17
988,"WCIL","WESTERN CARRIERS (IND) L","MICRO_CAP",101.99,0.98,8.55,7.88,22,59.8,"BEARISH",-6.65,3,2,0,NA,NA,NA,NA,NA,17571108.23,"SELL",2026-04-17
8,"RELIANCE","RELIANCE INDUSTRIES LTD","LARGE_CAP",1365,1.62,1.1,-3.06,21.3,49.8,"STRONG_BEARISH",-1.27,0,12,0,NA,NA,NA,NA,NA,18850089777.3,"SELL",2026-04-17
29,"ETERNAL","ETERNAL LIMITED","LARGE_CAP",252.61,-0.04,5.15,4.15,21.3,57.7,"BEARISH",-6.76,5,6,0,NA,NA,NA,NA,NA,9046846296.19,"SELL",2026-04-17
124,"NIFTYBEES","NIP IND ETF NIFTY BEES","MID_CAP",275.87,0.7,1.44,2.39,21.3,57.6,"BEARISH",-2.88,1,8,0,NA,NA,NA,NA,NA,2810162855.05,"SELL",2026-04-17
257,"NAUKRI","INFO EDGE (I) LTD","SMALL_CAP",1054.55,0.65,6.42,6,21.3,59.1,"BEARISH",-14.69,5,8,0,NA,NA,NA,NA,NA,1083334410.55,"SELL",2026-04-17
258,"UNOMINDA","UNO MINDA LIMITED","SMALL_CAP",1097.8,-1.05,1.84,2.27,21.3,52.1,"BEARISH",-6.24,3,6,0,NA,NA,NA,NA,NA,1079400128.2,"SELL",2026-04-17
453,"RAIN","RAIN INDUSTRIES LIMITED","MICRO_CAP",132.4,0.33,7.93,15.14,21.3,62,"BULLISH",-13.63,5,4,0,NA,NA,NA,NA,NA,366717561.12,"SELL",2026-04-17
469,"TATATECH","TATA TECHNOLOGIES LIMITED","MICRO_CAP",589.3,0.44,4.07,7.42,21.3,60.5,"BEARISH",-7.86,5,8,0,NA,NA,NA,NA,NA,335144154,"SELL",2026-04-17
571,"INTELLECT","INTELLECT DESIGN ARENA","MICRO_CAP",694.55,-0.63,2.21,2.62,21.3,54.2,"BEARISH",-23.07,3,10,0,NA,NA,NA,NA,NA,226686828.2,"SELL",2026-04-17
683,"TARC","TARC LIMITED","MICRO_CAP",135.5,-0.15,8.36,8.35,21.3,57.4,"BEARISH",-10.55,4,2,0,NA,NA,NA,NA,NA,133844026.25,"SELL",2026-04-17
782,"ROUTE","ROUTE MOBILE LIMITED","MICRO_CAP",513.25,1.22,5.7,6.77,21.3,60,"BEARISH",-12.87,5,8,0,NA,NA,NA,NA,NA,87626441.7,"SELL",2026-04-17
879,"KANSAINER","KANSAI NEROLAC PAINTS LTD","MICRO_CAP",203.09,1.46,6.04,16.04,21.3,64.6,"BEARISH",-10.86,5,8,0,NA,NA,NA,NA,NA,54535488.02,"SELL",2026-04-17
894,"HDFCNIFTY","HDFCAMC - HDFCNIFTY","MICRO_CAP",272.91,0.62,1.49,2.42,21.3,57,"BEARISH",-2.9,1,8,0,NA,NA,NA,NA,NA,50129861.59,"SELL",2026-04-17
937,"GODIGIT","GO DIGIT GENERAL INS LTD","MICRO_CAP",319.25,0.06,-0.17,-2.73,21.3,42.3,"STRONG_BEARISH",-0.72,0,12,0,NA,NA,NA,NA,NA,33416083.65,"SELL",2026-04-17
955,"SAKSOFT","SAKSOFT LIMITED","MICRO_CAP",147.69,0.38,9.77,23.59,21.3,62.9,"BEARISH",-13.69,5,8,0,NA,NA,NA,NA,NA,28414989.47,"SELL",2026-04-17
957,"NIFTY1","KOTAK NIFTY ETF","MICRO_CAP",268.57,0.76,1.4,2.44,21.3,57.2,"BEARISH",-2.91,1,8,0,NA,NA,NA,NA,NA,28227911.45,"SELL",2026-04-17
986,"VERANDA","VERANDA LEARNING SOL LTD","MICRO_CAP",158.3,4.39,4.5,14.04,21.3,55,"BEARISH",-22.18,5,11,0,NA,NA,NA,NA,NA,19096300.83,"SELL",2026-04-17
989,"INDOFARM","INDO FARM EQUIPMENT LTD","MICRO_CAP",149.34,0.09,3.36,13.67,21.3,65.1,"BEARISH",-15.98,5,8,0,NA,NA,NA,NA,NA,16839271.13,"SELL",2026-04-17
39,"TCS","TATA CONSULTANCY SERV LT","LARGE_CAP",2581.5,0.18,2.27,5.76,20.7,55.7,"BEARISH",-16.45,3,12,0,NA,NA,NA,NA,NA,7007472973.5,"SELL",2026-04-17
121,"HEROMOTOCO","HERO MOTOCORP LIMITED","MID_CAP",5230.5,1.38,-4.32,-3.6,20.7,47.9,"STRONG_BEARISH",-4.57,0,8,0,NA,NA,NA,NA,NA,2845071194,"SELL",2026-04-17
174,"ULTRACEMCO","ULTRATECH CEMENT LIMITED","SMALL_CAP",11886,0.51,2.56,5.68,20.7,57.4,"BULLISH",-5.45,3,6,0,NA,NA,NA,NA,NA,1960547771,"SELL",2026-04-17
664,"HEXT","HEXAWARE TECHNOLOGIES LTD","MICRO_CAP",495.1,-0.27,3.05,13.36,20.7,59.4,"BEARISH",-28.11,5,10,0,NA,NA,NA,NA,NA,148300615.4,"SELL",2026-04-17
801,"VIPIND","VIP INDUSTRIES LTD","MICRO_CAP",320.3,-0.53,-1.26,-4.94,20.7,44.6,"STRONG_BEARISH",-13.72,0,10,0,NA,NA,NA,NA,NA,78923705.75,"SELL",2026-04-17
843,"GOLDBETA","GOLDBETA","MICRO_CAP",127,-0.51,1.2,-2.31,20.7,51.5,"NEUTRAL",-3.49,0,10,0,NA,NA,NA,NA,NA,66077006.95,"SELL",2026-04-17
878,"WAKEFIT","WAKEFIT","MICRO_CAP",148.64,-2.05,-2.89,-10.83,20.7,38,"BEARISH",-17.53,1,8,0,NA,NA,NA,NA,NA,54827951.54,"SELL",2026-04-17
975,"SILVERTUC","SILVER TOUCH TECHNO LTD","MICRO_CAP",125.43,0.59,-1.71,12.09,20.7,19.2,"BEARISH",-90.02,6,6,0,NA,NA,NA,NA,NA,23438014.78,"SELL",2026-04-17
998,"KILITCH","KILITCH DRUGS INDIA LTD","MICRO_CAP",135.07,3.84,5.47,-57.74,20.7,22.5,"STRONG_BEARISH",-56.07,3,14,0,NA,NA,NA,NA,NA,14096071.1,"SELL",2026-04-17
156,"MUTHOOTFIN","MUTHOOT FINANCE LIMITED","SMALL_CAP",3571.3,-0.19,-0.07,4.03,20,58,"BEARISH",-5.83,3,6,0,NA,NA,NA,NA,NA,2170421866.3,"SELL",2026-04-17
206,"INDUSINDBK","INDUSIND BANK LIMITED","SMALL_CAP",853.9,0.71,2.77,1.4,20,54.2,"BULLISH",-3.8,1,4,0,NA,NA,NA,NA,NA,1571679431.85,"SELL",2026-04-17
261,"TITAGARH","TITAGARH RAIL SYSTEMS LTD","SMALL_CAP",741.05,0.49,4.34,14.16,20,64.1,"BEARISH",-8.83,5,6,0,NA,NA,NA,NA,NA,1062608209.8,"SELL",2026-04-17
517,"HAPPSTMNDS","HAPPIEST MINDS TECHNO LTD","MICRO_CAP",381.9,0.05,0.82,-0.53,20,49.4,"BEARISH",-6.71,1,10,0,NA,NA,NA,NA,NA,282329897.8,"SELL",2026-04-17
538,"ZAGGLE","ZAGGLE PREPA OCEAN SER L","MICRO_CAP",260.88,-1.23,3.74,18.53,20,61.2,"BEARISH",-7.04,5,6,0,NA,NA,NA,NA,NA,257693059.64,"SELL",2026-04-17
690,"KIRIINDUS","KIRI INDUSTRIES LIMITED","MICRO_CAP",418.65,-0.48,3.24,6.05,20,57.3,"BEARISH",-8.78,3,6,0,NA,NA,NA,NA,NA,130124047.7,"SELL",2026-04-17
734,"LOTUSDEV","SRI LOTUS DEVLPRS N RTY L","MICRO_CAP",139.93,-1.99,0.63,13.51,20,60.1,"BEARISH",-5.77,5,4,0,NA,NA,NA,NA,NA,113077134.07,"SELL",2026-04-17
771,"EPACKPEB","EPACKPEB","MICRO_CAP",192.34,2.13,8.5,20.2,20,65.7,"BEARISH",-6.01,5,4,0,NA,NA,NA,NA,NA,93115696.26,"SELL",2026-04-17
40,"M&M","MAHINDRA & MAHINDRA LTD","LARGE_CAP",3200.2,-0.69,-1.83,-0.45,19.3,51.2,"BEARISH",-5.84,3,8,0,NA,NA,NA,NA,NA,6999663384.3,"SELL",2026-04-17
343,"LATENTVIEW","LATENT VIEW ANALYTICS LTD","MICRO_CAP",310.95,0.75,5.23,8.69,19.3,53.9,"BEARISH",-22.71,5,8,0,NA,NA,NA,NA,NA,671546666.7,"SELL",2026-04-17
395,"V2RETAIL","V2 RETAIL LIMITED","MICRO_CAP",193.44,-0.51,-1.87,-89.94,19.3,11.4,"STRONG_BEARISH",-89.4,5,6,0,NA,NA,NA,NA,NA,487220344.6,"SELL",2026-04-17
431,"PINELABS","PINELABS","MICRO_CAP",193.53,2.06,8.99,12.86,19.3,64.6,"NEUTRAL",-14.25,5,5,0,NA,NA,NA,NA,NA,405477752.55,"SELL",2026-04-17
849,"GOLDADD","GOLDADD","MICRO_CAP",146.56,-0.66,1.13,-2.42,19.3,51.2,"NEUTRAL",-4.71,0,8,0,NA,NA,NA,NA,NA,62833359.29,"SELL",2026-04-17
386,"BANKBEES","NIP IND ETF BANK BEES","MICRO_CAP",582.85,0.91,1.2,2.35,18.7,55.9,"BEARISH",-4.43,1,6,0,10,10,10,10,10,509343368.98,"SELL",2026-04-17
420,"SONATSOFTW","SONATA SOFTWARE LTD","MICRO_CAP",280.34,0.38,13.83,16.37,18.7,67.2,"BEARISH",-10.74,5,4,0,NA,NA,NA,NA,NA,441748901.61,"SELL",2026-04-17
576,"TBOTEK","TBO TEK LIMITED","MICRO_CAP",1293.8,1.93,9.62,10.54,18.7,64.4,"BEARISH",-6.16,3,4,0,NA,NA,NA,NA,NA,221669768.8,"SELL",2026-04-17
671,"PROTEAN","PROTEAN EGOV TECHNO LTD","MICRO_CAP",558.25,-1.32,4.9,5.11,18.7,56.7,"BEARISH",-7.51,3,4,0,NA,NA,NA,NA,NA,146174781.65,"SELL",2026-04-17
796,"PNCINFRA","PNC INFRATECH LTD.","MICRO_CAP",203.11,0.43,9.84,6.19,18.7,60.5,"BEARISH",-6.01,3,4,0,NA,NA,NA,NA,NA,80349092.35,"SELL",2026-04-17
952,"QUICKHEAL","QUICK HEAL TECH LTD","MICRO_CAP",171.8,0.47,3.46,13.59,18.7,61.1,"BEARISH",-7.46,5,4,0,NA,NA,NA,NA,NA,28872535.87,"SELL",2026-04-17
267,"PRESTIGE","PRESTIGE ESTATE LTD","SMALL_CAP",1356.8,1.41,2.6,2.68,18,58.5,"BEARISH",-6.25,3,6,0,NA,NA,NA,NA,NA,1020174063.9,"SELL",2026-04-17
295,"AMBUJACEM","AMBUJA CEMENTS LTD","SMALL_CAP",459,0.21,3.1,4.02,18,54.9,"BEARISH",-9.12,3,8,0,10,10,10,10,10,872803482.5,"SELL",2026-04-17
437,"NEWGEN","NEWGEN SOFTWARE TECH LTD","MICRO_CAP",483.5,1.1,7.94,5.17,18,55.9,"BEARISH",-16.01,3,8,0,NA,NA,NA,NA,NA,403569235.45,"SELL",2026-04-17
566,"SYNGENE","SYNGENE INTERNATIONAL LTD","MICRO_CAP",436.6,0.44,7.9,3.99,18,59.3,"STRONG_BEARISH",-6.87,3,6,0,NA,NA,NA,NA,NA,235729426.55,"SELL",2026-04-17
645,"VINATIORGA","VINATI ORGANICS LTD","MICRO_CAP",1291.5,1.37,2.96,-9.72,18,42.4,"STRONG_BEARISH",-14.49,1,10,0,NA,NA,NA,NA,NA,163044906.4,"SELL",2026-04-17
931,"ORIENTCEM","ORIENT CEMENT LTD.","MICRO_CAP",144.89,-0.05,3.24,3.98,18,56.2,"BEARISH",-7.24,3,8,0,NA,NA,NA,NA,NA,35515632.66,"SELL",2026-04-17
941,"AJMERA","AJMERA REALTY & INF I LTD","MICRO_CAP",124.46,-0.57,2.71,7.77,18,46.2,"BEARISH",-16.88,3,8,0,10,10,10,10,10,32898746.29,"SELL",2026-04-17
948,"MANAKCOAT","MAN COAT METAL & IND LTD","MICRO_CAP",109.53,3.38,3.28,-4.71,18,51.1,"BEARISH",-13.2,0,11,0,NA,NA,NA,NA,NA,30640162.82,"SELL",2026-04-17
963,"ECOSMOBLTY","ECOS (INDIA) MOB & HOSP L","MICRO_CAP",140.71,0.69,5.66,14.58,18,57,"BEARISH",-25.2,5,6,0,NA,NA,NA,NA,NA,26040759.57,"SELL",2026-04-17
2,"HDFCBANK","HDFC BANK LTD","LARGE_CAP",799.9,0.56,-1.28,-5.12,17.3,47.7,"BEARISH",-13.01,0,10,0,NA,NA,NA,NA,NA,29803842840.25,"SELL",2026-04-17
90,"TMCV","TMCV","MID_CAP",439.1,-0.66,-1.23,-1.91,17.3,52.6,"NEUTRAL",-3.32,1,4,0,NA,NA,NA,NA,NA,3889379008.85,"SELL",2026-04-17
196,"OIL","OIL INDIA LTD","SMALL_CAP",470.1,1.67,-0.25,-0.07,17.3,49.2,"BEARISH",-6.92,1,6,0,NA,NA,NA,NA,NA,1660119450.05,"SELL",2026-04-17
275,"JYOTICNC","JYOTI CNC AUTOMATION LTD","SMALL_CAP",707.3,0.63,-13.66,-7.43,17.3,40.1,"BEARISH",-11.37,1,7,0,NA,NA,NA,NA,NA,1002910123.75,"SELL",2026-04-17
657,"AIIL","AUTHUM INVEST & INFRA LTD","MICRO_CAP",460.05,2.63,4.28,-5.24,17.3,45.6,"STRONG_BEARISH",-8.03,0,8,0,10,10,10,10,10,153405193.75,"SELL",2026-04-17
777,"SYMPHONY","SYMPHONY LIMITED","MICRO_CAP",813.3,0.18,7.25,-0.36,17.3,58.5,"BEARISH",-10.99,1,6,0,NA,NA,NA,NA,NA,89214224.75,"SELL",2026-04-17
78,"KOTAKBANK","KOTAK MAHINDRA BANK LTD","MID_CAP",383.6,1.17,2.42,2.18,16.7,43,"BEARISH",-5.07,1,6,0,NA,NA,NA,NA,NA,4456246201.25,"SELL",2026-04-17
324,"KARURVYSYA","KARUR VYSYA BANK LTD","MICRO_CAP",277.55,-1.18,-1.47,-2.51,16.7,45.6,"BEARISH",-7,0,10,0,NA,NA,NA,NA,NA,739770431.05,"SELL",2026-04-17
359,"ITCHOTELS","ITC HOTELS LIMITED","MICRO_CAP",162.52,0.37,4.86,2.61,16.7,56.4,"BEARISH",-9.18,3,6,0,NA,NA,NA,NA,NA,612946621.85,"SELL",2026-04-17
374,"SWANCORP","SWANCORP","MICRO_CAP",354.85,0.58,9.62,2.37,16.7,56.8,"BEARISH",-14.93,3,6,0,NA,NA,NA,NA,NA,544941948,"SELL",2026-04-17
467,"KNRCON","KNR CONSTRU LTD.","MICRO_CAP",123.92,-0.11,4.43,0.65,16.7,52.5,"BEARISH",-15.43,1,8,0,NA,NA,NA,NA,NA,336221706.86,"SELL",2026-04-17
552,"SIGNATURE","SIGNATUREGLOBAL INDIA LTD","MICRO_CAP",801.25,-0.71,-2.47,-0.06,16.7,47.2,"BEARISH",-10.18,1,8,0,NA,NA,NA,NA,NA,250526245.35,"SELL",2026-04-17
825,"RSYSTEMS","R SYS INTERNATIONAL LTD","MICRO_CAP",277.5,-0.18,6.24,5.65,16.7,51.6,"BEARISH",-25.96,3,6,0,NA,NA,NA,NA,NA,70580338.09,"SELL",2026-04-17
334,"SRF","SRF LTD","MICRO_CAP",2494.5,-0.38,0.85,-2.92,16,48.9,"STRONG_BEARISH",-10.52,1,10,0,NA,NA,NA,NA,NA,696001852.7,"SELL",2026-04-17
430,"YATRA","YATRA ONLINE LIMITED","MICRO_CAP",123.38,-0.23,20.18,15.69,16,62,"BEARISH",-15.66,5,0,0,NA,NA,NA,NA,NA,406618520.87,"SELL",2026-04-17
885,"JARO","JARO","MICRO_CAP",439.5,-1.41,2.93,-9.72,16,49.5,"STRONG_BEARISH",-12.03,0,8,0,NA,NA,NA,NA,NA,53042647.75,"SELL",2026-04-17
159,"SWIGGY","SWIGGY LIMITED","SMALL_CAP",277.45,-1.05,0.89,-7.13,15.3,47.1,"STRONG_BEARISH",-9.52,0,10,0,NA,NA,NA,NA,NA,2112742797.7,"SELL",2026-04-17
381,"SBICARD","SBI CARDS & PAY SER LTD","MICRO_CAP",695.2,1.4,2.61,-2.84,15.3,52.1,"STRONG_BEARISH",-6.83,0,8,0,NA,NA,NA,NA,NA,516332621.85,"SELL",2026-04-17
509,"DEVYANI","DEVYANI INTERNATIONAL LTD","MICRO_CAP",107.7,-0.9,-0.78,-1.27,15.3,49.5,"BEARISH",-6.39,1,4,0,NA,NA,NA,NA,NA,289640070.33,"SELL",2026-04-17
786,"KALAMANDIR","SAI SILKS (KALAMANDIR) L","MICRO_CAP",102.39,2.2,7.15,0.65,14.7,53.6,"STRONG_BEARISH",-7.65,3,6,0,NA,NA,NA,NA,NA,85388931.78,"SELL",2026-04-17
147,"HINDPETRO","HINDUSTAN PETROLEUM CORP","MID_CAP",370.85,0.16,2.84,6.15,14,52.7,"BEARISH",-12.24,1,4,0,NA,NA,NA,NA,NA,2322608004.5,"SELL",2026-04-17
200,"PNB","PUNJAB NATIONAL BANK","SMALL_CAP",114.48,0.81,2.4,1.2,14,53.9,"BEARISH",-7.64,1,4,0,NA,NA,NA,NA,NA,1652226773.22,"SELL",2026-04-17
230,"JUBLFOOD","JUBILANT FOODWORKS LTD","SMALL_CAP",458.95,-0.15,3.13,-3.98,14,49.6,"STRONG_BEARISH",-6.75,0,6,0,NA,NA,NA,NA,NA,1279818835.45,"SELL",2026-04-17
933,"TIL","TIL LTD","MICRO_CAP",206.58,-2.68,-0.52,8.98,14,53.3,"BEARISH",-11.72,3,2,0,NA,NA,NA,NA,NA,34841944.04,"SELL",2026-04-17
981,"ADVENTHTL","ADVENTHTL","MICRO_CAP",165.5,-0.67,6.71,7.61,14,53.2,"NEUTRAL",-16.22,1,4,0,NA,NA,NA,NA,NA,20385962.45,"SELL",2026-04-17
876,"FINOPB","FINO PAYMENTS BANK LTD","MICRO_CAP",142.25,1.97,5.18,-6.83,13.3,46.4,"STRONG_BEARISH",-33.31,1,6,0,NA,NA,NA,NA,NA,54913940.47,"SELL",2026-04-17
166,"LODHA","LODHA DEVELOPERS LIMITED","SMALL_CAP",872.55,-0.11,5.57,2.15,12.7,58.9,"BEARISH",-9.27,1,2,0,NA,NA,NA,NA,NA,1991369662.7,"SELL",2026-04-17
345,"M&MFIN","M&M FIN. SERVICES LTD","MICRO_CAP",299.35,0.69,-0.91,-6.86,12.7,43,"STRONG_BEARISH",-19.38,0,6,0,NA,NA,NA,NA,NA,659308925.1,"SELL",2026-04-17
406,"IIFL","IIFL FINANCE LIMITED","MICRO_CAP",473.35,1.57,3.93,-3.17,12.7,53.2,"STRONG_BEARISH",-9.56,0,6,0,NA,NA,NA,NA,NA,463118516.05,"SELL",2026-04-17
805,"GENESYS","GENESYS INTL CORPN LTD","MICRO_CAP",263.39,1.74,7.92,-4.71,12.7,52.2,"STRONG_BEARISH",-14.67,0,6,0,NA,NA,NA,NA,NA,77725869.87,"SELL",2026-04-17
895,"STANLEY","STANLEY LIFESTYLES LTD","MICRO_CAP",143.84,1.1,6.86,-3.77,12.7,51.2,"STRONG_BEARISH",-20.82,0,6,0,NA,NA,NA,NA,NA,48398757.84,"SELL",2026-04-17
192,"IOC","INDIAN OIL CORP LTD","SMALL_CAP",145.88,1.17,2.04,-1.61,11.3,48,"STRONG_BEARISH",-9.72,0,4,0,NA,NA,NA,NA,NA,1723755995.99,"SELL",2026-04-17
696,"HIRECT","HIND RECTIFIER LIMITED","MICRO_CAP",898.65,0.44,6.93,-40.84,11.3,41.2,"STRONG_BEARISH",-27.34,0,6,0,NA,NA,NA,NA,NA,127627624.65,"SELL",2026-04-17
890,"METROPOLIS","METROPOLIS HEALTHCARE LTD","MICRO_CAP",471.7,-0.12,0.77,-74.75,6.7,15.1,"STRONG_BEARISH",-73.91,0,6,0,NA,NA,NA,NA,NA,50763413.75,"SELL",2026-04-17
