"RANK","SYMBOL","COMPANY_NAME","MARKET_CAP_CATEGORY","CURRENT_PRICE","CHANGE_1D","CHANGE_1W","CHANGE_1M","TECHNICAL_SCORE","RSI","TREND_SIGNAL","RELATIVE_STRENGTH","CAN_SLIM_SCORE","MINERVINI_SCORE","FUNDAMENTAL_SCORE","ENHANCED_FUND_SCORE","EARNINGS_QUALITY","SALES_GROWTH","FINANCIAL_STRENGTH","INSTITUTIONAL_BACKING","TRADING_VALUE","TRADING_SIGNAL","ANALYSIS_DATE"
17,"COALINDIA","COAL INDIA LTD","LARGE_CAP",467,3.2,5.38,3.67,79.3,62.8,"BULLISH",12.53,12,16,25,71.16,75.65,82,61.36,54.17,12522088355.65,"BUY",2026-04-28
34,"CHENNPETRO","CHENNAI PETROLEUM CORP LT","LARGE_CAP",1072.3,7.5,4.89,10.85,79.3,58.5,"STRONG_BULLISH",20.87,16,14,20,68.3,71.74,82,58.64,49.17,6836512446.1,"BUY",2026-04-28
22,"ATGL","ADANI TOTAL GAS LIMITED","LARGE_CAP",653.85,2.87,6.38,28.22,77.3,69.5,"BULLISH",24.53,20,16,15,52.51,50.22,47,56.14,63,10462136967.35,"BUY",2026-04-28
8,"COHANCE","COHANCE LIFESCIENCES LTD","LARGE_CAP",493.3,14.16,36.57,63.64,73.3,80.2,"BULLISH",43.69,20,12,20,60.05,57.61,67,60.68,54.17,20122098565.9,"BUY",2026-04-28
351,"BHAGYANGR","BHAGYANAGAR INDIA LIMITED","MICRO_CAP",278.67,11.8,29.78,102.36,72.7,88.1,"BULLISH",124.89,20,14,20,61.78,56.3,81,58.18,49.17,559316335.75,"BUY",2026-04-28
15,"BSE","BSE LIMITED","LARGE_CAP",3626.1,2.59,3.14,35.13,72,72.3,"STRONG_BULLISH",18.4,13,14,20,61.34,64.35,60,57.05,61.25,13637981749.4,"BUY",2026-04-28
355,"ASTERDM","ASTER DM HEALTHCARE LTD.","MICRO_CAP",705.3,-2.01,3.76,5.27,70.7,60.1,"STRONG_BULLISH",26.53,14,8,20,60.89,64.13,56,56.68,66,545402855.05,"BUY",2026-04-28
616,"AVL","ADITYA VISION LIMITED","MICRO_CAP",542.7,4.89,6.85,13.51,70.7,70.2,"BULLISH",9,9,18,25,73.11,74.35,86,59.86,66,150854314.55,"BUY",2026-04-28
100,"CROMPTON","CROMPT GREA CON ELEC LTD","MID_CAP",269.63,4.23,4.25,20.59,70,63.3,"BEARISH",7.21,13,18,15,57.18,56.52,61,56.59,53.33,3054201726.31,"BUY",2026-04-28
56,"BBOX","BLACK BOX LIMITED","MID_CAP",639.85,10.39,20.86,43.1,69.3,77.6,"BEARISH",16.74,18,12,15,59.11,60.65,65,56.14,49.17,5092324897.65,"BUY",2026-04-28
84,"GLENMARK","GLENMARK PHARMACEUTICALS","MID_CAP",2403.7,3.38,7.64,12.76,69.3,71.1,"STRONG_BULLISH",26.92,20,18,0,NA,NA,NA,NA,NA,3691162502.9,"BUY",2026-04-28
71,"NAM-INDIA","NIPPON L I A M LTD","MID_CAP",1023.25,3.39,-3.04,27.64,68.7,60.3,"STRONG_BULLISH",16.49,18,16,0,NA,NA,NA,NA,NA,4313277826.75,"BUY",2026-04-28
123,"GPIL","GODAWARI POW & ISP LTD","MID_CAP",305,2.54,3.23,13.47,68.7,63.5,"STRONG_BULLISH",21.37,16,18,0,NA,NA,NA,NA,NA,2518649576.6,"BUY",2026-04-28
317,"YATHARTH","YATHARTH HOSP & TRA C S L","MICRO_CAP",780.6,4,4.69,26.48,68.7,63,"STRONG_BULLISH",19.54,18,16,0,NA,NA,NA,NA,NA,669575038.1,"BUY",2026-04-28
337,"BAJAJCON","BAJAJ CONSUMER CARE LTD","MICRO_CAP",465.95,3.93,1.54,33.93,68.7,65.1,"STRONG_BULLISH",25.82,15,14,20,61.4,60.24,65,60.25,60,613197261.4,"BUY",2026-04-28
462,"ASKAUTOLTD","ASK AUTOMOTIVE LIMITED","MICRO_CAP",449,3.09,2.48,0.96,68.7,59.9,"BULLISH",4.09,7,14,25,71.28,74.57,82,59.77,60,287172984.8,"BUY",2026-04-28
736,"LINCOLN","LINCOLN PHARMA LTD","MICRO_CAP",646.35,3.91,6.28,14.41,68,65.4,"BULLISH",24.94,18,18,0,NA,NA,NA,NA,NA,83257980.8,"BUY",2026-04-28
554,"ALIVUS","ALIVUS LIFE SCIENCES LTD","MICRO_CAP",1007.65,-3.57,-6.1,3.59,67.3,46.5,"STRONG_BULLISH",10.03,10,10,15,55.45,52.14,59,54.24,60,201523440.95,"BUY",2026-04-28
571,"DBL","DILIP BUILDCON LIMITED","MICRO_CAP",474.05,1.46,5.18,22.43,67.3,67.9,"BULLISH",5.19,11,15,15,59.47,55.65,67,57.27,60,187329984.9,"BUY",2026-04-28
202,"KTKBANK","KARNATAKA BANK LIMITED","SMALL_CAP",263.63,3.66,5.32,18.24,66.7,71.1,"STRONG_BULLISH",31.7,16,18,0,NA,NA,NA,NA,NA,1372881525.51,"BUY",2026-04-28
873,"ASIANENE","ASIAN ENERGY SERVICES LTD","MICRO_CAP",316.9,0.93,1.42,32.68,66.7,63.6,"STRONG_BULLISH",18.75,13,8,25,75.48,78.33,94,62.75,54,35005358.99,"BUY",2026-04-28
112,"JAINREC","JAINREC","MID_CAP",447.5,6.59,6.62,-1.97,66,62,"BULLISH",15.23,13,20,0,NA,NA,NA,NA,NA,2806468421.35,"BUY",2026-04-28
405,"WHEELS","WHEELS INDIA LTD","MICRO_CAP",1064.25,1.07,1.75,6.72,66,58.9,"STRONG_BULLISH",25.64,15,15,0,NA,NA,NA,NA,NA,396617809.1,"BUY",2026-04-28
465,"ASTRAMICRO","ASTRA MICROWAVE LTD","MICRO_CAP",1096.3,-3.69,-1.33,28.12,66,60.6,"STRONG_BULLISH",23.95,13,8,25,71.97,73.91,94,57.05,50,284358654.2,"BUY",2026-04-28
503,"SOLEX","SOLEX ENERGY LIMITED","MICRO_CAP",1358.8,6.01,0.79,47.49,66,67.8,"BULLISH",26.76,20,14,0,NA,NA,NA,NA,NA,245736458.2,"BUY",2026-04-28
730,"COSMOFIRST","COSMO FIRST LIMITED","MICRO_CAP",719.6,1.57,6.47,20.85,66,65.3,"BEARISH",13.17,12,15,15,57.41,59.7,60.6,55.91,48,85268460.2,"BUY",2026-04-28
116,"RKFORGE","RAMKRISHNA FORGINGS LTD","MID_CAP",602.3,6.94,8.69,29.08,65.3,69.3,"BULLISH",10.24,16,16,0,NA,NA,NA,NA,NA,2723194450.85,"BUY",2026-04-28
199,"IMFA","INDIAN METALS & FERRO","SMALL_CAP",1631.9,7.23,8.85,35.71,65.3,71.7,"STRONG_BULLISH",18.18,18,14,0,NA,NA,NA,NA,NA,1387077946.7,"BUY",2026-04-28
220,"PTC","PTC INDIA LIMITED","SMALL_CAP",205.71,5.38,10.08,30.57,65.3,75.2,"STRONG_BULLISH",12.74,16,16,0,NA,NA,NA,NA,NA,1244415045.21,"BUY",2026-04-28
327,"SKYGOLD","SKY GOLD AND DIAMONDS LTD","MICRO_CAP",436.45,3.33,4.63,37.14,65.3,70.1,"STRONG_BULLISH",36.9,18,14,0,NA,NA,NA,NA,NA,640795643.4,"BUY",2026-04-28
330,"ARIS","ARIS","MICRO_CAP",128.44,3.38,-0.19,33.04,65.3,67.7,"BULLISH",44.79,20,16,0,NA,NA,NA,NA,NA,633608088.44,"BUY",2026-04-28
795,"STEELCAS","STEELCAST LIMITED","MICRO_CAP",309.83,4.47,4.39,37.17,65.3,74.5,"STRONG_BULLISH",37.74,18,14,0,NA,NA,NA,NA,NA,61108461.72,"BUY",2026-04-28
88,"ATHERENERG","ATHER ENERGY LIMITED","MID_CAP",931.15,-1.07,3.91,23.49,64.7,67.4,"STRONG_BULLISH",32.14,15,8,20,63.36,53.7,85,53.64,66,3497301561,"HOLD",2026-04-28
105,"RRKABEL","R R KABEL LIMITED","MID_CAP",1609,6.66,10.39,24.4,64.7,71.1,"BULLISH",17.79,18,16,0,NA,NA,NA,NA,NA,2929907694.9,"HOLD",2026-04-28
126,"OLECTRA","OLECTRA GREENTECH LIMITED","MID_CAP",1286,3.93,5.23,33.09,64.7,69.5,"BULLISH",25.34,18,14,0,NA,NA,NA,NA,NA,2494069024.8,"HOLD",2026-04-28
142,"ABB","ABB INDIA LIMITED","MID_CAP",7288,-1.92,0.45,22.66,64.7,65.5,"STRONG_BULLISH",28.32,15,8,20,61.29,55.43,73,59.32,60,2168357684.5,"HOLD",2026-04-28
223,"AUROPHARMA","AUROBINDO PHARMA LTD","SMALL_CAP",1422.6,0.42,2.22,9.06,64.7,68.3,"STRONG_BULLISH",30.71,13,10,20,67.41,70.43,70,59.18,66,1206317986.8,"HOLD",2026-04-28
335,"GENUSPOWER","GENUS POWER INFRASTRU LTD","MICRO_CAP",311.76,3.1,6.5,45.07,64.7,69,"BULLISH",22.09,18,14,0,NA,NA,NA,NA,NA,620154779.43,"HOLD",2026-04-28
13,"ONGC","OIL AND NATURAL GAS CORP.","LARGE_CAP",301.3,5.39,6.43,5.85,64,72.3,"STRONG_BULLISH",14.87,18,12,0,NA,NA,NA,NA,NA,15315300962.9,"HOLD",2026-04-28
41,"AUBANK","AU SMALL FINANCE BANK LTD","LARGE_CAP",1022.8,-1.94,-1.45,21.37,64,59.7,"BULLISH",6.32,13,8,15,55,51.19,55,57.35,62,6136167884.6,"HOLD",2026-04-28
89,"AMBER","AMBER ENTERPRISES (I) LTD","MID_CAP",8200,1.09,4.35,25.21,64,68.9,"BULLISH",13.34,12,8,15,59.89,69.2,78.33,55.65,10,3486255017,"HOLD",2026-04-28
249,"AVANTIFEED","AVANTI FEEDS LIMITED","SMALL_CAP",1414.6,-0.81,-3.31,20.29,64,57.3,"STRONG_BULLISH",29.19,15,8,20,60,68.81,56,59.25,44.17,1017894350.3,"HOLD",2026-04-28
336,"ANANDRATHI","ANAND RATHI WEALTH LTD","MICRO_CAP",3579.1,0.58,-1.85,17.91,64,66.8,"STRONG_BULLISH",24.94,15,8,15,50.33,50.65,47,56.59,46.67,614142355.5,"HOLD",2026-04-28
431,"EBGNG","GNG ELECTRONICS LIMITED","MICRO_CAP",413.8,7.42,-0.45,17.54,64,58.5,"STRONG_BULLISH",27.31,16,16,0,NA,NA,NA,NA,NA,347452382.5,"HOLD",2026-04-28
108,"JINDALSAW","JINDAL SAW LIMITED","MID_CAP",240.28,-1.99,1.89,31.21,63.3,67.4,"STRONG_BULLISH",27.67,20,6,0,NA,NA,NA,NA,NA,2887361215.03,"HOLD",2026-04-28
182,"BANDHANBNK","BANDHAN BANK LIMITED","SMALL_CAP",178.65,-1.77,1.43,26.39,63.3,60.9,"BULLISH",11.33,11,8,20,65.58,70.71,70,56.47,56.67,1540443084.92,"HOLD",2026-04-28
219,"ASHAPURMIN","ASHAPURA MINECHEM LTD","SMALL_CAP",648.1,4.16,3.04,41.04,63.3,68,"BULLISH",6.45,11,14,15,52.76,51.96,47,58.41,57,1248587774.4,"HOLD",2026-04-28
458,"BLISSGVS","BLISS GVS PHARMA LTD","MICRO_CAP",269.26,-1.64,4.04,24.89,63.3,64.1,"STRONG_BULLISH",33.57,15,6,20,66.8,73.48,70,56.82,57,289875842.44,"HOLD",2026-04-28
846,"ORIENTBELL","ORIENT BELL LIMITED","MICRO_CAP",320.7,12.63,9.29,27.09,63.3,63.2,"BULLISH",16.55,18,16,0,NA,NA,NA,NA,NA,44201813.6,"HOLD",2026-04-28
3,"VEDL","VEDANTA LIMITED","LARGE_CAP",739.3,-0.43,-3.59,12.9,62.7,53.8,"STRONG_BULLISH",11.28,16,10,0,NA,NA,NA,NA,NA,28286316289.4,"HOLD",2026-04-28
26,"GMDCLTD","GUJARAT MINERAL DEV CORP","LARGE_CAP",714.4,2.27,3.61,26.19,62.7,67,"STRONG_BULLISH",22.17,16,14,0,NA,NA,NA,NA,NA,9654303379.35,"HOLD",2026-04-28
190,"VSSL","VARDHMAN SPC STEEL LTD","SMALL_CAP",293.29,7.44,12.44,40.73,62.7,74.6,"BULLISH",15.07,18,14,0,NA,NA,NA,NA,NA,1447558901.92,"HOLD",2026-04-28
252,"BDL","BHARAT DYNAMICS LIMITED","SMALL_CAP",1396.7,0.39,1.58,27.37,62.7,61,"BULLISH",11.6,11,8,25,73.31,74.78,94,58.86,54.17,1009220015.5,"HOLD",2026-04-28
378,"UNIMECH","UNIMECH AEROSPACE N MFG L","MICRO_CAP",1110.3,8.43,17.09,57.2,62.7,76.5,"BULLISH",16.73,18,14,0,NA,NA,NA,NA,NA,502066597.25,"HOLD",2026-04-28
497,"DEEDEV","DEE DEVELOPMENT ENG LTD","MICRO_CAP",402.8,-5,-1.25,49.82,62.7,65.5,"STRONG_BULLISH",91.35,15,6,20,67.63,72.83,70,57.73,63,251831122.5,"HOLD",2026-04-28
560,"PLASTIBLEN","PLASTIBLENDS INDIA LTD","MICRO_CAP",181.02,14.82,19.12,48.9,62.7,78.2,"BULLISH",20.45,18,14,0,NA,NA,NA,NA,NA,197153103.37,"HOLD",2026-04-28
582,"POLYPLEX","POLYPLEX CORPORATION LTD","MICRO_CAP",944.5,3.12,8.64,26.3,62.7,67.7,"BULLISH",10.56,16,13,0,NA,NA,NA,NA,NA,172680266.85,"HOLD",2026-04-28
693,"MODISONLTD","MODISON LIMITED","MICRO_CAP",170.54,12.04,18.82,47.22,62.7,76.3,"BULLISH",15.19,18,14,0,NA,NA,NA,NA,NA,101166822.68,"HOLD",2026-04-28
183,"JBMA","JBM AUTO LIMITED","SMALL_CAP",645.3,2.63,3.08,25.24,62,65,"BULLISH",11.06,12,16,0,NA,NA,NA,NA,NA,1535233396.35,"HOLD",2026-04-28
471,"DEEPAKFERT","DEEPAK FERTILIZERS & PETR","MICRO_CAP",1218.9,-1.74,-3.75,34.09,62,63.2,"BULLISH",18.13,13,6,25,70.76,75.43,76,62.95,60,279341424.5,"HOLD",2026-04-28
514,"ROSSTECH","ROSSELL TECHSYS LIMITED","MICRO_CAP",1020.2,2.82,8.65,52.79,62,73.2,"STRONG_BULLISH",43.55,18,9,0,NA,NA,NA,NA,NA,234730343.5,"HOLD",2026-04-28
584,"RPTECH","RASHI PERIPHERALS LIMITED","MICRO_CAP",487.65,3.25,2.8,44.32,62,78.3,"STRONG_BULLISH",30.66,18,14,0,NA,NA,NA,NA,NA,171897272.6,"HOLD",2026-04-28
85,"EMIL","ELECTRONICS MART IND LTD","MID_CAP",122.75,11.08,13.06,39.33,61.3,74.8,"BULLISH",20.17,18,12,0,NA,NA,NA,NA,NA,3670531866.93,"HOLD",2026-04-28
136,"JAYNECOIND","JAYASWAL NECO INDUSTR LTD","MID_CAP",109.81,5.54,10.98,53.47,61.3,77.8,"STRONG_BULLISH",43.04,20,6,0,NA,NA,NA,NA,NA,2296914081.54,"HOLD",2026-04-28
161,"CUMMINSIND","CUMMINS INDIA LTD","SMALL_CAP",5258,0.47,2.77,16.84,61.3,65.3,"STRONG_BULLISH",23.17,13,10,15,53.02,50.65,51,55.68,59.17,1790534331.2,"HOLD",2026-04-28
210,"APARINDS","APAR INDUSTRIES LTD.","SMALL_CAP",11862,-2.25,1.26,20.05,61.3,63.2,"STRONG_BULLISH",29.44,15,8,15,57.41,57.96,58.6,57.27,54.17,1318191544,"HOLD",2026-04-28
489,"PICCADIL","PICCADILY AGRO INDUSTRI L","MICRO_CAP",674.9,2.77,11.82,30.45,61.3,79.9,"BULLISH",12.29,16,14,0,NA,NA,NA,NA,NA,256903421.15,"HOLD",2026-04-28
502,"ANTHEM","ANTHEM BIOSCIENCES LTD","MICRO_CAP",774.3,0.59,4.95,17.99,61.3,69.8,"STRONG_BULLISH",18.58,13,10,10,41.3,39.38,26,52.5,57,245814992.95,"HOLD",2026-04-28
524,"SUVEN","SUVEN LIFE SCIENCES LTD","MICRO_CAP",218.6,3.31,3.85,65.98,61.3,75.9,"BULLISH",42.15,16,14,0,NA,NA,NA,NA,NA,225496610.36,"HOLD",2026-04-28
532,"GKENERGY","GKENERGY","MICRO_CAP",137.38,4.27,5.7,52.36,61.3,73.2,"BULLISH",20.12,16,14,0,NA,NA,NA,NA,NA,219903940.99,"HOLD",2026-04-28
9,"TATACHEM","TATA CHEMICALS LTD","LARGE_CAP",802.15,11.05,13.35,37.53,60.7,74,"BEARISH",16.22,18,14,0,NA,NA,NA,NA,NA,20027066902.35,"HOLD",2026-04-28
86,"COCHINSHIP","COCHIN SHIPYARD LIMITED","MID_CAP",1695.6,0.97,8.91,42.12,60.7,72.7,"BULLISH",15.09,13,6,25,74.88,76.52,94,58.86,60,3651029302.4,"HOLD",2026-04-28
488,"DCXINDIA","DCX SYSTEMS LIMITED","MICRO_CAP",201.56,-0.79,6.35,30.69,60.7,63.4,"BULLISH",21.5,13,8,20,62.14,56.3,81,56.36,54,258479020.21,"HOLD",2026-04-28
581,"MBAPL","MADHYA BHARAT AGRO P. LTD","MICRO_CAP",526.5,1.26,3.72,14.34,60.7,57.9,"STRONG_BULLISH",17.51,14,13,0,NA,NA,NA,NA,NA,173222958.6,"HOLD",2026-04-28
620,"BALAMINES","BALAJI AMINES LIMITED","MICRO_CAP",1325.8,1.45,10.18,35.67,60.7,76.8,"BULLISH",21.94,13,6,20,66.37,72.61,70,58.64,54,148740419.05,"HOLD",2026-04-28
667,"DEEPINDS","DEEP INDUSTRIES LIMITED","MICRO_CAP",487,-0.17,2.71,13.1,60.7,64.8,"BULLISH",26.43,15,6,20,62.64,63.48,74.6,58,46.67,115259549.55,"HOLD",2026-04-28
701,"ARVIND","ARVIND LIMITED","MICRO_CAP",393.25,0.65,0.91,16.11,60.7,61.8,"STRONG_BULLISH",10.82,9,13,15,57.39,51.96,61,57.27,66,97494214.15,"HOLD",2026-04-28
702,"JAYKAY","JAYKAY","MICRO_CAP",185.16,8.71,16.2,56.5,60.7,73.2,"BULLISH",17.32,18,14,0,NA,NA,NA,NA,NA,97250083.13,"HOLD",2026-04-28
776,"UFBL","UFBL","MICRO_CAP",337.33,9.7,7.39,72.72,60.7,70.7,"STRONG_BULLISH",33.83,16,9,0,NA,NA,NA,NA,NA,68897206.37,"HOLD",2026-04-28
837,"COMMOIETF","ICICIPRAMC - ICICICOMMO","MICRO_CAP",105.14,0.42,1.97,13.71,60.7,70.8,"STRONG_BULLISH",7.59,13,15,0,10,10,10,10,10,46866595.85,"HOLD",2026-04-28
890,"CLSEL","CHAMAN LAL SETIA EXP LTD","MICRO_CAP",282.64,0.71,2.16,37.71,60.7,61,"BULLISH",7.97,8,6,20,67.84,67.83,83,57.05,57,29410746.6,"HOLD",2026-04-28
933,"AVROIND","AVRO INDIA LIMITED","MICRO_CAP",126.72,-2.02,-2.81,17.36,60.7,51.6,"BEARISH",7.98,11,8,20,61.65,70,56,57.73,54,17831925.87,"HOLD",2026-04-28
11,"EPACK","EPACK DURABLE LIMITED","LARGE_CAP",291.03,7.93,17.05,47.06,60,69.7,"BEARISH",14.11,16,12,0,NA,NA,NA,NA,NA,16050733584.35,"HOLD",2026-04-28
23,"ADANIENT","ADANI ENTERPRISES LIMITED","LARGE_CAP",2412.4,3.9,8.37,37.16,60,76.4,"BULLISH",12.42,14,14,0,10,10,10,10,10,10454732211.3,"HOLD",2026-04-28
70,"RBLBANK","RBL BANK LIMITED","MID_CAP",320.75,2.54,0.11,10.7,60,55.2,"STRONG_BULLISH",8.74,9,15,0,NA,NA,NA,NA,NA,4333881615.4,"HOLD",2026-04-28
115,"APOLLOHOSP","APOLLO HOSPITALS ENTER. L","MID_CAP",7753,-0.92,0.12,4.5,60,57.4,"BULLISH",11.56,7,12,15,51.11,51.2,45.83,55.87,53.33,2748807775,"HOLD",2026-04-28
153,"ENRIN","SIEMENS ENERGY INDIA LTD","SMALL_CAP",3233.7,1.29,0.79,26.05,60,72.3,"STRONG_BULLISH",24.67,16,13,0,NA,NA,NA,NA,NA,1948080859,"HOLD",2026-04-28
244,"BHARATFORG","BHARAT FORGE LTD","SMALL_CAP",1894.8,-0.33,-0.05,13.15,60,61.7,"STRONG_BULLISH",21.56,11,10,15,54.83,55.22,53,56.82,54.17,1037298927.8,"HOLD",2026-04-28
260,"GESHIP","THE GE SHPG.LTD","SMALL_CAP",1474.4,3.52,1.99,4.22,60,59.6,"STRONG_BULLISH",13.97,8,18,0,NA,NA,NA,NA,NA,960085300.4,"HOLD",2026-04-28
406,"BELRISE","BELRISE INDUSTRIES LTD","MICRO_CAP",215.7,-0.5,-1.53,15.97,60,61.6,"STRONG_BULLISH",22.7,13,8,15,53.29,50.22,51,57.27,60,395853157.38,"HOLD",2026-04-28
415,"APEX","APEX FROZEN FOODS LIMITED","MICRO_CAP",472.25,-0.41,-0.45,30.15,60,62.7,"STRONG_BULLISH",31.88,15,6,15,57.85,71.74,64,58.27,10,382072198.95,"HOLD",2026-04-28
665,"UNIPARTS","UNIPARTS INDIA LIMITED","MICRO_CAP",527.55,2.84,4.6,19.1,60,63,"STRONG_BULLISH",4.79,11,18,0,NA,NA,NA,NA,NA,117788856.25,"HOLD",2026-04-28
684,"BHARATWIRE","BHARAT WIRE ROPES LTD.","MICRO_CAP",222.91,-2.22,1.32,41.49,60,68.9,"STRONG_BULLISH",29.31,15,6,15,52.64,53.1,51,57.27,48,106936960.33,"HOLD",2026-04-28
762,"SPORTKING","SPORTKING INDIA LIMITED","MICRO_CAP",141.77,3.6,1.11,26.24,60,61.9,"STRONG_BULLISH",34.75,15,16,0,NA,NA,NA,NA,NA,76180670.98,"HOLD",2026-04-28
797,"DALMIASUG","DALMIA BHARAT SUG IN LTD","MICRO_CAP",372.95,-0.97,-2.61,-5.43,60,54,"STRONG_BULLISH",24.62,15,4,20,69.58,73.7,84,58.64,49.17,60530025.55,"HOLD",2026-04-28
95,"TANLA","TANLA PLATFORMS LIMITED","MID_CAP",559.55,-4.01,14.08,48.24,59.3,68.4,"BULLISH",16.15,18,6,0,NA,NA,NA,NA,NA,3318207573.75,"HOLD",2026-04-28
175,"CGPOWER","CG POWER AND IND SOL LTD","SMALL_CAP",831.2,1.33,3.22,26.89,59.3,71.4,"STRONG_BULLISH",26.12,15,8,15,55.37,53.04,51,57.5,66,1632267316.7,"HOLD",2026-04-28
295,"WALCHANNAG","WALCHANDNAGAR INDUSTRIES","SMALL_CAP",237.96,8.4,25.22,80.75,59.3,83.5,"STRONG_BULLISH",36.07,18,14,0,NA,NA,NA,NA,NA,744612197.88,"HOLD",2026-04-28
305,"MOIL","MOIL LIMITED","MICRO_CAP",332,2.42,3.03,17.21,59.3,65.3,"BULLISH",8.76,11,16,0,NA,NA,NA,NA,NA,698393109.35,"HOLD",2026-04-28
313,"SKIPPER","SKIPPER LIMITED","MICRO_CAP",489.95,2.55,5.32,46.54,59.3,76.9,"BULLISH",26.39,18,14,0,NA,NA,NA,NA,NA,671520268.8,"HOLD",2026-04-28
426,"BALUFORGE","BALU FORGE INDUSTRIES LTD","MICRO_CAP",498.25,3.1,4.95,29.01,59.3,60.1,"BEARISH",4.08,7,11,20,62.43,70.95,60,60.25,46.67,355466704.75,"HOLD",2026-04-28
492,"CGCL","CAPRI GLOBAL CAPITAL LTD","MICRO_CAP",185.04,-0.05,0.92,11.14,59.3,58.7,"BULLISH",9.92,7,10,15,53.51,50.65,51,55.23,63,255697724.21,"HOLD",2026-04-28
576,"CYIENTDLM","CYIENT DLM LIMITED","MICRO_CAP",392.55,-1.89,9.71,44.16,59.3,71.2,"BULLISH",11.47,11,6,25,71.54,72.61,86,57.73,63,179136701.45,"HOLD",2026-04-28
579,"TALBROAUTO","TALBROS AUTO. COMP. LTD","MICRO_CAP",311.96,5.62,11.43,34.58,59.3,78,"BULLISH",13.08,16,11,0,NA,NA,NA,NA,NA,176118441.04,"HOLD",2026-04-28
609,"ANTELOPUS","ANTELOPUS","MICRO_CAP",682.6,4.99,16.38,19.82,59.3,62.7,"STRONG_BULLISH",21.45,13,12,0,NA,NA,NA,NA,NA,152766960.85,"HOLD",2026-04-28
729,"JAGSNPHARM","JAGSONPAL PHARMACEUTICALS","MICRO_CAP",205.55,0.92,4.61,11.69,59.3,68.3,"BULLISH",15.51,18,11,0,NA,NA,NA,NA,NA,85738987.12,"HOLD",2026-04-28
884,"BAJEL","BAJEL PROJECTS LIMITED","MICRO_CAP",181.37,-0.96,1.94,32.13,59.3,62.3,"BULLISH",11.45,11,8,20,61.91,62.17,64,57.95,63,30791259.36,"HOLD",2026-04-28
27,"HINDALCO","HINDALCO  INDUSTRIES  LTD","LARGE_CAP",1074.3,1.18,5.15,21.47,58.7,72,"STRONG_BULLISH",15.04,14,13,0,NA,NA,NA,NA,NA,8356198980.35,"HOLD",2026-04-28
36,"NETWEB","NETWEB TECH INDIA LTD","LARGE_CAP",4002.2,2.1,2.5,29.15,58.7,69,"STRONG_BULLISH",30.08,16,13,0,NA,NA,NA,NA,NA,6805141738.8,"HOLD",2026-04-28
53,"PFC","POWER FIN CORP LTD.","MID_CAP",481.4,1.37,2.19,26.85,58.7,74.2,"STRONG_BULLISH",20.65,14,13,0,NA,NA,NA,NA,NA,5154726789.5,"HOLD",2026-04-28
149,"SONACOMS","SONA BLW PRECISION FRGS L","MID_CAP",598.8,1.72,3.01,24.36,58.7,64.7,"STRONG_BULLISH",16.91,14,10,0,NA,NA,NA,NA,NA,2011877571.65,"HOLD",2026-04-28
155,"KIRLPNU","KIRLOSKAR PNEUMATIC COM L","SMALL_CAP",1525.2,5.31,11.97,46.65,58.7,83.7,"STRONG_BULLISH",32.86,20,6,0,NA,NA,NA,NA,NA,1925370794,"HOLD",2026-04-28
320,"DELHIVERY","DELHIVERY LIMITED","MICRO_CAP",465.4,0.58,-1.41,11.69,58.7,59.5,"STRONG_BULLISH",10.92,9,10,15,53.74,51.96,47,57.27,65,664972454.9,"HOLD",2026-04-28
410,"REFEX","REFEX INDUSTRIES LIMITED","MICRO_CAP",265.88,3.73,3.54,40.31,58.7,69.4,"BULLISH",9.48,12,14,0,NA,NA,NA,NA,NA,391596252.04,"HOLD",2026-04-28
674,"CCL","CCL PRODUCTS (I) LTD","MICRO_CAP",1103.2,-1.61,-0.89,5.95,58.7,54.1,"STRONG_BULLISH",11.16,7,12,15,55.23,51.9,55,56.36,63,112347996.5,"HOLD",2026-04-28
851,"CUBEXTUB","CUBEXTUBINGS-ROLLSETT","MICRO_CAP",100.89,5.87,8.33,36.45,58.7,61.7,"BEARISH",-6.78,10,14,25,73.57,79.05,94,61,41.67,42933934.49,"HOLD",2026-04-28
898,"OMAXAUTO","OMAX AUTOS LTD","MICRO_CAP",124.88,6.03,8.78,35.69,58.7,72,"STRONG_BULLISH",6.92,13,14,0,NA,NA,NA,NA,NA,28119249.5,"HOLD",2026-04-28
253,"AZAD","AZAD ENGINEERING LIMITED","SMALL_CAP",2201,-1.61,18.17,48.32,58,79.3,"STRONG_BULLISH",42.3,15,6,15,55.24,52.39,51,58.18,66,1006902671,"HOLD",2026-04-28
298,"CESC","CESC LTD","SMALL_CAP",191.27,1.73,6.94,27.37,58,85.8,"BULLISH",27.84,16,8,15,54.43,55.22,51,55.45,56.67,738169491.84,"HOLD",2026-04-28
318,"J&KBANK","J & K BANK LTD.","MICRO_CAP",128.52,-0.54,-2.78,16.83,58,57.2,"STRONG_BULLISH",26.21,14,10,0,NA,NA,NA,NA,NA,666742087.26,"HOLD",2026-04-28
361,"KIOCL","KIOCL LIMITED","MICRO_CAP",419.9,1.45,3.47,32.5,58,67.8,"BULLISH",17.19,16,11,0,NA,NA,NA,NA,NA,535564545.3,"HOLD",2026-04-28
662,"CARBORUNIV","CARBORUNDUM UNIVERSAL LTD","MICRO_CAP",968.15,2.33,3.74,24.81,58,70.9,"STRONG_BULLISH",21.32,13,8,15,53.07,51.96,51,57.05,54.17,118361631.05,"HOLD",2026-04-28
666,"PRAKASH","PRAKASH INDUSTRIES LTD","MICRO_CAP",147,1.27,4.28,32.22,58,66.4,"BULLISH",14.1,14,8,0,NA,NA,NA,NA,NA,116263260.5,"HOLD",2026-04-28
757,"RAMKY","RAMKY INFRA LTD","MICRO_CAP",511.75,0.44,-0.08,20.38,58,60.5,"BULLISH",10.61,14,13,0,NA,NA,NA,NA,NA,76839587.3,"HOLD",2026-04-28
809,"MWL","MANGALAM WORLDWIDE LTD","MICRO_CAP",317.65,5.39,13.87,25.21,58,82,"STRONG_BULLISH",18.3,18,7,0,NA,NA,NA,NA,NA,55097814.3,"HOLD",2026-04-28
872,"CEIGALL","CEIGALL INDIA LIMITED","MICRO_CAP",331.3,-1.79,2.73,22.3,58,73.2,"STRONG_BULLISH",16.29,13,8,15,52.84,53.04,47,56.59,57,35361019.6,"HOLD",2026-04-28
930,"MONQ50","MOTILALAMC - MONQ50","MICRO_CAP",126.5,0.33,1.35,25.24,58,84.9,"STRONG_BULLISH",31.1,16,9,0,NA,NA,NA,NA,NA,18656149.9,"HOLD",2026-04-28
6,"PIRAMALFIN","PIRAMALFIN","LARGE_CAP",2008.8,8.99,18.47,9.5,57.3,70.6,"NEUTRAL",18.65,18,12,0,NA,NA,NA,NA,NA,22622491146.3,"HOLD",2026-04-28
44,"NESTLEIND","NESTLE INDIA LIMITED","LARGE_CAP",1440,1.6,4.36,22.57,57.3,79.9,"BULLISH",14.2,16,13,0,NA,NA,NA,NA,NA,5753037705.3,"HOLD",2026-04-28
61,"CUB","CITY UNION BANK LTD","MID_CAP",275.65,1.64,4.05,14.93,57.3,61.7,"BEARISH",0.19,9,13,15,54.17,55,47,56.18,61.25,4817276528.63,"HOLD",2026-04-28
216,"AARTIIND","AARTI INDUSTRIES LTD","SMALL_CAP",501.7,2.65,11.19,25.72,57.3,74.6,"STRONG_BULLISH",11.41,14,6,0,20.43,10,10,32.78,49.17,1268019622.25,"HOLD",2026-04-28
218,"VOLTAMP","VOLTAMP TRANSFORMERS LTD","SMALL_CAP",11512.5,2.75,9.39,32.55,57.3,80.2,"STRONG_BULLISH",45.06,18,11,0,NA,NA,NA,NA,NA,1261473538.5,"HOLD",2026-04-28
231,"FABTECH","FABTECH","SMALL_CAP",172.66,6.39,10.32,24.08,57.3,67.2,"BULLISH",6.46,13,16,0,NA,NA,NA,NA,NA,1104311993.71,"HOLD",2026-04-28
234,"MIDHANI","MISHRA DHATU NIGAM LTD","SMALL_CAP",393.3,2.92,3.51,45.42,57.3,70.3,"BULLISH",8.26,13,14,0,NA,NA,NA,NA,NA,1084517120.45,"HOLD",2026-04-28
341,"SARDAEN","SARDA ENERGY & MIN LTD","MICRO_CAP",602.65,-1.64,5.01,18.02,57.3,63.8,"STRONG_BULLISH",22.15,14,8,0,NA,NA,NA,NA,NA,604651000.9,"HOLD",2026-04-28
370,"CASTROLIND","CASTROL INDIA LIMITED","MICRO_CAP",183.81,-0.38,0.77,5.93,57.3,56.1,"BEARISH",2.02,5,12,20,65.12,64.13,73,56.59,66,516734773.19,"HOLD",2026-04-28
384,"CREDITACC","CREDITACCESS GRAMEEN LTD","MICRO_CAP",1251.2,0.78,-0.97,8.05,57.3,56.3,"BULLISH",1.56,4,15,15,53.16,50.22,47,57.11,66,490131560.3,"HOLD",2026-04-28
401,"BALRAMCHIN","BALRAMPUR CHINI MILLS LTD","MICRO_CAP",508.7,-2.27,-0.03,2.33,57.3,54.3,"STRONG_BULLISH",13.09,7,6,20,69.75,71.09,82,56.82,63,415260271.4,"HOLD",2026-04-28
464,"ADVENZYMES","ADVANCED ENZYME TECH LTD","MICRO_CAP",342,3.46,14.9,33.96,57.3,76.4,"BULLISH",18.62,18,6,0,10,10,10,10,10,286657717.7,"HOLD",2026-04-28
474,"SPLPETRO","SUPREME PETROCHEM LIMITED","MICRO_CAP",779.15,0.87,0.74,5.52,57.3,58.2,"STRONG_BULLISH",24.68,15,8,0,NA,NA,NA,NA,NA,276809801.35,"HOLD",2026-04-28
505,"ELECTHERM","ELECTROTHERM (I) LTD.","MICRO_CAP",863.6,-0.37,11.43,55.51,57.3,71.1,"BULLISH",15.82,18,6,0,NA,NA,NA,NA,NA,243878040.85,"HOLD",2026-04-28
510,"AXISCADES","AXISCADES TECH LTD","MICRO_CAP",1933.2,1.7,0.86,27.65,57.3,67.4,"BULLISH",60.25,15,9,15,51.83,51.3,47,57.27,54,237458033.9,"HOLD",2026-04-28
657,"JINDRILL","JINDAL DRILLING IND. LTD","MICRO_CAP",546.95,0.88,2.25,18.45,57.3,58.6,"BULLISH",15.69,13,13,0,NA,NA,NA,NA,NA,120459327.25,"HOLD",2026-04-28
725,"ACI","ARCHEAN CHEMICAL IND LTD","MICRO_CAP",607.8,0.98,1.4,3.46,57.3,56.8,"STRONG_BULLISH",10.92,7,15,0,10,10,10,10,10,89504513.95,"HOLD",2026-04-28
760,"PLATIND","PLATINUM INDUSTRIES LTD","MICRO_CAP",243.1,5.84,7.19,31.22,57.3,67.9,"BEARISH",5.8,13,16,0,NA,NA,NA,NA,NA,76304576.06,"HOLD",2026-04-28
913,"KNAGRI","KN AGRI RESOURCES LIMITED","MICRO_CAP",194.51,1.35,-1.94,13.09,57.3,49,"BULLISH",18.48,16,11,0,NA,NA,NA,NA,NA,25045003.86,"HOLD",2026-04-28
31,"TATAPOWER","TATA POWER CO LTD","LARGE_CAP",461.8,1.9,5.91,21.93,56.7,80.3,"STRONG_BULLISH",28.99,18,10,0,NA,NA,NA,NA,NA,7423151250.65,"HOLD",2026-04-28
49,"DATAPATTNS","DATA PATTERNS INDIA LTD","LARGE_CAP",4059.9,2.52,15.13,33.76,56.7,71.3,"STRONG_BULLISH",47.09,15,4,15,52.76,52.39,47,57.5,57,5367098790.1,"HOLD",2026-04-28
101,"TMB","TAMILNAD MERCA BANK LTD","MID_CAP",738.55,5.92,13.46,27.47,56.7,67,"STRONG_BULLISH",8.84,13,6,0,NA,NA,NA,NA,NA,3039669947.5,"HOLD",2026-04-28
138,"LAURUSLABS","LAURUS LABS LIMITED","MID_CAP",1090.45,-2.95,-2.14,9.85,56.7,52.6,"STRONG_BULLISH",17,12,10,0,NA,NA,NA,NA,NA,2259867162.65,"HOLD",2026-04-28
412,"HINDOILEXP","HINDUSTAN OIL EXPLORATION","MICRO_CAP",161.97,5.66,6.71,36.88,56.7,62.9,"BULLISH",8.02,9,14,0,NA,NA,NA,NA,NA,390262865.38,"HOLD",2026-04-28
642,"INDIASHLTR","INDIA SHELTER FIN CORP L","MICRO_CAP",812.8,-0.85,-1.04,7.71,56.7,61.5,"BULLISH",10.82,10,10,0,NA,NA,NA,NA,NA,132719541.8,"HOLD",2026-04-28
682,"APOLLOPIPE","APOLLO PIPES LIMITED","MICRO_CAP",433.2,-1.77,-3.5,4.47,56.7,51.5,"STRONG_BULLISH",39.3,11,8,15,55.88,55.87,53,58.64,57,107712925.8,"HOLD",2026-04-28
695,"NITINSPIN","NITIN SPINNERS LIMITED","MICRO_CAP",456.6,2.87,10.45,32.96,56.7,75.3,"STRONG_BULLISH",36.62,16,8,0,NA,NA,NA,NA,NA,99881547.5,"HOLD",2026-04-28
852,"MANOMAY","MANOMAY TEX INDIA LTD","MICRO_CAP",242.6,3.92,3.48,2.99,56.7,61.7,"NEUTRAL",16.31,14,12,0,NA,NA,NA,NA,NA,42704728.77,"HOLD",2026-04-28
42,"WAAREEENER","WAAREE ENERGIES LIMITED","LARGE_CAP",3453.6,2.84,-0.55,11.06,56,65.5,"STRONG_BULLISH",13.32,9,16,0,NA,NA,NA,NA,NA,6124064944.8,"HOLD",2026-04-28
215,"ACUTAAS","ACUTAAS CHEMICALS LIMITED","SMALL_CAP",2467.8,-1.07,3.93,-3.55,56,58.2,"STRONG_BULLISH",24.54,10,10,0,10,10,10,10,10,1274177151.8,"HOLD",2026-04-28
228,"CAMS","COMPUTER AGE MNGT SER LTD","SMALL_CAP",760.45,0.08,1.58,21.52,56,64.4,"BULLISH",6.56,9,13,15,53.24,52.39,47,58.41,59,1142763359.6,"HOLD",2026-04-28
779,"WINDMACHIN","WINDSOR MACHINES LIMITED","MICRO_CAP",284.98,1.34,-2.01,38.64,56,61.5,"BULLISH",12.05,14,11,0,NA,NA,NA,NA,NA,68433594.64,"HOLD",2026-04-28
789,"BAJAJELEC","BAJAJ ELECT.LTD","MICRO_CAP",398,0.2,-0.16,17.84,56,63.4,"BULLISH",3.67,7,13,15,51.5,48.48,47,54.55,63,62712940.35,"HOLD",2026-04-28
886,"BLSE","BLS E-SERVICES LIMITED","MICRO_CAP",186.34,-3.06,5.62,16.43,56,67.3,"BULLISH",14.51,13,6,15,53.15,50,55,56.5,54,30446466.17,"HOLD",2026-04-28
938,"GPTHEALTH","GPT HEALTHCARE LIMITED","MICRO_CAP",138.08,1.45,1.96,19.75,56,63,"BULLISH",10.6,11,13,0,NA,NA,NA,NA,NA,13931553.95,"HOLD",2026-04-28
73,"APOLLO","APOLLO MICRO SYSTEMS LTD","MID_CAP",305.9,1.56,6.61,67.93,55.3,76.3,"BULLISH",30.07,15,6,15,54.74,51.67,59,56.14,54,4276009559.03,"HOLD",2026-04-28
81,"NATIONALUM","NATIONAL ALUMINIUM CO LTD","MID_CAP",441.5,0.11,4.39,14.35,55.3,65.7,"STRONG_BULLISH",23.92,13,11,0,NA,NA,NA,NA,NA,3797819580.8,"HOLD",2026-04-28
134,"KRN","KRN HEAT EXCHANGE N REF L","MID_CAP",1309.35,-1.43,7.96,53.71,55.3,71.8,"STRONG_BULLISH",81.34,16,6,0,NA,NA,NA,NA,NA,2393204760.05,"HOLD",2026-04-28
233,"BLUESTARCO","BLUE STAR LIMITED","SMALL_CAP",1891.6,-1.29,1.17,17.44,55.3,58.8,"BULLISH",1.25,4,8,25,72.84,74.35,86,58.5,66,1091654389.5,"HOLD",2026-04-28
338,"VTL","VARDHMAN TEXTILES LIMITED","MICRO_CAP",609.15,1.93,8.71,16.32,55.3,73.5,"STRONG_BULLISH",28.96,16,11,0,NA,NA,NA,NA,NA,612890356.1,"HOLD",2026-04-28
466,"FEDFINA","FEDBANK FINANCIAL SER L","MICRO_CAP",151.61,-3.5,2.38,22.23,55.3,59.9,"BULLISH",7.97,13,8,0,NA,NA,NA,NA,NA,283263022.51,"HOLD",2026-04-28
919,"NELCAST","NELCAST LIMITED","MICRO_CAP",135.22,2.76,-1.41,17.64,55.3,59.6,"STRONG_BULLISH",8.91,9,18,0,NA,NA,NA,NA,NA,22603587.94,"HOLD",2026-04-28
12,"IRMENERGY","IRM ENERGY LIMITED","LARGE_CAP",347.66,4.91,65.12,92.73,54.7,86.2,"BULLISH",38.36,20,4,0,NA,NA,NA,NA,NA,15991737364.01,"HOLD",2026-04-28
19,"AGI","AGI GREENPAC LIMITED","LARGE_CAP",672.55,19.06,18.21,43.54,54.7,73.8,"BULLISH",6.12,13,12,0,10,10,10,10,10,11662405693.1,"HOLD",2026-04-28
59,"SAIL","STEEL AUTHORITY OF INDIA","MID_CAP",185.63,0.78,6.04,22.59,54.7,76.2,"STRONG_BULLISH",19.47,13,8,0,NA,NA,NA,NA,NA,4928713872.01,"HOLD",2026-04-28
65,"SCI","SHIPPING CORP OF INDIA LT","MID_CAP",303.1,4.38,0.83,37.96,54.7,69.8,"STRONG_BULLISH",17.69,14,14,0,NA,NA,NA,NA,NA,4507692613.94,"HOLD",2026-04-28
104,"POLYCAB","POLYCAB INDIA LIMITED","MID_CAP",8254,2.34,3.75,20.61,54.7,63.8,"BULLISH",10.77,11,15,0,NA,NA,NA,NA,NA,2981434607,"HOLD",2026-04-28
110,"JSWENERGY","JSW ENERGY LIMITED","MID_CAP",580.9,1.24,6.27,23.18,54.7,71.2,"STRONG_BULLISH",24.26,16,10,0,NA,NA,NA,NA,NA,2847207900.7,"HOLD",2026-04-28
157,"STLTECH","STERLITE TECHNOLOGIES LTD","SMALL_CAP",285.13,1.92,2.39,61.67,54.7,71.9,"STRONG_BULLISH",85.22,15,11,0,NA,NA,NA,NA,NA,1901044161.95,"HOLD",2026-04-28
315,"CPPLUS","ADITYA INFOTECH LIMITED","MICRO_CAP",2306.6,-1.65,2.15,28.27,54.7,74.4,"STRONG_BULLISH",49.5,15,6,10,40.08,38.12,24,51.39,57,671060417.1,"HOLD",2026-04-28
323,"GABRIEL","GABRIEL INDIA LTD","MICRO_CAP",1020.45,0.69,0.44,23.49,54.7,62.2,"BULLISH",6.33,11,11,0,NA,NA,NA,NA,NA,650994674.3,"HOLD",2026-04-28
437,"BLUEJET","BLUE JET HEALTHCARE LTD","MICRO_CAP",443.45,-0.05,6.78,35.51,54.7,66.1,"BULLISH",4.37,7,6,15,51.68,51.19,47,56.75,54,336883080.7,"HOLD",2026-04-28
455,"KERNEX","KERNEX MICROSYS(I) LTD","MICRO_CAP",1352.65,1.02,14.8,57.84,54.7,76,"BULLISH",17.2,14,11,0,NA,NA,NA,NA,NA,290826692.85,"HOLD",2026-04-28
30,"TATASTEEL","TATA STEEL LIMITED","LARGE_CAP",215.05,0.83,1.43,12.09,54,65.8,"STRONG_BULLISH",7.54,7,13,0,NA,NA,NA,NA,NA,7548537437.54,"HOLD",2026-04-28
48,"OIL","OIL INDIA LTD","LARGE_CAP",497.2,4.41,6.89,4.57,54,62.6,"BEARISH",5.87,9,14,0,NA,NA,NA,NA,NA,5382784402.75,"HOLD",2026-04-28
357,"BEML","BEML LIMITED","MICRO_CAP",1842,1.11,4.19,34.51,54,67.4,"BULLISH",8.33,8,11,15,52.07,49.57,47,55.23,63,542230609,"HOLD",2026-04-28
490,"KRISHANA","KRISHANA PHOSCHEM LIMITED","MICRO_CAP",669.05,-2.59,7.28,42.15,54,69.4,"STRONG_BULLISH",34.3,16,6,0,NA,NA,NA,NA,NA,256619073.95,"HOLD",2026-04-28
528,"CHAMBLFERT","CHAMBAL FERTILIZERS LTD","MICRO_CAP",448.5,0.57,-0.64,5.11,54,51.9,"BULLISH",3,2,15,20,62.55,67.83,56,57.59,66,222179311.15,"HOLD",2026-04-28
622,"GOODLUCK","GOODLUCK INDIA LIMITED","MICRO_CAP",1248.65,0.96,1.05,26.61,54,66.7,"BULLISH",13.81,12,9,0,NA,NA,NA,NA,NA,147552069.35,"HOLD",2026-04-28
849,"MODIS","MODIS","MICRO_CAP",391.35,1.68,11.8,30.49,54,77.2,"BULLISH",22.77,16,6,0,NA,NA,NA,NA,NA,43722801.7,"HOLD",2026-04-28
863,"APTECHT","APTECH LIMITED","MICRO_CAP",104.17,-1.15,4.82,48.37,54,71.8,"BULLISH",15.73,13,6,15,51.74,50.71,47,60.25,51,38573593.7,"HOLD",2026-04-28
869,"BHAGCHEM","BHAGIRADHA CHEM & INDS L","MICRO_CAP",268.61,-1.46,7.65,56.65,54,70.8,"BULLISH",24.79,15,4,15,58.51,56.3,71,58.18,44,36047934.09,"HOLD",2026-04-28
148,"DMART","AVENUE SUPERMARTS LIMITED","MID_CAP",4544.4,0.83,-0.98,14.85,53.3,62.9,"STRONG_BULLISH",17.71,13,8,0,NA,NA,NA,NA,NA,2037759399.8,"HOLD",2026-04-28
266,"KIRLOSENG","KIRLOSKAR OIL ENG LTD","SMALL_CAP",1724.4,2.58,3.67,29.76,53.3,72.2,"STRONG_BULLISH",40.51,16,8,0,NA,NA,NA,NA,NA,919644071.5,"HOLD",2026-04-28
277,"TIINDIA","TUBE INVEST OF INDIA LTD","SMALL_CAP",3001,0.22,4.01,19.22,53.3,66.6,"STRONG_BULLISH",27.22,15,11,0,NA,NA,NA,NA,NA,826100523.1,"HOLD",2026-04-28
296,"ARSSBL","ARSSBL","SMALL_CAP",601.8,3.51,1.07,43.94,53.3,68.1,"BULLISH",7.64,9,14,0,NA,NA,NA,NA,NA,740667650.25,"HOLD",2026-04-28
413,"RAYMOND","RAYMOND LTD","MICRO_CAP",471.85,2.33,5.43,46.61,53.3,72.1,"BULLISH",16.15,14,9,0,NA,NA,NA,NA,NA,390199455.95,"HOLD",2026-04-28
638,"SAMBHV","SAMBHV STEEL TUBES LTD","MICRO_CAP",120.31,-1.87,0.33,33.01,53.3,64.8,"STRONG_BULLISH",27.54,15,6,0,NA,NA,NA,NA,NA,135287868,"HOLD",2026-04-28
696,"DHAMPURSUG","DHAMPUR SUGAR MILLS LTD.","MICRO_CAP",139.98,-3.13,-1.69,-1.26,53.3,53,"STRONG_BULLISH",18.41,13,6,0,NA,NA,NA,NA,NA,99784601.01,"HOLD",2026-04-28
722,"SCODATUBES","SCODA TUBES LIMITED","MICRO_CAP",148.08,-1.59,-3.25,20.92,53.3,55.5,"BULLISH",7.85,13,6,0,NA,NA,NA,NA,NA,90544334.98,"HOLD",2026-04-28
758,"MAHSEAMLES","MAHARASHTRA SEAMLESS LTD","MICRO_CAP",649.7,0.38,-0.73,15.99,53.3,67,"STRONG_BULLISH",22.9,13,13,0,NA,NA,NA,NA,NA,76537168.2,"HOLD",2026-04-28
823,"FMGOETZE","FEDERAL-MOGUL GOETZE (IND","MICRO_CAP",464.9,6.19,4.54,19.93,53.3,65.4,"BULLISH",2.02,9,16,0,NA,NA,NA,NA,NA,51143515.55,"HOLD",2026-04-28
32,"VBL","VARUN BEVERAGES LIMITED","LARGE_CAP",518.55,-0.06,6.9,35,52.7,74.7,"BULLISH",17.75,16,6,0,NA,NA,NA,NA,NA,7341229079.05,"HOLD",2026-04-28
52,"BHEL","BHEL","MID_CAP",354.71,1.76,6.64,44.48,52.7,83.3,"BULLISH",32.63,15,6,15,53.94,54.13,47,55.45,63,5248938951.48,"HOLD",2026-04-28
143,"RADICO","RADICO KHAITAN LTD","MID_CAP",3399.2,2.53,4.62,29.28,52.7,71.7,"BULLISH",27.16,16,11,0,NA,NA,NA,NA,NA,2113487799.4,"HOLD",2026-04-28
156,"HUDCO","HSG & URBAN DEV CORPN LTD","SMALL_CAP",215.05,0.06,8.41,34.76,52.7,75.8,"BULLISH",15.06,14,8,0,NA,NA,NA,NA,NA,1912311532.23,"HOLD",2026-04-28
186,"LLOYDSME","LLOYDS METALS N ENERGY L","SMALL_CAP",1751.9,1.24,6.18,37.76,52.7,84.7,"STRONG_BULLISH",44.35,16,6,0,NA,NA,NA,NA,NA,1493129447.9,"HOLD",2026-04-28
200,"ASIANPAINT","ASIAN PAINTS LIMITED","SMALL_CAP",2462.6,-0.91,-3.18,13.74,52.7,58.2,"BULLISH",7.04,6,10,20,62.21,68.26,60,57.05,56.67,1378249892.9,"HOLD",2026-04-28
261,"NCC","NCC LIMITED","SMALL_CAP",164.85,0.22,3.1,25.9,52.7,66,"BULLISH",8.65,11,11,0,NA,NA,NA,NA,NA,948742913.8,"HOLD",2026-04-28
283,"WHIRLPOOL","WHIRLPOOL OF INDIA LTD","SMALL_CAP",996.6,0.09,8.3,26.2,52.7,74.2,"BEARISH",16.97,16,9,0,NA,NA,NA,NA,NA,783435028.15,"HOLD",2026-04-28
344,"AEROFLEX","AEROFLEX INDUSTRIES LTD","MICRO_CAP",293.03,-0.63,1.36,22.73,52.7,58.7,"STRONG_BULLISH",54.54,15,6,0,10,10,10,10,10,598868300.18,"HOLD",2026-04-28
349,"NATCOPHARM","NATCO PHARMA LTD.","MICRO_CAP",1094.1,0.39,3.64,12.31,52.7,59.8,"STRONG_BULLISH",33.34,15,10,0,NA,NA,NA,NA,NA,567369185.35,"HOLD",2026-04-28
372,"SCHAEFFLER","SCHAEFFLER INDIA LIMITED","MICRO_CAP",4283.3,-1.65,2.65,11.41,52.7,60.9,"BULLISH",12.29,10,8,0,NA,NA,NA,NA,NA,514631791.8,"HOLD",2026-04-28
434,"ABSLAMC","ADIT BIRL SUN LIF AMC LTD","MICRO_CAP",1066.3,0.08,2.74,21.4,52.7,63.9,"STRONG_BULLISH",31.32,15,10,0,10,10,10,10,10,345448030.55,"HOLD",2026-04-28
435,"AVANTEL","AVANTEL LIMITED","MICRO_CAP",151.27,-3.47,-4.2,19.52,52.7,54,"BULLISH",4.78,7,6,15,51.41,52.39,47,57.5,48,338594669.07,"HOLD",2026-04-28
441,"MANINDS","MAN INDUSTRIES (I) LTD.","MICRO_CAP",530.05,-5.36,-0.32,66.5,52.7,65.4,"STRONG_BULLISH",44.68,15,6,0,NA,NA,NA,NA,NA,316162679.15,"HOLD",2026-04-28
606,"ADOR","ADOR WELDING LTD","MICRO_CAP",1070.75,5.04,3.3,21.95,52.7,64.4,"BEARISH",1.76,11,16,0,10,10,10,10,10,155248485.55,"HOLD",2026-04-28
623,"BORORENEW","BOROSIL RENEWABLES LTD","MICRO_CAP",513.1,-0.72,0.22,36.1,52.7,67.7,"BULLISH",6.78,8,6,20,63.2,57.38,81,59.5,54,147341339.6,"HOLD",2026-04-28
145,"INTELLECT","INTELLECT DESIGN ARENA","MID_CAP",753.95,6.39,11.28,25.96,52,64.9,"BEARISH",3.29,11,16,0,NA,NA,NA,NA,NA,2076240194.6,"HOLD",2026-04-28
197,"ZYDUSLIFE","ZYDUS LIFESCIENCES LTD","SMALL_CAP",911.3,-3.02,-1.86,4.6,52,48.9,"BULLISH",6.86,7,12,0,NA,NA,NA,NA,NA,1409430214.4,"HOLD",2026-04-28
239,"GRAPHITE","GRAPHITE INDIA LTD","SMALL_CAP",736.65,0.12,-0.08,19.45,52,67,"STRONG_BULLISH",14.4,13,11,0,NA,NA,NA,NA,NA,1066895463.05,"HOLD",2026-04-28
307,"JBCHEPHARM","J B CHEMICALS AND PHARMA","MICRO_CAP",2043.6,-0.19,2.54,-1.01,52,55.9,"BULLISH",10.43,7,10,0,NA,NA,NA,NA,NA,686941589.4,"HOLD",2026-04-28
316,"WABAG","VA TECH WABAG LTD","MICRO_CAP",1510.8,0.72,1.59,30.53,52,69.5,"STRONG_BULLISH",19.39,13,11,0,NA,NA,NA,NA,NA,669950519.7,"HOLD",2026-04-28
387,"EMCURE","EMCURE PHARMACEUTICALS L","MICRO_CAP",1608.2,-1.82,0.97,0.8,52,53.5,"STRONG_BULLISH",10.64,7,8,0,NA,NA,NA,NA,NA,484424860.6,"HOLD",2026-04-28
522,"CEMPRO","CEMPRO","MICRO_CAP",680.05,2.65,5.41,33.1,52,66.2,"BULLISH",7.51,8,13,0,NA,NA,NA,NA,NA,229185926.45,"HOLD",2026-04-28
689,"AADHARHFC","AADHAR HOUSING FINANCE L","MICRO_CAP",493.8,0.01,-0.17,10.01,52,58.5,"BULLISH",8.44,4,12,15,52.3,51.19,47,57.63,57,102373014.4,"HOLD",2026-04-28
935,"IITL","INDUSTRIAL INV TRUST LTD","MICRO_CAP",168.12,5.88,4.17,33.51,52,60.6,"BULLISH",24.01,14,9,0,NA,NA,NA,NA,NA,16415173.13,"HOLD",2026-04-28
97,"NTPC","NTPC LTD","MID_CAP",406.85,-0.82,2.69,9.77,51.3,66.4,"STRONG_BULLISH",15.05,11,12,0,NA,NA,NA,NA,NA,3162855645.15,"HOLD",2026-04-28
174,"NAVINFLUOR","NAVIN FLUORINE INT. LTD","SMALL_CAP",6627,0.74,3.98,7.54,51.3,63.3,"BULLISH",8.72,7,12,0,NA,NA,NA,NA,NA,1638785590.5,"HOLD",2026-04-28
193,"NTPCGREEN","NTPC GREEN ENERGY LIMITED","SMALL_CAP",115.81,-2.57,3.69,25.44,51.3,67.1,"STRONG_BULLISH",33.6,15,8,0,NA,NA,NA,NA,NA,1428581508.83,"HOLD",2026-04-28
198,"EMMVEE","EMMVEE","SMALL_CAP",272.28,3.24,4.2,25.26,51.3,66.7,"BULLISH",37.04,16,9,0,NA,NA,NA,NA,NA,1401843226.07,"HOLD",2026-04-28
217,"EXIDEIND","EXIDE INDUSTRIES LTD","SMALL_CAP",356.25,1.11,6.95,23.74,51.3,67.7,"BULLISH",9.31,10,15,0,NA,NA,NA,NA,NA,1264941268,"HOLD",2026-04-28
263,"TATAINVEST","TATA INVESTMENT CORP LTD","SMALL_CAP",725.15,1.64,0.4,34,51.3,65.1,"BULLISH",13.11,11,11,0,NA,NA,NA,NA,NA,939774859.55,"HOLD",2026-04-28
354,"LENSKART","LENSKART","MICRO_CAP",537,2.4,-0.74,7.55,51.3,56.6,"STRONG_BULLISH",17.12,11,12,0,NA,NA,NA,NA,NA,548695422.4,"HOLD",2026-04-28
397,"SANSERA","SANSERA ENGINEERING LTD","MICRO_CAP",2576.7,-0.99,8.51,24.21,51.3,67.2,"STRONG_BULLISH",30.78,15,8,0,NA,NA,NA,NA,NA,438657725.8,"HOLD",2026-04-28
400,"INDOTECH","INDO TECH TRANSFORM LTD.","MICRO_CAP",2451.2,3.87,20.06,121.85,51.3,79.7,"BULLISH",74.55,16,9,0,NA,NA,NA,NA,NA,415539037.5,"HOLD",2026-04-28
409,"NAVA","NAVA LIMITED","MICRO_CAP",669.2,0.18,-3.29,25.92,51.3,62.6,"STRONG_BULLISH",21.18,13,11,0,NA,NA,NA,NA,NA,391896242.7,"HOLD",2026-04-28
516,"CIEINDIA","CIE AUTOMOTIVE INDIA LTD","MICRO_CAP",469.6,-2.94,-4.92,5.53,51.3,49.8,"STRONG_BULLISH",7.1,4,10,15,55.88,56.96,53,58.64,54.17,232244676.45,"HOLD",2026-04-28
525,"VIJAYA","VIJAYA DIAGNOSTIC CEN LTD","MICRO_CAP",1110.4,-0.15,7.16,28.91,51.3,78.7,"BULLISH",12.83,12,8,0,NA,NA,NA,NA,NA,225489454.5,"HOLD",2026-04-28
538,"TRUALT","TRUALT","MICRO_CAP",476.75,-0.15,4.32,18.18,51.3,68.6,"STRONG_BULLISH",11.55,12,6,0,NA,NA,NA,NA,NA,213450638.45,"HOLD",2026-04-28
572,"CPSEETF","CPSE ETF","MICRO_CAP",108.6,1.08,1.95,8.6,51.3,72.8,"STRONG_BULLISH",12.37,9,12,0,10,10,10,10,10,186497248.55,"HOLD",2026-04-28
641,"STARHEALTH","STAR HEALTH & AL INS CO L","MICRO_CAP",517.3,0.33,0.63,13.07,51.3,71.5,"STRONG_BULLISH",14.52,13,13,0,NA,NA,NA,NA,NA,132730653.45,"HOLD",2026-04-28
649,"ACMESOLAR","ACME SOLAR HOLDINGS LTD","MICRO_CAP",305.2,-1.29,3.02,16.66,51.3,65.8,"STRONG_BULLISH",33.02,15,8,0,10,10,10,10,10,129227697.9,"HOLD",2026-04-28
664,"PRECAM","PRECISION CAMSHAFTS LTD.","MICRO_CAP",164.08,2.42,5.93,56.13,51.3,70.7,"BULLISH",9.66,9,9,0,NA,NA,NA,NA,NA,118165127.4,"HOLD",2026-04-28
690,"ELGIEQUIP","ELGI EQUIPMENTS LTD","MICRO_CAP",552.65,0.26,1.79,18.3,51.3,65.2,"STRONG_BULLISH",15.76,13,10,0,NA,NA,NA,NA,NA,101916885.5,"HOLD",2026-04-28
694,"IONEXCHANG","ION EXCHANGE (INDIA) LTD","MICRO_CAP",399.35,-2.22,-1.82,24.66,51.3,59.5,"STRONG_BULLISH",7.4,9,8,0,NA,NA,NA,NA,NA,100080773.7,"HOLD",2026-04-28
770,"SGMART","SGMART","MICRO_CAP",550.25,-0.43,0.3,18.67,51.3,66.3,"STRONG_BULLISH",36.42,15,8,0,NA,NA,NA,NA,NA,73061085,"HOLD",2026-04-28
864,"GANESHCP","GANESHCP","MICRO_CAP",195.68,2.14,2.44,14.85,51.3,57.3,"BULLISH",3.23,7,16,0,NA,NA,NA,NA,NA,38287512.7,"HOLD",2026-04-28
907,"BIRLAMONEY","ADITYA BIRLA MONEY LTD","MICRO_CAP",149.76,2.77,-2.54,54.82,51.3,65.9,"BULLISH",14.92,13,14,0,10,10,10,10,10,26788690.44,"HOLD",2026-04-28
2,"SUNPHARMA","SUN PHARMACEUTICAL IND L","LARGE_CAP",1747.3,0.8,4.93,-0.56,50.7,55.8,"BEARISH",6.47,8,10,0,NA,NA,NA,NA,NA,28938978246.9,"HOLD",2026-04-28
74,"POWERINDIA","HITACHI ENERGY INDIA LTD","MID_CAP",32805,2.31,9.75,35.36,50.7,82.9,"STRONG_BULLISH",50.24,15,9,0,NA,NA,NA,NA,NA,4151584145,"HOLD",2026-04-28
164,"TORNTPOWER","TORRENT POWER LTD","SMALL_CAP",1754.9,-0.99,8.23,34.39,50.7,73.8,"STRONG_BULLISH",22.49,14,6,0,NA,NA,NA,NA,NA,1752655341.4,"HOLD",2026-04-28
184,"BIOCON","BIOCON LIMITED.","SMALL_CAP",362.8,0.22,0.36,0.53,50.7,51,"BEARISH",1.94,2,13,15,58.99,60.43,56,56.82,63,1521372151.75,"HOLD",2026-04-28
282,"EIEL","ENVIRO INFRA ENGINEERS L","SMALL_CAP",216.78,3.49,3.78,54.41,50.7,70.5,"BULLISH",28.55,15,14,0,NA,NA,NA,NA,NA,802495140.42,"HOLD",2026-04-28
353,"AGIIL","AGI INFRA LIMITED","MICRO_CAP",357.95,-0.89,-2.19,27.57,50.7,58.8,"STRONG_BULLISH",50.92,15,8,0,10,10,10,10,10,552673824.1,"HOLD",2026-04-28
386,"THERMAX","THERMAX LTD","MICRO_CAP",4015.3,-3.39,-2.66,23.14,50.7,64.3,"STRONG_BULLISH",39.8,15,8,0,NA,NA,NA,NA,NA,485001184.9,"HOLD",2026-04-28
417,"JSWINFRA","JSW INFRASTRUCTURE LTD","MICRO_CAP",284.94,0.15,3.04,18.33,50.7,65.1,"BULLISH",11.54,11,10,0,NA,NA,NA,NA,NA,375893120.07,"HOLD",2026-04-28
448,"STAR","STRIDES PHARMA SCI LTD","MICRO_CAP",1051.95,-4.24,5.52,12.18,50.7,64.8,"STRONG_BULLISH",23.36,13,4,0,NA,NA,NA,NA,NA,307770170.2,"HOLD",2026-04-28
449,"BRIGADE","BRIGADE ENTER. LTD","MICRO_CAP",800.65,1.77,1.31,23.03,50.7,68.1,"BULLISH",3.94,6,13,15,56.82,55.43,51,60,66,307298728.05,"HOLD",2026-04-28
482,"RAMRAT","RAM RATNA WIRES LIMITED","MICRO_CAP",436.55,2.34,12.04,51,50.7,78.4,"BULLISH",38.4,18,6,0,NA,NA,NA,NA,NA,266782408.6,"HOLD",2026-04-28
531,"MON100","MOTILAL OS NASDAQ100 ETF","MICRO_CAP",301.29,2.1,4.17,30.12,50.7,85.4,"STRONG_BULLISH",33.9,15,14,0,NA,NA,NA,NA,NA,221091368.77,"HOLD",2026-04-28
724,"ABDL","ALLIED BLEND N DISTILS L","MICRO_CAP",544.05,-1.89,-3.73,34.65,50.7,62.3,"BULLISH",10.66,11,6,10,41.05,38.33,50,58.57,10,89714792.15,"HOLD",2026-04-28
785,"TNPL","TAMILNADU NEWSPRT & PAPER","MICRO_CAP",152.21,3.03,8.66,24.21,50.7,70.5,"BULLISH",9.77,12,10,0,NA,NA,NA,NA,NA,66747888.42,"HOLD",2026-04-28
805,"MONARCH","MONARCH NETWORTH CAP LTD","MICRO_CAP",299.91,-0.92,1.06,20.08,50.7,59.2,"BULLISH",3.06,9,10,0,NA,NA,NA,NA,NA,55827099.53,"HOLD",2026-04-28
827,"EUROPRATIK","EUROPRATIK","MICRO_CAP",269.42,0.51,3.35,28.2,50.7,69.6,"BULLISH",21.21,13,11,0,NA,NA,NA,NA,NA,50781211.83,"HOLD",2026-04-28
871,"SETL","SETL","MICRO_CAP",141.72,3.42,3.2,34.14,50.7,67.7,"BULLISH",6.48,8,16,0,NA,NA,NA,NA,NA,35858333.87,"HOLD",2026-04-28
896,"AURUM","AURUM PROPTECH LIMITED","MICRO_CAP",182.06,-1,-0.46,17.56,50.7,55.5,"BULLISH",6.95,6,10,15,55.03,57.09,54.6,55.24,50,28379738.91,"HOLD",2026-04-28
914,"GULPOLY","GULSHAN POLYOLS LIMITED","MICRO_CAP",176.88,-1.42,1.1,22.8,50.7,59,"STRONG_BULLISH",25.78,15,8,0,NA,NA,NA,NA,NA,24976246.57,"HOLD",2026-04-28
941,"GLOBAL","GLOBAL EDUCATION LIMITED","MICRO_CAP",102.4,-1.56,0.72,10.32,50.7,56.6,"BULLISH",41.15,14,10,0,NA,NA,NA,NA,NA,12340822.47,"HOLD",2026-04-28
75,"RECLTD","REC LIMITED","MID_CAP",375.8,-0.6,-1.97,23.17,50,62.7,"BULLISH",9.78,10,8,0,NA,NA,NA,NA,NA,4151337026.8,"HOLD",2026-04-28
106,"POWERGRID","POWER GRID CORP. LTD.","MID_CAP",319,-0.59,-0.11,7.73,50,65.7,"STRONG_BULLISH",12.53,9,12,0,NA,NA,NA,NA,NA,2903032013.85,"HOLD",2026-04-28
135,"NLCINDIA","NLC INDIA LIMITED","MID_CAP",318.15,1.37,6.05,18.45,50,73.5,"STRONG_BULLISH",27.31,16,8,0,NA,NA,NA,NA,NA,2385562592.75,"HOLD",2026-04-28
139,"PHOENIXLTD","THE PHOENIX MILLS LTD","MID_CAP",1761.9,-2.1,-2.5,16.97,50,57.4,"BULLISH",4.34,9,10,0,NA,NA,NA,NA,NA,2251347269.5,"HOLD",2026-04-28
165,"TARIL","TRANS & RECTI. LTD","SMALL_CAP",337.8,-1.42,1.35,32.81,50,63.5,"STRONG_BULLISH",23.96,13,8,0,NA,NA,NA,NA,NA,1744189670.75,"HOLD",2026-04-28
178,"SOLARINDS","SOLAR INDUSTRIES (I) LTD","SMALL_CAP",15304,0.29,2.37,26.73,50,62.9,"STRONG_BULLISH",18.17,13,8,0,NA,NA,NA,NA,NA,1594276241,"HOLD",2026-04-28
232,"JINDALSTEL","JINDAL STEEL LIMITED","SMALL_CAP",1265.5,-0.99,-1.81,13.69,50,59.7,"STRONG_BULLISH",10.38,11,10,0,NA,NA,NA,NA,NA,1093424970.1,"HOLD",2026-04-28
270,"PVRINOX","PVR INOX LIMITED","SMALL_CAP",1051.75,3.22,8.09,14.49,50,69,"BEARISH",1.9,9,14,0,NA,NA,NA,NA,NA,901772838.35,"HOLD",2026-04-28
286,"ZENTEC","ZEN TECHNOLOGIES LIMITED","SMALL_CAP",1687.7,-1.86,-3.16,31.95,50,64.7,"STRONG_BULLISH",30.93,15,6,0,NA,NA,NA,NA,NA,771169809.1,"HOLD",2026-04-28
294,"MOSCHIP","MOSCHIP TECHNOLOGIES LTD","SMALL_CAP",208.98,0.64,2.7,40.96,50,66.7,"BULLISH",8.7,9,9,0,NA,NA,NA,NA,NA,746407373.26,"HOLD",2026-04-28
396,"SANDUMA","SANDUR MANG & IRON ORES L","MICRO_CAP",216.75,0.23,2.18,26.11,50,62.3,"BULLISH",6.52,9,11,0,NA,NA,NA,NA,NA,441750305.73,"HOLD",2026-04-28
428,"SHARDACROP","SHARDA CROPCHEM LTD.","MICRO_CAP",1162.6,3.37,4.94,33.62,50,64.4,"BULLISH",3.6,6,16,0,NA,NA,NA,NA,NA,352740422.9,"HOLD",2026-04-28
467,"CANFINHOME","CAN FIN HOMES LTD","MICRO_CAP",883.3,-3.51,-0.32,11.52,50,55.4,"BEARISH",0.61,7,10,15,55.87,57.38,53,56.32,56,283089111.55,"HOLD",2026-04-28
477,"CSBBANK","CSB BANK LIMITED","MICRO_CAP",393.55,-0.77,-2.25,15.58,50,52.4,"BULLISH",-0.02,4,10,20,62.59,64.05,61,59.12,66,273910686.2,"HOLD",2026-04-28
540,"AVALON","AVALON TECHNOLOGIES LTD","MICRO_CAP",1035.95,-4.38,-4.45,11.63,50,51.6,"STRONG_BULLISH",2.46,4,8,15,54.04,51.3,53,56.36,60,211852223.15,"HOLD",2026-04-28
561,"AARTIPHARM","AARTI PHARMALABS LIMITED","MICRO_CAP",712.25,-0.07,0.79,20.32,50,58.8,"BEARISH",-2.66,6,10,15,55.42,55.53,57,59.77,46.67,195899723.25,"HOLD",2026-04-28
568,"TECHNOE","TECHNO ELEC & ENG CO. LTD","MICRO_CAP",1263.8,-1.3,1,28.29,50,65.1,"STRONG_BULLISH",17.25,13,8,0,NA,NA,NA,NA,NA,189448380,"HOLD",2026-04-28
634,"IGIL","INTERNATIO GEMM INS (I) L","MICRO_CAP",357.3,0.41,-1.38,12.38,50,57.7,"STRONG_BULLISH",12.32,9,13,0,NA,NA,NA,NA,NA,138840679.9,"HOLD",2026-04-28
636,"HONASA","HONASA CONSUMER LIMITED","MICRO_CAP",346.5,-0.32,-1.45,16.18,50,67.8,"STRONG_BULLISH",20.98,13,8,0,NA,NA,NA,NA,NA,137472655.1,"HOLD",2026-04-28
653,"SGFIN","SG FINSERVE LIMITED","MICRO_CAP",542.85,-0.89,0.27,30.9,50,69.5,"STRONG_BULLISH",42.62,15,6,0,NA,NA,NA,NA,NA,125042088,"HOLD",2026-04-28
822,"VALIANTORG","VALIANT ORGANICS LIMITED","MICRO_CAP",275.44,1,2.54,36.31,50,58.6,"BULLISH",2.56,11,9,0,NA,NA,NA,NA,NA,51533609.74,"HOLD",2026-04-28
916,"BALMLAWRIE","BALMER LAWRIE & CO LTD","MICRO_CAP",181.42,-0.96,2.09,21.69,50,64.8,"BEARISH",3.26,6,10,20,68.31,75.22,82,61.59,36,24456831.16,"HOLD",2026-04-28
16,"AXISBANK","AXIS BANK LIMITED","LARGE_CAP",1289,-2.66,-6.44,11,49.3,45.5,"STRONG_BULLISH",-0.83,4,10,15,52.47,51.19,47,54.71,62,12892811776.6,"WEAK_HOLD",2026-04-28
64,"GRSE","GARDEN REACH SHIP&ENG LTD","MID_CAP",2875.3,0.84,6.2,45.75,49.3,69.3,"BULLISH",18.47,13,6,0,NA,NA,NA,NA,NA,4628572340,"WEAK_HOLD",2026-04-28
120,"GVT&D","GE VERNOVA T&D INDIA LTD","MID_CAP",4520.8,-0.79,6.32,24.18,49.3,70.6,"STRONG_BULLISH",29.22,15,8,0,NA,NA,NA,NA,NA,2590579736.9,"WEAK_HOLD",2026-04-28
130,"JSWSTEEL","JSW STEEL LIMITED","MID_CAP",1281.6,-0.09,0.16,14.17,49.3,64.2,"STRONG_BULLISH",7.17,8,10,0,NA,NA,NA,NA,NA,2455293498.8,"WEAK_HOLD",2026-04-28
194,"PREMIERENE","PREMIER ENERGIES LIMITED","SMALL_CAP",1037.35,1.44,4.18,16.34,49.3,73.3,"STRONG_BULLISH",30.07,15,8,0,NA,NA,NA,NA,NA,1421802005.8,"WEAK_HOLD",2026-04-28
229,"GALLANTT","GALLANTT ISPAT LIMITED","SMALL_CAP",852.7,-2.27,-1.13,55.43,49.3,67.2,"STRONG_BULLISH",52.62,15,6,0,NA,NA,NA,NA,NA,1135166675.7,"WEAK_HOLD",2026-04-28
247,"SIEMENS","SIEMENS LTD","SMALL_CAP",3827.3,-0.74,2.84,30.4,49.3,70.8,"STRONG_BULLISH",27.16,15,8,0,NA,NA,NA,NA,NA,1027189958.3,"WEAK_HOLD",2026-04-28
312,"GRANULES","GRANULES INDIA LIMITED","MICRO_CAP",705.15,1.48,5.6,13.66,49.3,76.8,"STRONG_BULLISH",25.53,15,8,0,NA,NA,NA,NA,NA,675570383.15,"WEAK_HOLD",2026-04-28
407,"FINCABLES","FINOLEX CABLES LTD","MICRO_CAP",1004.4,-0.08,5.34,29.35,49.3,72.9,"STRONG_BULLISH",25.63,15,8,0,NA,NA,NA,NA,NA,395809272.55,"WEAK_HOLD",2026-04-28
422,"GUJALKALI","GUJARAT ALKALIES & CHEM","MICRO_CAP",707.65,-3.94,-1.67,24.47,49.3,62.7,"STRONG_BULLISH",51.2,15,6,0,NA,NA,NA,NA,NA,361617809.95,"WEAK_HOLD",2026-04-28
430,"KSB","KSB LIMITED","MICRO_CAP",989.05,-1.1,-0.1,24.12,49.3,74.4,"STRONG_BULLISH",39.06,15,8,0,NA,NA,NA,NA,NA,348180348.75,"WEAK_HOLD",2026-04-28
432,"LUXIND","LUX INDUSTRIES LIMITED","MICRO_CAP",1510.1,-8.88,3.25,82.84,49.3,62.3,"STRONG_BULLISH",52.88,15,6,0,NA,NA,NA,NA,NA,346734998.9,"WEAK_HOLD",2026-04-28
506,"INOXINDIA","INOX INDIA LIMITED","MICRO_CAP",1487.2,-1.65,0.31,26.57,49.3,64.2,"STRONG_BULLISH",31.48,15,6,0,NA,NA,NA,NA,NA,240803908.8,"WEAK_HOLD",2026-04-28
639,"RUBICON","RUBICON","MICRO_CAP",954.7,-0.42,3.62,23.54,49.3,74.4,"STRONG_BULLISH",24.93,15,8,0,NA,NA,NA,NA,NA,133186990.85,"WEAK_HOLD",2026-04-28
669,"SHILPAMED","SHILPA MEDICARE LTD","MICRO_CAP",407.8,-1.78,0.63,16.88,49.3,60.6,"STRONG_BULLISH",24.21,15,6,0,NA,NA,NA,NA,NA,115000997.8,"WEAK_HOLD",2026-04-28
671,"INDGN","INDEGENE LIMITED","MICRO_CAP",498.9,0.32,2.39,14.8,49.3,59.7,"BULLISH",6.79,6,13,0,NA,NA,NA,NA,NA,113999242.05,"WEAK_HOLD",2026-04-28
720,"SAATVIKGL","SAATVIKGL","MICRO_CAP",480.7,-1.2,4.08,27.47,49.3,68.1,"BULLISH",16.85,13,6,0,NA,NA,NA,NA,NA,91203925.95,"WEAK_HOLD",2026-04-28
813,"GAEL","GUJARAT AMBUJA EXPORTS LT","MICRO_CAP",149.54,-2.14,-4.25,10.04,49.3,54.1,"STRONG_BULLISH",14.15,11,10,0,NA,NA,NA,NA,NA,53161987.04,"WEAK_HOLD",2026-04-28
818,"CAPACITE","CAPACITE INFRAPROJECT LTD","MICRO_CAP",253.99,-0.5,-0.33,24.88,49.3,59.4,"BULLISH",4.87,6,6,20,68.95,73.26,76,60.45,57,52400608.65,"WEAK_HOLD",2026-04-28
939,"MAWANASUG","MAWANA SUGARS LIMITED","MICRO_CAP",101.74,-2.99,-0.69,7.64,49.3,59.5,"STRONG_BULLISH",29.52,15,6,0,NA,NA,NA,NA,NA,13004038.25,"WEAK_HOLD",2026-04-28
58,"MOBIKWIK","ONE MOBIKWIK SYSTEMS LTD","MID_CAP",228.71,1.66,10.03,47.49,48.7,70.1,"BEARISH",6.96,13,6,0,NA,NA,NA,NA,NA,4972018378.79,"WEAK_HOLD",2026-04-28
150,"POLICYBZR","PB FINTECH LIMITED","MID_CAP",1667.4,0.26,2.72,16.78,48.7,66.3,"BULLISH",14.98,13,10,0,NA,NA,NA,NA,NA,1995824373.8,"WEAK_HOLD",2026-04-28
301,"ASTRAL","ASTRAL LIMITED","MICRO_CAP",1548.9,0.91,-2.12,-3.13,48.7,44.1,"BULLISH",5.25,3,10,20,62.97,68.04,60,59.41,59.17,723558736,"WEAK_HOLD",2026-04-28
342,"TRANSRAILL","TRANSRAIL LIGHTING LTD","MICRO_CAP",612.95,2.44,3.85,35.61,48.7,67.6,"BULLISH",13.71,12,6,0,NA,NA,NA,NA,NA,599964304.25,"WEAK_HOLD",2026-04-28
343,"HEG","HEG LTD","MICRO_CAP",659.15,-0.75,-0.3,21.52,48.7,68.3,"STRONG_BULLISH",21.72,13,6,0,NA,NA,NA,NA,NA,598890626.45,"WEAK_HOLD",2026-04-28
364,"CONCOR","CONTAINER CORP OF IND LTD","MICRO_CAP",510.5,-0.72,1.25,20.03,48.7,62.6,"BULLISH",3.56,6,10,15,54,53.7,51,56.36,56.67,530534406.35,"WEAK_HOLD",2026-04-28
375,"ROLEXRINGS","ROLEX RINGS LIMITED","MICRO_CAP",149.14,0.61,-7.8,34.36,48.7,61.8,"STRONG_BULLISH",17.51,13,6,0,NA,NA,NA,NA,NA,506448082.06,"WEAK_HOLD",2026-04-28
394,"SYRMA","SYRMA SGS TECHNOLOGY LTD","MICRO_CAP",971.55,-0.8,-1.46,25.67,48.7,66.3,"STRONG_BULLISH",15.26,13,6,0,NA,NA,NA,NA,NA,465718162.1,"WEAK_HOLD",2026-04-28
457,"DCAL","DISHMAN CARBO AMCIS LTD","MICRO_CAP",184.17,5.36,8.62,41.7,48.7,62.9,"BEARISH",-8.1,10,14,15,57.06,54.05,61,58.18,57,290246786.99,"WEAK_HOLD",2026-04-28
475,"PREMEXPLN","PREMIER EXPLOSIVES LTD","MICRO_CAP",547.8,0.35,10.21,43.59,48.7,67.4,"BULLISH",13.72,12,6,0,NA,NA,NA,NA,NA,276496728.75,"WEAK_HOLD",2026-04-28
495,"CRAMC","CRAMC","MICRO_CAP",267.95,-4.27,-5.02,23.34,48.7,54,"BULLISH",5.58,11,8,0,NA,NA,NA,NA,NA,254204964.77,"WEAK_HOLD",2026-04-28
601,"FACT","FACT LTD","MICRO_CAP",906,-0.15,-0.6,20.94,48.7,61,"BULLISH",15.43,13,10,0,NA,NA,NA,NA,NA,158140313.65,"WEAK_HOLD",2026-04-28
604,"BANCOINDIA","BANCO PRODUCTS (I) LTD","MICRO_CAP",625.6,0.17,2.12,24.04,48.7,59.2,"BEARISH",-0.13,6,13,15,54.64,53.7,51,59.32,57,156799759.35,"WEAK_HOLD",2026-04-28
607,"MARINE","MARINE ELECTRICAL (I) LTD","MICRO_CAP",235.06,2.4,12.3,54.95,48.7,71.5,"BULLISH",24.38,15,11,0,NA,NA,NA,NA,NA,154308237.75,"WEAK_HOLD",2026-04-28
858,"SATIN","SATIN CREDIT NET LTD","MICRO_CAP",171.32,-0.48,-0.71,22.49,48.7,64.1,"STRONG_BULLISH",13.17,11,8,0,NA,NA,NA,NA,NA,41364198.19,"WEAK_HOLD",2026-04-28
926,"BHARATSE","BHARAT SEATS LIMITED","MICRO_CAP",173.29,-2.14,-4.14,23.07,48.7,50.5,"BULLISH",7.05,6,8,15,52.61,50.22,51,56.14,57,20901677,"WEAK_HOLD",2026-04-28
39,"GROWW","GROWW","LARGE_CAP",219.85,2.4,2.73,46.45,48,72.5,"STRONG_BULLISH",34.54,15,6,0,NA,NA,NA,NA,NA,6438470308.4,"WEAK_HOLD",2026-04-28
107,"LUPIN","LUPIN LIMITED","MID_CAP",2302.7,-0.94,-0.38,-0.48,48,49.1,"STRONG_BULLISH",8.63,4,10,0,NA,NA,NA,NA,NA,2896386025,"WEAK_HOLD",2026-04-28
128,"MTARTECH","MTAR TECHNOLOGIES LIMITED","MID_CAP",5292.1,-0.21,4.36,52.61,48,75.3,"STRONG_BULLISH",49.65,15,6,0,NA,NA,NA,NA,NA,2464408957.7,"WEAK_HOLD",2026-04-28
201,"TDPOWERSYS","TD POWER SYSTEMS LTD.","SMALL_CAP",1145.55,5.12,12.59,34.56,48,78.3,"STRONG_BULLISH",38.58,15,6,0,NA,NA,NA,NA,NA,1376568232,"WEAK_HOLD",2026-04-28
225,"KEI","KEI INDUSTRIES LTD.","SMALL_CAP",4965.1,1.56,2.89,22.96,48,66.1,"BULLISH",12.32,11,10,0,NA,NA,NA,NA,NA,1169794465,"WEAK_HOLD",2026-04-28
245,"ENGINERSIN","ENGINEERS INDIA LTD","SMALL_CAP",256.54,-0.38,5.47,40.86,48,75.9,"STRONG_BULLISH",44.09,15,6,0,NA,NA,NA,NA,NA,1033364592.07,"WEAK_HOLD",2026-04-28
306,"ATLANTAELE","ATLANTAELE","MICRO_CAP",1765.1,-2.78,28.18,46.78,48,82.7,"STRONG_BULLISH",99.75,16,4,0,NA,NA,NA,NA,NA,694569955.8,"WEAK_HOLD",2026-04-28
373,"KAJARIACER","KAJARIA CERAMICS LTD","MICRO_CAP",1212,-1.96,1.5,31.72,48,71.5,"STRONG_BULLISH",32.24,15,6,0,NA,NA,NA,NA,NA,510638521,"WEAK_HOLD",2026-04-28
480,"ANURAS","ANUPAM RASAYAN INDIA LTD","MICRO_CAP",1310,-1.84,-0.61,6.43,48,55.1,"STRONG_BULLISH",4.06,2,10,15,55.72,58.04,51,58.27,54,270374481.1,"WEAK_HOLD",2026-04-28
504,"PRECWIRE","PRECISION WIRES INDIA LTD","MICRO_CAP",412.65,1.71,6.64,41.27,48,74,"STRONG_BULLISH",63.44,15,6,0,NA,NA,NA,NA,NA,244233251.8,"WEAK_HOLD",2026-04-28
578,"AETHER","AETHER INDUSTRIES LIMITED","MICRO_CAP",1170.1,1.35,-1.13,6.91,48,56.1,"STRONG_BULLISH",23.41,9,10,0,10,10,10,10,10,177387249.4,"WEAK_HOLD",2026-04-28
587,"PITTIENG","PITTI ENGINEERING LIMITED","MICRO_CAP",997.75,0.62,8.24,44.96,48,72.5,"BULLISH",9,11,6,0,NA,NA,NA,NA,NA,167585405.35,"WEAK_HOLD",2026-04-28
598,"RAINBOW","RAINBOW CHILDRENS MED LTD","MICRO_CAP",1241.9,-1,-2.69,6.77,48,53.1,"BULLISH",7.07,6,10,0,NA,NA,NA,NA,NA,161115104.9,"WEAK_HOLD",2026-04-28
635,"VSTIND","VST INDUSTRIES LTD","MICRO_CAP",260.47,0.61,0.18,30.19,48,66.4,"BULLISH",12.41,11,11,0,NA,NA,NA,NA,NA,138798023.23,"WEAK_HOLD",2026-04-28
648,"ZYDUSWELL","ZYDUS WELLNESS LIMITED","MICRO_CAP",489.5,-0.66,-3.39,14.81,48,56.7,"STRONG_BULLISH",21.63,11,8,0,NA,NA,NA,NA,NA,130307081.9,"WEAK_HOLD",2026-04-28
711,"JNKINDIA","JNK INDIA LIMITED","MICRO_CAP",374.51,-1.34,8.94,78.32,48,75.5,"STRONG_BULLISH",51.43,15,6,0,NA,NA,NA,NA,NA,93260430.59,"WEAK_HOLD",2026-04-28
799,"NOCIL","NOCIL LIMITED","MICRO_CAP",184.52,0.04,7.09,20.12,48,73.9,"STRONG_BULLISH",25.39,15,6,0,NA,NA,NA,NA,NA,60408874.76,"WEAK_HOLD",2026-04-28
821,"GREENPLY","GREENPLY INDUSTRIES LTD","MICRO_CAP",254.59,2.69,6.92,41.2,48,71.3,"BULLISH",10.35,11,9,0,NA,NA,NA,NA,NA,51753649.65,"WEAK_HOLD",2026-04-28
833,"SIMPLEXINF","SIMPLEX INFRASTRUCTURES L","MICRO_CAP",239.66,3.8,4.79,70.82,48,67.3,"BULLISH",6.01,8,9,0,NA,NA,NA,NA,NA,47487008.55,"WEAK_HOLD",2026-04-28
855,"MUTHOOTMF","MUTHOOT MICROFIN LIMITED","MICRO_CAP",188.59,2.19,-2.68,29.45,48,63,"BULLISH",10.99,11,11,0,NA,NA,NA,NA,NA,42151770.57,"WEAK_HOLD",2026-04-28
882,"GANESHBE","GANESH BENZOPLAST LIMITED","MICRO_CAP",103.76,1.16,7.37,43.99,48,72.4,"STRONG_BULLISH",32.86,15,6,0,NA,NA,NA,NA,NA,31336178.67,"WEAK_HOLD",2026-04-28
55,"MCX","MULTI COMMODITY EXCHANGE","MID_CAP",2898,2.4,2.56,21.29,47.3,64.4,"BULLISH",21.45,13,11,0,NA,NA,NA,NA,NA,5100838069.3,"WEAK_HOLD",2026-04-28
63,"BEL","BHARAT ELECTRONICS LTD","MID_CAP",435.75,0.03,-3.49,8.76,47.3,47.1,"BULLISH",3.81,4,10,15,54.37,52.39,47,56.59,69,4757248339,"WEAK_HOLD",2026-04-28
118,"MAZDOCK","MAZAGON DOCK SHIPBUIL LTD","MID_CAP",2683.3,-0.03,1.01,29.93,47.3,67,"BULLISH",14.17,13,8,0,NA,NA,NA,NA,NA,2688316792.5,"WEAK_HOLD",2026-04-28
154,"FEDERALBNK","FEDERAL BANK LTD","SMALL_CAP",290.6,-1.17,-1.74,12.03,47.3,56,"STRONG_BULLISH",7.12,6,10,0,NA,NA,NA,NA,NA,1945308011.65,"WEAK_HOLD",2026-04-28
250,"WELCORP","WELSPUN CORP LIMITED","SMALL_CAP",1226.4,1.15,11.43,50.9,47.3,88.7,"STRONG_BULLISH",51.18,15,9,0,NA,NA,NA,NA,NA,1013948006.3,"WEAK_HOLD",2026-04-28
269,"PARAS","PARAS DEF AND SPCE TECH L","SMALL_CAP",806.45,-0.2,3.06,35.47,47.3,65.8,"BULLISH",25.32,15,6,0,NA,NA,NA,NA,NA,905009350.65,"WEAK_HOLD",2026-04-28
325,"MANKIND","MANKIND PHARMA LIMITED","MICRO_CAP",2264.4,-0.19,2.93,12.89,47.3,67.2,"BULLISH",13.39,11,10,0,NA,NA,NA,NA,NA,648819341.5,"WEAK_HOLD",2026-04-28
376,"PCBL","PCBL CHEMICAL LIMITED","MICRO_CAP",296.4,1.71,3.77,22.5,47.3,61.9,"BEARISH",5.03,6,13,0,NA,NA,NA,NA,NA,504295760.38,"WEAK_HOLD",2026-04-28
390,"PRAJIND","PRAJ INDUSTRIES LTD","MICRO_CAP",395.1,-2.05,8.48,24.23,47.3,69.6,"STRONG_BULLISH",19.67,13,4,0,NA,NA,NA,NA,NA,474398412.9,"WEAK_HOLD",2026-04-28
438,"JYOTHYLAB","JYOTHY LABS LIMITED","MICRO_CAP",262.41,-2.25,5.73,33.03,47.3,67.9,"BEARISH",9.15,11,6,0,NA,NA,NA,NA,NA,332856420.83,"WEAK_HOLD",2026-04-28
530,"URBANCO","URBANCO","MICRO_CAP",142.84,-0.81,4.08,20.17,47.3,66.4,"BULLISH",16.53,13,8,0,NA,NA,NA,NA,NA,221248605.16,"WEAK_HOLD",2026-04-28
553,"USHAMART","USHA MARTIN LTD.","MICRO_CAP",457.5,-0.62,3.15,16.87,47.3,64.1,"BULLISH",10.85,11,10,0,NA,NA,NA,NA,NA,202138534.2,"WEAK_HOLD",2026-04-28
589,"SENORES","SENORES PHARMACEUTICALS L","MICRO_CAP",916.7,-2.45,2.34,20.68,47.3,65.7,"BULLISH",14.81,13,8,0,NA,NA,NA,NA,NA,165389745.15,"WEAK_HOLD",2026-04-28
686,"BIKAJI","BIKAJI FOODS INTERN LTD","MICRO_CAP",672.75,-1.14,1.54,8.17,47.3,58.4,"BULLISH",3.95,4,10,15,52.34,49.57,47,56.59,63,104900625.6,"WEAK_HOLD",2026-04-28
782,"PNGJL","P N GADGIL JEWELLERS LTD","MICRO_CAP",670.65,-0.62,0.4,26.31,47.3,69.9,"BULLISH",16.32,13,8,0,NA,NA,NA,NA,NA,67753137.5,"WEAK_HOLD",2026-04-28
865,"GOCLCORP","GOCL CORPORATION LIMITED","MICRO_CAP",338.4,1.79,1.27,33.81,47.3,68.2,"BULLISH",29.31,15,6,0,NA,NA,NA,NA,NA,38121872.2,"WEAK_HOLD",2026-04-28
881,"STARCEMENT","STAR CEMENT LIMITED","MICRO_CAP",232.34,-1.21,2.68,14.32,47.3,65.8,"BULLISH",10.46,11,10,0,NA,NA,NA,NA,NA,31817331.94,"WEAK_HOLD",2026-04-28
924,"SURYODAY","SURYODAY SMALL FIN BK LTD","MICRO_CAP",150.02,0.43,2.1,26.3,47.3,66.4,"BULLISH",15.03,13,8,0,NA,NA,NA,NA,NA,21404783.47,"WEAK_HOLD",2026-04-28
144,"VMM","VISHAL MEGA MART LIMITED","MID_CAP",125.99,0.22,2.19,19.65,46.7,65,"BULLISH",3.52,7,11,0,NA,NA,NA,NA,NA,2104641683.74,"WEAK_HOLD",2026-04-28
207,"BLACKBUCK","ZINKA LOGISTICS SOL LTD","SMALL_CAP",581.65,-6,-6.63,0.82,46.7,46,"BEARISH",-3,5,10,20,62.86,66.96,62,58.64,59,1347798546.4,"WEAK_HOLD",2026-04-28
290,"OBEROIRLTY","OBEROI REALTY LIMITED","SMALL_CAP",1710.3,-0.75,-0.79,20.53,46.7,63.9,"BULLISH",13.17,11,10,0,NA,NA,NA,NA,NA,758870353.6,"WEAK_HOLD",2026-04-28
371,"AMAGI","AMAGI","MICRO_CAP",400.65,6.16,6.87,22.84,46.7,72.3,"NEUTRAL",0.29,11,16,0,NA,NA,NA,NA,NA,516680713.45,"WEAK_HOLD",2026-04-28
425,"JSFB","JANA SMALL FIN BANK LTD","MICRO_CAP",491.5,3.02,13.48,36.47,46.7,74.2,"BULLISH",27.47,16,7,0,NA,NA,NA,NA,NA,357377346.9,"WEAK_HOLD",2026-04-28
433,"NELCO","NELCO LTD","MICRO_CAP",708.8,0.5,-0.89,40.05,46.7,63.4,"BULLISH",10.2,11,9,0,NA,NA,NA,NA,NA,346143721.6,"WEAK_HOLD",2026-04-28
440,"SBCL","SHIVALIK BIMETAL CON. LTD","MICRO_CAP",612.8,-4.18,17.68,58,46.7,74.1,"STRONG_BULLISH",22.95,13,6,0,NA,NA,NA,NA,NA,325049522.3,"WEAK_HOLD",2026-04-28
473,"SHADOWFAX","SHADOWFAX","MICRO_CAP",155.87,-0.25,0.91,35.69,46.7,72.9,"BULLISH",36.13,15,6,0,NA,NA,NA,NA,NA,277668992.51,"WEAK_HOLD",2026-04-28
478,"GMRP&UI","GMR POW AND URBAN INFRA L","MICRO_CAP",106.79,-2.15,-1.43,19,46.7,51.6,"BEARISH",6.18,7,10,0,NA,NA,NA,NA,NA,271655413.53,"WEAK_HOLD",2026-04-28
564,"GOKULAGRO","GOKUL AGRO RESOURCES LTD","MICRO_CAP",225.11,-0.4,7.05,24.84,46.7,71.1,"STRONG_BULLISH",34.45,15,4,0,NA,NA,NA,NA,NA,192419957.49,"WEAK_HOLD",2026-04-28
580,"CLEAN","CLEAN SCIENCE & TECH LTD","MICRO_CAP",794.35,-1.96,5.65,21.02,46.7,61.2,"BULLISH",3.78,6,10,15,52.58,51.19,47,56.75,60,175856190.25,"WEAK_HOLD",2026-04-28
786,"PANACEABIO","PANACEA BIOTEC LTD","MICRO_CAP",377,2.21,11.49,27.34,46.7,63.5,"BULLISH",4.84,7,16,0,NA,NA,NA,NA,NA,65588589.1,"WEAK_HOLD",2026-04-28
803,"PRINCEPIPE","PRINCE PIPES FITTINGS LTD","MICRO_CAP",267.02,-2.61,3.01,29.59,46.7,61.6,"BEARISH",7.13,8,8,0,NA,NA,NA,NA,NA,57275199.44,"WEAK_HOLD",2026-04-28
854,"MAFANG","MIRAEAMC - MAFANG","MICRO_CAP",180.8,2.01,3.21,15.09,46.7,71.7,"BULLISH",20.12,13,10,0,NA,NA,NA,NA,NA,42222947.2,"WEAK_HOLD",2026-04-28
889,"ARTEMISMED","ARTEMIS MED SERVICE LTD","MICRO_CAP",240.81,-1.78,5.44,17.18,46.7,58.9,"BEARISH",6.41,6,10,15,50.87,51.3,47,56.14,49.17,30145439.02,"WEAK_HOLD",2026-04-28
51,"HSCL","HIMADRI SPECIALITY CHEM L","MID_CAP",571.4,0.13,12.8,29.39,46,82.6,"STRONG_BULLISH",28.19,16,6,0,NA,NA,NA,NA,NA,5335067248.6,"WEAK_HOLD",2026-04-28
98,"DRREDDY","DR. REDDY S LABORATORIES","MID_CAP",1354.6,1.51,10.98,7.94,46,66.8,"BULLISH",12.01,7,11,0,NA,NA,NA,NA,NA,3160386399.6,"WEAK_HOLD",2026-04-28
129,"BAJAJ-AUTO","BAJAJ AUTO LIMITED","MID_CAP",9495.5,-1.72,-3.04,8.13,46,50.1,"BULLISH",1.31,2,12,15,52.35,51.96,47,56.59,56.67,2456277632,"WEAK_HOLD",2026-04-28
171,"VOLTAS","VOLTAS LTD","SMALL_CAP",1511.1,-0.26,3.7,18.72,46,64.3,"BULLISH",6.57,8,10,0,NA,NA,NA,NA,NA,1650628992.2,"WEAK_HOLD",2026-04-28
180,"LGEINDIA","LGEINDIA","SMALL_CAP",1608.7,0.18,-0.14,11.64,46,60.1,"BULLISH",8.48,6,10,0,NA,NA,NA,NA,NA,1591274728,"WEAK_HOLD",2026-04-28
212,"RALLIS","RALLIS INDIA LTD","SMALL_CAP",261.45,0.07,-0.82,19.79,46,54.8,"BEARISH",-0.89,10,13,0,NA,NA,NA,NA,NA,1300365126.11,"WEAK_HOLD",2026-04-28
213,"IREDA","INDIAN RENEWABLE ENERGY","SMALL_CAP",138.05,0.04,7.13,26.67,46,65.6,"BULLISH",10.94,11,8,0,NA,NA,NA,NA,NA,1281969751.73,"WEAK_HOLD",2026-04-28
259,"IDEAFORGE","IDEAFORGE TECHNO LTD","SMALL_CAP",567.15,3.14,17.2,52.56,46,73.1,"BULLISH",34.54,16,6,0,NA,NA,NA,NA,NA,969799126.85,"WEAK_HOLD",2026-04-28
280,"TRITURBINE","TRIVENI TURBINE LIMITED","SMALL_CAP",581.65,0.28,2.03,32.24,46,75.5,"BULLISH",20.64,13,9,0,NA,NA,NA,NA,NA,807508054.8,"WEAK_HOLD",2026-04-28
299,"FIVESTAR","FIVE-STAR BUS FIN LTD","SMALL_CAP",500.45,-2.12,-0.98,41.79,46,67.4,"BULLISH",17.9,13,6,0,NA,NA,NA,NA,NA,736282612.35,"WEAK_HOLD",2026-04-28
339,"PARADEEP","PARADEEP PHOSPHATES LTD","MICRO_CAP",134.38,-1.13,1.74,25.31,46,65.2,"BULLISH",10.66,11,8,0,NA,NA,NA,NA,NA,606570523.69,"WEAK_HOLD",2026-04-28
383,"ONESOURCE","ONESOURCE SPECL PHARMA L","MICRO_CAP",1763,-3.73,12.96,19.66,46,68.7,"BULLISH",51.91,15,4,0,NA,NA,NA,NA,NA,492245883.5,"WEAK_HOLD",2026-04-28
421,"RATEGAIN","RATEGAIN TRAVEL TECHN LTD","MICRO_CAP",588.4,-0.69,3.4,34.29,46,63.7,"BULLISH",3.4,9,6,0,NA,NA,NA,NA,NA,363788000.9,"WEAK_HOLD",2026-04-28
453,"SAILIFE","SAI LIFE SCIENCES LIMITED","MICRO_CAP",1047.95,-1.81,9.32,7.81,46,61.2,"STRONG_BULLISH",18.37,9,6,0,NA,NA,NA,NA,NA,298282833.65,"WEAK_HOLD",2026-04-28
484,"CMSINFO","CMS INFO SYSTEMS LIMITED","MICRO_CAP",300.1,-1.35,-4.06,12.99,46,48.8,"BEARISH",-3.17,6,10,15,52,50.65,47,55.68,59,264560163.1,"WEAK_HOLD",2026-04-28
485,"KPIGREEN","KPI GREEN ENERGY LIMITED","MICRO_CAP",459.65,-0.33,3.79,30.88,46,66.6,"BULLISH",13.41,11,8,0,NA,NA,NA,NA,NA,263924644.7,"WEAK_HOLD",2026-04-28
501,"KMEW","KNOWLEDGE MARINE & EN W L","MICRO_CAP",1806.6,2.26,6.55,23.22,46,58.9,"BULLISH",6.73,9,8,0,NA,NA,NA,NA,NA,245927946.4,"WEAK_HOLD",2026-04-28
646,"MAANALU","MAAN ALUMINIUM LIMITED","MICRO_CAP",151.43,-7.73,7.38,25.26,46,55.4,"NEUTRAL",5.06,9,6,0,NA,NA,NA,NA,NA,132084541.19,"WEAK_HOLD",2026-04-28
726,"KPEL","K.P. ENERGY LIMITED","MICRO_CAP",363.4,0.36,3.85,45.45,46,69.5,"BULLISH",17.44,13,6,0,NA,NA,NA,NA,NA,88623073.18,"WEAK_HOLD",2026-04-28
727,"63MOONS","63 MOONS TECHNOLOGIES LTD","MICRO_CAP",725.95,0.41,-0.27,54.36,46,69.5,"BULLISH",4.31,6,6,15,58.48,63.33,60,54.74,48,87821464.25,"WEAK_HOLD",2026-04-28
737,"SMSPHARMA","SMS PHARMACEUTICALS LTD.","MICRO_CAP",390.25,-2.35,-4.37,4.11,46,46.3,"STRONG_BULLISH",26.69,10,8,0,NA,NA,NA,NA,NA,83114947.6,"WEAK_HOLD",2026-04-28
739,"SUNFLAG","SUNFLAG IRON AND STEEL CO","MICRO_CAP",294.48,-0.53,5.32,51.72,46,69.9,"BULLISH",18.22,13,6,0,NA,NA,NA,NA,NA,82945917.64,"WEAK_HOLD",2026-04-28
747,"ICICIB22","ICICIPRAMC - BHARATIWIN","MICRO_CAP",125.66,-0.09,0.08,10.26,46,62.9,"BULLISH",5.11,6,12,0,NA,NA,NA,NA,NA,79627316.16,"WEAK_HOLD",2026-04-28
887,"EXICOM","EXICOM TELE SYSTEMS LTD","MICRO_CAP",117,-1.26,2.96,53.42,46,66.6,"BULLISH",15.73,13,6,0,NA,NA,NA,NA,NA,30432866.45,"WEAK_HOLD",2026-04-28
900,"KOPRAN","KOPRAN LTD","MICRO_CAP",159.18,-0.64,4.22,47.33,46,64,"BULLISH",15.57,13,6,0,NA,NA,NA,NA,NA,27525865.13,"WEAK_HOLD",2026-04-28
921,"TARSONS","TARSONS PRODUCTS LIMITED","MICRO_CAP",212.45,-2.86,-1.62,27.63,46,58.6,"BULLISH",1.43,7,8,0,NA,NA,NA,NA,NA,22291220.41,"WEAK_HOLD",2026-04-28
24,"ADANIPOWER","ADANI POWER LTD","LARGE_CAP",223.35,2.43,10.04,48.47,45.3,88.3,"STRONG_BULLISH",54.01,15,6,0,10,10,10,10,10,10374635172.37,"WEAK_HOLD",2026-04-28
46,"OFSS","ORACLE FIN SERV SOFT LTD.","LARGE_CAP",9570,2.24,20.67,42.18,45.3,84.8,"BULLISH",34.51,16,4,0,NA,NA,NA,NA,NA,5628060833.5,"WEAK_HOLD",2026-04-28
67,"ADANIENSOL","ADANI ENERGY SOLUTION LTD","MID_CAP",1435.45,-0.02,13.45,53.54,45.3,84,"STRONG_BULLISH",45.34,15,6,0,10,10,10,10,10,4419944128.25,"WEAK_HOLD",2026-04-28
91,"HFCL","HFCL LIMITED","MID_CAP",107.24,0.52,9.61,58.03,45.3,80.3,"STRONG_BULLISH",52.49,15,6,0,NA,NA,NA,NA,NA,3438604762.65,"WEAK_HOLD",2026-04-28
211,"QPOWER","QUALITY POWER ELEC EQUP L","SMALL_CAP",1378.8,-1.42,8.97,71.17,45.3,81.8,"STRONG_BULLISH",77.45,15,6,0,NA,NA,NA,NA,NA,1303041487.6,"WEAK_HOLD",2026-04-28
272,"PNBHOUSING","PNB HOUSING FIN LTD.","SMALL_CAP",1043.55,-0.33,6.58,38.21,45.3,76.4,"BULLISH",26.25,15,6,0,NA,NA,NA,NA,NA,895665849.65,"WEAK_HOLD",2026-04-28
287,"COLPAL","COLGATE PALMOLIVE LTD.","SMALL_CAP",2125.2,-0.74,0.88,18.81,45.3,61.2,"BEARISH",1.51,6,10,15,53.47,50.65,55,54.77,56.67,771126872.3,"WEAK_HOLD",2026-04-28
311,"MEESHO","MEESHO","MICRO_CAP",178.85,-0.41,4.52,27.39,45.3,66.7,"BULLISH",18.1,13,8,0,NA,NA,NA,NA,NA,677116749.89,"WEAK_HOLD",2026-04-28
345,"ITI","ITI LTD","MICRO_CAP",305.51,1.95,3.85,27.8,45.3,63.2,"BULLISH",7.37,8,13,0,NA,NA,NA,NA,NA,595980864.71,"WEAK_HOLD",2026-04-28
363,"JSL","JINDAL STAINLESS LIMITED","MICRO_CAP",773.85,0.45,-1.97,8.85,45.3,54.9,"BULLISH",2.41,4,15,0,NA,NA,NA,NA,NA,530647178.3,"WEAK_HOLD",2026-04-28
408,"LUMAXTECH","LUMAX AUTO TECH LTD","MICRO_CAP",1663.2,-4.83,-6.29,9.26,45.3,46.9,"STRONG_BULLISH",5.64,4,8,0,NA,NA,NA,NA,NA,395255139,"WEAK_HOLD",2026-04-28
450,"WAAREERTL","WAAREE RENEWABLE TECH LTD","MICRO_CAP",1059.35,0.37,-0.19,35.41,45.3,62.9,"BULLISH",18.22,13,6,0,NA,NA,NA,NA,NA,304480734.95,"WEAK_HOLD",2026-04-28
454,"TIPSMUSIC","TIPS MUSIC LIMITED","MICRO_CAP",658.85,-3.22,9.72,33.45,45.3,71,"STRONG_BULLISH",18.94,13,4,0,NA,NA,NA,NA,NA,296236677.4,"WEAK_HOLD",2026-04-28
479,"LAXMIDENTL","LAXMI DENTAL LIMITED","MICRO_CAP",209.94,9.08,5.73,32.66,45.3,65,"BULLISH",-3.2,10,16,0,NA,NA,NA,NA,NA,271325192.21,"WEAK_HOLD",2026-04-28
558,"POLYMED","POLY MEDICURE LIMITED","MICRO_CAP",1511.7,1.08,2.11,26.92,45.3,61.1,"BULLISH",5.91,8,8,0,NA,NA,NA,NA,NA,200134108,"WEAK_HOLD",2026-04-28
570,"APTUS","APTUS VALUE HSG FIN I LTD","MICRO_CAP",258.83,-0.67,0.56,33.03,45.3,68.4,"BEARISH",3.56,6,8,15,53.73,50.65,51,54.09,66,188273946.41,"WEAK_HOLD",2026-04-28
591,"PARKHOSPS","PARKHOSPS","MICRO_CAP",234.27,-1.1,4.44,23.26,45.3,69,"BULLISH",44.9,15,6,0,NA,NA,NA,NA,NA,165211035.45,"WEAK_HOLD",2026-04-28
618,"STYLEBAAZA","BAAZAR STYLE RETAIL LTD","MICRO_CAP",389.55,-0.35,11.97,42.74,45.3,75.9,"STRONG_BULLISH",16.13,13,4,0,NA,NA,NA,NA,NA,150256824.85,"WEAK_HOLD",2026-04-28
625,"MANORAMA","MANORAMA INDUSTRIES LTD","MICRO_CAP",1445,0.31,-0.19,27.88,45.3,61,"BULLISH",2.76,6,11,0,NA,NA,NA,NA,NA,145823569.6,"WEAK_HOLD",2026-04-28
627,"JUBLPHARMA","JUBILANT PHARMOVA LTD","MICRO_CAP",942.45,-1.31,3.91,15.43,45.3,66.1,"BULLISH",4.81,4,10,0,NA,NA,NA,NA,NA,142865379.2,"WEAK_HOLD",2026-04-28
631,"DIACABS","DIAMOND POWER INFRA LTD","MICRO_CAP",162.87,-1.64,0.68,37.07,45.3,70.7,"BULLISH",27.09,15,6,0,NA,NA,NA,NA,NA,141437942.75,"WEAK_HOLD",2026-04-28
658,"GODAVARIB","GODAVARI BIOREFINERIES L","MICRO_CAP",316.25,-3.52,1.66,7.11,45.3,51.9,"STRONG_BULLISH",12.97,7,8,0,NA,NA,NA,NA,NA,120262099.3,"WEAK_HOLD",2026-04-28
706,"DYCL","DYNAMIC CABLES LIMITED","MICRO_CAP",383.41,0.18,9.82,59.16,45.3,79.3,"BULLISH",24.28,15,6,0,NA,NA,NA,NA,NA,96338242.33,"WEAK_HOLD",2026-04-28
787,"JKPAPER","JK PAPER LIMITED","MICRO_CAP",367.1,-1.88,1.72,19.81,45.3,55.2,"BULLISH",14.97,11,8,0,NA,NA,NA,NA,NA,65240865.3,"WEAK_HOLD",2026-04-28
163,"DIVISLAB","DIVI S LABORATORIES LTD","SMALL_CAP",6432.5,-0.69,2.33,8.16,44.7,64.5,"BEARISH",8.32,6,12,0,NA,NA,NA,NA,NA,1754735374,"WEAK_HOLD",2026-04-28
237,"ARE&M","AMARA RAJA ENERGY MOB LTD","SMALL_CAP",897.85,2.25,16.03,33.52,44.7,68.6,"BEARISH",3.11,6,7,15,54.31,51.3,51,57.95,63,1074431737,"WEAK_HOLD",2026-04-28
365,"GRINFRA","G R INFRAPROJECTS LIMITED","MICRO_CAP",911,3.36,3.28,14.45,44.7,58.5,"BEARISH",-4.78,10,18,0,NA,NA,NA,NA,NA,530322594.9,"WEAK_HOLD",2026-04-28
402,"EDELWEISS","EDELWEISS FIN SERV LTD","MICRO_CAP",123.99,0.75,4.85,24.4,44.7,66,"STRONG_BULLISH",6.23,8,10,0,NA,NA,NA,NA,NA,414729001.04,"WEAK_HOLD",2026-04-28
446,"GREAVESCOT","GREAVES COTTON LTD.","MICRO_CAP",167.04,1.75,6.21,38.5,44.7,65,"BEARISH",0.51,9,9,0,NA,NA,NA,NA,NA,309649286.73,"WEAK_HOLD",2026-04-28
463,"DCBBANK","DCB BANK LIMITED","MICRO_CAP",189.62,-0.68,-3.26,19.76,44.7,55.5,"BULLISH",-0.35,3,10,15,51.91,50,51,53.82,56,286829380.35,"WEAK_HOLD",2026-04-28
468,"GUJTHEM","GUJARAT THEMIS BIOSYN LTD","MICRO_CAP",370.48,3.35,11.99,63.28,44.7,73.2,"BEARISH",13.62,12,11,0,NA,NA,NA,NA,NA,280919285.4,"WEAK_HOLD",2026-04-28
600,"JUBLINGREA","JUBILANT INGREVIA LIMITED","MICRO_CAP",720.3,-1.95,9.34,32.48,44.7,69.2,"BULLISH",13.23,11,6,0,NA,NA,NA,NA,NA,158972830.25,"WEAK_HOLD",2026-04-28
654,"LTFOODS","LT FOODS LIMITED","MICRO_CAP",425,-0.89,1.07,16.98,44.7,60.1,"STRONG_BULLISH",6.97,8,10,0,NA,NA,NA,NA,NA,122513843.4,"WEAK_HOLD",2026-04-28
735,"SPMLINFRA","SPML INFRA LIMITED","MICRO_CAP",212.65,-2.53,0.39,38.33,44.7,63.3,"BULLISH",12.67,11,6,0,NA,NA,NA,NA,NA,83442842.55,"WEAK_HOLD",2026-04-28
775,"GHCL","GHCL LIMITED","MICRO_CAP",513.9,0.11,1.51,21.49,44.7,62.7,"BULLISH",1.94,7,13,0,NA,NA,NA,NA,NA,70260169.5,"WEAK_HOLD",2026-04-28
832,"SOUTHWEST","SOUTH WEST PINNACLE LTD","MICRO_CAP",238.03,1.32,-1.49,11.82,44.7,56.3,"BULLISH",41.24,15,6,0,NA,NA,NA,NA,NA,47530613.49,"WEAK_HOLD",2026-04-28
868,"PRSMJOHNSN","PRISM JOHNSON LIMITED","MICRO_CAP",132.95,-0.71,-1.27,6.31,44.7,61.7,"BULLISH",10.49,9,8,0,NA,NA,NA,NA,NA,36596428.02,"WEAK_HOLD",2026-04-28
114,"TITAN","TITAN COMPANY LIMITED","MID_CAP",4417,-0.56,-1.4,11.78,44,55.5,"STRONG_BULLISH",7.62,6,10,0,NA,NA,NA,NA,NA,2756207053.6,"WEAK_HOLD",2026-04-28
132,"HAL","HINDUSTAN AERONAUTICS LTD","MID_CAP",4341.4,0.72,-0.39,24.5,44,63.2,"BULLISH",8.31,8,11,0,NA,NA,NA,NA,NA,2407324791.8,"WEAK_HOLD",2026-04-28
162,"DALBHARAT","DALMIA BHARAT LIMITED","SMALL_CAP",1918.8,-2.73,-3.58,7.85,44,47.8,"BEARISH",-8.28,6,12,20,68.15,73.7,76,57.73,54.17,1779580211.8,"WEAK_HOLD",2026-04-28
352,"AWL","AWL AGRI BUSINESS LIMITED","MICRO_CAP",204.91,-0.5,8.71,15.27,44,67.4,"BEARISH",1.81,6,6,20,63.12,68.26,60,59.09,60,557521364.06,"WEAK_HOLD",2026-04-28
359,"LICHSGFIN","LIC HOUSING FINANCE LTD","MICRO_CAP",550,1.27,-2.68,11.06,44,59.3,"BULLISH",9.41,9,10,0,NA,NA,NA,NA,NA,538697674.3,"WEAK_HOLD",2026-04-28
392,"LIQUIDADD","DSPAMC - LIQUIDADD","MICRO_CAP",1123.94,0.01,0.09,0.34,44,100,"STRONG_BULLISH",5.16,4,15,0,NA,NA,NA,NA,NA,471307142.95,"WEAK_HOLD",2026-04-28
418,"VERANDA","VERANDA LEARNING SOL LTD","MICRO_CAP",188.15,17.52,20.59,40.56,44,71.3,"BEARISH",-0.33,10,12,0,NA,NA,NA,NA,NA,375583779.76,"WEAK_HOLD",2026-04-28
460,"BLUESTONE","BLUESTONE JEWEL LFSTL LTD","MICRO_CAP",514.5,-4.81,-5.99,10.14,44,52.7,"BULLISH",20.04,9,8,0,NA,NA,NA,NA,NA,287926884.85,"WEAK_HOLD",2026-04-28
546,"SHREEJISPG","SHREEJI SHIPPING GLOBAL L","MICRO_CAP",396.15,0.04,5.75,22.46,44,64.1,"BULLISH",7.86,8,10,0,NA,NA,NA,NA,NA,205076241.45,"WEAK_HOLD",2026-04-28
563,"SPARC","SUN PHARMA ADV.RES.CO.LTD","MICRO_CAP",146.85,0.09,1.94,27.82,44,59.7,"BULLISH",8.64,8,6,0,NA,NA,NA,NA,NA,192928673.68,"WEAK_HOLD",2026-04-28
687,"AJAXENGG","AJAX ENGINEERING LIMITED","MICRO_CAP",527.75,1.24,1.43,30.6,44,63.7,"BEARISH",3.22,7,13,0,10,10,10,10,10,103728224.3,"WEAK_HOLD",2026-04-28
749,"MANAKCOAT","MAN COAT METAL & IND LTD","MICRO_CAP",117.2,9.16,5.65,21.17,44,61.4,"BEARISH",-0.81,6,16,0,NA,NA,NA,NA,NA,78915201.64,"WEAK_HOLD",2026-04-28
792,"ADFFOODS","ADF FOODS LIMITED","MICRO_CAP",265.66,-0.66,18.44,58.91,44,79.3,"BULLISH",20.54,13,6,0,10,10,10,10,10,62170193.46,"WEAK_HOLD",2026-04-28
10,"BHARTIARTL","BHARTI AIRTEL LIMITED","LARGE_CAP",1843.8,1.3,-0.6,3.44,43.3,49.6,"BEARISH",-4.17,2,17,15,52.75,50.65,51,54.32,59.17,19408631111.3,"WEAK_HOLD",2026-04-28
25,"DIXON","DIXON TECHNO (INDIA) LTD","LARGE_CAP",11370,1.05,0.93,17.54,43.3,59.3,"BULLISH",2.1,5,13,0,NA,NA,NA,NA,NA,10224435426.5,"WEAK_HOLD",2026-04-28
37,"BAJFINANCE","BAJAJ FINANCE LIMITED","LARGE_CAP",923.65,0.2,-1.62,15.23,43.3,54.6,"BEARISH",-0.18,1,10,15,51.99,50.65,47,55.53,59.17,6575120512.65,"WEAK_HOLD",2026-04-28
68,"GRASIM","GRASIM INDUSTRIES LTD","MID_CAP",2783,0.17,0.19,8.81,43.3,57.5,"BEARISH",-1.63,6,15,0,NA,NA,NA,NA,NA,4395904942.9,"WEAK_HOLD",2026-04-28
147,"MANAPPURAM","MANAPPURAM FINANCE LTD","MID_CAP",292.75,1.58,3.89,16.59,43.3,64.5,"BEARISH",-1.08,8,13,0,NA,NA,NA,NA,NA,2043771295.1,"WEAK_HOLD",2026-04-28
224,"FORTIS","FORTIS HEALTHCARE LTD","SMALL_CAP",951.55,-0.24,3.81,19.69,43.3,72.5,"BEARISH",10.85,11,10,0,NA,NA,NA,NA,NA,1205413389.55,"WEAK_HOLD",2026-04-28
304,"AEQUS","AEQUS","MICRO_CAP",196.87,-4.97,3.42,62.76,43.3,72.3,"BULLISH",40.73,15,6,0,NA,NA,NA,NA,NA,701637153.24,"WEAK_HOLD",2026-04-28
369,"ICICIAMC","ICICIAMC","MICRO_CAP",3299.8,0.68,-5.98,17.79,43.3,56.5,"BULLISH",12.1,11,8,0,NA,NA,NA,NA,NA,518846548.6,"WEAK_HOLD",2026-04-28
537,"DODLA","DODLA DAIRY LIMITED","MICRO_CAP",1146.85,3.92,6.38,18.1,43.3,61.5,"BEARISH",-3.78,8,18,0,NA,NA,NA,NA,NA,213839348.05,"WEAK_HOLD",2026-04-28
700,"RPSGVENT","RPSG VENTURES LIMITED","MICRO_CAP",816.25,-3.52,-12.94,2.01,43.3,44.4,"BULLISH",10.15,11,6,0,NA,NA,NA,NA,NA,97915653,"WEAK_HOLD",2026-04-28
841,"SHREEPUSHK","SHRE PUSH CHEM & FERT LTD","MICRO_CAP",382.95,-3.48,11.84,27.1,43.3,65.1,"BULLISH",12.57,11,4,0,NA,NA,NA,NA,NA,46105328.45,"WEAK_HOLD",2026-04-28
50,"ADANIGREEN","ADANI GREEN ENERGY LTD","LARGE_CAP",1249.95,1.65,8.69,54.91,42.7,82.7,"BULLISH",31.93,15,6,0,10,10,10,10,10,5350906533.7,"WEAK_HOLD",2026-04-28
185,"PIIND","PI INDUSTRIES LTD","SMALL_CAP",3097.6,0.45,2.53,13.93,42.7,58.7,"BEARISH",1.25,7,13,0,NA,NA,NA,NA,NA,1515290261.3,"WEAK_HOLD",2026-04-28
536,"EPL","EPL LIMITED","MICRO_CAP",225.34,-1.74,-2.36,9.78,42.7,54.5,"STRONG_BULLISH",5.23,8,8,0,NA,NA,NA,NA,NA,215198562.43,"WEAK_HOLD",2026-04-28
551,"OSWALPUMPS","OSWAL PUMPS LIMITED","MICRO_CAP",414.15,0.04,0.53,42.66,42.7,63.7,"BULLISH",13.75,11,6,0,NA,NA,NA,NA,NA,203308344.15,"WEAK_HOLD",2026-04-28
773,"STOVEKRAFT","STOVE KRAFT LIMITED","MICRO_CAP",548.05,1,3.5,20.85,42.7,56.3,"BULLISH",6.2,8,11,0,NA,NA,NA,NA,NA,71749131.8,"WEAK_HOLD",2026-04-28
54,"INDUSINDBK","INDUSIND BANK LIMITED","MID_CAP",885.55,-1.62,3.4,17.69,42,58.2,"BEARISH",-0.37,6,10,0,NA,NA,NA,NA,NA,5112699274.2,"WEAK_HOLD",2026-04-28
158,"TATACONSUM","TATA CONSUMER PRODUCT LTD","SMALL_CAP",1147.7,-1.1,0.5,13.1,42,59.8,"BEARISH",3.77,4,10,0,NA,NA,NA,NA,NA,1894967903.7,"WEAK_HOLD",2026-04-28
205,"TORNTPHARM","TORRENT PHARMACEUTICALS L","SMALL_CAP",4182.9,-0.87,1.14,-0.88,42,51,"BULLISH",6.69,3,12,0,NA,NA,NA,NA,NA,1357368323.3,"WEAK_HOLD",2026-04-28
289,"CHOLAHLDNG","CHOLAMANDALAM FIN HOL LTD","SMALL_CAP",1551.1,-2.29,-1.53,13.61,42,49.9,"BEARISH",-6.09,6,10,15,50.66,50.22,47,51.59,56.67,761633258.6,"WEAK_HOLD",2026-04-28
398,"NUVAMA","NUVAMA WEALTH MANAGE LTD","MICRO_CAP",1378.3,1.38,-0.95,18.71,42,59.5,"BULLISH",3.6,6,13,0,NA,NA,NA,NA,NA,432354991.5,"WEAK_HOLD",2026-04-28
424,"SYNGENE","SYNGENE INTERNATIONAL LTD","MICRO_CAP",440.25,0.53,-0.99,12.91,42,57.9,"BEARISH",1.39,4,15,0,NA,NA,NA,NA,NA,358937350.7,"WEAK_HOLD",2026-04-28
442,"ABREL","ADITYA BIRLA REAL EST LTD","MICRO_CAP",1511.4,2.9,5.77,34.59,42,73.9,"BULLISH",7.52,8,6,0,10,10,10,10,10,315836166.5,"WEAK_HOLD",2026-04-28
486,"HDFCSML250","HDFCAMC - HDFCSML250","MICRO_CAP",168.43,0.01,1.2,17.01,42,66.5,"BULLISH",6.33,8,10,0,NA,NA,NA,NA,NA,262921312.39,"WEAK_HOLD",2026-04-28
542,"RATNAVEER","RATNAVEER PRECISION ENG L","MICRO_CAP",160.63,2.25,10.45,22.34,42,63,"BULLISH",9.04,8,8,0,NA,NA,NA,NA,NA,209350222.22,"WEAK_HOLD",2026-04-28
599,"LXCHEM","LAXMI ORGANIC INDUS LTD","MICRO_CAP",150.48,1.14,6.84,39.19,42,68.9,"BULLISH",2.82,7,6,0,NA,NA,NA,NA,NA,159643999.01,"WEAK_HOLD",2026-04-28
647,"MAHLOG","MAHINDRA LOGISTIC LIMITED","MICRO_CAP",410.1,-0.21,-3.72,23.23,42,54.7,"BULLISH",7.02,8,8,0,NA,NA,NA,NA,NA,131774073.95,"WEAK_HOLD",2026-04-28
672,"GODREJAGRO","GODREJ AGROVET LIMITED","MICRO_CAP",587.6,-2.88,-3.38,9.89,42,47.6,"BULLISH",2.86,3,10,0,NA,NA,NA,NA,NA,112783494.3,"WEAK_HOLD",2026-04-28
716,"NEPHROPLUS","NEPHROPLUS","MICRO_CAP",539.6,0.18,-4.07,6.46,42,47.2,"NEUTRAL",4.9,7,11,0,NA,NA,NA,NA,NA,92523521.85,"WEAK_HOLD",2026-04-28
746,"LINC","LINC LIMITED","MICRO_CAP",106.94,9.16,8.03,23.53,42,62.7,"BEARISH",-4.25,8,16,0,NA,NA,NA,NA,NA,80105265.4,"WEAK_HOLD",2026-04-28
903,"GIPCL","GUJ IND POW CO. LTD","MICRO_CAP",157.47,-0.24,2.33,30.36,42,67.3,"BULLISH",7.55,8,8,0,NA,NA,NA,NA,NA,27149832.38,"WEAK_HOLD",2026-04-28
908,"REDTAPE","REDTAPE LIMITED","MICRO_CAP",129.93,-0.6,5.97,18.19,42,67.4,"BULLISH",5.09,8,10,0,NA,NA,NA,NA,NA,25885709.5,"WEAK_HOLD",2026-04-28
909,"UTTAMSUGAR","UTTAM SUGAR MILLS LTD.","MICRO_CAP",253.3,-2.73,4.28,1.38,42,58.8,"BULLISH",16.52,11,2,0,NA,NA,NA,NA,NA,25824972.84,"WEAK_HOLD",2026-04-28
1,"RELIANCE","RELIANCE INDUSTRIES LTD","LARGE_CAP",1388.9,1.69,2.63,3.35,41.3,55.2,"BEARISH",-0.61,3,15,0,NA,NA,NA,NA,NA,56634360964.6,"WEAK_HOLD",2026-04-28
268,"NAZARA","NAZARA TECHNOLOGIES LTD","SMALL_CAP",269.04,-0.6,-2.43,15.44,41.3,59.2,"BULLISH",0.8,7,8,0,NA,NA,NA,NA,NA,912854859.06,"WEAK_HOLD",2026-04-28
300,"WEBELSOLAR","WEBSOL ENERGY SYSTEM LTD","SMALL_CAP",122.2,4.99,38.44,88.41,41.3,83.9,"BULLISH",74.43,15,4,0,NA,NA,NA,NA,NA,732566457.05,"WEAK_HOLD",2026-04-28
436,"AIIL","AUTHUM INVEST & INFRA LTD","MICRO_CAP",488.6,0.15,3.8,13.67,41.3,51.7,"BEARISH",2.3,2,11,0,10,10,10,10,10,338497324.8,"WEAK_HOLD",2026-04-28
513,"EPACKPEB","EPACKPEB","MICRO_CAP",200.26,-0.97,3.22,51.52,41.3,64.8,"BULLISH",2.19,9,6,0,NA,NA,NA,NA,NA,235282862.84,"WEAK_HOLD",2026-04-28
539,"SBILIQETF","SBILIQETF","MICRO_CAP",1036.52,0.01,0.09,0.35,41.3,99.8,"STRONG_BULLISH",5.17,5,15,0,NA,NA,NA,NA,NA,212890912.55,"WEAK_HOLD",2026-04-28
547,"MARKSANS","MARKSANS PHARMA LIMITED","MICRO_CAP",184.1,-4.17,4.15,17.34,41.3,56.6,"BULLISH",2.61,7,10,0,NA,NA,NA,NA,NA,204680763.09,"WEAK_HOLD",2026-04-28
624,"GICRE","GENERAL INS CORP OF INDIA","MICRO_CAP",399.55,-0.08,0.59,10.08,41.3,61.3,"STRONG_BULLISH",4.46,4,12,0,NA,NA,NA,NA,NA,145872737.5,"WEAK_HOLD",2026-04-28
650,"JSWCEMENT","JSW CEMENT LIMITED","MICRO_CAP",123.97,-1.01,-3.16,12.51,41.3,51.3,"STRONG_BULLISH",6.41,4,10,0,NA,NA,NA,NA,NA,128064042.05,"WEAK_HOLD",2026-04-28
791,"SUMICHEM","SUMITOMO CHEM INDIA LTD","MICRO_CAP",431.9,-2.9,-1.83,18.51,41.3,56.3,"BULLISH",6.36,8,10,0,NA,NA,NA,NA,NA,62360416.7,"WEAK_HOLD",2026-04-28
894,"IVALUE","IVALUE","MICRO_CAP",257.03,-3.95,-8.82,18.76,41.3,54,"BULLISH",7.61,8,8,0,NA,NA,NA,NA,NA,28570098.74,"WEAK_HOLD",2026-04-28
911,"GKSL","GKSL","MICRO_CAP",114.68,-0.66,1.67,13.16,41.3,63.4,"BULLISH",6.3,8,12,0,NA,NA,NA,NA,NA,25248060.14,"WEAK_HOLD",2026-04-28
76,"ADANIPORTS","ADANI PORT & SEZ LTD","MID_CAP",1637.6,0.56,2.73,24.76,40.7,70.7,"BULLISH",9.49,9,8,0,10,10,10,10,10,4087690368.6,"WEAK_HOLD",2026-04-28
82,"TRENT","TRENT LTD","MID_CAP",4253.9,-0.16,-3.11,29.07,40.7,62.4,"BULLISH",5.82,8,8,0,NA,NA,NA,NA,NA,3794971957.4,"WEAK_HOLD",2026-04-28
141,"LIQUIDCASE","ZERODHAAMC - LIQUIDCASE","MID_CAP",113.8,0.01,0.09,0.34,40.7,100,"STRONG_BULLISH",5.16,4,15,0,NA,NA,NA,NA,NA,2226875078.83,"WEAK_HOLD",2026-04-28
222,"SHAILY","SHAILY ENG PLASTICS LTD","SMALL_CAP",2489.4,2.76,35.25,19.43,40.7,68,"BULLISH",16.71,11,0,0,NA,NA,NA,NA,NA,1233102296.6,"WEAK_HOLD",2026-04-28
340,"HBLENGINE","HBL ENGINEERING LTD","MICRO_CAP",800.35,-1.14,2.18,30.18,40.7,63.8,"BULLISH",6.73,8,8,0,NA,NA,NA,NA,NA,604875386.9,"WEAK_HOLD",2026-04-28
348,"CONCORDBIO","CONCORD BIOTECH LIMITED","MICRO_CAP",1072,1.33,2.71,5.26,40.7,50.4,"BEARISH",-12.24,4,11,20,68.6,74.78,76,57.95,54,572608837.5,"WEAK_HOLD",2026-04-28
350,"GRWRHITECH","GARWARE HI-TECH FILMS LTD","MICRO_CAP",3951.8,-2.13,0.63,16.83,40.7,53,"BULLISH",-3.55,6,10,0,NA,NA,NA,NA,NA,566920456.7,"WEAK_HOLD",2026-04-28
429,"CELLO","CELLO WORLD LIMITED","MICRO_CAP",418.75,-2.16,-1.99,7.79,40.7,48.4,"BEARISH",-13.64,4,12,15,54.29,55,47,55.45,63,352349821.55,"WEAK_HOLD",2026-04-28
512,"KSHINTL","KSHINTL","MICRO_CAP",684.05,0.54,13.66,55.91,40.7,82.9,"BULLISH",88.86,15,6,0,NA,NA,NA,NA,NA,236148912.5,"WEAK_HOLD",2026-04-28
545,"UTLSOLAR","UTLSOLAR","MICRO_CAP",305.94,0.97,16.23,54.91,40.7,87.8,"BULLISH",45.7,15,6,0,NA,NA,NA,NA,NA,205160018.45,"WEAK_HOLD",2026-04-28
885,"MUKANDLTD","MUKAND LTD.","MICRO_CAP",138.82,-1.37,1.83,16.01,40.7,57.2,"BULLISH",5.63,8,8,0,NA,NA,NA,NA,NA,30574409.3,"WEAK_HOLD",2026-04-28
904,"GROWWLIQID","GROWWAMC - GROWWLIQID","MICRO_CAP",108.82,0.02,0.09,0.33,40.7,100,"STRONG_BULLISH",5.12,4,15,0,NA,NA,NA,NA,NA,27043215.31,"WEAK_HOLD",2026-04-28
917,"NACLIND","NACL INDUSTRIES LIMITED","MICRO_CAP",156.92,0.25,-7.02,25.22,40.7,52.8,"BULLISH",12.4,11,6,0,NA,NA,NA,NA,NA,23656421.73,"WEAK_HOLD",2026-04-28
928,"IKIO","IKIO TECHNOLOGIES LIMITED","MICRO_CAP",147.68,1.79,2.68,37.59,40.7,62.5,"BULLISH",-2.78,6,11,0,NA,NA,NA,NA,NA,19031006.75,"WEAK_HOLD",2026-04-28
403,"SYMPHONY","SYMPHONY LIMITED","MICRO_CAP",873.65,2.29,8.92,26.93,40,67.3,"BEARISH",-4.62,10,8,0,NA,NA,NA,NA,NA,409326479.2,"WEAK_HOLD",2026-04-28
494,"UFLEX","UFLEX LIMITED","MICRO_CAP",431.85,8.92,7.28,29.16,40,60.8,"BEARISH",-10.25,10,16,0,NA,NA,NA,NA,NA,254844001.85,"WEAK_HOLD",2026-04-28
535,"JUNIORBEES","NIP IND ETF JUNIOR BEES","MICRO_CAP",761.62,-0.23,-0.13,16.83,40,63.4,"BEARISH",5.49,8,10,0,NA,NA,NA,NA,NA,217758153.83,"WEAK_HOLD",2026-04-28
550,"MID150BEES","NIP IND ETF MIDCAP 150","MICRO_CAP",229.18,-0.14,0.28,14.42,40,62.8,"BEARISH",3.34,4,12,0,NA,NA,NA,NA,NA,203805041.48,"WEAK_HOLD",2026-04-28
619,"DIAMONDYD","PRATAAP SNACKS LIMITED","MICRO_CAP",1008,0.54,2.49,-0.4,40,55.2,"BEARISH",-3.46,10,11,0,NA,NA,NA,NA,NA,149787222.3,"WEAK_HOLD",2026-04-28
703,"CARYSIL","CARYSIL LIMITED","MICRO_CAP",919.25,0.65,3.58,22.01,40,61.2,"BEARISH",-1.54,6,10,15,52.42,50,55,56.45,49.17,96733980.95,"WEAK_HOLD",2026-04-28
742,"HNGSNGBEES","NIP IND ETF HANGSENG BEES","MICRO_CAP",523.77,-0.42,-1.94,15.9,40,53.7,"BEARISH",1.12,4,10,0,NA,NA,NA,NA,NA,81767810.42,"WEAK_HOLD",2026-04-28
752,"GRMOVER","GRM OVERSEAS LIMITED","MICRO_CAP",164.43,0.17,0.7,7.66,40,54.1,"BULLISH",6.13,6,12,0,NA,NA,NA,NA,NA,78029605.66,"WEAK_HOLD",2026-04-28
804,"EKC","EVEREST KANTO CYLINDERLTD","MICRO_CAP",124.19,2.19,6.25,36.64,40,66,"BULLISH",0.51,7,6,0,NA,NA,NA,NA,NA,57061068.48,"WEAK_HOLD",2026-04-28
878,"QUADFUTURE","QUADRANT FUTURE TEK LTD","MICRO_CAP",314.65,-0.91,-2.84,17.34,40,54.8,"BULLISH",5.33,6,10,0,NA,NA,NA,NA,NA,32120535.05,"WEAK_HOLD",2026-04-28
893,"ORIENTELEC","ORIENT ELECTRIC LIMITED","MICRO_CAP",188.3,-2.68,3.45,20.47,40,62.4,"BEARISH",8.27,8,8,0,NA,NA,NA,NA,NA,28603099.87,"WEAK_HOLD",2026-04-28
69,"KAYNES","KAYNES TECHNOLOGY IND LTD","MID_CAP",4096.9,-2.32,-3.54,19.46,39.3,54.3,"BULLISH",7.68,8,8,0,NA,NA,NA,NA,NA,4337388016.7,"WEAK_HOLD",2026-04-28
72,"HINDZINC","HINDUSTAN ZINC LIMITED","MID_CAP",616.1,-1.89,4.69,22.69,39.3,62.5,"BEARISH",3.9,7,8,0,NA,NA,NA,NA,NA,4297267644.4,"WEAK_HOLD",2026-04-28
103,"ASHOKLEY","ASHOK LEYLAND LTD","MID_CAP",167.52,-1.05,-5.15,8.69,39.3,44.4,"BULLISH",-15.97,0,10,25,71.08,74.57,82,59.41,59.17,3003927760.56,"WEAK_HOLD",2026-04-28
151,"CIPLA","CIPLA LTD","SMALL_CAP",1306.5,-0.81,6,6.72,39.3,61.4,"BEARISH",1.51,2,8,15,51.15,50.65,47,55.68,53.33,1967285634.8,"WEAK_HOLD",2026-04-28
173,"CDSL","CENTRAL DEPO SER (I) LTD","SMALL_CAP",1324.6,0.04,-2.79,18.33,39.3,55.6,"BULLISH",-1.29,3,13,15,52.49,53.1,47,57.75,53,1640523512.6,"WEAK_HOLD",2026-04-28
321,"LIQUIDIETF","ICICIPRAMC - ICICILIQ","MICRO_CAP",999.99,0,0,0,39.3,50.7,"BULLISH",4.16,1,12,0,NA,NA,NA,NA,NA,664580911.61,"WEAK_HOLD",2026-04-28
420,"SWSOLAR","STRLNG & WIL REN ENE LTD","MICRO_CAP",213.31,-1.25,1.81,43.28,39.3,64.5,"BULLISH",5.93,8,6,0,NA,NA,NA,NA,NA,365408317.93,"WEAK_HOLD",2026-04-28
534,"SURYAROSNI","SURYA ROSHNI LTD","MICRO_CAP",236.79,-0.87,-0.26,25.9,39.3,58.4,"BULLISH",-1.11,8,8,0,NA,NA,NA,NA,NA,217967344.88,"WEAK_HOLD",2026-04-28
556,"INDOTHAI","INDO THAI SEC LTD","MICRO_CAP",292.25,-1.73,-4.68,1.76,39.3,52.3,"BULLISH",19.55,9,6,0,NA,NA,NA,NA,NA,201176120.5,"WEAK_HOLD",2026-04-28
612,"SUPRIYA","SUPRIYA LIFESCIENCE LTD","MICRO_CAP",704.7,0.04,13.52,25.41,39.3,66.8,"BULLISH",6.74,8,6,0,NA,NA,NA,NA,NA,151820269.3,"WEAK_HOLD",2026-04-28
615,"PSUBANK","KOTAK PSU BANK","MICRO_CAP",863.24,-2.64,-4.07,9.51,39.3,47,"BULLISH",-1.35,6,12,0,NA,NA,NA,NA,NA,151070844.02,"WEAK_HOLD",2026-04-28
668,"LOTUSDEV","SRI LOTUS DEVLPRS N RTY L","MICRO_CAP",147.29,-0.3,0.79,43.22,39.3,63,"BULLISH",3.56,6,6,0,NA,NA,NA,NA,NA,115138093.68,"WEAK_HOLD",2026-04-28
714,"KRBL","KRBL LIMITED","MICRO_CAP",374.35,-0.6,6.18,32.65,39.3,64.6,"BULLISH",5.27,8,6,0,NA,NA,NA,NA,NA,92551245.95,"WEAK_HOLD",2026-04-28
738,"HPL","HPL ELECTRIC & POWER LTD","MICRO_CAP",370.5,-1.48,2.79,44.11,39.3,64.6,"BULLISH",6.81,8,6,0,NA,NA,NA,NA,NA,83052578.95,"WEAK_HOLD",2026-04-28
767,"VGUARD","V-GUARD IND LTD.","MICRO_CAP",334.05,0.09,0.16,6.03,39.3,57.9,"BULLISH",2.86,2,12,0,NA,NA,NA,NA,NA,73760647.95,"WEAK_HOLD",2026-04-28
830,"MOGOLD","MOTILALAMC - MOGOLD","MICRO_CAP",146.8,-1.08,-2.07,2.34,39.3,45.9,"BULLISH",-0.05,4,10,0,NA,NA,NA,NA,NA,49263373.8,"WEAK_HOLD",2026-04-28
910,"PATELRMART","PATEL RETAIL LIMITED","MICRO_CAP",211.81,-2.97,2.8,40.07,39.3,66.7,"BULLISH",5.34,8,6,0,NA,NA,NA,NA,NA,25759987.63,"WEAK_HOLD",2026-04-28
66,"BPCL","BHARAT PETROLEUM CORP  LT","MID_CAP",307.75,-1.57,-3.24,9.52,38.7,49,"BEARISH",-16.18,3,10,20,62.6,70,56,58.64,59.17,4446338206,"WEAK_HOLD",2026-04-28
78,"EICHERMOT","EICHER MOTORS LTD","MID_CAP",7071.5,-1.43,-2.33,7.37,38.7,48.6,"BULLISH",1.08,2,12,0,NA,NA,NA,NA,NA,3993457963,"WEAK_HOLD",2026-04-28
99,"CANBK","CANARA BANK","MID_CAP",137.1,-2.43,-4.96,11.06,38.7,46.2,"BEARISH",-2.47,1,10,15,54.62,54.05,47,56.76,66,3056206864.93,"WEAK_HOLD",2026-04-28
347,"LIQUID1","KOTAKMAMC - KOTAKLIQ","MICRO_CAP",1101.77,0.01,0.09,0.35,38.7,100,"STRONG_BULLISH",5.18,4,12,0,NA,NA,NA,NA,NA,574194708.68,"WEAK_HOLD",2026-04-28
367,"MARICO","MARICO LIMITED","MICRO_CAP",780.85,-0.78,2.41,6.1,38.7,58.9,"BULLISH",6.25,4,8,0,NA,NA,NA,NA,NA,524621202.7,"WEAK_HOLD",2026-04-28
382,"BHARTIHEXA","BHARTI HEXACOM LIMITED","MICRO_CAP",1509.6,0.68,-3.06,0.06,38.7,42.8,"BEARISH",-6.2,3,10,15,53.93,52.39,51,56.14,60,498396214.2,"WEAK_HOLD",2026-04-28
483,"LIQUIDBETF","BFAM - LIQUIDBETF","MICRO_CAP",1079.17,0.01,0.09,0.36,38.7,100,"STRONG_BULLISH",5.15,4,12,0,NA,NA,NA,NA,NA,265082678.2,"WEAK_HOLD",2026-04-28
493,"KIMS","KRISHNA INST OF MED SCI L","MICRO_CAP",662.25,-1.81,-2.8,6.56,38.7,49.9,"BULLISH",6.07,4,12,0,NA,NA,NA,NA,NA,255645620.7,"WEAK_HOLD",2026-04-28
523,"LIQUIDPLUS","MIRAEAMC - LIQUIDPLUS","MICRO_CAP",1082.85,0.01,0.09,0.34,38.7,99.9,"STRONG_BULLISH",5.17,4,12,0,NA,NA,NA,NA,NA,225942226.22,"WEAK_HOLD",2026-04-28
562,"WEWORK","WEWORK","MICRO_CAP",546,-3.67,0.19,19.91,38.7,61.7,"BULLISH",-3.96,8,8,0,NA,NA,NA,NA,NA,195339588.5,"WEAK_HOLD",2026-04-28
574,"SUNTV","SUN TV NETWORK LIMITED","MICRO_CAP",595.05,-2.61,-7.75,4.96,38.7,45.7,"STRONG_BULLISH",1.02,2,8,0,NA,NA,NA,NA,NA,184318052.55,"WEAK_HOLD",2026-04-28
621,"CASHIETF","ICICIPRAMC - CASHIETF","MICRO_CAP",1059.62,0.01,0.09,0.35,38.7,99.9,"STRONG_BULLISH",5.17,4,12,0,10,10,10,10,10,147756820.79,"WEAK_HOLD",2026-04-28
661,"PRICOLLTD","PRICOL LIMITED","MICRO_CAP",596.55,-0.58,-1.47,16.08,38.7,57.2,"BEARISH",6.3,6,10,0,NA,NA,NA,NA,NA,118866958.05,"WEAK_HOLD",2026-04-28
685,"NIACL","THE NEW INDIA ASSU CO LTD","MICRO_CAP",163.52,-1.3,-0.11,38.79,38.7,63.9,"BULLISH",6.99,8,6,0,NA,NA,NA,NA,NA,106829697.91,"WEAK_HOLD",2026-04-28
731,"TRIVENI","TRIVENI ENGG. & INDS. LTD","MICRO_CAP",405.5,-2.55,2.63,6.88,38.7,58,"STRONG_BULLISH",7.14,3,4,0,NA,NA,NA,NA,NA,85218913.4,"WEAK_HOLD",2026-04-28
754,"SAREGAMA","SAREGAMA INDIA LIMITED","MICRO_CAP",358.75,-0.26,5.42,12.36,38.7,63.4,"BEARISH",6.37,6,10,0,NA,NA,NA,NA,NA,77675574.55,"WEAK_HOLD",2026-04-28
834,"SANGHVIMOV","SANGHVI MOVERS LTD","MICRO_CAP",302.62,-0.38,-1.34,29.74,38.7,57.2,"BULLISH",5.02,8,6,0,NA,NA,NA,NA,NA,47271461.69,"WEAK_HOLD",2026-04-28
847,"DDEVPLSTIK","DDEV PLASTIKS IND LTD","MICRO_CAP",252.86,1.57,5.98,33.54,38.7,59.6,"BEARISH",-9.05,5,9,15,52.26,49.57,51,55.68,57,44042442.31,"WEAK_HOLD",2026-04-28
176,"LTF","L&T FINANCE LIMITED","SMALL_CAP",285.78,-0.7,-2.1,18.98,38,56.4,"BEARISH",1.36,4,10,0,NA,NA,NA,NA,NA,1625719343.32,"WEAK_HOLD",2026-04-28
257,"HDFCGOLD","HDFC GOLD ETF","SMALL_CAP",126.81,-1.21,-1.95,1.64,38,46.2,"BULLISH",-0.13,2,10,0,NA,NA,NA,NA,NA,996675575.08,"WEAK_HOLD",2026-04-28
288,"THELEELA","SCHLOSS BANGALORE LIMITED","SMALL_CAP",419.8,-1.66,-3.46,2.49,38,45,"BULLISH",-1.23,6,12,0,NA,NA,NA,NA,NA,768732683.4,"WEAK_HOLD",2026-04-28
395,"NH","NARAYANA HRUDAYALAYA LTD.","MICRO_CAP",1757,-1.87,-2.61,9.45,38,50.6,"BEARISH",2.1,2,12,0,NA,NA,NA,NA,NA,447643246.5,"WEAK_HOLD",2026-04-28
414,"TEJASNET","TEJAS NETWORKS LIMITED","MICRO_CAP",412.75,-0.29,1.43,6.86,38,47.6,"BEARISH",21.57,8,8,0,NA,NA,NA,NA,NA,389358200.3,"WEAK_HOLD",2026-04-28
452,"ELECON","ELECON ENG. CO. LTD","MICRO_CAP",479.2,-3.67,1.62,35.08,38,62.7,"BULLISH",6.33,8,4,0,NA,NA,NA,NA,NA,299082172.85,"WEAK_HOLD",2026-04-28
617,"TI","TILAKNAGAR INDUSTRIES LTD","MICRO_CAP",459.6,-0.59,-3.02,10.44,38,55.2,"BEARISH",6.78,4,12,0,NA,NA,NA,NA,NA,150650521.9,"WEAK_HOLD",2026-04-28
845,"INDOFARM","INDO FARM EQUIPMENT LTD","MICRO_CAP",138.39,-5.91,-6.09,24.5,38,48.6,"BULLISH",-2.27,8,8,0,NA,NA,NA,NA,NA,44242960.19,"WEAK_HOLD",2026-04-28
875,"CAMPUS","CAMPUS ACTIVEWEAR LIMITED","MICRO_CAP",250.23,-0.14,-0.71,14.34,38,56.4,"BEARISH",-7.26,3,10,25,74.2,73.7,94,58.86,63,32773690.83,"WEAK_HOLD",2026-04-28
57,"LIQUIDBEES","NIP IND ETF LIQUID BEES","MID_CAP",1000,0,0,0,37.3,53.7,"BULLISH",4.16,2,11,0,NA,NA,NA,NA,NA,5078728839.43,"WEAK_HOLD",2026-04-28
124,"BAJAJFINSV","BAJAJ FINSERV LTD.","MID_CAP",1779,0.38,-3.91,9.02,37.3,47.4,"BEARISH",-8.11,1,15,15,52.46,50.71,47,54.86,63,2511062655.9,"WEAK_HOLD",2026-04-28
196,"BRITANNIA","BRITANNIA INDUSTRIES LTD","SMALL_CAP",5662,-0.97,-3.01,4.41,37.3,48.6,"BEARISH",0.56,2,12,15,52.36,51.96,47,54.77,59.17,1413344488.5,"WEAK_HOLD",2026-04-28
374,"WOCKPHARMA","WOCKHARDT LIMITED","MICRO_CAP",1417.3,-1.41,0.68,20.55,37.3,60.4,"BULLISH",3.33,6,8,0,NA,NA,NA,NA,NA,508162559.8,"WEAK_HOLD",2026-04-28
380,"AFCONS","AFCONS INFRASTRUCTURE LTD","MICRO_CAP",333.9,5.75,-0.61,22.94,37.3,59.8,"BULLISH",0.76,6,16,0,10,10,10,10,10,501351690.1,"WEAK_HOLD",2026-04-28
499,"JMFINANCIL","JM FINANCIAL LIMITED","MICRO_CAP",137.83,-1.94,3.27,21.32,37.3,59.2,"BULLISH",2.31,6,10,0,NA,NA,NA,NA,NA,248178634.12,"WEAK_HOLD",2026-04-28
508,"VIKRAMSOLR","VIKRAM SOLAR LIMITED","MICRO_CAP",226.37,0.17,2.12,27.41,37.3,63.9,"BULLISH",4.25,6,8,0,NA,NA,NA,NA,NA,240433881.62,"WEAK_HOLD",2026-04-28
517,"INOXGREEN","INOX GREEN ENERGY SER LTD","MICRO_CAP",179.92,-1.2,4.04,32.33,37.3,65.9,"BULLISH",4.9,6,8,0,NA,NA,NA,NA,NA,231587161.77,"WEAK_HOLD",2026-04-28
552,"PFOCUS","PRIME FOCUS LIMITED","MICRO_CAP",309.8,-2.62,-5.61,-5.94,37.3,47.4,"BULLISH",20.6,8,0,0,NA,NA,NA,NA,NA,202796195.55,"WEAK_HOLD",2026-04-28
655,"KPRMILL","KPR MILL LTD.","MICRO_CAP",931.5,-0.33,1.08,12.3,37.3,63.9,"BULLISH",2.14,4,12,0,NA,NA,NA,NA,NA,121843188.9,"WEAK_HOLD",2026-04-28
697,"ATULAUTO","ATUL AUTO LIMITED","MICRO_CAP",485.8,-1.17,3.55,27.11,37.3,60.8,"BULLISH",-2.08,5,8,10,49.43,48.48,47,55.45,48,99588617.9,"WEAK_HOLD",2026-04-28
753,"GNFC","GUJ NAR VAL FER & CHEM L","MICRO_CAP",475.25,0.08,-1.67,29.69,37.3,61.3,"BULLISH",1.31,6,11,0,NA,NA,NA,NA,NA,77708544.35,"WEAK_HOLD",2026-04-28
774,"DBREALTY","VALOR ESTATE LIMITED","MICRO_CAP",105.4,-1.26,-2.31,25.52,37.3,53.2,"BEARISH",-13.35,5,8,25,72.04,73.48,94,57.5,51,70395730.51,"WEAK_HOLD",2026-04-28
812,"PARKHOTELS","PARKHOTELS","MICRO_CAP",125.55,1.67,1.2,30.18,37.3,60.7,"BEARISH",-0.74,6,8,0,NA,NA,NA,NA,NA,53326255.79,"WEAK_HOLD",2026-04-28
140,"BANKINDIA","BANK OF INDIA","MID_CAP",144.25,-2.21,-3.72,5.3,36.7,43.9,"BULLISH",-9.76,1,12,15,52.66,50.71,47,55.88,63,2230766754.54,"WEAK_HOLD",2026-04-28
230,"MOTILALOFS","MOTILAL OSWAL FIN LTD","SMALL_CAP",782.7,-1.4,-4.69,23.7,36.7,55.5,"BULLISH",-0.5,6,8,0,NA,NA,NA,NA,NA,1122067575.7,"WEAK_HOLD",2026-04-28
248,"GODREJPROP","GODREJ PROPERTIES LTD","SMALL_CAP",1824.6,-0.2,1.09,24.01,36.7,63.6,"BEARISH",4.37,6,10,0,NA,NA,NA,NA,NA,1023104582.9,"WEAK_HOLD",2026-04-28
251,"GAIL","GAIL (INDIA) LTD","SMALL_CAP",165.68,-0.04,3.05,20.31,36.7,67.7,"BEARISH",4.85,6,10,0,NA,NA,NA,NA,NA,1013744807.34,"WEAK_HOLD",2026-04-28
256,"INFOBEAN","INFOBEANS TECHNO. LTD.","SMALL_CAP",198.82,7.45,12.8,60.68,36.7,47.4,"BEARISH",-73.93,10,14,0,NA,NA,NA,NA,NA,1000587925.63,"WEAK_HOLD",2026-04-28
332,"PINELABS","PINELABS","MICRO_CAP",205.47,2.68,5.04,31.56,36.7,70.9,"NEUTRAL",0.52,6,16,0,NA,NA,NA,NA,NA,625394250.4,"WEAK_HOLD",2026-04-28
541,"AEGISVOPAK","AEGIS VOPAK TERMINALS LTD","MICRO_CAP",199.08,0.39,0.4,23.15,36.7,56.1,"BEARISH",-5.51,6,13,0,10,10,10,10,10,211407029.6,"WEAK_HOLD",2026-04-28
585,"BLS","BLS INTL SERVS LTD","MICRO_CAP",279.29,-0.98,-4.59,18.52,36.7,51.1,"BULLISH",-0.45,3,8,15,54.09,53.1,51,57.75,57,168868593.36,"WEAK_HOLD",2026-04-28
610,"ACE","ACTION CONST EQUIP LTD","MICRO_CAP",904.25,-1.33,-0.94,20.74,36.7,55.5,"BULLISH",2.23,6,10,0,10,10,10,10,10,152241396.35,"WEAK_HOLD",2026-04-28
611,"MEDANTA","GLOBAL HEALTH LIMITED","MICRO_CAP",1137.55,-2.59,5.2,18.36,36.7,61.7,"BEARISH",4.01,6,10,0,NA,NA,NA,NA,NA,152021042.95,"WEAK_HOLD",2026-04-28
692,"VIYASH","VIYASH","MICRO_CAP",210.27,0.69,1.07,15.01,36.7,57.2,"NEUTRAL",6.73,6,10,0,NA,NA,NA,NA,NA,101514736.13,"WEAK_HOLD",2026-04-28
732,"VIMTALABS","VIMTA LABS LIMITED","MICRO_CAP",452.85,-2.02,-5.49,18.95,36.7,50,"BEARISH",1.2,4,8,0,NA,NA,NA,NA,NA,85157875,"WEAK_HOLD",2026-04-28
842,"AARTIDRUGS","AARTI DRUGS LTD.","MICRO_CAP",379.45,-0.62,4.94,18.67,36.7,60.9,"BULLISH",4.15,6,10,0,27.96,23.33,35,41.88,10,45459922.25,"WEAK_HOLD",2026-04-28
93,"BANKBARODA","BANK OF BARODA","MID_CAP",267.83,-2.25,-5.71,8.17,36,41.7,"BEARISH",-3.6,1,10,15,53.65,55.48,47,57.94,54.17,3343156147.87,"WEAK_HOLD",2026-04-28
192,"RAILTEL","RAILTEL CORP OF IND LTD","SMALL_CAP",332.3,2.63,1.78,35.03,36,62.3,"BULLISH",-0.03,5,14,0,NA,NA,NA,NA,NA,1430810636.74,"WEAK_HOLD",2026-04-28
258,"IGL","INDRAPRASTHA GAS LTD","SMALL_CAP",166.45,0.95,-0.45,14.3,36,58.1,"BEARISH",-1.98,6,13,0,NA,NA,NA,NA,NA,973356119.24,"WEAK_HOLD",2026-04-28
271,"KNRCON","KNR CONSTRU LTD.","SMALL_CAP",130.62,6.81,8.03,15.55,36,60,"BEARISH",-7.43,5,15,0,NA,NA,NA,NA,NA,897882444.4,"WEAK_HOLD",2026-04-28
331,"CEATLTD","CEAT LIMITED","MICRO_CAP",3516.7,-0.52,-7.47,8.46,36,46.4,"BEARISH",-8.07,3,8,15,58.73,59.57,56,55,66,629320335.5,"WEAK_HOLD",2026-04-28
368,"TITAGARH","TITAGARH RAIL SYSTEMS LTD","MICRO_CAP",786.05,-1.53,6.66,36.74,36,68.1,"BULLISH",4.07,6,6,0,NA,NA,NA,NA,NA,522374177.15,"WEAK_HOLD",2026-04-28
419,"SHYAMMETL","SHYAM METALICS AND ENGY L","MICRO_CAP",877.75,-0.95,6.5,13.83,36,61.6,"BULLISH",1.39,6,8,0,NA,NA,NA,NA,NA,371071043.4,"WEAK_HOLD",2026-04-28
715,"RITES","RITES LIMITED","MICRO_CAP",222.1,-0.13,0.87,26.46,36,62.2,"BULLISH",1.43,6,8,0,NA,NA,NA,NA,NA,92530753.78,"WEAK_HOLD",2026-04-28
721,"ARVINDFASN","ARVIND FASHIONS LIMITED","MICRO_CAP",444.45,-1.81,-6.48,10.15,36,48.5,"BULLISH",-5.92,5,8,15,50.43,47.61,47,55.45,57,90794868.3,"WEAK_HOLD",2026-04-28
750,"JAICORPLTD","JAI CORP LIMITED","MICRO_CAP",120.01,0.61,4.67,35.21,36,65.3,"BULLISH",3.65,6,6,0,NA,NA,NA,NA,NA,78609127.38,"WEAK_HOLD",2026-04-28
838,"RUPA","RUPA & COMPANY LTD","MICRO_CAP",152.51,-2.18,6.5,37.79,36,59.9,"BULLISH",4.11,6,6,0,NA,NA,NA,NA,NA,46837219.04,"WEAK_HOLD",2026-04-28
856,"MBEL","M AND B ENGINEERING LTD","MICRO_CAP",333.97,0.11,-0.97,47.48,36,60.3,"BULLISH",1.13,6,6,0,NA,NA,NA,NA,NA,41609310.37,"WEAK_HOLD",2026-04-28
940,"ARKADE","ARKADE DEVELOPERS LIMITED","MICRO_CAP",115.95,-1.73,0.11,22.27,36,56,"BULLISH",-3.6,5,8,15,54.49,57.11,47,56.75,57,12986641.32,"WEAK_HOLD",2026-04-28
235,"TATACOMM","TATA COMMUNICATIONS LTD","SMALL_CAP",1598.6,1.52,5.63,18.6,35.3,61.1,"BEARISH",-0.5,6,13,0,NA,NA,NA,NA,NA,1079065302.5,"WEAK_HOLD",2026-04-28
276,"NYKAA","FSN E COMMERCE VENTURES","SMALL_CAP",270.11,0.34,1.95,14.94,35.3,62.6,"BULLISH",0.39,6,10,0,NA,NA,NA,NA,NA,850200898.5,"WEAK_HOLD",2026-04-28
309,"JKCEMENT","JK CEMENT LIMITED","MICRO_CAP",5472.5,-2.39,-7.57,7.73,35.3,48.8,"BULLISH",-1.84,4,8,0,NA,NA,NA,NA,NA,680380238,"WEAK_HOLD",2026-04-28
588,"POCL","PONDY OXIDES & CHEM LTD","MICRO_CAP",1234.2,0.02,4.82,22.05,35.3,60.9,"BULLISH",2.13,6,10,0,NA,NA,NA,NA,NA,166675804.5,"WEAK_HOLD",2026-04-28
660,"WELENT","WELSPUN ENTERPRISES LTD.","MICRO_CAP",517.55,-1.11,5.96,24.49,35.3,66.4,"BEARISH",4.42,6,8,0,NA,NA,NA,NA,NA,118935896.75,"WEAK_HOLD",2026-04-28
676,"MUFIN","MUFIN GREEN FINANCE LTD","MICRO_CAP",115.56,-1.39,-0.45,21.18,35.3,60.9,"BEARISH",2.19,6,10,0,NA,NA,NA,NA,NA,111587077.01,"WEAK_HOLD",2026-04-28
755,"HERITGFOOD","HERITAGE FOODS LTD","MICRO_CAP",364.7,1.25,0.93,24.07,35.3,63.6,"BULLISH",2.44,6,10,0,NA,NA,NA,NA,NA,77418326.75,"WEAK_HOLD",2026-04-28
784,"DAMCAPITAL","DAM CAPITAL ADVISORS LTD","MICRO_CAP",160.22,-1.84,-2.57,29.99,35.3,59.1,"BULLISH",-3.32,5,6,15,54.19,51.19,55,57.05,57,67189858.35,"WEAK_HOLD",2026-04-28
806,"NORTHARC","NORTHERN ARC CAPITAL LTD","MICRO_CAP",261.31,-0.74,9.14,26.33,35.3,66.6,"BEARISH",4.8,6,8,0,NA,NA,NA,NA,NA,55736551.3,"WEAK_HOLD",2026-04-28
824,"AWFIS","AWFIS SPACE SOLUTIONS LTD","MICRO_CAP",356.42,1.82,1.83,54.53,35.3,64.4,"BULLISH",-4.65,5,6,15,55.21,53.81,51,58.18,62,51087369.29,"WEAK_HOLD",2026-04-28
33,"LT","LARSEN & TOUBRO LTD.","LARGE_CAP",4037.7,-0.39,-0.93,15.23,34.7,56.8,"BEARISH",1.01,6,10,0,NA,NA,NA,NA,NA,7084343755.4,"SELL",2026-04-28
177,"ABCAPITAL","ADITYA BIRLA CAPITAL LTD.","SMALL_CAP",338.3,-1.24,-1.83,15.76,34.7,53.1,"BEARISH",-0.21,4,10,0,24.24,35.38,17,21.67,10,1596330775.25,"SELL",2026-04-28
191,"IEX","INDIAN ENERGY EXC LTD","SMALL_CAP",125.94,-0.4,-0.1,9.75,34.7,50.1,"BULLISH",4,3,8,0,NA,NA,NA,NA,NA,1443807611.7,"SELL",2026-04-28
362,"GOLD1","KOTAK GOLD ETF","MICRO_CAP",123.61,-1.33,-2.14,1.25,34.7,45.7,"BULLISH",-0.24,2,10,0,NA,NA,NA,NA,NA,533226613.85,"SELL",2026-04-28
761,"SULA","SULA VINEYARDS LIMITED","MICRO_CAP",178.14,0.38,1.34,27.85,34.7,60.5,"BEARISH",-1.8,5,11,0,NA,NA,NA,NA,NA,76294537.99,"SELL",2026-04-28
772,"OPTIEMUS","OPTIEMUS INFRACOM LTD","MICRO_CAP",420.15,1.55,3.72,43.52,34.7,62.3,"BEARISH",-1.03,5,11,0,NA,NA,NA,NA,NA,71888750.15,"SELL",2026-04-28
783,"EMSLIMITED","EMS LIMITED","MICRO_CAP",359.4,0.34,-4.78,38.31,34.7,62.6,"BULLISH",0.06,6,9,0,NA,NA,NA,NA,NA,67694195.25,"SELL",2026-04-28
819,"BOMDYEING","BOMBAY DYEING & MFG. CO L","MICRO_CAP",114.85,-0.65,0.98,23.88,34.7,57.2,"BEARISH",-3.83,5,8,15,58.79,65.78,54.6,53.64,54,52282808.99,"SELL",2026-04-28
102,"HDFCAMC","HDFC AMC LIMITED","MID_CAP",2760.2,0.15,-1.21,24.54,34,60.7,"BEARISH",2.15,6,11,0,NA,NA,NA,NA,NA,3036336563.1,"SELL",2026-04-28
121,"HINDCOPPER","HINDUSTAN COPPER LTD","MID_CAP",556.4,-0.53,0.82,22.69,34,56.6,"BULLISH",-2.73,5,8,0,NA,NA,NA,NA,NA,2585225616.4,"SELL",2026-04-28
146,"SUPREMEIND","SUPREME INDUSTRIES LTD","MID_CAP",3631.9,-1.64,-0.95,-3.02,34,40.7,"BEARISH",2.57,2,10,0,NA,NA,NA,NA,NA,2059299330.4,"SELL",2026-04-28
152,"MOTHERSON","SAMVRDHNA MTHRSN INTL LTD","SMALL_CAP",125.22,-2.12,0.42,19.17,34,55.2,"BULLISH",0.91,6,8,0,NA,NA,NA,NA,NA,1963902879.61,"SELL",2026-04-28
254,"PPLPHARMA","PIRAMAL PHARMA LIMITED","SMALL_CAP",164.47,-2.55,9.06,20.46,34,66.7,"BEARISH",4.8,6,6,0,NA,NA,NA,NA,NA,1002150140.48,"SELL",2026-04-28
291,"GOLDIETF","ICICI PRUDENTIAL GOLD ETF","SMALL_CAP",126.86,-1.34,-2.22,1.21,34,45.7,"BULLISH",-0.43,1,10,0,NA,NA,NA,NA,NA,751015157.49,"SELL",2026-04-28
393,"RELIGARE","RELIGARE ENTER. LTD.","MICRO_CAP",226.69,1.65,0.07,12.14,34,54.2,"BULLISH",-10.29,2,17,0,NA,NA,NA,NA,NA,468701163.72,"SELL",2026-04-28
527,"AEGISLOG","AEGIS LOGISTICS LIMITED","MICRO_CAP",711.45,-1.52,-2.18,18.84,34,60.9,"BEARISH",2.92,6,8,0,10,10,10,10,10,222753897.95,"SELL",2026-04-28
593,"AXISGOLD","AXIS MF - AXIS GOLD ETF","MICRO_CAP",123.46,-1.39,-2.19,1.5,34,46.2,"BULLISH",-0.34,1,10,0,10,10,10,10,10,164322858.58,"SELL",2026-04-28
691,"ELLEN","ELLENBARRIE INDUS GASES L","MICRO_CAP",274.94,-2.85,8.38,39.19,34,64.8,"BULLISH",4.54,6,6,0,NA,NA,NA,NA,NA,101600852.79,"SELL",2026-04-28
741,"SHAREINDIA","SHARE IND. SECURITIES LTD","MICRO_CAP",145.11,-1.02,-1.01,23.62,34,56.7,"BULLISH",-2.11,5,8,0,NA,NA,NA,NA,NA,81841381.74,"SELL",2026-04-28
766,"NAVKARCORP","NAVKAR CORPORATION LTD.","MICRO_CAP",100.49,-0.27,-7.64,34.65,34,55.2,"BULLISH",2.12,6,6,0,NA,NA,NA,NA,NA,74674631.72,"SELL",2026-04-28
77,"INDUSTOWER","INDUS TOWERS LIMITED","MID_CAP",413.95,2.9,-0.19,-1,33.3,45.2,"BEARISH",-5.68,3,20,0,NA,NA,NA,NA,NA,4016478238.55,"SELL",2026-04-28
119,"PAYTM","ONE 97 COMMUNICATIONS LTD","MID_CAP",1129.15,-0.26,-3.23,17.74,33.3,54.1,"BULLISH",1.39,4,10,0,NA,NA,NA,NA,NA,2673657714.95,"SELL",2026-04-28
168,"RVNL","RAIL VIKAS NIGAM LIMITED","SMALL_CAP",308.63,0.88,3.27,23.63,33.3,63.4,"BEARISH",0.77,6,10,0,NA,NA,NA,NA,NA,1693484252.38,"SELL",2026-04-28
324,"CYIENT","CYIENT LIMITED","MICRO_CAP",858.5,-3.02,-10.42,14.03,33.3,43,"BEARISH",-16.64,4,8,20,61.16,65.43,56,58.41,62,649264348.7,"SELL",2026-04-28
399,"ESCORTS","ESCORTS KUBOTA LIMITED","MICRO_CAP",3308.6,1.41,-1.53,20.74,33.3,56.8,"BEARISH",-9.31,6,15,0,NA,NA,NA,NA,NA,429044415.2,"SELL",2026-04-28
569,"TENNIND","TENNIND","MICRO_CAP",566.15,0.14,-4.41,9.91,33.3,52.1,"BULLISH",1.45,4,10,0,NA,NA,NA,NA,NA,188588406.05,"SELL",2026-04-28
583,"LALPATHLAB","DR. LAL PATH LABS LTD.","MICRO_CAP",1411.7,-0.3,-1.76,7.59,33.3,52.6,"BULLISH",1.13,2,12,0,NA,NA,NA,NA,NA,171990463.6,"SELL",2026-04-28
603,"INDRAMEDCO","INDRAPRASTHA MEDICAL CORP","MICRO_CAP",401.25,-3.06,-0.82,7.76,33.3,46.7,"BULLISH",4.01,2,10,0,NA,NA,NA,NA,NA,157420941.7,"SELL",2026-04-28
628,"ASHOKA","ASHOKA BUILDCON LTD","MICRO_CAP",136.9,0.08,0.45,34.04,33.3,59.8,"BEARISH",-12.21,5,6,20,65.24,71.74,60,60.45,63,142756475.49,"SELL",2026-04-28
699,"ICIL","INDO COUNT INDUSTRIES LTD","MICRO_CAP",275.12,2.68,0.72,10.25,33.3,58.5,"BEARISH",-3.33,3,15,0,NA,NA,NA,NA,NA,99104979.59,"SELL",2026-04-28
710,"WELSPUNLIV","WELSPUN LIVING LIMITED","MICRO_CAP",131.78,-0.72,-0.6,21.66,33.3,61.4,"BEARISH",0.47,6,10,0,NA,NA,NA,NA,NA,93370926.85,"SELL",2026-04-28
5,"ETERNAL","ETERNAL LIMITED","LARGE_CAP",253.07,-0.95,-2.47,10.52,32.7,54.4,"BEARISH",-12.54,6,10,0,NA,NA,NA,NA,NA,26285968265.96,"SELL",2026-04-28
221,"TATATECH","TATA TECHNOLOGIES LIMITED","SMALL_CAP",569.8,-3.88,-2.34,11.9,32.7,50.8,"BEARISH",-5.5,4,10,0,NA,NA,NA,NA,NA,1240730908.5,"SELL",2026-04-28
281,"UNITDSPR","UNITED SPIRITS LIMITED","SMALL_CAP",1374.4,-1.24,0.84,12.77,32.7,59.7,"BEARISH",1.64,2,10,0,NA,NA,NA,NA,NA,803445737.4,"SELL",2026-04-28
388,"ROSSARI","ROSSARI BIOTECH LIMITED","MICRO_CAP",468.95,-6.99,-8.59,23.86,32.7,48.9,"BEARISH",-9.99,10,6,0,NA,NA,NA,NA,NA,480121801.7,"SELL",2026-04-28
445,"IRCON","IRCON INTERNATIONAL LTD","MICRO_CAP",153.93,-0.04,0.52,33.47,32.7,63.2,"BULLISH",0.57,6,6,0,NA,NA,NA,NA,NA,309715252.84,"SELL",2026-04-28
456,"DOMS","DOMS INDUSTRIES LIMITED","MICRO_CAP",2295.4,-1.4,-4.06,-0.13,32.7,45.7,"BULLISH",-3.43,5,8,0,NA,NA,NA,NA,NA,290280255.7,"SELL",2026-04-28
705,"SETFNIFBK","SBI-ETF NIFTY BANK","MICRO_CAP",567.14,-1.52,-3.27,9.94,32.7,48.3,"BEARISH",-4.51,2,12,0,NA,NA,NA,NA,NA,96453377.57,"SELL",2026-04-28
764,"RPEL","RAGHAV PRODUCTIVITY ENH L","MICRO_CAP",701.9,2.44,-3.2,23.92,32.7,54.4,"BEARISH",-3.81,8,8,0,NA,NA,NA,NA,NA,75004836.7,"SELL",2026-04-28
777,"INDSWFTLAB","IND SWIFT LABORATORIES LT","MICRO_CAP",139.17,3.63,-3.31,5.89,32.7,50.1,"BEARISH",5.63,4,8,0,NA,NA,NA,NA,NA,68816150.79,"SELL",2026-04-28
850,"QUESS","QUESS CORP LIMITED","MICRO_CAP",199.84,0.54,1.87,17.75,32.7,59.8,"BEARISH",-3.79,5,10,0,NA,NA,NA,NA,NA,43277536.58,"SELL",2026-04-28
901,"CANTABIL","CANTABIL RETAIL LTD","MICRO_CAP",248.14,0.66,0.91,12.28,32.7,54.9,"BEARISH",-13.74,3,10,20,60.3,66.09,56,56.59,57,27483797.99,"SELL",2026-04-28
902,"ZUARI","ZUARI AGRO CHEMICALS LTD","MICRO_CAP",245.6,-1.35,5.62,35.56,32.7,63.4,"BULLISH",2.79,6,6,0,NA,NA,NA,NA,NA,27258284.98,"SELL",2026-04-28
906,"HIKAL","HIKAL LIMITED","MICRO_CAP",187.72,-0.76,0.06,27.63,32.7,56.2,"BEARISH",3.36,6,8,0,NA,NA,NA,NA,NA,26839144.43,"SELL",2026-04-28
927,"RELTD","RAVINDRA ENERGY LIMITED","MICRO_CAP",149.13,-0.51,2.59,24.53,32.7,60.9,"BEARISH",1.75,4,8,0,NA,NA,NA,NA,NA,20648195.77,"SELL",2026-04-28
40,"UNIONBANK","UNION BANK OF INDIA","LARGE_CAP",170.48,-3.19,-10.92,3.82,32,39.8,"BULLISH",-0.74,3,6,0,NA,NA,NA,NA,NA,6425773025.18,"SELL",2026-04-28
169,"INDIANB","INDIAN BANK","SMALL_CAP",896.1,-1.81,-2.71,5.96,32,45.1,"BULLISH",3.06,1,10,0,NA,NA,NA,NA,NA,1670660837.5,"SELL",2026-04-28
238,"SHAKTIPUMP","SHAKTI PUMPS (I) LTD","SMALL_CAP",569.2,0.73,1.55,23.75,32,60.2,"BEARISH",-9.2,6,13,0,NA,NA,NA,NA,NA,1068894928,"SELL",2026-04-28
533,"MGL","MAHANAGAR GAS LTD.","MICRO_CAP",1133,-0.77,-0.35,22.13,32,64.4,"BEARISH",0.68,6,8,0,NA,NA,NA,NA,NA,218689432.3,"SELL",2026-04-28
565,"PWL","PWL","MICRO_CAP",106.32,-0.92,-2.72,21.79,32,60.9,"BULLISH",2.54,6,6,0,NA,NA,NA,NA,NA,190507194.37,"SELL",2026-04-28
630,"SAMHI","SAMHI HOTELS LIMITED","MICRO_CAP",159.58,-2.65,-3.23,24.53,32,53.4,"BEARISH",-1.13,5,8,0,NA,NA,NA,NA,NA,141641731.4,"SELL",2026-04-28
652,"JSLL","JEENA SIKHO LIFECARE LTD","MICRO_CAP",674.95,-1.21,-0.16,25.06,32,55.9,"BULLISH",-4.44,5,8,0,NA,NA,NA,NA,NA,125052339,"SELL",2026-04-28
704,"EIHOTEL","EIH LIMITED","MICRO_CAP",326.2,-0.75,-3.97,19.25,32,55,"BEARISH",-1.69,3,10,0,NA,NA,NA,NA,NA,96461540.35,"SELL",2026-04-28
895,"CRIZAC","CRIZAC LIMITED","MICRO_CAP",215.13,-0.18,-6.78,21.6,32,49.3,"BEARISH",-8.97,5,8,15,51.35,49.35,47.5,55.95,57,28478916.52,"SELL",2026-04-28
520,"SUDARSCHEM","SUDARSHAN CHEMICAL INDS L","MICRO_CAP",903.35,2.14,6.08,20.83,31.3,59.8,"BEARISH",-3.19,5,18,0,NA,NA,NA,NA,NA,230788340.4,"SELL",2026-04-28
640,"RCF","RASHTRIYA CHEMICALS & FER","MICRO_CAP",130.26,-0.41,-0.42,22.11,31.3,57,"BULLISH",-0.62,5,10,0,NA,NA,NA,NA,NA,132768025.26,"SELL",2026-04-28
771,"GARUDA","GARUDA CONSTRUCT N ENG L","MICRO_CAP",174.84,1.42,0.15,31.69,31.3,56.3,"BEARISH",-3.26,5,13,0,NA,NA,NA,NA,NA,72577634.17,"SELL",2026-04-28
43,"ULTRACEMCO","ULTRATECH CEMENT LIMITED","LARGE_CAP",11817,-1.61,-1.84,9.98,30.7,52.8,"BEARISH",-5.1,4,10,0,NA,NA,NA,NA,NA,6053772840,"SELL",2026-04-28
90,"GOLDBEES","NIP IND ETF GOLD BEES","MID_CAP",122.68,-1.26,-2.03,1.23,30.7,45.9,"BULLISH",-0.25,1,10,0,NA,NA,NA,NA,NA,3461364449.63,"SELL",2026-04-28
444,"MANINFRA","MAN INFRA LTD","MICRO_CAP",116.34,-0.11,15.62,48.32,30.7,74.2,"BEARISH",-2.19,6,4,0,NA,NA,NA,NA,NA,310357431.77,"SELL",2026-04-28
500,"SENCO","SENCO GOLD LIMITED","MICRO_CAP",317.55,-1.7,-4.6,13.88,30.7,50.6,"BULLISH",-6.99,3,10,0,NA,NA,NA,NA,NA,246753573.05,"SELL",2026-04-28
594,"GOLDETF","MIRAEAMC - MAGOLDETF","MICRO_CAP",144.21,-1.1,-1.99,1.81,30.7,45.7,"BULLISH",-0.07,1,10,0,NA,NA,NA,NA,NA,162430832.37,"SELL",2026-04-28
670,"VMART","VMART RETAIL LTD","MICRO_CAP",629.25,-1.33,-2.49,31.86,30.7,59.8,"BULLISH",0,6,6,0,NA,NA,NA,NA,NA,114121963.25,"SELL",2026-04-28
733,"SILVERTUC","SILVER TOUCH TECHNO LTD","MICRO_CAP",153.54,5,18.59,47.92,30.7,30,"BEARISH",-84.26,10,12,0,NA,NA,NA,NA,NA,84889843.68,"SELL",2026-04-28
768,"KRYSTAL","KRYSTAL INTEGRATED SER L","MICRO_CAP",596.7,0.09,2.41,17.66,30.7,59.5,"BULLISH",-3.44,5,10,0,NA,NA,NA,NA,NA,73461611.65,"SELL",2026-04-28
778,"GARFIBRES","GARWARE TECH FIBRES LTD","MICRO_CAP",616.5,-2.36,-5.93,1.69,30.7,45.5,"BEARISH",-6.75,4,12,0,NA,NA,NA,NA,NA,68771571.95,"SELL",2026-04-28
781,"RAJRATAN","RAJRATAN GLOBAL WIRE LTD","MICRO_CAP",439.5,0.47,0.13,33.24,30.7,62.7,"BEARISH",-6.1,6,11,0,NA,NA,NA,NA,NA,67934466.75,"SELL",2026-04-28
862,"MARKOLINES","MARKOLINES","MICRO_CAP",152.91,-0.14,1.19,7.72,30.7,53.5,"BULLISH",-0.65,1,12,0,NA,NA,NA,NA,NA,38761207.87,"SELL",2026-04-28
897,"SSWL","STEEL STRIPS WHEELS LTD.","MICRO_CAP",208.31,-0.95,-4.18,22.23,30.7,53.7,"STRONG_BULLISH",-4.49,5,8,0,NA,NA,NA,NA,NA,28287730.74,"SELL",2026-04-28
18,"SBIN","STATE BANK OF INDIA","LARGE_CAP",1091.3,-1.85,-1.85,11.43,30,52.6,"BULLISH",-0.46,1,12,0,NA,NA,NA,NA,NA,11774270966.6,"SELL",2026-04-28
243,"MAXHEALTH","MAX HEALTHCARE INS LTD","SMALL_CAP",1004.75,-0.51,-1.52,4.41,30,54.4,"BEARISH",2.52,2,12,0,NA,NA,NA,NA,NA,1044463115.05,"SELL",2026-04-28
389,"TIMETECHNO","TIME TECHNOPLAST LTD.","MICRO_CAP",184.88,-0.96,-3.21,16.7,30,52.8,"BULLISH",-3.36,3,8,0,NA,NA,NA,NA,NA,477646822.94,"SELL",2026-04-28
529,"GRAVITA","GRAVITA INDIA LIMITED","MICRO_CAP",1625,0.74,-1.13,23.28,30,59.7,"BEARISH",-0.31,5,8,0,NA,NA,NA,NA,NA,221410809.5,"SELL",2026-04-28
555,"MAHLIFE","MAHINDRA LIFESPACE DEVLTD","MICRO_CAP",339.95,3.91,4.94,15.53,30,53.3,"STRONG_BEARISH",-8.02,4,18,0,NA,NA,NA,NA,NA,201343472.2,"SELL",2026-04-28
633,"GODREJIND","GODREJ INDUSTRIES LTD","MICRO_CAP",989.1,-0.82,6.57,32.06,30,66.7,"BEARISH",-0.65,5,8,0,NA,NA,NA,NA,NA,140015425.1,"SELL",2026-04-28
712,"PARAGMILK","PARAG MILK FOODS LTD.","MICRO_CAP",230.21,-0.44,4.52,27.99,30,60.9,"BULLISH",-0.81,5,8,0,NA,NA,NA,NA,NA,93110423.18,"SELL",2026-04-28
719,"GSFC","GUJ STATE FERT & CHEM LTD","MICRO_CAP",173.55,-0.77,-0.74,24.66,30,60.7,"BEARISH",-0.53,5,8,0,NA,NA,NA,NA,NA,91280789.8,"SELL",2026-04-28
843,"BAJAJHCARE","BAJAJ HEALTHCARE LIMITED","MICRO_CAP",324.5,-2.2,-1.23,11.86,30,48.4,"BULLISH",-10.47,1,8,15,52.34,53.04,47,56.36,54,44609301.5,"SELL",2026-04-28
888,"SHANTIGOLD","SHANTI GOLD INTERNATION L","MICRO_CAP",204.44,-1.04,-1.75,30.52,30,58.9,"BEARISH",-0.96,5,8,0,NA,NA,NA,NA,NA,30332191.87,"SELL",2026-04-28
929,"UDS","UPDATER SERVICES LIMITED","MICRO_CAP",160.18,-1.12,0.9,25.66,30,57.4,"BULLISH",-0.75,5,8,0,NA,NA,NA,NA,NA,18945500.09,"SELL",2026-04-28
131,"SAMMAANCAP","SAMMAAN CAPITAL LIMITED","MID_CAP",143.36,-0.03,-3.68,-4.12,29.3,42.6,"BEARISH",1.53,2,4,0,NA,NA,NA,NA,NA,2439673197.78,"SELL",2026-04-28
322,"JWL","JUPITER WAGONS LIMITED","MICRO_CAP",291.1,0.11,3.52,22.26,29.3,59.6,"BEARISH",-2.57,5,10,0,NA,NA,NA,NA,NA,662940103.62,"SELL",2026-04-28
507,"DABUR","DABUR INDIA LTD","MICRO_CAP",450.15,-0.41,-0.41,9.67,29.3,52.4,"BEARISH",-9.22,1,12,15,51.29,50.22,47,54.77,56.67,240539827.5,"SELL",2026-04-28
586,"LIQUID","MIRAEAMC - LIQUID","MICRO_CAP",999.99,0,0,0,29.3,48.1,"STRONG_BULLISH",4.16,1,6,0,NA,NA,NA,NA,NA,168379032.75,"SELL",2026-04-28
597,"HOMEFIRST","HOME FIRST FIN CO IND LTD","MICRO_CAP",1123.6,-2.49,-4.6,24.18,29.3,57.2,"BEARISH",-0.49,5,8,0,NA,NA,NA,NA,NA,161391809.5,"SELL",2026-04-28
608,"SOBHA","SOBHA LIMITED","MICRO_CAP",1435.8,0.36,4.79,20.92,29.3,67.2,"BEARISH",-2.22,5,10,0,NA,NA,NA,NA,NA,153075860,"SELL",2026-04-28
744,"BECTORFOOD","MRS BECTORS FOOD SPE LTD","MICRO_CAP",196.82,-1.24,-4.63,9.92,29.3,49.2,"BEARISH",-8.97,3,8,15,54.89,49.57,55,57.05,66,80665788.38,"SELL",2026-04-28
122,"TMPV","TMPV","MID_CAP",350.8,-1,-1.43,18.43,28.7,55.3,"BEARISH",-3.37,5,10,0,NA,NA,NA,NA,NA,2554485271.7,"SELL",2026-04-28
159,"APLAPOLLO","APL APOLLO TUBES LTD","SMALL_CAP",1976,-0.59,-6.2,2.01,28.7,44.8,"BULLISH",-7.57,1,10,0,10,10,10,10,10,1886293664.2,"SELL",2026-04-28
187,"CHOLAFIN","CHOLAMANDALAM IN & FIN CO","SMALL_CAP",1536.4,-1.56,-3.32,13.41,28.7,49.7,"BEARISH",-6.84,1,10,15,54.41,50.65,51,57.47,66,1491670819.3,"SELL",2026-04-28
329,"COROMANDEL","COROMANDEL INTERNTL. LTD","MICRO_CAP",2010.7,-1,-2.18,5.28,28.7,46.3,"BEARISH",-7.21,0,10,15,54.33,51.3,51,55.77,66,635163772.7,"SELL",2026-04-28
632,"BSOFT","BIRLASOFT LIMITED","MICRO_CAP",371,-0.23,-5.93,11.56,28.7,48.3,"BEARISH",-16.14,3,10,15,55.22,53.91,51,57.27,63,140541141.45,"SELL",2026-04-28
831,"PNCINFRA","PNC INFRATECH LTD.","MICRO_CAP",220.5,1.15,5.71,37.34,28.7,66.9,"BEARISH",-0.78,5,6,0,NA,NA,NA,NA,NA,48113735.22,"SELL",2026-04-28
835,"FINPIPE","FINOLEX INDUSTRIES LTD","MICRO_CAP",175.73,0.21,0.37,17.19,28.7,55.5,"BEARISH",2.34,4,8,0,NA,NA,NA,NA,NA,47141653.27,"SELL",2026-04-28
879,"TIRUMALCHM","THIRUMALAI CHEMICALS LTD","MICRO_CAP",197.93,-0.62,-0.57,19.73,28.7,57.6,"BULLISH",-1.22,5,10,0,NA,NA,NA,NA,NA,32078338.38,"SELL",2026-04-28
920,"PROSTARM","PROSTARM INFO SYSTEMS LTD","MICRO_CAP",155.74,-1.83,2.42,34.94,28.7,62.8,"BULLISH",-1.79,5,6,0,NA,NA,NA,NA,NA,22298030.05,"SELL",2026-04-28
21,"MARUTI","MARUTI SUZUKI INDIA LTD.","LARGE_CAP",12892,-2.5,-4.23,4.76,28,42.4,"BEARISH",-10.72,2,12,0,NA,NA,NA,NA,NA,10883733857,"SELL",2026-04-28
80,"SBICARD","SBI CARDS & PAY SER LTD","MID_CAP",647.45,-3.47,-4.75,1.89,28,37.7,"BEARISH",-11.31,5,12,0,NA,NA,NA,NA,NA,3814808281.35,"SELL",2026-04-28
96,"LODHA","LODHA DEVELOPERS LIMITED","MID_CAP",882.9,0.39,0.82,30.41,28,57.8,"BEARISH",-15.21,5,11,0,NA,NA,NA,NA,NA,3277379446.05,"SELL",2026-04-28
214,"INDHOTEL","THE INDIAN HOTELS CO. LTD","SMALL_CAP",652.45,0.71,-2.06,14.27,28,55.4,"BEARISH",-2.97,3,13,0,NA,NA,NA,NA,NA,1276835821.95,"SELL",2026-04-28
267,"KALYANKJIL","KALYAN JEWELLERS IND LTD","SMALL_CAP",412.65,-0.24,-0.59,9.78,28,49.7,"BULLISH",-0.74,3,10,0,NA,NA,NA,NA,NA,916719753.25,"SELL",2026-04-28
302,"GODFRYPHLP","GODFREY PHILLIPS INDIA LT","MICRO_CAP",2116.1,0.1,0.08,12.95,28,53.4,"BEARISH",0.69,2,10,0,NA,NA,NA,NA,NA,714716040.7,"SELL",2026-04-28
377,"SBISILVER","SBIAMC - SBISILVER","MICRO_CAP",229.73,-2.73,-5.41,3.71,28,45.6,"BULLISH",-3.29,2,8,0,NA,NA,NA,NA,NA,504253093.14,"SELL",2026-04-28
769,"GOLDIAM","GOLDIAM INTERNATIONAL LTD","MICRO_CAP",382.3,-1.1,-7.1,42.3,28,59.7,"BULLISH",-2.85,5,6,0,NA,NA,NA,NA,NA,73294408.6,"SELL",2026-04-28
814,"SHK","S H KELKAR AND CO. LTD.","MICRO_CAP",146.75,-1.21,-1.48,30.63,28,58,"BEARISH",-11.9,5,8,0,NA,NA,NA,NA,NA,53154072,"SELL",2026-04-28
874,"HLEGLAS","HLE GLASCOAT LIMITED","MICRO_CAP",331.3,1.11,2.89,31.99,28,60.9,"BEARISH",-11.6,5,13,0,NA,NA,NA,NA,NA,33261493.45,"SELL",2026-04-28
891,"FUSION","FUSION FINANCE LIMITED","MICRO_CAP",180.88,0.68,2.61,30.84,28,61.2,"BEARISH",-1.5,5,8,0,NA,NA,NA,NA,NA,29339893.71,"SELL",2026-04-28
35,"SILVERBEES","NIPPONAMC - NETFSILVER","LARGE_CAP",224.73,-2.6,-5.34,4,27.3,45.7,"BULLISH",-3.67,1,8,0,NA,NA,NA,NA,NA,6832351322.33,"SELL",2026-04-28
241,"ANANTRAJ","ANANT RAJ LIMITED","SMALL_CAP",493.1,-1.56,-4.14,21.54,27.3,51.2,"BEARISH",-8.65,3,8,15,51.15,49,44.17,55.3,63,1053245881.05,"SELL",2026-04-28
246,"HDFCSILVER","HDFCAMC - HDFCSILVER","SMALL_CAP",224.52,-2.69,-5.44,3.6,27.3,45.7,"BULLISH",-3.8,1,8,0,NA,NA,NA,NA,NA,1031661789.47,"SELL",2026-04-28
262,"SILVERIETF","ICICIPRAMC - ICICISILVE","SMALL_CAP",234.29,-2.55,-5.46,4.01,27.3,45.6,"BULLISH",-3.59,1,8,0,NA,NA,NA,NA,NA,948539085.19,"SELL",2026-04-28
391,"SILVER","BIRLASLAMC - SILVER","MICRO_CAP",234.4,-2.5,-5.26,4.22,27.3,45.6,"BULLISH",-3.53,1,8,0,NA,NA,NA,NA,NA,474084125.32,"SELL",2026-04-28
404,"SETFGOLD","SBI-ETF GOLD","MICRO_CAP",126.49,-1.28,-2.05,1.12,27.3,45.8,"BULLISH",-0.25,1,10,0,NA,NA,NA,NA,NA,399569959.35,"SELL",2026-04-28
544,"APOLLOTYRE","APOLLO TYRES LTD","MICRO_CAP",423.65,-1.14,-4.14,2.75,27.3,44.1,"BEARISH",-12.31,1,12,15,53.44,54.57,51,53.68,54.17,206816918.15,"SELL",2026-04-28
643,"DREDGECORP","DREDGING CORP OF INDIA","MICRO_CAP",960.5,-0.9,-2.45,24.98,27.3,55.7,"BEARISH",-2.06,5,8,0,NA,NA,NA,NA,NA,132716043.9,"SELL",2026-04-28
816,"ORIENTCEM","ORIENT CEMENT LTD.","MICRO_CAP",147.94,-0.05,1.8,20.38,27.3,58,"BEARISH",-6.87,5,10,0,NA,NA,NA,NA,NA,52875033.93,"SELL",2026-04-28
866,"BSLGOLDETF","ADITYBIRLA SL GOLD ETF-GR","MICRO_CAP",130.57,-1.17,-1.83,1.87,27.3,46.1,"BULLISH",-0.06,1,10,0,10,10,10,10,10,37078259.6,"SELL",2026-04-28
880,"GOPAL","GOPAL SNACKS LIMITED","MICRO_CAP",275.15,-2.12,-1.15,8.88,27.3,49.6,"BEARISH",-6.64,2,12,0,NA,NA,NA,NA,NA,31963507.55,"SELL",2026-04-28
905,"KANSAINER","KANSAI NEROLAC PAINTS LTD","MICRO_CAP",199.43,-0.92,-3.3,19.26,27.3,57,"BULLISH",-1.72,5,8,0,NA,NA,NA,NA,NA,26954264.83,"SELL",2026-04-28
189,"JUBLFOOD","JUBILANT FOODWORKS LTD","SMALL_CAP",482.4,-0.56,2.23,11.13,26.7,55.3,"BEARISH",-8.83,1,10,0,NA,NA,NA,NA,NA,1459397947.5,"SELL",2026-04-28
236,"PGEL","PG ELECTROPLAST LTD","SMALL_CAP",563.05,-0.26,0.16,19.82,26.7,58.4,"BEARISH",-2.28,3,8,0,NA,NA,NA,NA,NA,1075183104.45,"SELL",2026-04-28
447,"CANHLIFE","CANHLIFE","MICRO_CAP",136.32,-2.44,-5.16,-3.08,26.7,36.3,"BULLISH",-2.8,3,6,0,NA,NA,NA,NA,NA,309355378.72,"SELL",2026-04-28
470,"SAPPHIRE","SAPPHIRE FOODS INDIA LTD","MICRO_CAP",174.3,-0.93,-1.65,15.88,26.7,51.8,"BEARISH",-19.04,4,10,0,NA,NA,NA,NA,NA,280273069.36,"SELL",2026-04-28
677,"JARO","JARO","MICRO_CAP",421.55,0.78,-3.6,8.82,26.7,44.6,"BEARISH",-10.33,3,9,0,NA,NA,NA,NA,NA,110626190.85,"SELL",2026-04-28
780,"IIFLCAPS","IIFL CAPITAL SERVICES LTD","MICRO_CAP",322.54,0.77,-2.26,32.11,26.7,62.7,"BEARISH",-1.17,5,6,0,NA,NA,NA,NA,NA,68096019.46,"SELL",2026-04-28
826,"GODIGIT","GO DIGIT GENERAL INS LTD","MICRO_CAP",316.8,-1.05,-1.58,-2.72,26.7,38.9,"STRONG_BEARISH",2.74,1,12,0,NA,NA,NA,NA,NA,50946004.65,"SELL",2026-04-28
109,"FORCEMOT","FORCE MOTORS LIMITED","MID_CAP",20767,3.6,-5.06,7.02,26,45.6,"BULLISH",-7.93,0,9,0,NA,NA,NA,NA,NA,2877550195,"SELL",2026-04-28
137,"PNB","PUNJAB NATIONAL BANK","MID_CAP",111.39,-2.19,-2.38,10.77,26,47.4,"BEARISH",-5.25,2,10,0,NA,NA,NA,NA,NA,2278145513.63,"SELL",2026-04-28
195,"IRFC","INDIAN RAILWAY FIN CORP L","SMALL_CAP",105.14,-0.41,1.48,20.53,26,58.6,"BEARISH",-4.78,5,10,0,NA,NA,NA,NA,NA,1416791087.53,"SELL",2026-04-28
204,"UPL","UPL LIMITED","SMALL_CAP",645.5,0.94,-1.34,13.65,26,51.9,"BEARISH",-9.31,1,13,0,NA,NA,NA,NA,NA,1364151601.4,"SELL",2026-04-28
209,"LICI","LIFE INSURA CORP OF INDIA","SMALL_CAP",817.7,-0.22,-0.78,12.69,26,54.1,"BEARISH",-4.14,1,10,0,NA,NA,NA,NA,NA,1334354821.25,"SELL",2026-04-28
264,"KARURVYSYA","KARUR VYSYA BANK LTD","SMALL_CAP",293.65,-1.39,1.01,1.47,26,53.6,"BULLISH",-5.62,1,8,0,NA,NA,NA,NA,NA,937475988.9,"SELL",2026-04-28
275,"IRCTC","INDIAN RAIL TOUR CORP LTD","SMALL_CAP",543.85,-0.23,-3.09,9.98,26,48.6,"BEARISH",-10.36,2,12,0,NA,NA,NA,NA,NA,862261918.15,"SELL",2026-04-28
279,"CUPID","CUPID LIMITED","SMALL_CAP",111.53,-0.65,1.46,34.21,26,38.5,"BEARISH",-70.2,5,6,15,52.86,51.84,53,58.35,48,822162072.4,"SELL",2026-04-28
451,"LEMONTREE","LEMON TREE HOTELS LTD","MICRO_CAP",118.61,-1.02,-2.44,18.11,26,56.5,"BULLISH",-6.57,5,10,0,NA,NA,NA,NA,NA,302885254.05,"SELL",2026-04-28
476,"CHOICEIN","CHOICE INTERNATIONAL LTD","MICRO_CAP",677.45,-2.2,-6.67,11.04,26,46.5,"BEARISH",-9.05,1,10,15,54.36,51.52,55,55,60,274789032.55,"SELL",2026-04-28
511,"SJS","SJS ENTERPRISES LIMITED","MICRO_CAP",1628,-0.44,-3.84,4.97,26,45.2,"BEARISH",-4.91,1,10,0,NA,NA,NA,NA,NA,236286476.6,"SELL",2026-04-28
644,"EMAMILTD","EMAMI LIMITED","MICRO_CAP",454.55,-1.53,0.15,15.54,26,58.2,"BEARISH",-4.77,5,10,0,NA,NA,NA,NA,NA,132565517.8,"SELL",2026-04-28
817,"PENIND","PENNAR INDUSTRIES LTD","MICRO_CAP",170.77,-1.91,-1.05,30.44,26,58.7,"BULLISH",-3.68,5,8,0,NA,NA,NA,NA,NA,52496029.02,"SELL",2026-04-28
923,"HUHTAMAKI","HUHTAMAKI INDIA LIMITED","MICRO_CAP",177.96,-1.11,-6.21,18.72,26,50.7,"BULLISH",-2.88,3,8,0,NA,NA,NA,NA,NA,21678079.6,"SELL",2026-04-28
179,"COFORGE","COFORGE LIMITED","SMALL_CAP",1200.9,-0.12,-7.11,7.73,25.3,46.4,"BULLISH",-18.41,1,6,15,54.71,51.3,53,58.18,62,1593819498.2,"SELL",2026-04-28
265,"INOXWIND","INOX WIND LIMITED","SMALL_CAP",103.07,-0.98,3.02,36.53,25.3,65.4,"BULLISH",-3.17,5,6,0,NA,NA,NA,NA,NA,934831457.51,"SELL",2026-04-28
293,"INDIACEM","THE INDIA CEMENTS LIMITED","SMALL_CAP",419.2,-3.65,0.18,21.93,25.3,59.2,"BEARISH",-5.78,6,8,0,NA,NA,NA,NA,NA,748388366.75,"SELL",2026-04-28
314,"360ONE","360 ONE WAM LIMITED","MICRO_CAP",1038.95,-0.3,-6.26,9.41,25.3,49.6,"BEARISH",-6.46,1,10,10,44.42,50.65,47,54.55,10,671171513.5,"SELL",2026-04-28
366,"BANKBEES","NIP IND ETF BANK BEES","MICRO_CAP",571.95,-1.38,-3.23,9.8,25.3,48.6,"BEARISH",-4.5,1,12,0,10,10,10,10,10,527666970.5,"SELL",2026-04-28
385,"KFINTECH","KFIN TECHNOLOGIES LIMITED","MICRO_CAP",954.5,-0.64,-4.26,8.89,25.3,52,"BEARISH",-2.48,1,12,0,NA,NA,NA,NA,NA,485337101.8,"SELL",2026-04-28
459,"STALLION","STALLION IND FLUOROCHEM L","MICRO_CAP",160.45,-0.13,-1.23,56.58,25.3,64.4,"BULLISH",-10.44,5,6,0,NA,NA,NA,NA,NA,288268027.11,"SELL",2026-04-28
496,"RAIN","RAIN INDUSTRIES LIMITED","MICRO_CAP",131.58,0.41,0.34,23.56,25.3,58.2,"BEARISH",-16.57,5,11,0,NA,NA,NA,NA,NA,252745441.64,"SELL",2026-04-28
573,"NIFTYIETF","ICICI PRUD NIFTY ETF","MICRO_CAP",269.99,-0.51,-2.26,7.13,25.3,49.9,"BEARISH",-3.43,1,12,0,NA,NA,NA,NA,NA,186492372.43,"SELL",2026-04-28
743,"GOCOLORS","GO FASHION INDIA LTD","MICRO_CAP",311.82,1.18,7.8,25.13,25.3,60.8,"BEARISH",-12.63,6,8,0,NA,NA,NA,NA,NA,80940493.46,"SELL",2026-04-28
853,"ABLBL","ADITYA BIRLA LIFES BRAN L","MICRO_CAP",104,-1.74,-2.29,17.87,25.3,52.9,"BEARISH",-4.84,5,10,0,23.05,29.29,18,26.67,10,42506473.06,"SELL",2026-04-28
38,"SHRIRAMFIN","SHRIRAM FINANCE LIMITED","LARGE_CAP",953.25,-2.2,-8.81,9.31,24.7,42.9,"BULLISH",-4.93,0,10,0,NA,NA,NA,NA,NA,6479377168.9,"SELL",2026-04-28
47,"JIOFIN","JIO FIN SERVICES LTD","LARGE_CAP",250.81,-1.12,6.84,11.92,24.7,56.2,"BEARISH",-3.02,3,10,0,NA,NA,NA,NA,NA,5531440336.21,"SELL",2026-04-28
60,"KOTAKBANK","KOTAK MAHINDRA BANK LTD","MID_CAP",377.95,0.31,-1.1,6.95,24.7,43,"BEARISH",-7.8,1,15,0,NA,NA,NA,NA,NA,4872904209.55,"SELL",2026-04-28
83,"HINDUNILVR","HINDUSTAN UNILEVER LTD.","MID_CAP",2289.5,-1.67,-0.92,11.4,24.7,58.1,"BEARISH",-2.53,3,8,0,NA,NA,NA,NA,NA,3752042618.2,"SELL",2026-04-28
308,"UNOMINDA","UNO MINDA LIMITED","MICRO_CAP",1129.7,-0.11,-1.73,9.51,24.7,54.8,"BEARISH",-4.08,1,12,0,NA,NA,NA,NA,NA,680730989.2,"SELL",2026-04-28
461,"IKS","INVENTURUS KNOWLEDGE SO L","MICRO_CAP",1521.8,1.18,5.84,14.56,24.7,61,"BULLISH",-9.27,5,10,0,NA,NA,NA,NA,NA,287657743.4,"SELL",2026-04-28
491,"GUJGASLTD","GUJARAT GAS LIMITED","MICRO_CAP",389.45,1.68,4.06,26.75,24.7,66.4,"BEARISH",-4.46,5,8,0,NA,NA,NA,NA,NA,256282809.2,"SELL",2026-04-28
498,"GOKEX","GOKALDAS EXPORTS LTD.","MICRO_CAP",703.4,-2.92,-8.47,21.23,24.7,54.1,"BULLISH",-4.81,5,6,0,NA,NA,NA,NA,NA,248789727.05,"SELL",2026-04-28
549,"PACEDIGITK","PACEDIGITK","MICRO_CAP",180.57,-0.79,4.76,27.41,24.7,62.2,"BEARISH",-3.02,5,8,0,NA,NA,NA,NA,NA,204298117.65,"SELL",2026-04-28
656,"ROUTE","ROUTE MOBILE LIMITED","MICRO_CAP",530,-0.3,4.18,27.53,24.7,60.9,"BEARISH",-3.95,5,8,0,NA,NA,NA,NA,NA,121727880.35,"SELL",2026-04-28
659,"RAYMONDREL","RAYMOND REALTY LIMITED","MICRO_CAP",427.9,-1.98,-8.26,13.29,24.7,48.3,"BULLISH",-6.33,3,8,0,NA,NA,NA,NA,NA,119980783.7,"SELL",2026-04-28
698,"JAMNAAUTO","JAMNA AUTO IND LTD","MICRO_CAP",123.22,-1.04,-0.89,10.1,24.7,48.9,"BULLISH",-4.3,1,12,0,NA,NA,NA,NA,NA,99500145.79,"SELL",2026-04-28
802,"DENTA","DENTA WATER N INFRA SOL L","MICRO_CAP",282.2,0.41,-6.79,25.56,24.7,55.6,"BULLISH",-3.63,5,6,0,NA,NA,NA,NA,NA,57537059.98,"SELL",2026-04-28
825,"MEDIASSIST","MEDI ASSIST HEALTH SER L","MICRO_CAP",345.35,-4.34,-6.65,16.38,24.7,47.8,"BEARISH",-14.71,4,10,0,NA,NA,NA,NA,NA,51051549.55,"SELL",2026-04-28
45,"INDIGO","INTERGLOBE AVIATION LTD","LARGE_CAP",4442.4,-2.6,-5.34,12.65,24,48.1,"BEARISH",-6.28,1,10,0,NA,NA,NA,NA,NA,5638886795.9,"SELL",2026-04-28
113,"HYUNDAI","HYUNDAI MOTOR INDIA LTD","MID_CAP",1825.2,-0.67,-3.21,2.65,24,45.4,"BEARISH",-12.15,1,10,0,NA,NA,NA,NA,NA,2772971788.6,"SELL",2026-04-28
127,"MRPL","MRPL","MID_CAP",173.72,0.94,-3.84,-3.4,24,43.4,"BULLISH",-6.62,3,4,0,NA,NA,NA,NA,NA,2480915614.94,"SELL",2026-04-28
172,"IOC","INDIAN OIL CORP LTD","SMALL_CAP",145.39,-0.59,-1.3,7.38,24,47.6,"BEARISH",-14.26,1,10,0,NA,NA,NA,NA,NA,1641384286.15,"SELL",2026-04-28
226,"MUTHOOTFIN","MUTHOOT FINANCE LIMITED","SMALL_CAP",3496,0.06,-3.16,10.63,24,52,"BULLISH",-5.78,3,10,0,NA,NA,NA,NA,NA,1166753061.3,"SELL",2026-04-28
356,"PIDILITIND","PIDILITE INDUSTRIES LTD","MICRO_CAP",1392.6,-0.48,-1.08,8.37,24,53.8,"BEARISH",-1.68,1,12,0,NA,NA,NA,NA,NA,544902862.4,"SELL",2026-04-28
411,"PETRONET","PETRONET LNG LIMITED","MICRO_CAP",277.72,-0.78,-0.02,11.78,24,53.8,"BEARISH",-4.39,5,10,0,NA,NA,NA,NA,NA,391253171.95,"SELL",2026-04-28
509,"HDBFS","HDB FINANCIAL SERVICES L","MICRO_CAP",665.3,-0.72,-2.78,18.81,24,54.2,"BEARISH",-3.85,3,10,0,NA,NA,NA,NA,NA,238403476.5,"SELL",2026-04-28
592,"LIQUIDETF","DSP LIQUID ETF","MICRO_CAP",999.99,0,0,0,24,46.1,"STRONG_BEARISH",4.16,1,8,0,NA,NA,NA,NA,NA,164687431.76,"SELL",2026-04-28
645,"GSPL","GUJARAT STATE PETRO LTD","MICRO_CAP",281.77,0.11,0.77,22.7,24,63.3,"BEARISH",-5.92,5,10,0,NA,NA,NA,NA,NA,132174237.92,"SELL",2026-04-28
673,"AXISILVER","AXISAMC - AXISILVER","MICRO_CAP",233.11,-2.64,-5.44,4.29,24,45.5,"BULLISH",-3.45,1,8,0,10,10,10,10,10,112451322.61,"SELL",2026-04-28
79,"ITC","ITC LTD","MID_CAP",304.45,0.2,-1.68,5.82,23.3,50.7,"BEARISH",-1.11,1,12,0,NA,NA,NA,NA,NA,3932414488.9,"SELL",2026-04-28
188,"NAUKRI","INFO EDGE (I) LTD","SMALL_CAP",1004.6,0.37,-6.78,3.81,23.3,46.3,"BEARISH",-11.72,1,11,0,NA,NA,NA,NA,NA,1485995293.55,"SELL",2026-04-28
333,"MFSL","MAX FINANCIAL SERV LTD","MICRO_CAP",1610.8,0.49,-2.3,8.06,23.3,47.1,"BULLISH",-3.65,1,10,0,NA,NA,NA,NA,NA,622389439.9,"SELL",2026-04-28
521,"RAMCOCEM","THE RAMCO CEMENTS LIMITED","MICRO_CAP",956.8,-0.99,-4.66,3.99,23.3,42.2,"BEARISH",-13.96,2,10,0,NA,NA,NA,NA,NA,229451226.3,"SELL",2026-04-28
557,"VINCOFE","VINTAGE COFFEE N BVRGS L","MICRO_CAP",136.82,3.24,-0.87,3.45,23.3,51,"BEARISH",-2.73,1,7,0,NA,NA,NA,NA,NA,200820069.28,"SELL",2026-04-28
788,"TAJGVK","TAJ GVK HOTELS & RESORTS","MICRO_CAP",320.3,-3.52,-5.9,6.59,23.3,46,"BEARISH",-10.27,2,10,0,NA,NA,NA,NA,NA,64515785.6,"SELL",2026-04-28
7,"ICICIBANK","ICICI BANK LTD.","LARGE_CAP",1292,-1.68,-6.94,7.14,22.7,45.2,"BEARISH",-3.98,1,10,0,NA,NA,NA,NA,NA,21812894339.1,"SELL",2026-04-28
94,"HDFCLIFE","HDFC LIFE INS CO LTD","MID_CAP",590.15,-1.2,-3.92,-0.08,22.7,40.5,"BEARISH",-12.01,1,10,0,NA,NA,NA,NA,NA,3322710317.15,"SELL",2026-04-28
206,"ANGELONE","ANGEL ONE LIMITED","SMALL_CAP",319.27,0.2,-1.48,40.32,22.7,31.2,"BEARISH",-84.37,5,6,10,48.22,47.61,40.83,52.83,56,1353581411.53,"SELL",2026-04-28
328,"PRESTIGE","PRESTIGE ESTATE LTD","MICRO_CAP",1402.6,-0.18,-0.01,24.51,22.7,61.4,"BEARISH",-7.72,5,10,0,NA,NA,NA,NA,NA,636572751.4,"SELL",2026-04-28
358,"NEWGEN","NEWGEN SOFTWARE TECH LTD","MICRO_CAP",482.8,-1.78,1.18,20.01,22.7,54.3,"BEARISH",-8.64,5,10,0,NA,NA,NA,NA,NA,540348987.4,"SELL",2026-04-28
379,"ZENSARTECH","ZENSAR TECHNOLOGIES  LTD","MICRO_CAP",528.2,-3.66,-12.34,2.65,22.7,40,"BEARISH",-11.04,3,6,0,NA,NA,NA,NA,NA,501900880,"SELL",2026-04-28
472,"KEC","KEC INTL. LIMITED","MICRO_CAP",571.3,-0.84,-2.11,11.73,22.7,51.7,"BEARISH",-3.99,1,10,0,NA,NA,NA,NA,NA,279301231.6,"SELL",2026-04-28
515,"FIRSTCRY","BRAINBEES SOLUTIONS LTD","MICRO_CAP",245.58,-2.42,-2.86,17.87,22.7,53.6,"BULLISH",-9.2,3,10,0,NA,NA,NA,NA,NA,234204652.47,"SELL",2026-04-28
759,"KIRIINDUS","KIRI INDUSTRIES LIMITED","MICRO_CAP",416.25,0.46,-0.45,23.04,22.7,54.6,"BEARISH",-7.03,5,10,0,NA,NA,NA,NA,NA,76354044.65,"SELL",2026-04-28
790,"SFL","SHEELA FOAM LIMITED","MICRO_CAP",514,-2.16,-5.55,10.53,22.7,45,"BEARISH",-11.98,1,10,0,NA,NA,NA,NA,NA,62474111.75,"SELL",2026-04-28
807,"GOLDBETA","GOLDBETA","MICRO_CAP",124.9,-1.19,-1.96,1.92,22.7,45.8,"NEUTRAL",-0.17,1,10,0,NA,NA,NA,NA,NA,55453045.2,"SELL",2026-04-28
877,"GOLDADD","GOLDADD","MICRO_CAP",143.96,-1.36,-2.07,0.26,22.7,45.7,"NEUTRAL",-0.42,1,10,0,NA,NA,NA,NA,NA,32258548.62,"SELL",2026-04-28
912,"QUICKHEAL","QUICK HEAL TECH LTD","MICRO_CAP",167.62,-0.21,-1.49,33.53,22.7,55.3,"BEARISH",-7.52,5,6,0,NA,NA,NA,NA,NA,25128810.33,"SELL",2026-04-28
936,"GANDHAR","GANDHAR OIL REFINE IND L","MICRO_CAP",140.55,-1.23,-1.27,20.34,22.7,54.2,"BEARISH",-5.3,3,8,0,NA,NA,NA,NA,NA,14902034.48,"SELL",2026-04-28
62,"WIPRO","WIPRO LTD","MID_CAP",201.58,-1.69,-1.67,7.43,22,49.1,"BEARISH",-8.75,3,12,0,NA,NA,NA,NA,NA,4776729141.3,"SELL",2026-04-28
160,"HAVELLS","HAVELLS INDIA LIMITED","SMALL_CAP",1272.2,-0.15,-4.26,6.85,22,48,"BEARISH",-3.19,1,12,0,NA,NA,NA,NA,NA,1827770146.5,"SELL",2026-04-28
170,"NIFTYBEES","NIP IND ETF NIFTY BEES","SMALL_CAP",271.48,-0.38,-2.22,7.12,22,50.2,"BEARISH",-3.36,1,12,0,NA,NA,NA,NA,NA,1670385046.57,"SELL",2026-04-28
208,"DLF","DLF LIMITED","SMALL_CAP",587.9,-0.77,-3.23,16.62,22,54,"BEARISH",-8.33,5,10,0,NA,NA,NA,NA,NA,1339277283,"SELL",2026-04-28
240,"KPITTECH","KPIT TECHNOLOGIES LIMITED","SMALL_CAP",734.45,-0.12,-1.38,15.71,22,52,"BEARISH",-20.4,3,10,0,NA,NA,NA,NA,NA,1055088143.4,"SELL",2026-04-28
274,"GODREJCP","GODREJ CONSUMER PRODUCTS","SMALL_CAP",1092,0.25,-2.94,10.89,22,51.3,"BEARISH",-5.34,3,13,0,NA,NA,NA,NA,NA,882840927.15,"SELL",2026-04-28
326,"TATACAP","TATACAP","MICRO_CAP",325.8,-2.31,-2.59,6.82,22,47.9,"BEARISH",-4.05,1,12,0,NA,NA,NA,NA,NA,646437165.05,"SELL",2026-04-28
346,"CARTRADE","CARTRADE TECH LIMITED","MICRO_CAP",1663.2,-3.2,-5.92,0.8,22,40.1,"STRONG_BEARISH",-17.77,0,8,15,52.67,50.65,47,54.55,65,588387126,"SELL",2026-04-28
487,"CAMLINFINE","CAMLIN FINE SCIENCES LTD","MICRO_CAP",124.59,-2.42,20.24,28.54,22,58.6,"BEARISH",-21.4,5,2,10,49.22,48.48,47,57.27,44.17,262256681.77,"SELL",2026-04-28
575,"SIGNATURE","SIGNATUREGLOBAL INDIA LTD","MICRO_CAP",853.6,-1.51,-0.65,19.52,22,55.1,"BEARISH",-6.03,5,10,0,NA,NA,NA,NA,NA,181898196.05,"SELL",2026-04-28
602,"GPPL","GUJARAT PIPAVAV PORT LTD","MICRO_CAP",156.77,-0.53,-1.25,10.1,22,51.5,"BEARISH",-10.69,1,12,0,NA,NA,NA,NA,NA,157841678.06,"SELL",2026-04-28
688,"SETFNIF50","SBI-ETF NIFTY 50","MICRO_CAP",256.67,-0.45,-2.2,7.24,22,50.2,"BEARISH",-3.32,1,12,0,NA,NA,NA,NA,NA,102683209.19,"SELL",2026-04-28
709,"EIDPARRY","EID PARRY INDIA LTD","MICRO_CAP",845.35,-1.04,-0.68,9.01,22,50.5,"BEARISH",-5.16,1,12,0,NA,NA,NA,NA,NA,93889740.75,"SELL",2026-04-28
728,"DOLLAR","DOLLAR INDUSTRIES LIMITED","MICRO_CAP",303.95,-2.8,10.09,36.12,22,59.5,"BEARISH",-4.8,5,4,0,NA,NA,NA,NA,NA,87390490.87,"SELL",2026-04-28
820,"AUTOBEES","NIPPONAMC - NETFAUTO","MICRO_CAP",265.41,-1.01,-2.84,8.69,22,49.3,"BEARISH",-3.93,1,12,0,10,10,10,10,10,51987639.52,"SELL",2026-04-28
839,"SOLARWORLD","SOLARWORLD","MICRO_CAP",203.51,1.47,3.85,42.25,22,59.7,"BULLISH",-7.94,5,6,0,NA,NA,NA,NA,NA,46511904.88,"SELL",2026-04-28
883,"HDFCNIFTY","HDFCAMC - HDFCNIFTY","MICRO_CAP",268.77,-0.46,-2.28,7.18,22,50.3,"BEARISH",-3.23,1,12,0,NA,NA,NA,NA,NA,30836100,"SELL",2026-04-28
20,"TCS","TATA CONSULTANCY SERV LT","LARGE_CAP",2444.7,-0.12,-6.35,3.64,21.3,43,"BEARISH",-13.93,1,8,0,NA,NA,NA,NA,NA,11058422250.7,"SELL",2026-04-28
92,"HEROMOTOCO","HERO MOTOCORP LIMITED","MID_CAP",5068,0.5,-3.63,0.1,21.3,43.9,"STRONG_BEARISH",-7.75,1,11,0,NA,NA,NA,NA,NA,3382489963,"SELL",2026-04-28
181,"TVSMOTOR","TVS MOTOR COMPANY  LTD","SMALL_CAP",3495.9,-1.6,-6.84,3.93,21.3,43.2,"BULLISH",-2.92,0,8,0,NA,NA,NA,NA,NA,1569413105.9,"SELL",2026-04-28
590,"ZAGGLE","ZAGGLE PREPA OCEAN SER L","MICRO_CAP",254.89,-2.14,-2.57,35.96,21.3,55.1,"BULLISH",-10.93,5,6,0,NA,NA,NA,NA,NA,165213515.02,"SELL",2026-04-28
613,"TEXRAIL","TEXMACO RAIL & ENG. LTD.","MICRO_CAP",105.93,-1.14,2.09,34.43,21.3,58.4,"BEARISH",-6.36,5,6,0,NA,NA,NA,NA,NA,151710338.65,"SELL",2026-04-28
626,"MANYAVAR","VEDANT FASHIONS LIMITED","MICRO_CAP",439.35,-1.99,-2.55,25.17,21.3,59.7,"BULLISH",-7.23,5,6,0,NA,NA,NA,NA,NA,145692343.1,"SELL",2026-04-28
629,"WEL","WONDER ELECTRICALS LTD","MICRO_CAP",106.12,-0.08,8.75,10.61,21.3,51.2,"BEARISH",-24.06,0,6,0,NA,NA,NA,NA,NA,142683361.48,"SELL",2026-04-28
663,"SILVERBETA","SILVERBETA","MICRO_CAP",226.66,-2.66,-5.38,3.09,21.3,45.8,"NEUTRAL",-3.82,1,8,0,NA,NA,NA,NA,NA,118314206.67,"SELL",2026-04-28
740,"HUBTOWN","HUBTOWN LIMITED","MICRO_CAP",210.86,1.38,-2.65,22.57,21.3,55.4,"BEARISH",-8.49,5,8,0,NA,NA,NA,NA,NA,82866670.98,"SELL",2026-04-28
745,"MHRIL","MAHINDRA HOLIDAYS LTD","MICRO_CAP",246.17,-3.06,-8.66,8.83,21.3,38.8,"BEARISH",-16.96,2,10,0,NA,NA,NA,NA,NA,80579192.15,"SELL",2026-04-28
794,"SUNTECK","SUNTECK REALTY LIMITED","MICRO_CAP",352.2,-0.89,3.25,28.92,21.3,57.8,"BEARISH",-11.77,5,8,0,NA,NA,NA,NA,NA,61184533.65,"SELL",2026-04-28
815,"HEMIPROP","HEMISPHERE PROP IND LTD","MICRO_CAP",129.45,0.33,-1.2,15.87,21.3,51.4,"BEARISH",-4.36,1,10,0,NA,NA,NA,NA,NA,52900738.05,"SELL",2026-04-28
829,"PDSL","PDS LIMITED","MICRO_CAP",283.4,1.29,-2.54,8.31,21.3,46,"BEARISH",-13.06,1,8,0,NA,NA,NA,NA,NA,49267423,"SELL",2026-04-28
915,"AJMERA","AJMERA REALTY & INF I LTD","MICRO_CAP",126.39,0.29,1.56,26.42,21.3,49.5,"BEARISH",-12.47,5,8,0,10,10,10,10,10,24604485.8,"SELL",2026-04-28
133,"SWIGGY","SWIGGY LIMITED","MID_CAP",282.3,-1.36,-0.53,8.56,20.7,48.8,"BEARISH",-16.49,1,10,0,NA,NA,NA,NA,NA,2393883702.6,"SELL",2026-04-28
166,"HINDPETRO","HINDUSTAN PETROLEUM CORP","SMALL_CAP",380.05,-0.22,-1.13,13.31,20.7,55.1,"BEARISH",-13.44,5,10,0,NA,NA,NA,NA,NA,1741251905.3,"SELL",2026-04-28
605,"SAFARI","SAFARI IND (INDIA) LTD","MICRO_CAP",1458.8,-0.9,-7.46,1.94,20.7,37.7,"BEARISH",-27.81,3,8,0,NA,NA,NA,NA,NA,156786427.7,"SELL",2026-04-28
614,"VINATIORGA","VINATI ORGANICS LTD","MICRO_CAP",1300,0.5,1.11,-1.83,20.7,46.4,"STRONG_BEARISH",-12.9,0,13,0,NA,NA,NA,NA,NA,151270805.4,"SELL",2026-04-28
734,"SONATSOFTW","SONATA SOFTWARE LTD","MICRO_CAP",257.1,-1.08,-5.8,22.66,20.7,51.1,"BEARISH",-15.21,5,8,0,NA,NA,NA,NA,NA,84757730.1,"SELL",2026-04-28
763,"SILVERADD","DSPAMC - DSPSILVETF","MICRO_CAP",226.27,-2.62,-5.45,3.94,20.7,45.8,"BULLISH",-3.59,1,8,0,NA,NA,NA,NA,NA,76132895.38,"SELL",2026-04-28
796,"MSTCLTD","MSTC LIMITED","MICRO_CAP",443.8,-0.75,-3.25,21.31,20.7,53.4,"BEARISH",-7.29,5,8,0,NA,NA,NA,NA,NA,61022886.55,"SELL",2026-04-28
811,"SILVERAG","SILVERAG","MICRO_CAP",228.52,-2.74,-5.39,3.55,20.7,45.6,"BULLISH",-3.76,1,8,0,NA,NA,NA,NA,NA,53594409.21,"SELL",2026-04-28
892,"VAIBHAVGBL","VAIBHAV GLOBAL LIMITED","MICRO_CAP",219.83,-0.38,-0.57,25.36,20.7,54.9,"BEARISH",-7.55,5,8,0,NA,NA,NA,NA,NA,29303144.37,"SELL",2026-04-28
934,"SAKSOFT","SAKSOFT LIMITED","MICRO_CAP",142.72,-1.19,-2.66,30.11,20.7,54.9,"BEARISH",-11.36,5,8,0,NA,NA,NA,NA,NA,17039542.84,"SELL",2026-04-28
937,"ADSL","ALLIED DIGITAL SERV. LTD","MICRO_CAP",116.3,-1.16,-2.24,33.42,20.7,54.5,"BEARISH",-6.77,5,6,0,10,10,10,10,10,13976674.09,"SELL",2026-04-28
167,"IIFL","IIFL FINANCE LIMITED","SMALL_CAP",438.05,0.93,-8.05,1.77,20,43.4,"BEARISH",-12.5,3,4,0,NA,NA,NA,NA,NA,1723088853.3,"SELL",2026-04-28
310,"MPHASIS","MPHASIS LIMITED","MICRO_CAP",2270.3,0.24,-6.15,10.58,20,48.1,"BULLISH",-8.99,3,8,0,NA,NA,NA,NA,NA,679865243.3,"SELL",2026-04-28
651,"HAPPSTMNDS","HAPPIEST MINDS TECHNO LTD","MICRO_CAP",370.8,-1.36,-1.84,2.7,20,45.7,"BEARISH",-1.63,0,10,0,NA,NA,NA,NA,NA,127384492.1,"SELL",2026-04-28
861,"UGROCAP","UGRO CAPITAL LIMITED","MICRO_CAP",108.9,1.38,-3.5,33.95,20,56.4,"BEARISH",-15.3,5,6,0,NA,NA,NA,NA,NA,40124743.71,"SELL",2026-04-28
922,"ADVANCE","ADVANCE","MICRO_CAP",113.34,-1.77,-0.08,33.4,20,56.7,"BEARISH",-11.79,5,6,0,NA,NA,NA,NA,NA,21835555.43,"SELL",2026-04-28
4,"HDFCBANK","HDFC BANK LTD","LARGE_CAP",782.55,-0.92,-3.6,6.97,19.3,44.1,"BEARISH",-11.91,1,10,0,NA,NA,NA,NA,NA,27812242540.6,"SELL",2026-04-28
255,"JYOTICNC","JYOTI CNC AUTOMATION LTD","SMALL_CAP",763.5,0.37,0.59,5.77,19.3,50.9,"STRONG_BEARISH",-3.37,0,11,0,NA,NA,NA,NA,NA,1001567161.6,"SELL",2026-04-28
278,"AMBUJACEM","AMBUJA CEMENTS LTD","SMALL_CAP",458.8,-0.37,0.56,14.34,19.3,54.1,"BEARISH",-10.64,3,10,0,10,10,10,10,10,823609404.7,"SELL",2026-04-28
334,"ICICIGI","ICICI LOMBARD GIC LIMITED","MICRO_CAP",1771.8,0.07,-3.71,3.58,19.3,43.3,"BEARISH",-3.06,1,10,0,NA,NA,NA,NA,NA,621058546.8,"SELL",2026-04-28
543,"DEVYANI","DEVYANI INTERNATIONAL LTD","MICRO_CAP",112.17,0.4,0.92,18.59,19.3,55,"BEARISH",-13.81,3,10,0,NA,NA,NA,NA,NA,207545405.01,"SELL",2026-04-28
577,"ACC","ACC LIMITED","MICRO_CAP",1439.3,-0.03,0.09,14.72,19.3,52.4,"BEARISH",-10.95,3,10,0,10,10,10,10,10,177443580.2,"SELL",2026-04-28
596,"SHRINGARMS","SHRINGARMS","MICRO_CAP",203.15,-0.29,-1.08,21.73,19.3,53.8,"BEARISH",-10.77,3,10,0,NA,NA,NA,NA,NA,161656901.63,"SELL",2026-04-28
801,"KALAMANDIR","SAI SILKS (KALAMANDIR) L","MICRO_CAP",103.41,-0.78,2.75,14.54,19.3,53.3,"BEARISH",-8.9,3,10,0,NA,NA,NA,NA,NA,59909681.36,"SELL",2026-04-28
808,"FINOPB","FINO PAYMENTS BANK LTD","MICRO_CAP",133.4,-3.03,-2.95,12.94,19.3,42.5,"BEARISH",-38.84,3,6,0,NA,NA,NA,NA,NA,55187511.67,"SELL",2026-04-28
857,"PURVA","PURAVANKARA LIMITED","MICRO_CAP",215.76,-1.17,-2.44,32.32,19.3,56,"BEARISH",-11.18,5,6,0,NA,NA,NA,NA,NA,41452203.23,"SELL",2026-04-28
876,"ORIENTTECH","ORIENT TECHNOLOGIES LTD","MICRO_CAP",281.32,-1.73,-2.69,25.59,19.3,52.1,"BEARISH",-15.5,3,8,0,NA,NA,NA,NA,NA,32381261.31,"SELL",2026-04-28
918,"ECOSMOBLTY","ECOS (INDIA) MOB & HOSP L","MICRO_CAP",138.97,-1.5,-3.49,32.55,19.3,52.8,"BEARISH",-29.92,5,6,0,NA,NA,NA,NA,NA,22985382.46,"SELL",2026-04-28
925,"TBZ","TRIB BHIMJI ZAVERI LTD","MICRO_CAP",147.03,-1.77,-2.64,31.85,19.3,55.1,"BEARISH",-8.94,5,6,0,NA,NA,NA,NA,NA,21335777.65,"SELL",2026-04-28
932,"ELIN","ELIN ELECTRONICS LIMITED","MICRO_CAP",122.06,-1.64,4.1,29.01,19.3,52.8,"BEARISH",-14.93,5,8,0,NA,NA,NA,NA,NA,17956833.53,"SELL",2026-04-28
28,"M&M","MAHINDRA & MAHINDRA LTD","LARGE_CAP",3088.1,-0.46,-4.9,4.51,18.7,45.5,"BEARISH",-11.83,0,10,0,NA,NA,NA,NA,NA,8203313898.7,"SELL",2026-04-28
285,"SRF","SRF LTD","SMALL_CAP",2532.8,0.98,2.5,3.89,18.7,52.3,"BEARISH",-10.33,0,12,0,NA,NA,NA,NA,NA,772069937.3,"SELL",2026-04-28
303,"POONAWALLA","POONAWALLA FINCORP LTD","MICRO_CAP",415.9,-0.98,-1.56,12.89,18.7,51.5,"BEARISH",-10.25,3,10,0,NA,NA,NA,NA,NA,713997076.6,"SELL",2026-04-28
416,"ITCHOTELS","ITC HOTELS LIMITED","MICRO_CAP",157.94,-1.72,-4.31,14.56,18.7,49.2,"BEARISH",-11.54,3,10,0,NA,NA,NA,NA,NA,377266593.06,"SELL",2026-04-28
800,"RICOAUTO","RICO AUTO INDUSTRIES LTD","MICRO_CAP",114.52,-1.63,-1.34,13.96,18.7,49.8,"BEARISH",-5.6,1,10,0,NA,NA,NA,NA,NA,60408763.55,"SELL",2026-04-28
526,"UBL","UNITED BREWERIES LTD","MICRO_CAP",1477.2,-0.14,-1.41,-4.08,18,42,"STRONG_BEARISH",-4.64,0,12,0,NA,NA,NA,NA,NA,223748843.6,"SELL",2026-04-28
675,"SIRCA","SIRCA PAINT INDIA LIMITED","MICRO_CAP",429.55,-1.01,-3.74,7.03,18,47.6,"BEARISH",-6.39,0,12,0,NA,NA,NA,NA,NA,111737289.95,"SELL",2026-04-28
793,"GENESYS","GENESYS INTL CORPN LTD","MICRO_CAP",266.04,-2.62,2.62,28.27,18,51.8,"BEARISH",-18.83,5,6,0,NA,NA,NA,NA,NA,61781005.46,"SELL",2026-04-28
860,"HARIOMPIPE","HARIOM PIPE INDUSTRIES L","MICRO_CAP",324.2,-1.07,2.61,17.83,18,55.5,"BEARISH",-12.22,1,10,0,NA,NA,NA,NA,NA,40236949.25,"SELL",2026-04-28
518,"MINDACORP","MINDA CORPORATION LTD","MICRO_CAP",519.9,-1.31,-4.51,2.82,17.3,48,"BEARISH",-7.3,0,8,0,NA,NA,NA,NA,NA,231348987.9,"SELL",2026-04-28
567,"SWANCORP","SWANCORP","MICRO_CAP",337.35,-0.09,-2.88,12.45,17.3,49,"BEARISH",-14.81,1,10,0,NA,NA,NA,NA,NA,189738379.65,"SELL",2026-04-28
707,"LATENTVIEW","LATENT VIEW ANALYTICS LTD","MICRO_CAP",295.5,-0.29,-2.46,17.66,17.3,47.7,"BEARISH",-24.3,3,8,0,NA,NA,NA,NA,NA,96210617.35,"SELL",2026-04-28
713,"PROTEAN","PROTEAN EGOV TECHNO LTD","MICRO_CAP",536.1,-1.25,-2.32,20.09,17.3,49.6,"BEARISH",-14.36,3,8,0,NA,NA,NA,NA,NA,93089045.1,"SELL",2026-04-28
723,"KITEX","KITEX GARMENTS LTD","MICRO_CAP",164.35,-0.94,-4.54,15.54,17.3,48,"BEARISH",-14.23,1,10,0,NA,NA,NA,NA,NA,89915529.75,"SELL",2026-04-28
840,"TARC","TARC LIMITED","MICRO_CAP",134.38,-2.49,-2.39,20.42,17.3,53,"BEARISH",-10.38,3,8,0,NA,NA,NA,NA,NA,46356097.54,"SELL",2026-04-28
859,"EFCIL","EFC (I) LIMITED","MICRO_CAP",199.94,-2.28,0.43,11.74,17.3,46.8,"BEARISH",-21.49,1,10,0,NA,NA,NA,NA,NA,40515336,"SELL",2026-04-28
111,"TECHM","TECH MAHINDRA LIMITED","MID_CAP",1408.1,0.86,-6.18,1.74,16.7,45.7,"BULLISH",-10.22,0,9,0,NA,NA,NA,NA,NA,2820093920.3,"SELL",2026-04-28
566,"ERIS","ERIS LIFESCIENCES LIMITED","MICRO_CAP",1327.6,-2.25,-3.52,2.34,16.7,43.7,"BULLISH",-5.24,1,6,0,NA,NA,NA,NA,NA,190011045.8,"SELL",2026-04-28
242,"M&MFIN","M&M FIN. SERVICES LTD","SMALL_CAP",312.65,-1.59,2.06,9.28,16,52,"BEARISH",-16.24,0,8,0,NA,NA,NA,NA,NA,1046223265.8,"SELL",2026-04-28
297,"REDINGTON","REDINGTON LIMITED","SMALL_CAP",214.97,-1.85,-5.41,7.51,16,43,"BEARISH",-16.31,1,10,0,NA,NA,NA,NA,NA,739545538.72,"SELL",2026-04-28
595,"YATRA","YATRA ONLINE LIMITED","MICRO_CAP",109.26,-4.94,-8.88,20.89,16,46.3,"BEARISH",-22.14,3,6,0,NA,NA,NA,NA,NA,161869135.18,"SELL",2026-04-28
717,"JUSTDIAL","JUSTDIAL LTD.","MICRO_CAP",533.2,-0.64,-3.21,8.66,16,45.3,"BEARISH",-19.25,1,10,0,NA,NA,NA,NA,NA,91855613.75,"SELL",2026-04-28
870,"RSYSTEMS","R SYS INTERNATIONAL LTD","MICRO_CAP",267.83,-1.34,-5.35,14.58,16,46.5,"BEARISH",-18.32,1,10,0,NA,NA,NA,NA,NA,35948532.08,"SELL",2026-04-28
931,"STANLEY","STANLEY LIFESTYLES LTD","MICRO_CAP",141.53,-1.58,-1.73,14.41,16,49,"BEARISH",-22.89,1,8,0,NA,NA,NA,NA,NA,17963877.42,"SELL",2026-04-28
125,"TMCV","TMCV","MID_CAP",418.3,-0.58,-5.48,5.95,15.3,44.7,"NEUTRAL",-7.32,0,10,0,NA,NA,NA,NA,NA,2508091012.8,"SELL",2026-04-28
443,"JKTYRE","JK TYRE & INDUSTRIES LTD","MICRO_CAP",400.45,-1.09,-5.57,5.13,15.3,41.5,"BEARISH",-25.79,0,10,0,NA,NA,NA,NA,NA,312723161.8,"SELL",2026-04-28
765,"NUVOCO","NUVOCO VISTAS CORP LTD","MICRO_CAP",292.7,-0.96,-3.97,4.13,15.3,42.4,"BEARISH",-11.8,0,10,0,NA,NA,NA,NA,NA,74690027.2,"SELL",2026-04-28
381,"PATANJALI","PATANJALI FOODS LIMITED","MICRO_CAP",463.85,-0.57,-0.91,0.89,14.7,43.7,"STRONG_BEARISH",-6.9,0,10,0,NA,NA,NA,NA,NA,501333884.9,"SELL",2026-04-28
679,"VIPIND","VIP INDUSTRIES LTD","MICRO_CAP",294.6,-1.8,-7.79,-2.53,14.7,32.4,"STRONG_BEARISH",-22.38,1,4,0,NA,NA,NA,NA,NA,109363321.95,"SELL",2026-04-28
680,"IXIGO","LE TRAVENUES TECHNOLOGY L","MICRO_CAP",169.34,-0.15,-7.4,-3.2,14,45.5,"BEARISH",-18.11,0,8,0,NA,NA,NA,NA,NA,108600336.51,"SELL",2026-04-28
751,"HEXT","HEXAWARE TECHNOLOGIES LTD","MICRO_CAP",453.85,0.67,-7.46,6.79,13.3,44.5,"BEARISH",-18.39,1,6,0,NA,NA,NA,NA,NA,78251443.3,"SELL",2026-04-28
319,"ICICIPRULI","ICICI PRU LIFE INS CO LTD","MICRO_CAP",520.55,0.18,-5.37,2.16,12.7,36,"BEARISH",-14.88,0,9,0,NA,NA,NA,NA,NA,665246535.75,"SELL",2026-04-28
637,"UTIAMC","UTI ASSET MNGMT CO LTD","MICRO_CAP",962.5,-1.28,-9.66,2.68,12.7,46.5,"BEARISH",-7.42,0,6,0,NA,NA,NA,NA,NA,136425741.2,"SELL",2026-04-28
117,"SBILIFE","SBI LIFE INSURANCE CO LTD","MID_CAP",1808.3,-0.39,-5.4,1.74,12,39.8,"BEARISH",-6.24,0,6,0,NA,NA,NA,NA,NA,2698594548.8,"SELL",2026-04-28
748,"ABCOTS","A B COTSPIN INDIA LIMITED","MICRO_CAP",239.05,-3.88,-40.36,-40.62,12,9.1,"STRONG_BEARISH",-41.16,5,0,0,NA,NA,NA,NA,NA,79190297.35,"SELL",2026-04-28
899,"RGL","RENAISSANCE GLOBAL LTD","MICRO_CAP",100.28,-3.06,-4.49,3.08,12,43.5,"BEARISH",-16.15,1,4,0,NA,NA,NA,NA,NA,27870031.62,"SELL",2026-04-28
481,"FSL","FIRSTSOURCE SOLU. LTD.","MICRO_CAP",212.03,-0.99,-8.2,3.74,11.3,42.5,"BEARISH",-23.49,0,4,0,NA,NA,NA,NA,NA,269788773.2,"SELL",2026-04-28
203,"TATAELXSI","TATA ELXSI LIMITED","SMALL_CAP",4131.6,-1.36,-11.16,3.9,10.7,38.8,"BEARISH",-19.06,0,6,0,NA,NA,NA,NA,NA,1368401700.1,"SELL",2026-04-28
87,"PERSISTENT","PERSISTENT SYSTEMS LTD","MID_CAP",4803.5,-0.29,-9.88,-1.51,9.3,36.9,"BEARISH",-14.04,0,4,0,NA,NA,NA,NA,NA,3641509333.5,"SELL",2026-04-28
29,"HCLTECH","HCL TECHNOLOGIES LTD","LARGE_CAP",1196,-2.62,-17.01,-10.85,8.7,27.9,"STRONG_BEARISH",-19.81,1,4,0,NA,NA,NA,NA,NA,7989144451.3,"SELL",2026-04-28
548,"ECLERX","ECLERX SERVICES LTD","MICRO_CAP",1449.1,-2.04,-7.35,4.46,8,30.8,"BEARISH",-59.48,0,2,0,NA,NA,NA,NA,NA,204635591.4,"SELL",2026-04-28
678,"V2RETAIL","V2 RETAIL LIMITED","MICRO_CAP",203.88,-0.91,3.18,7.82,8,13.6,"BEARISH",-85.46,1,2,0,NA,NA,NA,NA,NA,109722777.9,"SELL",2026-04-28
14,"INFY","INFOSYS LIMITED","LARGE_CAP",1152.1,-1.56,-12.27,-7.88,4.7,29.2,"STRONG_BEARISH",-18.92,0,4,0,NA,NA,NA,NA,NA,14697131325.4,"SELL",2026-04-28
